ISO-10303-21;
HEADER;
/* Generated by software containing ST-Developer
 * from STEP Tools, Inc. (www.steptools.com) 
 */

FILE_DESCRIPTION(
/* description */ (''),
/* implementation_level */ '2;1');

FILE_NAME(
/* name */ 'DS1073-01-2x8-MR2T6.step',
/* time_stamp */ '2023-11-26T02:05:08+03:00',
/* author */ (''),
/* organization */ (''),
/* preprocessor_version */ 'ST-DEVELOPER v20',
/* originating_system */ 'Autodesk Translation Framework v12.14.0.127',

/* authorisation */ '');

FILE_SCHEMA (('AUTOMOTIVE_DESIGN { 1 0 10303 214 3 1 1 }'));
ENDSEC;

DATA;
#10=MECHANICAL_DESIGN_GEOMETRIC_PRESENTATION_REPRESENTATION('',(#13,#14,
#15,#16,#17,#18,#19,#20,#21,#22,#23,#24,#25,#26,#27,#28,#29),#12948);
#11=SHAPE_REPRESENTATION_RELATIONSHIP('SRR','None',#12955,#12);
#12=ADVANCED_BREP_SHAPE_REPRESENTATION('',(#30,#31,#32,#33,#34,#35,#36,
#37,#38,#39,#40,#41,#42,#43,#44,#45,#46),#12947);
#13=STYLED_ITEM('',(#12965),#30);
#14=STYLED_ITEM('',(#12966),#31);
#15=STYLED_ITEM('',(#12966),#32);
#16=STYLED_ITEM('',(#12966),#33);
#17=STYLED_ITEM('',(#12966),#34);
#18=STYLED_ITEM('',(#12966),#35);
#19=STYLED_ITEM('',(#12966),#36);
#20=STYLED_ITEM('',(#12966),#37);
#21=STYLED_ITEM('',(#12966),#38);
#22=STYLED_ITEM('',(#12966),#39);
#23=STYLED_ITEM('',(#12966),#40);
#24=STYLED_ITEM('',(#12966),#41);
#25=STYLED_ITEM('',(#12966),#42);
#26=STYLED_ITEM('',(#12966),#43);
#27=STYLED_ITEM('',(#12966),#44);
#28=STYLED_ITEM('',(#12966),#45);
#29=STYLED_ITEM('',(#12966),#46);
#30=MANIFOLD_SOLID_BREP('Body1',#8058);
#31=MANIFOLD_SOLID_BREP('Body2',#8059);
#32=MANIFOLD_SOLID_BREP('Body3',#8060);
#33=MANIFOLD_SOLID_BREP('Body4',#8061);
#34=MANIFOLD_SOLID_BREP('Body5',#8062);
#35=MANIFOLD_SOLID_BREP('Body6',#8063);
#36=MANIFOLD_SOLID_BREP('Body7',#8064);
#37=MANIFOLD_SOLID_BREP('Body8',#8065);
#38=MANIFOLD_SOLID_BREP('Body9',#8066);
#39=MANIFOLD_SOLID_BREP('Body10',#8067);
#40=MANIFOLD_SOLID_BREP('Body11',#8068);
#41=MANIFOLD_SOLID_BREP('Body12',#8069);
#42=MANIFOLD_SOLID_BREP('Body13',#8070);
#43=MANIFOLD_SOLID_BREP('Body14',#8071);
#44=MANIFOLD_SOLID_BREP('Body15',#8072);
#45=MANIFOLD_SOLID_BREP('Body16',#8073);
#46=MANIFOLD_SOLID_BREP('Body17',#8074);
#47=CONICAL_SURFACE('',#8101,1.44999998882413,0.442374232584959);
#48=CONICAL_SURFACE('',#8112,1.44999998882413,0.442374232584959);
#49=CONICAL_SURFACE('',#8121,1.44999998882413,0.442374232584959);
#50=CONICAL_SURFACE('',#8128,1.44999998882413,0.442374232584959);
#51=(
BOUNDED_CURVE()
B_SPLINE_CURVE(2,(#11012,#11013,#11014),.UNSPECIFIED.,.F.,.F.)
B_SPLINE_CURVE_WITH_KNOTS((3,3),(0.,0.213203319959219),.UNSPECIFIED.)
CURVE()
GEOMETRIC_REPRESENTATION_ITEM()
RATIONAL_B_SPLINE_CURVE((1.,1.06070657413137,1.))
REPRESENTATION_ITEM('')
);
#52=(
BOUNDED_CURVE()
B_SPLINE_CURVE(2,(#11018,#11019,#11020),.UNSPECIFIED.,.F.,.F.)
B_SPLINE_CURVE_WITH_KNOTS((3,3),(0.,0.213203319959219),.UNSPECIFIED.)
CURVE()
GEOMETRIC_REPRESENTATION_ITEM()
RATIONAL_B_SPLINE_CURVE((1.,1.06070657413122,1.))
REPRESENTATION_ITEM('')
);
#53=(
BOUNDED_CURVE()
B_SPLINE_CURVE(2,(#11055,#11056,#11057),.UNSPECIFIED.,.F.,.F.)
B_SPLINE_CURVE_WITH_KNOTS((3,3),(0.,0.213203319959219),.UNSPECIFIED.)
CURVE()
GEOMETRIC_REPRESENTATION_ITEM()
RATIONAL_B_SPLINE_CURVE((1.,1.06070657413137,1.))
REPRESENTATION_ITEM('')
);
#54=(
BOUNDED_CURVE()
B_SPLINE_CURVE(2,(#11060,#11061,#11062),.UNSPECIFIED.,.F.,.F.)
B_SPLINE_CURVE_WITH_KNOTS((3,3),(0.,0.213203319959219),.UNSPECIFIED.)
CURVE()
GEOMETRIC_REPRESENTATION_ITEM()
RATIONAL_B_SPLINE_CURVE((1.,1.06070657413122,1.))
REPRESENTATION_ITEM('')
);
#55=(
BOUNDED_CURVE()
B_SPLINE_CURVE(2,(#11084,#11085,#11086),.UNSPECIFIED.,.F.,.F.)
B_SPLINE_CURVE_WITH_KNOTS((3,3),(0.,0.213203319959219),.UNSPECIFIED.)
CURVE()
GEOMETRIC_REPRESENTATION_ITEM()
RATIONAL_B_SPLINE_CURVE((1.,1.06070657413137,1.))
REPRESENTATION_ITEM('')
);
#56=(
BOUNDED_CURVE()
B_SPLINE_CURVE(2,(#11088,#11089,#11090),.UNSPECIFIED.,.F.,.F.)
B_SPLINE_CURVE_WITH_KNOTS((3,3),(0.,0.213203319959219),.UNSPECIFIED.)
CURVE()
GEOMETRIC_REPRESENTATION_ITEM()
RATIONAL_B_SPLINE_CURVE((1.,1.06070657413122,1.))
REPRESENTATION_ITEM('')
);
#57=(
BOUNDED_CURVE()
B_SPLINE_CURVE(2,(#11099,#11100,#11101),.UNSPECIFIED.,.F.,.F.)
B_SPLINE_CURVE_WITH_KNOTS((3,3),(0.,0.213203319959219),.UNSPECIFIED.)
CURVE()
GEOMETRIC_REPRESENTATION_ITEM()
RATIONAL_B_SPLINE_CURVE((1.,1.06070657413137,1.))
REPRESENTATION_ITEM('')
);
#58=(
BOUNDED_CURVE()
B_SPLINE_CURVE(2,(#11113,#11114,#11115),.UNSPECIFIED.,.F.,.F.)
B_SPLINE_CURVE_WITH_KNOTS((3,3),(0.,0.213203319959219),.UNSPECIFIED.)
CURVE()
GEOMETRIC_REPRESENTATION_ITEM()
RATIONAL_B_SPLINE_CURVE((1.,1.06070657413122,1.))
REPRESENTATION_ITEM('')
);
#59=FACE_BOUND('',#1002,.T.);
#60=FACE_BOUND('',#1003,.T.);
#61=FACE_BOUND('',#1004,.T.);
#62=FACE_BOUND('',#1005,.T.);
#63=FACE_BOUND('',#1006,.T.);
#64=FACE_BOUND('',#1007,.T.);
#65=FACE_BOUND('',#1008,.T.);
#66=FACE_BOUND('',#1009,.T.);
#67=FACE_BOUND('',#1010,.T.);
#68=FACE_BOUND('',#1011,.T.);
#69=FACE_BOUND('',#1012,.T.);
#70=FACE_BOUND('',#1013,.T.);
#71=FACE_BOUND('',#1014,.T.);
#72=FACE_BOUND('',#1015,.T.);
#73=FACE_BOUND('',#1016,.T.);
#74=FACE_BOUND('',#1017,.T.);
#75=FACE_BOUND('',#1020,.T.);
#76=FACE_BOUND('',#1021,.T.);
#77=FACE_BOUND('',#1022,.T.);
#78=FACE_BOUND('',#1023,.T.);
#79=FACE_BOUND('',#1024,.T.);
#80=FACE_BOUND('',#1025,.T.);
#81=FACE_BOUND('',#1026,.T.);
#82=FACE_BOUND('',#1027,.T.);
#83=FACE_BOUND('',#1028,.T.);
#84=FACE_BOUND('',#1029,.T.);
#85=FACE_BOUND('',#1030,.T.);
#86=FACE_BOUND('',#1031,.T.);
#87=FACE_BOUND('',#1032,.T.);
#88=FACE_BOUND('',#1033,.T.);
#89=FACE_BOUND('',#1034,.T.);
#90=FACE_BOUND('',#1035,.T.);
#91=FACE_BOUND('',#1131,.T.);
#92=FACE_BOUND('',#1137,.T.);
#93=FACE_BOUND('',#1143,.T.);
#94=FACE_BOUND('',#1149,.T.);
#95=FACE_BOUND('',#1155,.T.);
#96=FACE_BOUND('',#1161,.T.);
#97=FACE_BOUND('',#1167,.T.);
#98=FACE_BOUND('',#1173,.T.);
#99=FACE_BOUND('',#1179,.T.);
#100=FACE_BOUND('',#1185,.T.);
#101=FACE_BOUND('',#1191,.T.);
#102=FACE_BOUND('',#1197,.T.);
#103=FACE_BOUND('',#1203,.T.);
#104=FACE_BOUND('',#1209,.T.);
#105=FACE_BOUND('',#1215,.T.);
#106=FACE_BOUND('',#1221,.T.);
#107=FACE_BOUND('',#1228,.T.);
#108=FACE_BOUND('',#1229,.T.);
#109=FACE_BOUND('',#1230,.T.);
#110=FACE_BOUND('',#1231,.T.);
#111=PLANE('',#8091);
#112=PLANE('',#8092);
#113=PLANE('',#8096);
#114=PLANE('',#8097);
#115=PLANE('',#8098);
#116=PLANE('',#8099);
#117=PLANE('',#8106);
#118=PLANE('',#8110);
#119=PLANE('',#8114);
#120=PLANE('',#8115);
#121=PLANE('',#8119);
#122=PLANE('',#8123);
#123=PLANE('',#8124);
#124=PLANE('',#8125);
#125=PLANE('',#8126);
#126=PLANE('',#8133);
#127=PLANE('',#8134);
#128=PLANE('',#8135);
#129=PLANE('',#8136);
#130=PLANE('',#8137);
#131=PLANE('',#8138);
#132=PLANE('',#8139);
#133=PLANE('',#8140);
#134=PLANE('',#8141);
#135=PLANE('',#8142);
#136=PLANE('',#8143);
#137=PLANE('',#8144);
#138=PLANE('',#8145);
#139=PLANE('',#8146);
#140=PLANE('',#8147);
#141=PLANE('',#8148);
#142=PLANE('',#8149);
#143=PLANE('',#8150);
#144=PLANE('',#8151);
#145=PLANE('',#8152);
#146=PLANE('',#8153);
#147=PLANE('',#8154);
#148=PLANE('',#8155);
#149=PLANE('',#8156);
#150=PLANE('',#8157);
#151=PLANE('',#8158);
#152=PLANE('',#8159);
#153=PLANE('',#8160);
#154=PLANE('',#8161);
#155=PLANE('',#8162);
#156=PLANE('',#8163);
#157=PLANE('',#8164);
#158=PLANE('',#8165);
#159=PLANE('',#8166);
#160=PLANE('',#8167);
#161=PLANE('',#8168);
#162=PLANE('',#8169);
#163=PLANE('',#8170);
#164=PLANE('',#8171);
#165=PLANE('',#8172);
#166=PLANE('',#8173);
#167=PLANE('',#8174);
#168=PLANE('',#8175);
#169=PLANE('',#8176);
#170=PLANE('',#8177);
#171=PLANE('',#8178);
#172=PLANE('',#8179);
#173=PLANE('',#8180);
#174=PLANE('',#8181);
#175=PLANE('',#8182);
#176=PLANE('',#8183);
#177=PLANE('',#8184);
#178=PLANE('',#8185);
#179=PLANE('',#8186);
#180=PLANE('',#8187);
#181=PLANE('',#8188);
#182=PLANE('',#8189);
#183=PLANE('',#8190);
#184=PLANE('',#8191);
#185=PLANE('',#8192);
#186=PLANE('',#8193);
#187=PLANE('',#8194);
#188=PLANE('',#8195);
#189=PLANE('',#8196);
#190=PLANE('',#8197);
#191=PLANE('',#8198);
#192=PLANE('',#8199);
#193=PLANE('',#8200);
#194=PLANE('',#8201);
#195=PLANE('',#8202);
#196=PLANE('',#8203);
#197=PLANE('',#8204);
#198=PLANE('',#8205);
#199=PLANE('',#8206);
#200=PLANE('',#8207);
#201=PLANE('',#8208);
#202=PLANE('',#8209);
#203=PLANE('',#8210);
#204=PLANE('',#8211);
#205=PLANE('',#8212);
#206=PLANE('',#8213);
#207=PLANE('',#8214);
#208=PLANE('',#8215);
#209=PLANE('',#8216);
#210=PLANE('',#8217);
#211=PLANE('',#8218);
#212=PLANE('',#8219);
#213=PLANE('',#8220);
#214=PLANE('',#8221);
#215=PLANE('',#8222);
#216=PLANE('',#8223);
#217=PLANE('',#8224);
#218=PLANE('',#8225);
#219=PLANE('',#8226);
#220=PLANE('',#8227);
#221=PLANE('',#8228);
#222=PLANE('',#8229);
#223=PLANE('',#8230);
#224=PLANE('',#8231);
#225=PLANE('',#8232);
#226=PLANE('',#8233);
#227=PLANE('',#8234);
#228=PLANE('',#8235);
#229=PLANE('',#8236);
#230=PLANE('',#8237);
#231=PLANE('',#8238);
#232=PLANE('',#8239);
#233=PLANE('',#8240);
#234=PLANE('',#8241);
#235=PLANE('',#8242);
#236=PLANE('',#8243);
#237=PLANE('',#8244);
#238=PLANE('',#8245);
#239=PLANE('',#8246);
#240=PLANE('',#8247);
#241=PLANE('',#8248);
#242=PLANE('',#8249);
#243=PLANE('',#8250);
#244=PLANE('',#8251);
#245=PLANE('',#8252);
#246=PLANE('',#8253);
#247=PLANE('',#8254);
#248=PLANE('',#8255);
#249=PLANE('',#8256);
#250=PLANE('',#8257);
#251=PLANE('',#8258);
#252=PLANE('',#8259);
#253=PLANE('',#8260);
#254=PLANE('',#8261);
#255=PLANE('',#8262);
#256=PLANE('',#8263);
#257=PLANE('',#8264);
#258=PLANE('',#8265);
#259=PLANE('',#8266);
#260=PLANE('',#8267);
#261=PLANE('',#8268);
#262=PLANE('',#8269);
#263=PLANE('',#8270);
#264=PLANE('',#8271);
#265=PLANE('',#8272);
#266=PLANE('',#8273);
#267=PLANE('',#8274);
#268=PLANE('',#8275);
#269=PLANE('',#8276);
#270=PLANE('',#8277);
#271=PLANE('',#8278);
#272=PLANE('',#8279);
#273=PLANE('',#8280);
#274=PLANE('',#8281);
#275=PLANE('',#8282);
#276=PLANE('',#8283);
#277=PLANE('',#8284);
#278=PLANE('',#8285);
#279=PLANE('',#8286);
#280=PLANE('',#8287);
#281=PLANE('',#8288);
#282=PLANE('',#8289);
#283=PLANE('',#8290);
#284=PLANE('',#8291);
#285=PLANE('',#8292);
#286=PLANE('',#8293);
#287=PLANE('',#8294);
#288=PLANE('',#8296);
#289=PLANE('',#8297);
#290=PLANE('',#8298);
#291=PLANE('',#8299);
#292=PLANE('',#8300);
#293=PLANE('',#8301);
#294=PLANE('',#8302);
#295=PLANE('',#8305);
#296=PLANE('',#8306);
#297=PLANE('',#8307);
#298=PLANE('',#8308);
#299=PLANE('',#8309);
#300=PLANE('',#8310);
#301=PLANE('',#8311);
#302=PLANE('',#8312);
#303=PLANE('',#8313);
#304=PLANE('',#8315);
#305=PLANE('',#8316);
#306=PLANE('',#8317);
#307=PLANE('',#8318);
#308=PLANE('',#8319);
#309=PLANE('',#8320);
#310=PLANE('',#8321);
#311=PLANE('',#8324);
#312=PLANE('',#8325);
#313=PLANE('',#8326);
#314=PLANE('',#8327);
#315=PLANE('',#8328);
#316=PLANE('',#8329);
#317=PLANE('',#8330);
#318=PLANE('',#8331);
#319=PLANE('',#8332);
#320=PLANE('',#8334);
#321=PLANE('',#8335);
#322=PLANE('',#8336);
#323=PLANE('',#8337);
#324=PLANE('',#8338);
#325=PLANE('',#8339);
#326=PLANE('',#8340);
#327=PLANE('',#8343);
#328=PLANE('',#8344);
#329=PLANE('',#8345);
#330=PLANE('',#8346);
#331=PLANE('',#8347);
#332=PLANE('',#8348);
#333=PLANE('',#8349);
#334=PLANE('',#8350);
#335=PLANE('',#8351);
#336=PLANE('',#8353);
#337=PLANE('',#8354);
#338=PLANE('',#8355);
#339=PLANE('',#8356);
#340=PLANE('',#8357);
#341=PLANE('',#8358);
#342=PLANE('',#8359);
#343=PLANE('',#8362);
#344=PLANE('',#8363);
#345=PLANE('',#8364);
#346=PLANE('',#8365);
#347=PLANE('',#8366);
#348=PLANE('',#8367);
#349=PLANE('',#8368);
#350=PLANE('',#8369);
#351=PLANE('',#8370);
#352=PLANE('',#8372);
#353=PLANE('',#8373);
#354=PLANE('',#8374);
#355=PLANE('',#8375);
#356=PLANE('',#8376);
#357=PLANE('',#8377);
#358=PLANE('',#8378);
#359=PLANE('',#8381);
#360=PLANE('',#8382);
#361=PLANE('',#8383);
#362=PLANE('',#8384);
#363=PLANE('',#8385);
#364=PLANE('',#8386);
#365=PLANE('',#8387);
#366=PLANE('',#8388);
#367=PLANE('',#8389);
#368=PLANE('',#8391);
#369=PLANE('',#8392);
#370=PLANE('',#8393);
#371=PLANE('',#8394);
#372=PLANE('',#8395);
#373=PLANE('',#8396);
#374=PLANE('',#8397);
#375=PLANE('',#8400);
#376=PLANE('',#8401);
#377=PLANE('',#8402);
#378=PLANE('',#8403);
#379=PLANE('',#8404);
#380=PLANE('',#8405);
#381=PLANE('',#8406);
#382=PLANE('',#8407);
#383=PLANE('',#8408);
#384=PLANE('',#8410);
#385=PLANE('',#8411);
#386=PLANE('',#8412);
#387=PLANE('',#8413);
#388=PLANE('',#8414);
#389=PLANE('',#8415);
#390=PLANE('',#8416);
#391=PLANE('',#8419);
#392=PLANE('',#8420);
#393=PLANE('',#8421);
#394=PLANE('',#8422);
#395=PLANE('',#8423);
#396=PLANE('',#8424);
#397=PLANE('',#8425);
#398=PLANE('',#8426);
#399=PLANE('',#8427);
#400=PLANE('',#8429);
#401=PLANE('',#8430);
#402=PLANE('',#8431);
#403=PLANE('',#8432);
#404=PLANE('',#8433);
#405=PLANE('',#8434);
#406=PLANE('',#8435);
#407=PLANE('',#8438);
#408=PLANE('',#8439);
#409=PLANE('',#8440);
#410=PLANE('',#8444);
#411=PLANE('',#8446);
#412=PLANE('',#8449);
#413=PLANE('',#8450);
#414=PLANE('',#8451);
#415=PLANE('',#8452);
#416=PLANE('',#8453);
#417=PLANE('',#8454);
#418=PLANE('',#8455);
#419=PLANE('',#8456);
#420=PLANE('',#8457);
#421=PLANE('',#8458);
#422=PLANE('',#8459);
#423=PLANE('',#8460);
#424=PLANE('',#8461);
#425=PLANE('',#8462);
#426=PLANE('',#8466);
#427=PLANE('',#8468);
#428=PLANE('',#8471);
#429=PLANE('',#8472);
#430=PLANE('',#8473);
#431=PLANE('',#8474);
#432=PLANE('',#8475);
#433=PLANE('',#8476);
#434=PLANE('',#8477);
#435=PLANE('',#8478);
#436=PLANE('',#8479);
#437=PLANE('',#8480);
#438=PLANE('',#8481);
#439=PLANE('',#8482);
#440=PLANE('',#8483);
#441=PLANE('',#8484);
#442=PLANE('',#8488);
#443=PLANE('',#8490);
#444=PLANE('',#8493);
#445=PLANE('',#8494);
#446=PLANE('',#8495);
#447=PLANE('',#8496);
#448=PLANE('',#8497);
#449=PLANE('',#8498);
#450=PLANE('',#8499);
#451=PLANE('',#8500);
#452=PLANE('',#8501);
#453=PLANE('',#8502);
#454=PLANE('',#8503);
#455=PLANE('',#8504);
#456=PLANE('',#8505);
#457=PLANE('',#8506);
#458=PLANE('',#8510);
#459=PLANE('',#8512);
#460=PLANE('',#8515);
#461=PLANE('',#8516);
#462=PLANE('',#8517);
#463=PLANE('',#8518);
#464=PLANE('',#8519);
#465=PLANE('',#8520);
#466=PLANE('',#8521);
#467=PLANE('',#8522);
#468=PLANE('',#8523);
#469=PLANE('',#8524);
#470=PLANE('',#8525);
#471=PLANE('',#8526);
#472=PLANE('',#8527);
#473=PLANE('',#8528);
#474=PLANE('',#8532);
#475=PLANE('',#8534);
#476=PLANE('',#8537);
#477=PLANE('',#8538);
#478=PLANE('',#8539);
#479=PLANE('',#8540);
#480=PLANE('',#8541);
#481=PLANE('',#8542);
#482=PLANE('',#8543);
#483=PLANE('',#8544);
#484=PLANE('',#8545);
#485=PLANE('',#8546);
#486=PLANE('',#8547);
#487=PLANE('',#8548);
#488=PLANE('',#8549);
#489=PLANE('',#8550);
#490=PLANE('',#8554);
#491=PLANE('',#8556);
#492=PLANE('',#8559);
#493=PLANE('',#8560);
#494=PLANE('',#8561);
#495=PLANE('',#8562);
#496=PLANE('',#8563);
#497=PLANE('',#8564);
#498=PLANE('',#8565);
#499=PLANE('',#8566);
#500=PLANE('',#8567);
#501=PLANE('',#8568);
#502=PLANE('',#8569);
#503=PLANE('',#8570);
#504=PLANE('',#8571);
#505=PLANE('',#8572);
#506=PLANE('',#8576);
#507=PLANE('',#8578);
#508=PLANE('',#8581);
#509=PLANE('',#8582);
#510=PLANE('',#8583);
#511=PLANE('',#8584);
#512=PLANE('',#8585);
#513=PLANE('',#8586);
#514=PLANE('',#8587);
#515=PLANE('',#8588);
#516=PLANE('',#8589);
#517=PLANE('',#8590);
#518=PLANE('',#8591);
#519=PLANE('',#8592);
#520=PLANE('',#8593);
#521=PLANE('',#8594);
#522=PLANE('',#8598);
#523=PLANE('',#8600);
#524=PLANE('',#8603);
#525=PLANE('',#8604);
#526=PLANE('',#8605);
#527=PLANE('',#8606);
#528=PLANE('',#8607);
#529=PLANE('',#8608);
#530=PLANE('',#8609);
#531=PLANE('',#8610);
#532=PLANE('',#8611);
#533=PLANE('',#8612);
#534=PLANE('',#8613);
#535=PLANE('',#8614);
#536=PLANE('',#8615);
#537=PLANE('',#8616);
#538=FACE_OUTER_BOUND('',#999,.T.);
#539=FACE_OUTER_BOUND('',#1000,.T.);
#540=FACE_OUTER_BOUND('',#1001,.T.);
#541=FACE_OUTER_BOUND('',#1018,.T.);
#542=FACE_OUTER_BOUND('',#1019,.T.);
#543=FACE_OUTER_BOUND('',#1036,.T.);
#544=FACE_OUTER_BOUND('',#1037,.T.);
#545=FACE_OUTER_BOUND('',#1038,.T.);
#546=FACE_OUTER_BOUND('',#1039,.T.);
#547=FACE_OUTER_BOUND('',#1040,.T.);
#548=FACE_OUTER_BOUND('',#1041,.T.);
#549=FACE_OUTER_BOUND('',#1042,.T.);
#550=FACE_OUTER_BOUND('',#1043,.T.);
#551=FACE_OUTER_BOUND('',#1044,.T.);
#552=FACE_OUTER_BOUND('',#1045,.T.);
#553=FACE_OUTER_BOUND('',#1046,.T.);
#554=FACE_OUTER_BOUND('',#1047,.T.);
#555=FACE_OUTER_BOUND('',#1048,.T.);
#556=FACE_OUTER_BOUND('',#1049,.T.);
#557=FACE_OUTER_BOUND('',#1050,.T.);
#558=FACE_OUTER_BOUND('',#1051,.T.);
#559=FACE_OUTER_BOUND('',#1052,.T.);
#560=FACE_OUTER_BOUND('',#1053,.T.);
#561=FACE_OUTER_BOUND('',#1054,.T.);
#562=FACE_OUTER_BOUND('',#1055,.T.);
#563=FACE_OUTER_BOUND('',#1056,.T.);
#564=FACE_OUTER_BOUND('',#1057,.T.);
#565=FACE_OUTER_BOUND('',#1058,.T.);
#566=FACE_OUTER_BOUND('',#1059,.T.);
#567=FACE_OUTER_BOUND('',#1060,.T.);
#568=FACE_OUTER_BOUND('',#1061,.T.);
#569=FACE_OUTER_BOUND('',#1062,.T.);
#570=FACE_OUTER_BOUND('',#1063,.T.);
#571=FACE_OUTER_BOUND('',#1064,.T.);
#572=FACE_OUTER_BOUND('',#1065,.T.);
#573=FACE_OUTER_BOUND('',#1066,.T.);
#574=FACE_OUTER_BOUND('',#1067,.T.);
#575=FACE_OUTER_BOUND('',#1068,.T.);
#576=FACE_OUTER_BOUND('',#1069,.T.);
#577=FACE_OUTER_BOUND('',#1070,.T.);
#578=FACE_OUTER_BOUND('',#1071,.T.);
#579=FACE_OUTER_BOUND('',#1072,.T.);
#580=FACE_OUTER_BOUND('',#1073,.T.);
#581=FACE_OUTER_BOUND('',#1074,.T.);
#582=FACE_OUTER_BOUND('',#1075,.T.);
#583=FACE_OUTER_BOUND('',#1076,.T.);
#584=FACE_OUTER_BOUND('',#1077,.T.);
#585=FACE_OUTER_BOUND('',#1078,.T.);
#586=FACE_OUTER_BOUND('',#1079,.T.);
#587=FACE_OUTER_BOUND('',#1080,.T.);
#588=FACE_OUTER_BOUND('',#1081,.T.);
#589=FACE_OUTER_BOUND('',#1082,.T.);
#590=FACE_OUTER_BOUND('',#1083,.T.);
#591=FACE_OUTER_BOUND('',#1084,.T.);
#592=FACE_OUTER_BOUND('',#1085,.T.);
#593=FACE_OUTER_BOUND('',#1086,.T.);
#594=FACE_OUTER_BOUND('',#1087,.T.);
#595=FACE_OUTER_BOUND('',#1088,.T.);
#596=FACE_OUTER_BOUND('',#1089,.T.);
#597=FACE_OUTER_BOUND('',#1090,.T.);
#598=FACE_OUTER_BOUND('',#1091,.T.);
#599=FACE_OUTER_BOUND('',#1092,.T.);
#600=FACE_OUTER_BOUND('',#1093,.T.);
#601=FACE_OUTER_BOUND('',#1094,.T.);
#602=FACE_OUTER_BOUND('',#1095,.T.);
#603=FACE_OUTER_BOUND('',#1096,.T.);
#604=FACE_OUTER_BOUND('',#1097,.T.);
#605=FACE_OUTER_BOUND('',#1098,.T.);
#606=FACE_OUTER_BOUND('',#1099,.T.);
#607=FACE_OUTER_BOUND('',#1100,.T.);
#608=FACE_OUTER_BOUND('',#1101,.T.);
#609=FACE_OUTER_BOUND('',#1102,.T.);
#610=FACE_OUTER_BOUND('',#1103,.T.);
#611=FACE_OUTER_BOUND('',#1104,.T.);
#612=FACE_OUTER_BOUND('',#1105,.T.);
#613=FACE_OUTER_BOUND('',#1106,.T.);
#614=FACE_OUTER_BOUND('',#1107,.T.);
#615=FACE_OUTER_BOUND('',#1108,.T.);
#616=FACE_OUTER_BOUND('',#1109,.T.);
#617=FACE_OUTER_BOUND('',#1110,.T.);
#618=FACE_OUTER_BOUND('',#1111,.T.);
#619=FACE_OUTER_BOUND('',#1112,.T.);
#620=FACE_OUTER_BOUND('',#1113,.T.);
#621=FACE_OUTER_BOUND('',#1114,.T.);
#622=FACE_OUTER_BOUND('',#1115,.T.);
#623=FACE_OUTER_BOUND('',#1116,.T.);
#624=FACE_OUTER_BOUND('',#1117,.T.);
#625=FACE_OUTER_BOUND('',#1118,.T.);
#626=FACE_OUTER_BOUND('',#1119,.T.);
#627=FACE_OUTER_BOUND('',#1120,.T.);
#628=FACE_OUTER_BOUND('',#1121,.T.);
#629=FACE_OUTER_BOUND('',#1122,.T.);
#630=FACE_OUTER_BOUND('',#1123,.T.);
#631=FACE_OUTER_BOUND('',#1124,.T.);
#632=FACE_OUTER_BOUND('',#1125,.T.);
#633=FACE_OUTER_BOUND('',#1126,.T.);
#634=FACE_OUTER_BOUND('',#1127,.T.);
#635=FACE_OUTER_BOUND('',#1128,.T.);
#636=FACE_OUTER_BOUND('',#1129,.T.);
#637=FACE_OUTER_BOUND('',#1130,.T.);
#638=FACE_OUTER_BOUND('',#1132,.T.);
#639=FACE_OUTER_BOUND('',#1133,.T.);
#640=FACE_OUTER_BOUND('',#1134,.T.);
#641=FACE_OUTER_BOUND('',#1135,.T.);
#642=FACE_OUTER_BOUND('',#1136,.T.);
#643=FACE_OUTER_BOUND('',#1138,.T.);
#644=FACE_OUTER_BOUND('',#1139,.T.);
#645=FACE_OUTER_BOUND('',#1140,.T.);
#646=FACE_OUTER_BOUND('',#1141,.T.);
#647=FACE_OUTER_BOUND('',#1142,.T.);
#648=FACE_OUTER_BOUND('',#1144,.T.);
#649=FACE_OUTER_BOUND('',#1145,.T.);
#650=FACE_OUTER_BOUND('',#1146,.T.);
#651=FACE_OUTER_BOUND('',#1147,.T.);
#652=FACE_OUTER_BOUND('',#1148,.T.);
#653=FACE_OUTER_BOUND('',#1150,.T.);
#654=FACE_OUTER_BOUND('',#1151,.T.);
#655=FACE_OUTER_BOUND('',#1152,.T.);
#656=FACE_OUTER_BOUND('',#1153,.T.);
#657=FACE_OUTER_BOUND('',#1154,.T.);
#658=FACE_OUTER_BOUND('',#1156,.T.);
#659=FACE_OUTER_BOUND('',#1157,.T.);
#660=FACE_OUTER_BOUND('',#1158,.T.);
#661=FACE_OUTER_BOUND('',#1159,.T.);
#662=FACE_OUTER_BOUND('',#1160,.T.);
#663=FACE_OUTER_BOUND('',#1162,.T.);
#664=FACE_OUTER_BOUND('',#1163,.T.);
#665=FACE_OUTER_BOUND('',#1164,.T.);
#666=FACE_OUTER_BOUND('',#1165,.T.);
#667=FACE_OUTER_BOUND('',#1166,.T.);
#668=FACE_OUTER_BOUND('',#1168,.T.);
#669=FACE_OUTER_BOUND('',#1169,.T.);
#670=FACE_OUTER_BOUND('',#1170,.T.);
#671=FACE_OUTER_BOUND('',#1171,.T.);
#672=FACE_OUTER_BOUND('',#1172,.T.);
#673=FACE_OUTER_BOUND('',#1174,.T.);
#674=FACE_OUTER_BOUND('',#1175,.T.);
#675=FACE_OUTER_BOUND('',#1176,.T.);
#676=FACE_OUTER_BOUND('',#1177,.T.);
#677=FACE_OUTER_BOUND('',#1178,.T.);
#678=FACE_OUTER_BOUND('',#1180,.T.);
#679=FACE_OUTER_BOUND('',#1181,.T.);
#680=FACE_OUTER_BOUND('',#1182,.T.);
#681=FACE_OUTER_BOUND('',#1183,.T.);
#682=FACE_OUTER_BOUND('',#1184,.T.);
#683=FACE_OUTER_BOUND('',#1186,.T.);
#684=FACE_OUTER_BOUND('',#1187,.T.);
#685=FACE_OUTER_BOUND('',#1188,.T.);
#686=FACE_OUTER_BOUND('',#1189,.T.);
#687=FACE_OUTER_BOUND('',#1190,.T.);
#688=FACE_OUTER_BOUND('',#1192,.T.);
#689=FACE_OUTER_BOUND('',#1193,.T.);
#690=FACE_OUTER_BOUND('',#1194,.T.);
#691=FACE_OUTER_BOUND('',#1195,.T.);
#692=FACE_OUTER_BOUND('',#1196,.T.);
#693=FACE_OUTER_BOUND('',#1198,.T.);
#694=FACE_OUTER_BOUND('',#1199,.T.);
#695=FACE_OUTER_BOUND('',#1200,.T.);
#696=FACE_OUTER_BOUND('',#1201,.T.);
#697=FACE_OUTER_BOUND('',#1202,.T.);
#698=FACE_OUTER_BOUND('',#1204,.T.);
#699=FACE_OUTER_BOUND('',#1205,.T.);
#700=FACE_OUTER_BOUND('',#1206,.T.);
#701=FACE_OUTER_BOUND('',#1207,.T.);
#702=FACE_OUTER_BOUND('',#1208,.T.);
#703=FACE_OUTER_BOUND('',#1210,.T.);
#704=FACE_OUTER_BOUND('',#1211,.T.);
#705=FACE_OUTER_BOUND('',#1212,.T.);
#706=FACE_OUTER_BOUND('',#1213,.T.);
#707=FACE_OUTER_BOUND('',#1214,.T.);
#708=FACE_OUTER_BOUND('',#1216,.T.);
#709=FACE_OUTER_BOUND('',#1217,.T.);
#710=FACE_OUTER_BOUND('',#1218,.T.);
#711=FACE_OUTER_BOUND('',#1219,.T.);
#712=FACE_OUTER_BOUND('',#1220,.T.);
#713=FACE_OUTER_BOUND('',#1222,.T.);
#714=FACE_OUTER_BOUND('',#1223,.T.);
#715=FACE_OUTER_BOUND('',#1224,.T.);
#716=FACE_OUTER_BOUND('',#1225,.T.);
#717=FACE_OUTER_BOUND('',#1226,.T.);
#718=FACE_OUTER_BOUND('',#1227,.T.);
#719=FACE_OUTER_BOUND('',#1232,.T.);
#720=FACE_OUTER_BOUND('',#1233,.T.);
#721=FACE_OUTER_BOUND('',#1234,.T.);
#722=FACE_OUTER_BOUND('',#1235,.T.);
#723=FACE_OUTER_BOUND('',#1236,.T.);
#724=FACE_OUTER_BOUND('',#1237,.T.);
#725=FACE_OUTER_BOUND('',#1238,.T.);
#726=FACE_OUTER_BOUND('',#1239,.T.);
#727=FACE_OUTER_BOUND('',#1240,.T.);
#728=FACE_OUTER_BOUND('',#1241,.T.);
#729=FACE_OUTER_BOUND('',#1242,.T.);
#730=FACE_OUTER_BOUND('',#1243,.T.);
#731=FACE_OUTER_BOUND('',#1244,.T.);
#732=FACE_OUTER_BOUND('',#1245,.T.);
#733=FACE_OUTER_BOUND('',#1246,.T.);
#734=FACE_OUTER_BOUND('',#1247,.T.);
#735=FACE_OUTER_BOUND('',#1248,.T.);
#736=FACE_OUTER_BOUND('',#1249,.T.);
#737=FACE_OUTER_BOUND('',#1250,.T.);
#738=FACE_OUTER_BOUND('',#1251,.T.);
#739=FACE_OUTER_BOUND('',#1252,.T.);
#740=FACE_OUTER_BOUND('',#1253,.T.);
#741=FACE_OUTER_BOUND('',#1254,.T.);
#742=FACE_OUTER_BOUND('',#1255,.T.);
#743=FACE_OUTER_BOUND('',#1256,.T.);
#744=FACE_OUTER_BOUND('',#1257,.T.);
#745=FACE_OUTER_BOUND('',#1258,.T.);
#746=FACE_OUTER_BOUND('',#1259,.T.);
#747=FACE_OUTER_BOUND('',#1260,.T.);
#748=FACE_OUTER_BOUND('',#1261,.T.);
#749=FACE_OUTER_BOUND('',#1262,.T.);
#750=FACE_OUTER_BOUND('',#1263,.T.);
#751=FACE_OUTER_BOUND('',#1264,.T.);
#752=FACE_OUTER_BOUND('',#1265,.T.);
#753=FACE_OUTER_BOUND('',#1266,.T.);
#754=FACE_OUTER_BOUND('',#1267,.T.);
#755=FACE_OUTER_BOUND('',#1268,.T.);
#756=FACE_OUTER_BOUND('',#1269,.T.);
#757=FACE_OUTER_BOUND('',#1270,.T.);
#758=FACE_OUTER_BOUND('',#1271,.T.);
#759=FACE_OUTER_BOUND('',#1272,.T.);
#760=FACE_OUTER_BOUND('',#1273,.T.);
#761=FACE_OUTER_BOUND('',#1274,.T.);
#762=FACE_OUTER_BOUND('',#1275,.T.);
#763=FACE_OUTER_BOUND('',#1276,.T.);
#764=FACE_OUTER_BOUND('',#1277,.T.);
#765=FACE_OUTER_BOUND('',#1278,.T.);
#766=FACE_OUTER_BOUND('',#1279,.T.);
#767=FACE_OUTER_BOUND('',#1280,.T.);
#768=FACE_OUTER_BOUND('',#1281,.T.);
#769=FACE_OUTER_BOUND('',#1282,.T.);
#770=FACE_OUTER_BOUND('',#1283,.T.);
#771=FACE_OUTER_BOUND('',#1284,.T.);
#772=FACE_OUTER_BOUND('',#1285,.T.);
#773=FACE_OUTER_BOUND('',#1286,.T.);
#774=FACE_OUTER_BOUND('',#1287,.T.);
#775=FACE_OUTER_BOUND('',#1288,.T.);
#776=FACE_OUTER_BOUND('',#1289,.T.);
#777=FACE_OUTER_BOUND('',#1290,.T.);
#778=FACE_OUTER_BOUND('',#1291,.T.);
#779=FACE_OUTER_BOUND('',#1292,.T.);
#780=FACE_OUTER_BOUND('',#1293,.T.);
#781=FACE_OUTER_BOUND('',#1294,.T.);
#782=FACE_OUTER_BOUND('',#1295,.T.);
#783=FACE_OUTER_BOUND('',#1296,.T.);
#784=FACE_OUTER_BOUND('',#1297,.T.);
#785=FACE_OUTER_BOUND('',#1298,.T.);
#786=FACE_OUTER_BOUND('',#1299,.T.);
#787=FACE_OUTER_BOUND('',#1300,.T.);
#788=FACE_OUTER_BOUND('',#1301,.T.);
#789=FACE_OUTER_BOUND('',#1302,.T.);
#790=FACE_OUTER_BOUND('',#1303,.T.);
#791=FACE_OUTER_BOUND('',#1304,.T.);
#792=FACE_OUTER_BOUND('',#1305,.T.);
#793=FACE_OUTER_BOUND('',#1306,.T.);
#794=FACE_OUTER_BOUND('',#1307,.T.);
#795=FACE_OUTER_BOUND('',#1308,.T.);
#796=FACE_OUTER_BOUND('',#1309,.T.);
#797=FACE_OUTER_BOUND('',#1310,.T.);
#798=FACE_OUTER_BOUND('',#1311,.T.);
#799=FACE_OUTER_BOUND('',#1312,.T.);
#800=FACE_OUTER_BOUND('',#1313,.T.);
#801=FACE_OUTER_BOUND('',#1314,.T.);
#802=FACE_OUTER_BOUND('',#1315,.T.);
#803=FACE_OUTER_BOUND('',#1316,.T.);
#804=FACE_OUTER_BOUND('',#1317,.T.);
#805=FACE_OUTER_BOUND('',#1318,.T.);
#806=FACE_OUTER_BOUND('',#1319,.T.);
#807=FACE_OUTER_BOUND('',#1320,.T.);
#808=FACE_OUTER_BOUND('',#1321,.T.);
#809=FACE_OUTER_BOUND('',#1322,.T.);
#810=FACE_OUTER_BOUND('',#1323,.T.);
#811=FACE_OUTER_BOUND('',#1324,.T.);
#812=FACE_OUTER_BOUND('',#1325,.T.);
#813=FACE_OUTER_BOUND('',#1326,.T.);
#814=FACE_OUTER_BOUND('',#1327,.T.);
#815=FACE_OUTER_BOUND('',#1328,.T.);
#816=FACE_OUTER_BOUND('',#1329,.T.);
#817=FACE_OUTER_BOUND('',#1330,.T.);
#818=FACE_OUTER_BOUND('',#1331,.T.);
#819=FACE_OUTER_BOUND('',#1332,.T.);
#820=FACE_OUTER_BOUND('',#1333,.T.);
#821=FACE_OUTER_BOUND('',#1334,.T.);
#822=FACE_OUTER_BOUND('',#1335,.T.);
#823=FACE_OUTER_BOUND('',#1336,.T.);
#824=FACE_OUTER_BOUND('',#1337,.T.);
#825=FACE_OUTER_BOUND('',#1338,.T.);
#826=FACE_OUTER_BOUND('',#1339,.T.);
#827=FACE_OUTER_BOUND('',#1340,.T.);
#828=FACE_OUTER_BOUND('',#1341,.T.);
#829=FACE_OUTER_BOUND('',#1342,.T.);
#830=FACE_OUTER_BOUND('',#1343,.T.);
#831=FACE_OUTER_BOUND('',#1344,.T.);
#832=FACE_OUTER_BOUND('',#1345,.T.);
#833=FACE_OUTER_BOUND('',#1346,.T.);
#834=FACE_OUTER_BOUND('',#1347,.T.);
#835=FACE_OUTER_BOUND('',#1348,.T.);
#836=FACE_OUTER_BOUND('',#1349,.T.);
#837=FACE_OUTER_BOUND('',#1350,.T.);
#838=FACE_OUTER_BOUND('',#1351,.T.);
#839=FACE_OUTER_BOUND('',#1352,.T.);
#840=FACE_OUTER_BOUND('',#1353,.T.);
#841=FACE_OUTER_BOUND('',#1354,.T.);
#842=FACE_OUTER_BOUND('',#1355,.T.);
#843=FACE_OUTER_BOUND('',#1356,.T.);
#844=FACE_OUTER_BOUND('',#1357,.T.);
#845=FACE_OUTER_BOUND('',#1358,.T.);
#846=FACE_OUTER_BOUND('',#1359,.T.);
#847=FACE_OUTER_BOUND('',#1360,.T.);
#848=FACE_OUTER_BOUND('',#1361,.T.);
#849=FACE_OUTER_BOUND('',#1362,.T.);
#850=FACE_OUTER_BOUND('',#1363,.T.);
#851=FACE_OUTER_BOUND('',#1364,.T.);
#852=FACE_OUTER_BOUND('',#1365,.T.);
#853=FACE_OUTER_BOUND('',#1366,.T.);
#854=FACE_OUTER_BOUND('',#1367,.T.);
#855=FACE_OUTER_BOUND('',#1368,.T.);
#856=FACE_OUTER_BOUND('',#1369,.T.);
#857=FACE_OUTER_BOUND('',#1370,.T.);
#858=FACE_OUTER_BOUND('',#1371,.T.);
#859=FACE_OUTER_BOUND('',#1372,.T.);
#860=FACE_OUTER_BOUND('',#1373,.T.);
#861=FACE_OUTER_BOUND('',#1374,.T.);
#862=FACE_OUTER_BOUND('',#1375,.T.);
#863=FACE_OUTER_BOUND('',#1376,.T.);
#864=FACE_OUTER_BOUND('',#1377,.T.);
#865=FACE_OUTER_BOUND('',#1378,.T.);
#866=FACE_OUTER_BOUND('',#1379,.T.);
#867=FACE_OUTER_BOUND('',#1380,.T.);
#868=FACE_OUTER_BOUND('',#1381,.T.);
#869=FACE_OUTER_BOUND('',#1382,.T.);
#870=FACE_OUTER_BOUND('',#1383,.T.);
#871=FACE_OUTER_BOUND('',#1384,.T.);
#872=FACE_OUTER_BOUND('',#1385,.T.);
#873=FACE_OUTER_BOUND('',#1386,.T.);
#874=FACE_OUTER_BOUND('',#1387,.T.);
#875=FACE_OUTER_BOUND('',#1388,.T.);
#876=FACE_OUTER_BOUND('',#1389,.T.);
#877=FACE_OUTER_BOUND('',#1390,.T.);
#878=FACE_OUTER_BOUND('',#1391,.T.);
#879=FACE_OUTER_BOUND('',#1392,.T.);
#880=FACE_OUTER_BOUND('',#1393,.T.);
#881=FACE_OUTER_BOUND('',#1394,.T.);
#882=FACE_OUTER_BOUND('',#1395,.T.);
#883=FACE_OUTER_BOUND('',#1396,.T.);
#884=FACE_OUTER_BOUND('',#1397,.T.);
#885=FACE_OUTER_BOUND('',#1398,.T.);
#886=FACE_OUTER_BOUND('',#1399,.T.);
#887=FACE_OUTER_BOUND('',#1400,.T.);
#888=FACE_OUTER_BOUND('',#1401,.T.);
#889=FACE_OUTER_BOUND('',#1402,.T.);
#890=FACE_OUTER_BOUND('',#1403,.T.);
#891=FACE_OUTER_BOUND('',#1404,.T.);
#892=FACE_OUTER_BOUND('',#1405,.T.);
#893=FACE_OUTER_BOUND('',#1406,.T.);
#894=FACE_OUTER_BOUND('',#1407,.T.);
#895=FACE_OUTER_BOUND('',#1408,.T.);
#896=FACE_OUTER_BOUND('',#1409,.T.);
#897=FACE_OUTER_BOUND('',#1410,.T.);
#898=FACE_OUTER_BOUND('',#1411,.T.);
#899=FACE_OUTER_BOUND('',#1412,.T.);
#900=FACE_OUTER_BOUND('',#1413,.T.);
#901=FACE_OUTER_BOUND('',#1414,.T.);
#902=FACE_OUTER_BOUND('',#1415,.T.);
#903=FACE_OUTER_BOUND('',#1416,.T.);
#904=FACE_OUTER_BOUND('',#1417,.T.);
#905=FACE_OUTER_BOUND('',#1418,.T.);
#906=FACE_OUTER_BOUND('',#1419,.T.);
#907=FACE_OUTER_BOUND('',#1420,.T.);
#908=FACE_OUTER_BOUND('',#1421,.T.);
#909=FACE_OUTER_BOUND('',#1422,.T.);
#910=FACE_OUTER_BOUND('',#1423,.T.);
#911=FACE_OUTER_BOUND('',#1424,.T.);
#912=FACE_OUTER_BOUND('',#1425,.T.);
#913=FACE_OUTER_BOUND('',#1426,.T.);
#914=FACE_OUTER_BOUND('',#1427,.T.);
#915=FACE_OUTER_BOUND('',#1428,.T.);
#916=FACE_OUTER_BOUND('',#1429,.T.);
#917=FACE_OUTER_BOUND('',#1430,.T.);
#918=FACE_OUTER_BOUND('',#1431,.T.);
#919=FACE_OUTER_BOUND('',#1432,.T.);
#920=FACE_OUTER_BOUND('',#1433,.T.);
#921=FACE_OUTER_BOUND('',#1434,.T.);
#922=FACE_OUTER_BOUND('',#1435,.T.);
#923=FACE_OUTER_BOUND('',#1436,.T.);
#924=FACE_OUTER_BOUND('',#1437,.T.);
#925=FACE_OUTER_BOUND('',#1438,.T.);
#926=FACE_OUTER_BOUND('',#1439,.T.);
#927=FACE_OUTER_BOUND('',#1440,.T.);
#928=FACE_OUTER_BOUND('',#1441,.T.);
#929=FACE_OUTER_BOUND('',#1442,.T.);
#930=FACE_OUTER_BOUND('',#1443,.T.);
#931=FACE_OUTER_BOUND('',#1444,.T.);
#932=FACE_OUTER_BOUND('',#1445,.T.);
#933=FACE_OUTER_BOUND('',#1446,.T.);
#934=FACE_OUTER_BOUND('',#1447,.T.);
#935=FACE_OUTER_BOUND('',#1448,.T.);
#936=FACE_OUTER_BOUND('',#1449,.T.);
#937=FACE_OUTER_BOUND('',#1450,.T.);
#938=FACE_OUTER_BOUND('',#1451,.T.);
#939=FACE_OUTER_BOUND('',#1452,.T.);
#940=FACE_OUTER_BOUND('',#1453,.T.);
#941=FACE_OUTER_BOUND('',#1454,.T.);
#942=FACE_OUTER_BOUND('',#1455,.T.);
#943=FACE_OUTER_BOUND('',#1456,.T.);
#944=FACE_OUTER_BOUND('',#1457,.T.);
#945=FACE_OUTER_BOUND('',#1458,.T.);
#946=FACE_OUTER_BOUND('',#1459,.T.);
#947=FACE_OUTER_BOUND('',#1460,.T.);
#948=FACE_OUTER_BOUND('',#1461,.T.);
#949=FACE_OUTER_BOUND('',#1462,.T.);
#950=FACE_OUTER_BOUND('',#1463,.T.);
#951=FACE_OUTER_BOUND('',#1464,.T.);
#952=FACE_OUTER_BOUND('',#1465,.T.);
#953=FACE_OUTER_BOUND('',#1466,.T.);
#954=FACE_OUTER_BOUND('',#1467,.T.);
#955=FACE_OUTER_BOUND('',#1468,.T.);
#956=FACE_OUTER_BOUND('',#1469,.T.);
#957=FACE_OUTER_BOUND('',#1470,.T.);
#958=FACE_OUTER_BOUND('',#1471,.T.);
#959=FACE_OUTER_BOUND('',#1472,.T.);
#960=FACE_OUTER_BOUND('',#1473,.T.);
#961=FACE_OUTER_BOUND('',#1474,.T.);
#962=FACE_OUTER_BOUND('',#1475,.T.);
#963=FACE_OUTER_BOUND('',#1476,.T.);
#964=FACE_OUTER_BOUND('',#1477,.T.);
#965=FACE_OUTER_BOUND('',#1478,.T.);
#966=FACE_OUTER_BOUND('',#1479,.T.);
#967=FACE_OUTER_BOUND('',#1480,.T.);
#968=FACE_OUTER_BOUND('',#1481,.T.);
#969=FACE_OUTER_BOUND('',#1482,.T.);
#970=FACE_OUTER_BOUND('',#1483,.T.);
#971=FACE_OUTER_BOUND('',#1484,.T.);
#972=FACE_OUTER_BOUND('',#1485,.T.);
#973=FACE_OUTER_BOUND('',#1486,.T.);
#974=FACE_OUTER_BOUND('',#1487,.T.);
#975=FACE_OUTER_BOUND('',#1488,.T.);
#976=FACE_OUTER_BOUND('',#1489,.T.);
#977=FACE_OUTER_BOUND('',#1490,.T.);
#978=FACE_OUTER_BOUND('',#1491,.T.);
#979=FACE_OUTER_BOUND('',#1492,.T.);
#980=FACE_OUTER_BOUND('',#1493,.T.);
#981=FACE_OUTER_BOUND('',#1494,.T.);
#982=FACE_OUTER_BOUND('',#1495,.T.);
#983=FACE_OUTER_BOUND('',#1496,.T.);
#984=FACE_OUTER_BOUND('',#1497,.T.);
#985=FACE_OUTER_BOUND('',#1498,.T.);
#986=FACE_OUTER_BOUND('',#1499,.T.);
#987=FACE_OUTER_BOUND('',#1500,.T.);
#988=FACE_OUTER_BOUND('',#1501,.T.);
#989=FACE_OUTER_BOUND('',#1502,.T.);
#990=FACE_OUTER_BOUND('',#1503,.T.);
#991=FACE_OUTER_BOUND('',#1504,.T.);
#992=FACE_OUTER_BOUND('',#1505,.T.);
#993=FACE_OUTER_BOUND('',#1506,.T.);
#994=FACE_OUTER_BOUND('',#1507,.T.);
#995=FACE_OUTER_BOUND('',#1508,.T.);
#996=FACE_OUTER_BOUND('',#1509,.T.);
#997=FACE_OUTER_BOUND('',#1510,.T.);
#998=FACE_OUTER_BOUND('',#1511,.T.);
#999=EDGE_LOOP('',(#5385,#5386,#5387,#5388));
#1000=EDGE_LOOP('',(#5389,#5390,#5391,#5392,#5393,#5394,#5395,#5396));
#1001=EDGE_LOOP('',(#5397,#5398,#5399,#5400,#5401,#5402,#5403,#5404,#5405,
#5406));
#1002=EDGE_LOOP('',(#5407,#5408,#5409,#5410));
#1003=EDGE_LOOP('',(#5411,#5412,#5413,#5414));
#1004=EDGE_LOOP('',(#5415,#5416,#5417,#5418));
#1005=EDGE_LOOP('',(#5419,#5420,#5421,#5422));
#1006=EDGE_LOOP('',(#5423,#5424,#5425,#5426));
#1007=EDGE_LOOP('',(#5427,#5428,#5429,#5430));
#1008=EDGE_LOOP('',(#5431,#5432,#5433,#5434));
#1009=EDGE_LOOP('',(#5435,#5436,#5437,#5438));
#1010=EDGE_LOOP('',(#5439,#5440,#5441,#5442));
#1011=EDGE_LOOP('',(#5443,#5444,#5445,#5446));
#1012=EDGE_LOOP('',(#5447,#5448,#5449,#5450));
#1013=EDGE_LOOP('',(#5451,#5452,#5453,#5454));
#1014=EDGE_LOOP('',(#5455,#5456,#5457,#5458));
#1015=EDGE_LOOP('',(#5459,#5460,#5461,#5462));
#1016=EDGE_LOOP('',(#5463,#5464,#5465,#5466));
#1017=EDGE_LOOP('',(#5467,#5468,#5469,#5470));
#1018=EDGE_LOOP('',(#5471,#5472,#5473,#5474));
#1019=EDGE_LOOP('',(#5475,#5476,#5477,#5478,#5479,#5480,#5481,#5482,#5483,
#5484,#5485,#5486));
#1020=EDGE_LOOP('',(#5487,#5488,#5489,#5490));
#1021=EDGE_LOOP('',(#5491,#5492,#5493,#5494));
#1022=EDGE_LOOP('',(#5495,#5496,#5497,#5498));
#1023=EDGE_LOOP('',(#5499,#5500,#5501,#5502));
#1024=EDGE_LOOP('',(#5503,#5504,#5505,#5506));
#1025=EDGE_LOOP('',(#5507,#5508,#5509,#5510));
#1026=EDGE_LOOP('',(#5511,#5512,#5513,#5514));
#1027=EDGE_LOOP('',(#5515,#5516,#5517,#5518));
#1028=EDGE_LOOP('',(#5519,#5520,#5521,#5522));
#1029=EDGE_LOOP('',(#5523,#5524,#5525,#5526));
#1030=EDGE_LOOP('',(#5527,#5528,#5529,#5530));
#1031=EDGE_LOOP('',(#5531,#5532,#5533,#5534));
#1032=EDGE_LOOP('',(#5535,#5536,#5537,#5538));
#1033=EDGE_LOOP('',(#5539,#5540,#5541,#5542));
#1034=EDGE_LOOP('',(#5543,#5544,#5545,#5546));
#1035=EDGE_LOOP('',(#5547,#5548,#5549,#5550));
#1036=EDGE_LOOP('',(#5551,#5552,#5553,#5554));
#1037=EDGE_LOOP('',(#5555,#5556,#5557,#5558,#5559,#5560,#5561,#5562));
#1038=EDGE_LOOP('',(#5563,#5564));
#1039=EDGE_LOOP('',(#5565,#5566,#5567,#5568));
#1040=EDGE_LOOP('',(#5569,#5570,#5571,#5572));
#1041=EDGE_LOOP('',(#5573,#5574,#5575,#5576));
#1042=EDGE_LOOP('',(#5577,#5578,#5579,#5580));
#1043=EDGE_LOOP('',(#5581,#5582,#5583,#5584));
#1044=EDGE_LOOP('',(#5585,#5586,#5587,#5588));
#1045=EDGE_LOOP('',(#5589,#5590));
#1046=EDGE_LOOP('',(#5591,#5592,#5593,#5594,#5595,#5596,#5597,#5598));
#1047=EDGE_LOOP('',(#5599,#5600,#5601,#5602));
#1048=EDGE_LOOP('',(#5603,#5604,#5605,#5606));
#1049=EDGE_LOOP('',(#5607,#5608,#5609,#5610));
#1050=EDGE_LOOP('',(#5611,#5612));
#1051=EDGE_LOOP('',(#5613,#5614,#5615,#5616,#5617,#5618,#5619,#5620));
#1052=EDGE_LOOP('',(#5621,#5622,#5623,#5624,#5625,#5626,#5627,#5628));
#1053=EDGE_LOOP('',(#5629,#5630));
#1054=EDGE_LOOP('',(#5631,#5632,#5633,#5634));
#1055=EDGE_LOOP('',(#5635,#5636,#5637,#5638));
#1056=EDGE_LOOP('',(#5639,#5640,#5641,#5642));
#1057=EDGE_LOOP('',(#5643,#5644,#5645,#5646));
#1058=EDGE_LOOP('',(#5647,#5648,#5649,#5650));
#1059=EDGE_LOOP('',(#5651,#5652,#5653,#5654));
#1060=EDGE_LOOP('',(#5655,#5656,#5657,#5658));
#1061=EDGE_LOOP('',(#5659,#5660,#5661,#5662));
#1062=EDGE_LOOP('',(#5663,#5664,#5665,#5666));
#1063=EDGE_LOOP('',(#5667,#5668,#5669,#5670));
#1064=EDGE_LOOP('',(#5671,#5672,#5673,#5674));
#1065=EDGE_LOOP('',(#5675,#5676,#5677,#5678));
#1066=EDGE_LOOP('',(#5679,#5680,#5681,#5682));
#1067=EDGE_LOOP('',(#5683,#5684,#5685,#5686));
#1068=EDGE_LOOP('',(#5687,#5688,#5689,#5690));
#1069=EDGE_LOOP('',(#5691,#5692,#5693,#5694));
#1070=EDGE_LOOP('',(#5695,#5696,#5697,#5698));
#1071=EDGE_LOOP('',(#5699,#5700,#5701,#5702));
#1072=EDGE_LOOP('',(#5703,#5704,#5705,#5706));
#1073=EDGE_LOOP('',(#5707,#5708,#5709,#5710));
#1074=EDGE_LOOP('',(#5711,#5712,#5713,#5714));
#1075=EDGE_LOOP('',(#5715,#5716,#5717,#5718));
#1076=EDGE_LOOP('',(#5719,#5720,#5721,#5722));
#1077=EDGE_LOOP('',(#5723,#5724,#5725,#5726));
#1078=EDGE_LOOP('',(#5727,#5728,#5729,#5730));
#1079=EDGE_LOOP('',(#5731,#5732,#5733,#5734));
#1080=EDGE_LOOP('',(#5735,#5736,#5737,#5738));
#1081=EDGE_LOOP('',(#5739,#5740,#5741,#5742));
#1082=EDGE_LOOP('',(#5743,#5744,#5745,#5746));
#1083=EDGE_LOOP('',(#5747,#5748,#5749,#5750));
#1084=EDGE_LOOP('',(#5751,#5752,#5753,#5754));
#1085=EDGE_LOOP('',(#5755,#5756,#5757,#5758));
#1086=EDGE_LOOP('',(#5759,#5760,#5761,#5762));
#1087=EDGE_LOOP('',(#5763,#5764,#5765,#5766));
#1088=EDGE_LOOP('',(#5767,#5768,#5769,#5770));
#1089=EDGE_LOOP('',(#5771,#5772,#5773,#5774));
#1090=EDGE_LOOP('',(#5775,#5776,#5777,#5778));
#1091=EDGE_LOOP('',(#5779,#5780,#5781,#5782));
#1092=EDGE_LOOP('',(#5783,#5784,#5785,#5786));
#1093=EDGE_LOOP('',(#5787,#5788,#5789,#5790));
#1094=EDGE_LOOP('',(#5791,#5792,#5793,#5794));
#1095=EDGE_LOOP('',(#5795,#5796,#5797,#5798));
#1096=EDGE_LOOP('',(#5799,#5800,#5801,#5802));
#1097=EDGE_LOOP('',(#5803,#5804,#5805,#5806));
#1098=EDGE_LOOP('',(#5807,#5808,#5809,#5810));
#1099=EDGE_LOOP('',(#5811,#5812,#5813,#5814));
#1100=EDGE_LOOP('',(#5815,#5816,#5817,#5818));
#1101=EDGE_LOOP('',(#5819,#5820,#5821,#5822));
#1102=EDGE_LOOP('',(#5823,#5824,#5825,#5826));
#1103=EDGE_LOOP('',(#5827,#5828,#5829,#5830));
#1104=EDGE_LOOP('',(#5831,#5832,#5833,#5834));
#1105=EDGE_LOOP('',(#5835,#5836,#5837,#5838));
#1106=EDGE_LOOP('',(#5839,#5840,#5841,#5842));
#1107=EDGE_LOOP('',(#5843,#5844,#5845,#5846));
#1108=EDGE_LOOP('',(#5847,#5848,#5849,#5850));
#1109=EDGE_LOOP('',(#5851,#5852,#5853,#5854));
#1110=EDGE_LOOP('',(#5855,#5856,#5857,#5858));
#1111=EDGE_LOOP('',(#5859,#5860,#5861,#5862));
#1112=EDGE_LOOP('',(#5863,#5864,#5865,#5866));
#1113=EDGE_LOOP('',(#5867,#5868,#5869,#5870));
#1114=EDGE_LOOP('',(#5871,#5872,#5873,#5874));
#1115=EDGE_LOOP('',(#5875,#5876,#5877,#5878));
#1116=EDGE_LOOP('',(#5879,#5880,#5881,#5882));
#1117=EDGE_LOOP('',(#5883,#5884,#5885,#5886));
#1118=EDGE_LOOP('',(#5887,#5888,#5889,#5890));
#1119=EDGE_LOOP('',(#5891,#5892,#5893,#5894));
#1120=EDGE_LOOP('',(#5895,#5896,#5897,#5898));
#1121=EDGE_LOOP('',(#5899,#5900,#5901,#5902));
#1122=EDGE_LOOP('',(#5903,#5904,#5905,#5906));
#1123=EDGE_LOOP('',(#5907,#5908,#5909,#5910));
#1124=EDGE_LOOP('',(#5911,#5912,#5913,#5914));
#1125=EDGE_LOOP('',(#5915,#5916,#5917,#5918));
#1126=EDGE_LOOP('',(#5919,#5920,#5921,#5922));
#1127=EDGE_LOOP('',(#5923,#5924,#5925,#5926));
#1128=EDGE_LOOP('',(#5927,#5928,#5929,#5930));
#1129=EDGE_LOOP('',(#5931,#5932,#5933,#5934));
#1130=EDGE_LOOP('',(#5935,#5936,#5937,#5938));
#1131=EDGE_LOOP('',(#5939,#5940,#5941,#5942));
#1132=EDGE_LOOP('',(#5943,#5944,#5945,#5946));
#1133=EDGE_LOOP('',(#5947,#5948,#5949,#5950));
#1134=EDGE_LOOP('',(#5951,#5952,#5953,#5954));
#1135=EDGE_LOOP('',(#5955,#5956,#5957,#5958));
#1136=EDGE_LOOP('',(#5959,#5960,#5961,#5962));
#1137=EDGE_LOOP('',(#5963,#5964,#5965,#5966));
#1138=EDGE_LOOP('',(#5967,#5968,#5969,#5970));
#1139=EDGE_LOOP('',(#5971,#5972,#5973,#5974));
#1140=EDGE_LOOP('',(#5975,#5976,#5977,#5978));
#1141=EDGE_LOOP('',(#5979,#5980,#5981,#5982));
#1142=EDGE_LOOP('',(#5983,#5984,#5985,#5986));
#1143=EDGE_LOOP('',(#5987,#5988,#5989,#5990));
#1144=EDGE_LOOP('',(#5991,#5992,#5993,#5994));
#1145=EDGE_LOOP('',(#5995,#5996,#5997,#5998));
#1146=EDGE_LOOP('',(#5999,#6000,#6001,#6002));
#1147=EDGE_LOOP('',(#6003,#6004,#6005,#6006));
#1148=EDGE_LOOP('',(#6007,#6008,#6009,#6010));
#1149=EDGE_LOOP('',(#6011,#6012,#6013,#6014));
#1150=EDGE_LOOP('',(#6015,#6016,#6017,#6018));
#1151=EDGE_LOOP('',(#6019,#6020,#6021,#6022));
#1152=EDGE_LOOP('',(#6023,#6024,#6025,#6026));
#1153=EDGE_LOOP('',(#6027,#6028,#6029,#6030));
#1154=EDGE_LOOP('',(#6031,#6032,#6033,#6034));
#1155=EDGE_LOOP('',(#6035,#6036,#6037,#6038));
#1156=EDGE_LOOP('',(#6039,#6040,#6041,#6042));
#1157=EDGE_LOOP('',(#6043,#6044,#6045,#6046));
#1158=EDGE_LOOP('',(#6047,#6048,#6049,#6050));
#1159=EDGE_LOOP('',(#6051,#6052,#6053,#6054));
#1160=EDGE_LOOP('',(#6055,#6056,#6057,#6058));
#1161=EDGE_LOOP('',(#6059,#6060,#6061,#6062));
#1162=EDGE_LOOP('',(#6063,#6064,#6065,#6066));
#1163=EDGE_LOOP('',(#6067,#6068,#6069,#6070));
#1164=EDGE_LOOP('',(#6071,#6072,#6073,#6074));
#1165=EDGE_LOOP('',(#6075,#6076,#6077,#6078));
#1166=EDGE_LOOP('',(#6079,#6080,#6081,#6082));
#1167=EDGE_LOOP('',(#6083,#6084,#6085,#6086));
#1168=EDGE_LOOP('',(#6087,#6088,#6089,#6090));
#1169=EDGE_LOOP('',(#6091,#6092,#6093,#6094));
#1170=EDGE_LOOP('',(#6095,#6096,#6097,#6098));
#1171=EDGE_LOOP('',(#6099,#6100,#6101,#6102));
#1172=EDGE_LOOP('',(#6103,#6104,#6105,#6106));
#1173=EDGE_LOOP('',(#6107,#6108,#6109,#6110));
#1174=EDGE_LOOP('',(#6111,#6112,#6113,#6114));
#1175=EDGE_LOOP('',(#6115,#6116,#6117,#6118));
#1176=EDGE_LOOP('',(#6119,#6120,#6121,#6122));
#1177=EDGE_LOOP('',(#6123,#6124,#6125,#6126));
#1178=EDGE_LOOP('',(#6127,#6128,#6129,#6130));
#1179=EDGE_LOOP('',(#6131,#6132,#6133,#6134));
#1180=EDGE_LOOP('',(#6135,#6136,#6137,#6138));
#1181=EDGE_LOOP('',(#6139,#6140,#6141,#6142));
#1182=EDGE_LOOP('',(#6143,#6144,#6145,#6146));
#1183=EDGE_LOOP('',(#6147,#6148,#6149,#6150));
#1184=EDGE_LOOP('',(#6151,#6152,#6153,#6154));
#1185=EDGE_LOOP('',(#6155,#6156,#6157,#6158));
#1186=EDGE_LOOP('',(#6159,#6160,#6161,#6162));
#1187=EDGE_LOOP('',(#6163,#6164,#6165,#6166));
#1188=EDGE_LOOP('',(#6167,#6168,#6169,#6170));
#1189=EDGE_LOOP('',(#6171,#6172,#6173,#6174));
#1190=EDGE_LOOP('',(#6175,#6176,#6177,#6178));
#1191=EDGE_LOOP('',(#6179,#6180,#6181,#6182));
#1192=EDGE_LOOP('',(#6183,#6184,#6185,#6186));
#1193=EDGE_LOOP('',(#6187,#6188,#6189,#6190));
#1194=EDGE_LOOP('',(#6191,#6192,#6193,#6194));
#1195=EDGE_LOOP('',(#6195,#6196,#6197,#6198));
#1196=EDGE_LOOP('',(#6199,#6200,#6201,#6202));
#1197=EDGE_LOOP('',(#6203,#6204,#6205,#6206));
#1198=EDGE_LOOP('',(#6207,#6208,#6209,#6210));
#1199=EDGE_LOOP('',(#6211,#6212,#6213,#6214));
#1200=EDGE_LOOP('',(#6215,#6216,#6217,#6218));
#1201=EDGE_LOOP('',(#6219,#6220,#6221,#6222));
#1202=EDGE_LOOP('',(#6223,#6224,#6225,#6226));
#1203=EDGE_LOOP('',(#6227,#6228,#6229,#6230));
#1204=EDGE_LOOP('',(#6231,#6232,#6233,#6234));
#1205=EDGE_LOOP('',(#6235,#6236,#6237,#6238));
#1206=EDGE_LOOP('',(#6239,#6240,#6241,#6242));
#1207=EDGE_LOOP('',(#6243,#6244,#6245,#6246));
#1208=EDGE_LOOP('',(#6247,#6248,#6249,#6250));
#1209=EDGE_LOOP('',(#6251,#6252,#6253,#6254));
#1210=EDGE_LOOP('',(#6255,#6256,#6257,#6258));
#1211=EDGE_LOOP('',(#6259,#6260,#6261,#6262));
#1212=EDGE_LOOP('',(#6263,#6264,#6265,#6266));
#1213=EDGE_LOOP('',(#6267,#6268,#6269,#6270));
#1214=EDGE_LOOP('',(#6271,#6272,#6273,#6274));
#1215=EDGE_LOOP('',(#6275,#6276,#6277,#6278));
#1216=EDGE_LOOP('',(#6279,#6280,#6281,#6282));
#1217=EDGE_LOOP('',(#6283,#6284,#6285,#6286));
#1218=EDGE_LOOP('',(#6287,#6288,#6289,#6290));
#1219=EDGE_LOOP('',(#6291,#6292,#6293,#6294));
#1220=EDGE_LOOP('',(#6295,#6296,#6297,#6298));
#1221=EDGE_LOOP('',(#6299,#6300,#6301,#6302));
#1222=EDGE_LOOP('',(#6303,#6304,#6305,#6306));
#1223=EDGE_LOOP('',(#6307,#6308,#6309,#6310));
#1224=EDGE_LOOP('',(#6311,#6312,#6313,#6314));
#1225=EDGE_LOOP('',(#6315,#6316,#6317,#6318));
#1226=EDGE_LOOP('',(#6319,#6320,#6321,#6322));
#1227=EDGE_LOOP('',(#6323,#6324,#6325,#6326));
#1228=EDGE_LOOP('',(#6327,#6328));
#1229=EDGE_LOOP('',(#6329,#6330));
#1230=EDGE_LOOP('',(#6331,#6332));
#1231=EDGE_LOOP('',(#6333,#6334));
#1232=EDGE_LOOP('',(#6335,#6336,#6337,#6338));
#1233=EDGE_LOOP('',(#6339,#6340,#6341,#6342));
#1234=EDGE_LOOP('',(#6343,#6344,#6345,#6346));
#1235=EDGE_LOOP('',(#6347,#6348,#6349,#6350));
#1236=EDGE_LOOP('',(#6351,#6352,#6353,#6354));
#1237=EDGE_LOOP('',(#6355,#6356,#6357,#6358,#6359,#6360,#6361));
#1238=EDGE_LOOP('',(#6362,#6363,#6364,#6365));
#1239=EDGE_LOOP('',(#6366,#6367,#6368,#6369));
#1240=EDGE_LOOP('',(#6370,#6371,#6372,#6373));
#1241=EDGE_LOOP('',(#6374,#6375,#6376,#6377));
#1242=EDGE_LOOP('',(#6378,#6379,#6380,#6381));
#1243=EDGE_LOOP('',(#6382,#6383,#6384,#6385));
#1244=EDGE_LOOP('',(#6386,#6387,#6388,#6389));
#1245=EDGE_LOOP('',(#6390,#6391,#6392,#6393));
#1246=EDGE_LOOP('',(#6394,#6395,#6396,#6397,#6398,#6399,#6400));
#1247=EDGE_LOOP('',(#6401,#6402,#6403,#6404));
#1248=EDGE_LOOP('',(#6405,#6406,#6407,#6408));
#1249=EDGE_LOOP('',(#6409,#6410,#6411,#6412));
#1250=EDGE_LOOP('',(#6413,#6414,#6415,#6416));
#1251=EDGE_LOOP('',(#6417,#6418,#6419,#6420));
#1252=EDGE_LOOP('',(#6421,#6422,#6423,#6424));
#1253=EDGE_LOOP('',(#6425,#6426,#6427,#6428));
#1254=EDGE_LOOP('',(#6429,#6430,#6431,#6432,#6433,#6434,#6435));
#1255=EDGE_LOOP('',(#6436,#6437,#6438,#6439));
#1256=EDGE_LOOP('',(#6440,#6441,#6442,#6443));
#1257=EDGE_LOOP('',(#6444,#6445,#6446,#6447));
#1258=EDGE_LOOP('',(#6448,#6449,#6450,#6451));
#1259=EDGE_LOOP('',(#6452,#6453,#6454,#6455));
#1260=EDGE_LOOP('',(#6456,#6457,#6458,#6459));
#1261=EDGE_LOOP('',(#6460,#6461,#6462,#6463));
#1262=EDGE_LOOP('',(#6464,#6465,#6466,#6467));
#1263=EDGE_LOOP('',(#6468,#6469,#6470,#6471,#6472,#6473,#6474));
#1264=EDGE_LOOP('',(#6475,#6476,#6477,#6478));
#1265=EDGE_LOOP('',(#6479,#6480,#6481,#6482));
#1266=EDGE_LOOP('',(#6483,#6484,#6485,#6486));
#1267=EDGE_LOOP('',(#6487,#6488,#6489,#6490));
#1268=EDGE_LOOP('',(#6491,#6492,#6493,#6494));
#1269=EDGE_LOOP('',(#6495,#6496,#6497,#6498));
#1270=EDGE_LOOP('',(#6499,#6500,#6501,#6502));
#1271=EDGE_LOOP('',(#6503,#6504,#6505,#6506,#6507,#6508,#6509));
#1272=EDGE_LOOP('',(#6510,#6511,#6512,#6513));
#1273=EDGE_LOOP('',(#6514,#6515,#6516,#6517));
#1274=EDGE_LOOP('',(#6518,#6519,#6520,#6521));
#1275=EDGE_LOOP('',(#6522,#6523,#6524,#6525));
#1276=EDGE_LOOP('',(#6526,#6527,#6528,#6529));
#1277=EDGE_LOOP('',(#6530,#6531,#6532,#6533));
#1278=EDGE_LOOP('',(#6534,#6535,#6536,#6537));
#1279=EDGE_LOOP('',(#6538,#6539,#6540,#6541));
#1280=EDGE_LOOP('',(#6542,#6543,#6544,#6545,#6546,#6547,#6548));
#1281=EDGE_LOOP('',(#6549,#6550,#6551,#6552));
#1282=EDGE_LOOP('',(#6553,#6554,#6555,#6556));
#1283=EDGE_LOOP('',(#6557,#6558,#6559,#6560));
#1284=EDGE_LOOP('',(#6561,#6562,#6563,#6564));
#1285=EDGE_LOOP('',(#6565,#6566,#6567,#6568));
#1286=EDGE_LOOP('',(#6569,#6570,#6571,#6572));
#1287=EDGE_LOOP('',(#6573,#6574,#6575,#6576));
#1288=EDGE_LOOP('',(#6577,#6578,#6579,#6580,#6581,#6582,#6583));
#1289=EDGE_LOOP('',(#6584,#6585,#6586,#6587));
#1290=EDGE_LOOP('',(#6588,#6589,#6590,#6591));
#1291=EDGE_LOOP('',(#6592,#6593,#6594,#6595));
#1292=EDGE_LOOP('',(#6596,#6597,#6598,#6599));
#1293=EDGE_LOOP('',(#6600,#6601,#6602,#6603));
#1294=EDGE_LOOP('',(#6604,#6605,#6606,#6607));
#1295=EDGE_LOOP('',(#6608,#6609,#6610,#6611));
#1296=EDGE_LOOP('',(#6612,#6613,#6614,#6615));
#1297=EDGE_LOOP('',(#6616,#6617,#6618,#6619,#6620,#6621,#6622));
#1298=EDGE_LOOP('',(#6623,#6624,#6625,#6626));
#1299=EDGE_LOOP('',(#6627,#6628,#6629,#6630));
#1300=EDGE_LOOP('',(#6631,#6632,#6633,#6634));
#1301=EDGE_LOOP('',(#6635,#6636,#6637,#6638));
#1302=EDGE_LOOP('',(#6639,#6640,#6641,#6642));
#1303=EDGE_LOOP('',(#6643,#6644,#6645,#6646));
#1304=EDGE_LOOP('',(#6647,#6648,#6649,#6650));
#1305=EDGE_LOOP('',(#6651,#6652,#6653,#6654,#6655,#6656,#6657));
#1306=EDGE_LOOP('',(#6658,#6659,#6660,#6661));
#1307=EDGE_LOOP('',(#6662,#6663,#6664,#6665));
#1308=EDGE_LOOP('',(#6666,#6667,#6668,#6669));
#1309=EDGE_LOOP('',(#6670,#6671,#6672,#6673));
#1310=EDGE_LOOP('',(#6674,#6675,#6676,#6677));
#1311=EDGE_LOOP('',(#6678,#6679,#6680,#6681));
#1312=EDGE_LOOP('',(#6682,#6683,#6684,#6685));
#1313=EDGE_LOOP('',(#6686,#6687,#6688,#6689));
#1314=EDGE_LOOP('',(#6690,#6691,#6692,#6693,#6694,#6695,#6696));
#1315=EDGE_LOOP('',(#6697,#6698,#6699,#6700));
#1316=EDGE_LOOP('',(#6701,#6702,#6703,#6704));
#1317=EDGE_LOOP('',(#6705,#6706,#6707,#6708));
#1318=EDGE_LOOP('',(#6709,#6710,#6711,#6712));
#1319=EDGE_LOOP('',(#6713,#6714,#6715,#6716));
#1320=EDGE_LOOP('',(#6717,#6718,#6719,#6720));
#1321=EDGE_LOOP('',(#6721,#6722,#6723,#6724));
#1322=EDGE_LOOP('',(#6725,#6726,#6727,#6728,#6729,#6730,#6731));
#1323=EDGE_LOOP('',(#6732,#6733,#6734,#6735));
#1324=EDGE_LOOP('',(#6736,#6737,#6738,#6739));
#1325=EDGE_LOOP('',(#6740,#6741,#6742,#6743));
#1326=EDGE_LOOP('',(#6744,#6745,#6746,#6747));
#1327=EDGE_LOOP('',(#6748,#6749,#6750,#6751));
#1328=EDGE_LOOP('',(#6752,#6753,#6754,#6755));
#1329=EDGE_LOOP('',(#6756,#6757,#6758,#6759));
#1330=EDGE_LOOP('',(#6760,#6761,#6762,#6763));
#1331=EDGE_LOOP('',(#6764,#6765,#6766,#6767,#6768,#6769,#6770));
#1332=EDGE_LOOP('',(#6771,#6772,#6773,#6774));
#1333=EDGE_LOOP('',(#6775,#6776,#6777,#6778));
#1334=EDGE_LOOP('',(#6779,#6780,#6781,#6782));
#1335=EDGE_LOOP('',(#6783,#6784,#6785,#6786));
#1336=EDGE_LOOP('',(#6787,#6788,#6789,#6790));
#1337=EDGE_LOOP('',(#6791,#6792,#6793,#6794));
#1338=EDGE_LOOP('',(#6795,#6796,#6797,#6798));
#1339=EDGE_LOOP('',(#6799,#6800,#6801,#6802,#6803,#6804,#6805));
#1340=EDGE_LOOP('',(#6806,#6807,#6808,#6809));
#1341=EDGE_LOOP('',(#6810,#6811,#6812,#6813));
#1342=EDGE_LOOP('',(#6814,#6815,#6816,#6817));
#1343=EDGE_LOOP('',(#6818,#6819,#6820,#6821));
#1344=EDGE_LOOP('',(#6822,#6823,#6824,#6825));
#1345=EDGE_LOOP('',(#6826,#6827,#6828,#6829));
#1346=EDGE_LOOP('',(#6830,#6831,#6832,#6833));
#1347=EDGE_LOOP('',(#6834,#6835,#6836,#6837));
#1348=EDGE_LOOP('',(#6838,#6839,#6840,#6841,#6842,#6843,#6844));
#1349=EDGE_LOOP('',(#6845,#6846,#6847,#6848));
#1350=EDGE_LOOP('',(#6849,#6850,#6851,#6852));
#1351=EDGE_LOOP('',(#6853,#6854,#6855,#6856));
#1352=EDGE_LOOP('',(#6857,#6858,#6859,#6860));
#1353=EDGE_LOOP('',(#6861,#6862,#6863,#6864));
#1354=EDGE_LOOP('',(#6865,#6866,#6867,#6868));
#1355=EDGE_LOOP('',(#6869,#6870,#6871,#6872));
#1356=EDGE_LOOP('',(#6873,#6874,#6875,#6876,#6877,#6878,#6879));
#1357=EDGE_LOOP('',(#6880,#6881,#6882,#6883));
#1358=EDGE_LOOP('',(#6884,#6885,#6886,#6887));
#1359=EDGE_LOOP('',(#6888,#6889,#6890,#6891));
#1360=EDGE_LOOP('',(#6892,#6893,#6894,#6895));
#1361=EDGE_LOOP('',(#6896,#6897,#6898,#6899));
#1362=EDGE_LOOP('',(#6900,#6901,#6902,#6903));
#1363=EDGE_LOOP('',(#6904,#6905,#6906,#6907));
#1364=EDGE_LOOP('',(#6908,#6909,#6910,#6911));
#1365=EDGE_LOOP('',(#6912,#6913,#6914,#6915,#6916,#6917,#6918));
#1366=EDGE_LOOP('',(#6919,#6920,#6921,#6922));
#1367=EDGE_LOOP('',(#6923,#6924,#6925,#6926));
#1368=EDGE_LOOP('',(#6927,#6928,#6929,#6930));
#1369=EDGE_LOOP('',(#6931,#6932,#6933,#6934,#6935,#6936,#6937,#6938));
#1370=EDGE_LOOP('',(#6939,#6940,#6941,#6942));
#1371=EDGE_LOOP('',(#6943,#6944,#6945,#6946));
#1372=EDGE_LOOP('',(#6947,#6948,#6949,#6950));
#1373=EDGE_LOOP('',(#6951,#6952,#6953,#6954));
#1374=EDGE_LOOP('',(#6955,#6956,#6957,#6958));
#1375=EDGE_LOOP('',(#6959,#6960,#6961,#6962));
#1376=EDGE_LOOP('',(#6963,#6964,#6965,#6966));
#1377=EDGE_LOOP('',(#6967,#6968,#6969,#6970));
#1378=EDGE_LOOP('',(#6971,#6972,#6973,#6974));
#1379=EDGE_LOOP('',(#6975,#6976,#6977,#6978));
#1380=EDGE_LOOP('',(#6979,#6980,#6981,#6982));
#1381=EDGE_LOOP('',(#6983,#6984,#6985,#6986));
#1382=EDGE_LOOP('',(#6987,#6988,#6989,#6990));
#1383=EDGE_LOOP('',(#6991,#6992,#6993,#6994));
#1384=EDGE_LOOP('',(#6995,#6996,#6997,#6998,#6999,#7000,#7001,#7002));
#1385=EDGE_LOOP('',(#7003,#7004,#7005,#7006));
#1386=EDGE_LOOP('',(#7007,#7008,#7009,#7010));
#1387=EDGE_LOOP('',(#7011,#7012,#7013,#7014,#7015,#7016,#7017,#7018));
#1388=EDGE_LOOP('',(#7019,#7020,#7021,#7022));
#1389=EDGE_LOOP('',(#7023,#7024,#7025,#7026));
#1390=EDGE_LOOP('',(#7027,#7028,#7029,#7030));
#1391=EDGE_LOOP('',(#7031,#7032,#7033,#7034));
#1392=EDGE_LOOP('',(#7035,#7036,#7037,#7038));
#1393=EDGE_LOOP('',(#7039,#7040,#7041,#7042));
#1394=EDGE_LOOP('',(#7043,#7044,#7045,#7046));
#1395=EDGE_LOOP('',(#7047,#7048,#7049,#7050));
#1396=EDGE_LOOP('',(#7051,#7052,#7053,#7054));
#1397=EDGE_LOOP('',(#7055,#7056,#7057,#7058));
#1398=EDGE_LOOP('',(#7059,#7060,#7061,#7062));
#1399=EDGE_LOOP('',(#7063,#7064,#7065,#7066));
#1400=EDGE_LOOP('',(#7067,#7068,#7069,#7070));
#1401=EDGE_LOOP('',(#7071,#7072,#7073,#7074));
#1402=EDGE_LOOP('',(#7075,#7076,#7077,#7078,#7079,#7080,#7081,#7082));
#1403=EDGE_LOOP('',(#7083,#7084,#7085,#7086));
#1404=EDGE_LOOP('',(#7087,#7088,#7089,#7090));
#1405=EDGE_LOOP('',(#7091,#7092,#7093,#7094,#7095,#7096,#7097,#7098));
#1406=EDGE_LOOP('',(#7099,#7100,#7101,#7102));
#1407=EDGE_LOOP('',(#7103,#7104,#7105,#7106));
#1408=EDGE_LOOP('',(#7107,#7108,#7109,#7110));
#1409=EDGE_LOOP('',(#7111,#7112,#7113,#7114));
#1410=EDGE_LOOP('',(#7115,#7116,#7117,#7118));
#1411=EDGE_LOOP('',(#7119,#7120,#7121,#7122));
#1412=EDGE_LOOP('',(#7123,#7124,#7125,#7126));
#1413=EDGE_LOOP('',(#7127,#7128,#7129,#7130));
#1414=EDGE_LOOP('',(#7131,#7132,#7133,#7134));
#1415=EDGE_LOOP('',(#7135,#7136,#7137,#7138));
#1416=EDGE_LOOP('',(#7139,#7140,#7141,#7142));
#1417=EDGE_LOOP('',(#7143,#7144,#7145,#7146));
#1418=EDGE_LOOP('',(#7147,#7148,#7149,#7150));
#1419=EDGE_LOOP('',(#7151,#7152,#7153,#7154));
#1420=EDGE_LOOP('',(#7155,#7156,#7157,#7158,#7159,#7160,#7161,#7162));
#1421=EDGE_LOOP('',(#7163,#7164,#7165,#7166));
#1422=EDGE_LOOP('',(#7167,#7168,#7169,#7170));
#1423=EDGE_LOOP('',(#7171,#7172,#7173,#7174,#7175,#7176,#7177,#7178));
#1424=EDGE_LOOP('',(#7179,#7180,#7181,#7182));
#1425=EDGE_LOOP('',(#7183,#7184,#7185,#7186));
#1426=EDGE_LOOP('',(#7187,#7188,#7189,#7190));
#1427=EDGE_LOOP('',(#7191,#7192,#7193,#7194));
#1428=EDGE_LOOP('',(#7195,#7196,#7197,#7198));
#1429=EDGE_LOOP('',(#7199,#7200,#7201,#7202));
#1430=EDGE_LOOP('',(#7203,#7204,#7205,#7206));
#1431=EDGE_LOOP('',(#7207,#7208,#7209,#7210));
#1432=EDGE_LOOP('',(#7211,#7212,#7213,#7214));
#1433=EDGE_LOOP('',(#7215,#7216,#7217,#7218));
#1434=EDGE_LOOP('',(#7219,#7220,#7221,#7222));
#1435=EDGE_LOOP('',(#7223,#7224,#7225,#7226));
#1436=EDGE_LOOP('',(#7227,#7228,#7229,#7230));
#1437=EDGE_LOOP('',(#7231,#7232,#7233,#7234));
#1438=EDGE_LOOP('',(#7235,#7236,#7237,#7238,#7239,#7240,#7241,#7242));
#1439=EDGE_LOOP('',(#7243,#7244,#7245,#7246));
#1440=EDGE_LOOP('',(#7247,#7248,#7249,#7250));
#1441=EDGE_LOOP('',(#7251,#7252,#7253,#7254,#7255,#7256,#7257,#7258));
#1442=EDGE_LOOP('',(#7259,#7260,#7261,#7262));
#1443=EDGE_LOOP('',(#7263,#7264,#7265,#7266));
#1444=EDGE_LOOP('',(#7267,#7268,#7269,#7270));
#1445=EDGE_LOOP('',(#7271,#7272,#7273,#7274));
#1446=EDGE_LOOP('',(#7275,#7276,#7277,#7278));
#1447=EDGE_LOOP('',(#7279,#7280,#7281,#7282));
#1448=EDGE_LOOP('',(#7283,#7284,#7285,#7286));
#1449=EDGE_LOOP('',(#7287,#7288,#7289,#7290));
#1450=EDGE_LOOP('',(#7291,#7292,#7293,#7294));
#1451=EDGE_LOOP('',(#7295,#7296,#7297,#7298));
#1452=EDGE_LOOP('',(#7299,#7300,#7301,#7302));
#1453=EDGE_LOOP('',(#7303,#7304,#7305,#7306));
#1454=EDGE_LOOP('',(#7307,#7308,#7309,#7310));
#1455=EDGE_LOOP('',(#7311,#7312,#7313,#7314));
#1456=EDGE_LOOP('',(#7315,#7316,#7317,#7318,#7319,#7320,#7321,#7322));
#1457=EDGE_LOOP('',(#7323,#7324,#7325,#7326));
#1458=EDGE_LOOP('',(#7327,#7328,#7329,#7330));
#1459=EDGE_LOOP('',(#7331,#7332,#7333,#7334,#7335,#7336,#7337,#7338));
#1460=EDGE_LOOP('',(#7339,#7340,#7341,#7342));
#1461=EDGE_LOOP('',(#7343,#7344,#7345,#7346));
#1462=EDGE_LOOP('',(#7347,#7348,#7349,#7350));
#1463=EDGE_LOOP('',(#7351,#7352,#7353,#7354));
#1464=EDGE_LOOP('',(#7355,#7356,#7357,#7358));
#1465=EDGE_LOOP('',(#7359,#7360,#7361,#7362));
#1466=EDGE_LOOP('',(#7363,#7364,#7365,#7366));
#1467=EDGE_LOOP('',(#7367,#7368,#7369,#7370));
#1468=EDGE_LOOP('',(#7371,#7372,#7373,#7374));
#1469=EDGE_LOOP('',(#7375,#7376,#7377,#7378));
#1470=EDGE_LOOP('',(#7379,#7380,#7381,#7382));
#1471=EDGE_LOOP('',(#7383,#7384,#7385,#7386));
#1472=EDGE_LOOP('',(#7387,#7388,#7389,#7390));
#1473=EDGE_LOOP('',(#7391,#7392,#7393,#7394));
#1474=EDGE_LOOP('',(#7395,#7396,#7397,#7398,#7399,#7400,#7401,#7402));
#1475=EDGE_LOOP('',(#7403,#7404,#7405,#7406));
#1476=EDGE_LOOP('',(#7407,#7408,#7409,#7410));
#1477=EDGE_LOOP('',(#7411,#7412,#7413,#7414,#7415,#7416,#7417,#7418));
#1478=EDGE_LOOP('',(#7419,#7420,#7421,#7422));
#1479=EDGE_LOOP('',(#7423,#7424,#7425,#7426));
#1480=EDGE_LOOP('',(#7427,#7428,#7429,#7430));
#1481=EDGE_LOOP('',(#7431,#7432,#7433,#7434));
#1482=EDGE_LOOP('',(#7435,#7436,#7437,#7438));
#1483=EDGE_LOOP('',(#7439,#7440,#7441,#7442));
#1484=EDGE_LOOP('',(#7443,#7444,#7445,#7446));
#1485=EDGE_LOOP('',(#7447,#7448,#7449,#7450));
#1486=EDGE_LOOP('',(#7451,#7452,#7453,#7454));
#1487=EDGE_LOOP('',(#7455,#7456,#7457,#7458));
#1488=EDGE_LOOP('',(#7459,#7460,#7461,#7462));
#1489=EDGE_LOOP('',(#7463,#7464,#7465,#7466));
#1490=EDGE_LOOP('',(#7467,#7468,#7469,#7470));
#1491=EDGE_LOOP('',(#7471,#7472,#7473,#7474,#7475,#7476,#7477,#7478));
#1492=EDGE_LOOP('',(#7479,#7480,#7481,#7482));
#1493=EDGE_LOOP('',(#7483,#7484,#7485,#7486));
#1494=EDGE_LOOP('',(#7487,#7488,#7489,#7490));
#1495=EDGE_LOOP('',(#7491,#7492,#7493,#7494,#7495,#7496,#7497,#7498));
#1496=EDGE_LOOP('',(#7499,#7500,#7501,#7502));
#1497=EDGE_LOOP('',(#7503,#7504,#7505,#7506));
#1498=EDGE_LOOP('',(#7507,#7508,#7509,#7510));
#1499=EDGE_LOOP('',(#7511,#7512,#7513,#7514));
#1500=EDGE_LOOP('',(#7515,#7516,#7517,#7518));
#1501=EDGE_LOOP('',(#7519,#7520,#7521,#7522));
#1502=EDGE_LOOP('',(#7523,#7524,#7525,#7526));
#1503=EDGE_LOOP('',(#7527,#7528,#7529,#7530));
#1504=EDGE_LOOP('',(#7531,#7532,#7533,#7534));
#1505=EDGE_LOOP('',(#7535,#7536,#7537,#7538));
#1506=EDGE_LOOP('',(#7539,#7540,#7541,#7542));
#1507=EDGE_LOOP('',(#7543,#7544,#7545,#7546));
#1508=EDGE_LOOP('',(#7547,#7548,#7549,#7550));
#1509=EDGE_LOOP('',(#7551,#7552,#7553,#7554));
#1510=EDGE_LOOP('',(#7555,#7556,#7557,#7558,#7559,#7560,#7561,#7562));
#1511=EDGE_LOOP('',(#7563,#7564,#7565,#7566));
#1512=LINE('',#10698,#2527);
#1513=LINE('',#10701,#2528);
#1514=LINE('',#10704,#2529);
#1515=LINE('',#10706,#2530);
#1516=LINE('',#10708,#2531);
#1517=LINE('',#10710,#2532);
#1518=LINE('',#10712,#2533);
#1519=LINE('',#10714,#2534);
#1520=LINE('',#10715,#2535);
#1521=LINE('',#10718,#2536);
#1522=LINE('',#10720,#2537);
#1523=LINE('',#10722,#2538);
#1524=LINE('',#10724,#2539);
#1525=LINE('',#10726,#2540);
#1526=LINE('',#10728,#2541);
#1527=LINE('',#10730,#2542);
#1528=LINE('',#10734,#2543);
#1529=LINE('',#10736,#2544);
#1530=LINE('',#10738,#2545);
#1531=LINE('',#10739,#2546);
#1532=LINE('',#10742,#2547);
#1533=LINE('',#10744,#2548);
#1534=LINE('',#10746,#2549);
#1535=LINE('',#10747,#2550);
#1536=LINE('',#10750,#2551);
#1537=LINE('',#10752,#2552);
#1538=LINE('',#10754,#2553);
#1539=LINE('',#10755,#2554);
#1540=LINE('',#10758,#2555);
#1541=LINE('',#10760,#2556);
#1542=LINE('',#10762,#2557);
#1543=LINE('',#10763,#2558);
#1544=LINE('',#10766,#2559);
#1545=LINE('',#10768,#2560);
#1546=LINE('',#10770,#2561);
#1547=LINE('',#10771,#2562);
#1548=LINE('',#10774,#2563);
#1549=LINE('',#10776,#2564);
#1550=LINE('',#10778,#2565);
#1551=LINE('',#10779,#2566);
#1552=LINE('',#10782,#2567);
#1553=LINE('',#10784,#2568);
#1554=LINE('',#10786,#2569);
#1555=LINE('',#10787,#2570);
#1556=LINE('',#10790,#2571);
#1557=LINE('',#10792,#2572);
#1558=LINE('',#10794,#2573);
#1559=LINE('',#10795,#2574);
#1560=LINE('',#10798,#2575);
#1561=LINE('',#10800,#2576);
#1562=LINE('',#10802,#2577);
#1563=LINE('',#10803,#2578);
#1564=LINE('',#10806,#2579);
#1565=LINE('',#10808,#2580);
#1566=LINE('',#10810,#2581);
#1567=LINE('',#10811,#2582);
#1568=LINE('',#10814,#2583);
#1569=LINE('',#10816,#2584);
#1570=LINE('',#10818,#2585);
#1571=LINE('',#10819,#2586);
#1572=LINE('',#10822,#2587);
#1573=LINE('',#10824,#2588);
#1574=LINE('',#10826,#2589);
#1575=LINE('',#10827,#2590);
#1576=LINE('',#10830,#2591);
#1577=LINE('',#10832,#2592);
#1578=LINE('',#10834,#2593);
#1579=LINE('',#10835,#2594);
#1580=LINE('',#10838,#2595);
#1581=LINE('',#10840,#2596);
#1582=LINE('',#10842,#2597);
#1583=LINE('',#10843,#2598);
#1584=LINE('',#10846,#2599);
#1585=LINE('',#10848,#2600);
#1586=LINE('',#10850,#2601);
#1587=LINE('',#10851,#2602);
#1588=LINE('',#10854,#2603);
#1589=LINE('',#10856,#2604);
#1590=LINE('',#10858,#2605);
#1591=LINE('',#10859,#2606);
#1592=LINE('',#10863,#2607);
#1593=LINE('',#10865,#2608);
#1594=LINE('',#10867,#2609);
#1595=LINE('',#10869,#2610);
#1596=LINE('',#10871,#2611);
#1597=LINE('',#10873,#2612);
#1598=LINE('',#10875,#2613);
#1599=LINE('',#10877,#2614);
#1600=LINE('',#10878,#2615);
#1601=LINE('',#10881,#2616);
#1602=LINE('',#10883,#2617);
#1603=LINE('',#10885,#2618);
#1604=LINE('',#10886,#2619);
#1605=LINE('',#10889,#2620);
#1606=LINE('',#10891,#2621);
#1607=LINE('',#10893,#2622);
#1608=LINE('',#10894,#2623);
#1609=LINE('',#10897,#2624);
#1610=LINE('',#10899,#2625);
#1611=LINE('',#10901,#2626);
#1612=LINE('',#10902,#2627);
#1613=LINE('',#10905,#2628);
#1614=LINE('',#10907,#2629);
#1615=LINE('',#10909,#2630);
#1616=LINE('',#10910,#2631);
#1617=LINE('',#10913,#2632);
#1618=LINE('',#10915,#2633);
#1619=LINE('',#10917,#2634);
#1620=LINE('',#10918,#2635);
#1621=LINE('',#10921,#2636);
#1622=LINE('',#10923,#2637);
#1623=LINE('',#10925,#2638);
#1624=LINE('',#10926,#2639);
#1625=LINE('',#10929,#2640);
#1626=LINE('',#10931,#2641);
#1627=LINE('',#10933,#2642);
#1628=LINE('',#10934,#2643);
#1629=LINE('',#10937,#2644);
#1630=LINE('',#10939,#2645);
#1631=LINE('',#10941,#2646);
#1632=LINE('',#10942,#2647);
#1633=LINE('',#10945,#2648);
#1634=LINE('',#10947,#2649);
#1635=LINE('',#10949,#2650);
#1636=LINE('',#10950,#2651);
#1637=LINE('',#10953,#2652);
#1638=LINE('',#10955,#2653);
#1639=LINE('',#10957,#2654);
#1640=LINE('',#10958,#2655);
#1641=LINE('',#10961,#2656);
#1642=LINE('',#10963,#2657);
#1643=LINE('',#10965,#2658);
#1644=LINE('',#10966,#2659);
#1645=LINE('',#10969,#2660);
#1646=LINE('',#10971,#2661);
#1647=LINE('',#10973,#2662);
#1648=LINE('',#10974,#2663);
#1649=LINE('',#10977,#2664);
#1650=LINE('',#10979,#2665);
#1651=LINE('',#10981,#2666);
#1652=LINE('',#10982,#2667);
#1653=LINE('',#10985,#2668);
#1654=LINE('',#10987,#2669);
#1655=LINE('',#10989,#2670);
#1656=LINE('',#10990,#2671);
#1657=LINE('',#10993,#2672);
#1658=LINE('',#10995,#2673);
#1659=LINE('',#10997,#2674);
#1660=LINE('',#10998,#2675);
#1661=LINE('',#11001,#2676);
#1662=LINE('',#11003,#2677);
#1663=LINE('',#11005,#2678);
#1664=LINE('',#11006,#2679);
#1665=LINE('',#11008,#2680);
#1666=LINE('',#11016,#2681);
#1667=LINE('',#11022,#2682);
#1668=LINE('',#11024,#2683);
#1669=LINE('',#11026,#2684);
#1670=LINE('',#11028,#2685);
#1671=LINE('',#11029,#2686);
#1672=LINE('',#11041,#2687);
#1673=LINE('',#11045,#2688);
#1674=LINE('',#11049,#2689);
#1675=LINE('',#11052,#2690);
#1676=LINE('',#11064,#2691);
#1677=LINE('',#11066,#2692);
#1678=LINE('',#11070,#2693);
#1679=LINE('',#11074,#2694);
#1680=LINE('',#11078,#2695);
#1681=LINE('',#11080,#2696);
#1682=LINE('',#11093,#2697);
#1683=LINE('',#11095,#2698);
#1684=LINE('',#11103,#2699);
#1685=LINE('',#11105,#2700);
#1686=LINE('',#11107,#2701);
#1687=LINE('',#11109,#2702);
#1688=LINE('',#11111,#2703);
#1689=LINE('',#11116,#2704);
#1690=LINE('',#11128,#2705);
#1691=LINE('',#11129,#2706);
#1692=LINE('',#11130,#2707);
#1693=LINE('',#11133,#2708);
#1694=LINE('',#11134,#2709);
#1695=LINE('',#11137,#2710);
#1696=LINE('',#11138,#2711);
#1697=LINE('',#11140,#2712);
#1698=LINE('',#11145,#2713);
#1699=LINE('',#11146,#2714);
#1700=LINE('',#11147,#2715);
#1701=LINE('',#11150,#2716);
#1702=LINE('',#11151,#2717);
#1703=LINE('',#11154,#2718);
#1704=LINE('',#11155,#2719);
#1705=LINE('',#11157,#2720);
#1706=LINE('',#11161,#2721);
#1707=LINE('',#11162,#2722);
#1708=LINE('',#11163,#2723);
#1709=LINE('',#11166,#2724);
#1710=LINE('',#11167,#2725);
#1711=LINE('',#11170,#2726);
#1712=LINE('',#11171,#2727);
#1713=LINE('',#11173,#2728);
#1714=LINE('',#11177,#2729);
#1715=LINE('',#11178,#2730);
#1716=LINE('',#11179,#2731);
#1717=LINE('',#11182,#2732);
#1718=LINE('',#11183,#2733);
#1719=LINE('',#11186,#2734);
#1720=LINE('',#11187,#2735);
#1721=LINE('',#11189,#2736);
#1722=LINE('',#11193,#2737);
#1723=LINE('',#11194,#2738);
#1724=LINE('',#11195,#2739);
#1725=LINE('',#11198,#2740);
#1726=LINE('',#11199,#2741);
#1727=LINE('',#11202,#2742);
#1728=LINE('',#11203,#2743);
#1729=LINE('',#11205,#2744);
#1730=LINE('',#11209,#2745);
#1731=LINE('',#11210,#2746);
#1732=LINE('',#11211,#2747);
#1733=LINE('',#11214,#2748);
#1734=LINE('',#11215,#2749);
#1735=LINE('',#11218,#2750);
#1736=LINE('',#11219,#2751);
#1737=LINE('',#11221,#2752);
#1738=LINE('',#11225,#2753);
#1739=LINE('',#11226,#2754);
#1740=LINE('',#11227,#2755);
#1741=LINE('',#11230,#2756);
#1742=LINE('',#11231,#2757);
#1743=LINE('',#11234,#2758);
#1744=LINE('',#11235,#2759);
#1745=LINE('',#11237,#2760);
#1746=LINE('',#11241,#2761);
#1747=LINE('',#11242,#2762);
#1748=LINE('',#11243,#2763);
#1749=LINE('',#11246,#2764);
#1750=LINE('',#11247,#2765);
#1751=LINE('',#11250,#2766);
#1752=LINE('',#11251,#2767);
#1753=LINE('',#11253,#2768);
#1754=LINE('',#11257,#2769);
#1755=LINE('',#11258,#2770);
#1756=LINE('',#11259,#2771);
#1757=LINE('',#11262,#2772);
#1758=LINE('',#11263,#2773);
#1759=LINE('',#11266,#2774);
#1760=LINE('',#11267,#2775);
#1761=LINE('',#11269,#2776);
#1762=LINE('',#11273,#2777);
#1763=LINE('',#11274,#2778);
#1764=LINE('',#11275,#2779);
#1765=LINE('',#11278,#2780);
#1766=LINE('',#11279,#2781);
#1767=LINE('',#11282,#2782);
#1768=LINE('',#11283,#2783);
#1769=LINE('',#11285,#2784);
#1770=LINE('',#11289,#2785);
#1771=LINE('',#11290,#2786);
#1772=LINE('',#11291,#2787);
#1773=LINE('',#11294,#2788);
#1774=LINE('',#11295,#2789);
#1775=LINE('',#11298,#2790);
#1776=LINE('',#11299,#2791);
#1777=LINE('',#11301,#2792);
#1778=LINE('',#11305,#2793);
#1779=LINE('',#11306,#2794);
#1780=LINE('',#11307,#2795);
#1781=LINE('',#11310,#2796);
#1782=LINE('',#11311,#2797);
#1783=LINE('',#11314,#2798);
#1784=LINE('',#11315,#2799);
#1785=LINE('',#11317,#2800);
#1786=LINE('',#11321,#2801);
#1787=LINE('',#11322,#2802);
#1788=LINE('',#11323,#2803);
#1789=LINE('',#11326,#2804);
#1790=LINE('',#11327,#2805);
#1791=LINE('',#11330,#2806);
#1792=LINE('',#11331,#2807);
#1793=LINE('',#11333,#2808);
#1794=LINE('',#11337,#2809);
#1795=LINE('',#11338,#2810);
#1796=LINE('',#11339,#2811);
#1797=LINE('',#11342,#2812);
#1798=LINE('',#11343,#2813);
#1799=LINE('',#11346,#2814);
#1800=LINE('',#11347,#2815);
#1801=LINE('',#11349,#2816);
#1802=LINE('',#11353,#2817);
#1803=LINE('',#11354,#2818);
#1804=LINE('',#11355,#2819);
#1805=LINE('',#11358,#2820);
#1806=LINE('',#11359,#2821);
#1807=LINE('',#11362,#2822);
#1808=LINE('',#11363,#2823);
#1809=LINE('',#11365,#2824);
#1810=LINE('',#11369,#2825);
#1811=LINE('',#11370,#2826);
#1812=LINE('',#11371,#2827);
#1813=LINE('',#11374,#2828);
#1814=LINE('',#11375,#2829);
#1815=LINE('',#11378,#2830);
#1816=LINE('',#11379,#2831);
#1817=LINE('',#11381,#2832);
#1818=LINE('',#11385,#2833);
#1819=LINE('',#11386,#2834);
#1820=LINE('',#11387,#2835);
#1821=LINE('',#11390,#2836);
#1822=LINE('',#11391,#2837);
#1823=LINE('',#11394,#2838);
#1824=LINE('',#11395,#2839);
#1825=LINE('',#11397,#2840);
#1826=LINE('',#11400,#2841);
#1827=LINE('',#11402,#2842);
#1828=LINE('',#11403,#2843);
#1829=LINE('',#11406,#2844);
#1830=LINE('',#11407,#2845);
#1831=LINE('',#11410,#2846);
#1832=LINE('',#11411,#2847);
#1833=LINE('',#11413,#2848);
#1834=LINE('',#11417,#2849);
#1835=LINE('',#11419,#2850);
#1836=LINE('',#11420,#2851);
#1837=LINE('',#11423,#2852);
#1838=LINE('',#11424,#2853);
#1839=LINE('',#11427,#2854);
#1840=LINE('',#11428,#2855);
#1841=LINE('',#11430,#2856);
#1842=LINE('',#11434,#2857);
#1843=LINE('',#11436,#2858);
#1844=LINE('',#11437,#2859);
#1845=LINE('',#11440,#2860);
#1846=LINE('',#11441,#2861);
#1847=LINE('',#11444,#2862);
#1848=LINE('',#11445,#2863);
#1849=LINE('',#11447,#2864);
#1850=LINE('',#11451,#2865);
#1851=LINE('',#11453,#2866);
#1852=LINE('',#11454,#2867);
#1853=LINE('',#11457,#2868);
#1854=LINE('',#11458,#2869);
#1855=LINE('',#11461,#2870);
#1856=LINE('',#11462,#2871);
#1857=LINE('',#11464,#2872);
#1858=LINE('',#11468,#2873);
#1859=LINE('',#11470,#2874);
#1860=LINE('',#11471,#2875);
#1861=LINE('',#11474,#2876);
#1862=LINE('',#11475,#2877);
#1863=LINE('',#11478,#2878);
#1864=LINE('',#11479,#2879);
#1865=LINE('',#11481,#2880);
#1866=LINE('',#11485,#2881);
#1867=LINE('',#11487,#2882);
#1868=LINE('',#11488,#2883);
#1869=LINE('',#11491,#2884);
#1870=LINE('',#11492,#2885);
#1871=LINE('',#11495,#2886);
#1872=LINE('',#11496,#2887);
#1873=LINE('',#11498,#2888);
#1874=LINE('',#11502,#2889);
#1875=LINE('',#11504,#2890);
#1876=LINE('',#11505,#2891);
#1877=LINE('',#11508,#2892);
#1878=LINE('',#11509,#2893);
#1879=LINE('',#11512,#2894);
#1880=LINE('',#11513,#2895);
#1881=LINE('',#11515,#2896);
#1882=LINE('',#11519,#2897);
#1883=LINE('',#11521,#2898);
#1884=LINE('',#11522,#2899);
#1885=LINE('',#11525,#2900);
#1886=LINE('',#11526,#2901);
#1887=LINE('',#11529,#2902);
#1888=LINE('',#11530,#2903);
#1889=LINE('',#11532,#2904);
#1890=LINE('',#11536,#2905);
#1891=LINE('',#11538,#2906);
#1892=LINE('',#11539,#2907);
#1893=LINE('',#11542,#2908);
#1894=LINE('',#11543,#2909);
#1895=LINE('',#11546,#2910);
#1896=LINE('',#11547,#2911);
#1897=LINE('',#11549,#2912);
#1898=LINE('',#11553,#2913);
#1899=LINE('',#11555,#2914);
#1900=LINE('',#11556,#2915);
#1901=LINE('',#11559,#2916);
#1902=LINE('',#11560,#2917);
#1903=LINE('',#11563,#2918);
#1904=LINE('',#11564,#2919);
#1905=LINE('',#11566,#2920);
#1906=LINE('',#11570,#2921);
#1907=LINE('',#11572,#2922);
#1908=LINE('',#11573,#2923);
#1909=LINE('',#11576,#2924);
#1910=LINE('',#11577,#2925);
#1911=LINE('',#11580,#2926);
#1912=LINE('',#11581,#2927);
#1913=LINE('',#11583,#2928);
#1914=LINE('',#11587,#2929);
#1915=LINE('',#11589,#2930);
#1916=LINE('',#11590,#2931);
#1917=LINE('',#11593,#2932);
#1918=LINE('',#11594,#2933);
#1919=LINE('',#11597,#2934);
#1920=LINE('',#11598,#2935);
#1921=LINE('',#11600,#2936);
#1922=LINE('',#11604,#2937);
#1923=LINE('',#11606,#2938);
#1924=LINE('',#11607,#2939);
#1925=LINE('',#11610,#2940);
#1926=LINE('',#11611,#2941);
#1927=LINE('',#11614,#2942);
#1928=LINE('',#11615,#2943);
#1929=LINE('',#11617,#2944);
#1930=LINE('',#11621,#2945);
#1931=LINE('',#11623,#2946);
#1932=LINE('',#11624,#2947);
#1933=LINE('',#11627,#2948);
#1934=LINE('',#11628,#2949);
#1935=LINE('',#11631,#2950);
#1936=LINE('',#11632,#2951);
#1937=LINE('',#11634,#2952);
#1938=LINE('',#11638,#2953);
#1939=LINE('',#11640,#2954);
#1940=LINE('',#11641,#2955);
#1941=LINE('',#11644,#2956);
#1942=LINE('',#11645,#2957);
#1943=LINE('',#11648,#2958);
#1944=LINE('',#11649,#2959);
#1945=LINE('',#11651,#2960);
#1946=LINE('',#11655,#2961);
#1947=LINE('',#11657,#2962);
#1948=LINE('',#11658,#2963);
#1949=LINE('',#11661,#2964);
#1950=LINE('',#11662,#2965);
#1951=LINE('',#11665,#2966);
#1952=LINE('',#11666,#2967);
#1953=LINE('',#11668,#2968);
#1954=LINE('',#11671,#2969);
#1955=LINE('',#11672,#2970);
#1956=LINE('',#11675,#2971);
#1957=LINE('',#11676,#2972);
#1958=LINE('',#11678,#2973);
#1959=LINE('',#11684,#2974);
#1960=LINE('',#11686,#2975);
#1961=LINE('',#11688,#2976);
#1962=LINE('',#11689,#2977);
#1963=LINE('',#11692,#2978);
#1964=LINE('',#11694,#2979);
#1965=LINE('',#11695,#2980);
#1966=LINE('',#11698,#2981);
#1967=LINE('',#11700,#2982);
#1968=LINE('',#11701,#2983);
#1969=LINE('',#11703,#2984);
#1970=LINE('',#11704,#2985);
#1971=LINE('',#11707,#2986);
#1972=LINE('',#11709,#2987);
#1973=LINE('',#11710,#2988);
#1974=LINE('',#11713,#2989);
#1975=LINE('',#11715,#2990);
#1976=LINE('',#11717,#2991);
#1977=LINE('',#11719,#2992);
#1978=LINE('',#11725,#2993);
#1979=LINE('',#11727,#2994);
#1980=LINE('',#11728,#2995);
#1981=LINE('',#11729,#2996);
#1982=LINE('',#11732,#2997);
#1983=LINE('',#11734,#2998);
#1984=LINE('',#11735,#2999);
#1985=LINE('',#11737,#3000);
#1986=LINE('',#11739,#3001);
#1987=LINE('',#11740,#3002);
#1988=LINE('',#11742,#3003);
#1989=LINE('',#11745,#3004);
#1990=LINE('',#11746,#3005);
#1991=LINE('',#11752,#3006);
#1992=LINE('',#11753,#3007);
#1993=LINE('',#11755,#3008);
#1994=LINE('',#11760,#3009);
#1995=LINE('',#11762,#3010);
#1996=LINE('',#11764,#3011);
#1997=LINE('',#11765,#3012);
#1998=LINE('',#11768,#3013);
#1999=LINE('',#11770,#3014);
#2000=LINE('',#11771,#3015);
#2001=LINE('',#11774,#3016);
#2002=LINE('',#11776,#3017);
#2003=LINE('',#11777,#3018);
#2004=LINE('',#11779,#3019);
#2005=LINE('',#11780,#3020);
#2006=LINE('',#11783,#3021);
#2007=LINE('',#11785,#3022);
#2008=LINE('',#11786,#3023);
#2009=LINE('',#11789,#3024);
#2010=LINE('',#11791,#3025);
#2011=LINE('',#11793,#3026);
#2012=LINE('',#11795,#3027);
#2013=LINE('',#11801,#3028);
#2014=LINE('',#11803,#3029);
#2015=LINE('',#11804,#3030);
#2016=LINE('',#11805,#3031);
#2017=LINE('',#11808,#3032);
#2018=LINE('',#11810,#3033);
#2019=LINE('',#11811,#3034);
#2020=LINE('',#11813,#3035);
#2021=LINE('',#11815,#3036);
#2022=LINE('',#11816,#3037);
#2023=LINE('',#11818,#3038);
#2024=LINE('',#11821,#3039);
#2025=LINE('',#11822,#3040);
#2026=LINE('',#11828,#3041);
#2027=LINE('',#11829,#3042);
#2028=LINE('',#11831,#3043);
#2029=LINE('',#11836,#3044);
#2030=LINE('',#11838,#3045);
#2031=LINE('',#11840,#3046);
#2032=LINE('',#11841,#3047);
#2033=LINE('',#11844,#3048);
#2034=LINE('',#11846,#3049);
#2035=LINE('',#11847,#3050);
#2036=LINE('',#11850,#3051);
#2037=LINE('',#11852,#3052);
#2038=LINE('',#11853,#3053);
#2039=LINE('',#11855,#3054);
#2040=LINE('',#11856,#3055);
#2041=LINE('',#11859,#3056);
#2042=LINE('',#11861,#3057);
#2043=LINE('',#11862,#3058);
#2044=LINE('',#11865,#3059);
#2045=LINE('',#11867,#3060);
#2046=LINE('',#11869,#3061);
#2047=LINE('',#11871,#3062);
#2048=LINE('',#11877,#3063);
#2049=LINE('',#11879,#3064);
#2050=LINE('',#11880,#3065);
#2051=LINE('',#11881,#3066);
#2052=LINE('',#11884,#3067);
#2053=LINE('',#11886,#3068);
#2054=LINE('',#11887,#3069);
#2055=LINE('',#11889,#3070);
#2056=LINE('',#11891,#3071);
#2057=LINE('',#11892,#3072);
#2058=LINE('',#11894,#3073);
#2059=LINE('',#11897,#3074);
#2060=LINE('',#11898,#3075);
#2061=LINE('',#11904,#3076);
#2062=LINE('',#11905,#3077);
#2063=LINE('',#11907,#3078);
#2064=LINE('',#11912,#3079);
#2065=LINE('',#11914,#3080);
#2066=LINE('',#11916,#3081);
#2067=LINE('',#11917,#3082);
#2068=LINE('',#11920,#3083);
#2069=LINE('',#11922,#3084);
#2070=LINE('',#11923,#3085);
#2071=LINE('',#11926,#3086);
#2072=LINE('',#11928,#3087);
#2073=LINE('',#11929,#3088);
#2074=LINE('',#11931,#3089);
#2075=LINE('',#11932,#3090);
#2076=LINE('',#11935,#3091);
#2077=LINE('',#11937,#3092);
#2078=LINE('',#11938,#3093);
#2079=LINE('',#11941,#3094);
#2080=LINE('',#11943,#3095);
#2081=LINE('',#11945,#3096);
#2082=LINE('',#11947,#3097);
#2083=LINE('',#11953,#3098);
#2084=LINE('',#11955,#3099);
#2085=LINE('',#11956,#3100);
#2086=LINE('',#11957,#3101);
#2087=LINE('',#11960,#3102);
#2088=LINE('',#11962,#3103);
#2089=LINE('',#11963,#3104);
#2090=LINE('',#11965,#3105);
#2091=LINE('',#11967,#3106);
#2092=LINE('',#11968,#3107);
#2093=LINE('',#11970,#3108);
#2094=LINE('',#11973,#3109);
#2095=LINE('',#11974,#3110);
#2096=LINE('',#11980,#3111);
#2097=LINE('',#11981,#3112);
#2098=LINE('',#11983,#3113);
#2099=LINE('',#11988,#3114);
#2100=LINE('',#11990,#3115);
#2101=LINE('',#11992,#3116);
#2102=LINE('',#11993,#3117);
#2103=LINE('',#11996,#3118);
#2104=LINE('',#11998,#3119);
#2105=LINE('',#11999,#3120);
#2106=LINE('',#12002,#3121);
#2107=LINE('',#12004,#3122);
#2108=LINE('',#12005,#3123);
#2109=LINE('',#12007,#3124);
#2110=LINE('',#12008,#3125);
#2111=LINE('',#12011,#3126);
#2112=LINE('',#12013,#3127);
#2113=LINE('',#12014,#3128);
#2114=LINE('',#12017,#3129);
#2115=LINE('',#12019,#3130);
#2116=LINE('',#12021,#3131);
#2117=LINE('',#12023,#3132);
#2118=LINE('',#12029,#3133);
#2119=LINE('',#12031,#3134);
#2120=LINE('',#12032,#3135);
#2121=LINE('',#12033,#3136);
#2122=LINE('',#12036,#3137);
#2123=LINE('',#12038,#3138);
#2124=LINE('',#12039,#3139);
#2125=LINE('',#12041,#3140);
#2126=LINE('',#12043,#3141);
#2127=LINE('',#12044,#3142);
#2128=LINE('',#12046,#3143);
#2129=LINE('',#12049,#3144);
#2130=LINE('',#12050,#3145);
#2131=LINE('',#12056,#3146);
#2132=LINE('',#12057,#3147);
#2133=LINE('',#12059,#3148);
#2134=LINE('',#12064,#3149);
#2135=LINE('',#12066,#3150);
#2136=LINE('',#12068,#3151);
#2137=LINE('',#12069,#3152);
#2138=LINE('',#12072,#3153);
#2139=LINE('',#12074,#3154);
#2140=LINE('',#12075,#3155);
#2141=LINE('',#12078,#3156);
#2142=LINE('',#12080,#3157);
#2143=LINE('',#12081,#3158);
#2144=LINE('',#12083,#3159);
#2145=LINE('',#12084,#3160);
#2146=LINE('',#12087,#3161);
#2147=LINE('',#12089,#3162);
#2148=LINE('',#12090,#3163);
#2149=LINE('',#12093,#3164);
#2150=LINE('',#12095,#3165);
#2151=LINE('',#12097,#3166);
#2152=LINE('',#12099,#3167);
#2153=LINE('',#12105,#3168);
#2154=LINE('',#12107,#3169);
#2155=LINE('',#12108,#3170);
#2156=LINE('',#12109,#3171);
#2157=LINE('',#12112,#3172);
#2158=LINE('',#12114,#3173);
#2159=LINE('',#12115,#3174);
#2160=LINE('',#12117,#3175);
#2161=LINE('',#12119,#3176);
#2162=LINE('',#12120,#3177);
#2163=LINE('',#12122,#3178);
#2164=LINE('',#12125,#3179);
#2165=LINE('',#12126,#3180);
#2166=LINE('',#12132,#3181);
#2167=LINE('',#12133,#3182);
#2168=LINE('',#12135,#3183);
#2169=LINE('',#12140,#3184);
#2170=LINE('',#12142,#3185);
#2171=LINE('',#12144,#3186);
#2172=LINE('',#12145,#3187);
#2173=LINE('',#12148,#3188);
#2174=LINE('',#12150,#3189);
#2175=LINE('',#12151,#3190);
#2176=LINE('',#12154,#3191);
#2177=LINE('',#12156,#3192);
#2178=LINE('',#12157,#3193);
#2179=LINE('',#12159,#3194);
#2180=LINE('',#12160,#3195);
#2181=LINE('',#12163,#3196);
#2182=LINE('',#12165,#3197);
#2183=LINE('',#12166,#3198);
#2184=LINE('',#12169,#3199);
#2185=LINE('',#12171,#3200);
#2186=LINE('',#12173,#3201);
#2187=LINE('',#12175,#3202);
#2188=LINE('',#12181,#3203);
#2189=LINE('',#12183,#3204);
#2190=LINE('',#12184,#3205);
#2191=LINE('',#12185,#3206);
#2192=LINE('',#12188,#3207);
#2193=LINE('',#12190,#3208);
#2194=LINE('',#12191,#3209);
#2195=LINE('',#12193,#3210);
#2196=LINE('',#12195,#3211);
#2197=LINE('',#12196,#3212);
#2198=LINE('',#12198,#3213);
#2199=LINE('',#12201,#3214);
#2200=LINE('',#12202,#3215);
#2201=LINE('',#12208,#3216);
#2202=LINE('',#12209,#3217);
#2203=LINE('',#12211,#3218);
#2204=LINE('',#12216,#3219);
#2205=LINE('',#12218,#3220);
#2206=LINE('',#12220,#3221);
#2207=LINE('',#12221,#3222);
#2208=LINE('',#12224,#3223);
#2209=LINE('',#12226,#3224);
#2210=LINE('',#12227,#3225);
#2211=LINE('',#12230,#3226);
#2212=LINE('',#12232,#3227);
#2213=LINE('',#12233,#3228);
#2214=LINE('',#12235,#3229);
#2215=LINE('',#12236,#3230);
#2216=LINE('',#12239,#3231);
#2217=LINE('',#12241,#3232);
#2218=LINE('',#12242,#3233);
#2219=LINE('',#12245,#3234);
#2220=LINE('',#12247,#3235);
#2221=LINE('',#12249,#3236);
#2222=LINE('',#12251,#3237);
#2223=LINE('',#12257,#3238);
#2224=LINE('',#12259,#3239);
#2225=LINE('',#12260,#3240);
#2226=LINE('',#12261,#3241);
#2227=LINE('',#12264,#3242);
#2228=LINE('',#12266,#3243);
#2229=LINE('',#12267,#3244);
#2230=LINE('',#12269,#3245);
#2231=LINE('',#12271,#3246);
#2232=LINE('',#12272,#3247);
#2233=LINE('',#12274,#3248);
#2234=LINE('',#12277,#3249);
#2235=LINE('',#12278,#3250);
#2236=LINE('',#12284,#3251);
#2237=LINE('',#12285,#3252);
#2238=LINE('',#12287,#3253);
#2239=LINE('',#12294,#3254);
#2240=LINE('',#12297,#3255);
#2241=LINE('',#12300,#3256);
#2242=LINE('',#12302,#3257);
#2243=LINE('',#12304,#3258);
#2244=LINE('',#12308,#3259);
#2245=LINE('',#12310,#3260);
#2246=LINE('',#12311,#3261);
#2247=LINE('',#12314,#3262);
#2248=LINE('',#12315,#3263);
#2249=LINE('',#12318,#3264);
#2250=LINE('',#12321,#3265);
#2251=LINE('',#12324,#3266);
#2252=LINE('',#12325,#3267);
#2253=LINE('',#12329,#3268);
#2254=LINE('',#12330,#3269);
#2255=LINE('',#12331,#3270);
#2256=LINE('',#12334,#3271);
#2257=LINE('',#12335,#3272);
#2258=LINE('',#12338,#3273);
#2259=LINE('',#12339,#3274);
#2260=LINE('',#12340,#3275);
#2261=LINE('',#12342,#3276);
#2262=LINE('',#12347,#3277);
#2263=LINE('',#12349,#3278);
#2264=LINE('',#12350,#3279);
#2265=LINE('',#12351,#3280);
#2266=LINE('',#12354,#3281);
#2267=LINE('',#12356,#3282);
#2268=LINE('',#12357,#3283);
#2269=LINE('',#12359,#3284);
#2270=LINE('',#12361,#3285);
#2271=LINE('',#12362,#3286);
#2272=LINE('',#12364,#3287);
#2273=LINE('',#12366,#3288);
#2274=LINE('',#12369,#3289);
#2275=LINE('',#12376,#3290);
#2276=LINE('',#12379,#3291);
#2277=LINE('',#12382,#3292);
#2278=LINE('',#12384,#3293);
#2279=LINE('',#12386,#3294);
#2280=LINE('',#12390,#3295);
#2281=LINE('',#12392,#3296);
#2282=LINE('',#12393,#3297);
#2283=LINE('',#12396,#3298);
#2284=LINE('',#12397,#3299);
#2285=LINE('',#12400,#3300);
#2286=LINE('',#12403,#3301);
#2287=LINE('',#12406,#3302);
#2288=LINE('',#12407,#3303);
#2289=LINE('',#12411,#3304);
#2290=LINE('',#12412,#3305);
#2291=LINE('',#12413,#3306);
#2292=LINE('',#12416,#3307);
#2293=LINE('',#12417,#3308);
#2294=LINE('',#12420,#3309);
#2295=LINE('',#12421,#3310);
#2296=LINE('',#12422,#3311);
#2297=LINE('',#12424,#3312);
#2298=LINE('',#12429,#3313);
#2299=LINE('',#12431,#3314);
#2300=LINE('',#12432,#3315);
#2301=LINE('',#12433,#3316);
#2302=LINE('',#12436,#3317);
#2303=LINE('',#12438,#3318);
#2304=LINE('',#12439,#3319);
#2305=LINE('',#12441,#3320);
#2306=LINE('',#12443,#3321);
#2307=LINE('',#12444,#3322);
#2308=LINE('',#12446,#3323);
#2309=LINE('',#12448,#3324);
#2310=LINE('',#12451,#3325);
#2311=LINE('',#12458,#3326);
#2312=LINE('',#12461,#3327);
#2313=LINE('',#12464,#3328);
#2314=LINE('',#12466,#3329);
#2315=LINE('',#12468,#3330);
#2316=LINE('',#12472,#3331);
#2317=LINE('',#12474,#3332);
#2318=LINE('',#12475,#3333);
#2319=LINE('',#12478,#3334);
#2320=LINE('',#12479,#3335);
#2321=LINE('',#12482,#3336);
#2322=LINE('',#12485,#3337);
#2323=LINE('',#12488,#3338);
#2324=LINE('',#12489,#3339);
#2325=LINE('',#12493,#3340);
#2326=LINE('',#12494,#3341);
#2327=LINE('',#12495,#3342);
#2328=LINE('',#12498,#3343);
#2329=LINE('',#12499,#3344);
#2330=LINE('',#12502,#3345);
#2331=LINE('',#12503,#3346);
#2332=LINE('',#12504,#3347);
#2333=LINE('',#12506,#3348);
#2334=LINE('',#12511,#3349);
#2335=LINE('',#12513,#3350);
#2336=LINE('',#12514,#3351);
#2337=LINE('',#12515,#3352);
#2338=LINE('',#12518,#3353);
#2339=LINE('',#12520,#3354);
#2340=LINE('',#12521,#3355);
#2341=LINE('',#12523,#3356);
#2342=LINE('',#12525,#3357);
#2343=LINE('',#12526,#3358);
#2344=LINE('',#12528,#3359);
#2345=LINE('',#12530,#3360);
#2346=LINE('',#12533,#3361);
#2347=LINE('',#12540,#3362);
#2348=LINE('',#12543,#3363);
#2349=LINE('',#12546,#3364);
#2350=LINE('',#12548,#3365);
#2351=LINE('',#12550,#3366);
#2352=LINE('',#12554,#3367);
#2353=LINE('',#12556,#3368);
#2354=LINE('',#12557,#3369);
#2355=LINE('',#12560,#3370);
#2356=LINE('',#12561,#3371);
#2357=LINE('',#12564,#3372);
#2358=LINE('',#12567,#3373);
#2359=LINE('',#12570,#3374);
#2360=LINE('',#12571,#3375);
#2361=LINE('',#12575,#3376);
#2362=LINE('',#12576,#3377);
#2363=LINE('',#12577,#3378);
#2364=LINE('',#12580,#3379);
#2365=LINE('',#12581,#3380);
#2366=LINE('',#12584,#3381);
#2367=LINE('',#12585,#3382);
#2368=LINE('',#12586,#3383);
#2369=LINE('',#12588,#3384);
#2370=LINE('',#12593,#3385);
#2371=LINE('',#12595,#3386);
#2372=LINE('',#12596,#3387);
#2373=LINE('',#12597,#3388);
#2374=LINE('',#12600,#3389);
#2375=LINE('',#12602,#3390);
#2376=LINE('',#12603,#3391);
#2377=LINE('',#12605,#3392);
#2378=LINE('',#12607,#3393);
#2379=LINE('',#12608,#3394);
#2380=LINE('',#12610,#3395);
#2381=LINE('',#12612,#3396);
#2382=LINE('',#12615,#3397);
#2383=LINE('',#12622,#3398);
#2384=LINE('',#12625,#3399);
#2385=LINE('',#12628,#3400);
#2386=LINE('',#12630,#3401);
#2387=LINE('',#12632,#3402);
#2388=LINE('',#12636,#3403);
#2389=LINE('',#12638,#3404);
#2390=LINE('',#12639,#3405);
#2391=LINE('',#12642,#3406);
#2392=LINE('',#12643,#3407);
#2393=LINE('',#12646,#3408);
#2394=LINE('',#12649,#3409);
#2395=LINE('',#12652,#3410);
#2396=LINE('',#12653,#3411);
#2397=LINE('',#12657,#3412);
#2398=LINE('',#12658,#3413);
#2399=LINE('',#12659,#3414);
#2400=LINE('',#12662,#3415);
#2401=LINE('',#12663,#3416);
#2402=LINE('',#12666,#3417);
#2403=LINE('',#12667,#3418);
#2404=LINE('',#12668,#3419);
#2405=LINE('',#12670,#3420);
#2406=LINE('',#12675,#3421);
#2407=LINE('',#12677,#3422);
#2408=LINE('',#12678,#3423);
#2409=LINE('',#12679,#3424);
#2410=LINE('',#12682,#3425);
#2411=LINE('',#12684,#3426);
#2412=LINE('',#12685,#3427);
#2413=LINE('',#12687,#3428);
#2414=LINE('',#12689,#3429);
#2415=LINE('',#12690,#3430);
#2416=LINE('',#12692,#3431);
#2417=LINE('',#12694,#3432);
#2418=LINE('',#12697,#3433);
#2419=LINE('',#12704,#3434);
#2420=LINE('',#12707,#3435);
#2421=LINE('',#12710,#3436);
#2422=LINE('',#12712,#3437);
#2423=LINE('',#12714,#3438);
#2424=LINE('',#12718,#3439);
#2425=LINE('',#12720,#3440);
#2426=LINE('',#12721,#3441);
#2427=LINE('',#12724,#3442);
#2428=LINE('',#12725,#3443);
#2429=LINE('',#12728,#3444);
#2430=LINE('',#12731,#3445);
#2431=LINE('',#12734,#3446);
#2432=LINE('',#12735,#3447);
#2433=LINE('',#12739,#3448);
#2434=LINE('',#12740,#3449);
#2435=LINE('',#12741,#3450);
#2436=LINE('',#12744,#3451);
#2437=LINE('',#12745,#3452);
#2438=LINE('',#12748,#3453);
#2439=LINE('',#12749,#3454);
#2440=LINE('',#12750,#3455);
#2441=LINE('',#12752,#3456);
#2442=LINE('',#12757,#3457);
#2443=LINE('',#12759,#3458);
#2444=LINE('',#12760,#3459);
#2445=LINE('',#12761,#3460);
#2446=LINE('',#12764,#3461);
#2447=LINE('',#12766,#3462);
#2448=LINE('',#12767,#3463);
#2449=LINE('',#12769,#3464);
#2450=LINE('',#12771,#3465);
#2451=LINE('',#12772,#3466);
#2452=LINE('',#12774,#3467);
#2453=LINE('',#12776,#3468);
#2454=LINE('',#12779,#3469);
#2455=LINE('',#12786,#3470);
#2456=LINE('',#12789,#3471);
#2457=LINE('',#12792,#3472);
#2458=LINE('',#12794,#3473);
#2459=LINE('',#12796,#3474);
#2460=LINE('',#12800,#3475);
#2461=LINE('',#12802,#3476);
#2462=LINE('',#12803,#3477);
#2463=LINE('',#12806,#3478);
#2464=LINE('',#12807,#3479);
#2465=LINE('',#12810,#3480);
#2466=LINE('',#12813,#3481);
#2467=LINE('',#12816,#3482);
#2468=LINE('',#12817,#3483);
#2469=LINE('',#12821,#3484);
#2470=LINE('',#12822,#3485);
#2471=LINE('',#12823,#3486);
#2472=LINE('',#12826,#3487);
#2473=LINE('',#12827,#3488);
#2474=LINE('',#12830,#3489);
#2475=LINE('',#12831,#3490);
#2476=LINE('',#12832,#3491);
#2477=LINE('',#12834,#3492);
#2478=LINE('',#12839,#3493);
#2479=LINE('',#12841,#3494);
#2480=LINE('',#12843,#3495);
#2481=LINE('',#12844,#3496);
#2482=LINE('',#12846,#3497);
#2483=LINE('',#12848,#3498);
#2484=LINE('',#12849,#3499);
#2485=LINE('',#12852,#3500);
#2486=LINE('',#12853,#3501);
#2487=LINE('',#12855,#3502);
#2488=LINE('',#12856,#3503);
#2489=LINE('',#12858,#3504);
#2490=LINE('',#12860,#3505);
#2491=LINE('',#12868,#3506);
#2492=LINE('',#12871,#3507);
#2493=LINE('',#12874,#3508);
#2494=LINE('',#12876,#3509);
#2495=LINE('',#12878,#3510);
#2496=LINE('',#12882,#3511);
#2497=LINE('',#12884,#3512);
#2498=LINE('',#12885,#3513);
#2499=LINE('',#12888,#3514);
#2500=LINE('',#12889,#3515);
#2501=LINE('',#12892,#3516);
#2502=LINE('',#12895,#3517);
#2503=LINE('',#12898,#3518);
#2504=LINE('',#12899,#3519);
#2505=LINE('',#12903,#3520);
#2506=LINE('',#12904,#3521);
#2507=LINE('',#12905,#3522);
#2508=LINE('',#12908,#3523);
#2509=LINE('',#12909,#3524);
#2510=LINE('',#12912,#3525);
#2511=LINE('',#12913,#3526);
#2512=LINE('',#12914,#3527);
#2513=LINE('',#12916,#3528);
#2514=LINE('',#12921,#3529);
#2515=LINE('',#12923,#3530);
#2516=LINE('',#12924,#3531);
#2517=LINE('',#12925,#3532);
#2518=LINE('',#12928,#3533);
#2519=LINE('',#12930,#3534);
#2520=LINE('',#12931,#3535);
#2521=LINE('',#12933,#3536);
#2522=LINE('',#12935,#3537);
#2523=LINE('',#12936,#3538);
#2524=LINE('',#12938,#3539);
#2525=LINE('',#12940,#3540);
#2526=LINE('',#12943,#3541);
#2527=VECTOR('',#8623,10.);
#2528=VECTOR('',#8626,10.);
#2529=VECTOR('',#8629,10.);
#2530=VECTOR('',#8630,10.);
#2531=VECTOR('',#8631,10.);
#2532=VECTOR('',#8632,10.);
#2533=VECTOR('',#8633,10.);
#2534=VECTOR('',#8634,10.);
#2535=VECTOR('',#8635,10.);
#2536=VECTOR('',#8638,10.);
#2537=VECTOR('',#8639,10.);
#2538=VECTOR('',#8640,10.);
#2539=VECTOR('',#8641,10.);
#2540=VECTOR('',#8642,10.);
#2541=VECTOR('',#8643,10.);
#2542=VECTOR('',#8644,10.);
#2543=VECTOR('',#8647,10.);
#2544=VECTOR('',#8648,10.);
#2545=VECTOR('',#8649,10.);
#2546=VECTOR('',#8650,10.);
#2547=VECTOR('',#8651,10.);
#2548=VECTOR('',#8652,10.);
#2549=VECTOR('',#8653,10.);
#2550=VECTOR('',#8654,10.);
#2551=VECTOR('',#8655,10.);
#2552=VECTOR('',#8656,10.);
#2553=VECTOR('',#8657,10.);
#2554=VECTOR('',#8658,10.);
#2555=VECTOR('',#8659,10.);
#2556=VECTOR('',#8660,10.);
#2557=VECTOR('',#8661,10.);
#2558=VECTOR('',#8662,10.);
#2559=VECTOR('',#8663,10.);
#2560=VECTOR('',#8664,10.);
#2561=VECTOR('',#8665,10.);
#2562=VECTOR('',#8666,10.);
#2563=VECTOR('',#8667,10.);
#2564=VECTOR('',#8668,10.);
#2565=VECTOR('',#8669,10.);
#2566=VECTOR('',#8670,10.);
#2567=VECTOR('',#8671,10.);
#2568=VECTOR('',#8672,10.);
#2569=VECTOR('',#8673,10.);
#2570=VECTOR('',#8674,10.);
#2571=VECTOR('',#8675,10.);
#2572=VECTOR('',#8676,10.);
#2573=VECTOR('',#8677,10.);
#2574=VECTOR('',#8678,10.);
#2575=VECTOR('',#8679,10.);
#2576=VECTOR('',#8680,10.);
#2577=VECTOR('',#8681,10.);
#2578=VECTOR('',#8682,10.);
#2579=VECTOR('',#8683,10.);
#2580=VECTOR('',#8684,10.);
#2581=VECTOR('',#8685,10.);
#2582=VECTOR('',#8686,10.);
#2583=VECTOR('',#8687,10.);
#2584=VECTOR('',#8688,10.);
#2585=VECTOR('',#8689,10.);
#2586=VECTOR('',#8690,10.);
#2587=VECTOR('',#8691,10.);
#2588=VECTOR('',#8692,10.);
#2589=VECTOR('',#8693,10.);
#2590=VECTOR('',#8694,10.);
#2591=VECTOR('',#8695,10.);
#2592=VECTOR('',#8696,10.);
#2593=VECTOR('',#8697,10.);
#2594=VECTOR('',#8698,10.);
#2595=VECTOR('',#8699,10.);
#2596=VECTOR('',#8700,10.);
#2597=VECTOR('',#8701,10.);
#2598=VECTOR('',#8702,10.);
#2599=VECTOR('',#8703,10.);
#2600=VECTOR('',#8704,10.);
#2601=VECTOR('',#8705,10.);
#2602=VECTOR('',#8706,10.);
#2603=VECTOR('',#8707,10.);
#2604=VECTOR('',#8708,10.);
#2605=VECTOR('',#8709,10.);
#2606=VECTOR('',#8710,10.);
#2607=VECTOR('',#8715,10.);
#2608=VECTOR('',#8718,10.);
#2609=VECTOR('',#8719,10.);
#2610=VECTOR('',#8720,10.);
#2611=VECTOR('',#8721,10.);
#2612=VECTOR('',#8722,10.);
#2613=VECTOR('',#8723,10.);
#2614=VECTOR('',#8724,10.);
#2615=VECTOR('',#8725,10.);
#2616=VECTOR('',#8726,10.);
#2617=VECTOR('',#8727,10.);
#2618=VECTOR('',#8728,10.);
#2619=VECTOR('',#8729,10.);
#2620=VECTOR('',#8730,10.);
#2621=VECTOR('',#8731,10.);
#2622=VECTOR('',#8732,10.);
#2623=VECTOR('',#8733,10.);
#2624=VECTOR('',#8734,10.);
#2625=VECTOR('',#8735,10.);
#2626=VECTOR('',#8736,10.);
#2627=VECTOR('',#8737,10.);
#2628=VECTOR('',#8738,10.);
#2629=VECTOR('',#8739,10.);
#2630=VECTOR('',#8740,10.);
#2631=VECTOR('',#8741,10.);
#2632=VECTOR('',#8742,10.);
#2633=VECTOR('',#8743,10.);
#2634=VECTOR('',#8744,10.);
#2635=VECTOR('',#8745,10.);
#2636=VECTOR('',#8746,10.);
#2637=VECTOR('',#8747,10.);
#2638=VECTOR('',#8748,10.);
#2639=VECTOR('',#8749,10.);
#2640=VECTOR('',#8750,10.);
#2641=VECTOR('',#8751,10.);
#2642=VECTOR('',#8752,10.);
#2643=VECTOR('',#8753,10.);
#2644=VECTOR('',#8754,10.);
#2645=VECTOR('',#8755,10.);
#2646=VECTOR('',#8756,10.);
#2647=VECTOR('',#8757,10.);
#2648=VECTOR('',#8758,10.);
#2649=VECTOR('',#8759,10.);
#2650=VECTOR('',#8760,10.);
#2651=VECTOR('',#8761,10.);
#2652=VECTOR('',#8762,10.);
#2653=VECTOR('',#8763,10.);
#2654=VECTOR('',#8764,10.);
#2655=VECTOR('',#8765,10.);
#2656=VECTOR('',#8766,10.);
#2657=VECTOR('',#8767,10.);
#2658=VECTOR('',#8768,10.);
#2659=VECTOR('',#8769,10.);
#2660=VECTOR('',#8770,10.);
#2661=VECTOR('',#8771,10.);
#2662=VECTOR('',#8772,10.);
#2663=VECTOR('',#8773,10.);
#2664=VECTOR('',#8774,10.);
#2665=VECTOR('',#8775,10.);
#2666=VECTOR('',#8776,10.);
#2667=VECTOR('',#8777,10.);
#2668=VECTOR('',#8778,10.);
#2669=VECTOR('',#8779,10.);
#2670=VECTOR('',#8780,10.);
#2671=VECTOR('',#8781,10.);
#2672=VECTOR('',#8782,10.);
#2673=VECTOR('',#8783,10.);
#2674=VECTOR('',#8784,10.);
#2675=VECTOR('',#8785,10.);
#2676=VECTOR('',#8786,10.);
#2677=VECTOR('',#8787,10.);
#2678=VECTOR('',#8788,10.);
#2679=VECTOR('',#8789,10.);
#2680=VECTOR('',#8792,10.);
#2681=VECTOR('',#8795,10.);
#2682=VECTOR('',#8796,10.);
#2683=VECTOR('',#8797,10.);
#2684=VECTOR('',#8798,10.);
#2685=VECTOR('',#8799,10.);
#2686=VECTOR('',#8800,10.);
#2687=VECTOR('',#8819,10.);
#2688=VECTOR('',#8822,10.);
#2689=VECTOR('',#8827,10.);
#2690=VECTOR('',#8830,10.);
#2691=VECTOR('',#8837,10.);
#2692=VECTOR('',#8840,10.);
#2693=VECTOR('',#8843,10.);
#2694=VECTOR('',#8846,10.);
#2695=VECTOR('',#8851,10.);
#2696=VECTOR('',#8852,10.);
#2697=VECTOR('',#8861,10.);
#2698=VECTOR('',#8864,10.);
#2699=VECTOR('',#8867,10.);
#2700=VECTOR('',#8868,10.);
#2701=VECTOR('',#8869,10.);
#2702=VECTOR('',#8870,10.);
#2703=VECTOR('',#8871,10.);
#2704=VECTOR('',#8872,10.);
#2705=VECTOR('',#8891,10.);
#2706=VECTOR('',#8892,10.);
#2707=VECTOR('',#8893,10.);
#2708=VECTOR('',#8896,10.);
#2709=VECTOR('',#8897,10.);
#2710=VECTOR('',#8900,10.);
#2711=VECTOR('',#8901,10.);
#2712=VECTOR('',#8904,10.);
#2713=VECTOR('',#8909,10.);
#2714=VECTOR('',#8910,10.);
#2715=VECTOR('',#8911,10.);
#2716=VECTOR('',#8914,10.);
#2717=VECTOR('',#8915,10.);
#2718=VECTOR('',#8918,10.);
#2719=VECTOR('',#8919,10.);
#2720=VECTOR('',#8922,10.);
#2721=VECTOR('',#8925,10.);
#2722=VECTOR('',#8926,10.);
#2723=VECTOR('',#8927,10.);
#2724=VECTOR('',#8930,10.);
#2725=VECTOR('',#8931,10.);
#2726=VECTOR('',#8934,10.);
#2727=VECTOR('',#8935,10.);
#2728=VECTOR('',#8938,10.);
#2729=VECTOR('',#8941,10.);
#2730=VECTOR('',#8942,10.);
#2731=VECTOR('',#8943,10.);
#2732=VECTOR('',#8946,10.);
#2733=VECTOR('',#8947,10.);
#2734=VECTOR('',#8950,10.);
#2735=VECTOR('',#8951,10.);
#2736=VECTOR('',#8954,10.);
#2737=VECTOR('',#8957,10.);
#2738=VECTOR('',#8958,10.);
#2739=VECTOR('',#8959,10.);
#2740=VECTOR('',#8962,10.);
#2741=VECTOR('',#8963,10.);
#2742=VECTOR('',#8966,10.);
#2743=VECTOR('',#8967,10.);
#2744=VECTOR('',#8970,10.);
#2745=VECTOR('',#8973,10.);
#2746=VECTOR('',#8974,10.);
#2747=VECTOR('',#8975,10.);
#2748=VECTOR('',#8978,10.);
#2749=VECTOR('',#8979,10.);
#2750=VECTOR('',#8982,10.);
#2751=VECTOR('',#8983,10.);
#2752=VECTOR('',#8986,10.);
#2753=VECTOR('',#8989,10.);
#2754=VECTOR('',#8990,10.);
#2755=VECTOR('',#8991,10.);
#2756=VECTOR('',#8994,10.);
#2757=VECTOR('',#8995,10.);
#2758=VECTOR('',#8998,10.);
#2759=VECTOR('',#8999,10.);
#2760=VECTOR('',#9002,10.);
#2761=VECTOR('',#9005,10.);
#2762=VECTOR('',#9006,10.);
#2763=VECTOR('',#9007,10.);
#2764=VECTOR('',#9010,10.);
#2765=VECTOR('',#9011,10.);
#2766=VECTOR('',#9014,10.);
#2767=VECTOR('',#9015,10.);
#2768=VECTOR('',#9018,10.);
#2769=VECTOR('',#9021,10.);
#2770=VECTOR('',#9022,10.);
#2771=VECTOR('',#9023,10.);
#2772=VECTOR('',#9026,10.);
#2773=VECTOR('',#9027,10.);
#2774=VECTOR('',#9030,10.);
#2775=VECTOR('',#9031,10.);
#2776=VECTOR('',#9034,10.);
#2777=VECTOR('',#9037,10.);
#2778=VECTOR('',#9038,10.);
#2779=VECTOR('',#9039,10.);
#2780=VECTOR('',#9042,10.);
#2781=VECTOR('',#9043,10.);
#2782=VECTOR('',#9046,10.);
#2783=VECTOR('',#9047,10.);
#2784=VECTOR('',#9050,10.);
#2785=VECTOR('',#9053,10.);
#2786=VECTOR('',#9054,10.);
#2787=VECTOR('',#9055,10.);
#2788=VECTOR('',#9058,10.);
#2789=VECTOR('',#9059,10.);
#2790=VECTOR('',#9062,10.);
#2791=VECTOR('',#9063,10.);
#2792=VECTOR('',#9066,10.);
#2793=VECTOR('',#9069,10.);
#2794=VECTOR('',#9070,10.);
#2795=VECTOR('',#9071,10.);
#2796=VECTOR('',#9074,10.);
#2797=VECTOR('',#9075,10.);
#2798=VECTOR('',#9078,10.);
#2799=VECTOR('',#9079,10.);
#2800=VECTOR('',#9082,10.);
#2801=VECTOR('',#9085,10.);
#2802=VECTOR('',#9086,10.);
#2803=VECTOR('',#9087,10.);
#2804=VECTOR('',#9090,10.);
#2805=VECTOR('',#9091,10.);
#2806=VECTOR('',#9094,10.);
#2807=VECTOR('',#9095,10.);
#2808=VECTOR('',#9098,10.);
#2809=VECTOR('',#9101,10.);
#2810=VECTOR('',#9102,10.);
#2811=VECTOR('',#9103,10.);
#2812=VECTOR('',#9106,10.);
#2813=VECTOR('',#9107,10.);
#2814=VECTOR('',#9110,10.);
#2815=VECTOR('',#9111,10.);
#2816=VECTOR('',#9114,10.);
#2817=VECTOR('',#9117,10.);
#2818=VECTOR('',#9118,10.);
#2819=VECTOR('',#9119,10.);
#2820=VECTOR('',#9122,10.);
#2821=VECTOR('',#9123,10.);
#2822=VECTOR('',#9126,10.);
#2823=VECTOR('',#9127,10.);
#2824=VECTOR('',#9130,10.);
#2825=VECTOR('',#9133,10.);
#2826=VECTOR('',#9134,10.);
#2827=VECTOR('',#9135,10.);
#2828=VECTOR('',#9138,10.);
#2829=VECTOR('',#9139,10.);
#2830=VECTOR('',#9142,10.);
#2831=VECTOR('',#9143,10.);
#2832=VECTOR('',#9146,10.);
#2833=VECTOR('',#9149,10.);
#2834=VECTOR('',#9150,10.);
#2835=VECTOR('',#9151,10.);
#2836=VECTOR('',#9154,10.);
#2837=VECTOR('',#9155,10.);
#2838=VECTOR('',#9158,10.);
#2839=VECTOR('',#9159,10.);
#2840=VECTOR('',#9162,10.);
#2841=VECTOR('',#9165,10.);
#2842=VECTOR('',#9166,10.);
#2843=VECTOR('',#9167,10.);
#2844=VECTOR('',#9170,10.);
#2845=VECTOR('',#9171,10.);
#2846=VECTOR('',#9174,10.);
#2847=VECTOR('',#9175,10.);
#2848=VECTOR('',#9178,10.);
#2849=VECTOR('',#9183,10.);
#2850=VECTOR('',#9184,10.);
#2851=VECTOR('',#9185,10.);
#2852=VECTOR('',#9188,10.);
#2853=VECTOR('',#9189,10.);
#2854=VECTOR('',#9192,10.);
#2855=VECTOR('',#9193,10.);
#2856=VECTOR('',#9196,10.);
#2857=VECTOR('',#9201,10.);
#2858=VECTOR('',#9202,10.);
#2859=VECTOR('',#9203,10.);
#2860=VECTOR('',#9206,10.);
#2861=VECTOR('',#9207,10.);
#2862=VECTOR('',#9210,10.);
#2863=VECTOR('',#9211,10.);
#2864=VECTOR('',#9214,10.);
#2865=VECTOR('',#9219,10.);
#2866=VECTOR('',#9220,10.);
#2867=VECTOR('',#9221,10.);
#2868=VECTOR('',#9224,10.);
#2869=VECTOR('',#9225,10.);
#2870=VECTOR('',#9228,10.);
#2871=VECTOR('',#9229,10.);
#2872=VECTOR('',#9232,10.);
#2873=VECTOR('',#9237,10.);
#2874=VECTOR('',#9238,10.);
#2875=VECTOR('',#9239,10.);
#2876=VECTOR('',#9242,10.);
#2877=VECTOR('',#9243,10.);
#2878=VECTOR('',#9246,10.);
#2879=VECTOR('',#9247,10.);
#2880=VECTOR('',#9250,10.);
#2881=VECTOR('',#9255,10.);
#2882=VECTOR('',#9256,10.);
#2883=VECTOR('',#9257,10.);
#2884=VECTOR('',#9260,10.);
#2885=VECTOR('',#9261,10.);
#2886=VECTOR('',#9264,10.);
#2887=VECTOR('',#9265,10.);
#2888=VECTOR('',#9268,10.);
#2889=VECTOR('',#9273,10.);
#2890=VECTOR('',#9274,10.);
#2891=VECTOR('',#9275,10.);
#2892=VECTOR('',#9278,10.);
#2893=VECTOR('',#9279,10.);
#2894=VECTOR('',#9282,10.);
#2895=VECTOR('',#9283,10.);
#2896=VECTOR('',#9286,10.);
#2897=VECTOR('',#9291,10.);
#2898=VECTOR('',#9292,10.);
#2899=VECTOR('',#9293,10.);
#2900=VECTOR('',#9296,10.);
#2901=VECTOR('',#9297,10.);
#2902=VECTOR('',#9300,10.);
#2903=VECTOR('',#9301,10.);
#2904=VECTOR('',#9304,10.);
#2905=VECTOR('',#9309,10.);
#2906=VECTOR('',#9310,10.);
#2907=VECTOR('',#9311,10.);
#2908=VECTOR('',#9314,10.);
#2909=VECTOR('',#9315,10.);
#2910=VECTOR('',#9318,10.);
#2911=VECTOR('',#9319,10.);
#2912=VECTOR('',#9322,10.);
#2913=VECTOR('',#9327,10.);
#2914=VECTOR('',#9328,10.);
#2915=VECTOR('',#9329,10.);
#2916=VECTOR('',#9332,10.);
#2917=VECTOR('',#9333,10.);
#2918=VECTOR('',#9336,10.);
#2919=VECTOR('',#9337,10.);
#2920=VECTOR('',#9340,10.);
#2921=VECTOR('',#9345,10.);
#2922=VECTOR('',#9346,10.);
#2923=VECTOR('',#9347,10.);
#2924=VECTOR('',#9350,10.);
#2925=VECTOR('',#9351,10.);
#2926=VECTOR('',#9354,10.);
#2927=VECTOR('',#9355,10.);
#2928=VECTOR('',#9358,10.);
#2929=VECTOR('',#9363,10.);
#2930=VECTOR('',#9364,10.);
#2931=VECTOR('',#9365,10.);
#2932=VECTOR('',#9368,10.);
#2933=VECTOR('',#9369,10.);
#2934=VECTOR('',#9372,10.);
#2935=VECTOR('',#9373,10.);
#2936=VECTOR('',#9376,10.);
#2937=VECTOR('',#9381,10.);
#2938=VECTOR('',#9382,10.);
#2939=VECTOR('',#9383,10.);
#2940=VECTOR('',#9386,10.);
#2941=VECTOR('',#9387,10.);
#2942=VECTOR('',#9390,10.);
#2943=VECTOR('',#9391,10.);
#2944=VECTOR('',#9394,10.);
#2945=VECTOR('',#9399,10.);
#2946=VECTOR('',#9400,10.);
#2947=VECTOR('',#9401,10.);
#2948=VECTOR('',#9404,10.);
#2949=VECTOR('',#9405,10.);
#2950=VECTOR('',#9408,10.);
#2951=VECTOR('',#9409,10.);
#2952=VECTOR('',#9412,10.);
#2953=VECTOR('',#9417,10.);
#2954=VECTOR('',#9418,10.);
#2955=VECTOR('',#9419,10.);
#2956=VECTOR('',#9422,10.);
#2957=VECTOR('',#9423,10.);
#2958=VECTOR('',#9426,10.);
#2959=VECTOR('',#9427,10.);
#2960=VECTOR('',#9430,10.);
#2961=VECTOR('',#9435,10.);
#2962=VECTOR('',#9436,10.);
#2963=VECTOR('',#9437,10.);
#2964=VECTOR('',#9440,10.);
#2965=VECTOR('',#9441,10.);
#2966=VECTOR('',#9444,10.);
#2967=VECTOR('',#9445,10.);
#2968=VECTOR('',#9448,10.);
#2969=VECTOR('',#9453,10.);
#2970=VECTOR('',#9454,10.);
#2971=VECTOR('',#9459,10.);
#2972=VECTOR('',#9460,10.);
#2973=VECTOR('',#9463,10.);
#2974=VECTOR('',#9470,10.);
#2975=VECTOR('',#9471,10.);
#2976=VECTOR('',#9472,10.);
#2977=VECTOR('',#9473,10.);
#2978=VECTOR('',#9476,10.);
#2979=VECTOR('',#9477,10.);
#2980=VECTOR('',#9478,10.);
#2981=VECTOR('',#9481,10.);
#2982=VECTOR('',#9482,10.);
#2983=VECTOR('',#9483,10.);
#2984=VECTOR('',#9486,10.);
#2985=VECTOR('',#9487,10.);
#2986=VECTOR('',#9490,10.);
#2987=VECTOR('',#9491,10.);
#2988=VECTOR('',#9492,10.);
#2989=VECTOR('',#9495,10.);
#2990=VECTOR('',#9496,10.);
#2991=VECTOR('',#9497,10.);
#2992=VECTOR('',#9498,10.);
#2993=VECTOR('',#9505,10.);
#2994=VECTOR('',#9506,10.);
#2995=VECTOR('',#9507,10.);
#2996=VECTOR('',#9508,10.);
#2997=VECTOR('',#9511,10.);
#2998=VECTOR('',#9512,10.);
#2999=VECTOR('',#9513,10.);
#3000=VECTOR('',#9516,10.);
#3001=VECTOR('',#9517,10.);
#3002=VECTOR('',#9518,10.);
#3003=VECTOR('',#9521,10.);
#3004=VECTOR('',#9524,10.);
#3005=VECTOR('',#9525,10.);
#3006=VECTOR('',#9534,10.);
#3007=VECTOR('',#9535,10.);
#3008=VECTOR('',#9538,10.);
#3009=VECTOR('',#9543,10.);
#3010=VECTOR('',#9544,10.);
#3011=VECTOR('',#9545,10.);
#3012=VECTOR('',#9546,10.);
#3013=VECTOR('',#9549,10.);
#3014=VECTOR('',#9550,10.);
#3015=VECTOR('',#9551,10.);
#3016=VECTOR('',#9554,10.);
#3017=VECTOR('',#9555,10.);
#3018=VECTOR('',#9556,10.);
#3019=VECTOR('',#9559,10.);
#3020=VECTOR('',#9560,10.);
#3021=VECTOR('',#9563,10.);
#3022=VECTOR('',#9564,10.);
#3023=VECTOR('',#9565,10.);
#3024=VECTOR('',#9568,10.);
#3025=VECTOR('',#9569,10.);
#3026=VECTOR('',#9570,10.);
#3027=VECTOR('',#9571,10.);
#3028=VECTOR('',#9578,10.);
#3029=VECTOR('',#9579,10.);
#3030=VECTOR('',#9580,10.);
#3031=VECTOR('',#9581,10.);
#3032=VECTOR('',#9584,10.);
#3033=VECTOR('',#9585,10.);
#3034=VECTOR('',#9586,10.);
#3035=VECTOR('',#9589,10.);
#3036=VECTOR('',#9590,10.);
#3037=VECTOR('',#9591,10.);
#3038=VECTOR('',#9594,10.);
#3039=VECTOR('',#9597,10.);
#3040=VECTOR('',#9598,10.);
#3041=VECTOR('',#9607,10.);
#3042=VECTOR('',#9608,10.);
#3043=VECTOR('',#9611,10.);
#3044=VECTOR('',#9616,10.);
#3045=VECTOR('',#9617,10.);
#3046=VECTOR('',#9618,10.);
#3047=VECTOR('',#9619,10.);
#3048=VECTOR('',#9622,10.);
#3049=VECTOR('',#9623,10.);
#3050=VECTOR('',#9624,10.);
#3051=VECTOR('',#9627,10.);
#3052=VECTOR('',#9628,10.);
#3053=VECTOR('',#9629,10.);
#3054=VECTOR('',#9632,10.);
#3055=VECTOR('',#9633,10.);
#3056=VECTOR('',#9636,10.);
#3057=VECTOR('',#9637,10.);
#3058=VECTOR('',#9638,10.);
#3059=VECTOR('',#9641,10.);
#3060=VECTOR('',#9642,10.);
#3061=VECTOR('',#9643,10.);
#3062=VECTOR('',#9644,10.);
#3063=VECTOR('',#9651,10.);
#3064=VECTOR('',#9652,10.);
#3065=VECTOR('',#9653,10.);
#3066=VECTOR('',#9654,10.);
#3067=VECTOR('',#9657,10.);
#3068=VECTOR('',#9658,10.);
#3069=VECTOR('',#9659,10.);
#3070=VECTOR('',#9662,10.);
#3071=VECTOR('',#9663,10.);
#3072=VECTOR('',#9664,10.);
#3073=VECTOR('',#9667,10.);
#3074=VECTOR('',#9670,10.);
#3075=VECTOR('',#9671,10.);
#3076=VECTOR('',#9680,10.);
#3077=VECTOR('',#9681,10.);
#3078=VECTOR('',#9684,10.);
#3079=VECTOR('',#9689,10.);
#3080=VECTOR('',#9690,10.);
#3081=VECTOR('',#9691,10.);
#3082=VECTOR('',#9692,10.);
#3083=VECTOR('',#9695,10.);
#3084=VECTOR('',#9696,10.);
#3085=VECTOR('',#9697,10.);
#3086=VECTOR('',#9700,10.);
#3087=VECTOR('',#9701,10.);
#3088=VECTOR('',#9702,10.);
#3089=VECTOR('',#9705,10.);
#3090=VECTOR('',#9706,10.);
#3091=VECTOR('',#9709,10.);
#3092=VECTOR('',#9710,10.);
#3093=VECTOR('',#9711,10.);
#3094=VECTOR('',#9714,10.);
#3095=VECTOR('',#9715,10.);
#3096=VECTOR('',#9716,10.);
#3097=VECTOR('',#9717,10.);
#3098=VECTOR('',#9724,10.);
#3099=VECTOR('',#9725,10.);
#3100=VECTOR('',#9726,10.);
#3101=VECTOR('',#9727,10.);
#3102=VECTOR('',#9730,10.);
#3103=VECTOR('',#9731,10.);
#3104=VECTOR('',#9732,10.);
#3105=VECTOR('',#9735,10.);
#3106=VECTOR('',#9736,10.);
#3107=VECTOR('',#9737,10.);
#3108=VECTOR('',#9740,10.);
#3109=VECTOR('',#9743,10.);
#3110=VECTOR('',#9744,10.);
#3111=VECTOR('',#9753,10.);
#3112=VECTOR('',#9754,10.);
#3113=VECTOR('',#9757,10.);
#3114=VECTOR('',#9762,10.);
#3115=VECTOR('',#9763,10.);
#3116=VECTOR('',#9764,10.);
#3117=VECTOR('',#9765,10.);
#3118=VECTOR('',#9768,10.);
#3119=VECTOR('',#9769,10.);
#3120=VECTOR('',#9770,10.);
#3121=VECTOR('',#9773,10.);
#3122=VECTOR('',#9774,10.);
#3123=VECTOR('',#9775,10.);
#3124=VECTOR('',#9778,10.);
#3125=VECTOR('',#9779,10.);
#3126=VECTOR('',#9782,10.);
#3127=VECTOR('',#9783,10.);
#3128=VECTOR('',#9784,10.);
#3129=VECTOR('',#9787,10.);
#3130=VECTOR('',#9788,10.);
#3131=VECTOR('',#9789,10.);
#3132=VECTOR('',#9790,10.);
#3133=VECTOR('',#9797,10.);
#3134=VECTOR('',#9798,10.);
#3135=VECTOR('',#9799,10.);
#3136=VECTOR('',#9800,10.);
#3137=VECTOR('',#9803,10.);
#3138=VECTOR('',#9804,10.);
#3139=VECTOR('',#9805,10.);
#3140=VECTOR('',#9808,10.);
#3141=VECTOR('',#9809,10.);
#3142=VECTOR('',#9810,10.);
#3143=VECTOR('',#9813,10.);
#3144=VECTOR('',#9816,10.);
#3145=VECTOR('',#9817,10.);
#3146=VECTOR('',#9826,10.);
#3147=VECTOR('',#9827,10.);
#3148=VECTOR('',#9830,10.);
#3149=VECTOR('',#9835,10.);
#3150=VECTOR('',#9836,10.);
#3151=VECTOR('',#9837,10.);
#3152=VECTOR('',#9838,10.);
#3153=VECTOR('',#9841,10.);
#3154=VECTOR('',#9842,10.);
#3155=VECTOR('',#9843,10.);
#3156=VECTOR('',#9846,10.);
#3157=VECTOR('',#9847,10.);
#3158=VECTOR('',#9848,10.);
#3159=VECTOR('',#9851,10.);
#3160=VECTOR('',#9852,10.);
#3161=VECTOR('',#9855,10.);
#3162=VECTOR('',#9856,10.);
#3163=VECTOR('',#9857,10.);
#3164=VECTOR('',#9860,10.);
#3165=VECTOR('',#9861,10.);
#3166=VECTOR('',#9862,10.);
#3167=VECTOR('',#9863,10.);
#3168=VECTOR('',#9870,10.);
#3169=VECTOR('',#9871,10.);
#3170=VECTOR('',#9872,10.);
#3171=VECTOR('',#9873,10.);
#3172=VECTOR('',#9876,10.);
#3173=VECTOR('',#9877,10.);
#3174=VECTOR('',#9878,10.);
#3175=VECTOR('',#9881,10.);
#3176=VECTOR('',#9882,10.);
#3177=VECTOR('',#9883,10.);
#3178=VECTOR('',#9886,10.);
#3179=VECTOR('',#9889,10.);
#3180=VECTOR('',#9890,10.);
#3181=VECTOR('',#9899,10.);
#3182=VECTOR('',#9900,10.);
#3183=VECTOR('',#9903,10.);
#3184=VECTOR('',#9908,10.);
#3185=VECTOR('',#9909,10.);
#3186=VECTOR('',#9910,10.);
#3187=VECTOR('',#9911,10.);
#3188=VECTOR('',#9914,10.);
#3189=VECTOR('',#9915,10.);
#3190=VECTOR('',#9916,10.);
#3191=VECTOR('',#9919,10.);
#3192=VECTOR('',#9920,10.);
#3193=VECTOR('',#9921,10.);
#3194=VECTOR('',#9924,10.);
#3195=VECTOR('',#9925,10.);
#3196=VECTOR('',#9928,10.);
#3197=VECTOR('',#9929,10.);
#3198=VECTOR('',#9930,10.);
#3199=VECTOR('',#9933,10.);
#3200=VECTOR('',#9934,10.);
#3201=VECTOR('',#9935,10.);
#3202=VECTOR('',#9936,10.);
#3203=VECTOR('',#9943,10.);
#3204=VECTOR('',#9944,10.);
#3205=VECTOR('',#9945,10.);
#3206=VECTOR('',#9946,10.);
#3207=VECTOR('',#9949,10.);
#3208=VECTOR('',#9950,10.);
#3209=VECTOR('',#9951,10.);
#3210=VECTOR('',#9954,10.);
#3211=VECTOR('',#9955,10.);
#3212=VECTOR('',#9956,10.);
#3213=VECTOR('',#9959,10.);
#3214=VECTOR('',#9962,10.);
#3215=VECTOR('',#9963,10.);
#3216=VECTOR('',#9972,10.);
#3217=VECTOR('',#9973,10.);
#3218=VECTOR('',#9976,10.);
#3219=VECTOR('',#9981,10.);
#3220=VECTOR('',#9982,10.);
#3221=VECTOR('',#9983,10.);
#3222=VECTOR('',#9984,10.);
#3223=VECTOR('',#9987,10.);
#3224=VECTOR('',#9988,10.);
#3225=VECTOR('',#9989,10.);
#3226=VECTOR('',#9992,10.);
#3227=VECTOR('',#9993,10.);
#3228=VECTOR('',#9994,10.);
#3229=VECTOR('',#9997,10.);
#3230=VECTOR('',#9998,10.);
#3231=VECTOR('',#10001,10.);
#3232=VECTOR('',#10002,10.);
#3233=VECTOR('',#10003,10.);
#3234=VECTOR('',#10006,10.);
#3235=VECTOR('',#10007,10.);
#3236=VECTOR('',#10008,10.);
#3237=VECTOR('',#10009,10.);
#3238=VECTOR('',#10016,10.);
#3239=VECTOR('',#10017,10.);
#3240=VECTOR('',#10018,10.);
#3241=VECTOR('',#10019,10.);
#3242=VECTOR('',#10022,10.);
#3243=VECTOR('',#10023,10.);
#3244=VECTOR('',#10024,10.);
#3245=VECTOR('',#10027,10.);
#3246=VECTOR('',#10028,10.);
#3247=VECTOR('',#10029,10.);
#3248=VECTOR('',#10032,10.);
#3249=VECTOR('',#10035,10.);
#3250=VECTOR('',#10036,10.);
#3251=VECTOR('',#10045,10.);
#3252=VECTOR('',#10046,10.);
#3253=VECTOR('',#10049,10.);
#3254=VECTOR('',#10056,10.);
#3255=VECTOR('',#10059,10.);
#3256=VECTOR('',#10062,10.);
#3257=VECTOR('',#10063,10.);
#3258=VECTOR('',#10064,10.);
#3259=VECTOR('',#10067,10.);
#3260=VECTOR('',#10068,10.);
#3261=VECTOR('',#10069,10.);
#3262=VECTOR('',#10072,10.);
#3263=VECTOR('',#10073,10.);
#3264=VECTOR('',#10076,10.);
#3265=VECTOR('',#10079,10.);
#3266=VECTOR('',#10082,10.);
#3267=VECTOR('',#10083,10.);
#3268=VECTOR('',#10086,10.);
#3269=VECTOR('',#10087,10.);
#3270=VECTOR('',#10088,10.);
#3271=VECTOR('',#10091,10.);
#3272=VECTOR('',#10092,10.);
#3273=VECTOR('',#10095,10.);
#3274=VECTOR('',#10096,10.);
#3275=VECTOR('',#10097,10.);
#3276=VECTOR('',#10100,10.);
#3277=VECTOR('',#10105,10.);
#3278=VECTOR('',#10106,10.);
#3279=VECTOR('',#10107,10.);
#3280=VECTOR('',#10108,10.);
#3281=VECTOR('',#10111,10.);
#3282=VECTOR('',#10112,10.);
#3283=VECTOR('',#10113,10.);
#3284=VECTOR('',#10116,10.);
#3285=VECTOR('',#10117,10.);
#3286=VECTOR('',#10118,10.);
#3287=VECTOR('',#10121,10.);
#3288=VECTOR('',#10124,10.);
#3289=VECTOR('',#10129,10.);
#3290=VECTOR('',#10136,10.);
#3291=VECTOR('',#10139,10.);
#3292=VECTOR('',#10142,10.);
#3293=VECTOR('',#10143,10.);
#3294=VECTOR('',#10144,10.);
#3295=VECTOR('',#10147,10.);
#3296=VECTOR('',#10148,10.);
#3297=VECTOR('',#10149,10.);
#3298=VECTOR('',#10152,10.);
#3299=VECTOR('',#10153,10.);
#3300=VECTOR('',#10156,10.);
#3301=VECTOR('',#10159,10.);
#3302=VECTOR('',#10162,10.);
#3303=VECTOR('',#10163,10.);
#3304=VECTOR('',#10166,10.);
#3305=VECTOR('',#10167,10.);
#3306=VECTOR('',#10168,10.);
#3307=VECTOR('',#10171,10.);
#3308=VECTOR('',#10172,10.);
#3309=VECTOR('',#10175,10.);
#3310=VECTOR('',#10176,10.);
#3311=VECTOR('',#10177,10.);
#3312=VECTOR('',#10180,10.);
#3313=VECTOR('',#10185,10.);
#3314=VECTOR('',#10186,10.);
#3315=VECTOR('',#10187,10.);
#3316=VECTOR('',#10188,10.);
#3317=VECTOR('',#10191,10.);
#3318=VECTOR('',#10192,10.);
#3319=VECTOR('',#10193,10.);
#3320=VECTOR('',#10196,10.);
#3321=VECTOR('',#10197,10.);
#3322=VECTOR('',#10198,10.);
#3323=VECTOR('',#10201,10.);
#3324=VECTOR('',#10204,10.);
#3325=VECTOR('',#10209,10.);
#3326=VECTOR('',#10216,10.);
#3327=VECTOR('',#10219,10.);
#3328=VECTOR('',#10222,10.);
#3329=VECTOR('',#10223,10.);
#3330=VECTOR('',#10224,10.);
#3331=VECTOR('',#10227,10.);
#3332=VECTOR('',#10228,10.);
#3333=VECTOR('',#10229,10.);
#3334=VECTOR('',#10232,10.);
#3335=VECTOR('',#10233,10.);
#3336=VECTOR('',#10236,10.);
#3337=VECTOR('',#10239,10.);
#3338=VECTOR('',#10242,10.);
#3339=VECTOR('',#10243,10.);
#3340=VECTOR('',#10246,10.);
#3341=VECTOR('',#10247,10.);
#3342=VECTOR('',#10248,10.);
#3343=VECTOR('',#10251,10.);
#3344=VECTOR('',#10252,10.);
#3345=VECTOR('',#10255,10.);
#3346=VECTOR('',#10256,10.);
#3347=VECTOR('',#10257,10.);
#3348=VECTOR('',#10260,10.);
#3349=VECTOR('',#10265,10.);
#3350=VECTOR('',#10266,10.);
#3351=VECTOR('',#10267,10.);
#3352=VECTOR('',#10268,10.);
#3353=VECTOR('',#10271,10.);
#3354=VECTOR('',#10272,10.);
#3355=VECTOR('',#10273,10.);
#3356=VECTOR('',#10276,10.);
#3357=VECTOR('',#10277,10.);
#3358=VECTOR('',#10278,10.);
#3359=VECTOR('',#10281,10.);
#3360=VECTOR('',#10284,10.);
#3361=VECTOR('',#10289,10.);
#3362=VECTOR('',#10296,10.);
#3363=VECTOR('',#10299,10.);
#3364=VECTOR('',#10302,10.);
#3365=VECTOR('',#10303,10.);
#3366=VECTOR('',#10304,10.);
#3367=VECTOR('',#10307,10.);
#3368=VECTOR('',#10308,10.);
#3369=VECTOR('',#10309,10.);
#3370=VECTOR('',#10312,10.);
#3371=VECTOR('',#10313,10.);
#3372=VECTOR('',#10316,10.);
#3373=VECTOR('',#10319,10.);
#3374=VECTOR('',#10322,10.);
#3375=VECTOR('',#10323,10.);
#3376=VECTOR('',#10326,10.);
#3377=VECTOR('',#10327,10.);
#3378=VECTOR('',#10328,10.);
#3379=VECTOR('',#10331,10.);
#3380=VECTOR('',#10332,10.);
#3381=VECTOR('',#10335,10.);
#3382=VECTOR('',#10336,10.);
#3383=VECTOR('',#10337,10.);
#3384=VECTOR('',#10340,10.);
#3385=VECTOR('',#10345,10.);
#3386=VECTOR('',#10346,10.);
#3387=VECTOR('',#10347,10.);
#3388=VECTOR('',#10348,10.);
#3389=VECTOR('',#10351,10.);
#3390=VECTOR('',#10352,10.);
#3391=VECTOR('',#10353,10.);
#3392=VECTOR('',#10356,10.);
#3393=VECTOR('',#10357,10.);
#3394=VECTOR('',#10358,10.);
#3395=VECTOR('',#10361,10.);
#3396=VECTOR('',#10364,10.);
#3397=VECTOR('',#10369,10.);
#3398=VECTOR('',#10376,10.);
#3399=VECTOR('',#10379,10.);
#3400=VECTOR('',#10382,10.);
#3401=VECTOR('',#10383,10.);
#3402=VECTOR('',#10384,10.);
#3403=VECTOR('',#10387,10.);
#3404=VECTOR('',#10388,10.);
#3405=VECTOR('',#10389,10.);
#3406=VECTOR('',#10392,10.);
#3407=VECTOR('',#10393,10.);
#3408=VECTOR('',#10396,10.);
#3409=VECTOR('',#10399,10.);
#3410=VECTOR('',#10402,10.);
#3411=VECTOR('',#10403,10.);
#3412=VECTOR('',#10406,10.);
#3413=VECTOR('',#10407,10.);
#3414=VECTOR('',#10408,10.);
#3415=VECTOR('',#10411,10.);
#3416=VECTOR('',#10412,10.);
#3417=VECTOR('',#10415,10.);
#3418=VECTOR('',#10416,10.);
#3419=VECTOR('',#10417,10.);
#3420=VECTOR('',#10420,10.);
#3421=VECTOR('',#10425,10.);
#3422=VECTOR('',#10426,10.);
#3423=VECTOR('',#10427,10.);
#3424=VECTOR('',#10428,10.);
#3425=VECTOR('',#10431,10.);
#3426=VECTOR('',#10432,10.);
#3427=VECTOR('',#10433,10.);
#3428=VECTOR('',#10436,10.);
#3429=VECTOR('',#10437,10.);
#3430=VECTOR('',#10438,10.);
#3431=VECTOR('',#10441,10.);
#3432=VECTOR('',#10444,10.);
#3433=VECTOR('',#10449,10.);
#3434=VECTOR('',#10456,10.);
#3435=VECTOR('',#10459,10.);
#3436=VECTOR('',#10462,10.);
#3437=VECTOR('',#10463,10.);
#3438=VECTOR('',#10464,10.);
#3439=VECTOR('',#10467,10.);
#3440=VECTOR('',#10468,10.);
#3441=VECTOR('',#10469,10.);
#3442=VECTOR('',#10472,10.);
#3443=VECTOR('',#10473,10.);
#3444=VECTOR('',#10476,10.);
#3445=VECTOR('',#10479,10.);
#3446=VECTOR('',#10482,10.);
#3447=VECTOR('',#10483,10.);
#3448=VECTOR('',#10486,10.);
#3449=VECTOR('',#10487,10.);
#3450=VECTOR('',#10488,10.);
#3451=VECTOR('',#10491,10.);
#3452=VECTOR('',#10492,10.);
#3453=VECTOR('',#10495,10.);
#3454=VECTOR('',#10496,10.);
#3455=VECTOR('',#10497,10.);
#3456=VECTOR('',#10500,10.);
#3457=VECTOR('',#10505,10.);
#3458=VECTOR('',#10506,10.);
#3459=VECTOR('',#10507,10.);
#3460=VECTOR('',#10508,10.);
#3461=VECTOR('',#10511,10.);
#3462=VECTOR('',#10512,10.);
#3463=VECTOR('',#10513,10.);
#3464=VECTOR('',#10516,10.);
#3465=VECTOR('',#10517,10.);
#3466=VECTOR('',#10518,10.);
#3467=VECTOR('',#10521,10.);
#3468=VECTOR('',#10524,10.);
#3469=VECTOR('',#10529,10.);
#3470=VECTOR('',#10536,10.);
#3471=VECTOR('',#10539,10.);
#3472=VECTOR('',#10542,10.);
#3473=VECTOR('',#10543,10.);
#3474=VECTOR('',#10544,10.);
#3475=VECTOR('',#10547,10.);
#3476=VECTOR('',#10548,10.);
#3477=VECTOR('',#10549,10.);
#3478=VECTOR('',#10552,10.);
#3479=VECTOR('',#10553,10.);
#3480=VECTOR('',#10556,10.);
#3481=VECTOR('',#10559,10.);
#3482=VECTOR('',#10562,10.);
#3483=VECTOR('',#10563,10.);
#3484=VECTOR('',#10566,10.);
#3485=VECTOR('',#10567,10.);
#3486=VECTOR('',#10568,10.);
#3487=VECTOR('',#10571,10.);
#3488=VECTOR('',#10572,10.);
#3489=VECTOR('',#10575,10.);
#3490=VECTOR('',#10576,10.);
#3491=VECTOR('',#10577,10.);
#3492=VECTOR('',#10580,10.);
#3493=VECTOR('',#10585,10.);
#3494=VECTOR('',#10586,10.);
#3495=VECTOR('',#10587,10.);
#3496=VECTOR('',#10588,10.);
#3497=VECTOR('',#10591,10.);
#3498=VECTOR('',#10592,10.);
#3499=VECTOR('',#10593,10.);
#3500=VECTOR('',#10596,10.);
#3501=VECTOR('',#10597,10.);
#3502=VECTOR('',#10600,10.);
#3503=VECTOR('',#10601,10.);
#3504=VECTOR('',#10604,10.);
#3505=VECTOR('',#10607,10.);
#3506=VECTOR('',#10616,10.);
#3507=VECTOR('',#10619,10.);
#3508=VECTOR('',#10622,10.);
#3509=VECTOR('',#10623,10.);
#3510=VECTOR('',#10624,10.);
#3511=VECTOR('',#10627,10.);
#3512=VECTOR('',#10628,10.);
#3513=VECTOR('',#10629,10.);
#3514=VECTOR('',#10632,10.);
#3515=VECTOR('',#10633,10.);
#3516=VECTOR('',#10636,10.);
#3517=VECTOR('',#10639,10.);
#3518=VECTOR('',#10642,10.);
#3519=VECTOR('',#10643,10.);
#3520=VECTOR('',#10646,10.);
#3521=VECTOR('',#10647,10.);
#3522=VECTOR('',#10648,10.);
#3523=VECTOR('',#10651,10.);
#3524=VECTOR('',#10652,10.);
#3525=VECTOR('',#10655,10.);
#3526=VECTOR('',#10656,10.);
#3527=VECTOR('',#10657,10.);
#3528=VECTOR('',#10660,10.);
#3529=VECTOR('',#10665,10.);
#3530=VECTOR('',#10666,10.);
#3531=VECTOR('',#10667,10.);
#3532=VECTOR('',#10668,10.);
#3533=VECTOR('',#10671,10.);
#3534=VECTOR('',#10672,10.);
#3535=VECTOR('',#10673,10.);
#3536=VECTOR('',#10676,10.);
#3537=VECTOR('',#10677,10.);
#3538=VECTOR('',#10678,10.);
#3539=VECTOR('',#10681,10.);
#3540=VECTOR('',#10684,10.);
#3541=VECTOR('',#10689,10.);
#3542=CIRCLE('',#8089,0.2);
#3543=CIRCLE('',#8090,0.2);
#3544=CIRCLE('',#8093,0.2);
#3545=CIRCLE('',#8095,0.2);
#3546=CIRCLE('',#8100,0.999999977648258);
#3547=CIRCLE('',#8102,1.9);
#3548=CIRCLE('',#8104,1.4);
#3549=CIRCLE('',#8105,1.4);
#3550=CIRCLE('',#8108,1.4);
#3551=CIRCLE('',#8109,1.4);
#3552=CIRCLE('',#8111,1.9);
#3553=CIRCLE('',#8113,0.999999977648258);
#3554=CIRCLE('',#8117,1.4);
#3555=CIRCLE('',#8118,1.4);
#3556=CIRCLE('',#8120,1.9);
#3557=CIRCLE('',#8122,0.999999977648258);
#3558=CIRCLE('',#8127,0.999999977648258);
#3559=CIRCLE('',#8129,1.9);
#3560=CIRCLE('',#8131,1.4);
#3561=CIRCLE('',#8132,1.4);
#3562=CIRCLE('',#8295,1.14);
#3563=CIRCLE('',#8304,1.14);
#3564=CIRCLE('',#8314,1.14);
#3565=CIRCLE('',#8323,1.14);
#3566=CIRCLE('',#8333,1.14);
#3567=CIRCLE('',#8342,1.14);
#3568=CIRCLE('',#8352,1.14);
#3569=CIRCLE('',#8361,1.14);
#3570=CIRCLE('',#8371,1.14);
#3571=CIRCLE('',#8380,1.14);
#3572=CIRCLE('',#8390,1.14);
#3573=CIRCLE('',#8399,1.14);
#3574=CIRCLE('',#8409,1.14);
#3575=CIRCLE('',#8418,1.14);
#3576=CIRCLE('',#8428,1.14);
#3577=CIRCLE('',#8437,1.14);
#3578=CIRCLE('',#8442,2.28);
#3579=CIRCLE('',#8443,2.28);
#3580=CIRCLE('',#8445,1.14);
#3581=CIRCLE('',#8448,1.14);
#3582=CIRCLE('',#8464,2.28);
#3583=CIRCLE('',#8465,2.28);
#3584=CIRCLE('',#8467,1.14);
#3585=CIRCLE('',#8470,1.14);
#3586=CIRCLE('',#8486,2.28);
#3587=CIRCLE('',#8487,2.28);
#3588=CIRCLE('',#8489,1.14);
#3589=CIRCLE('',#8492,1.14);
#3590=CIRCLE('',#8508,2.28);
#3591=CIRCLE('',#8509,2.28);
#3592=CIRCLE('',#8511,1.14);
#3593=CIRCLE('',#8514,1.14);
#3594=CIRCLE('',#8530,2.28);
#3595=CIRCLE('',#8531,2.28);
#3596=CIRCLE('',#8533,1.14);
#3597=CIRCLE('',#8536,1.14);
#3598=CIRCLE('',#8552,2.28);
#3599=CIRCLE('',#8553,2.28);
#3600=CIRCLE('',#8555,1.14);
#3601=CIRCLE('',#8558,1.14);
#3602=CIRCLE('',#8574,2.28);
#3603=CIRCLE('',#8575,2.28);
#3604=CIRCLE('',#8577,1.14);
#3605=CIRCLE('',#8580,1.14);
#3606=CIRCLE('',#8596,2.28);
#3607=CIRCLE('',#8597,2.28);
#3608=CIRCLE('',#8599,1.14);
#3609=CIRCLE('',#8602,1.14);
#3610=VERTEX_POINT('',#10694);
#3611=VERTEX_POINT('',#10695);
#3612=VERTEX_POINT('',#10697);
#3613=VERTEX_POINT('',#10699);
#3614=VERTEX_POINT('',#10703);
#3615=VERTEX_POINT('',#10705);
#3616=VERTEX_POINT('',#10707);
#3617=VERTEX_POINT('',#10709);
#3618=VERTEX_POINT('',#10711);
#3619=VERTEX_POINT('',#10713);
#3620=VERTEX_POINT('',#10717);
#3621=VERTEX_POINT('',#10719);
#3622=VERTEX_POINT('',#10721);
#3623=VERTEX_POINT('',#10723);
#3624=VERTEX_POINT('',#10725);
#3625=VERTEX_POINT('',#10727);
#3626=VERTEX_POINT('',#10729);
#3627=VERTEX_POINT('',#10732);
#3628=VERTEX_POINT('',#10733);
#3629=VERTEX_POINT('',#10735);
#3630=VERTEX_POINT('',#10737);
#3631=VERTEX_POINT('',#10740);
#3632=VERTEX_POINT('',#10741);
#3633=VERTEX_POINT('',#10743);
#3634=VERTEX_POINT('',#10745);
#3635=VERTEX_POINT('',#10748);
#3636=VERTEX_POINT('',#10749);
#3637=VERTEX_POINT('',#10751);
#3638=VERTEX_POINT('',#10753);
#3639=VERTEX_POINT('',#10756);
#3640=VERTEX_POINT('',#10757);
#3641=VERTEX_POINT('',#10759);
#3642=VERTEX_POINT('',#10761);
#3643=VERTEX_POINT('',#10764);
#3644=VERTEX_POINT('',#10765);
#3645=VERTEX_POINT('',#10767);
#3646=VERTEX_POINT('',#10769);
#3647=VERTEX_POINT('',#10772);
#3648=VERTEX_POINT('',#10773);
#3649=VERTEX_POINT('',#10775);
#3650=VERTEX_POINT('',#10777);
#3651=VERTEX_POINT('',#10780);
#3652=VERTEX_POINT('',#10781);
#3653=VERTEX_POINT('',#10783);
#3654=VERTEX_POINT('',#10785);
#3655=VERTEX_POINT('',#10788);
#3656=VERTEX_POINT('',#10789);
#3657=VERTEX_POINT('',#10791);
#3658=VERTEX_POINT('',#10793);
#3659=VERTEX_POINT('',#10796);
#3660=VERTEX_POINT('',#10797);
#3661=VERTEX_POINT('',#10799);
#3662=VERTEX_POINT('',#10801);
#3663=VERTEX_POINT('',#10804);
#3664=VERTEX_POINT('',#10805);
#3665=VERTEX_POINT('',#10807);
#3666=VERTEX_POINT('',#10809);
#3667=VERTEX_POINT('',#10812);
#3668=VERTEX_POINT('',#10813);
#3669=VERTEX_POINT('',#10815);
#3670=VERTEX_POINT('',#10817);
#3671=VERTEX_POINT('',#10820);
#3672=VERTEX_POINT('',#10821);
#3673=VERTEX_POINT('',#10823);
#3674=VERTEX_POINT('',#10825);
#3675=VERTEX_POINT('',#10828);
#3676=VERTEX_POINT('',#10829);
#3677=VERTEX_POINT('',#10831);
#3678=VERTEX_POINT('',#10833);
#3679=VERTEX_POINT('',#10836);
#3680=VERTEX_POINT('',#10837);
#3681=VERTEX_POINT('',#10839);
#3682=VERTEX_POINT('',#10841);
#3683=VERTEX_POINT('',#10844);
#3684=VERTEX_POINT('',#10845);
#3685=VERTEX_POINT('',#10847);
#3686=VERTEX_POINT('',#10849);
#3687=VERTEX_POINT('',#10852);
#3688=VERTEX_POINT('',#10853);
#3689=VERTEX_POINT('',#10855);
#3690=VERTEX_POINT('',#10857);
#3691=VERTEX_POINT('',#10861);
#3692=VERTEX_POINT('',#10866);
#3693=VERTEX_POINT('',#10868);
#3694=VERTEX_POINT('',#10870);
#3695=VERTEX_POINT('',#10872);
#3696=VERTEX_POINT('',#10874);
#3697=VERTEX_POINT('',#10876);
#3698=VERTEX_POINT('',#10879);
#3699=VERTEX_POINT('',#10880);
#3700=VERTEX_POINT('',#10882);
#3701=VERTEX_POINT('',#10884);
#3702=VERTEX_POINT('',#10887);
#3703=VERTEX_POINT('',#10888);
#3704=VERTEX_POINT('',#10890);
#3705=VERTEX_POINT('',#10892);
#3706=VERTEX_POINT('',#10895);
#3707=VERTEX_POINT('',#10896);
#3708=VERTEX_POINT('',#10898);
#3709=VERTEX_POINT('',#10900);
#3710=VERTEX_POINT('',#10903);
#3711=VERTEX_POINT('',#10904);
#3712=VERTEX_POINT('',#10906);
#3713=VERTEX_POINT('',#10908);
#3714=VERTEX_POINT('',#10911);
#3715=VERTEX_POINT('',#10912);
#3716=VERTEX_POINT('',#10914);
#3717=VERTEX_POINT('',#10916);
#3718=VERTEX_POINT('',#10919);
#3719=VERTEX_POINT('',#10920);
#3720=VERTEX_POINT('',#10922);
#3721=VERTEX_POINT('',#10924);
#3722=VERTEX_POINT('',#10927);
#3723=VERTEX_POINT('',#10928);
#3724=VERTEX_POINT('',#10930);
#3725=VERTEX_POINT('',#10932);
#3726=VERTEX_POINT('',#10935);
#3727=VERTEX_POINT('',#10936);
#3728=VERTEX_POINT('',#10938);
#3729=VERTEX_POINT('',#10940);
#3730=VERTEX_POINT('',#10943);
#3731=VERTEX_POINT('',#10944);
#3732=VERTEX_POINT('',#10946);
#3733=VERTEX_POINT('',#10948);
#3734=VERTEX_POINT('',#10951);
#3735=VERTEX_POINT('',#10952);
#3736=VERTEX_POINT('',#10954);
#3737=VERTEX_POINT('',#10956);
#3738=VERTEX_POINT('',#10959);
#3739=VERTEX_POINT('',#10960);
#3740=VERTEX_POINT('',#10962);
#3741=VERTEX_POINT('',#10964);
#3742=VERTEX_POINT('',#10967);
#3743=VERTEX_POINT('',#10968);
#3744=VERTEX_POINT('',#10970);
#3745=VERTEX_POINT('',#10972);
#3746=VERTEX_POINT('',#10975);
#3747=VERTEX_POINT('',#10976);
#3748=VERTEX_POINT('',#10978);
#3749=VERTEX_POINT('',#10980);
#3750=VERTEX_POINT('',#10983);
#3751=VERTEX_POINT('',#10984);
#3752=VERTEX_POINT('',#10986);
#3753=VERTEX_POINT('',#10988);
#3754=VERTEX_POINT('',#10991);
#3755=VERTEX_POINT('',#10992);
#3756=VERTEX_POINT('',#10994);
#3757=VERTEX_POINT('',#10996);
#3758=VERTEX_POINT('',#10999);
#3759=VERTEX_POINT('',#11000);
#3760=VERTEX_POINT('',#11002);
#3761=VERTEX_POINT('',#11004);
#3762=VERTEX_POINT('',#11010);
#3763=VERTEX_POINT('',#11011);
#3764=VERTEX_POINT('',#11015);
#3765=VERTEX_POINT('',#11017);
#3766=VERTEX_POINT('',#11021);
#3767=VERTEX_POINT('',#11023);
#3768=VERTEX_POINT('',#11025);
#3769=VERTEX_POINT('',#11027);
#3770=VERTEX_POINT('',#11039);
#3771=VERTEX_POINT('',#11040);
#3772=VERTEX_POINT('',#11042);
#3773=VERTEX_POINT('',#11044);
#3774=VERTEX_POINT('',#11048);
#3775=VERTEX_POINT('',#11050);
#3776=VERTEX_POINT('',#11054);
#3777=VERTEX_POINT('',#11058);
#3778=VERTEX_POINT('',#11068);
#3779=VERTEX_POINT('',#11069);
#3780=VERTEX_POINT('',#11071);
#3781=VERTEX_POINT('',#11073);
#3782=VERTEX_POINT('',#11077);
#3783=VERTEX_POINT('',#11079);
#3784=VERTEX_POINT('',#11083);
#3785=VERTEX_POINT('',#11087);
#3786=VERTEX_POINT('',#11097);
#3787=VERTEX_POINT('',#11098);
#3788=VERTEX_POINT('',#11102);
#3789=VERTEX_POINT('',#11104);
#3790=VERTEX_POINT('',#11106);
#3791=VERTEX_POINT('',#11108);
#3792=VERTEX_POINT('',#11110);
#3793=VERTEX_POINT('',#11112);
#3794=VERTEX_POINT('',#11126);
#3795=VERTEX_POINT('',#11127);
#3796=VERTEX_POINT('',#11132);
#3797=VERTEX_POINT('',#11136);
#3798=VERTEX_POINT('',#11143);
#3799=VERTEX_POINT('',#11144);
#3800=VERTEX_POINT('',#11149);
#3801=VERTEX_POINT('',#11153);
#3802=VERTEX_POINT('',#11159);
#3803=VERTEX_POINT('',#11160);
#3804=VERTEX_POINT('',#11165);
#3805=VERTEX_POINT('',#11169);
#3806=VERTEX_POINT('',#11175);
#3807=VERTEX_POINT('',#11176);
#3808=VERTEX_POINT('',#11181);
#3809=VERTEX_POINT('',#11185);
#3810=VERTEX_POINT('',#11191);
#3811=VERTEX_POINT('',#11192);
#3812=VERTEX_POINT('',#11197);
#3813=VERTEX_POINT('',#11201);
#3814=VERTEX_POINT('',#11207);
#3815=VERTEX_POINT('',#11208);
#3816=VERTEX_POINT('',#11213);
#3817=VERTEX_POINT('',#11217);
#3818=VERTEX_POINT('',#11223);
#3819=VERTEX_POINT('',#11224);
#3820=VERTEX_POINT('',#11229);
#3821=VERTEX_POINT('',#11233);
#3822=VERTEX_POINT('',#11239);
#3823=VERTEX_POINT('',#11240);
#3824=VERTEX_POINT('',#11245);
#3825=VERTEX_POINT('',#11249);
#3826=VERTEX_POINT('',#11255);
#3827=VERTEX_POINT('',#11256);
#3828=VERTEX_POINT('',#11261);
#3829=VERTEX_POINT('',#11265);
#3830=VERTEX_POINT('',#11271);
#3831=VERTEX_POINT('',#11272);
#3832=VERTEX_POINT('',#11277);
#3833=VERTEX_POINT('',#11281);
#3834=VERTEX_POINT('',#11287);
#3835=VERTEX_POINT('',#11288);
#3836=VERTEX_POINT('',#11293);
#3837=VERTEX_POINT('',#11297);
#3838=VERTEX_POINT('',#11303);
#3839=VERTEX_POINT('',#11304);
#3840=VERTEX_POINT('',#11309);
#3841=VERTEX_POINT('',#11313);
#3842=VERTEX_POINT('',#11319);
#3843=VERTEX_POINT('',#11320);
#3844=VERTEX_POINT('',#11325);
#3845=VERTEX_POINT('',#11329);
#3846=VERTEX_POINT('',#11335);
#3847=VERTEX_POINT('',#11336);
#3848=VERTEX_POINT('',#11341);
#3849=VERTEX_POINT('',#11345);
#3850=VERTEX_POINT('',#11351);
#3851=VERTEX_POINT('',#11352);
#3852=VERTEX_POINT('',#11357);
#3853=VERTEX_POINT('',#11361);
#3854=VERTEX_POINT('',#11367);
#3855=VERTEX_POINT('',#11368);
#3856=VERTEX_POINT('',#11373);
#3857=VERTEX_POINT('',#11377);
#3858=VERTEX_POINT('',#11383);
#3859=VERTEX_POINT('',#11384);
#3860=VERTEX_POINT('',#11389);
#3861=VERTEX_POINT('',#11393);
#3862=VERTEX_POINT('',#11399);
#3863=VERTEX_POINT('',#11401);
#3864=VERTEX_POINT('',#11405);
#3865=VERTEX_POINT('',#11409);
#3866=VERTEX_POINT('',#11416);
#3867=VERTEX_POINT('',#11418);
#3868=VERTEX_POINT('',#11422);
#3869=VERTEX_POINT('',#11426);
#3870=VERTEX_POINT('',#11433);
#3871=VERTEX_POINT('',#11435);
#3872=VERTEX_POINT('',#11439);
#3873=VERTEX_POINT('',#11443);
#3874=VERTEX_POINT('',#11450);
#3875=VERTEX_POINT('',#11452);
#3876=VERTEX_POINT('',#11456);
#3877=VERTEX_POINT('',#11460);
#3878=VERTEX_POINT('',#11467);
#3879=VERTEX_POINT('',#11469);
#3880=VERTEX_POINT('',#11473);
#3881=VERTEX_POINT('',#11477);
#3882=VERTEX_POINT('',#11484);
#3883=VERTEX_POINT('',#11486);
#3884=VERTEX_POINT('',#11490);
#3885=VERTEX_POINT('',#11494);
#3886=VERTEX_POINT('',#11501);
#3887=VERTEX_POINT('',#11503);
#3888=VERTEX_POINT('',#11507);
#3889=VERTEX_POINT('',#11511);
#3890=VERTEX_POINT('',#11518);
#3891=VERTEX_POINT('',#11520);
#3892=VERTEX_POINT('',#11524);
#3893=VERTEX_POINT('',#11528);
#3894=VERTEX_POINT('',#11535);
#3895=VERTEX_POINT('',#11537);
#3896=VERTEX_POINT('',#11541);
#3897=VERTEX_POINT('',#11545);
#3898=VERTEX_POINT('',#11552);
#3899=VERTEX_POINT('',#11554);
#3900=VERTEX_POINT('',#11558);
#3901=VERTEX_POINT('',#11562);
#3902=VERTEX_POINT('',#11569);
#3903=VERTEX_POINT('',#11571);
#3904=VERTEX_POINT('',#11575);
#3905=VERTEX_POINT('',#11579);
#3906=VERTEX_POINT('',#11586);
#3907=VERTEX_POINT('',#11588);
#3908=VERTEX_POINT('',#11592);
#3909=VERTEX_POINT('',#11596);
#3910=VERTEX_POINT('',#11603);
#3911=VERTEX_POINT('',#11605);
#3912=VERTEX_POINT('',#11609);
#3913=VERTEX_POINT('',#11613);
#3914=VERTEX_POINT('',#11620);
#3915=VERTEX_POINT('',#11622);
#3916=VERTEX_POINT('',#11626);
#3917=VERTEX_POINT('',#11630);
#3918=VERTEX_POINT('',#11637);
#3919=VERTEX_POINT('',#11639);
#3920=VERTEX_POINT('',#11643);
#3921=VERTEX_POINT('',#11647);
#3922=VERTEX_POINT('',#11654);
#3923=VERTEX_POINT('',#11656);
#3924=VERTEX_POINT('',#11660);
#3925=VERTEX_POINT('',#11664);
#3926=VERTEX_POINT('',#11682);
#3927=VERTEX_POINT('',#11683);
#3928=VERTEX_POINT('',#11685);
#3929=VERTEX_POINT('',#11687);
#3930=VERTEX_POINT('',#11691);
#3931=VERTEX_POINT('',#11693);
#3932=VERTEX_POINT('',#11697);
#3933=VERTEX_POINT('',#11699);
#3934=VERTEX_POINT('',#11706);
#3935=VERTEX_POINT('',#11708);
#3936=VERTEX_POINT('',#11712);
#3937=VERTEX_POINT('',#11714);
#3938=VERTEX_POINT('',#11716);
#3939=VERTEX_POINT('',#11718);
#3940=VERTEX_POINT('',#11723);
#3941=VERTEX_POINT('',#11724);
#3942=VERTEX_POINT('',#11726);
#3943=VERTEX_POINT('',#11731);
#3944=VERTEX_POINT('',#11733);
#3945=VERTEX_POINT('',#11738);
#3946=VERTEX_POINT('',#11744);
#3947=VERTEX_POINT('',#11751);
#3948=VERTEX_POINT('',#11758);
#3949=VERTEX_POINT('',#11759);
#3950=VERTEX_POINT('',#11761);
#3951=VERTEX_POINT('',#11763);
#3952=VERTEX_POINT('',#11767);
#3953=VERTEX_POINT('',#11769);
#3954=VERTEX_POINT('',#11773);
#3955=VERTEX_POINT('',#11775);
#3956=VERTEX_POINT('',#11782);
#3957=VERTEX_POINT('',#11784);
#3958=VERTEX_POINT('',#11788);
#3959=VERTEX_POINT('',#11790);
#3960=VERTEX_POINT('',#11792);
#3961=VERTEX_POINT('',#11794);
#3962=VERTEX_POINT('',#11799);
#3963=VERTEX_POINT('',#11800);
#3964=VERTEX_POINT('',#11802);
#3965=VERTEX_POINT('',#11807);
#3966=VERTEX_POINT('',#11809);
#3967=VERTEX_POINT('',#11814);
#3968=VERTEX_POINT('',#11820);
#3969=VERTEX_POINT('',#11827);
#3970=VERTEX_POINT('',#11834);
#3971=VERTEX_POINT('',#11835);
#3972=VERTEX_POINT('',#11837);
#3973=VERTEX_POINT('',#11839);
#3974=VERTEX_POINT('',#11843);
#3975=VERTEX_POINT('',#11845);
#3976=VERTEX_POINT('',#11849);
#3977=VERTEX_POINT('',#11851);
#3978=VERTEX_POINT('',#11858);
#3979=VERTEX_POINT('',#11860);
#3980=VERTEX_POINT('',#11864);
#3981=VERTEX_POINT('',#11866);
#3982=VERTEX_POINT('',#11868);
#3983=VERTEX_POINT('',#11870);
#3984=VERTEX_POINT('',#11875);
#3985=VERTEX_POINT('',#11876);
#3986=VERTEX_POINT('',#11878);
#3987=VERTEX_POINT('',#11883);
#3988=VERTEX_POINT('',#11885);
#3989=VERTEX_POINT('',#11890);
#3990=VERTEX_POINT('',#11896);
#3991=VERTEX_POINT('',#11903);
#3992=VERTEX_POINT('',#11910);
#3993=VERTEX_POINT('',#11911);
#3994=VERTEX_POINT('',#11913);
#3995=VERTEX_POINT('',#11915);
#3996=VERTEX_POINT('',#11919);
#3997=VERTEX_POINT('',#11921);
#3998=VERTEX_POINT('',#11925);
#3999=VERTEX_POINT('',#11927);
#4000=VERTEX_POINT('',#11934);
#4001=VERTEX_POINT('',#11936);
#4002=VERTEX_POINT('',#11940);
#4003=VERTEX_POINT('',#11942);
#4004=VERTEX_POINT('',#11944);
#4005=VERTEX_POINT('',#11946);
#4006=VERTEX_POINT('',#11951);
#4007=VERTEX_POINT('',#11952);
#4008=VERTEX_POINT('',#11954);
#4009=VERTEX_POINT('',#11959);
#4010=VERTEX_POINT('',#11961);
#4011=VERTEX_POINT('',#11966);
#4012=VERTEX_POINT('',#11972);
#4013=VERTEX_POINT('',#11979);
#4014=VERTEX_POINT('',#11986);
#4015=VERTEX_POINT('',#11987);
#4016=VERTEX_POINT('',#11989);
#4017=VERTEX_POINT('',#11991);
#4018=VERTEX_POINT('',#11995);
#4019=VERTEX_POINT('',#11997);
#4020=VERTEX_POINT('',#12001);
#4021=VERTEX_POINT('',#12003);
#4022=VERTEX_POINT('',#12010);
#4023=VERTEX_POINT('',#12012);
#4024=VERTEX_POINT('',#12016);
#4025=VERTEX_POINT('',#12018);
#4026=VERTEX_POINT('',#12020);
#4027=VERTEX_POINT('',#12022);
#4028=VERTEX_POINT('',#12027);
#4029=VERTEX_POINT('',#12028);
#4030=VERTEX_POINT('',#12030);
#4031=VERTEX_POINT('',#12035);
#4032=VERTEX_POINT('',#12037);
#4033=VERTEX_POINT('',#12042);
#4034=VERTEX_POINT('',#12048);
#4035=VERTEX_POINT('',#12055);
#4036=VERTEX_POINT('',#12062);
#4037=VERTEX_POINT('',#12063);
#4038=VERTEX_POINT('',#12065);
#4039=VERTEX_POINT('',#12067);
#4040=VERTEX_POINT('',#12071);
#4041=VERTEX_POINT('',#12073);
#4042=VERTEX_POINT('',#12077);
#4043=VERTEX_POINT('',#12079);
#4044=VERTEX_POINT('',#12086);
#4045=VERTEX_POINT('',#12088);
#4046=VERTEX_POINT('',#12092);
#4047=VERTEX_POINT('',#12094);
#4048=VERTEX_POINT('',#12096);
#4049=VERTEX_POINT('',#12098);
#4050=VERTEX_POINT('',#12103);
#4051=VERTEX_POINT('',#12104);
#4052=VERTEX_POINT('',#12106);
#4053=VERTEX_POINT('',#12111);
#4054=VERTEX_POINT('',#12113);
#4055=VERTEX_POINT('',#12118);
#4056=VERTEX_POINT('',#12124);
#4057=VERTEX_POINT('',#12131);
#4058=VERTEX_POINT('',#12138);
#4059=VERTEX_POINT('',#12139);
#4060=VERTEX_POINT('',#12141);
#4061=VERTEX_POINT('',#12143);
#4062=VERTEX_POINT('',#12147);
#4063=VERTEX_POINT('',#12149);
#4064=VERTEX_POINT('',#12153);
#4065=VERTEX_POINT('',#12155);
#4066=VERTEX_POINT('',#12162);
#4067=VERTEX_POINT('',#12164);
#4068=VERTEX_POINT('',#12168);
#4069=VERTEX_POINT('',#12170);
#4070=VERTEX_POINT('',#12172);
#4071=VERTEX_POINT('',#12174);
#4072=VERTEX_POINT('',#12179);
#4073=VERTEX_POINT('',#12180);
#4074=VERTEX_POINT('',#12182);
#4075=VERTEX_POINT('',#12187);
#4076=VERTEX_POINT('',#12189);
#4077=VERTEX_POINT('',#12194);
#4078=VERTEX_POINT('',#12200);
#4079=VERTEX_POINT('',#12207);
#4080=VERTEX_POINT('',#12214);
#4081=VERTEX_POINT('',#12215);
#4082=VERTEX_POINT('',#12217);
#4083=VERTEX_POINT('',#12219);
#4084=VERTEX_POINT('',#12223);
#4085=VERTEX_POINT('',#12225);
#4086=VERTEX_POINT('',#12229);
#4087=VERTEX_POINT('',#12231);
#4088=VERTEX_POINT('',#12238);
#4089=VERTEX_POINT('',#12240);
#4090=VERTEX_POINT('',#12244);
#4091=VERTEX_POINT('',#12246);
#4092=VERTEX_POINT('',#12248);
#4093=VERTEX_POINT('',#12250);
#4094=VERTEX_POINT('',#12255);
#4095=VERTEX_POINT('',#12256);
#4096=VERTEX_POINT('',#12258);
#4097=VERTEX_POINT('',#12263);
#4098=VERTEX_POINT('',#12265);
#4099=VERTEX_POINT('',#12270);
#4100=VERTEX_POINT('',#12276);
#4101=VERTEX_POINT('',#12283);
#4102=VERTEX_POINT('',#12290);
#4103=VERTEX_POINT('',#12291);
#4104=VERTEX_POINT('',#12293);
#4105=VERTEX_POINT('',#12295);
#4106=VERTEX_POINT('',#12299);
#4107=VERTEX_POINT('',#12301);
#4108=VERTEX_POINT('',#12303);
#4109=VERTEX_POINT('',#12305);
#4110=VERTEX_POINT('',#12307);
#4111=VERTEX_POINT('',#12309);
#4112=VERTEX_POINT('',#12313);
#4113=VERTEX_POINT('',#12317);
#4114=VERTEX_POINT('',#12319);
#4115=VERTEX_POINT('',#12323);
#4116=VERTEX_POINT('',#12327);
#4117=VERTEX_POINT('',#12328);
#4118=VERTEX_POINT('',#12333);
#4119=VERTEX_POINT('',#12337);
#4120=VERTEX_POINT('',#12345);
#4121=VERTEX_POINT('',#12346);
#4122=VERTEX_POINT('',#12348);
#4123=VERTEX_POINT('',#12353);
#4124=VERTEX_POINT('',#12355);
#4125=VERTEX_POINT('',#12360);
#4126=VERTEX_POINT('',#12372);
#4127=VERTEX_POINT('',#12373);
#4128=VERTEX_POINT('',#12375);
#4129=VERTEX_POINT('',#12377);
#4130=VERTEX_POINT('',#12381);
#4131=VERTEX_POINT('',#12383);
#4132=VERTEX_POINT('',#12385);
#4133=VERTEX_POINT('',#12387);
#4134=VERTEX_POINT('',#12389);
#4135=VERTEX_POINT('',#12391);
#4136=VERTEX_POINT('',#12395);
#4137=VERTEX_POINT('',#12399);
#4138=VERTEX_POINT('',#12401);
#4139=VERTEX_POINT('',#12405);
#4140=VERTEX_POINT('',#12409);
#4141=VERTEX_POINT('',#12410);
#4142=VERTEX_POINT('',#12415);
#4143=VERTEX_POINT('',#12419);
#4144=VERTEX_POINT('',#12427);
#4145=VERTEX_POINT('',#12428);
#4146=VERTEX_POINT('',#12430);
#4147=VERTEX_POINT('',#12435);
#4148=VERTEX_POINT('',#12437);
#4149=VERTEX_POINT('',#12442);
#4150=VERTEX_POINT('',#12454);
#4151=VERTEX_POINT('',#12455);
#4152=VERTEX_POINT('',#12457);
#4153=VERTEX_POINT('',#12459);
#4154=VERTEX_POINT('',#12463);
#4155=VERTEX_POINT('',#12465);
#4156=VERTEX_POINT('',#12467);
#4157=VERTEX_POINT('',#12469);
#4158=VERTEX_POINT('',#12471);
#4159=VERTEX_POINT('',#12473);
#4160=VERTEX_POINT('',#12477);
#4161=VERTEX_POINT('',#12481);
#4162=VERTEX_POINT('',#12483);
#4163=VERTEX_POINT('',#12487);
#4164=VERTEX_POINT('',#12491);
#4165=VERTEX_POINT('',#12492);
#4166=VERTEX_POINT('',#12497);
#4167=VERTEX_POINT('',#12501);
#4168=VERTEX_POINT('',#12509);
#4169=VERTEX_POINT('',#12510);
#4170=VERTEX_POINT('',#12512);
#4171=VERTEX_POINT('',#12517);
#4172=VERTEX_POINT('',#12519);
#4173=VERTEX_POINT('',#12524);
#4174=VERTEX_POINT('',#12536);
#4175=VERTEX_POINT('',#12537);
#4176=VERTEX_POINT('',#12539);
#4177=VERTEX_POINT('',#12541);
#4178=VERTEX_POINT('',#12545);
#4179=VERTEX_POINT('',#12547);
#4180=VERTEX_POINT('',#12549);
#4181=VERTEX_POINT('',#12551);
#4182=VERTEX_POINT('',#12553);
#4183=VERTEX_POINT('',#12555);
#4184=VERTEX_POINT('',#12559);
#4185=VERTEX_POINT('',#12563);
#4186=VERTEX_POINT('',#12565);
#4187=VERTEX_POINT('',#12569);
#4188=VERTEX_POINT('',#12573);
#4189=VERTEX_POINT('',#12574);
#4190=VERTEX_POINT('',#12579);
#4191=VERTEX_POINT('',#12583);
#4192=VERTEX_POINT('',#12591);
#4193=VERTEX_POINT('',#12592);
#4194=VERTEX_POINT('',#12594);
#4195=VERTEX_POINT('',#12599);
#4196=VERTEX_POINT('',#12601);
#4197=VERTEX_POINT('',#12606);
#4198=VERTEX_POINT('',#12618);
#4199=VERTEX_POINT('',#12619);
#4200=VERTEX_POINT('',#12621);
#4201=VERTEX_POINT('',#12623);
#4202=VERTEX_POINT('',#12627);
#4203=VERTEX_POINT('',#12629);
#4204=VERTEX_POINT('',#12631);
#4205=VERTEX_POINT('',#12633);
#4206=VERTEX_POINT('',#12635);
#4207=VERTEX_POINT('',#12637);
#4208=VERTEX_POINT('',#12641);
#4209=VERTEX_POINT('',#12645);
#4210=VERTEX_POINT('',#12647);
#4211=VERTEX_POINT('',#12651);
#4212=VERTEX_POINT('',#12655);
#4213=VERTEX_POINT('',#12656);
#4214=VERTEX_POINT('',#12661);
#4215=VERTEX_POINT('',#12665);
#4216=VERTEX_POINT('',#12673);
#4217=VERTEX_POINT('',#12674);
#4218=VERTEX_POINT('',#12676);
#4219=VERTEX_POINT('',#12681);
#4220=VERTEX_POINT('',#12683);
#4221=VERTEX_POINT('',#12688);
#4222=VERTEX_POINT('',#12700);
#4223=VERTEX_POINT('',#12701);
#4224=VERTEX_POINT('',#12703);
#4225=VERTEX_POINT('',#12705);
#4226=VERTEX_POINT('',#12709);
#4227=VERTEX_POINT('',#12711);
#4228=VERTEX_POINT('',#12713);
#4229=VERTEX_POINT('',#12715);
#4230=VERTEX_POINT('',#12717);
#4231=VERTEX_POINT('',#12719);
#4232=VERTEX_POINT('',#12723);
#4233=VERTEX_POINT('',#12727);
#4234=VERTEX_POINT('',#12729);
#4235=VERTEX_POINT('',#12733);
#4236=VERTEX_POINT('',#12737);
#4237=VERTEX_POINT('',#12738);
#4238=VERTEX_POINT('',#12743);
#4239=VERTEX_POINT('',#12747);
#4240=VERTEX_POINT('',#12755);
#4241=VERTEX_POINT('',#12756);
#4242=VERTEX_POINT('',#12758);
#4243=VERTEX_POINT('',#12763);
#4244=VERTEX_POINT('',#12765);
#4245=VERTEX_POINT('',#12770);
#4246=VERTEX_POINT('',#12782);
#4247=VERTEX_POINT('',#12783);
#4248=VERTEX_POINT('',#12785);
#4249=VERTEX_POINT('',#12787);
#4250=VERTEX_POINT('',#12791);
#4251=VERTEX_POINT('',#12793);
#4252=VERTEX_POINT('',#12795);
#4253=VERTEX_POINT('',#12797);
#4254=VERTEX_POINT('',#12799);
#4255=VERTEX_POINT('',#12801);
#4256=VERTEX_POINT('',#12805);
#4257=VERTEX_POINT('',#12809);
#4258=VERTEX_POINT('',#12811);
#4259=VERTEX_POINT('',#12815);
#4260=VERTEX_POINT('',#12819);
#4261=VERTEX_POINT('',#12820);
#4262=VERTEX_POINT('',#12825);
#4263=VERTEX_POINT('',#12829);
#4264=VERTEX_POINT('',#12837);
#4265=VERTEX_POINT('',#12838);
#4266=VERTEX_POINT('',#12840);
#4267=VERTEX_POINT('',#12842);
#4268=VERTEX_POINT('',#12847);
#4269=VERTEX_POINT('',#12851);
#4270=VERTEX_POINT('',#12864);
#4271=VERTEX_POINT('',#12865);
#4272=VERTEX_POINT('',#12867);
#4273=VERTEX_POINT('',#12869);
#4274=VERTEX_POINT('',#12873);
#4275=VERTEX_POINT('',#12875);
#4276=VERTEX_POINT('',#12877);
#4277=VERTEX_POINT('',#12879);
#4278=VERTEX_POINT('',#12881);
#4279=VERTEX_POINT('',#12883);
#4280=VERTEX_POINT('',#12887);
#4281=VERTEX_POINT('',#12891);
#4282=VERTEX_POINT('',#12893);
#4283=VERTEX_POINT('',#12897);
#4284=VERTEX_POINT('',#12901);
#4285=VERTEX_POINT('',#12902);
#4286=VERTEX_POINT('',#12907);
#4287=VERTEX_POINT('',#12911);
#4288=VERTEX_POINT('',#12919);
#4289=VERTEX_POINT('',#12920);
#4290=VERTEX_POINT('',#12922);
#4291=VERTEX_POINT('',#12927);
#4292=VERTEX_POINT('',#12929);
#4293=VERTEX_POINT('',#12934);
#4294=EDGE_CURVE('',#3610,#3611,#3542,.T.);
#4295=EDGE_CURVE('',#3611,#3612,#1512,.T.);
#4296=EDGE_CURVE('',#3612,#3613,#3543,.T.);
#4297=EDGE_CURVE('',#3613,#3610,#1513,.T.);
#4298=EDGE_CURVE('',#3611,#3614,#1514,.T.);
#4299=EDGE_CURVE('',#3615,#3614,#1515,.T.);
#4300=EDGE_CURVE('',#3615,#3616,#1516,.T.);
#4301=EDGE_CURVE('',#3616,#3617,#1517,.T.);
#4302=EDGE_CURVE('',#3617,#3618,#1518,.T.);
#4303=EDGE_CURVE('',#3618,#3619,#1519,.T.);
#4304=EDGE_CURVE('',#3619,#3612,#1520,.T.);
#4305=EDGE_CURVE('',#3620,#3610,#1521,.T.);
#4306=EDGE_CURVE('',#3621,#3620,#1522,.T.);
#4307=EDGE_CURVE('',#3622,#3621,#1523,.T.);
#4308=EDGE_CURVE('',#3622,#3623,#1524,.T.);
#4309=EDGE_CURVE('',#3623,#3624,#1525,.T.);
#4310=EDGE_CURVE('',#3625,#3624,#1526,.T.);
#4311=EDGE_CURVE('',#3625,#3626,#1527,.T.);
#4312=EDGE_CURVE('',#3614,#3626,#3544,.T.);
#4313=EDGE_CURVE('',#3627,#3628,#1528,.T.);
#4314=EDGE_CURVE('',#3628,#3629,#1529,.T.);
#4315=EDGE_CURVE('',#3629,#3630,#1530,.T.);
#4316=EDGE_CURVE('',#3630,#3627,#1531,.T.);
#4317=EDGE_CURVE('',#3631,#3632,#1532,.T.);
#4318=EDGE_CURVE('',#3632,#3633,#1533,.T.);
#4319=EDGE_CURVE('',#3633,#3634,#1534,.T.);
#4320=EDGE_CURVE('',#3634,#3631,#1535,.T.);
#4321=EDGE_CURVE('',#3635,#3636,#1536,.T.);
#4322=EDGE_CURVE('',#3636,#3637,#1537,.T.);
#4323=EDGE_CURVE('',#3637,#3638,#1538,.T.);
#4324=EDGE_CURVE('',#3638,#3635,#1539,.T.);
#4325=EDGE_CURVE('',#3639,#3640,#1540,.T.);
#4326=EDGE_CURVE('',#3640,#3641,#1541,.T.);
#4327=EDGE_CURVE('',#3641,#3642,#1542,.T.);
#4328=EDGE_CURVE('',#3642,#3639,#1543,.T.);
#4329=EDGE_CURVE('',#3643,#3644,#1544,.T.);
#4330=EDGE_CURVE('',#3644,#3645,#1545,.T.);
#4331=EDGE_CURVE('',#3645,#3646,#1546,.T.);
#4332=EDGE_CURVE('',#3646,#3643,#1547,.T.);
#4333=EDGE_CURVE('',#3647,#3648,#1548,.T.);
#4334=EDGE_CURVE('',#3648,#3649,#1549,.T.);
#4335=EDGE_CURVE('',#3649,#3650,#1550,.T.);
#4336=EDGE_CURVE('',#3650,#3647,#1551,.T.);
#4337=EDGE_CURVE('',#3651,#3652,#1552,.T.);
#4338=EDGE_CURVE('',#3652,#3653,#1553,.T.);
#4339=EDGE_CURVE('',#3653,#3654,#1554,.T.);
#4340=EDGE_CURVE('',#3654,#3651,#1555,.T.);
#4341=EDGE_CURVE('',#3655,#3656,#1556,.T.);
#4342=EDGE_CURVE('',#3656,#3657,#1557,.T.);
#4343=EDGE_CURVE('',#3657,#3658,#1558,.T.);
#4344=EDGE_CURVE('',#3658,#3655,#1559,.T.);
#4345=EDGE_CURVE('',#3659,#3660,#1560,.T.);
#4346=EDGE_CURVE('',#3660,#3661,#1561,.T.);
#4347=EDGE_CURVE('',#3661,#3662,#1562,.T.);
#4348=EDGE_CURVE('',#3662,#3659,#1563,.T.);
#4349=EDGE_CURVE('',#3663,#3664,#1564,.T.);
#4350=EDGE_CURVE('',#3664,#3665,#1565,.T.);
#4351=EDGE_CURVE('',#3665,#3666,#1566,.T.);
#4352=EDGE_CURVE('',#3666,#3663,#1567,.T.);
#4353=EDGE_CURVE('',#3667,#3668,#1568,.T.);
#4354=EDGE_CURVE('',#3668,#3669,#1569,.T.);
#4355=EDGE_CURVE('',#3669,#3670,#1570,.T.);
#4356=EDGE_CURVE('',#3670,#3667,#1571,.T.);
#4357=EDGE_CURVE('',#3671,#3672,#1572,.T.);
#4358=EDGE_CURVE('',#3672,#3673,#1573,.T.);
#4359=EDGE_CURVE('',#3673,#3674,#1574,.T.);
#4360=EDGE_CURVE('',#3674,#3671,#1575,.T.);
#4361=EDGE_CURVE('',#3675,#3676,#1576,.T.);
#4362=EDGE_CURVE('',#3676,#3677,#1577,.T.);
#4363=EDGE_CURVE('',#3677,#3678,#1578,.T.);
#4364=EDGE_CURVE('',#3678,#3675,#1579,.T.);
#4365=EDGE_CURVE('',#3679,#3680,#1580,.T.);
#4366=EDGE_CURVE('',#3680,#3681,#1581,.T.);
#4367=EDGE_CURVE('',#3681,#3682,#1582,.T.);
#4368=EDGE_CURVE('',#3682,#3679,#1583,.T.);
#4369=EDGE_CURVE('',#3683,#3684,#1584,.T.);
#4370=EDGE_CURVE('',#3684,#3685,#1585,.T.);
#4371=EDGE_CURVE('',#3685,#3686,#1586,.T.);
#4372=EDGE_CURVE('',#3686,#3683,#1587,.T.);
#4373=EDGE_CURVE('',#3687,#3688,#1588,.T.);
#4374=EDGE_CURVE('',#3688,#3689,#1589,.T.);
#4375=EDGE_CURVE('',#3689,#3690,#1590,.T.);
#4376=EDGE_CURVE('',#3690,#3687,#1591,.T.);
#4377=EDGE_CURVE('',#3691,#3615,#3545,.T.);
#4378=EDGE_CURVE('',#3626,#3691,#1592,.T.);
#4379=EDGE_CURVE('',#3616,#3619,#1593,.T.);
#4380=EDGE_CURVE('',#3692,#3691,#1594,.T.);
#4381=EDGE_CURVE('',#3693,#3692,#1595,.T.);
#4382=EDGE_CURVE('',#3694,#3693,#1596,.T.);
#4383=EDGE_CURVE('',#3694,#3695,#1597,.T.);
#4384=EDGE_CURVE('',#3695,#3696,#1598,.T.);
#4385=EDGE_CURVE('',#3697,#3696,#1599,.T.);
#4386=EDGE_CURVE('',#3697,#3613,#1600,.T.);
#4387=EDGE_CURVE('',#3698,#3699,#1601,.T.);
#4388=EDGE_CURVE('',#3699,#3700,#1602,.T.);
#4389=EDGE_CURVE('',#3700,#3701,#1603,.T.);
#4390=EDGE_CURVE('',#3701,#3698,#1604,.T.);
#4391=EDGE_CURVE('',#3702,#3703,#1605,.T.);
#4392=EDGE_CURVE('',#3703,#3704,#1606,.T.);
#4393=EDGE_CURVE('',#3704,#3705,#1607,.T.);
#4394=EDGE_CURVE('',#3705,#3702,#1608,.T.);
#4395=EDGE_CURVE('',#3706,#3707,#1609,.T.);
#4396=EDGE_CURVE('',#3707,#3708,#1610,.T.);
#4397=EDGE_CURVE('',#3708,#3709,#1611,.T.);
#4398=EDGE_CURVE('',#3709,#3706,#1612,.T.);
#4399=EDGE_CURVE('',#3710,#3711,#1613,.T.);
#4400=EDGE_CURVE('',#3711,#3712,#1614,.T.);
#4401=EDGE_CURVE('',#3712,#3713,#1615,.T.);
#4402=EDGE_CURVE('',#3713,#3710,#1616,.T.);
#4403=EDGE_CURVE('',#3714,#3715,#1617,.T.);
#4404=EDGE_CURVE('',#3715,#3716,#1618,.T.);
#4405=EDGE_CURVE('',#3716,#3717,#1619,.T.);
#4406=EDGE_CURVE('',#3717,#3714,#1620,.T.);
#4407=EDGE_CURVE('',#3718,#3719,#1621,.T.);
#4408=EDGE_CURVE('',#3719,#3720,#1622,.T.);
#4409=EDGE_CURVE('',#3720,#3721,#1623,.T.);
#4410=EDGE_CURVE('',#3721,#3718,#1624,.T.);
#4411=EDGE_CURVE('',#3722,#3723,#1625,.T.);
#4412=EDGE_CURVE('',#3723,#3724,#1626,.T.);
#4413=EDGE_CURVE('',#3724,#3725,#1627,.T.);
#4414=EDGE_CURVE('',#3725,#3722,#1628,.T.);
#4415=EDGE_CURVE('',#3726,#3727,#1629,.T.);
#4416=EDGE_CURVE('',#3727,#3728,#1630,.T.);
#4417=EDGE_CURVE('',#3728,#3729,#1631,.T.);
#4418=EDGE_CURVE('',#3729,#3726,#1632,.T.);
#4419=EDGE_CURVE('',#3730,#3731,#1633,.T.);
#4420=EDGE_CURVE('',#3731,#3732,#1634,.T.);
#4421=EDGE_CURVE('',#3732,#3733,#1635,.T.);
#4422=EDGE_CURVE('',#3733,#3730,#1636,.T.);
#4423=EDGE_CURVE('',#3734,#3735,#1637,.T.);
#4424=EDGE_CURVE('',#3735,#3736,#1638,.T.);
#4425=EDGE_CURVE('',#3736,#3737,#1639,.T.);
#4426=EDGE_CURVE('',#3737,#3734,#1640,.T.);
#4427=EDGE_CURVE('',#3738,#3739,#1641,.T.);
#4428=EDGE_CURVE('',#3739,#3740,#1642,.T.);
#4429=EDGE_CURVE('',#3740,#3741,#1643,.T.);
#4430=EDGE_CURVE('',#3741,#3738,#1644,.T.);
#4431=EDGE_CURVE('',#3742,#3743,#1645,.T.);
#4432=EDGE_CURVE('',#3743,#3744,#1646,.T.);
#4433=EDGE_CURVE('',#3744,#3745,#1647,.T.);
#4434=EDGE_CURVE('',#3745,#3742,#1648,.T.);
#4435=EDGE_CURVE('',#3746,#3747,#1649,.T.);
#4436=EDGE_CURVE('',#3747,#3748,#1650,.T.);
#4437=EDGE_CURVE('',#3748,#3749,#1651,.T.);
#4438=EDGE_CURVE('',#3749,#3746,#1652,.T.);
#4439=EDGE_CURVE('',#3750,#3751,#1653,.T.);
#4440=EDGE_CURVE('',#3751,#3752,#1654,.T.);
#4441=EDGE_CURVE('',#3752,#3753,#1655,.T.);
#4442=EDGE_CURVE('',#3753,#3750,#1656,.T.);
#4443=EDGE_CURVE('',#3754,#3755,#1657,.T.);
#4444=EDGE_CURVE('',#3755,#3756,#1658,.T.);
#4445=EDGE_CURVE('',#3756,#3757,#1659,.T.);
#4446=EDGE_CURVE('',#3757,#3754,#1660,.T.);
#4447=EDGE_CURVE('',#3758,#3759,#1661,.T.);
#4448=EDGE_CURVE('',#3759,#3760,#1662,.T.);
#4449=EDGE_CURVE('',#3760,#3761,#1663,.T.);
#4450=EDGE_CURVE('',#3761,#3758,#1664,.T.);
#4451=EDGE_CURVE('',#3692,#3625,#1665,.T.);
#4452=EDGE_CURVE('',#3762,#3763,#51,.T.);
#4453=EDGE_CURVE('',#3764,#3762,#1666,.T.);
#4454=EDGE_CURVE('',#3765,#3764,#52,.T.);
#4455=EDGE_CURVE('',#3766,#3765,#1667,.T.);
#4456=EDGE_CURVE('',#3767,#3766,#1668,.T.);
#4457=EDGE_CURVE('',#3768,#3767,#1669,.T.);
#4458=EDGE_CURVE('',#3769,#3768,#1670,.T.);
#4459=EDGE_CURVE('',#3763,#3769,#1671,.T.);
#4460=EDGE_CURVE('',#3764,#3762,#3546,.T.);
#4461=EDGE_CURVE('',#3765,#3763,#3547,.T.);
#4462=EDGE_CURVE('',#3767,#3768,#3548,.T.);
#4463=EDGE_CURVE('',#3766,#3769,#3549,.T.);
#4464=EDGE_CURVE('',#3770,#3771,#1672,.T.);
#4465=EDGE_CURVE('',#3771,#3772,#3550,.T.);
#4466=EDGE_CURVE('',#3772,#3773,#1673,.T.);
#4467=EDGE_CURVE('',#3770,#3773,#3551,.T.);
#4468=EDGE_CURVE('',#3771,#3774,#1674,.T.);
#4469=EDGE_CURVE('',#3774,#3775,#3552,.T.);
#4470=EDGE_CURVE('',#3775,#3772,#1675,.T.);
#4471=EDGE_CURVE('',#3774,#3776,#53,.T.);
#4472=EDGE_CURVE('',#3776,#3777,#3553,.T.);
#4473=EDGE_CURVE('',#3777,#3775,#54,.T.);
#4474=EDGE_CURVE('',#3776,#3777,#1676,.T.);
#4475=EDGE_CURVE('',#3773,#3770,#1677,.T.);
#4476=EDGE_CURVE('',#3778,#3779,#1678,.T.);
#4477=EDGE_CURVE('',#3780,#3778,#3554,.T.);
#4478=EDGE_CURVE('',#3781,#3780,#1679,.T.);
#4479=EDGE_CURVE('',#3779,#3781,#3555,.T.);
#4480=EDGE_CURVE('',#3779,#3782,#1680,.T.);
#4481=EDGE_CURVE('',#3783,#3781,#1681,.T.);
#4482=EDGE_CURVE('',#3782,#3783,#3556,.T.);
#4483=EDGE_CURVE('',#3782,#3784,#55,.T.);
#4484=EDGE_CURVE('',#3785,#3783,#56,.T.);
#4485=EDGE_CURVE('',#3784,#3785,#3557,.T.);
#4486=EDGE_CURVE('',#3784,#3785,#1682,.T.);
#4487=EDGE_CURVE('',#3778,#3780,#1683,.T.);
#4488=EDGE_CURVE('',#3786,#3787,#57,.T.);
#4489=EDGE_CURVE('',#3787,#3788,#1684,.T.);
#4490=EDGE_CURVE('',#3788,#3789,#1685,.T.);
#4491=EDGE_CURVE('',#3790,#3789,#1686,.T.);
#4492=EDGE_CURVE('',#3790,#3791,#1687,.T.);
#4493=EDGE_CURVE('',#3791,#3792,#1688,.T.);
#4494=EDGE_CURVE('',#3792,#3793,#58,.T.);
#4495=EDGE_CURVE('',#3793,#3786,#1689,.T.);
#4496=EDGE_CURVE('',#3793,#3786,#3558,.T.);
#4497=EDGE_CURVE('',#3792,#3787,#3559,.T.);
#4498=EDGE_CURVE('',#3791,#3788,#3560,.T.);
#4499=EDGE_CURVE('',#3789,#3790,#3561,.T.);
#4500=EDGE_CURVE('',#3794,#3795,#1690,.T.);
#4501=EDGE_CURVE('',#3795,#3617,#1691,.T.);
#4502=EDGE_CURVE('',#3616,#3794,#1692,.T.);
#4503=EDGE_CURVE('',#3796,#3795,#1693,.T.);
#4504=EDGE_CURVE('',#3618,#3796,#1694,.T.);
#4505=EDGE_CURVE('',#3797,#3619,#1695,.T.);
#4506=EDGE_CURVE('',#3794,#3797,#1696,.T.);
#4507=EDGE_CURVE('',#3796,#3797,#1697,.T.);
#4508=EDGE_CURVE('',#3798,#3799,#1698,.T.);
#4509=EDGE_CURVE('',#3798,#3690,#1699,.T.);
#4510=EDGE_CURVE('',#3799,#3689,#1700,.T.);
#4511=EDGE_CURVE('',#3799,#3800,#1701,.T.);
#4512=EDGE_CURVE('',#3800,#3688,#1702,.T.);
#4513=EDGE_CURVE('',#3800,#3801,#1703,.T.);
#4514=EDGE_CURVE('',#3801,#3687,#1704,.T.);
#4515=EDGE_CURVE('',#3801,#3798,#1705,.T.);
#4516=EDGE_CURVE('',#3802,#3803,#1706,.T.);
#4517=EDGE_CURVE('',#3802,#3686,#1707,.T.);
#4518=EDGE_CURVE('',#3803,#3685,#1708,.T.);
#4519=EDGE_CURVE('',#3803,#3804,#1709,.T.);
#4520=EDGE_CURVE('',#3804,#3684,#1710,.T.);
#4521=EDGE_CURVE('',#3804,#3805,#1711,.T.);
#4522=EDGE_CURVE('',#3805,#3683,#1712,.T.);
#4523=EDGE_CURVE('',#3805,#3802,#1713,.T.);
#4524=EDGE_CURVE('',#3806,#3807,#1714,.T.);
#4525=EDGE_CURVE('',#3806,#3682,#1715,.T.);
#4526=EDGE_CURVE('',#3807,#3681,#1716,.T.);
#4527=EDGE_CURVE('',#3807,#3808,#1717,.T.);
#4528=EDGE_CURVE('',#3808,#3680,#1718,.T.);
#4529=EDGE_CURVE('',#3808,#3809,#1719,.T.);
#4530=EDGE_CURVE('',#3809,#3679,#1720,.T.);
#4531=EDGE_CURVE('',#3809,#3806,#1721,.T.);
#4532=EDGE_CURVE('',#3810,#3811,#1722,.T.);
#4533=EDGE_CURVE('',#3810,#3678,#1723,.T.);
#4534=EDGE_CURVE('',#3811,#3677,#1724,.T.);
#4535=EDGE_CURVE('',#3811,#3812,#1725,.T.);
#4536=EDGE_CURVE('',#3812,#3676,#1726,.T.);
#4537=EDGE_CURVE('',#3812,#3813,#1727,.T.);
#4538=EDGE_CURVE('',#3813,#3675,#1728,.T.);
#4539=EDGE_CURVE('',#3813,#3810,#1729,.T.);
#4540=EDGE_CURVE('',#3814,#3815,#1730,.T.);
#4541=EDGE_CURVE('',#3814,#3674,#1731,.T.);
#4542=EDGE_CURVE('',#3815,#3673,#1732,.T.);
#4543=EDGE_CURVE('',#3815,#3816,#1733,.T.);
#4544=EDGE_CURVE('',#3816,#3672,#1734,.T.);
#4545=EDGE_CURVE('',#3816,#3817,#1735,.T.);
#4546=EDGE_CURVE('',#3817,#3671,#1736,.T.);
#4547=EDGE_CURVE('',#3817,#3814,#1737,.T.);
#4548=EDGE_CURVE('',#3818,#3819,#1738,.T.);
#4549=EDGE_CURVE('',#3818,#3670,#1739,.T.);
#4550=EDGE_CURVE('',#3819,#3669,#1740,.T.);
#4551=EDGE_CURVE('',#3819,#3820,#1741,.T.);
#4552=EDGE_CURVE('',#3820,#3668,#1742,.T.);
#4553=EDGE_CURVE('',#3820,#3821,#1743,.T.);
#4554=EDGE_CURVE('',#3821,#3667,#1744,.T.);
#4555=EDGE_CURVE('',#3821,#3818,#1745,.T.);
#4556=EDGE_CURVE('',#3822,#3823,#1746,.T.);
#4557=EDGE_CURVE('',#3822,#3666,#1747,.T.);
#4558=EDGE_CURVE('',#3823,#3665,#1748,.T.);
#4559=EDGE_CURVE('',#3823,#3824,#1749,.T.);
#4560=EDGE_CURVE('',#3824,#3664,#1750,.T.);
#4561=EDGE_CURVE('',#3824,#3825,#1751,.T.);
#4562=EDGE_CURVE('',#3825,#3663,#1752,.T.);
#4563=EDGE_CURVE('',#3825,#3822,#1753,.T.);
#4564=EDGE_CURVE('',#3826,#3827,#1754,.T.);
#4565=EDGE_CURVE('',#3826,#3662,#1755,.T.);
#4566=EDGE_CURVE('',#3827,#3661,#1756,.T.);
#4567=EDGE_CURVE('',#3827,#3828,#1757,.T.);
#4568=EDGE_CURVE('',#3828,#3660,#1758,.T.);
#4569=EDGE_CURVE('',#3828,#3829,#1759,.T.);
#4570=EDGE_CURVE('',#3829,#3659,#1760,.T.);
#4571=EDGE_CURVE('',#3829,#3826,#1761,.T.);
#4572=EDGE_CURVE('',#3830,#3831,#1762,.T.);
#4573=EDGE_CURVE('',#3830,#3658,#1763,.T.);
#4574=EDGE_CURVE('',#3831,#3657,#1764,.T.);
#4575=EDGE_CURVE('',#3831,#3832,#1765,.T.);
#4576=EDGE_CURVE('',#3832,#3656,#1766,.T.);
#4577=EDGE_CURVE('',#3832,#3833,#1767,.T.);
#4578=EDGE_CURVE('',#3833,#3655,#1768,.T.);
#4579=EDGE_CURVE('',#3833,#3830,#1769,.T.);
#4580=EDGE_CURVE('',#3834,#3835,#1770,.T.);
#4581=EDGE_CURVE('',#3834,#3654,#1771,.T.);
#4582=EDGE_CURVE('',#3835,#3653,#1772,.T.);
#4583=EDGE_CURVE('',#3835,#3836,#1773,.T.);
#4584=EDGE_CURVE('',#3836,#3652,#1774,.T.);
#4585=EDGE_CURVE('',#3836,#3837,#1775,.T.);
#4586=EDGE_CURVE('',#3837,#3651,#1776,.T.);
#4587=EDGE_CURVE('',#3837,#3834,#1777,.T.);
#4588=EDGE_CURVE('',#3838,#3839,#1778,.T.);
#4589=EDGE_CURVE('',#3838,#3650,#1779,.T.);
#4590=EDGE_CURVE('',#3839,#3649,#1780,.T.);
#4591=EDGE_CURVE('',#3839,#3840,#1781,.T.);
#4592=EDGE_CURVE('',#3840,#3648,#1782,.T.);
#4593=EDGE_CURVE('',#3840,#3841,#1783,.T.);
#4594=EDGE_CURVE('',#3841,#3647,#1784,.T.);
#4595=EDGE_CURVE('',#3841,#3838,#1785,.T.);
#4596=EDGE_CURVE('',#3842,#3843,#1786,.T.);
#4597=EDGE_CURVE('',#3842,#3646,#1787,.T.);
#4598=EDGE_CURVE('',#3843,#3645,#1788,.T.);
#4599=EDGE_CURVE('',#3843,#3844,#1789,.T.);
#4600=EDGE_CURVE('',#3844,#3644,#1790,.T.);
#4601=EDGE_CURVE('',#3844,#3845,#1791,.T.);
#4602=EDGE_CURVE('',#3845,#3643,#1792,.T.);
#4603=EDGE_CURVE('',#3845,#3842,#1793,.T.);
#4604=EDGE_CURVE('',#3846,#3847,#1794,.T.);
#4605=EDGE_CURVE('',#3846,#3642,#1795,.T.);
#4606=EDGE_CURVE('',#3847,#3641,#1796,.T.);
#4607=EDGE_CURVE('',#3847,#3848,#1797,.T.);
#4608=EDGE_CURVE('',#3848,#3640,#1798,.T.);
#4609=EDGE_CURVE('',#3848,#3849,#1799,.T.);
#4610=EDGE_CURVE('',#3849,#3639,#1800,.T.);
#4611=EDGE_CURVE('',#3849,#3846,#1801,.T.);
#4612=EDGE_CURVE('',#3850,#3851,#1802,.T.);
#4613=EDGE_CURVE('',#3850,#3638,#1803,.T.);
#4614=EDGE_CURVE('',#3851,#3637,#1804,.T.);
#4615=EDGE_CURVE('',#3851,#3852,#1805,.T.);
#4616=EDGE_CURVE('',#3852,#3636,#1806,.T.);
#4617=EDGE_CURVE('',#3852,#3853,#1807,.T.);
#4618=EDGE_CURVE('',#3853,#3635,#1808,.T.);
#4619=EDGE_CURVE('',#3853,#3850,#1809,.T.);
#4620=EDGE_CURVE('',#3854,#3855,#1810,.T.);
#4621=EDGE_CURVE('',#3854,#3634,#1811,.T.);
#4622=EDGE_CURVE('',#3855,#3633,#1812,.T.);
#4623=EDGE_CURVE('',#3855,#3856,#1813,.T.);
#4624=EDGE_CURVE('',#3856,#3632,#1814,.T.);
#4625=EDGE_CURVE('',#3856,#3857,#1815,.T.);
#4626=EDGE_CURVE('',#3857,#3631,#1816,.T.);
#4627=EDGE_CURVE('',#3857,#3854,#1817,.T.);
#4628=EDGE_CURVE('',#3858,#3859,#1818,.T.);
#4629=EDGE_CURVE('',#3858,#3630,#1819,.T.);
#4630=EDGE_CURVE('',#3859,#3629,#1820,.T.);
#4631=EDGE_CURVE('',#3859,#3860,#1821,.T.);
#4632=EDGE_CURVE('',#3860,#3628,#1822,.T.);
#4633=EDGE_CURVE('',#3860,#3861,#1823,.T.);
#4634=EDGE_CURVE('',#3861,#3627,#1824,.T.);
#4635=EDGE_CURVE('',#3861,#3858,#1825,.T.);
#4636=EDGE_CURVE('',#3758,#3862,#1826,.T.);
#4637=EDGE_CURVE('',#3862,#3863,#1827,.T.);
#4638=EDGE_CURVE('',#3759,#3863,#1828,.T.);
#4639=EDGE_CURVE('',#3761,#3864,#1829,.T.);
#4640=EDGE_CURVE('',#3864,#3862,#1830,.T.);
#4641=EDGE_CURVE('',#3760,#3865,#1831,.T.);
#4642=EDGE_CURVE('',#3865,#3864,#1832,.T.);
#4643=EDGE_CURVE('',#3863,#3865,#1833,.T.);
#4644=EDGE_CURVE('',#3754,#3866,#1834,.T.);
#4645=EDGE_CURVE('',#3866,#3867,#1835,.T.);
#4646=EDGE_CURVE('',#3755,#3867,#1836,.T.);
#4647=EDGE_CURVE('',#3757,#3868,#1837,.T.);
#4648=EDGE_CURVE('',#3868,#3866,#1838,.T.);
#4649=EDGE_CURVE('',#3756,#3869,#1839,.T.);
#4650=EDGE_CURVE('',#3869,#3868,#1840,.T.);
#4651=EDGE_CURVE('',#3867,#3869,#1841,.T.);
#4652=EDGE_CURVE('',#3750,#3870,#1842,.T.);
#4653=EDGE_CURVE('',#3870,#3871,#1843,.T.);
#4654=EDGE_CURVE('',#3751,#3871,#1844,.T.);
#4655=EDGE_CURVE('',#3753,#3872,#1845,.T.);
#4656=EDGE_CURVE('',#3872,#3870,#1846,.T.);
#4657=EDGE_CURVE('',#3752,#3873,#1847,.T.);
#4658=EDGE_CURVE('',#3873,#3872,#1848,.T.);
#4659=EDGE_CURVE('',#3871,#3873,#1849,.T.);
#4660=EDGE_CURVE('',#3746,#3874,#1850,.T.);
#4661=EDGE_CURVE('',#3874,#3875,#1851,.T.);
#4662=EDGE_CURVE('',#3747,#3875,#1852,.T.);
#4663=EDGE_CURVE('',#3749,#3876,#1853,.T.);
#4664=EDGE_CURVE('',#3876,#3874,#1854,.T.);
#4665=EDGE_CURVE('',#3748,#3877,#1855,.T.);
#4666=EDGE_CURVE('',#3877,#3876,#1856,.T.);
#4667=EDGE_CURVE('',#3875,#3877,#1857,.T.);
#4668=EDGE_CURVE('',#3742,#3878,#1858,.T.);
#4669=EDGE_CURVE('',#3878,#3879,#1859,.T.);
#4670=EDGE_CURVE('',#3743,#3879,#1860,.T.);
#4671=EDGE_CURVE('',#3745,#3880,#1861,.T.);
#4672=EDGE_CURVE('',#3880,#3878,#1862,.T.);
#4673=EDGE_CURVE('',#3744,#3881,#1863,.T.);
#4674=EDGE_CURVE('',#3881,#3880,#1864,.T.);
#4675=EDGE_CURVE('',#3879,#3881,#1865,.T.);
#4676=EDGE_CURVE('',#3738,#3882,#1866,.T.);
#4677=EDGE_CURVE('',#3882,#3883,#1867,.T.);
#4678=EDGE_CURVE('',#3739,#3883,#1868,.T.);
#4679=EDGE_CURVE('',#3741,#3884,#1869,.T.);
#4680=EDGE_CURVE('',#3884,#3882,#1870,.T.);
#4681=EDGE_CURVE('',#3740,#3885,#1871,.T.);
#4682=EDGE_CURVE('',#3885,#3884,#1872,.T.);
#4683=EDGE_CURVE('',#3883,#3885,#1873,.T.);
#4684=EDGE_CURVE('',#3734,#3886,#1874,.T.);
#4685=EDGE_CURVE('',#3886,#3887,#1875,.T.);
#4686=EDGE_CURVE('',#3735,#3887,#1876,.T.);
#4687=EDGE_CURVE('',#3737,#3888,#1877,.T.);
#4688=EDGE_CURVE('',#3888,#3886,#1878,.T.);
#4689=EDGE_CURVE('',#3736,#3889,#1879,.T.);
#4690=EDGE_CURVE('',#3889,#3888,#1880,.T.);
#4691=EDGE_CURVE('',#3887,#3889,#1881,.T.);
#4692=EDGE_CURVE('',#3730,#3890,#1882,.T.);
#4693=EDGE_CURVE('',#3890,#3891,#1883,.T.);
#4694=EDGE_CURVE('',#3731,#3891,#1884,.T.);
#4695=EDGE_CURVE('',#3733,#3892,#1885,.T.);
#4696=EDGE_CURVE('',#3892,#3890,#1886,.T.);
#4697=EDGE_CURVE('',#3732,#3893,#1887,.T.);
#4698=EDGE_CURVE('',#3893,#3892,#1888,.T.);
#4699=EDGE_CURVE('',#3891,#3893,#1889,.T.);
#4700=EDGE_CURVE('',#3726,#3894,#1890,.T.);
#4701=EDGE_CURVE('',#3894,#3895,#1891,.T.);
#4702=EDGE_CURVE('',#3727,#3895,#1892,.T.);
#4703=EDGE_CURVE('',#3729,#3896,#1893,.T.);
#4704=EDGE_CURVE('',#3896,#3894,#1894,.T.);
#4705=EDGE_CURVE('',#3728,#3897,#1895,.T.);
#4706=EDGE_CURVE('',#3897,#3896,#1896,.T.);
#4707=EDGE_CURVE('',#3895,#3897,#1897,.T.);
#4708=EDGE_CURVE('',#3722,#3898,#1898,.T.);
#4709=EDGE_CURVE('',#3898,#3899,#1899,.T.);
#4710=EDGE_CURVE('',#3723,#3899,#1900,.T.);
#4711=EDGE_CURVE('',#3725,#3900,#1901,.T.);
#4712=EDGE_CURVE('',#3900,#3898,#1902,.T.);
#4713=EDGE_CURVE('',#3724,#3901,#1903,.T.);
#4714=EDGE_CURVE('',#3901,#3900,#1904,.T.);
#4715=EDGE_CURVE('',#3899,#3901,#1905,.T.);
#4716=EDGE_CURVE('',#3718,#3902,#1906,.T.);
#4717=EDGE_CURVE('',#3902,#3903,#1907,.T.);
#4718=EDGE_CURVE('',#3719,#3903,#1908,.T.);
#4719=EDGE_CURVE('',#3721,#3904,#1909,.T.);
#4720=EDGE_CURVE('',#3904,#3902,#1910,.T.);
#4721=EDGE_CURVE('',#3720,#3905,#1911,.T.);
#4722=EDGE_CURVE('',#3905,#3904,#1912,.T.);
#4723=EDGE_CURVE('',#3903,#3905,#1913,.T.);
#4724=EDGE_CURVE('',#3714,#3906,#1914,.T.);
#4725=EDGE_CURVE('',#3906,#3907,#1915,.T.);
#4726=EDGE_CURVE('',#3715,#3907,#1916,.T.);
#4727=EDGE_CURVE('',#3717,#3908,#1917,.T.);
#4728=EDGE_CURVE('',#3908,#3906,#1918,.T.);
#4729=EDGE_CURVE('',#3716,#3909,#1919,.T.);
#4730=EDGE_CURVE('',#3909,#3908,#1920,.T.);
#4731=EDGE_CURVE('',#3907,#3909,#1921,.T.);
#4732=EDGE_CURVE('',#3710,#3910,#1922,.T.);
#4733=EDGE_CURVE('',#3910,#3911,#1923,.T.);
#4734=EDGE_CURVE('',#3711,#3911,#1924,.T.);
#4735=EDGE_CURVE('',#3713,#3912,#1925,.T.);
#4736=EDGE_CURVE('',#3912,#3910,#1926,.T.);
#4737=EDGE_CURVE('',#3712,#3913,#1927,.T.);
#4738=EDGE_CURVE('',#3913,#3912,#1928,.T.);
#4739=EDGE_CURVE('',#3911,#3913,#1929,.T.);
#4740=EDGE_CURVE('',#3706,#3914,#1930,.T.);
#4741=EDGE_CURVE('',#3914,#3915,#1931,.T.);
#4742=EDGE_CURVE('',#3707,#3915,#1932,.T.);
#4743=EDGE_CURVE('',#3709,#3916,#1933,.T.);
#4744=EDGE_CURVE('',#3916,#3914,#1934,.T.);
#4745=EDGE_CURVE('',#3708,#3917,#1935,.T.);
#4746=EDGE_CURVE('',#3917,#3916,#1936,.T.);
#4747=EDGE_CURVE('',#3915,#3917,#1937,.T.);
#4748=EDGE_CURVE('',#3702,#3918,#1938,.T.);
#4749=EDGE_CURVE('',#3918,#3919,#1939,.T.);
#4750=EDGE_CURVE('',#3703,#3919,#1940,.T.);
#4751=EDGE_CURVE('',#3705,#3920,#1941,.T.);
#4752=EDGE_CURVE('',#3920,#3918,#1942,.T.);
#4753=EDGE_CURVE('',#3704,#3921,#1943,.T.);
#4754=EDGE_CURVE('',#3921,#3920,#1944,.T.);
#4755=EDGE_CURVE('',#3919,#3921,#1945,.T.);
#4756=EDGE_CURVE('',#3698,#3922,#1946,.T.);
#4757=EDGE_CURVE('',#3922,#3923,#1947,.T.);
#4758=EDGE_CURVE('',#3699,#3923,#1948,.T.);
#4759=EDGE_CURVE('',#3701,#3924,#1949,.T.);
#4760=EDGE_CURVE('',#3924,#3922,#1950,.T.);
#4761=EDGE_CURVE('',#3700,#3925,#1951,.T.);
#4762=EDGE_CURVE('',#3925,#3924,#1952,.T.);
#4763=EDGE_CURVE('',#3923,#3925,#1953,.T.);
#4764=EDGE_CURVE('',#3694,#3623,#1954,.T.);
#4765=EDGE_CURVE('',#3624,#3693,#1955,.T.);
#4766=EDGE_CURVE('',#3622,#3695,#1956,.T.);
#4767=EDGE_CURVE('',#3696,#3621,#1957,.T.);
#4768=EDGE_CURVE('',#3620,#3697,#1958,.T.);
#4769=EDGE_CURVE('',#3926,#3927,#1959,.T.);
#4770=EDGE_CURVE('',#3927,#3928,#1960,.T.);
#4771=EDGE_CURVE('',#3928,#3929,#1961,.T.);
#4772=EDGE_CURVE('',#3926,#3929,#1962,.T.);
#4773=EDGE_CURVE('',#3927,#3930,#1963,.T.);
#4774=EDGE_CURVE('',#3930,#3931,#1964,.T.);
#4775=EDGE_CURVE('',#3931,#3928,#1965,.T.);
#4776=EDGE_CURVE('',#3930,#3932,#1966,.T.);
#4777=EDGE_CURVE('',#3932,#3933,#1967,.T.);
#4778=EDGE_CURVE('',#3933,#3931,#1968,.T.);
#4779=EDGE_CURVE('',#3929,#3933,#1969,.T.);
#4780=EDGE_CURVE('',#3932,#3926,#1970,.T.);
#4781=EDGE_CURVE('',#3934,#3929,#1971,.F.);
#4782=EDGE_CURVE('',#3935,#3934,#1972,.T.);
#4783=EDGE_CURVE('',#3935,#3933,#1973,.T.);
#4784=EDGE_CURVE('',#3936,#3928,#1974,.T.);
#4785=EDGE_CURVE('',#3937,#3936,#1975,.T.);
#4786=EDGE_CURVE('',#3938,#3937,#1976,.T.);
#4787=EDGE_CURVE('',#3938,#3939,#1977,.T.);
#4788=EDGE_CURVE('',#3934,#3939,#3562,.T.);
#4789=EDGE_CURVE('',#3940,#3941,#1978,.T.);
#4790=EDGE_CURVE('',#3941,#3942,#1979,.T.);
#4791=EDGE_CURVE('',#3942,#3938,#1980,.T.);
#4792=EDGE_CURVE('',#3940,#3938,#1981,.T.);
#4793=EDGE_CURVE('',#3943,#3942,#1982,.T.);
#4794=EDGE_CURVE('',#3941,#3944,#1983,.T.);
#4795=EDGE_CURVE('',#3944,#3943,#1984,.T.);
#4796=EDGE_CURVE('',#3937,#3943,#1985,.T.);
#4797=EDGE_CURVE('',#3944,#3945,#1986,.T.);
#4798=EDGE_CURVE('',#3945,#3937,#1987,.T.);
#4799=EDGE_CURVE('',#3945,#3940,#1988,.T.);
#4800=EDGE_CURVE('',#3942,#3946,#1989,.T.);
#4801=EDGE_CURVE('',#3939,#3946,#1990,.T.);
#4802=EDGE_CURVE('',#3946,#3935,#3563,.T.);
#4803=EDGE_CURVE('',#3943,#3947,#1991,.T.);
#4804=EDGE_CURVE('',#3947,#3931,#1992,.T.);
#4805=EDGE_CURVE('',#3936,#3947,#1993,.T.);
#4806=EDGE_CURVE('',#3948,#3949,#1994,.T.);
#4807=EDGE_CURVE('',#3949,#3950,#1995,.T.);
#4808=EDGE_CURVE('',#3950,#3951,#1996,.T.);
#4809=EDGE_CURVE('',#3948,#3951,#1997,.T.);
#4810=EDGE_CURVE('',#3949,#3952,#1998,.T.);
#4811=EDGE_CURVE('',#3952,#3953,#1999,.T.);
#4812=EDGE_CURVE('',#3953,#3950,#2000,.T.);
#4813=EDGE_CURVE('',#3952,#3954,#2001,.T.);
#4814=EDGE_CURVE('',#3954,#3955,#2002,.T.);
#4815=EDGE_CURVE('',#3955,#3953,#2003,.T.);
#4816=EDGE_CURVE('',#3951,#3955,#2004,.T.);
#4817=EDGE_CURVE('',#3954,#3948,#2005,.T.);
#4818=EDGE_CURVE('',#3956,#3951,#2006,.F.);
#4819=EDGE_CURVE('',#3957,#3956,#2007,.T.);
#4820=EDGE_CURVE('',#3957,#3955,#2008,.T.);
#4821=EDGE_CURVE('',#3958,#3950,#2009,.T.);
#4822=EDGE_CURVE('',#3959,#3958,#2010,.T.);
#4823=EDGE_CURVE('',#3960,#3959,#2011,.T.);
#4824=EDGE_CURVE('',#3960,#3961,#2012,.T.);
#4825=EDGE_CURVE('',#3956,#3961,#3564,.T.);
#4826=EDGE_CURVE('',#3962,#3963,#2013,.T.);
#4827=EDGE_CURVE('',#3963,#3964,#2014,.T.);
#4828=EDGE_CURVE('',#3964,#3960,#2015,.T.);
#4829=EDGE_CURVE('',#3962,#3960,#2016,.T.);
#4830=EDGE_CURVE('',#3965,#3964,#2017,.T.);
#4831=EDGE_CURVE('',#3963,#3966,#2018,.T.);
#4832=EDGE_CURVE('',#3966,#3965,#2019,.T.);
#4833=EDGE_CURVE('',#3959,#3965,#2020,.T.);
#4834=EDGE_CURVE('',#3966,#3967,#2021,.T.);
#4835=EDGE_CURVE('',#3967,#3959,#2022,.T.);
#4836=EDGE_CURVE('',#3967,#3962,#2023,.T.);
#4837=EDGE_CURVE('',#3964,#3968,#2024,.T.);
#4838=EDGE_CURVE('',#3961,#3968,#2025,.T.);
#4839=EDGE_CURVE('',#3968,#3957,#3565,.T.);
#4840=EDGE_CURVE('',#3965,#3969,#2026,.T.);
#4841=EDGE_CURVE('',#3969,#3953,#2027,.T.);
#4842=EDGE_CURVE('',#3958,#3969,#2028,.T.);
#4843=EDGE_CURVE('',#3970,#3971,#2029,.T.);
#4844=EDGE_CURVE('',#3971,#3972,#2030,.T.);
#4845=EDGE_CURVE('',#3972,#3973,#2031,.T.);
#4846=EDGE_CURVE('',#3970,#3973,#2032,.T.);
#4847=EDGE_CURVE('',#3971,#3974,#2033,.T.);
#4848=EDGE_CURVE('',#3974,#3975,#2034,.T.);
#4849=EDGE_CURVE('',#3975,#3972,#2035,.T.);
#4850=EDGE_CURVE('',#3974,#3976,#2036,.T.);
#4851=EDGE_CURVE('',#3976,#3977,#2037,.T.);
#4852=EDGE_CURVE('',#3977,#3975,#2038,.T.);
#4853=EDGE_CURVE('',#3973,#3977,#2039,.T.);
#4854=EDGE_CURVE('',#3976,#3970,#2040,.T.);
#4855=EDGE_CURVE('',#3978,#3973,#2041,.F.);
#4856=EDGE_CURVE('',#3979,#3978,#2042,.T.);
#4857=EDGE_CURVE('',#3979,#3977,#2043,.T.);
#4858=EDGE_CURVE('',#3980,#3972,#2044,.T.);
#4859=EDGE_CURVE('',#3981,#3980,#2045,.T.);
#4860=EDGE_CURVE('',#3982,#3981,#2046,.T.);
#4861=EDGE_CURVE('',#3982,#3983,#2047,.T.);
#4862=EDGE_CURVE('',#3978,#3983,#3566,.T.);
#4863=EDGE_CURVE('',#3984,#3985,#2048,.T.);
#4864=EDGE_CURVE('',#3985,#3986,#2049,.T.);
#4865=EDGE_CURVE('',#3986,#3982,#2050,.T.);
#4866=EDGE_CURVE('',#3984,#3982,#2051,.T.);
#4867=EDGE_CURVE('',#3987,#3986,#2052,.T.);
#4868=EDGE_CURVE('',#3985,#3988,#2053,.T.);
#4869=EDGE_CURVE('',#3988,#3987,#2054,.T.);
#4870=EDGE_CURVE('',#3981,#3987,#2055,.T.);
#4871=EDGE_CURVE('',#3988,#3989,#2056,.T.);
#4872=EDGE_CURVE('',#3989,#3981,#2057,.T.);
#4873=EDGE_CURVE('',#3989,#3984,#2058,.T.);
#4874=EDGE_CURVE('',#3986,#3990,#2059,.T.);
#4875=EDGE_CURVE('',#3983,#3990,#2060,.T.);
#4876=EDGE_CURVE('',#3990,#3979,#3567,.T.);
#4877=EDGE_CURVE('',#3987,#3991,#2061,.T.);
#4878=EDGE_CURVE('',#3991,#3975,#2062,.T.);
#4879=EDGE_CURVE('',#3980,#3991,#2063,.T.);
#4880=EDGE_CURVE('',#3992,#3993,#2064,.T.);
#4881=EDGE_CURVE('',#3993,#3994,#2065,.T.);
#4882=EDGE_CURVE('',#3994,#3995,#2066,.T.);
#4883=EDGE_CURVE('',#3992,#3995,#2067,.T.);
#4884=EDGE_CURVE('',#3993,#3996,#2068,.T.);
#4885=EDGE_CURVE('',#3996,#3997,#2069,.T.);
#4886=EDGE_CURVE('',#3997,#3994,#2070,.T.);
#4887=EDGE_CURVE('',#3996,#3998,#2071,.T.);
#4888=EDGE_CURVE('',#3998,#3999,#2072,.T.);
#4889=EDGE_CURVE('',#3999,#3997,#2073,.T.);
#4890=EDGE_CURVE('',#3995,#3999,#2074,.T.);
#4891=EDGE_CURVE('',#3998,#3992,#2075,.T.);
#4892=EDGE_CURVE('',#4000,#3995,#2076,.F.);
#4893=EDGE_CURVE('',#4001,#4000,#2077,.T.);
#4894=EDGE_CURVE('',#4001,#3999,#2078,.T.);
#4895=EDGE_CURVE('',#4002,#3994,#2079,.T.);
#4896=EDGE_CURVE('',#4003,#4002,#2080,.T.);
#4897=EDGE_CURVE('',#4004,#4003,#2081,.T.);
#4898=EDGE_CURVE('',#4004,#4005,#2082,.T.);
#4899=EDGE_CURVE('',#4000,#4005,#3568,.T.);
#4900=EDGE_CURVE('',#4006,#4007,#2083,.T.);
#4901=EDGE_CURVE('',#4007,#4008,#2084,.T.);
#4902=EDGE_CURVE('',#4008,#4004,#2085,.T.);
#4903=EDGE_CURVE('',#4006,#4004,#2086,.T.);
#4904=EDGE_CURVE('',#4009,#4008,#2087,.T.);
#4905=EDGE_CURVE('',#4007,#4010,#2088,.T.);
#4906=EDGE_CURVE('',#4010,#4009,#2089,.T.);
#4907=EDGE_CURVE('',#4003,#4009,#2090,.T.);
#4908=EDGE_CURVE('',#4010,#4011,#2091,.T.);
#4909=EDGE_CURVE('',#4011,#4003,#2092,.T.);
#4910=EDGE_CURVE('',#4011,#4006,#2093,.T.);
#4911=EDGE_CURVE('',#4008,#4012,#2094,.T.);
#4912=EDGE_CURVE('',#4005,#4012,#2095,.T.);
#4913=EDGE_CURVE('',#4012,#4001,#3569,.T.);
#4914=EDGE_CURVE('',#4009,#4013,#2096,.T.);
#4915=EDGE_CURVE('',#4013,#3997,#2097,.T.);
#4916=EDGE_CURVE('',#4002,#4013,#2098,.T.);
#4917=EDGE_CURVE('',#4014,#4015,#2099,.T.);
#4918=EDGE_CURVE('',#4015,#4016,#2100,.T.);
#4919=EDGE_CURVE('',#4016,#4017,#2101,.T.);
#4920=EDGE_CURVE('',#4014,#4017,#2102,.T.);
#4921=EDGE_CURVE('',#4015,#4018,#2103,.T.);
#4922=EDGE_CURVE('',#4018,#4019,#2104,.T.);
#4923=EDGE_CURVE('',#4019,#4016,#2105,.T.);
#4924=EDGE_CURVE('',#4018,#4020,#2106,.T.);
#4925=EDGE_CURVE('',#4020,#4021,#2107,.T.);
#4926=EDGE_CURVE('',#4021,#4019,#2108,.T.);
#4927=EDGE_CURVE('',#4017,#4021,#2109,.T.);
#4928=EDGE_CURVE('',#4020,#4014,#2110,.T.);
#4929=EDGE_CURVE('',#4022,#4017,#2111,.F.);
#4930=EDGE_CURVE('',#4023,#4022,#2112,.T.);
#4931=EDGE_CURVE('',#4023,#4021,#2113,.T.);
#4932=EDGE_CURVE('',#4024,#4016,#2114,.T.);
#4933=EDGE_CURVE('',#4025,#4024,#2115,.T.);
#4934=EDGE_CURVE('',#4026,#4025,#2116,.T.);
#4935=EDGE_CURVE('',#4026,#4027,#2117,.T.);
#4936=EDGE_CURVE('',#4022,#4027,#3570,.T.);
#4937=EDGE_CURVE('',#4028,#4029,#2118,.T.);
#4938=EDGE_CURVE('',#4029,#4030,#2119,.T.);
#4939=EDGE_CURVE('',#4030,#4026,#2120,.T.);
#4940=EDGE_CURVE('',#4028,#4026,#2121,.T.);
#4941=EDGE_CURVE('',#4031,#4030,#2122,.T.);
#4942=EDGE_CURVE('',#4029,#4032,#2123,.T.);
#4943=EDGE_CURVE('',#4032,#4031,#2124,.T.);
#4944=EDGE_CURVE('',#4025,#4031,#2125,.T.);
#4945=EDGE_CURVE('',#4032,#4033,#2126,.T.);
#4946=EDGE_CURVE('',#4033,#4025,#2127,.T.);
#4947=EDGE_CURVE('',#4033,#4028,#2128,.T.);
#4948=EDGE_CURVE('',#4030,#4034,#2129,.T.);
#4949=EDGE_CURVE('',#4027,#4034,#2130,.T.);
#4950=EDGE_CURVE('',#4034,#4023,#3571,.T.);
#4951=EDGE_CURVE('',#4031,#4035,#2131,.T.);
#4952=EDGE_CURVE('',#4035,#4019,#2132,.T.);
#4953=EDGE_CURVE('',#4024,#4035,#2133,.T.);
#4954=EDGE_CURVE('',#4036,#4037,#2134,.T.);
#4955=EDGE_CURVE('',#4037,#4038,#2135,.T.);
#4956=EDGE_CURVE('',#4038,#4039,#2136,.T.);
#4957=EDGE_CURVE('',#4036,#4039,#2137,.T.);
#4958=EDGE_CURVE('',#4037,#4040,#2138,.T.);
#4959=EDGE_CURVE('',#4040,#4041,#2139,.T.);
#4960=EDGE_CURVE('',#4041,#4038,#2140,.T.);
#4961=EDGE_CURVE('',#4040,#4042,#2141,.T.);
#4962=EDGE_CURVE('',#4042,#4043,#2142,.T.);
#4963=EDGE_CURVE('',#4043,#4041,#2143,.T.);
#4964=EDGE_CURVE('',#4039,#4043,#2144,.T.);
#4965=EDGE_CURVE('',#4042,#4036,#2145,.T.);
#4966=EDGE_CURVE('',#4044,#4039,#2146,.F.);
#4967=EDGE_CURVE('',#4045,#4044,#2147,.T.);
#4968=EDGE_CURVE('',#4045,#4043,#2148,.T.);
#4969=EDGE_CURVE('',#4046,#4038,#2149,.T.);
#4970=EDGE_CURVE('',#4047,#4046,#2150,.T.);
#4971=EDGE_CURVE('',#4048,#4047,#2151,.T.);
#4972=EDGE_CURVE('',#4048,#4049,#2152,.T.);
#4973=EDGE_CURVE('',#4044,#4049,#3572,.T.);
#4974=EDGE_CURVE('',#4050,#4051,#2153,.T.);
#4975=EDGE_CURVE('',#4051,#4052,#2154,.T.);
#4976=EDGE_CURVE('',#4052,#4048,#2155,.T.);
#4977=EDGE_CURVE('',#4050,#4048,#2156,.T.);
#4978=EDGE_CURVE('',#4053,#4052,#2157,.T.);
#4979=EDGE_CURVE('',#4051,#4054,#2158,.T.);
#4980=EDGE_CURVE('',#4054,#4053,#2159,.T.);
#4981=EDGE_CURVE('',#4047,#4053,#2160,.T.);
#4982=EDGE_CURVE('',#4054,#4055,#2161,.T.);
#4983=EDGE_CURVE('',#4055,#4047,#2162,.T.);
#4984=EDGE_CURVE('',#4055,#4050,#2163,.T.);
#4985=EDGE_CURVE('',#4052,#4056,#2164,.T.);
#4986=EDGE_CURVE('',#4049,#4056,#2165,.T.);
#4987=EDGE_CURVE('',#4056,#4045,#3573,.T.);
#4988=EDGE_CURVE('',#4053,#4057,#2166,.T.);
#4989=EDGE_CURVE('',#4057,#4041,#2167,.T.);
#4990=EDGE_CURVE('',#4046,#4057,#2168,.T.);
#4991=EDGE_CURVE('',#4058,#4059,#2169,.T.);
#4992=EDGE_CURVE('',#4059,#4060,#2170,.T.);
#4993=EDGE_CURVE('',#4060,#4061,#2171,.T.);
#4994=EDGE_CURVE('',#4058,#4061,#2172,.T.);
#4995=EDGE_CURVE('',#4059,#4062,#2173,.T.);
#4996=EDGE_CURVE('',#4062,#4063,#2174,.T.);
#4997=EDGE_CURVE('',#4063,#4060,#2175,.T.);
#4998=EDGE_CURVE('',#4062,#4064,#2176,.T.);
#4999=EDGE_CURVE('',#4064,#4065,#2177,.T.);
#5000=EDGE_CURVE('',#4065,#4063,#2178,.T.);
#5001=EDGE_CURVE('',#4061,#4065,#2179,.T.);
#5002=EDGE_CURVE('',#4064,#4058,#2180,.T.);
#5003=EDGE_CURVE('',#4066,#4061,#2181,.F.);
#5004=EDGE_CURVE('',#4067,#4066,#2182,.T.);
#5005=EDGE_CURVE('',#4067,#4065,#2183,.T.);
#5006=EDGE_CURVE('',#4068,#4060,#2184,.T.);
#5007=EDGE_CURVE('',#4069,#4068,#2185,.T.);
#5008=EDGE_CURVE('',#4070,#4069,#2186,.T.);
#5009=EDGE_CURVE('',#4070,#4071,#2187,.T.);
#5010=EDGE_CURVE('',#4066,#4071,#3574,.T.);
#5011=EDGE_CURVE('',#4072,#4073,#2188,.T.);
#5012=EDGE_CURVE('',#4073,#4074,#2189,.T.);
#5013=EDGE_CURVE('',#4074,#4070,#2190,.T.);
#5014=EDGE_CURVE('',#4072,#4070,#2191,.T.);
#5015=EDGE_CURVE('',#4075,#4074,#2192,.T.);
#5016=EDGE_CURVE('',#4073,#4076,#2193,.T.);
#5017=EDGE_CURVE('',#4076,#4075,#2194,.T.);
#5018=EDGE_CURVE('',#4069,#4075,#2195,.T.);
#5019=EDGE_CURVE('',#4076,#4077,#2196,.T.);
#5020=EDGE_CURVE('',#4077,#4069,#2197,.T.);
#5021=EDGE_CURVE('',#4077,#4072,#2198,.T.);
#5022=EDGE_CURVE('',#4074,#4078,#2199,.T.);
#5023=EDGE_CURVE('',#4071,#4078,#2200,.T.);
#5024=EDGE_CURVE('',#4078,#4067,#3575,.T.);
#5025=EDGE_CURVE('',#4075,#4079,#2201,.T.);
#5026=EDGE_CURVE('',#4079,#4063,#2202,.T.);
#5027=EDGE_CURVE('',#4068,#4079,#2203,.T.);
#5028=EDGE_CURVE('',#4080,#4081,#2204,.T.);
#5029=EDGE_CURVE('',#4081,#4082,#2205,.T.);
#5030=EDGE_CURVE('',#4082,#4083,#2206,.T.);
#5031=EDGE_CURVE('',#4080,#4083,#2207,.T.);
#5032=EDGE_CURVE('',#4081,#4084,#2208,.T.);
#5033=EDGE_CURVE('',#4084,#4085,#2209,.T.);
#5034=EDGE_CURVE('',#4085,#4082,#2210,.T.);
#5035=EDGE_CURVE('',#4084,#4086,#2211,.T.);
#5036=EDGE_CURVE('',#4086,#4087,#2212,.T.);
#5037=EDGE_CURVE('',#4087,#4085,#2213,.T.);
#5038=EDGE_CURVE('',#4083,#4087,#2214,.T.);
#5039=EDGE_CURVE('',#4086,#4080,#2215,.T.);
#5040=EDGE_CURVE('',#4088,#4083,#2216,.F.);
#5041=EDGE_CURVE('',#4089,#4088,#2217,.T.);
#5042=EDGE_CURVE('',#4089,#4087,#2218,.T.);
#5043=EDGE_CURVE('',#4090,#4082,#2219,.T.);
#5044=EDGE_CURVE('',#4091,#4090,#2220,.T.);
#5045=EDGE_CURVE('',#4092,#4091,#2221,.T.);
#5046=EDGE_CURVE('',#4092,#4093,#2222,.T.);
#5047=EDGE_CURVE('',#4088,#4093,#3576,.T.);
#5048=EDGE_CURVE('',#4094,#4095,#2223,.T.);
#5049=EDGE_CURVE('',#4095,#4096,#2224,.T.);
#5050=EDGE_CURVE('',#4096,#4092,#2225,.T.);
#5051=EDGE_CURVE('',#4094,#4092,#2226,.T.);
#5052=EDGE_CURVE('',#4097,#4096,#2227,.T.);
#5053=EDGE_CURVE('',#4095,#4098,#2228,.T.);
#5054=EDGE_CURVE('',#4098,#4097,#2229,.T.);
#5055=EDGE_CURVE('',#4091,#4097,#2230,.T.);
#5056=EDGE_CURVE('',#4098,#4099,#2231,.T.);
#5057=EDGE_CURVE('',#4099,#4091,#2232,.T.);
#5058=EDGE_CURVE('',#4099,#4094,#2233,.T.);
#5059=EDGE_CURVE('',#4096,#4100,#2234,.T.);
#5060=EDGE_CURVE('',#4093,#4100,#2235,.T.);
#5061=EDGE_CURVE('',#4100,#4089,#3577,.T.);
#5062=EDGE_CURVE('',#4097,#4101,#2236,.T.);
#5063=EDGE_CURVE('',#4101,#4085,#2237,.T.);
#5064=EDGE_CURVE('',#4090,#4101,#2238,.T.);
#5065=EDGE_CURVE('',#4102,#4103,#3578,.T.);
#5066=EDGE_CURVE('',#4103,#4104,#2239,.T.);
#5067=EDGE_CURVE('',#4104,#4105,#3579,.T.);
#5068=EDGE_CURVE('',#4105,#4102,#2240,.T.);
#5069=EDGE_CURVE('',#4102,#4106,#2241,.T.);
#5070=EDGE_CURVE('',#4107,#4106,#2242,.T.);
#5071=EDGE_CURVE('',#4108,#4107,#2243,.T.);
#5072=EDGE_CURVE('',#4109,#4108,#3580,.T.);
#5073=EDGE_CURVE('',#4110,#4109,#2244,.T.);
#5074=EDGE_CURVE('',#4111,#4110,#2245,.T.);
#5075=EDGE_CURVE('',#4111,#4103,#2246,.T.);
#5076=EDGE_CURVE('',#4105,#4112,#2247,.T.);
#5077=EDGE_CURVE('',#4106,#4112,#2248,.T.);
#5078=EDGE_CURVE('',#4108,#4113,#2249,.T.);
#5079=EDGE_CURVE('',#4113,#4114,#3581,.T.);
#5080=EDGE_CURVE('',#4114,#4109,#2250,.T.);
#5081=EDGE_CURVE('',#4115,#4107,#2251,.T.);
#5082=EDGE_CURVE('',#4113,#4115,#2252,.T.);
#5083=EDGE_CURVE('',#4116,#4117,#2253,.T.);
#5084=EDGE_CURVE('',#4117,#4107,#2254,.T.);
#5085=EDGE_CURVE('',#4116,#4106,#2255,.T.);
#5086=EDGE_CURVE('',#4117,#4118,#2256,.T.);
#5087=EDGE_CURVE('',#4118,#4115,#2257,.T.);
#5088=EDGE_CURVE('',#4118,#4119,#2258,.T.);
#5089=EDGE_CURVE('',#4119,#4112,#2259,.T.);
#5090=EDGE_CURVE('',#4112,#4115,#2260,.T.);
#5091=EDGE_CURVE('',#4119,#4116,#2261,.T.);
#5092=EDGE_CURVE('',#4120,#4121,#2262,.T.);
#5093=EDGE_CURVE('',#4121,#4122,#2263,.T.);
#5094=EDGE_CURVE('',#4122,#4111,#2264,.T.);
#5095=EDGE_CURVE('',#4120,#4111,#2265,.T.);
#5096=EDGE_CURVE('',#4123,#4122,#2266,.T.);
#5097=EDGE_CURVE('',#4121,#4124,#2267,.T.);
#5098=EDGE_CURVE('',#4124,#4123,#2268,.T.);
#5099=EDGE_CURVE('',#4110,#4123,#2269,.T.);
#5100=EDGE_CURVE('',#4124,#4125,#2270,.T.);
#5101=EDGE_CURVE('',#4125,#4110,#2271,.T.);
#5102=EDGE_CURVE('',#4125,#4120,#2272,.T.);
#5103=EDGE_CURVE('',#4122,#4104,#2273,.T.);
#5104=EDGE_CURVE('',#4123,#4114,#2274,.T.);
#5105=EDGE_CURVE('',#4126,#4127,#3582,.T.);
#5106=EDGE_CURVE('',#4127,#4128,#2275,.T.);
#5107=EDGE_CURVE('',#4128,#4129,#3583,.T.);
#5108=EDGE_CURVE('',#4129,#4126,#2276,.T.);
#5109=EDGE_CURVE('',#4126,#4130,#2277,.T.);
#5110=EDGE_CURVE('',#4131,#4130,#2278,.T.);
#5111=EDGE_CURVE('',#4132,#4131,#2279,.T.);
#5112=EDGE_CURVE('',#4133,#4132,#3584,.T.);
#5113=EDGE_CURVE('',#4134,#4133,#2280,.T.);
#5114=EDGE_CURVE('',#4135,#4134,#2281,.T.);
#5115=EDGE_CURVE('',#4135,#4127,#2282,.T.);
#5116=EDGE_CURVE('',#4129,#4136,#2283,.T.);
#5117=EDGE_CURVE('',#4130,#4136,#2284,.T.);
#5118=EDGE_CURVE('',#4132,#4137,#2285,.T.);
#5119=EDGE_CURVE('',#4137,#4138,#3585,.T.);
#5120=EDGE_CURVE('',#4138,#4133,#2286,.T.);
#5121=EDGE_CURVE('',#4139,#4131,#2287,.T.);
#5122=EDGE_CURVE('',#4137,#4139,#2288,.T.);
#5123=EDGE_CURVE('',#4140,#4141,#2289,.T.);
#5124=EDGE_CURVE('',#4141,#4131,#2290,.T.);
#5125=EDGE_CURVE('',#4140,#4130,#2291,.T.);
#5126=EDGE_CURVE('',#4141,#4142,#2292,.T.);
#5127=EDGE_CURVE('',#4142,#4139,#2293,.T.);
#5128=EDGE_CURVE('',#4142,#4143,#2294,.T.);
#5129=EDGE_CURVE('',#4143,#4136,#2295,.T.);
#5130=EDGE_CURVE('',#4136,#4139,#2296,.T.);
#5131=EDGE_CURVE('',#4143,#4140,#2297,.T.);
#5132=EDGE_CURVE('',#4144,#4145,#2298,.T.);
#5133=EDGE_CURVE('',#4145,#4146,#2299,.T.);
#5134=EDGE_CURVE('',#4146,#4135,#2300,.T.);
#5135=EDGE_CURVE('',#4144,#4135,#2301,.T.);
#5136=EDGE_CURVE('',#4147,#4146,#2302,.T.);
#5137=EDGE_CURVE('',#4145,#4148,#2303,.T.);
#5138=EDGE_CURVE('',#4148,#4147,#2304,.T.);
#5139=EDGE_CURVE('',#4134,#4147,#2305,.T.);
#5140=EDGE_CURVE('',#4148,#4149,#2306,.T.);
#5141=EDGE_CURVE('',#4149,#4134,#2307,.T.);
#5142=EDGE_CURVE('',#4149,#4144,#2308,.T.);
#5143=EDGE_CURVE('',#4146,#4128,#2309,.T.);
#5144=EDGE_CURVE('',#4147,#4138,#2310,.T.);
#5145=EDGE_CURVE('',#4150,#4151,#3586,.T.);
#5146=EDGE_CURVE('',#4151,#4152,#2311,.T.);
#5147=EDGE_CURVE('',#4152,#4153,#3587,.T.);
#5148=EDGE_CURVE('',#4153,#4150,#2312,.T.);
#5149=EDGE_CURVE('',#4150,#4154,#2313,.T.);
#5150=EDGE_CURVE('',#4155,#4154,#2314,.T.);
#5151=EDGE_CURVE('',#4156,#4155,#2315,.T.);
#5152=EDGE_CURVE('',#4157,#4156,#3588,.T.);
#5153=EDGE_CURVE('',#4158,#4157,#2316,.T.);
#5154=EDGE_CURVE('',#4159,#4158,#2317,.T.);
#5155=EDGE_CURVE('',#4159,#4151,#2318,.T.);
#5156=EDGE_CURVE('',#4153,#4160,#2319,.T.);
#5157=EDGE_CURVE('',#4154,#4160,#2320,.T.);
#5158=EDGE_CURVE('',#4156,#4161,#2321,.T.);
#5159=EDGE_CURVE('',#4161,#4162,#3589,.T.);
#5160=EDGE_CURVE('',#4162,#4157,#2322,.T.);
#5161=EDGE_CURVE('',#4163,#4155,#2323,.T.);
#5162=EDGE_CURVE('',#4161,#4163,#2324,.T.);
#5163=EDGE_CURVE('',#4164,#4165,#2325,.T.);
#5164=EDGE_CURVE('',#4165,#4155,#2326,.T.);
#5165=EDGE_CURVE('',#4164,#4154,#2327,.T.);
#5166=EDGE_CURVE('',#4165,#4166,#2328,.T.);
#5167=EDGE_CURVE('',#4166,#4163,#2329,.T.);
#5168=EDGE_CURVE('',#4166,#4167,#2330,.T.);
#5169=EDGE_CURVE('',#4167,#4160,#2331,.T.);
#5170=EDGE_CURVE('',#4160,#4163,#2332,.T.);
#5171=EDGE_CURVE('',#4167,#4164,#2333,.T.);
#5172=EDGE_CURVE('',#4168,#4169,#2334,.T.);
#5173=EDGE_CURVE('',#4169,#4170,#2335,.T.);
#5174=EDGE_CURVE('',#4170,#4159,#2336,.T.);
#5175=EDGE_CURVE('',#4168,#4159,#2337,.T.);
#5176=EDGE_CURVE('',#4171,#4170,#2338,.T.);
#5177=EDGE_CURVE('',#4169,#4172,#2339,.T.);
#5178=EDGE_CURVE('',#4172,#4171,#2340,.T.);
#5179=EDGE_CURVE('',#4158,#4171,#2341,.T.);
#5180=EDGE_CURVE('',#4172,#4173,#2342,.T.);
#5181=EDGE_CURVE('',#4173,#4158,#2343,.T.);
#5182=EDGE_CURVE('',#4173,#4168,#2344,.T.);
#5183=EDGE_CURVE('',#4170,#4152,#2345,.T.);
#5184=EDGE_CURVE('',#4171,#4162,#2346,.T.);
#5185=EDGE_CURVE('',#4174,#4175,#3590,.T.);
#5186=EDGE_CURVE('',#4175,#4176,#2347,.T.);
#5187=EDGE_CURVE('',#4176,#4177,#3591,.T.);
#5188=EDGE_CURVE('',#4177,#4174,#2348,.T.);
#5189=EDGE_CURVE('',#4174,#4178,#2349,.T.);
#5190=EDGE_CURVE('',#4179,#4178,#2350,.T.);
#5191=EDGE_CURVE('',#4180,#4179,#2351,.T.);
#5192=EDGE_CURVE('',#4181,#4180,#3592,.T.);
#5193=EDGE_CURVE('',#4182,#4181,#2352,.T.);
#5194=EDGE_CURVE('',#4183,#4182,#2353,.T.);
#5195=EDGE_CURVE('',#4183,#4175,#2354,.T.);
#5196=EDGE_CURVE('',#4177,#4184,#2355,.T.);
#5197=EDGE_CURVE('',#4178,#4184,#2356,.T.);
#5198=EDGE_CURVE('',#4180,#4185,#2357,.T.);
#5199=EDGE_CURVE('',#4185,#4186,#3593,.T.);
#5200=EDGE_CURVE('',#4186,#4181,#2358,.T.);
#5201=EDGE_CURVE('',#4187,#4179,#2359,.T.);
#5202=EDGE_CURVE('',#4185,#4187,#2360,.T.);
#5203=EDGE_CURVE('',#4188,#4189,#2361,.T.);
#5204=EDGE_CURVE('',#4189,#4179,#2362,.T.);
#5205=EDGE_CURVE('',#4188,#4178,#2363,.T.);
#5206=EDGE_CURVE('',#4189,#4190,#2364,.T.);
#5207=EDGE_CURVE('',#4190,#4187,#2365,.T.);
#5208=EDGE_CURVE('',#4190,#4191,#2366,.T.);
#5209=EDGE_CURVE('',#4191,#4184,#2367,.T.);
#5210=EDGE_CURVE('',#4184,#4187,#2368,.T.);
#5211=EDGE_CURVE('',#4191,#4188,#2369,.T.);
#5212=EDGE_CURVE('',#4192,#4193,#2370,.T.);
#5213=EDGE_CURVE('',#4193,#4194,#2371,.T.);
#5214=EDGE_CURVE('',#4194,#4183,#2372,.T.);
#5215=EDGE_CURVE('',#4192,#4183,#2373,.T.);
#5216=EDGE_CURVE('',#4195,#4194,#2374,.T.);
#5217=EDGE_CURVE('',#4193,#4196,#2375,.T.);
#5218=EDGE_CURVE('',#4196,#4195,#2376,.T.);
#5219=EDGE_CURVE('',#4182,#4195,#2377,.T.);
#5220=EDGE_CURVE('',#4196,#4197,#2378,.T.);
#5221=EDGE_CURVE('',#4197,#4182,#2379,.T.);
#5222=EDGE_CURVE('',#4197,#4192,#2380,.T.);
#5223=EDGE_CURVE('',#4194,#4176,#2381,.T.);
#5224=EDGE_CURVE('',#4195,#4186,#2382,.T.);
#5225=EDGE_CURVE('',#4198,#4199,#3594,.T.);
#5226=EDGE_CURVE('',#4199,#4200,#2383,.T.);
#5227=EDGE_CURVE('',#4200,#4201,#3595,.T.);
#5228=EDGE_CURVE('',#4201,#4198,#2384,.T.);
#5229=EDGE_CURVE('',#4198,#4202,#2385,.T.);
#5230=EDGE_CURVE('',#4203,#4202,#2386,.T.);
#5231=EDGE_CURVE('',#4204,#4203,#2387,.T.);
#5232=EDGE_CURVE('',#4205,#4204,#3596,.T.);
#5233=EDGE_CURVE('',#4206,#4205,#2388,.T.);
#5234=EDGE_CURVE('',#4207,#4206,#2389,.T.);
#5235=EDGE_CURVE('',#4207,#4199,#2390,.T.);
#5236=EDGE_CURVE('',#4201,#4208,#2391,.T.);
#5237=EDGE_CURVE('',#4202,#4208,#2392,.T.);
#5238=EDGE_CURVE('',#4204,#4209,#2393,.T.);
#5239=EDGE_CURVE('',#4209,#4210,#3597,.T.);
#5240=EDGE_CURVE('',#4210,#4205,#2394,.T.);
#5241=EDGE_CURVE('',#4211,#4203,#2395,.T.);
#5242=EDGE_CURVE('',#4209,#4211,#2396,.T.);
#5243=EDGE_CURVE('',#4212,#4213,#2397,.T.);
#5244=EDGE_CURVE('',#4213,#4203,#2398,.T.);
#5245=EDGE_CURVE('',#4212,#4202,#2399,.T.);
#5246=EDGE_CURVE('',#4213,#4214,#2400,.T.);
#5247=EDGE_CURVE('',#4214,#4211,#2401,.T.);
#5248=EDGE_CURVE('',#4214,#4215,#2402,.T.);
#5249=EDGE_CURVE('',#4215,#4208,#2403,.T.);
#5250=EDGE_CURVE('',#4208,#4211,#2404,.T.);
#5251=EDGE_CURVE('',#4215,#4212,#2405,.T.);
#5252=EDGE_CURVE('',#4216,#4217,#2406,.T.);
#5253=EDGE_CURVE('',#4217,#4218,#2407,.T.);
#5254=EDGE_CURVE('',#4218,#4207,#2408,.T.);
#5255=EDGE_CURVE('',#4216,#4207,#2409,.T.);
#5256=EDGE_CURVE('',#4219,#4218,#2410,.T.);
#5257=EDGE_CURVE('',#4217,#4220,#2411,.T.);
#5258=EDGE_CURVE('',#4220,#4219,#2412,.T.);
#5259=EDGE_CURVE('',#4206,#4219,#2413,.T.);
#5260=EDGE_CURVE('',#4220,#4221,#2414,.T.);
#5261=EDGE_CURVE('',#4221,#4206,#2415,.T.);
#5262=EDGE_CURVE('',#4221,#4216,#2416,.T.);
#5263=EDGE_CURVE('',#4218,#4200,#2417,.T.);
#5264=EDGE_CURVE('',#4219,#4210,#2418,.T.);
#5265=EDGE_CURVE('',#4222,#4223,#3598,.T.);
#5266=EDGE_CURVE('',#4223,#4224,#2419,.T.);
#5267=EDGE_CURVE('',#4224,#4225,#3599,.T.);
#5268=EDGE_CURVE('',#4225,#4222,#2420,.T.);
#5269=EDGE_CURVE('',#4222,#4226,#2421,.T.);
#5270=EDGE_CURVE('',#4227,#4226,#2422,.T.);
#5271=EDGE_CURVE('',#4228,#4227,#2423,.T.);
#5272=EDGE_CURVE('',#4229,#4228,#3600,.T.);
#5273=EDGE_CURVE('',#4230,#4229,#2424,.T.);
#5274=EDGE_CURVE('',#4231,#4230,#2425,.T.);
#5275=EDGE_CURVE('',#4231,#4223,#2426,.T.);
#5276=EDGE_CURVE('',#4225,#4232,#2427,.T.);
#5277=EDGE_CURVE('',#4226,#4232,#2428,.T.);
#5278=EDGE_CURVE('',#4228,#4233,#2429,.T.);
#5279=EDGE_CURVE('',#4233,#4234,#3601,.T.);
#5280=EDGE_CURVE('',#4234,#4229,#2430,.T.);
#5281=EDGE_CURVE('',#4235,#4227,#2431,.T.);
#5282=EDGE_CURVE('',#4233,#4235,#2432,.T.);
#5283=EDGE_CURVE('',#4236,#4237,#2433,.T.);
#5284=EDGE_CURVE('',#4237,#4227,#2434,.T.);
#5285=EDGE_CURVE('',#4236,#4226,#2435,.T.);
#5286=EDGE_CURVE('',#4237,#4238,#2436,.T.);
#5287=EDGE_CURVE('',#4238,#4235,#2437,.T.);
#5288=EDGE_CURVE('',#4238,#4239,#2438,.T.);
#5289=EDGE_CURVE('',#4239,#4232,#2439,.T.);
#5290=EDGE_CURVE('',#4232,#4235,#2440,.T.);
#5291=EDGE_CURVE('',#4239,#4236,#2441,.T.);
#5292=EDGE_CURVE('',#4240,#4241,#2442,.T.);
#5293=EDGE_CURVE('',#4241,#4242,#2443,.T.);
#5294=EDGE_CURVE('',#4242,#4231,#2444,.T.);
#5295=EDGE_CURVE('',#4240,#4231,#2445,.T.);
#5296=EDGE_CURVE('',#4243,#4242,#2446,.T.);
#5297=EDGE_CURVE('',#4241,#4244,#2447,.T.);
#5298=EDGE_CURVE('',#4244,#4243,#2448,.T.);
#5299=EDGE_CURVE('',#4230,#4243,#2449,.T.);
#5300=EDGE_CURVE('',#4244,#4245,#2450,.T.);
#5301=EDGE_CURVE('',#4245,#4230,#2451,.T.);
#5302=EDGE_CURVE('',#4245,#4240,#2452,.T.);
#5303=EDGE_CURVE('',#4242,#4224,#2453,.T.);
#5304=EDGE_CURVE('',#4243,#4234,#2454,.T.);
#5305=EDGE_CURVE('',#4246,#4247,#3602,.T.);
#5306=EDGE_CURVE('',#4247,#4248,#2455,.T.);
#5307=EDGE_CURVE('',#4248,#4249,#3603,.T.);
#5308=EDGE_CURVE('',#4249,#4246,#2456,.T.);
#5309=EDGE_CURVE('',#4246,#4250,#2457,.T.);
#5310=EDGE_CURVE('',#4251,#4250,#2458,.T.);
#5311=EDGE_CURVE('',#4252,#4251,#2459,.T.);
#5312=EDGE_CURVE('',#4253,#4252,#3604,.T.);
#5313=EDGE_CURVE('',#4254,#4253,#2460,.T.);
#5314=EDGE_CURVE('',#4255,#4254,#2461,.T.);
#5315=EDGE_CURVE('',#4255,#4247,#2462,.T.);
#5316=EDGE_CURVE('',#4249,#4256,#2463,.T.);
#5317=EDGE_CURVE('',#4250,#4256,#2464,.T.);
#5318=EDGE_CURVE('',#4252,#4257,#2465,.T.);
#5319=EDGE_CURVE('',#4257,#4258,#3605,.T.);
#5320=EDGE_CURVE('',#4258,#4253,#2466,.T.);
#5321=EDGE_CURVE('',#4259,#4251,#2467,.T.);
#5322=EDGE_CURVE('',#4257,#4259,#2468,.T.);
#5323=EDGE_CURVE('',#4260,#4261,#2469,.T.);
#5324=EDGE_CURVE('',#4261,#4251,#2470,.T.);
#5325=EDGE_CURVE('',#4260,#4250,#2471,.T.);
#5326=EDGE_CURVE('',#4261,#4262,#2472,.T.);
#5327=EDGE_CURVE('',#4262,#4259,#2473,.T.);
#5328=EDGE_CURVE('',#4262,#4263,#2474,.T.);
#5329=EDGE_CURVE('',#4263,#4256,#2475,.T.);
#5330=EDGE_CURVE('',#4256,#4259,#2476,.T.);
#5331=EDGE_CURVE('',#4263,#4260,#2477,.T.);
#5332=EDGE_CURVE('',#4264,#4265,#2478,.T.);
#5333=EDGE_CURVE('',#4265,#4266,#2479,.T.);
#5334=EDGE_CURVE('',#4266,#4267,#2480,.T.);
#5335=EDGE_CURVE('',#4264,#4267,#2481,.T.);
#5336=EDGE_CURVE('',#4254,#4266,#2482,.T.);
#5337=EDGE_CURVE('',#4265,#4268,#2483,.T.);
#5338=EDGE_CURVE('',#4268,#4254,#2484,.T.);
#5339=EDGE_CURVE('',#4268,#4269,#2485,.T.);
#5340=EDGE_CURVE('',#4269,#4255,#2486,.T.);
#5341=EDGE_CURVE('',#4267,#4255,#2487,.T.);
#5342=EDGE_CURVE('',#4269,#4264,#2488,.T.);
#5343=EDGE_CURVE('',#4267,#4248,#2489,.T.);
#5344=EDGE_CURVE('',#4266,#4258,#2490,.T.);
#5345=EDGE_CURVE('',#4270,#4271,#3606,.T.);
#5346=EDGE_CURVE('',#4271,#4272,#2491,.T.);
#5347=EDGE_CURVE('',#4272,#4273,#3607,.T.);
#5348=EDGE_CURVE('',#4273,#4270,#2492,.T.);
#5349=EDGE_CURVE('',#4270,#4274,#2493,.T.);
#5350=EDGE_CURVE('',#4275,#4274,#2494,.T.);
#5351=EDGE_CURVE('',#4276,#4275,#2495,.T.);
#5352=EDGE_CURVE('',#4277,#4276,#3608,.T.);
#5353=EDGE_CURVE('',#4278,#4277,#2496,.T.);
#5354=EDGE_CURVE('',#4279,#4278,#2497,.T.);
#5355=EDGE_CURVE('',#4279,#4271,#2498,.T.);
#5356=EDGE_CURVE('',#4273,#4280,#2499,.T.);
#5357=EDGE_CURVE('',#4274,#4280,#2500,.T.);
#5358=EDGE_CURVE('',#4276,#4281,#2501,.T.);
#5359=EDGE_CURVE('',#4281,#4282,#3609,.T.);
#5360=EDGE_CURVE('',#4282,#4277,#2502,.T.);
#5361=EDGE_CURVE('',#4283,#4275,#2503,.T.);
#5362=EDGE_CURVE('',#4281,#4283,#2504,.T.);
#5363=EDGE_CURVE('',#4284,#4285,#2505,.T.);
#5364=EDGE_CURVE('',#4285,#4275,#2506,.T.);
#5365=EDGE_CURVE('',#4284,#4274,#2507,.T.);
#5366=EDGE_CURVE('',#4285,#4286,#2508,.T.);
#5367=EDGE_CURVE('',#4286,#4283,#2509,.T.);
#5368=EDGE_CURVE('',#4286,#4287,#2510,.T.);
#5369=EDGE_CURVE('',#4287,#4280,#2511,.T.);
#5370=EDGE_CURVE('',#4280,#4283,#2512,.T.);
#5371=EDGE_CURVE('',#4287,#4284,#2513,.T.);
#5372=EDGE_CURVE('',#4288,#4289,#2514,.T.);
#5373=EDGE_CURVE('',#4289,#4290,#2515,.T.);
#5374=EDGE_CURVE('',#4290,#4279,#2516,.T.);
#5375=EDGE_CURVE('',#4288,#4279,#2517,.T.);
#5376=EDGE_CURVE('',#4291,#4290,#2518,.T.);
#5377=EDGE_CURVE('',#4289,#4292,#2519,.T.);
#5378=EDGE_CURVE('',#4292,#4291,#2520,.T.);
#5379=EDGE_CURVE('',#4278,#4291,#2521,.T.);
#5380=EDGE_CURVE('',#4292,#4293,#2522,.T.);
#5381=EDGE_CURVE('',#4293,#4278,#2523,.T.);
#5382=EDGE_CURVE('',#4293,#4288,#2524,.T.);
#5383=EDGE_CURVE('',#4290,#4272,#2525,.T.);
#5384=EDGE_CURVE('',#4291,#4282,#2526,.T.);
#5385=ORIENTED_EDGE('',*,*,#4294,.T.);
#5386=ORIENTED_EDGE('',*,*,#4295,.T.);
#5387=ORIENTED_EDGE('',*,*,#4296,.T.);
#5388=ORIENTED_EDGE('',*,*,#4297,.T.);
#5389=ORIENTED_EDGE('',*,*,#4295,.F.);
#5390=ORIENTED_EDGE('',*,*,#4298,.T.);
#5391=ORIENTED_EDGE('',*,*,#4299,.F.);
#5392=ORIENTED_EDGE('',*,*,#4300,.T.);
#5393=ORIENTED_EDGE('',*,*,#4301,.T.);
#5394=ORIENTED_EDGE('',*,*,#4302,.T.);
#5395=ORIENTED_EDGE('',*,*,#4303,.T.);
#5396=ORIENTED_EDGE('',*,*,#4304,.T.);
#5397=ORIENTED_EDGE('',*,*,#4294,.F.);
#5398=ORIENTED_EDGE('',*,*,#4305,.F.);
#5399=ORIENTED_EDGE('',*,*,#4306,.F.);
#5400=ORIENTED_EDGE('',*,*,#4307,.F.);
#5401=ORIENTED_EDGE('',*,*,#4308,.T.);
#5402=ORIENTED_EDGE('',*,*,#4309,.T.);
#5403=ORIENTED_EDGE('',*,*,#4310,.F.);
#5404=ORIENTED_EDGE('',*,*,#4311,.T.);
#5405=ORIENTED_EDGE('',*,*,#4312,.F.);
#5406=ORIENTED_EDGE('',*,*,#4298,.F.);
#5407=ORIENTED_EDGE('',*,*,#4313,.T.);
#5408=ORIENTED_EDGE('',*,*,#4314,.T.);
#5409=ORIENTED_EDGE('',*,*,#4315,.T.);
#5410=ORIENTED_EDGE('',*,*,#4316,.T.);
#5411=ORIENTED_EDGE('',*,*,#4317,.T.);
#5412=ORIENTED_EDGE('',*,*,#4318,.T.);
#5413=ORIENTED_EDGE('',*,*,#4319,.T.);
#5414=ORIENTED_EDGE('',*,*,#4320,.T.);
#5415=ORIENTED_EDGE('',*,*,#4321,.T.);
#5416=ORIENTED_EDGE('',*,*,#4322,.T.);
#5417=ORIENTED_EDGE('',*,*,#4323,.T.);
#5418=ORIENTED_EDGE('',*,*,#4324,.T.);
#5419=ORIENTED_EDGE('',*,*,#4325,.T.);
#5420=ORIENTED_EDGE('',*,*,#4326,.T.);
#5421=ORIENTED_EDGE('',*,*,#4327,.T.);
#5422=ORIENTED_EDGE('',*,*,#4328,.T.);
#5423=ORIENTED_EDGE('',*,*,#4329,.T.);
#5424=ORIENTED_EDGE('',*,*,#4330,.T.);
#5425=ORIENTED_EDGE('',*,*,#4331,.T.);
#5426=ORIENTED_EDGE('',*,*,#4332,.T.);
#5427=ORIENTED_EDGE('',*,*,#4333,.T.);
#5428=ORIENTED_EDGE('',*,*,#4334,.T.);
#5429=ORIENTED_EDGE('',*,*,#4335,.T.);
#5430=ORIENTED_EDGE('',*,*,#4336,.T.);
#5431=ORIENTED_EDGE('',*,*,#4337,.T.);
#5432=ORIENTED_EDGE('',*,*,#4338,.T.);
#5433=ORIENTED_EDGE('',*,*,#4339,.T.);
#5434=ORIENTED_EDGE('',*,*,#4340,.T.);
#5435=ORIENTED_EDGE('',*,*,#4341,.T.);
#5436=ORIENTED_EDGE('',*,*,#4342,.T.);
#5437=ORIENTED_EDGE('',*,*,#4343,.T.);
#5438=ORIENTED_EDGE('',*,*,#4344,.T.);
#5439=ORIENTED_EDGE('',*,*,#4345,.T.);
#5440=ORIENTED_EDGE('',*,*,#4346,.T.);
#5441=ORIENTED_EDGE('',*,*,#4347,.T.);
#5442=ORIENTED_EDGE('',*,*,#4348,.T.);
#5443=ORIENTED_EDGE('',*,*,#4349,.T.);
#5444=ORIENTED_EDGE('',*,*,#4350,.T.);
#5445=ORIENTED_EDGE('',*,*,#4351,.T.);
#5446=ORIENTED_EDGE('',*,*,#4352,.T.);
#5447=ORIENTED_EDGE('',*,*,#4353,.T.);
#5448=ORIENTED_EDGE('',*,*,#4354,.T.);
#5449=ORIENTED_EDGE('',*,*,#4355,.T.);
#5450=ORIENTED_EDGE('',*,*,#4356,.T.);
#5451=ORIENTED_EDGE('',*,*,#4357,.T.);
#5452=ORIENTED_EDGE('',*,*,#4358,.T.);
#5453=ORIENTED_EDGE('',*,*,#4359,.T.);
#5454=ORIENTED_EDGE('',*,*,#4360,.T.);
#5455=ORIENTED_EDGE('',*,*,#4361,.T.);
#5456=ORIENTED_EDGE('',*,*,#4362,.T.);
#5457=ORIENTED_EDGE('',*,*,#4363,.T.);
#5458=ORIENTED_EDGE('',*,*,#4364,.T.);
#5459=ORIENTED_EDGE('',*,*,#4365,.T.);
#5460=ORIENTED_EDGE('',*,*,#4366,.T.);
#5461=ORIENTED_EDGE('',*,*,#4367,.T.);
#5462=ORIENTED_EDGE('',*,*,#4368,.T.);
#5463=ORIENTED_EDGE('',*,*,#4369,.T.);
#5464=ORIENTED_EDGE('',*,*,#4370,.T.);
#5465=ORIENTED_EDGE('',*,*,#4371,.T.);
#5466=ORIENTED_EDGE('',*,*,#4372,.T.);
#5467=ORIENTED_EDGE('',*,*,#4373,.T.);
#5468=ORIENTED_EDGE('',*,*,#4374,.T.);
#5469=ORIENTED_EDGE('',*,*,#4375,.T.);
#5470=ORIENTED_EDGE('',*,*,#4376,.T.);
#5471=ORIENTED_EDGE('',*,*,#4377,.T.);
#5472=ORIENTED_EDGE('',*,*,#4299,.T.);
#5473=ORIENTED_EDGE('',*,*,#4312,.T.);
#5474=ORIENTED_EDGE('',*,*,#4378,.T.);
#5475=ORIENTED_EDGE('',*,*,#4296,.F.);
#5476=ORIENTED_EDGE('',*,*,#4304,.F.);
#5477=ORIENTED_EDGE('',*,*,#4379,.F.);
#5478=ORIENTED_EDGE('',*,*,#4300,.F.);
#5479=ORIENTED_EDGE('',*,*,#4377,.F.);
#5480=ORIENTED_EDGE('',*,*,#4380,.F.);
#5481=ORIENTED_EDGE('',*,*,#4381,.F.);
#5482=ORIENTED_EDGE('',*,*,#4382,.F.);
#5483=ORIENTED_EDGE('',*,*,#4383,.T.);
#5484=ORIENTED_EDGE('',*,*,#4384,.T.);
#5485=ORIENTED_EDGE('',*,*,#4385,.F.);
#5486=ORIENTED_EDGE('',*,*,#4386,.T.);
#5487=ORIENTED_EDGE('',*,*,#4387,.T.);
#5488=ORIENTED_EDGE('',*,*,#4388,.T.);
#5489=ORIENTED_EDGE('',*,*,#4389,.T.);
#5490=ORIENTED_EDGE('',*,*,#4390,.T.);
#5491=ORIENTED_EDGE('',*,*,#4391,.T.);
#5492=ORIENTED_EDGE('',*,*,#4392,.T.);
#5493=ORIENTED_EDGE('',*,*,#4393,.T.);
#5494=ORIENTED_EDGE('',*,*,#4394,.T.);
#5495=ORIENTED_EDGE('',*,*,#4395,.T.);
#5496=ORIENTED_EDGE('',*,*,#4396,.T.);
#5497=ORIENTED_EDGE('',*,*,#4397,.T.);
#5498=ORIENTED_EDGE('',*,*,#4398,.T.);
#5499=ORIENTED_EDGE('',*,*,#4399,.T.);
#5500=ORIENTED_EDGE('',*,*,#4400,.T.);
#5501=ORIENTED_EDGE('',*,*,#4401,.T.);
#5502=ORIENTED_EDGE('',*,*,#4402,.T.);
#5503=ORIENTED_EDGE('',*,*,#4403,.T.);
#5504=ORIENTED_EDGE('',*,*,#4404,.T.);
#5505=ORIENTED_EDGE('',*,*,#4405,.T.);
#5506=ORIENTED_EDGE('',*,*,#4406,.T.);
#5507=ORIENTED_EDGE('',*,*,#4407,.T.);
#5508=ORIENTED_EDGE('',*,*,#4408,.T.);
#5509=ORIENTED_EDGE('',*,*,#4409,.T.);
#5510=ORIENTED_EDGE('',*,*,#4410,.T.);
#5511=ORIENTED_EDGE('',*,*,#4411,.T.);
#5512=ORIENTED_EDGE('',*,*,#4412,.T.);
#5513=ORIENTED_EDGE('',*,*,#4413,.T.);
#5514=ORIENTED_EDGE('',*,*,#4414,.T.);
#5515=ORIENTED_EDGE('',*,*,#4415,.T.);
#5516=ORIENTED_EDGE('',*,*,#4416,.T.);
#5517=ORIENTED_EDGE('',*,*,#4417,.T.);
#5518=ORIENTED_EDGE('',*,*,#4418,.T.);
#5519=ORIENTED_EDGE('',*,*,#4419,.T.);
#5520=ORIENTED_EDGE('',*,*,#4420,.T.);
#5521=ORIENTED_EDGE('',*,*,#4421,.T.);
#5522=ORIENTED_EDGE('',*,*,#4422,.T.);
#5523=ORIENTED_EDGE('',*,*,#4423,.T.);
#5524=ORIENTED_EDGE('',*,*,#4424,.T.);
#5525=ORIENTED_EDGE('',*,*,#4425,.T.);
#5526=ORIENTED_EDGE('',*,*,#4426,.T.);
#5527=ORIENTED_EDGE('',*,*,#4427,.T.);
#5528=ORIENTED_EDGE('',*,*,#4428,.T.);
#5529=ORIENTED_EDGE('',*,*,#4429,.T.);
#5530=ORIENTED_EDGE('',*,*,#4430,.T.);
#5531=ORIENTED_EDGE('',*,*,#4431,.T.);
#5532=ORIENTED_EDGE('',*,*,#4432,.T.);
#5533=ORIENTED_EDGE('',*,*,#4433,.T.);
#5534=ORIENTED_EDGE('',*,*,#4434,.T.);
#5535=ORIENTED_EDGE('',*,*,#4435,.T.);
#5536=ORIENTED_EDGE('',*,*,#4436,.T.);
#5537=ORIENTED_EDGE('',*,*,#4437,.T.);
#5538=ORIENTED_EDGE('',*,*,#4438,.T.);
#5539=ORIENTED_EDGE('',*,*,#4439,.T.);
#5540=ORIENTED_EDGE('',*,*,#4440,.T.);
#5541=ORIENTED_EDGE('',*,*,#4441,.T.);
#5542=ORIENTED_EDGE('',*,*,#4442,.T.);
#5543=ORIENTED_EDGE('',*,*,#4443,.T.);
#5544=ORIENTED_EDGE('',*,*,#4444,.T.);
#5545=ORIENTED_EDGE('',*,*,#4445,.T.);
#5546=ORIENTED_EDGE('',*,*,#4446,.T.);
#5547=ORIENTED_EDGE('',*,*,#4447,.T.);
#5548=ORIENTED_EDGE('',*,*,#4448,.T.);
#5549=ORIENTED_EDGE('',*,*,#4449,.T.);
#5550=ORIENTED_EDGE('',*,*,#4450,.T.);
#5551=ORIENTED_EDGE('',*,*,#4378,.F.);
#5552=ORIENTED_EDGE('',*,*,#4311,.F.);
#5553=ORIENTED_EDGE('',*,*,#4451,.F.);
#5554=ORIENTED_EDGE('',*,*,#4380,.T.);
#5555=ORIENTED_EDGE('',*,*,#4452,.F.);
#5556=ORIENTED_EDGE('',*,*,#4453,.F.);
#5557=ORIENTED_EDGE('',*,*,#4454,.F.);
#5558=ORIENTED_EDGE('',*,*,#4455,.F.);
#5559=ORIENTED_EDGE('',*,*,#4456,.F.);
#5560=ORIENTED_EDGE('',*,*,#4457,.F.);
#5561=ORIENTED_EDGE('',*,*,#4458,.F.);
#5562=ORIENTED_EDGE('',*,*,#4459,.F.);
#5563=ORIENTED_EDGE('',*,*,#4453,.T.);
#5564=ORIENTED_EDGE('',*,*,#4460,.F.);
#5565=ORIENTED_EDGE('',*,*,#4452,.T.);
#5566=ORIENTED_EDGE('',*,*,#4461,.F.);
#5567=ORIENTED_EDGE('',*,*,#4454,.T.);
#5568=ORIENTED_EDGE('',*,*,#4460,.T.);
#5569=ORIENTED_EDGE('',*,*,#4458,.T.);
#5570=ORIENTED_EDGE('',*,*,#4462,.F.);
#5571=ORIENTED_EDGE('',*,*,#4456,.T.);
#5572=ORIENTED_EDGE('',*,*,#4463,.T.);
#5573=ORIENTED_EDGE('',*,*,#4459,.T.);
#5574=ORIENTED_EDGE('',*,*,#4463,.F.);
#5575=ORIENTED_EDGE('',*,*,#4455,.T.);
#5576=ORIENTED_EDGE('',*,*,#4461,.T.);
#5577=ORIENTED_EDGE('',*,*,#4464,.T.);
#5578=ORIENTED_EDGE('',*,*,#4465,.T.);
#5579=ORIENTED_EDGE('',*,*,#4466,.T.);
#5580=ORIENTED_EDGE('',*,*,#4467,.F.);
#5581=ORIENTED_EDGE('',*,*,#4468,.T.);
#5582=ORIENTED_EDGE('',*,*,#4469,.T.);
#5583=ORIENTED_EDGE('',*,*,#4470,.T.);
#5584=ORIENTED_EDGE('',*,*,#4465,.F.);
#5585=ORIENTED_EDGE('',*,*,#4471,.T.);
#5586=ORIENTED_EDGE('',*,*,#4472,.T.);
#5587=ORIENTED_EDGE('',*,*,#4473,.T.);
#5588=ORIENTED_EDGE('',*,*,#4469,.F.);
#5589=ORIENTED_EDGE('',*,*,#4474,.T.);
#5590=ORIENTED_EDGE('',*,*,#4472,.F.);
#5591=ORIENTED_EDGE('',*,*,#4471,.F.);
#5592=ORIENTED_EDGE('',*,*,#4468,.F.);
#5593=ORIENTED_EDGE('',*,*,#4464,.F.);
#5594=ORIENTED_EDGE('',*,*,#4475,.F.);
#5595=ORIENTED_EDGE('',*,*,#4466,.F.);
#5596=ORIENTED_EDGE('',*,*,#4470,.F.);
#5597=ORIENTED_EDGE('',*,*,#4473,.F.);
#5598=ORIENTED_EDGE('',*,*,#4474,.F.);
#5599=ORIENTED_EDGE('',*,*,#4476,.F.);
#5600=ORIENTED_EDGE('',*,*,#4477,.F.);
#5601=ORIENTED_EDGE('',*,*,#4478,.F.);
#5602=ORIENTED_EDGE('',*,*,#4479,.F.);
#5603=ORIENTED_EDGE('',*,*,#4480,.F.);
#5604=ORIENTED_EDGE('',*,*,#4479,.T.);
#5605=ORIENTED_EDGE('',*,*,#4481,.F.);
#5606=ORIENTED_EDGE('',*,*,#4482,.F.);
#5607=ORIENTED_EDGE('',*,*,#4483,.F.);
#5608=ORIENTED_EDGE('',*,*,#4482,.T.);
#5609=ORIENTED_EDGE('',*,*,#4484,.F.);
#5610=ORIENTED_EDGE('',*,*,#4485,.F.);
#5611=ORIENTED_EDGE('',*,*,#4486,.F.);
#5612=ORIENTED_EDGE('',*,*,#4485,.T.);
#5613=ORIENTED_EDGE('',*,*,#4483,.T.);
#5614=ORIENTED_EDGE('',*,*,#4486,.T.);
#5615=ORIENTED_EDGE('',*,*,#4484,.T.);
#5616=ORIENTED_EDGE('',*,*,#4481,.T.);
#5617=ORIENTED_EDGE('',*,*,#4478,.T.);
#5618=ORIENTED_EDGE('',*,*,#4487,.F.);
#5619=ORIENTED_EDGE('',*,*,#4476,.T.);
#5620=ORIENTED_EDGE('',*,*,#4480,.T.);
#5621=ORIENTED_EDGE('',*,*,#4488,.T.);
#5622=ORIENTED_EDGE('',*,*,#4489,.T.);
#5623=ORIENTED_EDGE('',*,*,#4490,.T.);
#5624=ORIENTED_EDGE('',*,*,#4491,.F.);
#5625=ORIENTED_EDGE('',*,*,#4492,.T.);
#5626=ORIENTED_EDGE('',*,*,#4493,.T.);
#5627=ORIENTED_EDGE('',*,*,#4494,.T.);
#5628=ORIENTED_EDGE('',*,*,#4495,.T.);
#5629=ORIENTED_EDGE('',*,*,#4495,.F.);
#5630=ORIENTED_EDGE('',*,*,#4496,.T.);
#5631=ORIENTED_EDGE('',*,*,#4488,.F.);
#5632=ORIENTED_EDGE('',*,*,#4496,.F.);
#5633=ORIENTED_EDGE('',*,*,#4494,.F.);
#5634=ORIENTED_EDGE('',*,*,#4497,.T.);
#5635=ORIENTED_EDGE('',*,*,#4490,.F.);
#5636=ORIENTED_EDGE('',*,*,#4498,.F.);
#5637=ORIENTED_EDGE('',*,*,#4492,.F.);
#5638=ORIENTED_EDGE('',*,*,#4499,.F.);
#5639=ORIENTED_EDGE('',*,*,#4489,.F.);
#5640=ORIENTED_EDGE('',*,*,#4497,.F.);
#5641=ORIENTED_EDGE('',*,*,#4493,.F.);
#5642=ORIENTED_EDGE('',*,*,#4498,.T.);
#5643=ORIENTED_EDGE('',*,*,#4500,.T.);
#5644=ORIENTED_EDGE('',*,*,#4501,.T.);
#5645=ORIENTED_EDGE('',*,*,#4301,.F.);
#5646=ORIENTED_EDGE('',*,*,#4502,.T.);
#5647=ORIENTED_EDGE('',*,*,#4503,.F.);
#5648=ORIENTED_EDGE('',*,*,#4504,.F.);
#5649=ORIENTED_EDGE('',*,*,#4302,.F.);
#5650=ORIENTED_EDGE('',*,*,#4501,.F.);
#5651=ORIENTED_EDGE('',*,*,#4379,.T.);
#5652=ORIENTED_EDGE('',*,*,#4505,.F.);
#5653=ORIENTED_EDGE('',*,*,#4506,.F.);
#5654=ORIENTED_EDGE('',*,*,#4502,.F.);
#5655=ORIENTED_EDGE('',*,*,#4506,.T.);
#5656=ORIENTED_EDGE('',*,*,#4507,.F.);
#5657=ORIENTED_EDGE('',*,*,#4503,.T.);
#5658=ORIENTED_EDGE('',*,*,#4500,.F.);
#5659=ORIENTED_EDGE('',*,*,#4507,.T.);
#5660=ORIENTED_EDGE('',*,*,#4505,.T.);
#5661=ORIENTED_EDGE('',*,*,#4303,.F.);
#5662=ORIENTED_EDGE('',*,*,#4504,.T.);
#5663=ORIENTED_EDGE('',*,*,#4508,.F.);
#5664=ORIENTED_EDGE('',*,*,#4509,.T.);
#5665=ORIENTED_EDGE('',*,*,#4375,.F.);
#5666=ORIENTED_EDGE('',*,*,#4510,.F.);
#5667=ORIENTED_EDGE('',*,*,#4511,.F.);
#5668=ORIENTED_EDGE('',*,*,#4510,.T.);
#5669=ORIENTED_EDGE('',*,*,#4374,.F.);
#5670=ORIENTED_EDGE('',*,*,#4512,.F.);
#5671=ORIENTED_EDGE('',*,*,#4513,.F.);
#5672=ORIENTED_EDGE('',*,*,#4512,.T.);
#5673=ORIENTED_EDGE('',*,*,#4373,.F.);
#5674=ORIENTED_EDGE('',*,*,#4514,.F.);
#5675=ORIENTED_EDGE('',*,*,#4515,.F.);
#5676=ORIENTED_EDGE('',*,*,#4514,.T.);
#5677=ORIENTED_EDGE('',*,*,#4376,.F.);
#5678=ORIENTED_EDGE('',*,*,#4509,.F.);
#5679=ORIENTED_EDGE('',*,*,#4516,.F.);
#5680=ORIENTED_EDGE('',*,*,#4517,.T.);
#5681=ORIENTED_EDGE('',*,*,#4371,.F.);
#5682=ORIENTED_EDGE('',*,*,#4518,.F.);
#5683=ORIENTED_EDGE('',*,*,#4519,.F.);
#5684=ORIENTED_EDGE('',*,*,#4518,.T.);
#5685=ORIENTED_EDGE('',*,*,#4370,.F.);
#5686=ORIENTED_EDGE('',*,*,#4520,.F.);
#5687=ORIENTED_EDGE('',*,*,#4521,.F.);
#5688=ORIENTED_EDGE('',*,*,#4520,.T.);
#5689=ORIENTED_EDGE('',*,*,#4369,.F.);
#5690=ORIENTED_EDGE('',*,*,#4522,.F.);
#5691=ORIENTED_EDGE('',*,*,#4523,.F.);
#5692=ORIENTED_EDGE('',*,*,#4522,.T.);
#5693=ORIENTED_EDGE('',*,*,#4372,.F.);
#5694=ORIENTED_EDGE('',*,*,#4517,.F.);
#5695=ORIENTED_EDGE('',*,*,#4524,.F.);
#5696=ORIENTED_EDGE('',*,*,#4525,.T.);
#5697=ORIENTED_EDGE('',*,*,#4367,.F.);
#5698=ORIENTED_EDGE('',*,*,#4526,.F.);
#5699=ORIENTED_EDGE('',*,*,#4527,.F.);
#5700=ORIENTED_EDGE('',*,*,#4526,.T.);
#5701=ORIENTED_EDGE('',*,*,#4366,.F.);
#5702=ORIENTED_EDGE('',*,*,#4528,.F.);
#5703=ORIENTED_EDGE('',*,*,#4529,.F.);
#5704=ORIENTED_EDGE('',*,*,#4528,.T.);
#5705=ORIENTED_EDGE('',*,*,#4365,.F.);
#5706=ORIENTED_EDGE('',*,*,#4530,.F.);
#5707=ORIENTED_EDGE('',*,*,#4531,.F.);
#5708=ORIENTED_EDGE('',*,*,#4530,.T.);
#5709=ORIENTED_EDGE('',*,*,#4368,.F.);
#5710=ORIENTED_EDGE('',*,*,#4525,.F.);
#5711=ORIENTED_EDGE('',*,*,#4532,.F.);
#5712=ORIENTED_EDGE('',*,*,#4533,.T.);
#5713=ORIENTED_EDGE('',*,*,#4363,.F.);
#5714=ORIENTED_EDGE('',*,*,#4534,.F.);
#5715=ORIENTED_EDGE('',*,*,#4535,.F.);
#5716=ORIENTED_EDGE('',*,*,#4534,.T.);
#5717=ORIENTED_EDGE('',*,*,#4362,.F.);
#5718=ORIENTED_EDGE('',*,*,#4536,.F.);
#5719=ORIENTED_EDGE('',*,*,#4537,.F.);
#5720=ORIENTED_EDGE('',*,*,#4536,.T.);
#5721=ORIENTED_EDGE('',*,*,#4361,.F.);
#5722=ORIENTED_EDGE('',*,*,#4538,.F.);
#5723=ORIENTED_EDGE('',*,*,#4539,.F.);
#5724=ORIENTED_EDGE('',*,*,#4538,.T.);
#5725=ORIENTED_EDGE('',*,*,#4364,.F.);
#5726=ORIENTED_EDGE('',*,*,#4533,.F.);
#5727=ORIENTED_EDGE('',*,*,#4540,.F.);
#5728=ORIENTED_EDGE('',*,*,#4541,.T.);
#5729=ORIENTED_EDGE('',*,*,#4359,.F.);
#5730=ORIENTED_EDGE('',*,*,#4542,.F.);
#5731=ORIENTED_EDGE('',*,*,#4543,.F.);
#5732=ORIENTED_EDGE('',*,*,#4542,.T.);
#5733=ORIENTED_EDGE('',*,*,#4358,.F.);
#5734=ORIENTED_EDGE('',*,*,#4544,.F.);
#5735=ORIENTED_EDGE('',*,*,#4545,.F.);
#5736=ORIENTED_EDGE('',*,*,#4544,.T.);
#5737=ORIENTED_EDGE('',*,*,#4357,.F.);
#5738=ORIENTED_EDGE('',*,*,#4546,.F.);
#5739=ORIENTED_EDGE('',*,*,#4547,.F.);
#5740=ORIENTED_EDGE('',*,*,#4546,.T.);
#5741=ORIENTED_EDGE('',*,*,#4360,.F.);
#5742=ORIENTED_EDGE('',*,*,#4541,.F.);
#5743=ORIENTED_EDGE('',*,*,#4548,.F.);
#5744=ORIENTED_EDGE('',*,*,#4549,.T.);
#5745=ORIENTED_EDGE('',*,*,#4355,.F.);
#5746=ORIENTED_EDGE('',*,*,#4550,.F.);
#5747=ORIENTED_EDGE('',*,*,#4551,.F.);
#5748=ORIENTED_EDGE('',*,*,#4550,.T.);
#5749=ORIENTED_EDGE('',*,*,#4354,.F.);
#5750=ORIENTED_EDGE('',*,*,#4552,.F.);
#5751=ORIENTED_EDGE('',*,*,#4553,.F.);
#5752=ORIENTED_EDGE('',*,*,#4552,.T.);
#5753=ORIENTED_EDGE('',*,*,#4353,.F.);
#5754=ORIENTED_EDGE('',*,*,#4554,.F.);
#5755=ORIENTED_EDGE('',*,*,#4555,.F.);
#5756=ORIENTED_EDGE('',*,*,#4554,.T.);
#5757=ORIENTED_EDGE('',*,*,#4356,.F.);
#5758=ORIENTED_EDGE('',*,*,#4549,.F.);
#5759=ORIENTED_EDGE('',*,*,#4556,.F.);
#5760=ORIENTED_EDGE('',*,*,#4557,.T.);
#5761=ORIENTED_EDGE('',*,*,#4351,.F.);
#5762=ORIENTED_EDGE('',*,*,#4558,.F.);
#5763=ORIENTED_EDGE('',*,*,#4559,.F.);
#5764=ORIENTED_EDGE('',*,*,#4558,.T.);
#5765=ORIENTED_EDGE('',*,*,#4350,.F.);
#5766=ORIENTED_EDGE('',*,*,#4560,.F.);
#5767=ORIENTED_EDGE('',*,*,#4561,.F.);
#5768=ORIENTED_EDGE('',*,*,#4560,.T.);
#5769=ORIENTED_EDGE('',*,*,#4349,.F.);
#5770=ORIENTED_EDGE('',*,*,#4562,.F.);
#5771=ORIENTED_EDGE('',*,*,#4563,.F.);
#5772=ORIENTED_EDGE('',*,*,#4562,.T.);
#5773=ORIENTED_EDGE('',*,*,#4352,.F.);
#5774=ORIENTED_EDGE('',*,*,#4557,.F.);
#5775=ORIENTED_EDGE('',*,*,#4564,.F.);
#5776=ORIENTED_EDGE('',*,*,#4565,.T.);
#5777=ORIENTED_EDGE('',*,*,#4347,.F.);
#5778=ORIENTED_EDGE('',*,*,#4566,.F.);
#5779=ORIENTED_EDGE('',*,*,#4567,.F.);
#5780=ORIENTED_EDGE('',*,*,#4566,.T.);
#5781=ORIENTED_EDGE('',*,*,#4346,.F.);
#5782=ORIENTED_EDGE('',*,*,#4568,.F.);
#5783=ORIENTED_EDGE('',*,*,#4569,.F.);
#5784=ORIENTED_EDGE('',*,*,#4568,.T.);
#5785=ORIENTED_EDGE('',*,*,#4345,.F.);
#5786=ORIENTED_EDGE('',*,*,#4570,.F.);
#5787=ORIENTED_EDGE('',*,*,#4571,.F.);
#5788=ORIENTED_EDGE('',*,*,#4570,.T.);
#5789=ORIENTED_EDGE('',*,*,#4348,.F.);
#5790=ORIENTED_EDGE('',*,*,#4565,.F.);
#5791=ORIENTED_EDGE('',*,*,#4572,.F.);
#5792=ORIENTED_EDGE('',*,*,#4573,.T.);
#5793=ORIENTED_EDGE('',*,*,#4343,.F.);
#5794=ORIENTED_EDGE('',*,*,#4574,.F.);
#5795=ORIENTED_EDGE('',*,*,#4575,.F.);
#5796=ORIENTED_EDGE('',*,*,#4574,.T.);
#5797=ORIENTED_EDGE('',*,*,#4342,.F.);
#5798=ORIENTED_EDGE('',*,*,#4576,.F.);
#5799=ORIENTED_EDGE('',*,*,#4577,.F.);
#5800=ORIENTED_EDGE('',*,*,#4576,.T.);
#5801=ORIENTED_EDGE('',*,*,#4341,.F.);
#5802=ORIENTED_EDGE('',*,*,#4578,.F.);
#5803=ORIENTED_EDGE('',*,*,#4579,.F.);
#5804=ORIENTED_EDGE('',*,*,#4578,.T.);
#5805=ORIENTED_EDGE('',*,*,#4344,.F.);
#5806=ORIENTED_EDGE('',*,*,#4573,.F.);
#5807=ORIENTED_EDGE('',*,*,#4580,.F.);
#5808=ORIENTED_EDGE('',*,*,#4581,.T.);
#5809=ORIENTED_EDGE('',*,*,#4339,.F.);
#5810=ORIENTED_EDGE('',*,*,#4582,.F.);
#5811=ORIENTED_EDGE('',*,*,#4583,.F.);
#5812=ORIENTED_EDGE('',*,*,#4582,.T.);
#5813=ORIENTED_EDGE('',*,*,#4338,.F.);
#5814=ORIENTED_EDGE('',*,*,#4584,.F.);
#5815=ORIENTED_EDGE('',*,*,#4585,.F.);
#5816=ORIENTED_EDGE('',*,*,#4584,.T.);
#5817=ORIENTED_EDGE('',*,*,#4337,.F.);
#5818=ORIENTED_EDGE('',*,*,#4586,.F.);
#5819=ORIENTED_EDGE('',*,*,#4587,.F.);
#5820=ORIENTED_EDGE('',*,*,#4586,.T.);
#5821=ORIENTED_EDGE('',*,*,#4340,.F.);
#5822=ORIENTED_EDGE('',*,*,#4581,.F.);
#5823=ORIENTED_EDGE('',*,*,#4588,.F.);
#5824=ORIENTED_EDGE('',*,*,#4589,.T.);
#5825=ORIENTED_EDGE('',*,*,#4335,.F.);
#5826=ORIENTED_EDGE('',*,*,#4590,.F.);
#5827=ORIENTED_EDGE('',*,*,#4591,.F.);
#5828=ORIENTED_EDGE('',*,*,#4590,.T.);
#5829=ORIENTED_EDGE('',*,*,#4334,.F.);
#5830=ORIENTED_EDGE('',*,*,#4592,.F.);
#5831=ORIENTED_EDGE('',*,*,#4593,.F.);
#5832=ORIENTED_EDGE('',*,*,#4592,.T.);
#5833=ORIENTED_EDGE('',*,*,#4333,.F.);
#5834=ORIENTED_EDGE('',*,*,#4594,.F.);
#5835=ORIENTED_EDGE('',*,*,#4595,.F.);
#5836=ORIENTED_EDGE('',*,*,#4594,.T.);
#5837=ORIENTED_EDGE('',*,*,#4336,.F.);
#5838=ORIENTED_EDGE('',*,*,#4589,.F.);
#5839=ORIENTED_EDGE('',*,*,#4596,.F.);
#5840=ORIENTED_EDGE('',*,*,#4597,.T.);
#5841=ORIENTED_EDGE('',*,*,#4331,.F.);
#5842=ORIENTED_EDGE('',*,*,#4598,.F.);
#5843=ORIENTED_EDGE('',*,*,#4599,.F.);
#5844=ORIENTED_EDGE('',*,*,#4598,.T.);
#5845=ORIENTED_EDGE('',*,*,#4330,.F.);
#5846=ORIENTED_EDGE('',*,*,#4600,.F.);
#5847=ORIENTED_EDGE('',*,*,#4601,.F.);
#5848=ORIENTED_EDGE('',*,*,#4600,.T.);
#5849=ORIENTED_EDGE('',*,*,#4329,.F.);
#5850=ORIENTED_EDGE('',*,*,#4602,.F.);
#5851=ORIENTED_EDGE('',*,*,#4603,.F.);
#5852=ORIENTED_EDGE('',*,*,#4602,.T.);
#5853=ORIENTED_EDGE('',*,*,#4332,.F.);
#5854=ORIENTED_EDGE('',*,*,#4597,.F.);
#5855=ORIENTED_EDGE('',*,*,#4604,.F.);
#5856=ORIENTED_EDGE('',*,*,#4605,.T.);
#5857=ORIENTED_EDGE('',*,*,#4327,.F.);
#5858=ORIENTED_EDGE('',*,*,#4606,.F.);
#5859=ORIENTED_EDGE('',*,*,#4607,.F.);
#5860=ORIENTED_EDGE('',*,*,#4606,.T.);
#5861=ORIENTED_EDGE('',*,*,#4326,.F.);
#5862=ORIENTED_EDGE('',*,*,#4608,.F.);
#5863=ORIENTED_EDGE('',*,*,#4609,.F.);
#5864=ORIENTED_EDGE('',*,*,#4608,.T.);
#5865=ORIENTED_EDGE('',*,*,#4325,.F.);
#5866=ORIENTED_EDGE('',*,*,#4610,.F.);
#5867=ORIENTED_EDGE('',*,*,#4611,.F.);
#5868=ORIENTED_EDGE('',*,*,#4610,.T.);
#5869=ORIENTED_EDGE('',*,*,#4328,.F.);
#5870=ORIENTED_EDGE('',*,*,#4605,.F.);
#5871=ORIENTED_EDGE('',*,*,#4612,.F.);
#5872=ORIENTED_EDGE('',*,*,#4613,.T.);
#5873=ORIENTED_EDGE('',*,*,#4323,.F.);
#5874=ORIENTED_EDGE('',*,*,#4614,.F.);
#5875=ORIENTED_EDGE('',*,*,#4615,.F.);
#5876=ORIENTED_EDGE('',*,*,#4614,.T.);
#5877=ORIENTED_EDGE('',*,*,#4322,.F.);
#5878=ORIENTED_EDGE('',*,*,#4616,.F.);
#5879=ORIENTED_EDGE('',*,*,#4617,.F.);
#5880=ORIENTED_EDGE('',*,*,#4616,.T.);
#5881=ORIENTED_EDGE('',*,*,#4321,.F.);
#5882=ORIENTED_EDGE('',*,*,#4618,.F.);
#5883=ORIENTED_EDGE('',*,*,#4619,.F.);
#5884=ORIENTED_EDGE('',*,*,#4618,.T.);
#5885=ORIENTED_EDGE('',*,*,#4324,.F.);
#5886=ORIENTED_EDGE('',*,*,#4613,.F.);
#5887=ORIENTED_EDGE('',*,*,#4620,.F.);
#5888=ORIENTED_EDGE('',*,*,#4621,.T.);
#5889=ORIENTED_EDGE('',*,*,#4319,.F.);
#5890=ORIENTED_EDGE('',*,*,#4622,.F.);
#5891=ORIENTED_EDGE('',*,*,#4623,.F.);
#5892=ORIENTED_EDGE('',*,*,#4622,.T.);
#5893=ORIENTED_EDGE('',*,*,#4318,.F.);
#5894=ORIENTED_EDGE('',*,*,#4624,.F.);
#5895=ORIENTED_EDGE('',*,*,#4625,.F.);
#5896=ORIENTED_EDGE('',*,*,#4624,.T.);
#5897=ORIENTED_EDGE('',*,*,#4317,.F.);
#5898=ORIENTED_EDGE('',*,*,#4626,.F.);
#5899=ORIENTED_EDGE('',*,*,#4627,.F.);
#5900=ORIENTED_EDGE('',*,*,#4626,.T.);
#5901=ORIENTED_EDGE('',*,*,#4320,.F.);
#5902=ORIENTED_EDGE('',*,*,#4621,.F.);
#5903=ORIENTED_EDGE('',*,*,#4628,.F.);
#5904=ORIENTED_EDGE('',*,*,#4629,.T.);
#5905=ORIENTED_EDGE('',*,*,#4315,.F.);
#5906=ORIENTED_EDGE('',*,*,#4630,.F.);
#5907=ORIENTED_EDGE('',*,*,#4631,.F.);
#5908=ORIENTED_EDGE('',*,*,#4630,.T.);
#5909=ORIENTED_EDGE('',*,*,#4314,.F.);
#5910=ORIENTED_EDGE('',*,*,#4632,.F.);
#5911=ORIENTED_EDGE('',*,*,#4633,.F.);
#5912=ORIENTED_EDGE('',*,*,#4632,.T.);
#5913=ORIENTED_EDGE('',*,*,#4313,.F.);
#5914=ORIENTED_EDGE('',*,*,#4634,.F.);
#5915=ORIENTED_EDGE('',*,*,#4635,.F.);
#5916=ORIENTED_EDGE('',*,*,#4634,.T.);
#5917=ORIENTED_EDGE('',*,*,#4316,.F.);
#5918=ORIENTED_EDGE('',*,*,#4629,.F.);
#5919=ORIENTED_EDGE('',*,*,#4447,.F.);
#5920=ORIENTED_EDGE('',*,*,#4636,.T.);
#5921=ORIENTED_EDGE('',*,*,#4637,.T.);
#5922=ORIENTED_EDGE('',*,*,#4638,.F.);
#5923=ORIENTED_EDGE('',*,*,#4450,.F.);
#5924=ORIENTED_EDGE('',*,*,#4639,.T.);
#5925=ORIENTED_EDGE('',*,*,#4640,.T.);
#5926=ORIENTED_EDGE('',*,*,#4636,.F.);
#5927=ORIENTED_EDGE('',*,*,#4449,.F.);
#5928=ORIENTED_EDGE('',*,*,#4641,.T.);
#5929=ORIENTED_EDGE('',*,*,#4642,.T.);
#5930=ORIENTED_EDGE('',*,*,#4639,.F.);
#5931=ORIENTED_EDGE('',*,*,#4448,.F.);
#5932=ORIENTED_EDGE('',*,*,#4638,.T.);
#5933=ORIENTED_EDGE('',*,*,#4643,.T.);
#5934=ORIENTED_EDGE('',*,*,#4641,.F.);
#5935=ORIENTED_EDGE('',*,*,#4643,.F.);
#5936=ORIENTED_EDGE('',*,*,#4637,.F.);
#5937=ORIENTED_EDGE('',*,*,#4640,.F.);
#5938=ORIENTED_EDGE('',*,*,#4642,.F.);
#5939=ORIENTED_EDGE('',*,*,#4569,.T.);
#5940=ORIENTED_EDGE('',*,*,#4571,.T.);
#5941=ORIENTED_EDGE('',*,*,#4564,.T.);
#5942=ORIENTED_EDGE('',*,*,#4567,.T.);
#5943=ORIENTED_EDGE('',*,*,#4443,.F.);
#5944=ORIENTED_EDGE('',*,*,#4644,.T.);
#5945=ORIENTED_EDGE('',*,*,#4645,.T.);
#5946=ORIENTED_EDGE('',*,*,#4646,.F.);
#5947=ORIENTED_EDGE('',*,*,#4446,.F.);
#5948=ORIENTED_EDGE('',*,*,#4647,.T.);
#5949=ORIENTED_EDGE('',*,*,#4648,.T.);
#5950=ORIENTED_EDGE('',*,*,#4644,.F.);
#5951=ORIENTED_EDGE('',*,*,#4445,.F.);
#5952=ORIENTED_EDGE('',*,*,#4649,.T.);
#5953=ORIENTED_EDGE('',*,*,#4650,.T.);
#5954=ORIENTED_EDGE('',*,*,#4647,.F.);
#5955=ORIENTED_EDGE('',*,*,#4444,.F.);
#5956=ORIENTED_EDGE('',*,*,#4646,.T.);
#5957=ORIENTED_EDGE('',*,*,#4651,.T.);
#5958=ORIENTED_EDGE('',*,*,#4649,.F.);
#5959=ORIENTED_EDGE('',*,*,#4651,.F.);
#5960=ORIENTED_EDGE('',*,*,#4645,.F.);
#5961=ORIENTED_EDGE('',*,*,#4648,.F.);
#5962=ORIENTED_EDGE('',*,*,#4650,.F.);
#5963=ORIENTED_EDGE('',*,*,#4617,.T.);
#5964=ORIENTED_EDGE('',*,*,#4619,.T.);
#5965=ORIENTED_EDGE('',*,*,#4612,.T.);
#5966=ORIENTED_EDGE('',*,*,#4615,.T.);
#5967=ORIENTED_EDGE('',*,*,#4439,.F.);
#5968=ORIENTED_EDGE('',*,*,#4652,.T.);
#5969=ORIENTED_EDGE('',*,*,#4653,.T.);
#5970=ORIENTED_EDGE('',*,*,#4654,.F.);
#5971=ORIENTED_EDGE('',*,*,#4442,.F.);
#5972=ORIENTED_EDGE('',*,*,#4655,.T.);
#5973=ORIENTED_EDGE('',*,*,#4656,.T.);
#5974=ORIENTED_EDGE('',*,*,#4652,.F.);
#5975=ORIENTED_EDGE('',*,*,#4441,.F.);
#5976=ORIENTED_EDGE('',*,*,#4657,.T.);
#5977=ORIENTED_EDGE('',*,*,#4658,.T.);
#5978=ORIENTED_EDGE('',*,*,#4655,.F.);
#5979=ORIENTED_EDGE('',*,*,#4440,.F.);
#5980=ORIENTED_EDGE('',*,*,#4654,.T.);
#5981=ORIENTED_EDGE('',*,*,#4659,.T.);
#5982=ORIENTED_EDGE('',*,*,#4657,.F.);
#5983=ORIENTED_EDGE('',*,*,#4659,.F.);
#5984=ORIENTED_EDGE('',*,*,#4653,.F.);
#5985=ORIENTED_EDGE('',*,*,#4656,.F.);
#5986=ORIENTED_EDGE('',*,*,#4658,.F.);
#5987=ORIENTED_EDGE('',*,*,#4553,.T.);
#5988=ORIENTED_EDGE('',*,*,#4555,.T.);
#5989=ORIENTED_EDGE('',*,*,#4548,.T.);
#5990=ORIENTED_EDGE('',*,*,#4551,.T.);
#5991=ORIENTED_EDGE('',*,*,#4435,.F.);
#5992=ORIENTED_EDGE('',*,*,#4660,.T.);
#5993=ORIENTED_EDGE('',*,*,#4661,.T.);
#5994=ORIENTED_EDGE('',*,*,#4662,.F.);
#5995=ORIENTED_EDGE('',*,*,#4438,.F.);
#5996=ORIENTED_EDGE('',*,*,#4663,.T.);
#5997=ORIENTED_EDGE('',*,*,#4664,.T.);
#5998=ORIENTED_EDGE('',*,*,#4660,.F.);
#5999=ORIENTED_EDGE('',*,*,#4437,.F.);
#6000=ORIENTED_EDGE('',*,*,#4665,.T.);
#6001=ORIENTED_EDGE('',*,*,#4666,.T.);
#6002=ORIENTED_EDGE('',*,*,#4663,.F.);
#6003=ORIENTED_EDGE('',*,*,#4436,.F.);
#6004=ORIENTED_EDGE('',*,*,#4662,.T.);
#6005=ORIENTED_EDGE('',*,*,#4667,.T.);
#6006=ORIENTED_EDGE('',*,*,#4665,.F.);
#6007=ORIENTED_EDGE('',*,*,#4667,.F.);
#6008=ORIENTED_EDGE('',*,*,#4661,.F.);
#6009=ORIENTED_EDGE('',*,*,#4664,.F.);
#6010=ORIENTED_EDGE('',*,*,#4666,.F.);
#6011=ORIENTED_EDGE('',*,*,#4625,.T.);
#6012=ORIENTED_EDGE('',*,*,#4627,.T.);
#6013=ORIENTED_EDGE('',*,*,#4620,.T.);
#6014=ORIENTED_EDGE('',*,*,#4623,.T.);
#6015=ORIENTED_EDGE('',*,*,#4431,.F.);
#6016=ORIENTED_EDGE('',*,*,#4668,.T.);
#6017=ORIENTED_EDGE('',*,*,#4669,.T.);
#6018=ORIENTED_EDGE('',*,*,#4670,.F.);
#6019=ORIENTED_EDGE('',*,*,#4434,.F.);
#6020=ORIENTED_EDGE('',*,*,#4671,.T.);
#6021=ORIENTED_EDGE('',*,*,#4672,.T.);
#6022=ORIENTED_EDGE('',*,*,#4668,.F.);
#6023=ORIENTED_EDGE('',*,*,#4433,.F.);
#6024=ORIENTED_EDGE('',*,*,#4673,.T.);
#6025=ORIENTED_EDGE('',*,*,#4674,.T.);
#6026=ORIENTED_EDGE('',*,*,#4671,.F.);
#6027=ORIENTED_EDGE('',*,*,#4432,.F.);
#6028=ORIENTED_EDGE('',*,*,#4670,.T.);
#6029=ORIENTED_EDGE('',*,*,#4675,.T.);
#6030=ORIENTED_EDGE('',*,*,#4673,.F.);
#6031=ORIENTED_EDGE('',*,*,#4675,.F.);
#6032=ORIENTED_EDGE('',*,*,#4669,.F.);
#6033=ORIENTED_EDGE('',*,*,#4672,.F.);
#6034=ORIENTED_EDGE('',*,*,#4674,.F.);
#6035=ORIENTED_EDGE('',*,*,#4513,.T.);
#6036=ORIENTED_EDGE('',*,*,#4515,.T.);
#6037=ORIENTED_EDGE('',*,*,#4508,.T.);
#6038=ORIENTED_EDGE('',*,*,#4511,.T.);
#6039=ORIENTED_EDGE('',*,*,#4427,.F.);
#6040=ORIENTED_EDGE('',*,*,#4676,.T.);
#6041=ORIENTED_EDGE('',*,*,#4677,.T.);
#6042=ORIENTED_EDGE('',*,*,#4678,.F.);
#6043=ORIENTED_EDGE('',*,*,#4430,.F.);
#6044=ORIENTED_EDGE('',*,*,#4679,.T.);
#6045=ORIENTED_EDGE('',*,*,#4680,.T.);
#6046=ORIENTED_EDGE('',*,*,#4676,.F.);
#6047=ORIENTED_EDGE('',*,*,#4429,.F.);
#6048=ORIENTED_EDGE('',*,*,#4681,.T.);
#6049=ORIENTED_EDGE('',*,*,#4682,.T.);
#6050=ORIENTED_EDGE('',*,*,#4679,.F.);
#6051=ORIENTED_EDGE('',*,*,#4428,.F.);
#6052=ORIENTED_EDGE('',*,*,#4678,.T.);
#6053=ORIENTED_EDGE('',*,*,#4683,.T.);
#6054=ORIENTED_EDGE('',*,*,#4681,.F.);
#6055=ORIENTED_EDGE('',*,*,#4683,.F.);
#6056=ORIENTED_EDGE('',*,*,#4677,.F.);
#6057=ORIENTED_EDGE('',*,*,#4680,.F.);
#6058=ORIENTED_EDGE('',*,*,#4682,.F.);
#6059=ORIENTED_EDGE('',*,*,#4609,.T.);
#6060=ORIENTED_EDGE('',*,*,#4611,.T.);
#6061=ORIENTED_EDGE('',*,*,#4604,.T.);
#6062=ORIENTED_EDGE('',*,*,#4607,.T.);
#6063=ORIENTED_EDGE('',*,*,#4423,.F.);
#6064=ORIENTED_EDGE('',*,*,#4684,.T.);
#6065=ORIENTED_EDGE('',*,*,#4685,.T.);
#6066=ORIENTED_EDGE('',*,*,#4686,.F.);
#6067=ORIENTED_EDGE('',*,*,#4426,.F.);
#6068=ORIENTED_EDGE('',*,*,#4687,.T.);
#6069=ORIENTED_EDGE('',*,*,#4688,.T.);
#6070=ORIENTED_EDGE('',*,*,#4684,.F.);
#6071=ORIENTED_EDGE('',*,*,#4425,.F.);
#6072=ORIENTED_EDGE('',*,*,#4689,.T.);
#6073=ORIENTED_EDGE('',*,*,#4690,.T.);
#6074=ORIENTED_EDGE('',*,*,#4687,.F.);
#6075=ORIENTED_EDGE('',*,*,#4424,.F.);
#6076=ORIENTED_EDGE('',*,*,#4686,.T.);
#6077=ORIENTED_EDGE('',*,*,#4691,.T.);
#6078=ORIENTED_EDGE('',*,*,#4689,.F.);
#6079=ORIENTED_EDGE('',*,*,#4691,.F.);
#6080=ORIENTED_EDGE('',*,*,#4685,.F.);
#6081=ORIENTED_EDGE('',*,*,#4688,.F.);
#6082=ORIENTED_EDGE('',*,*,#4690,.F.);
#6083=ORIENTED_EDGE('',*,*,#4537,.T.);
#6084=ORIENTED_EDGE('',*,*,#4539,.T.);
#6085=ORIENTED_EDGE('',*,*,#4532,.T.);
#6086=ORIENTED_EDGE('',*,*,#4535,.T.);
#6087=ORIENTED_EDGE('',*,*,#4419,.F.);
#6088=ORIENTED_EDGE('',*,*,#4692,.T.);
#6089=ORIENTED_EDGE('',*,*,#4693,.T.);
#6090=ORIENTED_EDGE('',*,*,#4694,.F.);
#6091=ORIENTED_EDGE('',*,*,#4422,.F.);
#6092=ORIENTED_EDGE('',*,*,#4695,.T.);
#6093=ORIENTED_EDGE('',*,*,#4696,.T.);
#6094=ORIENTED_EDGE('',*,*,#4692,.F.);
#6095=ORIENTED_EDGE('',*,*,#4421,.F.);
#6096=ORIENTED_EDGE('',*,*,#4697,.T.);
#6097=ORIENTED_EDGE('',*,*,#4698,.T.);
#6098=ORIENTED_EDGE('',*,*,#4695,.F.);
#6099=ORIENTED_EDGE('',*,*,#4420,.F.);
#6100=ORIENTED_EDGE('',*,*,#4694,.T.);
#6101=ORIENTED_EDGE('',*,*,#4699,.T.);
#6102=ORIENTED_EDGE('',*,*,#4697,.F.);
#6103=ORIENTED_EDGE('',*,*,#4699,.F.);
#6104=ORIENTED_EDGE('',*,*,#4693,.F.);
#6105=ORIENTED_EDGE('',*,*,#4696,.F.);
#6106=ORIENTED_EDGE('',*,*,#4698,.F.);
#6107=ORIENTED_EDGE('',*,*,#4633,.T.);
#6108=ORIENTED_EDGE('',*,*,#4635,.T.);
#6109=ORIENTED_EDGE('',*,*,#4628,.T.);
#6110=ORIENTED_EDGE('',*,*,#4631,.T.);
#6111=ORIENTED_EDGE('',*,*,#4415,.F.);
#6112=ORIENTED_EDGE('',*,*,#4700,.T.);
#6113=ORIENTED_EDGE('',*,*,#4701,.T.);
#6114=ORIENTED_EDGE('',*,*,#4702,.F.);
#6115=ORIENTED_EDGE('',*,*,#4418,.F.);
#6116=ORIENTED_EDGE('',*,*,#4703,.T.);
#6117=ORIENTED_EDGE('',*,*,#4704,.T.);
#6118=ORIENTED_EDGE('',*,*,#4700,.F.);
#6119=ORIENTED_EDGE('',*,*,#4417,.F.);
#6120=ORIENTED_EDGE('',*,*,#4705,.T.);
#6121=ORIENTED_EDGE('',*,*,#4706,.T.);
#6122=ORIENTED_EDGE('',*,*,#4703,.F.);
#6123=ORIENTED_EDGE('',*,*,#4416,.F.);
#6124=ORIENTED_EDGE('',*,*,#4702,.T.);
#6125=ORIENTED_EDGE('',*,*,#4707,.T.);
#6126=ORIENTED_EDGE('',*,*,#4705,.F.);
#6127=ORIENTED_EDGE('',*,*,#4707,.F.);
#6128=ORIENTED_EDGE('',*,*,#4701,.F.);
#6129=ORIENTED_EDGE('',*,*,#4704,.F.);
#6130=ORIENTED_EDGE('',*,*,#4706,.F.);
#6131=ORIENTED_EDGE('',*,*,#4593,.T.);
#6132=ORIENTED_EDGE('',*,*,#4595,.T.);
#6133=ORIENTED_EDGE('',*,*,#4588,.T.);
#6134=ORIENTED_EDGE('',*,*,#4591,.T.);
#6135=ORIENTED_EDGE('',*,*,#4411,.F.);
#6136=ORIENTED_EDGE('',*,*,#4708,.T.);
#6137=ORIENTED_EDGE('',*,*,#4709,.T.);
#6138=ORIENTED_EDGE('',*,*,#4710,.F.);
#6139=ORIENTED_EDGE('',*,*,#4414,.F.);
#6140=ORIENTED_EDGE('',*,*,#4711,.T.);
#6141=ORIENTED_EDGE('',*,*,#4712,.T.);
#6142=ORIENTED_EDGE('',*,*,#4708,.F.);
#6143=ORIENTED_EDGE('',*,*,#4413,.F.);
#6144=ORIENTED_EDGE('',*,*,#4713,.T.);
#6145=ORIENTED_EDGE('',*,*,#4714,.T.);
#6146=ORIENTED_EDGE('',*,*,#4711,.F.);
#6147=ORIENTED_EDGE('',*,*,#4412,.F.);
#6148=ORIENTED_EDGE('',*,*,#4710,.T.);
#6149=ORIENTED_EDGE('',*,*,#4715,.T.);
#6150=ORIENTED_EDGE('',*,*,#4713,.F.);
#6151=ORIENTED_EDGE('',*,*,#4715,.F.);
#6152=ORIENTED_EDGE('',*,*,#4709,.F.);
#6153=ORIENTED_EDGE('',*,*,#4712,.F.);
#6154=ORIENTED_EDGE('',*,*,#4714,.F.);
#6155=ORIENTED_EDGE('',*,*,#4529,.T.);
#6156=ORIENTED_EDGE('',*,*,#4531,.T.);
#6157=ORIENTED_EDGE('',*,*,#4524,.T.);
#6158=ORIENTED_EDGE('',*,*,#4527,.T.);
#6159=ORIENTED_EDGE('',*,*,#4407,.F.);
#6160=ORIENTED_EDGE('',*,*,#4716,.T.);
#6161=ORIENTED_EDGE('',*,*,#4717,.T.);
#6162=ORIENTED_EDGE('',*,*,#4718,.F.);
#6163=ORIENTED_EDGE('',*,*,#4410,.F.);
#6164=ORIENTED_EDGE('',*,*,#4719,.T.);
#6165=ORIENTED_EDGE('',*,*,#4720,.T.);
#6166=ORIENTED_EDGE('',*,*,#4716,.F.);
#6167=ORIENTED_EDGE('',*,*,#4409,.F.);
#6168=ORIENTED_EDGE('',*,*,#4721,.T.);
#6169=ORIENTED_EDGE('',*,*,#4722,.T.);
#6170=ORIENTED_EDGE('',*,*,#4719,.F.);
#6171=ORIENTED_EDGE('',*,*,#4408,.F.);
#6172=ORIENTED_EDGE('',*,*,#4718,.T.);
#6173=ORIENTED_EDGE('',*,*,#4723,.T.);
#6174=ORIENTED_EDGE('',*,*,#4721,.F.);
#6175=ORIENTED_EDGE('',*,*,#4723,.F.);
#6176=ORIENTED_EDGE('',*,*,#4717,.F.);
#6177=ORIENTED_EDGE('',*,*,#4720,.F.);
#6178=ORIENTED_EDGE('',*,*,#4722,.F.);
#6179=ORIENTED_EDGE('',*,*,#4585,.T.);
#6180=ORIENTED_EDGE('',*,*,#4587,.T.);
#6181=ORIENTED_EDGE('',*,*,#4580,.T.);
#6182=ORIENTED_EDGE('',*,*,#4583,.T.);
#6183=ORIENTED_EDGE('',*,*,#4403,.F.);
#6184=ORIENTED_EDGE('',*,*,#4724,.T.);
#6185=ORIENTED_EDGE('',*,*,#4725,.T.);
#6186=ORIENTED_EDGE('',*,*,#4726,.F.);
#6187=ORIENTED_EDGE('',*,*,#4406,.F.);
#6188=ORIENTED_EDGE('',*,*,#4727,.T.);
#6189=ORIENTED_EDGE('',*,*,#4728,.T.);
#6190=ORIENTED_EDGE('',*,*,#4724,.F.);
#6191=ORIENTED_EDGE('',*,*,#4405,.F.);
#6192=ORIENTED_EDGE('',*,*,#4729,.T.);
#6193=ORIENTED_EDGE('',*,*,#4730,.T.);
#6194=ORIENTED_EDGE('',*,*,#4727,.F.);
#6195=ORIENTED_EDGE('',*,*,#4404,.F.);
#6196=ORIENTED_EDGE('',*,*,#4726,.T.);
#6197=ORIENTED_EDGE('',*,*,#4731,.T.);
#6198=ORIENTED_EDGE('',*,*,#4729,.F.);
#6199=ORIENTED_EDGE('',*,*,#4731,.F.);
#6200=ORIENTED_EDGE('',*,*,#4725,.F.);
#6201=ORIENTED_EDGE('',*,*,#4728,.F.);
#6202=ORIENTED_EDGE('',*,*,#4730,.F.);
#6203=ORIENTED_EDGE('',*,*,#4561,.T.);
#6204=ORIENTED_EDGE('',*,*,#4563,.T.);
#6205=ORIENTED_EDGE('',*,*,#4556,.T.);
#6206=ORIENTED_EDGE('',*,*,#4559,.T.);
#6207=ORIENTED_EDGE('',*,*,#4399,.F.);
#6208=ORIENTED_EDGE('',*,*,#4732,.T.);
#6209=ORIENTED_EDGE('',*,*,#4733,.T.);
#6210=ORIENTED_EDGE('',*,*,#4734,.F.);
#6211=ORIENTED_EDGE('',*,*,#4402,.F.);
#6212=ORIENTED_EDGE('',*,*,#4735,.T.);
#6213=ORIENTED_EDGE('',*,*,#4736,.T.);
#6214=ORIENTED_EDGE('',*,*,#4732,.F.);
#6215=ORIENTED_EDGE('',*,*,#4401,.F.);
#6216=ORIENTED_EDGE('',*,*,#4737,.T.);
#6217=ORIENTED_EDGE('',*,*,#4738,.T.);
#6218=ORIENTED_EDGE('',*,*,#4735,.F.);
#6219=ORIENTED_EDGE('',*,*,#4400,.F.);
#6220=ORIENTED_EDGE('',*,*,#4734,.T.);
#6221=ORIENTED_EDGE('',*,*,#4739,.T.);
#6222=ORIENTED_EDGE('',*,*,#4737,.F.);
#6223=ORIENTED_EDGE('',*,*,#4739,.F.);
#6224=ORIENTED_EDGE('',*,*,#4733,.F.);
#6225=ORIENTED_EDGE('',*,*,#4736,.F.);
#6226=ORIENTED_EDGE('',*,*,#4738,.F.);
#6227=ORIENTED_EDGE('',*,*,#4577,.T.);
#6228=ORIENTED_EDGE('',*,*,#4579,.T.);
#6229=ORIENTED_EDGE('',*,*,#4572,.T.);
#6230=ORIENTED_EDGE('',*,*,#4575,.T.);
#6231=ORIENTED_EDGE('',*,*,#4395,.F.);
#6232=ORIENTED_EDGE('',*,*,#4740,.T.);
#6233=ORIENTED_EDGE('',*,*,#4741,.T.);
#6234=ORIENTED_EDGE('',*,*,#4742,.F.);
#6235=ORIENTED_EDGE('',*,*,#4398,.F.);
#6236=ORIENTED_EDGE('',*,*,#4743,.T.);
#6237=ORIENTED_EDGE('',*,*,#4744,.T.);
#6238=ORIENTED_EDGE('',*,*,#4740,.F.);
#6239=ORIENTED_EDGE('',*,*,#4397,.F.);
#6240=ORIENTED_EDGE('',*,*,#4745,.T.);
#6241=ORIENTED_EDGE('',*,*,#4746,.T.);
#6242=ORIENTED_EDGE('',*,*,#4743,.F.);
#6243=ORIENTED_EDGE('',*,*,#4396,.F.);
#6244=ORIENTED_EDGE('',*,*,#4742,.T.);
#6245=ORIENTED_EDGE('',*,*,#4747,.T.);
#6246=ORIENTED_EDGE('',*,*,#4745,.F.);
#6247=ORIENTED_EDGE('',*,*,#4747,.F.);
#6248=ORIENTED_EDGE('',*,*,#4741,.F.);
#6249=ORIENTED_EDGE('',*,*,#4744,.F.);
#6250=ORIENTED_EDGE('',*,*,#4746,.F.);
#6251=ORIENTED_EDGE('',*,*,#4521,.T.);
#6252=ORIENTED_EDGE('',*,*,#4523,.T.);
#6253=ORIENTED_EDGE('',*,*,#4516,.T.);
#6254=ORIENTED_EDGE('',*,*,#4519,.T.);
#6255=ORIENTED_EDGE('',*,*,#4391,.F.);
#6256=ORIENTED_EDGE('',*,*,#4748,.T.);
#6257=ORIENTED_EDGE('',*,*,#4749,.T.);
#6258=ORIENTED_EDGE('',*,*,#4750,.F.);
#6259=ORIENTED_EDGE('',*,*,#4394,.F.);
#6260=ORIENTED_EDGE('',*,*,#4751,.T.);
#6261=ORIENTED_EDGE('',*,*,#4752,.T.);
#6262=ORIENTED_EDGE('',*,*,#4748,.F.);
#6263=ORIENTED_EDGE('',*,*,#4393,.F.);
#6264=ORIENTED_EDGE('',*,*,#4753,.T.);
#6265=ORIENTED_EDGE('',*,*,#4754,.T.);
#6266=ORIENTED_EDGE('',*,*,#4751,.F.);
#6267=ORIENTED_EDGE('',*,*,#4392,.F.);
#6268=ORIENTED_EDGE('',*,*,#4750,.T.);
#6269=ORIENTED_EDGE('',*,*,#4755,.T.);
#6270=ORIENTED_EDGE('',*,*,#4753,.F.);
#6271=ORIENTED_EDGE('',*,*,#4755,.F.);
#6272=ORIENTED_EDGE('',*,*,#4749,.F.);
#6273=ORIENTED_EDGE('',*,*,#4752,.F.);
#6274=ORIENTED_EDGE('',*,*,#4754,.F.);
#6275=ORIENTED_EDGE('',*,*,#4601,.T.);
#6276=ORIENTED_EDGE('',*,*,#4603,.T.);
#6277=ORIENTED_EDGE('',*,*,#4596,.T.);
#6278=ORIENTED_EDGE('',*,*,#4599,.T.);
#6279=ORIENTED_EDGE('',*,*,#4387,.F.);
#6280=ORIENTED_EDGE('',*,*,#4756,.T.);
#6281=ORIENTED_EDGE('',*,*,#4757,.T.);
#6282=ORIENTED_EDGE('',*,*,#4758,.F.);
#6283=ORIENTED_EDGE('',*,*,#4390,.F.);
#6284=ORIENTED_EDGE('',*,*,#4759,.T.);
#6285=ORIENTED_EDGE('',*,*,#4760,.T.);
#6286=ORIENTED_EDGE('',*,*,#4756,.F.);
#6287=ORIENTED_EDGE('',*,*,#4389,.F.);
#6288=ORIENTED_EDGE('',*,*,#4761,.T.);
#6289=ORIENTED_EDGE('',*,*,#4762,.T.);
#6290=ORIENTED_EDGE('',*,*,#4759,.F.);
#6291=ORIENTED_EDGE('',*,*,#4388,.F.);
#6292=ORIENTED_EDGE('',*,*,#4758,.T.);
#6293=ORIENTED_EDGE('',*,*,#4763,.T.);
#6294=ORIENTED_EDGE('',*,*,#4761,.F.);
#6295=ORIENTED_EDGE('',*,*,#4763,.F.);
#6296=ORIENTED_EDGE('',*,*,#4757,.F.);
#6297=ORIENTED_EDGE('',*,*,#4760,.F.);
#6298=ORIENTED_EDGE('',*,*,#4762,.F.);
#6299=ORIENTED_EDGE('',*,*,#4545,.T.);
#6300=ORIENTED_EDGE('',*,*,#4547,.T.);
#6301=ORIENTED_EDGE('',*,*,#4540,.T.);
#6302=ORIENTED_EDGE('',*,*,#4543,.T.);
#6303=ORIENTED_EDGE('',*,*,#4764,.F.);
#6304=ORIENTED_EDGE('',*,*,#4382,.T.);
#6305=ORIENTED_EDGE('',*,*,#4765,.F.);
#6306=ORIENTED_EDGE('',*,*,#4309,.F.);
#6307=ORIENTED_EDGE('',*,*,#4451,.T.);
#6308=ORIENTED_EDGE('',*,*,#4310,.T.);
#6309=ORIENTED_EDGE('',*,*,#4765,.T.);
#6310=ORIENTED_EDGE('',*,*,#4381,.T.);
#6311=ORIENTED_EDGE('',*,*,#4766,.F.);
#6312=ORIENTED_EDGE('',*,*,#4307,.T.);
#6313=ORIENTED_EDGE('',*,*,#4767,.F.);
#6314=ORIENTED_EDGE('',*,*,#4384,.F.);
#6315=ORIENTED_EDGE('',*,*,#4306,.T.);
#6316=ORIENTED_EDGE('',*,*,#4768,.T.);
#6317=ORIENTED_EDGE('',*,*,#4385,.T.);
#6318=ORIENTED_EDGE('',*,*,#4767,.T.);
#6319=ORIENTED_EDGE('',*,*,#4297,.F.);
#6320=ORIENTED_EDGE('',*,*,#4386,.F.);
#6321=ORIENTED_EDGE('',*,*,#4768,.F.);
#6322=ORIENTED_EDGE('',*,*,#4305,.T.);
#6323=ORIENTED_EDGE('',*,*,#4764,.T.);
#6324=ORIENTED_EDGE('',*,*,#4308,.F.);
#6325=ORIENTED_EDGE('',*,*,#4766,.T.);
#6326=ORIENTED_EDGE('',*,*,#4383,.F.);
#6327=ORIENTED_EDGE('',*,*,#4457,.T.);
#6328=ORIENTED_EDGE('',*,*,#4462,.T.);
#6329=ORIENTED_EDGE('',*,*,#4467,.T.);
#6330=ORIENTED_EDGE('',*,*,#4475,.T.);
#6331=ORIENTED_EDGE('',*,*,#4477,.T.);
#6332=ORIENTED_EDGE('',*,*,#4487,.T.);
#6333=ORIENTED_EDGE('',*,*,#4491,.T.);
#6334=ORIENTED_EDGE('',*,*,#4499,.T.);
#6335=ORIENTED_EDGE('',*,*,#4769,.T.);
#6336=ORIENTED_EDGE('',*,*,#4770,.T.);
#6337=ORIENTED_EDGE('',*,*,#4771,.T.);
#6338=ORIENTED_EDGE('',*,*,#4772,.F.);
#6339=ORIENTED_EDGE('',*,*,#4773,.T.);
#6340=ORIENTED_EDGE('',*,*,#4774,.T.);
#6341=ORIENTED_EDGE('',*,*,#4775,.T.);
#6342=ORIENTED_EDGE('',*,*,#4770,.F.);
#6343=ORIENTED_EDGE('',*,*,#4776,.T.);
#6344=ORIENTED_EDGE('',*,*,#4777,.T.);
#6345=ORIENTED_EDGE('',*,*,#4778,.T.);
#6346=ORIENTED_EDGE('',*,*,#4774,.F.);
#6347=ORIENTED_EDGE('',*,*,#4779,.T.);
#6348=ORIENTED_EDGE('',*,*,#4777,.F.);
#6349=ORIENTED_EDGE('',*,*,#4780,.T.);
#6350=ORIENTED_EDGE('',*,*,#4772,.T.);
#6351=ORIENTED_EDGE('',*,*,#4779,.F.);
#6352=ORIENTED_EDGE('',*,*,#4781,.F.);
#6353=ORIENTED_EDGE('',*,*,#4782,.F.);
#6354=ORIENTED_EDGE('',*,*,#4783,.T.);
#6355=ORIENTED_EDGE('',*,*,#4771,.F.);
#6356=ORIENTED_EDGE('',*,*,#4784,.F.);
#6357=ORIENTED_EDGE('',*,*,#4785,.F.);
#6358=ORIENTED_EDGE('',*,*,#4786,.F.);
#6359=ORIENTED_EDGE('',*,*,#4787,.T.);
#6360=ORIENTED_EDGE('',*,*,#4788,.F.);
#6361=ORIENTED_EDGE('',*,*,#4781,.T.);
#6362=ORIENTED_EDGE('',*,*,#4769,.F.);
#6363=ORIENTED_EDGE('',*,*,#4780,.F.);
#6364=ORIENTED_EDGE('',*,*,#4776,.F.);
#6365=ORIENTED_EDGE('',*,*,#4773,.F.);
#6366=ORIENTED_EDGE('',*,*,#4789,.T.);
#6367=ORIENTED_EDGE('',*,*,#4790,.T.);
#6368=ORIENTED_EDGE('',*,*,#4791,.T.);
#6369=ORIENTED_EDGE('',*,*,#4792,.F.);
#6370=ORIENTED_EDGE('',*,*,#4793,.T.);
#6371=ORIENTED_EDGE('',*,*,#4790,.F.);
#6372=ORIENTED_EDGE('',*,*,#4794,.T.);
#6373=ORIENTED_EDGE('',*,*,#4795,.T.);
#6374=ORIENTED_EDGE('',*,*,#4796,.T.);
#6375=ORIENTED_EDGE('',*,*,#4795,.F.);
#6376=ORIENTED_EDGE('',*,*,#4797,.T.);
#6377=ORIENTED_EDGE('',*,*,#4798,.T.);
#6378=ORIENTED_EDGE('',*,*,#4786,.T.);
#6379=ORIENTED_EDGE('',*,*,#4798,.F.);
#6380=ORIENTED_EDGE('',*,*,#4799,.T.);
#6381=ORIENTED_EDGE('',*,*,#4792,.T.);
#6382=ORIENTED_EDGE('',*,*,#4791,.F.);
#6383=ORIENTED_EDGE('',*,*,#4800,.T.);
#6384=ORIENTED_EDGE('',*,*,#4801,.F.);
#6385=ORIENTED_EDGE('',*,*,#4787,.F.);
#6386=ORIENTED_EDGE('',*,*,#4789,.F.);
#6387=ORIENTED_EDGE('',*,*,#4799,.F.);
#6388=ORIENTED_EDGE('',*,*,#4797,.F.);
#6389=ORIENTED_EDGE('',*,*,#4794,.F.);
#6390=ORIENTED_EDGE('',*,*,#4788,.T.);
#6391=ORIENTED_EDGE('',*,*,#4801,.T.);
#6392=ORIENTED_EDGE('',*,*,#4802,.T.);
#6393=ORIENTED_EDGE('',*,*,#4782,.T.);
#6394=ORIENTED_EDGE('',*,*,#4778,.F.);
#6395=ORIENTED_EDGE('',*,*,#4783,.F.);
#6396=ORIENTED_EDGE('',*,*,#4802,.F.);
#6397=ORIENTED_EDGE('',*,*,#4800,.F.);
#6398=ORIENTED_EDGE('',*,*,#4793,.F.);
#6399=ORIENTED_EDGE('',*,*,#4803,.T.);
#6400=ORIENTED_EDGE('',*,*,#4804,.T.);
#6401=ORIENTED_EDGE('',*,*,#4775,.F.);
#6402=ORIENTED_EDGE('',*,*,#4804,.F.);
#6403=ORIENTED_EDGE('',*,*,#4805,.F.);
#6404=ORIENTED_EDGE('',*,*,#4784,.T.);
#6405=ORIENTED_EDGE('',*,*,#4796,.F.);
#6406=ORIENTED_EDGE('',*,*,#4785,.T.);
#6407=ORIENTED_EDGE('',*,*,#4805,.T.);
#6408=ORIENTED_EDGE('',*,*,#4803,.F.);
#6409=ORIENTED_EDGE('',*,*,#4806,.T.);
#6410=ORIENTED_EDGE('',*,*,#4807,.T.);
#6411=ORIENTED_EDGE('',*,*,#4808,.T.);
#6412=ORIENTED_EDGE('',*,*,#4809,.F.);
#6413=ORIENTED_EDGE('',*,*,#4810,.T.);
#6414=ORIENTED_EDGE('',*,*,#4811,.T.);
#6415=ORIENTED_EDGE('',*,*,#4812,.T.);
#6416=ORIENTED_EDGE('',*,*,#4807,.F.);
#6417=ORIENTED_EDGE('',*,*,#4813,.T.);
#6418=ORIENTED_EDGE('',*,*,#4814,.T.);
#6419=ORIENTED_EDGE('',*,*,#4815,.T.);
#6420=ORIENTED_EDGE('',*,*,#4811,.F.);
#6421=ORIENTED_EDGE('',*,*,#4816,.T.);
#6422=ORIENTED_EDGE('',*,*,#4814,.F.);
#6423=ORIENTED_EDGE('',*,*,#4817,.T.);
#6424=ORIENTED_EDGE('',*,*,#4809,.T.);
#6425=ORIENTED_EDGE('',*,*,#4816,.F.);
#6426=ORIENTED_EDGE('',*,*,#4818,.F.);
#6427=ORIENTED_EDGE('',*,*,#4819,.F.);
#6428=ORIENTED_EDGE('',*,*,#4820,.T.);
#6429=ORIENTED_EDGE('',*,*,#4808,.F.);
#6430=ORIENTED_EDGE('',*,*,#4821,.F.);
#6431=ORIENTED_EDGE('',*,*,#4822,.F.);
#6432=ORIENTED_EDGE('',*,*,#4823,.F.);
#6433=ORIENTED_EDGE('',*,*,#4824,.T.);
#6434=ORIENTED_EDGE('',*,*,#4825,.F.);
#6435=ORIENTED_EDGE('',*,*,#4818,.T.);
#6436=ORIENTED_EDGE('',*,*,#4806,.F.);
#6437=ORIENTED_EDGE('',*,*,#4817,.F.);
#6438=ORIENTED_EDGE('',*,*,#4813,.F.);
#6439=ORIENTED_EDGE('',*,*,#4810,.F.);
#6440=ORIENTED_EDGE('',*,*,#4826,.T.);
#6441=ORIENTED_EDGE('',*,*,#4827,.T.);
#6442=ORIENTED_EDGE('',*,*,#4828,.T.);
#6443=ORIENTED_EDGE('',*,*,#4829,.F.);
#6444=ORIENTED_EDGE('',*,*,#4830,.T.);
#6445=ORIENTED_EDGE('',*,*,#4827,.F.);
#6446=ORIENTED_EDGE('',*,*,#4831,.T.);
#6447=ORIENTED_EDGE('',*,*,#4832,.T.);
#6448=ORIENTED_EDGE('',*,*,#4833,.T.);
#6449=ORIENTED_EDGE('',*,*,#4832,.F.);
#6450=ORIENTED_EDGE('',*,*,#4834,.T.);
#6451=ORIENTED_EDGE('',*,*,#4835,.T.);
#6452=ORIENTED_EDGE('',*,*,#4823,.T.);
#6453=ORIENTED_EDGE('',*,*,#4835,.F.);
#6454=ORIENTED_EDGE('',*,*,#4836,.T.);
#6455=ORIENTED_EDGE('',*,*,#4829,.T.);
#6456=ORIENTED_EDGE('',*,*,#4828,.F.);
#6457=ORIENTED_EDGE('',*,*,#4837,.T.);
#6458=ORIENTED_EDGE('',*,*,#4838,.F.);
#6459=ORIENTED_EDGE('',*,*,#4824,.F.);
#6460=ORIENTED_EDGE('',*,*,#4826,.F.);
#6461=ORIENTED_EDGE('',*,*,#4836,.F.);
#6462=ORIENTED_EDGE('',*,*,#4834,.F.);
#6463=ORIENTED_EDGE('',*,*,#4831,.F.);
#6464=ORIENTED_EDGE('',*,*,#4825,.T.);
#6465=ORIENTED_EDGE('',*,*,#4838,.T.);
#6466=ORIENTED_EDGE('',*,*,#4839,.T.);
#6467=ORIENTED_EDGE('',*,*,#4819,.T.);
#6468=ORIENTED_EDGE('',*,*,#4815,.F.);
#6469=ORIENTED_EDGE('',*,*,#4820,.F.);
#6470=ORIENTED_EDGE('',*,*,#4839,.F.);
#6471=ORIENTED_EDGE('',*,*,#4837,.F.);
#6472=ORIENTED_EDGE('',*,*,#4830,.F.);
#6473=ORIENTED_EDGE('',*,*,#4840,.T.);
#6474=ORIENTED_EDGE('',*,*,#4841,.T.);
#6475=ORIENTED_EDGE('',*,*,#4812,.F.);
#6476=ORIENTED_EDGE('',*,*,#4841,.F.);
#6477=ORIENTED_EDGE('',*,*,#4842,.F.);
#6478=ORIENTED_EDGE('',*,*,#4821,.T.);
#6479=ORIENTED_EDGE('',*,*,#4833,.F.);
#6480=ORIENTED_EDGE('',*,*,#4822,.T.);
#6481=ORIENTED_EDGE('',*,*,#4842,.T.);
#6482=ORIENTED_EDGE('',*,*,#4840,.F.);
#6483=ORIENTED_EDGE('',*,*,#4843,.T.);
#6484=ORIENTED_EDGE('',*,*,#4844,.T.);
#6485=ORIENTED_EDGE('',*,*,#4845,.T.);
#6486=ORIENTED_EDGE('',*,*,#4846,.F.);
#6487=ORIENTED_EDGE('',*,*,#4847,.T.);
#6488=ORIENTED_EDGE('',*,*,#4848,.T.);
#6489=ORIENTED_EDGE('',*,*,#4849,.T.);
#6490=ORIENTED_EDGE('',*,*,#4844,.F.);
#6491=ORIENTED_EDGE('',*,*,#4850,.T.);
#6492=ORIENTED_EDGE('',*,*,#4851,.T.);
#6493=ORIENTED_EDGE('',*,*,#4852,.T.);
#6494=ORIENTED_EDGE('',*,*,#4848,.F.);
#6495=ORIENTED_EDGE('',*,*,#4853,.T.);
#6496=ORIENTED_EDGE('',*,*,#4851,.F.);
#6497=ORIENTED_EDGE('',*,*,#4854,.T.);
#6498=ORIENTED_EDGE('',*,*,#4846,.T.);
#6499=ORIENTED_EDGE('',*,*,#4853,.F.);
#6500=ORIENTED_EDGE('',*,*,#4855,.F.);
#6501=ORIENTED_EDGE('',*,*,#4856,.F.);
#6502=ORIENTED_EDGE('',*,*,#4857,.T.);
#6503=ORIENTED_EDGE('',*,*,#4845,.F.);
#6504=ORIENTED_EDGE('',*,*,#4858,.F.);
#6505=ORIENTED_EDGE('',*,*,#4859,.F.);
#6506=ORIENTED_EDGE('',*,*,#4860,.F.);
#6507=ORIENTED_EDGE('',*,*,#4861,.T.);
#6508=ORIENTED_EDGE('',*,*,#4862,.F.);
#6509=ORIENTED_EDGE('',*,*,#4855,.T.);
#6510=ORIENTED_EDGE('',*,*,#4843,.F.);
#6511=ORIENTED_EDGE('',*,*,#4854,.F.);
#6512=ORIENTED_EDGE('',*,*,#4850,.F.);
#6513=ORIENTED_EDGE('',*,*,#4847,.F.);
#6514=ORIENTED_EDGE('',*,*,#4863,.T.);
#6515=ORIENTED_EDGE('',*,*,#4864,.T.);
#6516=ORIENTED_EDGE('',*,*,#4865,.T.);
#6517=ORIENTED_EDGE('',*,*,#4866,.F.);
#6518=ORIENTED_EDGE('',*,*,#4867,.T.);
#6519=ORIENTED_EDGE('',*,*,#4864,.F.);
#6520=ORIENTED_EDGE('',*,*,#4868,.T.);
#6521=ORIENTED_EDGE('',*,*,#4869,.T.);
#6522=ORIENTED_EDGE('',*,*,#4870,.T.);
#6523=ORIENTED_EDGE('',*,*,#4869,.F.);
#6524=ORIENTED_EDGE('',*,*,#4871,.T.);
#6525=ORIENTED_EDGE('',*,*,#4872,.T.);
#6526=ORIENTED_EDGE('',*,*,#4860,.T.);
#6527=ORIENTED_EDGE('',*,*,#4872,.F.);
#6528=ORIENTED_EDGE('',*,*,#4873,.T.);
#6529=ORIENTED_EDGE('',*,*,#4866,.T.);
#6530=ORIENTED_EDGE('',*,*,#4865,.F.);
#6531=ORIENTED_EDGE('',*,*,#4874,.T.);
#6532=ORIENTED_EDGE('',*,*,#4875,.F.);
#6533=ORIENTED_EDGE('',*,*,#4861,.F.);
#6534=ORIENTED_EDGE('',*,*,#4863,.F.);
#6535=ORIENTED_EDGE('',*,*,#4873,.F.);
#6536=ORIENTED_EDGE('',*,*,#4871,.F.);
#6537=ORIENTED_EDGE('',*,*,#4868,.F.);
#6538=ORIENTED_EDGE('',*,*,#4862,.T.);
#6539=ORIENTED_EDGE('',*,*,#4875,.T.);
#6540=ORIENTED_EDGE('',*,*,#4876,.T.);
#6541=ORIENTED_EDGE('',*,*,#4856,.T.);
#6542=ORIENTED_EDGE('',*,*,#4852,.F.);
#6543=ORIENTED_EDGE('',*,*,#4857,.F.);
#6544=ORIENTED_EDGE('',*,*,#4876,.F.);
#6545=ORIENTED_EDGE('',*,*,#4874,.F.);
#6546=ORIENTED_EDGE('',*,*,#4867,.F.);
#6547=ORIENTED_EDGE('',*,*,#4877,.T.);
#6548=ORIENTED_EDGE('',*,*,#4878,.T.);
#6549=ORIENTED_EDGE('',*,*,#4849,.F.);
#6550=ORIENTED_EDGE('',*,*,#4878,.F.);
#6551=ORIENTED_EDGE('',*,*,#4879,.F.);
#6552=ORIENTED_EDGE('',*,*,#4858,.T.);
#6553=ORIENTED_EDGE('',*,*,#4870,.F.);
#6554=ORIENTED_EDGE('',*,*,#4859,.T.);
#6555=ORIENTED_EDGE('',*,*,#4879,.T.);
#6556=ORIENTED_EDGE('',*,*,#4877,.F.);
#6557=ORIENTED_EDGE('',*,*,#4880,.T.);
#6558=ORIENTED_EDGE('',*,*,#4881,.T.);
#6559=ORIENTED_EDGE('',*,*,#4882,.T.);
#6560=ORIENTED_EDGE('',*,*,#4883,.F.);
#6561=ORIENTED_EDGE('',*,*,#4884,.T.);
#6562=ORIENTED_EDGE('',*,*,#4885,.T.);
#6563=ORIENTED_EDGE('',*,*,#4886,.T.);
#6564=ORIENTED_EDGE('',*,*,#4881,.F.);
#6565=ORIENTED_EDGE('',*,*,#4887,.T.);
#6566=ORIENTED_EDGE('',*,*,#4888,.T.);
#6567=ORIENTED_EDGE('',*,*,#4889,.T.);
#6568=ORIENTED_EDGE('',*,*,#4885,.F.);
#6569=ORIENTED_EDGE('',*,*,#4890,.T.);
#6570=ORIENTED_EDGE('',*,*,#4888,.F.);
#6571=ORIENTED_EDGE('',*,*,#4891,.T.);
#6572=ORIENTED_EDGE('',*,*,#4883,.T.);
#6573=ORIENTED_EDGE('',*,*,#4890,.F.);
#6574=ORIENTED_EDGE('',*,*,#4892,.F.);
#6575=ORIENTED_EDGE('',*,*,#4893,.F.);
#6576=ORIENTED_EDGE('',*,*,#4894,.T.);
#6577=ORIENTED_EDGE('',*,*,#4882,.F.);
#6578=ORIENTED_EDGE('',*,*,#4895,.F.);
#6579=ORIENTED_EDGE('',*,*,#4896,.F.);
#6580=ORIENTED_EDGE('',*,*,#4897,.F.);
#6581=ORIENTED_EDGE('',*,*,#4898,.T.);
#6582=ORIENTED_EDGE('',*,*,#4899,.F.);
#6583=ORIENTED_EDGE('',*,*,#4892,.T.);
#6584=ORIENTED_EDGE('',*,*,#4880,.F.);
#6585=ORIENTED_EDGE('',*,*,#4891,.F.);
#6586=ORIENTED_EDGE('',*,*,#4887,.F.);
#6587=ORIENTED_EDGE('',*,*,#4884,.F.);
#6588=ORIENTED_EDGE('',*,*,#4900,.T.);
#6589=ORIENTED_EDGE('',*,*,#4901,.T.);
#6590=ORIENTED_EDGE('',*,*,#4902,.T.);
#6591=ORIENTED_EDGE('',*,*,#4903,.F.);
#6592=ORIENTED_EDGE('',*,*,#4904,.T.);
#6593=ORIENTED_EDGE('',*,*,#4901,.F.);
#6594=ORIENTED_EDGE('',*,*,#4905,.T.);
#6595=ORIENTED_EDGE('',*,*,#4906,.T.);
#6596=ORIENTED_EDGE('',*,*,#4907,.T.);
#6597=ORIENTED_EDGE('',*,*,#4906,.F.);
#6598=ORIENTED_EDGE('',*,*,#4908,.T.);
#6599=ORIENTED_EDGE('',*,*,#4909,.T.);
#6600=ORIENTED_EDGE('',*,*,#4897,.T.);
#6601=ORIENTED_EDGE('',*,*,#4909,.F.);
#6602=ORIENTED_EDGE('',*,*,#4910,.T.);
#6603=ORIENTED_EDGE('',*,*,#4903,.T.);
#6604=ORIENTED_EDGE('',*,*,#4902,.F.);
#6605=ORIENTED_EDGE('',*,*,#4911,.T.);
#6606=ORIENTED_EDGE('',*,*,#4912,.F.);
#6607=ORIENTED_EDGE('',*,*,#4898,.F.);
#6608=ORIENTED_EDGE('',*,*,#4900,.F.);
#6609=ORIENTED_EDGE('',*,*,#4910,.F.);
#6610=ORIENTED_EDGE('',*,*,#4908,.F.);
#6611=ORIENTED_EDGE('',*,*,#4905,.F.);
#6612=ORIENTED_EDGE('',*,*,#4899,.T.);
#6613=ORIENTED_EDGE('',*,*,#4912,.T.);
#6614=ORIENTED_EDGE('',*,*,#4913,.T.);
#6615=ORIENTED_EDGE('',*,*,#4893,.T.);
#6616=ORIENTED_EDGE('',*,*,#4889,.F.);
#6617=ORIENTED_EDGE('',*,*,#4894,.F.);
#6618=ORIENTED_EDGE('',*,*,#4913,.F.);
#6619=ORIENTED_EDGE('',*,*,#4911,.F.);
#6620=ORIENTED_EDGE('',*,*,#4904,.F.);
#6621=ORIENTED_EDGE('',*,*,#4914,.T.);
#6622=ORIENTED_EDGE('',*,*,#4915,.T.);
#6623=ORIENTED_EDGE('',*,*,#4886,.F.);
#6624=ORIENTED_EDGE('',*,*,#4915,.F.);
#6625=ORIENTED_EDGE('',*,*,#4916,.F.);
#6626=ORIENTED_EDGE('',*,*,#4895,.T.);
#6627=ORIENTED_EDGE('',*,*,#4907,.F.);
#6628=ORIENTED_EDGE('',*,*,#4896,.T.);
#6629=ORIENTED_EDGE('',*,*,#4916,.T.);
#6630=ORIENTED_EDGE('',*,*,#4914,.F.);
#6631=ORIENTED_EDGE('',*,*,#4917,.T.);
#6632=ORIENTED_EDGE('',*,*,#4918,.T.);
#6633=ORIENTED_EDGE('',*,*,#4919,.T.);
#6634=ORIENTED_EDGE('',*,*,#4920,.F.);
#6635=ORIENTED_EDGE('',*,*,#4921,.T.);
#6636=ORIENTED_EDGE('',*,*,#4922,.T.);
#6637=ORIENTED_EDGE('',*,*,#4923,.T.);
#6638=ORIENTED_EDGE('',*,*,#4918,.F.);
#6639=ORIENTED_EDGE('',*,*,#4924,.T.);
#6640=ORIENTED_EDGE('',*,*,#4925,.T.);
#6641=ORIENTED_EDGE('',*,*,#4926,.T.);
#6642=ORIENTED_EDGE('',*,*,#4922,.F.);
#6643=ORIENTED_EDGE('',*,*,#4927,.T.);
#6644=ORIENTED_EDGE('',*,*,#4925,.F.);
#6645=ORIENTED_EDGE('',*,*,#4928,.T.);
#6646=ORIENTED_EDGE('',*,*,#4920,.T.);
#6647=ORIENTED_EDGE('',*,*,#4927,.F.);
#6648=ORIENTED_EDGE('',*,*,#4929,.F.);
#6649=ORIENTED_EDGE('',*,*,#4930,.F.);
#6650=ORIENTED_EDGE('',*,*,#4931,.T.);
#6651=ORIENTED_EDGE('',*,*,#4919,.F.);
#6652=ORIENTED_EDGE('',*,*,#4932,.F.);
#6653=ORIENTED_EDGE('',*,*,#4933,.F.);
#6654=ORIENTED_EDGE('',*,*,#4934,.F.);
#6655=ORIENTED_EDGE('',*,*,#4935,.T.);
#6656=ORIENTED_EDGE('',*,*,#4936,.F.);
#6657=ORIENTED_EDGE('',*,*,#4929,.T.);
#6658=ORIENTED_EDGE('',*,*,#4917,.F.);
#6659=ORIENTED_EDGE('',*,*,#4928,.F.);
#6660=ORIENTED_EDGE('',*,*,#4924,.F.);
#6661=ORIENTED_EDGE('',*,*,#4921,.F.);
#6662=ORIENTED_EDGE('',*,*,#4937,.T.);
#6663=ORIENTED_EDGE('',*,*,#4938,.T.);
#6664=ORIENTED_EDGE('',*,*,#4939,.T.);
#6665=ORIENTED_EDGE('',*,*,#4940,.F.);
#6666=ORIENTED_EDGE('',*,*,#4941,.T.);
#6667=ORIENTED_EDGE('',*,*,#4938,.F.);
#6668=ORIENTED_EDGE('',*,*,#4942,.T.);
#6669=ORIENTED_EDGE('',*,*,#4943,.T.);
#6670=ORIENTED_EDGE('',*,*,#4944,.T.);
#6671=ORIENTED_EDGE('',*,*,#4943,.F.);
#6672=ORIENTED_EDGE('',*,*,#4945,.T.);
#6673=ORIENTED_EDGE('',*,*,#4946,.T.);
#6674=ORIENTED_EDGE('',*,*,#4934,.T.);
#6675=ORIENTED_EDGE('',*,*,#4946,.F.);
#6676=ORIENTED_EDGE('',*,*,#4947,.T.);
#6677=ORIENTED_EDGE('',*,*,#4940,.T.);
#6678=ORIENTED_EDGE('',*,*,#4939,.F.);
#6679=ORIENTED_EDGE('',*,*,#4948,.T.);
#6680=ORIENTED_EDGE('',*,*,#4949,.F.);
#6681=ORIENTED_EDGE('',*,*,#4935,.F.);
#6682=ORIENTED_EDGE('',*,*,#4937,.F.);
#6683=ORIENTED_EDGE('',*,*,#4947,.F.);
#6684=ORIENTED_EDGE('',*,*,#4945,.F.);
#6685=ORIENTED_EDGE('',*,*,#4942,.F.);
#6686=ORIENTED_EDGE('',*,*,#4936,.T.);
#6687=ORIENTED_EDGE('',*,*,#4949,.T.);
#6688=ORIENTED_EDGE('',*,*,#4950,.T.);
#6689=ORIENTED_EDGE('',*,*,#4930,.T.);
#6690=ORIENTED_EDGE('',*,*,#4926,.F.);
#6691=ORIENTED_EDGE('',*,*,#4931,.F.);
#6692=ORIENTED_EDGE('',*,*,#4950,.F.);
#6693=ORIENTED_EDGE('',*,*,#4948,.F.);
#6694=ORIENTED_EDGE('',*,*,#4941,.F.);
#6695=ORIENTED_EDGE('',*,*,#4951,.T.);
#6696=ORIENTED_EDGE('',*,*,#4952,.T.);
#6697=ORIENTED_EDGE('',*,*,#4923,.F.);
#6698=ORIENTED_EDGE('',*,*,#4952,.F.);
#6699=ORIENTED_EDGE('',*,*,#4953,.F.);
#6700=ORIENTED_EDGE('',*,*,#4932,.T.);
#6701=ORIENTED_EDGE('',*,*,#4944,.F.);
#6702=ORIENTED_EDGE('',*,*,#4933,.T.);
#6703=ORIENTED_EDGE('',*,*,#4953,.T.);
#6704=ORIENTED_EDGE('',*,*,#4951,.F.);
#6705=ORIENTED_EDGE('',*,*,#4954,.T.);
#6706=ORIENTED_EDGE('',*,*,#4955,.T.);
#6707=ORIENTED_EDGE('',*,*,#4956,.T.);
#6708=ORIENTED_EDGE('',*,*,#4957,.F.);
#6709=ORIENTED_EDGE('',*,*,#4958,.T.);
#6710=ORIENTED_EDGE('',*,*,#4959,.T.);
#6711=ORIENTED_EDGE('',*,*,#4960,.T.);
#6712=ORIENTED_EDGE('',*,*,#4955,.F.);
#6713=ORIENTED_EDGE('',*,*,#4961,.T.);
#6714=ORIENTED_EDGE('',*,*,#4962,.T.);
#6715=ORIENTED_EDGE('',*,*,#4963,.T.);
#6716=ORIENTED_EDGE('',*,*,#4959,.F.);
#6717=ORIENTED_EDGE('',*,*,#4964,.T.);
#6718=ORIENTED_EDGE('',*,*,#4962,.F.);
#6719=ORIENTED_EDGE('',*,*,#4965,.T.);
#6720=ORIENTED_EDGE('',*,*,#4957,.T.);
#6721=ORIENTED_EDGE('',*,*,#4964,.F.);
#6722=ORIENTED_EDGE('',*,*,#4966,.F.);
#6723=ORIENTED_EDGE('',*,*,#4967,.F.);
#6724=ORIENTED_EDGE('',*,*,#4968,.T.);
#6725=ORIENTED_EDGE('',*,*,#4956,.F.);
#6726=ORIENTED_EDGE('',*,*,#4969,.F.);
#6727=ORIENTED_EDGE('',*,*,#4970,.F.);
#6728=ORIENTED_EDGE('',*,*,#4971,.F.);
#6729=ORIENTED_EDGE('',*,*,#4972,.T.);
#6730=ORIENTED_EDGE('',*,*,#4973,.F.);
#6731=ORIENTED_EDGE('',*,*,#4966,.T.);
#6732=ORIENTED_EDGE('',*,*,#4954,.F.);
#6733=ORIENTED_EDGE('',*,*,#4965,.F.);
#6734=ORIENTED_EDGE('',*,*,#4961,.F.);
#6735=ORIENTED_EDGE('',*,*,#4958,.F.);
#6736=ORIENTED_EDGE('',*,*,#4974,.T.);
#6737=ORIENTED_EDGE('',*,*,#4975,.T.);
#6738=ORIENTED_EDGE('',*,*,#4976,.T.);
#6739=ORIENTED_EDGE('',*,*,#4977,.F.);
#6740=ORIENTED_EDGE('',*,*,#4978,.T.);
#6741=ORIENTED_EDGE('',*,*,#4975,.F.);
#6742=ORIENTED_EDGE('',*,*,#4979,.T.);
#6743=ORIENTED_EDGE('',*,*,#4980,.T.);
#6744=ORIENTED_EDGE('',*,*,#4981,.T.);
#6745=ORIENTED_EDGE('',*,*,#4980,.F.);
#6746=ORIENTED_EDGE('',*,*,#4982,.T.);
#6747=ORIENTED_EDGE('',*,*,#4983,.T.);
#6748=ORIENTED_EDGE('',*,*,#4971,.T.);
#6749=ORIENTED_EDGE('',*,*,#4983,.F.);
#6750=ORIENTED_EDGE('',*,*,#4984,.T.);
#6751=ORIENTED_EDGE('',*,*,#4977,.T.);
#6752=ORIENTED_EDGE('',*,*,#4976,.F.);
#6753=ORIENTED_EDGE('',*,*,#4985,.T.);
#6754=ORIENTED_EDGE('',*,*,#4986,.F.);
#6755=ORIENTED_EDGE('',*,*,#4972,.F.);
#6756=ORIENTED_EDGE('',*,*,#4974,.F.);
#6757=ORIENTED_EDGE('',*,*,#4984,.F.);
#6758=ORIENTED_EDGE('',*,*,#4982,.F.);
#6759=ORIENTED_EDGE('',*,*,#4979,.F.);
#6760=ORIENTED_EDGE('',*,*,#4973,.T.);
#6761=ORIENTED_EDGE('',*,*,#4986,.T.);
#6762=ORIENTED_EDGE('',*,*,#4987,.T.);
#6763=ORIENTED_EDGE('',*,*,#4967,.T.);
#6764=ORIENTED_EDGE('',*,*,#4963,.F.);
#6765=ORIENTED_EDGE('',*,*,#4968,.F.);
#6766=ORIENTED_EDGE('',*,*,#4987,.F.);
#6767=ORIENTED_EDGE('',*,*,#4985,.F.);
#6768=ORIENTED_EDGE('',*,*,#4978,.F.);
#6769=ORIENTED_EDGE('',*,*,#4988,.T.);
#6770=ORIENTED_EDGE('',*,*,#4989,.T.);
#6771=ORIENTED_EDGE('',*,*,#4960,.F.);
#6772=ORIENTED_EDGE('',*,*,#4989,.F.);
#6773=ORIENTED_EDGE('',*,*,#4990,.F.);
#6774=ORIENTED_EDGE('',*,*,#4969,.T.);
#6775=ORIENTED_EDGE('',*,*,#4981,.F.);
#6776=ORIENTED_EDGE('',*,*,#4970,.T.);
#6777=ORIENTED_EDGE('',*,*,#4990,.T.);
#6778=ORIENTED_EDGE('',*,*,#4988,.F.);
#6779=ORIENTED_EDGE('',*,*,#4991,.T.);
#6780=ORIENTED_EDGE('',*,*,#4992,.T.);
#6781=ORIENTED_EDGE('',*,*,#4993,.T.);
#6782=ORIENTED_EDGE('',*,*,#4994,.F.);
#6783=ORIENTED_EDGE('',*,*,#4995,.T.);
#6784=ORIENTED_EDGE('',*,*,#4996,.T.);
#6785=ORIENTED_EDGE('',*,*,#4997,.T.);
#6786=ORIENTED_EDGE('',*,*,#4992,.F.);
#6787=ORIENTED_EDGE('',*,*,#4998,.T.);
#6788=ORIENTED_EDGE('',*,*,#4999,.T.);
#6789=ORIENTED_EDGE('',*,*,#5000,.T.);
#6790=ORIENTED_EDGE('',*,*,#4996,.F.);
#6791=ORIENTED_EDGE('',*,*,#5001,.T.);
#6792=ORIENTED_EDGE('',*,*,#4999,.F.);
#6793=ORIENTED_EDGE('',*,*,#5002,.T.);
#6794=ORIENTED_EDGE('',*,*,#4994,.T.);
#6795=ORIENTED_EDGE('',*,*,#5001,.F.);
#6796=ORIENTED_EDGE('',*,*,#5003,.F.);
#6797=ORIENTED_EDGE('',*,*,#5004,.F.);
#6798=ORIENTED_EDGE('',*,*,#5005,.T.);
#6799=ORIENTED_EDGE('',*,*,#4993,.F.);
#6800=ORIENTED_EDGE('',*,*,#5006,.F.);
#6801=ORIENTED_EDGE('',*,*,#5007,.F.);
#6802=ORIENTED_EDGE('',*,*,#5008,.F.);
#6803=ORIENTED_EDGE('',*,*,#5009,.T.);
#6804=ORIENTED_EDGE('',*,*,#5010,.F.);
#6805=ORIENTED_EDGE('',*,*,#5003,.T.);
#6806=ORIENTED_EDGE('',*,*,#4991,.F.);
#6807=ORIENTED_EDGE('',*,*,#5002,.F.);
#6808=ORIENTED_EDGE('',*,*,#4998,.F.);
#6809=ORIENTED_EDGE('',*,*,#4995,.F.);
#6810=ORIENTED_EDGE('',*,*,#5011,.T.);
#6811=ORIENTED_EDGE('',*,*,#5012,.T.);
#6812=ORIENTED_EDGE('',*,*,#5013,.T.);
#6813=ORIENTED_EDGE('',*,*,#5014,.F.);
#6814=ORIENTED_EDGE('',*,*,#5015,.T.);
#6815=ORIENTED_EDGE('',*,*,#5012,.F.);
#6816=ORIENTED_EDGE('',*,*,#5016,.T.);
#6817=ORIENTED_EDGE('',*,*,#5017,.T.);
#6818=ORIENTED_EDGE('',*,*,#5018,.T.);
#6819=ORIENTED_EDGE('',*,*,#5017,.F.);
#6820=ORIENTED_EDGE('',*,*,#5019,.T.);
#6821=ORIENTED_EDGE('',*,*,#5020,.T.);
#6822=ORIENTED_EDGE('',*,*,#5008,.T.);
#6823=ORIENTED_EDGE('',*,*,#5020,.F.);
#6824=ORIENTED_EDGE('',*,*,#5021,.T.);
#6825=ORIENTED_EDGE('',*,*,#5014,.T.);
#6826=ORIENTED_EDGE('',*,*,#5013,.F.);
#6827=ORIENTED_EDGE('',*,*,#5022,.T.);
#6828=ORIENTED_EDGE('',*,*,#5023,.F.);
#6829=ORIENTED_EDGE('',*,*,#5009,.F.);
#6830=ORIENTED_EDGE('',*,*,#5011,.F.);
#6831=ORIENTED_EDGE('',*,*,#5021,.F.);
#6832=ORIENTED_EDGE('',*,*,#5019,.F.);
#6833=ORIENTED_EDGE('',*,*,#5016,.F.);
#6834=ORIENTED_EDGE('',*,*,#5010,.T.);
#6835=ORIENTED_EDGE('',*,*,#5023,.T.);
#6836=ORIENTED_EDGE('',*,*,#5024,.T.);
#6837=ORIENTED_EDGE('',*,*,#5004,.T.);
#6838=ORIENTED_EDGE('',*,*,#5000,.F.);
#6839=ORIENTED_EDGE('',*,*,#5005,.F.);
#6840=ORIENTED_EDGE('',*,*,#5024,.F.);
#6841=ORIENTED_EDGE('',*,*,#5022,.F.);
#6842=ORIENTED_EDGE('',*,*,#5015,.F.);
#6843=ORIENTED_EDGE('',*,*,#5025,.T.);
#6844=ORIENTED_EDGE('',*,*,#5026,.T.);
#6845=ORIENTED_EDGE('',*,*,#4997,.F.);
#6846=ORIENTED_EDGE('',*,*,#5026,.F.);
#6847=ORIENTED_EDGE('',*,*,#5027,.F.);
#6848=ORIENTED_EDGE('',*,*,#5006,.T.);
#6849=ORIENTED_EDGE('',*,*,#5018,.F.);
#6850=ORIENTED_EDGE('',*,*,#5007,.T.);
#6851=ORIENTED_EDGE('',*,*,#5027,.T.);
#6852=ORIENTED_EDGE('',*,*,#5025,.F.);
#6853=ORIENTED_EDGE('',*,*,#5028,.T.);
#6854=ORIENTED_EDGE('',*,*,#5029,.T.);
#6855=ORIENTED_EDGE('',*,*,#5030,.T.);
#6856=ORIENTED_EDGE('',*,*,#5031,.F.);
#6857=ORIENTED_EDGE('',*,*,#5032,.T.);
#6858=ORIENTED_EDGE('',*,*,#5033,.T.);
#6859=ORIENTED_EDGE('',*,*,#5034,.T.);
#6860=ORIENTED_EDGE('',*,*,#5029,.F.);
#6861=ORIENTED_EDGE('',*,*,#5035,.T.);
#6862=ORIENTED_EDGE('',*,*,#5036,.T.);
#6863=ORIENTED_EDGE('',*,*,#5037,.T.);
#6864=ORIENTED_EDGE('',*,*,#5033,.F.);
#6865=ORIENTED_EDGE('',*,*,#5038,.T.);
#6866=ORIENTED_EDGE('',*,*,#5036,.F.);
#6867=ORIENTED_EDGE('',*,*,#5039,.T.);
#6868=ORIENTED_EDGE('',*,*,#5031,.T.);
#6869=ORIENTED_EDGE('',*,*,#5038,.F.);
#6870=ORIENTED_EDGE('',*,*,#5040,.F.);
#6871=ORIENTED_EDGE('',*,*,#5041,.F.);
#6872=ORIENTED_EDGE('',*,*,#5042,.T.);
#6873=ORIENTED_EDGE('',*,*,#5030,.F.);
#6874=ORIENTED_EDGE('',*,*,#5043,.F.);
#6875=ORIENTED_EDGE('',*,*,#5044,.F.);
#6876=ORIENTED_EDGE('',*,*,#5045,.F.);
#6877=ORIENTED_EDGE('',*,*,#5046,.T.);
#6878=ORIENTED_EDGE('',*,*,#5047,.F.);
#6879=ORIENTED_EDGE('',*,*,#5040,.T.);
#6880=ORIENTED_EDGE('',*,*,#5028,.F.);
#6881=ORIENTED_EDGE('',*,*,#5039,.F.);
#6882=ORIENTED_EDGE('',*,*,#5035,.F.);
#6883=ORIENTED_EDGE('',*,*,#5032,.F.);
#6884=ORIENTED_EDGE('',*,*,#5048,.T.);
#6885=ORIENTED_EDGE('',*,*,#5049,.T.);
#6886=ORIENTED_EDGE('',*,*,#5050,.T.);
#6887=ORIENTED_EDGE('',*,*,#5051,.F.);
#6888=ORIENTED_EDGE('',*,*,#5052,.T.);
#6889=ORIENTED_EDGE('',*,*,#5049,.F.);
#6890=ORIENTED_EDGE('',*,*,#5053,.T.);
#6891=ORIENTED_EDGE('',*,*,#5054,.T.);
#6892=ORIENTED_EDGE('',*,*,#5055,.T.);
#6893=ORIENTED_EDGE('',*,*,#5054,.F.);
#6894=ORIENTED_EDGE('',*,*,#5056,.T.);
#6895=ORIENTED_EDGE('',*,*,#5057,.T.);
#6896=ORIENTED_EDGE('',*,*,#5045,.T.);
#6897=ORIENTED_EDGE('',*,*,#5057,.F.);
#6898=ORIENTED_EDGE('',*,*,#5058,.T.);
#6899=ORIENTED_EDGE('',*,*,#5051,.T.);
#6900=ORIENTED_EDGE('',*,*,#5050,.F.);
#6901=ORIENTED_EDGE('',*,*,#5059,.T.);
#6902=ORIENTED_EDGE('',*,*,#5060,.F.);
#6903=ORIENTED_EDGE('',*,*,#5046,.F.);
#6904=ORIENTED_EDGE('',*,*,#5048,.F.);
#6905=ORIENTED_EDGE('',*,*,#5058,.F.);
#6906=ORIENTED_EDGE('',*,*,#5056,.F.);
#6907=ORIENTED_EDGE('',*,*,#5053,.F.);
#6908=ORIENTED_EDGE('',*,*,#5047,.T.);
#6909=ORIENTED_EDGE('',*,*,#5060,.T.);
#6910=ORIENTED_EDGE('',*,*,#5061,.T.);
#6911=ORIENTED_EDGE('',*,*,#5041,.T.);
#6912=ORIENTED_EDGE('',*,*,#5037,.F.);
#6913=ORIENTED_EDGE('',*,*,#5042,.F.);
#6914=ORIENTED_EDGE('',*,*,#5061,.F.);
#6915=ORIENTED_EDGE('',*,*,#5059,.F.);
#6916=ORIENTED_EDGE('',*,*,#5052,.F.);
#6917=ORIENTED_EDGE('',*,*,#5062,.T.);
#6918=ORIENTED_EDGE('',*,*,#5063,.T.);
#6919=ORIENTED_EDGE('',*,*,#5034,.F.);
#6920=ORIENTED_EDGE('',*,*,#5063,.F.);
#6921=ORIENTED_EDGE('',*,*,#5064,.F.);
#6922=ORIENTED_EDGE('',*,*,#5043,.T.);
#6923=ORIENTED_EDGE('',*,*,#5055,.F.);
#6924=ORIENTED_EDGE('',*,*,#5044,.T.);
#6925=ORIENTED_EDGE('',*,*,#5064,.T.);
#6926=ORIENTED_EDGE('',*,*,#5062,.F.);
#6927=ORIENTED_EDGE('',*,*,#5065,.T.);
#6928=ORIENTED_EDGE('',*,*,#5066,.T.);
#6929=ORIENTED_EDGE('',*,*,#5067,.T.);
#6930=ORIENTED_EDGE('',*,*,#5068,.T.);
#6931=ORIENTED_EDGE('',*,*,#5065,.F.);
#6932=ORIENTED_EDGE('',*,*,#5069,.T.);
#6933=ORIENTED_EDGE('',*,*,#5070,.F.);
#6934=ORIENTED_EDGE('',*,*,#5071,.F.);
#6935=ORIENTED_EDGE('',*,*,#5072,.F.);
#6936=ORIENTED_EDGE('',*,*,#5073,.F.);
#6937=ORIENTED_EDGE('',*,*,#5074,.F.);
#6938=ORIENTED_EDGE('',*,*,#5075,.T.);
#6939=ORIENTED_EDGE('',*,*,#5068,.F.);
#6940=ORIENTED_EDGE('',*,*,#5076,.T.);
#6941=ORIENTED_EDGE('',*,*,#5077,.F.);
#6942=ORIENTED_EDGE('',*,*,#5069,.F.);
#6943=ORIENTED_EDGE('',*,*,#5072,.T.);
#6944=ORIENTED_EDGE('',*,*,#5078,.T.);
#6945=ORIENTED_EDGE('',*,*,#5079,.T.);
#6946=ORIENTED_EDGE('',*,*,#5080,.T.);
#6947=ORIENTED_EDGE('',*,*,#5078,.F.);
#6948=ORIENTED_EDGE('',*,*,#5071,.T.);
#6949=ORIENTED_EDGE('',*,*,#5081,.F.);
#6950=ORIENTED_EDGE('',*,*,#5082,.F.);
#6951=ORIENTED_EDGE('',*,*,#5083,.T.);
#6952=ORIENTED_EDGE('',*,*,#5084,.T.);
#6953=ORIENTED_EDGE('',*,*,#5070,.T.);
#6954=ORIENTED_EDGE('',*,*,#5085,.F.);
#6955=ORIENTED_EDGE('',*,*,#5086,.T.);
#6956=ORIENTED_EDGE('',*,*,#5087,.T.);
#6957=ORIENTED_EDGE('',*,*,#5081,.T.);
#6958=ORIENTED_EDGE('',*,*,#5084,.F.);
#6959=ORIENTED_EDGE('',*,*,#5088,.T.);
#6960=ORIENTED_EDGE('',*,*,#5089,.T.);
#6961=ORIENTED_EDGE('',*,*,#5090,.T.);
#6962=ORIENTED_EDGE('',*,*,#5087,.F.);
#6963=ORIENTED_EDGE('',*,*,#5077,.T.);
#6964=ORIENTED_EDGE('',*,*,#5089,.F.);
#6965=ORIENTED_EDGE('',*,*,#5091,.T.);
#6966=ORIENTED_EDGE('',*,*,#5085,.T.);
#6967=ORIENTED_EDGE('',*,*,#5083,.F.);
#6968=ORIENTED_EDGE('',*,*,#5091,.F.);
#6969=ORIENTED_EDGE('',*,*,#5088,.F.);
#6970=ORIENTED_EDGE('',*,*,#5086,.F.);
#6971=ORIENTED_EDGE('',*,*,#5092,.T.);
#6972=ORIENTED_EDGE('',*,*,#5093,.T.);
#6973=ORIENTED_EDGE('',*,*,#5094,.T.);
#6974=ORIENTED_EDGE('',*,*,#5095,.F.);
#6975=ORIENTED_EDGE('',*,*,#5096,.T.);
#6976=ORIENTED_EDGE('',*,*,#5093,.F.);
#6977=ORIENTED_EDGE('',*,*,#5097,.T.);
#6978=ORIENTED_EDGE('',*,*,#5098,.T.);
#6979=ORIENTED_EDGE('',*,*,#5099,.T.);
#6980=ORIENTED_EDGE('',*,*,#5098,.F.);
#6981=ORIENTED_EDGE('',*,*,#5100,.T.);
#6982=ORIENTED_EDGE('',*,*,#5101,.T.);
#6983=ORIENTED_EDGE('',*,*,#5074,.T.);
#6984=ORIENTED_EDGE('',*,*,#5101,.F.);
#6985=ORIENTED_EDGE('',*,*,#5102,.T.);
#6986=ORIENTED_EDGE('',*,*,#5095,.T.);
#6987=ORIENTED_EDGE('',*,*,#5066,.F.);
#6988=ORIENTED_EDGE('',*,*,#5075,.F.);
#6989=ORIENTED_EDGE('',*,*,#5094,.F.);
#6990=ORIENTED_EDGE('',*,*,#5103,.T.);
#6991=ORIENTED_EDGE('',*,*,#5092,.F.);
#6992=ORIENTED_EDGE('',*,*,#5102,.F.);
#6993=ORIENTED_EDGE('',*,*,#5100,.F.);
#6994=ORIENTED_EDGE('',*,*,#5097,.F.);
#6995=ORIENTED_EDGE('',*,*,#5067,.F.);
#6996=ORIENTED_EDGE('',*,*,#5103,.F.);
#6997=ORIENTED_EDGE('',*,*,#5096,.F.);
#6998=ORIENTED_EDGE('',*,*,#5104,.T.);
#6999=ORIENTED_EDGE('',*,*,#5079,.F.);
#7000=ORIENTED_EDGE('',*,*,#5082,.T.);
#7001=ORIENTED_EDGE('',*,*,#5090,.F.);
#7002=ORIENTED_EDGE('',*,*,#5076,.F.);
#7003=ORIENTED_EDGE('',*,*,#5080,.F.);
#7004=ORIENTED_EDGE('',*,*,#5104,.F.);
#7005=ORIENTED_EDGE('',*,*,#5099,.F.);
#7006=ORIENTED_EDGE('',*,*,#5073,.T.);
#7007=ORIENTED_EDGE('',*,*,#5105,.T.);
#7008=ORIENTED_EDGE('',*,*,#5106,.T.);
#7009=ORIENTED_EDGE('',*,*,#5107,.T.);
#7010=ORIENTED_EDGE('',*,*,#5108,.T.);
#7011=ORIENTED_EDGE('',*,*,#5105,.F.);
#7012=ORIENTED_EDGE('',*,*,#5109,.T.);
#7013=ORIENTED_EDGE('',*,*,#5110,.F.);
#7014=ORIENTED_EDGE('',*,*,#5111,.F.);
#7015=ORIENTED_EDGE('',*,*,#5112,.F.);
#7016=ORIENTED_EDGE('',*,*,#5113,.F.);
#7017=ORIENTED_EDGE('',*,*,#5114,.F.);
#7018=ORIENTED_EDGE('',*,*,#5115,.T.);
#7019=ORIENTED_EDGE('',*,*,#5108,.F.);
#7020=ORIENTED_EDGE('',*,*,#5116,.T.);
#7021=ORIENTED_EDGE('',*,*,#5117,.F.);
#7022=ORIENTED_EDGE('',*,*,#5109,.F.);
#7023=ORIENTED_EDGE('',*,*,#5112,.T.);
#7024=ORIENTED_EDGE('',*,*,#5118,.T.);
#7025=ORIENTED_EDGE('',*,*,#5119,.T.);
#7026=ORIENTED_EDGE('',*,*,#5120,.T.);
#7027=ORIENTED_EDGE('',*,*,#5118,.F.);
#7028=ORIENTED_EDGE('',*,*,#5111,.T.);
#7029=ORIENTED_EDGE('',*,*,#5121,.F.);
#7030=ORIENTED_EDGE('',*,*,#5122,.F.);
#7031=ORIENTED_EDGE('',*,*,#5123,.T.);
#7032=ORIENTED_EDGE('',*,*,#5124,.T.);
#7033=ORIENTED_EDGE('',*,*,#5110,.T.);
#7034=ORIENTED_EDGE('',*,*,#5125,.F.);
#7035=ORIENTED_EDGE('',*,*,#5126,.T.);
#7036=ORIENTED_EDGE('',*,*,#5127,.T.);
#7037=ORIENTED_EDGE('',*,*,#5121,.T.);
#7038=ORIENTED_EDGE('',*,*,#5124,.F.);
#7039=ORIENTED_EDGE('',*,*,#5128,.T.);
#7040=ORIENTED_EDGE('',*,*,#5129,.T.);
#7041=ORIENTED_EDGE('',*,*,#5130,.T.);
#7042=ORIENTED_EDGE('',*,*,#5127,.F.);
#7043=ORIENTED_EDGE('',*,*,#5117,.T.);
#7044=ORIENTED_EDGE('',*,*,#5129,.F.);
#7045=ORIENTED_EDGE('',*,*,#5131,.T.);
#7046=ORIENTED_EDGE('',*,*,#5125,.T.);
#7047=ORIENTED_EDGE('',*,*,#5123,.F.);
#7048=ORIENTED_EDGE('',*,*,#5131,.F.);
#7049=ORIENTED_EDGE('',*,*,#5128,.F.);
#7050=ORIENTED_EDGE('',*,*,#5126,.F.);
#7051=ORIENTED_EDGE('',*,*,#5132,.T.);
#7052=ORIENTED_EDGE('',*,*,#5133,.T.);
#7053=ORIENTED_EDGE('',*,*,#5134,.T.);
#7054=ORIENTED_EDGE('',*,*,#5135,.F.);
#7055=ORIENTED_EDGE('',*,*,#5136,.T.);
#7056=ORIENTED_EDGE('',*,*,#5133,.F.);
#7057=ORIENTED_EDGE('',*,*,#5137,.T.);
#7058=ORIENTED_EDGE('',*,*,#5138,.T.);
#7059=ORIENTED_EDGE('',*,*,#5139,.T.);
#7060=ORIENTED_EDGE('',*,*,#5138,.F.);
#7061=ORIENTED_EDGE('',*,*,#5140,.T.);
#7062=ORIENTED_EDGE('',*,*,#5141,.T.);
#7063=ORIENTED_EDGE('',*,*,#5114,.T.);
#7064=ORIENTED_EDGE('',*,*,#5141,.F.);
#7065=ORIENTED_EDGE('',*,*,#5142,.T.);
#7066=ORIENTED_EDGE('',*,*,#5135,.T.);
#7067=ORIENTED_EDGE('',*,*,#5106,.F.);
#7068=ORIENTED_EDGE('',*,*,#5115,.F.);
#7069=ORIENTED_EDGE('',*,*,#5134,.F.);
#7070=ORIENTED_EDGE('',*,*,#5143,.T.);
#7071=ORIENTED_EDGE('',*,*,#5132,.F.);
#7072=ORIENTED_EDGE('',*,*,#5142,.F.);
#7073=ORIENTED_EDGE('',*,*,#5140,.F.);
#7074=ORIENTED_EDGE('',*,*,#5137,.F.);
#7075=ORIENTED_EDGE('',*,*,#5107,.F.);
#7076=ORIENTED_EDGE('',*,*,#5143,.F.);
#7077=ORIENTED_EDGE('',*,*,#5136,.F.);
#7078=ORIENTED_EDGE('',*,*,#5144,.T.);
#7079=ORIENTED_EDGE('',*,*,#5119,.F.);
#7080=ORIENTED_EDGE('',*,*,#5122,.T.);
#7081=ORIENTED_EDGE('',*,*,#5130,.F.);
#7082=ORIENTED_EDGE('',*,*,#5116,.F.);
#7083=ORIENTED_EDGE('',*,*,#5120,.F.);
#7084=ORIENTED_EDGE('',*,*,#5144,.F.);
#7085=ORIENTED_EDGE('',*,*,#5139,.F.);
#7086=ORIENTED_EDGE('',*,*,#5113,.T.);
#7087=ORIENTED_EDGE('',*,*,#5145,.T.);
#7088=ORIENTED_EDGE('',*,*,#5146,.T.);
#7089=ORIENTED_EDGE('',*,*,#5147,.T.);
#7090=ORIENTED_EDGE('',*,*,#5148,.T.);
#7091=ORIENTED_EDGE('',*,*,#5145,.F.);
#7092=ORIENTED_EDGE('',*,*,#5149,.T.);
#7093=ORIENTED_EDGE('',*,*,#5150,.F.);
#7094=ORIENTED_EDGE('',*,*,#5151,.F.);
#7095=ORIENTED_EDGE('',*,*,#5152,.F.);
#7096=ORIENTED_EDGE('',*,*,#5153,.F.);
#7097=ORIENTED_EDGE('',*,*,#5154,.F.);
#7098=ORIENTED_EDGE('',*,*,#5155,.T.);
#7099=ORIENTED_EDGE('',*,*,#5148,.F.);
#7100=ORIENTED_EDGE('',*,*,#5156,.T.);
#7101=ORIENTED_EDGE('',*,*,#5157,.F.);
#7102=ORIENTED_EDGE('',*,*,#5149,.F.);
#7103=ORIENTED_EDGE('',*,*,#5152,.T.);
#7104=ORIENTED_EDGE('',*,*,#5158,.T.);
#7105=ORIENTED_EDGE('',*,*,#5159,.T.);
#7106=ORIENTED_EDGE('',*,*,#5160,.T.);
#7107=ORIENTED_EDGE('',*,*,#5158,.F.);
#7108=ORIENTED_EDGE('',*,*,#5151,.T.);
#7109=ORIENTED_EDGE('',*,*,#5161,.F.);
#7110=ORIENTED_EDGE('',*,*,#5162,.F.);
#7111=ORIENTED_EDGE('',*,*,#5163,.T.);
#7112=ORIENTED_EDGE('',*,*,#5164,.T.);
#7113=ORIENTED_EDGE('',*,*,#5150,.T.);
#7114=ORIENTED_EDGE('',*,*,#5165,.F.);
#7115=ORIENTED_EDGE('',*,*,#5166,.T.);
#7116=ORIENTED_EDGE('',*,*,#5167,.T.);
#7117=ORIENTED_EDGE('',*,*,#5161,.T.);
#7118=ORIENTED_EDGE('',*,*,#5164,.F.);
#7119=ORIENTED_EDGE('',*,*,#5168,.T.);
#7120=ORIENTED_EDGE('',*,*,#5169,.T.);
#7121=ORIENTED_EDGE('',*,*,#5170,.T.);
#7122=ORIENTED_EDGE('',*,*,#5167,.F.);
#7123=ORIENTED_EDGE('',*,*,#5157,.T.);
#7124=ORIENTED_EDGE('',*,*,#5169,.F.);
#7125=ORIENTED_EDGE('',*,*,#5171,.T.);
#7126=ORIENTED_EDGE('',*,*,#5165,.T.);
#7127=ORIENTED_EDGE('',*,*,#5163,.F.);
#7128=ORIENTED_EDGE('',*,*,#5171,.F.);
#7129=ORIENTED_EDGE('',*,*,#5168,.F.);
#7130=ORIENTED_EDGE('',*,*,#5166,.F.);
#7131=ORIENTED_EDGE('',*,*,#5172,.T.);
#7132=ORIENTED_EDGE('',*,*,#5173,.T.);
#7133=ORIENTED_EDGE('',*,*,#5174,.T.);
#7134=ORIENTED_EDGE('',*,*,#5175,.F.);
#7135=ORIENTED_EDGE('',*,*,#5176,.T.);
#7136=ORIENTED_EDGE('',*,*,#5173,.F.);
#7137=ORIENTED_EDGE('',*,*,#5177,.T.);
#7138=ORIENTED_EDGE('',*,*,#5178,.T.);
#7139=ORIENTED_EDGE('',*,*,#5179,.T.);
#7140=ORIENTED_EDGE('',*,*,#5178,.F.);
#7141=ORIENTED_EDGE('',*,*,#5180,.T.);
#7142=ORIENTED_EDGE('',*,*,#5181,.T.);
#7143=ORIENTED_EDGE('',*,*,#5154,.T.);
#7144=ORIENTED_EDGE('',*,*,#5181,.F.);
#7145=ORIENTED_EDGE('',*,*,#5182,.T.);
#7146=ORIENTED_EDGE('',*,*,#5175,.T.);
#7147=ORIENTED_EDGE('',*,*,#5146,.F.);
#7148=ORIENTED_EDGE('',*,*,#5155,.F.);
#7149=ORIENTED_EDGE('',*,*,#5174,.F.);
#7150=ORIENTED_EDGE('',*,*,#5183,.T.);
#7151=ORIENTED_EDGE('',*,*,#5172,.F.);
#7152=ORIENTED_EDGE('',*,*,#5182,.F.);
#7153=ORIENTED_EDGE('',*,*,#5180,.F.);
#7154=ORIENTED_EDGE('',*,*,#5177,.F.);
#7155=ORIENTED_EDGE('',*,*,#5147,.F.);
#7156=ORIENTED_EDGE('',*,*,#5183,.F.);
#7157=ORIENTED_EDGE('',*,*,#5176,.F.);
#7158=ORIENTED_EDGE('',*,*,#5184,.T.);
#7159=ORIENTED_EDGE('',*,*,#5159,.F.);
#7160=ORIENTED_EDGE('',*,*,#5162,.T.);
#7161=ORIENTED_EDGE('',*,*,#5170,.F.);
#7162=ORIENTED_EDGE('',*,*,#5156,.F.);
#7163=ORIENTED_EDGE('',*,*,#5160,.F.);
#7164=ORIENTED_EDGE('',*,*,#5184,.F.);
#7165=ORIENTED_EDGE('',*,*,#5179,.F.);
#7166=ORIENTED_EDGE('',*,*,#5153,.T.);
#7167=ORIENTED_EDGE('',*,*,#5185,.T.);
#7168=ORIENTED_EDGE('',*,*,#5186,.T.);
#7169=ORIENTED_EDGE('',*,*,#5187,.T.);
#7170=ORIENTED_EDGE('',*,*,#5188,.T.);
#7171=ORIENTED_EDGE('',*,*,#5185,.F.);
#7172=ORIENTED_EDGE('',*,*,#5189,.T.);
#7173=ORIENTED_EDGE('',*,*,#5190,.F.);
#7174=ORIENTED_EDGE('',*,*,#5191,.F.);
#7175=ORIENTED_EDGE('',*,*,#5192,.F.);
#7176=ORIENTED_EDGE('',*,*,#5193,.F.);
#7177=ORIENTED_EDGE('',*,*,#5194,.F.);
#7178=ORIENTED_EDGE('',*,*,#5195,.T.);
#7179=ORIENTED_EDGE('',*,*,#5188,.F.);
#7180=ORIENTED_EDGE('',*,*,#5196,.T.);
#7181=ORIENTED_EDGE('',*,*,#5197,.F.);
#7182=ORIENTED_EDGE('',*,*,#5189,.F.);
#7183=ORIENTED_EDGE('',*,*,#5192,.T.);
#7184=ORIENTED_EDGE('',*,*,#5198,.T.);
#7185=ORIENTED_EDGE('',*,*,#5199,.T.);
#7186=ORIENTED_EDGE('',*,*,#5200,.T.);
#7187=ORIENTED_EDGE('',*,*,#5198,.F.);
#7188=ORIENTED_EDGE('',*,*,#5191,.T.);
#7189=ORIENTED_EDGE('',*,*,#5201,.F.);
#7190=ORIENTED_EDGE('',*,*,#5202,.F.);
#7191=ORIENTED_EDGE('',*,*,#5203,.T.);
#7192=ORIENTED_EDGE('',*,*,#5204,.T.);
#7193=ORIENTED_EDGE('',*,*,#5190,.T.);
#7194=ORIENTED_EDGE('',*,*,#5205,.F.);
#7195=ORIENTED_EDGE('',*,*,#5206,.T.);
#7196=ORIENTED_EDGE('',*,*,#5207,.T.);
#7197=ORIENTED_EDGE('',*,*,#5201,.T.);
#7198=ORIENTED_EDGE('',*,*,#5204,.F.);
#7199=ORIENTED_EDGE('',*,*,#5208,.T.);
#7200=ORIENTED_EDGE('',*,*,#5209,.T.);
#7201=ORIENTED_EDGE('',*,*,#5210,.T.);
#7202=ORIENTED_EDGE('',*,*,#5207,.F.);
#7203=ORIENTED_EDGE('',*,*,#5197,.T.);
#7204=ORIENTED_EDGE('',*,*,#5209,.F.);
#7205=ORIENTED_EDGE('',*,*,#5211,.T.);
#7206=ORIENTED_EDGE('',*,*,#5205,.T.);
#7207=ORIENTED_EDGE('',*,*,#5203,.F.);
#7208=ORIENTED_EDGE('',*,*,#5211,.F.);
#7209=ORIENTED_EDGE('',*,*,#5208,.F.);
#7210=ORIENTED_EDGE('',*,*,#5206,.F.);
#7211=ORIENTED_EDGE('',*,*,#5212,.T.);
#7212=ORIENTED_EDGE('',*,*,#5213,.T.);
#7213=ORIENTED_EDGE('',*,*,#5214,.T.);
#7214=ORIENTED_EDGE('',*,*,#5215,.F.);
#7215=ORIENTED_EDGE('',*,*,#5216,.T.);
#7216=ORIENTED_EDGE('',*,*,#5213,.F.);
#7217=ORIENTED_EDGE('',*,*,#5217,.T.);
#7218=ORIENTED_EDGE('',*,*,#5218,.T.);
#7219=ORIENTED_EDGE('',*,*,#5219,.T.);
#7220=ORIENTED_EDGE('',*,*,#5218,.F.);
#7221=ORIENTED_EDGE('',*,*,#5220,.T.);
#7222=ORIENTED_EDGE('',*,*,#5221,.T.);
#7223=ORIENTED_EDGE('',*,*,#5194,.T.);
#7224=ORIENTED_EDGE('',*,*,#5221,.F.);
#7225=ORIENTED_EDGE('',*,*,#5222,.T.);
#7226=ORIENTED_EDGE('',*,*,#5215,.T.);
#7227=ORIENTED_EDGE('',*,*,#5186,.F.);
#7228=ORIENTED_EDGE('',*,*,#5195,.F.);
#7229=ORIENTED_EDGE('',*,*,#5214,.F.);
#7230=ORIENTED_EDGE('',*,*,#5223,.T.);
#7231=ORIENTED_EDGE('',*,*,#5212,.F.);
#7232=ORIENTED_EDGE('',*,*,#5222,.F.);
#7233=ORIENTED_EDGE('',*,*,#5220,.F.);
#7234=ORIENTED_EDGE('',*,*,#5217,.F.);
#7235=ORIENTED_EDGE('',*,*,#5187,.F.);
#7236=ORIENTED_EDGE('',*,*,#5223,.F.);
#7237=ORIENTED_EDGE('',*,*,#5216,.F.);
#7238=ORIENTED_EDGE('',*,*,#5224,.T.);
#7239=ORIENTED_EDGE('',*,*,#5199,.F.);
#7240=ORIENTED_EDGE('',*,*,#5202,.T.);
#7241=ORIENTED_EDGE('',*,*,#5210,.F.);
#7242=ORIENTED_EDGE('',*,*,#5196,.F.);
#7243=ORIENTED_EDGE('',*,*,#5200,.F.);
#7244=ORIENTED_EDGE('',*,*,#5224,.F.);
#7245=ORIENTED_EDGE('',*,*,#5219,.F.);
#7246=ORIENTED_EDGE('',*,*,#5193,.T.);
#7247=ORIENTED_EDGE('',*,*,#5225,.T.);
#7248=ORIENTED_EDGE('',*,*,#5226,.T.);
#7249=ORIENTED_EDGE('',*,*,#5227,.T.);
#7250=ORIENTED_EDGE('',*,*,#5228,.T.);
#7251=ORIENTED_EDGE('',*,*,#5225,.F.);
#7252=ORIENTED_EDGE('',*,*,#5229,.T.);
#7253=ORIENTED_EDGE('',*,*,#5230,.F.);
#7254=ORIENTED_EDGE('',*,*,#5231,.F.);
#7255=ORIENTED_EDGE('',*,*,#5232,.F.);
#7256=ORIENTED_EDGE('',*,*,#5233,.F.);
#7257=ORIENTED_EDGE('',*,*,#5234,.F.);
#7258=ORIENTED_EDGE('',*,*,#5235,.T.);
#7259=ORIENTED_EDGE('',*,*,#5228,.F.);
#7260=ORIENTED_EDGE('',*,*,#5236,.T.);
#7261=ORIENTED_EDGE('',*,*,#5237,.F.);
#7262=ORIENTED_EDGE('',*,*,#5229,.F.);
#7263=ORIENTED_EDGE('',*,*,#5232,.T.);
#7264=ORIENTED_EDGE('',*,*,#5238,.T.);
#7265=ORIENTED_EDGE('',*,*,#5239,.T.);
#7266=ORIENTED_EDGE('',*,*,#5240,.T.);
#7267=ORIENTED_EDGE('',*,*,#5238,.F.);
#7268=ORIENTED_EDGE('',*,*,#5231,.T.);
#7269=ORIENTED_EDGE('',*,*,#5241,.F.);
#7270=ORIENTED_EDGE('',*,*,#5242,.F.);
#7271=ORIENTED_EDGE('',*,*,#5243,.T.);
#7272=ORIENTED_EDGE('',*,*,#5244,.T.);
#7273=ORIENTED_EDGE('',*,*,#5230,.T.);
#7274=ORIENTED_EDGE('',*,*,#5245,.F.);
#7275=ORIENTED_EDGE('',*,*,#5246,.T.);
#7276=ORIENTED_EDGE('',*,*,#5247,.T.);
#7277=ORIENTED_EDGE('',*,*,#5241,.T.);
#7278=ORIENTED_EDGE('',*,*,#5244,.F.);
#7279=ORIENTED_EDGE('',*,*,#5248,.T.);
#7280=ORIENTED_EDGE('',*,*,#5249,.T.);
#7281=ORIENTED_EDGE('',*,*,#5250,.T.);
#7282=ORIENTED_EDGE('',*,*,#5247,.F.);
#7283=ORIENTED_EDGE('',*,*,#5237,.T.);
#7284=ORIENTED_EDGE('',*,*,#5249,.F.);
#7285=ORIENTED_EDGE('',*,*,#5251,.T.);
#7286=ORIENTED_EDGE('',*,*,#5245,.T.);
#7287=ORIENTED_EDGE('',*,*,#5243,.F.);
#7288=ORIENTED_EDGE('',*,*,#5251,.F.);
#7289=ORIENTED_EDGE('',*,*,#5248,.F.);
#7290=ORIENTED_EDGE('',*,*,#5246,.F.);
#7291=ORIENTED_EDGE('',*,*,#5252,.T.);
#7292=ORIENTED_EDGE('',*,*,#5253,.T.);
#7293=ORIENTED_EDGE('',*,*,#5254,.T.);
#7294=ORIENTED_EDGE('',*,*,#5255,.F.);
#7295=ORIENTED_EDGE('',*,*,#5256,.T.);
#7296=ORIENTED_EDGE('',*,*,#5253,.F.);
#7297=ORIENTED_EDGE('',*,*,#5257,.T.);
#7298=ORIENTED_EDGE('',*,*,#5258,.T.);
#7299=ORIENTED_EDGE('',*,*,#5259,.T.);
#7300=ORIENTED_EDGE('',*,*,#5258,.F.);
#7301=ORIENTED_EDGE('',*,*,#5260,.T.);
#7302=ORIENTED_EDGE('',*,*,#5261,.T.);
#7303=ORIENTED_EDGE('',*,*,#5234,.T.);
#7304=ORIENTED_EDGE('',*,*,#5261,.F.);
#7305=ORIENTED_EDGE('',*,*,#5262,.T.);
#7306=ORIENTED_EDGE('',*,*,#5255,.T.);
#7307=ORIENTED_EDGE('',*,*,#5226,.F.);
#7308=ORIENTED_EDGE('',*,*,#5235,.F.);
#7309=ORIENTED_EDGE('',*,*,#5254,.F.);
#7310=ORIENTED_EDGE('',*,*,#5263,.T.);
#7311=ORIENTED_EDGE('',*,*,#5252,.F.);
#7312=ORIENTED_EDGE('',*,*,#5262,.F.);
#7313=ORIENTED_EDGE('',*,*,#5260,.F.);
#7314=ORIENTED_EDGE('',*,*,#5257,.F.);
#7315=ORIENTED_EDGE('',*,*,#5227,.F.);
#7316=ORIENTED_EDGE('',*,*,#5263,.F.);
#7317=ORIENTED_EDGE('',*,*,#5256,.F.);
#7318=ORIENTED_EDGE('',*,*,#5264,.T.);
#7319=ORIENTED_EDGE('',*,*,#5239,.F.);
#7320=ORIENTED_EDGE('',*,*,#5242,.T.);
#7321=ORIENTED_EDGE('',*,*,#5250,.F.);
#7322=ORIENTED_EDGE('',*,*,#5236,.F.);
#7323=ORIENTED_EDGE('',*,*,#5240,.F.);
#7324=ORIENTED_EDGE('',*,*,#5264,.F.);
#7325=ORIENTED_EDGE('',*,*,#5259,.F.);
#7326=ORIENTED_EDGE('',*,*,#5233,.T.);
#7327=ORIENTED_EDGE('',*,*,#5265,.T.);
#7328=ORIENTED_EDGE('',*,*,#5266,.T.);
#7329=ORIENTED_EDGE('',*,*,#5267,.T.);
#7330=ORIENTED_EDGE('',*,*,#5268,.T.);
#7331=ORIENTED_EDGE('',*,*,#5265,.F.);
#7332=ORIENTED_EDGE('',*,*,#5269,.T.);
#7333=ORIENTED_EDGE('',*,*,#5270,.F.);
#7334=ORIENTED_EDGE('',*,*,#5271,.F.);
#7335=ORIENTED_EDGE('',*,*,#5272,.F.);
#7336=ORIENTED_EDGE('',*,*,#5273,.F.);
#7337=ORIENTED_EDGE('',*,*,#5274,.F.);
#7338=ORIENTED_EDGE('',*,*,#5275,.T.);
#7339=ORIENTED_EDGE('',*,*,#5268,.F.);
#7340=ORIENTED_EDGE('',*,*,#5276,.T.);
#7341=ORIENTED_EDGE('',*,*,#5277,.F.);
#7342=ORIENTED_EDGE('',*,*,#5269,.F.);
#7343=ORIENTED_EDGE('',*,*,#5272,.T.);
#7344=ORIENTED_EDGE('',*,*,#5278,.T.);
#7345=ORIENTED_EDGE('',*,*,#5279,.T.);
#7346=ORIENTED_EDGE('',*,*,#5280,.T.);
#7347=ORIENTED_EDGE('',*,*,#5278,.F.);
#7348=ORIENTED_EDGE('',*,*,#5271,.T.);
#7349=ORIENTED_EDGE('',*,*,#5281,.F.);
#7350=ORIENTED_EDGE('',*,*,#5282,.F.);
#7351=ORIENTED_EDGE('',*,*,#5283,.T.);
#7352=ORIENTED_EDGE('',*,*,#5284,.T.);
#7353=ORIENTED_EDGE('',*,*,#5270,.T.);
#7354=ORIENTED_EDGE('',*,*,#5285,.F.);
#7355=ORIENTED_EDGE('',*,*,#5286,.T.);
#7356=ORIENTED_EDGE('',*,*,#5287,.T.);
#7357=ORIENTED_EDGE('',*,*,#5281,.T.);
#7358=ORIENTED_EDGE('',*,*,#5284,.F.);
#7359=ORIENTED_EDGE('',*,*,#5288,.T.);
#7360=ORIENTED_EDGE('',*,*,#5289,.T.);
#7361=ORIENTED_EDGE('',*,*,#5290,.T.);
#7362=ORIENTED_EDGE('',*,*,#5287,.F.);
#7363=ORIENTED_EDGE('',*,*,#5277,.T.);
#7364=ORIENTED_EDGE('',*,*,#5289,.F.);
#7365=ORIENTED_EDGE('',*,*,#5291,.T.);
#7366=ORIENTED_EDGE('',*,*,#5285,.T.);
#7367=ORIENTED_EDGE('',*,*,#5283,.F.);
#7368=ORIENTED_EDGE('',*,*,#5291,.F.);
#7369=ORIENTED_EDGE('',*,*,#5288,.F.);
#7370=ORIENTED_EDGE('',*,*,#5286,.F.);
#7371=ORIENTED_EDGE('',*,*,#5292,.T.);
#7372=ORIENTED_EDGE('',*,*,#5293,.T.);
#7373=ORIENTED_EDGE('',*,*,#5294,.T.);
#7374=ORIENTED_EDGE('',*,*,#5295,.F.);
#7375=ORIENTED_EDGE('',*,*,#5296,.T.);
#7376=ORIENTED_EDGE('',*,*,#5293,.F.);
#7377=ORIENTED_EDGE('',*,*,#5297,.T.);
#7378=ORIENTED_EDGE('',*,*,#5298,.T.);
#7379=ORIENTED_EDGE('',*,*,#5299,.T.);
#7380=ORIENTED_EDGE('',*,*,#5298,.F.);
#7381=ORIENTED_EDGE('',*,*,#5300,.T.);
#7382=ORIENTED_EDGE('',*,*,#5301,.T.);
#7383=ORIENTED_EDGE('',*,*,#5274,.T.);
#7384=ORIENTED_EDGE('',*,*,#5301,.F.);
#7385=ORIENTED_EDGE('',*,*,#5302,.T.);
#7386=ORIENTED_EDGE('',*,*,#5295,.T.);
#7387=ORIENTED_EDGE('',*,*,#5266,.F.);
#7388=ORIENTED_EDGE('',*,*,#5275,.F.);
#7389=ORIENTED_EDGE('',*,*,#5294,.F.);
#7390=ORIENTED_EDGE('',*,*,#5303,.T.);
#7391=ORIENTED_EDGE('',*,*,#5292,.F.);
#7392=ORIENTED_EDGE('',*,*,#5302,.F.);
#7393=ORIENTED_EDGE('',*,*,#5300,.F.);
#7394=ORIENTED_EDGE('',*,*,#5297,.F.);
#7395=ORIENTED_EDGE('',*,*,#5267,.F.);
#7396=ORIENTED_EDGE('',*,*,#5303,.F.);
#7397=ORIENTED_EDGE('',*,*,#5296,.F.);
#7398=ORIENTED_EDGE('',*,*,#5304,.T.);
#7399=ORIENTED_EDGE('',*,*,#5279,.F.);
#7400=ORIENTED_EDGE('',*,*,#5282,.T.);
#7401=ORIENTED_EDGE('',*,*,#5290,.F.);
#7402=ORIENTED_EDGE('',*,*,#5276,.F.);
#7403=ORIENTED_EDGE('',*,*,#5280,.F.);
#7404=ORIENTED_EDGE('',*,*,#5304,.F.);
#7405=ORIENTED_EDGE('',*,*,#5299,.F.);
#7406=ORIENTED_EDGE('',*,*,#5273,.T.);
#7407=ORIENTED_EDGE('',*,*,#5305,.T.);
#7408=ORIENTED_EDGE('',*,*,#5306,.T.);
#7409=ORIENTED_EDGE('',*,*,#5307,.T.);
#7410=ORIENTED_EDGE('',*,*,#5308,.T.);
#7411=ORIENTED_EDGE('',*,*,#5305,.F.);
#7412=ORIENTED_EDGE('',*,*,#5309,.T.);
#7413=ORIENTED_EDGE('',*,*,#5310,.F.);
#7414=ORIENTED_EDGE('',*,*,#5311,.F.);
#7415=ORIENTED_EDGE('',*,*,#5312,.F.);
#7416=ORIENTED_EDGE('',*,*,#5313,.F.);
#7417=ORIENTED_EDGE('',*,*,#5314,.F.);
#7418=ORIENTED_EDGE('',*,*,#5315,.T.);
#7419=ORIENTED_EDGE('',*,*,#5308,.F.);
#7420=ORIENTED_EDGE('',*,*,#5316,.T.);
#7421=ORIENTED_EDGE('',*,*,#5317,.F.);
#7422=ORIENTED_EDGE('',*,*,#5309,.F.);
#7423=ORIENTED_EDGE('',*,*,#5312,.T.);
#7424=ORIENTED_EDGE('',*,*,#5318,.T.);
#7425=ORIENTED_EDGE('',*,*,#5319,.T.);
#7426=ORIENTED_EDGE('',*,*,#5320,.T.);
#7427=ORIENTED_EDGE('',*,*,#5318,.F.);
#7428=ORIENTED_EDGE('',*,*,#5311,.T.);
#7429=ORIENTED_EDGE('',*,*,#5321,.F.);
#7430=ORIENTED_EDGE('',*,*,#5322,.F.);
#7431=ORIENTED_EDGE('',*,*,#5323,.T.);
#7432=ORIENTED_EDGE('',*,*,#5324,.T.);
#7433=ORIENTED_EDGE('',*,*,#5310,.T.);
#7434=ORIENTED_EDGE('',*,*,#5325,.F.);
#7435=ORIENTED_EDGE('',*,*,#5326,.T.);
#7436=ORIENTED_EDGE('',*,*,#5327,.T.);
#7437=ORIENTED_EDGE('',*,*,#5321,.T.);
#7438=ORIENTED_EDGE('',*,*,#5324,.F.);
#7439=ORIENTED_EDGE('',*,*,#5328,.T.);
#7440=ORIENTED_EDGE('',*,*,#5329,.T.);
#7441=ORIENTED_EDGE('',*,*,#5330,.T.);
#7442=ORIENTED_EDGE('',*,*,#5327,.F.);
#7443=ORIENTED_EDGE('',*,*,#5317,.T.);
#7444=ORIENTED_EDGE('',*,*,#5329,.F.);
#7445=ORIENTED_EDGE('',*,*,#5331,.T.);
#7446=ORIENTED_EDGE('',*,*,#5325,.T.);
#7447=ORIENTED_EDGE('',*,*,#5323,.F.);
#7448=ORIENTED_EDGE('',*,*,#5331,.F.);
#7449=ORIENTED_EDGE('',*,*,#5328,.F.);
#7450=ORIENTED_EDGE('',*,*,#5326,.F.);
#7451=ORIENTED_EDGE('',*,*,#5332,.T.);
#7452=ORIENTED_EDGE('',*,*,#5333,.T.);
#7453=ORIENTED_EDGE('',*,*,#5334,.T.);
#7454=ORIENTED_EDGE('',*,*,#5335,.F.);
#7455=ORIENTED_EDGE('',*,*,#5336,.T.);
#7456=ORIENTED_EDGE('',*,*,#5333,.F.);
#7457=ORIENTED_EDGE('',*,*,#5337,.T.);
#7458=ORIENTED_EDGE('',*,*,#5338,.T.);
#7459=ORIENTED_EDGE('',*,*,#5314,.T.);
#7460=ORIENTED_EDGE('',*,*,#5338,.F.);
#7461=ORIENTED_EDGE('',*,*,#5339,.T.);
#7462=ORIENTED_EDGE('',*,*,#5340,.T.);
#7463=ORIENTED_EDGE('',*,*,#5341,.T.);
#7464=ORIENTED_EDGE('',*,*,#5340,.F.);
#7465=ORIENTED_EDGE('',*,*,#5342,.T.);
#7466=ORIENTED_EDGE('',*,*,#5335,.T.);
#7467=ORIENTED_EDGE('',*,*,#5306,.F.);
#7468=ORIENTED_EDGE('',*,*,#5315,.F.);
#7469=ORIENTED_EDGE('',*,*,#5341,.F.);
#7470=ORIENTED_EDGE('',*,*,#5343,.T.);
#7471=ORIENTED_EDGE('',*,*,#5307,.F.);
#7472=ORIENTED_EDGE('',*,*,#5343,.F.);
#7473=ORIENTED_EDGE('',*,*,#5334,.F.);
#7474=ORIENTED_EDGE('',*,*,#5344,.T.);
#7475=ORIENTED_EDGE('',*,*,#5319,.F.);
#7476=ORIENTED_EDGE('',*,*,#5322,.T.);
#7477=ORIENTED_EDGE('',*,*,#5330,.F.);
#7478=ORIENTED_EDGE('',*,*,#5316,.F.);
#7479=ORIENTED_EDGE('',*,*,#5332,.F.);
#7480=ORIENTED_EDGE('',*,*,#5342,.F.);
#7481=ORIENTED_EDGE('',*,*,#5339,.F.);
#7482=ORIENTED_EDGE('',*,*,#5337,.F.);
#7483=ORIENTED_EDGE('',*,*,#5320,.F.);
#7484=ORIENTED_EDGE('',*,*,#5344,.F.);
#7485=ORIENTED_EDGE('',*,*,#5336,.F.);
#7486=ORIENTED_EDGE('',*,*,#5313,.T.);
#7487=ORIENTED_EDGE('',*,*,#5345,.T.);
#7488=ORIENTED_EDGE('',*,*,#5346,.T.);
#7489=ORIENTED_EDGE('',*,*,#5347,.T.);
#7490=ORIENTED_EDGE('',*,*,#5348,.T.);
#7491=ORIENTED_EDGE('',*,*,#5345,.F.);
#7492=ORIENTED_EDGE('',*,*,#5349,.T.);
#7493=ORIENTED_EDGE('',*,*,#5350,.F.);
#7494=ORIENTED_EDGE('',*,*,#5351,.F.);
#7495=ORIENTED_EDGE('',*,*,#5352,.F.);
#7496=ORIENTED_EDGE('',*,*,#5353,.F.);
#7497=ORIENTED_EDGE('',*,*,#5354,.F.);
#7498=ORIENTED_EDGE('',*,*,#5355,.T.);
#7499=ORIENTED_EDGE('',*,*,#5348,.F.);
#7500=ORIENTED_EDGE('',*,*,#5356,.T.);
#7501=ORIENTED_EDGE('',*,*,#5357,.F.);
#7502=ORIENTED_EDGE('',*,*,#5349,.F.);
#7503=ORIENTED_EDGE('',*,*,#5352,.T.);
#7504=ORIENTED_EDGE('',*,*,#5358,.T.);
#7505=ORIENTED_EDGE('',*,*,#5359,.T.);
#7506=ORIENTED_EDGE('',*,*,#5360,.T.);
#7507=ORIENTED_EDGE('',*,*,#5358,.F.);
#7508=ORIENTED_EDGE('',*,*,#5351,.T.);
#7509=ORIENTED_EDGE('',*,*,#5361,.F.);
#7510=ORIENTED_EDGE('',*,*,#5362,.F.);
#7511=ORIENTED_EDGE('',*,*,#5363,.T.);
#7512=ORIENTED_EDGE('',*,*,#5364,.T.);
#7513=ORIENTED_EDGE('',*,*,#5350,.T.);
#7514=ORIENTED_EDGE('',*,*,#5365,.F.);
#7515=ORIENTED_EDGE('',*,*,#5366,.T.);
#7516=ORIENTED_EDGE('',*,*,#5367,.T.);
#7517=ORIENTED_EDGE('',*,*,#5361,.T.);
#7518=ORIENTED_EDGE('',*,*,#5364,.F.);
#7519=ORIENTED_EDGE('',*,*,#5368,.T.);
#7520=ORIENTED_EDGE('',*,*,#5369,.T.);
#7521=ORIENTED_EDGE('',*,*,#5370,.T.);
#7522=ORIENTED_EDGE('',*,*,#5367,.F.);
#7523=ORIENTED_EDGE('',*,*,#5357,.T.);
#7524=ORIENTED_EDGE('',*,*,#5369,.F.);
#7525=ORIENTED_EDGE('',*,*,#5371,.T.);
#7526=ORIENTED_EDGE('',*,*,#5365,.T.);
#7527=ORIENTED_EDGE('',*,*,#5363,.F.);
#7528=ORIENTED_EDGE('',*,*,#5371,.F.);
#7529=ORIENTED_EDGE('',*,*,#5368,.F.);
#7530=ORIENTED_EDGE('',*,*,#5366,.F.);
#7531=ORIENTED_EDGE('',*,*,#5372,.T.);
#7532=ORIENTED_EDGE('',*,*,#5373,.T.);
#7533=ORIENTED_EDGE('',*,*,#5374,.T.);
#7534=ORIENTED_EDGE('',*,*,#5375,.F.);
#7535=ORIENTED_EDGE('',*,*,#5376,.T.);
#7536=ORIENTED_EDGE('',*,*,#5373,.F.);
#7537=ORIENTED_EDGE('',*,*,#5377,.T.);
#7538=ORIENTED_EDGE('',*,*,#5378,.T.);
#7539=ORIENTED_EDGE('',*,*,#5379,.T.);
#7540=ORIENTED_EDGE('',*,*,#5378,.F.);
#7541=ORIENTED_EDGE('',*,*,#5380,.T.);
#7542=ORIENTED_EDGE('',*,*,#5381,.T.);
#7543=ORIENTED_EDGE('',*,*,#5354,.T.);
#7544=ORIENTED_EDGE('',*,*,#5381,.F.);
#7545=ORIENTED_EDGE('',*,*,#5382,.T.);
#7546=ORIENTED_EDGE('',*,*,#5375,.T.);
#7547=ORIENTED_EDGE('',*,*,#5346,.F.);
#7548=ORIENTED_EDGE('',*,*,#5355,.F.);
#7549=ORIENTED_EDGE('',*,*,#5374,.F.);
#7550=ORIENTED_EDGE('',*,*,#5383,.T.);
#7551=ORIENTED_EDGE('',*,*,#5372,.F.);
#7552=ORIENTED_EDGE('',*,*,#5382,.F.);
#7553=ORIENTED_EDGE('',*,*,#5380,.F.);
#7554=ORIENTED_EDGE('',*,*,#5377,.F.);
#7555=ORIENTED_EDGE('',*,*,#5347,.F.);
#7556=ORIENTED_EDGE('',*,*,#5383,.F.);
#7557=ORIENTED_EDGE('',*,*,#5376,.F.);
#7558=ORIENTED_EDGE('',*,*,#5384,.T.);
#7559=ORIENTED_EDGE('',*,*,#5359,.F.);
#7560=ORIENTED_EDGE('',*,*,#5362,.T.);
#7561=ORIENTED_EDGE('',*,*,#5370,.F.);
#7562=ORIENTED_EDGE('',*,*,#5356,.F.);
#7563=ORIENTED_EDGE('',*,*,#5360,.F.);
#7564=ORIENTED_EDGE('',*,*,#5384,.F.);
#7565=ORIENTED_EDGE('',*,*,#5379,.F.);
#7566=ORIENTED_EDGE('',*,*,#5353,.T.);
#7567=CYLINDRICAL_SURFACE('',#8088,0.2);
#7568=CYLINDRICAL_SURFACE('',#8094,0.2);
#7569=CYLINDRICAL_SURFACE('',#8103,1.4);
#7570=CYLINDRICAL_SURFACE('',#8107,1.4);
#7571=CYLINDRICAL_SURFACE('',#8116,1.4);
#7572=CYLINDRICAL_SURFACE('',#8130,1.4);
#7573=CYLINDRICAL_SURFACE('',#8303,1.14);
#7574=CYLINDRICAL_SURFACE('',#8322,1.14);
#7575=CYLINDRICAL_SURFACE('',#8341,1.14);
#7576=CYLINDRICAL_SURFACE('',#8360,1.14);
#7577=CYLINDRICAL_SURFACE('',#8379,1.14);
#7578=CYLINDRICAL_SURFACE('',#8398,1.14);
#7579=CYLINDRICAL_SURFACE('',#8417,1.14);
#7580=CYLINDRICAL_SURFACE('',#8436,1.14);
#7581=CYLINDRICAL_SURFACE('',#8441,2.28);
#7582=CYLINDRICAL_SURFACE('',#8447,1.14);
#7583=CYLINDRICAL_SURFACE('',#8463,2.28);
#7584=CYLINDRICAL_SURFACE('',#8469,1.14);
#7585=CYLINDRICAL_SURFACE('',#8485,2.28);
#7586=CYLINDRICAL_SURFACE('',#8491,1.14);
#7587=CYLINDRICAL_SURFACE('',#8507,2.28);
#7588=CYLINDRICAL_SURFACE('',#8513,1.14);
#7589=CYLINDRICAL_SURFACE('',#8529,2.28);
#7590=CYLINDRICAL_SURFACE('',#8535,1.14);
#7591=CYLINDRICAL_SURFACE('',#8551,2.28);
#7592=CYLINDRICAL_SURFACE('',#8557,1.14);
#7593=CYLINDRICAL_SURFACE('',#8573,2.28);
#7594=CYLINDRICAL_SURFACE('',#8579,1.14);
#7595=CYLINDRICAL_SURFACE('',#8595,2.28);
#7596=CYLINDRICAL_SURFACE('',#8601,1.14);
#7597=ADVANCED_FACE('',(#538),#7567,.T.);
#7598=ADVANCED_FACE('',(#539),#111,.T.);
#7599=ADVANCED_FACE('',(#540,#59,#60,#61,#62,#63,#64,#65,#66,#67,#68,#69,
#70,#71,#72,#73,#74),#112,.T.);
#7600=ADVANCED_FACE('',(#541),#7568,.T.);
#7601=ADVANCED_FACE('',(#542,#75,#76,#77,#78,#79,#80,#81,#82,#83,#84,#85,
#86,#87,#88,#89,#90),#113,.T.);
#7602=ADVANCED_FACE('',(#543),#114,.T.);
#7603=ADVANCED_FACE('',(#544),#115,.F.);
#7604=ADVANCED_FACE('',(#545),#116,.T.);
#7605=ADVANCED_FACE('',(#546),#47,.T.);
#7606=ADVANCED_FACE('',(#547),#7569,.T.);
#7607=ADVANCED_FACE('',(#548),#117,.T.);
#7608=ADVANCED_FACE('',(#549),#7570,.T.);
#7609=ADVANCED_FACE('',(#550),#118,.T.);
#7610=ADVANCED_FACE('',(#551),#48,.T.);
#7611=ADVANCED_FACE('',(#552),#119,.T.);
#7612=ADVANCED_FACE('',(#553),#120,.F.);
#7613=ADVANCED_FACE('',(#554),#7571,.T.);
#7614=ADVANCED_FACE('',(#555),#121,.F.);
#7615=ADVANCED_FACE('',(#556),#49,.T.);
#7616=ADVANCED_FACE('',(#557),#122,.F.);
#7617=ADVANCED_FACE('',(#558),#123,.T.);
#7618=ADVANCED_FACE('',(#559),#124,.T.);
#7619=ADVANCED_FACE('',(#560),#125,.F.);
#7620=ADVANCED_FACE('',(#561),#50,.T.);
#7621=ADVANCED_FACE('',(#562),#7572,.T.);
#7622=ADVANCED_FACE('',(#563),#126,.F.);
#7623=ADVANCED_FACE('',(#564),#127,.T.);
#7624=ADVANCED_FACE('',(#565),#128,.T.);
#7625=ADVANCED_FACE('',(#566),#129,.T.);
#7626=ADVANCED_FACE('',(#567),#130,.T.);
#7627=ADVANCED_FACE('',(#568),#131,.T.);
#7628=ADVANCED_FACE('',(#569),#132,.F.);
#7629=ADVANCED_FACE('',(#570),#133,.F.);
#7630=ADVANCED_FACE('',(#571),#134,.F.);
#7631=ADVANCED_FACE('',(#572),#135,.F.);
#7632=ADVANCED_FACE('',(#573),#136,.F.);
#7633=ADVANCED_FACE('',(#574),#137,.F.);
#7634=ADVANCED_FACE('',(#575),#138,.F.);
#7635=ADVANCED_FACE('',(#576),#139,.F.);
#7636=ADVANCED_FACE('',(#577),#140,.F.);
#7637=ADVANCED_FACE('',(#578),#141,.F.);
#7638=ADVANCED_FACE('',(#579),#142,.F.);
#7639=ADVANCED_FACE('',(#580),#143,.F.);
#7640=ADVANCED_FACE('',(#581),#144,.F.);
#7641=ADVANCED_FACE('',(#582),#145,.F.);
#7642=ADVANCED_FACE('',(#583),#146,.F.);
#7643=ADVANCED_FACE('',(#584),#147,.F.);
#7644=ADVANCED_FACE('',(#585),#148,.F.);
#7645=ADVANCED_FACE('',(#586),#149,.F.);
#7646=ADVANCED_FACE('',(#587),#150,.F.);
#7647=ADVANCED_FACE('',(#588),#151,.F.);
#7648=ADVANCED_FACE('',(#589),#152,.F.);
#7649=ADVANCED_FACE('',(#590),#153,.F.);
#7650=ADVANCED_FACE('',(#591),#154,.F.);
#7651=ADVANCED_FACE('',(#592),#155,.F.);
#7652=ADVANCED_FACE('',(#593),#156,.F.);
#7653=ADVANCED_FACE('',(#594),#157,.F.);
#7654=ADVANCED_FACE('',(#595),#158,.F.);
#7655=ADVANCED_FACE('',(#596),#159,.F.);
#7656=ADVANCED_FACE('',(#597),#160,.F.);
#7657=ADVANCED_FACE('',(#598),#161,.F.);
#7658=ADVANCED_FACE('',(#599),#162,.F.);
#7659=ADVANCED_FACE('',(#600),#163,.F.);
#7660=ADVANCED_FACE('',(#601),#164,.F.);
#7661=ADVANCED_FACE('',(#602),#165,.F.);
#7662=ADVANCED_FACE('',(#603),#166,.F.);
#7663=ADVANCED_FACE('',(#604),#167,.F.);
#7664=ADVANCED_FACE('',(#605),#168,.F.);
#7665=ADVANCED_FACE('',(#606),#169,.F.);
#7666=ADVANCED_FACE('',(#607),#170,.F.);
#7667=ADVANCED_FACE('',(#608),#171,.F.);
#7668=ADVANCED_FACE('',(#609),#172,.F.);
#7669=ADVANCED_FACE('',(#610),#173,.F.);
#7670=ADVANCED_FACE('',(#611),#174,.F.);
#7671=ADVANCED_FACE('',(#612),#175,.F.);
#7672=ADVANCED_FACE('',(#613),#176,.F.);
#7673=ADVANCED_FACE('',(#614),#177,.F.);
#7674=ADVANCED_FACE('',(#615),#178,.F.);
#7675=ADVANCED_FACE('',(#616),#179,.F.);
#7676=ADVANCED_FACE('',(#617),#180,.F.);
#7677=ADVANCED_FACE('',(#618),#181,.F.);
#7678=ADVANCED_FACE('',(#619),#182,.F.);
#7679=ADVANCED_FACE('',(#620),#183,.F.);
#7680=ADVANCED_FACE('',(#621),#184,.F.);
#7681=ADVANCED_FACE('',(#622),#185,.F.);
#7682=ADVANCED_FACE('',(#623),#186,.F.);
#7683=ADVANCED_FACE('',(#624),#187,.F.);
#7684=ADVANCED_FACE('',(#625),#188,.F.);
#7685=ADVANCED_FACE('',(#626),#189,.F.);
#7686=ADVANCED_FACE('',(#627),#190,.F.);
#7687=ADVANCED_FACE('',(#628),#191,.F.);
#7688=ADVANCED_FACE('',(#629),#192,.F.);
#7689=ADVANCED_FACE('',(#630),#193,.F.);
#7690=ADVANCED_FACE('',(#631),#194,.F.);
#7691=ADVANCED_FACE('',(#632),#195,.F.);
#7692=ADVANCED_FACE('',(#633),#196,.F.);
#7693=ADVANCED_FACE('',(#634),#197,.F.);
#7694=ADVANCED_FACE('',(#635),#198,.F.);
#7695=ADVANCED_FACE('',(#636),#199,.F.);
#7696=ADVANCED_FACE('',(#637,#91),#200,.F.);
#7697=ADVANCED_FACE('',(#638),#201,.F.);
#7698=ADVANCED_FACE('',(#639),#202,.F.);
#7699=ADVANCED_FACE('',(#640),#203,.F.);
#7700=ADVANCED_FACE('',(#641),#204,.F.);
#7701=ADVANCED_FACE('',(#642,#92),#205,.F.);
#7702=ADVANCED_FACE('',(#643),#206,.F.);
#7703=ADVANCED_FACE('',(#644),#207,.F.);
#7704=ADVANCED_FACE('',(#645),#208,.F.);
#7705=ADVANCED_FACE('',(#646),#209,.F.);
#7706=ADVANCED_FACE('',(#647,#93),#210,.F.);
#7707=ADVANCED_FACE('',(#648),#211,.F.);
#7708=ADVANCED_FACE('',(#649),#212,.F.);
#7709=ADVANCED_FACE('',(#650),#213,.F.);
#7710=ADVANCED_FACE('',(#651),#214,.F.);
#7711=ADVANCED_FACE('',(#652,#94),#215,.F.);
#7712=ADVANCED_FACE('',(#653),#216,.F.);
#7713=ADVANCED_FACE('',(#654),#217,.F.);
#7714=ADVANCED_FACE('',(#655),#218,.F.);
#7715=ADVANCED_FACE('',(#656),#219,.F.);
#7716=ADVANCED_FACE('',(#657,#95),#220,.F.);
#7717=ADVANCED_FACE('',(#658),#221,.F.);
#7718=ADVANCED_FACE('',(#659),#222,.F.);
#7719=ADVANCED_FACE('',(#660),#223,.F.);
#7720=ADVANCED_FACE('',(#661),#224,.F.);
#7721=ADVANCED_FACE('',(#662,#96),#225,.F.);
#7722=ADVANCED_FACE('',(#663),#226,.F.);
#7723=ADVANCED_FACE('',(#664),#227,.F.);
#7724=ADVANCED_FACE('',(#665),#228,.F.);
#7725=ADVANCED_FACE('',(#666),#229,.F.);
#7726=ADVANCED_FACE('',(#667,#97),#230,.F.);
#7727=ADVANCED_FACE('',(#668),#231,.F.);
#7728=ADVANCED_FACE('',(#669),#232,.F.);
#7729=ADVANCED_FACE('',(#670),#233,.F.);
#7730=ADVANCED_FACE('',(#671),#234,.F.);
#7731=ADVANCED_FACE('',(#672,#98),#235,.F.);
#7732=ADVANCED_FACE('',(#673),#236,.F.);
#7733=ADVANCED_FACE('',(#674),#237,.F.);
#7734=ADVANCED_FACE('',(#675),#238,.F.);
#7735=ADVANCED_FACE('',(#676),#239,.F.);
#7736=ADVANCED_FACE('',(#677,#99),#240,.F.);
#7737=ADVANCED_FACE('',(#678),#241,.F.);
#7738=ADVANCED_FACE('',(#679),#242,.F.);
#7739=ADVANCED_FACE('',(#680),#243,.F.);
#7740=ADVANCED_FACE('',(#681),#244,.F.);
#7741=ADVANCED_FACE('',(#682,#100),#245,.F.);
#7742=ADVANCED_FACE('',(#683),#246,.F.);
#7743=ADVANCED_FACE('',(#684),#247,.F.);
#7744=ADVANCED_FACE('',(#685),#248,.F.);
#7745=ADVANCED_FACE('',(#686),#249,.F.);
#7746=ADVANCED_FACE('',(#687,#101),#250,.F.);
#7747=ADVANCED_FACE('',(#688),#251,.F.);
#7748=ADVANCED_FACE('',(#689),#252,.F.);
#7749=ADVANCED_FACE('',(#690),#253,.F.);
#7750=ADVANCED_FACE('',(#691),#254,.F.);
#7751=ADVANCED_FACE('',(#692,#102),#255,.F.);
#7752=ADVANCED_FACE('',(#693),#256,.F.);
#7753=ADVANCED_FACE('',(#694),#257,.F.);
#7754=ADVANCED_FACE('',(#695),#258,.F.);
#7755=ADVANCED_FACE('',(#696),#259,.F.);
#7756=ADVANCED_FACE('',(#697,#103),#260,.F.);
#7757=ADVANCED_FACE('',(#698),#261,.F.);
#7758=ADVANCED_FACE('',(#699),#262,.F.);
#7759=ADVANCED_FACE('',(#700),#263,.F.);
#7760=ADVANCED_FACE('',(#701),#264,.F.);
#7761=ADVANCED_FACE('',(#702,#104),#265,.F.);
#7762=ADVANCED_FACE('',(#703),#266,.F.);
#7763=ADVANCED_FACE('',(#704),#267,.F.);
#7764=ADVANCED_FACE('',(#705),#268,.F.);
#7765=ADVANCED_FACE('',(#706),#269,.F.);
#7766=ADVANCED_FACE('',(#707,#105),#270,.F.);
#7767=ADVANCED_FACE('',(#708),#271,.F.);
#7768=ADVANCED_FACE('',(#709),#272,.F.);
#7769=ADVANCED_FACE('',(#710),#273,.F.);
#7770=ADVANCED_FACE('',(#711),#274,.F.);
#7771=ADVANCED_FACE('',(#712,#106),#275,.F.);
#7772=ADVANCED_FACE('',(#713),#276,.T.);
#7773=ADVANCED_FACE('',(#714),#277,.T.);
#7774=ADVANCED_FACE('',(#715),#278,.T.);
#7775=ADVANCED_FACE('',(#716),#279,.T.);
#7776=ADVANCED_FACE('',(#717),#280,.T.);
#7777=ADVANCED_FACE('',(#718,#107,#108,#109,#110),#281,.F.);
#7778=ADVANCED_FACE('',(#719),#282,.T.);
#7779=ADVANCED_FACE('',(#720),#283,.T.);
#7780=ADVANCED_FACE('',(#721),#284,.T.);
#7781=ADVANCED_FACE('',(#722),#285,.T.);
#7782=ADVANCED_FACE('',(#723),#286,.T.);
#7783=ADVANCED_FACE('',(#724),#287,.T.);
#7784=ADVANCED_FACE('',(#725),#288,.T.);
#7785=ADVANCED_FACE('',(#726),#289,.T.);
#7786=ADVANCED_FACE('',(#727),#290,.T.);
#7787=ADVANCED_FACE('',(#728),#291,.T.);
#7788=ADVANCED_FACE('',(#729),#292,.T.);
#7789=ADVANCED_FACE('',(#730),#293,.T.);
#7790=ADVANCED_FACE('',(#731),#294,.F.);
#7791=ADVANCED_FACE('',(#732),#7573,.T.);
#7792=ADVANCED_FACE('',(#733),#295,.T.);
#7793=ADVANCED_FACE('',(#734),#296,.T.);
#7794=ADVANCED_FACE('',(#735),#297,.T.);
#7795=ADVANCED_FACE('',(#736),#298,.T.);
#7796=ADVANCED_FACE('',(#737),#299,.T.);
#7797=ADVANCED_FACE('',(#738),#300,.T.);
#7798=ADVANCED_FACE('',(#739),#301,.T.);
#7799=ADVANCED_FACE('',(#740),#302,.T.);
#7800=ADVANCED_FACE('',(#741),#303,.T.);
#7801=ADVANCED_FACE('',(#742),#304,.T.);
#7802=ADVANCED_FACE('',(#743),#305,.T.);
#7803=ADVANCED_FACE('',(#744),#306,.T.);
#7804=ADVANCED_FACE('',(#745),#307,.T.);
#7805=ADVANCED_FACE('',(#746),#308,.T.);
#7806=ADVANCED_FACE('',(#747),#309,.T.);
#7807=ADVANCED_FACE('',(#748),#310,.F.);
#7808=ADVANCED_FACE('',(#749),#7574,.T.);
#7809=ADVANCED_FACE('',(#750),#311,.T.);
#7810=ADVANCED_FACE('',(#751),#312,.T.);
#7811=ADVANCED_FACE('',(#752),#313,.T.);
#7812=ADVANCED_FACE('',(#753),#314,.T.);
#7813=ADVANCED_FACE('',(#754),#315,.T.);
#7814=ADVANCED_FACE('',(#755),#316,.T.);
#7815=ADVANCED_FACE('',(#756),#317,.T.);
#7816=ADVANCED_FACE('',(#757),#318,.T.);
#7817=ADVANCED_FACE('',(#758),#319,.T.);
#7818=ADVANCED_FACE('',(#759),#320,.T.);
#7819=ADVANCED_FACE('',(#760),#321,.T.);
#7820=ADVANCED_FACE('',(#761),#322,.T.);
#7821=ADVANCED_FACE('',(#762),#323,.T.);
#7822=ADVANCED_FACE('',(#763),#324,.T.);
#7823=ADVANCED_FACE('',(#764),#325,.T.);
#7824=ADVANCED_FACE('',(#765),#326,.F.);
#7825=ADVANCED_FACE('',(#766),#7575,.T.);
#7826=ADVANCED_FACE('',(#767),#327,.T.);
#7827=ADVANCED_FACE('',(#768),#328,.T.);
#7828=ADVANCED_FACE('',(#769),#329,.T.);
#7829=ADVANCED_FACE('',(#770),#330,.T.);
#7830=ADVANCED_FACE('',(#771),#331,.T.);
#7831=ADVANCED_FACE('',(#772),#332,.T.);
#7832=ADVANCED_FACE('',(#773),#333,.T.);
#7833=ADVANCED_FACE('',(#774),#334,.T.);
#7834=ADVANCED_FACE('',(#775),#335,.T.);
#7835=ADVANCED_FACE('',(#776),#336,.T.);
#7836=ADVANCED_FACE('',(#777),#337,.T.);
#7837=ADVANCED_FACE('',(#778),#338,.T.);
#7838=ADVANCED_FACE('',(#779),#339,.T.);
#7839=ADVANCED_FACE('',(#780),#340,.T.);
#7840=ADVANCED_FACE('',(#781),#341,.T.);
#7841=ADVANCED_FACE('',(#782),#342,.F.);
#7842=ADVANCED_FACE('',(#783),#7576,.T.);
#7843=ADVANCED_FACE('',(#784),#343,.T.);
#7844=ADVANCED_FACE('',(#785),#344,.T.);
#7845=ADVANCED_FACE('',(#786),#345,.T.);
#7846=ADVANCED_FACE('',(#787),#346,.T.);
#7847=ADVANCED_FACE('',(#788),#347,.T.);
#7848=ADVANCED_FACE('',(#789),#348,.T.);
#7849=ADVANCED_FACE('',(#790),#349,.T.);
#7850=ADVANCED_FACE('',(#791),#350,.T.);
#7851=ADVANCED_FACE('',(#792),#351,.T.);
#7852=ADVANCED_FACE('',(#793),#352,.T.);
#7853=ADVANCED_FACE('',(#794),#353,.T.);
#7854=ADVANCED_FACE('',(#795),#354,.T.);
#7855=ADVANCED_FACE('',(#796),#355,.T.);
#7856=ADVANCED_FACE('',(#797),#356,.T.);
#7857=ADVANCED_FACE('',(#798),#357,.T.);
#7858=ADVANCED_FACE('',(#799),#358,.F.);
#7859=ADVANCED_FACE('',(#800),#7577,.T.);
#7860=ADVANCED_FACE('',(#801),#359,.T.);
#7861=ADVANCED_FACE('',(#802),#360,.T.);
#7862=ADVANCED_FACE('',(#803),#361,.T.);
#7863=ADVANCED_FACE('',(#804),#362,.T.);
#7864=ADVANCED_FACE('',(#805),#363,.T.);
#7865=ADVANCED_FACE('',(#806),#364,.T.);
#7866=ADVANCED_FACE('',(#807),#365,.T.);
#7867=ADVANCED_FACE('',(#808),#366,.T.);
#7868=ADVANCED_FACE('',(#809),#367,.T.);
#7869=ADVANCED_FACE('',(#810),#368,.T.);
#7870=ADVANCED_FACE('',(#811),#369,.T.);
#7871=ADVANCED_FACE('',(#812),#370,.T.);
#7872=ADVANCED_FACE('',(#813),#371,.T.);
#7873=ADVANCED_FACE('',(#814),#372,.T.);
#7874=ADVANCED_FACE('',(#815),#373,.T.);
#7875=ADVANCED_FACE('',(#816),#374,.F.);
#7876=ADVANCED_FACE('',(#817),#7578,.T.);
#7877=ADVANCED_FACE('',(#818),#375,.T.);
#7878=ADVANCED_FACE('',(#819),#376,.T.);
#7879=ADVANCED_FACE('',(#820),#377,.T.);
#7880=ADVANCED_FACE('',(#821),#378,.T.);
#7881=ADVANCED_FACE('',(#822),#379,.T.);
#7882=ADVANCED_FACE('',(#823),#380,.T.);
#7883=ADVANCED_FACE('',(#824),#381,.T.);
#7884=ADVANCED_FACE('',(#825),#382,.T.);
#7885=ADVANCED_FACE('',(#826),#383,.T.);
#7886=ADVANCED_FACE('',(#827),#384,.T.);
#7887=ADVANCED_FACE('',(#828),#385,.T.);
#7888=ADVANCED_FACE('',(#829),#386,.T.);
#7889=ADVANCED_FACE('',(#830),#387,.T.);
#7890=ADVANCED_FACE('',(#831),#388,.T.);
#7891=ADVANCED_FACE('',(#832),#389,.T.);
#7892=ADVANCED_FACE('',(#833),#390,.F.);
#7893=ADVANCED_FACE('',(#834),#7579,.T.);
#7894=ADVANCED_FACE('',(#835),#391,.T.);
#7895=ADVANCED_FACE('',(#836),#392,.T.);
#7896=ADVANCED_FACE('',(#837),#393,.T.);
#7897=ADVANCED_FACE('',(#838),#394,.T.);
#7898=ADVANCED_FACE('',(#839),#395,.T.);
#7899=ADVANCED_FACE('',(#840),#396,.T.);
#7900=ADVANCED_FACE('',(#841),#397,.T.);
#7901=ADVANCED_FACE('',(#842),#398,.T.);
#7902=ADVANCED_FACE('',(#843),#399,.T.);
#7903=ADVANCED_FACE('',(#844),#400,.T.);
#7904=ADVANCED_FACE('',(#845),#401,.T.);
#7905=ADVANCED_FACE('',(#846),#402,.T.);
#7906=ADVANCED_FACE('',(#847),#403,.T.);
#7907=ADVANCED_FACE('',(#848),#404,.T.);
#7908=ADVANCED_FACE('',(#849),#405,.T.);
#7909=ADVANCED_FACE('',(#850),#406,.F.);
#7910=ADVANCED_FACE('',(#851),#7580,.T.);
#7911=ADVANCED_FACE('',(#852),#407,.T.);
#7912=ADVANCED_FACE('',(#853),#408,.T.);
#7913=ADVANCED_FACE('',(#854),#409,.T.);
#7914=ADVANCED_FACE('',(#855),#7581,.T.);
#7915=ADVANCED_FACE('',(#856),#410,.T.);
#7916=ADVANCED_FACE('',(#857),#411,.T.);
#7917=ADVANCED_FACE('',(#858),#7582,.F.);
#7918=ADVANCED_FACE('',(#859),#412,.T.);
#7919=ADVANCED_FACE('',(#860),#413,.T.);
#7920=ADVANCED_FACE('',(#861),#414,.T.);
#7921=ADVANCED_FACE('',(#862),#415,.T.);
#7922=ADVANCED_FACE('',(#863),#416,.T.);
#7923=ADVANCED_FACE('',(#864),#417,.T.);
#7924=ADVANCED_FACE('',(#865),#418,.T.);
#7925=ADVANCED_FACE('',(#866),#419,.T.);
#7926=ADVANCED_FACE('',(#867),#420,.T.);
#7927=ADVANCED_FACE('',(#868),#421,.T.);
#7928=ADVANCED_FACE('',(#869),#422,.T.);
#7929=ADVANCED_FACE('',(#870),#423,.F.);
#7930=ADVANCED_FACE('',(#871),#424,.T.);
#7931=ADVANCED_FACE('',(#872),#425,.T.);
#7932=ADVANCED_FACE('',(#873),#7583,.T.);
#7933=ADVANCED_FACE('',(#874),#426,.T.);
#7934=ADVANCED_FACE('',(#875),#427,.T.);
#7935=ADVANCED_FACE('',(#876),#7584,.F.);
#7936=ADVANCED_FACE('',(#877),#428,.T.);
#7937=ADVANCED_FACE('',(#878),#429,.T.);
#7938=ADVANCED_FACE('',(#879),#430,.T.);
#7939=ADVANCED_FACE('',(#880),#431,.T.);
#7940=ADVANCED_FACE('',(#881),#432,.T.);
#7941=ADVANCED_FACE('',(#882),#433,.T.);
#7942=ADVANCED_FACE('',(#883),#434,.T.);
#7943=ADVANCED_FACE('',(#884),#435,.T.);
#7944=ADVANCED_FACE('',(#885),#436,.T.);
#7945=ADVANCED_FACE('',(#886),#437,.T.);
#7946=ADVANCED_FACE('',(#887),#438,.T.);
#7947=ADVANCED_FACE('',(#888),#439,.F.);
#7948=ADVANCED_FACE('',(#889),#440,.T.);
#7949=ADVANCED_FACE('',(#890),#441,.T.);
#7950=ADVANCED_FACE('',(#891),#7585,.T.);
#7951=ADVANCED_FACE('',(#892),#442,.T.);
#7952=ADVANCED_FACE('',(#893),#443,.T.);
#7953=ADVANCED_FACE('',(#894),#7586,.F.);
#7954=ADVANCED_FACE('',(#895),#444,.T.);
#7955=ADVANCED_FACE('',(#896),#445,.T.);
#7956=ADVANCED_FACE('',(#897),#446,.T.);
#7957=ADVANCED_FACE('',(#898),#447,.T.);
#7958=ADVANCED_FACE('',(#899),#448,.T.);
#7959=ADVANCED_FACE('',(#900),#449,.T.);
#7960=ADVANCED_FACE('',(#901),#450,.T.);
#7961=ADVANCED_FACE('',(#902),#451,.T.);
#7962=ADVANCED_FACE('',(#903),#452,.T.);
#7963=ADVANCED_FACE('',(#904),#453,.T.);
#7964=ADVANCED_FACE('',(#905),#454,.T.);
#7965=ADVANCED_FACE('',(#906),#455,.F.);
#7966=ADVANCED_FACE('',(#907),#456,.T.);
#7967=ADVANCED_FACE('',(#908),#457,.T.);
#7968=ADVANCED_FACE('',(#909),#7587,.T.);
#7969=ADVANCED_FACE('',(#910),#458,.T.);
#7970=ADVANCED_FACE('',(#911),#459,.T.);
#7971=ADVANCED_FACE('',(#912),#7588,.F.);
#7972=ADVANCED_FACE('',(#913),#460,.T.);
#7973=ADVANCED_FACE('',(#914),#461,.T.);
#7974=ADVANCED_FACE('',(#915),#462,.T.);
#7975=ADVANCED_FACE('',(#916),#463,.T.);
#7976=ADVANCED_FACE('',(#917),#464,.T.);
#7977=ADVANCED_FACE('',(#918),#465,.T.);
#7978=ADVANCED_FACE('',(#919),#466,.T.);
#7979=ADVANCED_FACE('',(#920),#467,.T.);
#7980=ADVANCED_FACE('',(#921),#468,.T.);
#7981=ADVANCED_FACE('',(#922),#469,.T.);
#7982=ADVANCED_FACE('',(#923),#470,.T.);
#7983=ADVANCED_FACE('',(#924),#471,.F.);
#7984=ADVANCED_FACE('',(#925),#472,.T.);
#7985=ADVANCED_FACE('',(#926),#473,.T.);
#7986=ADVANCED_FACE('',(#927),#7589,.T.);
#7987=ADVANCED_FACE('',(#928),#474,.T.);
#7988=ADVANCED_FACE('',(#929),#475,.T.);
#7989=ADVANCED_FACE('',(#930),#7590,.F.);
#7990=ADVANCED_FACE('',(#931),#476,.T.);
#7991=ADVANCED_FACE('',(#932),#477,.T.);
#7992=ADVANCED_FACE('',(#933),#478,.T.);
#7993=ADVANCED_FACE('',(#934),#479,.T.);
#7994=ADVANCED_FACE('',(#935),#480,.T.);
#7995=ADVANCED_FACE('',(#936),#481,.T.);
#7996=ADVANCED_FACE('',(#937),#482,.T.);
#7997=ADVANCED_FACE('',(#938),#483,.T.);
#7998=ADVANCED_FACE('',(#939),#484,.T.);
#7999=ADVANCED_FACE('',(#940),#485,.T.);
#8000=ADVANCED_FACE('',(#941),#486,.T.);
#8001=ADVANCED_FACE('',(#942),#487,.F.);
#8002=ADVANCED_FACE('',(#943),#488,.T.);
#8003=ADVANCED_FACE('',(#944),#489,.T.);
#8004=ADVANCED_FACE('',(#945),#7591,.T.);
#8005=ADVANCED_FACE('',(#946),#490,.T.);
#8006=ADVANCED_FACE('',(#947),#491,.T.);
#8007=ADVANCED_FACE('',(#948),#7592,.F.);
#8008=ADVANCED_FACE('',(#949),#492,.T.);
#8009=ADVANCED_FACE('',(#950),#493,.T.);
#8010=ADVANCED_FACE('',(#951),#494,.T.);
#8011=ADVANCED_FACE('',(#952),#495,.T.);
#8012=ADVANCED_FACE('',(#953),#496,.T.);
#8013=ADVANCED_FACE('',(#954),#497,.T.);
#8014=ADVANCED_FACE('',(#955),#498,.T.);
#8015=ADVANCED_FACE('',(#956),#499,.T.);
#8016=ADVANCED_FACE('',(#957),#500,.T.);
#8017=ADVANCED_FACE('',(#958),#501,.T.);
#8018=ADVANCED_FACE('',(#959),#502,.T.);
#8019=ADVANCED_FACE('',(#960),#503,.F.);
#8020=ADVANCED_FACE('',(#961),#504,.T.);
#8021=ADVANCED_FACE('',(#962),#505,.T.);
#8022=ADVANCED_FACE('',(#963),#7593,.T.);
#8023=ADVANCED_FACE('',(#964),#506,.T.);
#8024=ADVANCED_FACE('',(#965),#507,.T.);
#8025=ADVANCED_FACE('',(#966),#7594,.F.);
#8026=ADVANCED_FACE('',(#967),#508,.T.);
#8027=ADVANCED_FACE('',(#968),#509,.T.);
#8028=ADVANCED_FACE('',(#969),#510,.T.);
#8029=ADVANCED_FACE('',(#970),#511,.T.);
#8030=ADVANCED_FACE('',(#971),#512,.T.);
#8031=ADVANCED_FACE('',(#972),#513,.T.);
#8032=ADVANCED_FACE('',(#973),#514,.T.);
#8033=ADVANCED_FACE('',(#974),#515,.T.);
#8034=ADVANCED_FACE('',(#975),#516,.T.);
#8035=ADVANCED_FACE('',(#976),#517,.T.);
#8036=ADVANCED_FACE('',(#977),#518,.T.);
#8037=ADVANCED_FACE('',(#978),#519,.T.);
#8038=ADVANCED_FACE('',(#979),#520,.F.);
#8039=ADVANCED_FACE('',(#980),#521,.T.);
#8040=ADVANCED_FACE('',(#981),#7595,.T.);
#8041=ADVANCED_FACE('',(#982),#522,.T.);
#8042=ADVANCED_FACE('',(#983),#523,.T.);
#8043=ADVANCED_FACE('',(#984),#7596,.F.);
#8044=ADVANCED_FACE('',(#985),#524,.T.);
#8045=ADVANCED_FACE('',(#986),#525,.T.);
#8046=ADVANCED_FACE('',(#987),#526,.T.);
#8047=ADVANCED_FACE('',(#988),#527,.T.);
#8048=ADVANCED_FACE('',(#989),#528,.T.);
#8049=ADVANCED_FACE('',(#990),#529,.T.);
#8050=ADVANCED_FACE('',(#991),#530,.T.);
#8051=ADVANCED_FACE('',(#992),#531,.T.);
#8052=ADVANCED_FACE('',(#993),#532,.T.);
#8053=ADVANCED_FACE('',(#994),#533,.T.);
#8054=ADVANCED_FACE('',(#995),#534,.T.);
#8055=ADVANCED_FACE('',(#996),#535,.F.);
#8056=ADVANCED_FACE('',(#997),#536,.T.);
#8057=ADVANCED_FACE('',(#998),#537,.T.);
#8058=CLOSED_SHELL('',(#7597,#7598,#7599,#7600,#7601,#7602,#7603,#7604,
#7605,#7606,#7607,#7608,#7609,#7610,#7611,#7612,#7613,#7614,#7615,#7616,
#7617,#7618,#7619,#7620,#7621,#7622,#7623,#7624,#7625,#7626,#7627,#7628,
#7629,#7630,#7631,#7632,#7633,#7634,#7635,#7636,#7637,#7638,#7639,#7640,
#7641,#7642,#7643,#7644,#7645,#7646,#7647,#7648,#7649,#7650,#7651,#7652,
#7653,#7654,#7655,#7656,#7657,#7658,#7659,#7660,#7661,#7662,#7663,#7664,
#7665,#7666,#7667,#7668,#7669,#7670,#7671,#7672,#7673,#7674,#7675,#7676,
#7677,#7678,#7679,#7680,#7681,#7682,#7683,#7684,#7685,#7686,#7687,#7688,
#7689,#7690,#7691,#7692,#7693,#7694,#7695,#7696,#7697,#7698,#7699,#7700,
#7701,#7702,#7703,#7704,#7705,#7706,#7707,#7708,#7709,#7710,#7711,#7712,
#7713,#7714,#7715,#7716,#7717,#7718,#7719,#7720,#7721,#7722,#7723,#7724,
#7725,#7726,#7727,#7728,#7729,#7730,#7731,#7732,#7733,#7734,#7735,#7736,
#7737,#7738,#7739,#7740,#7741,#7742,#7743,#7744,#7745,#7746,#7747,#7748,
#7749,#7750,#7751,#7752,#7753,#7754,#7755,#7756,#7757,#7758,#7759,#7760,
#7761,#7762,#7763,#7764,#7765,#7766,#7767,#7768,#7769,#7770,#7771,#7772,
#7773,#7774,#7775,#7776,#7777));
#8059=CLOSED_SHELL('',(#7778,#7779,#7780,#7781,#7782,#7783,#7784,#7785,
#7786,#7787,#7788,#7789,#7790,#7791,#7792,#7793,#7794));
#8060=CLOSED_SHELL('',(#7795,#7796,#7797,#7798,#7799,#7800,#7801,#7802,
#7803,#7804,#7805,#7806,#7807,#7808,#7809,#7810,#7811));
#8061=CLOSED_SHELL('',(#7812,#7813,#7814,#7815,#7816,#7817,#7818,#7819,
#7820,#7821,#7822,#7823,#7824,#7825,#7826,#7827,#7828));
#8062=CLOSED_SHELL('',(#7829,#7830,#7831,#7832,#7833,#7834,#7835,#7836,
#7837,#7838,#7839,#7840,#7841,#7842,#7843,#7844,#7845));
#8063=CLOSED_SHELL('',(#7846,#7847,#7848,#7849,#7850,#7851,#7852,#7853,
#7854,#7855,#7856,#7857,#7858,#7859,#7860,#7861,#7862));
#8064=CLOSED_SHELL('',(#7863,#7864,#7865,#7866,#7867,#7868,#7869,#7870,
#7871,#7872,#7873,#7874,#7875,#7876,#7877,#7878,#7879));
#8065=CLOSED_SHELL('',(#7880,#7881,#7882,#7883,#7884,#7885,#7886,#7887,
#7888,#7889,#7890,#7891,#7892,#7893,#7894,#7895,#7896));
#8066=CLOSED_SHELL('',(#7897,#7898,#7899,#7900,#7901,#7902,#7903,#7904,
#7905,#7906,#7907,#7908,#7909,#7910,#7911,#7912,#7913));
#8067=CLOSED_SHELL('',(#7914,#7915,#7916,#7917,#7918,#7919,#7920,#7921,
#7922,#7923,#7924,#7925,#7926,#7927,#7928,#7929,#7930,#7931));
#8068=CLOSED_SHELL('',(#7932,#7933,#7934,#7935,#7936,#7937,#7938,#7939,
#7940,#7941,#7942,#7943,#7944,#7945,#7946,#7947,#7948,#7949));
#8069=CLOSED_SHELL('',(#7950,#7951,#7952,#7953,#7954,#7955,#7956,#7957,
#7958,#7959,#7960,#7961,#7962,#7963,#7964,#7965,#7966,#7967));
#8070=CLOSED_SHELL('',(#7968,#7969,#7970,#7971,#7972,#7973,#7974,#7975,
#7976,#7977,#7978,#7979,#7980,#7981,#7982,#7983,#7984,#7985));
#8071=CLOSED_SHELL('',(#7986,#7987,#7988,#7989,#7990,#7991,#7992,#7993,
#7994,#7995,#7996,#7997,#7998,#7999,#8000,#8001,#8002,#8003));
#8072=CLOSED_SHELL('',(#8004,#8005,#8006,#8007,#8008,#8009,#8010,#8011,
#8012,#8013,#8014,#8015,#8016,#8017,#8018,#8019,#8020,#8021));
#8073=CLOSED_SHELL('',(#8022,#8023,#8024,#8025,#8026,#8027,#8028,#8029,
#8030,#8031,#8032,#8033,#8034,#8035,#8036,#8037,#8038,#8039));
#8074=CLOSED_SHELL('',(#8040,#8041,#8042,#8043,#8044,#8045,#8046,#8047,
#8048,#8049,#8050,#8051,#8052,#8053,#8054,#8055,#8056,#8057));
#8075=DERIVED_UNIT_ELEMENT(#8077,1.);
#8076=DERIVED_UNIT_ELEMENT(#12950,-3.);
#8077=(
MASS_UNIT()
NAMED_UNIT(*)
SI_UNIT(.KILO.,.GRAM.)
);
#8078=DERIVED_UNIT((#8075,#8076));
#8079=MEASURE_REPRESENTATION_ITEM('density measure',
POSITIVE_RATIO_MEASURE(1060.),#8078);
#8080=PROPERTY_DEFINITION_REPRESENTATION(#8085,#8082);
#8081=PROPERTY_DEFINITION_REPRESENTATION(#8086,#8083);
#8082=REPRESENTATION('material name',(#8084),#12947);
#8083=REPRESENTATION('density',(#8079),#12947);
#8084=DESCRIPTIVE_REPRESENTATION_ITEM('ABS Plastic','ABS Plastic');
#8085=PROPERTY_DEFINITION('material property','material name',#12957);
#8086=PROPERTY_DEFINITION('material property','density of part',#12957);
#8087=AXIS2_PLACEMENT_3D('',#10692,#8617,#8618);
#8088=AXIS2_PLACEMENT_3D('',#10693,#8619,#8620);
#8089=AXIS2_PLACEMENT_3D('',#10696,#8621,#8622);
#8090=AXIS2_PLACEMENT_3D('',#10700,#8624,#8625);
#8091=AXIS2_PLACEMENT_3D('',#10702,#8627,#8628);
#8092=AXIS2_PLACEMENT_3D('',#10716,#8636,#8637);
#8093=AXIS2_PLACEMENT_3D('',#10731,#8645,#8646);
#8094=AXIS2_PLACEMENT_3D('',#10860,#8711,#8712);
#8095=AXIS2_PLACEMENT_3D('',#10862,#8713,#8714);
#8096=AXIS2_PLACEMENT_3D('',#10864,#8716,#8717);
#8097=AXIS2_PLACEMENT_3D('',#11007,#8790,#8791);
#8098=AXIS2_PLACEMENT_3D('',#11009,#8793,#8794);
#8099=AXIS2_PLACEMENT_3D('',#11030,#8801,#8802);
#8100=AXIS2_PLACEMENT_3D('',#11031,#8803,#8804);
#8101=AXIS2_PLACEMENT_3D('',#11032,#8805,#8806);
#8102=AXIS2_PLACEMENT_3D('',#11033,#8807,#8808);
#8103=AXIS2_PLACEMENT_3D('',#11034,#8809,#8810);
#8104=AXIS2_PLACEMENT_3D('',#11035,#8811,#8812);
#8105=AXIS2_PLACEMENT_3D('',#11036,#8813,#8814);
#8106=AXIS2_PLACEMENT_3D('',#11037,#8815,#8816);
#8107=AXIS2_PLACEMENT_3D('',#11038,#8817,#8818);
#8108=AXIS2_PLACEMENT_3D('',#11043,#8820,#8821);
#8109=AXIS2_PLACEMENT_3D('',#11046,#8823,#8824);
#8110=AXIS2_PLACEMENT_3D('',#11047,#8825,#8826);
#8111=AXIS2_PLACEMENT_3D('',#11051,#8828,#8829);
#8112=AXIS2_PLACEMENT_3D('',#11053,#8831,#8832);
#8113=AXIS2_PLACEMENT_3D('',#11059,#8833,#8834);
#8114=AXIS2_PLACEMENT_3D('',#11063,#8835,#8836);
#8115=AXIS2_PLACEMENT_3D('',#11065,#8838,#8839);
#8116=AXIS2_PLACEMENT_3D('',#11067,#8841,#8842);
#8117=AXIS2_PLACEMENT_3D('',#11072,#8844,#8845);
#8118=AXIS2_PLACEMENT_3D('',#11075,#8847,#8848);
#8119=AXIS2_PLACEMENT_3D('',#11076,#8849,#8850);
#8120=AXIS2_PLACEMENT_3D('',#11081,#8853,#8854);
#8121=AXIS2_PLACEMENT_3D('',#11082,#8855,#8856);
#8122=AXIS2_PLACEMENT_3D('',#11091,#8857,#8858);
#8123=AXIS2_PLACEMENT_3D('',#11092,#8859,#8860);
#8124=AXIS2_PLACEMENT_3D('',#11094,#8862,#8863);
#8125=AXIS2_PLACEMENT_3D('',#11096,#8865,#8866);
#8126=AXIS2_PLACEMENT_3D('',#11117,#8873,#8874);
#8127=AXIS2_PLACEMENT_3D('',#11118,#8875,#8876);
#8128=AXIS2_PLACEMENT_3D('',#11119,#8877,#8878);
#8129=AXIS2_PLACEMENT_3D('',#11120,#8879,#8880);
#8130=AXIS2_PLACEMENT_3D('',#11121,#8881,#8882);
#8131=AXIS2_PLACEMENT_3D('',#11122,#8883,#8884);
#8132=AXIS2_PLACEMENT_3D('',#11123,#8885,#8886);
#8133=AXIS2_PLACEMENT_3D('',#11124,#8887,#8888);
#8134=AXIS2_PLACEMENT_3D('',#11125,#8889,#8890);
#8135=AXIS2_PLACEMENT_3D('',#11131,#8894,#8895);
#8136=AXIS2_PLACEMENT_3D('',#11135,#8898,#8899);
#8137=AXIS2_PLACEMENT_3D('',#11139,#8902,#8903);
#8138=AXIS2_PLACEMENT_3D('',#11141,#8905,#8906);
#8139=AXIS2_PLACEMENT_3D('',#11142,#8907,#8908);
#8140=AXIS2_PLACEMENT_3D('',#11148,#8912,#8913);
#8141=AXIS2_PLACEMENT_3D('',#11152,#8916,#8917);
#8142=AXIS2_PLACEMENT_3D('',#11156,#8920,#8921);
#8143=AXIS2_PLACEMENT_3D('',#11158,#8923,#8924);
#8144=AXIS2_PLACEMENT_3D('',#11164,#8928,#8929);
#8145=AXIS2_PLACEMENT_3D('',#11168,#8932,#8933);
#8146=AXIS2_PLACEMENT_3D('',#11172,#8936,#8937);
#8147=AXIS2_PLACEMENT_3D('',#11174,#8939,#8940);
#8148=AXIS2_PLACEMENT_3D('',#11180,#8944,#8945);
#8149=AXIS2_PLACEMENT_3D('',#11184,#8948,#8949);
#8150=AXIS2_PLACEMENT_3D('',#11188,#8952,#8953);
#8151=AXIS2_PLACEMENT_3D('',#11190,#8955,#8956);
#8152=AXIS2_PLACEMENT_3D('',#11196,#8960,#8961);
#8153=AXIS2_PLACEMENT_3D('',#11200,#8964,#8965);
#8154=AXIS2_PLACEMENT_3D('',#11204,#8968,#8969);
#8155=AXIS2_PLACEMENT_3D('',#11206,#8971,#8972);
#8156=AXIS2_PLACEMENT_3D('',#11212,#8976,#8977);
#8157=AXIS2_PLACEMENT_3D('',#11216,#8980,#8981);
#8158=AXIS2_PLACEMENT_3D('',#11220,#8984,#8985);
#8159=AXIS2_PLACEMENT_3D('',#11222,#8987,#8988);
#8160=AXIS2_PLACEMENT_3D('',#11228,#8992,#8993);
#8161=AXIS2_PLACEMENT_3D('',#11232,#8996,#8997);
#8162=AXIS2_PLACEMENT_3D('',#11236,#9000,#9001);
#8163=AXIS2_PLACEMENT_3D('',#11238,#9003,#9004);
#8164=AXIS2_PLACEMENT_3D('',#11244,#9008,#9009);
#8165=AXIS2_PLACEMENT_3D('',#11248,#9012,#9013);
#8166=AXIS2_PLACEMENT_3D('',#11252,#9016,#9017);
#8167=AXIS2_PLACEMENT_3D('',#11254,#9019,#9020);
#8168=AXIS2_PLACEMENT_3D('',#11260,#9024,#9025);
#8169=AXIS2_PLACEMENT_3D('',#11264,#9028,#9029);
#8170=AXIS2_PLACEMENT_3D('',#11268,#9032,#9033);
#8171=AXIS2_PLACEMENT_3D('',#11270,#9035,#9036);
#8172=AXIS2_PLACEMENT_3D('',#11276,#9040,#9041);
#8173=AXIS2_PLACEMENT_3D('',#11280,#9044,#9045);
#8174=AXIS2_PLACEMENT_3D('',#11284,#9048,#9049);
#8175=AXIS2_PLACEMENT_3D('',#11286,#9051,#9052);
#8176=AXIS2_PLACEMENT_3D('',#11292,#9056,#9057);
#8177=AXIS2_PLACEMENT_3D('',#11296,#9060,#9061);
#8178=AXIS2_PLACEMENT_3D('',#11300,#9064,#9065);
#8179=AXIS2_PLACEMENT_3D('',#11302,#9067,#9068);
#8180=AXIS2_PLACEMENT_3D('',#11308,#9072,#9073);
#8181=AXIS2_PLACEMENT_3D('',#11312,#9076,#9077);
#8182=AXIS2_PLACEMENT_3D('',#11316,#9080,#9081);
#8183=AXIS2_PLACEMENT_3D('',#11318,#9083,#9084);
#8184=AXIS2_PLACEMENT_3D('',#11324,#9088,#9089);
#8185=AXIS2_PLACEMENT_3D('',#11328,#9092,#9093);
#8186=AXIS2_PLACEMENT_3D('',#11332,#9096,#9097);
#8187=AXIS2_PLACEMENT_3D('',#11334,#9099,#9100);
#8188=AXIS2_PLACEMENT_3D('',#11340,#9104,#9105);
#8189=AXIS2_PLACEMENT_3D('',#11344,#9108,#9109);
#8190=AXIS2_PLACEMENT_3D('',#11348,#9112,#9113);
#8191=AXIS2_PLACEMENT_3D('',#11350,#9115,#9116);
#8192=AXIS2_PLACEMENT_3D('',#11356,#9120,#9121);
#8193=AXIS2_PLACEMENT_3D('',#11360,#9124,#9125);
#8194=AXIS2_PLACEMENT_3D('',#11364,#9128,#9129);
#8195=AXIS2_PLACEMENT_3D('',#11366,#9131,#9132);
#8196=AXIS2_PLACEMENT_3D('',#11372,#9136,#9137);
#8197=AXIS2_PLACEMENT_3D('',#11376,#9140,#9141);
#8198=AXIS2_PLACEMENT_3D('',#11380,#9144,#9145);
#8199=AXIS2_PLACEMENT_3D('',#11382,#9147,#9148);
#8200=AXIS2_PLACEMENT_3D('',#11388,#9152,#9153);
#8201=AXIS2_PLACEMENT_3D('',#11392,#9156,#9157);
#8202=AXIS2_PLACEMENT_3D('',#11396,#9160,#9161);
#8203=AXIS2_PLACEMENT_3D('',#11398,#9163,#9164);
#8204=AXIS2_PLACEMENT_3D('',#11404,#9168,#9169);
#8205=AXIS2_PLACEMENT_3D('',#11408,#9172,#9173);
#8206=AXIS2_PLACEMENT_3D('',#11412,#9176,#9177);
#8207=AXIS2_PLACEMENT_3D('',#11414,#9179,#9180);
#8208=AXIS2_PLACEMENT_3D('',#11415,#9181,#9182);
#8209=AXIS2_PLACEMENT_3D('',#11421,#9186,#9187);
#8210=AXIS2_PLACEMENT_3D('',#11425,#9190,#9191);
#8211=AXIS2_PLACEMENT_3D('',#11429,#9194,#9195);
#8212=AXIS2_PLACEMENT_3D('',#11431,#9197,#9198);
#8213=AXIS2_PLACEMENT_3D('',#11432,#9199,#9200);
#8214=AXIS2_PLACEMENT_3D('',#11438,#9204,#9205);
#8215=AXIS2_PLACEMENT_3D('',#11442,#9208,#9209);
#8216=AXIS2_PLACEMENT_3D('',#11446,#9212,#9213);
#8217=AXIS2_PLACEMENT_3D('',#11448,#9215,#9216);
#8218=AXIS2_PLACEMENT_3D('',#11449,#9217,#9218);
#8219=AXIS2_PLACEMENT_3D('',#11455,#9222,#9223);
#8220=AXIS2_PLACEMENT_3D('',#11459,#9226,#9227);
#8221=AXIS2_PLACEMENT_3D('',#11463,#9230,#9231);
#8222=AXIS2_PLACEMENT_3D('',#11465,#9233,#9234);
#8223=AXIS2_PLACEMENT_3D('',#11466,#9235,#9236);
#8224=AXIS2_PLACEMENT_3D('',#11472,#9240,#9241);
#8225=AXIS2_PLACEMENT_3D('',#11476,#9244,#9245);
#8226=AXIS2_PLACEMENT_3D('',#11480,#9248,#9249);
#8227=AXIS2_PLACEMENT_3D('',#11482,#9251,#9252);
#8228=AXIS2_PLACEMENT_3D('',#11483,#9253,#9254);
#8229=AXIS2_PLACEMENT_3D('',#11489,#9258,#9259);
#8230=AXIS2_PLACEMENT_3D('',#11493,#9262,#9263);
#8231=AXIS2_PLACEMENT_3D('',#11497,#9266,#9267);
#8232=AXIS2_PLACEMENT_3D('',#11499,#9269,#9270);
#8233=AXIS2_PLACEMENT_3D('',#11500,#9271,#9272);
#8234=AXIS2_PLACEMENT_3D('',#11506,#9276,#9277);
#8235=AXIS2_PLACEMENT_3D('',#11510,#9280,#9281);
#8236=AXIS2_PLACEMENT_3D('',#11514,#9284,#9285);
#8237=AXIS2_PLACEMENT_3D('',#11516,#9287,#9288);
#8238=AXIS2_PLACEMENT_3D('',#11517,#9289,#9290);
#8239=AXIS2_PLACEMENT_3D('',#11523,#9294,#9295);
#8240=AXIS2_PLACEMENT_3D('',#11527,#9298,#9299);
#8241=AXIS2_PLACEMENT_3D('',#11531,#9302,#9303);
#8242=AXIS2_PLACEMENT_3D('',#11533,#9305,#9306);
#8243=AXIS2_PLACEMENT_3D('',#11534,#9307,#9308);
#8244=AXIS2_PLACEMENT_3D('',#11540,#9312,#9313);
#8245=AXIS2_PLACEMENT_3D('',#11544,#9316,#9317);
#8246=AXIS2_PLACEMENT_3D('',#11548,#9320,#9321);
#8247=AXIS2_PLACEMENT_3D('',#11550,#9323,#9324);
#8248=AXIS2_PLACEMENT_3D('',#11551,#9325,#9326);
#8249=AXIS2_PLACEMENT_3D('',#11557,#9330,#9331);
#8250=AXIS2_PLACEMENT_3D('',#11561,#9334,#9335);
#8251=AXIS2_PLACEMENT_3D('',#11565,#9338,#9339);
#8252=AXIS2_PLACEMENT_3D('',#11567,#9341,#9342);
#8253=AXIS2_PLACEMENT_3D('',#11568,#9343,#9344);
#8254=AXIS2_PLACEMENT_3D('',#11574,#9348,#9349);
#8255=AXIS2_PLACEMENT_3D('',#11578,#9352,#9353);
#8256=AXIS2_PLACEMENT_3D('',#11582,#9356,#9357);
#8257=AXIS2_PLACEMENT_3D('',#11584,#9359,#9360);
#8258=AXIS2_PLACEMENT_3D('',#11585,#9361,#9362);
#8259=AXIS2_PLACEMENT_3D('',#11591,#9366,#9367);
#8260=AXIS2_PLACEMENT_3D('',#11595,#9370,#9371);
#8261=AXIS2_PLACEMENT_3D('',#11599,#9374,#9375);
#8262=AXIS2_PLACEMENT_3D('',#11601,#9377,#9378);
#8263=AXIS2_PLACEMENT_3D('',#11602,#9379,#9380);
#8264=AXIS2_PLACEMENT_3D('',#11608,#9384,#9385);
#8265=AXIS2_PLACEMENT_3D('',#11612,#9388,#9389);
#8266=AXIS2_PLACEMENT_3D('',#11616,#9392,#9393);
#8267=AXIS2_PLACEMENT_3D('',#11618,#9395,#9396);
#8268=AXIS2_PLACEMENT_3D('',#11619,#9397,#9398);
#8269=AXIS2_PLACEMENT_3D('',#11625,#9402,#9403);
#8270=AXIS2_PLACEMENT_3D('',#11629,#9406,#9407);
#8271=AXIS2_PLACEMENT_3D('',#11633,#9410,#9411);
#8272=AXIS2_PLACEMENT_3D('',#11635,#9413,#9414);
#8273=AXIS2_PLACEMENT_3D('',#11636,#9415,#9416);
#8274=AXIS2_PLACEMENT_3D('',#11642,#9420,#9421);
#8275=AXIS2_PLACEMENT_3D('',#11646,#9424,#9425);
#8276=AXIS2_PLACEMENT_3D('',#11650,#9428,#9429);
#8277=AXIS2_PLACEMENT_3D('',#11652,#9431,#9432);
#8278=AXIS2_PLACEMENT_3D('',#11653,#9433,#9434);
#8279=AXIS2_PLACEMENT_3D('',#11659,#9438,#9439);
#8280=AXIS2_PLACEMENT_3D('',#11663,#9442,#9443);
#8281=AXIS2_PLACEMENT_3D('',#11667,#9446,#9447);
#8282=AXIS2_PLACEMENT_3D('',#11669,#9449,#9450);
#8283=AXIS2_PLACEMENT_3D('',#11670,#9451,#9452);
#8284=AXIS2_PLACEMENT_3D('',#11673,#9455,#9456);
#8285=AXIS2_PLACEMENT_3D('',#11674,#9457,#9458);
#8286=AXIS2_PLACEMENT_3D('',#11677,#9461,#9462);
#8287=AXIS2_PLACEMENT_3D('',#11679,#9464,#9465);
#8288=AXIS2_PLACEMENT_3D('',#11680,#9466,#9467);
#8289=AXIS2_PLACEMENT_3D('',#11681,#9468,#9469);
#8290=AXIS2_PLACEMENT_3D('',#11690,#9474,#9475);
#8291=AXIS2_PLACEMENT_3D('',#11696,#9479,#9480);
#8292=AXIS2_PLACEMENT_3D('',#11702,#9484,#9485);
#8293=AXIS2_PLACEMENT_3D('',#11705,#9488,#9489);
#8294=AXIS2_PLACEMENT_3D('',#11711,#9493,#9494);
#8295=AXIS2_PLACEMENT_3D('',#11720,#9499,#9500);
#8296=AXIS2_PLACEMENT_3D('',#11721,#9501,#9502);
#8297=AXIS2_PLACEMENT_3D('',#11722,#9503,#9504);
#8298=AXIS2_PLACEMENT_3D('',#11730,#9509,#9510);
#8299=AXIS2_PLACEMENT_3D('',#11736,#9514,#9515);
#8300=AXIS2_PLACEMENT_3D('',#11741,#9519,#9520);
#8301=AXIS2_PLACEMENT_3D('',#11743,#9522,#9523);
#8302=AXIS2_PLACEMENT_3D('',#11747,#9526,#9527);
#8303=AXIS2_PLACEMENT_3D('',#11748,#9528,#9529);
#8304=AXIS2_PLACEMENT_3D('',#11749,#9530,#9531);
#8305=AXIS2_PLACEMENT_3D('',#11750,#9532,#9533);
#8306=AXIS2_PLACEMENT_3D('',#11754,#9536,#9537);
#8307=AXIS2_PLACEMENT_3D('',#11756,#9539,#9540);
#8308=AXIS2_PLACEMENT_3D('',#11757,#9541,#9542);
#8309=AXIS2_PLACEMENT_3D('',#11766,#9547,#9548);
#8310=AXIS2_PLACEMENT_3D('',#11772,#9552,#9553);
#8311=AXIS2_PLACEMENT_3D('',#11778,#9557,#9558);
#8312=AXIS2_PLACEMENT_3D('',#11781,#9561,#9562);
#8313=AXIS2_PLACEMENT_3D('',#11787,#9566,#9567);
#8314=AXIS2_PLACEMENT_3D('',#11796,#9572,#9573);
#8315=AXIS2_PLACEMENT_3D('',#11797,#9574,#9575);
#8316=AXIS2_PLACEMENT_3D('',#11798,#9576,#9577);
#8317=AXIS2_PLACEMENT_3D('',#11806,#9582,#9583);
#8318=AXIS2_PLACEMENT_3D('',#11812,#9587,#9588);
#8319=AXIS2_PLACEMENT_3D('',#11817,#9592,#9593);
#8320=AXIS2_PLACEMENT_3D('',#11819,#9595,#9596);
#8321=AXIS2_PLACEMENT_3D('',#11823,#9599,#9600);
#8322=AXIS2_PLACEMENT_3D('',#11824,#9601,#9602);
#8323=AXIS2_PLACEMENT_3D('',#11825,#9603,#9604);
#8324=AXIS2_PLACEMENT_3D('',#11826,#9605,#9606);
#8325=AXIS2_PLACEMENT_3D('',#11830,#9609,#9610);
#8326=AXIS2_PLACEMENT_3D('',#11832,#9612,#9613);
#8327=AXIS2_PLACEMENT_3D('',#11833,#9614,#9615);
#8328=AXIS2_PLACEMENT_3D('',#11842,#9620,#9621);
#8329=AXIS2_PLACEMENT_3D('',#11848,#9625,#9626);
#8330=AXIS2_PLACEMENT_3D('',#11854,#9630,#9631);
#8331=AXIS2_PLACEMENT_3D('',#11857,#9634,#9635);
#8332=AXIS2_PLACEMENT_3D('',#11863,#9639,#9640);
#8333=AXIS2_PLACEMENT_3D('',#11872,#9645,#9646);
#8334=AXIS2_PLACEMENT_3D('',#11873,#9647,#9648);
#8335=AXIS2_PLACEMENT_3D('',#11874,#9649,#9650);
#8336=AXIS2_PLACEMENT_3D('',#11882,#9655,#9656);
#8337=AXIS2_PLACEMENT_3D('',#11888,#9660,#9661);
#8338=AXIS2_PLACEMENT_3D('',#11893,#9665,#9666);
#8339=AXIS2_PLACEMENT_3D('',#11895,#9668,#9669);
#8340=AXIS2_PLACEMENT_3D('',#11899,#9672,#9673);
#8341=AXIS2_PLACEMENT_3D('',#11900,#9674,#9675);
#8342=AXIS2_PLACEMENT_3D('',#11901,#9676,#9677);
#8343=AXIS2_PLACEMENT_3D('',#11902,#9678,#9679);
#8344=AXIS2_PLACEMENT_3D('',#11906,#9682,#9683);
#8345=AXIS2_PLACEMENT_3D('',#11908,#9685,#9686);
#8346=AXIS2_PLACEMENT_3D('',#11909,#9687,#9688);
#8347=AXIS2_PLACEMENT_3D('',#11918,#9693,#9694);
#8348=AXIS2_PLACEMENT_3D('',#11924,#9698,#9699);
#8349=AXIS2_PLACEMENT_3D('',#11930,#9703,#9704);
#8350=AXIS2_PLACEMENT_3D('',#11933,#9707,#9708);
#8351=AXIS2_PLACEMENT_3D('',#11939,#9712,#9713);
#8352=AXIS2_PLACEMENT_3D('',#11948,#9718,#9719);
#8353=AXIS2_PLACEMENT_3D('',#11949,#9720,#9721);
#8354=AXIS2_PLACEMENT_3D('',#11950,#9722,#9723);
#8355=AXIS2_PLACEMENT_3D('',#11958,#9728,#9729);
#8356=AXIS2_PLACEMENT_3D('',#11964,#9733,#9734);
#8357=AXIS2_PLACEMENT_3D('',#11969,#9738,#9739);
#8358=AXIS2_PLACEMENT_3D('',#11971,#9741,#9742);
#8359=AXIS2_PLACEMENT_3D('',#11975,#9745,#9746);
#8360=AXIS2_PLACEMENT_3D('',#11976,#9747,#9748);
#8361=AXIS2_PLACEMENT_3D('',#11977,#9749,#9750);
#8362=AXIS2_PLACEMENT_3D('',#11978,#9751,#9752);
#8363=AXIS2_PLACEMENT_3D('',#11982,#9755,#9756);
#8364=AXIS2_PLACEMENT_3D('',#11984,#9758,#9759);
#8365=AXIS2_PLACEMENT_3D('',#11985,#9760,#9761);
#8366=AXIS2_PLACEMENT_3D('',#11994,#9766,#9767);
#8367=AXIS2_PLACEMENT_3D('',#12000,#9771,#9772);
#8368=AXIS2_PLACEMENT_3D('',#12006,#9776,#9777);
#8369=AXIS2_PLACEMENT_3D('',#12009,#9780,#9781);
#8370=AXIS2_PLACEMENT_3D('',#12015,#9785,#9786);
#8371=AXIS2_PLACEMENT_3D('',#12024,#9791,#9792);
#8372=AXIS2_PLACEMENT_3D('',#12025,#9793,#9794);
#8373=AXIS2_PLACEMENT_3D('',#12026,#9795,#9796);
#8374=AXIS2_PLACEMENT_3D('',#12034,#9801,#9802);
#8375=AXIS2_PLACEMENT_3D('',#12040,#9806,#9807);
#8376=AXIS2_PLACEMENT_3D('',#12045,#9811,#9812);
#8377=AXIS2_PLACEMENT_3D('',#12047,#9814,#9815);
#8378=AXIS2_PLACEMENT_3D('',#12051,#9818,#9819);
#8379=AXIS2_PLACEMENT_3D('',#12052,#9820,#9821);
#8380=AXIS2_PLACEMENT_3D('',#12053,#9822,#9823);
#8381=AXIS2_PLACEMENT_3D('',#12054,#9824,#9825);
#8382=AXIS2_PLACEMENT_3D('',#12058,#9828,#9829);
#8383=AXIS2_PLACEMENT_3D('',#12060,#9831,#9832);
#8384=AXIS2_PLACEMENT_3D('',#12061,#9833,#9834);
#8385=AXIS2_PLACEMENT_3D('',#12070,#9839,#9840);
#8386=AXIS2_PLACEMENT_3D('',#12076,#9844,#9845);
#8387=AXIS2_PLACEMENT_3D('',#12082,#9849,#9850);
#8388=AXIS2_PLACEMENT_3D('',#12085,#9853,#9854);
#8389=AXIS2_PLACEMENT_3D('',#12091,#9858,#9859);
#8390=AXIS2_PLACEMENT_3D('',#12100,#9864,#9865);
#8391=AXIS2_PLACEMENT_3D('',#12101,#9866,#9867);
#8392=AXIS2_PLACEMENT_3D('',#12102,#9868,#9869);
#8393=AXIS2_PLACEMENT_3D('',#12110,#9874,#9875);
#8394=AXIS2_PLACEMENT_3D('',#12116,#9879,#9880);
#8395=AXIS2_PLACEMENT_3D('',#12121,#9884,#9885);
#8396=AXIS2_PLACEMENT_3D('',#12123,#9887,#9888);
#8397=AXIS2_PLACEMENT_3D('',#12127,#9891,#9892);
#8398=AXIS2_PLACEMENT_3D('',#12128,#9893,#9894);
#8399=AXIS2_PLACEMENT_3D('',#12129,#9895,#9896);
#8400=AXIS2_PLACEMENT_3D('',#12130,#9897,#9898);
#8401=AXIS2_PLACEMENT_3D('',#12134,#9901,#9902);
#8402=AXIS2_PLACEMENT_3D('',#12136,#9904,#9905);
#8403=AXIS2_PLACEMENT_3D('',#12137,#9906,#9907);
#8404=AXIS2_PLACEMENT_3D('',#12146,#9912,#9913);
#8405=AXIS2_PLACEMENT_3D('',#12152,#9917,#9918);
#8406=AXIS2_PLACEMENT_3D('',#12158,#9922,#9923);
#8407=AXIS2_PLACEMENT_3D('',#12161,#9926,#9927);
#8408=AXIS2_PLACEMENT_3D('',#12167,#9931,#9932);
#8409=AXIS2_PLACEMENT_3D('',#12176,#9937,#9938);
#8410=AXIS2_PLACEMENT_3D('',#12177,#9939,#9940);
#8411=AXIS2_PLACEMENT_3D('',#12178,#9941,#9942);
#8412=AXIS2_PLACEMENT_3D('',#12186,#9947,#9948);
#8413=AXIS2_PLACEMENT_3D('',#12192,#9952,#9953);
#8414=AXIS2_PLACEMENT_3D('',#12197,#9957,#9958);
#8415=AXIS2_PLACEMENT_3D('',#12199,#9960,#9961);
#8416=AXIS2_PLACEMENT_3D('',#12203,#9964,#9965);
#8417=AXIS2_PLACEMENT_3D('',#12204,#9966,#9967);
#8418=AXIS2_PLACEMENT_3D('',#12205,#9968,#9969);
#8419=AXIS2_PLACEMENT_3D('',#12206,#9970,#9971);
#8420=AXIS2_PLACEMENT_3D('',#12210,#9974,#9975);
#8421=AXIS2_PLACEMENT_3D('',#12212,#9977,#9978);
#8422=AXIS2_PLACEMENT_3D('',#12213,#9979,#9980);
#8423=AXIS2_PLACEMENT_3D('',#12222,#9985,#9986);
#8424=AXIS2_PLACEMENT_3D('',#12228,#9990,#9991);
#8425=AXIS2_PLACEMENT_3D('',#12234,#9995,#9996);
#8426=AXIS2_PLACEMENT_3D('',#12237,#9999,#10000);
#8427=AXIS2_PLACEMENT_3D('',#12243,#10004,#10005);
#8428=AXIS2_PLACEMENT_3D('',#12252,#10010,#10011);
#8429=AXIS2_PLACEMENT_3D('',#12253,#10012,#10013);
#8430=AXIS2_PLACEMENT_3D('',#12254,#10014,#10015);
#8431=AXIS2_PLACEMENT_3D('',#12262,#10020,#10021);
#8432=AXIS2_PLACEMENT_3D('',#12268,#10025,#10026);
#8433=AXIS2_PLACEMENT_3D('',#12273,#10030,#10031);
#8434=AXIS2_PLACEMENT_3D('',#12275,#10033,#10034);
#8435=AXIS2_PLACEMENT_3D('',#12279,#10037,#10038);
#8436=AXIS2_PLACEMENT_3D('',#12280,#10039,#10040);
#8437=AXIS2_PLACEMENT_3D('',#12281,#10041,#10042);
#8438=AXIS2_PLACEMENT_3D('',#12282,#10043,#10044);
#8439=AXIS2_PLACEMENT_3D('',#12286,#10047,#10048);
#8440=AXIS2_PLACEMENT_3D('',#12288,#10050,#10051);
#8441=AXIS2_PLACEMENT_3D('',#12289,#10052,#10053);
#8442=AXIS2_PLACEMENT_3D('',#12292,#10054,#10055);
#8443=AXIS2_PLACEMENT_3D('',#12296,#10057,#10058);
#8444=AXIS2_PLACEMENT_3D('',#12298,#10060,#10061);
#8445=AXIS2_PLACEMENT_3D('',#12306,#10065,#10066);
#8446=AXIS2_PLACEMENT_3D('',#12312,#10070,#10071);
#8447=AXIS2_PLACEMENT_3D('',#12316,#10074,#10075);
#8448=AXIS2_PLACEMENT_3D('',#12320,#10077,#10078);
#8449=AXIS2_PLACEMENT_3D('',#12322,#10080,#10081);
#8450=AXIS2_PLACEMENT_3D('',#12326,#10084,#10085);
#8451=AXIS2_PLACEMENT_3D('',#12332,#10089,#10090);
#8452=AXIS2_PLACEMENT_3D('',#12336,#10093,#10094);
#8453=AXIS2_PLACEMENT_3D('',#12341,#10098,#10099);
#8454=AXIS2_PLACEMENT_3D('',#12343,#10101,#10102);
#8455=AXIS2_PLACEMENT_3D('',#12344,#10103,#10104);
#8456=AXIS2_PLACEMENT_3D('',#12352,#10109,#10110);
#8457=AXIS2_PLACEMENT_3D('',#12358,#10114,#10115);
#8458=AXIS2_PLACEMENT_3D('',#12363,#10119,#10120);
#8459=AXIS2_PLACEMENT_3D('',#12365,#10122,#10123);
#8460=AXIS2_PLACEMENT_3D('',#12367,#10125,#10126);
#8461=AXIS2_PLACEMENT_3D('',#12368,#10127,#10128);
#8462=AXIS2_PLACEMENT_3D('',#12370,#10130,#10131);
#8463=AXIS2_PLACEMENT_3D('',#12371,#10132,#10133);
#8464=AXIS2_PLACEMENT_3D('',#12374,#10134,#10135);
#8465=AXIS2_PLACEMENT_3D('',#12378,#10137,#10138);
#8466=AXIS2_PLACEMENT_3D('',#12380,#10140,#10141);
#8467=AXIS2_PLACEMENT_3D('',#12388,#10145,#10146);
#8468=AXIS2_PLACEMENT_3D('',#12394,#10150,#10151);
#8469=AXIS2_PLACEMENT_3D('',#12398,#10154,#10155);
#8470=AXIS2_PLACEMENT_3D('',#12402,#10157,#10158);
#8471=AXIS2_PLACEMENT_3D('',#12404,#10160,#10161);
#8472=AXIS2_PLACEMENT_3D('',#12408,#10164,#10165);
#8473=AXIS2_PLACEMENT_3D('',#12414,#10169,#10170);
#8474=AXIS2_PLACEMENT_3D('',#12418,#10173,#10174);
#8475=AXIS2_PLACEMENT_3D('',#12423,#10178,#10179);
#8476=AXIS2_PLACEMENT_3D('',#12425,#10181,#10182);
#8477=AXIS2_PLACEMENT_3D('',#12426,#10183,#10184);
#8478=AXIS2_PLACEMENT_3D('',#12434,#10189,#10190);
#8479=AXIS2_PLACEMENT_3D('',#12440,#10194,#10195);
#8480=AXIS2_PLACEMENT_3D('',#12445,#10199,#10200);
#8481=AXIS2_PLACEMENT_3D('',#12447,#10202,#10203);
#8482=AXIS2_PLACEMENT_3D('',#12449,#10205,#10206);
#8483=AXIS2_PLACEMENT_3D('',#12450,#10207,#10208);
#8484=AXIS2_PLACEMENT_3D('',#12452,#10210,#10211);
#8485=AXIS2_PLACEMENT_3D('',#12453,#10212,#10213);
#8486=AXIS2_PLACEMENT_3D('',#12456,#10214,#10215);
#8487=AXIS2_PLACEMENT_3D('',#12460,#10217,#10218);
#8488=AXIS2_PLACEMENT_3D('',#12462,#10220,#10221);
#8489=AXIS2_PLACEMENT_3D('',#12470,#10225,#10226);
#8490=AXIS2_PLACEMENT_3D('',#12476,#10230,#10231);
#8491=AXIS2_PLACEMENT_3D('',#12480,#10234,#10235);
#8492=AXIS2_PLACEMENT_3D('',#12484,#10237,#10238);
#8493=AXIS2_PLACEMENT_3D('',#12486,#10240,#10241);
#8494=AXIS2_PLACEMENT_3D('',#12490,#10244,#10245);
#8495=AXIS2_PLACEMENT_3D('',#12496,#10249,#10250);
#8496=AXIS2_PLACEMENT_3D('',#12500,#10253,#10254);
#8497=AXIS2_PLACEMENT_3D('',#12505,#10258,#10259);
#8498=AXIS2_PLACEMENT_3D('',#12507,#10261,#10262);
#8499=AXIS2_PLACEMENT_3D('',#12508,#10263,#10264);
#8500=AXIS2_PLACEMENT_3D('',#12516,#10269,#10270);
#8501=AXIS2_PLACEMENT_3D('',#12522,#10274,#10275);
#8502=AXIS2_PLACEMENT_3D('',#12527,#10279,#10280);
#8503=AXIS2_PLACEMENT_3D('',#12529,#10282,#10283);
#8504=AXIS2_PLACEMENT_3D('',#12531,#10285,#10286);
#8505=AXIS2_PLACEMENT_3D('',#12532,#10287,#10288);
#8506=AXIS2_PLACEMENT_3D('',#12534,#10290,#10291);
#8507=AXIS2_PLACEMENT_3D('',#12535,#10292,#10293);
#8508=AXIS2_PLACEMENT_3D('',#12538,#10294,#10295);
#8509=AXIS2_PLACEMENT_3D('',#12542,#10297,#10298);
#8510=AXIS2_PLACEMENT_3D('',#12544,#10300,#10301);
#8511=AXIS2_PLACEMENT_3D('',#12552,#10305,#10306);
#8512=AXIS2_PLACEMENT_3D('',#12558,#10310,#10311);
#8513=AXIS2_PLACEMENT_3D('',#12562,#10314,#10315);
#8514=AXIS2_PLACEMENT_3D('',#12566,#10317,#10318);
#8515=AXIS2_PLACEMENT_3D('',#12568,#10320,#10321);
#8516=AXIS2_PLACEMENT_3D('',#12572,#10324,#10325);
#8517=AXIS2_PLACEMENT_3D('',#12578,#10329,#10330);
#8518=AXIS2_PLACEMENT_3D('',#12582,#10333,#10334);
#8519=AXIS2_PLACEMENT_3D('',#12587,#10338,#10339);
#8520=AXIS2_PLACEMENT_3D('',#12589,#10341,#10342);
#8521=AXIS2_PLACEMENT_3D('',#12590,#10343,#10344);
#8522=AXIS2_PLACEMENT_3D('',#12598,#10349,#10350);
#8523=AXIS2_PLACEMENT_3D('',#12604,#10354,#10355);
#8524=AXIS2_PLACEMENT_3D('',#12609,#10359,#10360);
#8525=AXIS2_PLACEMENT_3D('',#12611,#10362,#10363);
#8526=AXIS2_PLACEMENT_3D('',#12613,#10365,#10366);
#8527=AXIS2_PLACEMENT_3D('',#12614,#10367,#10368);
#8528=AXIS2_PLACEMENT_3D('',#12616,#10370,#10371);
#8529=AXIS2_PLACEMENT_3D('',#12617,#10372,#10373);
#8530=AXIS2_PLACEMENT_3D('',#12620,#10374,#10375);
#8531=AXIS2_PLACEMENT_3D('',#12624,#10377,#10378);
#8532=AXIS2_PLACEMENT_3D('',#12626,#10380,#10381);
#8533=AXIS2_PLACEMENT_3D('',#12634,#10385,#10386);
#8534=AXIS2_PLACEMENT_3D('',#12640,#10390,#10391);
#8535=AXIS2_PLACEMENT_3D('',#12644,#10394,#10395);
#8536=AXIS2_PLACEMENT_3D('',#12648,#10397,#10398);
#8537=AXIS2_PLACEMENT_3D('',#12650,#10400,#10401);
#8538=AXIS2_PLACEMENT_3D('',#12654,#10404,#10405);
#8539=AXIS2_PLACEMENT_3D('',#12660,#10409,#10410);
#8540=AXIS2_PLACEMENT_3D('',#12664,#10413,#10414);
#8541=AXIS2_PLACEMENT_3D('',#12669,#10418,#10419);
#8542=AXIS2_PLACEMENT_3D('',#12671,#10421,#10422);
#8543=AXIS2_PLACEMENT_3D('',#12672,#10423,#10424);
#8544=AXIS2_PLACEMENT_3D('',#12680,#10429,#10430);
#8545=AXIS2_PLACEMENT_3D('',#12686,#10434,#10435);
#8546=AXIS2_PLACEMENT_3D('',#12691,#10439,#10440);
#8547=AXIS2_PLACEMENT_3D('',#12693,#10442,#10443);
#8548=AXIS2_PLACEMENT_3D('',#12695,#10445,#10446);
#8549=AXIS2_PLACEMENT_3D('',#12696,#10447,#10448);
#8550=AXIS2_PLACEMENT_3D('',#12698,#10450,#10451);
#8551=AXIS2_PLACEMENT_3D('',#12699,#10452,#10453);
#8552=AXIS2_PLACEMENT_3D('',#12702,#10454,#10455);
#8553=AXIS2_PLACEMENT_3D('',#12706,#10457,#10458);
#8554=AXIS2_PLACEMENT_3D('',#12708,#10460,#10461);
#8555=AXIS2_PLACEMENT_3D('',#12716,#10465,#10466);
#8556=AXIS2_PLACEMENT_3D('',#12722,#10470,#10471);
#8557=AXIS2_PLACEMENT_3D('',#12726,#10474,#10475);
#8558=AXIS2_PLACEMENT_3D('',#12730,#10477,#10478);
#8559=AXIS2_PLACEMENT_3D('',#12732,#10480,#10481);
#8560=AXIS2_PLACEMENT_3D('',#12736,#10484,#10485);
#8561=AXIS2_PLACEMENT_3D('',#12742,#10489,#10490);
#8562=AXIS2_PLACEMENT_3D('',#12746,#10493,#10494);
#8563=AXIS2_PLACEMENT_3D('',#12751,#10498,#10499);
#8564=AXIS2_PLACEMENT_3D('',#12753,#10501,#10502);
#8565=AXIS2_PLACEMENT_3D('',#12754,#10503,#10504);
#8566=AXIS2_PLACEMENT_3D('',#12762,#10509,#10510);
#8567=AXIS2_PLACEMENT_3D('',#12768,#10514,#10515);
#8568=AXIS2_PLACEMENT_3D('',#12773,#10519,#10520);
#8569=AXIS2_PLACEMENT_3D('',#12775,#10522,#10523);
#8570=AXIS2_PLACEMENT_3D('',#12777,#10525,#10526);
#8571=AXIS2_PLACEMENT_3D('',#12778,#10527,#10528);
#8572=AXIS2_PLACEMENT_3D('',#12780,#10530,#10531);
#8573=AXIS2_PLACEMENT_3D('',#12781,#10532,#10533);
#8574=AXIS2_PLACEMENT_3D('',#12784,#10534,#10535);
#8575=AXIS2_PLACEMENT_3D('',#12788,#10537,#10538);
#8576=AXIS2_PLACEMENT_3D('',#12790,#10540,#10541);
#8577=AXIS2_PLACEMENT_3D('',#12798,#10545,#10546);
#8578=AXIS2_PLACEMENT_3D('',#12804,#10550,#10551);
#8579=AXIS2_PLACEMENT_3D('',#12808,#10554,#10555);
#8580=AXIS2_PLACEMENT_3D('',#12812,#10557,#10558);
#8581=AXIS2_PLACEMENT_3D('',#12814,#10560,#10561);
#8582=AXIS2_PLACEMENT_3D('',#12818,#10564,#10565);
#8583=AXIS2_PLACEMENT_3D('',#12824,#10569,#10570);
#8584=AXIS2_PLACEMENT_3D('',#12828,#10573,#10574);
#8585=AXIS2_PLACEMENT_3D('',#12833,#10578,#10579);
#8586=AXIS2_PLACEMENT_3D('',#12835,#10581,#10582);
#8587=AXIS2_PLACEMENT_3D('',#12836,#10583,#10584);
#8588=AXIS2_PLACEMENT_3D('',#12845,#10589,#10590);
#8589=AXIS2_PLACEMENT_3D('',#12850,#10594,#10595);
#8590=AXIS2_PLACEMENT_3D('',#12854,#10598,#10599);
#8591=AXIS2_PLACEMENT_3D('',#12857,#10602,#10603);
#8592=AXIS2_PLACEMENT_3D('',#12859,#10605,#10606);
#8593=AXIS2_PLACEMENT_3D('',#12861,#10608,#10609);
#8594=AXIS2_PLACEMENT_3D('',#12862,#10610,#10611);
#8595=AXIS2_PLACEMENT_3D('',#12863,#10612,#10613);
#8596=AXIS2_PLACEMENT_3D('',#12866,#10614,#10615);
#8597=AXIS2_PLACEMENT_3D('',#12870,#10617,#10618);
#8598=AXIS2_PLACEMENT_3D('',#12872,#10620,#10621);
#8599=AXIS2_PLACEMENT_3D('',#12880,#10625,#10626);
#8600=AXIS2_PLACEMENT_3D('',#12886,#10630,#10631);
#8601=AXIS2_PLACEMENT_3D('',#12890,#10634,#10635);
#8602=AXIS2_PLACEMENT_3D('',#12894,#10637,#10638);
#8603=AXIS2_PLACEMENT_3D('',#12896,#10640,#10641);
#8604=AXIS2_PLACEMENT_3D('',#12900,#10644,#10645);
#8605=AXIS2_PLACEMENT_3D('',#12906,#10649,#10650);
#8606=AXIS2_PLACEMENT_3D('',#12910,#10653,#10654);
#8607=AXIS2_PLACEMENT_3D('',#12915,#10658,#10659);
#8608=AXIS2_PLACEMENT_3D('',#12917,#10661,#10662);
#8609=AXIS2_PLACEMENT_3D('',#12918,#10663,#10664);
#8610=AXIS2_PLACEMENT_3D('',#12926,#10669,#10670);
#8611=AXIS2_PLACEMENT_3D('',#12932,#10674,#10675);
#8612=AXIS2_PLACEMENT_3D('',#12937,#10679,#10680);
#8613=AXIS2_PLACEMENT_3D('',#12939,#10682,#10683);
#8614=AXIS2_PLACEMENT_3D('',#12941,#10685,#10686);
#8615=AXIS2_PLACEMENT_3D('',#12942,#10687,#10688);
#8616=AXIS2_PLACEMENT_3D('',#12944,#10690,#10691);
#8617=DIRECTION('axis',(0.,0.,1.));
#8618=DIRECTION('refdir',(1.,0.,0.));
#8619=DIRECTION('center_axis',(0.,-1.,0.));
#8620=DIRECTION('ref_axis',(-0.707106781186548,0.,0.707106781186548));
#8621=DIRECTION('center_axis',(0.,1.,0.));
#8622=DIRECTION('ref_axis',(-0.707106781186548,0.,0.707106781186548));
#8623=DIRECTION('',(0.,1.,0.));
#8624=DIRECTION('center_axis',(0.,-1.,0.));
#8625=DIRECTION('ref_axis',(-0.707106781186548,0.,0.707106781186548));
#8626=DIRECTION('',(0.,-1.,0.));
#8627=DIRECTION('center_axis',(0.,0.,1.));
#8628=DIRECTION('ref_axis',(1.,0.,0.));
#8629=DIRECTION('',(1.,0.,0.));
#8630=DIRECTION('',(0.,-1.,0.));
#8631=DIRECTION('',(-1.,0.,0.));
#8632=DIRECTION('',(0.,-1.,0.));
#8633=DIRECTION('',(-1.,0.,0.));
#8634=DIRECTION('',(0.,1.,0.));
#8635=DIRECTION('',(-1.,0.,0.));
#8636=DIRECTION('center_axis',(0.,-1.,0.));
#8637=DIRECTION('ref_axis',(1.,0.,0.));
#8638=DIRECTION('',(0.,0.,1.));
#8639=DIRECTION('',(-1.,0.,0.));
#8640=DIRECTION('',(0.,0.,-1.));
#8641=DIRECTION('',(1.,0.,0.));
#8642=DIRECTION('',(0.,0.,-1.));
#8643=DIRECTION('',(-1.,0.,0.));
#8644=DIRECTION('',(0.,0.,1.));
#8645=DIRECTION('center_axis',(0.,1.,0.));
#8646=DIRECTION('ref_axis',(0.707106781186548,0.,0.707106781186548));
#8647=DIRECTION('',(-1.,0.,0.));
#8648=DIRECTION('',(0.,0.,1.));
#8649=DIRECTION('',(1.,0.,0.));
#8650=DIRECTION('',(0.,0.,-1.));
#8651=DIRECTION('',(-1.,0.,0.));
#8652=DIRECTION('',(0.,0.,1.));
#8653=DIRECTION('',(1.,0.,0.));
#8654=DIRECTION('',(0.,0.,-1.));
#8655=DIRECTION('',(-1.,0.,0.));
#8656=DIRECTION('',(0.,0.,1.));
#8657=DIRECTION('',(1.,0.,0.));
#8658=DIRECTION('',(0.,0.,-1.));
#8659=DIRECTION('',(-1.,0.,0.));
#8660=DIRECTION('',(0.,0.,1.));
#8661=DIRECTION('',(1.,0.,0.));
#8662=DIRECTION('',(0.,0.,-1.));
#8663=DIRECTION('',(-1.,0.,0.));
#8664=DIRECTION('',(0.,0.,1.));
#8665=DIRECTION('',(1.,0.,0.));
#8666=DIRECTION('',(0.,0.,-1.));
#8667=DIRECTION('',(-1.,0.,0.));
#8668=DIRECTION('',(0.,0.,1.));
#8669=DIRECTION('',(1.,0.,0.));
#8670=DIRECTION('',(0.,0.,-1.));
#8671=DIRECTION('',(-1.,0.,0.));
#8672=DIRECTION('',(0.,0.,1.));
#8673=DIRECTION('',(1.,0.,0.));
#8674=DIRECTION('',(0.,0.,-1.));
#8675=DIRECTION('',(-1.,0.,0.));
#8676=DIRECTION('',(0.,0.,1.));
#8677=DIRECTION('',(1.,0.,0.));
#8678=DIRECTION('',(0.,0.,-1.));
#8679=DIRECTION('',(-1.,0.,0.));
#8680=DIRECTION('',(0.,0.,1.));
#8681=DIRECTION('',(1.,0.,0.));
#8682=DIRECTION('',(0.,0.,-1.));
#8683=DIRECTION('',(-1.,0.,0.));
#8684=DIRECTION('',(0.,0.,1.));
#8685=DIRECTION('',(1.,0.,0.));
#8686=DIRECTION('',(0.,0.,-1.));
#8687=DIRECTION('',(0.,0.,-1.));
#8688=DIRECTION('',(-1.,0.,0.));
#8689=DIRECTION('',(0.,0.,1.));
#8690=DIRECTION('',(1.,0.,0.));
#8691=DIRECTION('',(-1.,0.,0.));
#8692=DIRECTION('',(0.,0.,1.));
#8693=DIRECTION('',(1.,0.,0.));
#8694=DIRECTION('',(0.,0.,-1.));
#8695=DIRECTION('',(-1.,0.,0.));
#8696=DIRECTION('',(0.,0.,1.));
#8697=DIRECTION('',(1.,0.,0.));
#8698=DIRECTION('',(0.,0.,-1.));
#8699=DIRECTION('',(-1.,0.,0.));
#8700=DIRECTION('',(0.,0.,1.));
#8701=DIRECTION('',(1.,0.,0.));
#8702=DIRECTION('',(0.,0.,-1.));
#8703=DIRECTION('',(-1.,0.,0.));
#8704=DIRECTION('',(0.,0.,1.));
#8705=DIRECTION('',(1.,0.,0.));
#8706=DIRECTION('',(0.,0.,-1.));
#8707=DIRECTION('',(-1.,0.,0.));
#8708=DIRECTION('',(0.,0.,1.));
#8709=DIRECTION('',(1.,0.,0.));
#8710=DIRECTION('',(0.,0.,-1.));
#8711=DIRECTION('center_axis',(0.,1.,0.));
#8712=DIRECTION('ref_axis',(0.707106781186548,0.,0.707106781186548));
#8713=DIRECTION('center_axis',(0.,-1.,0.));
#8714=DIRECTION('ref_axis',(0.707106781186548,0.,0.707106781186548));
#8715=DIRECTION('',(0.,1.,0.));
#8716=DIRECTION('center_axis',(0.,1.,0.));
#8717=DIRECTION('ref_axis',(-1.,0.,0.));
#8718=DIRECTION('',(-1.,0.,0.));
#8719=DIRECTION('',(0.,0.,1.));
#8720=DIRECTION('',(1.,0.,0.));
#8721=DIRECTION('',(0.,0.,-1.));
#8722=DIRECTION('',(-1.,0.,0.));
#8723=DIRECTION('',(0.,0.,-1.));
#8724=DIRECTION('',(1.,0.,0.));
#8725=DIRECTION('',(0.,0.,1.));
#8726=DIRECTION('',(0.,0.,1.));
#8727=DIRECTION('',(-1.,0.,3.00060276925718E-16));
#8728=DIRECTION('',(0.,0.,-1.));
#8729=DIRECTION('',(1.,0.,0.));
#8730=DIRECTION('',(-1.,0.,3.00060276925718E-16));
#8731=DIRECTION('',(0.,0.,-1.));
#8732=DIRECTION('',(1.,0.,0.));
#8733=DIRECTION('',(0.,0.,1.));
#8734=DIRECTION('',(0.,0.,1.));
#8735=DIRECTION('',(-1.,0.,3.00060276925718E-16));
#8736=DIRECTION('',(0.,0.,-1.));
#8737=DIRECTION('',(1.,0.,0.));
#8738=DIRECTION('',(0.,0.,1.));
#8739=DIRECTION('',(-1.,0.,3.00060276925718E-16));
#8740=DIRECTION('',(0.,0.,-1.));
#8741=DIRECTION('',(1.,0.,0.));
#8742=DIRECTION('',(0.,0.,1.));
#8743=DIRECTION('',(-1.,0.,3.00060276925718E-16));
#8744=DIRECTION('',(0.,0.,-1.));
#8745=DIRECTION('',(1.,0.,0.));
#8746=DIRECTION('',(0.,0.,1.));
#8747=DIRECTION('',(-1.,0.,3.00060276925718E-16));
#8748=DIRECTION('',(0.,0.,-1.));
#8749=DIRECTION('',(1.,0.,0.));
#8750=DIRECTION('',(0.,0.,1.));
#8751=DIRECTION('',(-1.,0.,3.00060276925718E-16));
#8752=DIRECTION('',(0.,0.,-1.));
#8753=DIRECTION('',(1.,0.,0.));
#8754=DIRECTION('',(0.,0.,1.));
#8755=DIRECTION('',(-1.,0.,3.00060276925718E-16));
#8756=DIRECTION('',(0.,0.,-1.));
#8757=DIRECTION('',(1.,0.,0.));
#8758=DIRECTION('',(0.,0.,1.));
#8759=DIRECTION('',(-1.,0.,3.00060276925718E-16));
#8760=DIRECTION('',(0.,0.,-1.));
#8761=DIRECTION('',(1.,0.,0.));
#8762=DIRECTION('',(0.,0.,1.));
#8763=DIRECTION('',(-1.,0.,3.00060276925718E-16));
#8764=DIRECTION('',(0.,0.,-1.));
#8765=DIRECTION('',(1.,0.,0.));
#8766=DIRECTION('',(0.,0.,1.));
#8767=DIRECTION('',(-1.,0.,3.00060276925718E-16));
#8768=DIRECTION('',(0.,0.,-1.));
#8769=DIRECTION('',(1.,0.,0.));
#8770=DIRECTION('',(0.,0.,1.));
#8771=DIRECTION('',(-1.,0.,3.00060276925718E-16));
#8772=DIRECTION('',(0.,0.,-1.));
#8773=DIRECTION('',(1.,0.,0.));
#8774=DIRECTION('',(0.,0.,1.));
#8775=DIRECTION('',(-1.,0.,3.00060276925718E-16));
#8776=DIRECTION('',(0.,0.,-1.));
#8777=DIRECTION('',(1.,0.,0.));
#8778=DIRECTION('',(0.,0.,1.));
#8779=DIRECTION('',(-1.,0.,3.00060276925718E-16));
#8780=DIRECTION('',(0.,0.,-1.));
#8781=DIRECTION('',(1.,0.,0.));
#8782=DIRECTION('',(0.,0.,1.));
#8783=DIRECTION('',(-1.,0.,3.00060276925718E-16));
#8784=DIRECTION('',(0.,0.,-1.));
#8785=DIRECTION('',(1.,0.,0.));
#8786=DIRECTION('',(0.,0.,1.));
#8787=DIRECTION('',(-1.,0.,3.00060276925718E-16));
#8788=DIRECTION('',(0.,0.,-1.));
#8789=DIRECTION('',(1.,0.,0.));
#8790=DIRECTION('center_axis',(1.,0.,0.));
#8791=DIRECTION('ref_axis',(0.,1.,0.));
#8792=DIRECTION('',(0.,-1.,0.));
#8793=DIRECTION('center_axis',(1.,0.,0.));
#8794=DIRECTION('ref_axis',(0.,1.,0.));
#8795=DIRECTION('',(0.,1.,0.));
#8796=DIRECTION('',(0.,-1.,0.));
#8797=DIRECTION('',(0.,0.,-1.));
#8798=DIRECTION('',(0.,-1.,0.));
#8799=DIRECTION('',(0.,0.,1.));
#8800=DIRECTION('',(0.,-1.,0.));
#8801=DIRECTION('center_axis',(0.,0.,-1.));
#8802=DIRECTION('ref_axis',(-1.,0.,0.));
#8803=DIRECTION('center_axis',(0.,0.,1.));
#8804=DIRECTION('ref_axis',(1.,0.,0.));
#8805=DIRECTION('center_axis',(0.,0.,1.));
#8806=DIRECTION('ref_axis',(1.,0.,0.));
#8807=DIRECTION('center_axis',(0.,0.,1.));
#8808=DIRECTION('ref_axis',(1.,0.,0.));
#8809=DIRECTION('center_axis',(0.,0.,-1.));
#8810=DIRECTION('ref_axis',(1.,0.,0.));
#8811=DIRECTION('center_axis',(0.,0.,1.));
#8812=DIRECTION('ref_axis',(1.,0.,0.));
#8813=DIRECTION('center_axis',(0.,0.,1.));
#8814=DIRECTION('ref_axis',(1.,0.,0.));
#8815=DIRECTION('center_axis',(0.,0.,1.));
#8816=DIRECTION('ref_axis',(1.,0.,0.));
#8817=DIRECTION('center_axis',(0.,0.,-1.));
#8818=DIRECTION('ref_axis',(-1.,1.22464679914735E-16,0.));
#8819=DIRECTION('',(0.,0.,-1.));
#8820=DIRECTION('center_axis',(0.,0.,1.));
#8821=DIRECTION('ref_axis',(1.,0.,0.));
#8822=DIRECTION('',(0.,0.,1.));
#8823=DIRECTION('center_axis',(0.,0.,1.));
#8824=DIRECTION('ref_axis',(1.,0.,0.));
#8825=DIRECTION('center_axis',(0.,0.,1.));
#8826=DIRECTION('ref_axis',(1.,0.,0.));
#8827=DIRECTION('',(0.,1.,0.));
#8828=DIRECTION('center_axis',(0.,0.,1.));
#8829=DIRECTION('ref_axis',(1.,0.,0.));
#8830=DIRECTION('',(0.,1.,0.));
#8831=DIRECTION('center_axis',(0.,0.,1.));
#8832=DIRECTION('ref_axis',(-1.,1.22464679914735E-16,0.));
#8833=DIRECTION('center_axis',(0.,0.,1.));
#8834=DIRECTION('ref_axis',(1.,0.,0.));
#8835=DIRECTION('center_axis',(0.,0.,-1.));
#8836=DIRECTION('ref_axis',(-1.,0.,0.));
#8837=DIRECTION('',(0.,-1.,0.));
#8838=DIRECTION('center_axis',(-1.,0.,0.));
#8839=DIRECTION('ref_axis',(0.,-1.,0.));
#8840=DIRECTION('',(0.,1.,0.));
#8841=DIRECTION('center_axis',(0.,0.,1.));
#8842=DIRECTION('ref_axis',(1.,1.22464679914735E-16,0.));
#8843=DIRECTION('',(0.,0.,-1.));
#8844=DIRECTION('center_axis',(0.,0.,1.));
#8845=DIRECTION('ref_axis',(-1.,0.,0.));
#8846=DIRECTION('',(0.,0.,1.));
#8847=DIRECTION('center_axis',(0.,0.,-1.));
#8848=DIRECTION('ref_axis',(-1.,0.,0.));
#8849=DIRECTION('center_axis',(0.,0.,-1.));
#8850=DIRECTION('ref_axis',(-1.,0.,0.));
#8851=DIRECTION('',(0.,1.,0.));
#8852=DIRECTION('',(0.,1.,0.));
#8853=DIRECTION('center_axis',(0.,0.,-1.));
#8854=DIRECTION('ref_axis',(-1.,0.,0.));
#8855=DIRECTION('center_axis',(0.,0.,1.));
#8856=DIRECTION('ref_axis',(1.,1.22464679914735E-16,0.));
#8857=DIRECTION('center_axis',(0.,0.,-1.));
#8858=DIRECTION('ref_axis',(-1.,0.,0.));
#8859=DIRECTION('center_axis',(0.,0.,1.));
#8860=DIRECTION('ref_axis',(1.,0.,0.));
#8861=DIRECTION('',(0.,-1.,0.));
#8862=DIRECTION('center_axis',(-1.,0.,0.));
#8863=DIRECTION('ref_axis',(0.,-1.,0.));
#8864=DIRECTION('',(0.,-1.,0.));
#8865=DIRECTION('center_axis',(1.,0.,0.));
#8866=DIRECTION('ref_axis',(0.,1.,0.));
#8867=DIRECTION('',(0.,-1.,0.));
#8868=DIRECTION('',(0.,0.,1.));
#8869=DIRECTION('',(0.,1.,0.));
#8870=DIRECTION('',(0.,0.,-1.));
#8871=DIRECTION('',(0.,-1.,0.));
#8872=DIRECTION('',(0.,1.,0.));
#8873=DIRECTION('center_axis',(0.,0.,1.));
#8874=DIRECTION('ref_axis',(1.,0.,0.));
#8875=DIRECTION('center_axis',(0.,0.,-1.));
#8876=DIRECTION('ref_axis',(-1.,0.,0.));
#8877=DIRECTION('center_axis',(0.,0.,1.));
#8878=DIRECTION('ref_axis',(-1.,0.,0.));
#8879=DIRECTION('center_axis',(0.,0.,-1.));
#8880=DIRECTION('ref_axis',(-1.,0.,0.));
#8881=DIRECTION('center_axis',(0.,0.,1.));
#8882=DIRECTION('ref_axis',(-1.,0.,0.));
#8883=DIRECTION('center_axis',(0.,0.,-1.));
#8884=DIRECTION('ref_axis',(-1.,0.,0.));
#8885=DIRECTION('center_axis',(0.,0.,1.));
#8886=DIRECTION('ref_axis',(-1.,0.,0.));
#8887=DIRECTION('center_axis',(0.,0.,-1.));
#8888=DIRECTION('ref_axis',(-1.,0.,0.));
#8889=DIRECTION('center_axis',(1.,0.,0.));
#8890=DIRECTION('ref_axis',(0.,0.,-1.));
#8891=DIRECTION('',(0.,-1.,0.));
#8892=DIRECTION('',(0.,0.0995037190209989,-0.995037190209989));
#8893=DIRECTION('',(0.,-0.823212841950931,0.567732874551995));
#8894=DIRECTION('center_axis',(0.,-0.995037190209989,-0.0995037190209989));
#8895=DIRECTION('ref_axis',(0.,-0.0995037190209989,0.995037190209989));
#8896=DIRECTION('',(1.,0.,0.));
#8897=DIRECTION('',(0.,-0.0995037190209989,0.995037190209989));
#8898=DIRECTION('center_axis',(0.,0.567732874551995,0.823212841950931));
#8899=DIRECTION('ref_axis',(0.,0.823212841950931,-0.567732874551995));
#8900=DIRECTION('',(0.,0.823212841950931,-0.567732874551995));
#8901=DIRECTION('',(-1.,0.,0.));
#8902=DIRECTION('center_axis',(0.,0.,1.));
#8903=DIRECTION('ref_axis',(0.,1.,0.));
#8904=DIRECTION('',(0.,1.,0.));
#8905=DIRECTION('center_axis',(-1.,0.,0.));
#8906=DIRECTION('ref_axis',(0.,0.,1.));
#8907=DIRECTION('center_axis',(0.,0.,1.));
#8908=DIRECTION('ref_axis',(-1.,0.,0.));
#8909=DIRECTION('',(-1.,0.,0.));
#8910=DIRECTION('',(0.,-1.,0.));
#8911=DIRECTION('',(0.,-1.,0.));
#8912=DIRECTION('center_axis',(-1.,0.,0.));
#8913=DIRECTION('ref_axis',(0.,0.,-1.));
#8914=DIRECTION('',(0.,0.,-1.));
#8915=DIRECTION('',(0.,-1.,0.));
#8916=DIRECTION('center_axis',(0.,0.,-1.));
#8917=DIRECTION('ref_axis',(1.,0.,0.));
#8918=DIRECTION('',(1.,0.,0.));
#8919=DIRECTION('',(0.,-1.,0.));
#8920=DIRECTION('center_axis',(1.,0.,0.));
#8921=DIRECTION('ref_axis',(0.,0.,1.));
#8922=DIRECTION('',(0.,0.,1.));
#8923=DIRECTION('center_axis',(0.,0.,1.));
#8924=DIRECTION('ref_axis',(-1.,0.,0.));
#8925=DIRECTION('',(-1.,0.,0.));
#8926=DIRECTION('',(0.,-1.,0.));
#8927=DIRECTION('',(0.,-1.,0.));
#8928=DIRECTION('center_axis',(-1.,0.,0.));
#8929=DIRECTION('ref_axis',(0.,0.,-1.));
#8930=DIRECTION('',(0.,0.,-1.));
#8931=DIRECTION('',(0.,-1.,0.));
#8932=DIRECTION('center_axis',(0.,0.,-1.));
#8933=DIRECTION('ref_axis',(1.,0.,0.));
#8934=DIRECTION('',(1.,0.,0.));
#8935=DIRECTION('',(0.,-1.,0.));
#8936=DIRECTION('center_axis',(1.,0.,0.));
#8937=DIRECTION('ref_axis',(0.,0.,1.));
#8938=DIRECTION('',(0.,0.,1.));
#8939=DIRECTION('center_axis',(0.,0.,1.));
#8940=DIRECTION('ref_axis',(-1.,0.,0.));
#8941=DIRECTION('',(-1.,0.,0.));
#8942=DIRECTION('',(0.,-1.,0.));
#8943=DIRECTION('',(0.,-1.,0.));
#8944=DIRECTION('center_axis',(-1.,0.,0.));
#8945=DIRECTION('ref_axis',(0.,0.,-1.));
#8946=DIRECTION('',(0.,0.,-1.));
#8947=DIRECTION('',(0.,-1.,0.));
#8948=DIRECTION('center_axis',(0.,0.,-1.));
#8949=DIRECTION('ref_axis',(1.,0.,0.));
#8950=DIRECTION('',(1.,0.,0.));
#8951=DIRECTION('',(0.,-1.,0.));
#8952=DIRECTION('center_axis',(1.,0.,0.));
#8953=DIRECTION('ref_axis',(0.,0.,1.));
#8954=DIRECTION('',(0.,0.,1.));
#8955=DIRECTION('center_axis',(0.,0.,1.));
#8956=DIRECTION('ref_axis',(-1.,0.,0.));
#8957=DIRECTION('',(-1.,0.,0.));
#8958=DIRECTION('',(0.,-1.,0.));
#8959=DIRECTION('',(0.,-1.,0.));
#8960=DIRECTION('center_axis',(-1.,0.,0.));
#8961=DIRECTION('ref_axis',(0.,0.,-1.));
#8962=DIRECTION('',(0.,0.,-1.));
#8963=DIRECTION('',(0.,-1.,0.));
#8964=DIRECTION('center_axis',(0.,0.,-1.));
#8965=DIRECTION('ref_axis',(1.,0.,0.));
#8966=DIRECTION('',(1.,0.,0.));
#8967=DIRECTION('',(0.,-1.,0.));
#8968=DIRECTION('center_axis',(1.,0.,0.));
#8969=DIRECTION('ref_axis',(0.,0.,1.));
#8970=DIRECTION('',(0.,0.,1.));
#8971=DIRECTION('center_axis',(0.,0.,1.));
#8972=DIRECTION('ref_axis',(-1.,0.,0.));
#8973=DIRECTION('',(-1.,0.,0.));
#8974=DIRECTION('',(0.,-1.,0.));
#8975=DIRECTION('',(0.,-1.,0.));
#8976=DIRECTION('center_axis',(-1.,0.,0.));
#8977=DIRECTION('ref_axis',(0.,0.,-1.));
#8978=DIRECTION('',(0.,0.,-1.));
#8979=DIRECTION('',(0.,-1.,0.));
#8980=DIRECTION('center_axis',(0.,0.,-1.));
#8981=DIRECTION('ref_axis',(1.,0.,0.));
#8982=DIRECTION('',(1.,0.,0.));
#8983=DIRECTION('',(0.,-1.,0.));
#8984=DIRECTION('center_axis',(1.,0.,0.));
#8985=DIRECTION('ref_axis',(0.,0.,1.));
#8986=DIRECTION('',(0.,0.,1.));
#8987=DIRECTION('center_axis',(-1.,0.,0.));
#8988=DIRECTION('ref_axis',(0.,0.,-1.));
#8989=DIRECTION('',(0.,0.,-1.));
#8990=DIRECTION('',(0.,-1.,0.));
#8991=DIRECTION('',(0.,-1.,0.));
#8992=DIRECTION('center_axis',(0.,0.,-1.));
#8993=DIRECTION('ref_axis',(1.,0.,0.));
#8994=DIRECTION('',(1.,0.,0.));
#8995=DIRECTION('',(0.,-1.,0.));
#8996=DIRECTION('center_axis',(1.,0.,0.));
#8997=DIRECTION('ref_axis',(0.,0.,1.));
#8998=DIRECTION('',(0.,0.,1.));
#8999=DIRECTION('',(0.,-1.,0.));
#9000=DIRECTION('center_axis',(0.,0.,1.));
#9001=DIRECTION('ref_axis',(-1.,0.,0.));
#9002=DIRECTION('',(-1.,0.,0.));
#9003=DIRECTION('center_axis',(0.,0.,1.));
#9004=DIRECTION('ref_axis',(-1.,0.,0.));
#9005=DIRECTION('',(-1.,0.,0.));
#9006=DIRECTION('',(0.,-1.,0.));
#9007=DIRECTION('',(0.,-1.,0.));
#9008=DIRECTION('center_axis',(-1.,0.,0.));
#9009=DIRECTION('ref_axis',(0.,0.,-1.));
#9010=DIRECTION('',(0.,0.,-1.));
#9011=DIRECTION('',(0.,-1.,0.));
#9012=DIRECTION('center_axis',(0.,0.,-1.));
#9013=DIRECTION('ref_axis',(1.,0.,0.));
#9014=DIRECTION('',(1.,0.,0.));
#9015=DIRECTION('',(0.,-1.,0.));
#9016=DIRECTION('center_axis',(1.,0.,0.));
#9017=DIRECTION('ref_axis',(0.,0.,1.));
#9018=DIRECTION('',(0.,0.,1.));
#9019=DIRECTION('center_axis',(0.,0.,1.));
#9020=DIRECTION('ref_axis',(-1.,0.,0.));
#9021=DIRECTION('',(-1.,0.,0.));
#9022=DIRECTION('',(0.,-1.,0.));
#9023=DIRECTION('',(0.,-1.,0.));
#9024=DIRECTION('center_axis',(-1.,0.,0.));
#9025=DIRECTION('ref_axis',(0.,0.,-1.));
#9026=DIRECTION('',(0.,0.,-1.));
#9027=DIRECTION('',(0.,-1.,0.));
#9028=DIRECTION('center_axis',(0.,0.,-1.));
#9029=DIRECTION('ref_axis',(1.,0.,0.));
#9030=DIRECTION('',(1.,0.,0.));
#9031=DIRECTION('',(0.,-1.,0.));
#9032=DIRECTION('center_axis',(1.,0.,0.));
#9033=DIRECTION('ref_axis',(0.,0.,1.));
#9034=DIRECTION('',(0.,0.,1.));
#9035=DIRECTION('center_axis',(0.,0.,1.));
#9036=DIRECTION('ref_axis',(-1.,0.,0.));
#9037=DIRECTION('',(-1.,0.,0.));
#9038=DIRECTION('',(0.,-1.,0.));
#9039=DIRECTION('',(0.,-1.,0.));
#9040=DIRECTION('center_axis',(-1.,0.,0.));
#9041=DIRECTION('ref_axis',(0.,0.,-1.));
#9042=DIRECTION('',(0.,0.,-1.));
#9043=DIRECTION('',(0.,-1.,0.));
#9044=DIRECTION('center_axis',(0.,0.,-1.));
#9045=DIRECTION('ref_axis',(1.,0.,0.));
#9046=DIRECTION('',(1.,0.,0.));
#9047=DIRECTION('',(0.,-1.,0.));
#9048=DIRECTION('center_axis',(1.,0.,0.));
#9049=DIRECTION('ref_axis',(0.,0.,1.));
#9050=DIRECTION('',(0.,0.,1.));
#9051=DIRECTION('center_axis',(0.,0.,1.));
#9052=DIRECTION('ref_axis',(-1.,0.,0.));
#9053=DIRECTION('',(-1.,0.,0.));
#9054=DIRECTION('',(0.,-1.,0.));
#9055=DIRECTION('',(0.,-1.,0.));
#9056=DIRECTION('center_axis',(-1.,0.,0.));
#9057=DIRECTION('ref_axis',(0.,0.,-1.));
#9058=DIRECTION('',(0.,0.,-1.));
#9059=DIRECTION('',(0.,-1.,0.));
#9060=DIRECTION('center_axis',(0.,0.,-1.));
#9061=DIRECTION('ref_axis',(1.,0.,0.));
#9062=DIRECTION('',(1.,0.,0.));
#9063=DIRECTION('',(0.,-1.,0.));
#9064=DIRECTION('center_axis',(1.,0.,0.));
#9065=DIRECTION('ref_axis',(0.,0.,1.));
#9066=DIRECTION('',(0.,0.,1.));
#9067=DIRECTION('center_axis',(0.,0.,1.));
#9068=DIRECTION('ref_axis',(-1.,0.,0.));
#9069=DIRECTION('',(-1.,0.,0.));
#9070=DIRECTION('',(0.,-1.,0.));
#9071=DIRECTION('',(0.,-1.,0.));
#9072=DIRECTION('center_axis',(-1.,0.,0.));
#9073=DIRECTION('ref_axis',(0.,0.,-1.));
#9074=DIRECTION('',(0.,0.,-1.));
#9075=DIRECTION('',(0.,-1.,0.));
#9076=DIRECTION('center_axis',(0.,0.,-1.));
#9077=DIRECTION('ref_axis',(1.,0.,0.));
#9078=DIRECTION('',(1.,0.,0.));
#9079=DIRECTION('',(0.,-1.,0.));
#9080=DIRECTION('center_axis',(1.,0.,0.));
#9081=DIRECTION('ref_axis',(0.,0.,1.));
#9082=DIRECTION('',(0.,0.,1.));
#9083=DIRECTION('center_axis',(0.,0.,1.));
#9084=DIRECTION('ref_axis',(-1.,0.,0.));
#9085=DIRECTION('',(-1.,0.,0.));
#9086=DIRECTION('',(0.,-1.,0.));
#9087=DIRECTION('',(0.,-1.,0.));
#9088=DIRECTION('center_axis',(-1.,0.,0.));
#9089=DIRECTION('ref_axis',(0.,0.,-1.));
#9090=DIRECTION('',(0.,0.,-1.));
#9091=DIRECTION('',(0.,-1.,0.));
#9092=DIRECTION('center_axis',(0.,0.,-1.));
#9093=DIRECTION('ref_axis',(1.,0.,0.));
#9094=DIRECTION('',(1.,0.,0.));
#9095=DIRECTION('',(0.,-1.,0.));
#9096=DIRECTION('center_axis',(1.,0.,0.));
#9097=DIRECTION('ref_axis',(0.,0.,1.));
#9098=DIRECTION('',(0.,0.,1.));
#9099=DIRECTION('center_axis',(0.,0.,1.));
#9100=DIRECTION('ref_axis',(-1.,0.,0.));
#9101=DIRECTION('',(-1.,0.,0.));
#9102=DIRECTION('',(0.,-1.,0.));
#9103=DIRECTION('',(0.,-1.,0.));
#9104=DIRECTION('center_axis',(-1.,0.,0.));
#9105=DIRECTION('ref_axis',(0.,0.,-1.));
#9106=DIRECTION('',(0.,0.,-1.));
#9107=DIRECTION('',(0.,-1.,0.));
#9108=DIRECTION('center_axis',(0.,0.,-1.));
#9109=DIRECTION('ref_axis',(1.,0.,0.));
#9110=DIRECTION('',(1.,0.,0.));
#9111=DIRECTION('',(0.,-1.,0.));
#9112=DIRECTION('center_axis',(1.,0.,0.));
#9113=DIRECTION('ref_axis',(0.,0.,1.));
#9114=DIRECTION('',(0.,0.,1.));
#9115=DIRECTION('center_axis',(0.,0.,1.));
#9116=DIRECTION('ref_axis',(-1.,0.,0.));
#9117=DIRECTION('',(-1.,0.,0.));
#9118=DIRECTION('',(0.,-1.,0.));
#9119=DIRECTION('',(0.,-1.,0.));
#9120=DIRECTION('center_axis',(-1.,0.,0.));
#9121=DIRECTION('ref_axis',(0.,0.,-1.));
#9122=DIRECTION('',(0.,0.,-1.));
#9123=DIRECTION('',(0.,-1.,0.));
#9124=DIRECTION('center_axis',(0.,0.,-1.));
#9125=DIRECTION('ref_axis',(1.,0.,0.));
#9126=DIRECTION('',(1.,0.,0.));
#9127=DIRECTION('',(0.,-1.,0.));
#9128=DIRECTION('center_axis',(1.,0.,0.));
#9129=DIRECTION('ref_axis',(0.,0.,1.));
#9130=DIRECTION('',(0.,0.,1.));
#9131=DIRECTION('center_axis',(0.,0.,1.));
#9132=DIRECTION('ref_axis',(-1.,0.,0.));
#9133=DIRECTION('',(-1.,0.,0.));
#9134=DIRECTION('',(0.,-1.,0.));
#9135=DIRECTION('',(0.,-1.,0.));
#9136=DIRECTION('center_axis',(-1.,0.,0.));
#9137=DIRECTION('ref_axis',(0.,0.,-1.));
#9138=DIRECTION('',(0.,0.,-1.));
#9139=DIRECTION('',(0.,-1.,0.));
#9140=DIRECTION('center_axis',(0.,0.,-1.));
#9141=DIRECTION('ref_axis',(1.,0.,0.));
#9142=DIRECTION('',(1.,0.,0.));
#9143=DIRECTION('',(0.,-1.,0.));
#9144=DIRECTION('center_axis',(1.,0.,0.));
#9145=DIRECTION('ref_axis',(0.,0.,1.));
#9146=DIRECTION('',(0.,0.,1.));
#9147=DIRECTION('center_axis',(0.,0.,1.));
#9148=DIRECTION('ref_axis',(-1.,0.,0.));
#9149=DIRECTION('',(-1.,0.,0.));
#9150=DIRECTION('',(0.,-1.,0.));
#9151=DIRECTION('',(0.,-1.,0.));
#9152=DIRECTION('center_axis',(-1.,0.,0.));
#9153=DIRECTION('ref_axis',(0.,0.,-1.));
#9154=DIRECTION('',(0.,0.,-1.));
#9155=DIRECTION('',(0.,-1.,0.));
#9156=DIRECTION('center_axis',(0.,0.,-1.));
#9157=DIRECTION('ref_axis',(1.,0.,0.));
#9158=DIRECTION('',(1.,0.,0.));
#9159=DIRECTION('',(0.,-1.,0.));
#9160=DIRECTION('center_axis',(1.,0.,0.));
#9161=DIRECTION('ref_axis',(0.,0.,1.));
#9162=DIRECTION('',(0.,0.,1.));
#9163=DIRECTION('center_axis',(1.,0.,0.));
#9164=DIRECTION('ref_axis',(0.,0.,1.));
#9165=DIRECTION('',(0.,-1.,0.));
#9166=DIRECTION('',(0.,0.,1.));
#9167=DIRECTION('',(0.,-1.,0.));
#9168=DIRECTION('center_axis',(0.,0.,-1.));
#9169=DIRECTION('ref_axis',(1.,0.,0.));
#9170=DIRECTION('',(0.,-1.,0.));
#9171=DIRECTION('',(1.,0.,0.));
#9172=DIRECTION('center_axis',(-1.,0.,0.));
#9173=DIRECTION('ref_axis',(0.,0.,-1.));
#9174=DIRECTION('',(0.,-1.,0.));
#9175=DIRECTION('',(0.,0.,-1.));
#9176=DIRECTION('center_axis',(3.00060276925718E-16,0.,1.));
#9177=DIRECTION('ref_axis',(-1.,0.,3.00060276925718E-16));
#9178=DIRECTION('',(-1.,0.,3.00060276925718E-16));
#9179=DIRECTION('center_axis',(0.,-1.,0.));
#9180=DIRECTION('ref_axis',(0.,0.,-1.));
#9181=DIRECTION('center_axis',(1.,0.,0.));
#9182=DIRECTION('ref_axis',(0.,0.,1.));
#9183=DIRECTION('',(0.,-1.,0.));
#9184=DIRECTION('',(0.,0.,1.));
#9185=DIRECTION('',(0.,-1.,0.));
#9186=DIRECTION('center_axis',(0.,0.,-1.));
#9187=DIRECTION('ref_axis',(1.,0.,0.));
#9188=DIRECTION('',(0.,-1.,0.));
#9189=DIRECTION('',(1.,0.,0.));
#9190=DIRECTION('center_axis',(-1.,0.,0.));
#9191=DIRECTION('ref_axis',(0.,0.,-1.));
#9192=DIRECTION('',(0.,-1.,0.));
#9193=DIRECTION('',(0.,0.,-1.));
#9194=DIRECTION('center_axis',(3.00060276925718E-16,0.,1.));
#9195=DIRECTION('ref_axis',(-1.,0.,3.00060276925718E-16));
#9196=DIRECTION('',(-1.,0.,3.00060276925718E-16));
#9197=DIRECTION('center_axis',(0.,-1.,0.));
#9198=DIRECTION('ref_axis',(0.,0.,-1.));
#9199=DIRECTION('center_axis',(1.,0.,0.));
#9200=DIRECTION('ref_axis',(0.,0.,1.));
#9201=DIRECTION('',(0.,-1.,0.));
#9202=DIRECTION('',(0.,0.,1.));
#9203=DIRECTION('',(0.,-1.,0.));
#9204=DIRECTION('center_axis',(0.,0.,-1.));
#9205=DIRECTION('ref_axis',(1.,0.,0.));
#9206=DIRECTION('',(0.,-1.,0.));
#9207=DIRECTION('',(1.,0.,0.));
#9208=DIRECTION('center_axis',(-1.,0.,0.));
#9209=DIRECTION('ref_axis',(0.,0.,-1.));
#9210=DIRECTION('',(0.,-1.,0.));
#9211=DIRECTION('',(0.,0.,-1.));
#9212=DIRECTION('center_axis',(3.00060276925718E-16,0.,1.));
#9213=DIRECTION('ref_axis',(-1.,0.,3.00060276925718E-16));
#9214=DIRECTION('',(-1.,0.,3.00060276925718E-16));
#9215=DIRECTION('center_axis',(0.,-1.,0.));
#9216=DIRECTION('ref_axis',(0.,0.,-1.));
#9217=DIRECTION('center_axis',(1.,0.,0.));
#9218=DIRECTION('ref_axis',(0.,0.,1.));
#9219=DIRECTION('',(0.,-1.,0.));
#9220=DIRECTION('',(0.,0.,1.));
#9221=DIRECTION('',(0.,-1.,0.));
#9222=DIRECTION('center_axis',(0.,0.,-1.));
#9223=DIRECTION('ref_axis',(1.,0.,0.));
#9224=DIRECTION('',(0.,-1.,0.));
#9225=DIRECTION('',(1.,0.,0.));
#9226=DIRECTION('center_axis',(-1.,0.,0.));
#9227=DIRECTION('ref_axis',(0.,0.,-1.));
#9228=DIRECTION('',(0.,-1.,0.));
#9229=DIRECTION('',(0.,0.,-1.));
#9230=DIRECTION('center_axis',(3.00060276925718E-16,0.,1.));
#9231=DIRECTION('ref_axis',(-1.,0.,3.00060276925718E-16));
#9232=DIRECTION('',(-1.,0.,3.00060276925718E-16));
#9233=DIRECTION('center_axis',(0.,-1.,0.));
#9234=DIRECTION('ref_axis',(0.,0.,-1.));
#9235=DIRECTION('center_axis',(1.,0.,0.));
#9236=DIRECTION('ref_axis',(0.,0.,1.));
#9237=DIRECTION('',(0.,-1.,0.));
#9238=DIRECTION('',(0.,0.,1.));
#9239=DIRECTION('',(0.,-1.,0.));
#9240=DIRECTION('center_axis',(0.,0.,-1.));
#9241=DIRECTION('ref_axis',(1.,0.,0.));
#9242=DIRECTION('',(0.,-1.,0.));
#9243=DIRECTION('',(1.,0.,0.));
#9244=DIRECTION('center_axis',(-1.,0.,0.));
#9245=DIRECTION('ref_axis',(0.,0.,-1.));
#9246=DIRECTION('',(0.,-1.,0.));
#9247=DIRECTION('',(0.,0.,-1.));
#9248=DIRECTION('center_axis',(3.00060276925718E-16,0.,1.));
#9249=DIRECTION('ref_axis',(-1.,0.,3.00060276925718E-16));
#9250=DIRECTION('',(-1.,0.,3.00060276925718E-16));
#9251=DIRECTION('center_axis',(0.,-1.,0.));
#9252=DIRECTION('ref_axis',(0.,0.,-1.));
#9253=DIRECTION('center_axis',(1.,0.,0.));
#9254=DIRECTION('ref_axis',(0.,0.,1.));
#9255=DIRECTION('',(0.,-1.,0.));
#9256=DIRECTION('',(0.,0.,1.));
#9257=DIRECTION('',(0.,-1.,0.));
#9258=DIRECTION('center_axis',(0.,0.,-1.));
#9259=DIRECTION('ref_axis',(1.,0.,0.));
#9260=DIRECTION('',(0.,-1.,0.));
#9261=DIRECTION('',(1.,0.,0.));
#9262=DIRECTION('center_axis',(-1.,0.,0.));
#9263=DIRECTION('ref_axis',(0.,0.,-1.));
#9264=DIRECTION('',(0.,-1.,0.));
#9265=DIRECTION('',(0.,0.,-1.));
#9266=DIRECTION('center_axis',(3.00060276925718E-16,0.,1.));
#9267=DIRECTION('ref_axis',(-1.,0.,3.00060276925718E-16));
#9268=DIRECTION('',(-1.,0.,3.00060276925718E-16));
#9269=DIRECTION('center_axis',(0.,-1.,0.));
#9270=DIRECTION('ref_axis',(0.,0.,-1.));
#9271=DIRECTION('center_axis',(1.,0.,0.));
#9272=DIRECTION('ref_axis',(0.,0.,1.));
#9273=DIRECTION('',(0.,-1.,0.));
#9274=DIRECTION('',(0.,0.,1.));
#9275=DIRECTION('',(0.,-1.,0.));
#9276=DIRECTION('center_axis',(0.,0.,-1.));
#9277=DIRECTION('ref_axis',(1.,0.,0.));
#9278=DIRECTION('',(0.,-1.,0.));
#9279=DIRECTION('',(1.,0.,0.));
#9280=DIRECTION('center_axis',(-1.,0.,0.));
#9281=DIRECTION('ref_axis',(0.,0.,-1.));
#9282=DIRECTION('',(0.,-1.,0.));
#9283=DIRECTION('',(0.,0.,-1.));
#9284=DIRECTION('center_axis',(3.00060276925718E-16,0.,1.));
#9285=DIRECTION('ref_axis',(-1.,0.,3.00060276925718E-16));
#9286=DIRECTION('',(-1.,0.,3.00060276925718E-16));
#9287=DIRECTION('center_axis',(0.,-1.,0.));
#9288=DIRECTION('ref_axis',(0.,0.,-1.));
#9289=DIRECTION('center_axis',(1.,0.,0.));
#9290=DIRECTION('ref_axis',(0.,0.,1.));
#9291=DIRECTION('',(0.,-1.,0.));
#9292=DIRECTION('',(0.,0.,1.));
#9293=DIRECTION('',(0.,-1.,0.));
#9294=DIRECTION('center_axis',(0.,0.,-1.));
#9295=DIRECTION('ref_axis',(1.,0.,0.));
#9296=DIRECTION('',(0.,-1.,0.));
#9297=DIRECTION('',(1.,0.,0.));
#9298=DIRECTION('center_axis',(-1.,0.,0.));
#9299=DIRECTION('ref_axis',(0.,0.,-1.));
#9300=DIRECTION('',(0.,-1.,0.));
#9301=DIRECTION('',(0.,0.,-1.));
#9302=DIRECTION('center_axis',(3.00060276925718E-16,0.,1.));
#9303=DIRECTION('ref_axis',(-1.,0.,3.00060276925718E-16));
#9304=DIRECTION('',(-1.,0.,3.00060276925718E-16));
#9305=DIRECTION('center_axis',(0.,-1.,0.));
#9306=DIRECTION('ref_axis',(0.,0.,-1.));
#9307=DIRECTION('center_axis',(1.,0.,0.));
#9308=DIRECTION('ref_axis',(0.,0.,1.));
#9309=DIRECTION('',(0.,-1.,0.));
#9310=DIRECTION('',(0.,0.,1.));
#9311=DIRECTION('',(0.,-1.,0.));
#9312=DIRECTION('center_axis',(0.,0.,-1.));
#9313=DIRECTION('ref_axis',(1.,0.,0.));
#9314=DIRECTION('',(0.,-1.,0.));
#9315=DIRECTION('',(1.,0.,0.));
#9316=DIRECTION('center_axis',(-1.,0.,0.));
#9317=DIRECTION('ref_axis',(0.,0.,-1.));
#9318=DIRECTION('',(0.,-1.,0.));
#9319=DIRECTION('',(0.,0.,-1.));
#9320=DIRECTION('center_axis',(3.00060276925718E-16,0.,1.));
#9321=DIRECTION('ref_axis',(-1.,0.,3.00060276925718E-16));
#9322=DIRECTION('',(-1.,0.,3.00060276925718E-16));
#9323=DIRECTION('center_axis',(0.,-1.,0.));
#9324=DIRECTION('ref_axis',(0.,0.,-1.));
#9325=DIRECTION('center_axis',(1.,0.,0.));
#9326=DIRECTION('ref_axis',(0.,0.,1.));
#9327=DIRECTION('',(0.,-1.,0.));
#9328=DIRECTION('',(0.,0.,1.));
#9329=DIRECTION('',(0.,-1.,0.));
#9330=DIRECTION('center_axis',(0.,0.,-1.));
#9331=DIRECTION('ref_axis',(1.,0.,0.));
#9332=DIRECTION('',(0.,-1.,0.));
#9333=DIRECTION('',(1.,0.,0.));
#9334=DIRECTION('center_axis',(-1.,0.,0.));
#9335=DIRECTION('ref_axis',(0.,0.,-1.));
#9336=DIRECTION('',(0.,-1.,0.));
#9337=DIRECTION('',(0.,0.,-1.));
#9338=DIRECTION('center_axis',(3.00060276925718E-16,0.,1.));
#9339=DIRECTION('ref_axis',(-1.,0.,3.00060276925718E-16));
#9340=DIRECTION('',(-1.,0.,3.00060276925718E-16));
#9341=DIRECTION('center_axis',(0.,-1.,0.));
#9342=DIRECTION('ref_axis',(0.,0.,-1.));
#9343=DIRECTION('center_axis',(1.,0.,0.));
#9344=DIRECTION('ref_axis',(0.,0.,1.));
#9345=DIRECTION('',(0.,-1.,0.));
#9346=DIRECTION('',(0.,0.,1.));
#9347=DIRECTION('',(0.,-1.,0.));
#9348=DIRECTION('center_axis',(0.,0.,-1.));
#9349=DIRECTION('ref_axis',(1.,0.,0.));
#9350=DIRECTION('',(0.,-1.,0.));
#9351=DIRECTION('',(1.,0.,0.));
#9352=DIRECTION('center_axis',(-1.,0.,0.));
#9353=DIRECTION('ref_axis',(0.,0.,-1.));
#9354=DIRECTION('',(0.,-1.,0.));
#9355=DIRECTION('',(0.,0.,-1.));
#9356=DIRECTION('center_axis',(3.00060276925718E-16,0.,1.));
#9357=DIRECTION('ref_axis',(-1.,0.,3.00060276925718E-16));
#9358=DIRECTION('',(-1.,0.,3.00060276925718E-16));
#9359=DIRECTION('center_axis',(0.,-1.,0.));
#9360=DIRECTION('ref_axis',(0.,0.,-1.));
#9361=DIRECTION('center_axis',(1.,0.,0.));
#9362=DIRECTION('ref_axis',(0.,0.,1.));
#9363=DIRECTION('',(0.,-1.,0.));
#9364=DIRECTION('',(0.,0.,1.));
#9365=DIRECTION('',(0.,-1.,0.));
#9366=DIRECTION('center_axis',(0.,0.,-1.));
#9367=DIRECTION('ref_axis',(1.,0.,0.));
#9368=DIRECTION('',(0.,-1.,0.));
#9369=DIRECTION('',(1.,0.,0.));
#9370=DIRECTION('center_axis',(-1.,0.,0.));
#9371=DIRECTION('ref_axis',(0.,0.,-1.));
#9372=DIRECTION('',(0.,-1.,0.));
#9373=DIRECTION('',(0.,0.,-1.));
#9374=DIRECTION('center_axis',(3.00060276925718E-16,0.,1.));
#9375=DIRECTION('ref_axis',(-1.,0.,3.00060276925718E-16));
#9376=DIRECTION('',(-1.,0.,3.00060276925718E-16));
#9377=DIRECTION('center_axis',(0.,-1.,0.));
#9378=DIRECTION('ref_axis',(0.,0.,-1.));
#9379=DIRECTION('center_axis',(1.,0.,0.));
#9380=DIRECTION('ref_axis',(0.,0.,1.));
#9381=DIRECTION('',(0.,-1.,0.));
#9382=DIRECTION('',(0.,0.,1.));
#9383=DIRECTION('',(0.,-1.,0.));
#9384=DIRECTION('center_axis',(0.,0.,-1.));
#9385=DIRECTION('ref_axis',(1.,0.,0.));
#9386=DIRECTION('',(0.,-1.,0.));
#9387=DIRECTION('',(1.,0.,0.));
#9388=DIRECTION('center_axis',(-1.,0.,0.));
#9389=DIRECTION('ref_axis',(0.,0.,-1.));
#9390=DIRECTION('',(0.,-1.,0.));
#9391=DIRECTION('',(0.,0.,-1.));
#9392=DIRECTION('center_axis',(3.00060276925718E-16,0.,1.));
#9393=DIRECTION('ref_axis',(-1.,0.,3.00060276925718E-16));
#9394=DIRECTION('',(-1.,0.,3.00060276925718E-16));
#9395=DIRECTION('center_axis',(0.,-1.,0.));
#9396=DIRECTION('ref_axis',(0.,0.,-1.));
#9397=DIRECTION('center_axis',(1.,0.,0.));
#9398=DIRECTION('ref_axis',(0.,0.,1.));
#9399=DIRECTION('',(0.,-1.,0.));
#9400=DIRECTION('',(0.,0.,1.));
#9401=DIRECTION('',(0.,-1.,0.));
#9402=DIRECTION('center_axis',(0.,0.,-1.));
#9403=DIRECTION('ref_axis',(1.,0.,0.));
#9404=DIRECTION('',(0.,-1.,0.));
#9405=DIRECTION('',(1.,0.,0.));
#9406=DIRECTION('center_axis',(-1.,0.,0.));
#9407=DIRECTION('ref_axis',(0.,0.,-1.));
#9408=DIRECTION('',(0.,-1.,0.));
#9409=DIRECTION('',(0.,0.,-1.));
#9410=DIRECTION('center_axis',(3.00060276925718E-16,0.,1.));
#9411=DIRECTION('ref_axis',(-1.,0.,3.00060276925718E-16));
#9412=DIRECTION('',(-1.,0.,3.00060276925718E-16));
#9413=DIRECTION('center_axis',(0.,-1.,0.));
#9414=DIRECTION('ref_axis',(0.,0.,-1.));
#9415=DIRECTION('center_axis',(3.00060276925718E-16,0.,1.));
#9416=DIRECTION('ref_axis',(-1.,0.,3.00060276925718E-16));
#9417=DIRECTION('',(0.,-1.,0.));
#9418=DIRECTION('',(-1.,0.,3.00060276925718E-16));
#9419=DIRECTION('',(0.,-1.,0.));
#9420=DIRECTION('center_axis',(1.,0.,0.));
#9421=DIRECTION('ref_axis',(0.,0.,1.));
#9422=DIRECTION('',(0.,-1.,0.));
#9423=DIRECTION('',(0.,0.,1.));
#9424=DIRECTION('center_axis',(0.,0.,-1.));
#9425=DIRECTION('ref_axis',(1.,0.,0.));
#9426=DIRECTION('',(0.,-1.,0.));
#9427=DIRECTION('',(1.,0.,0.));
#9428=DIRECTION('center_axis',(-1.,0.,0.));
#9429=DIRECTION('ref_axis',(0.,0.,-1.));
#9430=DIRECTION('',(0.,0.,-1.));
#9431=DIRECTION('center_axis',(0.,-1.,0.));
#9432=DIRECTION('ref_axis',(0.,0.,-1.));
#9433=DIRECTION('center_axis',(1.,0.,0.));
#9434=DIRECTION('ref_axis',(0.,0.,1.));
#9435=DIRECTION('',(0.,-1.,0.));
#9436=DIRECTION('',(0.,0.,1.));
#9437=DIRECTION('',(0.,-1.,0.));
#9438=DIRECTION('center_axis',(0.,0.,-1.));
#9439=DIRECTION('ref_axis',(1.,0.,0.));
#9440=DIRECTION('',(0.,-1.,0.));
#9441=DIRECTION('',(1.,0.,0.));
#9442=DIRECTION('center_axis',(-1.,0.,0.));
#9443=DIRECTION('ref_axis',(0.,0.,-1.));
#9444=DIRECTION('',(0.,-1.,0.));
#9445=DIRECTION('',(0.,0.,-1.));
#9446=DIRECTION('center_axis',(3.00060276925718E-16,0.,1.));
#9447=DIRECTION('ref_axis',(-1.,0.,3.00060276925718E-16));
#9448=DIRECTION('',(-1.,0.,3.00060276925718E-16));
#9449=DIRECTION('center_axis',(0.,-1.,0.));
#9450=DIRECTION('ref_axis',(0.,0.,-1.));
#9451=DIRECTION('center_axis',(-1.,0.,0.));
#9452=DIRECTION('ref_axis',(0.,1.,0.));
#9453=DIRECTION('',(0.,-1.,0.));
#9454=DIRECTION('',(0.,1.,0.));
#9455=DIRECTION('center_axis',(0.,0.,-1.));
#9456=DIRECTION('ref_axis',(-1.,0.,0.));
#9457=DIRECTION('center_axis',(1.,0.,0.));
#9458=DIRECTION('ref_axis',(0.,-1.,0.));
#9459=DIRECTION('',(0.,1.,0.));
#9460=DIRECTION('',(0.,-1.,0.));
#9461=DIRECTION('center_axis',(0.,0.,-1.));
#9462=DIRECTION('ref_axis',(-1.,0.,0.));
#9463=DIRECTION('',(0.,1.,0.));
#9464=DIRECTION('center_axis',(-1.,0.,0.));
#9465=DIRECTION('ref_axis',(0.,-1.,0.));
#9466=DIRECTION('center_axis',(0.,0.,1.));
#9467=DIRECTION('ref_axis',(1.,0.,0.));
#9468=DIRECTION('center_axis',(0.906307787036652,0.,-0.422618261740695));
#9469=DIRECTION('ref_axis',(-0.422618261740695,0.,-0.906307787036652));
#9470=DIRECTION('',(0.,1.,0.));
#9471=DIRECTION('',(0.389281620635026,0.389281620635025,0.834817129478988));
#9472=DIRECTION('',(0.,-1.,0.));
#9473=DIRECTION('',(0.389281620635021,-0.389281620635027,0.834817129478989));
#9474=DIRECTION('center_axis',(-1.10329361026881E-16,0.90630778703665,-0.422618261740699));
#9475=DIRECTION('ref_axis',(0.,0.422618261740699,0.90630778703665));
#9476=DIRECTION('',(-1.,-1.21734980770302E-16,0.));
#9477=DIRECTION('',(-0.389281620635026,0.389281620635024,0.834817129478988));
#9478=DIRECTION('',(1.,1.21734980770302E-16,0.));
#9479=DIRECTION('center_axis',(-0.906307787036649,0.,-0.422618261740702));
#9480=DIRECTION('ref_axis',(-0.422618261740702,0.,0.906307787036649));
#9481=DIRECTION('',(0.,-1.,0.));
#9482=DIRECTION('',(-0.389281620635026,-0.389281620635025,0.834817129478987));
#9483=DIRECTION('',(0.,1.,0.));
#9484=DIRECTION('center_axis',(0.,-0.90630778703665,-0.4226182617407));
#9485=DIRECTION('ref_axis',(0.,0.4226182617407,-0.90630778703665));
#9486=DIRECTION('',(-1.,0.,0.));
#9487=DIRECTION('',(1.,0.,0.));
#9488=DIRECTION('center_axis',(0.,-1.,0.));
#9489=DIRECTION('ref_axis',(0.,0.,-1.));
#9490=DIRECTION('',(0.,0.,1.));
#9491=DIRECTION('',(1.,0.,0.));
#9492=DIRECTION('',(0.,0.,-1.));
#9493=DIRECTION('center_axis',(1.,0.,0.));
#9494=DIRECTION('ref_axis',(0.,0.,1.));
#9495=DIRECTION('',(0.,0.,-1.));
#9496=DIRECTION('',(0.,-1.,0.));
#9497=DIRECTION('',(0.,0.,-1.));
#9498=DIRECTION('',(0.,-1.,0.));
#9499=DIRECTION('center_axis',(-1.,0.,0.));
#9500=DIRECTION('ref_axis',(0.,-0.707106781186548,0.707106781186548));
#9501=DIRECTION('center_axis',(0.,0.,-1.));
#9502=DIRECTION('ref_axis',(-1.,0.,0.));
#9503=DIRECTION('center_axis',(0.,0.4226182617407,0.90630778703665));
#9504=DIRECTION('ref_axis',(1.,0.,0.));
#9505=DIRECTION('',(-1.,0.,0.));
#9506=DIRECTION('',(-0.389281620635025,-0.834817129478987,0.389281620635025));
#9507=DIRECTION('',(1.,0.,0.));
#9508=DIRECTION('',(0.389281620635025,-0.834817129478987,0.389281620635025));
#9509=DIRECTION('center_axis',(-0.90630778703665,0.4226182617407,0.));
#9510=DIRECTION('ref_axis',(0.,0.,1.));
#9511=DIRECTION('',(0.,0.,1.));
#9512=DIRECTION('',(0.,0.,-1.));
#9513=DIRECTION('',(-0.389281620635025,-0.834817129478987,-0.389281620635025));
#9514=DIRECTION('center_axis',(0.,0.4226182617407,-0.90630778703665));
#9515=DIRECTION('ref_axis',(-1.,0.,0.));
#9516=DIRECTION('',(-1.,0.,0.));
#9517=DIRECTION('',(1.,0.,0.));
#9518=DIRECTION('',(0.389281620635025,-0.834817129478987,-0.389281620635025));
#9519=DIRECTION('center_axis',(0.90630778703665,0.4226182617407,0.));
#9520=DIRECTION('ref_axis',(0.,0.,-1.));
#9521=DIRECTION('',(0.,0.,1.));
#9522=DIRECTION('center_axis',(0.,0.,1.));
#9523=DIRECTION('ref_axis',(-1.,0.,0.));
#9524=DIRECTION('',(0.,-1.,0.));
#9525=DIRECTION('',(-1.,0.,0.));
#9526=DIRECTION('center_axis',(0.,-1.,0.));
#9527=DIRECTION('ref_axis',(0.,0.,-1.));
#9528=DIRECTION('center_axis',(1.,0.,0.));
#9529=DIRECTION('ref_axis',(0.,-0.707106781186548,0.707106781186548));
#9530=DIRECTION('center_axis',(1.,0.,0.));
#9531=DIRECTION('ref_axis',(0.,-0.707106781186548,0.707106781186548));
#9532=DIRECTION('center_axis',(-1.,0.,0.));
#9533=DIRECTION('ref_axis',(0.,0.,-1.));
#9534=DIRECTION('',(0.,-1.,0.));
#9535=DIRECTION('',(0.,0.,-1.));
#9536=DIRECTION('center_axis',(-1.21734980770302E-16,1.,0.));
#9537=DIRECTION('ref_axis',(1.,1.21734980770302E-16,0.));
#9538=DIRECTION('',(-1.,-1.21734980770302E-16,0.));
#9539=DIRECTION('center_axis',(0.,0.,-1.));
#9540=DIRECTION('ref_axis',(1.,0.,0.));
#9541=DIRECTION('center_axis',(0.906307787036655,0.,-0.422618261740688));
#9542=DIRECTION('ref_axis',(-0.422618261740688,0.,-0.906307787036655));
#9543=DIRECTION('',(0.,1.,0.));
#9544=DIRECTION('',(0.389281620635025,0.389281620635025,0.834817129478987));
#9545=DIRECTION('',(0.,-1.,0.));
#9546=DIRECTION('',(0.389281620635014,-0.389281620635028,0.834817129478991));
#9547=DIRECTION('center_axis',(-1.10329361026881E-16,0.90630778703665,-0.422618261740699));
#9548=DIRECTION('ref_axis',(0.,0.422618261740699,0.90630778703665));
#9549=DIRECTION('',(-1.,-1.21734980770302E-16,0.));
#9550=DIRECTION('',(-0.389281620635025,0.389281620635025,0.834817129478987));
#9551=DIRECTION('',(1.,1.21734980770302E-16,0.));
#9552=DIRECTION('center_axis',(-0.906307787036645,0.,-0.422618261740709));
#9553=DIRECTION('ref_axis',(-0.422618261740709,0.,0.906307787036645));
#9554=DIRECTION('',(0.,-1.,0.));
#9555=DIRECTION('',(-0.389281620635025,-0.389281620635025,0.834817129478987));
#9556=DIRECTION('',(0.,1.,0.));
#9557=DIRECTION('center_axis',(0.,-0.90630778703665,-0.4226182617407));
#9558=DIRECTION('ref_axis',(0.,0.4226182617407,-0.90630778703665));
#9559=DIRECTION('',(-1.,0.,0.));
#9560=DIRECTION('',(1.,0.,0.));
#9561=DIRECTION('center_axis',(0.,-1.,0.));
#9562=DIRECTION('ref_axis',(0.,0.,-1.));
#9563=DIRECTION('',(0.,0.,1.));
#9564=DIRECTION('',(1.,0.,0.));
#9565=DIRECTION('',(0.,0.,-1.));
#9566=DIRECTION('center_axis',(1.,0.,0.));
#9567=DIRECTION('ref_axis',(0.,0.,1.));
#9568=DIRECTION('',(0.,0.,-1.));
#9569=DIRECTION('',(0.,-1.,0.));
#9570=DIRECTION('',(0.,0.,-1.));
#9571=DIRECTION('',(0.,-1.,0.));
#9572=DIRECTION('center_axis',(-1.,0.,0.));
#9573=DIRECTION('ref_axis',(0.,-0.707106781186548,0.707106781186548));
#9574=DIRECTION('center_axis',(0.,0.,-1.));
#9575=DIRECTION('ref_axis',(-1.,0.,0.));
#9576=DIRECTION('center_axis',(0.,0.4226182617407,0.90630778703665));
#9577=DIRECTION('ref_axis',(1.,0.,0.));
#9578=DIRECTION('',(-1.,0.,0.));
#9579=DIRECTION('',(-0.389281620635023,-0.834817129478988,0.389281620635026));
#9580=DIRECTION('',(1.,0.,0.));
#9581=DIRECTION('',(0.389281620635025,-0.834817129478987,0.389281620635025));
#9582=DIRECTION('center_axis',(-0.906307787036651,0.422618261740698,0.));
#9583=DIRECTION('ref_axis',(0.,0.,1.));
#9584=DIRECTION('',(0.,0.,1.));
#9585=DIRECTION('',(0.,0.,-1.));
#9586=DIRECTION('',(-0.389281620635023,-0.834817129478988,-0.389281620635026));
#9587=DIRECTION('center_axis',(0.,0.4226182617407,-0.90630778703665));
#9588=DIRECTION('ref_axis',(-1.,0.,0.));
#9589=DIRECTION('',(-1.,0.,0.));
#9590=DIRECTION('',(1.,0.,0.));
#9591=DIRECTION('',(0.389281620635025,-0.834817129478987,-0.389281620635025));
#9592=DIRECTION('center_axis',(0.90630778703665,0.4226182617407,0.));
#9593=DIRECTION('ref_axis',(0.,0.,-1.));
#9594=DIRECTION('',(0.,0.,1.));
#9595=DIRECTION('center_axis',(0.,0.,1.));
#9596=DIRECTION('ref_axis',(-1.,0.,0.));
#9597=DIRECTION('',(0.,-1.,0.));
#9598=DIRECTION('',(-1.,0.,0.));
#9599=DIRECTION('center_axis',(0.,-1.,0.));
#9600=DIRECTION('ref_axis',(0.,0.,-1.));
#9601=DIRECTION('center_axis',(1.,0.,0.));
#9602=DIRECTION('ref_axis',(0.,-0.707106781186548,0.707106781186548));
#9603=DIRECTION('center_axis',(1.,0.,0.));
#9604=DIRECTION('ref_axis',(0.,-0.707106781186548,0.707106781186548));
#9605=DIRECTION('center_axis',(-1.,0.,0.));
#9606=DIRECTION('ref_axis',(0.,0.,-1.));
#9607=DIRECTION('',(0.,-1.,0.));
#9608=DIRECTION('',(0.,0.,-1.));
#9609=DIRECTION('center_axis',(-1.21734980770302E-16,1.,0.));
#9610=DIRECTION('ref_axis',(1.,1.21734980770302E-16,0.));
#9611=DIRECTION('',(-1.,-1.21734980770302E-16,0.));
#9612=DIRECTION('center_axis',(0.,0.,-1.));
#9613=DIRECTION('ref_axis',(1.,0.,0.));
#9614=DIRECTION('center_axis',(0.906307787036654,0.,-0.422618261740691));
#9615=DIRECTION('ref_axis',(-0.422618261740691,0.,-0.906307787036654));
#9616=DIRECTION('',(0.,1.,0.));
#9617=DIRECTION('',(0.389281620635025,0.389281620635025,0.834817129478987));
#9618=DIRECTION('',(0.,-1.,0.));
#9619=DIRECTION('',(0.389281620635017,-0.389281620635027,0.83481712947899));
#9620=DIRECTION('center_axis',(-1.10329361026881E-16,0.90630778703665,-0.422618261740699));
#9621=DIRECTION('ref_axis',(0.,0.422618261740699,0.90630778703665));
#9622=DIRECTION('',(-1.,-1.21734980770302E-16,0.));
#9623=DIRECTION('',(-0.389281620635025,0.389281620635025,0.834817129478987));
#9624=DIRECTION('',(1.,1.21734980770302E-16,0.));
#9625=DIRECTION('center_axis',(-0.906307787036647,0.,-0.422618261740705));
#9626=DIRECTION('ref_axis',(-0.422618261740705,0.,0.906307787036647));
#9627=DIRECTION('',(0.,-1.,0.));
#9628=DIRECTION('',(-0.389281620635025,-0.389281620635025,0.834817129478987));
#9629=DIRECTION('',(0.,1.,0.));
#9630=DIRECTION('center_axis',(0.,-0.90630778703665,-0.4226182617407));
#9631=DIRECTION('ref_axis',(0.,0.4226182617407,-0.90630778703665));
#9632=DIRECTION('',(-1.,0.,0.));
#9633=DIRECTION('',(1.,0.,0.));
#9634=DIRECTION('center_axis',(0.,-1.,0.));
#9635=DIRECTION('ref_axis',(0.,0.,-1.));
#9636=DIRECTION('',(0.,0.,1.));
#9637=DIRECTION('',(1.,0.,0.));
#9638=DIRECTION('',(0.,0.,-1.));
#9639=DIRECTION('center_axis',(1.,0.,0.));
#9640=DIRECTION('ref_axis',(0.,0.,1.));
#9641=DIRECTION('',(0.,0.,-1.));
#9642=DIRECTION('',(0.,-1.,0.));
#9643=DIRECTION('',(0.,0.,-1.));
#9644=DIRECTION('',(0.,-1.,0.));
#9645=DIRECTION('center_axis',(-1.,0.,0.));
#9646=DIRECTION('ref_axis',(0.,-0.707106781186548,0.707106781186548));
#9647=DIRECTION('center_axis',(0.,0.,-1.));
#9648=DIRECTION('ref_axis',(-1.,0.,0.));
#9649=DIRECTION('center_axis',(0.,0.4226182617407,0.90630778703665));
#9650=DIRECTION('ref_axis',(1.,0.,0.));
#9651=DIRECTION('',(-1.,0.,0.));
#9652=DIRECTION('',(-0.389281620635025,-0.834817129478987,0.389281620635025));
#9653=DIRECTION('',(1.,0.,0.));
#9654=DIRECTION('',(0.389281620635026,-0.834817129478987,0.389281620635025));
#9655=DIRECTION('center_axis',(-0.90630778703665,0.4226182617407,0.));
#9656=DIRECTION('ref_axis',(0.,0.,1.));
#9657=DIRECTION('',(0.,0.,1.));
#9658=DIRECTION('',(0.,0.,-1.));
#9659=DIRECTION('',(-0.389281620635025,-0.834817129478987,-0.389281620635025));
#9660=DIRECTION('center_axis',(0.,0.4226182617407,-0.90630778703665));
#9661=DIRECTION('ref_axis',(-1.,0.,0.));
#9662=DIRECTION('',(-1.,0.,0.));
#9663=DIRECTION('',(1.,0.,0.));
#9664=DIRECTION('',(0.389281620635026,-0.834817129478987,-0.389281620635025));
#9665=DIRECTION('center_axis',(0.906307787036649,0.422618261740701,0.));
#9666=DIRECTION('ref_axis',(0.,0.,-1.));
#9667=DIRECTION('',(0.,0.,1.));
#9668=DIRECTION('center_axis',(0.,0.,1.));
#9669=DIRECTION('ref_axis',(-1.,0.,0.));
#9670=DIRECTION('',(0.,-1.,0.));
#9671=DIRECTION('',(-1.,0.,0.));
#9672=DIRECTION('center_axis',(0.,-1.,0.));
#9673=DIRECTION('ref_axis',(0.,0.,-1.));
#9674=DIRECTION('center_axis',(1.,0.,0.));
#9675=DIRECTION('ref_axis',(0.,-0.707106781186548,0.707106781186548));
#9676=DIRECTION('center_axis',(1.,0.,0.));
#9677=DIRECTION('ref_axis',(0.,-0.707106781186548,0.707106781186548));
#9678=DIRECTION('center_axis',(-1.,0.,0.));
#9679=DIRECTION('ref_axis',(0.,0.,-1.));
#9680=DIRECTION('',(0.,-1.,0.));
#9681=DIRECTION('',(0.,0.,-1.));
#9682=DIRECTION('center_axis',(-1.21734980770302E-16,1.,0.));
#9683=DIRECTION('ref_axis',(1.,1.21734980770302E-16,0.));
#9684=DIRECTION('',(-1.,-1.21734980770302E-16,0.));
#9685=DIRECTION('center_axis',(0.,0.,-1.));
#9686=DIRECTION('ref_axis',(1.,0.,0.));
#9687=DIRECTION('center_axis',(0.906307787036652,0.,-0.422618261740696));
#9688=DIRECTION('ref_axis',(-0.422618261740696,0.,-0.906307787036651));
#9689=DIRECTION('',(0.,1.,0.));
#9690=DIRECTION('',(0.389281620635025,0.389281620635025,0.834817129478987));
#9691=DIRECTION('',(0.,-1.,0.));
#9692=DIRECTION('',(0.389281620635022,-0.389281620635026,0.834817129478989));
#9693=DIRECTION('center_axis',(-1.10329361026881E-16,0.90630778703665,-0.4226182617407));
#9694=DIRECTION('ref_axis',(0.,0.4226182617407,0.90630778703665));
#9695=DIRECTION('',(-1.,-1.21734980770302E-16,0.));
#9696=DIRECTION('',(-0.389281620635025,0.389281620635025,0.834817129478987));
#9697=DIRECTION('',(1.,1.21734980770302E-16,0.));
#9698=DIRECTION('center_axis',(-0.906307787036649,0.,-0.422618261740701));
#9699=DIRECTION('ref_axis',(-0.422618261740701,0.,0.906307787036649));
#9700=DIRECTION('',(0.,-1.,0.));
#9701=DIRECTION('',(-0.389281620635025,-0.389281620635025,0.834817129478987));
#9702=DIRECTION('',(0.,1.,0.));
#9703=DIRECTION('center_axis',(0.,-0.90630778703665,-0.4226182617407));
#9704=DIRECTION('ref_axis',(0.,0.4226182617407,-0.90630778703665));
#9705=DIRECTION('',(-1.,0.,0.));
#9706=DIRECTION('',(1.,0.,0.));
#9707=DIRECTION('center_axis',(0.,-1.,0.));
#9708=DIRECTION('ref_axis',(0.,0.,-1.));
#9709=DIRECTION('',(0.,0.,1.));
#9710=DIRECTION('',(1.,0.,0.));
#9711=DIRECTION('',(0.,0.,-1.));
#9712=DIRECTION('center_axis',(1.,0.,0.));
#9713=DIRECTION('ref_axis',(0.,0.,1.));
#9714=DIRECTION('',(0.,0.,-1.));
#9715=DIRECTION('',(0.,-1.,0.));
#9716=DIRECTION('',(0.,0.,-1.));
#9717=DIRECTION('',(0.,-1.,0.));
#9718=DIRECTION('center_axis',(-1.,0.,0.));
#9719=DIRECTION('ref_axis',(0.,-0.707106781186548,0.707106781186548));
#9720=DIRECTION('center_axis',(0.,0.,-1.));
#9721=DIRECTION('ref_axis',(-1.,0.,0.));
#9722=DIRECTION('center_axis',(0.,0.4226182617407,0.90630778703665));
#9723=DIRECTION('ref_axis',(1.,0.,0.));
#9724=DIRECTION('',(-1.,0.,0.));
#9725=DIRECTION('',(-0.389281620635025,-0.834817129478987,0.389281620635025));
#9726=DIRECTION('',(1.,0.,0.));
#9727=DIRECTION('',(0.389281620635023,-0.834817129478988,0.389281620635026));
#9728=DIRECTION('center_axis',(-0.90630778703665,0.4226182617407,0.));
#9729=DIRECTION('ref_axis',(0.,0.,1.));
#9730=DIRECTION('',(0.,0.,1.));
#9731=DIRECTION('',(0.,0.,-1.));
#9732=DIRECTION('',(-0.389281620635025,-0.834817129478987,-0.389281620635025));
#9733=DIRECTION('center_axis',(0.,0.4226182617407,-0.90630778703665));
#9734=DIRECTION('ref_axis',(-1.,0.,0.));
#9735=DIRECTION('',(-1.,0.,0.));
#9736=DIRECTION('',(1.,0.,0.));
#9737=DIRECTION('',(0.389281620635023,-0.834817129478988,-0.389281620635026));
#9738=DIRECTION('center_axis',(0.906307787036651,0.422618261740698,0.));
#9739=DIRECTION('ref_axis',(0.,0.,-1.));
#9740=DIRECTION('',(0.,0.,1.));
#9741=DIRECTION('center_axis',(0.,0.,1.));
#9742=DIRECTION('ref_axis',(-1.,0.,0.));
#9743=DIRECTION('',(0.,-1.,0.));
#9744=DIRECTION('',(-1.,0.,0.));
#9745=DIRECTION('center_axis',(0.,-1.,0.));
#9746=DIRECTION('ref_axis',(0.,0.,-1.));
#9747=DIRECTION('center_axis',(1.,0.,0.));
#9748=DIRECTION('ref_axis',(0.,-0.707106781186548,0.707106781186548));
#9749=DIRECTION('center_axis',(1.,0.,0.));
#9750=DIRECTION('ref_axis',(0.,-0.707106781186548,0.707106781186548));
#9751=DIRECTION('center_axis',(-1.,0.,0.));
#9752=DIRECTION('ref_axis',(0.,0.,-1.));
#9753=DIRECTION('',(0.,-1.,0.));
#9754=DIRECTION('',(0.,0.,-1.));
#9755=DIRECTION('center_axis',(-1.21734980770302E-16,1.,0.));
#9756=DIRECTION('ref_axis',(1.,1.21734980770302E-16,0.));
#9757=DIRECTION('',(-1.,-1.21734980770302E-16,0.));
#9758=DIRECTION('center_axis',(0.,0.,-1.));
#9759=DIRECTION('ref_axis',(1.,0.,0.));
#9760=DIRECTION('center_axis',(0.906307787036653,0.,-0.422618261740693));
#9761=DIRECTION('ref_axis',(-0.422618261740693,0.,-0.906307787036653));
#9762=DIRECTION('',(0.,1.,0.));
#9763=DIRECTION('',(0.389281620635025,0.389281620635025,0.834817129478988));
#9764=DIRECTION('',(0.,-1.,0.));
#9765=DIRECTION('',(0.389281620635019,-0.389281620635027,0.83481712947899));
#9766=DIRECTION('center_axis',(-1.10329361026881E-16,0.90630778703665,-0.422618261740699));
#9767=DIRECTION('ref_axis',(0.,0.422618261740699,0.90630778703665));
#9768=DIRECTION('',(-1.,-1.21734980770302E-16,0.));
#9769=DIRECTION('',(-0.389281620635025,0.389281620635024,0.834817129478988));
#9770=DIRECTION('',(1.,1.21734980770302E-16,0.));
#9771=DIRECTION('center_axis',(-0.906307787036648,0.,-0.422618261740704));
#9772=DIRECTION('ref_axis',(-0.422618261740704,0.,0.906307787036648));
#9773=DIRECTION('',(0.,-1.,0.));
#9774=DIRECTION('',(-0.389281620635025,-0.389281620635025,0.834817129478987));
#9775=DIRECTION('',(0.,1.,0.));
#9776=DIRECTION('center_axis',(0.,-0.90630778703665,-0.4226182617407));
#9777=DIRECTION('ref_axis',(0.,0.4226182617407,-0.90630778703665));
#9778=DIRECTION('',(-1.,0.,0.));
#9779=DIRECTION('',(1.,0.,0.));
#9780=DIRECTION('center_axis',(0.,-1.,0.));
#9781=DIRECTION('ref_axis',(0.,0.,-1.));
#9782=DIRECTION('',(0.,0.,1.));
#9783=DIRECTION('',(1.,0.,0.));
#9784=DIRECTION('',(0.,0.,-1.));
#9785=DIRECTION('center_axis',(1.,0.,0.));
#9786=DIRECTION('ref_axis',(0.,0.,1.));
#9787=DIRECTION('',(0.,0.,-1.));
#9788=DIRECTION('',(0.,-1.,0.));
#9789=DIRECTION('',(0.,0.,-1.));
#9790=DIRECTION('',(0.,-1.,0.));
#9791=DIRECTION('center_axis',(-1.,0.,0.));
#9792=DIRECTION('ref_axis',(0.,-0.707106781186548,0.707106781186548));
#9793=DIRECTION('center_axis',(0.,0.,-1.));
#9794=DIRECTION('ref_axis',(-1.,0.,0.));
#9795=DIRECTION('center_axis',(0.,0.4226182617407,0.90630778703665));
#9796=DIRECTION('ref_axis',(1.,0.,0.));
#9797=DIRECTION('',(-1.,0.,0.));
#9798=DIRECTION('',(-0.389281620635025,-0.834817129478988,0.389281620635025));
#9799=DIRECTION('',(1.,0.,0.));
#9800=DIRECTION('',(0.389281620635025,-0.834817129478988,0.389281620635025));
#9801=DIRECTION('center_axis',(-0.90630778703665,0.422618261740699,0.));
#9802=DIRECTION('ref_axis',(0.,0.,1.));
#9803=DIRECTION('',(0.,0.,1.));
#9804=DIRECTION('',(0.,0.,-1.));
#9805=DIRECTION('',(-0.389281620635025,-0.834817129478988,-0.389281620635025));
#9806=DIRECTION('center_axis',(0.,0.4226182617407,-0.90630778703665));
#9807=DIRECTION('ref_axis',(-1.,0.,0.));
#9808=DIRECTION('',(-1.,0.,0.));
#9809=DIRECTION('',(1.,0.,0.));
#9810=DIRECTION('',(0.389281620635025,-0.834817129478988,-0.389281620635025));
#9811=DIRECTION('center_axis',(0.90630778703665,0.422618261740699,0.));
#9812=DIRECTION('ref_axis',(0.,0.,-1.));
#9813=DIRECTION('',(0.,0.,1.));
#9814=DIRECTION('center_axis',(0.,0.,1.));
#9815=DIRECTION('ref_axis',(-1.,0.,0.));
#9816=DIRECTION('',(0.,-1.,0.));
#9817=DIRECTION('',(-1.,0.,0.));
#9818=DIRECTION('center_axis',(0.,-1.,0.));
#9819=DIRECTION('ref_axis',(0.,0.,-1.));
#9820=DIRECTION('center_axis',(1.,0.,0.));
#9821=DIRECTION('ref_axis',(0.,-0.707106781186548,0.707106781186548));
#9822=DIRECTION('center_axis',(1.,0.,0.));
#9823=DIRECTION('ref_axis',(0.,-0.707106781186548,0.707106781186548));
#9824=DIRECTION('center_axis',(-1.,0.,0.));
#9825=DIRECTION('ref_axis',(0.,0.,-1.));
#9826=DIRECTION('',(0.,-1.,0.));
#9827=DIRECTION('',(0.,0.,-1.));
#9828=DIRECTION('center_axis',(-1.21734980770302E-16,1.,0.));
#9829=DIRECTION('ref_axis',(1.,1.21734980770302E-16,0.));
#9830=DIRECTION('',(-1.,-1.21734980770302E-16,0.));
#9831=DIRECTION('center_axis',(0.,0.,-1.));
#9832=DIRECTION('ref_axis',(1.,0.,0.));
#9833=DIRECTION('center_axis',(0.906307787036654,0.,-0.42261826174069));
#9834=DIRECTION('ref_axis',(-0.42261826174069,0.,-0.906307787036654));
#9835=DIRECTION('',(0.,1.,0.));
#9836=DIRECTION('',(0.389281620635025,0.389281620635025,0.834817129478987));
#9837=DIRECTION('',(0.,-1.,0.));
#9838=DIRECTION('',(0.389281620635016,-0.389281620635027,0.834817129478991));
#9839=DIRECTION('center_axis',(-1.10329361026881E-16,0.90630778703665,-0.422618261740699));
#9840=DIRECTION('ref_axis',(0.,0.422618261740699,0.90630778703665));
#9841=DIRECTION('',(-1.,-1.21734980770302E-16,0.));
#9842=DIRECTION('',(-0.389281620635025,0.389281620635025,0.834817129478987));
#9843=DIRECTION('',(1.,1.21734980770302E-16,0.));
#9844=DIRECTION('center_axis',(-0.906307787036646,0.,-0.422618261740707));
#9845=DIRECTION('ref_axis',(-0.422618261740707,0.,0.906307787036646));
#9846=DIRECTION('',(0.,-1.,0.));
#9847=DIRECTION('',(-0.389281620635025,-0.389281620635025,0.834817129478987));
#9848=DIRECTION('',(0.,1.,0.));
#9849=DIRECTION('center_axis',(0.,-0.90630778703665,-0.4226182617407));
#9850=DIRECTION('ref_axis',(0.,0.4226182617407,-0.90630778703665));
#9851=DIRECTION('',(-1.,0.,0.));
#9852=DIRECTION('',(1.,0.,0.));
#9853=DIRECTION('center_axis',(0.,-1.,0.));
#9854=DIRECTION('ref_axis',(0.,0.,-1.));
#9855=DIRECTION('',(0.,0.,1.));
#9856=DIRECTION('',(1.,0.,0.));
#9857=DIRECTION('',(0.,0.,-1.));
#9858=DIRECTION('center_axis',(1.,0.,0.));
#9859=DIRECTION('ref_axis',(0.,0.,1.));
#9860=DIRECTION('',(0.,0.,-1.));
#9861=DIRECTION('',(0.,-1.,0.));
#9862=DIRECTION('',(0.,0.,-1.));
#9863=DIRECTION('',(0.,-1.,0.));
#9864=DIRECTION('center_axis',(-1.,0.,0.));
#9865=DIRECTION('ref_axis',(0.,-0.707106781186548,0.707106781186548));
#9866=DIRECTION('center_axis',(0.,0.,-1.));
#9867=DIRECTION('ref_axis',(-1.,0.,0.));
#9868=DIRECTION('center_axis',(0.,0.4226182617407,0.90630778703665));
#9869=DIRECTION('ref_axis',(1.,0.,0.));
#9870=DIRECTION('',(-1.,0.,0.));
#9871=DIRECTION('',(-0.389281620635025,-0.834817129478987,0.389281620635025));
#9872=DIRECTION('',(1.,0.,0.));
#9873=DIRECTION('',(0.389281620635023,-0.834817129478988,0.389281620635026));
#9874=DIRECTION('center_axis',(-0.90630778703665,0.4226182617407,0.));
#9875=DIRECTION('ref_axis',(0.,0.,1.));
#9876=DIRECTION('',(0.,0.,1.));
#9877=DIRECTION('',(0.,0.,-1.));
#9878=DIRECTION('',(-0.389281620635025,-0.834817129478987,-0.389281620635025));
#9879=DIRECTION('center_axis',(0.,0.4226182617407,-0.90630778703665));
#9880=DIRECTION('ref_axis',(-1.,0.,0.));
#9881=DIRECTION('',(-1.,0.,0.));
#9882=DIRECTION('',(1.,0.,0.));
#9883=DIRECTION('',(0.389281620635023,-0.834817129478988,-0.389281620635026));
#9884=DIRECTION('center_axis',(0.906307787036651,0.422618261740698,0.));
#9885=DIRECTION('ref_axis',(0.,0.,-1.));
#9886=DIRECTION('',(0.,0.,1.));
#9887=DIRECTION('center_axis',(0.,0.,1.));
#9888=DIRECTION('ref_axis',(-1.,0.,0.));
#9889=DIRECTION('',(0.,-1.,0.));
#9890=DIRECTION('',(-1.,0.,0.));
#9891=DIRECTION('center_axis',(0.,-1.,0.));
#9892=DIRECTION('ref_axis',(0.,0.,-1.));
#9893=DIRECTION('center_axis',(1.,0.,0.));
#9894=DIRECTION('ref_axis',(0.,-0.707106781186548,0.707106781186548));
#9895=DIRECTION('center_axis',(1.,0.,0.));
#9896=DIRECTION('ref_axis',(0.,-0.707106781186548,0.707106781186548));
#9897=DIRECTION('center_axis',(-1.,0.,0.));
#9898=DIRECTION('ref_axis',(0.,0.,-1.));
#9899=DIRECTION('',(0.,-1.,0.));
#9900=DIRECTION('',(0.,0.,-1.));
#9901=DIRECTION('center_axis',(-1.21734980770302E-16,1.,0.));
#9902=DIRECTION('ref_axis',(1.,1.21734980770302E-16,0.));
#9903=DIRECTION('',(-1.,-1.21734980770302E-16,0.));
#9904=DIRECTION('center_axis',(0.,0.,-1.));
#9905=DIRECTION('ref_axis',(1.,0.,0.));
#9906=DIRECTION('center_axis',(0.906307787036653,0.,-0.422618261740692));
#9907=DIRECTION('ref_axis',(-0.422618261740692,0.,-0.906307787036653));
#9908=DIRECTION('',(0.,1.,0.));
#9909=DIRECTION('',(0.389281620635025,0.389281620635025,0.834817129478988));
#9910=DIRECTION('',(0.,-1.,0.));
#9911=DIRECTION('',(0.389281620635018,-0.389281620635027,0.83481712947899));
#9912=DIRECTION('center_axis',(-1.10329361026881E-16,0.90630778703665,-0.422618261740699));
#9913=DIRECTION('ref_axis',(0.,0.422618261740699,0.90630778703665));
#9914=DIRECTION('',(-1.,-1.21734980770302E-16,0.));
#9915=DIRECTION('',(-0.389281620635025,0.389281620635025,0.834817129478987));
#9916=DIRECTION('',(1.,1.21734980770302E-16,0.));
#9917=DIRECTION('center_axis',(-0.906307787036648,0.,-0.422618261740705));
#9918=DIRECTION('ref_axis',(-0.422618261740704,0.,0.906307787036648));
#9919=DIRECTION('',(0.,-1.,0.));
#9920=DIRECTION('',(-0.389281620635025,-0.389281620635025,0.834817129478987));
#9921=DIRECTION('',(0.,1.,0.));
#9922=DIRECTION('center_axis',(0.,-0.90630778703665,-0.4226182617407));
#9923=DIRECTION('ref_axis',(0.,0.4226182617407,-0.90630778703665));
#9924=DIRECTION('',(-1.,0.,0.));
#9925=DIRECTION('',(1.,0.,0.));
#9926=DIRECTION('center_axis',(0.,-1.,0.));
#9927=DIRECTION('ref_axis',(0.,0.,-1.));
#9928=DIRECTION('',(0.,0.,1.));
#9929=DIRECTION('',(1.,0.,0.));
#9930=DIRECTION('',(0.,0.,-1.));
#9931=DIRECTION('center_axis',(1.,0.,0.));
#9932=DIRECTION('ref_axis',(0.,0.,1.));
#9933=DIRECTION('',(0.,0.,-1.));
#9934=DIRECTION('',(0.,-1.,0.));
#9935=DIRECTION('',(0.,0.,-1.));
#9936=DIRECTION('',(0.,-1.,0.));
#9937=DIRECTION('center_axis',(-1.,0.,0.));
#9938=DIRECTION('ref_axis',(0.,-0.707106781186548,0.707106781186548));
#9939=DIRECTION('center_axis',(0.,0.,-1.));
#9940=DIRECTION('ref_axis',(-1.,0.,0.));
#9941=DIRECTION('center_axis',(0.,0.4226182617407,0.90630778703665));
#9942=DIRECTION('ref_axis',(1.,0.,0.));
#9943=DIRECTION('',(-1.,0.,0.));
#9944=DIRECTION('',(-0.389281620635025,-0.834817129478988,0.389281620635025));
#9945=DIRECTION('',(1.,0.,0.));
#9946=DIRECTION('',(0.389281620635025,-0.834817129478988,0.389281620635025));
#9947=DIRECTION('center_axis',(-0.90630778703665,0.422618261740699,0.));
#9948=DIRECTION('ref_axis',(0.,0.,1.));
#9949=DIRECTION('',(0.,0.,1.));
#9950=DIRECTION('',(0.,0.,-1.));
#9951=DIRECTION('',(-0.389281620635025,-0.834817129478988,-0.389281620635025));
#9952=DIRECTION('center_axis',(0.,0.4226182617407,-0.90630778703665));
#9953=DIRECTION('ref_axis',(-1.,0.,0.));
#9954=DIRECTION('',(-1.,0.,0.));
#9955=DIRECTION('',(1.,0.,0.));
#9956=DIRECTION('',(0.389281620635025,-0.834817129478988,-0.389281620635025));
#9957=DIRECTION('center_axis',(0.90630778703665,0.422618261740699,0.));
#9958=DIRECTION('ref_axis',(0.,0.,-1.));
#9959=DIRECTION('',(0.,0.,1.));
#9960=DIRECTION('center_axis',(0.,0.,1.));
#9961=DIRECTION('ref_axis',(-1.,0.,0.));
#9962=DIRECTION('',(0.,-1.,0.));
#9963=DIRECTION('',(-1.,0.,0.));
#9964=DIRECTION('center_axis',(0.,-1.,0.));
#9965=DIRECTION('ref_axis',(0.,0.,-1.));
#9966=DIRECTION('center_axis',(1.,0.,0.));
#9967=DIRECTION('ref_axis',(0.,-0.707106781186548,0.707106781186548));
#9968=DIRECTION('center_axis',(1.,0.,0.));
#9969=DIRECTION('ref_axis',(0.,-0.707106781186548,0.707106781186548));
#9970=DIRECTION('center_axis',(-1.,0.,0.));
#9971=DIRECTION('ref_axis',(0.,0.,-1.));
#9972=DIRECTION('',(0.,-1.,0.));
#9973=DIRECTION('',(0.,0.,-1.));
#9974=DIRECTION('center_axis',(-1.21734980770302E-16,1.,0.));
#9975=DIRECTION('ref_axis',(1.,1.21734980770302E-16,0.));
#9976=DIRECTION('',(-1.,-1.21734980770302E-16,0.));
#9977=DIRECTION('center_axis',(0.,0.,-1.));
#9978=DIRECTION('ref_axis',(1.,0.,0.));
#9979=DIRECTION('center_axis',(0.906307787036651,0.,-0.422618261740698));
#9980=DIRECTION('ref_axis',(-0.422618261740698,0.,-0.906307787036651));
#9981=DIRECTION('',(0.,1.,0.));
#9982=DIRECTION('',(0.389281620635025,0.389281620635025,0.834817129478987));
#9983=DIRECTION('',(0.,-1.,0.));
#9984=DIRECTION('',(0.389281620635023,-0.389281620635026,0.834817129478988));
#9985=DIRECTION('center_axis',(-1.10329361026881E-16,0.90630778703665,-0.422618261740699));
#9986=DIRECTION('ref_axis',(0.,0.422618261740699,0.90630778703665));
#9987=DIRECTION('',(-1.,-1.21734980770302E-16,0.));
#9988=DIRECTION('',(-0.389281620635025,0.389281620635025,0.834817129478987));
#9989=DIRECTION('',(1.,1.21734980770302E-16,0.));
#9990=DIRECTION('center_axis',(-0.90630778703665,0.,-0.422618261740699));
#9991=DIRECTION('ref_axis',(-0.422618261740699,0.,0.90630778703665));
#9992=DIRECTION('',(0.,-1.,0.));
#9993=DIRECTION('',(-0.389281620635025,-0.389281620635025,0.834817129478987));
#9994=DIRECTION('',(0.,1.,0.));
#9995=DIRECTION('center_axis',(0.,-0.90630778703665,-0.4226182617407));
#9996=DIRECTION('ref_axis',(0.,0.4226182617407,-0.90630778703665));
#9997=DIRECTION('',(-1.,0.,0.));
#9998=DIRECTION('',(1.,0.,0.));
#9999=DIRECTION('center_axis',(0.,-1.,0.));
#10000=DIRECTION('ref_axis',(0.,0.,-1.));
#10001=DIRECTION('',(0.,0.,1.));
#10002=DIRECTION('',(1.,0.,0.));
#10003=DIRECTION('',(0.,0.,-1.));
#10004=DIRECTION('center_axis',(1.,0.,0.));
#10005=DIRECTION('ref_axis',(0.,0.,1.));
#10006=DIRECTION('',(0.,0.,-1.));
#10007=DIRECTION('',(0.,-1.,0.));
#10008=DIRECTION('',(0.,0.,-1.));
#10009=DIRECTION('',(0.,-1.,0.));
#10010=DIRECTION('center_axis',(-1.,0.,0.));
#10011=DIRECTION('ref_axis',(0.,-0.707106781186548,0.707106781186548));
#10012=DIRECTION('center_axis',(0.,0.,-1.));
#10013=DIRECTION('ref_axis',(-1.,0.,0.));
#10014=DIRECTION('center_axis',(0.,0.4226182617407,0.90630778703665));
#10015=DIRECTION('ref_axis',(1.,0.,0.));
#10016=DIRECTION('',(-1.,0.,0.));
#10017=DIRECTION('',(-0.389281620635025,-0.834817129478987,0.389281620635025));
#10018=DIRECTION('',(1.,0.,0.));
#10019=DIRECTION('',(0.389281620635023,-0.834817129478988,0.389281620635026));
#10020=DIRECTION('center_axis',(-0.90630778703665,0.4226182617407,0.));
#10021=DIRECTION('ref_axis',(0.,0.,1.));
#10022=DIRECTION('',(0.,0.,1.));
#10023=DIRECTION('',(0.,0.,-1.));
#10024=DIRECTION('',(-0.389281620635025,-0.834817129478987,-0.389281620635025));
#10025=DIRECTION('center_axis',(0.,0.4226182617407,-0.90630778703665));
#10026=DIRECTION('ref_axis',(-1.,0.,0.));
#10027=DIRECTION('',(-1.,0.,0.));
#10028=DIRECTION('',(1.,0.,0.));
#10029=DIRECTION('',(0.389281620635023,-0.834817129478988,-0.389281620635026));
#10030=DIRECTION('center_axis',(0.906307787036651,0.422618261740698,0.));
#10031=DIRECTION('ref_axis',(0.,0.,-1.));
#10032=DIRECTION('',(0.,0.,1.));
#10033=DIRECTION('center_axis',(0.,0.,1.));
#10034=DIRECTION('ref_axis',(-1.,0.,0.));
#10035=DIRECTION('',(0.,-1.,0.));
#10036=DIRECTION('',(-1.,0.,0.));
#10037=DIRECTION('center_axis',(0.,-1.,0.));
#10038=DIRECTION('ref_axis',(0.,0.,-1.));
#10039=DIRECTION('center_axis',(1.,0.,0.));
#10040=DIRECTION('ref_axis',(0.,-0.707106781186548,0.707106781186548));
#10041=DIRECTION('center_axis',(1.,0.,0.));
#10042=DIRECTION('ref_axis',(0.,-0.707106781186548,0.707106781186548));
#10043=DIRECTION('center_axis',(-1.,0.,0.));
#10044=DIRECTION('ref_axis',(0.,0.,-1.));
#10045=DIRECTION('',(0.,-1.,0.));
#10046=DIRECTION('',(0.,0.,-1.));
#10047=DIRECTION('center_axis',(-1.21734980770302E-16,1.,0.));
#10048=DIRECTION('ref_axis',(1.,1.21734980770302E-16,0.));
#10049=DIRECTION('',(-1.,-1.21734980770302E-16,0.));
#10050=DIRECTION('center_axis',(0.,0.,-1.));
#10051=DIRECTION('ref_axis',(1.,0.,0.));
#10052=DIRECTION('center_axis',(1.,0.,0.));
#10053=DIRECTION('ref_axis',(0.,-0.707106781186548,0.707106781186548));
#10054=DIRECTION('center_axis',(-1.,0.,0.));
#10055=DIRECTION('ref_axis',(0.,-0.707106781186548,0.707106781186548));
#10056=DIRECTION('',(-1.,0.,0.));
#10057=DIRECTION('center_axis',(1.,0.,0.));
#10058=DIRECTION('ref_axis',(0.,-0.707106781186548,0.707106781186548));
#10059=DIRECTION('',(1.,0.,0.));
#10060=DIRECTION('center_axis',(1.,0.,0.));
#10061=DIRECTION('ref_axis',(0.,0.,1.));
#10062=DIRECTION('',(0.,0.,-1.));
#10063=DIRECTION('',(0.,-1.,0.));
#10064=DIRECTION('',(0.,0.,-1.));
#10065=DIRECTION('center_axis',(1.,0.,0.));
#10066=DIRECTION('ref_axis',(0.,-0.707106781186547,0.707106781186547));
#10067=DIRECTION('',(0.,-1.,0.));
#10068=DIRECTION('',(0.,0.,-1.));
#10069=DIRECTION('',(0.,-1.,0.));
#10070=DIRECTION('center_axis',(0.,-1.,0.));
#10071=DIRECTION('ref_axis',(0.,0.,-1.));
#10072=DIRECTION('',(0.,0.,-1.));
#10073=DIRECTION('',(-1.,0.,0.));
#10074=DIRECTION('center_axis',(-1.,0.,0.));
#10075=DIRECTION('ref_axis',(0.,-0.707106781186547,0.707106781186547));
#10076=DIRECTION('',(-1.,0.,0.));
#10077=DIRECTION('center_axis',(-1.,0.,0.));
#10078=DIRECTION('ref_axis',(0.,-0.707106781186547,0.707106781186547));
#10079=DIRECTION('',(1.,0.,0.));
#10080=DIRECTION('center_axis',(0.,1.,0.));
#10081=DIRECTION('ref_axis',(-1.,0.,0.));
#10082=DIRECTION('',(1.,0.,0.));
#10083=DIRECTION('',(0.,0.,-1.));
#10084=DIRECTION('center_axis',(0.906307787036652,0.,-0.422618261740695));
#10085=DIRECTION('ref_axis',(-0.422618261740695,0.,-0.906307787036652));
#10086=DIRECTION('',(0.,1.,0.));
#10087=DIRECTION('',(0.389281620635025,0.389281620635025,0.834817129478987));
#10088=DIRECTION('',(0.389281620635026,-0.389281620635024,0.834817129478988));
#10089=DIRECTION('center_axis',(0.,0.90630778703665,-0.4226182617407));
#10090=DIRECTION('ref_axis',(0.,0.4226182617407,0.90630778703665));
#10091=DIRECTION('',(-1.,0.,0.));
#10092=DIRECTION('',(-0.389281620635025,0.389281620635025,0.834817129478987));
#10093=DIRECTION('center_axis',(-0.906307787036648,0.,-0.422618261740703));
#10094=DIRECTION('ref_axis',(-0.422618261740703,0.,0.906307787036648));
#10095=DIRECTION('',(0.,-1.,0.));
#10096=DIRECTION('',(-0.389281620635026,-0.389281620635025,0.834817129478987));
#10097=DIRECTION('',(0.,1.,0.));
#10098=DIRECTION('center_axis',(0.,-0.90630778703665,-0.4226182617407));
#10099=DIRECTION('ref_axis',(0.,0.4226182617407,-0.90630778703665));
#10100=DIRECTION('',(1.,0.,0.));
#10101=DIRECTION('center_axis',(0.,0.,-1.));
#10102=DIRECTION('ref_axis',(-1.,0.,0.));
#10103=DIRECTION('center_axis',(0.,0.4226182617407,0.90630778703665));
#10104=DIRECTION('ref_axis',(1.,0.,0.));
#10105=DIRECTION('',(-1.,0.,0.));
#10106=DIRECTION('',(-0.389281620635025,-0.834817129478987,0.389281620635025));
#10107=DIRECTION('',(1.,0.,0.));
#10108=DIRECTION('',(0.389281620635025,-0.834817129478987,0.389281620635025));
#10109=DIRECTION('center_axis',(-0.90630778703665,0.4226182617407,0.));
#10110=DIRECTION('ref_axis',(0.,0.,1.));
#10111=DIRECTION('',(0.,0.,1.));
#10112=DIRECTION('',(0.,0.,-1.));
#10113=DIRECTION('',(-0.389281620635025,-0.834817129478987,-0.389281620635026));
#10114=DIRECTION('center_axis',(0.,0.422618261740701,-0.906307787036649));
#10115=DIRECTION('ref_axis',(-1.,0.,0.));
#10116=DIRECTION('',(-1.,0.,0.));
#10117=DIRECTION('',(1.,0.,0.));
#10118=DIRECTION('',(0.389281620635025,-0.834817129478987,-0.389281620635026));
#10119=DIRECTION('center_axis',(0.90630778703665,0.4226182617407,0.));
#10120=DIRECTION('ref_axis',(0.,0.,-1.));
#10121=DIRECTION('',(0.,0.,1.));
#10122=DIRECTION('center_axis',(0.,0.,1.));
#10123=DIRECTION('ref_axis',(-1.,0.,0.));
#10124=DIRECTION('',(0.,-1.,0.));
#10125=DIRECTION('center_axis',(0.,-1.,0.));
#10126=DIRECTION('ref_axis',(0.,0.,-1.));
#10127=DIRECTION('center_axis',(-1.,0.,0.));
#10128=DIRECTION('ref_axis',(0.,0.,-1.));
#10129=DIRECTION('',(0.,-1.,0.));
#10130=DIRECTION('center_axis',(0.,0.,-1.));
#10131=DIRECTION('ref_axis',(1.,0.,0.));
#10132=DIRECTION('center_axis',(1.,0.,0.));
#10133=DIRECTION('ref_axis',(0.,-0.707106781186548,0.707106781186548));
#10134=DIRECTION('center_axis',(-1.,0.,0.));
#10135=DIRECTION('ref_axis',(0.,-0.707106781186548,0.707106781186548));
#10136=DIRECTION('',(-1.,0.,0.));
#10137=DIRECTION('center_axis',(1.,0.,0.));
#10138=DIRECTION('ref_axis',(0.,-0.707106781186548,0.707106781186548));
#10139=DIRECTION('',(1.,0.,0.));
#10140=DIRECTION('center_axis',(1.,0.,0.));
#10141=DIRECTION('ref_axis',(0.,0.,1.));
#10142=DIRECTION('',(0.,0.,-1.));
#10143=DIRECTION('',(0.,-1.,0.));
#10144=DIRECTION('',(0.,0.,-1.));
#10145=DIRECTION('center_axis',(1.,0.,0.));
#10146=DIRECTION('ref_axis',(0.,-0.707106781186547,0.707106781186547));
#10147=DIRECTION('',(0.,-1.,0.));
#10148=DIRECTION('',(0.,0.,-1.));
#10149=DIRECTION('',(0.,-1.,0.));
#10150=DIRECTION('center_axis',(0.,-1.,0.));
#10151=DIRECTION('ref_axis',(0.,0.,-1.));
#10152=DIRECTION('',(0.,0.,-1.));
#10153=DIRECTION('',(-1.,0.,0.));
#10154=DIRECTION('center_axis',(-1.,0.,0.));
#10155=DIRECTION('ref_axis',(0.,-0.707106781186547,0.707106781186547));
#10156=DIRECTION('',(-1.,0.,0.));
#10157=DIRECTION('center_axis',(-1.,0.,0.));
#10158=DIRECTION('ref_axis',(0.,-0.707106781186547,0.707106781186547));
#10159=DIRECTION('',(1.,0.,0.));
#10160=DIRECTION('center_axis',(0.,1.,0.));
#10161=DIRECTION('ref_axis',(-1.,0.,0.));
#10162=DIRECTION('',(1.,0.,0.));
#10163=DIRECTION('',(0.,0.,-1.));
#10164=DIRECTION('center_axis',(0.906307787036655,0.,-0.422618261740688));
#10165=DIRECTION('ref_axis',(-0.422618261740688,0.,-0.906307787036655));
#10166=DIRECTION('',(0.,1.,0.));
#10167=DIRECTION('',(0.389281620635025,0.389281620635025,0.834817129478987));
#10168=DIRECTION('',(0.389281620635026,-0.389281620635024,0.834817129478988));
#10169=DIRECTION('center_axis',(0.,0.90630778703665,-0.4226182617407));
#10170=DIRECTION('ref_axis',(0.,0.4226182617407,0.90630778703665));
#10171=DIRECTION('',(-1.,0.,0.));
#10172=DIRECTION('',(-0.389281620635025,0.389281620635025,0.834817129478987));
#10173=DIRECTION('center_axis',(-0.906307787036645,0.,-0.42261826174071));
#10174=DIRECTION('ref_axis',(-0.42261826174071,0.,0.906307787036645));
#10175=DIRECTION('',(0.,-1.,0.));
#10176=DIRECTION('',(-0.389281620635025,-0.389281620635025,0.834817129478987));
#10177=DIRECTION('',(0.,1.,0.));
#10178=DIRECTION('center_axis',(0.,-0.90630778703665,-0.4226182617407));
#10179=DIRECTION('ref_axis',(0.,0.4226182617407,-0.90630778703665));
#10180=DIRECTION('',(1.,0.,0.));
#10181=DIRECTION('center_axis',(0.,0.,-1.));
#10182=DIRECTION('ref_axis',(-1.,0.,0.));
#10183=DIRECTION('center_axis',(0.,0.4226182617407,0.90630778703665));
#10184=DIRECTION('ref_axis',(1.,0.,0.));
#10185=DIRECTION('',(-1.,0.,0.));
#10186=DIRECTION('',(-0.389281620635023,-0.834817129478988,0.389281620635026));
#10187=DIRECTION('',(1.,0.,0.));
#10188=DIRECTION('',(0.389281620635025,-0.834817129478987,0.389281620635025));
#10189=DIRECTION('center_axis',(-0.906307787036651,0.422618261740698,0.));
#10190=DIRECTION('ref_axis',(0.,0.,1.));
#10191=DIRECTION('',(0.,0.,1.));
#10192=DIRECTION('',(0.,0.,-1.));
#10193=DIRECTION('',(-0.389281620635023,-0.834817129478988,-0.389281620635026));
#10194=DIRECTION('center_axis',(0.,0.422618261740701,-0.906307787036649));
#10195=DIRECTION('ref_axis',(-1.,0.,0.));
#10196=DIRECTION('',(-1.,0.,0.));
#10197=DIRECTION('',(1.,0.,0.));
#10198=DIRECTION('',(0.389281620635025,-0.834817129478987,-0.389281620635026));
#10199=DIRECTION('center_axis',(0.90630778703665,0.4226182617407,0.));
#10200=DIRECTION('ref_axis',(0.,0.,-1.));
#10201=DIRECTION('',(0.,0.,1.));
#10202=DIRECTION('center_axis',(0.,0.,1.));
#10203=DIRECTION('ref_axis',(-1.,0.,0.));
#10204=DIRECTION('',(0.,-1.,0.));
#10205=DIRECTION('center_axis',(0.,-1.,0.));
#10206=DIRECTION('ref_axis',(0.,0.,-1.));
#10207=DIRECTION('center_axis',(-1.,0.,0.));
#10208=DIRECTION('ref_axis',(0.,0.,-1.));
#10209=DIRECTION('',(0.,-1.,0.));
#10210=DIRECTION('center_axis',(0.,0.,-1.));
#10211=DIRECTION('ref_axis',(1.,0.,0.));
#10212=DIRECTION('center_axis',(1.,0.,0.));
#10213=DIRECTION('ref_axis',(0.,-0.707106781186548,0.707106781186548));
#10214=DIRECTION('center_axis',(-1.,0.,0.));
#10215=DIRECTION('ref_axis',(0.,-0.707106781186548,0.707106781186548));
#10216=DIRECTION('',(-1.,0.,0.));
#10217=DIRECTION('center_axis',(1.,0.,0.));
#10218=DIRECTION('ref_axis',(0.,-0.707106781186548,0.707106781186548));
#10219=DIRECTION('',(1.,0.,0.));
#10220=DIRECTION('center_axis',(1.,0.,0.));
#10221=DIRECTION('ref_axis',(0.,0.,1.));
#10222=DIRECTION('',(0.,0.,-1.));
#10223=DIRECTION('',(0.,-1.,0.));
#10224=DIRECTION('',(0.,0.,-1.));
#10225=DIRECTION('center_axis',(1.,0.,0.));
#10226=DIRECTION('ref_axis',(0.,-0.707106781186547,0.707106781186547));
#10227=DIRECTION('',(0.,-1.,0.));
#10228=DIRECTION('',(0.,0.,-1.));
#10229=DIRECTION('',(0.,-1.,0.));
#10230=DIRECTION('center_axis',(0.,-1.,0.));
#10231=DIRECTION('ref_axis',(0.,0.,-1.));
#10232=DIRECTION('',(0.,0.,-1.));
#10233=DIRECTION('',(-1.,0.,0.));
#10234=DIRECTION('center_axis',(-1.,0.,0.));
#10235=DIRECTION('ref_axis',(0.,-0.707106781186547,0.707106781186547));
#10236=DIRECTION('',(-1.,0.,0.));
#10237=DIRECTION('center_axis',(-1.,0.,0.));
#10238=DIRECTION('ref_axis',(0.,-0.707106781186547,0.707106781186547));
#10239=DIRECTION('',(1.,0.,0.));
#10240=DIRECTION('center_axis',(0.,1.,0.));
#10241=DIRECTION('ref_axis',(-1.,0.,0.));
#10242=DIRECTION('',(1.,0.,0.));
#10243=DIRECTION('',(0.,0.,-1.));
#10244=DIRECTION('center_axis',(0.906307787036654,0.,-0.422618261740691));
#10245=DIRECTION('ref_axis',(-0.422618261740691,0.,-0.906307787036654));
#10246=DIRECTION('',(0.,1.,0.));
#10247=DIRECTION('',(0.389281620635025,0.389281620635025,0.834817129478987));
#10248=DIRECTION('',(0.389281620635026,-0.389281620635024,0.834817129478988));
#10249=DIRECTION('center_axis',(0.,0.90630778703665,-0.4226182617407));
#10250=DIRECTION('ref_axis',(0.,0.4226182617407,0.90630778703665));
#10251=DIRECTION('',(-1.,0.,0.));
#10252=DIRECTION('',(-0.389281620635025,0.389281620635025,0.834817129478987));
#10253=DIRECTION('center_axis',(-0.906307787036647,0.,-0.422618261740706));
#10254=DIRECTION('ref_axis',(-0.422618261740706,0.,0.906307787036647));
#10255=DIRECTION('',(0.,-1.,0.));
#10256=DIRECTION('',(-0.389281620635025,-0.389281620635025,0.834817129478987));
#10257=DIRECTION('',(0.,1.,0.));
#10258=DIRECTION('center_axis',(0.,-0.90630778703665,-0.4226182617407));
#10259=DIRECTION('ref_axis',(0.,0.4226182617407,-0.90630778703665));
#10260=DIRECTION('',(1.,0.,0.));
#10261=DIRECTION('center_axis',(0.,0.,-1.));
#10262=DIRECTION('ref_axis',(-1.,0.,0.));
#10263=DIRECTION('center_axis',(0.,0.4226182617407,0.90630778703665));
#10264=DIRECTION('ref_axis',(1.,0.,0.));
#10265=DIRECTION('',(-1.,0.,0.));
#10266=DIRECTION('',(-0.389281620635025,-0.834817129478987,0.389281620635025));
#10267=DIRECTION('',(1.,0.,0.));
#10268=DIRECTION('',(0.389281620635026,-0.834817129478987,0.389281620635025));
#10269=DIRECTION('center_axis',(-0.90630778703665,0.4226182617407,0.));
#10270=DIRECTION('ref_axis',(0.,0.,1.));
#10271=DIRECTION('',(0.,0.,1.));
#10272=DIRECTION('',(0.,0.,-1.));
#10273=DIRECTION('',(-0.389281620635025,-0.834817129478987,-0.389281620635026));
#10274=DIRECTION('center_axis',(0.,0.422618261740701,-0.906307787036649));
#10275=DIRECTION('ref_axis',(-1.,0.,0.));
#10276=DIRECTION('',(-1.,0.,0.));
#10277=DIRECTION('',(1.,0.,0.));
#10278=DIRECTION('',(0.389281620635026,-0.834817129478987,-0.389281620635026));
#10279=DIRECTION('center_axis',(0.906307787036649,0.422618261740701,0.));
#10280=DIRECTION('ref_axis',(0.,0.,-1.));
#10281=DIRECTION('',(0.,0.,1.));
#10282=DIRECTION('center_axis',(0.,0.,1.));
#10283=DIRECTION('ref_axis',(-1.,0.,0.));
#10284=DIRECTION('',(0.,-1.,0.));
#10285=DIRECTION('center_axis',(0.,-1.,0.));
#10286=DIRECTION('ref_axis',(0.,0.,-1.));
#10287=DIRECTION('center_axis',(-1.,0.,0.));
#10288=DIRECTION('ref_axis',(0.,0.,-1.));
#10289=DIRECTION('',(0.,-1.,0.));
#10290=DIRECTION('center_axis',(0.,0.,-1.));
#10291=DIRECTION('ref_axis',(1.,0.,0.));
#10292=DIRECTION('center_axis',(1.,0.,0.));
#10293=DIRECTION('ref_axis',(0.,-0.707106781186548,0.707106781186548));
#10294=DIRECTION('center_axis',(-1.,0.,0.));
#10295=DIRECTION('ref_axis',(0.,-0.707106781186548,0.707106781186548));
#10296=DIRECTION('',(-1.,0.,0.));
#10297=DIRECTION('center_axis',(1.,0.,0.));
#10298=DIRECTION('ref_axis',(0.,-0.707106781186548,0.707106781186548));
#10299=DIRECTION('',(1.,0.,0.));
#10300=DIRECTION('center_axis',(1.,0.,0.));
#10301=DIRECTION('ref_axis',(0.,0.,1.));
#10302=DIRECTION('',(0.,0.,-1.));
#10303=DIRECTION('',(0.,-1.,0.));
#10304=DIRECTION('',(0.,0.,-1.));
#10305=DIRECTION('center_axis',(1.,0.,0.));
#10306=DIRECTION('ref_axis',(0.,-0.707106781186547,0.707106781186547));
#10307=DIRECTION('',(0.,-1.,0.));
#10308=DIRECTION('',(0.,0.,-1.));
#10309=DIRECTION('',(0.,-1.,0.));
#10310=DIRECTION('center_axis',(0.,-1.,0.));
#10311=DIRECTION('ref_axis',(0.,0.,-1.));
#10312=DIRECTION('',(0.,0.,-1.));
#10313=DIRECTION('',(-1.,0.,0.));
#10314=DIRECTION('center_axis',(-1.,0.,0.));
#10315=DIRECTION('ref_axis',(0.,-0.707106781186547,0.707106781186547));
#10316=DIRECTION('',(-1.,0.,0.));
#10317=DIRECTION('center_axis',(-1.,0.,0.));
#10318=DIRECTION('ref_axis',(0.,-0.707106781186547,0.707106781186547));
#10319=DIRECTION('',(1.,0.,0.));
#10320=DIRECTION('center_axis',(0.,1.,0.));
#10321=DIRECTION('ref_axis',(-1.,0.,0.));
#10322=DIRECTION('',(1.,0.,0.));
#10323=DIRECTION('',(0.,0.,-1.));
#10324=DIRECTION('center_axis',(0.906307787036652,0.,-0.422618261740696));
#10325=DIRECTION('ref_axis',(-0.422618261740696,0.,-0.906307787036652));
#10326=DIRECTION('',(0.,1.,0.));
#10327=DIRECTION('',(0.389281620635025,0.389281620635025,0.834817129478987));
#10328=DIRECTION('',(0.389281620635026,-0.389281620635024,0.834817129478988));
#10329=DIRECTION('center_axis',(0.,0.90630778703665,-0.4226182617407));
#10330=DIRECTION('ref_axis',(0.,0.4226182617407,0.90630778703665));
#10331=DIRECTION('',(-1.,0.,0.));
#10332=DIRECTION('',(-0.389281620635025,0.389281620635025,0.834817129478987));
#10333=DIRECTION('center_axis',(-0.906307787036649,0.,-0.422618261740702));
#10334=DIRECTION('ref_axis',(-0.422618261740702,0.,0.906307787036649));
#10335=DIRECTION('',(0.,-1.,0.));
#10336=DIRECTION('',(-0.389281620635025,-0.389281620635025,0.834817129478987));
#10337=DIRECTION('',(0.,1.,0.));
#10338=DIRECTION('center_axis',(0.,-0.90630778703665,-0.4226182617407));
#10339=DIRECTION('ref_axis',(0.,0.4226182617407,-0.90630778703665));
#10340=DIRECTION('',(1.,0.,0.));
#10341=DIRECTION('center_axis',(0.,0.,-1.));
#10342=DIRECTION('ref_axis',(-1.,0.,0.));
#10343=DIRECTION('center_axis',(0.,0.4226182617407,0.90630778703665));
#10344=DIRECTION('ref_axis',(1.,0.,0.));
#10345=DIRECTION('',(-1.,0.,0.));
#10346=DIRECTION('',(-0.389281620635025,-0.834817129478987,0.389281620635025));
#10347=DIRECTION('',(1.,0.,0.));
#10348=DIRECTION('',(0.389281620635023,-0.834817129478988,0.389281620635026));
#10349=DIRECTION('center_axis',(-0.90630778703665,0.4226182617407,0.));
#10350=DIRECTION('ref_axis',(0.,0.,1.));
#10351=DIRECTION('',(0.,0.,1.));
#10352=DIRECTION('',(0.,0.,-1.));
#10353=DIRECTION('',(-0.389281620635025,-0.834817129478987,-0.389281620635026));
#10354=DIRECTION('center_axis',(0.,0.422618261740701,-0.906307787036649));
#10355=DIRECTION('ref_axis',(-1.,0.,0.));
#10356=DIRECTION('',(-1.,0.,0.));
#10357=DIRECTION('',(1.,0.,0.));
#10358=DIRECTION('',(0.389281620635023,-0.834817129478988,-0.389281620635026));
#10359=DIRECTION('center_axis',(0.906307787036651,0.422618261740698,0.));
#10360=DIRECTION('ref_axis',(0.,0.,-1.));
#10361=DIRECTION('',(0.,0.,1.));
#10362=DIRECTION('center_axis',(0.,0.,1.));
#10363=DIRECTION('ref_axis',(-1.,0.,0.));
#10364=DIRECTION('',(0.,-1.,0.));
#10365=DIRECTION('center_axis',(0.,-1.,0.));
#10366=DIRECTION('ref_axis',(0.,0.,-1.));
#10367=DIRECTION('center_axis',(-1.,0.,0.));
#10368=DIRECTION('ref_axis',(0.,0.,-1.));
#10369=DIRECTION('',(0.,-1.,0.));
#10370=DIRECTION('center_axis',(0.,0.,-1.));
#10371=DIRECTION('ref_axis',(1.,0.,0.));
#10372=DIRECTION('center_axis',(1.,0.,0.));
#10373=DIRECTION('ref_axis',(0.,-0.707106781186548,0.707106781186548));
#10374=DIRECTION('center_axis',(-1.,0.,0.));
#10375=DIRECTION('ref_axis',(0.,-0.707106781186548,0.707106781186548));
#10376=DIRECTION('',(-1.,0.,0.));
#10377=DIRECTION('center_axis',(1.,0.,0.));
#10378=DIRECTION('ref_axis',(0.,-0.707106781186548,0.707106781186548));
#10379=DIRECTION('',(1.,0.,0.));
#10380=DIRECTION('center_axis',(1.,0.,0.));
#10381=DIRECTION('ref_axis',(0.,0.,1.));
#10382=DIRECTION('',(0.,0.,-1.));
#10383=DIRECTION('',(0.,-1.,0.));
#10384=DIRECTION('',(0.,0.,-1.));
#10385=DIRECTION('center_axis',(1.,0.,0.));
#10386=DIRECTION('ref_axis',(0.,-0.707106781186547,0.707106781186547));
#10387=DIRECTION('',(0.,-1.,0.));
#10388=DIRECTION('',(0.,0.,-1.));
#10389=DIRECTION('',(0.,-1.,0.));
#10390=DIRECTION('center_axis',(0.,-1.,0.));
#10391=DIRECTION('ref_axis',(0.,0.,-1.));
#10392=DIRECTION('',(0.,0.,-1.));
#10393=DIRECTION('',(-1.,0.,0.));
#10394=DIRECTION('center_axis',(-1.,0.,0.));
#10395=DIRECTION('ref_axis',(0.,-0.707106781186547,0.707106781186547));
#10396=DIRECTION('',(-1.,0.,0.));
#10397=DIRECTION('center_axis',(-1.,0.,0.));
#10398=DIRECTION('ref_axis',(0.,-0.707106781186547,0.707106781186547));
#10399=DIRECTION('',(1.,0.,0.));
#10400=DIRECTION('center_axis',(0.,1.,0.));
#10401=DIRECTION('ref_axis',(-1.,0.,0.));
#10402=DIRECTION('',(1.,0.,0.));
#10403=DIRECTION('',(0.,0.,-1.));
#10404=DIRECTION('center_axis',(0.906307787036653,0.,-0.422618261740692));
#10405=DIRECTION('ref_axis',(-0.422618261740692,0.,-0.906307787036653));
#10406=DIRECTION('',(0.,1.,0.));
#10407=DIRECTION('',(0.389281620635025,0.389281620635025,0.834817129478987));
#10408=DIRECTION('',(0.389281620635025,-0.389281620635024,0.834817129478988));
#10409=DIRECTION('center_axis',(0.,0.90630778703665,-0.4226182617407));
#10410=DIRECTION('ref_axis',(0.,0.4226182617407,0.90630778703665));
#10411=DIRECTION('',(-1.,0.,0.));
#10412=DIRECTION('',(-0.389281620635025,0.389281620635025,0.834817129478987));
#10413=DIRECTION('center_axis',(-0.906307787036648,0.,-0.422618261740704));
#10414=DIRECTION('ref_axis',(-0.422618261740704,0.,0.906307787036648));
#10415=DIRECTION('',(0.,-1.,0.));
#10416=DIRECTION('',(-0.389281620635025,-0.389281620635025,0.834817129478987));
#10417=DIRECTION('',(0.,1.,0.));
#10418=DIRECTION('center_axis',(0.,-0.90630778703665,-0.4226182617407));
#10419=DIRECTION('ref_axis',(0.,0.4226182617407,-0.90630778703665));
#10420=DIRECTION('',(1.,0.,0.));
#10421=DIRECTION('center_axis',(0.,0.,-1.));
#10422=DIRECTION('ref_axis',(-1.,0.,0.));
#10423=DIRECTION('center_axis',(0.,0.4226182617407,0.90630778703665));
#10424=DIRECTION('ref_axis',(1.,0.,0.));
#10425=DIRECTION('',(-1.,0.,0.));
#10426=DIRECTION('',(-0.389281620635025,-0.834817129478988,0.389281620635025));
#10427=DIRECTION('',(1.,0.,0.));
#10428=DIRECTION('',(0.389281620635025,-0.834817129478988,0.389281620635025));
#10429=DIRECTION('center_axis',(-0.90630778703665,0.422618261740699,0.));
#10430=DIRECTION('ref_axis',(0.,0.,1.));
#10431=DIRECTION('',(0.,0.,1.));
#10432=DIRECTION('',(0.,0.,-1.));
#10433=DIRECTION('',(-0.389281620635025,-0.834817129478987,-0.389281620635026));
#10434=DIRECTION('center_axis',(0.,0.422618261740701,-0.906307787036649));
#10435=DIRECTION('ref_axis',(-1.,0.,0.));
#10436=DIRECTION('',(-1.,0.,0.));
#10437=DIRECTION('',(1.,0.,0.));
#10438=DIRECTION('',(0.389281620635025,-0.834817129478987,-0.389281620635026));
#10439=DIRECTION('center_axis',(0.90630778703665,0.422618261740699,0.));
#10440=DIRECTION('ref_axis',(0.,0.,-1.));
#10441=DIRECTION('',(0.,0.,1.));
#10442=DIRECTION('center_axis',(0.,0.,1.));
#10443=DIRECTION('ref_axis',(-1.,0.,0.));
#10444=DIRECTION('',(0.,-1.,0.));
#10445=DIRECTION('center_axis',(0.,-1.,0.));
#10446=DIRECTION('ref_axis',(0.,0.,-1.));
#10447=DIRECTION('center_axis',(-1.,0.,0.));
#10448=DIRECTION('ref_axis',(0.,0.,-1.));
#10449=DIRECTION('',(0.,-1.,0.));
#10450=DIRECTION('center_axis',(0.,0.,-1.));
#10451=DIRECTION('ref_axis',(1.,0.,0.));
#10452=DIRECTION('center_axis',(1.,0.,0.));
#10453=DIRECTION('ref_axis',(0.,-0.707106781186548,0.707106781186548));
#10454=DIRECTION('center_axis',(-1.,0.,0.));
#10455=DIRECTION('ref_axis',(0.,-0.707106781186548,0.707106781186548));
#10456=DIRECTION('',(-1.,0.,0.));
#10457=DIRECTION('center_axis',(1.,0.,0.));
#10458=DIRECTION('ref_axis',(0.,-0.707106781186548,0.707106781186548));
#10459=DIRECTION('',(1.,0.,0.));
#10460=DIRECTION('center_axis',(1.,0.,0.));
#10461=DIRECTION('ref_axis',(0.,0.,1.));
#10462=DIRECTION('',(0.,0.,-1.));
#10463=DIRECTION('',(0.,-1.,0.));
#10464=DIRECTION('',(0.,0.,-1.));
#10465=DIRECTION('center_axis',(1.,0.,0.));
#10466=DIRECTION('ref_axis',(0.,-0.707106781186547,0.707106781186547));
#10467=DIRECTION('',(0.,-1.,0.));
#10468=DIRECTION('',(0.,0.,-1.));
#10469=DIRECTION('',(0.,-1.,0.));
#10470=DIRECTION('center_axis',(0.,-1.,0.));
#10471=DIRECTION('ref_axis',(0.,0.,-1.));
#10472=DIRECTION('',(0.,0.,-1.));
#10473=DIRECTION('',(-1.,0.,0.));
#10474=DIRECTION('center_axis',(-1.,0.,0.));
#10475=DIRECTION('ref_axis',(0.,-0.707106781186547,0.707106781186547));
#10476=DIRECTION('',(-1.,0.,0.));
#10477=DIRECTION('center_axis',(-1.,0.,0.));
#10478=DIRECTION('ref_axis',(0.,-0.707106781186547,0.707106781186547));
#10479=DIRECTION('',(1.,0.,0.));
#10480=DIRECTION('center_axis',(0.,1.,0.));
#10481=DIRECTION('ref_axis',(-1.,0.,0.));
#10482=DIRECTION('',(1.,0.,0.));
#10483=DIRECTION('',(0.,0.,-1.));
#10484=DIRECTION('center_axis',(0.906307787036654,0.,-0.42261826174069));
#10485=DIRECTION('ref_axis',(-0.42261826174069,0.,-0.906307787036654));
#10486=DIRECTION('',(0.,1.,0.));
#10487=DIRECTION('',(0.389281620635025,0.389281620635025,0.834817129478987));
#10488=DIRECTION('',(0.389281620635026,-0.389281620635024,0.834817129478988));
#10489=DIRECTION('center_axis',(0.,0.90630778703665,-0.4226182617407));
#10490=DIRECTION('ref_axis',(0.,0.4226182617407,0.90630778703665));
#10491=DIRECTION('',(-1.,0.,0.));
#10492=DIRECTION('',(-0.389281620635025,0.389281620635025,0.834817129478987));
#10493=DIRECTION('center_axis',(-0.906307787036646,0.,-0.422618261740708));
#10494=DIRECTION('ref_axis',(-0.422618261740708,0.,0.906307787036646));
#10495=DIRECTION('',(0.,-1.,0.));
#10496=DIRECTION('',(-0.389281620635025,-0.389281620635025,0.834817129478987));
#10497=DIRECTION('',(0.,1.,0.));
#10498=DIRECTION('center_axis',(0.,-0.90630778703665,-0.4226182617407));
#10499=DIRECTION('ref_axis',(0.,0.4226182617407,-0.90630778703665));
#10500=DIRECTION('',(1.,0.,0.));
#10501=DIRECTION('center_axis',(0.,0.,-1.));
#10502=DIRECTION('ref_axis',(-1.,0.,0.));
#10503=DIRECTION('center_axis',(0.,0.4226182617407,0.90630778703665));
#10504=DIRECTION('ref_axis',(1.,0.,0.));
#10505=DIRECTION('',(-1.,0.,0.));
#10506=DIRECTION('',(-0.389281620635025,-0.834817129478987,0.389281620635025));
#10507=DIRECTION('',(1.,0.,0.));
#10508=DIRECTION('',(0.389281620635023,-0.834817129478988,0.389281620635026));
#10509=DIRECTION('center_axis',(-0.90630778703665,0.4226182617407,0.));
#10510=DIRECTION('ref_axis',(0.,0.,1.));
#10511=DIRECTION('',(0.,0.,1.));
#10512=DIRECTION('',(0.,0.,-1.));
#10513=DIRECTION('',(-0.389281620635025,-0.834817129478987,-0.389281620635026));
#10514=DIRECTION('center_axis',(0.,0.422618261740701,-0.906307787036649));
#10515=DIRECTION('ref_axis',(-1.,0.,0.));
#10516=DIRECTION('',(-1.,0.,0.));
#10517=DIRECTION('',(1.,0.,0.));
#10518=DIRECTION('',(0.389281620635023,-0.834817129478988,-0.389281620635026));
#10519=DIRECTION('center_axis',(0.906307787036651,0.422618261740698,0.));
#10520=DIRECTION('ref_axis',(0.,0.,-1.));
#10521=DIRECTION('',(0.,0.,1.));
#10522=DIRECTION('center_axis',(0.,0.,1.));
#10523=DIRECTION('ref_axis',(-1.,0.,0.));
#10524=DIRECTION('',(0.,-1.,0.));
#10525=DIRECTION('center_axis',(0.,-1.,0.));
#10526=DIRECTION('ref_axis',(0.,0.,-1.));
#10527=DIRECTION('center_axis',(-1.,0.,0.));
#10528=DIRECTION('ref_axis',(0.,0.,-1.));
#10529=DIRECTION('',(0.,-1.,0.));
#10530=DIRECTION('center_axis',(0.,0.,-1.));
#10531=DIRECTION('ref_axis',(1.,0.,0.));
#10532=DIRECTION('center_axis',(1.,0.,0.));
#10533=DIRECTION('ref_axis',(0.,-0.707106781186548,0.707106781186548));
#10534=DIRECTION('center_axis',(-1.,0.,0.));
#10535=DIRECTION('ref_axis',(0.,-0.707106781186548,0.707106781186548));
#10536=DIRECTION('',(-1.,0.,0.));
#10537=DIRECTION('center_axis',(1.,0.,0.));
#10538=DIRECTION('ref_axis',(0.,-0.707106781186548,0.707106781186548));
#10539=DIRECTION('',(1.,0.,0.));
#10540=DIRECTION('center_axis',(1.,0.,0.));
#10541=DIRECTION('ref_axis',(0.,0.,1.));
#10542=DIRECTION('',(0.,0.,-1.));
#10543=DIRECTION('',(0.,-1.,0.));
#10544=DIRECTION('',(0.,0.,-1.));
#10545=DIRECTION('center_axis',(1.,0.,0.));
#10546=DIRECTION('ref_axis',(0.,-0.707106781186547,0.707106781186547));
#10547=DIRECTION('',(0.,-1.,0.));
#10548=DIRECTION('',(0.,0.,-1.));
#10549=DIRECTION('',(0.,-1.,0.));
#10550=DIRECTION('center_axis',(0.,-1.,0.));
#10551=DIRECTION('ref_axis',(0.,0.,-1.));
#10552=DIRECTION('',(0.,0.,-1.));
#10553=DIRECTION('',(-1.,0.,0.));
#10554=DIRECTION('center_axis',(-1.,0.,0.));
#10555=DIRECTION('ref_axis',(0.,-0.707106781186547,0.707106781186547));
#10556=DIRECTION('',(-1.,0.,0.));
#10557=DIRECTION('center_axis',(-1.,0.,0.));
#10558=DIRECTION('ref_axis',(0.,-0.707106781186547,0.707106781186547));
#10559=DIRECTION('',(1.,0.,0.));
#10560=DIRECTION('center_axis',(0.,1.,0.));
#10561=DIRECTION('ref_axis',(-1.,0.,0.));
#10562=DIRECTION('',(1.,0.,0.));
#10563=DIRECTION('',(0.,0.,-1.));
#10564=DIRECTION('center_axis',(0.906307787036654,0.,-0.422618261740692));
#10565=DIRECTION('ref_axis',(-0.422618261740691,0.,-0.906307787036654));
#10566=DIRECTION('',(0.,1.,0.));
#10567=DIRECTION('',(0.389281620635025,0.389281620635025,0.834817129478987));
#10568=DIRECTION('',(0.389281620635025,-0.389281620635024,0.834817129478988));
#10569=DIRECTION('center_axis',(0.,0.90630778703665,-0.4226182617407));
#10570=DIRECTION('ref_axis',(0.,0.4226182617407,0.90630778703665));
#10571=DIRECTION('',(-1.,0.,0.));
#10572=DIRECTION('',(-0.389281620635025,0.389281620635025,0.834817129478987));
#10573=DIRECTION('center_axis',(-0.906307787036647,0.,-0.422618261740705));
#10574=DIRECTION('ref_axis',(-0.422618261740705,0.,0.906307787036647));
#10575=DIRECTION('',(0.,-1.,0.));
#10576=DIRECTION('',(-0.389281620635025,-0.389281620635025,0.834817129478987));
#10577=DIRECTION('',(0.,1.,0.));
#10578=DIRECTION('center_axis',(0.,-0.90630778703665,-0.4226182617407));
#10579=DIRECTION('ref_axis',(0.,0.4226182617407,-0.90630778703665));
#10580=DIRECTION('',(1.,0.,0.));
#10581=DIRECTION('center_axis',(0.,0.,-1.));
#10582=DIRECTION('ref_axis',(-1.,0.,0.));
#10583=DIRECTION('center_axis',(-0.90630778703665,0.422618261740699,0.));
#10584=DIRECTION('ref_axis',(0.,0.,1.));
#10585=DIRECTION('',(0.,0.,-1.));
#10586=DIRECTION('',(-0.389281620635025,-0.834817129478987,-0.389281620635026));
#10587=DIRECTION('',(0.,0.,1.));
#10588=DIRECTION('',(-0.389281620635025,-0.834817129478988,0.389281620635025));
#10589=DIRECTION('center_axis',(0.,0.422618261740701,-0.906307787036649));
#10590=DIRECTION('ref_axis',(-1.,0.,0.));
#10591=DIRECTION('',(-1.,0.,0.));
#10592=DIRECTION('',(1.,0.,0.));
#10593=DIRECTION('',(0.389281620635025,-0.834817129478987,-0.389281620635026));
#10594=DIRECTION('center_axis',(0.90630778703665,0.422618261740699,0.));
#10595=DIRECTION('ref_axis',(0.,0.,-1.));
#10596=DIRECTION('',(0.,0.,1.));
#10597=DIRECTION('',(0.389281620635025,-0.834817129478988,0.389281620635025));
#10598=DIRECTION('center_axis',(0.,0.4226182617407,0.90630778703665));
#10599=DIRECTION('ref_axis',(1.,0.,0.));
#10600=DIRECTION('',(1.,0.,0.));
#10601=DIRECTION('',(-1.,0.,0.));
#10602=DIRECTION('center_axis',(0.,0.,1.));
#10603=DIRECTION('ref_axis',(-1.,0.,0.));
#10604=DIRECTION('',(0.,-1.,0.));
#10605=DIRECTION('center_axis',(-1.,0.,0.));
#10606=DIRECTION('ref_axis',(0.,0.,-1.));
#10607=DIRECTION('',(0.,-1.,0.));
#10608=DIRECTION('center_axis',(0.,-1.,0.));
#10609=DIRECTION('ref_axis',(0.,0.,-1.));
#10610=DIRECTION('center_axis',(0.,0.,-1.));
#10611=DIRECTION('ref_axis',(1.,0.,0.));
#10612=DIRECTION('center_axis',(1.,0.,0.));
#10613=DIRECTION('ref_axis',(0.,-0.707106781186548,0.707106781186548));
#10614=DIRECTION('center_axis',(-1.,0.,0.));
#10615=DIRECTION('ref_axis',(0.,-0.707106781186548,0.707106781186548));
#10616=DIRECTION('',(-1.,0.,0.));
#10617=DIRECTION('center_axis',(1.,0.,0.));
#10618=DIRECTION('ref_axis',(0.,-0.707106781186548,0.707106781186548));
#10619=DIRECTION('',(1.,0.,0.));
#10620=DIRECTION('center_axis',(1.,0.,0.));
#10621=DIRECTION('ref_axis',(0.,0.,1.));
#10622=DIRECTION('',(0.,0.,-1.));
#10623=DIRECTION('',(0.,-1.,0.));
#10624=DIRECTION('',(0.,0.,-1.));
#10625=DIRECTION('center_axis',(1.,0.,0.));
#10626=DIRECTION('ref_axis',(0.,-0.707106781186547,0.707106781186547));
#10627=DIRECTION('',(0.,-1.,0.));
#10628=DIRECTION('',(0.,0.,-1.));
#10629=DIRECTION('',(0.,-1.,0.));
#10630=DIRECTION('center_axis',(0.,-1.,0.));
#10631=DIRECTION('ref_axis',(0.,0.,-1.));
#10632=DIRECTION('',(0.,0.,-1.));
#10633=DIRECTION('',(-1.,0.,0.));
#10634=DIRECTION('center_axis',(-1.,0.,0.));
#10635=DIRECTION('ref_axis',(0.,-0.707106781186547,0.707106781186547));
#10636=DIRECTION('',(-1.,0.,0.));
#10637=DIRECTION('center_axis',(-1.,0.,0.));
#10638=DIRECTION('ref_axis',(0.,-0.707106781186547,0.707106781186547));
#10639=DIRECTION('',(1.,0.,0.));
#10640=DIRECTION('center_axis',(0.,1.,0.));
#10641=DIRECTION('ref_axis',(-1.,0.,0.));
#10642=DIRECTION('',(1.,0.,0.));
#10643=DIRECTION('',(0.,0.,-1.));
#10644=DIRECTION('center_axis',(0.906307787036651,0.,-0.422618261740698));
#10645=DIRECTION('ref_axis',(-0.422618261740697,0.,-0.906307787036651));
#10646=DIRECTION('',(0.,1.,0.));
#10647=DIRECTION('',(0.389281620635025,0.389281620635025,0.834817129478987));
#10648=DIRECTION('',(0.389281620635026,-0.389281620635024,0.834817129478988));
#10649=DIRECTION('center_axis',(0.,0.90630778703665,-0.4226182617407));
#10650=DIRECTION('ref_axis',(0.,0.4226182617407,0.90630778703665));
#10651=DIRECTION('',(-1.,0.,0.));
#10652=DIRECTION('',(-0.389281620635025,0.389281620635025,0.834817129478987));
#10653=DIRECTION('center_axis',(-0.90630778703665,0.,-0.4226182617407));
#10654=DIRECTION('ref_axis',(-0.4226182617407,0.,0.90630778703665));
#10655=DIRECTION('',(0.,-1.,0.));
#10656=DIRECTION('',(-0.389281620635025,-0.389281620635025,0.834817129478987));
#10657=DIRECTION('',(0.,1.,0.));
#10658=DIRECTION('center_axis',(0.,-0.90630778703665,-0.4226182617407));
#10659=DIRECTION('ref_axis',(0.,0.4226182617407,-0.90630778703665));
#10660=DIRECTION('',(1.,0.,0.));
#10661=DIRECTION('center_axis',(0.,0.,-1.));
#10662=DIRECTION('ref_axis',(-1.,0.,0.));
#10663=DIRECTION('center_axis',(0.,0.4226182617407,0.90630778703665));
#10664=DIRECTION('ref_axis',(1.,0.,0.));
#10665=DIRECTION('',(-1.,0.,0.));
#10666=DIRECTION('',(-0.389281620635025,-0.834817129478987,0.389281620635025));
#10667=DIRECTION('',(1.,0.,0.));
#10668=DIRECTION('',(0.389281620635023,-0.834817129478988,0.389281620635026));
#10669=DIRECTION('center_axis',(-0.90630778703665,0.4226182617407,0.));
#10670=DIRECTION('ref_axis',(0.,0.,1.));
#10671=DIRECTION('',(0.,0.,1.));
#10672=DIRECTION('',(0.,0.,-1.));
#10673=DIRECTION('',(-0.389281620635025,-0.834817129478987,-0.389281620635026));
#10674=DIRECTION('center_axis',(0.,0.422618261740701,-0.906307787036649));
#10675=DIRECTION('ref_axis',(-1.,0.,0.));
#10676=DIRECTION('',(-1.,0.,0.));
#10677=DIRECTION('',(1.,0.,0.));
#10678=DIRECTION('',(0.389281620635023,-0.834817129478988,-0.389281620635026));
#10679=DIRECTION('center_axis',(0.906307787036651,0.422618261740698,0.));
#10680=DIRECTION('ref_axis',(0.,0.,-1.));
#10681=DIRECTION('',(0.,0.,1.));
#10682=DIRECTION('center_axis',(0.,0.,1.));
#10683=DIRECTION('ref_axis',(-1.,0.,0.));
#10684=DIRECTION('',(0.,-1.,0.));
#10685=DIRECTION('center_axis',(0.,-1.,0.));
#10686=DIRECTION('ref_axis',(0.,0.,-1.));
#10687=DIRECTION('center_axis',(-1.,0.,0.));
#10688=DIRECTION('ref_axis',(0.,0.,-1.));
#10689=DIRECTION('',(0.,-1.,0.));
#10690=DIRECTION('center_axis',(0.,0.,-1.));
#10691=DIRECTION('ref_axis',(1.,0.,0.));
#10692=CARTESIAN_POINT('',(0.,0.,0.));
#10693=CARTESIAN_POINT('Origin',(-17.25,9.675,9.8));
#10694=CARTESIAN_POINT('',(-17.45,0.,9.8));
#10695=CARTESIAN_POINT('',(-17.25,0.,10.));
#10696=CARTESIAN_POINT('Origin',(-17.25,0.,9.8));
#10697=CARTESIAN_POINT('',(-17.25,12.9,10.));
#10698=CARTESIAN_POINT('',(-17.25,9.675,10.));
#10699=CARTESIAN_POINT('',(-17.45,12.9,9.8));
#10700=CARTESIAN_POINT('Origin',(-17.25,12.9,9.8));
#10701=CARTESIAN_POINT('',(-17.45,9.675,9.8));
#10702=CARTESIAN_POINT('Origin',(0.,6.45,10.));
#10703=CARTESIAN_POINT('',(17.25,0.,10.));
#10704=CARTESIAN_POINT('',(-17.45,0.,10.));
#10705=CARTESIAN_POINT('',(17.25,12.9,10.));
#10706=CARTESIAN_POINT('',(17.25,3.225,10.));
#10707=CARTESIAN_POINT('',(1.7,12.9,10.));
#10708=CARTESIAN_POINT('',(0.,12.9,10.));
#10709=CARTESIAN_POINT('',(1.7,10.5499999083579,9.99999988824129));
#10710=CARTESIAN_POINT('',(1.7,9.06249997764826,10.));
#10711=CARTESIAN_POINT('',(-1.7,10.5499999083579,9.99999988824129));
#10712=CARTESIAN_POINT('',(0.,10.549999897182,10.));
#10713=CARTESIAN_POINT('',(-1.7,12.9,10.));
#10714=CARTESIAN_POINT('',(-1.7,9.06249997764826,10.));
#10715=CARTESIAN_POINT('',(0.,12.9,10.));
#10716=CARTESIAN_POINT('Origin',(-17.45,0.,0.4));
#10717=CARTESIAN_POINT('',(-17.45,0.,0.));
#10718=CARTESIAN_POINT('',(-17.45,0.,0.4));
#10719=CARTESIAN_POINT('',(-16.8,0.,0.));
#10720=CARTESIAN_POINT('',(-17.45,0.,0.));
#10721=CARTESIAN_POINT('',(-16.8,0.,0.4));
#10722=CARTESIAN_POINT('',(-16.8,0.,0.4));
#10723=CARTESIAN_POINT('',(16.8,0.,0.4));
#10724=CARTESIAN_POINT('',(-17.45,0.,0.4));
#10725=CARTESIAN_POINT('',(16.8,0.,0.));
#10726=CARTESIAN_POINT('',(16.8,0.,0.4));
#10727=CARTESIAN_POINT('',(17.45,0.,0.));
#10728=CARTESIAN_POINT('',(-17.45,0.,0.));
#10729=CARTESIAN_POINT('',(17.45,0.,9.8));
#10730=CARTESIAN_POINT('',(17.45,0.,0.4));
#10731=CARTESIAN_POINT('Origin',(17.25,0.,9.8));
#10732=CARTESIAN_POINT('',(-14.13,0.,6.73));
#10733=CARTESIAN_POINT('',(-15.27,0.,6.73));
#10734=CARTESIAN_POINT('',(-16.36,0.,6.73));
#10735=CARTESIAN_POINT('',(-15.27,0.,7.87));
#10736=CARTESIAN_POINT('',(-15.27,0.,4.135));
#10737=CARTESIAN_POINT('',(-14.13,0.,7.87));
#10738=CARTESIAN_POINT('',(-15.79,0.,7.87));
#10739=CARTESIAN_POINT('',(-14.13,0.,3.565));
#10740=CARTESIAN_POINT('',(-5.73,0.,2.53));
#10741=CARTESIAN_POINT('',(-6.87,0.,2.53));
#10742=CARTESIAN_POINT('',(-12.16,0.,2.53));
#10743=CARTESIAN_POINT('',(-6.87,0.,3.67));
#10744=CARTESIAN_POINT('',(-6.87,0.,2.035));
#10745=CARTESIAN_POINT('',(-5.73,0.,3.67));
#10746=CARTESIAN_POINT('',(-11.59,0.,3.67));
#10747=CARTESIAN_POINT('',(-5.73,0.,1.465));
#10748=CARTESIAN_POINT('',(2.67,0.,2.53));
#10749=CARTESIAN_POINT('',(1.53,0.,2.53));
#10750=CARTESIAN_POINT('',(-7.96,0.,2.53));
#10751=CARTESIAN_POINT('',(1.53,0.,3.67));
#10752=CARTESIAN_POINT('',(1.53,0.,2.035));
#10753=CARTESIAN_POINT('',(2.67,0.,3.67));
#10754=CARTESIAN_POINT('',(-7.39,0.,3.67));
#10755=CARTESIAN_POINT('',(2.67,0.,1.465));
#10756=CARTESIAN_POINT('',(11.07,0.,2.53));
#10757=CARTESIAN_POINT('',(9.93,0.,2.53));
#10758=CARTESIAN_POINT('',(-3.76,0.,2.53));
#10759=CARTESIAN_POINT('',(9.93,0.,3.67));
#10760=CARTESIAN_POINT('',(9.93,0.,2.035));
#10761=CARTESIAN_POINT('',(11.07,0.,3.67));
#10762=CARTESIAN_POINT('',(-3.19,0.,3.67));
#10763=CARTESIAN_POINT('',(11.07,0.,1.465));
#10764=CARTESIAN_POINT('',(15.27,0.,6.73));
#10765=CARTESIAN_POINT('',(14.13,0.,6.73));
#10766=CARTESIAN_POINT('',(-1.66,0.,6.73));
#10767=CARTESIAN_POINT('',(14.13,0.,7.87));
#10768=CARTESIAN_POINT('',(14.13,0.,4.135));
#10769=CARTESIAN_POINT('',(15.27,0.,7.87));
#10770=CARTESIAN_POINT('',(-1.09,0.,7.87));
#10771=CARTESIAN_POINT('',(15.27,0.,3.565));
#10772=CARTESIAN_POINT('',(6.87,0.,2.53));
#10773=CARTESIAN_POINT('',(5.73,0.,2.53));
#10774=CARTESIAN_POINT('',(-5.86,0.,2.53));
#10775=CARTESIAN_POINT('',(5.73,0.,3.67));
#10776=CARTESIAN_POINT('',(5.73,0.,2.035));
#10777=CARTESIAN_POINT('',(6.87,0.,3.67));
#10778=CARTESIAN_POINT('',(-5.29,0.,3.67));
#10779=CARTESIAN_POINT('',(6.87,0.,1.465));
#10780=CARTESIAN_POINT('',(-1.53,0.,2.53));
#10781=CARTESIAN_POINT('',(-2.67,0.,2.53));
#10782=CARTESIAN_POINT('',(-10.06,0.,2.53));
#10783=CARTESIAN_POINT('',(-2.67,0.,3.67));
#10784=CARTESIAN_POINT('',(-2.67,0.,2.035));
#10785=CARTESIAN_POINT('',(-1.53,0.,3.67));
#10786=CARTESIAN_POINT('',(-9.49,0.,3.67));
#10787=CARTESIAN_POINT('',(-1.53,0.,1.465));
#10788=CARTESIAN_POINT('',(-9.93,0.,6.73));
#10789=CARTESIAN_POINT('',(-11.07,0.,6.73));
#10790=CARTESIAN_POINT('',(-14.26,0.,6.73));
#10791=CARTESIAN_POINT('',(-11.07,0.,7.87));
#10792=CARTESIAN_POINT('',(-11.07,0.,4.135));
#10793=CARTESIAN_POINT('',(-9.93,0.,7.87));
#10794=CARTESIAN_POINT('',(-13.69,0.,7.87));
#10795=CARTESIAN_POINT('',(-9.93,0.,3.565));
#10796=CARTESIAN_POINT('',(-14.13,0.,2.53));
#10797=CARTESIAN_POINT('',(-15.27,0.,2.53));
#10798=CARTESIAN_POINT('',(-16.36,0.,2.53));
#10799=CARTESIAN_POINT('',(-15.27,0.,3.67));
#10800=CARTESIAN_POINT('',(-15.27,0.,2.035));
#10801=CARTESIAN_POINT('',(-14.13,0.,3.67));
#10802=CARTESIAN_POINT('',(-15.79,0.,3.67));
#10803=CARTESIAN_POINT('',(-14.13,0.,1.465));
#10804=CARTESIAN_POINT('',(-5.73,0.,6.73));
#10805=CARTESIAN_POINT('',(-6.87,0.,6.73));
#10806=CARTESIAN_POINT('',(-12.16,0.,6.73));
#10807=CARTESIAN_POINT('',(-6.87,0.,7.87));
#10808=CARTESIAN_POINT('',(-6.87,0.,4.135));
#10809=CARTESIAN_POINT('',(-5.73,0.,7.87));
#10810=CARTESIAN_POINT('',(-11.59,0.,7.87));
#10811=CARTESIAN_POINT('',(-5.73,0.,3.565));
#10812=CARTESIAN_POINT('',(2.67,0.,7.87));
#10813=CARTESIAN_POINT('',(2.67,0.,6.73));
#10814=CARTESIAN_POINT('',(2.67,0.,3.565));
#10815=CARTESIAN_POINT('',(1.53,0.,6.73));
#10816=CARTESIAN_POINT('',(-7.96,0.,6.73));
#10817=CARTESIAN_POINT('',(1.53,0.,7.87));
#10818=CARTESIAN_POINT('',(1.53,0.,4.135));
#10819=CARTESIAN_POINT('',(-7.39,0.,7.87));
#10820=CARTESIAN_POINT('',(11.07,0.,6.73));
#10821=CARTESIAN_POINT('',(9.93,0.,6.73));
#10822=CARTESIAN_POINT('',(-3.76,0.,6.73));
#10823=CARTESIAN_POINT('',(9.93,0.,7.87));
#10824=CARTESIAN_POINT('',(9.93,0.,4.135));
#10825=CARTESIAN_POINT('',(11.07,0.,7.87));
#10826=CARTESIAN_POINT('',(-3.19,0.,7.87));
#10827=CARTESIAN_POINT('',(11.07,0.,3.565));
#10828=CARTESIAN_POINT('',(15.27,0.,2.53));
#10829=CARTESIAN_POINT('',(14.13,0.,2.53));
#10830=CARTESIAN_POINT('',(-1.66,0.,2.53));
#10831=CARTESIAN_POINT('',(14.13,0.,3.67));
#10832=CARTESIAN_POINT('',(14.13,0.,2.035));
#10833=CARTESIAN_POINT('',(15.27,0.,3.67));
#10834=CARTESIAN_POINT('',(-1.09,0.,3.67));
#10835=CARTESIAN_POINT('',(15.27,0.,1.465));
#10836=CARTESIAN_POINT('',(6.87,0.,6.73));
#10837=CARTESIAN_POINT('',(5.73,0.,6.73));
#10838=CARTESIAN_POINT('',(-5.86,0.,6.73));
#10839=CARTESIAN_POINT('',(5.73,0.,7.87));
#10840=CARTESIAN_POINT('',(5.73,0.,4.135));
#10841=CARTESIAN_POINT('',(6.87,0.,7.87));
#10842=CARTESIAN_POINT('',(-5.29,0.,7.87));
#10843=CARTESIAN_POINT('',(6.87,0.,3.565));
#10844=CARTESIAN_POINT('',(-1.53,0.,6.73));
#10845=CARTESIAN_POINT('',(-2.67,0.,6.73));
#10846=CARTESIAN_POINT('',(-10.06,0.,6.73));
#10847=CARTESIAN_POINT('',(-2.67,0.,7.87));
#10848=CARTESIAN_POINT('',(-2.67,0.,4.135));
#10849=CARTESIAN_POINT('',(-1.53,0.,7.87));
#10850=CARTESIAN_POINT('',(-9.49,0.,7.87));
#10851=CARTESIAN_POINT('',(-1.53,0.,3.565));
#10852=CARTESIAN_POINT('',(-9.93,0.,2.53));
#10853=CARTESIAN_POINT('',(-11.07,0.,2.53));
#10854=CARTESIAN_POINT('',(-14.26,0.,2.53));
#10855=CARTESIAN_POINT('',(-11.07,0.,3.67));
#10856=CARTESIAN_POINT('',(-11.07,0.,2.035));
#10857=CARTESIAN_POINT('',(-9.93,0.,3.67));
#10858=CARTESIAN_POINT('',(-13.69,0.,3.67));
#10859=CARTESIAN_POINT('',(-9.93,0.,1.465));
#10860=CARTESIAN_POINT('Origin',(17.25,3.225,9.8));
#10861=CARTESIAN_POINT('',(17.45,12.9,9.8));
#10862=CARTESIAN_POINT('Origin',(17.25,12.9,9.8));
#10863=CARTESIAN_POINT('',(17.45,3.225,9.8));
#10864=CARTESIAN_POINT('Origin',(17.45,12.9,0.4));
#10865=CARTESIAN_POINT('',(0.,12.9,10.));
#10866=CARTESIAN_POINT('',(17.45,12.9,0.));
#10867=CARTESIAN_POINT('',(17.45,12.9,0.4));
#10868=CARTESIAN_POINT('',(16.8,12.9,0.));
#10869=CARTESIAN_POINT('',(17.45,12.9,0.));
#10870=CARTESIAN_POINT('',(16.8,12.9,0.4));
#10871=CARTESIAN_POINT('',(16.8,12.9,0.4));
#10872=CARTESIAN_POINT('',(-16.8,12.9,0.4));
#10873=CARTESIAN_POINT('',(0.,12.9,0.4));
#10874=CARTESIAN_POINT('',(-16.8,12.9,0.));
#10875=CARTESIAN_POINT('',(-16.8,12.9,0.4));
#10876=CARTESIAN_POINT('',(-17.45,12.9,0.));
#10877=CARTESIAN_POINT('',(17.45,12.9,0.));
#10878=CARTESIAN_POINT('',(-17.45,12.9,0.4));
#10879=CARTESIAN_POINT('',(12.35,12.9,5.45));
#10880=CARTESIAN_POINT('',(12.35,12.9,9.15));
#10881=CARTESIAN_POINT('',(12.35,12.9,2.925));
#10882=CARTESIAN_POINT('',(8.65,12.9,9.15));
#10883=CARTESIAN_POINT('',(14.9,12.9,9.15));
#10884=CARTESIAN_POINT('',(8.65,12.9,5.45));
#10885=CARTESIAN_POINT('',(8.65,12.9,4.775));
#10886=CARTESIAN_POINT('',(13.05,12.9,5.45));
#10887=CARTESIAN_POINT('',(16.55,12.9,9.15));
#10888=CARTESIAN_POINT('',(12.85,12.9,9.15));
#10889=CARTESIAN_POINT('',(17.,12.9,9.15));
#10890=CARTESIAN_POINT('',(12.85,12.9,5.45));
#10891=CARTESIAN_POINT('',(12.85,12.9,4.775));
#10892=CARTESIAN_POINT('',(16.55,12.9,5.45));
#10893=CARTESIAN_POINT('',(15.15,12.9,5.45));
#10894=CARTESIAN_POINT('',(16.55,12.9,2.925));
#10895=CARTESIAN_POINT('',(-0.249999999999997,12.9,5.45));
#10896=CARTESIAN_POINT('',(-0.249999999999997,12.9,9.15));
#10897=CARTESIAN_POINT('',(-0.249999999999997,12.9,2.925));
#10898=CARTESIAN_POINT('',(-3.95,12.9,9.15));
#10899=CARTESIAN_POINT('',(8.6,12.9,9.15));
#10900=CARTESIAN_POINT('',(-3.95,12.9,5.45));
#10901=CARTESIAN_POINT('',(-3.95,12.9,4.775));
#10902=CARTESIAN_POINT('',(6.75,12.9,5.45));
#10903=CARTESIAN_POINT('',(-8.65,12.9,5.45));
#10904=CARTESIAN_POINT('',(-8.65,12.9,9.15));
#10905=CARTESIAN_POINT('',(-8.65,12.9,2.925));
#10906=CARTESIAN_POINT('',(-12.35,12.9,9.15));
#10907=CARTESIAN_POINT('',(4.4,12.9,9.15));
#10908=CARTESIAN_POINT('',(-12.35,12.9,5.45));
#10909=CARTESIAN_POINT('',(-12.35,12.9,4.775));
#10910=CARTESIAN_POINT('',(2.55,12.9,5.45));
#10911=CARTESIAN_POINT('',(-4.45,12.9,5.45));
#10912=CARTESIAN_POINT('',(-4.45,12.9,9.15));
#10913=CARTESIAN_POINT('',(-4.44999999999999,12.9,2.925));
#10914=CARTESIAN_POINT('',(-8.15,12.9,9.15));
#10915=CARTESIAN_POINT('',(6.5,12.9,9.15));
#10916=CARTESIAN_POINT('',(-8.15,12.9,5.45));
#10917=CARTESIAN_POINT('',(-8.15,12.9,4.775));
#10918=CARTESIAN_POINT('',(4.65,12.9,5.45));
#10919=CARTESIAN_POINT('',(-0.249999999999997,12.9,1.25));
#10920=CARTESIAN_POINT('',(-0.249999999999997,12.9,4.95));
#10921=CARTESIAN_POINT('',(-0.249999999999997,12.9,0.825));
#10922=CARTESIAN_POINT('',(-3.95,12.9,4.95));
#10923=CARTESIAN_POINT('',(8.6,12.9,4.95));
#10924=CARTESIAN_POINT('',(-3.95,12.9,1.25));
#10925=CARTESIAN_POINT('',(-3.95,12.9,2.675));
#10926=CARTESIAN_POINT('',(6.75,12.9,1.25));
#10927=CARTESIAN_POINT('',(8.15,12.9,5.45));
#10928=CARTESIAN_POINT('',(8.15,12.9,9.15));
#10929=CARTESIAN_POINT('',(8.15,12.9,2.925));
#10930=CARTESIAN_POINT('',(4.45,12.9,9.15));
#10931=CARTESIAN_POINT('',(12.8,12.9,9.15));
#10932=CARTESIAN_POINT('',(4.45,12.9,5.45));
#10933=CARTESIAN_POINT('',(4.45,12.9,4.775));
#10934=CARTESIAN_POINT('',(10.95,12.9,5.45));
#10935=CARTESIAN_POINT('',(8.15,12.9,1.25));
#10936=CARTESIAN_POINT('',(8.15,12.9,4.95));
#10937=CARTESIAN_POINT('',(8.15,12.9,0.825));
#10938=CARTESIAN_POINT('',(4.45,12.9,4.95));
#10939=CARTESIAN_POINT('',(12.8,12.9,4.95));
#10940=CARTESIAN_POINT('',(4.45,12.9,1.25));
#10941=CARTESIAN_POINT('',(4.45,12.9,2.675));
#10942=CARTESIAN_POINT('',(10.95,12.9,1.25));
#10943=CARTESIAN_POINT('',(-12.85,12.9,5.45));
#10944=CARTESIAN_POINT('',(-12.85,12.9,9.15));
#10945=CARTESIAN_POINT('',(-12.85,12.9,2.925));
#10946=CARTESIAN_POINT('',(-16.55,12.9,9.15));
#10947=CARTESIAN_POINT('',(2.3,12.9,9.15));
#10948=CARTESIAN_POINT('',(-16.55,12.9,5.45));
#10949=CARTESIAN_POINT('',(-16.55,12.9,4.775));
#10950=CARTESIAN_POINT('',(0.450000000000004,12.9,5.45));
#10951=CARTESIAN_POINT('',(16.55,12.9,1.25));
#10952=CARTESIAN_POINT('',(16.55,12.9,4.95));
#10953=CARTESIAN_POINT('',(16.55,12.9,0.825));
#10954=CARTESIAN_POINT('',(12.85,12.9,4.95));
#10955=CARTESIAN_POINT('',(17.,12.9,4.95));
#10956=CARTESIAN_POINT('',(12.85,12.9,1.25));
#10957=CARTESIAN_POINT('',(12.85,12.9,2.675));
#10958=CARTESIAN_POINT('',(15.15,12.9,1.25));
#10959=CARTESIAN_POINT('',(12.35,12.9,1.25));
#10960=CARTESIAN_POINT('',(12.35,12.9,4.95));
#10961=CARTESIAN_POINT('',(12.35,12.9,0.825));
#10962=CARTESIAN_POINT('',(8.65,12.9,4.95));
#10963=CARTESIAN_POINT('',(14.9,12.9,4.95));
#10964=CARTESIAN_POINT('',(8.65,12.9,1.25));
#10965=CARTESIAN_POINT('',(8.65,12.9,2.675));
#10966=CARTESIAN_POINT('',(13.05,12.9,1.25));
#10967=CARTESIAN_POINT('',(-8.65,12.9,1.25));
#10968=CARTESIAN_POINT('',(-8.65,12.9,4.95));
#10969=CARTESIAN_POINT('',(-8.65,12.9,0.825));
#10970=CARTESIAN_POINT('',(-12.35,12.9,4.95));
#10971=CARTESIAN_POINT('',(4.4,12.9,4.95));
#10972=CARTESIAN_POINT('',(-12.35,12.9,1.25));
#10973=CARTESIAN_POINT('',(-12.35,12.9,2.675));
#10974=CARTESIAN_POINT('',(2.55,12.9,1.25));
#10975=CARTESIAN_POINT('',(-4.45,12.9,1.25));
#10976=CARTESIAN_POINT('',(-4.45,12.9,4.95));
#10977=CARTESIAN_POINT('',(-4.44999999999999,12.9,0.825));
#10978=CARTESIAN_POINT('',(-8.15,12.9,4.95));
#10979=CARTESIAN_POINT('',(6.5,12.9,4.95));
#10980=CARTESIAN_POINT('',(-8.15,12.9,1.25));
#10981=CARTESIAN_POINT('',(-8.15,12.9,2.675));
#10982=CARTESIAN_POINT('',(4.65,12.9,1.25));
#10983=CARTESIAN_POINT('',(3.95,12.9,5.45));
#10984=CARTESIAN_POINT('',(3.95,12.9,9.15));
#10985=CARTESIAN_POINT('',(3.95,12.9,2.925));
#10986=CARTESIAN_POINT('',(0.250000000000004,12.9,9.15));
#10987=CARTESIAN_POINT('',(10.7,12.9,9.15));
#10988=CARTESIAN_POINT('',(0.250000000000004,12.9,5.45));
#10989=CARTESIAN_POINT('',(0.250000000000004,12.9,4.775));
#10990=CARTESIAN_POINT('',(8.85,12.9,5.45));
#10991=CARTESIAN_POINT('',(3.95,12.9,1.25));
#10992=CARTESIAN_POINT('',(3.95,12.9,4.95));
#10993=CARTESIAN_POINT('',(3.95,12.9,0.825));
#10994=CARTESIAN_POINT('',(0.250000000000004,12.9,4.95));
#10995=CARTESIAN_POINT('',(10.7,12.9,4.95));
#10996=CARTESIAN_POINT('',(0.250000000000004,12.9,1.25));
#10997=CARTESIAN_POINT('',(0.250000000000004,12.9,2.675));
#10998=CARTESIAN_POINT('',(8.85,12.9,1.25));
#10999=CARTESIAN_POINT('',(-12.85,12.9,1.25));
#11000=CARTESIAN_POINT('',(-12.85,12.9,4.95));
#11001=CARTESIAN_POINT('',(-12.85,12.9,0.825));
#11002=CARTESIAN_POINT('',(-16.55,12.9,4.95));
#11003=CARTESIAN_POINT('',(2.3,12.9,4.95));
#11004=CARTESIAN_POINT('',(-16.55,12.9,1.25));
#11005=CARTESIAN_POINT('',(-16.55,12.9,2.675));
#11006=CARTESIAN_POINT('',(0.450000000000004,12.9,1.25));
#11007=CARTESIAN_POINT('Origin',(17.45,0.,0.4));
#11008=CARTESIAN_POINT('',(17.45,12.9,0.));
#11009=CARTESIAN_POINT('Origin',(15.2,3.4999999217689,-3.5));
#11010=CARTESIAN_POINT('',(15.2,7.06602537797487,-3.5));
#11011=CARTESIAN_POINT('',(15.2,8.03303027798233,-1.6));
#11012=CARTESIAN_POINT('Ctrl Pts',(15.2,7.06602537797487,-3.5));
#11013=CARTESIAN_POINT('Ctrl Pts',(15.2,7.39947533861154,-2.89036150865568));
#11014=CARTESIAN_POINT('Ctrl Pts',(15.2,8.03303027798233,-1.6));
#11015=CARTESIAN_POINT('',(15.2,5.33397462202513,-3.5));
#11016=CARTESIAN_POINT('',(15.2,4.84999996088445,-3.5));
#11017=CARTESIAN_POINT('',(15.2,4.36696972201766,-1.6));
#11018=CARTESIAN_POINT('Ctrl Pts',(15.2,4.36696972201766,-1.6));
#11019=CARTESIAN_POINT('Ctrl Pts',(15.2,5.00052466138846,-2.89036150865568));
#11020=CARTESIAN_POINT('Ctrl Pts',(15.2,5.33397462202513,-3.5));
#11021=CARTESIAN_POINT('',(15.2,4.8923303169378,-1.6));
#11022=CARTESIAN_POINT('',(15.2,4.84999996088445,-1.6));
#11023=CARTESIAN_POINT('',(15.2,4.8923303169378,0.4));
#11024=CARTESIAN_POINT('',(15.2,4.8923303169378,0.4));
#11025=CARTESIAN_POINT('',(15.2,7.5076696830622,0.4));
#11026=CARTESIAN_POINT('',(15.2,4.97499996088445,0.4));
#11027=CARTESIAN_POINT('',(15.2,7.5076696830622,-1.6));
#11028=CARTESIAN_POINT('',(15.2,7.5076696830622,0.4));
#11029=CARTESIAN_POINT('',(15.2,4.84999996088445,-1.6));
#11030=CARTESIAN_POINT('Origin',(15.6999999776483,6.2,-3.5));
#11031=CARTESIAN_POINT('Origin',(14.7,6.2,-3.5));
#11032=CARTESIAN_POINT('Origin',(14.7,6.2,-2.55));
#11033=CARTESIAN_POINT('Origin',(14.7,6.2,-1.6));
#11034=CARTESIAN_POINT('Origin',(14.7,6.2,0.4));
#11035=CARTESIAN_POINT('Origin',(14.7,6.2,0.4));
#11036=CARTESIAN_POINT('Origin',(14.7,6.2,-1.6));
#11037=CARTESIAN_POINT('Origin',(14.7,6.2,-1.6));
#11038=CARTESIAN_POINT('Origin',(14.7,6.2,0.4));
#11039=CARTESIAN_POINT('',(14.2,7.5076696830622,0.4));
#11040=CARTESIAN_POINT('',(14.2,7.5076696830622,-1.6));
#11041=CARTESIAN_POINT('',(14.2,7.5076696830622,0.4));
#11042=CARTESIAN_POINT('',(14.2,4.8923303169378,-1.6));
#11043=CARTESIAN_POINT('Origin',(14.7,6.2,-1.6));
#11044=CARTESIAN_POINT('',(14.2,4.8923303169378,0.4));
#11045=CARTESIAN_POINT('',(14.2,4.8923303169378,0.4));
#11046=CARTESIAN_POINT('Origin',(14.7,6.2,0.4));
#11047=CARTESIAN_POINT('Origin',(14.7,6.2,-1.6));
#11048=CARTESIAN_POINT('',(14.2,8.03303027798233,-1.6));
#11049=CARTESIAN_POINT('',(14.2,7.79999989494681,-1.6));
#11050=CARTESIAN_POINT('',(14.2,4.36696972201766,-1.6));
#11051=CARTESIAN_POINT('Origin',(14.7,6.2,-1.6));
#11052=CARTESIAN_POINT('',(14.2,7.79999989494681,-1.6));
#11053=CARTESIAN_POINT('Origin',(14.7,6.2,-2.55));
#11054=CARTESIAN_POINT('',(14.2,7.06602537797487,-3.5));
#11055=CARTESIAN_POINT('Ctrl Pts',(14.2,8.03303027798233,-1.6));
#11056=CARTESIAN_POINT('Ctrl Pts',(14.2,7.39947533861154,-2.89036150865568));
#11057=CARTESIAN_POINT('Ctrl Pts',(14.2,7.06602537797487,-3.5));
#11058=CARTESIAN_POINT('',(14.2,5.33397462202513,-3.5));
#11059=CARTESIAN_POINT('Origin',(14.7,6.2,-3.5));
#11060=CARTESIAN_POINT('Ctrl Pts',(14.2,5.33397462202513,-3.5));
#11061=CARTESIAN_POINT('Ctrl Pts',(14.2,5.00052466138846,-2.89036150865568));
#11062=CARTESIAN_POINT('Ctrl Pts',(14.2,4.36696972201766,-1.6));
#11063=CARTESIAN_POINT('Origin',(15.6999999776483,6.2,-3.5));
#11064=CARTESIAN_POINT('',(14.2,7.79999989494681,-3.5));
#11065=CARTESIAN_POINT('Origin',(14.2,9.39999978989363,-3.5));
#11066=CARTESIAN_POINT('',(14.2,7.92499989494681,0.4));
#11067=CARTESIAN_POINT('Origin',(-14.7,6.2,0.4));
#11068=CARTESIAN_POINT('',(-14.2,7.5076696830622,0.4));
#11069=CARTESIAN_POINT('',(-14.2,7.5076696830622,-1.6));
#11070=CARTESIAN_POINT('',(-14.2,7.5076696830622,0.4));
#11071=CARTESIAN_POINT('',(-14.2,4.8923303169378,0.4));
#11072=CARTESIAN_POINT('Origin',(-14.7,6.2,0.4));
#11073=CARTESIAN_POINT('',(-14.2,4.8923303169378,-1.6));
#11074=CARTESIAN_POINT('',(-14.2,4.8923303169378,0.4));
#11075=CARTESIAN_POINT('Origin',(-14.7,6.2,-1.6));
#11076=CARTESIAN_POINT('Origin',(-14.7,6.2,-1.6));
#11077=CARTESIAN_POINT('',(-14.2,8.03303027798233,-1.6));
#11078=CARTESIAN_POINT('',(-14.2,7.79999989494681,-1.6));
#11079=CARTESIAN_POINT('',(-14.2,4.36696972201766,-1.6));
#11080=CARTESIAN_POINT('',(-14.2,7.79999989494681,-1.6));
#11081=CARTESIAN_POINT('Origin',(-14.7,6.2,-1.6));
#11082=CARTESIAN_POINT('Origin',(-14.7,6.2,-2.55));
#11083=CARTESIAN_POINT('',(-14.2,7.06602537797487,-3.5));
#11084=CARTESIAN_POINT('Ctrl Pts',(-14.2,8.03303027798233,-1.6));
#11085=CARTESIAN_POINT('Ctrl Pts',(-14.2,7.39947533861154,-2.89036150865568));
#11086=CARTESIAN_POINT('Ctrl Pts',(-14.2,7.06602537797487,-3.5));
#11087=CARTESIAN_POINT('',(-14.2,5.33397462202513,-3.5));
#11088=CARTESIAN_POINT('Ctrl Pts',(-14.2,5.33397462202513,-3.5));
#11089=CARTESIAN_POINT('Ctrl Pts',(-14.2,5.00052466138846,-2.89036150865568));
#11090=CARTESIAN_POINT('Ctrl Pts',(-14.2,4.36696972201766,-1.6));
#11091=CARTESIAN_POINT('Origin',(-14.7,6.2,-3.5));
#11092=CARTESIAN_POINT('Origin',(-15.6999999776483,6.2,-3.5));
#11093=CARTESIAN_POINT('',(-14.2,7.79999989494681,-3.5));
#11094=CARTESIAN_POINT('Origin',(-14.2,9.39999978989363,-3.5));
#11095=CARTESIAN_POINT('',(-14.2,7.92499989494681,0.4));
#11096=CARTESIAN_POINT('Origin',(-15.2,3.4999999217689,-3.5));
#11097=CARTESIAN_POINT('',(-15.2,7.06602537797487,-3.5));
#11098=CARTESIAN_POINT('',(-15.2,8.03303027798233,-1.6));
#11099=CARTESIAN_POINT('Ctrl Pts',(-15.2,7.06602537797487,-3.5));
#11100=CARTESIAN_POINT('Ctrl Pts',(-15.2,7.39947533861154,-2.89036150865568));
#11101=CARTESIAN_POINT('Ctrl Pts',(-15.2,8.03303027798233,-1.6));
#11102=CARTESIAN_POINT('',(-15.2,7.5076696830622,-1.6));
#11103=CARTESIAN_POINT('',(-15.2,4.84999996088445,-1.6));
#11104=CARTESIAN_POINT('',(-15.2,7.5076696830622,0.4));
#11105=CARTESIAN_POINT('',(-15.2,7.5076696830622,0.4));
#11106=CARTESIAN_POINT('',(-15.2,4.8923303169378,0.4));
#11107=CARTESIAN_POINT('',(-15.2,4.97499996088445,0.4));
#11108=CARTESIAN_POINT('',(-15.2,4.8923303169378,-1.6));
#11109=CARTESIAN_POINT('',(-15.2,4.8923303169378,0.4));
#11110=CARTESIAN_POINT('',(-15.2,4.36696972201766,-1.6));
#11111=CARTESIAN_POINT('',(-15.2,4.84999996088445,-1.6));
#11112=CARTESIAN_POINT('',(-15.2,5.33397462202513,-3.5));
#11113=CARTESIAN_POINT('Ctrl Pts',(-15.2,4.36696972201766,-1.6));
#11114=CARTESIAN_POINT('Ctrl Pts',(-15.2,5.00052466138846,-2.89036150865568));
#11115=CARTESIAN_POINT('Ctrl Pts',(-15.2,5.33397462202513,-3.5));
#11116=CARTESIAN_POINT('',(-15.2,4.84999996088445,-3.5));
#11117=CARTESIAN_POINT('Origin',(-15.6999999776483,6.2,-3.5));
#11118=CARTESIAN_POINT('Origin',(-14.7,6.2,-3.5));
#11119=CARTESIAN_POINT('Origin',(-14.7,6.2,-2.55));
#11120=CARTESIAN_POINT('Origin',(-14.7,6.2,-1.6));
#11121=CARTESIAN_POINT('Origin',(-14.7,6.2,0.4));
#11122=CARTESIAN_POINT('Origin',(-14.7,6.2,-1.6));
#11123=CARTESIAN_POINT('Origin',(-14.7,6.2,0.4));
#11124=CARTESIAN_POINT('Origin',(-14.7,6.2,-1.6));
#11125=CARTESIAN_POINT('Origin',(1.7,11.6749999552965,10.4999998770654));
#11126=CARTESIAN_POINT('',(1.7,11.4499998882413,10.9999998658895));
#11127=CARTESIAN_POINT('',(1.7,10.449999910593,10.9999998658895));
#11128=CARTESIAN_POINT('',(1.7,11.4499998882413,10.9999998658895));
#11129=CARTESIAN_POINT('',(1.7,10.449999910593,10.9999998658895));
#11130=CARTESIAN_POINT('',(1.7,12.9,10.));
#11131=CARTESIAN_POINT('Origin',(0.,10.5499999083579,9.99999988824129));
#11132=CARTESIAN_POINT('',(-1.7,10.449999910593,10.9999998658895));
#11133=CARTESIAN_POINT('',(0.,10.449999910593,10.9999998658895));
#11134=CARTESIAN_POINT('',(-1.7,10.449999910593,10.9999998658895));
#11135=CARTESIAN_POINT('Origin',(0.,11.4499998882413,10.9999998658895));
#11136=CARTESIAN_POINT('',(-1.7,11.4499998882413,10.9999998658895));
#11137=CARTESIAN_POINT('',(-1.7,12.9,10.));
#11138=CARTESIAN_POINT('',(0.,11.4499998882413,10.9999998658895));
#11139=CARTESIAN_POINT('Origin',(0.,10.449999910593,10.9999998658895));
#11140=CARTESIAN_POINT('',(-1.7,11.4499998882413,10.9999998658895));
#11141=CARTESIAN_POINT('Origin',(-1.7,11.6749999552965,10.4999998770654));
#11142=CARTESIAN_POINT('Origin',(-9.93,12.9,3.67));
#11143=CARTESIAN_POINT('',(-9.93,3.9,3.67));
#11144=CARTESIAN_POINT('',(-11.07,3.9,3.67));
#11145=CARTESIAN_POINT('',(-10.215,3.9,3.67));
#11146=CARTESIAN_POINT('',(-9.93,12.9,3.67));
#11147=CARTESIAN_POINT('',(-11.07,12.9,3.67));
#11148=CARTESIAN_POINT('Origin',(-11.07,12.9,3.67));
#11149=CARTESIAN_POINT('',(-11.07,3.9,2.53));
#11150=CARTESIAN_POINT('',(-11.07,3.9,3.385));
#11151=CARTESIAN_POINT('',(-11.07,12.9,2.53));
#11152=CARTESIAN_POINT('Origin',(-11.07,12.9,2.53));
#11153=CARTESIAN_POINT('',(-9.93,3.9,2.53));
#11154=CARTESIAN_POINT('',(-10.785,3.9,2.53));
#11155=CARTESIAN_POINT('',(-9.93,12.9,2.53));
#11156=CARTESIAN_POINT('Origin',(-9.93,12.9,2.53));
#11157=CARTESIAN_POINT('',(-9.93,3.9,2.815));
#11158=CARTESIAN_POINT('Origin',(-1.53,12.9,7.87));
#11159=CARTESIAN_POINT('',(-1.53,3.9,7.87));
#11160=CARTESIAN_POINT('',(-2.67,3.9,7.87));
#11161=CARTESIAN_POINT('',(-1.815,3.9,7.87));
#11162=CARTESIAN_POINT('',(-1.53,12.9,7.87));
#11163=CARTESIAN_POINT('',(-2.67,12.9,7.87));
#11164=CARTESIAN_POINT('Origin',(-2.67,12.9,7.87));
#11165=CARTESIAN_POINT('',(-2.67,3.9,6.73));
#11166=CARTESIAN_POINT('',(-2.67,3.9,7.585));
#11167=CARTESIAN_POINT('',(-2.67,12.9,6.73));
#11168=CARTESIAN_POINT('Origin',(-2.67,12.9,6.73));
#11169=CARTESIAN_POINT('',(-1.53,3.9,6.73));
#11170=CARTESIAN_POINT('',(-2.385,3.9,6.73));
#11171=CARTESIAN_POINT('',(-1.53,12.9,6.73));
#11172=CARTESIAN_POINT('Origin',(-1.53,12.9,6.73));
#11173=CARTESIAN_POINT('',(-1.53,3.9,7.015));
#11174=CARTESIAN_POINT('Origin',(6.87,12.9,7.87));
#11175=CARTESIAN_POINT('',(6.87,3.9,7.87));
#11176=CARTESIAN_POINT('',(5.73,3.9,7.87));
#11177=CARTESIAN_POINT('',(6.585,3.9,7.87));
#11178=CARTESIAN_POINT('',(6.87,12.9,7.87));
#11179=CARTESIAN_POINT('',(5.73,12.9,7.87));
#11180=CARTESIAN_POINT('Origin',(5.73,12.9,7.87));
#11181=CARTESIAN_POINT('',(5.73,3.9,6.73));
#11182=CARTESIAN_POINT('',(5.73,3.9,7.585));
#11183=CARTESIAN_POINT('',(5.73,12.9,6.73));
#11184=CARTESIAN_POINT('Origin',(5.73,12.9,6.73));
#11185=CARTESIAN_POINT('',(6.87,3.9,6.73));
#11186=CARTESIAN_POINT('',(6.015,3.9,6.73));
#11187=CARTESIAN_POINT('',(6.87,12.9,6.73));
#11188=CARTESIAN_POINT('Origin',(6.87,12.9,6.73));
#11189=CARTESIAN_POINT('',(6.87,3.9,7.015));
#11190=CARTESIAN_POINT('Origin',(15.27,12.9,3.67));
#11191=CARTESIAN_POINT('',(15.27,3.9,3.67));
#11192=CARTESIAN_POINT('',(14.13,3.9,3.67));
#11193=CARTESIAN_POINT('',(14.985,3.9,3.67));
#11194=CARTESIAN_POINT('',(15.27,12.9,3.67));
#11195=CARTESIAN_POINT('',(14.13,12.9,3.67));
#11196=CARTESIAN_POINT('Origin',(14.13,12.9,3.67));
#11197=CARTESIAN_POINT('',(14.13,3.9,2.53));
#11198=CARTESIAN_POINT('',(14.13,3.9,3.385));
#11199=CARTESIAN_POINT('',(14.13,12.9,2.53));
#11200=CARTESIAN_POINT('Origin',(14.13,12.9,2.53));
#11201=CARTESIAN_POINT('',(15.27,3.9,2.53));
#11202=CARTESIAN_POINT('',(14.415,3.9,2.53));
#11203=CARTESIAN_POINT('',(15.27,12.9,2.53));
#11204=CARTESIAN_POINT('Origin',(15.27,12.9,2.53));
#11205=CARTESIAN_POINT('',(15.27,3.9,2.815));
#11206=CARTESIAN_POINT('Origin',(11.07,12.9,7.87));
#11207=CARTESIAN_POINT('',(11.07,3.9,7.87));
#11208=CARTESIAN_POINT('',(9.93,3.9,7.87));
#11209=CARTESIAN_POINT('',(10.785,3.9,7.87));
#11210=CARTESIAN_POINT('',(11.07,12.9,7.87));
#11211=CARTESIAN_POINT('',(9.93,12.9,7.87));
#11212=CARTESIAN_POINT('Origin',(9.93,12.9,7.87));
#11213=CARTESIAN_POINT('',(9.93,3.9,6.73));
#11214=CARTESIAN_POINT('',(9.93,3.9,7.585));
#11215=CARTESIAN_POINT('',(9.93,12.9,6.73));
#11216=CARTESIAN_POINT('Origin',(9.93,12.9,6.73));
#11217=CARTESIAN_POINT('',(11.07,3.9,6.73));
#11218=CARTESIAN_POINT('',(10.215,3.9,6.73));
#11219=CARTESIAN_POINT('',(11.07,12.9,6.73));
#11220=CARTESIAN_POINT('Origin',(11.07,12.9,6.73));
#11221=CARTESIAN_POINT('',(11.07,3.9,7.015));
#11222=CARTESIAN_POINT('Origin',(1.53,12.9,7.87));
#11223=CARTESIAN_POINT('',(1.53,3.9,7.87));
#11224=CARTESIAN_POINT('',(1.53,3.9,6.73));
#11225=CARTESIAN_POINT('',(1.53,3.9,7.585));
#11226=CARTESIAN_POINT('',(1.53,12.9,7.87));
#11227=CARTESIAN_POINT('',(1.53,12.9,6.73));
#11228=CARTESIAN_POINT('Origin',(1.53,12.9,6.73));
#11229=CARTESIAN_POINT('',(2.67,3.9,6.73));
#11230=CARTESIAN_POINT('',(1.815,3.9,6.73));
#11231=CARTESIAN_POINT('',(2.67,12.9,6.73));
#11232=CARTESIAN_POINT('Origin',(2.67,12.9,6.73));
#11233=CARTESIAN_POINT('',(2.67,3.9,7.87));
#11234=CARTESIAN_POINT('',(2.67,3.9,7.015));
#11235=CARTESIAN_POINT('',(2.67,12.9,7.87));
#11236=CARTESIAN_POINT('Origin',(2.67,12.9,7.87));
#11237=CARTESIAN_POINT('',(2.385,3.9,7.87));
#11238=CARTESIAN_POINT('Origin',(-5.73,12.9,7.87));
#11239=CARTESIAN_POINT('',(-5.73,3.9,7.87));
#11240=CARTESIAN_POINT('',(-6.87,3.9,7.87));
#11241=CARTESIAN_POINT('',(-6.015,3.9,7.87));
#11242=CARTESIAN_POINT('',(-5.73,12.9,7.87));
#11243=CARTESIAN_POINT('',(-6.87,12.9,7.87));
#11244=CARTESIAN_POINT('Origin',(-6.87,12.9,7.87));
#11245=CARTESIAN_POINT('',(-6.87,3.9,6.73));
#11246=CARTESIAN_POINT('',(-6.87,3.9,7.585));
#11247=CARTESIAN_POINT('',(-6.87,12.9,6.73));
#11248=CARTESIAN_POINT('Origin',(-6.87,12.9,6.73));
#11249=CARTESIAN_POINT('',(-5.73,3.9,6.73));
#11250=CARTESIAN_POINT('',(-6.585,3.9,6.73));
#11251=CARTESIAN_POINT('',(-5.73,12.9,6.73));
#11252=CARTESIAN_POINT('Origin',(-5.73,12.9,6.73));
#11253=CARTESIAN_POINT('',(-5.73,3.9,7.015));
#11254=CARTESIAN_POINT('Origin',(-14.13,12.9,3.67));
#11255=CARTESIAN_POINT('',(-14.13,3.9,3.67));
#11256=CARTESIAN_POINT('',(-15.27,3.9,3.67));
#11257=CARTESIAN_POINT('',(-14.415,3.9,3.67));
#11258=CARTESIAN_POINT('',(-14.13,12.9,3.67));
#11259=CARTESIAN_POINT('',(-15.27,12.9,3.67));
#11260=CARTESIAN_POINT('Origin',(-15.27,12.9,3.67));
#11261=CARTESIAN_POINT('',(-15.27,3.9,2.53));
#11262=CARTESIAN_POINT('',(-15.27,3.9,3.385));
#11263=CARTESIAN_POINT('',(-15.27,12.9,2.53));
#11264=CARTESIAN_POINT('Origin',(-15.27,12.9,2.53));
#11265=CARTESIAN_POINT('',(-14.13,3.9,2.53));
#11266=CARTESIAN_POINT('',(-14.985,3.9,2.53));
#11267=CARTESIAN_POINT('',(-14.13,12.9,2.53));
#11268=CARTESIAN_POINT('Origin',(-14.13,12.9,2.53));
#11269=CARTESIAN_POINT('',(-14.13,3.9,2.815));
#11270=CARTESIAN_POINT('Origin',(-9.93,12.9,7.87));
#11271=CARTESIAN_POINT('',(-9.93,3.9,7.87));
#11272=CARTESIAN_POINT('',(-11.07,3.9,7.87));
#11273=CARTESIAN_POINT('',(-10.215,3.9,7.87));
#11274=CARTESIAN_POINT('',(-9.93,12.9,7.87));
#11275=CARTESIAN_POINT('',(-11.07,12.9,7.87));
#11276=CARTESIAN_POINT('Origin',(-11.07,12.9,7.87));
#11277=CARTESIAN_POINT('',(-11.07,3.9,6.73));
#11278=CARTESIAN_POINT('',(-11.07,3.9,7.585));
#11279=CARTESIAN_POINT('',(-11.07,12.9,6.73));
#11280=CARTESIAN_POINT('Origin',(-11.07,12.9,6.73));
#11281=CARTESIAN_POINT('',(-9.93,3.9,6.73));
#11282=CARTESIAN_POINT('',(-10.785,3.9,6.73));
#11283=CARTESIAN_POINT('',(-9.93,12.9,6.73));
#11284=CARTESIAN_POINT('Origin',(-9.93,12.9,6.73));
#11285=CARTESIAN_POINT('',(-9.93,3.9,7.015));
#11286=CARTESIAN_POINT('Origin',(-1.53,12.9,3.67));
#11287=CARTESIAN_POINT('',(-1.53,3.9,3.67));
#11288=CARTESIAN_POINT('',(-2.67,3.9,3.67));
#11289=CARTESIAN_POINT('',(-1.815,3.9,3.67));
#11290=CARTESIAN_POINT('',(-1.53,12.9,3.67));
#11291=CARTESIAN_POINT('',(-2.67,12.9,3.67));
#11292=CARTESIAN_POINT('Origin',(-2.67,12.9,3.67));
#11293=CARTESIAN_POINT('',(-2.67,3.9,2.53));
#11294=CARTESIAN_POINT('',(-2.67,3.9,3.385));
#11295=CARTESIAN_POINT('',(-2.67,12.9,2.53));
#11296=CARTESIAN_POINT('Origin',(-2.67,12.9,2.53));
#11297=CARTESIAN_POINT('',(-1.53,3.9,2.53));
#11298=CARTESIAN_POINT('',(-2.385,3.9,2.53));
#11299=CARTESIAN_POINT('',(-1.53,12.9,2.53));
#11300=CARTESIAN_POINT('Origin',(-1.53,12.9,2.53));
#11301=CARTESIAN_POINT('',(-1.53,3.9,2.815));
#11302=CARTESIAN_POINT('Origin',(6.87,12.9,3.67));
#11303=CARTESIAN_POINT('',(6.87,3.9,3.67));
#11304=CARTESIAN_POINT('',(5.73,3.9,3.67));
#11305=CARTESIAN_POINT('',(6.585,3.9,3.67));
#11306=CARTESIAN_POINT('',(6.87,12.9,3.67));
#11307=CARTESIAN_POINT('',(5.73,12.9,3.67));
#11308=CARTESIAN_POINT('Origin',(5.73,12.9,3.67));
#11309=CARTESIAN_POINT('',(5.73,3.9,2.53));
#11310=CARTESIAN_POINT('',(5.73,3.9,3.385));
#11311=CARTESIAN_POINT('',(5.73,12.9,2.53));
#11312=CARTESIAN_POINT('Origin',(5.73,12.9,2.53));
#11313=CARTESIAN_POINT('',(6.87,3.9,2.53));
#11314=CARTESIAN_POINT('',(6.015,3.9,2.53));
#11315=CARTESIAN_POINT('',(6.87,12.9,2.53));
#11316=CARTESIAN_POINT('Origin',(6.87,12.9,2.53));
#11317=CARTESIAN_POINT('',(6.87,3.9,2.815));
#11318=CARTESIAN_POINT('Origin',(15.27,12.9,7.87));
#11319=CARTESIAN_POINT('',(15.27,3.9,7.87));
#11320=CARTESIAN_POINT('',(14.13,3.9,7.87));
#11321=CARTESIAN_POINT('',(14.985,3.9,7.87));
#11322=CARTESIAN_POINT('',(15.27,12.9,7.87));
#11323=CARTESIAN_POINT('',(14.13,12.9,7.87));
#11324=CARTESIAN_POINT('Origin',(14.13,12.9,7.87));
#11325=CARTESIAN_POINT('',(14.13,3.9,6.73));
#11326=CARTESIAN_POINT('',(14.13,3.9,7.585));
#11327=CARTESIAN_POINT('',(14.13,12.9,6.73));
#11328=CARTESIAN_POINT('Origin',(14.13,12.9,6.73));
#11329=CARTESIAN_POINT('',(15.27,3.9,6.73));
#11330=CARTESIAN_POINT('',(14.415,3.9,6.73));
#11331=CARTESIAN_POINT('',(15.27,12.9,6.73));
#11332=CARTESIAN_POINT('Origin',(15.27,12.9,6.73));
#11333=CARTESIAN_POINT('',(15.27,3.9,7.015));
#11334=CARTESIAN_POINT('Origin',(11.07,12.9,3.67));
#11335=CARTESIAN_POINT('',(11.07,3.9,3.67));
#11336=CARTESIAN_POINT('',(9.93,3.9,3.67));
#11337=CARTESIAN_POINT('',(10.785,3.9,3.67));
#11338=CARTESIAN_POINT('',(11.07,12.9,3.67));
#11339=CARTESIAN_POINT('',(9.93,12.9,3.67));
#11340=CARTESIAN_POINT('Origin',(9.93,12.9,3.67));
#11341=CARTESIAN_POINT('',(9.93,3.9,2.53));
#11342=CARTESIAN_POINT('',(9.93,3.9,3.385));
#11343=CARTESIAN_POINT('',(9.93,12.9,2.53));
#11344=CARTESIAN_POINT('Origin',(9.93,12.9,2.53));
#11345=CARTESIAN_POINT('',(11.07,3.9,2.53));
#11346=CARTESIAN_POINT('',(10.215,3.9,2.53));
#11347=CARTESIAN_POINT('',(11.07,12.9,2.53));
#11348=CARTESIAN_POINT('Origin',(11.07,12.9,2.53));
#11349=CARTESIAN_POINT('',(11.07,3.9,2.815));
#11350=CARTESIAN_POINT('Origin',(2.67,12.9,3.67));
#11351=CARTESIAN_POINT('',(2.67,3.9,3.67));
#11352=CARTESIAN_POINT('',(1.53,3.9,3.67));
#11353=CARTESIAN_POINT('',(2.385,3.9,3.67));
#11354=CARTESIAN_POINT('',(2.67,12.9,3.67));
#11355=CARTESIAN_POINT('',(1.53,12.9,3.67));
#11356=CARTESIAN_POINT('Origin',(1.53,12.9,3.67));
#11357=CARTESIAN_POINT('',(1.53,3.9,2.53));
#11358=CARTESIAN_POINT('',(1.53,3.9,3.385));
#11359=CARTESIAN_POINT('',(1.53,12.9,2.53));
#11360=CARTESIAN_POINT('Origin',(1.53,12.9,2.53));
#11361=CARTESIAN_POINT('',(2.67,3.9,2.53));
#11362=CARTESIAN_POINT('',(1.815,3.9,2.53));
#11363=CARTESIAN_POINT('',(2.67,12.9,2.53));
#11364=CARTESIAN_POINT('Origin',(2.67,12.9,2.53));
#11365=CARTESIAN_POINT('',(2.67,3.9,2.815));
#11366=CARTESIAN_POINT('Origin',(-5.73,12.9,3.67));
#11367=CARTESIAN_POINT('',(-5.73,3.9,3.67));
#11368=CARTESIAN_POINT('',(-6.87,3.9,3.67));
#11369=CARTESIAN_POINT('',(-6.015,3.9,3.67));
#11370=CARTESIAN_POINT('',(-5.73,12.9,3.67));
#11371=CARTESIAN_POINT('',(-6.87,12.9,3.67));
#11372=CARTESIAN_POINT('Origin',(-6.87,12.9,3.67));
#11373=CARTESIAN_POINT('',(-6.87,3.9,2.53));
#11374=CARTESIAN_POINT('',(-6.87,3.9,3.385));
#11375=CARTESIAN_POINT('',(-6.87,12.9,2.53));
#11376=CARTESIAN_POINT('Origin',(-6.87,12.9,2.53));
#11377=CARTESIAN_POINT('',(-5.73,3.9,2.53));
#11378=CARTESIAN_POINT('',(-6.585,3.9,2.53));
#11379=CARTESIAN_POINT('',(-5.73,12.9,2.53));
#11380=CARTESIAN_POINT('Origin',(-5.73,12.9,2.53));
#11381=CARTESIAN_POINT('',(-5.73,3.9,2.815));
#11382=CARTESIAN_POINT('Origin',(-14.13,12.9,7.87));
#11383=CARTESIAN_POINT('',(-14.13,3.9,7.87));
#11384=CARTESIAN_POINT('',(-15.27,3.9,7.87));
#11385=CARTESIAN_POINT('',(-14.415,3.9,7.87));
#11386=CARTESIAN_POINT('',(-14.13,12.9,7.87));
#11387=CARTESIAN_POINT('',(-15.27,12.9,7.87));
#11388=CARTESIAN_POINT('Origin',(-15.27,12.9,7.87));
#11389=CARTESIAN_POINT('',(-15.27,3.9,6.73));
#11390=CARTESIAN_POINT('',(-15.27,3.9,7.585));
#11391=CARTESIAN_POINT('',(-15.27,12.9,6.73));
#11392=CARTESIAN_POINT('Origin',(-15.27,12.9,6.73));
#11393=CARTESIAN_POINT('',(-14.13,3.9,6.73));
#11394=CARTESIAN_POINT('',(-14.985,3.9,6.73));
#11395=CARTESIAN_POINT('',(-14.13,12.9,6.73));
#11396=CARTESIAN_POINT('Origin',(-14.13,12.9,6.73));
#11397=CARTESIAN_POINT('',(-14.13,3.9,7.015));
#11398=CARTESIAN_POINT('Origin',(-12.85,12.9,1.25));
#11399=CARTESIAN_POINT('',(-12.85,3.9,1.25));
#11400=CARTESIAN_POINT('',(-12.85,12.9,1.25));
#11401=CARTESIAN_POINT('',(-12.85,3.9,4.95));
#11402=CARTESIAN_POINT('',(-12.85,3.9,1.25));
#11403=CARTESIAN_POINT('',(-12.85,12.9,4.95));
#11404=CARTESIAN_POINT('Origin',(-16.55,12.9,1.25));
#11405=CARTESIAN_POINT('',(-16.55,3.9,1.25));
#11406=CARTESIAN_POINT('',(-16.55,12.9,1.25));
#11407=CARTESIAN_POINT('',(-16.55,3.9,1.25));
#11408=CARTESIAN_POINT('Origin',(-16.55,12.9,4.95));
#11409=CARTESIAN_POINT('',(-16.55,3.9,4.95));
#11410=CARTESIAN_POINT('',(-16.55,12.9,4.95));
#11411=CARTESIAN_POINT('',(-16.55,3.9,4.95));
#11412=CARTESIAN_POINT('Origin',(-12.85,12.9,4.95));
#11413=CARTESIAN_POINT('',(-16.55,3.9,4.95));
#11414=CARTESIAN_POINT('Origin',(-14.7,3.9,3.1));
#11415=CARTESIAN_POINT('Origin',(3.95,12.9,1.25));
#11416=CARTESIAN_POINT('',(3.95,3.9,1.25));
#11417=CARTESIAN_POINT('',(3.95,12.9,1.25));
#11418=CARTESIAN_POINT('',(3.95,3.9,4.95));
#11419=CARTESIAN_POINT('',(3.95,3.9,1.25));
#11420=CARTESIAN_POINT('',(3.95,12.9,4.95));
#11421=CARTESIAN_POINT('Origin',(0.250000000000004,12.9,1.25));
#11422=CARTESIAN_POINT('',(0.250000000000004,3.9,1.25));
#11423=CARTESIAN_POINT('',(0.250000000000004,12.9,1.25));
#11424=CARTESIAN_POINT('',(0.250000000000004,3.9,1.25));
#11425=CARTESIAN_POINT('Origin',(0.250000000000004,12.9,4.95));
#11426=CARTESIAN_POINT('',(0.250000000000004,3.9,4.95));
#11427=CARTESIAN_POINT('',(0.250000000000004,12.9,4.95));
#11428=CARTESIAN_POINT('',(0.250000000000004,3.9,4.95));
#11429=CARTESIAN_POINT('Origin',(3.95,12.9,4.95));
#11430=CARTESIAN_POINT('',(0.250000000000004,3.9,4.95));
#11431=CARTESIAN_POINT('Origin',(2.1,3.9,3.1));
#11432=CARTESIAN_POINT('Origin',(3.95,12.9,5.45));
#11433=CARTESIAN_POINT('',(3.95,3.9,5.45));
#11434=CARTESIAN_POINT('',(3.95,12.9,5.45));
#11435=CARTESIAN_POINT('',(3.95,3.9,9.15));
#11436=CARTESIAN_POINT('',(3.95,3.9,5.45));
#11437=CARTESIAN_POINT('',(3.95,12.9,9.15));
#11438=CARTESIAN_POINT('Origin',(0.250000000000004,12.9,5.45));
#11439=CARTESIAN_POINT('',(0.250000000000004,3.9,5.45));
#11440=CARTESIAN_POINT('',(0.250000000000004,12.9,5.45));
#11441=CARTESIAN_POINT('',(0.250000000000004,3.9,5.45));
#11442=CARTESIAN_POINT('Origin',(0.250000000000004,12.9,9.15));
#11443=CARTESIAN_POINT('',(0.250000000000004,3.9,9.15));
#11444=CARTESIAN_POINT('',(0.250000000000004,12.9,9.15));
#11445=CARTESIAN_POINT('',(0.250000000000004,3.9,9.15));
#11446=CARTESIAN_POINT('Origin',(3.95,12.9,9.15));
#11447=CARTESIAN_POINT('',(0.250000000000004,3.9,9.15));
#11448=CARTESIAN_POINT('Origin',(2.1,3.9,7.3));
#11449=CARTESIAN_POINT('Origin',(-4.45,12.9,1.25));
#11450=CARTESIAN_POINT('',(-4.45,3.9,1.25));
#11451=CARTESIAN_POINT('',(-4.45,12.9,1.25));
#11452=CARTESIAN_POINT('',(-4.45,3.9,4.95));
#11453=CARTESIAN_POINT('',(-4.45,3.9,1.25));
#11454=CARTESIAN_POINT('',(-4.45,12.9,4.95));
#11455=CARTESIAN_POINT('Origin',(-8.15,12.9,1.25));
#11456=CARTESIAN_POINT('',(-8.15,3.9,1.25));
#11457=CARTESIAN_POINT('',(-8.15,12.9,1.25));
#11458=CARTESIAN_POINT('',(-8.15,3.9,1.25));
#11459=CARTESIAN_POINT('Origin',(-8.15,12.9,4.95));
#11460=CARTESIAN_POINT('',(-8.15,3.9,4.95));
#11461=CARTESIAN_POINT('',(-8.15,12.9,4.95));
#11462=CARTESIAN_POINT('',(-8.15,3.9,4.95));
#11463=CARTESIAN_POINT('Origin',(-4.45,12.9,4.95));
#11464=CARTESIAN_POINT('',(-8.15,3.9,4.95));
#11465=CARTESIAN_POINT('Origin',(-6.3,3.9,3.1));
#11466=CARTESIAN_POINT('Origin',(-8.65,12.9,1.25));
#11467=CARTESIAN_POINT('',(-8.65,3.9,1.25));
#11468=CARTESIAN_POINT('',(-8.65,12.9,1.25));
#11469=CARTESIAN_POINT('',(-8.65,3.9,4.95));
#11470=CARTESIAN_POINT('',(-8.65,3.9,1.25));
#11471=CARTESIAN_POINT('',(-8.65,12.9,4.95));
#11472=CARTESIAN_POINT('Origin',(-12.35,12.9,1.25));
#11473=CARTESIAN_POINT('',(-12.35,3.9,1.25));
#11474=CARTESIAN_POINT('',(-12.35,12.9,1.25));
#11475=CARTESIAN_POINT('',(-12.35,3.9,1.25));
#11476=CARTESIAN_POINT('Origin',(-12.35,12.9,4.95));
#11477=CARTESIAN_POINT('',(-12.35,3.9,4.95));
#11478=CARTESIAN_POINT('',(-12.35,12.9,4.95));
#11479=CARTESIAN_POINT('',(-12.35,3.9,4.95));
#11480=CARTESIAN_POINT('Origin',(-8.65,12.9,4.95));
#11481=CARTESIAN_POINT('',(-12.35,3.9,4.95));
#11482=CARTESIAN_POINT('Origin',(-10.5,3.9,3.1));
#11483=CARTESIAN_POINT('Origin',(12.35,12.9,1.25));
#11484=CARTESIAN_POINT('',(12.35,3.9,1.25));
#11485=CARTESIAN_POINT('',(12.35,12.9,1.25));
#11486=CARTESIAN_POINT('',(12.35,3.9,4.95));
#11487=CARTESIAN_POINT('',(12.35,3.9,1.25));
#11488=CARTESIAN_POINT('',(12.35,12.9,4.95));
#11489=CARTESIAN_POINT('Origin',(8.65,12.9,1.25));
#11490=CARTESIAN_POINT('',(8.65,3.9,1.25));
#11491=CARTESIAN_POINT('',(8.65,12.9,1.25));
#11492=CARTESIAN_POINT('',(8.65,3.9,1.25));
#11493=CARTESIAN_POINT('Origin',(8.65,12.9,4.95));
#11494=CARTESIAN_POINT('',(8.65,3.9,4.95));
#11495=CARTESIAN_POINT('',(8.65,12.9,4.95));
#11496=CARTESIAN_POINT('',(8.65,3.9,4.95));
#11497=CARTESIAN_POINT('Origin',(12.35,12.9,4.95));
#11498=CARTESIAN_POINT('',(8.65,3.9,4.95));
#11499=CARTESIAN_POINT('Origin',(10.5,3.9,3.1));
#11500=CARTESIAN_POINT('Origin',(16.55,12.9,1.25));
#11501=CARTESIAN_POINT('',(16.55,3.9,1.25));
#11502=CARTESIAN_POINT('',(16.55,12.9,1.25));
#11503=CARTESIAN_POINT('',(16.55,3.9,4.95));
#11504=CARTESIAN_POINT('',(16.55,3.9,1.25));
#11505=CARTESIAN_POINT('',(16.55,12.9,4.95));
#11506=CARTESIAN_POINT('Origin',(12.85,12.9,1.25));
#11507=CARTESIAN_POINT('',(12.85,3.9,1.25));
#11508=CARTESIAN_POINT('',(12.85,12.9,1.25));
#11509=CARTESIAN_POINT('',(12.85,3.9,1.25));
#11510=CARTESIAN_POINT('Origin',(12.85,12.9,4.95));
#11511=CARTESIAN_POINT('',(12.85,3.9,4.95));
#11512=CARTESIAN_POINT('',(12.85,12.9,4.95));
#11513=CARTESIAN_POINT('',(12.85,3.9,4.95));
#11514=CARTESIAN_POINT('Origin',(16.55,12.9,4.95));
#11515=CARTESIAN_POINT('',(12.85,3.9,4.95));
#11516=CARTESIAN_POINT('Origin',(14.7,3.9,3.1));
#11517=CARTESIAN_POINT('Origin',(-12.85,12.9,5.45));
#11518=CARTESIAN_POINT('',(-12.85,3.9,5.45));
#11519=CARTESIAN_POINT('',(-12.85,12.9,5.45));
#11520=CARTESIAN_POINT('',(-12.85,3.9,9.15));
#11521=CARTESIAN_POINT('',(-12.85,3.9,5.45));
#11522=CARTESIAN_POINT('',(-12.85,12.9,9.15));
#11523=CARTESIAN_POINT('Origin',(-16.55,12.9,5.45));
#11524=CARTESIAN_POINT('',(-16.55,3.9,5.45));
#11525=CARTESIAN_POINT('',(-16.55,12.9,5.45));
#11526=CARTESIAN_POINT('',(-16.55,3.9,5.45));
#11527=CARTESIAN_POINT('Origin',(-16.55,12.9,9.15));
#11528=CARTESIAN_POINT('',(-16.55,3.9,9.15));
#11529=CARTESIAN_POINT('',(-16.55,12.9,9.15));
#11530=CARTESIAN_POINT('',(-16.55,3.9,9.15));
#11531=CARTESIAN_POINT('Origin',(-12.85,12.9,9.15));
#11532=CARTESIAN_POINT('',(-16.55,3.9,9.15));
#11533=CARTESIAN_POINT('Origin',(-14.7,3.9,7.3));
#11534=CARTESIAN_POINT('Origin',(8.15,12.9,1.25));
#11535=CARTESIAN_POINT('',(8.15,3.9,1.25));
#11536=CARTESIAN_POINT('',(8.15,12.9,1.25));
#11537=CARTESIAN_POINT('',(8.15,3.9,4.95));
#11538=CARTESIAN_POINT('',(8.15,3.9,1.25));
#11539=CARTESIAN_POINT('',(8.15,12.9,4.95));
#11540=CARTESIAN_POINT('Origin',(4.45,12.9,1.25));
#11541=CARTESIAN_POINT('',(4.45,3.9,1.25));
#11542=CARTESIAN_POINT('',(4.45,12.9,1.25));
#11543=CARTESIAN_POINT('',(4.45,3.9,1.25));
#11544=CARTESIAN_POINT('Origin',(4.45,12.9,4.95));
#11545=CARTESIAN_POINT('',(4.45,3.9,4.95));
#11546=CARTESIAN_POINT('',(4.45,12.9,4.95));
#11547=CARTESIAN_POINT('',(4.45,3.9,4.95));
#11548=CARTESIAN_POINT('Origin',(8.15,12.9,4.95));
#11549=CARTESIAN_POINT('',(4.45,3.9,4.95));
#11550=CARTESIAN_POINT('Origin',(6.3,3.9,3.1));
#11551=CARTESIAN_POINT('Origin',(8.15,12.9,5.45));
#11552=CARTESIAN_POINT('',(8.15,3.9,5.45));
#11553=CARTESIAN_POINT('',(8.15,12.9,5.45));
#11554=CARTESIAN_POINT('',(8.15,3.9,9.15));
#11555=CARTESIAN_POINT('',(8.15,3.9,5.45));
#11556=CARTESIAN_POINT('',(8.15,12.9,9.15));
#11557=CARTESIAN_POINT('Origin',(4.45,12.9,5.45));
#11558=CARTESIAN_POINT('',(4.45,3.9,5.45));
#11559=CARTESIAN_POINT('',(4.45,12.9,5.45));
#11560=CARTESIAN_POINT('',(4.45,3.9,5.45));
#11561=CARTESIAN_POINT('Origin',(4.45,12.9,9.15));
#11562=CARTESIAN_POINT('',(4.45,3.9,9.15));
#11563=CARTESIAN_POINT('',(4.45,12.9,9.15));
#11564=CARTESIAN_POINT('',(4.45,3.9,9.15));
#11565=CARTESIAN_POINT('Origin',(8.15,12.9,9.15));
#11566=CARTESIAN_POINT('',(4.45,3.9,9.15));
#11567=CARTESIAN_POINT('Origin',(6.3,3.9,7.3));
#11568=CARTESIAN_POINT('Origin',(-0.249999999999997,12.9,1.25));
#11569=CARTESIAN_POINT('',(-0.249999999999997,3.9,1.25));
#11570=CARTESIAN_POINT('',(-0.249999999999997,12.9,1.25));
#11571=CARTESIAN_POINT('',(-0.249999999999997,3.9,4.95));
#11572=CARTESIAN_POINT('',(-0.249999999999997,3.9,1.25));
#11573=CARTESIAN_POINT('',(-0.249999999999997,12.9,4.95));
#11574=CARTESIAN_POINT('Origin',(-3.95,12.9,1.25));
#11575=CARTESIAN_POINT('',(-3.95,3.9,1.25));
#11576=CARTESIAN_POINT('',(-3.95,12.9,1.25));
#11577=CARTESIAN_POINT('',(-3.95,3.9,1.25));
#11578=CARTESIAN_POINT('Origin',(-3.95,12.9,4.95));
#11579=CARTESIAN_POINT('',(-3.95,3.9,4.95));
#11580=CARTESIAN_POINT('',(-3.95,12.9,4.95));
#11581=CARTESIAN_POINT('',(-3.95,3.9,4.95));
#11582=CARTESIAN_POINT('Origin',(-0.249999999999997,12.9,4.95));
#11583=CARTESIAN_POINT('',(-3.95,3.9,4.95));
#11584=CARTESIAN_POINT('Origin',(-2.1,3.9,3.1));
#11585=CARTESIAN_POINT('Origin',(-4.45,12.9,5.45));
#11586=CARTESIAN_POINT('',(-4.45,3.9,5.45));
#11587=CARTESIAN_POINT('',(-4.45,12.9,5.45));
#11588=CARTESIAN_POINT('',(-4.45,3.9,9.15));
#11589=CARTESIAN_POINT('',(-4.45,3.9,5.45));
#11590=CARTESIAN_POINT('',(-4.45,12.9,9.15));
#11591=CARTESIAN_POINT('Origin',(-8.15,12.9,5.45));
#11592=CARTESIAN_POINT('',(-8.15,3.9,5.45));
#11593=CARTESIAN_POINT('',(-8.15,12.9,5.45));
#11594=CARTESIAN_POINT('',(-8.15,3.9,5.45));
#11595=CARTESIAN_POINT('Origin',(-8.15,12.9,9.15));
#11596=CARTESIAN_POINT('',(-8.15,3.9,9.15));
#11597=CARTESIAN_POINT('',(-8.15,12.9,9.15));
#11598=CARTESIAN_POINT('',(-8.15,3.9,9.15));
#11599=CARTESIAN_POINT('Origin',(-4.45,12.9,9.15));
#11600=CARTESIAN_POINT('',(-8.15,3.9,9.15));
#11601=CARTESIAN_POINT('Origin',(-6.3,3.9,7.3));
#11602=CARTESIAN_POINT('Origin',(-8.65,12.9,5.45));
#11603=CARTESIAN_POINT('',(-8.65,3.9,5.45));
#11604=CARTESIAN_POINT('',(-8.65,12.9,5.45));
#11605=CARTESIAN_POINT('',(-8.65,3.9,9.15));
#11606=CARTESIAN_POINT('',(-8.65,3.9,5.45));
#11607=CARTESIAN_POINT('',(-8.65,12.9,9.15));
#11608=CARTESIAN_POINT('Origin',(-12.35,12.9,5.45));
#11609=CARTESIAN_POINT('',(-12.35,3.9,5.45));
#11610=CARTESIAN_POINT('',(-12.35,12.9,5.45));
#11611=CARTESIAN_POINT('',(-12.35,3.9,5.45));
#11612=CARTESIAN_POINT('Origin',(-12.35,12.9,9.15));
#11613=CARTESIAN_POINT('',(-12.35,3.9,9.15));
#11614=CARTESIAN_POINT('',(-12.35,12.9,9.15));
#11615=CARTESIAN_POINT('',(-12.35,3.9,9.15));
#11616=CARTESIAN_POINT('Origin',(-8.65,12.9,9.15));
#11617=CARTESIAN_POINT('',(-12.35,3.9,9.15));
#11618=CARTESIAN_POINT('Origin',(-10.5,3.9,7.3));
#11619=CARTESIAN_POINT('Origin',(-0.249999999999997,12.9,5.45));
#11620=CARTESIAN_POINT('',(-0.249999999999997,3.9,5.45));
#11621=CARTESIAN_POINT('',(-0.249999999999997,12.9,5.45));
#11622=CARTESIAN_POINT('',(-0.249999999999997,3.9,9.15));
#11623=CARTESIAN_POINT('',(-0.249999999999997,3.9,5.45));
#11624=CARTESIAN_POINT('',(-0.249999999999997,12.9,9.15));
#11625=CARTESIAN_POINT('Origin',(-3.95,12.9,5.45));
#11626=CARTESIAN_POINT('',(-3.95,3.9,5.45));
#11627=CARTESIAN_POINT('',(-3.95,12.9,5.45));
#11628=CARTESIAN_POINT('',(-3.95,3.9,5.45));
#11629=CARTESIAN_POINT('Origin',(-3.95,12.9,9.15));
#11630=CARTESIAN_POINT('',(-3.95,3.9,9.15));
#11631=CARTESIAN_POINT('',(-3.95,12.9,9.15));
#11632=CARTESIAN_POINT('',(-3.95,3.9,9.15));
#11633=CARTESIAN_POINT('Origin',(-0.249999999999997,12.9,9.15));
#11634=CARTESIAN_POINT('',(-3.95,3.9,9.15));
#11635=CARTESIAN_POINT('Origin',(-2.1,3.9,7.3));
#11636=CARTESIAN_POINT('Origin',(16.55,12.9,9.15));
#11637=CARTESIAN_POINT('',(16.55,3.9,9.15));
#11638=CARTESIAN_POINT('',(16.55,12.9,9.15));
#11639=CARTESIAN_POINT('',(12.85,3.9,9.15));
#11640=CARTESIAN_POINT('',(12.85,3.9,9.15));
#11641=CARTESIAN_POINT('',(12.85,12.9,9.15));
#11642=CARTESIAN_POINT('Origin',(16.55,12.9,5.45));
#11643=CARTESIAN_POINT('',(16.55,3.9,5.45));
#11644=CARTESIAN_POINT('',(16.55,12.9,5.45));
#11645=CARTESIAN_POINT('',(16.55,3.9,5.45));
#11646=CARTESIAN_POINT('Origin',(12.85,12.9,5.45));
#11647=CARTESIAN_POINT('',(12.85,3.9,5.45));
#11648=CARTESIAN_POINT('',(12.85,12.9,5.45));
#11649=CARTESIAN_POINT('',(12.85,3.9,5.45));
#11650=CARTESIAN_POINT('Origin',(12.85,12.9,9.15));
#11651=CARTESIAN_POINT('',(12.85,3.9,9.15));
#11652=CARTESIAN_POINT('Origin',(14.7,3.9,7.3));
#11653=CARTESIAN_POINT('Origin',(12.35,12.9,5.45));
#11654=CARTESIAN_POINT('',(12.35,3.9,5.45));
#11655=CARTESIAN_POINT('',(12.35,12.9,5.45));
#11656=CARTESIAN_POINT('',(12.35,3.9,9.15));
#11657=CARTESIAN_POINT('',(12.35,3.9,5.45));
#11658=CARTESIAN_POINT('',(12.35,12.9,9.15));
#11659=CARTESIAN_POINT('Origin',(8.65,12.9,5.45));
#11660=CARTESIAN_POINT('',(8.65,3.9,5.45));
#11661=CARTESIAN_POINT('',(8.65,12.9,5.45));
#11662=CARTESIAN_POINT('',(8.65,3.9,5.45));
#11663=CARTESIAN_POINT('Origin',(8.65,12.9,9.15));
#11664=CARTESIAN_POINT('',(8.65,3.9,9.15));
#11665=CARTESIAN_POINT('',(8.65,12.9,9.15));
#11666=CARTESIAN_POINT('',(8.65,3.9,9.15));
#11667=CARTESIAN_POINT('Origin',(12.35,12.9,9.15));
#11668=CARTESIAN_POINT('',(8.65,3.9,9.15));
#11669=CARTESIAN_POINT('Origin',(10.5,3.9,7.3));
#11670=CARTESIAN_POINT('Origin',(16.8,0.,0.4));
#11671=CARTESIAN_POINT('',(16.8,3.225,0.4));
#11672=CARTESIAN_POINT('',(16.8,0.,0.));
#11673=CARTESIAN_POINT('Origin',(17.125,6.45,0.));
#11674=CARTESIAN_POINT('Origin',(-16.8,12.9,0.4));
#11675=CARTESIAN_POINT('',(-16.8,9.675,0.4));
#11676=CARTESIAN_POINT('',(-16.8,0.,0.));
#11677=CARTESIAN_POINT('Origin',(-17.125,6.45,0.));
#11678=CARTESIAN_POINT('',(-17.45,12.9,0.));
#11679=CARTESIAN_POINT('Origin',(-17.45,12.9,0.4));
#11680=CARTESIAN_POINT('Origin',(0.,6.45,0.4));
#11681=CARTESIAN_POINT('Origin',(-5.93,4.525,-3.07109861589809));
#11682=CARTESIAN_POINT('',(-6.12999999999999,-1.27,-3.5));
#11683=CARTESIAN_POINT('',(-6.12999999999999,-0.929999999999999,-3.5));
#11684=CARTESIAN_POINT('',(-6.12999999999999,4.525,-3.5));
#11685=CARTESIAN_POINT('',(-5.72999999999999,-0.53,-2.64219723179618));
#11686=CARTESIAN_POINT('',(-6.12999999999999,-0.929999999999999,-3.5));
#11687=CARTESIAN_POINT('',(-5.73,-1.67,-2.64219723179618));
#11688=CARTESIAN_POINT('',(-5.73,4.525,-2.64219723179618));
#11689=CARTESIAN_POINT('',(-6.12999999999999,-1.27,-3.5));
#11690=CARTESIAN_POINT('Origin',(-3.435,-0.73,-3.07109861589809));
#11691=CARTESIAN_POINT('',(-6.47,-0.929999999999999,-3.5));
#11692=CARTESIAN_POINT('',(-3.435,-0.929999999999999,-3.5));
#11693=CARTESIAN_POINT('',(-6.87,-0.53,-2.64219723179618));
#11694=CARTESIAN_POINT('',(-6.47,-0.929999999999999,-3.5));
#11695=CARTESIAN_POINT('',(-3.435,-0.53,-2.64219723179618));
#11696=CARTESIAN_POINT('Origin',(-6.67,4.525,-3.07109861589809));
#11697=CARTESIAN_POINT('',(-6.47,-1.27,-3.5));
#11698=CARTESIAN_POINT('',(-6.47,4.525,-3.5));
#11699=CARTESIAN_POINT('',(-6.87,-1.67,-2.64219723179618));
#11700=CARTESIAN_POINT('',(-6.47,-1.27,-3.5));
#11701=CARTESIAN_POINT('',(-6.87,4.525,-2.64219723179618));
#11702=CARTESIAN_POINT('Origin',(3.88578058618805E-15,-1.47,-3.07109861589809));
#11703=CARTESIAN_POINT('',(3.88578058618805E-15,-1.67,-2.64219723179618));
#11704=CARTESIAN_POINT('',(3.88578058618805E-15,-1.27,-3.5));
#11705=CARTESIAN_POINT('Origin',(1.11022302462516E-15,-1.67,3.1));
#11706=CARTESIAN_POINT('',(-5.73,-1.67,2.53));
#11707=CARTESIAN_POINT('',(-5.73,-1.67,2.815));
#11708=CARTESIAN_POINT('',(-6.87,-1.67,2.53));
#11709=CARTESIAN_POINT('',(-2.865,-1.67,2.53));
#11710=CARTESIAN_POINT('',(-6.87,-1.67,2.53));
#11711=CARTESIAN_POINT('Origin',(-5.73,12.9,2.53));
#11712=CARTESIAN_POINT('',(-5.72999999999999,-0.53,2.53));
#11713=CARTESIAN_POINT('',(-5.72999999999999,-0.53,2.53));
#11714=CARTESIAN_POINT('',(-5.73,11.0421972317962,2.53));
#11715=CARTESIAN_POINT('',(-5.73,12.9,2.53));
#11716=CARTESIAN_POINT('',(-5.73,11.0421972317962,3.67));
#11717=CARTESIAN_POINT('',(-5.73,11.0421972317962,2.815));
#11718=CARTESIAN_POINT('',(-5.73,-0.529999999999999,3.67));
#11719=CARTESIAN_POINT('',(-5.73,12.9,3.67));
#11720=CARTESIAN_POINT('Origin',(-5.73,-0.53,2.53));
#11721=CARTESIAN_POINT('Origin',(6.66133814775094E-15,-3.85,-3.5));
#11722=CARTESIAN_POINT('Origin',(-6.015,11.4710986158981,3.47));
#11723=CARTESIAN_POINT('',(-6.13,11.9,3.27));
#11724=CARTESIAN_POINT('',(-6.47,11.9,3.27));
#11725=CARTESIAN_POINT('',(-6.015,11.9,3.27));
#11726=CARTESIAN_POINT('',(-6.87,11.0421972317962,3.67));
#11727=CARTESIAN_POINT('',(-6.47,11.9,3.27));
#11728=CARTESIAN_POINT('',(-6.015,11.0421972317962,3.67));
#11729=CARTESIAN_POINT('',(-6.13,11.9,3.27));
#11730=CARTESIAN_POINT('Origin',(-6.67,11.4710986158981,3.385));
#11731=CARTESIAN_POINT('',(-6.87,11.0421972317962,2.53));
#11732=CARTESIAN_POINT('',(-6.87,11.0421972317962,3.385));
#11733=CARTESIAN_POINT('',(-6.47,11.9,2.93));
#11734=CARTESIAN_POINT('',(-6.47,11.9,3.385));
#11735=CARTESIAN_POINT('',(-6.47,11.9,2.93));
#11736=CARTESIAN_POINT('Origin',(-6.585,11.4710986158981,2.73));
#11737=CARTESIAN_POINT('',(-6.585,11.0421972317962,2.53));
#11738=CARTESIAN_POINT('',(-6.13,11.9,2.93));
#11739=CARTESIAN_POINT('',(-6.585,11.9,2.93));
#11740=CARTESIAN_POINT('',(-6.13,11.9,2.93));
#11741=CARTESIAN_POINT('Origin',(-5.93,11.4710986158981,2.815));
#11742=CARTESIAN_POINT('',(-6.13,11.9,2.815));
#11743=CARTESIAN_POINT('Origin',(-5.73,12.9,3.67));
#11744=CARTESIAN_POINT('',(-6.87,-0.529999999999999,3.67));
#11745=CARTESIAN_POINT('',(-6.87,12.9,3.67));
#11746=CARTESIAN_POINT('',(-2.865,-0.53,3.67));
#11747=CARTESIAN_POINT('Origin',(-6.3,11.9,3.1));
#11748=CARTESIAN_POINT('Origin',(-2.865,-0.53,2.53));
#11749=CARTESIAN_POINT('Origin',(-6.87,-0.53,2.53));
#11750=CARTESIAN_POINT('Origin',(-6.87,12.9,3.67));
#11751=CARTESIAN_POINT('',(-6.87,-0.53,2.53));
#11752=CARTESIAN_POINT('',(-6.87,12.9,2.53));
#11753=CARTESIAN_POINT('',(-6.87,-0.53,0.));
#11754=CARTESIAN_POINT('Origin',(-6.87,-0.53,2.53));
#11755=CARTESIAN_POINT('',(-6.87,-0.529999999999999,2.53));
#11756=CARTESIAN_POINT('Origin',(-6.87,12.9,2.53));
#11757=CARTESIAN_POINT('Origin',(10.87,4.525,-3.07109861589809));
#11758=CARTESIAN_POINT('',(10.67,-1.27,-3.5));
#11759=CARTESIAN_POINT('',(10.67,-0.93,-3.5));
#11760=CARTESIAN_POINT('',(10.67,4.525,-3.5));
#11761=CARTESIAN_POINT('',(11.07,-0.53,-2.64219723179618));
#11762=CARTESIAN_POINT('',(10.67,-0.93,-3.5));
#11763=CARTESIAN_POINT('',(11.07,-1.67,-2.64219723179618));
#11764=CARTESIAN_POINT('',(11.07,4.525,-2.64219723179618));
#11765=CARTESIAN_POINT('',(10.67,-1.27,-3.5));
#11766=CARTESIAN_POINT('Origin',(4.96500000000001,-0.730000000000001,-3.07109861589809));
#11767=CARTESIAN_POINT('',(10.33,-0.93,-3.5));
#11768=CARTESIAN_POINT('',(4.96500000000001,-0.930000000000001,-3.5));
#11769=CARTESIAN_POINT('',(9.93000000000001,-0.53,-2.64219723179618));
#11770=CARTESIAN_POINT('',(10.33,-0.93,-3.5));
#11771=CARTESIAN_POINT('',(4.96500000000001,-0.530000000000001,-2.64219723179618));
#11772=CARTESIAN_POINT('Origin',(10.13,4.525,-3.07109861589809));
#11773=CARTESIAN_POINT('',(10.33,-1.27,-3.5));
#11774=CARTESIAN_POINT('',(10.33,4.525,-3.5));
#11775=CARTESIAN_POINT('',(9.93000000000001,-1.67,-2.64219723179618));
#11776=CARTESIAN_POINT('',(10.33,-1.27,-3.5));
#11777=CARTESIAN_POINT('',(9.93,4.525,-2.64219723179618));
#11778=CARTESIAN_POINT('Origin',(3.88578058618805E-15,-1.47,-3.07109861589809));
#11779=CARTESIAN_POINT('',(3.88578058618805E-15,-1.67,-2.64219723179618));
#11780=CARTESIAN_POINT('',(3.88578058618805E-15,-1.27,-3.5));
#11781=CARTESIAN_POINT('Origin',(1.11022302462516E-15,-1.67,3.1));
#11782=CARTESIAN_POINT('',(11.07,-1.67,2.53));
#11783=CARTESIAN_POINT('',(11.07,-1.67,2.815));
#11784=CARTESIAN_POINT('',(9.93000000000001,-1.67,2.53));
#11785=CARTESIAN_POINT('',(5.535,-1.67,2.53));
#11786=CARTESIAN_POINT('',(9.93000000000001,-1.67,2.53));
#11787=CARTESIAN_POINT('Origin',(11.07,12.9,2.53));
#11788=CARTESIAN_POINT('',(11.07,-0.53,2.53));
#11789=CARTESIAN_POINT('',(11.07,-0.53,2.53));
#11790=CARTESIAN_POINT('',(11.07,11.0421972317962,2.53));
#11791=CARTESIAN_POINT('',(11.07,12.9,2.53));
#11792=CARTESIAN_POINT('',(11.07,11.0421972317962,3.67));
#11793=CARTESIAN_POINT('',(11.07,11.0421972317962,2.815));
#11794=CARTESIAN_POINT('',(11.07,-0.529999999999999,3.67));
#11795=CARTESIAN_POINT('',(11.07,12.9,3.67));
#11796=CARTESIAN_POINT('Origin',(11.07,-0.53,2.53));
#11797=CARTESIAN_POINT('Origin',(6.66133814775094E-15,-3.85,-3.5));
#11798=CARTESIAN_POINT('Origin',(10.785,11.4710986158981,3.47));
#11799=CARTESIAN_POINT('',(10.67,11.9,3.27));
#11800=CARTESIAN_POINT('',(10.33,11.9,3.27));
#11801=CARTESIAN_POINT('',(10.785,11.9,3.27));
#11802=CARTESIAN_POINT('',(9.93,11.0421972317962,3.67));
#11803=CARTESIAN_POINT('',(10.33,11.9,3.27));
#11804=CARTESIAN_POINT('',(10.785,11.0421972317962,3.67));
#11805=CARTESIAN_POINT('',(10.67,11.9,3.27));
#11806=CARTESIAN_POINT('Origin',(10.13,11.4710986158981,3.385));
#11807=CARTESIAN_POINT('',(9.93,11.0421972317962,2.53));
#11808=CARTESIAN_POINT('',(9.93,11.0421972317962,3.385));
#11809=CARTESIAN_POINT('',(10.33,11.9,2.93));
#11810=CARTESIAN_POINT('',(10.33,11.9,3.385));
#11811=CARTESIAN_POINT('',(10.33,11.9,2.93));
#11812=CARTESIAN_POINT('Origin',(10.215,11.4710986158981,2.73));
#11813=CARTESIAN_POINT('',(10.215,11.0421972317962,2.53));
#11814=CARTESIAN_POINT('',(10.67,11.9,2.93));
#11815=CARTESIAN_POINT('',(10.215,11.9,2.93));
#11816=CARTESIAN_POINT('',(10.67,11.9,2.93));
#11817=CARTESIAN_POINT('Origin',(10.87,11.4710986158981,2.815));
#11818=CARTESIAN_POINT('',(10.67,11.9,2.815));
#11819=CARTESIAN_POINT('Origin',(11.07,12.9,3.67));
#11820=CARTESIAN_POINT('',(9.93,-0.529999999999999,3.67));
#11821=CARTESIAN_POINT('',(9.93,12.9,3.67));
#11822=CARTESIAN_POINT('',(5.535,-0.53,3.67));
#11823=CARTESIAN_POINT('Origin',(10.5,11.9,3.1));
#11824=CARTESIAN_POINT('Origin',(5.535,-0.53,2.53));
#11825=CARTESIAN_POINT('Origin',(9.93,-0.53,2.53));
#11826=CARTESIAN_POINT('Origin',(9.93,12.9,3.67));
#11827=CARTESIAN_POINT('',(9.93000000000001,-0.53,2.53));
#11828=CARTESIAN_POINT('',(9.93,12.9,2.53));
#11829=CARTESIAN_POINT('',(9.93000000000001,-0.53,0.));
#11830=CARTESIAN_POINT('Origin',(9.93000000000001,-0.53,2.53));
#11831=CARTESIAN_POINT('',(9.93000000000001,-0.529999999999999,2.53));
#11832=CARTESIAN_POINT('Origin',(9.93,12.9,2.53));
#11833=CARTESIAN_POINT('Origin',(6.67000000000001,4.525,-3.07109861589809));
#11834=CARTESIAN_POINT('',(6.47000000000001,-1.27,-3.5));
#11835=CARTESIAN_POINT('',(6.47000000000001,-0.93,-3.5));
#11836=CARTESIAN_POINT('',(6.47000000000001,4.525,-3.5));
#11837=CARTESIAN_POINT('',(6.87000000000001,-0.53,-2.64219723179618));
#11838=CARTESIAN_POINT('',(6.47000000000001,-0.93,-3.5));
#11839=CARTESIAN_POINT('',(6.87,-1.67,-2.64219723179618));
#11840=CARTESIAN_POINT('',(6.87,4.525,-2.64219723179618));
#11841=CARTESIAN_POINT('',(6.47000000000001,-1.27,-3.5));
#11842=CARTESIAN_POINT('Origin',(2.86500000000001,-0.73,-3.07109861589809));
#11843=CARTESIAN_POINT('',(6.13000000000001,-0.93,-3.5));
#11844=CARTESIAN_POINT('',(2.86500000000001,-0.93,-3.5));
#11845=CARTESIAN_POINT('',(5.73000000000001,-0.53,-2.64219723179618));
#11846=CARTESIAN_POINT('',(6.13000000000001,-0.93,-3.5));
#11847=CARTESIAN_POINT('',(2.86500000000001,-0.530000000000001,-2.64219723179618));
#11848=CARTESIAN_POINT('Origin',(5.93000000000001,4.525,-3.07109861589809));
#11849=CARTESIAN_POINT('',(6.13000000000001,-1.27,-3.5));
#11850=CARTESIAN_POINT('',(6.13000000000001,4.525,-3.5));
#11851=CARTESIAN_POINT('',(5.73000000000001,-1.67,-2.64219723179618));
#11852=CARTESIAN_POINT('',(6.13000000000001,-1.27,-3.5));
#11853=CARTESIAN_POINT('',(5.73,4.525,-2.64219723179618));
#11854=CARTESIAN_POINT('Origin',(3.88578058618805E-15,-1.47,-3.07109861589809));
#11855=CARTESIAN_POINT('',(3.88578058618805E-15,-1.67,-2.64219723179618));
#11856=CARTESIAN_POINT('',(3.88578058618805E-15,-1.27,-3.5));
#11857=CARTESIAN_POINT('Origin',(1.11022302462516E-15,-1.67,3.1));
#11858=CARTESIAN_POINT('',(6.87,-1.67,2.53));
#11859=CARTESIAN_POINT('',(6.87,-1.67,2.815));
#11860=CARTESIAN_POINT('',(5.73000000000001,-1.67,2.53));
#11861=CARTESIAN_POINT('',(3.435,-1.67,2.53));
#11862=CARTESIAN_POINT('',(5.73000000000001,-1.67,2.53));
#11863=CARTESIAN_POINT('Origin',(6.87,12.9,2.53));
#11864=CARTESIAN_POINT('',(6.87000000000001,-0.53,2.53));
#11865=CARTESIAN_POINT('',(6.87000000000001,-0.53,2.53));
#11866=CARTESIAN_POINT('',(6.87,11.0421972317962,2.53));
#11867=CARTESIAN_POINT('',(6.87,12.9,2.53));
#11868=CARTESIAN_POINT('',(6.87,11.0421972317962,3.67));
#11869=CARTESIAN_POINT('',(6.87,11.0421972317962,2.815));
#11870=CARTESIAN_POINT('',(6.87,-0.529999999999999,3.67));
#11871=CARTESIAN_POINT('',(6.87,12.9,3.67));
#11872=CARTESIAN_POINT('Origin',(6.87,-0.53,2.53));
#11873=CARTESIAN_POINT('Origin',(6.66133814775094E-15,-3.85,-3.5));
#11874=CARTESIAN_POINT('Origin',(6.585,11.4710986158981,3.47));
#11875=CARTESIAN_POINT('',(6.47,11.9,3.27));
#11876=CARTESIAN_POINT('',(6.13,11.9,3.27));
#11877=CARTESIAN_POINT('',(6.585,11.9,3.27));
#11878=CARTESIAN_POINT('',(5.73,11.0421972317962,3.67));
#11879=CARTESIAN_POINT('',(6.13,11.9,3.27));
#11880=CARTESIAN_POINT('',(6.585,11.0421972317962,3.67));
#11881=CARTESIAN_POINT('',(6.47,11.9,3.27));
#11882=CARTESIAN_POINT('Origin',(5.93,11.4710986158981,3.385));
#11883=CARTESIAN_POINT('',(5.73,11.0421972317962,2.53));
#11884=CARTESIAN_POINT('',(5.73,11.0421972317962,3.385));
#11885=CARTESIAN_POINT('',(6.13,11.9,2.93));
#11886=CARTESIAN_POINT('',(6.13,11.9,3.385));
#11887=CARTESIAN_POINT('',(6.13,11.9,2.93));
#11888=CARTESIAN_POINT('Origin',(6.015,11.4710986158981,2.73));
#11889=CARTESIAN_POINT('',(6.015,11.0421972317962,2.53));
#11890=CARTESIAN_POINT('',(6.47,11.9,2.93));
#11891=CARTESIAN_POINT('',(6.015,11.9,2.93));
#11892=CARTESIAN_POINT('',(6.47,11.9,2.93));
#11893=CARTESIAN_POINT('Origin',(6.67,11.4710986158981,2.815));
#11894=CARTESIAN_POINT('',(6.47,11.9,2.815));
#11895=CARTESIAN_POINT('Origin',(6.87,12.9,3.67));
#11896=CARTESIAN_POINT('',(5.73,-0.529999999999999,3.67));
#11897=CARTESIAN_POINT('',(5.73,12.9,3.67));
#11898=CARTESIAN_POINT('',(3.435,-0.53,3.67));
#11899=CARTESIAN_POINT('Origin',(6.3,11.9,3.1));
#11900=CARTESIAN_POINT('Origin',(3.435,-0.53,2.53));
#11901=CARTESIAN_POINT('Origin',(5.73,-0.53,2.53));
#11902=CARTESIAN_POINT('Origin',(5.73,12.9,3.67));
#11903=CARTESIAN_POINT('',(5.73000000000001,-0.53,2.53));
#11904=CARTESIAN_POINT('',(5.73,12.9,2.53));
#11905=CARTESIAN_POINT('',(5.73000000000001,-0.53,0.));
#11906=CARTESIAN_POINT('Origin',(5.73000000000001,-0.53,2.53));
#11907=CARTESIAN_POINT('',(5.73000000000001,-0.529999999999999,2.53));
#11908=CARTESIAN_POINT('Origin',(5.73,12.9,2.53));
#11909=CARTESIAN_POINT('Origin',(-10.13,4.525,-3.07109861589809));
#11910=CARTESIAN_POINT('',(-10.33,-1.27,-3.5));
#11911=CARTESIAN_POINT('',(-10.33,-0.93,-3.5));
#11912=CARTESIAN_POINT('',(-10.33,4.525,-3.5));
#11913=CARTESIAN_POINT('',(-9.93,-0.53,-2.64219723179618));
#11914=CARTESIAN_POINT('',(-10.33,-0.93,-3.5));
#11915=CARTESIAN_POINT('',(-9.93,-1.67,-2.64219723179618));
#11916=CARTESIAN_POINT('',(-9.93,4.525,-2.64219723179618));
#11917=CARTESIAN_POINT('',(-10.33,-1.27,-3.5));
#11918=CARTESIAN_POINT('Origin',(-5.535,-0.73,-3.07109861589809));
#11919=CARTESIAN_POINT('',(-10.67,-0.93,-3.5));
#11920=CARTESIAN_POINT('',(-5.535,-0.929999999999999,-3.5));
#11921=CARTESIAN_POINT('',(-11.07,-0.53,-2.64219723179618));
#11922=CARTESIAN_POINT('',(-10.67,-0.93,-3.5));
#11923=CARTESIAN_POINT('',(-5.535,-0.529999999999999,-2.64219723179618));
#11924=CARTESIAN_POINT('Origin',(-10.87,4.525,-3.07109861589809));
#11925=CARTESIAN_POINT('',(-10.67,-1.27,-3.5));
#11926=CARTESIAN_POINT('',(-10.67,4.525,-3.5));
#11927=CARTESIAN_POINT('',(-11.07,-1.67,-2.64219723179618));
#11928=CARTESIAN_POINT('',(-10.67,-1.27,-3.5));
#11929=CARTESIAN_POINT('',(-11.07,4.525,-2.64219723179618));
#11930=CARTESIAN_POINT('Origin',(3.88578058618805E-15,-1.47,-3.07109861589809));
#11931=CARTESIAN_POINT('',(3.88578058618805E-15,-1.67,-2.64219723179618));
#11932=CARTESIAN_POINT('',(3.88578058618805E-15,-1.27,-3.5));
#11933=CARTESIAN_POINT('Origin',(1.11022302462516E-15,-1.67,3.1));
#11934=CARTESIAN_POINT('',(-9.93,-1.67,2.53));
#11935=CARTESIAN_POINT('',(-9.93,-1.67,2.815));
#11936=CARTESIAN_POINT('',(-11.07,-1.67,2.53));
#11937=CARTESIAN_POINT('',(-4.965,-1.67,2.53));
#11938=CARTESIAN_POINT('',(-11.07,-1.67,2.53));
#11939=CARTESIAN_POINT('Origin',(-9.93,12.9,2.53));
#11940=CARTESIAN_POINT('',(-9.93,-0.53,2.53));
#11941=CARTESIAN_POINT('',(-9.93,-0.53,2.53));
#11942=CARTESIAN_POINT('',(-9.93,11.0421972317962,2.53));
#11943=CARTESIAN_POINT('',(-9.93,12.9,2.53));
#11944=CARTESIAN_POINT('',(-9.93,11.0421972317962,3.67));
#11945=CARTESIAN_POINT('',(-9.93,11.0421972317962,2.815));
#11946=CARTESIAN_POINT('',(-9.93,-0.529999999999999,3.67));
#11947=CARTESIAN_POINT('',(-9.93,12.9,3.67));
#11948=CARTESIAN_POINT('Origin',(-9.93,-0.53,2.53));
#11949=CARTESIAN_POINT('Origin',(6.66133814775094E-15,-3.85,-3.5));
#11950=CARTESIAN_POINT('Origin',(-10.215,11.4710986158981,3.47));
#11951=CARTESIAN_POINT('',(-10.33,11.9,3.27));
#11952=CARTESIAN_POINT('',(-10.67,11.9,3.27));
#11953=CARTESIAN_POINT('',(-10.215,11.9,3.27));
#11954=CARTESIAN_POINT('',(-11.07,11.0421972317962,3.67));
#11955=CARTESIAN_POINT('',(-10.67,11.9,3.27));
#11956=CARTESIAN_POINT('',(-10.215,11.0421972317962,3.67));
#11957=CARTESIAN_POINT('',(-10.33,11.9,3.27));
#11958=CARTESIAN_POINT('Origin',(-10.87,11.4710986158981,3.385));
#11959=CARTESIAN_POINT('',(-11.07,11.0421972317962,2.53));
#11960=CARTESIAN_POINT('',(-11.07,11.0421972317962,3.385));
#11961=CARTESIAN_POINT('',(-10.67,11.9,2.93));
#11962=CARTESIAN_POINT('',(-10.67,11.9,3.385));
#11963=CARTESIAN_POINT('',(-10.67,11.9,2.93));
#11964=CARTESIAN_POINT('Origin',(-10.785,11.4710986158981,2.73));
#11965=CARTESIAN_POINT('',(-10.785,11.0421972317962,2.53));
#11966=CARTESIAN_POINT('',(-10.33,11.9,2.93));
#11967=CARTESIAN_POINT('',(-10.785,11.9,2.93));
#11968=CARTESIAN_POINT('',(-10.33,11.9,2.93));
#11969=CARTESIAN_POINT('Origin',(-10.13,11.4710986158981,2.815));
#11970=CARTESIAN_POINT('',(-10.33,11.9,2.815));
#11971=CARTESIAN_POINT('Origin',(-9.93,12.9,3.67));
#11972=CARTESIAN_POINT('',(-11.07,-0.529999999999999,3.67));
#11973=CARTESIAN_POINT('',(-11.07,12.9,3.67));
#11974=CARTESIAN_POINT('',(-4.965,-0.53,3.67));
#11975=CARTESIAN_POINT('Origin',(-10.5,11.9,3.1));
#11976=CARTESIAN_POINT('Origin',(-4.965,-0.53,2.53));
#11977=CARTESIAN_POINT('Origin',(-11.07,-0.53,2.53));
#11978=CARTESIAN_POINT('Origin',(-11.07,12.9,3.67));
#11979=CARTESIAN_POINT('',(-11.07,-0.53,2.53));
#11980=CARTESIAN_POINT('',(-11.07,12.9,2.53));
#11981=CARTESIAN_POINT('',(-11.07,-0.53,0.));
#11982=CARTESIAN_POINT('Origin',(-11.07,-0.53,2.53));
#11983=CARTESIAN_POINT('',(-11.07,-0.529999999999999,2.53));
#11984=CARTESIAN_POINT('Origin',(-11.07,12.9,2.53));
#11985=CARTESIAN_POINT('Origin',(-1.73,4.525,-3.07109861589809));
#11986=CARTESIAN_POINT('',(-1.92999999999999,-1.27,-3.5));
#11987=CARTESIAN_POINT('',(-1.92999999999999,-0.93,-3.5));
#11988=CARTESIAN_POINT('',(-1.92999999999999,4.525,-3.5));
#11989=CARTESIAN_POINT('',(-1.52999999999999,-0.53,-2.64219723179618));
#11990=CARTESIAN_POINT('',(-1.92999999999999,-0.93,-3.5));
#11991=CARTESIAN_POINT('',(-1.53,-1.67,-2.64219723179618));
#11992=CARTESIAN_POINT('',(-1.53,4.525,-2.64219723179618));
#11993=CARTESIAN_POINT('',(-1.92999999999999,-1.27,-3.5));
#11994=CARTESIAN_POINT('Origin',(-1.33499999999999,-0.73,-3.07109861589809));
#11995=CARTESIAN_POINT('',(-2.26999999999999,-0.929999999999999,-3.5));
#11996=CARTESIAN_POINT('',(-1.33499999999999,-0.929999999999999,-3.5));
#11997=CARTESIAN_POINT('',(-2.66999999999999,-0.53,-2.64219723179618));
#11998=CARTESIAN_POINT('',(-2.26999999999999,-0.929999999999999,-3.5));
#11999=CARTESIAN_POINT('',(-1.33499999999999,-0.53,-2.64219723179618));
#12000=CARTESIAN_POINT('Origin',(-2.47,4.525,-3.07109861589809));
#12001=CARTESIAN_POINT('',(-2.26999999999999,-1.27,-3.5));
#12002=CARTESIAN_POINT('',(-2.26999999999999,4.525,-3.5));
#12003=CARTESIAN_POINT('',(-2.66999999999999,-1.67,-2.64219723179618));
#12004=CARTESIAN_POINT('',(-2.26999999999999,-1.27,-3.5));
#12005=CARTESIAN_POINT('',(-2.67,4.525,-2.64219723179618));
#12006=CARTESIAN_POINT('Origin',(3.88578058618805E-15,-1.47,-3.07109861589809));
#12007=CARTESIAN_POINT('',(3.88578058618805E-15,-1.67,-2.64219723179618));
#12008=CARTESIAN_POINT('',(3.88578058618805E-15,-1.27,-3.5));
#12009=CARTESIAN_POINT('Origin',(1.11022302462516E-15,-1.67,3.1));
#12010=CARTESIAN_POINT('',(-1.53,-1.67,2.53));
#12011=CARTESIAN_POINT('',(-1.53,-1.67,2.815));
#12012=CARTESIAN_POINT('',(-2.66999999999999,-1.67,2.53));
#12013=CARTESIAN_POINT('',(-0.764999999999999,-1.67,2.53));
#12014=CARTESIAN_POINT('',(-2.66999999999999,-1.67,2.53));
#12015=CARTESIAN_POINT('Origin',(-1.53,12.9,2.53));
#12016=CARTESIAN_POINT('',(-1.52999999999999,-0.53,2.53));
#12017=CARTESIAN_POINT('',(-1.52999999999999,-0.53,2.53));
#12018=CARTESIAN_POINT('',(-1.53,11.0421972317962,2.53));
#12019=CARTESIAN_POINT('',(-1.53,12.9,2.53));
#12020=CARTESIAN_POINT('',(-1.53,11.0421972317962,3.67));
#12021=CARTESIAN_POINT('',(-1.53,11.0421972317962,2.815));
#12022=CARTESIAN_POINT('',(-1.53,-0.529999999999999,3.67));
#12023=CARTESIAN_POINT('',(-1.53,12.9,3.67));
#12024=CARTESIAN_POINT('Origin',(-1.53,-0.53,2.53));
#12025=CARTESIAN_POINT('Origin',(6.66133814775094E-15,-3.85,-3.5));
#12026=CARTESIAN_POINT('Origin',(-1.815,11.4710986158981,3.47));
#12027=CARTESIAN_POINT('',(-1.93,11.9,3.27));
#12028=CARTESIAN_POINT('',(-2.27,11.9,3.27));
#12029=CARTESIAN_POINT('',(-1.815,11.9,3.27));
#12030=CARTESIAN_POINT('',(-2.67,11.0421972317962,3.67));
#12031=CARTESIAN_POINT('',(-2.27,11.9,3.27));
#12032=CARTESIAN_POINT('',(-1.815,11.0421972317962,3.67));
#12033=CARTESIAN_POINT('',(-1.93,11.9,3.27));
#12034=CARTESIAN_POINT('Origin',(-2.47,11.4710986158981,3.385));
#12035=CARTESIAN_POINT('',(-2.67,11.0421972317962,2.53));
#12036=CARTESIAN_POINT('',(-2.67,11.0421972317962,3.385));
#12037=CARTESIAN_POINT('',(-2.27,11.9,2.93));
#12038=CARTESIAN_POINT('',(-2.27,11.9,3.385));
#12039=CARTESIAN_POINT('',(-2.27,11.9,2.93));
#12040=CARTESIAN_POINT('Origin',(-2.385,11.4710986158981,2.73));
#12041=CARTESIAN_POINT('',(-2.385,11.0421972317962,2.53));
#12042=CARTESIAN_POINT('',(-1.93,11.9,2.93));
#12043=CARTESIAN_POINT('',(-2.385,11.9,2.93));
#12044=CARTESIAN_POINT('',(-1.93,11.9,2.93));
#12045=CARTESIAN_POINT('Origin',(-1.73,11.4710986158981,2.815));
#12046=CARTESIAN_POINT('',(-1.93,11.9,2.815));
#12047=CARTESIAN_POINT('Origin',(-1.53,12.9,3.67));
#12048=CARTESIAN_POINT('',(-2.67,-0.529999999999999,3.67));
#12049=CARTESIAN_POINT('',(-2.67,12.9,3.67));
#12050=CARTESIAN_POINT('',(-0.764999999999999,-0.53,3.67));
#12051=CARTESIAN_POINT('Origin',(-2.1,11.9,3.1));
#12052=CARTESIAN_POINT('Origin',(-0.764999999999999,-0.53,2.53));
#12053=CARTESIAN_POINT('Origin',(-2.67,-0.53,2.53));
#12054=CARTESIAN_POINT('Origin',(-2.67,12.9,3.67));
#12055=CARTESIAN_POINT('',(-2.66999999999999,-0.53,2.53));
#12056=CARTESIAN_POINT('',(-2.67,12.9,2.53));
#12057=CARTESIAN_POINT('',(-2.66999999999999,-0.53,0.));
#12058=CARTESIAN_POINT('Origin',(-2.66999999999999,-0.53,2.53));
#12059=CARTESIAN_POINT('',(-2.67,-0.529999999999999,2.53));
#12060=CARTESIAN_POINT('Origin',(-2.67,12.9,2.53));
#12061=CARTESIAN_POINT('Origin',(15.07,4.525,-3.07109861589809));
#12062=CARTESIAN_POINT('',(14.87,-1.27,-3.5));
#12063=CARTESIAN_POINT('',(14.87,-0.93,-3.5));
#12064=CARTESIAN_POINT('',(14.87,4.525,-3.5));
#12065=CARTESIAN_POINT('',(15.27,-0.53,-2.64219723179618));
#12066=CARTESIAN_POINT('',(14.87,-0.93,-3.5));
#12067=CARTESIAN_POINT('',(15.27,-1.67,-2.64219723179618));
#12068=CARTESIAN_POINT('',(15.27,4.525,-2.64219723179618));
#12069=CARTESIAN_POINT('',(14.87,-1.27,-3.5));
#12070=CARTESIAN_POINT('Origin',(7.06500000000001,-0.730000000000001,-3.07109861589809));
#12071=CARTESIAN_POINT('',(14.53,-0.93,-3.5));
#12072=CARTESIAN_POINT('',(7.06500000000001,-0.930000000000001,-3.5));
#12073=CARTESIAN_POINT('',(14.13,-0.53,-2.64219723179618));
#12074=CARTESIAN_POINT('',(14.53,-0.93,-3.5));
#12075=CARTESIAN_POINT('',(7.06500000000001,-0.530000000000001,-2.64219723179618));
#12076=CARTESIAN_POINT('Origin',(14.33,4.525,-3.07109861589809));
#12077=CARTESIAN_POINT('',(14.53,-1.27,-3.5));
#12078=CARTESIAN_POINT('',(14.53,4.525,-3.5));
#12079=CARTESIAN_POINT('',(14.13,-1.67,-2.64219723179618));
#12080=CARTESIAN_POINT('',(14.53,-1.27,-3.5));
#12081=CARTESIAN_POINT('',(14.13,4.525,-2.64219723179618));
#12082=CARTESIAN_POINT('Origin',(3.88578058618805E-15,-1.47,-3.07109861589809));
#12083=CARTESIAN_POINT('',(3.88578058618805E-15,-1.67,-2.64219723179618));
#12084=CARTESIAN_POINT('',(3.88578058618805E-15,-1.27,-3.5));
#12085=CARTESIAN_POINT('Origin',(1.11022302462516E-15,-1.67,3.1));
#12086=CARTESIAN_POINT('',(15.27,-1.67,2.53));
#12087=CARTESIAN_POINT('',(15.27,-1.67,2.815));
#12088=CARTESIAN_POINT('',(14.13,-1.67,2.53));
#12089=CARTESIAN_POINT('',(7.635,-1.67,2.53));
#12090=CARTESIAN_POINT('',(14.13,-1.67,2.53));
#12091=CARTESIAN_POINT('Origin',(15.27,12.9,2.53));
#12092=CARTESIAN_POINT('',(15.27,-0.53,2.53));
#12093=CARTESIAN_POINT('',(15.27,-0.53,2.53));
#12094=CARTESIAN_POINT('',(15.27,11.0421972317962,2.53));
#12095=CARTESIAN_POINT('',(15.27,12.9,2.53));
#12096=CARTESIAN_POINT('',(15.27,11.0421972317962,3.67));
#12097=CARTESIAN_POINT('',(15.27,11.0421972317962,2.815));
#12098=CARTESIAN_POINT('',(15.27,-0.529999999999999,3.67));
#12099=CARTESIAN_POINT('',(15.27,12.9,3.67));
#12100=CARTESIAN_POINT('Origin',(15.27,-0.53,2.53));
#12101=CARTESIAN_POINT('Origin',(6.66133814775094E-15,-3.85,-3.5));
#12102=CARTESIAN_POINT('Origin',(14.985,11.4710986158981,3.47));
#12103=CARTESIAN_POINT('',(14.87,11.9,3.27));
#12104=CARTESIAN_POINT('',(14.53,11.9,3.27));
#12105=CARTESIAN_POINT('',(14.985,11.9,3.27));
#12106=CARTESIAN_POINT('',(14.13,11.0421972317962,3.67));
#12107=CARTESIAN_POINT('',(14.53,11.9,3.27));
#12108=CARTESIAN_POINT('',(14.985,11.0421972317962,3.67));
#12109=CARTESIAN_POINT('',(14.87,11.9,3.27));
#12110=CARTESIAN_POINT('Origin',(14.33,11.4710986158981,3.385));
#12111=CARTESIAN_POINT('',(14.13,11.0421972317962,2.53));
#12112=CARTESIAN_POINT('',(14.13,11.0421972317962,3.385));
#12113=CARTESIAN_POINT('',(14.53,11.9,2.93));
#12114=CARTESIAN_POINT('',(14.53,11.9,3.385));
#12115=CARTESIAN_POINT('',(14.53,11.9,2.93));
#12116=CARTESIAN_POINT('Origin',(14.415,11.4710986158981,2.73));
#12117=CARTESIAN_POINT('',(14.415,11.0421972317962,2.53));
#12118=CARTESIAN_POINT('',(14.87,11.9,2.93));
#12119=CARTESIAN_POINT('',(14.415,11.9,2.93));
#12120=CARTESIAN_POINT('',(14.87,11.9,2.93));
#12121=CARTESIAN_POINT('Origin',(15.07,11.4710986158981,2.815));
#12122=CARTESIAN_POINT('',(14.87,11.9,2.815));
#12123=CARTESIAN_POINT('Origin',(15.27,12.9,3.67));
#12124=CARTESIAN_POINT('',(14.13,-0.529999999999999,3.67));
#12125=CARTESIAN_POINT('',(14.13,12.9,3.67));
#12126=CARTESIAN_POINT('',(7.635,-0.53,3.67));
#12127=CARTESIAN_POINT('Origin',(14.7,11.9,3.1));
#12128=CARTESIAN_POINT('Origin',(7.635,-0.53,2.53));
#12129=CARTESIAN_POINT('Origin',(14.13,-0.53,2.53));
#12130=CARTESIAN_POINT('Origin',(14.13,12.9,3.67));
#12131=CARTESIAN_POINT('',(14.13,-0.53,2.53));
#12132=CARTESIAN_POINT('',(14.13,12.9,2.53));
#12133=CARTESIAN_POINT('',(14.13,-0.53,0.));
#12134=CARTESIAN_POINT('Origin',(14.13,-0.53,2.53));
#12135=CARTESIAN_POINT('',(14.13,-0.529999999999999,2.53));
#12136=CARTESIAN_POINT('Origin',(14.13,12.9,2.53));
#12137=CARTESIAN_POINT('Origin',(2.47000000000001,4.525,-3.07109861589809));
#12138=CARTESIAN_POINT('',(2.27000000000001,-1.27,-3.5));
#12139=CARTESIAN_POINT('',(2.27000000000001,-0.93,-3.5));
#12140=CARTESIAN_POINT('',(2.27000000000001,4.525,-3.5));
#12141=CARTESIAN_POINT('',(2.67000000000001,-0.53,-2.64219723179618));
#12142=CARTESIAN_POINT('',(2.27000000000001,-0.93,-3.5));
#12143=CARTESIAN_POINT('',(2.67,-1.67,-2.64219723179618));
#12144=CARTESIAN_POINT('',(2.67,4.525,-2.64219723179618));
#12145=CARTESIAN_POINT('',(2.27000000000001,-1.27,-3.5));
#12146=CARTESIAN_POINT('Origin',(0.765000000000007,-0.73,-3.07109861589809));
#12147=CARTESIAN_POINT('',(1.93000000000001,-0.93,-3.5));
#12148=CARTESIAN_POINT('',(0.765000000000007,-0.93,-3.5));
#12149=CARTESIAN_POINT('',(1.53000000000001,-0.53,-2.64219723179618));
#12150=CARTESIAN_POINT('',(1.93000000000001,-0.93,-3.5));
#12151=CARTESIAN_POINT('',(0.765000000000007,-0.53,-2.64219723179618));
#12152=CARTESIAN_POINT('Origin',(1.73,4.525,-3.07109861589809));
#12153=CARTESIAN_POINT('',(1.93000000000001,-1.27,-3.5));
#12154=CARTESIAN_POINT('',(1.93000000000001,4.525,-3.5));
#12155=CARTESIAN_POINT('',(1.53000000000001,-1.67,-2.64219723179618));
#12156=CARTESIAN_POINT('',(1.93000000000001,-1.27,-3.5));
#12157=CARTESIAN_POINT('',(1.53,4.525,-2.64219723179618));
#12158=CARTESIAN_POINT('Origin',(3.88578058618805E-15,-1.47,-3.07109861589809));
#12159=CARTESIAN_POINT('',(3.88578058618805E-15,-1.67,-2.64219723179618));
#12160=CARTESIAN_POINT('',(3.88578058618805E-15,-1.27,-3.5));
#12161=CARTESIAN_POINT('Origin',(1.11022302462516E-15,-1.67,3.1));
#12162=CARTESIAN_POINT('',(2.67,-1.67,2.53));
#12163=CARTESIAN_POINT('',(2.67,-1.67,2.815));
#12164=CARTESIAN_POINT('',(1.53000000000001,-1.67,2.53));
#12165=CARTESIAN_POINT('',(1.335,-1.67,2.53));
#12166=CARTESIAN_POINT('',(1.53000000000001,-1.67,2.53));
#12167=CARTESIAN_POINT('Origin',(2.67,12.9,2.53));
#12168=CARTESIAN_POINT('',(2.67000000000001,-0.53,2.53));
#12169=CARTESIAN_POINT('',(2.67000000000001,-0.53,2.53));
#12170=CARTESIAN_POINT('',(2.67,11.0421972317962,2.53));
#12171=CARTESIAN_POINT('',(2.67,12.9,2.53));
#12172=CARTESIAN_POINT('',(2.67,11.0421972317962,3.67));
#12173=CARTESIAN_POINT('',(2.67,11.0421972317962,2.815));
#12174=CARTESIAN_POINT('',(2.67,-0.529999999999999,3.67));
#12175=CARTESIAN_POINT('',(2.67,12.9,3.67));
#12176=CARTESIAN_POINT('Origin',(2.67,-0.53,2.53));
#12177=CARTESIAN_POINT('Origin',(6.66133814775094E-15,-3.85,-3.5));
#12178=CARTESIAN_POINT('Origin',(2.385,11.4710986158981,3.47));
#12179=CARTESIAN_POINT('',(2.27,11.9,3.27));
#12180=CARTESIAN_POINT('',(1.93,11.9,3.27));
#12181=CARTESIAN_POINT('',(2.385,11.9,3.27));
#12182=CARTESIAN_POINT('',(1.53,11.0421972317962,3.67));
#12183=CARTESIAN_POINT('',(1.93,11.9,3.27));
#12184=CARTESIAN_POINT('',(2.385,11.0421972317962,3.67));
#12185=CARTESIAN_POINT('',(2.27,11.9,3.27));
#12186=CARTESIAN_POINT('Origin',(1.73,11.4710986158981,3.385));
#12187=CARTESIAN_POINT('',(1.53,11.0421972317962,2.53));
#12188=CARTESIAN_POINT('',(1.53,11.0421972317962,3.385));
#12189=CARTESIAN_POINT('',(1.93,11.9,2.93));
#12190=CARTESIAN_POINT('',(1.93,11.9,3.385));
#12191=CARTESIAN_POINT('',(1.93,11.9,2.93));
#12192=CARTESIAN_POINT('Origin',(1.815,11.4710986158981,2.73));
#12193=CARTESIAN_POINT('',(1.815,11.0421972317962,2.53));
#12194=CARTESIAN_POINT('',(2.27,11.9,2.93));
#12195=CARTESIAN_POINT('',(1.815,11.9,2.93));
#12196=CARTESIAN_POINT('',(2.27,11.9,2.93));
#12197=CARTESIAN_POINT('Origin',(2.47,11.4710986158981,2.815));
#12198=CARTESIAN_POINT('',(2.27,11.9,2.815));
#12199=CARTESIAN_POINT('Origin',(2.67,12.9,3.67));
#12200=CARTESIAN_POINT('',(1.53,-0.529999999999999,3.67));
#12201=CARTESIAN_POINT('',(1.53,12.9,3.67));
#12202=CARTESIAN_POINT('',(1.335,-0.53,3.67));
#12203=CARTESIAN_POINT('Origin',(2.1,11.9,3.1));
#12204=CARTESIAN_POINT('Origin',(1.335,-0.53,2.53));
#12205=CARTESIAN_POINT('Origin',(1.53,-0.53,2.53));
#12206=CARTESIAN_POINT('Origin',(1.53,12.9,3.67));
#12207=CARTESIAN_POINT('',(1.53000000000001,-0.53,2.53));
#12208=CARTESIAN_POINT('',(1.53,12.9,2.53));
#12209=CARTESIAN_POINT('',(1.53000000000001,-0.53,0.));
#12210=CARTESIAN_POINT('Origin',(1.53000000000001,-0.53,2.53));
#12211=CARTESIAN_POINT('',(1.53,-0.529999999999999,2.53));
#12212=CARTESIAN_POINT('Origin',(1.53,12.9,2.53));
#12213=CARTESIAN_POINT('Origin',(-14.33,4.525,-3.07109861589809));
#12214=CARTESIAN_POINT('',(-14.53,-1.27,-3.5));
#12215=CARTESIAN_POINT('',(-14.53,-0.93,-3.5));
#12216=CARTESIAN_POINT('',(-14.53,4.525,-3.5));
#12217=CARTESIAN_POINT('',(-14.13,-0.53,-2.64219723179618));
#12218=CARTESIAN_POINT('',(-14.53,-0.93,-3.5));
#12219=CARTESIAN_POINT('',(-14.13,-1.67,-2.64219723179618));
#12220=CARTESIAN_POINT('',(-14.13,4.525,-2.64219723179618));
#12221=CARTESIAN_POINT('',(-14.53,-1.27,-3.5));
#12222=CARTESIAN_POINT('Origin',(-7.635,-0.729999999999999,-3.07109861589809));
#12223=CARTESIAN_POINT('',(-14.87,-0.93,-3.5));
#12224=CARTESIAN_POINT('',(-7.635,-0.929999999999999,-3.5));
#12225=CARTESIAN_POINT('',(-15.27,-0.53,-2.64219723179618));
#12226=CARTESIAN_POINT('',(-14.87,-0.93,-3.5));
#12227=CARTESIAN_POINT('',(-7.635,-0.529999999999999,-2.64219723179618));
#12228=CARTESIAN_POINT('Origin',(-15.07,4.525,-3.07109861589809));
#12229=CARTESIAN_POINT('',(-14.87,-1.27,-3.5));
#12230=CARTESIAN_POINT('',(-14.87,4.525,-3.5));
#12231=CARTESIAN_POINT('',(-15.27,-1.67,-2.64219723179618));
#12232=CARTESIAN_POINT('',(-14.87,-1.27,-3.5));
#12233=CARTESIAN_POINT('',(-15.27,4.525,-2.64219723179618));
#12234=CARTESIAN_POINT('Origin',(3.88578058618805E-15,-1.47,-3.07109861589809));
#12235=CARTESIAN_POINT('',(3.88578058618805E-15,-1.67,-2.64219723179618));
#12236=CARTESIAN_POINT('',(3.88578058618805E-15,-1.27,-3.5));
#12237=CARTESIAN_POINT('Origin',(1.11022302462516E-15,-1.67,3.1));
#12238=CARTESIAN_POINT('',(-14.13,-1.67,2.53));
#12239=CARTESIAN_POINT('',(-14.13,-1.67,2.815));
#12240=CARTESIAN_POINT('',(-15.27,-1.67,2.53));
#12241=CARTESIAN_POINT('',(-7.065,-1.67,2.53));
#12242=CARTESIAN_POINT('',(-15.27,-1.67,2.53));
#12243=CARTESIAN_POINT('Origin',(-14.13,12.9,2.53));
#12244=CARTESIAN_POINT('',(-14.13,-0.53,2.53));
#12245=CARTESIAN_POINT('',(-14.13,-0.53,2.53));
#12246=CARTESIAN_POINT('',(-14.13,11.0421972317962,2.53));
#12247=CARTESIAN_POINT('',(-14.13,12.9,2.53));
#12248=CARTESIAN_POINT('',(-14.13,11.0421972317962,3.67));
#12249=CARTESIAN_POINT('',(-14.13,11.0421972317962,2.815));
#12250=CARTESIAN_POINT('',(-14.13,-0.529999999999999,3.67));
#12251=CARTESIAN_POINT('',(-14.13,12.9,3.67));
#12252=CARTESIAN_POINT('Origin',(-14.13,-0.53,2.53));
#12253=CARTESIAN_POINT('Origin',(6.66133814775094E-15,-3.85,-3.5));
#12254=CARTESIAN_POINT('Origin',(-14.415,11.4710986158981,3.47));
#12255=CARTESIAN_POINT('',(-14.53,11.9,3.27));
#12256=CARTESIAN_POINT('',(-14.87,11.9,3.27));
#12257=CARTESIAN_POINT('',(-14.415,11.9,3.27));
#12258=CARTESIAN_POINT('',(-15.27,11.0421972317962,3.67));
#12259=CARTESIAN_POINT('',(-14.87,11.9,3.27));
#12260=CARTESIAN_POINT('',(-14.415,11.0421972317962,3.67));
#12261=CARTESIAN_POINT('',(-14.53,11.9,3.27));
#12262=CARTESIAN_POINT('Origin',(-15.07,11.4710986158981,3.385));
#12263=CARTESIAN_POINT('',(-15.27,11.0421972317962,2.53));
#12264=CARTESIAN_POINT('',(-15.27,11.0421972317962,3.385));
#12265=CARTESIAN_POINT('',(-14.87,11.9,2.93));
#12266=CARTESIAN_POINT('',(-14.87,11.9,3.385));
#12267=CARTESIAN_POINT('',(-14.87,11.9,2.93));
#12268=CARTESIAN_POINT('Origin',(-14.985,11.4710986158981,2.73));
#12269=CARTESIAN_POINT('',(-14.985,11.0421972317962,2.53));
#12270=CARTESIAN_POINT('',(-14.53,11.9,2.93));
#12271=CARTESIAN_POINT('',(-14.985,11.9,2.93));
#12272=CARTESIAN_POINT('',(-14.53,11.9,2.93));
#12273=CARTESIAN_POINT('Origin',(-14.33,11.4710986158981,2.815));
#12274=CARTESIAN_POINT('',(-14.53,11.9,2.815));
#12275=CARTESIAN_POINT('Origin',(-14.13,12.9,3.67));
#12276=CARTESIAN_POINT('',(-15.27,-0.529999999999999,3.67));
#12277=CARTESIAN_POINT('',(-15.27,12.9,3.67));
#12278=CARTESIAN_POINT('',(-7.065,-0.53,3.67));
#12279=CARTESIAN_POINT('Origin',(-14.7,11.9,3.1));
#12280=CARTESIAN_POINT('Origin',(-7.065,-0.53,2.53));
#12281=CARTESIAN_POINT('Origin',(-15.27,-0.53,2.53));
#12282=CARTESIAN_POINT('Origin',(-15.27,12.9,3.67));
#12283=CARTESIAN_POINT('',(-15.27,-0.53,2.53));
#12284=CARTESIAN_POINT('',(-15.27,12.9,2.53));
#12285=CARTESIAN_POINT('',(-15.27,-0.53,0.));
#12286=CARTESIAN_POINT('Origin',(-15.27,-0.53,2.53));
#12287=CARTESIAN_POINT('',(-15.27,-0.529999999999999,2.53));
#12288=CARTESIAN_POINT('Origin',(-15.27,12.9,2.53));
#12289=CARTESIAN_POINT('Origin',(-2.865,-4.89,5.59));
#12290=CARTESIAN_POINT('',(-5.72999999999999,-7.17,5.59));
#12291=CARTESIAN_POINT('',(-5.73,-4.89,7.87));
#12292=CARTESIAN_POINT('Origin',(-5.73,-4.89,5.59));
#12293=CARTESIAN_POINT('',(-6.87,-4.89,7.87));
#12294=CARTESIAN_POINT('',(-2.865,-4.89,7.87));
#12295=CARTESIAN_POINT('',(-6.87,-7.17,5.59));
#12296=CARTESIAN_POINT('Origin',(-6.87,-4.89,5.59));
#12297=CARTESIAN_POINT('',(-2.865,-7.17,5.59));
#12298=CARTESIAN_POINT('Origin',(-5.73,12.9,6.73));
#12299=CARTESIAN_POINT('',(-5.72999999999999,-7.17,-2.64219723179618));
#12300=CARTESIAN_POINT('',(-5.72999999999999,-7.17,2.53));
#12301=CARTESIAN_POINT('',(-5.72999999999999,-6.03,-2.64219723179618));
#12302=CARTESIAN_POINT('',(-5.73,4.525,-2.64219723179618));
#12303=CARTESIAN_POINT('',(-5.72999999999999,-6.03,5.59));
#12304=CARTESIAN_POINT('',(-5.72999999999999,-6.03,2.53));
#12305=CARTESIAN_POINT('',(-5.73,-4.89,6.73));
#12306=CARTESIAN_POINT('Origin',(-5.73,-4.89,5.59));
#12307=CARTESIAN_POINT('',(-5.73,11.0421972317962,6.73));
#12308=CARTESIAN_POINT('',(-5.73,12.9,6.73));
#12309=CARTESIAN_POINT('',(-5.73,11.0421972317962,7.87));
#12310=CARTESIAN_POINT('',(-5.73,11.0421972317962,7.015));
#12311=CARTESIAN_POINT('',(-5.73,12.9,7.87));
#12312=CARTESIAN_POINT('Origin',(1.11022302462516E-15,-7.17,7.3));
#12313=CARTESIAN_POINT('',(-6.87,-7.17,-2.64219723179618));
#12314=CARTESIAN_POINT('',(-6.87,-7.17,2.53));
#12315=CARTESIAN_POINT('',(3.88578058618805E-15,-7.17,-2.64219723179618));
#12316=CARTESIAN_POINT('Origin',(-6.3,-4.89,5.59));
#12317=CARTESIAN_POINT('',(-6.87,-6.03,5.59));
#12318=CARTESIAN_POINT('',(-6.3,-6.03,5.59));
#12319=CARTESIAN_POINT('',(-6.87,-4.89,6.73));
#12320=CARTESIAN_POINT('Origin',(-6.87,-4.89,5.59));
#12321=CARTESIAN_POINT('',(-6.3,-4.89,6.73));
#12322=CARTESIAN_POINT('Origin',(-5.72999999999999,-6.03,2.53));
#12323=CARTESIAN_POINT('',(-6.87,-6.03,-2.64219723179618));
#12324=CARTESIAN_POINT('',(-2.86499999999999,-6.03,-2.64219723179618));
#12325=CARTESIAN_POINT('',(-6.87,-6.03,0.));
#12326=CARTESIAN_POINT('Origin',(-5.93,4.525,-3.07109861589809));
#12327=CARTESIAN_POINT('',(-6.12999999999999,-6.77,-3.5));
#12328=CARTESIAN_POINT('',(-6.12999999999999,-6.43,-3.5));
#12329=CARTESIAN_POINT('',(-6.12999999999999,4.525,-3.5));
#12330=CARTESIAN_POINT('',(-6.12999999999999,-6.43,-3.5));
#12331=CARTESIAN_POINT('',(-6.12999999999999,-6.77,-3.5));
#12332=CARTESIAN_POINT('Origin',(-2.86499999999999,-6.23,-3.07109861589809));
#12333=CARTESIAN_POINT('',(-6.47,-6.43,-3.5));
#12334=CARTESIAN_POINT('',(-2.86499999999999,-6.43,-3.5));
#12335=CARTESIAN_POINT('',(-6.47,-6.43,-3.5));
#12336=CARTESIAN_POINT('Origin',(-6.67,4.525,-3.07109861589809));
#12337=CARTESIAN_POINT('',(-6.47,-6.77,-3.5));
#12338=CARTESIAN_POINT('',(-6.47,4.525,-3.5));
#12339=CARTESIAN_POINT('',(-6.47,-6.77,-3.5));
#12340=CARTESIAN_POINT('',(-6.87,4.525,-2.64219723179618));
#12341=CARTESIAN_POINT('Origin',(3.88578058618805E-15,-6.97,-3.07109861589809));
#12342=CARTESIAN_POINT('',(3.88578058618805E-15,-6.77,-3.5));
#12343=CARTESIAN_POINT('Origin',(6.66133814775094E-15,-3.85,-3.5));
#12344=CARTESIAN_POINT('Origin',(-6.015,11.4710986158981,7.67));
#12345=CARTESIAN_POINT('',(-6.13,11.9,7.47));
#12346=CARTESIAN_POINT('',(-6.47,11.9,7.47));
#12347=CARTESIAN_POINT('',(-6.015,11.9,7.47));
#12348=CARTESIAN_POINT('',(-6.87,11.0421972317962,7.87));
#12349=CARTESIAN_POINT('',(-6.47,11.9,7.47));
#12350=CARTESIAN_POINT('',(-6.015,11.0421972317962,7.87));
#12351=CARTESIAN_POINT('',(-6.13,11.9,7.47));
#12352=CARTESIAN_POINT('Origin',(-6.67,11.4710986158981,7.585));
#12353=CARTESIAN_POINT('',(-6.87,11.0421972317962,6.73));
#12354=CARTESIAN_POINT('',(-6.87,11.0421972317962,7.585));
#12355=CARTESIAN_POINT('',(-6.47,11.9,7.13));
#12356=CARTESIAN_POINT('',(-6.47,11.9,7.585));
#12357=CARTESIAN_POINT('',(-6.47,11.9,7.13));
#12358=CARTESIAN_POINT('Origin',(-6.585,11.4710986158981,6.93));
#12359=CARTESIAN_POINT('',(-6.585,11.0421972317962,6.73));
#12360=CARTESIAN_POINT('',(-6.13,11.9,7.13));
#12361=CARTESIAN_POINT('',(-6.585,11.9,7.13));
#12362=CARTESIAN_POINT('',(-6.13,11.9,7.13));
#12363=CARTESIAN_POINT('Origin',(-5.93,11.4710986158981,7.015));
#12364=CARTESIAN_POINT('',(-6.13,11.9,7.015));
#12365=CARTESIAN_POINT('Origin',(-5.73,12.9,7.87));
#12366=CARTESIAN_POINT('',(-6.87,12.9,7.87));
#12367=CARTESIAN_POINT('Origin',(-6.3,11.9,7.3));
#12368=CARTESIAN_POINT('Origin',(-6.87,12.9,7.87));
#12369=CARTESIAN_POINT('',(-6.87,12.9,6.73));
#12370=CARTESIAN_POINT('Origin',(-6.87,12.9,6.73));
#12371=CARTESIAN_POINT('Origin',(5.535,-4.89,5.59));
#12372=CARTESIAN_POINT('',(11.07,-7.17,5.59));
#12373=CARTESIAN_POINT('',(11.07,-4.89,7.87));
#12374=CARTESIAN_POINT('Origin',(11.07,-4.89,5.59));
#12375=CARTESIAN_POINT('',(9.93,-4.89,7.87));
#12376=CARTESIAN_POINT('',(5.535,-4.89,7.87));
#12377=CARTESIAN_POINT('',(9.93000000000001,-7.17,5.59));
#12378=CARTESIAN_POINT('Origin',(9.93,-4.89,5.59));
#12379=CARTESIAN_POINT('',(5.535,-7.17,5.59));
#12380=CARTESIAN_POINT('Origin',(11.07,12.9,6.73));
#12381=CARTESIAN_POINT('',(11.07,-7.17,-2.64219723179618));
#12382=CARTESIAN_POINT('',(11.07,-7.17,2.53));
#12383=CARTESIAN_POINT('',(11.07,-6.03,-2.64219723179618));
#12384=CARTESIAN_POINT('',(11.07,4.525,-2.64219723179618));
#12385=CARTESIAN_POINT('',(11.07,-6.03,5.59));
#12386=CARTESIAN_POINT('',(11.07,-6.03,2.53));
#12387=CARTESIAN_POINT('',(11.07,-4.89,6.73));
#12388=CARTESIAN_POINT('Origin',(11.07,-4.89,5.59));
#12389=CARTESIAN_POINT('',(11.07,11.0421972317962,6.73));
#12390=CARTESIAN_POINT('',(11.07,12.9,6.73));
#12391=CARTESIAN_POINT('',(11.07,11.0421972317962,7.87));
#12392=CARTESIAN_POINT('',(11.07,11.0421972317962,7.015));
#12393=CARTESIAN_POINT('',(11.07,12.9,7.87));
#12394=CARTESIAN_POINT('Origin',(1.11022302462516E-15,-7.17,7.3));
#12395=CARTESIAN_POINT('',(9.93000000000001,-7.17,-2.64219723179618));
#12396=CARTESIAN_POINT('',(9.93000000000001,-7.17,2.53));
#12397=CARTESIAN_POINT('',(3.88578058618805E-15,-7.17,-2.64219723179618));
#12398=CARTESIAN_POINT('Origin',(10.5,-4.89,5.59));
#12399=CARTESIAN_POINT('',(9.93000000000001,-6.03,5.59));
#12400=CARTESIAN_POINT('',(10.5,-6.03,5.59));
#12401=CARTESIAN_POINT('',(9.93,-4.89,6.73));
#12402=CARTESIAN_POINT('Origin',(9.93,-4.89,5.59));
#12403=CARTESIAN_POINT('',(10.5,-4.89,6.73));
#12404=CARTESIAN_POINT('Origin',(11.07,-6.03,2.53));
#12405=CARTESIAN_POINT('',(9.93000000000001,-6.03,-2.64219723179618));
#12406=CARTESIAN_POINT('',(5.53500000000001,-6.03,-2.64219723179618));
#12407=CARTESIAN_POINT('',(9.93000000000001,-6.03,0.));
#12408=CARTESIAN_POINT('Origin',(10.87,4.525,-3.07109861589809));
#12409=CARTESIAN_POINT('',(10.67,-6.77,-3.5));
#12410=CARTESIAN_POINT('',(10.67,-6.43,-3.5));
#12411=CARTESIAN_POINT('',(10.67,4.525,-3.5));
#12412=CARTESIAN_POINT('',(10.67,-6.43,-3.5));
#12413=CARTESIAN_POINT('',(10.67,-6.77,-3.5));
#12414=CARTESIAN_POINT('Origin',(5.53500000000001,-6.23,-3.07109861589809));
#12415=CARTESIAN_POINT('',(10.33,-6.43,-3.5));
#12416=CARTESIAN_POINT('',(5.53500000000001,-6.43,-3.5));
#12417=CARTESIAN_POINT('',(10.33,-6.43,-3.5));
#12418=CARTESIAN_POINT('Origin',(10.13,4.525,-3.07109861589809));
#12419=CARTESIAN_POINT('',(10.33,-6.77,-3.5));
#12420=CARTESIAN_POINT('',(10.33,4.525,-3.5));
#12421=CARTESIAN_POINT('',(10.33,-6.77,-3.5));
#12422=CARTESIAN_POINT('',(9.93,4.525,-2.64219723179618));
#12423=CARTESIAN_POINT('Origin',(3.88578058618805E-15,-6.97,-3.07109861589809));
#12424=CARTESIAN_POINT('',(3.88578058618805E-15,-6.77,-3.5));
#12425=CARTESIAN_POINT('Origin',(6.66133814775094E-15,-3.85,-3.5));
#12426=CARTESIAN_POINT('Origin',(10.785,11.4710986158981,7.67));
#12427=CARTESIAN_POINT('',(10.67,11.9,7.47));
#12428=CARTESIAN_POINT('',(10.33,11.9,7.47));
#12429=CARTESIAN_POINT('',(10.785,11.9,7.47));
#12430=CARTESIAN_POINT('',(9.93,11.0421972317962,7.87));
#12431=CARTESIAN_POINT('',(10.33,11.9,7.47));
#12432=CARTESIAN_POINT('',(10.785,11.0421972317962,7.87));
#12433=CARTESIAN_POINT('',(10.67,11.9,7.47));
#12434=CARTESIAN_POINT('Origin',(10.13,11.4710986158981,7.585));
#12435=CARTESIAN_POINT('',(9.93,11.0421972317962,6.73));
#12436=CARTESIAN_POINT('',(9.93,11.0421972317962,7.585));
#12437=CARTESIAN_POINT('',(10.33,11.9,7.13));
#12438=CARTESIAN_POINT('',(10.33,11.9,7.585));
#12439=CARTESIAN_POINT('',(10.33,11.9,7.13));
#12440=CARTESIAN_POINT('Origin',(10.215,11.4710986158981,6.93));
#12441=CARTESIAN_POINT('',(10.215,11.0421972317962,6.73));
#12442=CARTESIAN_POINT('',(10.67,11.9,7.13));
#12443=CARTESIAN_POINT('',(10.215,11.9,7.13));
#12444=CARTESIAN_POINT('',(10.67,11.9,7.13));
#12445=CARTESIAN_POINT('Origin',(10.87,11.4710986158981,7.015));
#12446=CARTESIAN_POINT('',(10.67,11.9,7.015));
#12447=CARTESIAN_POINT('Origin',(11.07,12.9,7.87));
#12448=CARTESIAN_POINT('',(9.93,12.9,7.87));
#12449=CARTESIAN_POINT('Origin',(10.5,11.9,7.3));
#12450=CARTESIAN_POINT('Origin',(9.93,12.9,7.87));
#12451=CARTESIAN_POINT('',(9.93,12.9,6.73));
#12452=CARTESIAN_POINT('Origin',(9.93,12.9,6.73));
#12453=CARTESIAN_POINT('Origin',(3.435,-4.89,5.59));
#12454=CARTESIAN_POINT('',(6.87000000000001,-7.17,5.59));
#12455=CARTESIAN_POINT('',(6.87,-4.89,7.87));
#12456=CARTESIAN_POINT('Origin',(6.87,-4.89,5.59));
#12457=CARTESIAN_POINT('',(5.73,-4.89,7.87));
#12458=CARTESIAN_POINT('',(3.435,-4.89,7.87));
#12459=CARTESIAN_POINT('',(5.73000000000001,-7.17,5.59));
#12460=CARTESIAN_POINT('Origin',(5.73,-4.89,5.59));
#12461=CARTESIAN_POINT('',(3.435,-7.17,5.59));
#12462=CARTESIAN_POINT('Origin',(6.87,12.9,6.73));
#12463=CARTESIAN_POINT('',(6.87000000000001,-7.17,-2.64219723179618));
#12464=CARTESIAN_POINT('',(6.87000000000001,-7.17,2.53));
#12465=CARTESIAN_POINT('',(6.87000000000001,-6.03,-2.64219723179618));
#12466=CARTESIAN_POINT('',(6.87,4.525,-2.64219723179618));
#12467=CARTESIAN_POINT('',(6.87000000000001,-6.03,5.59));
#12468=CARTESIAN_POINT('',(6.87000000000001,-6.03,2.53));
#12469=CARTESIAN_POINT('',(6.87,-4.89,6.73));
#12470=CARTESIAN_POINT('Origin',(6.87,-4.89,5.59));
#12471=CARTESIAN_POINT('',(6.87,11.0421972317962,6.73));
#12472=CARTESIAN_POINT('',(6.87,12.9,6.73));
#12473=CARTESIAN_POINT('',(6.87,11.0421972317962,7.87));
#12474=CARTESIAN_POINT('',(6.87,11.0421972317962,7.015));
#12475=CARTESIAN_POINT('',(6.87,12.9,7.87));
#12476=CARTESIAN_POINT('Origin',(1.11022302462516E-15,-7.17,7.3));
#12477=CARTESIAN_POINT('',(5.73000000000001,-7.17,-2.64219723179618));
#12478=CARTESIAN_POINT('',(5.73000000000001,-7.17,2.53));
#12479=CARTESIAN_POINT('',(3.88578058618805E-15,-7.17,-2.64219723179618));
#12480=CARTESIAN_POINT('Origin',(6.30000000000001,-4.89,5.59));
#12481=CARTESIAN_POINT('',(5.73000000000001,-6.03,5.59));
#12482=CARTESIAN_POINT('',(6.30000000000001,-6.03,5.59));
#12483=CARTESIAN_POINT('',(5.73,-4.89,6.73));
#12484=CARTESIAN_POINT('Origin',(5.73,-4.89,5.59));
#12485=CARTESIAN_POINT('',(6.30000000000001,-4.89,6.73));
#12486=CARTESIAN_POINT('Origin',(6.87000000000001,-6.03,2.53));
#12487=CARTESIAN_POINT('',(5.73000000000001,-6.03,-2.64219723179618));
#12488=CARTESIAN_POINT('',(3.43500000000001,-6.03,-2.64219723179618));
#12489=CARTESIAN_POINT('',(5.73000000000001,-6.03,0.));
#12490=CARTESIAN_POINT('Origin',(6.67000000000001,4.525,-3.07109861589809));
#12491=CARTESIAN_POINT('',(6.47000000000001,-6.77,-3.5));
#12492=CARTESIAN_POINT('',(6.47000000000001,-6.43,-3.5));
#12493=CARTESIAN_POINT('',(6.47000000000001,4.525,-3.5));
#12494=CARTESIAN_POINT('',(6.47000000000001,-6.43,-3.5));
#12495=CARTESIAN_POINT('',(6.47000000000001,-6.77,-3.5));
#12496=CARTESIAN_POINT('Origin',(3.43500000000001,-6.23,-3.07109861589809));
#12497=CARTESIAN_POINT('',(6.13000000000001,-6.43,-3.5));
#12498=CARTESIAN_POINT('',(3.43500000000001,-6.43,-3.5));
#12499=CARTESIAN_POINT('',(6.13000000000001,-6.43,-3.5));
#12500=CARTESIAN_POINT('Origin',(5.93000000000001,4.525,-3.07109861589809));
#12501=CARTESIAN_POINT('',(6.13000000000001,-6.77,-3.5));
#12502=CARTESIAN_POINT('',(6.13000000000001,4.525,-3.5));
#12503=CARTESIAN_POINT('',(6.13000000000001,-6.77,-3.5));
#12504=CARTESIAN_POINT('',(5.73,4.525,-2.64219723179618));
#12505=CARTESIAN_POINT('Origin',(3.88578058618805E-15,-6.97,-3.07109861589809));
#12506=CARTESIAN_POINT('',(3.88578058618805E-15,-6.77,-3.5));
#12507=CARTESIAN_POINT('Origin',(6.66133814775094E-15,-3.85,-3.5));
#12508=CARTESIAN_POINT('Origin',(6.585,11.4710986158981,7.67));
#12509=CARTESIAN_POINT('',(6.47,11.9,7.47));
#12510=CARTESIAN_POINT('',(6.13,11.9,7.47));
#12511=CARTESIAN_POINT('',(6.585,11.9,7.47));
#12512=CARTESIAN_POINT('',(5.73,11.0421972317962,7.87));
#12513=CARTESIAN_POINT('',(6.13,11.9,7.47));
#12514=CARTESIAN_POINT('',(6.585,11.0421972317962,7.87));
#12515=CARTESIAN_POINT('',(6.47,11.9,7.47));
#12516=CARTESIAN_POINT('Origin',(5.93,11.4710986158981,7.585));
#12517=CARTESIAN_POINT('',(5.73,11.0421972317962,6.73));
#12518=CARTESIAN_POINT('',(5.73,11.0421972317962,7.585));
#12519=CARTESIAN_POINT('',(6.13,11.9,7.13));
#12520=CARTESIAN_POINT('',(6.13,11.9,7.585));
#12521=CARTESIAN_POINT('',(6.13,11.9,7.13));
#12522=CARTESIAN_POINT('Origin',(6.015,11.4710986158981,6.93));
#12523=CARTESIAN_POINT('',(6.015,11.0421972317962,6.73));
#12524=CARTESIAN_POINT('',(6.47,11.9,7.13));
#12525=CARTESIAN_POINT('',(6.015,11.9,7.13));
#12526=CARTESIAN_POINT('',(6.47,11.9,7.13));
#12527=CARTESIAN_POINT('Origin',(6.67,11.4710986158981,7.015));
#12528=CARTESIAN_POINT('',(6.47,11.9,7.015));
#12529=CARTESIAN_POINT('Origin',(6.87,12.9,7.87));
#12530=CARTESIAN_POINT('',(5.73,12.9,7.87));
#12531=CARTESIAN_POINT('Origin',(6.3,11.9,7.3));
#12532=CARTESIAN_POINT('Origin',(5.73,12.9,7.87));
#12533=CARTESIAN_POINT('',(5.73,12.9,6.73));
#12534=CARTESIAN_POINT('Origin',(5.73,12.9,6.73));
#12535=CARTESIAN_POINT('Origin',(-4.965,-4.89,5.59));
#12536=CARTESIAN_POINT('',(-9.93,-7.17,5.59));
#12537=CARTESIAN_POINT('',(-9.93,-4.89,7.87));
#12538=CARTESIAN_POINT('Origin',(-9.93,-4.89,5.59));
#12539=CARTESIAN_POINT('',(-11.07,-4.89,7.87));
#12540=CARTESIAN_POINT('',(-4.965,-4.89,7.87));
#12541=CARTESIAN_POINT('',(-11.07,-7.17,5.59));
#12542=CARTESIAN_POINT('Origin',(-11.07,-4.89,5.59));
#12543=CARTESIAN_POINT('',(-4.965,-7.17,5.59));
#12544=CARTESIAN_POINT('Origin',(-9.93,12.9,6.73));
#12545=CARTESIAN_POINT('',(-9.93,-7.17,-2.64219723179618));
#12546=CARTESIAN_POINT('',(-9.93,-7.17,2.53));
#12547=CARTESIAN_POINT('',(-9.93,-6.03,-2.64219723179618));
#12548=CARTESIAN_POINT('',(-9.93,4.525,-2.64219723179618));
#12549=CARTESIAN_POINT('',(-9.93,-6.03,5.59));
#12550=CARTESIAN_POINT('',(-9.93,-6.03,2.53));
#12551=CARTESIAN_POINT('',(-9.93,-4.89,6.73));
#12552=CARTESIAN_POINT('Origin',(-9.93,-4.89,5.59));
#12553=CARTESIAN_POINT('',(-9.93,11.0421972317962,6.73));
#12554=CARTESIAN_POINT('',(-9.93,12.9,6.73));
#12555=CARTESIAN_POINT('',(-9.93,11.0421972317962,7.87));
#12556=CARTESIAN_POINT('',(-9.93,11.0421972317962,7.015));
#12557=CARTESIAN_POINT('',(-9.93,12.9,7.87));
#12558=CARTESIAN_POINT('Origin',(1.11022302462516E-15,-7.17,7.3));
#12559=CARTESIAN_POINT('',(-11.07,-7.17,-2.64219723179618));
#12560=CARTESIAN_POINT('',(-11.07,-7.17,2.53));
#12561=CARTESIAN_POINT('',(3.88578058618805E-15,-7.17,-2.64219723179618));
#12562=CARTESIAN_POINT('Origin',(-10.5,-4.89,5.59));
#12563=CARTESIAN_POINT('',(-11.07,-6.03,5.59));
#12564=CARTESIAN_POINT('',(-10.5,-6.03,5.59));
#12565=CARTESIAN_POINT('',(-11.07,-4.89,6.73));
#12566=CARTESIAN_POINT('Origin',(-11.07,-4.89,5.59));
#12567=CARTESIAN_POINT('',(-10.5,-4.89,6.73));
#12568=CARTESIAN_POINT('Origin',(-9.93,-6.03,2.53));
#12569=CARTESIAN_POINT('',(-11.07,-6.03,-2.64219723179618));
#12570=CARTESIAN_POINT('',(-4.96499999999999,-6.03,-2.64219723179618));
#12571=CARTESIAN_POINT('',(-11.07,-6.03,0.));
#12572=CARTESIAN_POINT('Origin',(-10.13,4.525,-3.07109861589809));
#12573=CARTESIAN_POINT('',(-10.33,-6.77,-3.5));
#12574=CARTESIAN_POINT('',(-10.33,-6.43,-3.5));
#12575=CARTESIAN_POINT('',(-10.33,4.525,-3.5));
#12576=CARTESIAN_POINT('',(-10.33,-6.43,-3.5));
#12577=CARTESIAN_POINT('',(-10.33,-6.77,-3.5));
#12578=CARTESIAN_POINT('Origin',(-4.96499999999999,-6.23,-3.07109861589809));
#12579=CARTESIAN_POINT('',(-10.67,-6.43,-3.5));
#12580=CARTESIAN_POINT('',(-4.96499999999999,-6.43,-3.5));
#12581=CARTESIAN_POINT('',(-10.67,-6.43,-3.5));
#12582=CARTESIAN_POINT('Origin',(-10.87,4.525,-3.07109861589809));
#12583=CARTESIAN_POINT('',(-10.67,-6.77,-3.5));
#12584=CARTESIAN_POINT('',(-10.67,4.525,-3.5));
#12585=CARTESIAN_POINT('',(-10.67,-6.77,-3.5));
#12586=CARTESIAN_POINT('',(-11.07,4.525,-2.64219723179618));
#12587=CARTESIAN_POINT('Origin',(3.88578058618805E-15,-6.97,-3.07109861589809));
#12588=CARTESIAN_POINT('',(3.88578058618805E-15,-6.77,-3.5));
#12589=CARTESIAN_POINT('Origin',(6.66133814775094E-15,-3.85,-3.5));
#12590=CARTESIAN_POINT('Origin',(-10.215,11.4710986158981,7.67));
#12591=CARTESIAN_POINT('',(-10.33,11.9,7.47));
#12592=CARTESIAN_POINT('',(-10.67,11.9,7.47));
#12593=CARTESIAN_POINT('',(-10.215,11.9,7.47));
#12594=CARTESIAN_POINT('',(-11.07,11.0421972317962,7.87));
#12595=CARTESIAN_POINT('',(-10.67,11.9,7.47));
#12596=CARTESIAN_POINT('',(-10.215,11.0421972317962,7.87));
#12597=CARTESIAN_POINT('',(-10.33,11.9,7.47));
#12598=CARTESIAN_POINT('Origin',(-10.87,11.4710986158981,7.585));
#12599=CARTESIAN_POINT('',(-11.07,11.0421972317962,6.73));
#12600=CARTESIAN_POINT('',(-11.07,11.0421972317962,7.585));
#12601=CARTESIAN_POINT('',(-10.67,11.9,7.13));
#12602=CARTESIAN_POINT('',(-10.67,11.9,7.585));
#12603=CARTESIAN_POINT('',(-10.67,11.9,7.13));
#12604=CARTESIAN_POINT('Origin',(-10.785,11.4710986158981,6.93));
#12605=CARTESIAN_POINT('',(-10.785,11.0421972317962,6.73));
#12606=CARTESIAN_POINT('',(-10.33,11.9,7.13));
#12607=CARTESIAN_POINT('',(-10.785,11.9,7.13));
#12608=CARTESIAN_POINT('',(-10.33,11.9,7.13));
#12609=CARTESIAN_POINT('Origin',(-10.13,11.4710986158981,7.015));
#12610=CARTESIAN_POINT('',(-10.33,11.9,7.015));
#12611=CARTESIAN_POINT('Origin',(-9.93,12.9,7.87));
#12612=CARTESIAN_POINT('',(-11.07,12.9,7.87));
#12613=CARTESIAN_POINT('Origin',(-10.5,11.9,7.3));
#12614=CARTESIAN_POINT('Origin',(-11.07,12.9,7.87));
#12615=CARTESIAN_POINT('',(-11.07,12.9,6.73));
#12616=CARTESIAN_POINT('Origin',(-11.07,12.9,6.73));
#12617=CARTESIAN_POINT('Origin',(-0.764999999999999,-4.89,5.59));
#12618=CARTESIAN_POINT('',(-1.52999999999999,-7.17,5.59));
#12619=CARTESIAN_POINT('',(-1.53,-4.89,7.87));
#12620=CARTESIAN_POINT('Origin',(-1.53,-4.89,5.59));
#12621=CARTESIAN_POINT('',(-2.67,-4.89,7.87));
#12622=CARTESIAN_POINT('',(-0.764999999999999,-4.89,7.87));
#12623=CARTESIAN_POINT('',(-2.66999999999999,-7.17,5.59));
#12624=CARTESIAN_POINT('Origin',(-2.67,-4.89,5.59));
#12625=CARTESIAN_POINT('',(-0.764999999999999,-7.17,5.59));
#12626=CARTESIAN_POINT('Origin',(-1.53,12.9,6.73));
#12627=CARTESIAN_POINT('',(-1.52999999999999,-7.17,-2.64219723179618));
#12628=CARTESIAN_POINT('',(-1.52999999999999,-7.17,2.53));
#12629=CARTESIAN_POINT('',(-1.52999999999999,-6.03,-2.64219723179618));
#12630=CARTESIAN_POINT('',(-1.53,4.525,-2.64219723179618));
#12631=CARTESIAN_POINT('',(-1.52999999999999,-6.03,5.59));
#12632=CARTESIAN_POINT('',(-1.52999999999999,-6.03,2.53));
#12633=CARTESIAN_POINT('',(-1.53,-4.89,6.73));
#12634=CARTESIAN_POINT('Origin',(-1.53,-4.89,5.59));
#12635=CARTESIAN_POINT('',(-1.53,11.0421972317962,6.73));
#12636=CARTESIAN_POINT('',(-1.53,12.9,6.73));
#12637=CARTESIAN_POINT('',(-1.53,11.0421972317962,7.87));
#12638=CARTESIAN_POINT('',(-1.53,11.0421972317962,7.015));
#12639=CARTESIAN_POINT('',(-1.53,12.9,7.87));
#12640=CARTESIAN_POINT('Origin',(1.11022302462516E-15,-7.17,7.3));
#12641=CARTESIAN_POINT('',(-2.66999999999999,-7.17,-2.64219723179618));
#12642=CARTESIAN_POINT('',(-2.66999999999999,-7.17,2.53));
#12643=CARTESIAN_POINT('',(3.88578058618805E-15,-7.17,-2.64219723179618));
#12644=CARTESIAN_POINT('Origin',(-2.1,-4.89,5.59));
#12645=CARTESIAN_POINT('',(-2.66999999999999,-6.03,5.59));
#12646=CARTESIAN_POINT('',(-2.1,-6.03,5.59));
#12647=CARTESIAN_POINT('',(-2.67,-4.89,6.73));
#12648=CARTESIAN_POINT('Origin',(-2.67,-4.89,5.59));
#12649=CARTESIAN_POINT('',(-2.1,-4.89,6.73));
#12650=CARTESIAN_POINT('Origin',(-1.52999999999999,-6.03,2.53));
#12651=CARTESIAN_POINT('',(-2.66999999999999,-6.03,-2.64219723179618));
#12652=CARTESIAN_POINT('',(-0.764999999999992,-6.03,-2.64219723179618));
#12653=CARTESIAN_POINT('',(-2.66999999999999,-6.03,0.));
#12654=CARTESIAN_POINT('Origin',(-1.73,4.525,-3.07109861589809));
#12655=CARTESIAN_POINT('',(-1.92999999999999,-6.77,-3.5));
#12656=CARTESIAN_POINT('',(-1.92999999999999,-6.43,-3.5));
#12657=CARTESIAN_POINT('',(-1.92999999999999,4.525,-3.5));
#12658=CARTESIAN_POINT('',(-1.92999999999999,-6.43,-3.5));
#12659=CARTESIAN_POINT('',(-1.92999999999999,-6.77,-3.5));
#12660=CARTESIAN_POINT('Origin',(-0.764999999999992,-6.23,-3.07109861589809));
#12661=CARTESIAN_POINT('',(-2.26999999999999,-6.43,-3.5));
#12662=CARTESIAN_POINT('',(-0.764999999999992,-6.43,-3.5));
#12663=CARTESIAN_POINT('',(-2.26999999999999,-6.43,-3.5));
#12664=CARTESIAN_POINT('Origin',(-2.47,4.525,-3.07109861589809));
#12665=CARTESIAN_POINT('',(-2.26999999999999,-6.77,-3.5));
#12666=CARTESIAN_POINT('',(-2.26999999999999,4.525,-3.5));
#12667=CARTESIAN_POINT('',(-2.26999999999999,-6.77,-3.5));
#12668=CARTESIAN_POINT('',(-2.67,4.525,-2.64219723179618));
#12669=CARTESIAN_POINT('Origin',(3.88578058618805E-15,-6.97,-3.07109861589809));
#12670=CARTESIAN_POINT('',(3.88578058618805E-15,-6.77,-3.5));
#12671=CARTESIAN_POINT('Origin',(6.66133814775094E-15,-3.85,-3.5));
#12672=CARTESIAN_POINT('Origin',(-1.815,11.4710986158981,7.67));
#12673=CARTESIAN_POINT('',(-1.93,11.9,7.47));
#12674=CARTESIAN_POINT('',(-2.27,11.9,7.47));
#12675=CARTESIAN_POINT('',(-1.815,11.9,7.47));
#12676=CARTESIAN_POINT('',(-2.67,11.0421972317962,7.87));
#12677=CARTESIAN_POINT('',(-2.27,11.9,7.47));
#12678=CARTESIAN_POINT('',(-1.815,11.0421972317962,7.87));
#12679=CARTESIAN_POINT('',(-1.93,11.9,7.47));
#12680=CARTESIAN_POINT('Origin',(-2.47,11.4710986158981,7.585));
#12681=CARTESIAN_POINT('',(-2.67,11.0421972317962,6.73));
#12682=CARTESIAN_POINT('',(-2.67,11.0421972317962,7.585));
#12683=CARTESIAN_POINT('',(-2.27,11.9,7.13));
#12684=CARTESIAN_POINT('',(-2.27,11.9,7.585));
#12685=CARTESIAN_POINT('',(-2.27,11.9,7.13));
#12686=CARTESIAN_POINT('Origin',(-2.385,11.4710986158981,6.93));
#12687=CARTESIAN_POINT('',(-2.385,11.0421972317962,6.73));
#12688=CARTESIAN_POINT('',(-1.93,11.9,7.13));
#12689=CARTESIAN_POINT('',(-2.385,11.9,7.13));
#12690=CARTESIAN_POINT('',(-1.93,11.9,7.13));
#12691=CARTESIAN_POINT('Origin',(-1.73,11.4710986158981,7.015));
#12692=CARTESIAN_POINT('',(-1.93,11.9,7.015));
#12693=CARTESIAN_POINT('Origin',(-1.53,12.9,7.87));
#12694=CARTESIAN_POINT('',(-2.67,12.9,7.87));
#12695=CARTESIAN_POINT('Origin',(-2.1,11.9,7.3));
#12696=CARTESIAN_POINT('Origin',(-2.67,12.9,7.87));
#12697=CARTESIAN_POINT('',(-2.67,12.9,6.73));
#12698=CARTESIAN_POINT('Origin',(-2.67,12.9,6.73));
#12699=CARTESIAN_POINT('Origin',(7.635,-4.89,5.59));
#12700=CARTESIAN_POINT('',(15.27,-7.17,5.59));
#12701=CARTESIAN_POINT('',(15.27,-4.89,7.87));
#12702=CARTESIAN_POINT('Origin',(15.27,-4.89,5.59));
#12703=CARTESIAN_POINT('',(14.13,-4.89,7.87));
#12704=CARTESIAN_POINT('',(7.635,-4.89,7.87));
#12705=CARTESIAN_POINT('',(14.13,-7.17,5.59));
#12706=CARTESIAN_POINT('Origin',(14.13,-4.89,5.59));
#12707=CARTESIAN_POINT('',(7.635,-7.17,5.59));
#12708=CARTESIAN_POINT('Origin',(15.27,12.9,6.73));
#12709=CARTESIAN_POINT('',(15.27,-7.17,-2.64219723179618));
#12710=CARTESIAN_POINT('',(15.27,-7.17,2.53));
#12711=CARTESIAN_POINT('',(15.27,-6.03,-2.64219723179618));
#12712=CARTESIAN_POINT('',(15.27,4.525,-2.64219723179618));
#12713=CARTESIAN_POINT('',(15.27,-6.03,5.59));
#12714=CARTESIAN_POINT('',(15.27,-6.03,2.53));
#12715=CARTESIAN_POINT('',(15.27,-4.89,6.73));
#12716=CARTESIAN_POINT('Origin',(15.27,-4.89,5.59));
#12717=CARTESIAN_POINT('',(15.27,11.0421972317962,6.73));
#12718=CARTESIAN_POINT('',(15.27,12.9,6.73));
#12719=CARTESIAN_POINT('',(15.27,11.0421972317962,7.87));
#12720=CARTESIAN_POINT('',(15.27,11.0421972317962,7.015));
#12721=CARTESIAN_POINT('',(15.27,12.9,7.87));
#12722=CARTESIAN_POINT('Origin',(1.11022302462516E-15,-7.17,7.3));
#12723=CARTESIAN_POINT('',(14.13,-7.17,-2.64219723179618));
#12724=CARTESIAN_POINT('',(14.13,-7.17,2.53));
#12725=CARTESIAN_POINT('',(3.88578058618805E-15,-7.17,-2.64219723179618));
#12726=CARTESIAN_POINT('Origin',(14.7,-4.89,5.59));
#12727=CARTESIAN_POINT('',(14.13,-6.03,5.59));
#12728=CARTESIAN_POINT('',(14.7,-6.03,5.59));
#12729=CARTESIAN_POINT('',(14.13,-4.89,6.73));
#12730=CARTESIAN_POINT('Origin',(14.13,-4.89,5.59));
#12731=CARTESIAN_POINT('',(14.7,-4.89,6.73));
#12732=CARTESIAN_POINT('Origin',(15.27,-6.03,2.53));
#12733=CARTESIAN_POINT('',(14.13,-6.03,-2.64219723179618));
#12734=CARTESIAN_POINT('',(7.63500000000001,-6.03,-2.64219723179618));
#12735=CARTESIAN_POINT('',(14.13,-6.03,0.));
#12736=CARTESIAN_POINT('Origin',(15.07,4.525,-3.07109861589809));
#12737=CARTESIAN_POINT('',(14.87,-6.77,-3.5));
#12738=CARTESIAN_POINT('',(14.87,-6.43,-3.5));
#12739=CARTESIAN_POINT('',(14.87,4.525,-3.5));
#12740=CARTESIAN_POINT('',(14.87,-6.43,-3.5));
#12741=CARTESIAN_POINT('',(14.87,-6.77,-3.5));
#12742=CARTESIAN_POINT('Origin',(7.63500000000001,-6.23,-3.07109861589809));
#12743=CARTESIAN_POINT('',(14.53,-6.43,-3.5));
#12744=CARTESIAN_POINT('',(7.63500000000001,-6.43,-3.5));
#12745=CARTESIAN_POINT('',(14.53,-6.43,-3.5));
#12746=CARTESIAN_POINT('Origin',(14.33,4.525,-3.07109861589809));
#12747=CARTESIAN_POINT('',(14.53,-6.77,-3.5));
#12748=CARTESIAN_POINT('',(14.53,4.525,-3.5));
#12749=CARTESIAN_POINT('',(14.53,-6.77,-3.5));
#12750=CARTESIAN_POINT('',(14.13,4.525,-2.64219723179618));
#12751=CARTESIAN_POINT('Origin',(3.88578058618805E-15,-6.97,-3.07109861589809));
#12752=CARTESIAN_POINT('',(3.88578058618805E-15,-6.77,-3.5));
#12753=CARTESIAN_POINT('Origin',(6.66133814775094E-15,-3.85,-3.5));
#12754=CARTESIAN_POINT('Origin',(14.985,11.4710986158981,7.67));
#12755=CARTESIAN_POINT('',(14.87,11.9,7.47));
#12756=CARTESIAN_POINT('',(14.53,11.9,7.47));
#12757=CARTESIAN_POINT('',(14.985,11.9,7.47));
#12758=CARTESIAN_POINT('',(14.13,11.0421972317962,7.87));
#12759=CARTESIAN_POINT('',(14.53,11.9,7.47));
#12760=CARTESIAN_POINT('',(14.985,11.0421972317962,7.87));
#12761=CARTESIAN_POINT('',(14.87,11.9,7.47));
#12762=CARTESIAN_POINT('Origin',(14.33,11.4710986158981,7.585));
#12763=CARTESIAN_POINT('',(14.13,11.0421972317962,6.73));
#12764=CARTESIAN_POINT('',(14.13,11.0421972317962,7.585));
#12765=CARTESIAN_POINT('',(14.53,11.9,7.13));
#12766=CARTESIAN_POINT('',(14.53,11.9,7.585));
#12767=CARTESIAN_POINT('',(14.53,11.9,7.13));
#12768=CARTESIAN_POINT('Origin',(14.415,11.4710986158981,6.93));
#12769=CARTESIAN_POINT('',(14.415,11.0421972317962,6.73));
#12770=CARTESIAN_POINT('',(14.87,11.9,7.13));
#12771=CARTESIAN_POINT('',(14.415,11.9,7.13));
#12772=CARTESIAN_POINT('',(14.87,11.9,7.13));
#12773=CARTESIAN_POINT('Origin',(15.07,11.4710986158981,7.015));
#12774=CARTESIAN_POINT('',(14.87,11.9,7.015));
#12775=CARTESIAN_POINT('Origin',(15.27,12.9,7.87));
#12776=CARTESIAN_POINT('',(14.13,12.9,7.87));
#12777=CARTESIAN_POINT('Origin',(14.7,11.9,7.3));
#12778=CARTESIAN_POINT('Origin',(14.13,12.9,7.87));
#12779=CARTESIAN_POINT('',(14.13,12.9,6.73));
#12780=CARTESIAN_POINT('Origin',(14.13,12.9,6.73));
#12781=CARTESIAN_POINT('Origin',(1.335,-4.89,5.59));
#12782=CARTESIAN_POINT('',(2.67000000000001,-7.17,5.59));
#12783=CARTESIAN_POINT('',(2.67,-4.89,7.87));
#12784=CARTESIAN_POINT('Origin',(2.67,-4.89,5.59));
#12785=CARTESIAN_POINT('',(1.53,-4.89,7.87));
#12786=CARTESIAN_POINT('',(1.335,-4.89,7.87));
#12787=CARTESIAN_POINT('',(1.53000000000001,-7.17,5.59));
#12788=CARTESIAN_POINT('Origin',(1.53,-4.89,5.59));
#12789=CARTESIAN_POINT('',(1.335,-7.17,5.59));
#12790=CARTESIAN_POINT('Origin',(2.67,12.9,6.73));
#12791=CARTESIAN_POINT('',(2.67000000000001,-7.17,-2.64219723179618));
#12792=CARTESIAN_POINT('',(2.67000000000001,-7.17,2.53));
#12793=CARTESIAN_POINT('',(2.67000000000001,-6.03,-2.64219723179618));
#12794=CARTESIAN_POINT('',(2.67,4.525,-2.64219723179618));
#12795=CARTESIAN_POINT('',(2.67000000000001,-6.03,5.59));
#12796=CARTESIAN_POINT('',(2.67000000000001,-6.03,2.53));
#12797=CARTESIAN_POINT('',(2.67,-4.89,6.73));
#12798=CARTESIAN_POINT('Origin',(2.67,-4.89,5.59));
#12799=CARTESIAN_POINT('',(2.67,11.0421972317962,6.73));
#12800=CARTESIAN_POINT('',(2.67,12.9,6.73));
#12801=CARTESIAN_POINT('',(2.67,11.0421972317962,7.87));
#12802=CARTESIAN_POINT('',(2.67,11.0421972317962,7.015));
#12803=CARTESIAN_POINT('',(2.67,12.9,7.87));
#12804=CARTESIAN_POINT('Origin',(1.11022302462516E-15,-7.17,7.3));
#12805=CARTESIAN_POINT('',(1.53000000000001,-7.17,-2.64219723179618));
#12806=CARTESIAN_POINT('',(1.53000000000001,-7.17,2.53));
#12807=CARTESIAN_POINT('',(3.88578058618805E-15,-7.17,-2.64219723179618));
#12808=CARTESIAN_POINT('Origin',(2.10000000000001,-4.89,5.59));
#12809=CARTESIAN_POINT('',(1.53000000000001,-6.03,5.59));
#12810=CARTESIAN_POINT('',(2.10000000000001,-6.03,5.59));
#12811=CARTESIAN_POINT('',(1.53,-4.89,6.73));
#12812=CARTESIAN_POINT('Origin',(1.53,-4.89,5.59));
#12813=CARTESIAN_POINT('',(2.10000000000001,-4.89,6.73));
#12814=CARTESIAN_POINT('Origin',(2.67000000000001,-6.03,2.53));
#12815=CARTESIAN_POINT('',(1.53000000000001,-6.03,-2.64219723179618));
#12816=CARTESIAN_POINT('',(1.33500000000001,-6.03,-2.64219723179618));
#12817=CARTESIAN_POINT('',(1.53000000000001,-6.03,0.));
#12818=CARTESIAN_POINT('Origin',(2.47000000000001,4.525,-3.07109861589809));
#12819=CARTESIAN_POINT('',(2.27000000000001,-6.77,-3.5));
#12820=CARTESIAN_POINT('',(2.27000000000001,-6.43,-3.5));
#12821=CARTESIAN_POINT('',(2.27000000000001,4.525,-3.5));
#12822=CARTESIAN_POINT('',(2.27000000000001,-6.43,-3.5));
#12823=CARTESIAN_POINT('',(2.27000000000001,-6.77,-3.5));
#12824=CARTESIAN_POINT('Origin',(1.33500000000001,-6.23,-3.07109861589809));
#12825=CARTESIAN_POINT('',(1.93000000000001,-6.43,-3.5));
#12826=CARTESIAN_POINT('',(1.33500000000001,-6.43,-3.5));
#12827=CARTESIAN_POINT('',(1.93000000000001,-6.43,-3.5));
#12828=CARTESIAN_POINT('Origin',(1.73,4.525,-3.07109861589809));
#12829=CARTESIAN_POINT('',(1.93000000000001,-6.77,-3.5));
#12830=CARTESIAN_POINT('',(1.93000000000001,4.525,-3.5));
#12831=CARTESIAN_POINT('',(1.93000000000001,-6.77,-3.5));
#12832=CARTESIAN_POINT('',(1.53,4.525,-2.64219723179618));
#12833=CARTESIAN_POINT('Origin',(3.88578058618805E-15,-6.97,-3.07109861589809));
#12834=CARTESIAN_POINT('',(3.88578058618805E-15,-6.77,-3.5));
#12835=CARTESIAN_POINT('Origin',(6.66133814775094E-15,-3.85,-3.5));
#12836=CARTESIAN_POINT('Origin',(1.73,11.4710986158981,7.585));
#12837=CARTESIAN_POINT('',(1.93,11.9,7.47));
#12838=CARTESIAN_POINT('',(1.93,11.9,7.13));
#12839=CARTESIAN_POINT('',(1.93,11.9,7.585));
#12840=CARTESIAN_POINT('',(1.53,11.0421972317962,6.73));
#12841=CARTESIAN_POINT('',(1.93,11.9,7.13));
#12842=CARTESIAN_POINT('',(1.53,11.0421972317962,7.87));
#12843=CARTESIAN_POINT('',(1.53,11.0421972317962,7.585));
#12844=CARTESIAN_POINT('',(1.93,11.9,7.47));
#12845=CARTESIAN_POINT('Origin',(1.815,11.4710986158981,6.93));
#12846=CARTESIAN_POINT('',(1.815,11.0421972317962,6.73));
#12847=CARTESIAN_POINT('',(2.27,11.9,7.13));
#12848=CARTESIAN_POINT('',(1.815,11.9,7.13));
#12849=CARTESIAN_POINT('',(2.27,11.9,7.13));
#12850=CARTESIAN_POINT('Origin',(2.47,11.4710986158981,7.015));
#12851=CARTESIAN_POINT('',(2.27,11.9,7.47));
#12852=CARTESIAN_POINT('',(2.27,11.9,7.015));
#12853=CARTESIAN_POINT('',(2.27,11.9,7.47));
#12854=CARTESIAN_POINT('Origin',(2.385,11.4710986158981,7.67));
#12855=CARTESIAN_POINT('',(2.385,11.0421972317962,7.87));
#12856=CARTESIAN_POINT('',(2.385,11.9,7.47));
#12857=CARTESIAN_POINT('Origin',(2.67,12.9,7.87));
#12858=CARTESIAN_POINT('',(1.53,12.9,7.87));
#12859=CARTESIAN_POINT('Origin',(1.53,12.9,7.87));
#12860=CARTESIAN_POINT('',(1.53,12.9,6.73));
#12861=CARTESIAN_POINT('Origin',(2.1,11.9,7.3));
#12862=CARTESIAN_POINT('Origin',(1.53,12.9,6.73));
#12863=CARTESIAN_POINT('Origin',(-7.065,-4.89,5.59));
#12864=CARTESIAN_POINT('',(-14.13,-7.17,5.59));
#12865=CARTESIAN_POINT('',(-14.13,-4.89,7.87));
#12866=CARTESIAN_POINT('Origin',(-14.13,-4.89,5.59));
#12867=CARTESIAN_POINT('',(-15.27,-4.89,7.87));
#12868=CARTESIAN_POINT('',(-7.065,-4.89,7.87));
#12869=CARTESIAN_POINT('',(-15.27,-7.17,5.59));
#12870=CARTESIAN_POINT('Origin',(-15.27,-4.89,5.59));
#12871=CARTESIAN_POINT('',(-7.065,-7.17,5.59));
#12872=CARTESIAN_POINT('Origin',(-14.13,12.9,6.73));
#12873=CARTESIAN_POINT('',(-14.13,-7.17,-2.64219723179618));
#12874=CARTESIAN_POINT('',(-14.13,-7.17,2.53));
#12875=CARTESIAN_POINT('',(-14.13,-6.03,-2.64219723179618));
#12876=CARTESIAN_POINT('',(-14.13,4.525,-2.64219723179618));
#12877=CARTESIAN_POINT('',(-14.13,-6.03,5.59));
#12878=CARTESIAN_POINT('',(-14.13,-6.03,2.53));
#12879=CARTESIAN_POINT('',(-14.13,-4.89,6.73));
#12880=CARTESIAN_POINT('Origin',(-14.13,-4.89,5.59));
#12881=CARTESIAN_POINT('',(-14.13,11.0421972317962,6.73));
#12882=CARTESIAN_POINT('',(-14.13,12.9,6.73));
#12883=CARTESIAN_POINT('',(-14.13,11.0421972317962,7.87));
#12884=CARTESIAN_POINT('',(-14.13,11.0421972317962,7.015));
#12885=CARTESIAN_POINT('',(-14.13,12.9,7.87));
#12886=CARTESIAN_POINT('Origin',(1.11022302462516E-15,-7.17,7.3));
#12887=CARTESIAN_POINT('',(-15.27,-7.17,-2.64219723179618));
#12888=CARTESIAN_POINT('',(-15.27,-7.17,2.53));
#12889=CARTESIAN_POINT('',(3.88578058618805E-15,-7.17,-2.64219723179618));
#12890=CARTESIAN_POINT('Origin',(-14.7,-4.89,5.59));
#12891=CARTESIAN_POINT('',(-15.27,-6.03,5.59));
#12892=CARTESIAN_POINT('',(-14.7,-6.03,5.59));
#12893=CARTESIAN_POINT('',(-15.27,-4.89,6.73));
#12894=CARTESIAN_POINT('Origin',(-15.27,-4.89,5.59));
#12895=CARTESIAN_POINT('',(-14.7,-4.89,6.73));
#12896=CARTESIAN_POINT('Origin',(-14.13,-6.03,2.53));
#12897=CARTESIAN_POINT('',(-15.27,-6.03,-2.64219723179618));
#12898=CARTESIAN_POINT('',(-7.065,-6.03,-2.64219723179618));
#12899=CARTESIAN_POINT('',(-15.27,-6.03,0.));
#12900=CARTESIAN_POINT('Origin',(-14.33,4.525,-3.07109861589809));
#12901=CARTESIAN_POINT('',(-14.53,-6.77,-3.5));
#12902=CARTESIAN_POINT('',(-14.53,-6.43,-3.5));
#12903=CARTESIAN_POINT('',(-14.53,4.525,-3.5));
#12904=CARTESIAN_POINT('',(-14.53,-6.43,-3.5));
#12905=CARTESIAN_POINT('',(-14.53,-6.77,-3.5));
#12906=CARTESIAN_POINT('Origin',(-7.065,-6.23,-3.07109861589809));
#12907=CARTESIAN_POINT('',(-14.87,-6.43,-3.5));
#12908=CARTESIAN_POINT('',(-7.065,-6.43,-3.5));
#12909=CARTESIAN_POINT('',(-14.87,-6.43,-3.5));
#12910=CARTESIAN_POINT('Origin',(-15.07,4.525,-3.07109861589809));
#12911=CARTESIAN_POINT('',(-14.87,-6.77,-3.5));
#12912=CARTESIAN_POINT('',(-14.87,4.525,-3.5));
#12913=CARTESIAN_POINT('',(-14.87,-6.77,-3.5));
#12914=CARTESIAN_POINT('',(-15.27,4.525,-2.64219723179618));
#12915=CARTESIAN_POINT('Origin',(3.88578058618805E-15,-6.97,-3.07109861589809));
#12916=CARTESIAN_POINT('',(3.88578058618805E-15,-6.77,-3.5));
#12917=CARTESIAN_POINT('Origin',(6.66133814775094E-15,-3.85,-3.5));
#12918=CARTESIAN_POINT('Origin',(-14.415,11.4710986158981,7.67));
#12919=CARTESIAN_POINT('',(-14.53,11.9,7.47));
#12920=CARTESIAN_POINT('',(-14.87,11.9,7.47));
#12921=CARTESIAN_POINT('',(-14.415,11.9,7.47));
#12922=CARTESIAN_POINT('',(-15.27,11.0421972317962,7.87));
#12923=CARTESIAN_POINT('',(-14.87,11.9,7.47));
#12924=CARTESIAN_POINT('',(-14.415,11.0421972317962,7.87));
#12925=CARTESIAN_POINT('',(-14.53,11.9,7.47));
#12926=CARTESIAN_POINT('Origin',(-15.07,11.4710986158981,7.585));
#12927=CARTESIAN_POINT('',(-15.27,11.0421972317962,6.73));
#12928=CARTESIAN_POINT('',(-15.27,11.0421972317962,7.585));
#12929=CARTESIAN_POINT('',(-14.87,11.9,7.13));
#12930=CARTESIAN_POINT('',(-14.87,11.9,7.585));
#12931=CARTESIAN_POINT('',(-14.87,11.9,7.13));
#12932=CARTESIAN_POINT('Origin',(-14.985,11.4710986158981,6.93));
#12933=CARTESIAN_POINT('',(-14.985,11.0421972317962,6.73));
#12934=CARTESIAN_POINT('',(-14.53,11.9,7.13));
#12935=CARTESIAN_POINT('',(-14.985,11.9,7.13));
#12936=CARTESIAN_POINT('',(-14.53,11.9,7.13));
#12937=CARTESIAN_POINT('Origin',(-14.33,11.4710986158981,7.015));
#12938=CARTESIAN_POINT('',(-14.53,11.9,7.015));
#12939=CARTESIAN_POINT('Origin',(-14.13,12.9,7.87));
#12940=CARTESIAN_POINT('',(-15.27,12.9,7.87));
#12941=CARTESIAN_POINT('Origin',(-14.7,11.9,7.3));
#12942=CARTESIAN_POINT('Origin',(-15.27,12.9,7.87));
#12943=CARTESIAN_POINT('',(-15.27,12.9,6.73));
#12944=CARTESIAN_POINT('Origin',(-15.27,12.9,6.73));
#12945=UNCERTAINTY_MEASURE_WITH_UNIT(LENGTH_MEASURE(0.01),#12949,
'DISTANCE_ACCURACY_VALUE',
'Maximum model space distance between geometric entities at asserted c
onnectivities');
#12946=UNCERTAINTY_MEASURE_WITH_UNIT(LENGTH_MEASURE(0.01),#12949,
'DISTANCE_ACCURACY_VALUE',
'Maximum model space distance between geometric entities at asserted c
onnectivities');
#12947=(
GEOMETRIC_REPRESENTATION_CONTEXT(3)
GLOBAL_UNCERTAINTY_ASSIGNED_CONTEXT((#12945))
GLOBAL_UNIT_ASSIGNED_CONTEXT((#12949,#12951,#12952))
REPRESENTATION_CONTEXT('','3D')
);
#12948=(
GEOMETRIC_REPRESENTATION_CONTEXT(3)
GLOBAL_UNCERTAINTY_ASSIGNED_CONTEXT((#12946))
GLOBAL_UNIT_ASSIGNED_CONTEXT((#12949,#12951,#12952))
REPRESENTATION_CONTEXT('','3D')
);
#12949=(
LENGTH_UNIT()
NAMED_UNIT(*)
SI_UNIT(.MILLI.,.METRE.)
);
#12950=(
LENGTH_UNIT()
NAMED_UNIT(*)
SI_UNIT($,.METRE.)
);
#12951=(
NAMED_UNIT(*)
PLANE_ANGLE_UNIT()
SI_UNIT($,.RADIAN.)
);
#12952=(
NAMED_UNIT(*)
SI_UNIT($,.STERADIAN.)
SOLID_ANGLE_UNIT()
);
#12953=SHAPE_DEFINITION_REPRESENTATION(#12954,#12955);
#12954=PRODUCT_DEFINITION_SHAPE('',$,#12957);
#12955=SHAPE_REPRESENTATION('',(#8087),#12947);
#12956=PRODUCT_DEFINITION_CONTEXT('part definition',#12961,'design');
#12957=PRODUCT_DEFINITION('DS1073-01-2x8-MR2T6',
'DS1073-01-2x8-MR2T6 v2',#12958,#12956);
#12958=PRODUCT_DEFINITION_FORMATION('',$,#12963);
#12959=PRODUCT_RELATED_PRODUCT_CATEGORY('DS1073-01-2x8-MR2T6 v2',
'DS1073-01-2x8-MR2T6 v2',(#12963));
#12960=APPLICATION_PROTOCOL_DEFINITION('international standard',
'automotive_design',2009,#12961);
#12961=APPLICATION_CONTEXT(
'Core Data for Automotive Mechanical Design Process');
#12962=PRODUCT_CONTEXT('part definition',#12961,'mechanical');
#12963=PRODUCT('DS1073-01-2x8-MR2T6','DS1073-01-2x8-MR2T6 v2',$,(#12962));
#12964=PRESENTATION_STYLE_ASSIGNMENT((#12967));
#12965=PRESENTATION_STYLE_ASSIGNMENT((#12968));
#12966=PRESENTATION_STYLE_ASSIGNMENT((#12969));
#12967=SURFACE_STYLE_USAGE(.BOTH.,#12970);
#12968=SURFACE_STYLE_USAGE(.BOTH.,#12971);
#12969=SURFACE_STYLE_USAGE(.BOTH.,#12972);
#12970=SURFACE_SIDE_STYLE('',(#12973));
#12971=SURFACE_SIDE_STYLE('',(#12974));
#12972=SURFACE_SIDE_STYLE('',(#12975));
#12973=SURFACE_STYLE_FILL_AREA(#12976);
#12974=SURFACE_STYLE_FILL_AREA(#12977);
#12975=SURFACE_STYLE_FILL_AREA(#12978);
#12976=FILL_AREA_STYLE('ABS (White)',(#12979));
#12977=FILL_AREA_STYLE('Nylon 6-6 (White)',(#12980));
#12978=FILL_AREA_STYLE('Lead - Satin',(#12981));
#12979=FILL_AREA_STYLE_COLOUR('ABS (White)',#12982);
#12980=FILL_AREA_STYLE_COLOUR('Nylon 6-6 (White)',#12983);
#12981=FILL_AREA_STYLE_COLOUR('Lead - Satin',#12984);
#12982=COLOUR_RGB('ABS (White)',0.964705882352941,0.964705882352941,0.952941176470588);
#12983=COLOUR_RGB('Nylon 6-6 (White)',0.972549019607843,0.968627450980392,
0.929411764705882);
#12984=COLOUR_RGB('Lead - Satin',0.815686274509804,0.815686274509804,0.815686274509804);
ENDSEC;
END-ISO-10303-21;
