ISO-10303-21;
HEADER;
FILE_DESCRIPTION(('STEP AP214'),
    '1');
FILE_NAME('DS1069 (CWF CONNFLY)',
    '2018-04-27T07:32:19',
    ('Chugay'),
    (''),
    'ASCON STEP Converter 1.3',
    'ASCON Math Kernel',
    '');
FILE_SCHEMA(('AUTOMOTIVE_DESIGN { 1 0 10303 214 3 1 1}'));
ENDSEC;

DATA;
#1=SHAPE_REPRESENTATION('NONE',(#2),#6);
#2=AXIS2_PLACEMENT_3D('',#3,#4,#5);
#3=CARTESIAN_POINT('',(0.,0.,0.));
#4=DIRECTION('',(0.,0.,1.));
#5=DIRECTION('',(1.,0.,0.));
#6=(GEOMETRIC_REPRESENTATION_CONTEXT(3)GLOBAL_UNCERTAINTY_ASSIGNED_CONTEXT((#8))
GLOBAL_UNIT_ASSIGNED_CONTEXT((#7,#9,#10))REPRESENTATION_CONTEXT('NONE','NONE'));
#7=(LENGTH_UNIT()NAMED_UNIT(*)SI_UNIT(.MILLI.,.METRE.));
#8=UNCERTAINTY_MEASURE_WITH_UNIT(LENGTH_MEASURE(1.E-005),#7,'NONE','NONE');
#9=(NAMED_UNIT(*)PLANE_ANGLE_UNIT()SI_UNIT($,.RADIAN.));
#10=(NAMED_UNIT(*)SI_UNIT($,.STERADIAN.)SOLID_ANGLE_UNIT());
#11=SHAPE_DEFINITION_REPRESENTATION(#12,#1);
#12=PRODUCT_DEFINITION_SHAPE('NONE','NONE',#13);
#13=PRODUCT_DEFINITION('','UNSPECIFIED',#14,#22);
#14=PRODUCT_DEFINITION_FORMATION_WITH_SPECIFIED_SOURCE('ANY','UNSPECIFIED',#15,.NOT_KNOWN.);
#15=PRODUCT('','CWF-X','NONE',(#25));
#16=PERSON('UNSPECIFIED','Chugay','UNSPECIFIED',('UNSPECIFIED'),('UNSPECIFIED'),
('UNSPECIFIED'));
#17=ORGANIZATION('UNSPECIFIED','UNSPECIFIED','UNSPECIFIED');
#18=PERSON_AND_ORGANIZATION(#16,#17);
#19=PERSON_AND_ORGANIZATION_ROLE('design_owner');
#20=CC_DESIGN_PERSON_AND_ORGANIZATION_ASSIGNMENT(#18,#19,(#15));
#21=PRODUCT_RELATED_PRODUCT_CATEGORY('detail','',(#15));
#22=DESIGN_CONTEXT('detailed design',#23,'design');
#23=APPLICATION_CONTEXT('configuration controlled 3d designs of mechanical parts and assemblies');
#24=APPLICATION_PROTOCOL_DEFINITION('international standard','automotive_design',
2011,#23);
#25=MECHANICAL_CONTEXT('NONE',#23,'mechanical');
#26=CC_DESIGN_DATE_AND_TIME_ASSIGNMENT(#27,#31,(#13));
#27=DATE_AND_TIME(#28,#29);
#28=CALENDAR_DATE(0,1,1);
#29=LOCAL_TIME(0,0,0.,#30);
#30=COORDINATED_UNIVERSAL_TIME_OFFSET(0,0,.AHEAD.);
#31=DATE_TIME_ROLE('creation_date');
#32=CC_DESIGN_APPROVAL(#33,(#13));
#33=APPROVAL(#34,'UNSPECIFIED');
#34=APPROVAL_STATUS('not_yet_approved');
#35=APPROVAL_DATE_TIME(#36,#33);
#36=DATE_AND_TIME(#37,#38);
#37=CALENDAR_DATE(0,1,1);
#38=LOCAL_TIME(0,0,0.,#39);
#39=COORDINATED_UNIVERSAL_TIME_OFFSET(0,0,.AHEAD.);
#40=DERIVED_UNIT((#44,#41));
#41=DERIVED_UNIT_ELEMENT(#42,-1.);
#42=VOLUME_UNIT(#43);
#43=DIMENSIONAL_EXPONENTS(3.,0.,0.,0.,0.,0.,0.);
#44=(NAMED_UNIT($)MASS_UNIT()SI_UNIT($,.GRAM.));
#45=MANIFOLD_SOLID_BREP('',#46);
#46=CLOSED_SHELL('',(#58,#67,#76,#85,#94,#103,#112,#121,#130,#139,#148,#157,#166,
#175,#184,#193,#202,#211,#220,#229,#238,#247,#256,#265,#274,#283,#292,#301,#310,
#319,#328,#337,#346,#355,#364,#373,#382,#391,#400,#409,#418,#427,#436,#445,#454,
#463,#472,#481,#490,#499,#508,#517,#526,#535,#544,#553,#562,#571,#580,#589,#598,
#607,#616,#625,#634,#643,#652,#661,#670,#679,#688,#697,#706,#715,#724,#733,#742,
#751,#760,#769,#778,#787,#796,#805,#814,#823,#832,#841,#850,#859,#868,#877,#886,
#895,#904,#913,#922,#931,#940,#949,#958,#967,#976,#985,#994,#1003,#1012,#1021,#1030,
#1039,#1048,#1057,#1066,#1075,#1084,#1093,#1102,#1111,#1120,#1129,#1138,#1147,#1156,
#1165,#1174,#1183,#1192,#1201,#1210,#1219,#1228,#1237,#1246,#1255,#1264,#1273,#1282,
#1291,#1300,#1309,#1318,#1327,#1336,#1345,#1354,#1363,#1372,#1381,#1390,#1399,#1408,
#1417,#1426,#1435,#1444,#1453,#1462,#1471,#1480,#1489,#1498,#1507,#1516,#1525,#1534,
#1543,#1552,#1561,#1570,#1579,#1588,#1597,#1606,#1615,#1624,#1633,#1642,#1651,#1660,
#1669,#1678,#1687,#1696,#1705,#1714,#1723,#1732,#1741,#1750,#1759,#1768,#1777,#1786,
#1795,#1804,#1813,#1822,#1831,#1840,#1849,#1858,#1867,#1876,#1885,#1894,#1903,#1912,
#1921,#1930,#1939,#1948,#1957,#1966,#1975,#1984,#1993,#2002,#2011,#2020,#2029,#2038,
#2047,#2056,#2065,#2074,#2083,#2092,#2101,#2110,#2119,#2128,#2137,#2146,#2155,#2164,
#2173,#2182,#2191,#2200,#2209,#2218,#2227,#2236,#2245,#2254,#2263,#2272,#2281,#2290,
#2299,#2308,#2317,#2326));
#47=COLOUR_RGB($,1.,1.,1.);
#48=FILL_AREA_STYLE_COLOUR($,#47);
#49=FILL_AREA_STYLE($,(#48));
#50=SURFACE_STYLE_FILL_AREA(#49);
#51=SURFACE_SIDE_STYLE('',(#50));
#52=SURFACE_STYLE_USAGE(.BOTH.,#51);
#53=PRESENTATION_STYLE_ASSIGNMENT((#52));
#54=MECHANICAL_DESIGN_GEOMETRIC_PRESENTATION_REPRESENTATION('NONE',(#55,#66,#75,
#84,#93,#102,#111,#120,#129,#138,#147,#156,#165,#174,#183,#192,#201,#210,#219,#228,
#237,#246,#255,#264,#273,#282,#291,#300,#309,#318,#327,#336,#345,#354,#363,#372,
#381,#390,#399,#408,#417,#426,#435,#444,#453,#462,#471,#480,#489,#498,#507,#516,
#525,#534,#543,#552,#561,#570,#579,#588,#597,#606,#615,#624,#633,#642,#651,#660,
#669,#678,#687,#696,#705,#714,#723,#732,#741,#750,#759,#768,#777,#786,#795,#804,
#813,#822,#831,#840,#849,#858,#867,#876,#885,#894,#903,#912,#921,#930,#939,#948,
#957,#966,#975,#984,#993,#1002,#1011,#1020,#1029,#1038,#1047,#1056,#1065,#1074,#1083,
#1092,#1101,#1110,#1119,#1128,#1137,#1146,#1155,#1164,#1173,#1182,#1191,#1200,#1209,
#1218,#1227,#1236,#1245,#1254,#1263,#1272,#1281,#1290,#1299,#1308,#1317,#1326,#1335,
#1344,#1353,#1362,#1371,#1380,#1389,#1398,#1407,#1416,#1425,#1434,#1443,#1452,#1461,
#1470,#1479,#1488,#1497,#1506,#1515,#1524,#1533,#1542,#1551,#1560,#1569,#1578,#1587,
#1596,#1605,#1614,#1623,#1632,#1641,#1650,#1659,#1668,#1677,#1686,#1695,#1704,#1713,
#1722,#1731,#1740,#1749,#1758,#1767,#1776,#1785,#1794,#1803,#1812,#1821,#1830,#1839,
#1848,#1857,#1866,#1875,#1884,#1893,#1902,#1911,#1920,#1929,#1938,#1947,#1956,#1965,
#1974,#1983,#1992,#2001,#2010,#2019,#2028,#2037,#2046,#2055,#2064,#2073,#2082,#2091,
#2100,#2109,#2118,#2127,#2136,#2145,#2154,#2163,#2172,#2181,#2190,#2199,#2208,#2217,
#2226,#2235,#2244,#2253,#2262,#2271,#2280,#2289,#2298,#2307,#2316,#2325,#2334),#6);
#55=STYLED_ITEM('',(#53),#45);
#56=ADVANCED_BREP_SHAPE_REPRESENTATION('NONE',(#45),#6);
#57=SHAPE_REPRESENTATION_RELATIONSHIP('','',#1,#56);
#58=ADVANCED_FACE('',(#2335),#2337,.F.);
#59=COLOUR_RGB($,1.,1.,1.);
#60=FILL_AREA_STYLE_COLOUR($,#59);
#61=FILL_AREA_STYLE($,(#60));
#62=SURFACE_STYLE_FILL_AREA(#61);
#63=SURFACE_SIDE_STYLE('',(#62));
#64=SURFACE_STYLE_USAGE(.BOTH.,#63);
#65=PRESENTATION_STYLE_ASSIGNMENT((#64));
#66=STYLED_ITEM('',(#65),#58);
#67=ADVANCED_FACE('',(#2342),#2344,.T.);
#68=COLOUR_RGB($,1.,1.,1.);
#69=FILL_AREA_STYLE_COLOUR($,#68);
#70=FILL_AREA_STYLE($,(#69));
#71=SURFACE_STYLE_FILL_AREA(#70);
#72=SURFACE_SIDE_STYLE('',(#71));
#73=SURFACE_STYLE_USAGE(.BOTH.,#72);
#74=PRESENTATION_STYLE_ASSIGNMENT((#73));
#75=STYLED_ITEM('',(#74),#67);
#76=ADVANCED_FACE('',(#2349),#2351,.T.);
#77=COLOUR_RGB($,1.,1.,1.);
#78=FILL_AREA_STYLE_COLOUR($,#77);
#79=FILL_AREA_STYLE($,(#78));
#80=SURFACE_STYLE_FILL_AREA(#79);
#81=SURFACE_SIDE_STYLE('',(#80));
#82=SURFACE_STYLE_USAGE(.BOTH.,#81);
#83=PRESENTATION_STYLE_ASSIGNMENT((#82));
#84=STYLED_ITEM('',(#83),#76);
#85=ADVANCED_FACE('',(#2356),#2358,.T.);
#86=COLOUR_RGB($,1.,1.,1.);
#87=FILL_AREA_STYLE_COLOUR($,#86);
#88=FILL_AREA_STYLE($,(#87));
#89=SURFACE_STYLE_FILL_AREA(#88);
#90=SURFACE_SIDE_STYLE('',(#89));
#91=SURFACE_STYLE_USAGE(.BOTH.,#90);
#92=PRESENTATION_STYLE_ASSIGNMENT((#91));
#93=STYLED_ITEM('',(#92),#85);
#94=ADVANCED_FACE('',(#2363),#2365,.F.);
#95=COLOUR_RGB($,1.,1.,1.);
#96=FILL_AREA_STYLE_COLOUR($,#95);
#97=FILL_AREA_STYLE($,(#96));
#98=SURFACE_STYLE_FILL_AREA(#97);
#99=SURFACE_SIDE_STYLE('',(#98));
#100=SURFACE_STYLE_USAGE(.BOTH.,#99);
#101=PRESENTATION_STYLE_ASSIGNMENT((#100));
#102=STYLED_ITEM('',(#101),#94);
#103=ADVANCED_FACE('',(#2370),#2372,.F.);
#104=COLOUR_RGB($,1.,1.,1.);
#105=FILL_AREA_STYLE_COLOUR($,#104);
#106=FILL_AREA_STYLE($,(#105));
#107=SURFACE_STYLE_FILL_AREA(#106);
#108=SURFACE_SIDE_STYLE('',(#107));
#109=SURFACE_STYLE_USAGE(.BOTH.,#108);
#110=PRESENTATION_STYLE_ASSIGNMENT((#109));
#111=STYLED_ITEM('',(#110),#103);
#112=ADVANCED_FACE('',(#2377),#2379,.F.);
#113=COLOUR_RGB($,1.,1.,1.);
#114=FILL_AREA_STYLE_COLOUR($,#113);
#115=FILL_AREA_STYLE($,(#114));
#116=SURFACE_STYLE_FILL_AREA(#115);
#117=SURFACE_SIDE_STYLE('',(#116));
#118=SURFACE_STYLE_USAGE(.BOTH.,#117);
#119=PRESENTATION_STYLE_ASSIGNMENT((#118));
#120=STYLED_ITEM('',(#119),#112);
#121=ADVANCED_FACE('',(#2384),#2386,.F.);
#122=COLOUR_RGB($,1.,1.,1.);
#123=FILL_AREA_STYLE_COLOUR($,#122);
#124=FILL_AREA_STYLE($,(#123));
#125=SURFACE_STYLE_FILL_AREA(#124);
#126=SURFACE_SIDE_STYLE('',(#125));
#127=SURFACE_STYLE_USAGE(.BOTH.,#126);
#128=PRESENTATION_STYLE_ASSIGNMENT((#127));
#129=STYLED_ITEM('',(#128),#121);
#130=ADVANCED_FACE('',(#2391),#2393,.F.);
#131=COLOUR_RGB($,1.,1.,1.);
#132=FILL_AREA_STYLE_COLOUR($,#131);
#133=FILL_AREA_STYLE($,(#132));
#134=SURFACE_STYLE_FILL_AREA(#133);
#135=SURFACE_SIDE_STYLE('',(#134));
#136=SURFACE_STYLE_USAGE(.BOTH.,#135);
#137=PRESENTATION_STYLE_ASSIGNMENT((#136));
#138=STYLED_ITEM('',(#137),#130);
#139=ADVANCED_FACE('',(#2398),#2400,.F.);
#140=COLOUR_RGB($,1.,1.,1.);
#141=FILL_AREA_STYLE_COLOUR($,#140);
#142=FILL_AREA_STYLE($,(#141));
#143=SURFACE_STYLE_FILL_AREA(#142);
#144=SURFACE_SIDE_STYLE('',(#143));
#145=SURFACE_STYLE_USAGE(.BOTH.,#144);
#146=PRESENTATION_STYLE_ASSIGNMENT((#145));
#147=STYLED_ITEM('',(#146),#139);
#148=ADVANCED_FACE('',(#2405),#2407,.T.);
#149=COLOUR_RGB($,1.,1.,1.);
#150=FILL_AREA_STYLE_COLOUR($,#149);
#151=FILL_AREA_STYLE($,(#150));
#152=SURFACE_STYLE_FILL_AREA(#151);
#153=SURFACE_SIDE_STYLE('',(#152));
#154=SURFACE_STYLE_USAGE(.BOTH.,#153);
#155=PRESENTATION_STYLE_ASSIGNMENT((#154));
#156=STYLED_ITEM('',(#155),#148);
#157=ADVANCED_FACE('',(#2412),#2414,.F.);
#158=COLOUR_RGB($,1.,1.,1.);
#159=FILL_AREA_STYLE_COLOUR($,#158);
#160=FILL_AREA_STYLE($,(#159));
#161=SURFACE_STYLE_FILL_AREA(#160);
#162=SURFACE_SIDE_STYLE('',(#161));
#163=SURFACE_STYLE_USAGE(.BOTH.,#162);
#164=PRESENTATION_STYLE_ASSIGNMENT((#163));
#165=STYLED_ITEM('',(#164),#157);
#166=ADVANCED_FACE('',(#2419),#2421,.F.);
#167=COLOUR_RGB($,1.,1.,1.);
#168=FILL_AREA_STYLE_COLOUR($,#167);
#169=FILL_AREA_STYLE($,(#168));
#170=SURFACE_STYLE_FILL_AREA(#169);
#171=SURFACE_SIDE_STYLE('',(#170));
#172=SURFACE_STYLE_USAGE(.BOTH.,#171);
#173=PRESENTATION_STYLE_ASSIGNMENT((#172));
#174=STYLED_ITEM('',(#173),#166);
#175=ADVANCED_FACE('',(#2426,#2428,#2430,#2432,#2434,#2436,#2438,#2440,#2442,#2444,
#2446),#2448,.T.);
#176=COLOUR_RGB($,1.,1.,1.);
#177=FILL_AREA_STYLE_COLOUR($,#176);
#178=FILL_AREA_STYLE($,(#177));
#179=SURFACE_STYLE_FILL_AREA(#178);
#180=SURFACE_SIDE_STYLE('',(#179));
#181=SURFACE_STYLE_USAGE(.BOTH.,#180);
#182=PRESENTATION_STYLE_ASSIGNMENT((#181));
#183=STYLED_ITEM('',(#182),#175);
#184=ADVANCED_FACE('',(#2453),#2455,.F.);
#185=COLOUR_RGB($,1.,1.,1.);
#186=FILL_AREA_STYLE_COLOUR($,#185);
#187=FILL_AREA_STYLE($,(#186));
#188=SURFACE_STYLE_FILL_AREA(#187);
#189=SURFACE_SIDE_STYLE('',(#188));
#190=SURFACE_STYLE_USAGE(.BOTH.,#189);
#191=PRESENTATION_STYLE_ASSIGNMENT((#190));
#192=STYLED_ITEM('',(#191),#184);
#193=ADVANCED_FACE('',(#2460),#2462,.F.);
#194=COLOUR_RGB($,1.,1.,1.);
#195=FILL_AREA_STYLE_COLOUR($,#194);
#196=FILL_AREA_STYLE($,(#195));
#197=SURFACE_STYLE_FILL_AREA(#196);
#198=SURFACE_SIDE_STYLE('',(#197));
#199=SURFACE_STYLE_USAGE(.BOTH.,#198);
#200=PRESENTATION_STYLE_ASSIGNMENT((#199));
#201=STYLED_ITEM('',(#200),#193);
#202=ADVANCED_FACE('',(#2467),#2469,.T.);
#203=COLOUR_RGB($,1.,1.,1.);
#204=FILL_AREA_STYLE_COLOUR($,#203);
#205=FILL_AREA_STYLE($,(#204));
#206=SURFACE_STYLE_FILL_AREA(#205);
#207=SURFACE_SIDE_STYLE('',(#206));
#208=SURFACE_STYLE_USAGE(.BOTH.,#207);
#209=PRESENTATION_STYLE_ASSIGNMENT((#208));
#210=STYLED_ITEM('',(#209),#202);
#211=ADVANCED_FACE('',(#2474),#2476,.T.);
#212=COLOUR_RGB($,1.,1.,1.);
#213=FILL_AREA_STYLE_COLOUR($,#212);
#214=FILL_AREA_STYLE($,(#213));
#215=SURFACE_STYLE_FILL_AREA(#214);
#216=SURFACE_SIDE_STYLE('',(#215));
#217=SURFACE_STYLE_USAGE(.BOTH.,#216);
#218=PRESENTATION_STYLE_ASSIGNMENT((#217));
#219=STYLED_ITEM('',(#218),#211);
#220=ADVANCED_FACE('',(#2481),#2483,.F.);
#221=COLOUR_RGB($,1.,1.,1.);
#222=FILL_AREA_STYLE_COLOUR($,#221);
#223=FILL_AREA_STYLE($,(#222));
#224=SURFACE_STYLE_FILL_AREA(#223);
#225=SURFACE_SIDE_STYLE('',(#224));
#226=SURFACE_STYLE_USAGE(.BOTH.,#225);
#227=PRESENTATION_STYLE_ASSIGNMENT((#226));
#228=STYLED_ITEM('',(#227),#220);
#229=ADVANCED_FACE('',(#2488),#2490,.F.);
#230=COLOUR_RGB($,1.,1.,1.);
#231=FILL_AREA_STYLE_COLOUR($,#230);
#232=FILL_AREA_STYLE($,(#231));
#233=SURFACE_STYLE_FILL_AREA(#232);
#234=SURFACE_SIDE_STYLE('',(#233));
#235=SURFACE_STYLE_USAGE(.BOTH.,#234);
#236=PRESENTATION_STYLE_ASSIGNMENT((#235));
#237=STYLED_ITEM('',(#236),#229);
#238=ADVANCED_FACE('',(#2495),#2497,.F.);
#239=COLOUR_RGB($,1.,1.,1.);
#240=FILL_AREA_STYLE_COLOUR($,#239);
#241=FILL_AREA_STYLE($,(#240));
#242=SURFACE_STYLE_FILL_AREA(#241);
#243=SURFACE_SIDE_STYLE('',(#242));
#244=SURFACE_STYLE_USAGE(.BOTH.,#243);
#245=PRESENTATION_STYLE_ASSIGNMENT((#244));
#246=STYLED_ITEM('',(#245),#238);
#247=ADVANCED_FACE('',(#2502),#2504,.F.);
#248=COLOUR_RGB($,1.,1.,1.);
#249=FILL_AREA_STYLE_COLOUR($,#248);
#250=FILL_AREA_STYLE($,(#249));
#251=SURFACE_STYLE_FILL_AREA(#250);
#252=SURFACE_SIDE_STYLE('',(#251));
#253=SURFACE_STYLE_USAGE(.BOTH.,#252);
#254=PRESENTATION_STYLE_ASSIGNMENT((#253));
#255=STYLED_ITEM('',(#254),#247);
#256=ADVANCED_FACE('',(#2509),#2511,.F.);
#257=COLOUR_RGB($,1.,1.,1.);
#258=FILL_AREA_STYLE_COLOUR($,#257);
#259=FILL_AREA_STYLE($,(#258));
#260=SURFACE_STYLE_FILL_AREA(#259);
#261=SURFACE_SIDE_STYLE('',(#260));
#262=SURFACE_STYLE_USAGE(.BOTH.,#261);
#263=PRESENTATION_STYLE_ASSIGNMENT((#262));
#264=STYLED_ITEM('',(#263),#256);
#265=ADVANCED_FACE('',(#2516),#2518,.F.);
#266=COLOUR_RGB($,1.,1.,1.);
#267=FILL_AREA_STYLE_COLOUR($,#266);
#268=FILL_AREA_STYLE($,(#267));
#269=SURFACE_STYLE_FILL_AREA(#268);
#270=SURFACE_SIDE_STYLE('',(#269));
#271=SURFACE_STYLE_USAGE(.BOTH.,#270);
#272=PRESENTATION_STYLE_ASSIGNMENT((#271));
#273=STYLED_ITEM('',(#272),#265);
#274=ADVANCED_FACE('',(#2523),#2525,.F.);
#275=COLOUR_RGB($,1.,1.,1.);
#276=FILL_AREA_STYLE_COLOUR($,#275);
#277=FILL_AREA_STYLE($,(#276));
#278=SURFACE_STYLE_FILL_AREA(#277);
#279=SURFACE_SIDE_STYLE('',(#278));
#280=SURFACE_STYLE_USAGE(.BOTH.,#279);
#281=PRESENTATION_STYLE_ASSIGNMENT((#280));
#282=STYLED_ITEM('',(#281),#274);
#283=ADVANCED_FACE('',(#2530),#2532,.F.);
#284=COLOUR_RGB($,1.,1.,1.);
#285=FILL_AREA_STYLE_COLOUR($,#284);
#286=FILL_AREA_STYLE($,(#285));
#287=SURFACE_STYLE_FILL_AREA(#286);
#288=SURFACE_SIDE_STYLE('',(#287));
#289=SURFACE_STYLE_USAGE(.BOTH.,#288);
#290=PRESENTATION_STYLE_ASSIGNMENT((#289));
#291=STYLED_ITEM('',(#290),#283);
#292=ADVANCED_FACE('',(#2537,#2539),#2541,.T.);
#293=COLOUR_RGB($,1.,1.,1.);
#294=FILL_AREA_STYLE_COLOUR($,#293);
#295=FILL_AREA_STYLE($,(#294));
#296=SURFACE_STYLE_FILL_AREA(#295);
#297=SURFACE_SIDE_STYLE('',(#296));
#298=SURFACE_STYLE_USAGE(.BOTH.,#297);
#299=PRESENTATION_STYLE_ASSIGNMENT((#298));
#300=STYLED_ITEM('',(#299),#292);
#301=ADVANCED_FACE('',(#2546),#2548,.F.);
#302=COLOUR_RGB($,1.,1.,1.);
#303=FILL_AREA_STYLE_COLOUR($,#302);
#304=FILL_AREA_STYLE($,(#303));
#305=SURFACE_STYLE_FILL_AREA(#304);
#306=SURFACE_SIDE_STYLE('',(#305));
#307=SURFACE_STYLE_USAGE(.BOTH.,#306);
#308=PRESENTATION_STYLE_ASSIGNMENT((#307));
#309=STYLED_ITEM('',(#308),#301);
#310=ADVANCED_FACE('',(#2553),#2555,.F.);
#311=COLOUR_RGB($,1.,1.,1.);
#312=FILL_AREA_STYLE_COLOUR($,#311);
#313=FILL_AREA_STYLE($,(#312));
#314=SURFACE_STYLE_FILL_AREA(#313);
#315=SURFACE_SIDE_STYLE('',(#314));
#316=SURFACE_STYLE_USAGE(.BOTH.,#315);
#317=PRESENTATION_STYLE_ASSIGNMENT((#316));
#318=STYLED_ITEM('',(#317),#310);
#319=ADVANCED_FACE('',(#2560),#2562,.F.);
#320=COLOUR_RGB($,1.,1.,1.);
#321=FILL_AREA_STYLE_COLOUR($,#320);
#322=FILL_AREA_STYLE($,(#321));
#323=SURFACE_STYLE_FILL_AREA(#322);
#324=SURFACE_SIDE_STYLE('',(#323));
#325=SURFACE_STYLE_USAGE(.BOTH.,#324);
#326=PRESENTATION_STYLE_ASSIGNMENT((#325));
#327=STYLED_ITEM('',(#326),#319);
#328=ADVANCED_FACE('',(#2567,#2569),#2571,.T.);
#329=COLOUR_RGB($,1.,1.,1.);
#330=FILL_AREA_STYLE_COLOUR($,#329);
#331=FILL_AREA_STYLE($,(#330));
#332=SURFACE_STYLE_FILL_AREA(#331);
#333=SURFACE_SIDE_STYLE('',(#332));
#334=SURFACE_STYLE_USAGE(.BOTH.,#333);
#335=PRESENTATION_STYLE_ASSIGNMENT((#334));
#336=STYLED_ITEM('',(#335),#328);
#337=ADVANCED_FACE('',(#2576),#2578,.F.);
#338=COLOUR_RGB($,1.,1.,1.);
#339=FILL_AREA_STYLE_COLOUR($,#338);
#340=FILL_AREA_STYLE($,(#339));
#341=SURFACE_STYLE_FILL_AREA(#340);
#342=SURFACE_SIDE_STYLE('',(#341));
#343=SURFACE_STYLE_USAGE(.BOTH.,#342);
#344=PRESENTATION_STYLE_ASSIGNMENT((#343));
#345=STYLED_ITEM('',(#344),#337);
#346=ADVANCED_FACE('',(#2583),#2585,.F.);
#347=COLOUR_RGB($,1.,1.,1.);
#348=FILL_AREA_STYLE_COLOUR($,#347);
#349=FILL_AREA_STYLE($,(#348));
#350=SURFACE_STYLE_FILL_AREA(#349);
#351=SURFACE_SIDE_STYLE('',(#350));
#352=SURFACE_STYLE_USAGE(.BOTH.,#351);
#353=PRESENTATION_STYLE_ASSIGNMENT((#352));
#354=STYLED_ITEM('',(#353),#346);
#355=ADVANCED_FACE('',(#2590),#2592,.F.);
#356=COLOUR_RGB($,1.,1.,1.);
#357=FILL_AREA_STYLE_COLOUR($,#356);
#358=FILL_AREA_STYLE($,(#357));
#359=SURFACE_STYLE_FILL_AREA(#358);
#360=SURFACE_SIDE_STYLE('',(#359));
#361=SURFACE_STYLE_USAGE(.BOTH.,#360);
#362=PRESENTATION_STYLE_ASSIGNMENT((#361));
#363=STYLED_ITEM('',(#362),#355);
#364=ADVANCED_FACE('',(#2597,#2599),#2601,.T.);
#365=COLOUR_RGB($,1.,1.,1.);
#366=FILL_AREA_STYLE_COLOUR($,#365);
#367=FILL_AREA_STYLE($,(#366));
#368=SURFACE_STYLE_FILL_AREA(#367);
#369=SURFACE_SIDE_STYLE('',(#368));
#370=SURFACE_STYLE_USAGE(.BOTH.,#369);
#371=PRESENTATION_STYLE_ASSIGNMENT((#370));
#372=STYLED_ITEM('',(#371),#364);
#373=ADVANCED_FACE('',(#2606),#2608,.F.);
#374=COLOUR_RGB($,1.,1.,1.);
#375=FILL_AREA_STYLE_COLOUR($,#374);
#376=FILL_AREA_STYLE($,(#375));
#377=SURFACE_STYLE_FILL_AREA(#376);
#378=SURFACE_SIDE_STYLE('',(#377));
#379=SURFACE_STYLE_USAGE(.BOTH.,#378);
#380=PRESENTATION_STYLE_ASSIGNMENT((#379));
#381=STYLED_ITEM('',(#380),#373);
#382=ADVANCED_FACE('',(#2613),#2615,.F.);
#383=COLOUR_RGB($,1.,1.,1.);
#384=FILL_AREA_STYLE_COLOUR($,#383);
#385=FILL_AREA_STYLE($,(#384));
#386=SURFACE_STYLE_FILL_AREA(#385);
#387=SURFACE_SIDE_STYLE('',(#386));
#388=SURFACE_STYLE_USAGE(.BOTH.,#387);
#389=PRESENTATION_STYLE_ASSIGNMENT((#388));
#390=STYLED_ITEM('',(#389),#382);
#391=ADVANCED_FACE('',(#2620),#2622,.F.);
#392=COLOUR_RGB($,1.,1.,1.);
#393=FILL_AREA_STYLE_COLOUR($,#392);
#394=FILL_AREA_STYLE($,(#393));
#395=SURFACE_STYLE_FILL_AREA(#394);
#396=SURFACE_SIDE_STYLE('',(#395));
#397=SURFACE_STYLE_USAGE(.BOTH.,#396);
#398=PRESENTATION_STYLE_ASSIGNMENT((#397));
#399=STYLED_ITEM('',(#398),#391);
#400=ADVANCED_FACE('',(#2627,#2629),#2631,.T.);
#401=COLOUR_RGB($,1.,1.,1.);
#402=FILL_AREA_STYLE_COLOUR($,#401);
#403=FILL_AREA_STYLE($,(#402));
#404=SURFACE_STYLE_FILL_AREA(#403);
#405=SURFACE_SIDE_STYLE('',(#404));
#406=SURFACE_STYLE_USAGE(.BOTH.,#405);
#407=PRESENTATION_STYLE_ASSIGNMENT((#406));
#408=STYLED_ITEM('',(#407),#400);
#409=ADVANCED_FACE('',(#2636),#2638,.F.);
#410=COLOUR_RGB($,1.,1.,1.);
#411=FILL_AREA_STYLE_COLOUR($,#410);
#412=FILL_AREA_STYLE($,(#411));
#413=SURFACE_STYLE_FILL_AREA(#412);
#414=SURFACE_SIDE_STYLE('',(#413));
#415=SURFACE_STYLE_USAGE(.BOTH.,#414);
#416=PRESENTATION_STYLE_ASSIGNMENT((#415));
#417=STYLED_ITEM('',(#416),#409);
#418=ADVANCED_FACE('',(#2643),#2645,.F.);
#419=COLOUR_RGB($,1.,1.,1.);
#420=FILL_AREA_STYLE_COLOUR($,#419);
#421=FILL_AREA_STYLE($,(#420));
#422=SURFACE_STYLE_FILL_AREA(#421);
#423=SURFACE_SIDE_STYLE('',(#422));
#424=SURFACE_STYLE_USAGE(.BOTH.,#423);
#425=PRESENTATION_STYLE_ASSIGNMENT((#424));
#426=STYLED_ITEM('',(#425),#418);
#427=ADVANCED_FACE('',(#2650),#2652,.F.);
#428=COLOUR_RGB($,1.,1.,1.);
#429=FILL_AREA_STYLE_COLOUR($,#428);
#430=FILL_AREA_STYLE($,(#429));
#431=SURFACE_STYLE_FILL_AREA(#430);
#432=SURFACE_SIDE_STYLE('',(#431));
#433=SURFACE_STYLE_USAGE(.BOTH.,#432);
#434=PRESENTATION_STYLE_ASSIGNMENT((#433));
#435=STYLED_ITEM('',(#434),#427);
#436=ADVANCED_FACE('',(#2657,#2659),#2661,.T.);
#437=COLOUR_RGB($,1.,1.,1.);
#438=FILL_AREA_STYLE_COLOUR($,#437);
#439=FILL_AREA_STYLE($,(#438));
#440=SURFACE_STYLE_FILL_AREA(#439);
#441=SURFACE_SIDE_STYLE('',(#440));
#442=SURFACE_STYLE_USAGE(.BOTH.,#441);
#443=PRESENTATION_STYLE_ASSIGNMENT((#442));
#444=STYLED_ITEM('',(#443),#436);
#445=ADVANCED_FACE('',(#2666),#2668,.F.);
#446=COLOUR_RGB($,1.,1.,1.);
#447=FILL_AREA_STYLE_COLOUR($,#446);
#448=FILL_AREA_STYLE($,(#447));
#449=SURFACE_STYLE_FILL_AREA(#448);
#450=SURFACE_SIDE_STYLE('',(#449));
#451=SURFACE_STYLE_USAGE(.BOTH.,#450);
#452=PRESENTATION_STYLE_ASSIGNMENT((#451));
#453=STYLED_ITEM('',(#452),#445);
#454=ADVANCED_FACE('',(#2673),#2675,.F.);
#455=COLOUR_RGB($,1.,1.,1.);
#456=FILL_AREA_STYLE_COLOUR($,#455);
#457=FILL_AREA_STYLE($,(#456));
#458=SURFACE_STYLE_FILL_AREA(#457);
#459=SURFACE_SIDE_STYLE('',(#458));
#460=SURFACE_STYLE_USAGE(.BOTH.,#459);
#461=PRESENTATION_STYLE_ASSIGNMENT((#460));
#462=STYLED_ITEM('',(#461),#454);
#463=ADVANCED_FACE('',(#2680),#2682,.F.);
#464=COLOUR_RGB($,1.,1.,1.);
#465=FILL_AREA_STYLE_COLOUR($,#464);
#466=FILL_AREA_STYLE($,(#465));
#467=SURFACE_STYLE_FILL_AREA(#466);
#468=SURFACE_SIDE_STYLE('',(#467));
#469=SURFACE_STYLE_USAGE(.BOTH.,#468);
#470=PRESENTATION_STYLE_ASSIGNMENT((#469));
#471=STYLED_ITEM('',(#470),#463);
#472=ADVANCED_FACE('',(#2687,#2689),#2691,.T.);
#473=COLOUR_RGB($,1.,1.,1.);
#474=FILL_AREA_STYLE_COLOUR($,#473);
#475=FILL_AREA_STYLE($,(#474));
#476=SURFACE_STYLE_FILL_AREA(#475);
#477=SURFACE_SIDE_STYLE('',(#476));
#478=SURFACE_STYLE_USAGE(.BOTH.,#477);
#479=PRESENTATION_STYLE_ASSIGNMENT((#478));
#480=STYLED_ITEM('',(#479),#472);
#481=ADVANCED_FACE('',(#2696),#2698,.F.);
#482=COLOUR_RGB($,1.,1.,1.);
#483=FILL_AREA_STYLE_COLOUR($,#482);
#484=FILL_AREA_STYLE($,(#483));
#485=SURFACE_STYLE_FILL_AREA(#484);
#486=SURFACE_SIDE_STYLE('',(#485));
#487=SURFACE_STYLE_USAGE(.BOTH.,#486);
#488=PRESENTATION_STYLE_ASSIGNMENT((#487));
#489=STYLED_ITEM('',(#488),#481);
#490=ADVANCED_FACE('',(#2703),#2705,.F.);
#491=COLOUR_RGB($,1.,1.,1.);
#492=FILL_AREA_STYLE_COLOUR($,#491);
#493=FILL_AREA_STYLE($,(#492));
#494=SURFACE_STYLE_FILL_AREA(#493);
#495=SURFACE_SIDE_STYLE('',(#494));
#496=SURFACE_STYLE_USAGE(.BOTH.,#495);
#497=PRESENTATION_STYLE_ASSIGNMENT((#496));
#498=STYLED_ITEM('',(#497),#490);
#499=ADVANCED_FACE('',(#2710),#2712,.F.);
#500=COLOUR_RGB($,1.,1.,1.);
#501=FILL_AREA_STYLE_COLOUR($,#500);
#502=FILL_AREA_STYLE($,(#501));
#503=SURFACE_STYLE_FILL_AREA(#502);
#504=SURFACE_SIDE_STYLE('',(#503));
#505=SURFACE_STYLE_USAGE(.BOTH.,#504);
#506=PRESENTATION_STYLE_ASSIGNMENT((#505));
#507=STYLED_ITEM('',(#506),#499);
#508=ADVANCED_FACE('',(#2717,#2719),#2721,.T.);
#509=COLOUR_RGB($,1.,1.,1.);
#510=FILL_AREA_STYLE_COLOUR($,#509);
#511=FILL_AREA_STYLE($,(#510));
#512=SURFACE_STYLE_FILL_AREA(#511);
#513=SURFACE_SIDE_STYLE('',(#512));
#514=SURFACE_STYLE_USAGE(.BOTH.,#513);
#515=PRESENTATION_STYLE_ASSIGNMENT((#514));
#516=STYLED_ITEM('',(#515),#508);
#517=ADVANCED_FACE('',(#2726),#2728,.F.);
#518=COLOUR_RGB($,1.,1.,1.);
#519=FILL_AREA_STYLE_COLOUR($,#518);
#520=FILL_AREA_STYLE($,(#519));
#521=SURFACE_STYLE_FILL_AREA(#520);
#522=SURFACE_SIDE_STYLE('',(#521));
#523=SURFACE_STYLE_USAGE(.BOTH.,#522);
#524=PRESENTATION_STYLE_ASSIGNMENT((#523));
#525=STYLED_ITEM('',(#524),#517);
#526=ADVANCED_FACE('',(#2733),#2735,.F.);
#527=COLOUR_RGB($,1.,1.,1.);
#528=FILL_AREA_STYLE_COLOUR($,#527);
#529=FILL_AREA_STYLE($,(#528));
#530=SURFACE_STYLE_FILL_AREA(#529);
#531=SURFACE_SIDE_STYLE('',(#530));
#532=SURFACE_STYLE_USAGE(.BOTH.,#531);
#533=PRESENTATION_STYLE_ASSIGNMENT((#532));
#534=STYLED_ITEM('',(#533),#526);
#535=ADVANCED_FACE('',(#2740),#2742,.F.);
#536=COLOUR_RGB($,1.,1.,1.);
#537=FILL_AREA_STYLE_COLOUR($,#536);
#538=FILL_AREA_STYLE($,(#537));
#539=SURFACE_STYLE_FILL_AREA(#538);
#540=SURFACE_SIDE_STYLE('',(#539));
#541=SURFACE_STYLE_USAGE(.BOTH.,#540);
#542=PRESENTATION_STYLE_ASSIGNMENT((#541));
#543=STYLED_ITEM('',(#542),#535);
#544=ADVANCED_FACE('',(#2747,#2749),#2751,.T.);
#545=COLOUR_RGB($,1.,1.,1.);
#546=FILL_AREA_STYLE_COLOUR($,#545);
#547=FILL_AREA_STYLE($,(#546));
#548=SURFACE_STYLE_FILL_AREA(#547);
#549=SURFACE_SIDE_STYLE('',(#548));
#550=SURFACE_STYLE_USAGE(.BOTH.,#549);
#551=PRESENTATION_STYLE_ASSIGNMENT((#550));
#552=STYLED_ITEM('',(#551),#544);
#553=ADVANCED_FACE('',(#2756),#2758,.F.);
#554=COLOUR_RGB($,1.,1.,1.);
#555=FILL_AREA_STYLE_COLOUR($,#554);
#556=FILL_AREA_STYLE($,(#555));
#557=SURFACE_STYLE_FILL_AREA(#556);
#558=SURFACE_SIDE_STYLE('',(#557));
#559=SURFACE_STYLE_USAGE(.BOTH.,#558);
#560=PRESENTATION_STYLE_ASSIGNMENT((#559));
#561=STYLED_ITEM('',(#560),#553);
#562=ADVANCED_FACE('',(#2763),#2765,.F.);
#563=COLOUR_RGB($,1.,1.,1.);
#564=FILL_AREA_STYLE_COLOUR($,#563);
#565=FILL_AREA_STYLE($,(#564));
#566=SURFACE_STYLE_FILL_AREA(#565);
#567=SURFACE_SIDE_STYLE('',(#566));
#568=SURFACE_STYLE_USAGE(.BOTH.,#567);
#569=PRESENTATION_STYLE_ASSIGNMENT((#568));
#570=STYLED_ITEM('',(#569),#562);
#571=ADVANCED_FACE('',(#2770),#2772,.F.);
#572=COLOUR_RGB($,1.,1.,1.);
#573=FILL_AREA_STYLE_COLOUR($,#572);
#574=FILL_AREA_STYLE($,(#573));
#575=SURFACE_STYLE_FILL_AREA(#574);
#576=SURFACE_SIDE_STYLE('',(#575));
#577=SURFACE_STYLE_USAGE(.BOTH.,#576);
#578=PRESENTATION_STYLE_ASSIGNMENT((#577));
#579=STYLED_ITEM('',(#578),#571);
#580=ADVANCED_FACE('',(#2777,#2779),#2781,.T.);
#581=COLOUR_RGB($,1.,1.,1.);
#582=FILL_AREA_STYLE_COLOUR($,#581);
#583=FILL_AREA_STYLE($,(#582));
#584=SURFACE_STYLE_FILL_AREA(#583);
#585=SURFACE_SIDE_STYLE('',(#584));
#586=SURFACE_STYLE_USAGE(.BOTH.,#585);
#587=PRESENTATION_STYLE_ASSIGNMENT((#586));
#588=STYLED_ITEM('',(#587),#580);
#589=ADVANCED_FACE('',(#2786),#2788,.F.);
#590=COLOUR_RGB($,1.,1.,1.);
#591=FILL_AREA_STYLE_COLOUR($,#590);
#592=FILL_AREA_STYLE($,(#591));
#593=SURFACE_STYLE_FILL_AREA(#592);
#594=SURFACE_SIDE_STYLE('',(#593));
#595=SURFACE_STYLE_USAGE(.BOTH.,#594);
#596=PRESENTATION_STYLE_ASSIGNMENT((#595));
#597=STYLED_ITEM('',(#596),#589);
#598=ADVANCED_FACE('',(#2793),#2795,.F.);
#599=COLOUR_RGB($,1.,1.,1.);
#600=FILL_AREA_STYLE_COLOUR($,#599);
#601=FILL_AREA_STYLE($,(#600));
#602=SURFACE_STYLE_FILL_AREA(#601);
#603=SURFACE_SIDE_STYLE('',(#602));
#604=SURFACE_STYLE_USAGE(.BOTH.,#603);
#605=PRESENTATION_STYLE_ASSIGNMENT((#604));
#606=STYLED_ITEM('',(#605),#598);
#607=ADVANCED_FACE('',(#2800),#2802,.F.);
#608=COLOUR_RGB($,1.,1.,1.);
#609=FILL_AREA_STYLE_COLOUR($,#608);
#610=FILL_AREA_STYLE($,(#609));
#611=SURFACE_STYLE_FILL_AREA(#610);
#612=SURFACE_SIDE_STYLE('',(#611));
#613=SURFACE_STYLE_USAGE(.BOTH.,#612);
#614=PRESENTATION_STYLE_ASSIGNMENT((#613));
#615=STYLED_ITEM('',(#614),#607);
#616=ADVANCED_FACE('',(#2807,#2809),#2811,.T.);
#617=COLOUR_RGB($,1.,1.,1.);
#618=FILL_AREA_STYLE_COLOUR($,#617);
#619=FILL_AREA_STYLE($,(#618));
#620=SURFACE_STYLE_FILL_AREA(#619);
#621=SURFACE_SIDE_STYLE('',(#620));
#622=SURFACE_STYLE_USAGE(.BOTH.,#621);
#623=PRESENTATION_STYLE_ASSIGNMENT((#622));
#624=STYLED_ITEM('',(#623),#616);
#625=ADVANCED_FACE('',(#2816),#2818,.F.);
#626=COLOUR_RGB($,1.,1.,1.);
#627=FILL_AREA_STYLE_COLOUR($,#626);
#628=FILL_AREA_STYLE($,(#627));
#629=SURFACE_STYLE_FILL_AREA(#628);
#630=SURFACE_SIDE_STYLE('',(#629));
#631=SURFACE_STYLE_USAGE(.BOTH.,#630);
#632=PRESENTATION_STYLE_ASSIGNMENT((#631));
#633=STYLED_ITEM('',(#632),#625);
#634=ADVANCED_FACE('',(#2823),#2825,.F.);
#635=COLOUR_RGB($,1.,1.,1.);
#636=FILL_AREA_STYLE_COLOUR($,#635);
#637=FILL_AREA_STYLE($,(#636));
#638=SURFACE_STYLE_FILL_AREA(#637);
#639=SURFACE_SIDE_STYLE('',(#638));
#640=SURFACE_STYLE_USAGE(.BOTH.,#639);
#641=PRESENTATION_STYLE_ASSIGNMENT((#640));
#642=STYLED_ITEM('',(#641),#634);
#643=ADVANCED_FACE('',(#2830),#2832,.F.);
#644=COLOUR_RGB($,1.,1.,1.);
#645=FILL_AREA_STYLE_COLOUR($,#644);
#646=FILL_AREA_STYLE($,(#645));
#647=SURFACE_STYLE_FILL_AREA(#646);
#648=SURFACE_SIDE_STYLE('',(#647));
#649=SURFACE_STYLE_USAGE(.BOTH.,#648);
#650=PRESENTATION_STYLE_ASSIGNMENT((#649));
#651=STYLED_ITEM('',(#650),#643);
#652=ADVANCED_FACE('',(#2837),#2839,.T.);
#653=COLOUR_RGB($,1.,1.,1.);
#654=FILL_AREA_STYLE_COLOUR($,#653);
#655=FILL_AREA_STYLE($,(#654));
#656=SURFACE_STYLE_FILL_AREA(#655);
#657=SURFACE_SIDE_STYLE('',(#656));
#658=SURFACE_STYLE_USAGE(.BOTH.,#657);
#659=PRESENTATION_STYLE_ASSIGNMENT((#658));
#660=STYLED_ITEM('',(#659),#652);
#661=ADVANCED_FACE('',(#2844),#2846,.T.);
#662=COLOUR_RGB($,1.,1.,1.);
#663=FILL_AREA_STYLE_COLOUR($,#662);
#664=FILL_AREA_STYLE($,(#663));
#665=SURFACE_STYLE_FILL_AREA(#664);
#666=SURFACE_SIDE_STYLE('',(#665));
#667=SURFACE_STYLE_USAGE(.BOTH.,#666);
#668=PRESENTATION_STYLE_ASSIGNMENT((#667));
#669=STYLED_ITEM('',(#668),#661);
#670=ADVANCED_FACE('',(#2851),#2853,.F.);
#671=COLOUR_RGB($,1.,1.,1.);
#672=FILL_AREA_STYLE_COLOUR($,#671);
#673=FILL_AREA_STYLE($,(#672));
#674=SURFACE_STYLE_FILL_AREA(#673);
#675=SURFACE_SIDE_STYLE('',(#674));
#676=SURFACE_STYLE_USAGE(.BOTH.,#675);
#677=PRESENTATION_STYLE_ASSIGNMENT((#676));
#678=STYLED_ITEM('',(#677),#670);
#679=ADVANCED_FACE('',(#2858),#2860,.F.);
#680=COLOUR_RGB($,1.,1.,1.);
#681=FILL_AREA_STYLE_COLOUR($,#680);
#682=FILL_AREA_STYLE($,(#681));
#683=SURFACE_STYLE_FILL_AREA(#682);
#684=SURFACE_SIDE_STYLE('',(#683));
#685=SURFACE_STYLE_USAGE(.BOTH.,#684);
#686=PRESENTATION_STYLE_ASSIGNMENT((#685));
#687=STYLED_ITEM('',(#686),#679);
#688=ADVANCED_FACE('',(#2865),#2867,.T.);
#689=COLOUR_RGB($,1.,0.843137254901961,0.);
#690=FILL_AREA_STYLE_COLOUR($,#689);
#691=FILL_AREA_STYLE($,(#690));
#692=SURFACE_STYLE_FILL_AREA(#691);
#693=SURFACE_SIDE_STYLE('',(#692));
#694=SURFACE_STYLE_USAGE(.BOTH.,#693);
#695=PRESENTATION_STYLE_ASSIGNMENT((#694));
#696=STYLED_ITEM('',(#695),#688);
#697=ADVANCED_FACE('',(#2872),#2874,.T.);
#698=COLOUR_RGB($,1.,0.843137254901961,0.);
#699=FILL_AREA_STYLE_COLOUR($,#698);
#700=FILL_AREA_STYLE($,(#699));
#701=SURFACE_STYLE_FILL_AREA(#700);
#702=SURFACE_SIDE_STYLE('',(#701));
#703=SURFACE_STYLE_USAGE(.BOTH.,#702);
#704=PRESENTATION_STYLE_ASSIGNMENT((#703));
#705=STYLED_ITEM('',(#704),#697);
#706=ADVANCED_FACE('',(#2879),#2881,.T.);
#707=COLOUR_RGB($,1.,0.843137254901961,0.);
#708=FILL_AREA_STYLE_COLOUR($,#707);
#709=FILL_AREA_STYLE($,(#708));
#710=SURFACE_STYLE_FILL_AREA(#709);
#711=SURFACE_SIDE_STYLE('',(#710));
#712=SURFACE_STYLE_USAGE(.BOTH.,#711);
#713=PRESENTATION_STYLE_ASSIGNMENT((#712));
#714=STYLED_ITEM('',(#713),#706);
#715=ADVANCED_FACE('',(#2886),#2888,.T.);
#716=COLOUR_RGB($,1.,0.843137254901961,0.);
#717=FILL_AREA_STYLE_COLOUR($,#716);
#718=FILL_AREA_STYLE($,(#717));
#719=SURFACE_STYLE_FILL_AREA(#718);
#720=SURFACE_SIDE_STYLE('',(#719));
#721=SURFACE_STYLE_USAGE(.BOTH.,#720);
#722=PRESENTATION_STYLE_ASSIGNMENT((#721));
#723=STYLED_ITEM('',(#722),#715);
#724=ADVANCED_FACE('',(#2893),#2895,.T.);
#725=COLOUR_RGB($,1.,0.843137254901961,0.);
#726=FILL_AREA_STYLE_COLOUR($,#725);
#727=FILL_AREA_STYLE($,(#726));
#728=SURFACE_STYLE_FILL_AREA(#727);
#729=SURFACE_SIDE_STYLE('',(#728));
#730=SURFACE_STYLE_USAGE(.BOTH.,#729);
#731=PRESENTATION_STYLE_ASSIGNMENT((#730));
#732=STYLED_ITEM('',(#731),#724);
#733=ADVANCED_FACE('',(#2900),#2902,.T.);
#734=COLOUR_RGB($,1.,0.843137254901961,0.);
#735=FILL_AREA_STYLE_COLOUR($,#734);
#736=FILL_AREA_STYLE($,(#735));
#737=SURFACE_STYLE_FILL_AREA(#736);
#738=SURFACE_SIDE_STYLE('',(#737));
#739=SURFACE_STYLE_USAGE(.BOTH.,#738);
#740=PRESENTATION_STYLE_ASSIGNMENT((#739));
#741=STYLED_ITEM('',(#740),#733);
#742=ADVANCED_FACE('',(#2907),#2909,.T.);
#743=COLOUR_RGB($,1.,0.843137254901961,0.);
#744=FILL_AREA_STYLE_COLOUR($,#743);
#745=FILL_AREA_STYLE($,(#744));
#746=SURFACE_STYLE_FILL_AREA(#745);
#747=SURFACE_SIDE_STYLE('',(#746));
#748=SURFACE_STYLE_USAGE(.BOTH.,#747);
#749=PRESENTATION_STYLE_ASSIGNMENT((#748));
#750=STYLED_ITEM('',(#749),#742);
#751=ADVANCED_FACE('',(#2914),#2916,.T.);
#752=COLOUR_RGB($,1.,0.843137254901961,0.);
#753=FILL_AREA_STYLE_COLOUR($,#752);
#754=FILL_AREA_STYLE($,(#753));
#755=SURFACE_STYLE_FILL_AREA(#754);
#756=SURFACE_SIDE_STYLE('',(#755));
#757=SURFACE_STYLE_USAGE(.BOTH.,#756);
#758=PRESENTATION_STYLE_ASSIGNMENT((#757));
#759=STYLED_ITEM('',(#758),#751);
#760=ADVANCED_FACE('',(#2921),#2923,.T.);
#761=COLOUR_RGB($,1.,0.843137254901961,0.);
#762=FILL_AREA_STYLE_COLOUR($,#761);
#763=FILL_AREA_STYLE($,(#762));
#764=SURFACE_STYLE_FILL_AREA(#763);
#765=SURFACE_SIDE_STYLE('',(#764));
#766=SURFACE_STYLE_USAGE(.BOTH.,#765);
#767=PRESENTATION_STYLE_ASSIGNMENT((#766));
#768=STYLED_ITEM('',(#767),#760);
#769=ADVANCED_FACE('',(#2928),#2930,.T.);
#770=COLOUR_RGB($,1.,0.843137254901961,0.);
#771=FILL_AREA_STYLE_COLOUR($,#770);
#772=FILL_AREA_STYLE($,(#771));
#773=SURFACE_STYLE_FILL_AREA(#772);
#774=SURFACE_SIDE_STYLE('',(#773));
#775=SURFACE_STYLE_USAGE(.BOTH.,#774);
#776=PRESENTATION_STYLE_ASSIGNMENT((#775));
#777=STYLED_ITEM('',(#776),#769);
#778=ADVANCED_FACE('',(#2935),#2937,.T.);
#779=COLOUR_RGB($,1.,0.843137254901961,0.);
#780=FILL_AREA_STYLE_COLOUR($,#779);
#781=FILL_AREA_STYLE($,(#780));
#782=SURFACE_STYLE_FILL_AREA(#781);
#783=SURFACE_SIDE_STYLE('',(#782));
#784=SURFACE_STYLE_USAGE(.BOTH.,#783);
#785=PRESENTATION_STYLE_ASSIGNMENT((#784));
#786=STYLED_ITEM('',(#785),#778);
#787=ADVANCED_FACE('',(#2942),#2944,.T.);
#788=COLOUR_RGB($,1.,0.843137254901961,0.);
#789=FILL_AREA_STYLE_COLOUR($,#788);
#790=FILL_AREA_STYLE($,(#789));
#791=SURFACE_STYLE_FILL_AREA(#790);
#792=SURFACE_SIDE_STYLE('',(#791));
#793=SURFACE_STYLE_USAGE(.BOTH.,#792);
#794=PRESENTATION_STYLE_ASSIGNMENT((#793));
#795=STYLED_ITEM('',(#794),#787);
#796=ADVANCED_FACE('',(#2949),#2951,.T.);
#797=COLOUR_RGB($,1.,0.843137254901961,0.);
#798=FILL_AREA_STYLE_COLOUR($,#797);
#799=FILL_AREA_STYLE($,(#798));
#800=SURFACE_STYLE_FILL_AREA(#799);
#801=SURFACE_SIDE_STYLE('',(#800));
#802=SURFACE_STYLE_USAGE(.BOTH.,#801);
#803=PRESENTATION_STYLE_ASSIGNMENT((#802));
#804=STYLED_ITEM('',(#803),#796);
#805=ADVANCED_FACE('',(#2956),#2958,.T.);
#806=COLOUR_RGB($,1.,0.843137254901961,0.);
#807=FILL_AREA_STYLE_COLOUR($,#806);
#808=FILL_AREA_STYLE($,(#807));
#809=SURFACE_STYLE_FILL_AREA(#808);
#810=SURFACE_SIDE_STYLE('',(#809));
#811=SURFACE_STYLE_USAGE(.BOTH.,#810);
#812=PRESENTATION_STYLE_ASSIGNMENT((#811));
#813=STYLED_ITEM('',(#812),#805);
#814=ADVANCED_FACE('',(#2963),#2965,.T.);
#815=COLOUR_RGB($,1.,0.843137254901961,0.);
#816=FILL_AREA_STYLE_COLOUR($,#815);
#817=FILL_AREA_STYLE($,(#816));
#818=SURFACE_STYLE_FILL_AREA(#817);
#819=SURFACE_SIDE_STYLE('',(#818));
#820=SURFACE_STYLE_USAGE(.BOTH.,#819);
#821=PRESENTATION_STYLE_ASSIGNMENT((#820));
#822=STYLED_ITEM('',(#821),#814);
#823=ADVANCED_FACE('',(#2970),#2972,.T.);
#824=COLOUR_RGB($,1.,0.843137254901961,0.);
#825=FILL_AREA_STYLE_COLOUR($,#824);
#826=FILL_AREA_STYLE($,(#825));
#827=SURFACE_STYLE_FILL_AREA(#826);
#828=SURFACE_SIDE_STYLE('',(#827));
#829=SURFACE_STYLE_USAGE(.BOTH.,#828);
#830=PRESENTATION_STYLE_ASSIGNMENT((#829));
#831=STYLED_ITEM('',(#830),#823);
#832=ADVANCED_FACE('',(#2977),#2979,.T.);
#833=COLOUR_RGB($,1.,0.843137254901961,0.);
#834=FILL_AREA_STYLE_COLOUR($,#833);
#835=FILL_AREA_STYLE($,(#834));
#836=SURFACE_STYLE_FILL_AREA(#835);
#837=SURFACE_SIDE_STYLE('',(#836));
#838=SURFACE_STYLE_USAGE(.BOTH.,#837);
#839=PRESENTATION_STYLE_ASSIGNMENT((#838));
#840=STYLED_ITEM('',(#839),#832);
#841=ADVANCED_FACE('',(#2984),#2986,.T.);
#842=COLOUR_RGB($,1.,0.843137254901961,0.);
#843=FILL_AREA_STYLE_COLOUR($,#842);
#844=FILL_AREA_STYLE($,(#843));
#845=SURFACE_STYLE_FILL_AREA(#844);
#846=SURFACE_SIDE_STYLE('',(#845));
#847=SURFACE_STYLE_USAGE(.BOTH.,#846);
#848=PRESENTATION_STYLE_ASSIGNMENT((#847));
#849=STYLED_ITEM('',(#848),#841);
#850=ADVANCED_FACE('',(#2991),#2993,.T.);
#851=COLOUR_RGB($,1.,0.843137254901961,0.);
#852=FILL_AREA_STYLE_COLOUR($,#851);
#853=FILL_AREA_STYLE($,(#852));
#854=SURFACE_STYLE_FILL_AREA(#853);
#855=SURFACE_SIDE_STYLE('',(#854));
#856=SURFACE_STYLE_USAGE(.BOTH.,#855);
#857=PRESENTATION_STYLE_ASSIGNMENT((#856));
#858=STYLED_ITEM('',(#857),#850);
#859=ADVANCED_FACE('',(#2998),#3000,.T.);
#860=COLOUR_RGB($,1.,0.843137254901961,0.);
#861=FILL_AREA_STYLE_COLOUR($,#860);
#862=FILL_AREA_STYLE($,(#861));
#863=SURFACE_STYLE_FILL_AREA(#862);
#864=SURFACE_SIDE_STYLE('',(#863));
#865=SURFACE_STYLE_USAGE(.BOTH.,#864);
#866=PRESENTATION_STYLE_ASSIGNMENT((#865));
#867=STYLED_ITEM('',(#866),#859);
#868=ADVANCED_FACE('',(#3005),#3007,.T.);
#869=COLOUR_RGB($,1.,0.843137254901961,0.);
#870=FILL_AREA_STYLE_COLOUR($,#869);
#871=FILL_AREA_STYLE($,(#870));
#872=SURFACE_STYLE_FILL_AREA(#871);
#873=SURFACE_SIDE_STYLE('',(#872));
#874=SURFACE_STYLE_USAGE(.BOTH.,#873);
#875=PRESENTATION_STYLE_ASSIGNMENT((#874));
#876=STYLED_ITEM('',(#875),#868);
#877=ADVANCED_FACE('',(#3012),#3014,.T.);
#878=COLOUR_RGB($,1.,0.843137254901961,0.);
#879=FILL_AREA_STYLE_COLOUR($,#878);
#880=FILL_AREA_STYLE($,(#879));
#881=SURFACE_STYLE_FILL_AREA(#880);
#882=SURFACE_SIDE_STYLE('',(#881));
#883=SURFACE_STYLE_USAGE(.BOTH.,#882);
#884=PRESENTATION_STYLE_ASSIGNMENT((#883));
#885=STYLED_ITEM('',(#884),#877);
#886=ADVANCED_FACE('',(#3019),#3021,.T.);
#887=COLOUR_RGB($,1.,0.843137254901961,0.);
#888=FILL_AREA_STYLE_COLOUR($,#887);
#889=FILL_AREA_STYLE($,(#888));
#890=SURFACE_STYLE_FILL_AREA(#889);
#891=SURFACE_SIDE_STYLE('',(#890));
#892=SURFACE_STYLE_USAGE(.BOTH.,#891);
#893=PRESENTATION_STYLE_ASSIGNMENT((#892));
#894=STYLED_ITEM('',(#893),#886);
#895=ADVANCED_FACE('',(#3026),#3028,.T.);
#896=COLOUR_RGB($,1.,0.843137254901961,0.);
#897=FILL_AREA_STYLE_COLOUR($,#896);
#898=FILL_AREA_STYLE($,(#897));
#899=SURFACE_STYLE_FILL_AREA(#898);
#900=SURFACE_SIDE_STYLE('',(#899));
#901=SURFACE_STYLE_USAGE(.BOTH.,#900);
#902=PRESENTATION_STYLE_ASSIGNMENT((#901));
#903=STYLED_ITEM('',(#902),#895);
#904=ADVANCED_FACE('',(#3033),#3035,.T.);
#905=COLOUR_RGB($,1.,0.843137254901961,0.);
#906=FILL_AREA_STYLE_COLOUR($,#905);
#907=FILL_AREA_STYLE($,(#906));
#908=SURFACE_STYLE_FILL_AREA(#907);
#909=SURFACE_SIDE_STYLE('',(#908));
#910=SURFACE_STYLE_USAGE(.BOTH.,#909);
#911=PRESENTATION_STYLE_ASSIGNMENT((#910));
#912=STYLED_ITEM('',(#911),#904);
#913=ADVANCED_FACE('',(#3040),#3042,.T.);
#914=COLOUR_RGB($,1.,0.843137254901961,0.);
#915=FILL_AREA_STYLE_COLOUR($,#914);
#916=FILL_AREA_STYLE($,(#915));
#917=SURFACE_STYLE_FILL_AREA(#916);
#918=SURFACE_SIDE_STYLE('',(#917));
#919=SURFACE_STYLE_USAGE(.BOTH.,#918);
#920=PRESENTATION_STYLE_ASSIGNMENT((#919));
#921=STYLED_ITEM('',(#920),#913);
#922=ADVANCED_FACE('',(#3047),#3049,.T.);
#923=COLOUR_RGB($,1.,0.843137254901961,0.);
#924=FILL_AREA_STYLE_COLOUR($,#923);
#925=FILL_AREA_STYLE($,(#924));
#926=SURFACE_STYLE_FILL_AREA(#925);
#927=SURFACE_SIDE_STYLE('',(#926));
#928=SURFACE_STYLE_USAGE(.BOTH.,#927);
#929=PRESENTATION_STYLE_ASSIGNMENT((#928));
#930=STYLED_ITEM('',(#929),#922);
#931=ADVANCED_FACE('',(#3054),#3056,.T.);
#932=COLOUR_RGB($,1.,0.843137254901961,0.);
#933=FILL_AREA_STYLE_COLOUR($,#932);
#934=FILL_AREA_STYLE($,(#933));
#935=SURFACE_STYLE_FILL_AREA(#934);
#936=SURFACE_SIDE_STYLE('',(#935));
#937=SURFACE_STYLE_USAGE(.BOTH.,#936);
#938=PRESENTATION_STYLE_ASSIGNMENT((#937));
#939=STYLED_ITEM('',(#938),#931);
#940=ADVANCED_FACE('',(#3061),#3063,.T.);
#941=COLOUR_RGB($,1.,0.843137254901961,0.);
#942=FILL_AREA_STYLE_COLOUR($,#941);
#943=FILL_AREA_STYLE($,(#942));
#944=SURFACE_STYLE_FILL_AREA(#943);
#945=SURFACE_SIDE_STYLE('',(#944));
#946=SURFACE_STYLE_USAGE(.BOTH.,#945);
#947=PRESENTATION_STYLE_ASSIGNMENT((#946));
#948=STYLED_ITEM('',(#947),#940);
#949=ADVANCED_FACE('',(#3068),#3070,.T.);
#950=COLOUR_RGB($,1.,0.843137254901961,0.);
#951=FILL_AREA_STYLE_COLOUR($,#950);
#952=FILL_AREA_STYLE($,(#951));
#953=SURFACE_STYLE_FILL_AREA(#952);
#954=SURFACE_SIDE_STYLE('',(#953));
#955=SURFACE_STYLE_USAGE(.BOTH.,#954);
#956=PRESENTATION_STYLE_ASSIGNMENT((#955));
#957=STYLED_ITEM('',(#956),#949);
#958=ADVANCED_FACE('',(#3075),#3077,.T.);
#959=COLOUR_RGB($,1.,0.843137254901961,0.);
#960=FILL_AREA_STYLE_COLOUR($,#959);
#961=FILL_AREA_STYLE($,(#960));
#962=SURFACE_STYLE_FILL_AREA(#961);
#963=SURFACE_SIDE_STYLE('',(#962));
#964=SURFACE_STYLE_USAGE(.BOTH.,#963);
#965=PRESENTATION_STYLE_ASSIGNMENT((#964));
#966=STYLED_ITEM('',(#965),#958);
#967=ADVANCED_FACE('',(#3082),#3084,.T.);
#968=COLOUR_RGB($,1.,0.843137254901961,0.);
#969=FILL_AREA_STYLE_COLOUR($,#968);
#970=FILL_AREA_STYLE($,(#969));
#971=SURFACE_STYLE_FILL_AREA(#970);
#972=SURFACE_SIDE_STYLE('',(#971));
#973=SURFACE_STYLE_USAGE(.BOTH.,#972);
#974=PRESENTATION_STYLE_ASSIGNMENT((#973));
#975=STYLED_ITEM('',(#974),#967);
#976=ADVANCED_FACE('',(#3089),#3091,.T.);
#977=COLOUR_RGB($,1.,0.843137254901961,0.);
#978=FILL_AREA_STYLE_COLOUR($,#977);
#979=FILL_AREA_STYLE($,(#978));
#980=SURFACE_STYLE_FILL_AREA(#979);
#981=SURFACE_SIDE_STYLE('',(#980));
#982=SURFACE_STYLE_USAGE(.BOTH.,#981);
#983=PRESENTATION_STYLE_ASSIGNMENT((#982));
#984=STYLED_ITEM('',(#983),#976);
#985=ADVANCED_FACE('',(#3096),#3098,.T.);
#986=COLOUR_RGB($,1.,0.843137254901961,0.);
#987=FILL_AREA_STYLE_COLOUR($,#986);
#988=FILL_AREA_STYLE($,(#987));
#989=SURFACE_STYLE_FILL_AREA(#988);
#990=SURFACE_SIDE_STYLE('',(#989));
#991=SURFACE_STYLE_USAGE(.BOTH.,#990);
#992=PRESENTATION_STYLE_ASSIGNMENT((#991));
#993=STYLED_ITEM('',(#992),#985);
#994=ADVANCED_FACE('',(#3103),#3105,.T.);
#995=COLOUR_RGB($,1.,0.843137254901961,0.);
#996=FILL_AREA_STYLE_COLOUR($,#995);
#997=FILL_AREA_STYLE($,(#996));
#998=SURFACE_STYLE_FILL_AREA(#997);
#999=SURFACE_SIDE_STYLE('',(#998));
#1000=SURFACE_STYLE_USAGE(.BOTH.,#999);
#1001=PRESENTATION_STYLE_ASSIGNMENT((#1000));
#1002=STYLED_ITEM('',(#1001),#994);
#1003=ADVANCED_FACE('',(#3110),#3112,.T.);
#1004=COLOUR_RGB($,1.,0.843137254901961,0.);
#1005=FILL_AREA_STYLE_COLOUR($,#1004);
#1006=FILL_AREA_STYLE($,(#1005));
#1007=SURFACE_STYLE_FILL_AREA(#1006);
#1008=SURFACE_SIDE_STYLE('',(#1007));
#1009=SURFACE_STYLE_USAGE(.BOTH.,#1008);
#1010=PRESENTATION_STYLE_ASSIGNMENT((#1009));
#1011=STYLED_ITEM('',(#1010),#1003);
#1012=ADVANCED_FACE('',(#3117),#3119,.T.);
#1013=COLOUR_RGB($,1.,0.843137254901961,0.);
#1014=FILL_AREA_STYLE_COLOUR($,#1013);
#1015=FILL_AREA_STYLE($,(#1014));
#1016=SURFACE_STYLE_FILL_AREA(#1015);
#1017=SURFACE_SIDE_STYLE('',(#1016));
#1018=SURFACE_STYLE_USAGE(.BOTH.,#1017);
#1019=PRESENTATION_STYLE_ASSIGNMENT((#1018));
#1020=STYLED_ITEM('',(#1019),#1012);
#1021=ADVANCED_FACE('',(#3124),#3126,.T.);
#1022=COLOUR_RGB($,1.,0.843137254901961,0.);
#1023=FILL_AREA_STYLE_COLOUR($,#1022);
#1024=FILL_AREA_STYLE($,(#1023));
#1025=SURFACE_STYLE_FILL_AREA(#1024);
#1026=SURFACE_SIDE_STYLE('',(#1025));
#1027=SURFACE_STYLE_USAGE(.BOTH.,#1026);
#1028=PRESENTATION_STYLE_ASSIGNMENT((#1027));
#1029=STYLED_ITEM('',(#1028),#1021);
#1030=ADVANCED_FACE('',(#3131),#3133,.T.);
#1031=COLOUR_RGB($,1.,0.843137254901961,0.);
#1032=FILL_AREA_STYLE_COLOUR($,#1031);
#1033=FILL_AREA_STYLE($,(#1032));
#1034=SURFACE_STYLE_FILL_AREA(#1033);
#1035=SURFACE_SIDE_STYLE('',(#1034));
#1036=SURFACE_STYLE_USAGE(.BOTH.,#1035);
#1037=PRESENTATION_STYLE_ASSIGNMENT((#1036));
#1038=STYLED_ITEM('',(#1037),#1030);
#1039=ADVANCED_FACE('',(#3138),#3140,.T.);
#1040=COLOUR_RGB($,1.,0.843137254901961,0.);
#1041=FILL_AREA_STYLE_COLOUR($,#1040);
#1042=FILL_AREA_STYLE($,(#1041));
#1043=SURFACE_STYLE_FILL_AREA(#1042);
#1044=SURFACE_SIDE_STYLE('',(#1043));
#1045=SURFACE_STYLE_USAGE(.BOTH.,#1044);
#1046=PRESENTATION_STYLE_ASSIGNMENT((#1045));
#1047=STYLED_ITEM('',(#1046),#1039);
#1048=ADVANCED_FACE('',(#3145),#3147,.T.);
#1049=COLOUR_RGB($,1.,1.,1.);
#1050=FILL_AREA_STYLE_COLOUR($,#1049);
#1051=FILL_AREA_STYLE($,(#1050));
#1052=SURFACE_STYLE_FILL_AREA(#1051);
#1053=SURFACE_SIDE_STYLE('',(#1052));
#1054=SURFACE_STYLE_USAGE(.BOTH.,#1053);
#1055=PRESENTATION_STYLE_ASSIGNMENT((#1054));
#1056=STYLED_ITEM('',(#1055),#1048);
#1057=ADVANCED_FACE('',(#3152),#3154,.F.);
#1058=COLOUR_RGB($,1.,1.,1.);
#1059=FILL_AREA_STYLE_COLOUR($,#1058);
#1060=FILL_AREA_STYLE($,(#1059));
#1061=SURFACE_STYLE_FILL_AREA(#1060);
#1062=SURFACE_SIDE_STYLE('',(#1061));
#1063=SURFACE_STYLE_USAGE(.BOTH.,#1062);
#1064=PRESENTATION_STYLE_ASSIGNMENT((#1063));
#1065=STYLED_ITEM('',(#1064),#1057);
#1066=ADVANCED_FACE('',(#3159),#3161,.T.);
#1067=COLOUR_RGB($,1.,0.843137254901961,0.);
#1068=FILL_AREA_STYLE_COLOUR($,#1067);
#1069=FILL_AREA_STYLE($,(#1068));
#1070=SURFACE_STYLE_FILL_AREA(#1069);
#1071=SURFACE_SIDE_STYLE('',(#1070));
#1072=SURFACE_STYLE_USAGE(.BOTH.,#1071);
#1073=PRESENTATION_STYLE_ASSIGNMENT((#1072));
#1074=STYLED_ITEM('',(#1073),#1066);
#1075=ADVANCED_FACE('',(#3166),#3168,.T.);
#1076=COLOUR_RGB($,1.,0.843137254901961,0.);
#1077=FILL_AREA_STYLE_COLOUR($,#1076);
#1078=FILL_AREA_STYLE($,(#1077));
#1079=SURFACE_STYLE_FILL_AREA(#1078);
#1080=SURFACE_SIDE_STYLE('',(#1079));
#1081=SURFACE_STYLE_USAGE(.BOTH.,#1080);
#1082=PRESENTATION_STYLE_ASSIGNMENT((#1081));
#1083=STYLED_ITEM('',(#1082),#1075);
#1084=ADVANCED_FACE('',(#3173),#3175,.T.);
#1085=COLOUR_RGB($,1.,0.843137254901961,0.);
#1086=FILL_AREA_STYLE_COLOUR($,#1085);
#1087=FILL_AREA_STYLE($,(#1086));
#1088=SURFACE_STYLE_FILL_AREA(#1087);
#1089=SURFACE_SIDE_STYLE('',(#1088));
#1090=SURFACE_STYLE_USAGE(.BOTH.,#1089);
#1091=PRESENTATION_STYLE_ASSIGNMENT((#1090));
#1092=STYLED_ITEM('',(#1091),#1084);
#1093=ADVANCED_FACE('',(#3180),#3182,.T.);
#1094=COLOUR_RGB($,1.,0.843137254901961,0.);
#1095=FILL_AREA_STYLE_COLOUR($,#1094);
#1096=FILL_AREA_STYLE($,(#1095));
#1097=SURFACE_STYLE_FILL_AREA(#1096);
#1098=SURFACE_SIDE_STYLE('',(#1097));
#1099=SURFACE_STYLE_USAGE(.BOTH.,#1098);
#1100=PRESENTATION_STYLE_ASSIGNMENT((#1099));
#1101=STYLED_ITEM('',(#1100),#1093);
#1102=ADVANCED_FACE('',(#3187),#3189,.T.);
#1103=COLOUR_RGB($,1.,0.843137254901961,0.);
#1104=FILL_AREA_STYLE_COLOUR($,#1103);
#1105=FILL_AREA_STYLE($,(#1104));
#1106=SURFACE_STYLE_FILL_AREA(#1105);
#1107=SURFACE_SIDE_STYLE('',(#1106));
#1108=SURFACE_STYLE_USAGE(.BOTH.,#1107);
#1109=PRESENTATION_STYLE_ASSIGNMENT((#1108));
#1110=STYLED_ITEM('',(#1109),#1102);
#1111=ADVANCED_FACE('',(#3194),#3196,.T.);
#1112=COLOUR_RGB($,1.,0.843137254901961,0.);
#1113=FILL_AREA_STYLE_COLOUR($,#1112);
#1114=FILL_AREA_STYLE($,(#1113));
#1115=SURFACE_STYLE_FILL_AREA(#1114);
#1116=SURFACE_SIDE_STYLE('',(#1115));
#1117=SURFACE_STYLE_USAGE(.BOTH.,#1116);
#1118=PRESENTATION_STYLE_ASSIGNMENT((#1117));
#1119=STYLED_ITEM('',(#1118),#1111);
#1120=ADVANCED_FACE('',(#3201),#3203,.T.);
#1121=COLOUR_RGB($,1.,0.843137254901961,0.);
#1122=FILL_AREA_STYLE_COLOUR($,#1121);
#1123=FILL_AREA_STYLE($,(#1122));
#1124=SURFACE_STYLE_FILL_AREA(#1123);
#1125=SURFACE_SIDE_STYLE('',(#1124));
#1126=SURFACE_STYLE_USAGE(.BOTH.,#1125);
#1127=PRESENTATION_STYLE_ASSIGNMENT((#1126));
#1128=STYLED_ITEM('',(#1127),#1120);
#1129=ADVANCED_FACE('',(#3208),#3210,.T.);
#1130=COLOUR_RGB($,1.,0.843137254901961,0.);
#1131=FILL_AREA_STYLE_COLOUR($,#1130);
#1132=FILL_AREA_STYLE($,(#1131));
#1133=SURFACE_STYLE_FILL_AREA(#1132);
#1134=SURFACE_SIDE_STYLE('',(#1133));
#1135=SURFACE_STYLE_USAGE(.BOTH.,#1134);
#1136=PRESENTATION_STYLE_ASSIGNMENT((#1135));
#1137=STYLED_ITEM('',(#1136),#1129);
#1138=ADVANCED_FACE('',(#3215),#3217,.T.);
#1139=COLOUR_RGB($,1.,0.843137254901961,0.);
#1140=FILL_AREA_STYLE_COLOUR($,#1139);
#1141=FILL_AREA_STYLE($,(#1140));
#1142=SURFACE_STYLE_FILL_AREA(#1141);
#1143=SURFACE_SIDE_STYLE('',(#1142));
#1144=SURFACE_STYLE_USAGE(.BOTH.,#1143);
#1145=PRESENTATION_STYLE_ASSIGNMENT((#1144));
#1146=STYLED_ITEM('',(#1145),#1138);
#1147=ADVANCED_FACE('',(#3222),#3224,.T.);
#1148=COLOUR_RGB($,1.,0.843137254901961,0.);
#1149=FILL_AREA_STYLE_COLOUR($,#1148);
#1150=FILL_AREA_STYLE($,(#1149));
#1151=SURFACE_STYLE_FILL_AREA(#1150);
#1152=SURFACE_SIDE_STYLE('',(#1151));
#1153=SURFACE_STYLE_USAGE(.BOTH.,#1152);
#1154=PRESENTATION_STYLE_ASSIGNMENT((#1153));
#1155=STYLED_ITEM('',(#1154),#1147);
#1156=ADVANCED_FACE('',(#3229),#3231,.T.);
#1157=COLOUR_RGB($,1.,0.843137254901961,0.);
#1158=FILL_AREA_STYLE_COLOUR($,#1157);
#1159=FILL_AREA_STYLE($,(#1158));
#1160=SURFACE_STYLE_FILL_AREA(#1159);
#1161=SURFACE_SIDE_STYLE('',(#1160));
#1162=SURFACE_STYLE_USAGE(.BOTH.,#1161);
#1163=PRESENTATION_STYLE_ASSIGNMENT((#1162));
#1164=STYLED_ITEM('',(#1163),#1156);
#1165=ADVANCED_FACE('',(#3236),#3238,.T.);
#1166=COLOUR_RGB($,1.,0.843137254901961,0.);
#1167=FILL_AREA_STYLE_COLOUR($,#1166);
#1168=FILL_AREA_STYLE($,(#1167));
#1169=SURFACE_STYLE_FILL_AREA(#1168);
#1170=SURFACE_SIDE_STYLE('',(#1169));
#1171=SURFACE_STYLE_USAGE(.BOTH.,#1170);
#1172=PRESENTATION_STYLE_ASSIGNMENT((#1171));
#1173=STYLED_ITEM('',(#1172),#1165);
#1174=ADVANCED_FACE('',(#3243),#3245,.T.);
#1175=COLOUR_RGB($,1.,0.843137254901961,0.);
#1176=FILL_AREA_STYLE_COLOUR($,#1175);
#1177=FILL_AREA_STYLE($,(#1176));
#1178=SURFACE_STYLE_FILL_AREA(#1177);
#1179=SURFACE_SIDE_STYLE('',(#1178));
#1180=SURFACE_STYLE_USAGE(.BOTH.,#1179);
#1181=PRESENTATION_STYLE_ASSIGNMENT((#1180));
#1182=STYLED_ITEM('',(#1181),#1174);
#1183=ADVANCED_FACE('',(#3250),#3252,.T.);
#1184=COLOUR_RGB($,1.,0.843137254901961,0.);
#1185=FILL_AREA_STYLE_COLOUR($,#1184);
#1186=FILL_AREA_STYLE($,(#1185));
#1187=SURFACE_STYLE_FILL_AREA(#1186);
#1188=SURFACE_SIDE_STYLE('',(#1187));
#1189=SURFACE_STYLE_USAGE(.BOTH.,#1188);
#1190=PRESENTATION_STYLE_ASSIGNMENT((#1189));
#1191=STYLED_ITEM('',(#1190),#1183);
#1192=ADVANCED_FACE('',(#3257),#3259,.T.);
#1193=COLOUR_RGB($,1.,0.843137254901961,0.);
#1194=FILL_AREA_STYLE_COLOUR($,#1193);
#1195=FILL_AREA_STYLE($,(#1194));
#1196=SURFACE_STYLE_FILL_AREA(#1195);
#1197=SURFACE_SIDE_STYLE('',(#1196));
#1198=SURFACE_STYLE_USAGE(.BOTH.,#1197);
#1199=PRESENTATION_STYLE_ASSIGNMENT((#1198));
#1200=STYLED_ITEM('',(#1199),#1192);
#1201=ADVANCED_FACE('',(#3264),#3266,.T.);
#1202=COLOUR_RGB($,1.,0.843137254901961,0.);
#1203=FILL_AREA_STYLE_COLOUR($,#1202);
#1204=FILL_AREA_STYLE($,(#1203));
#1205=SURFACE_STYLE_FILL_AREA(#1204);
#1206=SURFACE_SIDE_STYLE('',(#1205));
#1207=SURFACE_STYLE_USAGE(.BOTH.,#1206);
#1208=PRESENTATION_STYLE_ASSIGNMENT((#1207));
#1209=STYLED_ITEM('',(#1208),#1201);
#1210=ADVANCED_FACE('',(#3271),#3273,.T.);
#1211=COLOUR_RGB($,1.,0.843137254901961,0.);
#1212=FILL_AREA_STYLE_COLOUR($,#1211);
#1213=FILL_AREA_STYLE($,(#1212));
#1214=SURFACE_STYLE_FILL_AREA(#1213);
#1215=SURFACE_SIDE_STYLE('',(#1214));
#1216=SURFACE_STYLE_USAGE(.BOTH.,#1215);
#1217=PRESENTATION_STYLE_ASSIGNMENT((#1216));
#1218=STYLED_ITEM('',(#1217),#1210);
#1219=ADVANCED_FACE('',(#3278),#3280,.T.);
#1220=COLOUR_RGB($,1.,0.843137254901961,0.);
#1221=FILL_AREA_STYLE_COLOUR($,#1220);
#1222=FILL_AREA_STYLE($,(#1221));
#1223=SURFACE_STYLE_FILL_AREA(#1222);
#1224=SURFACE_SIDE_STYLE('',(#1223));
#1225=SURFACE_STYLE_USAGE(.BOTH.,#1224);
#1226=PRESENTATION_STYLE_ASSIGNMENT((#1225));
#1227=STYLED_ITEM('',(#1226),#1219);
#1228=ADVANCED_FACE('',(#3285),#3287,.T.);
#1229=COLOUR_RGB($,1.,0.843137254901961,0.);
#1230=FILL_AREA_STYLE_COLOUR($,#1229);
#1231=FILL_AREA_STYLE($,(#1230));
#1232=SURFACE_STYLE_FILL_AREA(#1231);
#1233=SURFACE_SIDE_STYLE('',(#1232));
#1234=SURFACE_STYLE_USAGE(.BOTH.,#1233);
#1235=PRESENTATION_STYLE_ASSIGNMENT((#1234));
#1236=STYLED_ITEM('',(#1235),#1228);
#1237=ADVANCED_FACE('',(#3292),#3294,.T.);
#1238=COLOUR_RGB($,1.,0.843137254901961,0.);
#1239=FILL_AREA_STYLE_COLOUR($,#1238);
#1240=FILL_AREA_STYLE($,(#1239));
#1241=SURFACE_STYLE_FILL_AREA(#1240);
#1242=SURFACE_SIDE_STYLE('',(#1241));
#1243=SURFACE_STYLE_USAGE(.BOTH.,#1242);
#1244=PRESENTATION_STYLE_ASSIGNMENT((#1243));
#1245=STYLED_ITEM('',(#1244),#1237);
#1246=ADVANCED_FACE('',(#3299),#3301,.T.);
#1247=COLOUR_RGB($,1.,0.843137254901961,0.);
#1248=FILL_AREA_STYLE_COLOUR($,#1247);
#1249=FILL_AREA_STYLE($,(#1248));
#1250=SURFACE_STYLE_FILL_AREA(#1249);
#1251=SURFACE_SIDE_STYLE('',(#1250));
#1252=SURFACE_STYLE_USAGE(.BOTH.,#1251);
#1253=PRESENTATION_STYLE_ASSIGNMENT((#1252));
#1254=STYLED_ITEM('',(#1253),#1246);
#1255=ADVANCED_FACE('',(#3306),#3308,.T.);
#1256=COLOUR_RGB($,1.,0.843137254901961,0.);
#1257=FILL_AREA_STYLE_COLOUR($,#1256);
#1258=FILL_AREA_STYLE($,(#1257));
#1259=SURFACE_STYLE_FILL_AREA(#1258);
#1260=SURFACE_SIDE_STYLE('',(#1259));
#1261=SURFACE_STYLE_USAGE(.BOTH.,#1260);
#1262=PRESENTATION_STYLE_ASSIGNMENT((#1261));
#1263=STYLED_ITEM('',(#1262),#1255);
#1264=ADVANCED_FACE('',(#3313),#3315,.T.);
#1265=COLOUR_RGB($,1.,0.843137254901961,0.);
#1266=FILL_AREA_STYLE_COLOUR($,#1265);
#1267=FILL_AREA_STYLE($,(#1266));
#1268=SURFACE_STYLE_FILL_AREA(#1267);
#1269=SURFACE_SIDE_STYLE('',(#1268));
#1270=SURFACE_STYLE_USAGE(.BOTH.,#1269);
#1271=PRESENTATION_STYLE_ASSIGNMENT((#1270));
#1272=STYLED_ITEM('',(#1271),#1264);
#1273=ADVANCED_FACE('',(#3320),#3322,.T.);
#1274=COLOUR_RGB($,1.,0.843137254901961,0.);
#1275=FILL_AREA_STYLE_COLOUR($,#1274);
#1276=FILL_AREA_STYLE($,(#1275));
#1277=SURFACE_STYLE_FILL_AREA(#1276);
#1278=SURFACE_SIDE_STYLE('',(#1277));
#1279=SURFACE_STYLE_USAGE(.BOTH.,#1278);
#1280=PRESENTATION_STYLE_ASSIGNMENT((#1279));
#1281=STYLED_ITEM('',(#1280),#1273);
#1282=ADVANCED_FACE('',(#3327),#3329,.T.);
#1283=COLOUR_RGB($,1.,0.843137254901961,0.);
#1284=FILL_AREA_STYLE_COLOUR($,#1283);
#1285=FILL_AREA_STYLE($,(#1284));
#1286=SURFACE_STYLE_FILL_AREA(#1285);
#1287=SURFACE_SIDE_STYLE('',(#1286));
#1288=SURFACE_STYLE_USAGE(.BOTH.,#1287);
#1289=PRESENTATION_STYLE_ASSIGNMENT((#1288));
#1290=STYLED_ITEM('',(#1289),#1282);
#1291=ADVANCED_FACE('',(#3334),#3336,.T.);
#1292=COLOUR_RGB($,1.,0.843137254901961,0.);
#1293=FILL_AREA_STYLE_COLOUR($,#1292);
#1294=FILL_AREA_STYLE($,(#1293));
#1295=SURFACE_STYLE_FILL_AREA(#1294);
#1296=SURFACE_SIDE_STYLE('',(#1295));
#1297=SURFACE_STYLE_USAGE(.BOTH.,#1296);
#1298=PRESENTATION_STYLE_ASSIGNMENT((#1297));
#1299=STYLED_ITEM('',(#1298),#1291);
#1300=ADVANCED_FACE('',(#3341),#3343,.T.);
#1301=COLOUR_RGB($,1.,0.843137254901961,0.);
#1302=FILL_AREA_STYLE_COLOUR($,#1301);
#1303=FILL_AREA_STYLE($,(#1302));
#1304=SURFACE_STYLE_FILL_AREA(#1303);
#1305=SURFACE_SIDE_STYLE('',(#1304));
#1306=SURFACE_STYLE_USAGE(.BOTH.,#1305);
#1307=PRESENTATION_STYLE_ASSIGNMENT((#1306));
#1308=STYLED_ITEM('',(#1307),#1300);
#1309=ADVANCED_FACE('',(#3348),#3350,.T.);
#1310=COLOUR_RGB($,1.,0.843137254901961,0.);
#1311=FILL_AREA_STYLE_COLOUR($,#1310);
#1312=FILL_AREA_STYLE($,(#1311));
#1313=SURFACE_STYLE_FILL_AREA(#1312);
#1314=SURFACE_SIDE_STYLE('',(#1313));
#1315=SURFACE_STYLE_USAGE(.BOTH.,#1314);
#1316=PRESENTATION_STYLE_ASSIGNMENT((#1315));
#1317=STYLED_ITEM('',(#1316),#1309);
#1318=ADVANCED_FACE('',(#3355),#3357,.T.);
#1319=COLOUR_RGB($,1.,0.843137254901961,0.);
#1320=FILL_AREA_STYLE_COLOUR($,#1319);
#1321=FILL_AREA_STYLE($,(#1320));
#1322=SURFACE_STYLE_FILL_AREA(#1321);
#1323=SURFACE_SIDE_STYLE('',(#1322));
#1324=SURFACE_STYLE_USAGE(.BOTH.,#1323);
#1325=PRESENTATION_STYLE_ASSIGNMENT((#1324));
#1326=STYLED_ITEM('',(#1325),#1318);
#1327=ADVANCED_FACE('',(#3362),#3364,.T.);
#1328=COLOUR_RGB($,1.,0.843137254901961,0.);
#1329=FILL_AREA_STYLE_COLOUR($,#1328);
#1330=FILL_AREA_STYLE($,(#1329));
#1331=SURFACE_STYLE_FILL_AREA(#1330);
#1332=SURFACE_SIDE_STYLE('',(#1331));
#1333=SURFACE_STYLE_USAGE(.BOTH.,#1332);
#1334=PRESENTATION_STYLE_ASSIGNMENT((#1333));
#1335=STYLED_ITEM('',(#1334),#1327);
#1336=ADVANCED_FACE('',(#3369),#3371,.T.);
#1337=COLOUR_RGB($,1.,0.843137254901961,0.);
#1338=FILL_AREA_STYLE_COLOUR($,#1337);
#1339=FILL_AREA_STYLE($,(#1338));
#1340=SURFACE_STYLE_FILL_AREA(#1339);
#1341=SURFACE_SIDE_STYLE('',(#1340));
#1342=SURFACE_STYLE_USAGE(.BOTH.,#1341);
#1343=PRESENTATION_STYLE_ASSIGNMENT((#1342));
#1344=STYLED_ITEM('',(#1343),#1336);
#1345=ADVANCED_FACE('',(#3376),#3378,.T.);
#1346=COLOUR_RGB($,1.,0.843137254901961,0.);
#1347=FILL_AREA_STYLE_COLOUR($,#1346);
#1348=FILL_AREA_STYLE($,(#1347));
#1349=SURFACE_STYLE_FILL_AREA(#1348);
#1350=SURFACE_SIDE_STYLE('',(#1349));
#1351=SURFACE_STYLE_USAGE(.BOTH.,#1350);
#1352=PRESENTATION_STYLE_ASSIGNMENT((#1351));
#1353=STYLED_ITEM('',(#1352),#1345);
#1354=ADVANCED_FACE('',(#3383),#3385,.T.);
#1355=COLOUR_RGB($,1.,0.843137254901961,0.);
#1356=FILL_AREA_STYLE_COLOUR($,#1355);
#1357=FILL_AREA_STYLE($,(#1356));
#1358=SURFACE_STYLE_FILL_AREA(#1357);
#1359=SURFACE_SIDE_STYLE('',(#1358));
#1360=SURFACE_STYLE_USAGE(.BOTH.,#1359);
#1361=PRESENTATION_STYLE_ASSIGNMENT((#1360));
#1362=STYLED_ITEM('',(#1361),#1354);
#1363=ADVANCED_FACE('',(#3390),#3392,.T.);
#1364=COLOUR_RGB($,1.,0.843137254901961,0.);
#1365=FILL_AREA_STYLE_COLOUR($,#1364);
#1366=FILL_AREA_STYLE($,(#1365));
#1367=SURFACE_STYLE_FILL_AREA(#1366);
#1368=SURFACE_SIDE_STYLE('',(#1367));
#1369=SURFACE_STYLE_USAGE(.BOTH.,#1368);
#1370=PRESENTATION_STYLE_ASSIGNMENT((#1369));
#1371=STYLED_ITEM('',(#1370),#1363);
#1372=ADVANCED_FACE('',(#3397),#3399,.T.);
#1373=COLOUR_RGB($,1.,0.843137254901961,0.);
#1374=FILL_AREA_STYLE_COLOUR($,#1373);
#1375=FILL_AREA_STYLE($,(#1374));
#1376=SURFACE_STYLE_FILL_AREA(#1375);
#1377=SURFACE_SIDE_STYLE('',(#1376));
#1378=SURFACE_STYLE_USAGE(.BOTH.,#1377);
#1379=PRESENTATION_STYLE_ASSIGNMENT((#1378));
#1380=STYLED_ITEM('',(#1379),#1372);
#1381=ADVANCED_FACE('',(#3404),#3406,.T.);
#1382=COLOUR_RGB($,1.,0.843137254901961,0.);
#1383=FILL_AREA_STYLE_COLOUR($,#1382);
#1384=FILL_AREA_STYLE($,(#1383));
#1385=SURFACE_STYLE_FILL_AREA(#1384);
#1386=SURFACE_SIDE_STYLE('',(#1385));
#1387=SURFACE_STYLE_USAGE(.BOTH.,#1386);
#1388=PRESENTATION_STYLE_ASSIGNMENT((#1387));
#1389=STYLED_ITEM('',(#1388),#1381);
#1390=ADVANCED_FACE('',(#3411),#3413,.T.);
#1391=COLOUR_RGB($,1.,0.843137254901961,0.);
#1392=FILL_AREA_STYLE_COLOUR($,#1391);
#1393=FILL_AREA_STYLE($,(#1392));
#1394=SURFACE_STYLE_FILL_AREA(#1393);
#1395=SURFACE_SIDE_STYLE('',(#1394));
#1396=SURFACE_STYLE_USAGE(.BOTH.,#1395);
#1397=PRESENTATION_STYLE_ASSIGNMENT((#1396));
#1398=STYLED_ITEM('',(#1397),#1390);
#1399=ADVANCED_FACE('',(#3418),#3420,.T.);
#1400=COLOUR_RGB($,1.,0.843137254901961,0.);
#1401=FILL_AREA_STYLE_COLOUR($,#1400);
#1402=FILL_AREA_STYLE($,(#1401));
#1403=SURFACE_STYLE_FILL_AREA(#1402);
#1404=SURFACE_SIDE_STYLE('',(#1403));
#1405=SURFACE_STYLE_USAGE(.BOTH.,#1404);
#1406=PRESENTATION_STYLE_ASSIGNMENT((#1405));
#1407=STYLED_ITEM('',(#1406),#1399);
#1408=ADVANCED_FACE('',(#3425),#3427,.T.);
#1409=COLOUR_RGB($,1.,0.843137254901961,0.);
#1410=FILL_AREA_STYLE_COLOUR($,#1409);
#1411=FILL_AREA_STYLE($,(#1410));
#1412=SURFACE_STYLE_FILL_AREA(#1411);
#1413=SURFACE_SIDE_STYLE('',(#1412));
#1414=SURFACE_STYLE_USAGE(.BOTH.,#1413);
#1415=PRESENTATION_STYLE_ASSIGNMENT((#1414));
#1416=STYLED_ITEM('',(#1415),#1408);
#1417=ADVANCED_FACE('',(#3432),#3434,.T.);
#1418=COLOUR_RGB($,1.,0.843137254901961,0.);
#1419=FILL_AREA_STYLE_COLOUR($,#1418);
#1420=FILL_AREA_STYLE($,(#1419));
#1421=SURFACE_STYLE_FILL_AREA(#1420);
#1422=SURFACE_SIDE_STYLE('',(#1421));
#1423=SURFACE_STYLE_USAGE(.BOTH.,#1422);
#1424=PRESENTATION_STYLE_ASSIGNMENT((#1423));
#1425=STYLED_ITEM('',(#1424),#1417);
#1426=ADVANCED_FACE('',(#3439),#3441,.T.);
#1427=COLOUR_RGB($,1.,1.,1.);
#1428=FILL_AREA_STYLE_COLOUR($,#1427);
#1429=FILL_AREA_STYLE($,(#1428));
#1430=SURFACE_STYLE_FILL_AREA(#1429);
#1431=SURFACE_SIDE_STYLE('',(#1430));
#1432=SURFACE_STYLE_USAGE(.BOTH.,#1431);
#1433=PRESENTATION_STYLE_ASSIGNMENT((#1432));
#1434=STYLED_ITEM('',(#1433),#1426);
#1435=ADVANCED_FACE('',(#3446),#3448,.T.);
#1436=COLOUR_RGB($,1.,0.843137254901961,0.);
#1437=FILL_AREA_STYLE_COLOUR($,#1436);
#1438=FILL_AREA_STYLE($,(#1437));
#1439=SURFACE_STYLE_FILL_AREA(#1438);
#1440=SURFACE_SIDE_STYLE('',(#1439));
#1441=SURFACE_STYLE_USAGE(.BOTH.,#1440);
#1442=PRESENTATION_STYLE_ASSIGNMENT((#1441));
#1443=STYLED_ITEM('',(#1442),#1435);
#1444=ADVANCED_FACE('',(#3453),#3455,.T.);
#1445=COLOUR_RGB($,1.,0.843137254901961,0.);
#1446=FILL_AREA_STYLE_COLOUR($,#1445);
#1447=FILL_AREA_STYLE($,(#1446));
#1448=SURFACE_STYLE_FILL_AREA(#1447);
#1449=SURFACE_SIDE_STYLE('',(#1448));
#1450=SURFACE_STYLE_USAGE(.BOTH.,#1449);
#1451=PRESENTATION_STYLE_ASSIGNMENT((#1450));
#1452=STYLED_ITEM('',(#1451),#1444);
#1453=ADVANCED_FACE('',(#3460),#3462,.T.);
#1454=COLOUR_RGB($,1.,0.843137254901961,0.);
#1455=FILL_AREA_STYLE_COLOUR($,#1454);
#1456=FILL_AREA_STYLE($,(#1455));
#1457=SURFACE_STYLE_FILL_AREA(#1456);
#1458=SURFACE_SIDE_STYLE('',(#1457));
#1459=SURFACE_STYLE_USAGE(.BOTH.,#1458);
#1460=PRESENTATION_STYLE_ASSIGNMENT((#1459));
#1461=STYLED_ITEM('',(#1460),#1453);
#1462=ADVANCED_FACE('',(#3467),#3469,.T.);
#1463=COLOUR_RGB($,1.,0.843137254901961,0.);
#1464=FILL_AREA_STYLE_COLOUR($,#1463);
#1465=FILL_AREA_STYLE($,(#1464));
#1466=SURFACE_STYLE_FILL_AREA(#1465);
#1467=SURFACE_SIDE_STYLE('',(#1466));
#1468=SURFACE_STYLE_USAGE(.BOTH.,#1467);
#1469=PRESENTATION_STYLE_ASSIGNMENT((#1468));
#1470=STYLED_ITEM('',(#1469),#1462);
#1471=ADVANCED_FACE('',(#3474),#3476,.T.);
#1472=COLOUR_RGB($,1.,0.843137254901961,0.);
#1473=FILL_AREA_STYLE_COLOUR($,#1472);
#1474=FILL_AREA_STYLE($,(#1473));
#1475=SURFACE_STYLE_FILL_AREA(#1474);
#1476=SURFACE_SIDE_STYLE('',(#1475));
#1477=SURFACE_STYLE_USAGE(.BOTH.,#1476);
#1478=PRESENTATION_STYLE_ASSIGNMENT((#1477));
#1479=STYLED_ITEM('',(#1478),#1471);
#1480=ADVANCED_FACE('',(#3481),#3483,.T.);
#1481=COLOUR_RGB($,1.,0.843137254901961,0.);
#1482=FILL_AREA_STYLE_COLOUR($,#1481);
#1483=FILL_AREA_STYLE($,(#1482));
#1484=SURFACE_STYLE_FILL_AREA(#1483);
#1485=SURFACE_SIDE_STYLE('',(#1484));
#1486=SURFACE_STYLE_USAGE(.BOTH.,#1485);
#1487=PRESENTATION_STYLE_ASSIGNMENT((#1486));
#1488=STYLED_ITEM('',(#1487),#1480);
#1489=ADVANCED_FACE('',(#3488),#3490,.T.);
#1490=COLOUR_RGB($,1.,0.843137254901961,0.);
#1491=FILL_AREA_STYLE_COLOUR($,#1490);
#1492=FILL_AREA_STYLE($,(#1491));
#1493=SURFACE_STYLE_FILL_AREA(#1492);
#1494=SURFACE_SIDE_STYLE('',(#1493));
#1495=SURFACE_STYLE_USAGE(.BOTH.,#1494);
#1496=PRESENTATION_STYLE_ASSIGNMENT((#1495));
#1497=STYLED_ITEM('',(#1496),#1489);
#1498=ADVANCED_FACE('',(#3495),#3497,.T.);
#1499=COLOUR_RGB($,1.,0.843137254901961,0.);
#1500=FILL_AREA_STYLE_COLOUR($,#1499);
#1501=FILL_AREA_STYLE($,(#1500));
#1502=SURFACE_STYLE_FILL_AREA(#1501);
#1503=SURFACE_SIDE_STYLE('',(#1502));
#1504=SURFACE_STYLE_USAGE(.BOTH.,#1503);
#1505=PRESENTATION_STYLE_ASSIGNMENT((#1504));
#1506=STYLED_ITEM('',(#1505),#1498);
#1507=ADVANCED_FACE('',(#3502),#3504,.T.);
#1508=COLOUR_RGB($,1.,0.843137254901961,0.);
#1509=FILL_AREA_STYLE_COLOUR($,#1508);
#1510=FILL_AREA_STYLE($,(#1509));
#1511=SURFACE_STYLE_FILL_AREA(#1510);
#1512=SURFACE_SIDE_STYLE('',(#1511));
#1513=SURFACE_STYLE_USAGE(.BOTH.,#1512);
#1514=PRESENTATION_STYLE_ASSIGNMENT((#1513));
#1515=STYLED_ITEM('',(#1514),#1507);
#1516=ADVANCED_FACE('',(#3509),#3511,.T.);
#1517=COLOUR_RGB($,1.,0.843137254901961,0.);
#1518=FILL_AREA_STYLE_COLOUR($,#1517);
#1519=FILL_AREA_STYLE($,(#1518));
#1520=SURFACE_STYLE_FILL_AREA(#1519);
#1521=SURFACE_SIDE_STYLE('',(#1520));
#1522=SURFACE_STYLE_USAGE(.BOTH.,#1521);
#1523=PRESENTATION_STYLE_ASSIGNMENT((#1522));
#1524=STYLED_ITEM('',(#1523),#1516);
#1525=ADVANCED_FACE('',(#3516),#3518,.T.);
#1526=COLOUR_RGB($,1.,0.843137254901961,0.);
#1527=FILL_AREA_STYLE_COLOUR($,#1526);
#1528=FILL_AREA_STYLE($,(#1527));
#1529=SURFACE_STYLE_FILL_AREA(#1528);
#1530=SURFACE_SIDE_STYLE('',(#1529));
#1531=SURFACE_STYLE_USAGE(.BOTH.,#1530);
#1532=PRESENTATION_STYLE_ASSIGNMENT((#1531));
#1533=STYLED_ITEM('',(#1532),#1525);
#1534=ADVANCED_FACE('',(#3523),#3525,.T.);
#1535=COLOUR_RGB($,1.,0.843137254901961,0.);
#1536=FILL_AREA_STYLE_COLOUR($,#1535);
#1537=FILL_AREA_STYLE($,(#1536));
#1538=SURFACE_STYLE_FILL_AREA(#1537);
#1539=SURFACE_SIDE_STYLE('',(#1538));
#1540=SURFACE_STYLE_USAGE(.BOTH.,#1539);
#1541=PRESENTATION_STYLE_ASSIGNMENT((#1540));
#1542=STYLED_ITEM('',(#1541),#1534);
#1543=ADVANCED_FACE('',(#3530),#3532,.T.);
#1544=COLOUR_RGB($,1.,0.843137254901961,0.);
#1545=FILL_AREA_STYLE_COLOUR($,#1544);
#1546=FILL_AREA_STYLE($,(#1545));
#1547=SURFACE_STYLE_FILL_AREA(#1546);
#1548=SURFACE_SIDE_STYLE('',(#1547));
#1549=SURFACE_STYLE_USAGE(.BOTH.,#1548);
#1550=PRESENTATION_STYLE_ASSIGNMENT((#1549));
#1551=STYLED_ITEM('',(#1550),#1543);
#1552=ADVANCED_FACE('',(#3537),#3539,.T.);
#1553=COLOUR_RGB($,1.,0.843137254901961,0.);
#1554=FILL_AREA_STYLE_COLOUR($,#1553);
#1555=FILL_AREA_STYLE($,(#1554));
#1556=SURFACE_STYLE_FILL_AREA(#1555);
#1557=SURFACE_SIDE_STYLE('',(#1556));
#1558=SURFACE_STYLE_USAGE(.BOTH.,#1557);
#1559=PRESENTATION_STYLE_ASSIGNMENT((#1558));
#1560=STYLED_ITEM('',(#1559),#1552);
#1561=ADVANCED_FACE('',(#3544),#3546,.T.);
#1562=COLOUR_RGB($,1.,0.843137254901961,0.);
#1563=FILL_AREA_STYLE_COLOUR($,#1562);
#1564=FILL_AREA_STYLE($,(#1563));
#1565=SURFACE_STYLE_FILL_AREA(#1564);
#1566=SURFACE_SIDE_STYLE('',(#1565));
#1567=SURFACE_STYLE_USAGE(.BOTH.,#1566);
#1568=PRESENTATION_STYLE_ASSIGNMENT((#1567));
#1569=STYLED_ITEM('',(#1568),#1561);
#1570=ADVANCED_FACE('',(#3551),#3553,.T.);
#1571=COLOUR_RGB($,1.,0.843137254901961,0.);
#1572=FILL_AREA_STYLE_COLOUR($,#1571);
#1573=FILL_AREA_STYLE($,(#1572));
#1574=SURFACE_STYLE_FILL_AREA(#1573);
#1575=SURFACE_SIDE_STYLE('',(#1574));
#1576=SURFACE_STYLE_USAGE(.BOTH.,#1575);
#1577=PRESENTATION_STYLE_ASSIGNMENT((#1576));
#1578=STYLED_ITEM('',(#1577),#1570);
#1579=ADVANCED_FACE('',(#3558),#3560,.T.);
#1580=COLOUR_RGB($,1.,0.843137254901961,0.);
#1581=FILL_AREA_STYLE_COLOUR($,#1580);
#1582=FILL_AREA_STYLE($,(#1581));
#1583=SURFACE_STYLE_FILL_AREA(#1582);
#1584=SURFACE_SIDE_STYLE('',(#1583));
#1585=SURFACE_STYLE_USAGE(.BOTH.,#1584);
#1586=PRESENTATION_STYLE_ASSIGNMENT((#1585));
#1587=STYLED_ITEM('',(#1586),#1579);
#1588=ADVANCED_FACE('',(#3565),#3567,.T.);
#1589=COLOUR_RGB($,1.,0.843137254901961,0.);
#1590=FILL_AREA_STYLE_COLOUR($,#1589);
#1591=FILL_AREA_STYLE($,(#1590));
#1592=SURFACE_STYLE_FILL_AREA(#1591);
#1593=SURFACE_SIDE_STYLE('',(#1592));
#1594=SURFACE_STYLE_USAGE(.BOTH.,#1593);
#1595=PRESENTATION_STYLE_ASSIGNMENT((#1594));
#1596=STYLED_ITEM('',(#1595),#1588);
#1597=ADVANCED_FACE('',(#3572),#3574,.T.);
#1598=COLOUR_RGB($,1.,0.843137254901961,0.);
#1599=FILL_AREA_STYLE_COLOUR($,#1598);
#1600=FILL_AREA_STYLE($,(#1599));
#1601=SURFACE_STYLE_FILL_AREA(#1600);
#1602=SURFACE_SIDE_STYLE('',(#1601));
#1603=SURFACE_STYLE_USAGE(.BOTH.,#1602);
#1604=PRESENTATION_STYLE_ASSIGNMENT((#1603));
#1605=STYLED_ITEM('',(#1604),#1597);
#1606=ADVANCED_FACE('',(#3579),#3581,.T.);
#1607=COLOUR_RGB($,1.,0.843137254901961,0.);
#1608=FILL_AREA_STYLE_COLOUR($,#1607);
#1609=FILL_AREA_STYLE($,(#1608));
#1610=SURFACE_STYLE_FILL_AREA(#1609);
#1611=SURFACE_SIDE_STYLE('',(#1610));
#1612=SURFACE_STYLE_USAGE(.BOTH.,#1611);
#1613=PRESENTATION_STYLE_ASSIGNMENT((#1612));
#1614=STYLED_ITEM('',(#1613),#1606);
#1615=ADVANCED_FACE('',(#3586),#3588,.T.);
#1616=COLOUR_RGB($,1.,0.843137254901961,0.);
#1617=FILL_AREA_STYLE_COLOUR($,#1616);
#1618=FILL_AREA_STYLE($,(#1617));
#1619=SURFACE_STYLE_FILL_AREA(#1618);
#1620=SURFACE_SIDE_STYLE('',(#1619));
#1621=SURFACE_STYLE_USAGE(.BOTH.,#1620);
#1622=PRESENTATION_STYLE_ASSIGNMENT((#1621));
#1623=STYLED_ITEM('',(#1622),#1615);
#1624=ADVANCED_FACE('',(#3593),#3595,.T.);
#1625=COLOUR_RGB($,1.,0.843137254901961,0.);
#1626=FILL_AREA_STYLE_COLOUR($,#1625);
#1627=FILL_AREA_STYLE($,(#1626));
#1628=SURFACE_STYLE_FILL_AREA(#1627);
#1629=SURFACE_SIDE_STYLE('',(#1628));
#1630=SURFACE_STYLE_USAGE(.BOTH.,#1629);
#1631=PRESENTATION_STYLE_ASSIGNMENT((#1630));
#1632=STYLED_ITEM('',(#1631),#1624);
#1633=ADVANCED_FACE('',(#3600),#3602,.T.);
#1634=COLOUR_RGB($,1.,0.843137254901961,0.);
#1635=FILL_AREA_STYLE_COLOUR($,#1634);
#1636=FILL_AREA_STYLE($,(#1635));
#1637=SURFACE_STYLE_FILL_AREA(#1636);
#1638=SURFACE_SIDE_STYLE('',(#1637));
#1639=SURFACE_STYLE_USAGE(.BOTH.,#1638);
#1640=PRESENTATION_STYLE_ASSIGNMENT((#1639));
#1641=STYLED_ITEM('',(#1640),#1633);
#1642=ADVANCED_FACE('',(#3607),#3609,.T.);
#1643=COLOUR_RGB($,1.,0.843137254901961,0.);
#1644=FILL_AREA_STYLE_COLOUR($,#1643);
#1645=FILL_AREA_STYLE($,(#1644));
#1646=SURFACE_STYLE_FILL_AREA(#1645);
#1647=SURFACE_SIDE_STYLE('',(#1646));
#1648=SURFACE_STYLE_USAGE(.BOTH.,#1647);
#1649=PRESENTATION_STYLE_ASSIGNMENT((#1648));
#1650=STYLED_ITEM('',(#1649),#1642);
#1651=ADVANCED_FACE('',(#3614),#3616,.T.);
#1652=COLOUR_RGB($,1.,0.843137254901961,0.);
#1653=FILL_AREA_STYLE_COLOUR($,#1652);
#1654=FILL_AREA_STYLE($,(#1653));
#1655=SURFACE_STYLE_FILL_AREA(#1654);
#1656=SURFACE_SIDE_STYLE('',(#1655));
#1657=SURFACE_STYLE_USAGE(.BOTH.,#1656);
#1658=PRESENTATION_STYLE_ASSIGNMENT((#1657));
#1659=STYLED_ITEM('',(#1658),#1651);
#1660=ADVANCED_FACE('',(#3621),#3623,.T.);
#1661=COLOUR_RGB($,1.,0.843137254901961,0.);
#1662=FILL_AREA_STYLE_COLOUR($,#1661);
#1663=FILL_AREA_STYLE($,(#1662));
#1664=SURFACE_STYLE_FILL_AREA(#1663);
#1665=SURFACE_SIDE_STYLE('',(#1664));
#1666=SURFACE_STYLE_USAGE(.BOTH.,#1665);
#1667=PRESENTATION_STYLE_ASSIGNMENT((#1666));
#1668=STYLED_ITEM('',(#1667),#1660);
#1669=ADVANCED_FACE('',(#3628),#3630,.T.);
#1670=COLOUR_RGB($,1.,0.843137254901961,0.);
#1671=FILL_AREA_STYLE_COLOUR($,#1670);
#1672=FILL_AREA_STYLE($,(#1671));
#1673=SURFACE_STYLE_FILL_AREA(#1672);
#1674=SURFACE_SIDE_STYLE('',(#1673));
#1675=SURFACE_STYLE_USAGE(.BOTH.,#1674);
#1676=PRESENTATION_STYLE_ASSIGNMENT((#1675));
#1677=STYLED_ITEM('',(#1676),#1669);
#1678=ADVANCED_FACE('',(#3635),#3637,.T.);
#1679=COLOUR_RGB($,1.,0.843137254901961,0.);
#1680=FILL_AREA_STYLE_COLOUR($,#1679);
#1681=FILL_AREA_STYLE($,(#1680));
#1682=SURFACE_STYLE_FILL_AREA(#1681);
#1683=SURFACE_SIDE_STYLE('',(#1682));
#1684=SURFACE_STYLE_USAGE(.BOTH.,#1683);
#1685=PRESENTATION_STYLE_ASSIGNMENT((#1684));
#1686=STYLED_ITEM('',(#1685),#1678);
#1687=ADVANCED_FACE('',(#3642),#3644,.T.);
#1688=COLOUR_RGB($,1.,0.843137254901961,0.);
#1689=FILL_AREA_STYLE_COLOUR($,#1688);
#1690=FILL_AREA_STYLE($,(#1689));
#1691=SURFACE_STYLE_FILL_AREA(#1690);
#1692=SURFACE_SIDE_STYLE('',(#1691));
#1693=SURFACE_STYLE_USAGE(.BOTH.,#1692);
#1694=PRESENTATION_STYLE_ASSIGNMENT((#1693));
#1695=STYLED_ITEM('',(#1694),#1687);
#1696=ADVANCED_FACE('',(#3649),#3651,.T.);
#1697=COLOUR_RGB($,1.,0.843137254901961,0.);
#1698=FILL_AREA_STYLE_COLOUR($,#1697);
#1699=FILL_AREA_STYLE($,(#1698));
#1700=SURFACE_STYLE_FILL_AREA(#1699);
#1701=SURFACE_SIDE_STYLE('',(#1700));
#1702=SURFACE_STYLE_USAGE(.BOTH.,#1701);
#1703=PRESENTATION_STYLE_ASSIGNMENT((#1702));
#1704=STYLED_ITEM('',(#1703),#1696);
#1705=ADVANCED_FACE('',(#3656),#3658,.T.);
#1706=COLOUR_RGB($,1.,0.843137254901961,0.);
#1707=FILL_AREA_STYLE_COLOUR($,#1706);
#1708=FILL_AREA_STYLE($,(#1707));
#1709=SURFACE_STYLE_FILL_AREA(#1708);
#1710=SURFACE_SIDE_STYLE('',(#1709));
#1711=SURFACE_STYLE_USAGE(.BOTH.,#1710);
#1712=PRESENTATION_STYLE_ASSIGNMENT((#1711));
#1713=STYLED_ITEM('',(#1712),#1705);
#1714=ADVANCED_FACE('',(#3663),#3665,.T.);
#1715=COLOUR_RGB($,1.,0.843137254901961,0.);
#1716=FILL_AREA_STYLE_COLOUR($,#1715);
#1717=FILL_AREA_STYLE($,(#1716));
#1718=SURFACE_STYLE_FILL_AREA(#1717);
#1719=SURFACE_SIDE_STYLE('',(#1718));
#1720=SURFACE_STYLE_USAGE(.BOTH.,#1719);
#1721=PRESENTATION_STYLE_ASSIGNMENT((#1720));
#1722=STYLED_ITEM('',(#1721),#1714);
#1723=ADVANCED_FACE('',(#3670),#3672,.T.);
#1724=COLOUR_RGB($,1.,0.843137254901961,0.);
#1725=FILL_AREA_STYLE_COLOUR($,#1724);
#1726=FILL_AREA_STYLE($,(#1725));
#1727=SURFACE_STYLE_FILL_AREA(#1726);
#1728=SURFACE_SIDE_STYLE('',(#1727));
#1729=SURFACE_STYLE_USAGE(.BOTH.,#1728);
#1730=PRESENTATION_STYLE_ASSIGNMENT((#1729));
#1731=STYLED_ITEM('',(#1730),#1723);
#1732=ADVANCED_FACE('',(#3677),#3679,.T.);
#1733=COLOUR_RGB($,1.,0.843137254901961,0.);
#1734=FILL_AREA_STYLE_COLOUR($,#1733);
#1735=FILL_AREA_STYLE($,(#1734));
#1736=SURFACE_STYLE_FILL_AREA(#1735);
#1737=SURFACE_SIDE_STYLE('',(#1736));
#1738=SURFACE_STYLE_USAGE(.BOTH.,#1737);
#1739=PRESENTATION_STYLE_ASSIGNMENT((#1738));
#1740=STYLED_ITEM('',(#1739),#1732);
#1741=ADVANCED_FACE('',(#3684),#3686,.T.);
#1742=COLOUR_RGB($,1.,0.843137254901961,0.);
#1743=FILL_AREA_STYLE_COLOUR($,#1742);
#1744=FILL_AREA_STYLE($,(#1743));
#1745=SURFACE_STYLE_FILL_AREA(#1744);
#1746=SURFACE_SIDE_STYLE('',(#1745));
#1747=SURFACE_STYLE_USAGE(.BOTH.,#1746);
#1748=PRESENTATION_STYLE_ASSIGNMENT((#1747));
#1749=STYLED_ITEM('',(#1748),#1741);
#1750=ADVANCED_FACE('',(#3691),#3693,.T.);
#1751=COLOUR_RGB($,1.,0.843137254901961,0.);
#1752=FILL_AREA_STYLE_COLOUR($,#1751);
#1753=FILL_AREA_STYLE($,(#1752));
#1754=SURFACE_STYLE_FILL_AREA(#1753);
#1755=SURFACE_SIDE_STYLE('',(#1754));
#1756=SURFACE_STYLE_USAGE(.BOTH.,#1755);
#1757=PRESENTATION_STYLE_ASSIGNMENT((#1756));
#1758=STYLED_ITEM('',(#1757),#1750);
#1759=ADVANCED_FACE('',(#3698),#3700,.T.);
#1760=COLOUR_RGB($,1.,0.843137254901961,0.);
#1761=FILL_AREA_STYLE_COLOUR($,#1760);
#1762=FILL_AREA_STYLE($,(#1761));
#1763=SURFACE_STYLE_FILL_AREA(#1762);
#1764=SURFACE_SIDE_STYLE('',(#1763));
#1765=SURFACE_STYLE_USAGE(.BOTH.,#1764);
#1766=PRESENTATION_STYLE_ASSIGNMENT((#1765));
#1767=STYLED_ITEM('',(#1766),#1759);
#1768=ADVANCED_FACE('',(#3705),#3707,.T.);
#1769=COLOUR_RGB($,1.,0.843137254901961,0.);
#1770=FILL_AREA_STYLE_COLOUR($,#1769);
#1771=FILL_AREA_STYLE($,(#1770));
#1772=SURFACE_STYLE_FILL_AREA(#1771);
#1773=SURFACE_SIDE_STYLE('',(#1772));
#1774=SURFACE_STYLE_USAGE(.BOTH.,#1773);
#1775=PRESENTATION_STYLE_ASSIGNMENT((#1774));
#1776=STYLED_ITEM('',(#1775),#1768);
#1777=ADVANCED_FACE('',(#3712),#3714,.T.);
#1778=COLOUR_RGB($,1.,0.843137254901961,0.);
#1779=FILL_AREA_STYLE_COLOUR($,#1778);
#1780=FILL_AREA_STYLE($,(#1779));
#1781=SURFACE_STYLE_FILL_AREA(#1780);
#1782=SURFACE_SIDE_STYLE('',(#1781));
#1783=SURFACE_STYLE_USAGE(.BOTH.,#1782);
#1784=PRESENTATION_STYLE_ASSIGNMENT((#1783));
#1785=STYLED_ITEM('',(#1784),#1777);
#1786=ADVANCED_FACE('',(#3719),#3721,.T.);
#1787=COLOUR_RGB($,1.,0.843137254901961,0.);
#1788=FILL_AREA_STYLE_COLOUR($,#1787);
#1789=FILL_AREA_STYLE($,(#1788));
#1790=SURFACE_STYLE_FILL_AREA(#1789);
#1791=SURFACE_SIDE_STYLE('',(#1790));
#1792=SURFACE_STYLE_USAGE(.BOTH.,#1791);
#1793=PRESENTATION_STYLE_ASSIGNMENT((#1792));
#1794=STYLED_ITEM('',(#1793),#1786);
#1795=ADVANCED_FACE('',(#3726),#3728,.F.);
#1796=COLOUR_RGB($,1.,0.843137254901961,0.);
#1797=FILL_AREA_STYLE_COLOUR($,#1796);
#1798=FILL_AREA_STYLE($,(#1797));
#1799=SURFACE_STYLE_FILL_AREA(#1798);
#1800=SURFACE_SIDE_STYLE('',(#1799));
#1801=SURFACE_STYLE_USAGE(.BOTH.,#1800);
#1802=PRESENTATION_STYLE_ASSIGNMENT((#1801));
#1803=STYLED_ITEM('',(#1802),#1795);
#1804=ADVANCED_FACE('',(#3733),#3735,.F.);
#1805=COLOUR_RGB($,1.,0.843137254901961,0.);
#1806=FILL_AREA_STYLE_COLOUR($,#1805);
#1807=FILL_AREA_STYLE($,(#1806));
#1808=SURFACE_STYLE_FILL_AREA(#1807);
#1809=SURFACE_SIDE_STYLE('',(#1808));
#1810=SURFACE_STYLE_USAGE(.BOTH.,#1809);
#1811=PRESENTATION_STYLE_ASSIGNMENT((#1810));
#1812=STYLED_ITEM('',(#1811),#1804);
#1813=ADVANCED_FACE('',(#3740),#3742,.F.);
#1814=COLOUR_RGB($,1.,0.843137254901961,0.);
#1815=FILL_AREA_STYLE_COLOUR($,#1814);
#1816=FILL_AREA_STYLE($,(#1815));
#1817=SURFACE_STYLE_FILL_AREA(#1816);
#1818=SURFACE_SIDE_STYLE('',(#1817));
#1819=SURFACE_STYLE_USAGE(.BOTH.,#1818);
#1820=PRESENTATION_STYLE_ASSIGNMENT((#1819));
#1821=STYLED_ITEM('',(#1820),#1813);
#1822=ADVANCED_FACE('',(#3747),#3749,.F.);
#1823=COLOUR_RGB($,1.,0.843137254901961,0.);
#1824=FILL_AREA_STYLE_COLOUR($,#1823);
#1825=FILL_AREA_STYLE($,(#1824));
#1826=SURFACE_STYLE_FILL_AREA(#1825);
#1827=SURFACE_SIDE_STYLE('',(#1826));
#1828=SURFACE_STYLE_USAGE(.BOTH.,#1827);
#1829=PRESENTATION_STYLE_ASSIGNMENT((#1828));
#1830=STYLED_ITEM('',(#1829),#1822);
#1831=ADVANCED_FACE('',(#3754),#3756,.F.);
#1832=COLOUR_RGB($,1.,0.843137254901961,0.);
#1833=FILL_AREA_STYLE_COLOUR($,#1832);
#1834=FILL_AREA_STYLE($,(#1833));
#1835=SURFACE_STYLE_FILL_AREA(#1834);
#1836=SURFACE_SIDE_STYLE('',(#1835));
#1837=SURFACE_STYLE_USAGE(.BOTH.,#1836);
#1838=PRESENTATION_STYLE_ASSIGNMENT((#1837));
#1839=STYLED_ITEM('',(#1838),#1831);
#1840=ADVANCED_FACE('',(#3761),#3763,.F.);
#1841=COLOUR_RGB($,1.,0.843137254901961,0.);
#1842=FILL_AREA_STYLE_COLOUR($,#1841);
#1843=FILL_AREA_STYLE($,(#1842));
#1844=SURFACE_STYLE_FILL_AREA(#1843);
#1845=SURFACE_SIDE_STYLE('',(#1844));
#1846=SURFACE_STYLE_USAGE(.BOTH.,#1845);
#1847=PRESENTATION_STYLE_ASSIGNMENT((#1846));
#1848=STYLED_ITEM('',(#1847),#1840);
#1849=ADVANCED_FACE('',(#3768),#3770,.F.);
#1850=COLOUR_RGB($,1.,0.843137254901961,0.);
#1851=FILL_AREA_STYLE_COLOUR($,#1850);
#1852=FILL_AREA_STYLE($,(#1851));
#1853=SURFACE_STYLE_FILL_AREA(#1852);
#1854=SURFACE_SIDE_STYLE('',(#1853));
#1855=SURFACE_STYLE_USAGE(.BOTH.,#1854);
#1856=PRESENTATION_STYLE_ASSIGNMENT((#1855));
#1857=STYLED_ITEM('',(#1856),#1849);
#1858=ADVANCED_FACE('',(#3775),#3777,.F.);
#1859=COLOUR_RGB($,1.,0.843137254901961,0.);
#1860=FILL_AREA_STYLE_COLOUR($,#1859);
#1861=FILL_AREA_STYLE($,(#1860));
#1862=SURFACE_STYLE_FILL_AREA(#1861);
#1863=SURFACE_SIDE_STYLE('',(#1862));
#1864=SURFACE_STYLE_USAGE(.BOTH.,#1863);
#1865=PRESENTATION_STYLE_ASSIGNMENT((#1864));
#1866=STYLED_ITEM('',(#1865),#1858);
#1867=ADVANCED_FACE('',(#3782),#3784,.F.);
#1868=COLOUR_RGB($,1.,0.843137254901961,0.);
#1869=FILL_AREA_STYLE_COLOUR($,#1868);
#1870=FILL_AREA_STYLE($,(#1869));
#1871=SURFACE_STYLE_FILL_AREA(#1870);
#1872=SURFACE_SIDE_STYLE('',(#1871));
#1873=SURFACE_STYLE_USAGE(.BOTH.,#1872);
#1874=PRESENTATION_STYLE_ASSIGNMENT((#1873));
#1875=STYLED_ITEM('',(#1874),#1867);
#1876=ADVANCED_FACE('',(#3789),#3791,.F.);
#1877=COLOUR_RGB($,1.,0.843137254901961,0.);
#1878=FILL_AREA_STYLE_COLOUR($,#1877);
#1879=FILL_AREA_STYLE($,(#1878));
#1880=SURFACE_STYLE_FILL_AREA(#1879);
#1881=SURFACE_SIDE_STYLE('',(#1880));
#1882=SURFACE_STYLE_USAGE(.BOTH.,#1881);
#1883=PRESENTATION_STYLE_ASSIGNMENT((#1882));
#1884=STYLED_ITEM('',(#1883),#1876);
#1885=ADVANCED_FACE('',(#3796),#3798,.F.);
#1886=COLOUR_RGB($,1.,0.843137254901961,0.);
#1887=FILL_AREA_STYLE_COLOUR($,#1886);
#1888=FILL_AREA_STYLE($,(#1887));
#1889=SURFACE_STYLE_FILL_AREA(#1888);
#1890=SURFACE_SIDE_STYLE('',(#1889));
#1891=SURFACE_STYLE_USAGE(.BOTH.,#1890);
#1892=PRESENTATION_STYLE_ASSIGNMENT((#1891));
#1893=STYLED_ITEM('',(#1892),#1885);
#1894=ADVANCED_FACE('',(#3803),#3805,.F.);
#1895=COLOUR_RGB($,1.,0.843137254901961,0.);
#1896=FILL_AREA_STYLE_COLOUR($,#1895);
#1897=FILL_AREA_STYLE($,(#1896));
#1898=SURFACE_STYLE_FILL_AREA(#1897);
#1899=SURFACE_SIDE_STYLE('',(#1898));
#1900=SURFACE_STYLE_USAGE(.BOTH.,#1899);
#1901=PRESENTATION_STYLE_ASSIGNMENT((#1900));
#1902=STYLED_ITEM('',(#1901),#1894);
#1903=ADVANCED_FACE('',(#3810),#3812,.F.);
#1904=COLOUR_RGB($,1.,0.843137254901961,0.);
#1905=FILL_AREA_STYLE_COLOUR($,#1904);
#1906=FILL_AREA_STYLE($,(#1905));
#1907=SURFACE_STYLE_FILL_AREA(#1906);
#1908=SURFACE_SIDE_STYLE('',(#1907));
#1909=SURFACE_STYLE_USAGE(.BOTH.,#1908);
#1910=PRESENTATION_STYLE_ASSIGNMENT((#1909));
#1911=STYLED_ITEM('',(#1910),#1903);
#1912=ADVANCED_FACE('',(#3817),#3819,.F.);
#1913=COLOUR_RGB($,1.,0.843137254901961,0.);
#1914=FILL_AREA_STYLE_COLOUR($,#1913);
#1915=FILL_AREA_STYLE($,(#1914));
#1916=SURFACE_STYLE_FILL_AREA(#1915);
#1917=SURFACE_SIDE_STYLE('',(#1916));
#1918=SURFACE_STYLE_USAGE(.BOTH.,#1917);
#1919=PRESENTATION_STYLE_ASSIGNMENT((#1918));
#1920=STYLED_ITEM('',(#1919),#1912);
#1921=ADVANCED_FACE('',(#3824),#3826,.F.);
#1922=COLOUR_RGB($,1.,0.843137254901961,0.);
#1923=FILL_AREA_STYLE_COLOUR($,#1922);
#1924=FILL_AREA_STYLE($,(#1923));
#1925=SURFACE_STYLE_FILL_AREA(#1924);
#1926=SURFACE_SIDE_STYLE('',(#1925));
#1927=SURFACE_STYLE_USAGE(.BOTH.,#1926);
#1928=PRESENTATION_STYLE_ASSIGNMENT((#1927));
#1929=STYLED_ITEM('',(#1928),#1921);
#1930=ADVANCED_FACE('',(#3831),#3833,.F.);
#1931=COLOUR_RGB($,1.,0.843137254901961,0.);
#1932=FILL_AREA_STYLE_COLOUR($,#1931);
#1933=FILL_AREA_STYLE($,(#1932));
#1934=SURFACE_STYLE_FILL_AREA(#1933);
#1935=SURFACE_SIDE_STYLE('',(#1934));
#1936=SURFACE_STYLE_USAGE(.BOTH.,#1935);
#1937=PRESENTATION_STYLE_ASSIGNMENT((#1936));
#1938=STYLED_ITEM('',(#1937),#1930);
#1939=ADVANCED_FACE('',(#3838),#3840,.F.);
#1940=COLOUR_RGB($,1.,0.843137254901961,0.);
#1941=FILL_AREA_STYLE_COLOUR($,#1940);
#1942=FILL_AREA_STYLE($,(#1941));
#1943=SURFACE_STYLE_FILL_AREA(#1942);
#1944=SURFACE_SIDE_STYLE('',(#1943));
#1945=SURFACE_STYLE_USAGE(.BOTH.,#1944);
#1946=PRESENTATION_STYLE_ASSIGNMENT((#1945));
#1947=STYLED_ITEM('',(#1946),#1939);
#1948=ADVANCED_FACE('',(#3845),#3847,.F.);
#1949=COLOUR_RGB($,1.,0.843137254901961,0.);
#1950=FILL_AREA_STYLE_COLOUR($,#1949);
#1951=FILL_AREA_STYLE($,(#1950));
#1952=SURFACE_STYLE_FILL_AREA(#1951);
#1953=SURFACE_SIDE_STYLE('',(#1952));
#1954=SURFACE_STYLE_USAGE(.BOTH.,#1953);
#1955=PRESENTATION_STYLE_ASSIGNMENT((#1954));
#1956=STYLED_ITEM('',(#1955),#1948);
#1957=ADVANCED_FACE('',(#3852),#3854,.F.);
#1958=COLOUR_RGB($,1.,0.843137254901961,0.);
#1959=FILL_AREA_STYLE_COLOUR($,#1958);
#1960=FILL_AREA_STYLE($,(#1959));
#1961=SURFACE_STYLE_FILL_AREA(#1960);
#1962=SURFACE_SIDE_STYLE('',(#1961));
#1963=SURFACE_STYLE_USAGE(.BOTH.,#1962);
#1964=PRESENTATION_STYLE_ASSIGNMENT((#1963));
#1965=STYLED_ITEM('',(#1964),#1957);
#1966=ADVANCED_FACE('',(#3859),#3861,.F.);
#1967=COLOUR_RGB($,1.,0.843137254901961,0.);
#1968=FILL_AREA_STYLE_COLOUR($,#1967);
#1969=FILL_AREA_STYLE($,(#1968));
#1970=SURFACE_STYLE_FILL_AREA(#1969);
#1971=SURFACE_SIDE_STYLE('',(#1970));
#1972=SURFACE_STYLE_USAGE(.BOTH.,#1971);
#1973=PRESENTATION_STYLE_ASSIGNMENT((#1972));
#1974=STYLED_ITEM('',(#1973),#1966);
#1975=ADVANCED_FACE('',(#3866),#3868,.F.);
#1976=COLOUR_RGB($,1.,0.843137254901961,0.);
#1977=FILL_AREA_STYLE_COLOUR($,#1976);
#1978=FILL_AREA_STYLE($,(#1977));
#1979=SURFACE_STYLE_FILL_AREA(#1978);
#1980=SURFACE_SIDE_STYLE('',(#1979));
#1981=SURFACE_STYLE_USAGE(.BOTH.,#1980);
#1982=PRESENTATION_STYLE_ASSIGNMENT((#1981));
#1983=STYLED_ITEM('',(#1982),#1975);
#1984=ADVANCED_FACE('',(#3873),#3875,.F.);
#1985=COLOUR_RGB($,1.,0.843137254901961,0.);
#1986=FILL_AREA_STYLE_COLOUR($,#1985);
#1987=FILL_AREA_STYLE($,(#1986));
#1988=SURFACE_STYLE_FILL_AREA(#1987);
#1989=SURFACE_SIDE_STYLE('',(#1988));
#1990=SURFACE_STYLE_USAGE(.BOTH.,#1989);
#1991=PRESENTATION_STYLE_ASSIGNMENT((#1990));
#1992=STYLED_ITEM('',(#1991),#1984);
#1993=ADVANCED_FACE('',(#3880),#3882,.F.);
#1994=COLOUR_RGB($,1.,0.843137254901961,0.);
#1995=FILL_AREA_STYLE_COLOUR($,#1994);
#1996=FILL_AREA_STYLE($,(#1995));
#1997=SURFACE_STYLE_FILL_AREA(#1996);
#1998=SURFACE_SIDE_STYLE('',(#1997));
#1999=SURFACE_STYLE_USAGE(.BOTH.,#1998);
#2000=PRESENTATION_STYLE_ASSIGNMENT((#1999));
#2001=STYLED_ITEM('',(#2000),#1993);
#2002=ADVANCED_FACE('',(#3887),#3889,.F.);
#2003=COLOUR_RGB($,1.,0.843137254901961,0.);
#2004=FILL_AREA_STYLE_COLOUR($,#2003);
#2005=FILL_AREA_STYLE($,(#2004));
#2006=SURFACE_STYLE_FILL_AREA(#2005);
#2007=SURFACE_SIDE_STYLE('',(#2006));
#2008=SURFACE_STYLE_USAGE(.BOTH.,#2007);
#2009=PRESENTATION_STYLE_ASSIGNMENT((#2008));
#2010=STYLED_ITEM('',(#2009),#2002);
#2011=ADVANCED_FACE('',(#3894),#3896,.F.);
#2012=COLOUR_RGB($,1.,0.843137254901961,0.);
#2013=FILL_AREA_STYLE_COLOUR($,#2012);
#2014=FILL_AREA_STYLE($,(#2013));
#2015=SURFACE_STYLE_FILL_AREA(#2014);
#2016=SURFACE_SIDE_STYLE('',(#2015));
#2017=SURFACE_STYLE_USAGE(.BOTH.,#2016);
#2018=PRESENTATION_STYLE_ASSIGNMENT((#2017));
#2019=STYLED_ITEM('',(#2018),#2011);
#2020=ADVANCED_FACE('',(#3901),#3903,.F.);
#2021=COLOUR_RGB($,1.,0.843137254901961,0.);
#2022=FILL_AREA_STYLE_COLOUR($,#2021);
#2023=FILL_AREA_STYLE($,(#2022));
#2024=SURFACE_STYLE_FILL_AREA(#2023);
#2025=SURFACE_SIDE_STYLE('',(#2024));
#2026=SURFACE_STYLE_USAGE(.BOTH.,#2025);
#2027=PRESENTATION_STYLE_ASSIGNMENT((#2026));
#2028=STYLED_ITEM('',(#2027),#2020);
#2029=ADVANCED_FACE('',(#3908),#3910,.F.);
#2030=COLOUR_RGB($,1.,0.843137254901961,0.);
#2031=FILL_AREA_STYLE_COLOUR($,#2030);
#2032=FILL_AREA_STYLE($,(#2031));
#2033=SURFACE_STYLE_FILL_AREA(#2032);
#2034=SURFACE_SIDE_STYLE('',(#2033));
#2035=SURFACE_STYLE_USAGE(.BOTH.,#2034);
#2036=PRESENTATION_STYLE_ASSIGNMENT((#2035));
#2037=STYLED_ITEM('',(#2036),#2029);
#2038=ADVANCED_FACE('',(#3915),#3917,.F.);
#2039=COLOUR_RGB($,1.,0.843137254901961,0.);
#2040=FILL_AREA_STYLE_COLOUR($,#2039);
#2041=FILL_AREA_STYLE($,(#2040));
#2042=SURFACE_STYLE_FILL_AREA(#2041);
#2043=SURFACE_SIDE_STYLE('',(#2042));
#2044=SURFACE_STYLE_USAGE(.BOTH.,#2043);
#2045=PRESENTATION_STYLE_ASSIGNMENT((#2044));
#2046=STYLED_ITEM('',(#2045),#2038);
#2047=ADVANCED_FACE('',(#3922),#3924,.F.);
#2048=COLOUR_RGB($,1.,0.843137254901961,0.);
#2049=FILL_AREA_STYLE_COLOUR($,#2048);
#2050=FILL_AREA_STYLE($,(#2049));
#2051=SURFACE_STYLE_FILL_AREA(#2050);
#2052=SURFACE_SIDE_STYLE('',(#2051));
#2053=SURFACE_STYLE_USAGE(.BOTH.,#2052);
#2054=PRESENTATION_STYLE_ASSIGNMENT((#2053));
#2055=STYLED_ITEM('',(#2054),#2047);
#2056=ADVANCED_FACE('',(#3929),#3931,.F.);
#2057=COLOUR_RGB($,1.,0.843137254901961,0.);
#2058=FILL_AREA_STYLE_COLOUR($,#2057);
#2059=FILL_AREA_STYLE($,(#2058));
#2060=SURFACE_STYLE_FILL_AREA(#2059);
#2061=SURFACE_SIDE_STYLE('',(#2060));
#2062=SURFACE_STYLE_USAGE(.BOTH.,#2061);
#2063=PRESENTATION_STYLE_ASSIGNMENT((#2062));
#2064=STYLED_ITEM('',(#2063),#2056);
#2065=ADVANCED_FACE('',(#3936),#3938,.F.);
#2066=COLOUR_RGB($,1.,0.843137254901961,0.);
#2067=FILL_AREA_STYLE_COLOUR($,#2066);
#2068=FILL_AREA_STYLE($,(#2067));
#2069=SURFACE_STYLE_FILL_AREA(#2068);
#2070=SURFACE_SIDE_STYLE('',(#2069));
#2071=SURFACE_STYLE_USAGE(.BOTH.,#2070);
#2072=PRESENTATION_STYLE_ASSIGNMENT((#2071));
#2073=STYLED_ITEM('',(#2072),#2065);
#2074=ADVANCED_FACE('',(#3943),#3945,.F.);
#2075=COLOUR_RGB($,1.,0.843137254901961,0.);
#2076=FILL_AREA_STYLE_COLOUR($,#2075);
#2077=FILL_AREA_STYLE($,(#2076));
#2078=SURFACE_STYLE_FILL_AREA(#2077);
#2079=SURFACE_SIDE_STYLE('',(#2078));
#2080=SURFACE_STYLE_USAGE(.BOTH.,#2079);
#2081=PRESENTATION_STYLE_ASSIGNMENT((#2080));
#2082=STYLED_ITEM('',(#2081),#2074);
#2083=ADVANCED_FACE('',(#3950),#3952,.F.);
#2084=COLOUR_RGB($,1.,0.843137254901961,0.);
#2085=FILL_AREA_STYLE_COLOUR($,#2084);
#2086=FILL_AREA_STYLE($,(#2085));
#2087=SURFACE_STYLE_FILL_AREA(#2086);
#2088=SURFACE_SIDE_STYLE('',(#2087));
#2089=SURFACE_STYLE_USAGE(.BOTH.,#2088);
#2090=PRESENTATION_STYLE_ASSIGNMENT((#2089));
#2091=STYLED_ITEM('',(#2090),#2083);
#2092=ADVANCED_FACE('',(#3957),#3959,.F.);
#2093=COLOUR_RGB($,1.,0.843137254901961,0.);
#2094=FILL_AREA_STYLE_COLOUR($,#2093);
#2095=FILL_AREA_STYLE($,(#2094));
#2096=SURFACE_STYLE_FILL_AREA(#2095);
#2097=SURFACE_SIDE_STYLE('',(#2096));
#2098=SURFACE_STYLE_USAGE(.BOTH.,#2097);
#2099=PRESENTATION_STYLE_ASSIGNMENT((#2098));
#2100=STYLED_ITEM('',(#2099),#2092);
#2101=ADVANCED_FACE('',(#3964),#3966,.F.);
#2102=COLOUR_RGB($,1.,0.843137254901961,0.);
#2103=FILL_AREA_STYLE_COLOUR($,#2102);
#2104=FILL_AREA_STYLE($,(#2103));
#2105=SURFACE_STYLE_FILL_AREA(#2104);
#2106=SURFACE_SIDE_STYLE('',(#2105));
#2107=SURFACE_STYLE_USAGE(.BOTH.,#2106);
#2108=PRESENTATION_STYLE_ASSIGNMENT((#2107));
#2109=STYLED_ITEM('',(#2108),#2101);
#2110=ADVANCED_FACE('',(#3971),#3973,.F.);
#2111=COLOUR_RGB($,1.,0.843137254901961,0.);
#2112=FILL_AREA_STYLE_COLOUR($,#2111);
#2113=FILL_AREA_STYLE($,(#2112));
#2114=SURFACE_STYLE_FILL_AREA(#2113);
#2115=SURFACE_SIDE_STYLE('',(#2114));
#2116=SURFACE_STYLE_USAGE(.BOTH.,#2115);
#2117=PRESENTATION_STYLE_ASSIGNMENT((#2116));
#2118=STYLED_ITEM('',(#2117),#2110);
#2119=ADVANCED_FACE('',(#3978),#3980,.F.);
#2120=COLOUR_RGB($,1.,0.843137254901961,0.);
#2121=FILL_AREA_STYLE_COLOUR($,#2120);
#2122=FILL_AREA_STYLE($,(#2121));
#2123=SURFACE_STYLE_FILL_AREA(#2122);
#2124=SURFACE_SIDE_STYLE('',(#2123));
#2125=SURFACE_STYLE_USAGE(.BOTH.,#2124);
#2126=PRESENTATION_STYLE_ASSIGNMENT((#2125));
#2127=STYLED_ITEM('',(#2126),#2119);
#2128=ADVANCED_FACE('',(#3985),#3987,.F.);
#2129=COLOUR_RGB($,1.,0.843137254901961,0.);
#2130=FILL_AREA_STYLE_COLOUR($,#2129);
#2131=FILL_AREA_STYLE($,(#2130));
#2132=SURFACE_STYLE_FILL_AREA(#2131);
#2133=SURFACE_SIDE_STYLE('',(#2132));
#2134=SURFACE_STYLE_USAGE(.BOTH.,#2133);
#2135=PRESENTATION_STYLE_ASSIGNMENT((#2134));
#2136=STYLED_ITEM('',(#2135),#2128);
#2137=ADVANCED_FACE('',(#3992),#3994,.F.);
#2138=COLOUR_RGB($,1.,0.843137254901961,0.);
#2139=FILL_AREA_STYLE_COLOUR($,#2138);
#2140=FILL_AREA_STYLE($,(#2139));
#2141=SURFACE_STYLE_FILL_AREA(#2140);
#2142=SURFACE_SIDE_STYLE('',(#2141));
#2143=SURFACE_STYLE_USAGE(.BOTH.,#2142);
#2144=PRESENTATION_STYLE_ASSIGNMENT((#2143));
#2145=STYLED_ITEM('',(#2144),#2137);
#2146=ADVANCED_FACE('',(#3999),#4001,.F.);
#2147=COLOUR_RGB($,1.,0.843137254901961,0.);
#2148=FILL_AREA_STYLE_COLOUR($,#2147);
#2149=FILL_AREA_STYLE($,(#2148));
#2150=SURFACE_STYLE_FILL_AREA(#2149);
#2151=SURFACE_SIDE_STYLE('',(#2150));
#2152=SURFACE_STYLE_USAGE(.BOTH.,#2151);
#2153=PRESENTATION_STYLE_ASSIGNMENT((#2152));
#2154=STYLED_ITEM('',(#2153),#2146);
#2155=ADVANCED_FACE('',(#4006),#4008,.T.);
#2156=COLOUR_RGB($,1.,0.843137254901961,0.);
#2157=FILL_AREA_STYLE_COLOUR($,#2156);
#2158=FILL_AREA_STYLE($,(#2157));
#2159=SURFACE_STYLE_FILL_AREA(#2158);
#2160=SURFACE_SIDE_STYLE('',(#2159));
#2161=SURFACE_STYLE_USAGE(.BOTH.,#2160);
#2162=PRESENTATION_STYLE_ASSIGNMENT((#2161));
#2163=STYLED_ITEM('',(#2162),#2155);
#2164=ADVANCED_FACE('',(#4013),#4015,.T.);
#2165=COLOUR_RGB($,1.,0.843137254901961,0.);
#2166=FILL_AREA_STYLE_COLOUR($,#2165);
#2167=FILL_AREA_STYLE($,(#2166));
#2168=SURFACE_STYLE_FILL_AREA(#2167);
#2169=SURFACE_SIDE_STYLE('',(#2168));
#2170=SURFACE_STYLE_USAGE(.BOTH.,#2169);
#2171=PRESENTATION_STYLE_ASSIGNMENT((#2170));
#2172=STYLED_ITEM('',(#2171),#2164);
#2173=ADVANCED_FACE('',(#4020),#4022,.T.);
#2174=COLOUR_RGB($,1.,0.843137254901961,0.);
#2175=FILL_AREA_STYLE_COLOUR($,#2174);
#2176=FILL_AREA_STYLE($,(#2175));
#2177=SURFACE_STYLE_FILL_AREA(#2176);
#2178=SURFACE_SIDE_STYLE('',(#2177));
#2179=SURFACE_STYLE_USAGE(.BOTH.,#2178);
#2180=PRESENTATION_STYLE_ASSIGNMENT((#2179));
#2181=STYLED_ITEM('',(#2180),#2173);
#2182=ADVANCED_FACE('',(#4027),#4029,.T.);
#2183=COLOUR_RGB($,1.,0.843137254901961,0.);
#2184=FILL_AREA_STYLE_COLOUR($,#2183);
#2185=FILL_AREA_STYLE($,(#2184));
#2186=SURFACE_STYLE_FILL_AREA(#2185);
#2187=SURFACE_SIDE_STYLE('',(#2186));
#2188=SURFACE_STYLE_USAGE(.BOTH.,#2187);
#2189=PRESENTATION_STYLE_ASSIGNMENT((#2188));
#2190=STYLED_ITEM('',(#2189),#2182);
#2191=ADVANCED_FACE('',(#4034),#4036,.T.);
#2192=COLOUR_RGB($,1.,0.843137254901961,0.);
#2193=FILL_AREA_STYLE_COLOUR($,#2192);
#2194=FILL_AREA_STYLE($,(#2193));
#2195=SURFACE_STYLE_FILL_AREA(#2194);
#2196=SURFACE_SIDE_STYLE('',(#2195));
#2197=SURFACE_STYLE_USAGE(.BOTH.,#2196);
#2198=PRESENTATION_STYLE_ASSIGNMENT((#2197));
#2199=STYLED_ITEM('',(#2198),#2191);
#2200=ADVANCED_FACE('',(#4041),#4043,.T.);
#2201=COLOUR_RGB($,1.,0.843137254901961,0.);
#2202=FILL_AREA_STYLE_COLOUR($,#2201);
#2203=FILL_AREA_STYLE($,(#2202));
#2204=SURFACE_STYLE_FILL_AREA(#2203);
#2205=SURFACE_SIDE_STYLE('',(#2204));
#2206=SURFACE_STYLE_USAGE(.BOTH.,#2205);
#2207=PRESENTATION_STYLE_ASSIGNMENT((#2206));
#2208=STYLED_ITEM('',(#2207),#2200);
#2209=ADVANCED_FACE('',(#4048),#4050,.T.);
#2210=COLOUR_RGB($,1.,0.843137254901961,0.);
#2211=FILL_AREA_STYLE_COLOUR($,#2210);
#2212=FILL_AREA_STYLE($,(#2211));
#2213=SURFACE_STYLE_FILL_AREA(#2212);
#2214=SURFACE_SIDE_STYLE('',(#2213));
#2215=SURFACE_STYLE_USAGE(.BOTH.,#2214);
#2216=PRESENTATION_STYLE_ASSIGNMENT((#2215));
#2217=STYLED_ITEM('',(#2216),#2209);
#2218=ADVANCED_FACE('',(#4055),#4057,.T.);
#2219=COLOUR_RGB($,1.,0.843137254901961,0.);
#2220=FILL_AREA_STYLE_COLOUR($,#2219);
#2221=FILL_AREA_STYLE($,(#2220));
#2222=SURFACE_STYLE_FILL_AREA(#2221);
#2223=SURFACE_SIDE_STYLE('',(#2222));
#2224=SURFACE_STYLE_USAGE(.BOTH.,#2223);
#2225=PRESENTATION_STYLE_ASSIGNMENT((#2224));
#2226=STYLED_ITEM('',(#2225),#2218);
#2227=ADVANCED_FACE('',(#4062),#4064,.T.);
#2228=COLOUR_RGB($,1.,0.843137254901961,0.);
#2229=FILL_AREA_STYLE_COLOUR($,#2228);
#2230=FILL_AREA_STYLE($,(#2229));
#2231=SURFACE_STYLE_FILL_AREA(#2230);
#2232=SURFACE_SIDE_STYLE('',(#2231));
#2233=SURFACE_STYLE_USAGE(.BOTH.,#2232);
#2234=PRESENTATION_STYLE_ASSIGNMENT((#2233));
#2235=STYLED_ITEM('',(#2234),#2227);
#2236=ADVANCED_FACE('',(#4069),#4071,.T.);
#2237=COLOUR_RGB($,1.,0.843137254901961,0.);
#2238=FILL_AREA_STYLE_COLOUR($,#2237);
#2239=FILL_AREA_STYLE($,(#2238));
#2240=SURFACE_STYLE_FILL_AREA(#2239);
#2241=SURFACE_SIDE_STYLE('',(#2240));
#2242=SURFACE_STYLE_USAGE(.BOTH.,#2241);
#2243=PRESENTATION_STYLE_ASSIGNMENT((#2242));
#2244=STYLED_ITEM('',(#2243),#2236);
#2245=ADVANCED_FACE('',(#4076),#4078,.F.);
#2246=COLOUR_RGB($,1.,0.843137254901961,0.);
#2247=FILL_AREA_STYLE_COLOUR($,#2246);
#2248=FILL_AREA_STYLE($,(#2247));
#2249=SURFACE_STYLE_FILL_AREA(#2248);
#2250=SURFACE_SIDE_STYLE('',(#2249));
#2251=SURFACE_STYLE_USAGE(.BOTH.,#2250);
#2252=PRESENTATION_STYLE_ASSIGNMENT((#2251));
#2253=STYLED_ITEM('',(#2252),#2245);
#2254=ADVANCED_FACE('',(#4083),#4085,.F.);
#2255=COLOUR_RGB($,1.,0.843137254901961,0.);
#2256=FILL_AREA_STYLE_COLOUR($,#2255);
#2257=FILL_AREA_STYLE($,(#2256));
#2258=SURFACE_STYLE_FILL_AREA(#2257);
#2259=SURFACE_SIDE_STYLE('',(#2258));
#2260=SURFACE_STYLE_USAGE(.BOTH.,#2259);
#2261=PRESENTATION_STYLE_ASSIGNMENT((#2260));
#2262=STYLED_ITEM('',(#2261),#2254);
#2263=ADVANCED_FACE('',(#4090),#4092,.F.);
#2264=COLOUR_RGB($,1.,0.843137254901961,0.);
#2265=FILL_AREA_STYLE_COLOUR($,#2264);
#2266=FILL_AREA_STYLE($,(#2265));
#2267=SURFACE_STYLE_FILL_AREA(#2266);
#2268=SURFACE_SIDE_STYLE('',(#2267));
#2269=SURFACE_STYLE_USAGE(.BOTH.,#2268);
#2270=PRESENTATION_STYLE_ASSIGNMENT((#2269));
#2271=STYLED_ITEM('',(#2270),#2263);
#2272=ADVANCED_FACE('',(#4097),#4099,.F.);
#2273=COLOUR_RGB($,1.,0.843137254901961,0.);
#2274=FILL_AREA_STYLE_COLOUR($,#2273);
#2275=FILL_AREA_STYLE($,(#2274));
#2276=SURFACE_STYLE_FILL_AREA(#2275);
#2277=SURFACE_SIDE_STYLE('',(#2276));
#2278=SURFACE_STYLE_USAGE(.BOTH.,#2277);
#2279=PRESENTATION_STYLE_ASSIGNMENT((#2278));
#2280=STYLED_ITEM('',(#2279),#2272);
#2281=ADVANCED_FACE('',(#4104),#4106,.F.);
#2282=COLOUR_RGB($,1.,0.843137254901961,0.);
#2283=FILL_AREA_STYLE_COLOUR($,#2282);
#2284=FILL_AREA_STYLE($,(#2283));
#2285=SURFACE_STYLE_FILL_AREA(#2284);
#2286=SURFACE_SIDE_STYLE('',(#2285));
#2287=SURFACE_STYLE_USAGE(.BOTH.,#2286);
#2288=PRESENTATION_STYLE_ASSIGNMENT((#2287));
#2289=STYLED_ITEM('',(#2288),#2281);
#2290=ADVANCED_FACE('',(#4111),#4113,.F.);
#2291=COLOUR_RGB($,1.,0.843137254901961,0.);
#2292=FILL_AREA_STYLE_COLOUR($,#2291);
#2293=FILL_AREA_STYLE($,(#2292));
#2294=SURFACE_STYLE_FILL_AREA(#2293);
#2295=SURFACE_SIDE_STYLE('',(#2294));
#2296=SURFACE_STYLE_USAGE(.BOTH.,#2295);
#2297=PRESENTATION_STYLE_ASSIGNMENT((#2296));
#2298=STYLED_ITEM('',(#2297),#2290);
#2299=ADVANCED_FACE('',(#4118),#4120,.F.);
#2300=COLOUR_RGB($,1.,0.843137254901961,0.);
#2301=FILL_AREA_STYLE_COLOUR($,#2300);
#2302=FILL_AREA_STYLE($,(#2301));
#2303=SURFACE_STYLE_FILL_AREA(#2302);
#2304=SURFACE_SIDE_STYLE('',(#2303));
#2305=SURFACE_STYLE_USAGE(.BOTH.,#2304);
#2306=PRESENTATION_STYLE_ASSIGNMENT((#2305));
#2307=STYLED_ITEM('',(#2306),#2299);
#2308=ADVANCED_FACE('',(#4125),#4127,.F.);
#2309=COLOUR_RGB($,1.,0.843137254901961,0.);
#2310=FILL_AREA_STYLE_COLOUR($,#2309);
#2311=FILL_AREA_STYLE($,(#2310));
#2312=SURFACE_STYLE_FILL_AREA(#2311);
#2313=SURFACE_SIDE_STYLE('',(#2312));
#2314=SURFACE_STYLE_USAGE(.BOTH.,#2313);
#2315=PRESENTATION_STYLE_ASSIGNMENT((#2314));
#2316=STYLED_ITEM('',(#2315),#2308);
#2317=ADVANCED_FACE('',(#4132),#4134,.F.);
#2318=COLOUR_RGB($,1.,0.843137254901961,0.);
#2319=FILL_AREA_STYLE_COLOUR($,#2318);
#2320=FILL_AREA_STYLE($,(#2319));
#2321=SURFACE_STYLE_FILL_AREA(#2320);
#2322=SURFACE_SIDE_STYLE('',(#2321));
#2323=SURFACE_STYLE_USAGE(.BOTH.,#2322);
#2324=PRESENTATION_STYLE_ASSIGNMENT((#2323));
#2325=STYLED_ITEM('',(#2324),#2317);
#2326=ADVANCED_FACE('',(#4139),#4141,.F.);
#2327=COLOUR_RGB($,1.,0.843137254901961,0.);
#2328=FILL_AREA_STYLE_COLOUR($,#2327);
#2329=FILL_AREA_STYLE($,(#2328));
#2330=SURFACE_STYLE_FILL_AREA(#2329);
#2331=SURFACE_SIDE_STYLE('',(#2330));
#2332=SURFACE_STYLE_USAGE(.BOTH.,#2331);
#2333=PRESENTATION_STYLE_ASSIGNMENT((#2332));
#2334=STYLED_ITEM('',(#2333),#2326);
#2335=FACE_BOUND('',#2336,.T.);
#2336=EDGE_LOOP('',(#4146,#4147,#4148,#4149,#4150,#4151,#4152,#4153,#4154,#4155,
#4156,#4157,#4158,#4159,#4160,#4161,#4162,#4163,#4164,#4165,#4166,#4167));
#2337=PLANE('',#2338);
#2338=AXIS2_PLACEMENT_3D('',#2339,#2340,#2341);
#2339=CARTESIAN_POINT('',(-1.25,-1.5,2.));
#2340=DIRECTION('',(0.,-1.,0.));
#2341=DIRECTION('',(1.,0.,0.));
#2342=FACE_BOUND('',#2343,.T.);
#2343=EDGE_LOOP('',(#4168,#4169,#4170,#4171));
#2344=PLANE('',#2345);
#2345=AXIS2_PLACEMENT_3D('',#2346,#2347,#2348);
#2346=CARTESIAN_POINT('',(0.,0.,7.));
#2347=DIRECTION('',(0.,0.,1.));
#2348=DIRECTION('',(1.,0.,0.));
#2349=FACE_BOUND('',#2350,.T.);
#2350=EDGE_LOOP('',(#4172,#4173,#4174,#4175));
#2351=PLANE('',#2352);
#2352=AXIS2_PLACEMENT_3D('',#2353,#2354,#2355);
#2353=CARTESIAN_POINT('',(0.,0.,7.));
#2354=DIRECTION('',(0.,0.,1.));
#2355=DIRECTION('',(1.,0.,0.));
#2356=FACE_BOUND('',#2357,.T.);
#2357=EDGE_LOOP('',(#4176,#4177,#4178,#4179,#4180,#4181,#4182,#4183,#4184,#4185,
#4186,#4187,#4188,#4189,#4190,#4191,#4192,#4193,#4194,#4195,#4196,#4197,#4198,#4199,
#4200,#4201,#4202,#4203,#4204,#4205,#4206,#4207,#4208,#4209,#4210,#4211,#4212,#4213,
#4214,#4215,#4216,#4217,#4218,#4219,#4220,#4221,#4222,#4223,#4224,#4225,#4226,#4227,
#4228,#4229,#4230,#4231,#4232,#4233));
#2358=PLANE('',#2359);
#2359=AXIS2_PLACEMENT_3D('',#2360,#2361,#2362);
#2360=CARTESIAN_POINT('',(-1.25,-2.2,0.));
#2361=DIRECTION('',(0.,-1.,0.));
#2362=DIRECTION('',(1.,0.,0.));
#2363=FACE_BOUND('',#2364,.T.);
#2364=EDGE_LOOP('',(#4234,#4235,#4236,#4237));
#2365=PLANE('',#2366);
#2366=AXIS2_PLACEMENT_3D('',#2367,#2368,#2369);
#2367=CARTESIAN_POINT('',(23.35,-1.5,6.6));
#2368=DIRECTION('',(0.707106781186549,0.,-0.707106781186546));
#2369=DIRECTION('',(0.707106781186546,0.,0.707106781186549));
#2370=FACE_BOUND('',#2371,.T.);
#2371=EDGE_LOOP('',(#4238,#4239,#4240,#4241));
#2372=PLANE('',#2373);
#2373=AXIS2_PLACEMENT_3D('',#2374,#2375,#2376);
#2374=CARTESIAN_POINT('',(23.75,-1.5,6.2));
#2375=DIRECTION('',(0.707106781186549,0.,0.707106781186546));
#2376=DIRECTION('',(-0.707106781186546,0.,0.707106781186549));
#2377=FACE_BOUND('',#2378,.T.);
#2378=EDGE_LOOP('',(#4242,#4243,#4244,#4245));
#2379=PLANE('',#2380);
#2380=AXIS2_PLACEMENT_3D('',#2381,#2382,#2383);
#2381=CARTESIAN_POINT('',(23.75,-1.5,3.6));
#2382=DIRECTION('',(1.,0.,-0.));
#2383=DIRECTION('',(0.,0.,1.));
#2384=FACE_BOUND('',#2385,.T.);
#2385=EDGE_LOOP('',(#4246,#4247,#4248,#4249));
#2386=CYLINDRICAL_SURFACE('',#2387,0.6);
#2387=AXIS2_PLACEMENT_3D('',#2388,#2389,#2390);
#2388=CARTESIAN_POINT('',(23.15,-1.5,3.6));
#2389=DIRECTION('',(0.,-1.,0.));
#2390=DIRECTION('',(1.85037170770859E-016,0.,-1.));
#2391=FACE_BOUND('',#2392,.T.);
#2392=EDGE_LOOP('',(#4250,#4251,#4252,#4253));
#2393=PLANE('',#2394);
#2394=AXIS2_PLACEMENT_3D('',#2395,#2396,#2397);
#2395=CARTESIAN_POINT('',(21.25,-1.5,3.));
#2396=DIRECTION('',(0.,0.,-1.));
#2397=DIRECTION('',(1.,0.,0.));
#2398=FACE_BOUND('',#2399,.T.);
#2399=EDGE_LOOP('',(#4254,#4255,#4256,#4257));
#2400=PLANE('',#2401);
#2401=AXIS2_PLACEMENT_3D('',#2402,#2403,#2404);
#2402=CARTESIAN_POINT('',(21.25,-1.5,7.));
#2403=DIRECTION('',(-1.,-0.,-0.));
#2404=DIRECTION('',(0.,0.,-1.));
#2405=FACE_BOUND('',#2406,.T.);
#2406=EDGE_LOOP('',(#4258,#4259,#4260,#4261,#4262,#4263,#4264,#4265));
#2407=PLANE('',#2408);
#2408=AXIS2_PLACEMENT_3D('',#2409,#2410,#2411);
#2409=CARTESIAN_POINT('',(25.,0.,0.));
#2410=DIRECTION('',(-1.,-0.,-0.));
#2411=DIRECTION('',(0.,0.,1.));
#2412=FACE_BOUND('',#2413,.T.);
#2413=EDGE_LOOP('',(#4266,#4267,#4268,#4269));
#2414=PLANE('',#2415);
#2415=AXIS2_PLACEMENT_3D('',#2416,#2417,#2418);
#2416=CARTESIAN_POINT('',(25.,-0.4,3.));
#2417=DIRECTION('',(-0.,-0.,-1.));
#2418=DIRECTION('',(0.,-1.,0.));
#2419=FACE_BOUND('',#2420,.T.);
#2420=EDGE_LOOP('',(#4270,#4271,#4272,#4273,#4274,#4275));
#2421=PLANE('',#2422);
#2422=AXIS2_PLACEMENT_3D('',#2423,#2424,#2425);
#2423=CARTESIAN_POINT('',(24.3,0.,0.));
#2424=DIRECTION('',(-1.,-0.,-0.));
#2425=DIRECTION('',(0.,0.,1.));
#2426=FACE_BOUND('',#2427,.T.);
#2427=EDGE_LOOP('',(#4276,#4277,#4278,#4279));
#2428=FACE_BOUND('',#2429,.T.);
#2429=EDGE_LOOP('',(#4280,#4281,#4282,#4283));
#2430=FACE_BOUND('',#2431,.T.);
#2431=EDGE_LOOP('',(#4284,#4285,#4286,#4287));
#2432=FACE_BOUND('',#2433,.T.);
#2433=EDGE_LOOP('',(#4288,#4289,#4290,#4291));
#2434=FACE_BOUND('',#2435,.T.);
#2435=EDGE_LOOP('',(#4292,#4293,#4294,#4295));
#2436=FACE_BOUND('',#2437,.T.);
#2437=EDGE_LOOP('',(#4296,#4297,#4298,#4299));
#2438=FACE_BOUND('',#2439,.T.);
#2439=EDGE_LOOP('',(#4300,#4301,#4302,#4303));
#2440=FACE_BOUND('',#2441,.T.);
#2441=EDGE_LOOP('',(#4304,#4305,#4306,#4307));
#2442=FACE_BOUND('',#2443,.T.);
#2443=EDGE_LOOP('',(#4308,#4309,#4310,#4311));
#2444=FACE_BOUND('',#2445,.T.);
#2445=EDGE_LOOP('',(#4312,#4313,#4314,#4315));
#2446=FACE_BOUND('',#2447,.T.);
#2447=EDGE_LOOP('',(#4316,#4317,#4318,#4319));
#2448=PLANE('',#2449);
#2449=AXIS2_PLACEMENT_3D('',#2450,#2451,#2452);
#2450=CARTESIAN_POINT('',(0.,0.,2.));
#2451=DIRECTION('',(0.,0.,1.));
#2452=DIRECTION('',(1.,0.,0.));
#2453=FACE_BOUND('',#2454,.T.);
#2454=EDGE_LOOP('',(#4320,#4321,#4322,#4323,#4324,#4325));
#2455=PLANE('',#2456);
#2456=AXIS2_PLACEMENT_3D('',#2457,#2458,#2459);
#2457=CARTESIAN_POINT('',(-1.8,0.,0.));
#2458=DIRECTION('',(-1.,0.,0.));
#2459=DIRECTION('',(0.,0.,1.));
#2460=FACE_BOUND('',#2461,.T.);
#2461=EDGE_LOOP('',(#4326,#4327,#4328,#4329));
#2462=PLANE('',#2463);
#2463=AXIS2_PLACEMENT_3D('',#2464,#2465,#2466);
#2464=CARTESIAN_POINT('',(25.,-0.4,3.));
#2465=DIRECTION('',(-0.,-0.,-1.));
#2466=DIRECTION('',(0.,-1.,0.));
#2467=FACE_BOUND('',#2468,.T.);
#2468=EDGE_LOOP('',(#4330,#4331,#4332,#4333,#4334,#4335,#4336,#4337));
#2469=PLANE('',#2470);
#2470=AXIS2_PLACEMENT_3D('',#2471,#2472,#2473);
#2471=CARTESIAN_POINT('',(-2.5,0.,0.));
#2472=DIRECTION('',(-1.,0.,0.));
#2473=DIRECTION('',(0.,0.,1.));
#2474=FACE_BOUND('',#2475,.T.);
#2475=EDGE_LOOP('',(#4338,#4339,#4340,#4341));
#2476=PLANE('',#2477);
#2477=AXIS2_PLACEMENT_3D('',#2478,#2479,#2480);
#2478=CARTESIAN_POINT('',(0.,0.,7.));
#2479=DIRECTION('',(0.,0.,1.));
#2480=DIRECTION('',(1.,0.,0.));
#2481=FACE_BOUND('',#2482,.T.);
#2482=EDGE_LOOP('',(#4342,#4343,#4344,#4345));
#2483=PLANE('',#2484);
#2484=AXIS2_PLACEMENT_3D('',#2485,#2486,#2487);
#2485=CARTESIAN_POINT('',(-1.25,-1.5,7.));
#2486=DIRECTION('',(-0.707106781186548,-0.,-0.707106781186547));
#2487=DIRECTION('',(0.707106781186547,0.,-0.707106781186548));
#2488=FACE_BOUND('',#2489,.T.);
#2489=EDGE_LOOP('',(#4346,#4347,#4348,#4349));
#2490=PLANE('',#2491);
#2491=AXIS2_PLACEMENT_3D('',#2492,#2493,#2494);
#2492=CARTESIAN_POINT('',(-0.85,-1.5,6.6));
#2493=DIRECTION('',(-0.707106781186548,0.,0.707106781186547));
#2494=DIRECTION('',(-0.707106781186547,0.,-0.707106781186548));
#2495=FACE_BOUND('',#2496,.T.);
#2496=EDGE_LOOP('',(#4350,#4351,#4352,#4353));
#2497=PLANE('',#2498);
#2498=AXIS2_PLACEMENT_3D('',#2499,#2500,#2501);
#2499=CARTESIAN_POINT('',(-1.25,-1.5,6.2));
#2500=DIRECTION('',(-1.,-0.,-0.));
#2501=DIRECTION('',(0.,0.,-1.));
#2502=FACE_BOUND('',#2503,.T.);
#2503=EDGE_LOOP('',(#4354,#4355,#4356,#4357));
#2504=CYLINDRICAL_SURFACE('',#2505,0.6);
#2505=AXIS2_PLACEMENT_3D('',#2506,#2507,#2508);
#2506=CARTESIAN_POINT('',(-0.65,-1.5,3.6));
#2507=DIRECTION('',(0.,-1.,0.));
#2508=DIRECTION('',(-1.,0.,0.));
#2509=FACE_BOUND('',#2510,.T.);
#2510=EDGE_LOOP('',(#4358,#4359,#4360,#4361));
#2511=PLANE('',#2512);
#2512=AXIS2_PLACEMENT_3D('',#2513,#2514,#2515);
#2513=CARTESIAN_POINT('',(-0.65,-1.5,3.));
#2514=DIRECTION('',(0.,0.,-1.));
#2515=DIRECTION('',(1.,0.,0.));
#2516=FACE_BOUND('',#2517,.T.);
#2517=EDGE_LOOP('',(#4362,#4363,#4364,#4365));
#2518=PLANE('',#2519);
#2519=AXIS2_PLACEMENT_3D('',#2520,#2521,#2522);
#2520=CARTESIAN_POINT('',(1.25,-1.5,3.));
#2521=DIRECTION('',(1.,0.,-0.));
#2522=DIRECTION('',(0.,0.,1.));
#2523=FACE_BOUND('',#2524,.T.);
#2524=EDGE_LOOP('',(#4366,#4367,#4368,#4369));
#2525=PLANE('',#2526);
#2526=AXIS2_PLACEMENT_3D('',#2527,#2528,#2529);
#2527=CARTESIAN_POINT('',(0.,0.,0.));
#2528=DIRECTION('',(0.,0.,1.));
#2529=DIRECTION('',(1.,0.,0.));
#2530=FACE_BOUND('',#2531,.T.);
#2531=EDGE_LOOP('',(#4370,#4371,#4372,#4373));
#2532=PLANE('',#2533);
#2533=AXIS2_PLACEMENT_3D('',#2534,#2535,#2536);
#2534=CARTESIAN_POINT('',(-0.85,-2.2,0.4));
#2535=DIRECTION('',(-1.,0.,0.));
#2536=DIRECTION('',(0.,1.,0.));
#2537=FACE_BOUND('',#2538,.T.);
#2538=EDGE_LOOP('',(#4374,#4375,#4376,#4377));
#2539=FACE_BOUND('',#2540,.T.);
#2540=EDGE_LOOP('',(#4378,#4379,#4380,#4381));
#2541=PLANE('',#2542);
#2542=AXIS2_PLACEMENT_3D('',#2543,#2544,#2545);
#2543=CARTESIAN_POINT('',(0.,0.,0.4));
#2544=DIRECTION('',(-0.,0.,-1.));
#2545=DIRECTION('',(-1.,0.,0.));
#2546=FACE_BOUND('',#2547,.T.);
#2547=EDGE_LOOP('',(#4382,#4383,#4384,#4385));
#2548=PLANE('',#2549);
#2549=AXIS2_PLACEMENT_3D('',#2550,#2551,#2552);
#2550=CARTESIAN_POINT('',(0.85,3.55,0.4));
#2551=DIRECTION('',(1.,0.,0.));
#2552=DIRECTION('',(0.,-1.,0.));
#2553=FACE_BOUND('',#2554,.T.);
#2554=EDGE_LOOP('',(#4386,#4387,#4388,#4389));
#2555=PLANE('',#2556);
#2556=AXIS2_PLACEMENT_3D('',#2557,#2558,#2559);
#2557=CARTESIAN_POINT('',(0.,0.,0.));
#2558=DIRECTION('',(0.,0.,1.));
#2559=DIRECTION('',(1.,0.,0.));
#2560=FACE_BOUND('',#2561,.T.);
#2561=EDGE_LOOP('',(#4390,#4391,#4392,#4393));
#2562=PLANE('',#2563);
#2563=AXIS2_PLACEMENT_3D('',#2564,#2565,#2566);
#2564=CARTESIAN_POINT('',(1.65,-2.2,0.4));
#2565=DIRECTION('',(-1.,0.,0.));
#2566=DIRECTION('',(0.,1.,0.));
#2567=FACE_BOUND('',#2568,.T.);
#2568=EDGE_LOOP('',(#4394,#4395,#4396,#4397));
#2569=FACE_BOUND('',#2570,.T.);
#2570=EDGE_LOOP('',(#4398,#4399,#4400,#4401));
#2571=PLANE('',#2572);
#2572=AXIS2_PLACEMENT_3D('',#2573,#2574,#2575);
#2573=CARTESIAN_POINT('',(2.5,0.,0.4));
#2574=DIRECTION('',(-0.,0.,-1.));
#2575=DIRECTION('',(-1.,0.,0.));
#2576=FACE_BOUND('',#2577,.T.);
#2577=EDGE_LOOP('',(#4402,#4403,#4404,#4405));
#2578=PLANE('',#2579);
#2579=AXIS2_PLACEMENT_3D('',#2580,#2581,#2582);
#2580=CARTESIAN_POINT('',(3.35,3.55,0.4));
#2581=DIRECTION('',(1.,0.,0.));
#2582=DIRECTION('',(0.,-1.,0.));
#2583=FACE_BOUND('',#2584,.T.);
#2584=EDGE_LOOP('',(#4406,#4407,#4408,#4409));
#2585=PLANE('',#2586);
#2586=AXIS2_PLACEMENT_3D('',#2587,#2588,#2589);
#2587=CARTESIAN_POINT('',(0.,0.,0.));
#2588=DIRECTION('',(0.,0.,1.));
#2589=DIRECTION('',(1.,0.,0.));
#2590=FACE_BOUND('',#2591,.T.);
#2591=EDGE_LOOP('',(#4410,#4411,#4412,#4413));
#2592=PLANE('',#2593);
#2593=AXIS2_PLACEMENT_3D('',#2594,#2595,#2596);
#2594=CARTESIAN_POINT('',(4.15,-2.2,0.4));
#2595=DIRECTION('',(-1.,0.,0.));
#2596=DIRECTION('',(0.,1.,0.));
#2597=FACE_BOUND('',#2598,.T.);
#2598=EDGE_LOOP('',(#4414,#4415,#4416,#4417));
#2599=FACE_BOUND('',#2600,.T.);
#2600=EDGE_LOOP('',(#4418,#4419,#4420,#4421));
#2601=PLANE('',#2602);
#2602=AXIS2_PLACEMENT_3D('',#2603,#2604,#2605);
#2603=CARTESIAN_POINT('',(5.,0.,0.4));
#2604=DIRECTION('',(-0.,0.,-1.));
#2605=DIRECTION('',(-1.,0.,0.));
#2606=FACE_BOUND('',#2607,.T.);
#2607=EDGE_LOOP('',(#4422,#4423,#4424,#4425));
#2608=PLANE('',#2609);
#2609=AXIS2_PLACEMENT_3D('',#2610,#2611,#2612);
#2610=CARTESIAN_POINT('',(5.85,3.55,0.4));
#2611=DIRECTION('',(1.,0.,0.));
#2612=DIRECTION('',(0.,-1.,0.));
#2613=FACE_BOUND('',#2614,.T.);
#2614=EDGE_LOOP('',(#4426,#4427,#4428,#4429));
#2615=PLANE('',#2616);
#2616=AXIS2_PLACEMENT_3D('',#2617,#2618,#2619);
#2617=CARTESIAN_POINT('',(0.,0.,0.));
#2618=DIRECTION('',(0.,0.,1.));
#2619=DIRECTION('',(1.,0.,0.));
#2620=FACE_BOUND('',#2621,.T.);
#2621=EDGE_LOOP('',(#4430,#4431,#4432,#4433));
#2622=PLANE('',#2623);
#2623=AXIS2_PLACEMENT_3D('',#2624,#2625,#2626);
#2624=CARTESIAN_POINT('',(6.65,-2.2,0.4));
#2625=DIRECTION('',(-1.,0.,0.));
#2626=DIRECTION('',(0.,1.,0.));
#2627=FACE_BOUND('',#2628,.T.);
#2628=EDGE_LOOP('',(#4434,#4435,#4436,#4437));
#2629=FACE_BOUND('',#2630,.T.);
#2630=EDGE_LOOP('',(#4438,#4439,#4440,#4441));
#2631=PLANE('',#2632);
#2632=AXIS2_PLACEMENT_3D('',#2633,#2634,#2635);
#2633=CARTESIAN_POINT('',(7.5,0.,0.4));
#2634=DIRECTION('',(-0.,0.,-1.));
#2635=DIRECTION('',(-1.,0.,0.));
#2636=FACE_BOUND('',#2637,.T.);
#2637=EDGE_LOOP('',(#4442,#4443,#4444,#4445));
#2638=PLANE('',#2639);
#2639=AXIS2_PLACEMENT_3D('',#2640,#2641,#2642);
#2640=CARTESIAN_POINT('',(8.35,3.55,0.4));
#2641=DIRECTION('',(1.,0.,0.));
#2642=DIRECTION('',(0.,-1.,0.));
#2643=FACE_BOUND('',#2644,.T.);
#2644=EDGE_LOOP('',(#4446,#4447,#4448,#4449));
#2645=PLANE('',#2646);
#2646=AXIS2_PLACEMENT_3D('',#2647,#2648,#2649);
#2647=CARTESIAN_POINT('',(0.,0.,0.));
#2648=DIRECTION('',(0.,0.,1.));
#2649=DIRECTION('',(1.,0.,0.));
#2650=FACE_BOUND('',#2651,.T.);
#2651=EDGE_LOOP('',(#4450,#4451,#4452,#4453));
#2652=PLANE('',#2653);
#2653=AXIS2_PLACEMENT_3D('',#2654,#2655,#2656);
#2654=CARTESIAN_POINT('',(9.15,-2.2,0.4));
#2655=DIRECTION('',(-1.,0.,0.));
#2656=DIRECTION('',(0.,1.,0.));
#2657=FACE_BOUND('',#2658,.T.);
#2658=EDGE_LOOP('',(#4454,#4455,#4456,#4457));
#2659=FACE_BOUND('',#2660,.T.);
#2660=EDGE_LOOP('',(#4458,#4459,#4460,#4461));
#2661=PLANE('',#2662);
#2662=AXIS2_PLACEMENT_3D('',#2663,#2664,#2665);
#2663=CARTESIAN_POINT('',(10.,0.,0.4));
#2664=DIRECTION('',(-0.,0.,-1.));
#2665=DIRECTION('',(-1.,0.,0.));
#2666=FACE_BOUND('',#2667,.T.);
#2667=EDGE_LOOP('',(#4462,#4463,#4464,#4465));
#2668=PLANE('',#2669);
#2669=AXIS2_PLACEMENT_3D('',#2670,#2671,#2672);
#2670=CARTESIAN_POINT('',(10.85,3.55,0.4));
#2671=DIRECTION('',(1.,0.,0.));
#2672=DIRECTION('',(0.,-1.,0.));
#2673=FACE_BOUND('',#2674,.T.);
#2674=EDGE_LOOP('',(#4466,#4467,#4468,#4469));
#2675=PLANE('',#2676);
#2676=AXIS2_PLACEMENT_3D('',#2677,#2678,#2679);
#2677=CARTESIAN_POINT('',(0.,0.,0.));
#2678=DIRECTION('',(0.,0.,1.));
#2679=DIRECTION('',(1.,0.,0.));
#2680=FACE_BOUND('',#2681,.T.);
#2681=EDGE_LOOP('',(#4470,#4471,#4472,#4473));
#2682=PLANE('',#2683);
#2683=AXIS2_PLACEMENT_3D('',#2684,#2685,#2686);
#2684=CARTESIAN_POINT('',(11.65,-2.2,0.4));
#2685=DIRECTION('',(-1.,0.,0.));
#2686=DIRECTION('',(0.,1.,0.));
#2687=FACE_BOUND('',#2688,.T.);
#2688=EDGE_LOOP('',(#4474,#4475,#4476,#4477));
#2689=FACE_BOUND('',#2690,.T.);
#2690=EDGE_LOOP('',(#4478,#4479,#4480,#4481));
#2691=PLANE('',#2692);
#2692=AXIS2_PLACEMENT_3D('',#2693,#2694,#2695);
#2693=CARTESIAN_POINT('',(12.5,0.,0.4));
#2694=DIRECTION('',(-0.,0.,-1.));
#2695=DIRECTION('',(-1.,0.,0.));
#2696=FACE_BOUND('',#2697,.T.);
#2697=EDGE_LOOP('',(#4482,#4483,#4484,#4485));
#2698=PLANE('',#2699);
#2699=AXIS2_PLACEMENT_3D('',#2700,#2701,#2702);
#2700=CARTESIAN_POINT('',(13.35,3.55,0.4));
#2701=DIRECTION('',(1.,0.,0.));
#2702=DIRECTION('',(0.,-1.,0.));
#2703=FACE_BOUND('',#2704,.T.);
#2704=EDGE_LOOP('',(#4486,#4487,#4488,#4489));
#2705=PLANE('',#2706);
#2706=AXIS2_PLACEMENT_3D('',#2707,#2708,#2709);
#2707=CARTESIAN_POINT('',(0.,0.,0.));
#2708=DIRECTION('',(0.,0.,1.));
#2709=DIRECTION('',(1.,0.,0.));
#2710=FACE_BOUND('',#2711,.T.);
#2711=EDGE_LOOP('',(#4490,#4491,#4492,#4493));
#2712=PLANE('',#2713);
#2713=AXIS2_PLACEMENT_3D('',#2714,#2715,#2716);
#2714=CARTESIAN_POINT('',(14.15,-2.2,0.4));
#2715=DIRECTION('',(-1.,0.,0.));
#2716=DIRECTION('',(0.,1.,0.));
#2717=FACE_BOUND('',#2718,.T.);
#2718=EDGE_LOOP('',(#4494,#4495,#4496,#4497));
#2719=FACE_BOUND('',#2720,.T.);
#2720=EDGE_LOOP('',(#4498,#4499,#4500,#4501));
#2721=PLANE('',#2722);
#2722=AXIS2_PLACEMENT_3D('',#2723,#2724,#2725);
#2723=CARTESIAN_POINT('',(15.,0.,0.4));
#2724=DIRECTION('',(-0.,0.,-1.));
#2725=DIRECTION('',(-1.,0.,0.));
#2726=FACE_BOUND('',#2727,.T.);
#2727=EDGE_LOOP('',(#4502,#4503,#4504,#4505));
#2728=PLANE('',#2729);
#2729=AXIS2_PLACEMENT_3D('',#2730,#2731,#2732);
#2730=CARTESIAN_POINT('',(15.85,3.55,0.4));
#2731=DIRECTION('',(1.,0.,0.));
#2732=DIRECTION('',(0.,-1.,0.));
#2733=FACE_BOUND('',#2734,.T.);
#2734=EDGE_LOOP('',(#4506,#4507,#4508,#4509));
#2735=PLANE('',#2736);
#2736=AXIS2_PLACEMENT_3D('',#2737,#2738,#2739);
#2737=CARTESIAN_POINT('',(0.,0.,0.));
#2738=DIRECTION('',(0.,0.,1.));
#2739=DIRECTION('',(1.,0.,0.));
#2740=FACE_BOUND('',#2741,.T.);
#2741=EDGE_LOOP('',(#4510,#4511,#4512,#4513));
#2742=PLANE('',#2743);
#2743=AXIS2_PLACEMENT_3D('',#2744,#2745,#2746);
#2744=CARTESIAN_POINT('',(16.65,-2.2,0.4));
#2745=DIRECTION('',(-1.,0.,0.));
#2746=DIRECTION('',(0.,1.,0.));
#2747=FACE_BOUND('',#2748,.T.);
#2748=EDGE_LOOP('',(#4514,#4515,#4516,#4517));
#2749=FACE_BOUND('',#2750,.T.);
#2750=EDGE_LOOP('',(#4518,#4519,#4520,#4521));
#2751=PLANE('',#2752);
#2752=AXIS2_PLACEMENT_3D('',#2753,#2754,#2755);
#2753=CARTESIAN_POINT('',(17.5,0.,0.4));
#2754=DIRECTION('',(-0.,0.,-1.));
#2755=DIRECTION('',(-1.,0.,0.));
#2756=FACE_BOUND('',#2757,.T.);
#2757=EDGE_LOOP('',(#4522,#4523,#4524,#4525));
#2758=PLANE('',#2759);
#2759=AXIS2_PLACEMENT_3D('',#2760,#2761,#2762);
#2760=CARTESIAN_POINT('',(18.35,3.55,0.4));
#2761=DIRECTION('',(1.,0.,0.));
#2762=DIRECTION('',(0.,-1.,0.));
#2763=FACE_BOUND('',#2764,.T.);
#2764=EDGE_LOOP('',(#4526,#4527,#4528,#4529));
#2765=PLANE('',#2766);
#2766=AXIS2_PLACEMENT_3D('',#2767,#2768,#2769);
#2767=CARTESIAN_POINT('',(0.,0.,0.));
#2768=DIRECTION('',(0.,0.,1.));
#2769=DIRECTION('',(1.,0.,0.));
#2770=FACE_BOUND('',#2771,.T.);
#2771=EDGE_LOOP('',(#4530,#4531,#4532,#4533));
#2772=PLANE('',#2773);
#2773=AXIS2_PLACEMENT_3D('',#2774,#2775,#2776);
#2774=CARTESIAN_POINT('',(19.15,-2.2,0.4));
#2775=DIRECTION('',(-1.,0.,0.));
#2776=DIRECTION('',(0.,1.,0.));
#2777=FACE_BOUND('',#2778,.T.);
#2778=EDGE_LOOP('',(#4534,#4535,#4536,#4537));
#2779=FACE_BOUND('',#2780,.T.);
#2780=EDGE_LOOP('',(#4538,#4539,#4540,#4541));
#2781=PLANE('',#2782);
#2782=AXIS2_PLACEMENT_3D('',#2783,#2784,#2785);
#2783=CARTESIAN_POINT('',(20.,0.,0.4));
#2784=DIRECTION('',(-0.,0.,-1.));
#2785=DIRECTION('',(-1.,0.,0.));
#2786=FACE_BOUND('',#2787,.T.);
#2787=EDGE_LOOP('',(#4542,#4543,#4544,#4545));
#2788=PLANE('',#2789);
#2789=AXIS2_PLACEMENT_3D('',#2790,#2791,#2792);
#2790=CARTESIAN_POINT('',(20.85,3.55,0.4));
#2791=DIRECTION('',(1.,0.,0.));
#2792=DIRECTION('',(0.,-1.,0.));
#2793=FACE_BOUND('',#2794,.T.);
#2794=EDGE_LOOP('',(#4546,#4547,#4548,#4549));
#2795=PLANE('',#2796);
#2796=AXIS2_PLACEMENT_3D('',#2797,#2798,#2799);
#2797=CARTESIAN_POINT('',(0.,0.,0.));
#2798=DIRECTION('',(0.,0.,1.));
#2799=DIRECTION('',(1.,0.,0.));
#2800=FACE_BOUND('',#2801,.T.);
#2801=EDGE_LOOP('',(#4550,#4551,#4552,#4553));
#2802=PLANE('',#2803);
#2803=AXIS2_PLACEMENT_3D('',#2804,#2805,#2806);
#2804=CARTESIAN_POINT('',(21.65,-2.2,0.4));
#2805=DIRECTION('',(-1.,0.,0.));
#2806=DIRECTION('',(0.,1.,0.));
#2807=FACE_BOUND('',#2808,.T.);
#2808=EDGE_LOOP('',(#4554,#4555,#4556,#4557));
#2809=FACE_BOUND('',#2810,.T.);
#2810=EDGE_LOOP('',(#4558,#4559,#4560,#4561));
#2811=PLANE('',#2812);
#2812=AXIS2_PLACEMENT_3D('',#2813,#2814,#2815);
#2813=CARTESIAN_POINT('',(22.5,0.,0.4));
#2814=DIRECTION('',(-0.,0.,-1.));
#2815=DIRECTION('',(-1.,0.,0.));
#2816=FACE_BOUND('',#2817,.T.);
#2817=EDGE_LOOP('',(#4562,#4563,#4564,#4565));
#2818=PLANE('',#2819);
#2819=AXIS2_PLACEMENT_3D('',#2820,#2821,#2822);
#2820=CARTESIAN_POINT('',(23.35,3.55,0.4));
#2821=DIRECTION('',(1.,0.,0.));
#2822=DIRECTION('',(0.,-1.,0.));
#2823=FACE_BOUND('',#2824,.T.);
#2824=EDGE_LOOP('',(#4566,#4567,#4568,#4569));
#2825=PLANE('',#2826);
#2826=AXIS2_PLACEMENT_3D('',#2827,#2828,#2829);
#2827=CARTESIAN_POINT('',(0.,0.,0.));
#2828=DIRECTION('',(0.,0.,1.));
#2829=DIRECTION('',(1.,0.,0.));
#2830=FACE_BOUND('',#2831,.T.);
#2831=EDGE_LOOP('',(#4570,#4571,#4572,#4573,#4574));
#2832=PLANE('',#2833);
#2833=AXIS2_PLACEMENT_3D('',#2834,#2835,#2836);
#2834=CARTESIAN_POINT('',(25.,-0.4,7.));
#2835=DIRECTION('',(0.,1.,0.));
#2836=DIRECTION('',(0.,0.,-1.));
#2837=FACE_BOUND('',#2838,.T.);
#2838=EDGE_LOOP('',(#4575,#4576,#4577,#4578,#4579,#4580,#4581,#4582,#4583,#4584,
#4585,#4586,#4587,#4588,#4589,#4590,#4591,#4592,#4593,#4594,#4595,#4596,#4597,#4598,
#4599,#4600,#4601,#4602,#4603,#4604,#4605,#4606,#4607,#4608,#4609,#4610,#4611,#4612,
#4613,#4614,#4615,#4616,#4617,#4618));
#2839=PLANE('',#2840);
#2840=AXIS2_PLACEMENT_3D('',#2841,#2842,#2843);
#2841=CARTESIAN_POINT('',(1.25,3.55,0.));
#2842=DIRECTION('',(0.,1.,-0.));
#2843=DIRECTION('',(-1.,0.,0.));
#2844=FACE_BOUND('',#2845,.T.);
#2845=EDGE_LOOP('',(#4619,#4620,#4621,#4622,#4623,#4624,#4625,#4626));
#2846=PLANE('',#2847);
#2847=AXIS2_PLACEMENT_3D('',#2848,#2849,#2850);
#2848=CARTESIAN_POINT('',(0.,0.,7.));
#2849=DIRECTION('',(0.,0.,1.));
#2850=DIRECTION('',(1.,0.,0.));
#2851=FACE_BOUND('',#2852,.T.);
#2852=EDGE_LOOP('',(#4627,#4628,#4629,#4630));
#2853=PLANE('',#2854);
#2854=AXIS2_PLACEMENT_3D('',#2855,#2856,#2857);
#2855=CARTESIAN_POINT('',(24.6,4.05,7.));
#2856=DIRECTION('',(0.707106781186545,0.,-0.70710678118655));
#2857=DIRECTION('',(0.,-1.,0.));
#2858=FACE_BOUND('',#2859,.T.);
#2859=EDGE_LOOP('',(#4631,#4632,#4633,#4634));
#2860=PLANE('',#2861);
#2861=AXIS2_PLACEMENT_3D('',#2862,#2863,#2864);
#2862=CARTESIAN_POINT('',(1.25,2.85,2.));
#2863=DIRECTION('',(0.,1.,-0.));
#2864=DIRECTION('',(-1.,0.,0.));
#2865=FACE_BOUND('',#2866,.T.);
#2866=EDGE_LOOP('',(#4635,#4636,#4637,#4638));
#2867=PLANE('',#2868);
#2868=AXIS2_PLACEMENT_3D('',#2869,#2870,#2871);
#2869=CARTESIAN_POINT('',(2.82,0.32,-3.5));
#2870=DIRECTION('',(0.,1.,-0.));
#2871=DIRECTION('',(-1.,0.,0.));
#2872=FACE_BOUND('',#2873,.T.);
#2873=EDGE_LOOP('',(#4639,#4640,#4641,#4642));
#2874=PLANE('',#2875);
#2875=AXIS2_PLACEMENT_3D('',#2876,#2877,#2878);
#2876=CARTESIAN_POINT('',(2.82,-0.32,-3.5));
#2877=DIRECTION('',(1.,0.,0.));
#2878=DIRECTION('',(0.,1.,0.));
#2879=FACE_BOUND('',#2880,.T.);
#2880=EDGE_LOOP('',(#4643,#4644,#4645,#4646));
#2881=PLANE('',#2882);
#2882=AXIS2_PLACEMENT_3D('',#2883,#2884,#2885);
#2883=CARTESIAN_POINT('',(2.18,-0.32,-3.5));
#2884=DIRECTION('',(0.,-1.,0.));
#2885=DIRECTION('',(1.,0.,0.));
#2886=FACE_BOUND('',#2887,.T.);
#2887=EDGE_LOOP('',(#4647,#4648,#4649,#4650));
#2888=PLANE('',#2889);
#2889=AXIS2_PLACEMENT_3D('',#2890,#2891,#2892);
#2890=CARTESIAN_POINT('',(2.18,0.32,-3.5));
#2891=DIRECTION('',(-1.,0.,0.));
#2892=DIRECTION('',(0.,-1.,0.));
#2893=FACE_BOUND('',#2894,.T.);
#2894=EDGE_LOOP('',(#4651,#4652,#4653,#4654));
#2895=PLANE('',#2896);
#2896=AXIS2_PLACEMENT_3D('',#2897,#2898,#2899);
#2897=CARTESIAN_POINT('',(5.32,0.32,-3.5));
#2898=DIRECTION('',(0.,1.,-0.));
#2899=DIRECTION('',(-1.,0.,0.));
#2900=FACE_BOUND('',#2901,.T.);
#2901=EDGE_LOOP('',(#4655,#4656,#4657,#4658));
#2902=PLANE('',#2903);
#2903=AXIS2_PLACEMENT_3D('',#2904,#2905,#2906);
#2904=CARTESIAN_POINT('',(5.32,-0.32,-3.5));
#2905=DIRECTION('',(1.,0.,0.));
#2906=DIRECTION('',(0.,1.,0.));
#2907=FACE_BOUND('',#2908,.T.);
#2908=EDGE_LOOP('',(#4659,#4660,#4661,#4662));
#2909=PLANE('',#2910);
#2910=AXIS2_PLACEMENT_3D('',#2911,#2912,#2913);
#2911=CARTESIAN_POINT('',(4.68,-0.32,-3.5));
#2912=DIRECTION('',(0.,-1.,0.));
#2913=DIRECTION('',(1.,0.,0.));
#2914=FACE_BOUND('',#2915,.T.);
#2915=EDGE_LOOP('',(#4663,#4664,#4665,#4666));
#2916=PLANE('',#2917);
#2917=AXIS2_PLACEMENT_3D('',#2918,#2919,#2920);
#2918=CARTESIAN_POINT('',(4.68,0.32,-3.5));
#2919=DIRECTION('',(-1.,0.,0.));
#2920=DIRECTION('',(0.,-1.,0.));
#2921=FACE_BOUND('',#2922,.T.);
#2922=EDGE_LOOP('',(#4667,#4668,#4669,#4670));
#2923=PLANE('',#2924);
#2924=AXIS2_PLACEMENT_3D('',#2925,#2926,#2927);
#2925=CARTESIAN_POINT('',(7.82,0.32,-3.5));
#2926=DIRECTION('',(0.,1.,-0.));
#2927=DIRECTION('',(-1.,0.,0.));
#2928=FACE_BOUND('',#2929,.T.);
#2929=EDGE_LOOP('',(#4671,#4672,#4673,#4674));
#2930=PLANE('',#2931);
#2931=AXIS2_PLACEMENT_3D('',#2932,#2933,#2934);
#2932=CARTESIAN_POINT('',(7.82,-0.32,-3.5));
#2933=DIRECTION('',(1.,0.,0.));
#2934=DIRECTION('',(0.,1.,0.));
#2935=FACE_BOUND('',#2936,.T.);
#2936=EDGE_LOOP('',(#4675,#4676,#4677,#4678));
#2937=PLANE('',#2938);
#2938=AXIS2_PLACEMENT_3D('',#2939,#2940,#2941);
#2939=CARTESIAN_POINT('',(7.18,-0.32,-3.5));
#2940=DIRECTION('',(0.,-1.,0.));
#2941=DIRECTION('',(1.,0.,0.));
#2942=FACE_BOUND('',#2943,.T.);
#2943=EDGE_LOOP('',(#4679,#4680,#4681,#4682));
#2944=PLANE('',#2945);
#2945=AXIS2_PLACEMENT_3D('',#2946,#2947,#2948);
#2946=CARTESIAN_POINT('',(7.18,0.32,-3.5));
#2947=DIRECTION('',(-1.,0.,0.));
#2948=DIRECTION('',(0.,-1.,0.));
#2949=FACE_BOUND('',#2950,.T.);
#2950=EDGE_LOOP('',(#4683,#4684,#4685,#4686));
#2951=PLANE('',#2952);
#2952=AXIS2_PLACEMENT_3D('',#2953,#2954,#2955);
#2953=CARTESIAN_POINT('',(10.32,0.32,-3.5));
#2954=DIRECTION('',(0.,1.,-0.));
#2955=DIRECTION('',(-1.,0.,0.));
#2956=FACE_BOUND('',#2957,.T.);
#2957=EDGE_LOOP('',(#4687,#4688,#4689,#4690));
#2958=PLANE('',#2959);
#2959=AXIS2_PLACEMENT_3D('',#2960,#2961,#2962);
#2960=CARTESIAN_POINT('',(10.32,-0.32,-3.5));
#2961=DIRECTION('',(1.,0.,0.));
#2962=DIRECTION('',(0.,1.,0.));
#2963=FACE_BOUND('',#2964,.T.);
#2964=EDGE_LOOP('',(#4691,#4692,#4693,#4694));
#2965=PLANE('',#2966);
#2966=AXIS2_PLACEMENT_3D('',#2967,#2968,#2969);
#2967=CARTESIAN_POINT('',(9.68,-0.32,-3.5));
#2968=DIRECTION('',(0.,-1.,0.));
#2969=DIRECTION('',(1.,0.,0.));
#2970=FACE_BOUND('',#2971,.T.);
#2971=EDGE_LOOP('',(#4695,#4696,#4697,#4698));
#2972=PLANE('',#2973);
#2973=AXIS2_PLACEMENT_3D('',#2974,#2975,#2976);
#2974=CARTESIAN_POINT('',(9.68,0.32,-3.5));
#2975=DIRECTION('',(-1.,0.,0.));
#2976=DIRECTION('',(0.,-1.,0.));
#2977=FACE_BOUND('',#2978,.T.);
#2978=EDGE_LOOP('',(#4699,#4700,#4701,#4702));
#2979=PLANE('',#2980);
#2980=AXIS2_PLACEMENT_3D('',#2981,#2982,#2983);
#2981=CARTESIAN_POINT('',(12.82,0.32,-3.5));
#2982=DIRECTION('',(0.,1.,-0.));
#2983=DIRECTION('',(-1.,0.,0.));
#2984=FACE_BOUND('',#2985,.T.);
#2985=EDGE_LOOP('',(#4703,#4704,#4705,#4706));
#2986=PLANE('',#2987);
#2987=AXIS2_PLACEMENT_3D('',#2988,#2989,#2990);
#2988=CARTESIAN_POINT('',(12.82,-0.32,-3.5));
#2989=DIRECTION('',(1.,0.,0.));
#2990=DIRECTION('',(0.,1.,0.));
#2991=FACE_BOUND('',#2992,.T.);
#2992=EDGE_LOOP('',(#4707,#4708,#4709,#4710));
#2993=PLANE('',#2994);
#2994=AXIS2_PLACEMENT_3D('',#2995,#2996,#2997);
#2995=CARTESIAN_POINT('',(12.18,-0.32,-3.5));
#2996=DIRECTION('',(0.,-1.,0.));
#2997=DIRECTION('',(1.,0.,0.));
#2998=FACE_BOUND('',#2999,.T.);
#2999=EDGE_LOOP('',(#4711,#4712,#4713,#4714));
#3000=PLANE('',#3001);
#3001=AXIS2_PLACEMENT_3D('',#3002,#3003,#3004);
#3002=CARTESIAN_POINT('',(12.18,0.32,-3.5));
#3003=DIRECTION('',(-1.,0.,0.));
#3004=DIRECTION('',(0.,-1.,0.));
#3005=FACE_BOUND('',#3006,.T.);
#3006=EDGE_LOOP('',(#4715,#4716,#4717,#4718));
#3007=PLANE('',#3008);
#3008=AXIS2_PLACEMENT_3D('',#3009,#3010,#3011);
#3009=CARTESIAN_POINT('',(15.32,0.32,-3.5));
#3010=DIRECTION('',(0.,1.,-0.));
#3011=DIRECTION('',(-1.,0.,0.));
#3012=FACE_BOUND('',#3013,.T.);
#3013=EDGE_LOOP('',(#4719,#4720,#4721,#4722));
#3014=PLANE('',#3015);
#3015=AXIS2_PLACEMENT_3D('',#3016,#3017,#3018);
#3016=CARTESIAN_POINT('',(15.32,-0.32,-3.5));
#3017=DIRECTION('',(1.,0.,0.));
#3018=DIRECTION('',(0.,1.,0.));
#3019=FACE_BOUND('',#3020,.T.);
#3020=EDGE_LOOP('',(#4723,#4724,#4725,#4726));
#3021=PLANE('',#3022);
#3022=AXIS2_PLACEMENT_3D('',#3023,#3024,#3025);
#3023=CARTESIAN_POINT('',(14.68,-0.32,-3.5));
#3024=DIRECTION('',(0.,-1.,0.));
#3025=DIRECTION('',(1.,0.,0.));
#3026=FACE_BOUND('',#3027,.T.);
#3027=EDGE_LOOP('',(#4727,#4728,#4729,#4730));
#3028=PLANE('',#3029);
#3029=AXIS2_PLACEMENT_3D('',#3030,#3031,#3032);
#3030=CARTESIAN_POINT('',(14.68,0.32,-3.5));
#3031=DIRECTION('',(-1.,0.,0.));
#3032=DIRECTION('',(0.,-1.,0.));
#3033=FACE_BOUND('',#3034,.T.);
#3034=EDGE_LOOP('',(#4731,#4732,#4733,#4734));
#3035=PLANE('',#3036);
#3036=AXIS2_PLACEMENT_3D('',#3037,#3038,#3039);
#3037=CARTESIAN_POINT('',(17.82,0.32,-3.5));
#3038=DIRECTION('',(0.,1.,-0.));
#3039=DIRECTION('',(-1.,0.,0.));
#3040=FACE_BOUND('',#3041,.T.);
#3041=EDGE_LOOP('',(#4735,#4736,#4737,#4738));
#3042=PLANE('',#3043);
#3043=AXIS2_PLACEMENT_3D('',#3044,#3045,#3046);
#3044=CARTESIAN_POINT('',(17.82,-0.32,-3.5));
#3045=DIRECTION('',(1.,0.,0.));
#3046=DIRECTION('',(0.,1.,0.));
#3047=FACE_BOUND('',#3048,.T.);
#3048=EDGE_LOOP('',(#4739,#4740,#4741,#4742));
#3049=PLANE('',#3050);
#3050=AXIS2_PLACEMENT_3D('',#3051,#3052,#3053);
#3051=CARTESIAN_POINT('',(17.18,-0.32,-3.5));
#3052=DIRECTION('',(0.,-1.,0.));
#3053=DIRECTION('',(1.,0.,0.));
#3054=FACE_BOUND('',#3055,.T.);
#3055=EDGE_LOOP('',(#4743,#4744,#4745,#4746));
#3056=PLANE('',#3057);
#3057=AXIS2_PLACEMENT_3D('',#3058,#3059,#3060);
#3058=CARTESIAN_POINT('',(17.18,0.32,-3.5));
#3059=DIRECTION('',(-1.,0.,0.));
#3060=DIRECTION('',(0.,-1.,0.));
#3061=FACE_BOUND('',#3062,.T.);
#3062=EDGE_LOOP('',(#4747,#4748,#4749,#4750));
#3063=PLANE('',#3064);
#3064=AXIS2_PLACEMENT_3D('',#3065,#3066,#3067);
#3065=CARTESIAN_POINT('',(20.32,0.32,-3.5));
#3066=DIRECTION('',(0.,1.,-0.));
#3067=DIRECTION('',(-1.,0.,0.));
#3068=FACE_BOUND('',#3069,.T.);
#3069=EDGE_LOOP('',(#4751,#4752,#4753,#4754));
#3070=PLANE('',#3071);
#3071=AXIS2_PLACEMENT_3D('',#3072,#3073,#3074);
#3072=CARTESIAN_POINT('',(20.32,-0.32,-3.5));
#3073=DIRECTION('',(1.,0.,0.));
#3074=DIRECTION('',(0.,1.,0.));
#3075=FACE_BOUND('',#3076,.T.);
#3076=EDGE_LOOP('',(#4755,#4756,#4757,#4758));
#3077=PLANE('',#3078);
#3078=AXIS2_PLACEMENT_3D('',#3079,#3080,#3081);
#3079=CARTESIAN_POINT('',(19.68,-0.32,-3.5));
#3080=DIRECTION('',(0.,-1.,0.));
#3081=DIRECTION('',(1.,0.,0.));
#3082=FACE_BOUND('',#3083,.T.);
#3083=EDGE_LOOP('',(#4759,#4760,#4761,#4762));
#3084=PLANE('',#3085);
#3085=AXIS2_PLACEMENT_3D('',#3086,#3087,#3088);
#3086=CARTESIAN_POINT('',(19.68,0.32,-3.5));
#3087=DIRECTION('',(-1.,0.,0.));
#3088=DIRECTION('',(0.,-1.,0.));
#3089=FACE_BOUND('',#3090,.T.);
#3090=EDGE_LOOP('',(#4763,#4764,#4765,#4766));
#3091=PLANE('',#3092);
#3092=AXIS2_PLACEMENT_3D('',#3093,#3094,#3095);
#3093=CARTESIAN_POINT('',(22.82,0.32,-3.5));
#3094=DIRECTION('',(0.,1.,-0.));
#3095=DIRECTION('',(-1.,0.,0.));
#3096=FACE_BOUND('',#3097,.T.);
#3097=EDGE_LOOP('',(#4767,#4768,#4769,#4770));
#3098=PLANE('',#3099);
#3099=AXIS2_PLACEMENT_3D('',#3100,#3101,#3102);
#3100=CARTESIAN_POINT('',(22.82,-0.32,-3.5));
#3101=DIRECTION('',(1.,0.,0.));
#3102=DIRECTION('',(0.,1.,0.));
#3103=FACE_BOUND('',#3104,.T.);
#3104=EDGE_LOOP('',(#4771,#4772,#4773,#4774));
#3105=PLANE('',#3106);
#3106=AXIS2_PLACEMENT_3D('',#3107,#3108,#3109);
#3107=CARTESIAN_POINT('',(22.18,-0.32,-3.5));
#3108=DIRECTION('',(0.,-1.,0.));
#3109=DIRECTION('',(1.,0.,0.));
#3110=FACE_BOUND('',#3111,.T.);
#3111=EDGE_LOOP('',(#4775,#4776,#4777,#4778));
#3112=PLANE('',#3113);
#3113=AXIS2_PLACEMENT_3D('',#3114,#3115,#3116);
#3114=CARTESIAN_POINT('',(22.18,0.32,-3.5));
#3115=DIRECTION('',(-1.,0.,0.));
#3116=DIRECTION('',(0.,-1.,0.));
#3117=FACE_BOUND('',#3118,.T.);
#3118=EDGE_LOOP('',(#4779,#4780,#4781,#4782));
#3119=PLANE('',#3120);
#3120=AXIS2_PLACEMENT_3D('',#3121,#3122,#3123);
#3121=CARTESIAN_POINT('',(0.32,0.32,-3.5));
#3122=DIRECTION('',(0.,1.,-0.));
#3123=DIRECTION('',(-1.,0.,0.));
#3124=FACE_BOUND('',#3125,.T.);
#3125=EDGE_LOOP('',(#4783,#4784,#4785,#4786));
#3126=PLANE('',#3127);
#3127=AXIS2_PLACEMENT_3D('',#3128,#3129,#3130);
#3128=CARTESIAN_POINT('',(0.32,-0.32,-3.5));
#3129=DIRECTION('',(1.,0.,0.));
#3130=DIRECTION('',(0.,1.,0.));
#3131=FACE_BOUND('',#3132,.T.);
#3132=EDGE_LOOP('',(#4787,#4788,#4789,#4790));
#3133=PLANE('',#3134);
#3134=AXIS2_PLACEMENT_3D('',#3135,#3136,#3137);
#3135=CARTESIAN_POINT('',(-0.32,-0.32,-3.5));
#3136=DIRECTION('',(0.,-1.,0.));
#3137=DIRECTION('',(1.,0.,0.));
#3138=FACE_BOUND('',#3139,.T.);
#3139=EDGE_LOOP('',(#4791,#4792,#4793,#4794));
#3140=PLANE('',#3141);
#3141=AXIS2_PLACEMENT_3D('',#3142,#3143,#3144);
#3142=CARTESIAN_POINT('',(-0.32,0.32,-3.5));
#3143=DIRECTION('',(-1.,0.,0.));
#3144=DIRECTION('',(0.,-1.,0.));
#3145=FACE_BOUND('',#3146,.T.);
#3146=EDGE_LOOP('',(#4795,#4796,#4797,#4798));
#3147=PLANE('',#3148);
#3148=AXIS2_PLACEMENT_3D('',#3149,#3150,#3151);
#3149=CARTESIAN_POINT('',(-2.1,4.05,7.));
#3150=DIRECTION('',(0.707106781186546,5.55784941126999E-017,0.707106781186549));
#3151=DIRECTION('',(7.85998601504536E-017,-1.,6.17045238379134E-033));
#3152=FACE_BOUND('',#3153,.T.);
#3153=EDGE_LOOP('',(#4799,#4800,#4801,#4802,#4803));
#3154=PLANE('',#3155);
#3155=AXIS2_PLACEMENT_3D('',#3156,#3157,#3158);
#3156=CARTESIAN_POINT('',(25.,-0.4,7.));
#3157=DIRECTION('',(0.,1.,0.));
#3158=DIRECTION('',(0.,0.,-1.));
#3159=FACE_BOUND('',#3160,.T.);
#3160=EDGE_LOOP('',(#4804,#4805,#4806,#4807));
#3161=PLANE('',#3162);
#3162=AXIS2_PLACEMENT_3D('',#3163,#3164,#3165);
#3163=CARTESIAN_POINT('',(0.32,0.32,-3.5));
#3164=DIRECTION('',(0.,1.,-0.));
#3165=DIRECTION('',(-1.,0.,0.));
#3166=FACE_BOUND('',#3167,.T.);
#3167=EDGE_LOOP('',(#4808,#4809,#4810,#4811));
#3168=PLANE('',#3169);
#3169=AXIS2_PLACEMENT_3D('',#3170,#3171,#3172);
#3170=CARTESIAN_POINT('',(-0.32,0.32,-3.5));
#3171=DIRECTION('',(-1.,0.,0.));
#3172=DIRECTION('',(0.,-1.,0.));
#3173=FACE_BOUND('',#3174,.T.);
#3174=EDGE_LOOP('',(#4812,#4813,#4814,#4815));
#3175=PLANE('',#3176);
#3176=AXIS2_PLACEMENT_3D('',#3177,#3178,#3179);
#3177=CARTESIAN_POINT('',(-0.32,-0.32,-3.5));
#3178=DIRECTION('',(0.,-1.,0.));
#3179=DIRECTION('',(1.,0.,0.));
#3180=FACE_BOUND('',#3181,.T.);
#3181=EDGE_LOOP('',(#4816,#4817,#4818,#4819));
#3182=PLANE('',#3183);
#3183=AXIS2_PLACEMENT_3D('',#3184,#3185,#3186);
#3184=CARTESIAN_POINT('',(0.32,-0.32,-3.5));
#3185=DIRECTION('',(1.,0.,0.));
#3186=DIRECTION('',(0.,1.,0.));
#3187=FACE_BOUND('',#3188,.T.);
#3188=EDGE_LOOP('',(#4820,#4821,#4822,#4823));
#3189=PLANE('',#3190);
#3190=AXIS2_PLACEMENT_3D('',#3191,#3192,#3193);
#3191=CARTESIAN_POINT('',(2.82,0.32,-3.5));
#3192=DIRECTION('',(0.,1.,-0.));
#3193=DIRECTION('',(-1.,0.,0.));
#3194=FACE_BOUND('',#3195,.T.);
#3195=EDGE_LOOP('',(#4824,#4825,#4826,#4827));
#3196=PLANE('',#3197);
#3197=AXIS2_PLACEMENT_3D('',#3198,#3199,#3200);
#3198=CARTESIAN_POINT('',(2.18,0.32,-3.5));
#3199=DIRECTION('',(-1.,0.,0.));
#3200=DIRECTION('',(0.,-1.,0.));
#3201=FACE_BOUND('',#3202,.T.);
#3202=EDGE_LOOP('',(#4828,#4829,#4830,#4831));
#3203=PLANE('',#3204);
#3204=AXIS2_PLACEMENT_3D('',#3205,#3206,#3207);
#3205=CARTESIAN_POINT('',(2.18,-0.32,-3.5));
#3206=DIRECTION('',(0.,-1.,0.));
#3207=DIRECTION('',(1.,0.,0.));
#3208=FACE_BOUND('',#3209,.T.);
#3209=EDGE_LOOP('',(#4832,#4833,#4834,#4835));
#3210=PLANE('',#3211);
#3211=AXIS2_PLACEMENT_3D('',#3212,#3213,#3214);
#3212=CARTESIAN_POINT('',(2.82,-0.32,-3.5));
#3213=DIRECTION('',(1.,0.,0.));
#3214=DIRECTION('',(0.,1.,0.));
#3215=FACE_BOUND('',#3216,.T.);
#3216=EDGE_LOOP('',(#4836,#4837,#4838,#4839));
#3217=PLANE('',#3218);
#3218=AXIS2_PLACEMENT_3D('',#3219,#3220,#3221);
#3219=CARTESIAN_POINT('',(5.32,0.32,-3.5));
#3220=DIRECTION('',(0.,1.,-0.));
#3221=DIRECTION('',(-1.,0.,0.));
#3222=FACE_BOUND('',#3223,.T.);
#3223=EDGE_LOOP('',(#4840,#4841,#4842,#4843));
#3224=PLANE('',#3225);
#3225=AXIS2_PLACEMENT_3D('',#3226,#3227,#3228);
#3226=CARTESIAN_POINT('',(4.68,0.32,-3.5));
#3227=DIRECTION('',(-1.,0.,0.));
#3228=DIRECTION('',(0.,-1.,0.));
#3229=FACE_BOUND('',#3230,.T.);
#3230=EDGE_LOOP('',(#4844,#4845,#4846,#4847));
#3231=PLANE('',#3232);
#3232=AXIS2_PLACEMENT_3D('',#3233,#3234,#3235);
#3233=CARTESIAN_POINT('',(4.68,-0.32,-3.5));
#3234=DIRECTION('',(0.,-1.,0.));
#3235=DIRECTION('',(1.,0.,0.));
#3236=FACE_BOUND('',#3237,.T.);
#3237=EDGE_LOOP('',(#4848,#4849,#4850,#4851));
#3238=PLANE('',#3239);
#3239=AXIS2_PLACEMENT_3D('',#3240,#3241,#3242);
#3240=CARTESIAN_POINT('',(5.32,-0.32,-3.5));
#3241=DIRECTION('',(1.,0.,0.));
#3242=DIRECTION('',(0.,1.,0.));
#3243=FACE_BOUND('',#3244,.T.);
#3244=EDGE_LOOP('',(#4852,#4853,#4854,#4855));
#3245=PLANE('',#3246);
#3246=AXIS2_PLACEMENT_3D('',#3247,#3248,#3249);
#3247=CARTESIAN_POINT('',(7.82,0.32,-3.5));
#3248=DIRECTION('',(0.,1.,-0.));
#3249=DIRECTION('',(-1.,0.,0.));
#3250=FACE_BOUND('',#3251,.T.);
#3251=EDGE_LOOP('',(#4856,#4857,#4858,#4859));
#3252=PLANE('',#3253);
#3253=AXIS2_PLACEMENT_3D('',#3254,#3255,#3256);
#3254=CARTESIAN_POINT('',(7.18,0.32,-3.5));
#3255=DIRECTION('',(-1.,0.,0.));
#3256=DIRECTION('',(0.,-1.,0.));
#3257=FACE_BOUND('',#3258,.T.);
#3258=EDGE_LOOP('',(#4860,#4861,#4862,#4863));
#3259=PLANE('',#3260);
#3260=AXIS2_PLACEMENT_3D('',#3261,#3262,#3263);
#3261=CARTESIAN_POINT('',(7.18,-0.32,-3.5));
#3262=DIRECTION('',(0.,-1.,0.));
#3263=DIRECTION('',(1.,0.,0.));
#3264=FACE_BOUND('',#3265,.T.);
#3265=EDGE_LOOP('',(#4864,#4865,#4866,#4867));
#3266=PLANE('',#3267);
#3267=AXIS2_PLACEMENT_3D('',#3268,#3269,#3270);
#3268=CARTESIAN_POINT('',(7.82,-0.32,-3.5));
#3269=DIRECTION('',(1.,0.,0.));
#3270=DIRECTION('',(0.,1.,0.));
#3271=FACE_BOUND('',#3272,.T.);
#3272=EDGE_LOOP('',(#4868,#4869,#4870,#4871));
#3273=PLANE('',#3274);
#3274=AXIS2_PLACEMENT_3D('',#3275,#3276,#3277);
#3275=CARTESIAN_POINT('',(10.32,0.32,-3.5));
#3276=DIRECTION('',(0.,1.,-0.));
#3277=DIRECTION('',(-1.,0.,0.));
#3278=FACE_BOUND('',#3279,.T.);
#3279=EDGE_LOOP('',(#4872,#4873,#4874,#4875));
#3280=PLANE('',#3281);
#3281=AXIS2_PLACEMENT_3D('',#3282,#3283,#3284);
#3282=CARTESIAN_POINT('',(9.68,0.32,-3.5));
#3283=DIRECTION('',(-1.,0.,0.));
#3284=DIRECTION('',(0.,-1.,0.));
#3285=FACE_BOUND('',#3286,.T.);
#3286=EDGE_LOOP('',(#4876,#4877,#4878,#4879));
#3287=PLANE('',#3288);
#3288=AXIS2_PLACEMENT_3D('',#3289,#3290,#3291);
#3289=CARTESIAN_POINT('',(9.68,-0.32,-3.5));
#3290=DIRECTION('',(0.,-1.,0.));
#3291=DIRECTION('',(1.,0.,0.));
#3292=FACE_BOUND('',#3293,.T.);
#3293=EDGE_LOOP('',(#4880,#4881,#4882,#4883));
#3294=PLANE('',#3295);
#3295=AXIS2_PLACEMENT_3D('',#3296,#3297,#3298);
#3296=CARTESIAN_POINT('',(10.32,-0.32,-3.5));
#3297=DIRECTION('',(1.,0.,0.));
#3298=DIRECTION('',(0.,1.,0.));
#3299=FACE_BOUND('',#3300,.T.);
#3300=EDGE_LOOP('',(#4884,#4885,#4886,#4887));
#3301=PLANE('',#3302);
#3302=AXIS2_PLACEMENT_3D('',#3303,#3304,#3305);
#3303=CARTESIAN_POINT('',(12.82,0.32,-3.5));
#3304=DIRECTION('',(0.,1.,-0.));
#3305=DIRECTION('',(-1.,0.,0.));
#3306=FACE_BOUND('',#3307,.T.);
#3307=EDGE_LOOP('',(#4888,#4889,#4890,#4891));
#3308=PLANE('',#3309);
#3309=AXIS2_PLACEMENT_3D('',#3310,#3311,#3312);
#3310=CARTESIAN_POINT('',(12.18,0.32,-3.5));
#3311=DIRECTION('',(-1.,0.,0.));
#3312=DIRECTION('',(0.,-1.,0.));
#3313=FACE_BOUND('',#3314,.T.);
#3314=EDGE_LOOP('',(#4892,#4893,#4894,#4895));
#3315=PLANE('',#3316);
#3316=AXIS2_PLACEMENT_3D('',#3317,#3318,#3319);
#3317=CARTESIAN_POINT('',(12.18,-0.32,-3.5));
#3318=DIRECTION('',(0.,-1.,0.));
#3319=DIRECTION('',(1.,0.,0.));
#3320=FACE_BOUND('',#3321,.T.);
#3321=EDGE_LOOP('',(#4896,#4897,#4898,#4899));
#3322=PLANE('',#3323);
#3323=AXIS2_PLACEMENT_3D('',#3324,#3325,#3326);
#3324=CARTESIAN_POINT('',(12.82,-0.32,-3.5));
#3325=DIRECTION('',(1.,0.,0.));
#3326=DIRECTION('',(0.,1.,0.));
#3327=FACE_BOUND('',#3328,.T.);
#3328=EDGE_LOOP('',(#4900,#4901,#4902,#4903));
#3329=PLANE('',#3330);
#3330=AXIS2_PLACEMENT_3D('',#3331,#3332,#3333);
#3331=CARTESIAN_POINT('',(15.32,0.32,-3.5));
#3332=DIRECTION('',(0.,1.,-0.));
#3333=DIRECTION('',(-1.,0.,0.));
#3334=FACE_BOUND('',#3335,.T.);
#3335=EDGE_LOOP('',(#4904,#4905,#4906,#4907));
#3336=PLANE('',#3337);
#3337=AXIS2_PLACEMENT_3D('',#3338,#3339,#3340);
#3338=CARTESIAN_POINT('',(14.68,0.32,-3.5));
#3339=DIRECTION('',(-1.,0.,0.));
#3340=DIRECTION('',(0.,-1.,0.));
#3341=FACE_BOUND('',#3342,.T.);
#3342=EDGE_LOOP('',(#4908,#4909,#4910,#4911));
#3343=PLANE('',#3344);
#3344=AXIS2_PLACEMENT_3D('',#3345,#3346,#3347);
#3345=CARTESIAN_POINT('',(14.68,-0.32,-3.5));
#3346=DIRECTION('',(0.,-1.,0.));
#3347=DIRECTION('',(1.,0.,0.));
#3348=FACE_BOUND('',#3349,.T.);
#3349=EDGE_LOOP('',(#4912,#4913,#4914,#4915));
#3350=PLANE('',#3351);
#3351=AXIS2_PLACEMENT_3D('',#3352,#3353,#3354);
#3352=CARTESIAN_POINT('',(15.32,-0.32,-3.5));
#3353=DIRECTION('',(1.,0.,0.));
#3354=DIRECTION('',(0.,1.,0.));
#3355=FACE_BOUND('',#3356,.T.);
#3356=EDGE_LOOP('',(#4916,#4917,#4918,#4919));
#3357=PLANE('',#3358);
#3358=AXIS2_PLACEMENT_3D('',#3359,#3360,#3361);
#3359=CARTESIAN_POINT('',(17.82,0.32,-3.5));
#3360=DIRECTION('',(0.,1.,-0.));
#3361=DIRECTION('',(-1.,0.,0.));
#3362=FACE_BOUND('',#3363,.T.);
#3363=EDGE_LOOP('',(#4920,#4921,#4922,#4923));
#3364=PLANE('',#3365);
#3365=AXIS2_PLACEMENT_3D('',#3366,#3367,#3368);
#3366=CARTESIAN_POINT('',(17.18,0.32,-3.5));
#3367=DIRECTION('',(-1.,0.,0.));
#3368=DIRECTION('',(0.,-1.,0.));
#3369=FACE_BOUND('',#3370,.T.);
#3370=EDGE_LOOP('',(#4924,#4925,#4926,#4927));
#3371=PLANE('',#3372);
#3372=AXIS2_PLACEMENT_3D('',#3373,#3374,#3375);
#3373=CARTESIAN_POINT('',(17.18,-0.32,-3.5));
#3374=DIRECTION('',(0.,-1.,0.));
#3375=DIRECTION('',(1.,0.,0.));
#3376=FACE_BOUND('',#3377,.T.);
#3377=EDGE_LOOP('',(#4928,#4929,#4930,#4931));
#3378=PLANE('',#3379);
#3379=AXIS2_PLACEMENT_3D('',#3380,#3381,#3382);
#3380=CARTESIAN_POINT('',(17.82,-0.32,-3.5));
#3381=DIRECTION('',(1.,0.,0.));
#3382=DIRECTION('',(0.,1.,0.));
#3383=FACE_BOUND('',#3384,.T.);
#3384=EDGE_LOOP('',(#4932,#4933,#4934,#4935));
#3385=PLANE('',#3386);
#3386=AXIS2_PLACEMENT_3D('',#3387,#3388,#3389);
#3387=CARTESIAN_POINT('',(20.32,0.32,-3.5));
#3388=DIRECTION('',(0.,1.,-0.));
#3389=DIRECTION('',(-1.,0.,0.));
#3390=FACE_BOUND('',#3391,.T.);
#3391=EDGE_LOOP('',(#4936,#4937,#4938,#4939));
#3392=PLANE('',#3393);
#3393=AXIS2_PLACEMENT_3D('',#3394,#3395,#3396);
#3394=CARTESIAN_POINT('',(19.68,0.32,-3.5));
#3395=DIRECTION('',(-1.,0.,0.));
#3396=DIRECTION('',(0.,-1.,0.));
#3397=FACE_BOUND('',#3398,.T.);
#3398=EDGE_LOOP('',(#4940,#4941,#4942,#4943));
#3399=PLANE('',#3400);
#3400=AXIS2_PLACEMENT_3D('',#3401,#3402,#3403);
#3401=CARTESIAN_POINT('',(19.68,-0.32,-3.5));
#3402=DIRECTION('',(0.,-1.,0.));
#3403=DIRECTION('',(1.,0.,0.));
#3404=FACE_BOUND('',#3405,.T.);
#3405=EDGE_LOOP('',(#4944,#4945,#4946,#4947));
#3406=PLANE('',#3407);
#3407=AXIS2_PLACEMENT_3D('',#3408,#3409,#3410);
#3408=CARTESIAN_POINT('',(20.32,-0.32,-3.5));
#3409=DIRECTION('',(1.,0.,0.));
#3410=DIRECTION('',(0.,1.,0.));
#3411=FACE_BOUND('',#3412,.T.);
#3412=EDGE_LOOP('',(#4948,#4949,#4950,#4951));
#3413=PLANE('',#3414);
#3414=AXIS2_PLACEMENT_3D('',#3415,#3416,#3417);
#3415=CARTESIAN_POINT('',(22.82,0.32,-3.5));
#3416=DIRECTION('',(0.,1.,-0.));
#3417=DIRECTION('',(-1.,0.,0.));
#3418=FACE_BOUND('',#3419,.T.);
#3419=EDGE_LOOP('',(#4952,#4953,#4954,#4955));
#3420=PLANE('',#3421);
#3421=AXIS2_PLACEMENT_3D('',#3422,#3423,#3424);
#3422=CARTESIAN_POINT('',(22.18,0.32,-3.5));
#3423=DIRECTION('',(-1.,0.,0.));
#3424=DIRECTION('',(0.,-1.,0.));
#3425=FACE_BOUND('',#3426,.T.);
#3426=EDGE_LOOP('',(#4956,#4957,#4958,#4959));
#3427=PLANE('',#3428);
#3428=AXIS2_PLACEMENT_3D('',#3429,#3430,#3431);
#3429=CARTESIAN_POINT('',(22.18,-0.32,-3.5));
#3430=DIRECTION('',(0.,-1.,0.));
#3431=DIRECTION('',(1.,0.,0.));
#3432=FACE_BOUND('',#3433,.T.);
#3433=EDGE_LOOP('',(#4960,#4961,#4962,#4963));
#3434=PLANE('',#3435);
#3435=AXIS2_PLACEMENT_3D('',#3436,#3437,#3438);
#3436=CARTESIAN_POINT('',(22.82,-0.32,-3.5));
#3437=DIRECTION('',(1.,0.,0.));
#3438=DIRECTION('',(0.,1.,0.));
#3439=FACE_BOUND('',#3440,.T.);
#3440=EDGE_LOOP('',(#4964,#4965,#4966,#4967));
#3441=PLANE('',#3442);
#3442=AXIS2_PLACEMENT_3D('',#3443,#3444,#3445);
#3443=CARTESIAN_POINT('',(25.5,3.15,7.));
#3444=DIRECTION('',(-1.10181926925177E-017,-0.707106781186548,0.707106781186547));
#3445=DIRECTION('',(-1.,1.55820775385987E-017,0.));
#3446=FACE_BOUND('',#3447,.T.);
#3447=EDGE_LOOP('',(#4968,#4969,#4970,#4971));
#3448=PLANE('',#3449);
#3449=AXIS2_PLACEMENT_3D('',#3450,#3451,#3452);
#3450=CARTESIAN_POINT('',(3.76641016151378,0.32,6.12679491924311));
#3451=DIRECTION('',(1.8151898764984E-016,0.965925826289069,0.258819045102519));
#3452=DIRECTION('',(-1.,3.76053679555885E-032,7.01335512531312E-016));
#3453=FACE_BOUND('',#3454,.T.);
#3454=EDGE_LOOP('',(#4972,#4973,#4974,#4975));
#3455=PLANE('',#3456);
#3456=AXIS2_PLACEMENT_3D('',#3457,#3458,#3459);
#3457=CARTESIAN_POINT('',(2.82,-1.26641016151378,6.12679491924311));
#3458=DIRECTION('',(0.965925826289069,-1.8151898764984E-016,0.258819045102519));
#3459=DIRECTION('',(3.76053679555885E-032,1.,7.01335512531312E-016));
#3460=FACE_BOUND('',#3461,.T.);
#3461=EDGE_LOOP('',(#4976,#4977,#4978,#4979));
#3462=PLANE('',#3463);
#3463=AXIS2_PLACEMENT_3D('',#3464,#3465,#3466);
#3464=CARTESIAN_POINT('',(1.23358983848622,-0.32,6.12679491924311));
#3465=DIRECTION('',(0.,-0.965925826289068,0.258819045102522));
#3466=DIRECTION('',(1.,0.,0.));
#3467=FACE_BOUND('',#3468,.T.);
#3468=EDGE_LOOP('',(#4980,#4981,#4982,#4983));
#3469=PLANE('',#3470);
#3470=AXIS2_PLACEMENT_3D('',#3471,#3472,#3473);
#3471=CARTESIAN_POINT('',(2.18,1.26641016151378,6.12679491924311));
#3472=DIRECTION('',(-0.965925826289069,1.8151898764984E-016,0.258819045102519));
#3473=DIRECTION('',(-3.76053679555885E-032,-1.,7.01335512531312E-016));
#3474=FACE_BOUND('',#3475,.T.);
#3475=EDGE_LOOP('',(#4984,#4985,#4986,#4987));
#3476=PLANE('',#3477);
#3477=AXIS2_PLACEMENT_3D('',#3478,#3479,#3480);
#3478=CARTESIAN_POINT('',(6.26641016151378,0.32,6.12679491924311));
#3479=DIRECTION('',(0.,0.965925826289068,0.258819045102522));
#3480=DIRECTION('',(-1.,0.,0.));
#3481=FACE_BOUND('',#3482,.T.);
#3482=EDGE_LOOP('',(#4988,#4989,#4990,#4991));
#3483=PLANE('',#3484);
#3484=AXIS2_PLACEMENT_3D('',#3485,#3486,#3487);
#3485=CARTESIAN_POINT('',(5.32,-1.26641016151378,6.12679491924311));
#3486=DIRECTION('',(0.965925826289069,-1.81518987649839E-016,0.258819045102518));
#3487=DIRECTION('',(-3.76053679555885E-032,1.,7.01335512531312E-016));
#3488=FACE_BOUND('',#3489,.T.);
#3489=EDGE_LOOP('',(#4992,#4993,#4994,#4995));
#3490=PLANE('',#3491);
#3491=AXIS2_PLACEMENT_3D('',#3492,#3493,#3494);
#3492=CARTESIAN_POINT('',(3.73358983848622,-0.32,6.12679491924311));
#3493=DIRECTION('',(0.,-0.965925826289068,0.258819045102522));
#3494=DIRECTION('',(1.,0.,0.));
#3495=FACE_BOUND('',#3496,.T.);
#3496=EDGE_LOOP('',(#4996,#4997,#4998,#4999));
#3497=PLANE('',#3498);
#3498=AXIS2_PLACEMENT_3D('',#3499,#3500,#3501);
#3499=CARTESIAN_POINT('',(4.68,1.26641016151378,6.12679491924311));
#3500=DIRECTION('',(-0.965925826289069,1.81518987649839E-016,0.258819045102518));
#3501=DIRECTION('',(3.76053679555885E-032,-1.,7.01335512531312E-016));
#3502=FACE_BOUND('',#3503,.T.);
#3503=EDGE_LOOP('',(#5000,#5001,#5002,#5003));
#3504=PLANE('',#3505);
#3505=AXIS2_PLACEMENT_3D('',#3506,#3507,#3508);
#3506=CARTESIAN_POINT('',(8.76641016151378,0.32,6.12679491924311));
#3507=DIRECTION('',(0.,0.965925826289068,0.258819045102522));
#3508=DIRECTION('',(-1.,0.,0.));
#3509=FACE_BOUND('',#3510,.T.);
#3510=EDGE_LOOP('',(#5004,#5005,#5006,#5007));
#3511=PLANE('',#3512);
#3512=AXIS2_PLACEMENT_3D('',#3513,#3514,#3515);
#3513=CARTESIAN_POINT('',(7.82,-1.26641016151378,6.12679491924311));
#3514=DIRECTION('',(0.965925826289069,-1.81518987649839E-016,0.258819045102518));
#3515=DIRECTION('',(-3.76053679555885E-032,1.,7.01335512531312E-016));
#3516=FACE_BOUND('',#3517,.T.);
#3517=EDGE_LOOP('',(#5008,#5009,#5010,#5011));
#3518=PLANE('',#3519);
#3519=AXIS2_PLACEMENT_3D('',#3520,#3521,#3522);
#3520=CARTESIAN_POINT('',(6.23358983848622,-0.32,6.12679491924311));
#3521=DIRECTION('',(0.,-0.965925826289068,0.258819045102522));
#3522=DIRECTION('',(1.,0.,0.));
#3523=FACE_BOUND('',#3524,.T.);
#3524=EDGE_LOOP('',(#5012,#5013,#5014,#5015));
#3525=PLANE('',#3526);
#3526=AXIS2_PLACEMENT_3D('',#3527,#3528,#3529);
#3527=CARTESIAN_POINT('',(7.18,1.26641016151378,6.12679491924311));
#3528=DIRECTION('',(-0.965925826289069,1.81518987649839E-016,0.258819045102518));
#3529=DIRECTION('',(3.76053679555885E-032,-1.,7.01335512531312E-016));
#3530=FACE_BOUND('',#3531,.T.);
#3531=EDGE_LOOP('',(#5016,#5017,#5018,#5019));
#3532=PLANE('',#3533);
#3533=AXIS2_PLACEMENT_3D('',#3534,#3535,#3536);
#3534=CARTESIAN_POINT('',(11.2664101615138,0.32,6.12679491924311));
#3535=DIRECTION('',(1.8151898764984E-016,0.965925826289069,0.25881904510252));
#3536=DIRECTION('',(-1.,0.,7.01335512531312E-016));
#3537=FACE_BOUND('',#3538,.T.);
#3538=EDGE_LOOP('',(#5020,#5021,#5022,#5023));
#3539=PLANE('',#3540);
#3540=AXIS2_PLACEMENT_3D('',#3541,#3542,#3543);
#3541=CARTESIAN_POINT('',(10.32,-1.26641016151378,6.12679491924311));
#3542=DIRECTION('',(0.965925826289069,-1.81518987649839E-016,0.258819045102518));
#3543=DIRECTION('',(-3.76053679555885E-032,1.,7.01335512531312E-016));
#3544=FACE_BOUND('',#3545,.T.);
#3545=EDGE_LOOP('',(#5024,#5025,#5026,#5027));
#3546=PLANE('',#3547);
#3547=AXIS2_PLACEMENT_3D('',#3548,#3549,#3550);
#3548=CARTESIAN_POINT('',(8.73358983848622,-0.32,6.12679491924311));
#3549=DIRECTION('',(-1.8151898764984E-016,-0.965925826289069,0.25881904510252));
#3550=DIRECTION('',(1.,0.,7.01335512531312E-016));
#3551=FACE_BOUND('',#3552,.T.);
#3552=EDGE_LOOP('',(#5028,#5029,#5030,#5031));
#3553=PLANE('',#3554);
#3554=AXIS2_PLACEMENT_3D('',#3555,#3556,#3557);
#3555=CARTESIAN_POINT('',(9.68,1.26641016151378,6.12679491924311));
#3556=DIRECTION('',(-0.965925826289069,1.81518987649839E-016,0.258819045102518));
#3557=DIRECTION('',(3.76053679555885E-032,-1.,7.01335512531312E-016));
#3558=FACE_BOUND('',#3559,.T.);
#3559=EDGE_LOOP('',(#5032,#5033,#5034,#5035));
#3560=PLANE('',#3561);
#3561=AXIS2_PLACEMENT_3D('',#3562,#3563,#3564);
#3562=CARTESIAN_POINT('',(13.7664101615138,0.32,6.12679491924311));
#3563=DIRECTION('',(1.8151898764984E-016,0.965925826289069,0.25881904510252));
#3564=DIRECTION('',(-1.,0.,7.01335512531312E-016));
#3565=FACE_BOUND('',#3566,.T.);
#3566=EDGE_LOOP('',(#5036,#5037,#5038,#5039));
#3567=PLANE('',#3568);
#3568=AXIS2_PLACEMENT_3D('',#3569,#3570,#3571);
#3569=CARTESIAN_POINT('',(12.82,-1.26641016151378,6.12679491924311));
#3570=DIRECTION('',(0.965925826289069,-1.81518987649839E-016,0.258819045102518));
#3571=DIRECTION('',(-3.76053679555885E-032,1.,7.01335512531312E-016));
#3572=FACE_BOUND('',#3573,.T.);
#3573=EDGE_LOOP('',(#5040,#5041,#5042,#5043));
#3574=PLANE('',#3575);
#3575=AXIS2_PLACEMENT_3D('',#3576,#3577,#3578);
#3576=CARTESIAN_POINT('',(11.2335898384862,-0.32,6.12679491924311));
#3577=DIRECTION('',(-1.8151898764984E-016,-0.965925826289069,0.25881904510252));
#3578=DIRECTION('',(1.,0.,7.01335512531312E-016));
#3579=FACE_BOUND('',#3580,.T.);
#3580=EDGE_LOOP('',(#5044,#5045,#5046,#5047));
#3581=PLANE('',#3582);
#3582=AXIS2_PLACEMENT_3D('',#3583,#3584,#3585);
#3583=CARTESIAN_POINT('',(12.18,1.26641016151378,6.12679491924311));
#3584=DIRECTION('',(-0.965925826289069,1.81518987649839E-016,0.258819045102518));
#3585=DIRECTION('',(3.76053679555885E-032,-1.,7.01335512531312E-016));
#3586=FACE_BOUND('',#3587,.T.);
#3587=EDGE_LOOP('',(#5048,#5049,#5050,#5051));
#3588=PLANE('',#3589);
#3589=AXIS2_PLACEMENT_3D('',#3590,#3591,#3592);
#3590=CARTESIAN_POINT('',(16.2664101615138,0.32,6.12679491924311));
#3591=DIRECTION('',(1.8151898764984E-016,0.965925826289069,0.25881904510252));
#3592=DIRECTION('',(-1.,0.,7.01335512531312E-016));
#3593=FACE_BOUND('',#3594,.T.);
#3594=EDGE_LOOP('',(#5052,#5053,#5054,#5055));
#3595=PLANE('',#3596);
#3596=AXIS2_PLACEMENT_3D('',#3597,#3598,#3599);
#3597=CARTESIAN_POINT('',(15.32,-1.26641016151378,6.12679491924311));
#3598=DIRECTION('',(0.965925826289069,-1.81518987649839E-016,0.258819045102518));
#3599=DIRECTION('',(-3.76053679555885E-032,1.,7.01335512531312E-016));
#3600=FACE_BOUND('',#3601,.T.);
#3601=EDGE_LOOP('',(#5056,#5057,#5058,#5059));
#3602=PLANE('',#3603);
#3603=AXIS2_PLACEMENT_3D('',#3604,#3605,#3606);
#3604=CARTESIAN_POINT('',(13.7335898384862,-0.32,6.12679491924311));
#3605=DIRECTION('',(-1.8151898764984E-016,-0.965925826289069,0.25881904510252));
#3606=DIRECTION('',(1.,0.,7.01335512531312E-016));
#3607=FACE_BOUND('',#3608,.T.);
#3608=EDGE_LOOP('',(#5060,#5061,#5062,#5063));
#3609=PLANE('',#3610);
#3610=AXIS2_PLACEMENT_3D('',#3611,#3612,#3613);
#3611=CARTESIAN_POINT('',(14.68,1.26641016151378,6.12679491924311));
#3612=DIRECTION('',(-0.965925826289069,1.81518987649839E-016,0.258819045102518));
#3613=DIRECTION('',(3.76053679555885E-032,-1.,7.01335512531312E-016));
#3614=FACE_BOUND('',#3615,.T.);
#3615=EDGE_LOOP('',(#5064,#5065,#5066,#5067));
#3616=PLANE('',#3617);
#3617=AXIS2_PLACEMENT_3D('',#3618,#3619,#3620);
#3618=CARTESIAN_POINT('',(18.7664101615138,0.32,6.12679491924311));
#3619=DIRECTION('',(1.8151898764984E-016,0.965925826289069,0.25881904510252));
#3620=DIRECTION('',(-1.,0.,7.01335512531312E-016));
#3621=FACE_BOUND('',#3622,.T.);
#3622=EDGE_LOOP('',(#5068,#5069,#5070,#5071));
#3623=PLANE('',#3624);
#3624=AXIS2_PLACEMENT_3D('',#3625,#3626,#3627);
#3625=CARTESIAN_POINT('',(17.82,-1.26641016151378,6.12679491924311));
#3626=DIRECTION('',(0.965925826289068,-1.81518987649842E-016,0.258819045102522));
#3627=DIRECTION('',(-3.76053679555885E-032,1.,7.01335512531312E-016));
#3628=FACE_BOUND('',#3629,.T.);
#3629=EDGE_LOOP('',(#5072,#5073,#5074,#5075));
#3630=PLANE('',#3631);
#3631=AXIS2_PLACEMENT_3D('',#3632,#3633,#3634);
#3632=CARTESIAN_POINT('',(16.2335898384862,-0.32,6.12679491924311));
#3633=DIRECTION('',(-1.8151898764984E-016,-0.965925826289069,0.25881904510252));
#3634=DIRECTION('',(1.,0.,7.01335512531312E-016));
#3635=FACE_BOUND('',#3636,.T.);
#3636=EDGE_LOOP('',(#5076,#5077,#5078,#5079));
#3637=PLANE('',#3638);
#3638=AXIS2_PLACEMENT_3D('',#3639,#3640,#3641);
#3639=CARTESIAN_POINT('',(17.18,1.26641016151378,6.12679491924311));
#3640=DIRECTION('',(-0.965925826289068,1.81518987649842E-016,0.258819045102522));
#3641=DIRECTION('',(3.76053679555885E-032,-1.,7.01335512531312E-016));
#3642=FACE_BOUND('',#3643,.T.);
#3643=EDGE_LOOP('',(#5080,#5081,#5082,#5083));
#3644=PLANE('',#3645);
#3645=AXIS2_PLACEMENT_3D('',#3646,#3647,#3648);
#3646=CARTESIAN_POINT('',(21.2664101615138,0.32,6.12679491924311));
#3647=DIRECTION('',(1.8151898764984E-016,0.965925826289069,0.25881904510252));
#3648=DIRECTION('',(-1.,0.,7.01335512531312E-016));
#3649=FACE_BOUND('',#3650,.T.);
#3650=EDGE_LOOP('',(#5084,#5085,#5086,#5087));
#3651=PLANE('',#3652);
#3652=AXIS2_PLACEMENT_3D('',#3653,#3654,#3655);
#3653=CARTESIAN_POINT('',(20.32,-1.26641016151378,6.12679491924311));
#3654=DIRECTION('',(0.965925826289068,-1.81518987649842E-016,0.258819045102522));
#3655=DIRECTION('',(-3.76053679555885E-032,1.,7.01335512531312E-016));
#3656=FACE_BOUND('',#3657,.T.);
#3657=EDGE_LOOP('',(#5088,#5089,#5090,#5091));
#3658=PLANE('',#3659);
#3659=AXIS2_PLACEMENT_3D('',#3660,#3661,#3662);
#3660=CARTESIAN_POINT('',(18.7335898384862,-0.32,6.12679491924311));
#3661=DIRECTION('',(-1.8151898764984E-016,-0.965925826289069,0.25881904510252));
#3662=DIRECTION('',(1.,0.,7.01335512531312E-016));
#3663=FACE_BOUND('',#3664,.T.);
#3664=EDGE_LOOP('',(#5092,#5093,#5094,#5095));
#3665=PLANE('',#3666);
#3666=AXIS2_PLACEMENT_3D('',#3667,#3668,#3669);
#3667=CARTESIAN_POINT('',(19.68,1.26641016151378,6.12679491924311));
#3668=DIRECTION('',(-0.965925826289068,1.81518987649842E-016,0.258819045102522));
#3669=DIRECTION('',(3.76053679555885E-032,-1.,7.01335512531312E-016));
#3670=FACE_BOUND('',#3671,.T.);
#3671=EDGE_LOOP('',(#5096,#5097,#5098,#5099));
#3672=PLANE('',#3673);
#3673=AXIS2_PLACEMENT_3D('',#3674,#3675,#3676);
#3674=CARTESIAN_POINT('',(23.7664101615138,0.32,6.12679491924311));
#3675=DIRECTION('',(1.8151898764984E-016,0.965925826289069,0.25881904510252));
#3676=DIRECTION('',(-1.,0.,7.01335512531312E-016));
#3677=FACE_BOUND('',#3678,.T.);
#3678=EDGE_LOOP('',(#5100,#5101,#5102,#5103));
#3679=PLANE('',#3680);
#3680=AXIS2_PLACEMENT_3D('',#3681,#3682,#3683);
#3681=CARTESIAN_POINT('',(22.82,-1.26641016151378,6.12679491924311));
#3682=DIRECTION('',(0.965925826289068,-1.81518987649842E-016,0.258819045102522));
#3683=DIRECTION('',(-3.76053679555885E-032,1.,7.01335512531312E-016));
#3684=FACE_BOUND('',#3685,.T.);
#3685=EDGE_LOOP('',(#5104,#5105,#5106,#5107));
#3686=PLANE('',#3687);
#3687=AXIS2_PLACEMENT_3D('',#3688,#3689,#3690);
#3688=CARTESIAN_POINT('',(21.2335898384862,-0.32,6.12679491924311));
#3689=DIRECTION('',(-1.8151898764984E-016,-0.965925826289069,0.25881904510252));
#3690=DIRECTION('',(1.,0.,7.01335512531312E-016));
#3691=FACE_BOUND('',#3692,.T.);
#3692=EDGE_LOOP('',(#5108,#5109,#5110,#5111));
#3693=PLANE('',#3694);
#3694=AXIS2_PLACEMENT_3D('',#3695,#3696,#3697);
#3695=CARTESIAN_POINT('',(22.18,1.26641016151378,6.12679491924311));
#3696=DIRECTION('',(-0.965925826289068,1.81518987649842E-016,0.258819045102522));
#3697=DIRECTION('',(3.76053679555885E-032,-1.,7.01335512531312E-016));
#3698=FACE_BOUND('',#3699,.T.);
#3699=EDGE_LOOP('',(#5112,#5113,#5114,#5115));
#3700=PLANE('',#3701);
#3701=AXIS2_PLACEMENT_3D('',#3702,#3703,#3704);
#3702=CARTESIAN_POINT('',(1.26641016151378,0.32,6.12679491924311));
#3703=DIRECTION('',(0.,0.965925826289068,0.258819045102522));
#3704=DIRECTION('',(-1.,0.,0.));
#3705=FACE_BOUND('',#3706,.T.);
#3706=EDGE_LOOP('',(#5116,#5117,#5118,#5119));
#3707=PLANE('',#3708);
#3708=AXIS2_PLACEMENT_3D('',#3709,#3710,#3711);
#3709=CARTESIAN_POINT('',(0.32,-1.26641016151378,6.12679491924311));
#3710=DIRECTION('',(0.965925826289069,-1.8151898764984E-016,0.258819045102519));
#3711=DIRECTION('',(3.76053679555885E-032,1.,7.01335512531312E-016));
#3712=FACE_BOUND('',#3713,.T.);
#3713=EDGE_LOOP('',(#5120,#5121,#5122,#5123));
#3714=PLANE('',#3715);
#3715=AXIS2_PLACEMENT_3D('',#3716,#3717,#3718);
#3716=CARTESIAN_POINT('',(-1.26641016151378,-0.32,6.12679491924311));
#3717=DIRECTION('',(0.,-0.965925826289068,0.258819045102522));
#3718=DIRECTION('',(1.,0.,0.));
#3719=FACE_BOUND('',#3720,.T.);
#3720=EDGE_LOOP('',(#5124,#5125,#5126,#5127));
#3721=PLANE('',#3722);
#3722=AXIS2_PLACEMENT_3D('',#3723,#3724,#3725);
#3723=CARTESIAN_POINT('',(-0.32,1.26641016151378,6.12679491924311));
#3724=DIRECTION('',(-0.965925826289069,1.8151898764984E-016,0.258819045102519));
#3725=DIRECTION('',(-3.76053679555885E-032,-1.,7.01335512531312E-016));
#3726=FACE_BOUND('',#3727,.T.);
#3727=EDGE_LOOP('',(#5128,#5129,#5130,#5131));
#3728=PLANE('',#3729);
#3729=AXIS2_PLACEMENT_3D('',#3730,#3731,#3732);
#3730=CARTESIAN_POINT('',(1.26641016151378,0.32,-3.12679491924311));
#3731=DIRECTION('',(0.,-0.965925826289068,0.258819045102521));
#3732=DIRECTION('',(-1.,0.,0.));
#3733=FACE_BOUND('',#3734,.T.);
#3734=EDGE_LOOP('',(#5132,#5133,#5134,#5135));
#3735=PLANE('',#3736);
#3736=AXIS2_PLACEMENT_3D('',#3737,#3738,#3739);
#3737=CARTESIAN_POINT('',(-0.32,1.26641016151378,-3.12679491924311));
#3738=DIRECTION('',(0.965925826289068,0.,0.258819045102521));
#3739=DIRECTION('',(0.,-1.,0.));
#3740=FACE_BOUND('',#3741,.T.);
#3741=EDGE_LOOP('',(#5136,#5137,#5138,#5139));
#3742=PLANE('',#3743);
#3743=AXIS2_PLACEMENT_3D('',#3744,#3745,#3746);
#3744=CARTESIAN_POINT('',(-1.26641016151378,-0.32,-3.12679491924311));
#3745=DIRECTION('',(-0.,0.965925826289068,0.258819045102521));
#3746=DIRECTION('',(1.,0.,0.));
#3747=FACE_BOUND('',#3748,.T.);
#3748=EDGE_LOOP('',(#5140,#5141,#5142,#5143));
#3749=PLANE('',#3750);
#3750=AXIS2_PLACEMENT_3D('',#3751,#3752,#3753);
#3751=CARTESIAN_POINT('',(0.32,-1.26641016151378,-3.12679491924311));
#3752=DIRECTION('',(-0.965925826289068,0.,0.258819045102521));
#3753=DIRECTION('',(0.,1.,0.));
#3754=FACE_BOUND('',#3755,.T.);
#3755=EDGE_LOOP('',(#5144,#5145,#5146,#5147));
#3756=PLANE('',#3757);
#3757=AXIS2_PLACEMENT_3D('',#3758,#3759,#3760);
#3758=CARTESIAN_POINT('',(3.76641016151378,0.32,-3.12679491924311));
#3759=DIRECTION('',(0.,-0.965925826289068,0.258819045102521));
#3760=DIRECTION('',(-1.,0.,0.));
#3761=FACE_BOUND('',#3762,.T.);
#3762=EDGE_LOOP('',(#5148,#5149,#5150,#5151));
#3763=PLANE('',#3764);
#3764=AXIS2_PLACEMENT_3D('',#3765,#3766,#3767);
#3765=CARTESIAN_POINT('',(2.18,1.26641016151378,-3.12679491924311));
#3766=DIRECTION('',(0.965925826289068,0.,0.258819045102521));
#3767=DIRECTION('',(0.,-1.,0.));
#3768=FACE_BOUND('',#3769,.T.);
#3769=EDGE_LOOP('',(#5152,#5153,#5154,#5155));
#3770=PLANE('',#3771);
#3771=AXIS2_PLACEMENT_3D('',#3772,#3773,#3774);
#3772=CARTESIAN_POINT('',(1.23358983848622,-0.32,-3.12679491924311));
#3773=DIRECTION('',(-0.,0.965925826289068,0.258819045102521));
#3774=DIRECTION('',(1.,0.,0.));
#3775=FACE_BOUND('',#3776,.T.);
#3776=EDGE_LOOP('',(#5156,#5157,#5158,#5159));
#3777=PLANE('',#3778);
#3778=AXIS2_PLACEMENT_3D('',#3779,#3780,#3781);
#3779=CARTESIAN_POINT('',(2.82,-1.26641016151378,-3.12679491924311));
#3780=DIRECTION('',(-0.965925826289068,0.,0.258819045102521));
#3781=DIRECTION('',(0.,1.,0.));
#3782=FACE_BOUND('',#3783,.T.);
#3783=EDGE_LOOP('',(#5160,#5161,#5162,#5163));
#3784=PLANE('',#3785);
#3785=AXIS2_PLACEMENT_3D('',#3786,#3787,#3788);
#3786=CARTESIAN_POINT('',(6.26641016151378,0.32,-3.12679491924311));
#3787=DIRECTION('',(0.,-0.965925826289068,0.258819045102521));
#3788=DIRECTION('',(-1.,0.,0.));
#3789=FACE_BOUND('',#3790,.T.);
#3790=EDGE_LOOP('',(#5164,#5165,#5166,#5167));
#3791=PLANE('',#3792);
#3792=AXIS2_PLACEMENT_3D('',#3793,#3794,#3795);
#3793=CARTESIAN_POINT('',(4.68,1.26641016151378,-3.12679491924311));
#3794=DIRECTION('',(0.965925826289069,0.,0.25881904510252));
#3795=DIRECTION('',(0.,-1.,0.));
#3796=FACE_BOUND('',#3797,.T.);
#3797=EDGE_LOOP('',(#5168,#5169,#5170,#5171));
#3798=PLANE('',#3799);
#3799=AXIS2_PLACEMENT_3D('',#3800,#3801,#3802);
#3800=CARTESIAN_POINT('',(3.73358983848622,-0.32,-3.12679491924311));
#3801=DIRECTION('',(-0.,0.965925826289068,0.258819045102521));
#3802=DIRECTION('',(1.,0.,0.));
#3803=FACE_BOUND('',#3804,.T.);
#3804=EDGE_LOOP('',(#5172,#5173,#5174,#5175));
#3805=PLANE('',#3806);
#3806=AXIS2_PLACEMENT_3D('',#3807,#3808,#3809);
#3807=CARTESIAN_POINT('',(5.32,-1.26641016151378,-3.12679491924311));
#3808=DIRECTION('',(-0.965925826289069,0.,0.25881904510252));
#3809=DIRECTION('',(0.,1.,0.));
#3810=FACE_BOUND('',#3811,.T.);
#3811=EDGE_LOOP('',(#5176,#5177,#5178,#5179));
#3812=PLANE('',#3813);
#3813=AXIS2_PLACEMENT_3D('',#3814,#3815,#3816);
#3814=CARTESIAN_POINT('',(8.76641016151378,0.32,-3.12679491924311));
#3815=DIRECTION('',(0.,-0.965925826289068,0.258819045102521));
#3816=DIRECTION('',(-1.,0.,0.));
#3817=FACE_BOUND('',#3818,.T.);
#3818=EDGE_LOOP('',(#5180,#5181,#5182,#5183));
#3819=PLANE('',#3820);
#3820=AXIS2_PLACEMENT_3D('',#3821,#3822,#3823);
#3821=CARTESIAN_POINT('',(7.18,1.26641016151378,-3.12679491924311));
#3822=DIRECTION('',(0.965925826289069,0.,0.25881904510252));
#3823=DIRECTION('',(0.,-1.,0.));
#3824=FACE_BOUND('',#3825,.T.);
#3825=EDGE_LOOP('',(#5184,#5185,#5186,#5187));
#3826=PLANE('',#3827);
#3827=AXIS2_PLACEMENT_3D('',#3828,#3829,#3830);
#3828=CARTESIAN_POINT('',(6.23358983848622,-0.32,-3.12679491924311));
#3829=DIRECTION('',(-0.,0.965925826289068,0.258819045102521));
#3830=DIRECTION('',(1.,0.,0.));
#3831=FACE_BOUND('',#3832,.T.);
#3832=EDGE_LOOP('',(#5188,#5189,#5190,#5191));
#3833=PLANE('',#3834);
#3834=AXIS2_PLACEMENT_3D('',#3835,#3836,#3837);
#3835=CARTESIAN_POINT('',(7.82,-1.26641016151378,-3.12679491924311));
#3836=DIRECTION('',(-0.965925826289069,0.,0.25881904510252));
#3837=DIRECTION('',(0.,1.,0.));
#3838=FACE_BOUND('',#3839,.T.);
#3839=EDGE_LOOP('',(#5192,#5193,#5194,#5195));
#3840=PLANE('',#3841);
#3841=AXIS2_PLACEMENT_3D('',#3842,#3843,#3844);
#3842=CARTESIAN_POINT('',(11.2664101615138,0.32,-3.12679491924311));
#3843=DIRECTION('',(0.,-0.965925826289068,0.258819045102521));
#3844=DIRECTION('',(-1.,0.,0.));
#3845=FACE_BOUND('',#3846,.T.);
#3846=EDGE_LOOP('',(#5196,#5197,#5198,#5199));
#3847=PLANE('',#3848);
#3848=AXIS2_PLACEMENT_3D('',#3849,#3850,#3851);
#3849=CARTESIAN_POINT('',(9.68,1.26641016151378,-3.12679491924311));
#3850=DIRECTION('',(0.965925826289069,0.,0.25881904510252));
#3851=DIRECTION('',(0.,-1.,0.));
#3852=FACE_BOUND('',#3853,.T.);
#3853=EDGE_LOOP('',(#5200,#5201,#5202,#5203));
#3854=PLANE('',#3855);
#3855=AXIS2_PLACEMENT_3D('',#3856,#3857,#3858);
#3856=CARTESIAN_POINT('',(8.73358983848622,-0.32,-3.12679491924311));
#3857=DIRECTION('',(-0.,0.965925826289068,0.258819045102521));
#3858=DIRECTION('',(1.,0.,0.));
#3859=FACE_BOUND('',#3860,.T.);
#3860=EDGE_LOOP('',(#5204,#5205,#5206,#5207));
#3861=PLANE('',#3862);
#3862=AXIS2_PLACEMENT_3D('',#3863,#3864,#3865);
#3863=CARTESIAN_POINT('',(10.32,-1.26641016151378,-3.12679491924311));
#3864=DIRECTION('',(-0.965925826289069,0.,0.25881904510252));
#3865=DIRECTION('',(0.,1.,0.));
#3866=FACE_BOUND('',#3867,.T.);
#3867=EDGE_LOOP('',(#5208,#5209,#5210,#5211));
#3868=PLANE('',#3869);
#3869=AXIS2_PLACEMENT_3D('',#3870,#3871,#3872);
#3870=CARTESIAN_POINT('',(13.7664101615138,0.32,-3.12679491924311));
#3871=DIRECTION('',(0.,-0.965925826289068,0.258819045102521));
#3872=DIRECTION('',(-1.,0.,0.));
#3873=FACE_BOUND('',#3874,.T.);
#3874=EDGE_LOOP('',(#5212,#5213,#5214,#5215));
#3875=PLANE('',#3876);
#3876=AXIS2_PLACEMENT_3D('',#3877,#3878,#3879);
#3877=CARTESIAN_POINT('',(12.18,1.26641016151378,-3.12679491924311));
#3878=DIRECTION('',(0.965925826289069,0.,0.25881904510252));
#3879=DIRECTION('',(0.,-1.,0.));
#3880=FACE_BOUND('',#3881,.T.);
#3881=EDGE_LOOP('',(#5216,#5217,#5218,#5219));
#3882=PLANE('',#3883);
#3883=AXIS2_PLACEMENT_3D('',#3884,#3885,#3886);
#3884=CARTESIAN_POINT('',(11.2335898384862,-0.32,-3.12679491924311));
#3885=DIRECTION('',(-0.,0.965925826289068,0.258819045102521));
#3886=DIRECTION('',(1.,0.,0.));
#3887=FACE_BOUND('',#3888,.T.);
#3888=EDGE_LOOP('',(#5220,#5221,#5222,#5223));
#3889=PLANE('',#3890);
#3890=AXIS2_PLACEMENT_3D('',#3891,#3892,#3893);
#3891=CARTESIAN_POINT('',(12.82,-1.26641016151378,-3.12679491924311));
#3892=DIRECTION('',(-0.965925826289069,0.,0.25881904510252));
#3893=DIRECTION('',(0.,1.,0.));
#3894=FACE_BOUND('',#3895,.T.);
#3895=EDGE_LOOP('',(#5224,#5225,#5226,#5227));
#3896=PLANE('',#3897);
#3897=AXIS2_PLACEMENT_3D('',#3898,#3899,#3900);
#3898=CARTESIAN_POINT('',(16.2664101615138,0.32,-3.12679491924311));
#3899=DIRECTION('',(0.,-0.965925826289068,0.258819045102521));
#3900=DIRECTION('',(-1.,0.,0.));
#3901=FACE_BOUND('',#3902,.T.);
#3902=EDGE_LOOP('',(#5228,#5229,#5230,#5231));
#3903=PLANE('',#3904);
#3904=AXIS2_PLACEMENT_3D('',#3905,#3906,#3907);
#3905=CARTESIAN_POINT('',(14.68,1.26641016151378,-3.12679491924311));
#3906=DIRECTION('',(0.965925826289069,0.,0.25881904510252));
#3907=DIRECTION('',(0.,-1.,0.));
#3908=FACE_BOUND('',#3909,.T.);
#3909=EDGE_LOOP('',(#5232,#5233,#5234,#5235));
#3910=PLANE('',#3911);
#3911=AXIS2_PLACEMENT_3D('',#3912,#3913,#3914);
#3912=CARTESIAN_POINT('',(13.7335898384862,-0.32,-3.12679491924311));
#3913=DIRECTION('',(-0.,0.965925826289068,0.258819045102521));
#3914=DIRECTION('',(1.,0.,0.));
#3915=FACE_BOUND('',#3916,.T.);
#3916=EDGE_LOOP('',(#5236,#5237,#5238,#5239));
#3917=PLANE('',#3918);
#3918=AXIS2_PLACEMENT_3D('',#3919,#3920,#3921);
#3919=CARTESIAN_POINT('',(15.32,-1.26641016151378,-3.12679491924311));
#3920=DIRECTION('',(-0.965925826289069,0.,0.25881904510252));
#3921=DIRECTION('',(0.,1.,0.));
#3922=FACE_BOUND('',#3923,.T.);
#3923=EDGE_LOOP('',(#5240,#5241,#5242,#5243));
#3924=PLANE('',#3925);
#3925=AXIS2_PLACEMENT_3D('',#3926,#3927,#3928);
#3926=CARTESIAN_POINT('',(18.7664101615138,0.32,-3.12679491924311));
#3927=DIRECTION('',(0.,-0.965925826289068,0.258819045102521));
#3928=DIRECTION('',(-1.,0.,0.));
#3929=FACE_BOUND('',#3930,.T.);
#3930=EDGE_LOOP('',(#5244,#5245,#5246,#5247));
#3931=PLANE('',#3932);
#3932=AXIS2_PLACEMENT_3D('',#3933,#3934,#3935);
#3933=CARTESIAN_POINT('',(17.18,1.26641016151378,-3.12679491924311));
#3934=DIRECTION('',(0.965925826289067,0.,0.258819045102524));
#3935=DIRECTION('',(0.,-1.,0.));
#3936=FACE_BOUND('',#3937,.T.);
#3937=EDGE_LOOP('',(#5248,#5249,#5250,#5251));
#3938=PLANE('',#3939);
#3939=AXIS2_PLACEMENT_3D('',#3940,#3941,#3942);
#3940=CARTESIAN_POINT('',(16.2335898384862,-0.32,-3.12679491924311));
#3941=DIRECTION('',(-0.,0.965925826289068,0.258819045102521));
#3942=DIRECTION('',(1.,0.,0.));
#3943=FACE_BOUND('',#3944,.T.);
#3944=EDGE_LOOP('',(#5252,#5253,#5254,#5255));
#3945=PLANE('',#3946);
#3946=AXIS2_PLACEMENT_3D('',#3947,#3948,#3949);
#3947=CARTESIAN_POINT('',(17.82,-1.26641016151378,-3.12679491924311));
#3948=DIRECTION('',(-0.965925826289067,0.,0.258819045102524));
#3949=DIRECTION('',(0.,1.,0.));
#3950=FACE_BOUND('',#3951,.T.);
#3951=EDGE_LOOP('',(#5256,#5257,#5258,#5259));
#3952=PLANE('',#3953);
#3953=AXIS2_PLACEMENT_3D('',#3954,#3955,#3956);
#3954=CARTESIAN_POINT('',(21.2664101615138,0.32,-3.12679491924311));
#3955=DIRECTION('',(0.,-0.965925826289068,0.258819045102521));
#3956=DIRECTION('',(-1.,0.,0.));
#3957=FACE_BOUND('',#3958,.T.);
#3958=EDGE_LOOP('',(#5260,#5261,#5262,#5263));
#3959=PLANE('',#3960);
#3960=AXIS2_PLACEMENT_3D('',#3961,#3962,#3963);
#3961=CARTESIAN_POINT('',(19.68,1.26641016151378,-3.12679491924311));
#3962=DIRECTION('',(0.965925826289067,0.,0.258819045102524));
#3963=DIRECTION('',(0.,-1.,0.));
#3964=FACE_BOUND('',#3965,.T.);
#3965=EDGE_LOOP('',(#5264,#5265,#5266,#5267));
#3966=PLANE('',#3967);
#3967=AXIS2_PLACEMENT_3D('',#3968,#3969,#3970);
#3968=CARTESIAN_POINT('',(18.7335898384862,-0.32,-3.12679491924311));
#3969=DIRECTION('',(-0.,0.965925826289068,0.258819045102521));
#3970=DIRECTION('',(1.,0.,0.));
#3971=FACE_BOUND('',#3972,.T.);
#3972=EDGE_LOOP('',(#5268,#5269,#5270,#5271));
#3973=PLANE('',#3974);
#3974=AXIS2_PLACEMENT_3D('',#3975,#3976,#3977);
#3975=CARTESIAN_POINT('',(20.32,-1.26641016151378,-3.12679491924311));
#3976=DIRECTION('',(-0.965925826289067,0.,0.258819045102524));
#3977=DIRECTION('',(0.,1.,0.));
#3978=FACE_BOUND('',#3979,.T.);
#3979=EDGE_LOOP('',(#5272,#5273,#5274,#5275));
#3980=PLANE('',#3981);
#3981=AXIS2_PLACEMENT_3D('',#3982,#3983,#3984);
#3982=CARTESIAN_POINT('',(23.7664101615138,0.32,-3.12679491924311));
#3983=DIRECTION('',(0.,-0.965925826289068,0.258819045102521));
#3984=DIRECTION('',(-1.,0.,0.));
#3985=FACE_BOUND('',#3986,.T.);
#3986=EDGE_LOOP('',(#5276,#5277,#5278,#5279));
#3987=PLANE('',#3988);
#3988=AXIS2_PLACEMENT_3D('',#3989,#3990,#3991);
#3989=CARTESIAN_POINT('',(22.18,1.26641016151378,-3.12679491924311));
#3990=DIRECTION('',(0.965925826289067,0.,0.258819045102524));
#3991=DIRECTION('',(0.,-1.,0.));
#3992=FACE_BOUND('',#3993,.T.);
#3993=EDGE_LOOP('',(#5280,#5281,#5282,#5283));
#3994=PLANE('',#3995);
#3995=AXIS2_PLACEMENT_3D('',#3996,#3997,#3998);
#3996=CARTESIAN_POINT('',(21.2335898384862,-0.32,-3.12679491924311));
#3997=DIRECTION('',(-0.,0.965925826289068,0.258819045102521));
#3998=DIRECTION('',(1.,0.,0.));
#3999=FACE_BOUND('',#4000,.T.);
#4000=EDGE_LOOP('',(#5284,#5285,#5286,#5287));
#4001=PLANE('',#4002);
#4002=AXIS2_PLACEMENT_3D('',#4003,#4004,#4005);
#4003=CARTESIAN_POINT('',(22.82,-1.26641016151378,-3.12679491924311));
#4004=DIRECTION('',(-0.965925826289067,0.,0.258819045102524));
#4005=DIRECTION('',(0.,1.,0.));
#4006=FACE_BOUND('',#4007,.T.);
#4007=EDGE_LOOP('',(#5288,#5289,#5290,#5291));
#4008=PLANE('',#4009);
#4009=AXIS2_PLACEMENT_3D('',#4010,#4011,#4012);
#4010=CARTESIAN_POINT('',(2.5,0.,6.5));
#4011=DIRECTION('',(0.,0.,1.));
#4012=DIRECTION('',(1.,0.,0.));
#4013=FACE_BOUND('',#4014,.T.);
#4014=EDGE_LOOP('',(#5292,#5293,#5294,#5295));
#4015=PLANE('',#4016);
#4016=AXIS2_PLACEMENT_3D('',#4017,#4018,#4019);
#4017=CARTESIAN_POINT('',(5.,0.,6.5));
#4018=DIRECTION('',(0.,0.,1.));
#4019=DIRECTION('',(1.,0.,0.));
#4020=FACE_BOUND('',#4021,.T.);
#4021=EDGE_LOOP('',(#5296,#5297,#5298,#5299));
#4022=PLANE('',#4023);
#4023=AXIS2_PLACEMENT_3D('',#4024,#4025,#4026);
#4024=CARTESIAN_POINT('',(7.5,0.,6.5));
#4025=DIRECTION('',(0.,0.,1.));
#4026=DIRECTION('',(1.,0.,0.));
#4027=FACE_BOUND('',#4028,.T.);
#4028=EDGE_LOOP('',(#5300,#5301,#5302,#5303));
#4029=PLANE('',#4030);
#4030=AXIS2_PLACEMENT_3D('',#4031,#4032,#4033);
#4031=CARTESIAN_POINT('',(10.,0.,6.5));
#4032=DIRECTION('',(0.,0.,1.));
#4033=DIRECTION('',(1.,0.,0.));
#4034=FACE_BOUND('',#4035,.T.);
#4035=EDGE_LOOP('',(#5304,#5305,#5306,#5307));
#4036=PLANE('',#4037);
#4037=AXIS2_PLACEMENT_3D('',#4038,#4039,#4040);
#4038=CARTESIAN_POINT('',(12.5,0.,6.5));
#4039=DIRECTION('',(0.,0.,1.));
#4040=DIRECTION('',(1.,0.,0.));
#4041=FACE_BOUND('',#4042,.T.);
#4042=EDGE_LOOP('',(#5308,#5309,#5310,#5311));
#4043=PLANE('',#4044);
#4044=AXIS2_PLACEMENT_3D('',#4045,#4046,#4047);
#4045=CARTESIAN_POINT('',(15.,0.,6.5));
#4046=DIRECTION('',(0.,0.,1.));
#4047=DIRECTION('',(1.,0.,0.));
#4048=FACE_BOUND('',#4049,.T.);
#4049=EDGE_LOOP('',(#5312,#5313,#5314,#5315));
#4050=PLANE('',#4051);
#4051=AXIS2_PLACEMENT_3D('',#4052,#4053,#4054);
#4052=CARTESIAN_POINT('',(17.5,0.,6.5));
#4053=DIRECTION('',(0.,0.,1.));
#4054=DIRECTION('',(1.,0.,0.));
#4055=FACE_BOUND('',#4056,.T.);
#4056=EDGE_LOOP('',(#5316,#5317,#5318,#5319));
#4057=PLANE('',#4058);
#4058=AXIS2_PLACEMENT_3D('',#4059,#4060,#4061);
#4059=CARTESIAN_POINT('',(20.,0.,6.5));
#4060=DIRECTION('',(0.,0.,1.));
#4061=DIRECTION('',(1.,0.,0.));
#4062=FACE_BOUND('',#4063,.T.);
#4063=EDGE_LOOP('',(#5320,#5321,#5322,#5323));
#4064=PLANE('',#4065);
#4065=AXIS2_PLACEMENT_3D('',#4066,#4067,#4068);
#4066=CARTESIAN_POINT('',(22.5,0.,6.5));
#4067=DIRECTION('',(0.,0.,1.));
#4068=DIRECTION('',(1.,0.,0.));
#4069=FACE_BOUND('',#4070,.T.);
#4070=EDGE_LOOP('',(#5324,#5325,#5326,#5327));
#4071=PLANE('',#4072);
#4072=AXIS2_PLACEMENT_3D('',#4073,#4074,#4075);
#4073=CARTESIAN_POINT('',(0.,0.,6.5));
#4074=DIRECTION('',(0.,0.,1.));
#4075=DIRECTION('',(1.,0.,0.));
#4076=FACE_BOUND('',#4077,.T.);
#4077=EDGE_LOOP('',(#5328,#5329,#5330,#5331));
#4078=PLANE('',#4079);
#4079=AXIS2_PLACEMENT_3D('',#4080,#4081,#4082);
#4080=CARTESIAN_POINT('',(0.,0.,-3.5));
#4081=DIRECTION('',(0.,0.,1.));
#4082=DIRECTION('',(1.,0.,0.));
#4083=FACE_BOUND('',#4084,.T.);
#4084=EDGE_LOOP('',(#5332,#5333,#5334,#5335));
#4085=PLANE('',#4086);
#4086=AXIS2_PLACEMENT_3D('',#4087,#4088,#4089);
#4087=CARTESIAN_POINT('',(2.5,0.,-3.5));
#4088=DIRECTION('',(0.,0.,1.));
#4089=DIRECTION('',(1.,0.,0.));
#4090=FACE_BOUND('',#4091,.T.);
#4091=EDGE_LOOP('',(#5336,#5337,#5338,#5339));
#4092=PLANE('',#4093);
#4093=AXIS2_PLACEMENT_3D('',#4094,#4095,#4096);
#4094=CARTESIAN_POINT('',(5.,0.,-3.5));
#4095=DIRECTION('',(0.,0.,1.));
#4096=DIRECTION('',(1.,0.,0.));
#4097=FACE_BOUND('',#4098,.T.);
#4098=EDGE_LOOP('',(#5340,#5341,#5342,#5343));
#4099=PLANE('',#4100);
#4100=AXIS2_PLACEMENT_3D('',#4101,#4102,#4103);
#4101=CARTESIAN_POINT('',(7.5,0.,-3.5));
#4102=DIRECTION('',(0.,0.,1.));
#4103=DIRECTION('',(1.,0.,0.));
#4104=FACE_BOUND('',#4105,.T.);
#4105=EDGE_LOOP('',(#5344,#5345,#5346,#5347));
#4106=PLANE('',#4107);
#4107=AXIS2_PLACEMENT_3D('',#4108,#4109,#4110);
#4108=CARTESIAN_POINT('',(10.,0.,-3.5));
#4109=DIRECTION('',(0.,0.,1.));
#4110=DIRECTION('',(1.,0.,0.));
#4111=FACE_BOUND('',#4112,.T.);
#4112=EDGE_LOOP('',(#5348,#5349,#5350,#5351));
#4113=PLANE('',#4114);
#4114=AXIS2_PLACEMENT_3D('',#4115,#4116,#4117);
#4115=CARTESIAN_POINT('',(12.5,0.,-3.5));
#4116=DIRECTION('',(0.,0.,1.));
#4117=DIRECTION('',(1.,0.,0.));
#4118=FACE_BOUND('',#4119,.T.);
#4119=EDGE_LOOP('',(#5352,#5353,#5354,#5355));
#4120=PLANE('',#4121);
#4121=AXIS2_PLACEMENT_3D('',#4122,#4123,#4124);
#4122=CARTESIAN_POINT('',(15.,0.,-3.5));
#4123=DIRECTION('',(0.,0.,1.));
#4124=DIRECTION('',(1.,0.,0.));
#4125=FACE_BOUND('',#4126,.T.);
#4126=EDGE_LOOP('',(#5356,#5357,#5358,#5359));
#4127=PLANE('',#4128);
#4128=AXIS2_PLACEMENT_3D('',#4129,#4130,#4131);
#4129=CARTESIAN_POINT('',(17.5,0.,-3.5));
#4130=DIRECTION('',(0.,0.,1.));
#4131=DIRECTION('',(1.,0.,0.));
#4132=FACE_BOUND('',#4133,.T.);
#4133=EDGE_LOOP('',(#5360,#5361,#5362,#5363));
#4134=PLANE('',#4135);
#4135=AXIS2_PLACEMENT_3D('',#4136,#4137,#4138);
#4136=CARTESIAN_POINT('',(20.,0.,-3.5));
#4137=DIRECTION('',(0.,0.,1.));
#4138=DIRECTION('',(1.,0.,0.));
#4139=FACE_BOUND('',#4140,.T.);
#4140=EDGE_LOOP('',(#5364,#5365,#5366,#5367));
#4141=PLANE('',#4142);
#4142=AXIS2_PLACEMENT_3D('',#4143,#4144,#4145);
#4143=CARTESIAN_POINT('',(22.5,0.,-3.5));
#4144=DIRECTION('',(0.,0.,1.));
#4145=DIRECTION('',(1.,0.,0.));
#4146=ORIENTED_EDGE('',*,*,#5368,.T.);
#4147=ORIENTED_EDGE('',*,*,#5369,.T.);
#4148=ORIENTED_EDGE('',*,*,#5370,.T.);
#4149=ORIENTED_EDGE('',*,*,#5371,.T.);
#4150=ORIENTED_EDGE('',*,*,#5372,.T.);
#4151=ORIENTED_EDGE('',*,*,#5373,.T.);
#4152=ORIENTED_EDGE('',*,*,#5374,.F.);
#4153=ORIENTED_EDGE('',*,*,#5375,.F.);
#4154=ORIENTED_EDGE('',*,*,#5376,.T.);
#4155=ORIENTED_EDGE('',*,*,#5377,.F.);
#4156=ORIENTED_EDGE('',*,*,#5378,.F.);
#4157=ORIENTED_EDGE('',*,*,#5379,.T.);
#4158=ORIENTED_EDGE('',*,*,#5380,.T.);
#4159=ORIENTED_EDGE('',*,*,#5381,.F.);
#4160=ORIENTED_EDGE('',*,*,#5382,.F.);
#4161=ORIENTED_EDGE('',*,*,#5383,.T.);
#4162=ORIENTED_EDGE('',*,*,#5384,.T.);
#4163=ORIENTED_EDGE('',*,*,#5385,.T.);
#4164=ORIENTED_EDGE('',*,*,#5386,.T.);
#4165=ORIENTED_EDGE('',*,*,#5387,.T.);
#4166=ORIENTED_EDGE('',*,*,#5388,.T.);
#4167=ORIENTED_EDGE('',*,*,#5389,.F.);
#4168=ORIENTED_EDGE('',*,*,#5390,.T.);
#4169=ORIENTED_EDGE('',*,*,#5389,.T.);
#4170=ORIENTED_EDGE('',*,*,#5391,.T.);
#4171=ORIENTED_EDGE('',*,*,#5392,.T.);
#4172=ORIENTED_EDGE('',*,*,#5393,.T.);
#4173=ORIENTED_EDGE('',*,*,#5394,.T.);
#4174=ORIENTED_EDGE('',*,*,#5395,.T.);
#4175=ORIENTED_EDGE('',*,*,#5374,.T.);
#4176=ORIENTED_EDGE('',*,*,#5396,.T.);
#4177=ORIENTED_EDGE('',*,*,#5392,.F.);
#4178=ORIENTED_EDGE('',*,*,#5397,.T.);
#4179=ORIENTED_EDGE('',*,*,#5398,.T.);
#4180=ORIENTED_EDGE('',*,*,#5399,.T.);
#4181=ORIENTED_EDGE('',*,*,#5400,.T.);
#4182=ORIENTED_EDGE('',*,*,#5401,.T.);
#4183=ORIENTED_EDGE('',*,*,#5402,.T.);
#4184=ORIENTED_EDGE('',*,*,#5403,.F.);
#4185=ORIENTED_EDGE('',*,*,#5404,.F.);
#4186=ORIENTED_EDGE('',*,*,#5405,.F.);
#4187=ORIENTED_EDGE('',*,*,#5406,.T.);
#4188=ORIENTED_EDGE('',*,*,#5407,.T.);
#4189=ORIENTED_EDGE('',*,*,#5408,.T.);
#4190=ORIENTED_EDGE('',*,*,#5409,.T.);
#4191=ORIENTED_EDGE('',*,*,#5410,.T.);
#4192=ORIENTED_EDGE('',*,*,#5411,.T.);
#4193=ORIENTED_EDGE('',*,*,#5412,.T.);
#4194=ORIENTED_EDGE('',*,*,#5413,.T.);
#4195=ORIENTED_EDGE('',*,*,#5414,.T.);
#4196=ORIENTED_EDGE('',*,*,#5415,.T.);
#4197=ORIENTED_EDGE('',*,*,#5416,.T.);
#4198=ORIENTED_EDGE('',*,*,#5417,.T.);
#4199=ORIENTED_EDGE('',*,*,#5418,.T.);
#4200=ORIENTED_EDGE('',*,*,#5419,.T.);
#4201=ORIENTED_EDGE('',*,*,#5420,.T.);
#4202=ORIENTED_EDGE('',*,*,#5421,.T.);
#4203=ORIENTED_EDGE('',*,*,#5422,.T.);
#4204=ORIENTED_EDGE('',*,*,#5423,.T.);
#4205=ORIENTED_EDGE('',*,*,#5424,.T.);
#4206=ORIENTED_EDGE('',*,*,#5425,.T.);
#4207=ORIENTED_EDGE('',*,*,#5426,.T.);
#4208=ORIENTED_EDGE('',*,*,#5427,.T.);
#4209=ORIENTED_EDGE('',*,*,#5428,.T.);
#4210=ORIENTED_EDGE('',*,*,#5429,.T.);
#4211=ORIENTED_EDGE('',*,*,#5430,.T.);
#4212=ORIENTED_EDGE('',*,*,#5431,.T.);
#4213=ORIENTED_EDGE('',*,*,#5432,.T.);
#4214=ORIENTED_EDGE('',*,*,#5433,.T.);
#4215=ORIENTED_EDGE('',*,*,#5434,.T.);
#4216=ORIENTED_EDGE('',*,*,#5435,.T.);
#4217=ORIENTED_EDGE('',*,*,#5436,.T.);
#4218=ORIENTED_EDGE('',*,*,#5437,.T.);
#4219=ORIENTED_EDGE('',*,*,#5438,.T.);
#4220=ORIENTED_EDGE('',*,*,#5439,.T.);
#4221=ORIENTED_EDGE('',*,*,#5440,.T.);
#4222=ORIENTED_EDGE('',*,*,#5441,.T.);
#4223=ORIENTED_EDGE('',*,*,#5442,.T.);
#4224=ORIENTED_EDGE('',*,*,#5443,.T.);
#4225=ORIENTED_EDGE('',*,*,#5444,.T.);
#4226=ORIENTED_EDGE('',*,*,#5445,.T.);
#4227=ORIENTED_EDGE('',*,*,#5446,.T.);
#4228=ORIENTED_EDGE('',*,*,#5394,.F.);
#4229=ORIENTED_EDGE('',*,*,#5447,.T.);
#4230=ORIENTED_EDGE('',*,*,#5448,.T.);
#4231=ORIENTED_EDGE('',*,*,#5449,.T.);
#4232=ORIENTED_EDGE('',*,*,#5450,.T.);
#4233=ORIENTED_EDGE('',*,*,#5451,.T.);
#4234=ORIENTED_EDGE('',*,*,#5447,.F.);
#4235=ORIENTED_EDGE('',*,*,#5393,.F.);
#4236=ORIENTED_EDGE('',*,*,#5373,.F.);
#4237=ORIENTED_EDGE('',*,*,#5452,.T.);
#4238=ORIENTED_EDGE('',*,*,#5448,.F.);
#4239=ORIENTED_EDGE('',*,*,#5452,.F.);
#4240=ORIENTED_EDGE('',*,*,#5372,.F.);
#4241=ORIENTED_EDGE('',*,*,#5453,.T.);
#4242=ORIENTED_EDGE('',*,*,#5449,.F.);
#4243=ORIENTED_EDGE('',*,*,#5453,.F.);
#4244=ORIENTED_EDGE('',*,*,#5371,.F.);
#4245=ORIENTED_EDGE('',*,*,#5454,.T.);
#4246=ORIENTED_EDGE('',*,*,#5450,.F.);
#4247=ORIENTED_EDGE('',*,*,#5454,.F.);
#4248=ORIENTED_EDGE('',*,*,#5370,.F.);
#4249=ORIENTED_EDGE('',*,*,#5455,.T.);
#4250=ORIENTED_EDGE('',*,*,#5451,.F.);
#4251=ORIENTED_EDGE('',*,*,#5455,.F.);
#4252=ORIENTED_EDGE('',*,*,#5369,.F.);
#4253=ORIENTED_EDGE('',*,*,#5456,.T.);
#4254=ORIENTED_EDGE('',*,*,#5396,.F.);
#4255=ORIENTED_EDGE('',*,*,#5456,.F.);
#4256=ORIENTED_EDGE('',*,*,#5368,.F.);
#4257=ORIENTED_EDGE('',*,*,#5390,.F.);
#4258=ORIENTED_EDGE('',*,*,#5457,.T.);
#4259=ORIENTED_EDGE('',*,*,#5458,.T.);
#4260=ORIENTED_EDGE('',*,*,#5375,.T.);
#4261=ORIENTED_EDGE('',*,*,#5395,.F.);
#4262=ORIENTED_EDGE('',*,*,#5446,.F.);
#4263=ORIENTED_EDGE('',*,*,#5459,.F.);
#4264=ORIENTED_EDGE('',*,*,#5460,.F.);
#4265=ORIENTED_EDGE('',*,*,#5461,.F.);
#4266=ORIENTED_EDGE('',*,*,#5462,.F.);
#4267=ORIENTED_EDGE('',*,*,#5376,.F.);
#4268=ORIENTED_EDGE('',*,*,#5458,.F.);
#4269=ORIENTED_EDGE('',*,*,#5463,.T.);
#4270=ORIENTED_EDGE('',*,*,#5464,.F.);
#4271=ORIENTED_EDGE('',*,*,#5465,.T.);
#4272=ORIENTED_EDGE('',*,*,#5466,.T.);
#4273=ORIENTED_EDGE('',*,*,#5377,.T.);
#4274=ORIENTED_EDGE('',*,*,#5462,.T.);
#4275=ORIENTED_EDGE('',*,*,#5467,.T.);
#4276=ORIENTED_EDGE('',*,*,#5468,.T.);
#4277=ORIENTED_EDGE('',*,*,#5469,.T.);
#4278=ORIENTED_EDGE('',*,*,#5378,.T.);
#4279=ORIENTED_EDGE('',*,*,#5466,.F.);
#4280=ORIENTED_EDGE('',*,*,#5470,.F.);
#4281=ORIENTED_EDGE('',*,*,#5471,.F.);
#4282=ORIENTED_EDGE('',*,*,#5472,.F.);
#4283=ORIENTED_EDGE('',*,*,#5473,.F.);
#4284=ORIENTED_EDGE('',*,*,#5474,.F.);
#4285=ORIENTED_EDGE('',*,*,#5475,.F.);
#4286=ORIENTED_EDGE('',*,*,#5476,.F.);
#4287=ORIENTED_EDGE('',*,*,#5477,.F.);
#4288=ORIENTED_EDGE('',*,*,#5478,.F.);
#4289=ORIENTED_EDGE('',*,*,#5479,.F.);
#4290=ORIENTED_EDGE('',*,*,#5480,.F.);
#4291=ORIENTED_EDGE('',*,*,#5481,.F.);
#4292=ORIENTED_EDGE('',*,*,#5482,.F.);
#4293=ORIENTED_EDGE('',*,*,#5483,.F.);
#4294=ORIENTED_EDGE('',*,*,#5484,.F.);
#4295=ORIENTED_EDGE('',*,*,#5485,.F.);
#4296=ORIENTED_EDGE('',*,*,#5486,.F.);
#4297=ORIENTED_EDGE('',*,*,#5487,.F.);
#4298=ORIENTED_EDGE('',*,*,#5488,.F.);
#4299=ORIENTED_EDGE('',*,*,#5489,.F.);
#4300=ORIENTED_EDGE('',*,*,#5490,.F.);
#4301=ORIENTED_EDGE('',*,*,#5491,.F.);
#4302=ORIENTED_EDGE('',*,*,#5492,.F.);
#4303=ORIENTED_EDGE('',*,*,#5493,.F.);
#4304=ORIENTED_EDGE('',*,*,#5494,.F.);
#4305=ORIENTED_EDGE('',*,*,#5495,.F.);
#4306=ORIENTED_EDGE('',*,*,#5496,.F.);
#4307=ORIENTED_EDGE('',*,*,#5497,.F.);
#4308=ORIENTED_EDGE('',*,*,#5498,.F.);
#4309=ORIENTED_EDGE('',*,*,#5499,.F.);
#4310=ORIENTED_EDGE('',*,*,#5500,.F.);
#4311=ORIENTED_EDGE('',*,*,#5501,.F.);
#4312=ORIENTED_EDGE('',*,*,#5502,.F.);
#4313=ORIENTED_EDGE('',*,*,#5503,.F.);
#4314=ORIENTED_EDGE('',*,*,#5504,.F.);
#4315=ORIENTED_EDGE('',*,*,#5505,.F.);
#4316=ORIENTED_EDGE('',*,*,#5506,.F.);
#4317=ORIENTED_EDGE('',*,*,#5507,.F.);
#4318=ORIENTED_EDGE('',*,*,#5508,.F.);
#4319=ORIENTED_EDGE('',*,*,#5509,.F.);
#4320=ORIENTED_EDGE('',*,*,#5510,.F.);
#4321=ORIENTED_EDGE('',*,*,#5511,.T.);
#4322=ORIENTED_EDGE('',*,*,#5512,.T.);
#4323=ORIENTED_EDGE('',*,*,#5379,.F.);
#4324=ORIENTED_EDGE('',*,*,#5469,.F.);
#4325=ORIENTED_EDGE('',*,*,#5513,.F.);
#4326=ORIENTED_EDGE('',*,*,#5512,.F.);
#4327=ORIENTED_EDGE('',*,*,#5514,.T.);
#4328=ORIENTED_EDGE('',*,*,#5515,.F.);
#4329=ORIENTED_EDGE('',*,*,#5380,.F.);
#4330=ORIENTED_EDGE('',*,*,#5516,.T.);
#4331=ORIENTED_EDGE('',*,*,#5517,.T.);
#4332=ORIENTED_EDGE('',*,*,#5518,.T.);
#4333=ORIENTED_EDGE('',*,*,#5519,.T.);
#4334=ORIENTED_EDGE('',*,*,#5404,.T.);
#4335=ORIENTED_EDGE('',*,*,#5520,.T.);
#4336=ORIENTED_EDGE('',*,*,#5381,.T.);
#4337=ORIENTED_EDGE('',*,*,#5515,.T.);
#4338=ORIENTED_EDGE('',*,*,#5521,.T.);
#4339=ORIENTED_EDGE('',*,*,#5382,.T.);
#4340=ORIENTED_EDGE('',*,*,#5520,.F.);
#4341=ORIENTED_EDGE('',*,*,#5403,.T.);
#4342=ORIENTED_EDGE('',*,*,#5383,.F.);
#4343=ORIENTED_EDGE('',*,*,#5521,.F.);
#4344=ORIENTED_EDGE('',*,*,#5402,.F.);
#4345=ORIENTED_EDGE('',*,*,#5522,.F.);
#4346=ORIENTED_EDGE('',*,*,#5384,.F.);
#4347=ORIENTED_EDGE('',*,*,#5522,.T.);
#4348=ORIENTED_EDGE('',*,*,#5401,.F.);
#4349=ORIENTED_EDGE('',*,*,#5523,.F.);
#4350=ORIENTED_EDGE('',*,*,#5385,.F.);
#4351=ORIENTED_EDGE('',*,*,#5523,.T.);
#4352=ORIENTED_EDGE('',*,*,#5400,.F.);
#4353=ORIENTED_EDGE('',*,*,#5524,.F.);
#4354=ORIENTED_EDGE('',*,*,#5386,.F.);
#4355=ORIENTED_EDGE('',*,*,#5524,.T.);
#4356=ORIENTED_EDGE('',*,*,#5399,.F.);
#4357=ORIENTED_EDGE('',*,*,#5525,.F.);
#4358=ORIENTED_EDGE('',*,*,#5387,.F.);
#4359=ORIENTED_EDGE('',*,*,#5525,.T.);
#4360=ORIENTED_EDGE('',*,*,#5398,.F.);
#4361=ORIENTED_EDGE('',*,*,#5526,.F.);
#4362=ORIENTED_EDGE('',*,*,#5388,.F.);
#4363=ORIENTED_EDGE('',*,*,#5526,.T.);
#4364=ORIENTED_EDGE('',*,*,#5397,.F.);
#4365=ORIENTED_EDGE('',*,*,#5391,.F.);
#4366=ORIENTED_EDGE('',*,*,#5527,.T.);
#4367=ORIENTED_EDGE('',*,*,#5405,.T.);
#4368=ORIENTED_EDGE('',*,*,#5519,.F.);
#4369=ORIENTED_EDGE('',*,*,#5528,.F.);
#4370=ORIENTED_EDGE('',*,*,#5529,.F.);
#4371=ORIENTED_EDGE('',*,*,#5530,.F.);
#4372=ORIENTED_EDGE('',*,*,#5406,.F.);
#4373=ORIENTED_EDGE('',*,*,#5527,.F.);
#4374=ORIENTED_EDGE('',*,*,#5531,.F.);
#4375=ORIENTED_EDGE('',*,*,#5532,.T.);
#4376=ORIENTED_EDGE('',*,*,#5407,.F.);
#4377=ORIENTED_EDGE('',*,*,#5530,.T.);
#4378=ORIENTED_EDGE('',*,*,#5533,.F.);
#4379=ORIENTED_EDGE('',*,*,#5534,.F.);
#4380=ORIENTED_EDGE('',*,*,#5535,.F.);
#4381=ORIENTED_EDGE('',*,*,#5536,.F.);
#4382=ORIENTED_EDGE('',*,*,#5537,.F.);
#4383=ORIENTED_EDGE('',*,*,#5538,.F.);
#4384=ORIENTED_EDGE('',*,*,#5408,.F.);
#4385=ORIENTED_EDGE('',*,*,#5532,.F.);
#4386=ORIENTED_EDGE('',*,*,#5539,.T.);
#4387=ORIENTED_EDGE('',*,*,#5409,.F.);
#4388=ORIENTED_EDGE('',*,*,#5538,.T.);
#4389=ORIENTED_EDGE('',*,*,#5540,.F.);
#4390=ORIENTED_EDGE('',*,*,#5539,.F.);
#4391=ORIENTED_EDGE('',*,*,#5541,.F.);
#4392=ORIENTED_EDGE('',*,*,#5542,.F.);
#4393=ORIENTED_EDGE('',*,*,#5410,.F.);
#4394=ORIENTED_EDGE('',*,*,#5411,.F.);
#4395=ORIENTED_EDGE('',*,*,#5542,.T.);
#4396=ORIENTED_EDGE('',*,*,#5543,.F.);
#4397=ORIENTED_EDGE('',*,*,#5544,.T.);
#4398=ORIENTED_EDGE('',*,*,#5545,.F.);
#4399=ORIENTED_EDGE('',*,*,#5546,.F.);
#4400=ORIENTED_EDGE('',*,*,#5547,.F.);
#4401=ORIENTED_EDGE('',*,*,#5548,.F.);
#4402=ORIENTED_EDGE('',*,*,#5549,.F.);
#4403=ORIENTED_EDGE('',*,*,#5412,.F.);
#4404=ORIENTED_EDGE('',*,*,#5544,.F.);
#4405=ORIENTED_EDGE('',*,*,#5550,.F.);
#4406=ORIENTED_EDGE('',*,*,#5549,.T.);
#4407=ORIENTED_EDGE('',*,*,#5551,.F.);
#4408=ORIENTED_EDGE('',*,*,#5552,.T.);
#4409=ORIENTED_EDGE('',*,*,#5413,.F.);
#4410=ORIENTED_EDGE('',*,*,#5552,.F.);
#4411=ORIENTED_EDGE('',*,*,#5553,.F.);
#4412=ORIENTED_EDGE('',*,*,#5554,.F.);
#4413=ORIENTED_EDGE('',*,*,#5414,.F.);
#4414=ORIENTED_EDGE('',*,*,#5415,.F.);
#4415=ORIENTED_EDGE('',*,*,#5554,.T.);
#4416=ORIENTED_EDGE('',*,*,#5555,.F.);
#4417=ORIENTED_EDGE('',*,*,#5556,.T.);
#4418=ORIENTED_EDGE('',*,*,#5557,.F.);
#4419=ORIENTED_EDGE('',*,*,#5558,.F.);
#4420=ORIENTED_EDGE('',*,*,#5559,.F.);
#4421=ORIENTED_EDGE('',*,*,#5560,.F.);
#4422=ORIENTED_EDGE('',*,*,#5561,.F.);
#4423=ORIENTED_EDGE('',*,*,#5416,.F.);
#4424=ORIENTED_EDGE('',*,*,#5556,.F.);
#4425=ORIENTED_EDGE('',*,*,#5562,.F.);
#4426=ORIENTED_EDGE('',*,*,#5561,.T.);
#4427=ORIENTED_EDGE('',*,*,#5563,.F.);
#4428=ORIENTED_EDGE('',*,*,#5564,.T.);
#4429=ORIENTED_EDGE('',*,*,#5417,.F.);
#4430=ORIENTED_EDGE('',*,*,#5564,.F.);
#4431=ORIENTED_EDGE('',*,*,#5565,.F.);
#4432=ORIENTED_EDGE('',*,*,#5566,.F.);
#4433=ORIENTED_EDGE('',*,*,#5418,.F.);
#4434=ORIENTED_EDGE('',*,*,#5419,.F.);
#4435=ORIENTED_EDGE('',*,*,#5566,.T.);
#4436=ORIENTED_EDGE('',*,*,#5567,.F.);
#4437=ORIENTED_EDGE('',*,*,#5568,.T.);
#4438=ORIENTED_EDGE('',*,*,#5569,.F.);
#4439=ORIENTED_EDGE('',*,*,#5570,.F.);
#4440=ORIENTED_EDGE('',*,*,#5571,.F.);
#4441=ORIENTED_EDGE('',*,*,#5572,.F.);
#4442=ORIENTED_EDGE('',*,*,#5573,.F.);
#4443=ORIENTED_EDGE('',*,*,#5420,.F.);
#4444=ORIENTED_EDGE('',*,*,#5568,.F.);
#4445=ORIENTED_EDGE('',*,*,#5574,.F.);
#4446=ORIENTED_EDGE('',*,*,#5573,.T.);
#4447=ORIENTED_EDGE('',*,*,#5575,.F.);
#4448=ORIENTED_EDGE('',*,*,#5576,.T.);
#4449=ORIENTED_EDGE('',*,*,#5421,.F.);
#4450=ORIENTED_EDGE('',*,*,#5576,.F.);
#4451=ORIENTED_EDGE('',*,*,#5577,.F.);
#4452=ORIENTED_EDGE('',*,*,#5578,.F.);
#4453=ORIENTED_EDGE('',*,*,#5422,.F.);
#4454=ORIENTED_EDGE('',*,*,#5423,.F.);
#4455=ORIENTED_EDGE('',*,*,#5578,.T.);
#4456=ORIENTED_EDGE('',*,*,#5579,.F.);
#4457=ORIENTED_EDGE('',*,*,#5580,.T.);
#4458=ORIENTED_EDGE('',*,*,#5581,.F.);
#4459=ORIENTED_EDGE('',*,*,#5582,.F.);
#4460=ORIENTED_EDGE('',*,*,#5583,.F.);
#4461=ORIENTED_EDGE('',*,*,#5584,.F.);
#4462=ORIENTED_EDGE('',*,*,#5585,.F.);
#4463=ORIENTED_EDGE('',*,*,#5424,.F.);
#4464=ORIENTED_EDGE('',*,*,#5580,.F.);
#4465=ORIENTED_EDGE('',*,*,#5586,.F.);
#4466=ORIENTED_EDGE('',*,*,#5585,.T.);
#4467=ORIENTED_EDGE('',*,*,#5587,.F.);
#4468=ORIENTED_EDGE('',*,*,#5588,.T.);
#4469=ORIENTED_EDGE('',*,*,#5425,.F.);
#4470=ORIENTED_EDGE('',*,*,#5588,.F.);
#4471=ORIENTED_EDGE('',*,*,#5589,.F.);
#4472=ORIENTED_EDGE('',*,*,#5590,.F.);
#4473=ORIENTED_EDGE('',*,*,#5426,.F.);
#4474=ORIENTED_EDGE('',*,*,#5427,.F.);
#4475=ORIENTED_EDGE('',*,*,#5590,.T.);
#4476=ORIENTED_EDGE('',*,*,#5591,.F.);
#4477=ORIENTED_EDGE('',*,*,#5592,.T.);
#4478=ORIENTED_EDGE('',*,*,#5593,.F.);
#4479=ORIENTED_EDGE('',*,*,#5594,.F.);
#4480=ORIENTED_EDGE('',*,*,#5595,.F.);
#4481=ORIENTED_EDGE('',*,*,#5596,.F.);
#4482=ORIENTED_EDGE('',*,*,#5597,.F.);
#4483=ORIENTED_EDGE('',*,*,#5428,.F.);
#4484=ORIENTED_EDGE('',*,*,#5592,.F.);
#4485=ORIENTED_EDGE('',*,*,#5598,.F.);
#4486=ORIENTED_EDGE('',*,*,#5597,.T.);
#4487=ORIENTED_EDGE('',*,*,#5599,.F.);
#4488=ORIENTED_EDGE('',*,*,#5600,.T.);
#4489=ORIENTED_EDGE('',*,*,#5429,.F.);
#4490=ORIENTED_EDGE('',*,*,#5600,.F.);
#4491=ORIENTED_EDGE('',*,*,#5601,.F.);
#4492=ORIENTED_EDGE('',*,*,#5602,.F.);
#4493=ORIENTED_EDGE('',*,*,#5430,.F.);
#4494=ORIENTED_EDGE('',*,*,#5431,.F.);
#4495=ORIENTED_EDGE('',*,*,#5602,.T.);
#4496=ORIENTED_EDGE('',*,*,#5603,.F.);
#4497=ORIENTED_EDGE('',*,*,#5604,.T.);
#4498=ORIENTED_EDGE('',*,*,#5605,.F.);
#4499=ORIENTED_EDGE('',*,*,#5606,.F.);
#4500=ORIENTED_EDGE('',*,*,#5607,.F.);
#4501=ORIENTED_EDGE('',*,*,#5608,.F.);
#4502=ORIENTED_EDGE('',*,*,#5609,.F.);
#4503=ORIENTED_EDGE('',*,*,#5432,.F.);
#4504=ORIENTED_EDGE('',*,*,#5604,.F.);
#4505=ORIENTED_EDGE('',*,*,#5610,.F.);
#4506=ORIENTED_EDGE('',*,*,#5609,.T.);
#4507=ORIENTED_EDGE('',*,*,#5611,.F.);
#4508=ORIENTED_EDGE('',*,*,#5612,.T.);
#4509=ORIENTED_EDGE('',*,*,#5433,.F.);
#4510=ORIENTED_EDGE('',*,*,#5612,.F.);
#4511=ORIENTED_EDGE('',*,*,#5613,.F.);
#4512=ORIENTED_EDGE('',*,*,#5614,.F.);
#4513=ORIENTED_EDGE('',*,*,#5434,.F.);
#4514=ORIENTED_EDGE('',*,*,#5435,.F.);
#4515=ORIENTED_EDGE('',*,*,#5614,.T.);
#4516=ORIENTED_EDGE('',*,*,#5615,.F.);
#4517=ORIENTED_EDGE('',*,*,#5616,.T.);
#4518=ORIENTED_EDGE('',*,*,#5617,.F.);
#4519=ORIENTED_EDGE('',*,*,#5618,.F.);
#4520=ORIENTED_EDGE('',*,*,#5619,.F.);
#4521=ORIENTED_EDGE('',*,*,#5620,.F.);
#4522=ORIENTED_EDGE('',*,*,#5621,.F.);
#4523=ORIENTED_EDGE('',*,*,#5436,.F.);
#4524=ORIENTED_EDGE('',*,*,#5616,.F.);
#4525=ORIENTED_EDGE('',*,*,#5622,.F.);
#4526=ORIENTED_EDGE('',*,*,#5621,.T.);
#4527=ORIENTED_EDGE('',*,*,#5623,.F.);
#4528=ORIENTED_EDGE('',*,*,#5624,.T.);
#4529=ORIENTED_EDGE('',*,*,#5437,.F.);
#4530=ORIENTED_EDGE('',*,*,#5624,.F.);
#4531=ORIENTED_EDGE('',*,*,#5625,.F.);
#4532=ORIENTED_EDGE('',*,*,#5626,.F.);
#4533=ORIENTED_EDGE('',*,*,#5438,.F.);
#4534=ORIENTED_EDGE('',*,*,#5439,.F.);
#4535=ORIENTED_EDGE('',*,*,#5626,.T.);
#4536=ORIENTED_EDGE('',*,*,#5627,.F.);
#4537=ORIENTED_EDGE('',*,*,#5628,.T.);
#4538=ORIENTED_EDGE('',*,*,#5629,.F.);
#4539=ORIENTED_EDGE('',*,*,#5630,.F.);
#4540=ORIENTED_EDGE('',*,*,#5631,.F.);
#4541=ORIENTED_EDGE('',*,*,#5632,.F.);
#4542=ORIENTED_EDGE('',*,*,#5633,.F.);
#4543=ORIENTED_EDGE('',*,*,#5440,.F.);
#4544=ORIENTED_EDGE('',*,*,#5628,.F.);
#4545=ORIENTED_EDGE('',*,*,#5634,.F.);
#4546=ORIENTED_EDGE('',*,*,#5633,.T.);
#4547=ORIENTED_EDGE('',*,*,#5635,.F.);
#4548=ORIENTED_EDGE('',*,*,#5636,.T.);
#4549=ORIENTED_EDGE('',*,*,#5441,.F.);
#4550=ORIENTED_EDGE('',*,*,#5636,.F.);
#4551=ORIENTED_EDGE('',*,*,#5637,.F.);
#4552=ORIENTED_EDGE('',*,*,#5638,.F.);
#4553=ORIENTED_EDGE('',*,*,#5442,.F.);
#4554=ORIENTED_EDGE('',*,*,#5443,.F.);
#4555=ORIENTED_EDGE('',*,*,#5638,.T.);
#4556=ORIENTED_EDGE('',*,*,#5639,.F.);
#4557=ORIENTED_EDGE('',*,*,#5640,.T.);
#4558=ORIENTED_EDGE('',*,*,#5641,.F.);
#4559=ORIENTED_EDGE('',*,*,#5642,.F.);
#4560=ORIENTED_EDGE('',*,*,#5643,.F.);
#4561=ORIENTED_EDGE('',*,*,#5644,.F.);
#4562=ORIENTED_EDGE('',*,*,#5645,.F.);
#4563=ORIENTED_EDGE('',*,*,#5444,.F.);
#4564=ORIENTED_EDGE('',*,*,#5640,.F.);
#4565=ORIENTED_EDGE('',*,*,#5646,.F.);
#4566=ORIENTED_EDGE('',*,*,#5645,.T.);
#4567=ORIENTED_EDGE('',*,*,#5647,.T.);
#4568=ORIENTED_EDGE('',*,*,#5459,.T.);
#4569=ORIENTED_EDGE('',*,*,#5445,.F.);
#4570=ORIENTED_EDGE('',*,*,#5648,.F.);
#4571=ORIENTED_EDGE('',*,*,#5467,.F.);
#4572=ORIENTED_EDGE('',*,*,#5463,.F.);
#4573=ORIENTED_EDGE('',*,*,#5457,.F.);
#4574=ORIENTED_EDGE('',*,*,#5649,.F.);
#4575=ORIENTED_EDGE('',*,*,#5550,.T.);
#4576=ORIENTED_EDGE('',*,*,#5543,.T.);
#4577=ORIENTED_EDGE('',*,*,#5541,.T.);
#4578=ORIENTED_EDGE('',*,*,#5540,.T.);
#4579=ORIENTED_EDGE('',*,*,#5537,.T.);
#4580=ORIENTED_EDGE('',*,*,#5531,.T.);
#4581=ORIENTED_EDGE('',*,*,#5529,.T.);
#4582=ORIENTED_EDGE('',*,*,#5528,.T.);
#4583=ORIENTED_EDGE('',*,*,#5518,.F.);
#4584=ORIENTED_EDGE('',*,*,#5650,.F.);
#4585=ORIENTED_EDGE('',*,*,#5460,.T.);
#4586=ORIENTED_EDGE('',*,*,#5647,.F.);
#4587=ORIENTED_EDGE('',*,*,#5646,.T.);
#4588=ORIENTED_EDGE('',*,*,#5639,.T.);
#4589=ORIENTED_EDGE('',*,*,#5637,.T.);
#4590=ORIENTED_EDGE('',*,*,#5635,.T.);
#4591=ORIENTED_EDGE('',*,*,#5634,.T.);
#4592=ORIENTED_EDGE('',*,*,#5627,.T.);
#4593=ORIENTED_EDGE('',*,*,#5625,.T.);
#4594=ORIENTED_EDGE('',*,*,#5623,.T.);
#4595=ORIENTED_EDGE('',*,*,#5622,.T.);
#4596=ORIENTED_EDGE('',*,*,#5615,.T.);
#4597=ORIENTED_EDGE('',*,*,#5613,.T.);
#4598=ORIENTED_EDGE('',*,*,#5611,.T.);
#4599=ORIENTED_EDGE('',*,*,#5610,.T.);
#4600=ORIENTED_EDGE('',*,*,#5603,.T.);
#4601=ORIENTED_EDGE('',*,*,#5601,.T.);
#4602=ORIENTED_EDGE('',*,*,#5599,.T.);
#4603=ORIENTED_EDGE('',*,*,#5598,.T.);
#4604=ORIENTED_EDGE('',*,*,#5591,.T.);
#4605=ORIENTED_EDGE('',*,*,#5589,.T.);
#4606=ORIENTED_EDGE('',*,*,#5587,.T.);
#4607=ORIENTED_EDGE('',*,*,#5586,.T.);
#4608=ORIENTED_EDGE('',*,*,#5579,.T.);
#4609=ORIENTED_EDGE('',*,*,#5577,.T.);
#4610=ORIENTED_EDGE('',*,*,#5575,.T.);
#4611=ORIENTED_EDGE('',*,*,#5574,.T.);
#4612=ORIENTED_EDGE('',*,*,#5567,.T.);
#4613=ORIENTED_EDGE('',*,*,#5565,.T.);
#4614=ORIENTED_EDGE('',*,*,#5563,.T.);
#4615=ORIENTED_EDGE('',*,*,#5562,.T.);
#4616=ORIENTED_EDGE('',*,*,#5555,.T.);
#4617=ORIENTED_EDGE('',*,*,#5553,.T.);
#4618=ORIENTED_EDGE('',*,*,#5551,.T.);
#4619=ORIENTED_EDGE('',*,*,#5651,.T.);
#4620=ORIENTED_EDGE('',*,*,#5652,.T.);
#4621=ORIENTED_EDGE('',*,*,#5653,.T.);
#4622=ORIENTED_EDGE('',*,*,#5649,.T.);
#4623=ORIENTED_EDGE('',*,*,#5461,.T.);
#4624=ORIENTED_EDGE('',*,*,#5650,.T.);
#4625=ORIENTED_EDGE('',*,*,#5517,.F.);
#4626=ORIENTED_EDGE('',*,*,#5654,.T.);
#4627=ORIENTED_EDGE('',*,*,#5653,.F.);
#4628=ORIENTED_EDGE('',*,*,#5655,.F.);
#4629=ORIENTED_EDGE('',*,*,#5464,.T.);
#4630=ORIENTED_EDGE('',*,*,#5648,.T.);
#4631=ORIENTED_EDGE('',*,*,#5656,.F.);
#4632=ORIENTED_EDGE('',*,*,#5513,.T.);
#4633=ORIENTED_EDGE('',*,*,#5468,.F.);
#4634=ORIENTED_EDGE('',*,*,#5465,.F.);
#4635=ORIENTED_EDGE('',*,*,#5657,.F.);
#4636=ORIENTED_EDGE('',*,*,#5658,.F.);
#4637=ORIENTED_EDGE('',*,*,#5470,.T.);
#4638=ORIENTED_EDGE('',*,*,#5659,.T.);
#4639=ORIENTED_EDGE('',*,*,#5660,.F.);
#4640=ORIENTED_EDGE('',*,*,#5661,.F.);
#4641=ORIENTED_EDGE('',*,*,#5471,.T.);
#4642=ORIENTED_EDGE('',*,*,#5658,.T.);
#4643=ORIENTED_EDGE('',*,*,#5662,.F.);
#4644=ORIENTED_EDGE('',*,*,#5663,.F.);
#4645=ORIENTED_EDGE('',*,*,#5472,.T.);
#4646=ORIENTED_EDGE('',*,*,#5661,.T.);
#4647=ORIENTED_EDGE('',*,*,#5664,.F.);
#4648=ORIENTED_EDGE('',*,*,#5659,.F.);
#4649=ORIENTED_EDGE('',*,*,#5473,.T.);
#4650=ORIENTED_EDGE('',*,*,#5663,.T.);
#4651=ORIENTED_EDGE('',*,*,#5665,.F.);
#4652=ORIENTED_EDGE('',*,*,#5666,.F.);
#4653=ORIENTED_EDGE('',*,*,#5474,.T.);
#4654=ORIENTED_EDGE('',*,*,#5667,.T.);
#4655=ORIENTED_EDGE('',*,*,#5668,.F.);
#4656=ORIENTED_EDGE('',*,*,#5669,.F.);
#4657=ORIENTED_EDGE('',*,*,#5475,.T.);
#4658=ORIENTED_EDGE('',*,*,#5666,.T.);
#4659=ORIENTED_EDGE('',*,*,#5670,.F.);
#4660=ORIENTED_EDGE('',*,*,#5671,.F.);
#4661=ORIENTED_EDGE('',*,*,#5476,.T.);
#4662=ORIENTED_EDGE('',*,*,#5669,.T.);
#4663=ORIENTED_EDGE('',*,*,#5672,.F.);
#4664=ORIENTED_EDGE('',*,*,#5667,.F.);
#4665=ORIENTED_EDGE('',*,*,#5477,.T.);
#4666=ORIENTED_EDGE('',*,*,#5671,.T.);
#4667=ORIENTED_EDGE('',*,*,#5673,.F.);
#4668=ORIENTED_EDGE('',*,*,#5674,.F.);
#4669=ORIENTED_EDGE('',*,*,#5478,.T.);
#4670=ORIENTED_EDGE('',*,*,#5675,.T.);
#4671=ORIENTED_EDGE('',*,*,#5676,.F.);
#4672=ORIENTED_EDGE('',*,*,#5677,.F.);
#4673=ORIENTED_EDGE('',*,*,#5479,.T.);
#4674=ORIENTED_EDGE('',*,*,#5674,.T.);
#4675=ORIENTED_EDGE('',*,*,#5678,.F.);
#4676=ORIENTED_EDGE('',*,*,#5679,.F.);
#4677=ORIENTED_EDGE('',*,*,#5480,.T.);
#4678=ORIENTED_EDGE('',*,*,#5677,.T.);
#4679=ORIENTED_EDGE('',*,*,#5680,.F.);
#4680=ORIENTED_EDGE('',*,*,#5675,.F.);
#4681=ORIENTED_EDGE('',*,*,#5481,.T.);
#4682=ORIENTED_EDGE('',*,*,#5679,.T.);
#4683=ORIENTED_EDGE('',*,*,#5681,.F.);
#4684=ORIENTED_EDGE('',*,*,#5682,.F.);
#4685=ORIENTED_EDGE('',*,*,#5482,.T.);
#4686=ORIENTED_EDGE('',*,*,#5683,.T.);
#4687=ORIENTED_EDGE('',*,*,#5684,.F.);
#4688=ORIENTED_EDGE('',*,*,#5685,.F.);
#4689=ORIENTED_EDGE('',*,*,#5483,.T.);
#4690=ORIENTED_EDGE('',*,*,#5682,.T.);
#4691=ORIENTED_EDGE('',*,*,#5686,.F.);
#4692=ORIENTED_EDGE('',*,*,#5687,.F.);
#4693=ORIENTED_EDGE('',*,*,#5484,.T.);
#4694=ORIENTED_EDGE('',*,*,#5685,.T.);
#4695=ORIENTED_EDGE('',*,*,#5688,.F.);
#4696=ORIENTED_EDGE('',*,*,#5683,.F.);
#4697=ORIENTED_EDGE('',*,*,#5485,.T.);
#4698=ORIENTED_EDGE('',*,*,#5687,.T.);
#4699=ORIENTED_EDGE('',*,*,#5689,.F.);
#4700=ORIENTED_EDGE('',*,*,#5690,.F.);
#4701=ORIENTED_EDGE('',*,*,#5486,.T.);
#4702=ORIENTED_EDGE('',*,*,#5691,.T.);
#4703=ORIENTED_EDGE('',*,*,#5692,.F.);
#4704=ORIENTED_EDGE('',*,*,#5693,.F.);
#4705=ORIENTED_EDGE('',*,*,#5487,.T.);
#4706=ORIENTED_EDGE('',*,*,#5690,.T.);
#4707=ORIENTED_EDGE('',*,*,#5694,.F.);
#4708=ORIENTED_EDGE('',*,*,#5695,.F.);
#4709=ORIENTED_EDGE('',*,*,#5488,.T.);
#4710=ORIENTED_EDGE('',*,*,#5693,.T.);
#4711=ORIENTED_EDGE('',*,*,#5696,.F.);
#4712=ORIENTED_EDGE('',*,*,#5691,.F.);
#4713=ORIENTED_EDGE('',*,*,#5489,.T.);
#4714=ORIENTED_EDGE('',*,*,#5695,.T.);
#4715=ORIENTED_EDGE('',*,*,#5697,.F.);
#4716=ORIENTED_EDGE('',*,*,#5698,.F.);
#4717=ORIENTED_EDGE('',*,*,#5490,.T.);
#4718=ORIENTED_EDGE('',*,*,#5699,.T.);
#4719=ORIENTED_EDGE('',*,*,#5700,.F.);
#4720=ORIENTED_EDGE('',*,*,#5701,.F.);
#4721=ORIENTED_EDGE('',*,*,#5491,.T.);
#4722=ORIENTED_EDGE('',*,*,#5698,.T.);
#4723=ORIENTED_EDGE('',*,*,#5702,.F.);
#4724=ORIENTED_EDGE('',*,*,#5703,.F.);
#4725=ORIENTED_EDGE('',*,*,#5492,.T.);
#4726=ORIENTED_EDGE('',*,*,#5701,.T.);
#4727=ORIENTED_EDGE('',*,*,#5704,.F.);
#4728=ORIENTED_EDGE('',*,*,#5699,.F.);
#4729=ORIENTED_EDGE('',*,*,#5493,.T.);
#4730=ORIENTED_EDGE('',*,*,#5703,.T.);
#4731=ORIENTED_EDGE('',*,*,#5705,.F.);
#4732=ORIENTED_EDGE('',*,*,#5706,.F.);
#4733=ORIENTED_EDGE('',*,*,#5494,.T.);
#4734=ORIENTED_EDGE('',*,*,#5707,.T.);
#4735=ORIENTED_EDGE('',*,*,#5708,.F.);
#4736=ORIENTED_EDGE('',*,*,#5709,.F.);
#4737=ORIENTED_EDGE('',*,*,#5495,.T.);
#4738=ORIENTED_EDGE('',*,*,#5706,.T.);
#4739=ORIENTED_EDGE('',*,*,#5710,.F.);
#4740=ORIENTED_EDGE('',*,*,#5711,.F.);
#4741=ORIENTED_EDGE('',*,*,#5496,.T.);
#4742=ORIENTED_EDGE('',*,*,#5709,.T.);
#4743=ORIENTED_EDGE('',*,*,#5712,.F.);
#4744=ORIENTED_EDGE('',*,*,#5707,.F.);
#4745=ORIENTED_EDGE('',*,*,#5497,.T.);
#4746=ORIENTED_EDGE('',*,*,#5711,.T.);
#4747=ORIENTED_EDGE('',*,*,#5713,.F.);
#4748=ORIENTED_EDGE('',*,*,#5714,.F.);
#4749=ORIENTED_EDGE('',*,*,#5498,.T.);
#4750=ORIENTED_EDGE('',*,*,#5715,.T.);
#4751=ORIENTED_EDGE('',*,*,#5716,.F.);
#4752=ORIENTED_EDGE('',*,*,#5717,.F.);
#4753=ORIENTED_EDGE('',*,*,#5499,.T.);
#4754=ORIENTED_EDGE('',*,*,#5714,.T.);
#4755=ORIENTED_EDGE('',*,*,#5718,.F.);
#4756=ORIENTED_EDGE('',*,*,#5719,.F.);
#4757=ORIENTED_EDGE('',*,*,#5500,.T.);
#4758=ORIENTED_EDGE('',*,*,#5717,.T.);
#4759=ORIENTED_EDGE('',*,*,#5720,.F.);
#4760=ORIENTED_EDGE('',*,*,#5715,.F.);
#4761=ORIENTED_EDGE('',*,*,#5501,.T.);
#4762=ORIENTED_EDGE('',*,*,#5719,.T.);
#4763=ORIENTED_EDGE('',*,*,#5721,.F.);
#4764=ORIENTED_EDGE('',*,*,#5722,.F.);
#4765=ORIENTED_EDGE('',*,*,#5502,.T.);
#4766=ORIENTED_EDGE('',*,*,#5723,.T.);
#4767=ORIENTED_EDGE('',*,*,#5724,.F.);
#4768=ORIENTED_EDGE('',*,*,#5725,.F.);
#4769=ORIENTED_EDGE('',*,*,#5503,.T.);
#4770=ORIENTED_EDGE('',*,*,#5722,.T.);
#4771=ORIENTED_EDGE('',*,*,#5726,.F.);
#4772=ORIENTED_EDGE('',*,*,#5727,.F.);
#4773=ORIENTED_EDGE('',*,*,#5504,.T.);
#4774=ORIENTED_EDGE('',*,*,#5725,.T.);
#4775=ORIENTED_EDGE('',*,*,#5728,.F.);
#4776=ORIENTED_EDGE('',*,*,#5723,.F.);
#4777=ORIENTED_EDGE('',*,*,#5505,.T.);
#4778=ORIENTED_EDGE('',*,*,#5727,.T.);
#4779=ORIENTED_EDGE('',*,*,#5729,.F.);
#4780=ORIENTED_EDGE('',*,*,#5730,.F.);
#4781=ORIENTED_EDGE('',*,*,#5506,.T.);
#4782=ORIENTED_EDGE('',*,*,#5731,.T.);
#4783=ORIENTED_EDGE('',*,*,#5732,.F.);
#4784=ORIENTED_EDGE('',*,*,#5733,.F.);
#4785=ORIENTED_EDGE('',*,*,#5507,.T.);
#4786=ORIENTED_EDGE('',*,*,#5730,.T.);
#4787=ORIENTED_EDGE('',*,*,#5734,.F.);
#4788=ORIENTED_EDGE('',*,*,#5735,.F.);
#4789=ORIENTED_EDGE('',*,*,#5508,.T.);
#4790=ORIENTED_EDGE('',*,*,#5733,.T.);
#4791=ORIENTED_EDGE('',*,*,#5736,.F.);
#4792=ORIENTED_EDGE('',*,*,#5731,.F.);
#4793=ORIENTED_EDGE('',*,*,#5509,.T.);
#4794=ORIENTED_EDGE('',*,*,#5735,.T.);
#4795=ORIENTED_EDGE('',*,*,#5651,.F.);
#4796=ORIENTED_EDGE('',*,*,#5737,.T.);
#4797=ORIENTED_EDGE('',*,*,#5510,.T.);
#4798=ORIENTED_EDGE('',*,*,#5738,.T.);
#4799=ORIENTED_EDGE('',*,*,#5737,.F.);
#4800=ORIENTED_EDGE('',*,*,#5654,.F.);
#4801=ORIENTED_EDGE('',*,*,#5516,.F.);
#4802=ORIENTED_EDGE('',*,*,#5514,.F.);
#4803=ORIENTED_EDGE('',*,*,#5511,.F.);
#4804=ORIENTED_EDGE('',*,*,#5739,.T.);
#4805=ORIENTED_EDGE('',*,*,#5740,.T.);
#4806=ORIENTED_EDGE('',*,*,#5533,.T.);
#4807=ORIENTED_EDGE('',*,*,#5741,.F.);
#4808=ORIENTED_EDGE('',*,*,#5742,.T.);
#4809=ORIENTED_EDGE('',*,*,#5743,.T.);
#4810=ORIENTED_EDGE('',*,*,#5534,.T.);
#4811=ORIENTED_EDGE('',*,*,#5740,.F.);
#4812=ORIENTED_EDGE('',*,*,#5744,.T.);
#4813=ORIENTED_EDGE('',*,*,#5745,.T.);
#4814=ORIENTED_EDGE('',*,*,#5535,.T.);
#4815=ORIENTED_EDGE('',*,*,#5743,.F.);
#4816=ORIENTED_EDGE('',*,*,#5746,.T.);
#4817=ORIENTED_EDGE('',*,*,#5741,.T.);
#4818=ORIENTED_EDGE('',*,*,#5536,.T.);
#4819=ORIENTED_EDGE('',*,*,#5745,.F.);
#4820=ORIENTED_EDGE('',*,*,#5747,.T.);
#4821=ORIENTED_EDGE('',*,*,#5748,.T.);
#4822=ORIENTED_EDGE('',*,*,#5545,.T.);
#4823=ORIENTED_EDGE('',*,*,#5749,.F.);
#4824=ORIENTED_EDGE('',*,*,#5750,.T.);
#4825=ORIENTED_EDGE('',*,*,#5751,.T.);
#4826=ORIENTED_EDGE('',*,*,#5546,.T.);
#4827=ORIENTED_EDGE('',*,*,#5748,.F.);
#4828=ORIENTED_EDGE('',*,*,#5752,.T.);
#4829=ORIENTED_EDGE('',*,*,#5753,.T.);
#4830=ORIENTED_EDGE('',*,*,#5547,.T.);
#4831=ORIENTED_EDGE('',*,*,#5751,.F.);
#4832=ORIENTED_EDGE('',*,*,#5754,.T.);
#4833=ORIENTED_EDGE('',*,*,#5749,.T.);
#4834=ORIENTED_EDGE('',*,*,#5548,.T.);
#4835=ORIENTED_EDGE('',*,*,#5753,.F.);
#4836=ORIENTED_EDGE('',*,*,#5755,.T.);
#4837=ORIENTED_EDGE('',*,*,#5756,.T.);
#4838=ORIENTED_EDGE('',*,*,#5557,.T.);
#4839=ORIENTED_EDGE('',*,*,#5757,.F.);
#4840=ORIENTED_EDGE('',*,*,#5758,.T.);
#4841=ORIENTED_EDGE('',*,*,#5759,.T.);
#4842=ORIENTED_EDGE('',*,*,#5558,.T.);
#4843=ORIENTED_EDGE('',*,*,#5756,.F.);
#4844=ORIENTED_EDGE('',*,*,#5760,.T.);
#4845=ORIENTED_EDGE('',*,*,#5761,.T.);
#4846=ORIENTED_EDGE('',*,*,#5559,.T.);
#4847=ORIENTED_EDGE('',*,*,#5759,.F.);
#4848=ORIENTED_EDGE('',*,*,#5762,.T.);
#4849=ORIENTED_EDGE('',*,*,#5757,.T.);
#4850=ORIENTED_EDGE('',*,*,#5560,.T.);
#4851=ORIENTED_EDGE('',*,*,#5761,.F.);
#4852=ORIENTED_EDGE('',*,*,#5763,.T.);
#4853=ORIENTED_EDGE('',*,*,#5764,.T.);
#4854=ORIENTED_EDGE('',*,*,#5569,.T.);
#4855=ORIENTED_EDGE('',*,*,#5765,.F.);
#4856=ORIENTED_EDGE('',*,*,#5766,.T.);
#4857=ORIENTED_EDGE('',*,*,#5767,.T.);
#4858=ORIENTED_EDGE('',*,*,#5570,.T.);
#4859=ORIENTED_EDGE('',*,*,#5764,.F.);
#4860=ORIENTED_EDGE('',*,*,#5768,.T.);
#4861=ORIENTED_EDGE('',*,*,#5769,.T.);
#4862=ORIENTED_EDGE('',*,*,#5571,.T.);
#4863=ORIENTED_EDGE('',*,*,#5767,.F.);
#4864=ORIENTED_EDGE('',*,*,#5770,.T.);
#4865=ORIENTED_EDGE('',*,*,#5765,.T.);
#4866=ORIENTED_EDGE('',*,*,#5572,.T.);
#4867=ORIENTED_EDGE('',*,*,#5769,.F.);
#4868=ORIENTED_EDGE('',*,*,#5771,.T.);
#4869=ORIENTED_EDGE('',*,*,#5772,.T.);
#4870=ORIENTED_EDGE('',*,*,#5581,.T.);
#4871=ORIENTED_EDGE('',*,*,#5773,.F.);
#4872=ORIENTED_EDGE('',*,*,#5774,.T.);
#4873=ORIENTED_EDGE('',*,*,#5775,.T.);
#4874=ORIENTED_EDGE('',*,*,#5582,.T.);
#4875=ORIENTED_EDGE('',*,*,#5772,.F.);
#4876=ORIENTED_EDGE('',*,*,#5776,.T.);
#4877=ORIENTED_EDGE('',*,*,#5777,.T.);
#4878=ORIENTED_EDGE('',*,*,#5583,.T.);
#4879=ORIENTED_EDGE('',*,*,#5775,.F.);
#4880=ORIENTED_EDGE('',*,*,#5778,.T.);
#4881=ORIENTED_EDGE('',*,*,#5773,.T.);
#4882=ORIENTED_EDGE('',*,*,#5584,.T.);
#4883=ORIENTED_EDGE('',*,*,#5777,.F.);
#4884=ORIENTED_EDGE('',*,*,#5779,.T.);
#4885=ORIENTED_EDGE('',*,*,#5780,.T.);
#4886=ORIENTED_EDGE('',*,*,#5593,.T.);
#4887=ORIENTED_EDGE('',*,*,#5781,.F.);
#4888=ORIENTED_EDGE('',*,*,#5782,.T.);
#4889=ORIENTED_EDGE('',*,*,#5783,.T.);
#4890=ORIENTED_EDGE('',*,*,#5594,.T.);
#4891=ORIENTED_EDGE('',*,*,#5780,.F.);
#4892=ORIENTED_EDGE('',*,*,#5784,.T.);
#4893=ORIENTED_EDGE('',*,*,#5785,.T.);
#4894=ORIENTED_EDGE('',*,*,#5595,.T.);
#4895=ORIENTED_EDGE('',*,*,#5783,.F.);
#4896=ORIENTED_EDGE('',*,*,#5786,.T.);
#4897=ORIENTED_EDGE('',*,*,#5781,.T.);
#4898=ORIENTED_EDGE('',*,*,#5596,.T.);
#4899=ORIENTED_EDGE('',*,*,#5785,.F.);
#4900=ORIENTED_EDGE('',*,*,#5787,.T.);
#4901=ORIENTED_EDGE('',*,*,#5788,.T.);
#4902=ORIENTED_EDGE('',*,*,#5605,.T.);
#4903=ORIENTED_EDGE('',*,*,#5789,.F.);
#4904=ORIENTED_EDGE('',*,*,#5790,.T.);
#4905=ORIENTED_EDGE('',*,*,#5791,.T.);
#4906=ORIENTED_EDGE('',*,*,#5606,.T.);
#4907=ORIENTED_EDGE('',*,*,#5788,.F.);
#4908=ORIENTED_EDGE('',*,*,#5792,.T.);
#4909=ORIENTED_EDGE('',*,*,#5793,.T.);
#4910=ORIENTED_EDGE('',*,*,#5607,.T.);
#4911=ORIENTED_EDGE('',*,*,#5791,.F.);
#4912=ORIENTED_EDGE('',*,*,#5794,.T.);
#4913=ORIENTED_EDGE('',*,*,#5789,.T.);
#4914=ORIENTED_EDGE('',*,*,#5608,.T.);
#4915=ORIENTED_EDGE('',*,*,#5793,.F.);
#4916=ORIENTED_EDGE('',*,*,#5795,.T.);
#4917=ORIENTED_EDGE('',*,*,#5796,.T.);
#4918=ORIENTED_EDGE('',*,*,#5617,.T.);
#4919=ORIENTED_EDGE('',*,*,#5797,.F.);
#4920=ORIENTED_EDGE('',*,*,#5798,.T.);
#4921=ORIENTED_EDGE('',*,*,#5799,.T.);
#4922=ORIENTED_EDGE('',*,*,#5618,.T.);
#4923=ORIENTED_EDGE('',*,*,#5796,.F.);
#4924=ORIENTED_EDGE('',*,*,#5800,.T.);
#4925=ORIENTED_EDGE('',*,*,#5801,.T.);
#4926=ORIENTED_EDGE('',*,*,#5619,.T.);
#4927=ORIENTED_EDGE('',*,*,#5799,.F.);
#4928=ORIENTED_EDGE('',*,*,#5802,.T.);
#4929=ORIENTED_EDGE('',*,*,#5797,.T.);
#4930=ORIENTED_EDGE('',*,*,#5620,.T.);
#4931=ORIENTED_EDGE('',*,*,#5801,.F.);
#4932=ORIENTED_EDGE('',*,*,#5803,.T.);
#4933=ORIENTED_EDGE('',*,*,#5804,.T.);
#4934=ORIENTED_EDGE('',*,*,#5629,.T.);
#4935=ORIENTED_EDGE('',*,*,#5805,.F.);
#4936=ORIENTED_EDGE('',*,*,#5806,.T.);
#4937=ORIENTED_EDGE('',*,*,#5807,.T.);
#4938=ORIENTED_EDGE('',*,*,#5630,.T.);
#4939=ORIENTED_EDGE('',*,*,#5804,.F.);
#4940=ORIENTED_EDGE('',*,*,#5808,.T.);
#4941=ORIENTED_EDGE('',*,*,#5809,.T.);
#4942=ORIENTED_EDGE('',*,*,#5631,.T.);
#4943=ORIENTED_EDGE('',*,*,#5807,.F.);
#4944=ORIENTED_EDGE('',*,*,#5810,.T.);
#4945=ORIENTED_EDGE('',*,*,#5805,.T.);
#4946=ORIENTED_EDGE('',*,*,#5632,.T.);
#4947=ORIENTED_EDGE('',*,*,#5809,.F.);
#4948=ORIENTED_EDGE('',*,*,#5811,.T.);
#4949=ORIENTED_EDGE('',*,*,#5812,.T.);
#4950=ORIENTED_EDGE('',*,*,#5641,.T.);
#4951=ORIENTED_EDGE('',*,*,#5813,.F.);
#4952=ORIENTED_EDGE('',*,*,#5814,.T.);
#4953=ORIENTED_EDGE('',*,*,#5815,.T.);
#4954=ORIENTED_EDGE('',*,*,#5642,.T.);
#4955=ORIENTED_EDGE('',*,*,#5812,.F.);
#4956=ORIENTED_EDGE('',*,*,#5816,.T.);
#4957=ORIENTED_EDGE('',*,*,#5817,.T.);
#4958=ORIENTED_EDGE('',*,*,#5643,.T.);
#4959=ORIENTED_EDGE('',*,*,#5815,.F.);
#4960=ORIENTED_EDGE('',*,*,#5818,.T.);
#4961=ORIENTED_EDGE('',*,*,#5813,.T.);
#4962=ORIENTED_EDGE('',*,*,#5644,.T.);
#4963=ORIENTED_EDGE('',*,*,#5817,.F.);
#4964=ORIENTED_EDGE('',*,*,#5652,.F.);
#4965=ORIENTED_EDGE('',*,*,#5738,.F.);
#4966=ORIENTED_EDGE('',*,*,#5656,.T.);
#4967=ORIENTED_EDGE('',*,*,#5655,.T.);
#4968=ORIENTED_EDGE('',*,*,#5657,.T.);
#4969=ORIENTED_EDGE('',*,*,#5819,.T.);
#4970=ORIENTED_EDGE('',*,*,#5820,.F.);
#4971=ORIENTED_EDGE('',*,*,#5821,.F.);
#4972=ORIENTED_EDGE('',*,*,#5660,.T.);
#4973=ORIENTED_EDGE('',*,*,#5821,.T.);
#4974=ORIENTED_EDGE('',*,*,#5822,.F.);
#4975=ORIENTED_EDGE('',*,*,#5823,.F.);
#4976=ORIENTED_EDGE('',*,*,#5662,.T.);
#4977=ORIENTED_EDGE('',*,*,#5823,.T.);
#4978=ORIENTED_EDGE('',*,*,#5824,.F.);
#4979=ORIENTED_EDGE('',*,*,#5825,.F.);
#4980=ORIENTED_EDGE('',*,*,#5664,.T.);
#4981=ORIENTED_EDGE('',*,*,#5825,.T.);
#4982=ORIENTED_EDGE('',*,*,#5826,.F.);
#4983=ORIENTED_EDGE('',*,*,#5819,.F.);
#4984=ORIENTED_EDGE('',*,*,#5665,.T.);
#4985=ORIENTED_EDGE('',*,*,#5827,.T.);
#4986=ORIENTED_EDGE('',*,*,#5828,.F.);
#4987=ORIENTED_EDGE('',*,*,#5829,.F.);
#4988=ORIENTED_EDGE('',*,*,#5668,.T.);
#4989=ORIENTED_EDGE('',*,*,#5829,.T.);
#4990=ORIENTED_EDGE('',*,*,#5830,.F.);
#4991=ORIENTED_EDGE('',*,*,#5831,.F.);
#4992=ORIENTED_EDGE('',*,*,#5670,.T.);
#4993=ORIENTED_EDGE('',*,*,#5831,.T.);
#4994=ORIENTED_EDGE('',*,*,#5832,.F.);
#4995=ORIENTED_EDGE('',*,*,#5833,.F.);
#4996=ORIENTED_EDGE('',*,*,#5672,.T.);
#4997=ORIENTED_EDGE('',*,*,#5833,.T.);
#4998=ORIENTED_EDGE('',*,*,#5834,.F.);
#4999=ORIENTED_EDGE('',*,*,#5827,.F.);
#5000=ORIENTED_EDGE('',*,*,#5673,.T.);
#5001=ORIENTED_EDGE('',*,*,#5835,.T.);
#5002=ORIENTED_EDGE('',*,*,#5836,.F.);
#5003=ORIENTED_EDGE('',*,*,#5837,.F.);
#5004=ORIENTED_EDGE('',*,*,#5676,.T.);
#5005=ORIENTED_EDGE('',*,*,#5837,.T.);
#5006=ORIENTED_EDGE('',*,*,#5838,.F.);
#5007=ORIENTED_EDGE('',*,*,#5839,.F.);
#5008=ORIENTED_EDGE('',*,*,#5678,.T.);
#5009=ORIENTED_EDGE('',*,*,#5839,.T.);
#5010=ORIENTED_EDGE('',*,*,#5840,.F.);
#5011=ORIENTED_EDGE('',*,*,#5841,.F.);
#5012=ORIENTED_EDGE('',*,*,#5680,.T.);
#5013=ORIENTED_EDGE('',*,*,#5841,.T.);
#5014=ORIENTED_EDGE('',*,*,#5842,.F.);
#5015=ORIENTED_EDGE('',*,*,#5835,.F.);
#5016=ORIENTED_EDGE('',*,*,#5681,.T.);
#5017=ORIENTED_EDGE('',*,*,#5843,.T.);
#5018=ORIENTED_EDGE('',*,*,#5844,.F.);
#5019=ORIENTED_EDGE('',*,*,#5845,.F.);
#5020=ORIENTED_EDGE('',*,*,#5684,.T.);
#5021=ORIENTED_EDGE('',*,*,#5845,.T.);
#5022=ORIENTED_EDGE('',*,*,#5846,.F.);
#5023=ORIENTED_EDGE('',*,*,#5847,.F.);
#5024=ORIENTED_EDGE('',*,*,#5686,.T.);
#5025=ORIENTED_EDGE('',*,*,#5847,.T.);
#5026=ORIENTED_EDGE('',*,*,#5848,.F.);
#5027=ORIENTED_EDGE('',*,*,#5849,.F.);
#5028=ORIENTED_EDGE('',*,*,#5688,.T.);
#5029=ORIENTED_EDGE('',*,*,#5849,.T.);
#5030=ORIENTED_EDGE('',*,*,#5850,.F.);
#5031=ORIENTED_EDGE('',*,*,#5843,.F.);
#5032=ORIENTED_EDGE('',*,*,#5689,.T.);
#5033=ORIENTED_EDGE('',*,*,#5851,.T.);
#5034=ORIENTED_EDGE('',*,*,#5852,.F.);
#5035=ORIENTED_EDGE('',*,*,#5853,.F.);
#5036=ORIENTED_EDGE('',*,*,#5692,.T.);
#5037=ORIENTED_EDGE('',*,*,#5853,.T.);
#5038=ORIENTED_EDGE('',*,*,#5854,.F.);
#5039=ORIENTED_EDGE('',*,*,#5855,.F.);
#5040=ORIENTED_EDGE('',*,*,#5694,.T.);
#5041=ORIENTED_EDGE('',*,*,#5855,.T.);
#5042=ORIENTED_EDGE('',*,*,#5856,.F.);
#5043=ORIENTED_EDGE('',*,*,#5857,.F.);
#5044=ORIENTED_EDGE('',*,*,#5696,.T.);
#5045=ORIENTED_EDGE('',*,*,#5857,.T.);
#5046=ORIENTED_EDGE('',*,*,#5858,.F.);
#5047=ORIENTED_EDGE('',*,*,#5851,.F.);
#5048=ORIENTED_EDGE('',*,*,#5697,.T.);
#5049=ORIENTED_EDGE('',*,*,#5859,.T.);
#5050=ORIENTED_EDGE('',*,*,#5860,.F.);
#5051=ORIENTED_EDGE('',*,*,#5861,.F.);
#5052=ORIENTED_EDGE('',*,*,#5700,.T.);
#5053=ORIENTED_EDGE('',*,*,#5861,.T.);
#5054=ORIENTED_EDGE('',*,*,#5862,.F.);
#5055=ORIENTED_EDGE('',*,*,#5863,.F.);
#5056=ORIENTED_EDGE('',*,*,#5702,.T.);
#5057=ORIENTED_EDGE('',*,*,#5863,.T.);
#5058=ORIENTED_EDGE('',*,*,#5864,.F.);
#5059=ORIENTED_EDGE('',*,*,#5865,.F.);
#5060=ORIENTED_EDGE('',*,*,#5704,.T.);
#5061=ORIENTED_EDGE('',*,*,#5865,.T.);
#5062=ORIENTED_EDGE('',*,*,#5866,.F.);
#5063=ORIENTED_EDGE('',*,*,#5859,.F.);
#5064=ORIENTED_EDGE('',*,*,#5705,.T.);
#5065=ORIENTED_EDGE('',*,*,#5867,.T.);
#5066=ORIENTED_EDGE('',*,*,#5868,.F.);
#5067=ORIENTED_EDGE('',*,*,#5869,.F.);
#5068=ORIENTED_EDGE('',*,*,#5708,.T.);
#5069=ORIENTED_EDGE('',*,*,#5869,.T.);
#5070=ORIENTED_EDGE('',*,*,#5870,.F.);
#5071=ORIENTED_EDGE('',*,*,#5871,.F.);
#5072=ORIENTED_EDGE('',*,*,#5710,.T.);
#5073=ORIENTED_EDGE('',*,*,#5871,.T.);
#5074=ORIENTED_EDGE('',*,*,#5872,.F.);
#5075=ORIENTED_EDGE('',*,*,#5873,.F.);
#5076=ORIENTED_EDGE('',*,*,#5712,.T.);
#5077=ORIENTED_EDGE('',*,*,#5873,.T.);
#5078=ORIENTED_EDGE('',*,*,#5874,.F.);
#5079=ORIENTED_EDGE('',*,*,#5867,.F.);
#5080=ORIENTED_EDGE('',*,*,#5713,.T.);
#5081=ORIENTED_EDGE('',*,*,#5875,.T.);
#5082=ORIENTED_EDGE('',*,*,#5876,.F.);
#5083=ORIENTED_EDGE('',*,*,#5877,.F.);
#5084=ORIENTED_EDGE('',*,*,#5716,.T.);
#5085=ORIENTED_EDGE('',*,*,#5877,.T.);
#5086=ORIENTED_EDGE('',*,*,#5878,.F.);
#5087=ORIENTED_EDGE('',*,*,#5879,.F.);
#5088=ORIENTED_EDGE('',*,*,#5718,.T.);
#5089=ORIENTED_EDGE('',*,*,#5879,.T.);
#5090=ORIENTED_EDGE('',*,*,#5880,.F.);
#5091=ORIENTED_EDGE('',*,*,#5881,.F.);
#5092=ORIENTED_EDGE('',*,*,#5720,.T.);
#5093=ORIENTED_EDGE('',*,*,#5881,.T.);
#5094=ORIENTED_EDGE('',*,*,#5882,.F.);
#5095=ORIENTED_EDGE('',*,*,#5875,.F.);
#5096=ORIENTED_EDGE('',*,*,#5721,.T.);
#5097=ORIENTED_EDGE('',*,*,#5883,.T.);
#5098=ORIENTED_EDGE('',*,*,#5884,.F.);
#5099=ORIENTED_EDGE('',*,*,#5885,.F.);
#5100=ORIENTED_EDGE('',*,*,#5724,.T.);
#5101=ORIENTED_EDGE('',*,*,#5885,.T.);
#5102=ORIENTED_EDGE('',*,*,#5886,.F.);
#5103=ORIENTED_EDGE('',*,*,#5887,.F.);
#5104=ORIENTED_EDGE('',*,*,#5726,.T.);
#5105=ORIENTED_EDGE('',*,*,#5887,.T.);
#5106=ORIENTED_EDGE('',*,*,#5888,.F.);
#5107=ORIENTED_EDGE('',*,*,#5889,.F.);
#5108=ORIENTED_EDGE('',*,*,#5728,.T.);
#5109=ORIENTED_EDGE('',*,*,#5889,.T.);
#5110=ORIENTED_EDGE('',*,*,#5890,.F.);
#5111=ORIENTED_EDGE('',*,*,#5883,.F.);
#5112=ORIENTED_EDGE('',*,*,#5729,.T.);
#5113=ORIENTED_EDGE('',*,*,#5891,.T.);
#5114=ORIENTED_EDGE('',*,*,#5892,.F.);
#5115=ORIENTED_EDGE('',*,*,#5893,.F.);
#5116=ORIENTED_EDGE('',*,*,#5732,.T.);
#5117=ORIENTED_EDGE('',*,*,#5893,.T.);
#5118=ORIENTED_EDGE('',*,*,#5894,.F.);
#5119=ORIENTED_EDGE('',*,*,#5895,.F.);
#5120=ORIENTED_EDGE('',*,*,#5734,.T.);
#5121=ORIENTED_EDGE('',*,*,#5895,.T.);
#5122=ORIENTED_EDGE('',*,*,#5896,.F.);
#5123=ORIENTED_EDGE('',*,*,#5897,.F.);
#5124=ORIENTED_EDGE('',*,*,#5736,.T.);
#5125=ORIENTED_EDGE('',*,*,#5897,.T.);
#5126=ORIENTED_EDGE('',*,*,#5898,.F.);
#5127=ORIENTED_EDGE('',*,*,#5891,.F.);
#5128=ORIENTED_EDGE('',*,*,#5739,.F.);
#5129=ORIENTED_EDGE('',*,*,#5899,.F.);
#5130=ORIENTED_EDGE('',*,*,#5900,.T.);
#5131=ORIENTED_EDGE('',*,*,#5901,.T.);
#5132=ORIENTED_EDGE('',*,*,#5742,.F.);
#5133=ORIENTED_EDGE('',*,*,#5901,.F.);
#5134=ORIENTED_EDGE('',*,*,#5902,.T.);
#5135=ORIENTED_EDGE('',*,*,#5903,.T.);
#5136=ORIENTED_EDGE('',*,*,#5744,.F.);
#5137=ORIENTED_EDGE('',*,*,#5903,.F.);
#5138=ORIENTED_EDGE('',*,*,#5904,.T.);
#5139=ORIENTED_EDGE('',*,*,#5905,.T.);
#5140=ORIENTED_EDGE('',*,*,#5746,.F.);
#5141=ORIENTED_EDGE('',*,*,#5905,.F.);
#5142=ORIENTED_EDGE('',*,*,#5906,.T.);
#5143=ORIENTED_EDGE('',*,*,#5899,.T.);
#5144=ORIENTED_EDGE('',*,*,#5747,.F.);
#5145=ORIENTED_EDGE('',*,*,#5907,.F.);
#5146=ORIENTED_EDGE('',*,*,#5908,.T.);
#5147=ORIENTED_EDGE('',*,*,#5909,.T.);
#5148=ORIENTED_EDGE('',*,*,#5750,.F.);
#5149=ORIENTED_EDGE('',*,*,#5909,.F.);
#5150=ORIENTED_EDGE('',*,*,#5910,.T.);
#5151=ORIENTED_EDGE('',*,*,#5911,.T.);
#5152=ORIENTED_EDGE('',*,*,#5752,.F.);
#5153=ORIENTED_EDGE('',*,*,#5911,.F.);
#5154=ORIENTED_EDGE('',*,*,#5912,.T.);
#5155=ORIENTED_EDGE('',*,*,#5913,.T.);
#5156=ORIENTED_EDGE('',*,*,#5754,.F.);
#5157=ORIENTED_EDGE('',*,*,#5913,.F.);
#5158=ORIENTED_EDGE('',*,*,#5914,.T.);
#5159=ORIENTED_EDGE('',*,*,#5907,.T.);
#5160=ORIENTED_EDGE('',*,*,#5755,.F.);
#5161=ORIENTED_EDGE('',*,*,#5915,.F.);
#5162=ORIENTED_EDGE('',*,*,#5916,.T.);
#5163=ORIENTED_EDGE('',*,*,#5917,.T.);
#5164=ORIENTED_EDGE('',*,*,#5758,.F.);
#5165=ORIENTED_EDGE('',*,*,#5917,.F.);
#5166=ORIENTED_EDGE('',*,*,#5918,.T.);
#5167=ORIENTED_EDGE('',*,*,#5919,.T.);
#5168=ORIENTED_EDGE('',*,*,#5760,.F.);
#5169=ORIENTED_EDGE('',*,*,#5919,.F.);
#5170=ORIENTED_EDGE('',*,*,#5920,.T.);
#5171=ORIENTED_EDGE('',*,*,#5921,.T.);
#5172=ORIENTED_EDGE('',*,*,#5762,.F.);
#5173=ORIENTED_EDGE('',*,*,#5921,.F.);
#5174=ORIENTED_EDGE('',*,*,#5922,.T.);
#5175=ORIENTED_EDGE('',*,*,#5915,.T.);
#5176=ORIENTED_EDGE('',*,*,#5763,.F.);
#5177=ORIENTED_EDGE('',*,*,#5923,.F.);
#5178=ORIENTED_EDGE('',*,*,#5924,.T.);
#5179=ORIENTED_EDGE('',*,*,#5925,.T.);
#5180=ORIENTED_EDGE('',*,*,#5766,.F.);
#5181=ORIENTED_EDGE('',*,*,#5925,.F.);
#5182=ORIENTED_EDGE('',*,*,#5926,.T.);
#5183=ORIENTED_EDGE('',*,*,#5927,.T.);
#5184=ORIENTED_EDGE('',*,*,#5768,.F.);
#5185=ORIENTED_EDGE('',*,*,#5927,.F.);
#5186=ORIENTED_EDGE('',*,*,#5928,.T.);
#5187=ORIENTED_EDGE('',*,*,#5929,.T.);
#5188=ORIENTED_EDGE('',*,*,#5770,.F.);
#5189=ORIENTED_EDGE('',*,*,#5929,.F.);
#5190=ORIENTED_EDGE('',*,*,#5930,.T.);
#5191=ORIENTED_EDGE('',*,*,#5923,.T.);
#5192=ORIENTED_EDGE('',*,*,#5771,.F.);
#5193=ORIENTED_EDGE('',*,*,#5931,.F.);
#5194=ORIENTED_EDGE('',*,*,#5932,.T.);
#5195=ORIENTED_EDGE('',*,*,#5933,.T.);
#5196=ORIENTED_EDGE('',*,*,#5774,.F.);
#5197=ORIENTED_EDGE('',*,*,#5933,.F.);
#5198=ORIENTED_EDGE('',*,*,#5934,.T.);
#5199=ORIENTED_EDGE('',*,*,#5935,.T.);
#5200=ORIENTED_EDGE('',*,*,#5776,.F.);
#5201=ORIENTED_EDGE('',*,*,#5935,.F.);
#5202=ORIENTED_EDGE('',*,*,#5936,.T.);
#5203=ORIENTED_EDGE('',*,*,#5937,.T.);
#5204=ORIENTED_EDGE('',*,*,#5778,.F.);
#5205=ORIENTED_EDGE('',*,*,#5937,.F.);
#5206=ORIENTED_EDGE('',*,*,#5938,.T.);
#5207=ORIENTED_EDGE('',*,*,#5931,.T.);
#5208=ORIENTED_EDGE('',*,*,#5779,.F.);
#5209=ORIENTED_EDGE('',*,*,#5939,.F.);
#5210=ORIENTED_EDGE('',*,*,#5940,.T.);
#5211=ORIENTED_EDGE('',*,*,#5941,.T.);
#5212=ORIENTED_EDGE('',*,*,#5782,.F.);
#5213=ORIENTED_EDGE('',*,*,#5941,.F.);
#5214=ORIENTED_EDGE('',*,*,#5942,.T.);
#5215=ORIENTED_EDGE('',*,*,#5943,.T.);
#5216=ORIENTED_EDGE('',*,*,#5784,.F.);
#5217=ORIENTED_EDGE('',*,*,#5943,.F.);
#5218=ORIENTED_EDGE('',*,*,#5944,.T.);
#5219=ORIENTED_EDGE('',*,*,#5945,.T.);
#5220=ORIENTED_EDGE('',*,*,#5786,.F.);
#5221=ORIENTED_EDGE('',*,*,#5945,.F.);
#5222=ORIENTED_EDGE('',*,*,#5946,.T.);
#5223=ORIENTED_EDGE('',*,*,#5939,.T.);
#5224=ORIENTED_EDGE('',*,*,#5787,.F.);
#5225=ORIENTED_EDGE('',*,*,#5947,.F.);
#5226=ORIENTED_EDGE('',*,*,#5948,.T.);
#5227=ORIENTED_EDGE('',*,*,#5949,.T.);
#5228=ORIENTED_EDGE('',*,*,#5790,.F.);
#5229=ORIENTED_EDGE('',*,*,#5949,.F.);
#5230=ORIENTED_EDGE('',*,*,#5950,.T.);
#5231=ORIENTED_EDGE('',*,*,#5951,.T.);
#5232=ORIENTED_EDGE('',*,*,#5792,.F.);
#5233=ORIENTED_EDGE('',*,*,#5951,.F.);
#5234=ORIENTED_EDGE('',*,*,#5952,.T.);
#5235=ORIENTED_EDGE('',*,*,#5953,.T.);
#5236=ORIENTED_EDGE('',*,*,#5794,.F.);
#5237=ORIENTED_EDGE('',*,*,#5953,.F.);
#5238=ORIENTED_EDGE('',*,*,#5954,.T.);
#5239=ORIENTED_EDGE('',*,*,#5947,.T.);
#5240=ORIENTED_EDGE('',*,*,#5795,.F.);
#5241=ORIENTED_EDGE('',*,*,#5955,.F.);
#5242=ORIENTED_EDGE('',*,*,#5956,.T.);
#5243=ORIENTED_EDGE('',*,*,#5957,.T.);
#5244=ORIENTED_EDGE('',*,*,#5798,.F.);
#5245=ORIENTED_EDGE('',*,*,#5957,.F.);
#5246=ORIENTED_EDGE('',*,*,#5958,.T.);
#5247=ORIENTED_EDGE('',*,*,#5959,.T.);
#5248=ORIENTED_EDGE('',*,*,#5800,.F.);
#5249=ORIENTED_EDGE('',*,*,#5959,.F.);
#5250=ORIENTED_EDGE('',*,*,#5960,.T.);
#5251=ORIENTED_EDGE('',*,*,#5961,.T.);
#5252=ORIENTED_EDGE('',*,*,#5802,.F.);
#5253=ORIENTED_EDGE('',*,*,#5961,.F.);
#5254=ORIENTED_EDGE('',*,*,#5962,.T.);
#5255=ORIENTED_EDGE('',*,*,#5955,.T.);
#5256=ORIENTED_EDGE('',*,*,#5803,.F.);
#5257=ORIENTED_EDGE('',*,*,#5963,.F.);
#5258=ORIENTED_EDGE('',*,*,#5964,.T.);
#5259=ORIENTED_EDGE('',*,*,#5965,.T.);
#5260=ORIENTED_EDGE('',*,*,#5806,.F.);
#5261=ORIENTED_EDGE('',*,*,#5965,.F.);
#5262=ORIENTED_EDGE('',*,*,#5966,.T.);
#5263=ORIENTED_EDGE('',*,*,#5967,.T.);
#5264=ORIENTED_EDGE('',*,*,#5808,.F.);
#5265=ORIENTED_EDGE('',*,*,#5967,.F.);
#5266=ORIENTED_EDGE('',*,*,#5968,.T.);
#5267=ORIENTED_EDGE('',*,*,#5969,.T.);
#5268=ORIENTED_EDGE('',*,*,#5810,.F.);
#5269=ORIENTED_EDGE('',*,*,#5969,.F.);
#5270=ORIENTED_EDGE('',*,*,#5970,.T.);
#5271=ORIENTED_EDGE('',*,*,#5963,.T.);
#5272=ORIENTED_EDGE('',*,*,#5811,.F.);
#5273=ORIENTED_EDGE('',*,*,#5971,.F.);
#5274=ORIENTED_EDGE('',*,*,#5972,.T.);
#5275=ORIENTED_EDGE('',*,*,#5973,.T.);
#5276=ORIENTED_EDGE('',*,*,#5814,.F.);
#5277=ORIENTED_EDGE('',*,*,#5973,.F.);
#5278=ORIENTED_EDGE('',*,*,#5974,.T.);
#5279=ORIENTED_EDGE('',*,*,#5975,.T.);
#5280=ORIENTED_EDGE('',*,*,#5816,.F.);
#5281=ORIENTED_EDGE('',*,*,#5975,.F.);
#5282=ORIENTED_EDGE('',*,*,#5976,.T.);
#5283=ORIENTED_EDGE('',*,*,#5977,.T.);
#5284=ORIENTED_EDGE('',*,*,#5818,.F.);
#5285=ORIENTED_EDGE('',*,*,#5977,.F.);
#5286=ORIENTED_EDGE('',*,*,#5978,.T.);
#5287=ORIENTED_EDGE('',*,*,#5971,.T.);
#5288=ORIENTED_EDGE('',*,*,#5826,.T.);
#5289=ORIENTED_EDGE('',*,*,#5824,.T.);
#5290=ORIENTED_EDGE('',*,*,#5822,.T.);
#5291=ORIENTED_EDGE('',*,*,#5820,.T.);
#5292=ORIENTED_EDGE('',*,*,#5834,.T.);
#5293=ORIENTED_EDGE('',*,*,#5832,.T.);
#5294=ORIENTED_EDGE('',*,*,#5830,.T.);
#5295=ORIENTED_EDGE('',*,*,#5828,.T.);
#5296=ORIENTED_EDGE('',*,*,#5842,.T.);
#5297=ORIENTED_EDGE('',*,*,#5840,.T.);
#5298=ORIENTED_EDGE('',*,*,#5838,.T.);
#5299=ORIENTED_EDGE('',*,*,#5836,.T.);
#5300=ORIENTED_EDGE('',*,*,#5850,.T.);
#5301=ORIENTED_EDGE('',*,*,#5848,.T.);
#5302=ORIENTED_EDGE('',*,*,#5846,.T.);
#5303=ORIENTED_EDGE('',*,*,#5844,.T.);
#5304=ORIENTED_EDGE('',*,*,#5858,.T.);
#5305=ORIENTED_EDGE('',*,*,#5856,.T.);
#5306=ORIENTED_EDGE('',*,*,#5854,.T.);
#5307=ORIENTED_EDGE('',*,*,#5852,.T.);
#5308=ORIENTED_EDGE('',*,*,#5866,.T.);
#5309=ORIENTED_EDGE('',*,*,#5864,.T.);
#5310=ORIENTED_EDGE('',*,*,#5862,.T.);
#5311=ORIENTED_EDGE('',*,*,#5860,.T.);
#5312=ORIENTED_EDGE('',*,*,#5874,.T.);
#5313=ORIENTED_EDGE('',*,*,#5872,.T.);
#5314=ORIENTED_EDGE('',*,*,#5870,.T.);
#5315=ORIENTED_EDGE('',*,*,#5868,.T.);
#5316=ORIENTED_EDGE('',*,*,#5882,.T.);
#5317=ORIENTED_EDGE('',*,*,#5880,.T.);
#5318=ORIENTED_EDGE('',*,*,#5878,.T.);
#5319=ORIENTED_EDGE('',*,*,#5876,.T.);
#5320=ORIENTED_EDGE('',*,*,#5890,.T.);
#5321=ORIENTED_EDGE('',*,*,#5888,.T.);
#5322=ORIENTED_EDGE('',*,*,#5886,.T.);
#5323=ORIENTED_EDGE('',*,*,#5884,.T.);
#5324=ORIENTED_EDGE('',*,*,#5898,.T.);
#5325=ORIENTED_EDGE('',*,*,#5896,.T.);
#5326=ORIENTED_EDGE('',*,*,#5894,.T.);
#5327=ORIENTED_EDGE('',*,*,#5892,.T.);
#5328=ORIENTED_EDGE('',*,*,#5902,.F.);
#5329=ORIENTED_EDGE('',*,*,#5900,.F.);
#5330=ORIENTED_EDGE('',*,*,#5906,.F.);
#5331=ORIENTED_EDGE('',*,*,#5904,.F.);
#5332=ORIENTED_EDGE('',*,*,#5910,.F.);
#5333=ORIENTED_EDGE('',*,*,#5908,.F.);
#5334=ORIENTED_EDGE('',*,*,#5914,.F.);
#5335=ORIENTED_EDGE('',*,*,#5912,.F.);
#5336=ORIENTED_EDGE('',*,*,#5918,.F.);
#5337=ORIENTED_EDGE('',*,*,#5916,.F.);
#5338=ORIENTED_EDGE('',*,*,#5922,.F.);
#5339=ORIENTED_EDGE('',*,*,#5920,.F.);
#5340=ORIENTED_EDGE('',*,*,#5926,.F.);
#5341=ORIENTED_EDGE('',*,*,#5924,.F.);
#5342=ORIENTED_EDGE('',*,*,#5930,.F.);
#5343=ORIENTED_EDGE('',*,*,#5928,.F.);
#5344=ORIENTED_EDGE('',*,*,#5934,.F.);
#5345=ORIENTED_EDGE('',*,*,#5932,.F.);
#5346=ORIENTED_EDGE('',*,*,#5938,.F.);
#5347=ORIENTED_EDGE('',*,*,#5936,.F.);
#5348=ORIENTED_EDGE('',*,*,#5942,.F.);
#5349=ORIENTED_EDGE('',*,*,#5940,.F.);
#5350=ORIENTED_EDGE('',*,*,#5946,.F.);
#5351=ORIENTED_EDGE('',*,*,#5944,.F.);
#5352=ORIENTED_EDGE('',*,*,#5950,.F.);
#5353=ORIENTED_EDGE('',*,*,#5948,.F.);
#5354=ORIENTED_EDGE('',*,*,#5954,.F.);
#5355=ORIENTED_EDGE('',*,*,#5952,.F.);
#5356=ORIENTED_EDGE('',*,*,#5958,.F.);
#5357=ORIENTED_EDGE('',*,*,#5956,.F.);
#5358=ORIENTED_EDGE('',*,*,#5962,.F.);
#5359=ORIENTED_EDGE('',*,*,#5960,.F.);
#5360=ORIENTED_EDGE('',*,*,#5966,.F.);
#5361=ORIENTED_EDGE('',*,*,#5964,.F.);
#5362=ORIENTED_EDGE('',*,*,#5970,.F.);
#5363=ORIENTED_EDGE('',*,*,#5968,.F.);
#5364=ORIENTED_EDGE('',*,*,#5974,.F.);
#5365=ORIENTED_EDGE('',*,*,#5972,.F.);
#5366=ORIENTED_EDGE('',*,*,#5978,.F.);
#5367=ORIENTED_EDGE('',*,*,#5976,.F.);
#5368=EDGE_CURVE('',#5979,#5980,#5981,.T.);
#5369=EDGE_CURVE('',#5980,#5982,#5983,.T.);
#5370=EDGE_CURVE('',#5982,#5984,#5985,.T.);
#5371=EDGE_CURVE('',#5984,#5986,#5987,.T.);
#5372=EDGE_CURVE('',#5986,#5988,#5989,.T.);
#5373=EDGE_CURVE('',#5988,#5990,#5991,.T.);
#5374=EDGE_CURVE('',#5992,#5990,#5993,.F.);
#5375=EDGE_CURVE('',#5994,#5992,#5995,.T.);
#5376=EDGE_CURVE('',#5994,#5996,#5997,.T.);
#5377=EDGE_CURVE('',#5998,#5996,#5999,.T.);
#5378=EDGE_CURVE('',#6000,#5998,#6001,.T.);
#5379=EDGE_CURVE('',#6000,#6002,#6003,.T.);
#5380=EDGE_CURVE('',#6002,#6004,#6005,.T.);
#5381=EDGE_CURVE('',#6006,#6004,#6007,.F.);
#5382=EDGE_CURVE('',#6008,#6006,#6009,.F.);
#5383=EDGE_CURVE('',#6008,#6010,#6011,.T.);
#5384=EDGE_CURVE('',#6010,#6012,#6013,.T.);
#5385=EDGE_CURVE('',#6012,#6014,#6015,.T.);
#5386=EDGE_CURVE('',#6014,#6016,#6017,.T.);
#5387=EDGE_CURVE('',#6016,#6018,#6019,.T.);
#5388=EDGE_CURVE('',#6018,#6020,#6021,.T.);
#5389=EDGE_CURVE('',#5979,#6020,#6022,.F.);
#5390=EDGE_CURVE('',#6023,#5979,#6024,.F.);
#5391=EDGE_CURVE('',#6020,#6025,#6026,.F.);
#5392=EDGE_CURVE('',#6025,#6023,#6027,.T.);
#5393=EDGE_CURVE('',#5990,#6028,#6029,.F.);
#5394=EDGE_CURVE('',#6028,#6030,#6031,.T.);
#5395=EDGE_CURVE('',#6030,#5992,#6032,.T.);
#5396=EDGE_CURVE('',#6033,#6023,#6034,.F.);
#5397=EDGE_CURVE('',#6025,#6035,#6036,.F.);
#5398=EDGE_CURVE('',#6035,#6037,#6038,.F.);
#5399=EDGE_CURVE('',#6037,#6039,#6040,.F.);
#5400=EDGE_CURVE('',#6039,#6041,#6042,.F.);
#5401=EDGE_CURVE('',#6041,#6043,#6044,.F.);
#5402=EDGE_CURVE('',#6043,#6045,#6046,.F.);
#5403=EDGE_CURVE('',#6047,#6045,#6048,.T.);
#5404=EDGE_CURVE('',#6049,#6047,#6050,.T.);
#5405=EDGE_CURVE('',#6051,#6049,#6052,.T.);
#5406=EDGE_CURVE('',#6051,#6053,#6054,.F.);
#5407=EDGE_CURVE('',#6053,#6055,#6056,.T.);
#5408=EDGE_CURVE('',#6055,#6057,#6058,.F.);
#5409=EDGE_CURVE('',#6057,#6059,#6060,.T.);
#5410=EDGE_CURVE('',#6059,#6061,#6062,.F.);
#5411=EDGE_CURVE('',#6061,#6063,#6064,.T.);
#5412=EDGE_CURVE('',#6063,#6065,#6066,.F.);
#5413=EDGE_CURVE('',#6065,#6067,#6068,.T.);
#5414=EDGE_CURVE('',#6067,#6069,#6070,.F.);
#5415=EDGE_CURVE('',#6069,#6071,#6072,.T.);
#5416=EDGE_CURVE('',#6071,#6073,#6074,.F.);
#5417=EDGE_CURVE('',#6073,#6075,#6076,.T.);
#5418=EDGE_CURVE('',#6075,#6077,#6078,.F.);
#5419=EDGE_CURVE('',#6077,#6079,#6080,.T.);
#5420=EDGE_CURVE('',#6079,#6081,#6082,.F.);
#5421=EDGE_CURVE('',#6081,#6083,#6084,.T.);
#5422=EDGE_CURVE('',#6083,#6085,#6086,.F.);
#5423=EDGE_CURVE('',#6085,#6087,#6088,.T.);
#5424=EDGE_CURVE('',#6087,#6089,#6090,.F.);
#5425=EDGE_CURVE('',#6089,#6091,#6092,.T.);
#5426=EDGE_CURVE('',#6091,#6093,#6094,.F.);
#5427=EDGE_CURVE('',#6093,#6095,#6096,.T.);
#5428=EDGE_CURVE('',#6095,#6097,#6098,.F.);
#5429=EDGE_CURVE('',#6097,#6099,#6100,.T.);
#5430=EDGE_CURVE('',#6099,#6101,#6102,.F.);
#5431=EDGE_CURVE('',#6101,#6103,#6104,.T.);
#5432=EDGE_CURVE('',#6103,#6105,#6106,.F.);
#5433=EDGE_CURVE('',#6105,#6107,#6108,.T.);
#5434=EDGE_CURVE('',#6107,#6109,#6110,.F.);
#5435=EDGE_CURVE('',#6109,#6111,#6112,.T.);
#5436=EDGE_CURVE('',#6111,#6113,#6114,.F.);
#5437=EDGE_CURVE('',#6113,#6115,#6116,.T.);
#5438=EDGE_CURVE('',#6115,#6117,#6118,.F.);
#5439=EDGE_CURVE('',#6117,#6119,#6120,.T.);
#5440=EDGE_CURVE('',#6119,#6121,#6122,.F.);
#5441=EDGE_CURVE('',#6121,#6123,#6124,.T.);
#5442=EDGE_CURVE('',#6123,#6125,#6126,.F.);
#5443=EDGE_CURVE('',#6125,#6127,#6128,.T.);
#5444=EDGE_CURVE('',#6127,#6129,#6130,.F.);
#5445=EDGE_CURVE('',#6129,#6131,#6132,.T.);
#5446=EDGE_CURVE('',#6131,#6030,#6133,.T.);
#5447=EDGE_CURVE('',#6028,#6134,#6135,.F.);
#5448=EDGE_CURVE('',#6134,#6136,#6137,.F.);
#5449=EDGE_CURVE('',#6136,#6138,#6139,.F.);
#5450=EDGE_CURVE('',#6138,#6140,#6141,.F.);
#5451=EDGE_CURVE('',#6140,#6033,#6142,.F.);
#5452=EDGE_CURVE('',#5988,#6134,#6143,.T.);
#5453=EDGE_CURVE('',#5986,#6136,#6144,.T.);
#5454=EDGE_CURVE('',#5984,#6138,#6145,.T.);
#5455=EDGE_CURVE('',#5982,#6140,#6146,.T.);
#5456=EDGE_CURVE('',#5980,#6033,#6147,.T.);
#5457=EDGE_CURVE('',#6148,#6149,#6150,.T.);
#5458=EDGE_CURVE('',#6149,#5994,#6151,.T.);
#5459=EDGE_CURVE('',#6152,#6131,#6153,.T.);
#5460=EDGE_CURVE('',#6154,#6152,#6155,.T.);
#5461=EDGE_CURVE('',#6148,#6154,#6156,.T.);
#5462=EDGE_CURVE('',#5996,#6157,#6158,.F.);
#5463=EDGE_CURVE('',#6149,#6157,#6159,.T.);
#5464=EDGE_CURVE('',#6160,#6161,#6162,.T.);
#5465=EDGE_CURVE('',#6160,#6163,#6164,.T.);
#5466=EDGE_CURVE('',#6163,#5998,#6165,.T.);
#5467=EDGE_CURVE('',#6157,#6161,#6166,.F.);
#5468=EDGE_CURVE('',#6163,#6167,#6168,.T.);
#5469=EDGE_CURVE('',#6167,#6000,#6169,.T.);
#5470=EDGE_CURVE('',#6170,#6171,#6172,.T.);
#5471=EDGE_CURVE('',#6173,#6170,#6174,.T.);
#5472=EDGE_CURVE('',#6175,#6173,#6176,.T.);
#5473=EDGE_CURVE('',#6171,#6175,#6177,.T.);
#5474=EDGE_CURVE('',#6178,#6179,#6180,.T.);
#5475=EDGE_CURVE('',#6181,#6178,#6182,.T.);
#5476=EDGE_CURVE('',#6183,#6181,#6184,.T.);
#5477=EDGE_CURVE('',#6179,#6183,#6185,.T.);
#5478=EDGE_CURVE('',#6186,#6187,#6188,.T.);
#5479=EDGE_CURVE('',#6189,#6186,#6190,.T.);
#5480=EDGE_CURVE('',#6191,#6189,#6192,.T.);
#5481=EDGE_CURVE('',#6187,#6191,#6193,.T.);
#5482=EDGE_CURVE('',#6194,#6195,#6196,.T.);
#5483=EDGE_CURVE('',#6197,#6194,#6198,.T.);
#5484=EDGE_CURVE('',#6199,#6197,#6200,.T.);
#5485=EDGE_CURVE('',#6195,#6199,#6201,.T.);
#5486=EDGE_CURVE('',#6202,#6203,#6204,.T.);
#5487=EDGE_CURVE('',#6205,#6202,#6206,.T.);
#5488=EDGE_CURVE('',#6207,#6205,#6208,.T.);
#5489=EDGE_CURVE('',#6203,#6207,#6209,.T.);
#5490=EDGE_CURVE('',#6210,#6211,#6212,.T.);
#5491=EDGE_CURVE('',#6213,#6210,#6214,.T.);
#5492=EDGE_CURVE('',#6215,#6213,#6216,.T.);
#5493=EDGE_CURVE('',#6211,#6215,#6217,.T.);
#5494=EDGE_CURVE('',#6218,#6219,#6220,.T.);
#5495=EDGE_CURVE('',#6221,#6218,#6222,.T.);
#5496=EDGE_CURVE('',#6223,#6221,#6224,.T.);
#5497=EDGE_CURVE('',#6219,#6223,#6225,.T.);
#5498=EDGE_CURVE('',#6226,#6227,#6228,.T.);
#5499=EDGE_CURVE('',#6229,#6226,#6230,.T.);
#5500=EDGE_CURVE('',#6231,#6229,#6232,.T.);
#5501=EDGE_CURVE('',#6227,#6231,#6233,.T.);
#5502=EDGE_CURVE('',#6234,#6235,#6236,.T.);
#5503=EDGE_CURVE('',#6237,#6234,#6238,.T.);
#5504=EDGE_CURVE('',#6239,#6237,#6240,.T.);
#5505=EDGE_CURVE('',#6235,#6239,#6241,.T.);
#5506=EDGE_CURVE('',#6242,#6243,#6244,.T.);
#5507=EDGE_CURVE('',#6245,#6242,#6246,.T.);
#5508=EDGE_CURVE('',#6247,#6245,#6248,.T.);
#5509=EDGE_CURVE('',#6243,#6247,#6249,.T.);
#5510=EDGE_CURVE('',#6250,#6251,#6252,.F.);
#5511=EDGE_CURVE('',#6250,#6253,#6254,.T.);
#5512=EDGE_CURVE('',#6253,#6002,#6255,.T.);
#5513=EDGE_CURVE('',#6251,#6167,#6256,.T.);
#5514=EDGE_CURVE('',#6253,#6257,#6258,.T.);
#5515=EDGE_CURVE('',#6004,#6257,#6259,.F.);
#5516=EDGE_CURVE('',#6257,#6260,#6261,.F.);
#5517=EDGE_CURVE('',#6260,#6262,#6263,.T.);
#5518=EDGE_CURVE('',#6262,#6264,#6265,.T.);
#5519=EDGE_CURVE('',#6264,#6049,#6266,.T.);
#5520=EDGE_CURVE('',#6047,#6006,#6267,.T.);
#5521=EDGE_CURVE('',#6045,#6008,#6268,.F.);
#5522=EDGE_CURVE('',#6010,#6043,#6269,.T.);
#5523=EDGE_CURVE('',#6012,#6041,#6270,.T.);
#5524=EDGE_CURVE('',#6014,#6039,#6271,.T.);
#5525=EDGE_CURVE('',#6016,#6037,#6272,.T.);
#5526=EDGE_CURVE('',#6018,#6035,#6273,.T.);
#5527=EDGE_CURVE('',#6274,#6051,#6275,.T.);
#5528=EDGE_CURVE('',#6274,#6264,#6276,.T.);
#5529=EDGE_CURVE('',#6277,#6274,#6278,.F.);
#5530=EDGE_CURVE('',#6053,#6277,#6279,.T.);
#5531=EDGE_CURVE('',#6280,#6277,#6281,.T.);
#5532=EDGE_CURVE('',#6280,#6055,#6282,.T.);
#5533=EDGE_CURVE('',#6283,#6284,#6285,.T.);
#5534=EDGE_CURVE('',#6286,#6283,#6287,.T.);
#5535=EDGE_CURVE('',#6288,#6286,#6289,.T.);
#5536=EDGE_CURVE('',#6284,#6288,#6290,.T.);
#5537=EDGE_CURVE('',#6291,#6280,#6292,.F.);
#5538=EDGE_CURVE('',#6057,#6291,#6293,.T.);
#5539=EDGE_CURVE('',#6294,#6059,#6295,.T.);
#5540=EDGE_CURVE('',#6294,#6291,#6296,.T.);
#5541=EDGE_CURVE('',#6297,#6294,#6298,.F.);
#5542=EDGE_CURVE('',#6061,#6297,#6299,.T.);
#5543=EDGE_CURVE('',#6300,#6297,#6301,.T.);
#5544=EDGE_CURVE('',#6300,#6063,#6302,.T.);
#5545=EDGE_CURVE('',#6303,#6304,#6305,.T.);
#5546=EDGE_CURVE('',#6306,#6303,#6307,.T.);
#5547=EDGE_CURVE('',#6308,#6306,#6309,.T.);
#5548=EDGE_CURVE('',#6304,#6308,#6310,.T.);
#5549=EDGE_CURVE('',#6065,#6311,#6312,.T.);
#5550=EDGE_CURVE('',#6311,#6300,#6313,.F.);
#5551=EDGE_CURVE('',#6314,#6311,#6315,.T.);
#5552=EDGE_CURVE('',#6314,#6067,#6316,.T.);
#5553=EDGE_CURVE('',#6317,#6314,#6318,.F.);
#5554=EDGE_CURVE('',#6069,#6317,#6319,.T.);
#5555=EDGE_CURVE('',#6320,#6317,#6321,.T.);
#5556=EDGE_CURVE('',#6320,#6071,#6322,.T.);
#5557=EDGE_CURVE('',#6323,#6324,#6325,.T.);
#5558=EDGE_CURVE('',#6326,#6323,#6327,.T.);
#5559=EDGE_CURVE('',#6328,#6326,#6329,.T.);
#5560=EDGE_CURVE('',#6324,#6328,#6330,.T.);
#5561=EDGE_CURVE('',#6073,#6331,#6332,.T.);
#5562=EDGE_CURVE('',#6331,#6320,#6333,.F.);
#5563=EDGE_CURVE('',#6334,#6331,#6335,.T.);
#5564=EDGE_CURVE('',#6334,#6075,#6336,.T.);
#5565=EDGE_CURVE('',#6337,#6334,#6338,.F.);
#5566=EDGE_CURVE('',#6077,#6337,#6339,.T.);
#5567=EDGE_CURVE('',#6340,#6337,#6341,.T.);
#5568=EDGE_CURVE('',#6340,#6079,#6342,.T.);
#5569=EDGE_CURVE('',#6343,#6344,#6345,.T.);
#5570=EDGE_CURVE('',#6346,#6343,#6347,.T.);
#5571=EDGE_CURVE('',#6348,#6346,#6349,.T.);
#5572=EDGE_CURVE('',#6344,#6348,#6350,.T.);
#5573=EDGE_CURVE('',#6081,#6351,#6352,.T.);
#5574=EDGE_CURVE('',#6351,#6340,#6353,.F.);
#5575=EDGE_CURVE('',#6354,#6351,#6355,.T.);
#5576=EDGE_CURVE('',#6354,#6083,#6356,.T.);
#5577=EDGE_CURVE('',#6357,#6354,#6358,.F.);
#5578=EDGE_CURVE('',#6085,#6357,#6359,.T.);
#5579=EDGE_CURVE('',#6360,#6357,#6361,.T.);
#5580=EDGE_CURVE('',#6360,#6087,#6362,.T.);
#5581=EDGE_CURVE('',#6363,#6364,#6365,.T.);
#5582=EDGE_CURVE('',#6366,#6363,#6367,.T.);
#5583=EDGE_CURVE('',#6368,#6366,#6369,.T.);
#5584=EDGE_CURVE('',#6364,#6368,#6370,.T.);
#5585=EDGE_CURVE('',#6089,#6371,#6372,.T.);
#5586=EDGE_CURVE('',#6371,#6360,#6373,.F.);
#5587=EDGE_CURVE('',#6374,#6371,#6375,.T.);
#5588=EDGE_CURVE('',#6374,#6091,#6376,.T.);
#5589=EDGE_CURVE('',#6377,#6374,#6378,.F.);
#5590=EDGE_CURVE('',#6093,#6377,#6379,.T.);
#5591=EDGE_CURVE('',#6380,#6377,#6381,.T.);
#5592=EDGE_CURVE('',#6380,#6095,#6382,.T.);
#5593=EDGE_CURVE('',#6383,#6384,#6385,.T.);
#5594=EDGE_CURVE('',#6386,#6383,#6387,.T.);
#5595=EDGE_CURVE('',#6388,#6386,#6389,.T.);
#5596=EDGE_CURVE('',#6384,#6388,#6390,.T.);
#5597=EDGE_CURVE('',#6097,#6391,#6392,.T.);
#5598=EDGE_CURVE('',#6391,#6380,#6393,.F.);
#5599=EDGE_CURVE('',#6394,#6391,#6395,.T.);
#5600=EDGE_CURVE('',#6394,#6099,#6396,.T.);
#5601=EDGE_CURVE('',#6397,#6394,#6398,.F.);
#5602=EDGE_CURVE('',#6101,#6397,#6399,.T.);
#5603=EDGE_CURVE('',#6400,#6397,#6401,.T.);
#5604=EDGE_CURVE('',#6400,#6103,#6402,.T.);
#5605=EDGE_CURVE('',#6403,#6404,#6405,.T.);
#5606=EDGE_CURVE('',#6406,#6403,#6407,.T.);
#5607=EDGE_CURVE('',#6408,#6406,#6409,.T.);
#5608=EDGE_CURVE('',#6404,#6408,#6410,.T.);
#5609=EDGE_CURVE('',#6105,#6411,#6412,.T.);
#5610=EDGE_CURVE('',#6411,#6400,#6413,.F.);
#5611=EDGE_CURVE('',#6414,#6411,#6415,.T.);
#5612=EDGE_CURVE('',#6414,#6107,#6416,.T.);
#5613=EDGE_CURVE('',#6417,#6414,#6418,.F.);
#5614=EDGE_CURVE('',#6109,#6417,#6419,.T.);
#5615=EDGE_CURVE('',#6420,#6417,#6421,.T.);
#5616=EDGE_CURVE('',#6420,#6111,#6422,.T.);
#5617=EDGE_CURVE('',#6423,#6424,#6425,.T.);
#5618=EDGE_CURVE('',#6426,#6423,#6427,.T.);
#5619=EDGE_CURVE('',#6428,#6426,#6429,.T.);
#5620=EDGE_CURVE('',#6424,#6428,#6430,.T.);
#5621=EDGE_CURVE('',#6113,#6431,#6432,.T.);
#5622=EDGE_CURVE('',#6431,#6420,#6433,.F.);
#5623=EDGE_CURVE('',#6434,#6431,#6435,.T.);
#5624=EDGE_CURVE('',#6434,#6115,#6436,.T.);
#5625=EDGE_CURVE('',#6437,#6434,#6438,.F.);
#5626=EDGE_CURVE('',#6117,#6437,#6439,.T.);
#5627=EDGE_CURVE('',#6440,#6437,#6441,.T.);
#5628=EDGE_CURVE('',#6440,#6119,#6442,.T.);
#5629=EDGE_CURVE('',#6443,#6444,#6445,.T.);
#5630=EDGE_CURVE('',#6446,#6443,#6447,.T.);
#5631=EDGE_CURVE('',#6448,#6446,#6449,.T.);
#5632=EDGE_CURVE('',#6444,#6448,#6450,.T.);
#5633=EDGE_CURVE('',#6121,#6451,#6452,.T.);
#5634=EDGE_CURVE('',#6451,#6440,#6453,.F.);
#5635=EDGE_CURVE('',#6454,#6451,#6455,.T.);
#5636=EDGE_CURVE('',#6454,#6123,#6456,.T.);
#5637=EDGE_CURVE('',#6457,#6454,#6458,.F.);
#5638=EDGE_CURVE('',#6125,#6457,#6459,.T.);
#5639=EDGE_CURVE('',#6460,#6457,#6461,.T.);
#5640=EDGE_CURVE('',#6460,#6127,#6462,.T.);
#5641=EDGE_CURVE('',#6463,#6464,#6465,.T.);
#5642=EDGE_CURVE('',#6466,#6463,#6467,.T.);
#5643=EDGE_CURVE('',#6468,#6466,#6469,.T.);
#5644=EDGE_CURVE('',#6464,#6468,#6470,.T.);
#5645=EDGE_CURVE('',#6129,#6471,#6472,.T.);
#5646=EDGE_CURVE('',#6471,#6460,#6473,.F.);
#5647=EDGE_CURVE('',#6471,#6152,#6474,.T.);
#5648=EDGE_CURVE('',#6161,#6475,#6476,.F.);
#5649=EDGE_CURVE('',#6475,#6148,#6477,.F.);
#5650=EDGE_CURVE('',#6154,#6262,#6478,.T.);
#5651=EDGE_CURVE('',#6479,#6480,#6481,.F.);
#5652=EDGE_CURVE('',#6480,#6482,#6483,.F.);
#5653=EDGE_CURVE('',#6482,#6475,#6484,.T.);
#5654=EDGE_CURVE('',#6260,#6479,#6485,.F.);
#5655=EDGE_CURVE('',#6160,#6482,#6486,.F.);
#5656=EDGE_CURVE('',#6251,#6160,#6487,.F.);
#5657=EDGE_CURVE('',#6488,#6489,#6490,.T.);
#5658=EDGE_CURVE('',#6170,#6488,#6491,.T.);
#5659=EDGE_CURVE('',#6171,#6489,#6492,.T.);
#5660=EDGE_CURVE('',#6493,#6488,#6494,.T.);
#5661=EDGE_CURVE('',#6173,#6493,#6495,.T.);
#5662=EDGE_CURVE('',#6496,#6493,#6497,.T.);
#5663=EDGE_CURVE('',#6175,#6496,#6498,.T.);
#5664=EDGE_CURVE('',#6489,#6496,#6499,.T.);
#5665=EDGE_CURVE('',#6500,#6501,#6502,.T.);
#5666=EDGE_CURVE('',#6178,#6500,#6503,.T.);
#5667=EDGE_CURVE('',#6179,#6501,#6504,.T.);
#5668=EDGE_CURVE('',#6505,#6500,#6506,.T.);
#5669=EDGE_CURVE('',#6181,#6505,#6507,.T.);
#5670=EDGE_CURVE('',#6508,#6505,#6509,.T.);
#5671=EDGE_CURVE('',#6183,#6508,#6510,.T.);
#5672=EDGE_CURVE('',#6501,#6508,#6511,.T.);
#5673=EDGE_CURVE('',#6512,#6513,#6514,.T.);
#5674=EDGE_CURVE('',#6186,#6512,#6515,.T.);
#5675=EDGE_CURVE('',#6187,#6513,#6516,.T.);
#5676=EDGE_CURVE('',#6517,#6512,#6518,.T.);
#5677=EDGE_CURVE('',#6189,#6517,#6519,.T.);
#5678=EDGE_CURVE('',#6520,#6517,#6521,.T.);
#5679=EDGE_CURVE('',#6191,#6520,#6522,.T.);
#5680=EDGE_CURVE('',#6513,#6520,#6523,.T.);
#5681=EDGE_CURVE('',#6524,#6525,#6526,.T.);
#5682=EDGE_CURVE('',#6194,#6524,#6527,.T.);
#5683=EDGE_CURVE('',#6195,#6525,#6528,.T.);
#5684=EDGE_CURVE('',#6529,#6524,#6530,.T.);
#5685=EDGE_CURVE('',#6197,#6529,#6531,.T.);
#5686=EDGE_CURVE('',#6532,#6529,#6533,.T.);
#5687=EDGE_CURVE('',#6199,#6532,#6534,.T.);
#5688=EDGE_CURVE('',#6525,#6532,#6535,.T.);
#5689=EDGE_CURVE('',#6536,#6537,#6538,.T.);
#5690=EDGE_CURVE('',#6202,#6536,#6539,.T.);
#5691=EDGE_CURVE('',#6203,#6537,#6540,.T.);
#5692=EDGE_CURVE('',#6541,#6536,#6542,.T.);
#5693=EDGE_CURVE('',#6205,#6541,#6543,.T.);
#5694=EDGE_CURVE('',#6544,#6541,#6545,.T.);
#5695=EDGE_CURVE('',#6207,#6544,#6546,.T.);
#5696=EDGE_CURVE('',#6537,#6544,#6547,.T.);
#5697=EDGE_CURVE('',#6548,#6549,#6550,.T.);
#5698=EDGE_CURVE('',#6210,#6548,#6551,.T.);
#5699=EDGE_CURVE('',#6211,#6549,#6552,.T.);
#5700=EDGE_CURVE('',#6553,#6548,#6554,.T.);
#5701=EDGE_CURVE('',#6213,#6553,#6555,.T.);
#5702=EDGE_CURVE('',#6556,#6553,#6557,.T.);
#5703=EDGE_CURVE('',#6215,#6556,#6558,.T.);
#5704=EDGE_CURVE('',#6549,#6556,#6559,.T.);
#5705=EDGE_CURVE('',#6560,#6561,#6562,.T.);
#5706=EDGE_CURVE('',#6218,#6560,#6563,.T.);
#5707=EDGE_CURVE('',#6219,#6561,#6564,.T.);
#5708=EDGE_CURVE('',#6565,#6560,#6566,.T.);
#5709=EDGE_CURVE('',#6221,#6565,#6567,.T.);
#5710=EDGE_CURVE('',#6568,#6565,#6569,.T.);
#5711=EDGE_CURVE('',#6223,#6568,#6570,.T.);
#5712=EDGE_CURVE('',#6561,#6568,#6571,.T.);
#5713=EDGE_CURVE('',#6572,#6573,#6574,.T.);
#5714=EDGE_CURVE('',#6226,#6572,#6575,.T.);
#5715=EDGE_CURVE('',#6227,#6573,#6576,.T.);
#5716=EDGE_CURVE('',#6577,#6572,#6578,.T.);
#5717=EDGE_CURVE('',#6229,#6577,#6579,.T.);
#5718=EDGE_CURVE('',#6580,#6577,#6581,.T.);
#5719=EDGE_CURVE('',#6231,#6580,#6582,.T.);
#5720=EDGE_CURVE('',#6573,#6580,#6583,.T.);
#5721=EDGE_CURVE('',#6584,#6585,#6586,.T.);
#5722=EDGE_CURVE('',#6234,#6584,#6587,.T.);
#5723=EDGE_CURVE('',#6235,#6585,#6588,.T.);
#5724=EDGE_CURVE('',#6589,#6584,#6590,.T.);
#5725=EDGE_CURVE('',#6237,#6589,#6591,.T.);
#5726=EDGE_CURVE('',#6592,#6589,#6593,.T.);
#5727=EDGE_CURVE('',#6239,#6592,#6594,.T.);
#5728=EDGE_CURVE('',#6585,#6592,#6595,.T.);
#5729=EDGE_CURVE('',#6596,#6597,#6598,.T.);
#5730=EDGE_CURVE('',#6242,#6596,#6599,.T.);
#5731=EDGE_CURVE('',#6243,#6597,#6600,.T.);
#5732=EDGE_CURVE('',#6601,#6596,#6602,.T.);
#5733=EDGE_CURVE('',#6245,#6601,#6603,.T.);
#5734=EDGE_CURVE('',#6604,#6601,#6605,.T.);
#5735=EDGE_CURVE('',#6247,#6604,#6606,.T.);
#5736=EDGE_CURVE('',#6597,#6604,#6607,.T.);
#5737=EDGE_CURVE('',#6479,#6250,#6608,.F.);
#5738=EDGE_CURVE('',#6251,#6480,#6609,.F.);
#5739=EDGE_CURVE('',#6610,#6611,#6612,.T.);
#5740=EDGE_CURVE('',#6611,#6283,#6613,.T.);
#5741=EDGE_CURVE('',#6610,#6284,#6614,.T.);
#5742=EDGE_CURVE('',#6611,#6615,#6616,.T.);
#5743=EDGE_CURVE('',#6615,#6286,#6617,.T.);
#5744=EDGE_CURVE('',#6615,#6618,#6619,.T.);
#5745=EDGE_CURVE('',#6618,#6288,#6620,.T.);
#5746=EDGE_CURVE('',#6618,#6610,#6621,.T.);
#5747=EDGE_CURVE('',#6622,#6623,#6624,.T.);
#5748=EDGE_CURVE('',#6623,#6303,#6625,.T.);
#5749=EDGE_CURVE('',#6622,#6304,#6626,.T.);
#5750=EDGE_CURVE('',#6623,#6627,#6628,.T.);
#5751=EDGE_CURVE('',#6627,#6306,#6629,.T.);
#5752=EDGE_CURVE('',#6627,#6630,#6631,.T.);
#5753=EDGE_CURVE('',#6630,#6308,#6632,.T.);
#5754=EDGE_CURVE('',#6630,#6622,#6633,.T.);
#5755=EDGE_CURVE('',#6634,#6635,#6636,.T.);
#5756=EDGE_CURVE('',#6635,#6323,#6637,.T.);
#5757=EDGE_CURVE('',#6634,#6324,#6638,.T.);
#5758=EDGE_CURVE('',#6635,#6639,#6640,.T.);
#5759=EDGE_CURVE('',#6639,#6326,#6641,.T.);
#5760=EDGE_CURVE('',#6639,#6642,#6643,.T.);
#5761=EDGE_CURVE('',#6642,#6328,#6644,.T.);
#5762=EDGE_CURVE('',#6642,#6634,#6645,.T.);
#5763=EDGE_CURVE('',#6646,#6647,#6648,.T.);
#5764=EDGE_CURVE('',#6647,#6343,#6649,.T.);
#5765=EDGE_CURVE('',#6646,#6344,#6650,.T.);
#5766=EDGE_CURVE('',#6647,#6651,#6652,.T.);
#5767=EDGE_CURVE('',#6651,#6346,#6653,.T.);
#5768=EDGE_CURVE('',#6651,#6654,#6655,.T.);
#5769=EDGE_CURVE('',#6654,#6348,#6656,.T.);
#5770=EDGE_CURVE('',#6654,#6646,#6657,.T.);
#5771=EDGE_CURVE('',#6658,#6659,#6660,.T.);
#5772=EDGE_CURVE('',#6659,#6363,#6661,.T.);
#5773=EDGE_CURVE('',#6658,#6364,#6662,.T.);
#5774=EDGE_CURVE('',#6659,#6663,#6664,.T.);
#5775=EDGE_CURVE('',#6663,#6366,#6665,.T.);
#5776=EDGE_CURVE('',#6663,#6666,#6667,.T.);
#5777=EDGE_CURVE('',#6666,#6368,#6668,.T.);
#5778=EDGE_CURVE('',#6666,#6658,#6669,.T.);
#5779=EDGE_CURVE('',#6670,#6671,#6672,.T.);
#5780=EDGE_CURVE('',#6671,#6383,#6673,.T.);
#5781=EDGE_CURVE('',#6670,#6384,#6674,.T.);
#5782=EDGE_CURVE('',#6671,#6675,#6676,.T.);
#5783=EDGE_CURVE('',#6675,#6386,#6677,.T.);
#5784=EDGE_CURVE('',#6675,#6678,#6679,.T.);
#5785=EDGE_CURVE('',#6678,#6388,#6680,.T.);
#5786=EDGE_CURVE('',#6678,#6670,#6681,.T.);
#5787=EDGE_CURVE('',#6682,#6683,#6684,.T.);
#5788=EDGE_CURVE('',#6683,#6403,#6685,.T.);
#5789=EDGE_CURVE('',#6682,#6404,#6686,.T.);
#5790=EDGE_CURVE('',#6683,#6687,#6688,.T.);
#5791=EDGE_CURVE('',#6687,#6406,#6689,.T.);
#5792=EDGE_CURVE('',#6687,#6690,#6691,.T.);
#5793=EDGE_CURVE('',#6690,#6408,#6692,.T.);
#5794=EDGE_CURVE('',#6690,#6682,#6693,.T.);
#5795=EDGE_CURVE('',#6694,#6695,#6696,.T.);
#5796=EDGE_CURVE('',#6695,#6423,#6697,.T.);
#5797=EDGE_CURVE('',#6694,#6424,#6698,.T.);
#5798=EDGE_CURVE('',#6695,#6699,#6700,.T.);
#5799=EDGE_CURVE('',#6699,#6426,#6701,.T.);
#5800=EDGE_CURVE('',#6699,#6702,#6703,.T.);
#5801=EDGE_CURVE('',#6702,#6428,#6704,.T.);
#5802=EDGE_CURVE('',#6702,#6694,#6705,.T.);
#5803=EDGE_CURVE('',#6706,#6707,#6708,.T.);
#5804=EDGE_CURVE('',#6707,#6443,#6709,.T.);
#5805=EDGE_CURVE('',#6706,#6444,#6710,.T.);
#5806=EDGE_CURVE('',#6707,#6711,#6712,.T.);
#5807=EDGE_CURVE('',#6711,#6446,#6713,.T.);
#5808=EDGE_CURVE('',#6711,#6714,#6715,.T.);
#5809=EDGE_CURVE('',#6714,#6448,#6716,.T.);
#5810=EDGE_CURVE('',#6714,#6706,#6717,.T.);
#5811=EDGE_CURVE('',#6718,#6719,#6720,.T.);
#5812=EDGE_CURVE('',#6719,#6463,#6721,.T.);
#5813=EDGE_CURVE('',#6718,#6464,#6722,.T.);
#5814=EDGE_CURVE('',#6719,#6723,#6724,.T.);
#5815=EDGE_CURVE('',#6723,#6466,#6725,.T.);
#5816=EDGE_CURVE('',#6723,#6726,#6727,.T.);
#5817=EDGE_CURVE('',#6726,#6468,#6728,.T.);
#5818=EDGE_CURVE('',#6726,#6718,#6729,.T.);
#5819=EDGE_CURVE('',#6489,#6730,#6731,.T.);
#5820=EDGE_CURVE('',#6732,#6730,#6733,.T.);
#5821=EDGE_CURVE('',#6488,#6732,#6734,.T.);
#5822=EDGE_CURVE('',#6735,#6732,#6736,.T.);
#5823=EDGE_CURVE('',#6493,#6735,#6737,.T.);
#5824=EDGE_CURVE('',#6738,#6735,#6739,.T.);
#5825=EDGE_CURVE('',#6496,#6738,#6740,.T.);
#5826=EDGE_CURVE('',#6730,#6738,#6741,.T.);
#5827=EDGE_CURVE('',#6501,#6742,#6743,.T.);
#5828=EDGE_CURVE('',#6744,#6742,#6745,.T.);
#5829=EDGE_CURVE('',#6500,#6744,#6746,.T.);
#5830=EDGE_CURVE('',#6747,#6744,#6748,.T.);
#5831=EDGE_CURVE('',#6505,#6747,#6749,.T.);
#5832=EDGE_CURVE('',#6750,#6747,#6751,.T.);
#5833=EDGE_CURVE('',#6508,#6750,#6752,.T.);
#5834=EDGE_CURVE('',#6742,#6750,#6753,.T.);
#5835=EDGE_CURVE('',#6513,#6754,#6755,.T.);
#5836=EDGE_CURVE('',#6756,#6754,#6757,.T.);
#5837=EDGE_CURVE('',#6512,#6756,#6758,.T.);
#5838=EDGE_CURVE('',#6759,#6756,#6760,.T.);
#5839=EDGE_CURVE('',#6517,#6759,#6761,.T.);
#5840=EDGE_CURVE('',#6762,#6759,#6763,.T.);
#5841=EDGE_CURVE('',#6520,#6762,#6764,.T.);
#5842=EDGE_CURVE('',#6754,#6762,#6765,.T.);
#5843=EDGE_CURVE('',#6525,#6766,#6767,.T.);
#5844=EDGE_CURVE('',#6768,#6766,#6769,.T.);
#5845=EDGE_CURVE('',#6524,#6768,#6770,.T.);
#5846=EDGE_CURVE('',#6771,#6768,#6772,.T.);
#5847=EDGE_CURVE('',#6529,#6771,#6773,.T.);
#5848=EDGE_CURVE('',#6774,#6771,#6775,.T.);
#5849=EDGE_CURVE('',#6532,#6774,#6776,.T.);
#5850=EDGE_CURVE('',#6766,#6774,#6777,.T.);
#5851=EDGE_CURVE('',#6537,#6778,#6779,.T.);
#5852=EDGE_CURVE('',#6780,#6778,#6781,.T.);
#5853=EDGE_CURVE('',#6536,#6780,#6782,.T.);
#5854=EDGE_CURVE('',#6783,#6780,#6784,.T.);
#5855=EDGE_CURVE('',#6541,#6783,#6785,.T.);
#5856=EDGE_CURVE('',#6786,#6783,#6787,.T.);
#5857=EDGE_CURVE('',#6544,#6786,#6788,.T.);
#5858=EDGE_CURVE('',#6778,#6786,#6789,.T.);
#5859=EDGE_CURVE('',#6549,#6790,#6791,.T.);
#5860=EDGE_CURVE('',#6792,#6790,#6793,.T.);
#5861=EDGE_CURVE('',#6548,#6792,#6794,.T.);
#5862=EDGE_CURVE('',#6795,#6792,#6796,.T.);
#5863=EDGE_CURVE('',#6553,#6795,#6797,.T.);
#5864=EDGE_CURVE('',#6798,#6795,#6799,.T.);
#5865=EDGE_CURVE('',#6556,#6798,#6800,.T.);
#5866=EDGE_CURVE('',#6790,#6798,#6801,.T.);
#5867=EDGE_CURVE('',#6561,#6802,#6803,.T.);
#5868=EDGE_CURVE('',#6804,#6802,#6805,.T.);
#5869=EDGE_CURVE('',#6560,#6804,#6806,.T.);
#5870=EDGE_CURVE('',#6807,#6804,#6808,.T.);
#5871=EDGE_CURVE('',#6565,#6807,#6809,.T.);
#5872=EDGE_CURVE('',#6810,#6807,#6811,.T.);
#5873=EDGE_CURVE('',#6568,#6810,#6812,.T.);
#5874=EDGE_CURVE('',#6802,#6810,#6813,.T.);
#5875=EDGE_CURVE('',#6573,#6814,#6815,.T.);
#5876=EDGE_CURVE('',#6816,#6814,#6817,.T.);
#5877=EDGE_CURVE('',#6572,#6816,#6818,.T.);
#5878=EDGE_CURVE('',#6819,#6816,#6820,.T.);
#5879=EDGE_CURVE('',#6577,#6819,#6821,.T.);
#5880=EDGE_CURVE('',#6822,#6819,#6823,.T.);
#5881=EDGE_CURVE('',#6580,#6822,#6824,.T.);
#5882=EDGE_CURVE('',#6814,#6822,#6825,.T.);
#5883=EDGE_CURVE('',#6585,#6826,#6827,.T.);
#5884=EDGE_CURVE('',#6828,#6826,#6829,.T.);
#5885=EDGE_CURVE('',#6584,#6828,#6830,.T.);
#5886=EDGE_CURVE('',#6831,#6828,#6832,.T.);
#5887=EDGE_CURVE('',#6589,#6831,#6833,.T.);
#5888=EDGE_CURVE('',#6834,#6831,#6835,.T.);
#5889=EDGE_CURVE('',#6592,#6834,#6836,.T.);
#5890=EDGE_CURVE('',#6826,#6834,#6837,.T.);
#5891=EDGE_CURVE('',#6597,#6838,#6839,.T.);
#5892=EDGE_CURVE('',#6840,#6838,#6841,.T.);
#5893=EDGE_CURVE('',#6596,#6840,#6842,.T.);
#5894=EDGE_CURVE('',#6843,#6840,#6844,.T.);
#5895=EDGE_CURVE('',#6601,#6843,#6845,.T.);
#5896=EDGE_CURVE('',#6846,#6843,#6847,.T.);
#5897=EDGE_CURVE('',#6604,#6846,#6848,.T.);
#5898=EDGE_CURVE('',#6838,#6846,#6849,.T.);
#5899=EDGE_CURVE('',#6850,#6610,#6851,.F.);
#5900=EDGE_CURVE('',#6850,#6852,#6853,.T.);
#5901=EDGE_CURVE('',#6852,#6611,#6854,.F.);
#5902=EDGE_CURVE('',#6852,#6855,#6856,.T.);
#5903=EDGE_CURVE('',#6855,#6615,#6857,.F.);
#5904=EDGE_CURVE('',#6855,#6858,#6859,.T.);
#5905=EDGE_CURVE('',#6858,#6618,#6860,.F.);
#5906=EDGE_CURVE('',#6858,#6850,#6861,.T.);
#5907=EDGE_CURVE('',#6862,#6622,#6863,.F.);
#5908=EDGE_CURVE('',#6862,#6864,#6865,.T.);
#5909=EDGE_CURVE('',#6864,#6623,#6866,.F.);
#5910=EDGE_CURVE('',#6864,#6867,#6868,.T.);
#5911=EDGE_CURVE('',#6867,#6627,#6869,.F.);
#5912=EDGE_CURVE('',#6867,#6870,#6871,.T.);
#5913=EDGE_CURVE('',#6870,#6630,#6872,.F.);
#5914=EDGE_CURVE('',#6870,#6862,#6873,.T.);
#5915=EDGE_CURVE('',#6874,#6634,#6875,.F.);
#5916=EDGE_CURVE('',#6874,#6876,#6877,.T.);
#5917=EDGE_CURVE('',#6876,#6635,#6878,.F.);
#5918=EDGE_CURVE('',#6876,#6879,#6880,.T.);
#5919=EDGE_CURVE('',#6879,#6639,#6881,.F.);
#5920=EDGE_CURVE('',#6879,#6882,#6883,.T.);
#5921=EDGE_CURVE('',#6882,#6642,#6884,.F.);
#5922=EDGE_CURVE('',#6882,#6874,#6885,.T.);
#5923=EDGE_CURVE('',#6886,#6646,#6887,.F.);
#5924=EDGE_CURVE('',#6886,#6888,#6889,.T.);
#5925=EDGE_CURVE('',#6888,#6647,#6890,.F.);
#5926=EDGE_CURVE('',#6888,#6891,#6892,.T.);
#5927=EDGE_CURVE('',#6891,#6651,#6893,.F.);
#5928=EDGE_CURVE('',#6891,#6894,#6895,.T.);
#5929=EDGE_CURVE('',#6894,#6654,#6896,.F.);
#5930=EDGE_CURVE('',#6894,#6886,#6897,.T.);
#5931=EDGE_CURVE('',#6898,#6658,#6899,.F.);
#5932=EDGE_CURVE('',#6898,#6900,#6901,.T.);
#5933=EDGE_CURVE('',#6900,#6659,#6902,.F.);
#5934=EDGE_CURVE('',#6900,#6903,#6904,.T.);
#5935=EDGE_CURVE('',#6903,#6663,#6905,.F.);
#5936=EDGE_CURVE('',#6903,#6906,#6907,.T.);
#5937=EDGE_CURVE('',#6906,#6666,#6908,.F.);
#5938=EDGE_CURVE('',#6906,#6898,#6909,.T.);
#5939=EDGE_CURVE('',#6910,#6670,#6911,.F.);
#5940=EDGE_CURVE('',#6910,#6912,#6913,.T.);
#5941=EDGE_CURVE('',#6912,#6671,#6914,.F.);
#5942=EDGE_CURVE('',#6912,#6915,#6916,.T.);
#5943=EDGE_CURVE('',#6915,#6675,#6917,.F.);
#5944=EDGE_CURVE('',#6915,#6918,#6919,.T.);
#5945=EDGE_CURVE('',#6918,#6678,#6920,.F.);
#5946=EDGE_CURVE('',#6918,#6910,#6921,.T.);
#5947=EDGE_CURVE('',#6922,#6682,#6923,.F.);
#5948=EDGE_CURVE('',#6922,#6924,#6925,.T.);
#5949=EDGE_CURVE('',#6924,#6683,#6926,.F.);
#5950=EDGE_CURVE('',#6924,#6927,#6928,.T.);
#5951=EDGE_CURVE('',#6927,#6687,#6929,.F.);
#5952=EDGE_CURVE('',#6927,#6930,#6931,.T.);
#5953=EDGE_CURVE('',#6930,#6690,#6932,.F.);
#5954=EDGE_CURVE('',#6930,#6922,#6933,.T.);
#5955=EDGE_CURVE('',#6934,#6694,#6935,.F.);
#5956=EDGE_CURVE('',#6934,#6936,#6937,.T.);
#5957=EDGE_CURVE('',#6936,#6695,#6938,.F.);
#5958=EDGE_CURVE('',#6936,#6939,#6940,.T.);
#5959=EDGE_CURVE('',#6939,#6699,#6941,.F.);
#5960=EDGE_CURVE('',#6939,#6942,#6943,.T.);
#5961=EDGE_CURVE('',#6942,#6702,#6944,.F.);
#5962=EDGE_CURVE('',#6942,#6934,#6945,.T.);
#5963=EDGE_CURVE('',#6946,#6706,#6947,.F.);
#5964=EDGE_CURVE('',#6946,#6948,#6949,.T.);
#5965=EDGE_CURVE('',#6948,#6707,#6950,.F.);
#5966=EDGE_CURVE('',#6948,#6951,#6952,.T.);
#5967=EDGE_CURVE('',#6951,#6711,#6953,.F.);
#5968=EDGE_CURVE('',#6951,#6954,#6955,.T.);
#5969=EDGE_CURVE('',#6954,#6714,#6956,.F.);
#5970=EDGE_CURVE('',#6954,#6946,#6957,.T.);
#5971=EDGE_CURVE('',#6958,#6718,#6959,.F.);
#5972=EDGE_CURVE('',#6958,#6960,#6961,.T.);
#5973=EDGE_CURVE('',#6960,#6719,#6962,.F.);
#5974=EDGE_CURVE('',#6960,#6963,#6964,.T.);
#5975=EDGE_CURVE('',#6963,#6723,#6965,.F.);
#5976=EDGE_CURVE('',#6963,#6966,#6967,.T.);
#5977=EDGE_CURVE('',#6966,#6726,#6968,.F.);
#5978=EDGE_CURVE('',#6966,#6958,#6969,.T.);
#5979=VERTEX_POINT('',#6970);
#5980=VERTEX_POINT('',#6971);
#5981=LINE('',#6972,#6973);
#5982=VERTEX_POINT('',#6975);
#5983=LINE('',#6976,#6977);
#5984=VERTEX_POINT('',#6979);
#5985=CIRCLE('',#6980,0.6);
#5986=VERTEX_POINT('',#6984);
#5987=LINE('',#6985,#6986);
#5988=VERTEX_POINT('',#6988);
#5989=LINE('',#6989,#6990);
#5990=VERTEX_POINT('',#6992);
#5991=LINE('',#6993,#6994);
#5992=VERTEX_POINT('',#6996);
#5993=LINE('',#6997,#6998);
#5994=VERTEX_POINT('',#7000);
#5995=LINE('',#7001,#7002);
#5996=VERTEX_POINT('',#7004);
#5997=LINE('',#7005,#7006);
#5998=VERTEX_POINT('',#7008);
#5999=LINE('',#7009,#7010);
#6000=VERTEX_POINT('',#7012);
#6001=LINE('',#7013,#7014);
#6002=VERTEX_POINT('',#7016);
#6003=LINE('',#7017,#7018);
#6004=VERTEX_POINT('',#7020);
#6005=LINE('',#7021,#7022);
#6006=VERTEX_POINT('',#7024);
#6007=LINE('',#7025,#7026);
#6008=VERTEX_POINT('',#7028);
#6009=LINE('',#7029,#7030);
#6010=VERTEX_POINT('',#7032);
#6011=LINE('',#7033,#7034);
#6012=VERTEX_POINT('',#7036);
#6013=LINE('',#7037,#7038);
#6014=VERTEX_POINT('',#7040);
#6015=LINE('',#7041,#7042);
#6016=VERTEX_POINT('',#7044);
#6017=CIRCLE('',#7045,0.6);
#6018=VERTEX_POINT('',#7049);
#6019=LINE('',#7050,#7051);
#6020=VERTEX_POINT('',#7053);
#6021=LINE('',#7054,#7055);
#6022=LINE('',#7057,#7058);
#6023=VERTEX_POINT('',#7060);
#6024=LINE('',#7061,#7062);
#6025=VERTEX_POINT('',#7064);
#6026=LINE('',#7065,#7066);
#6027=LINE('',#7068,#7069);
#6028=VERTEX_POINT('',#7071);
#6029=LINE('',#7072,#7073);
#6030=VERTEX_POINT('',#7075);
#6031=LINE('',#7076,#7077);
#6032=LINE('',#7079,#7080);
#6033=VERTEX_POINT('',#7082);
#6034=LINE('',#7083,#7084);
#6035=VERTEX_POINT('',#7086);
#6036=LINE('',#7087,#7088);
#6037=VERTEX_POINT('',#7090);
#6038=LINE('',#7091,#7092);
#6039=VERTEX_POINT('',#7094);
#6040=CIRCLE('',#7095,0.6);
#6041=VERTEX_POINT('',#7099);
#6042=LINE('',#7100,#7101);
#6043=VERTEX_POINT('',#7103);
#6044=LINE('',#7104,#7105);
#6045=VERTEX_POINT('',#7107);
#6046=LINE('',#7108,#7109);
#6047=VERTEX_POINT('',#7111);
#6048=LINE('',#7112,#7113);
#6049=VERTEX_POINT('',#7115);
#6050=LINE('',#7116,#7117);
#6051=VERTEX_POINT('',#7119);
#6052=LINE('',#7120,#7121);
#6053=VERTEX_POINT('',#7123);
#6054=LINE('',#7124,#7125);
#6055=VERTEX_POINT('',#7127);
#6056=LINE('',#7128,#7129);
#6057=VERTEX_POINT('',#7131);
#6058=LINE('',#7132,#7133);
#6059=VERTEX_POINT('',#7135);
#6060=LINE('',#7136,#7137);
#6061=VERTEX_POINT('',#7139);
#6062=LINE('',#7140,#7141);
#6063=VERTEX_POINT('',#7143);
#6064=LINE('',#7144,#7145);
#6065=VERTEX_POINT('',#7147);
#6066=LINE('',#7148,#7149);
#6067=VERTEX_POINT('',#7151);
#6068=LINE('',#7152,#7153);
#6069=VERTEX_POINT('',#7155);
#6070=LINE('',#7156,#7157);
#6071=VERTEX_POINT('',#7159);
#6072=LINE('',#7160,#7161);
#6073=VERTEX_POINT('',#7163);
#6074=LINE('',#7164,#7165);
#6075=VERTEX_POINT('',#7167);
#6076=LINE('',#7168,#7169);
#6077=VERTEX_POINT('',#7171);
#6078=LINE('',#7172,#7173);
#6079=VERTEX_POINT('',#7175);
#6080=LINE('',#7176,#7177);
#6081=VERTEX_POINT('',#7179);
#6082=LINE('',#7180,#7181);
#6083=VERTEX_POINT('',#7183);
#6084=LINE('',#7184,#7185);
#6085=VERTEX_POINT('',#7187);
#6086=LINE('',#7188,#7189);
#6087=VERTEX_POINT('',#7191);
#6088=LINE('',#7192,#7193);
#6089=VERTEX_POINT('',#7195);
#6090=LINE('',#7196,#7197);
#6091=VERTEX_POINT('',#7199);
#6092=LINE('',#7200,#7201);
#6093=VERTEX_POINT('',#7203);
#6094=LINE('',#7204,#7205);
#6095=VERTEX_POINT('',#7207);
#6096=LINE('',#7208,#7209);
#6097=VERTEX_POINT('',#7211);
#6098=LINE('',#7212,#7213);
#6099=VERTEX_POINT('',#7215);
#6100=LINE('',#7216,#7217);
#6101=VERTEX_POINT('',#7219);
#6102=LINE('',#7220,#7221);
#6103=VERTEX_POINT('',#7223);
#6104=LINE('',#7224,#7225);
#6105=VERTEX_POINT('',#7227);
#6106=LINE('',#7228,#7229);
#6107=VERTEX_POINT('',#7231);
#6108=LINE('',#7232,#7233);
#6109=VERTEX_POINT('',#7235);
#6110=LINE('',#7236,#7237);
#6111=VERTEX_POINT('',#7239);
#6112=LINE('',#7240,#7241);
#6113=VERTEX_POINT('',#7243);
#6114=LINE('',#7244,#7245);
#6115=VERTEX_POINT('',#7247);
#6116=LINE('',#7248,#7249);
#6117=VERTEX_POINT('',#7251);
#6118=LINE('',#7252,#7253);
#6119=VERTEX_POINT('',#7255);
#6120=LINE('',#7256,#7257);
#6121=VERTEX_POINT('',#7259);
#6122=LINE('',#7260,#7261);
#6123=VERTEX_POINT('',#7263);
#6124=LINE('',#7264,#7265);
#6125=VERTEX_POINT('',#7267);
#6126=LINE('',#7268,#7269);
#6127=VERTEX_POINT('',#7271);
#6128=LINE('',#7272,#7273);
#6129=VERTEX_POINT('',#7275);
#6130=LINE('',#7276,#7277);
#6131=VERTEX_POINT('',#7279);
#6132=LINE('',#7280,#7281);
#6133=LINE('',#7283,#7284);
#6134=VERTEX_POINT('',#7286);
#6135=LINE('',#7287,#7288);
#6136=VERTEX_POINT('',#7290);
#6137=LINE('',#7291,#7292);
#6138=VERTEX_POINT('',#7294);
#6139=LINE('',#7295,#7296);
#6140=VERTEX_POINT('',#7298);
#6141=CIRCLE('',#7299,0.6);
#6142=LINE('',#7303,#7304);
#6143=LINE('',#7306,#7307);
#6144=LINE('',#7309,#7310);
#6145=LINE('',#7312,#7313);
#6146=LINE('',#7315,#7316);
#6147=LINE('',#7318,#7319);
#6148=VERTEX_POINT('',#7321);
#6149=VERTEX_POINT('',#7322);
#6150=LINE('',#7323,#7324);
#6151=LINE('',#7326,#7327);
#6152=VERTEX_POINT('',#7329);
#6153=LINE('',#7330,#7331);
#6154=VERTEX_POINT('',#7333);
#6155=LINE('',#7334,#7335);
#6156=LINE('',#7337,#7338);
#6157=VERTEX_POINT('',#7340);
#6158=LINE('',#7341,#7342);
#6159=LINE('',#7344,#7345);
#6160=VERTEX_POINT('',#7347);
#6161=VERTEX_POINT('',#7348);
#6162=LINE('',#7349,#7350);
#6163=VERTEX_POINT('',#7352);
#6164=LINE('',#7353,#7354);
#6165=LINE('',#7356,#7357);
#6166=LINE('',#7359,#7360);
#6167=VERTEX_POINT('',#7362);
#6168=LINE('',#7363,#7364);
#6169=LINE('',#7366,#7367);
#6170=VERTEX_POINT('',#7369);
#6171=VERTEX_POINT('',#7370);
#6172=LINE('',#7371,#7372);
#6173=VERTEX_POINT('',#7374);
#6174=LINE('',#7375,#7376);
#6175=VERTEX_POINT('',#7378);
#6176=LINE('',#7379,#7380);
#6177=LINE('',#7382,#7383);
#6178=VERTEX_POINT('',#7385);
#6179=VERTEX_POINT('',#7386);
#6180=LINE('',#7387,#7388);
#6181=VERTEX_POINT('',#7390);
#6182=LINE('',#7391,#7392);
#6183=VERTEX_POINT('',#7394);
#6184=LINE('',#7395,#7396);
#6185=LINE('',#7398,#7399);
#6186=VERTEX_POINT('',#7401);
#6187=VERTEX_POINT('',#7402);
#6188=LINE('',#7403,#7404);
#6189=VERTEX_POINT('',#7406);
#6190=LINE('',#7407,#7408);
#6191=VERTEX_POINT('',#7410);
#6192=LINE('',#7411,#7412);
#6193=LINE('',#7414,#7415);
#6194=VERTEX_POINT('',#7417);
#6195=VERTEX_POINT('',#7418);
#6196=LINE('',#7419,#7420);
#6197=VERTEX_POINT('',#7422);
#6198=LINE('',#7423,#7424);
#6199=VERTEX_POINT('',#7426);
#6200=LINE('',#7427,#7428);
#6201=LINE('',#7430,#7431);
#6202=VERTEX_POINT('',#7433);
#6203=VERTEX_POINT('',#7434);
#6204=LINE('',#7435,#7436);
#6205=VERTEX_POINT('',#7438);
#6206=LINE('',#7439,#7440);
#6207=VERTEX_POINT('',#7442);
#6208=LINE('',#7443,#7444);
#6209=LINE('',#7446,#7447);
#6210=VERTEX_POINT('',#7449);
#6211=VERTEX_POINT('',#7450);
#6212=LINE('',#7451,#7452);
#6213=VERTEX_POINT('',#7454);
#6214=LINE('',#7455,#7456);
#6215=VERTEX_POINT('',#7458);
#6216=LINE('',#7459,#7460);
#6217=LINE('',#7462,#7463);
#6218=VERTEX_POINT('',#7465);
#6219=VERTEX_POINT('',#7466);
#6220=LINE('',#7467,#7468);
#6221=VERTEX_POINT('',#7470);
#6222=LINE('',#7471,#7472);
#6223=VERTEX_POINT('',#7474);
#6224=LINE('',#7475,#7476);
#6225=LINE('',#7478,#7479);
#6226=VERTEX_POINT('',#7481);
#6227=VERTEX_POINT('',#7482);
#6228=LINE('',#7483,#7484);
#6229=VERTEX_POINT('',#7486);
#6230=LINE('',#7487,#7488);
#6231=VERTEX_POINT('',#7490);
#6232=LINE('',#7491,#7492);
#6233=LINE('',#7494,#7495);
#6234=VERTEX_POINT('',#7497);
#6235=VERTEX_POINT('',#7498);
#6236=LINE('',#7499,#7500);
#6237=VERTEX_POINT('',#7502);
#6238=LINE('',#7503,#7504);
#6239=VERTEX_POINT('',#7506);
#6240=LINE('',#7507,#7508);
#6241=LINE('',#7510,#7511);
#6242=VERTEX_POINT('',#7513);
#6243=VERTEX_POINT('',#7514);
#6244=LINE('',#7515,#7516);
#6245=VERTEX_POINT('',#7518);
#6246=LINE('',#7519,#7520);
#6247=VERTEX_POINT('',#7522);
#6248=LINE('',#7523,#7524);
#6249=LINE('',#7526,#7527);
#6250=VERTEX_POINT('',#7529);
#6251=VERTEX_POINT('',#7530);
#6252=LINE('',#7531,#7532);
#6253=VERTEX_POINT('',#7534);
#6254=LINE('',#7535,#7536);
#6255=LINE('',#7538,#7539);
#6256=LINE('',#7541,#7542);
#6257=VERTEX_POINT('',#7544);
#6258=LINE('',#7545,#7546);
#6259=LINE('',#7548,#7549);
#6260=VERTEX_POINT('',#7551);
#6261=LINE('',#7552,#7553);
#6262=VERTEX_POINT('',#7555);
#6263=LINE('',#7556,#7557);
#6264=VERTEX_POINT('',#7559);
#6265=LINE('',#7560,#7561);
#6266=LINE('',#7563,#7564);
#6267=LINE('',#7566,#7567);
#6268=LINE('',#7569,#7570);
#6269=LINE('',#7572,#7573);
#6270=LINE('',#7575,#7576);
#6271=LINE('',#7578,#7579);
#6272=LINE('',#7581,#7582);
#6273=LINE('',#7584,#7585);
#6274=VERTEX_POINT('',#7587);
#6275=LINE('',#7588,#7589);
#6276=LINE('',#7591,#7592);
#6277=VERTEX_POINT('',#7594);
#6278=LINE('',#7595,#7596);
#6279=LINE('',#7598,#7599);
#6280=VERTEX_POINT('',#7601);
#6281=LINE('',#7602,#7603);
#6282=LINE('',#7605,#7606);
#6283=VERTEX_POINT('',#7608);
#6284=VERTEX_POINT('',#7609);
#6285=LINE('',#7610,#7611);
#6286=VERTEX_POINT('',#7613);
#6287=LINE('',#7614,#7615);
#6288=VERTEX_POINT('',#7617);
#6289=LINE('',#7618,#7619);
#6290=LINE('',#7621,#7622);
#6291=VERTEX_POINT('',#7624);
#6292=LINE('',#7625,#7626);
#6293=LINE('',#7628,#7629);
#6294=VERTEX_POINT('',#7631);
#6295=LINE('',#7632,#7633);
#6296=LINE('',#7635,#7636);
#6297=VERTEX_POINT('',#7638);
#6298=LINE('',#7639,#7640);
#6299=LINE('',#7642,#7643);
#6300=VERTEX_POINT('',#7645);
#6301=LINE('',#7646,#7647);
#6302=LINE('',#7649,#7650);
#6303=VERTEX_POINT('',#7652);
#6304=VERTEX_POINT('',#7653);
#6305=LINE('',#7654,#7655);
#6306=VERTEX_POINT('',#7657);
#6307=LINE('',#7658,#7659);
#6308=VERTEX_POINT('',#7661);
#6309=LINE('',#7662,#7663);
#6310=LINE('',#7665,#7666);
#6311=VERTEX_POINT('',#7668);
#6312=LINE('',#7669,#7670);
#6313=LINE('',#7672,#7673);
#6314=VERTEX_POINT('',#7675);
#6315=LINE('',#7676,#7677);
#6316=LINE('',#7679,#7680);
#6317=VERTEX_POINT('',#7682);
#6318=LINE('',#7683,#7684);
#6319=LINE('',#7686,#7687);
#6320=VERTEX_POINT('',#7689);
#6321=LINE('',#7690,#7691);
#6322=LINE('',#7693,#7694);
#6323=VERTEX_POINT('',#7696);
#6324=VERTEX_POINT('',#7697);
#6325=LINE('',#7698,#7699);
#6326=VERTEX_POINT('',#7701);
#6327=LINE('',#7702,#7703);
#6328=VERTEX_POINT('',#7705);
#6329=LINE('',#7706,#7707);
#6330=LINE('',#7709,#7710);
#6331=VERTEX_POINT('',#7712);
#6332=LINE('',#7713,#7714);
#6333=LINE('',#7716,#7717);
#6334=VERTEX_POINT('',#7719);
#6335=LINE('',#7720,#7721);
#6336=LINE('',#7723,#7724);
#6337=VERTEX_POINT('',#7726);
#6338=LINE('',#7727,#7728);
#6339=LINE('',#7730,#7731);
#6340=VERTEX_POINT('',#7733);
#6341=LINE('',#7734,#7735);
#6342=LINE('',#7737,#7738);
#6343=VERTEX_POINT('',#7740);
#6344=VERTEX_POINT('',#7741);
#6345=LINE('',#7742,#7743);
#6346=VERTEX_POINT('',#7745);
#6347=LINE('',#7746,#7747);
#6348=VERTEX_POINT('',#7749);
#6349=LINE('',#7750,#7751);
#6350=LINE('',#7753,#7754);
#6351=VERTEX_POINT('',#7756);
#6352=LINE('',#7757,#7758);
#6353=LINE('',#7760,#7761);
#6354=VERTEX_POINT('',#7763);
#6355=LINE('',#7764,#7765);
#6356=LINE('',#7767,#7768);
#6357=VERTEX_POINT('',#7770);
#6358=LINE('',#7771,#7772);
#6359=LINE('',#7774,#7775);
#6360=VERTEX_POINT('',#7777);
#6361=LINE('',#7778,#7779);
#6362=LINE('',#7781,#7782);
#6363=VERTEX_POINT('',#7784);
#6364=VERTEX_POINT('',#7785);
#6365=LINE('',#7786,#7787);
#6366=VERTEX_POINT('',#7789);
#6367=LINE('',#7790,#7791);
#6368=VERTEX_POINT('',#7793);
#6369=LINE('',#7794,#7795);
#6370=LINE('',#7797,#7798);
#6371=VERTEX_POINT('',#7800);
#6372=LINE('',#7801,#7802);
#6373=LINE('',#7804,#7805);
#6374=VERTEX_POINT('',#7807);
#6375=LINE('',#7808,#7809);
#6376=LINE('',#7811,#7812);
#6377=VERTEX_POINT('',#7814);
#6378=LINE('',#7815,#7816);
#6379=LINE('',#7818,#7819);
#6380=VERTEX_POINT('',#7821);
#6381=LINE('',#7822,#7823);
#6382=LINE('',#7825,#7826);
#6383=VERTEX_POINT('',#7828);
#6384=VERTEX_POINT('',#7829);
#6385=LINE('',#7830,#7831);
#6386=VERTEX_POINT('',#7833);
#6387=LINE('',#7834,#7835);
#6388=VERTEX_POINT('',#7837);
#6389=LINE('',#7838,#7839);
#6390=LINE('',#7841,#7842);
#6391=VERTEX_POINT('',#7844);
#6392=LINE('',#7845,#7846);
#6393=LINE('',#7848,#7849);
#6394=VERTEX_POINT('',#7851);
#6395=LINE('',#7852,#7853);
#6396=LINE('',#7855,#7856);
#6397=VERTEX_POINT('',#7858);
#6398=LINE('',#7859,#7860);
#6399=LINE('',#7862,#7863);
#6400=VERTEX_POINT('',#7865);
#6401=LINE('',#7866,#7867);
#6402=LINE('',#7869,#7870);
#6403=VERTEX_POINT('',#7872);
#6404=VERTEX_POINT('',#7873);
#6405=LINE('',#7874,#7875);
#6406=VERTEX_POINT('',#7877);
#6407=LINE('',#7878,#7879);
#6408=VERTEX_POINT('',#7881);
#6409=LINE('',#7882,#7883);
#6410=LINE('',#7885,#7886);
#6411=VERTEX_POINT('',#7888);
#6412=LINE('',#7889,#7890);
#6413=LINE('',#7892,#7893);
#6414=VERTEX_POINT('',#7895);
#6415=LINE('',#7896,#7897);
#6416=LINE('',#7899,#7900);
#6417=VERTEX_POINT('',#7902);
#6418=LINE('',#7903,#7904);
#6419=LINE('',#7906,#7907);
#6420=VERTEX_POINT('',#7909);
#6421=LINE('',#7910,#7911);
#6422=LINE('',#7913,#7914);
#6423=VERTEX_POINT('',#7916);
#6424=VERTEX_POINT('',#7917);
#6425=LINE('',#7918,#7919);
#6426=VERTEX_POINT('',#7921);
#6427=LINE('',#7922,#7923);
#6428=VERTEX_POINT('',#7925);
#6429=LINE('',#7926,#7927);
#6430=LINE('',#7929,#7930);
#6431=VERTEX_POINT('',#7932);
#6432=LINE('',#7933,#7934);
#6433=LINE('',#7936,#7937);
#6434=VERTEX_POINT('',#7939);
#6435=LINE('',#7940,#7941);
#6436=LINE('',#7943,#7944);
#6437=VERTEX_POINT('',#7946);
#6438=LINE('',#7947,#7948);
#6439=LINE('',#7950,#7951);
#6440=VERTEX_POINT('',#7953);
#6441=LINE('',#7954,#7955);
#6442=LINE('',#7957,#7958);
#6443=VERTEX_POINT('',#7960);
#6444=VERTEX_POINT('',#7961);
#6445=LINE('',#7962,#7963);
#6446=VERTEX_POINT('',#7965);
#6447=LINE('',#7966,#7967);
#6448=VERTEX_POINT('',#7969);
#6449=LINE('',#7970,#7971);
#6450=LINE('',#7973,#7974);
#6451=VERTEX_POINT('',#7976);
#6452=LINE('',#7977,#7978);
#6453=LINE('',#7980,#7981);
#6454=VERTEX_POINT('',#7983);
#6455=LINE('',#7984,#7985);
#6456=LINE('',#7987,#7988);
#6457=VERTEX_POINT('',#7990);
#6458=LINE('',#7991,#7992);
#6459=LINE('',#7994,#7995);
#6460=VERTEX_POINT('',#7997);
#6461=LINE('',#7998,#7999);
#6462=LINE('',#8001,#8002);
#6463=VERTEX_POINT('',#8004);
#6464=VERTEX_POINT('',#8005);
#6465=LINE('',#8006,#8007);
#6466=VERTEX_POINT('',#8009);
#6467=LINE('',#8010,#8011);
#6468=VERTEX_POINT('',#8013);
#6469=LINE('',#8014,#8015);
#6470=LINE('',#8017,#8018);
#6471=VERTEX_POINT('',#8020);
#6472=LINE('',#8021,#8022);
#6473=LINE('',#8024,#8025);
#6474=LINE('',#8027,#8028);
#6475=VERTEX_POINT('',#8030);
#6476=LINE('',#8031,#8032);
#6477=LINE('',#8034,#8035);
#6478=LINE('',#8037,#8038);
#6479=VERTEX_POINT('',#8040);
#6480=VERTEX_POINT('',#8041);
#6481=LINE('',#8042,#8043);
#6482=VERTEX_POINT('',#8045);
#6483=LINE('',#8046,#8047);
#6484=LINE('',#8049,#8050);
#6485=LINE('',#8052,#8053);
#6486=LINE('',#8055,#8056);
#6487=LINE('',#8058,#8059);
#6488=VERTEX_POINT('',#8061);
#6489=VERTEX_POINT('',#8062);
#6490=LINE('',#8063,#8064);
#6491=LINE('',#8066,#8067);
#6492=LINE('',#8069,#8070);
#6493=VERTEX_POINT('',#8072);
#6494=LINE('',#8073,#8074);
#6495=LINE('',#8076,#8077);
#6496=VERTEX_POINT('',#8079);
#6497=LINE('',#8080,#8081);
#6498=LINE('',#8083,#8084);
#6499=LINE('',#8086,#8087);
#6500=VERTEX_POINT('',#8089);
#6501=VERTEX_POINT('',#8090);
#6502=LINE('',#8091,#8092);
#6503=LINE('',#8094,#8095);
#6504=LINE('',#8097,#8098);
#6505=VERTEX_POINT('',#8100);
#6506=LINE('',#8101,#8102);
#6507=LINE('',#8104,#8105);
#6508=VERTEX_POINT('',#8107);
#6509=LINE('',#8108,#8109);
#6510=LINE('',#8111,#8112);
#6511=LINE('',#8114,#8115);
#6512=VERTEX_POINT('',#8117);
#6513=VERTEX_POINT('',#8118);
#6514=LINE('',#8119,#8120);
#6515=LINE('',#8122,#8123);
#6516=LINE('',#8125,#8126);
#6517=VERTEX_POINT('',#8128);
#6518=LINE('',#8129,#8130);
#6519=LINE('',#8132,#8133);
#6520=VERTEX_POINT('',#8135);
#6521=LINE('',#8136,#8137);
#6522=LINE('',#8139,#8140);
#6523=LINE('',#8142,#8143);
#6524=VERTEX_POINT('',#8145);
#6525=VERTEX_POINT('',#8146);
#6526=LINE('',#8147,#8148);
#6527=LINE('',#8150,#8151);
#6528=LINE('',#8153,#8154);
#6529=VERTEX_POINT('',#8156);
#6530=LINE('',#8157,#8158);
#6531=LINE('',#8160,#8161);
#6532=VERTEX_POINT('',#8163);
#6533=LINE('',#8164,#8165);
#6534=LINE('',#8167,#8168);
#6535=LINE('',#8170,#8171);
#6536=VERTEX_POINT('',#8173);
#6537=VERTEX_POINT('',#8174);
#6538=LINE('',#8175,#8176);
#6539=LINE('',#8178,#8179);
#6540=LINE('',#8181,#8182);
#6541=VERTEX_POINT('',#8184);
#6542=LINE('',#8185,#8186);
#6543=LINE('',#8188,#8189);
#6544=VERTEX_POINT('',#8191);
#6545=LINE('',#8192,#8193);
#6546=LINE('',#8195,#8196);
#6547=LINE('',#8198,#8199);
#6548=VERTEX_POINT('',#8201);
#6549=VERTEX_POINT('',#8202);
#6550=LINE('',#8203,#8204);
#6551=LINE('',#8206,#8207);
#6552=LINE('',#8209,#8210);
#6553=VERTEX_POINT('',#8212);
#6554=LINE('',#8213,#8214);
#6555=LINE('',#8216,#8217);
#6556=VERTEX_POINT('',#8219);
#6557=LINE('',#8220,#8221);
#6558=LINE('',#8223,#8224);
#6559=LINE('',#8226,#8227);
#6560=VERTEX_POINT('',#8229);
#6561=VERTEX_POINT('',#8230);
#6562=LINE('',#8231,#8232);
#6563=LINE('',#8234,#8235);
#6564=LINE('',#8237,#8238);
#6565=VERTEX_POINT('',#8240);
#6566=LINE('',#8241,#8242);
#6567=LINE('',#8244,#8245);
#6568=VERTEX_POINT('',#8247);
#6569=LINE('',#8248,#8249);
#6570=LINE('',#8251,#8252);
#6571=LINE('',#8254,#8255);
#6572=VERTEX_POINT('',#8257);
#6573=VERTEX_POINT('',#8258);
#6574=LINE('',#8259,#8260);
#6575=LINE('',#8262,#8263);
#6576=LINE('',#8265,#8266);
#6577=VERTEX_POINT('',#8268);
#6578=LINE('',#8269,#8270);
#6579=LINE('',#8272,#8273);
#6580=VERTEX_POINT('',#8275);
#6581=LINE('',#8276,#8277);
#6582=LINE('',#8279,#8280);
#6583=LINE('',#8282,#8283);
#6584=VERTEX_POINT('',#8285);
#6585=VERTEX_POINT('',#8286);
#6586=LINE('',#8287,#8288);
#6587=LINE('',#8290,#8291);
#6588=LINE('',#8293,#8294);
#6589=VERTEX_POINT('',#8296);
#6590=LINE('',#8297,#8298);
#6591=LINE('',#8300,#8301);
#6592=VERTEX_POINT('',#8303);
#6593=LINE('',#8304,#8305);
#6594=LINE('',#8307,#8308);
#6595=LINE('',#8310,#8311);
#6596=VERTEX_POINT('',#8313);
#6597=VERTEX_POINT('',#8314);
#6598=LINE('',#8315,#8316);
#6599=LINE('',#8318,#8319);
#6600=LINE('',#8321,#8322);
#6601=VERTEX_POINT('',#8324);
#6602=LINE('',#8325,#8326);
#6603=LINE('',#8328,#8329);
#6604=VERTEX_POINT('',#8331);
#6605=LINE('',#8332,#8333);
#6606=LINE('',#8335,#8336);
#6607=LINE('',#8338,#8339);
#6608=LINE('',#8341,#8342);
#6609=LINE('',#8344,#8345);
#6610=VERTEX_POINT('',#8347);
#6611=VERTEX_POINT('',#8348);
#6612=LINE('',#8349,#8350);
#6613=LINE('',#8352,#8353);
#6614=LINE('',#8355,#8356);
#6615=VERTEX_POINT('',#8358);
#6616=LINE('',#8359,#8360);
#6617=LINE('',#8362,#8363);
#6618=VERTEX_POINT('',#8365);
#6619=LINE('',#8366,#8367);
#6620=LINE('',#8369,#8370);
#6621=LINE('',#8372,#8373);
#6622=VERTEX_POINT('',#8375);
#6623=VERTEX_POINT('',#8376);
#6624=LINE('',#8377,#8378);
#6625=LINE('',#8380,#8381);
#6626=LINE('',#8383,#8384);
#6627=VERTEX_POINT('',#8386);
#6628=LINE('',#8387,#8388);
#6629=LINE('',#8390,#8391);
#6630=VERTEX_POINT('',#8393);
#6631=LINE('',#8394,#8395);
#6632=LINE('',#8397,#8398);
#6633=LINE('',#8400,#8401);
#6634=VERTEX_POINT('',#8403);
#6635=VERTEX_POINT('',#8404);
#6636=LINE('',#8405,#8406);
#6637=LINE('',#8408,#8409);
#6638=LINE('',#8411,#8412);
#6639=VERTEX_POINT('',#8414);
#6640=LINE('',#8415,#8416);
#6641=LINE('',#8418,#8419);
#6642=VERTEX_POINT('',#8421);
#6643=LINE('',#8422,#8423);
#6644=LINE('',#8425,#8426);
#6645=LINE('',#8428,#8429);
#6646=VERTEX_POINT('',#8431);
#6647=VERTEX_POINT('',#8432);
#6648=LINE('',#8433,#8434);
#6649=LINE('',#8436,#8437);
#6650=LINE('',#8439,#8440);
#6651=VERTEX_POINT('',#8442);
#6652=LINE('',#8443,#8444);
#6653=LINE('',#8446,#8447);
#6654=VERTEX_POINT('',#8449);
#6655=LINE('',#8450,#8451);
#6656=LINE('',#8453,#8454);
#6657=LINE('',#8456,#8457);
#6658=VERTEX_POINT('',#8459);
#6659=VERTEX_POINT('',#8460);
#6660=LINE('',#8461,#8462);
#6661=LINE('',#8464,#8465);
#6662=LINE('',#8467,#8468);
#6663=VERTEX_POINT('',#8470);
#6664=LINE('',#8471,#8472);
#6665=LINE('',#8474,#8475);
#6666=VERTEX_POINT('',#8477);
#6667=LINE('',#8478,#8479);
#6668=LINE('',#8481,#8482);
#6669=LINE('',#8484,#8485);
#6670=VERTEX_POINT('',#8487);
#6671=VERTEX_POINT('',#8488);
#6672=LINE('',#8489,#8490);
#6673=LINE('',#8492,#8493);
#6674=LINE('',#8495,#8496);
#6675=VERTEX_POINT('',#8498);
#6676=LINE('',#8499,#8500);
#6677=LINE('',#8502,#8503);
#6678=VERTEX_POINT('',#8505);
#6679=LINE('',#8506,#8507);
#6680=LINE('',#8509,#8510);
#6681=LINE('',#8512,#8513);
#6682=VERTEX_POINT('',#8515);
#6683=VERTEX_POINT('',#8516);
#6684=LINE('',#8517,#8518);
#6685=LINE('',#8520,#8521);
#6686=LINE('',#8523,#8524);
#6687=VERTEX_POINT('',#8526);
#6688=LINE('',#8527,#8528);
#6689=LINE('',#8530,#8531);
#6690=VERTEX_POINT('',#8533);
#6691=LINE('',#8534,#8535);
#6692=LINE('',#8537,#8538);
#6693=LINE('',#8540,#8541);
#6694=VERTEX_POINT('',#8543);
#6695=VERTEX_POINT('',#8544);
#6696=LINE('',#8545,#8546);
#6697=LINE('',#8548,#8549);
#6698=LINE('',#8551,#8552);
#6699=VERTEX_POINT('',#8554);
#6700=LINE('',#8555,#8556);
#6701=LINE('',#8558,#8559);
#6702=VERTEX_POINT('',#8561);
#6703=LINE('',#8562,#8563);
#6704=LINE('',#8565,#8566);
#6705=LINE('',#8568,#8569);
#6706=VERTEX_POINT('',#8571);
#6707=VERTEX_POINT('',#8572);
#6708=LINE('',#8573,#8574);
#6709=LINE('',#8576,#8577);
#6710=LINE('',#8579,#8580);
#6711=VERTEX_POINT('',#8582);
#6712=LINE('',#8583,#8584);
#6713=LINE('',#8586,#8587);
#6714=VERTEX_POINT('',#8589);
#6715=LINE('',#8590,#8591);
#6716=LINE('',#8593,#8594);
#6717=LINE('',#8596,#8597);
#6718=VERTEX_POINT('',#8599);
#6719=VERTEX_POINT('',#8600);
#6720=LINE('',#8601,#8602);
#6721=LINE('',#8604,#8605);
#6722=LINE('',#8607,#8608);
#6723=VERTEX_POINT('',#8610);
#6724=LINE('',#8611,#8612);
#6725=LINE('',#8614,#8615);
#6726=VERTEX_POINT('',#8617);
#6727=LINE('',#8618,#8619);
#6728=LINE('',#8621,#8622);
#6729=LINE('',#8624,#8625);
#6730=VERTEX_POINT('',#8627);
#6731=LINE('',#8628,#8629);
#6732=VERTEX_POINT('',#8631);
#6733=LINE('',#8632,#8633);
#6734=LINE('',#8635,#8636);
#6735=VERTEX_POINT('',#8638);
#6736=LINE('',#8639,#8640);
#6737=LINE('',#8642,#8643);
#6738=VERTEX_POINT('',#8645);
#6739=LINE('',#8646,#8647);
#6740=LINE('',#8649,#8650);
#6741=LINE('',#8652,#8653);
#6742=VERTEX_POINT('',#8655);
#6743=LINE('',#8656,#8657);
#6744=VERTEX_POINT('',#8659);
#6745=LINE('',#8660,#8661);
#6746=LINE('',#8663,#8664);
#6747=VERTEX_POINT('',#8666);
#6748=LINE('',#8667,#8668);
#6749=LINE('',#8670,#8671);
#6750=VERTEX_POINT('',#8673);
#6751=LINE('',#8674,#8675);
#6752=LINE('',#8677,#8678);
#6753=LINE('',#8680,#8681);
#6754=VERTEX_POINT('',#8683);
#6755=LINE('',#8684,#8685);
#6756=VERTEX_POINT('',#8687);
#6757=LINE('',#8688,#8689);
#6758=LINE('',#8691,#8692);
#6759=VERTEX_POINT('',#8694);
#6760=LINE('',#8695,#8696);
#6761=LINE('',#8698,#8699);
#6762=VERTEX_POINT('',#8701);
#6763=LINE('',#8702,#8703);
#6764=LINE('',#8705,#8706);
#6765=LINE('',#8708,#8709);
#6766=VERTEX_POINT('',#8711);
#6767=LINE('',#8712,#8713);
#6768=VERTEX_POINT('',#8715);
#6769=LINE('',#8716,#8717);
#6770=LINE('',#8719,#8720);
#6771=VERTEX_POINT('',#8722);
#6772=LINE('',#8723,#8724);
#6773=LINE('',#8726,#8727);
#6774=VERTEX_POINT('',#8729);
#6775=LINE('',#8730,#8731);
#6776=LINE('',#8733,#8734);
#6777=LINE('',#8736,#8737);
#6778=VERTEX_POINT('',#8739);
#6779=LINE('',#8740,#8741);
#6780=VERTEX_POINT('',#8743);
#6781=LINE('',#8744,#8745);
#6782=LINE('',#8747,#8748);
#6783=VERTEX_POINT('',#8750);
#6784=LINE('',#8751,#8752);
#6785=LINE('',#8754,#8755);
#6786=VERTEX_POINT('',#8757);
#6787=LINE('',#8758,#8759);
#6788=LINE('',#8761,#8762);
#6789=LINE('',#8764,#8765);
#6790=VERTEX_POINT('',#8767);
#6791=LINE('',#8768,#8769);
#6792=VERTEX_POINT('',#8771);
#6793=LINE('',#8772,#8773);
#6794=LINE('',#8775,#8776);
#6795=VERTEX_POINT('',#8778);
#6796=LINE('',#8779,#8780);
#6797=LINE('',#8782,#8783);
#6798=VERTEX_POINT('',#8785);
#6799=LINE('',#8786,#8787);
#6800=LINE('',#8789,#8790);
#6801=LINE('',#8792,#8793);
#6802=VERTEX_POINT('',#8795);
#6803=LINE('',#8796,#8797);
#6804=VERTEX_POINT('',#8799);
#6805=LINE('',#8800,#8801);
#6806=LINE('',#8803,#8804);
#6807=VERTEX_POINT('',#8806);
#6808=LINE('',#8807,#8808);
#6809=LINE('',#8810,#8811);
#6810=VERTEX_POINT('',#8813);
#6811=LINE('',#8814,#8815);
#6812=LINE('',#8817,#8818);
#6813=LINE('',#8820,#8821);
#6814=VERTEX_POINT('',#8823);
#6815=LINE('',#8824,#8825);
#6816=VERTEX_POINT('',#8827);
#6817=LINE('',#8828,#8829);
#6818=LINE('',#8831,#8832);
#6819=VERTEX_POINT('',#8834);
#6820=LINE('',#8835,#8836);
#6821=LINE('',#8838,#8839);
#6822=VERTEX_POINT('',#8841);
#6823=LINE('',#8842,#8843);
#6824=LINE('',#8845,#8846);
#6825=LINE('',#8848,#8849);
#6826=VERTEX_POINT('',#8851);
#6827=LINE('',#8852,#8853);
#6828=VERTEX_POINT('',#8855);
#6829=LINE('',#8856,#8857);
#6830=LINE('',#8859,#8860);
#6831=VERTEX_POINT('',#8862);
#6832=LINE('',#8863,#8864);
#6833=LINE('',#8866,#8867);
#6834=VERTEX_POINT('',#8869);
#6835=LINE('',#8870,#8871);
#6836=LINE('',#8873,#8874);
#6837=LINE('',#8876,#8877);
#6838=VERTEX_POINT('',#8879);
#6839=LINE('',#8880,#8881);
#6840=VERTEX_POINT('',#8883);
#6841=LINE('',#8884,#8885);
#6842=LINE('',#8887,#8888);
#6843=VERTEX_POINT('',#8890);
#6844=LINE('',#8891,#8892);
#6845=LINE('',#8894,#8895);
#6846=VERTEX_POINT('',#8897);
#6847=LINE('',#8898,#8899);
#6848=LINE('',#8901,#8902);
#6849=LINE('',#8904,#8905);
#6850=VERTEX_POINT('',#8907);
#6851=LINE('',#8908,#8909);
#6852=VERTEX_POINT('',#8911);
#6853=LINE('',#8912,#8913);
#6854=LINE('',#8915,#8916);
#6855=VERTEX_POINT('',#8918);
#6856=LINE('',#8919,#8920);
#6857=LINE('',#8922,#8923);
#6858=VERTEX_POINT('',#8925);
#6859=LINE('',#8926,#8927);
#6860=LINE('',#8929,#8930);
#6861=LINE('',#8932,#8933);
#6862=VERTEX_POINT('',#8935);
#6863=LINE('',#8936,#8937);
#6864=VERTEX_POINT('',#8939);
#6865=LINE('',#8940,#8941);
#6866=LINE('',#8943,#8944);
#6867=VERTEX_POINT('',#8946);
#6868=LINE('',#8947,#8948);
#6869=LINE('',#8950,#8951);
#6870=VERTEX_POINT('',#8953);
#6871=LINE('',#8954,#8955);
#6872=LINE('',#8957,#8958);
#6873=LINE('',#8960,#8961);
#6874=VERTEX_POINT('',#8963);
#6875=LINE('',#8964,#8965);
#6876=VERTEX_POINT('',#8967);
#6877=LINE('',#8968,#8969);
#6878=LINE('',#8971,#8972);
#6879=VERTEX_POINT('',#8974);
#6880=LINE('',#8975,#8976);
#6881=LINE('',#8978,#8979);
#6882=VERTEX_POINT('',#8981);
#6883=LINE('',#8982,#8983);
#6884=LINE('',#8985,#8986);
#6885=LINE('',#8988,#8989);
#6886=VERTEX_POINT('',#8991);
#6887=LINE('',#8992,#8993);
#6888=VERTEX_POINT('',#8995);
#6889=LINE('',#8996,#8997);
#6890=LINE('',#8999,#9000);
#6891=VERTEX_POINT('',#9002);
#6892=LINE('',#9003,#9004);
#6893=LINE('',#9006,#9007);
#6894=VERTEX_POINT('',#9009);
#6895=LINE('',#9010,#9011);
#6896=LINE('',#9013,#9014);
#6897=LINE('',#9016,#9017);
#6898=VERTEX_POINT('',#9019);
#6899=LINE('',#9020,#9021);
#6900=VERTEX_POINT('',#9023);
#6901=LINE('',#9024,#9025);
#6902=LINE('',#9027,#9028);
#6903=VERTEX_POINT('',#9030);
#6904=LINE('',#9031,#9032);
#6905=LINE('',#9034,#9035);
#6906=VERTEX_POINT('',#9037);
#6907=LINE('',#9038,#9039);
#6908=LINE('',#9041,#9042);
#6909=LINE('',#9044,#9045);
#6910=VERTEX_POINT('',#9047);
#6911=LINE('',#9048,#9049);
#6912=VERTEX_POINT('',#9051);
#6913=LINE('',#9052,#9053);
#6914=LINE('',#9055,#9056);
#6915=VERTEX_POINT('',#9058);
#6916=LINE('',#9059,#9060);
#6917=LINE('',#9062,#9063);
#6918=VERTEX_POINT('',#9065);
#6919=LINE('',#9066,#9067);
#6920=LINE('',#9069,#9070);
#6921=LINE('',#9072,#9073);
#6922=VERTEX_POINT('',#9075);
#6923=LINE('',#9076,#9077);
#6924=VERTEX_POINT('',#9079);
#6925=LINE('',#9080,#9081);
#6926=LINE('',#9083,#9084);
#6927=VERTEX_POINT('',#9086);
#6928=LINE('',#9087,#9088);
#6929=LINE('',#9090,#9091);
#6930=VERTEX_POINT('',#9093);
#6931=LINE('',#9094,#9095);
#6932=LINE('',#9097,#9098);
#6933=LINE('',#9100,#9101);
#6934=VERTEX_POINT('',#9103);
#6935=LINE('',#9104,#9105);
#6936=VERTEX_POINT('',#9107);
#6937=LINE('',#9108,#9109);
#6938=LINE('',#9111,#9112);
#6939=VERTEX_POINT('',#9114);
#6940=LINE('',#9115,#9116);
#6941=LINE('',#9118,#9119);
#6942=VERTEX_POINT('',#9121);
#6943=LINE('',#9122,#9123);
#6944=LINE('',#9125,#9126);
#6945=LINE('',#9128,#9129);
#6946=VERTEX_POINT('',#9131);
#6947=LINE('',#9132,#9133);
#6948=VERTEX_POINT('',#9135);
#6949=LINE('',#9136,#9137);
#6950=LINE('',#9139,#9140);
#6951=VERTEX_POINT('',#9142);
#6952=LINE('',#9143,#9144);
#6953=LINE('',#9146,#9147);
#6954=VERTEX_POINT('',#9149);
#6955=LINE('',#9150,#9151);
#6956=LINE('',#9153,#9154);
#6957=LINE('',#9156,#9157);
#6958=VERTEX_POINT('',#9159);
#6959=LINE('',#9160,#9161);
#6960=VERTEX_POINT('',#9163);
#6961=LINE('',#9164,#9165);
#6962=LINE('',#9167,#9168);
#6963=VERTEX_POINT('',#9170);
#6964=LINE('',#9171,#9172);
#6965=LINE('',#9174,#9175);
#6966=VERTEX_POINT('',#9177);
#6967=LINE('',#9178,#9179);
#6968=LINE('',#9181,#9182);
#6969=LINE('',#9184,#9185);
#6970=CARTESIAN_POINT('',(21.25,-1.5,7.));
#6971=CARTESIAN_POINT('',(21.25,-1.5,3.));
#6972=CARTESIAN_POINT('',(21.25,-1.5,7.));
#6973=VECTOR('',#6974,1.);
#6974=DIRECTION('',(0.,0.,-1.));
#6975=CARTESIAN_POINT('',(23.15,-1.5,3.));
#6976=CARTESIAN_POINT('',(21.25,-1.5,3.));
#6977=VECTOR('',#6978,1.);
#6978=DIRECTION('',(1.,0.,0.));
#6979=CARTESIAN_POINT('',(23.75,-1.5,3.6));
#6980=AXIS2_PLACEMENT_3D('',#6981,#6982,#6983);
#6981=CARTESIAN_POINT('',(23.15,-1.5,3.6));
#6982=DIRECTION('',(0.,-1.,0.));
#6983=DIRECTION('',(0.,0.,-1.));
#6984=CARTESIAN_POINT('',(23.75,-1.5,6.2));
#6985=CARTESIAN_POINT('',(23.75,-1.5,3.6));
#6986=VECTOR('',#6987,1.);
#6987=DIRECTION('',(0.,0.,1.));
#6988=CARTESIAN_POINT('',(23.35,-1.5,6.6));
#6989=CARTESIAN_POINT('',(23.75,-1.5,6.2));
#6990=VECTOR('',#6991,1.);
#6991=DIRECTION('',(-0.707106781186546,0.,0.707106781186549));
#6992=CARTESIAN_POINT('',(23.75,-1.5,7.));
#6993=CARTESIAN_POINT('',(23.35,-1.5,6.6));
#6994=VECTOR('',#6995,1.);
#6995=DIRECTION('',(0.707106781186548,0.,0.707106781186548));
#6996=CARTESIAN_POINT('',(25.,-1.5,7.));
#6997=CARTESIAN_POINT('',(23.75,-1.5,7.));
#6998=VECTOR('',#6999,1.);
#6999=DIRECTION('',(1.,-1.77635683940025E-016,0.));
#7000=CARTESIAN_POINT('',(25.,-1.5,3.));
#7001=CARTESIAN_POINT('',(25.,-1.5,3.));
#7002=VECTOR('',#7003,1.);
#7003=DIRECTION('',(0.,0.,1.));
#7004=CARTESIAN_POINT('',(24.3,-1.5,3.));
#7005=CARTESIAN_POINT('',(25.,-1.5,3.));
#7006=VECTOR('',#7007,1.);
#7007=DIRECTION('',(-1.,0.,0.));
#7008=CARTESIAN_POINT('',(24.3,-1.5,2.));
#7009=CARTESIAN_POINT('',(24.3,-1.5,2.));
#7010=VECTOR('',#7011,1.);
#7011=DIRECTION('',(0.,0.,1.));
#7012=CARTESIAN_POINT('',(-1.8,-1.5,2.));
#7013=CARTESIAN_POINT('',(-1.8,-1.5,2.));
#7014=VECTOR('',#7015,1.);
#7015=DIRECTION('',(1.,0.,0.));
#7016=CARTESIAN_POINT('',(-1.8,-1.5,3.));
#7017=CARTESIAN_POINT('',(-1.8,-1.5,2.));
#7018=VECTOR('',#7019,1.);
#7019=DIRECTION('',(0.,0.,1.));
#7020=CARTESIAN_POINT('',(-2.5,-1.5,3.));
#7021=CARTESIAN_POINT('',(-1.8,-1.5,3.));
#7022=VECTOR('',#7023,1.);
#7023=DIRECTION('',(-1.,0.,0.));
#7024=CARTESIAN_POINT('',(-2.5,-1.5,7.));
#7025=CARTESIAN_POINT('',(-2.5,-1.5,3.));
#7026=VECTOR('',#7027,1.);
#7027=DIRECTION('',(0.,0.,1.));
#7028=CARTESIAN_POINT('',(-1.25,-1.5,7.));
#7029=CARTESIAN_POINT('',(-2.5,-1.5,7.));
#7030=VECTOR('',#7031,1.);
#7031=DIRECTION('',(1.,1.77635683940025E-016,0.));
#7032=CARTESIAN_POINT('',(-0.85,-1.5,6.6));
#7033=CARTESIAN_POINT('',(-1.25,-1.5,7.));
#7034=VECTOR('',#7035,1.);
#7035=DIRECTION('',(0.707106781186547,0.,-0.707106781186548));
#7036=CARTESIAN_POINT('',(-1.25,-1.5,6.2));
#7037=CARTESIAN_POINT('',(-0.85,-1.5,6.6));
#7038=VECTOR('',#7039,1.);
#7039=DIRECTION('',(-0.707106781186547,0.,-0.707106781186548));
#7040=CARTESIAN_POINT('',(-1.25,-1.5,3.6));
#7041=CARTESIAN_POINT('',(-1.25,-1.5,6.2));
#7042=VECTOR('',#7043,1.);
#7043=DIRECTION('',(0.,0.,-1.));
#7044=CARTESIAN_POINT('',(-0.65,-1.5,3.));
#7045=AXIS2_PLACEMENT_3D('',#7046,#7047,#7048);
#7046=CARTESIAN_POINT('',(-0.65,-1.5,3.6));
#7047=DIRECTION('',(0.,-1.,0.));
#7048=DIRECTION('',(-1.,0.,0.));
#7049=CARTESIAN_POINT('',(1.25,-1.5,3.));
#7050=CARTESIAN_POINT('',(-0.65,-1.5,3.));
#7051=VECTOR('',#7052,1.);
#7052=DIRECTION('',(1.,0.,0.));
#7053=CARTESIAN_POINT('',(1.25,-1.5,7.));
#7054=CARTESIAN_POINT('',(1.25,-1.5,3.));
#7055=VECTOR('',#7056,1.);
#7056=DIRECTION('',(0.,0.,1.));
#7057=CARTESIAN_POINT('',(1.25,-1.5,7.));
#7058=VECTOR('',#7059,1.);
#7059=DIRECTION('',(1.,0.,0.));
#7060=CARTESIAN_POINT('',(21.25,-2.2,7.));
#7061=CARTESIAN_POINT('',(21.25,-1.5,7.));
#7062=VECTOR('',#7063,1.);
#7063=DIRECTION('',(0.,-1.,0.));
#7064=CARTESIAN_POINT('',(1.25,-2.2,7.));
#7065=CARTESIAN_POINT('',(1.25,-2.2,7.));
#7066=VECTOR('',#7067,1.);
#7067=DIRECTION('',(0.,1.,0.));
#7068=CARTESIAN_POINT('',(1.25,-2.2,7.));
#7069=VECTOR('',#7070,1.);
#7070=DIRECTION('',(1.,0.,0.));
#7071=CARTESIAN_POINT('',(23.75,-2.2,7.));
#7072=CARTESIAN_POINT('',(23.75,-2.2,7.));
#7073=VECTOR('',#7074,1.);
#7074=DIRECTION('',(0.,1.,0.));
#7075=CARTESIAN_POINT('',(25.,-2.2,7.));
#7076=CARTESIAN_POINT('',(23.75,-2.2,7.));
#7077=VECTOR('',#7078,1.);
#7078=DIRECTION('',(1.,0.,0.));
#7079=CARTESIAN_POINT('',(25.,-2.2,7.));
#7080=VECTOR('',#7081,1.);
#7081=DIRECTION('',(0.,1.,0.));
#7082=CARTESIAN_POINT('',(21.25,-2.2,3.));
#7083=CARTESIAN_POINT('',(21.25,-2.2,7.));
#7084=VECTOR('',#7085,1.);
#7085=DIRECTION('',(0.,0.,-1.));
#7086=CARTESIAN_POINT('',(1.25,-2.2,3.));
#7087=CARTESIAN_POINT('',(1.25,-2.2,3.));
#7088=VECTOR('',#7089,1.);
#7089=DIRECTION('',(0.,0.,1.));
#7090=CARTESIAN_POINT('',(-0.65,-2.2,3.));
#7091=CARTESIAN_POINT('',(-0.65,-2.2,3.));
#7092=VECTOR('',#7093,1.);
#7093=DIRECTION('',(1.,0.,0.));
#7094=CARTESIAN_POINT('',(-1.25,-2.2,3.6));
#7095=AXIS2_PLACEMENT_3D('',#7096,#7097,#7098);
#7096=CARTESIAN_POINT('',(-0.65,-2.2,3.6));
#7097=DIRECTION('',(0.,-1.,0.));
#7098=DIRECTION('',(-1.,0.,0.));
#7099=CARTESIAN_POINT('',(-1.25,-2.2,6.2));
#7100=CARTESIAN_POINT('',(-1.25,-2.2,6.2));
#7101=VECTOR('',#7102,1.);
#7102=DIRECTION('',(0.,0.,-1.));
#7103=CARTESIAN_POINT('',(-0.85,-2.2,6.6));
#7104=CARTESIAN_POINT('',(-0.85,-2.2,6.6));
#7105=VECTOR('',#7106,1.);
#7106=DIRECTION('',(-0.707106781186547,0.,-0.707106781186548));
#7107=CARTESIAN_POINT('',(-1.25,-2.2,7.));
#7108=CARTESIAN_POINT('',(-1.25,-2.2,7.));
#7109=VECTOR('',#7110,1.);
#7110=DIRECTION('',(0.707106781186547,0.,-0.707106781186548));
#7111=CARTESIAN_POINT('',(-2.5,-2.2,7.));
#7112=CARTESIAN_POINT('',(-2.5,-2.2,7.));
#7113=VECTOR('',#7114,1.);
#7114=DIRECTION('',(1.,0.,0.));
#7115=CARTESIAN_POINT('',(-2.5,-2.2,0.));
#7116=CARTESIAN_POINT('',(-2.5,-2.2,0.));
#7117=VECTOR('',#7118,1.);
#7118=DIRECTION('',(0.,0.,1.));
#7119=CARTESIAN_POINT('',(-0.85,-2.2,0.));
#7120=CARTESIAN_POINT('',(-0.85,-2.2,0.));
#7121=VECTOR('',#7122,1.);
#7122=DIRECTION('',(-1.,0.,0.));
#7123=CARTESIAN_POINT('',(-0.85,-2.2,0.4));
#7124=CARTESIAN_POINT('',(-0.85,-2.2,0.4));
#7125=VECTOR('',#7126,1.);
#7126=DIRECTION('',(0.,0.,-1.));
#7127=CARTESIAN_POINT('',(0.85,-2.2,0.4));
#7128=CARTESIAN_POINT('',(-0.85,-2.2,0.4));
#7129=VECTOR('',#7130,1.);
#7130=DIRECTION('',(1.,0.,0.));
#7131=CARTESIAN_POINT('',(0.85,-2.2,0.));
#7132=CARTESIAN_POINT('',(0.85,-2.2,0.));
#7133=VECTOR('',#7134,1.);
#7134=DIRECTION('',(0.,0.,1.));
#7135=CARTESIAN_POINT('',(1.65,-2.2,0.));
#7136=CARTESIAN_POINT('',(0.85,-2.2,0.));
#7137=VECTOR('',#7138,1.);
#7138=DIRECTION('',(1.,0.,0.));
#7139=CARTESIAN_POINT('',(1.65,-2.2,0.4));
#7140=CARTESIAN_POINT('',(1.65,-2.2,0.4));
#7141=VECTOR('',#7142,1.);
#7142=DIRECTION('',(0.,0.,-1.));
#7143=CARTESIAN_POINT('',(3.35,-2.2,0.4));
#7144=CARTESIAN_POINT('',(1.65,-2.2,0.4));
#7145=VECTOR('',#7146,1.);
#7146=DIRECTION('',(1.,0.,0.));
#7147=CARTESIAN_POINT('',(3.35,-2.2,0.));
#7148=CARTESIAN_POINT('',(3.35,-2.2,0.));
#7149=VECTOR('',#7150,1.);
#7150=DIRECTION('',(0.,0.,1.));
#7151=CARTESIAN_POINT('',(4.15,-2.2,0.));
#7152=CARTESIAN_POINT('',(3.35,-2.2,0.));
#7153=VECTOR('',#7154,1.);
#7154=DIRECTION('',(1.,0.,0.));
#7155=CARTESIAN_POINT('',(4.15,-2.2,0.4));
#7156=CARTESIAN_POINT('',(4.15,-2.2,0.4));
#7157=VECTOR('',#7158,1.);
#7158=DIRECTION('',(0.,0.,-1.));
#7159=CARTESIAN_POINT('',(5.85,-2.2,0.4));
#7160=CARTESIAN_POINT('',(4.15,-2.2,0.4));
#7161=VECTOR('',#7162,1.);
#7162=DIRECTION('',(1.,0.,0.));
#7163=CARTESIAN_POINT('',(5.85,-2.2,0.));
#7164=CARTESIAN_POINT('',(5.85,-2.2,0.));
#7165=VECTOR('',#7166,1.);
#7166=DIRECTION('',(0.,0.,1.));
#7167=CARTESIAN_POINT('',(6.65,-2.2,0.));
#7168=CARTESIAN_POINT('',(5.85,-2.2,0.));
#7169=VECTOR('',#7170,1.);
#7170=DIRECTION('',(1.,0.,0.));
#7171=CARTESIAN_POINT('',(6.65,-2.2,0.4));
#7172=CARTESIAN_POINT('',(6.65,-2.2,0.4));
#7173=VECTOR('',#7174,1.);
#7174=DIRECTION('',(0.,0.,-1.));
#7175=CARTESIAN_POINT('',(8.35,-2.2,0.4));
#7176=CARTESIAN_POINT('',(6.65,-2.2,0.4));
#7177=VECTOR('',#7178,1.);
#7178=DIRECTION('',(1.,0.,0.));
#7179=CARTESIAN_POINT('',(8.35,-2.2,0.));
#7180=CARTESIAN_POINT('',(8.35,-2.2,0.));
#7181=VECTOR('',#7182,1.);
#7182=DIRECTION('',(0.,0.,1.));
#7183=CARTESIAN_POINT('',(9.15,-2.2,0.));
#7184=CARTESIAN_POINT('',(8.35,-2.2,0.));
#7185=VECTOR('',#7186,1.);
#7186=DIRECTION('',(1.,0.,0.));
#7187=CARTESIAN_POINT('',(9.15,-2.2,0.4));
#7188=CARTESIAN_POINT('',(9.15,-2.2,0.4));
#7189=VECTOR('',#7190,1.);
#7190=DIRECTION('',(0.,0.,-1.));
#7191=CARTESIAN_POINT('',(10.85,-2.2,0.4));
#7192=CARTESIAN_POINT('',(9.15,-2.2,0.4));
#7193=VECTOR('',#7194,1.);
#7194=DIRECTION('',(1.,0.,0.));
#7195=CARTESIAN_POINT('',(10.85,-2.2,0.));
#7196=CARTESIAN_POINT('',(10.85,-2.2,0.));
#7197=VECTOR('',#7198,1.);
#7198=DIRECTION('',(0.,0.,1.));
#7199=CARTESIAN_POINT('',(11.65,-2.2,0.));
#7200=CARTESIAN_POINT('',(10.85,-2.2,0.));
#7201=VECTOR('',#7202,1.);
#7202=DIRECTION('',(1.,0.,0.));
#7203=CARTESIAN_POINT('',(11.65,-2.2,0.4));
#7204=CARTESIAN_POINT('',(11.65,-2.2,0.4));
#7205=VECTOR('',#7206,1.);
#7206=DIRECTION('',(0.,0.,-1.));
#7207=CARTESIAN_POINT('',(13.35,-2.2,0.4));
#7208=CARTESIAN_POINT('',(11.65,-2.2,0.4));
#7209=VECTOR('',#7210,1.);
#7210=DIRECTION('',(1.,0.,0.));
#7211=CARTESIAN_POINT('',(13.35,-2.2,0.));
#7212=CARTESIAN_POINT('',(13.35,-2.2,0.));
#7213=VECTOR('',#7214,1.);
#7214=DIRECTION('',(0.,0.,1.));
#7215=CARTESIAN_POINT('',(14.15,-2.2,0.));
#7216=CARTESIAN_POINT('',(13.35,-2.2,0.));
#7217=VECTOR('',#7218,1.);
#7218=DIRECTION('',(1.,0.,0.));
#7219=CARTESIAN_POINT('',(14.15,-2.2,0.4));
#7220=CARTESIAN_POINT('',(14.15,-2.2,0.4));
#7221=VECTOR('',#7222,1.);
#7222=DIRECTION('',(0.,0.,-1.));
#7223=CARTESIAN_POINT('',(15.85,-2.2,0.4));
#7224=CARTESIAN_POINT('',(14.15,-2.2,0.4));
#7225=VECTOR('',#7226,1.);
#7226=DIRECTION('',(1.,0.,0.));
#7227=CARTESIAN_POINT('',(15.85,-2.2,0.));
#7228=CARTESIAN_POINT('',(15.85,-2.2,0.));
#7229=VECTOR('',#7230,1.);
#7230=DIRECTION('',(0.,0.,1.));
#7231=CARTESIAN_POINT('',(16.65,-2.2,0.));
#7232=CARTESIAN_POINT('',(15.85,-2.2,0.));
#7233=VECTOR('',#7234,1.);
#7234=DIRECTION('',(1.,0.,0.));
#7235=CARTESIAN_POINT('',(16.65,-2.2,0.4));
#7236=CARTESIAN_POINT('',(16.65,-2.2,0.4));
#7237=VECTOR('',#7238,1.);
#7238=DIRECTION('',(0.,0.,-1.));
#7239=CARTESIAN_POINT('',(18.35,-2.2,0.4));
#7240=CARTESIAN_POINT('',(16.65,-2.2,0.4));
#7241=VECTOR('',#7242,1.);
#7242=DIRECTION('',(1.,0.,0.));
#7243=CARTESIAN_POINT('',(18.35,-2.2,0.));
#7244=CARTESIAN_POINT('',(18.35,-2.2,0.));
#7245=VECTOR('',#7246,1.);
#7246=DIRECTION('',(0.,0.,1.));
#7247=CARTESIAN_POINT('',(19.15,-2.2,0.));
#7248=CARTESIAN_POINT('',(18.35,-2.2,0.));
#7249=VECTOR('',#7250,1.);
#7250=DIRECTION('',(1.,0.,0.));
#7251=CARTESIAN_POINT('',(19.15,-2.2,0.4));
#7252=CARTESIAN_POINT('',(19.15,-2.2,0.4));
#7253=VECTOR('',#7254,1.);
#7254=DIRECTION('',(0.,0.,-1.));
#7255=CARTESIAN_POINT('',(20.85,-2.2,0.4));
#7256=CARTESIAN_POINT('',(19.15,-2.2,0.4));
#7257=VECTOR('',#7258,1.);
#7258=DIRECTION('',(1.,0.,0.));
#7259=CARTESIAN_POINT('',(20.85,-2.2,0.));
#7260=CARTESIAN_POINT('',(20.85,-2.2,0.));
#7261=VECTOR('',#7262,1.);
#7262=DIRECTION('',(0.,0.,1.));
#7263=CARTESIAN_POINT('',(21.65,-2.2,0.));
#7264=CARTESIAN_POINT('',(20.85,-2.2,0.));
#7265=VECTOR('',#7266,1.);
#7266=DIRECTION('',(1.,0.,0.));
#7267=CARTESIAN_POINT('',(21.65,-2.2,0.4));
#7268=CARTESIAN_POINT('',(21.65,-2.2,0.4));
#7269=VECTOR('',#7270,1.);
#7270=DIRECTION('',(0.,0.,-1.));
#7271=CARTESIAN_POINT('',(23.35,-2.2,0.4));
#7272=CARTESIAN_POINT('',(21.65,-2.2,0.4));
#7273=VECTOR('',#7274,1.);
#7274=DIRECTION('',(1.,0.,0.));
#7275=CARTESIAN_POINT('',(23.35,-2.2,0.));
#7276=CARTESIAN_POINT('',(23.35,-2.2,0.));
#7277=VECTOR('',#7278,1.);
#7278=DIRECTION('',(0.,0.,1.));
#7279=CARTESIAN_POINT('',(25.,-2.2,0.));
#7280=CARTESIAN_POINT('',(23.35,-2.2,0.));
#7281=VECTOR('',#7282,1.);
#7282=DIRECTION('',(1.,0.,0.));
#7283=CARTESIAN_POINT('',(25.,-2.2,0.));
#7284=VECTOR('',#7285,1.);
#7285=DIRECTION('',(0.,0.,1.));
#7286=CARTESIAN_POINT('',(23.35,-2.2,6.6));
#7287=CARTESIAN_POINT('',(23.35,-2.2,6.6));
#7288=VECTOR('',#7289,1.);
#7289=DIRECTION('',(0.707106781186548,0.,0.707106781186548));
#7290=CARTESIAN_POINT('',(23.75,-2.2,6.2));
#7291=CARTESIAN_POINT('',(23.75,-2.2,6.2));
#7292=VECTOR('',#7293,1.);
#7293=DIRECTION('',(-0.707106781186546,0.,0.707106781186549));
#7294=CARTESIAN_POINT('',(23.75,-2.2,3.6));
#7295=CARTESIAN_POINT('',(23.75,-2.2,3.6));
#7296=VECTOR('',#7297,1.);
#7297=DIRECTION('',(0.,0.,1.));
#7298=CARTESIAN_POINT('',(23.15,-2.2,3.));
#7299=AXIS2_PLACEMENT_3D('',#7300,#7301,#7302);
#7300=CARTESIAN_POINT('',(23.15,-2.2,3.6));
#7301=DIRECTION('',(0.,-1.,0.));
#7302=DIRECTION('',(0.,0.,-1.));
#7303=CARTESIAN_POINT('',(21.25,-2.2,3.));
#7304=VECTOR('',#7305,1.);
#7305=DIRECTION('',(1.,0.,0.));
#7306=CARTESIAN_POINT('',(23.35,-1.5,6.6));
#7307=VECTOR('',#7308,1.);
#7308=DIRECTION('',(0.,-1.,0.));
#7309=CARTESIAN_POINT('',(23.75,-1.5,6.2));
#7310=VECTOR('',#7311,1.);
#7311=DIRECTION('',(0.,-1.,0.));
#7312=CARTESIAN_POINT('',(23.75,-1.5,3.6));
#7313=VECTOR('',#7314,1.);
#7314=DIRECTION('',(0.,-1.,0.));
#7315=CARTESIAN_POINT('',(23.15,-1.5,3.));
#7316=VECTOR('',#7317,1.);
#7317=DIRECTION('',(0.,-1.,0.));
#7318=CARTESIAN_POINT('',(21.25,-1.5,3.));
#7319=VECTOR('',#7320,1.);
#7320=DIRECTION('',(0.,-1.,0.));
#7321=CARTESIAN_POINT('',(25.,-0.4,7.));
#7322=CARTESIAN_POINT('',(25.,-0.4,3.));
#7323=CARTESIAN_POINT('',(25.,-0.4,7.));
#7324=VECTOR('',#7325,1.);
#7325=DIRECTION('',(0.,0.,-1.));
#7326=CARTESIAN_POINT('',(25.,-0.4,3.));
#7327=VECTOR('',#7328,1.);
#7328=DIRECTION('',(0.,-1.,0.));
#7329=CARTESIAN_POINT('',(25.,3.55,0.));
#7330=CARTESIAN_POINT('',(25.,3.55,0.));
#7331=VECTOR('',#7332,1.);
#7332=DIRECTION('',(0.,-1.,0.));
#7333=CARTESIAN_POINT('',(25.,3.55,7.));
#7334=CARTESIAN_POINT('',(25.,3.55,7.));
#7335=VECTOR('',#7336,1.);
#7336=DIRECTION('',(0.,0.,-1.));
#7337=CARTESIAN_POINT('',(25.,-0.4,7.));
#7338=VECTOR('',#7339,1.);
#7339=DIRECTION('',(0.,1.,0.));
#7340=CARTESIAN_POINT('',(24.3,-0.4,3.));
#7341=CARTESIAN_POINT('',(24.3,-0.4,3.));
#7342=VECTOR('',#7343,1.);
#7343=DIRECTION('',(0.,-1.,0.));
#7344=CARTESIAN_POINT('',(25.,-0.4,3.));
#7345=VECTOR('',#7346,1.);
#7346=DIRECTION('',(-1.,0.,0.));
#7347=CARTESIAN_POINT('',(24.3,2.85,6.7));
#7348=CARTESIAN_POINT('',(24.3,-0.4,6.7));
#7349=CARTESIAN_POINT('',(24.3,2.85,6.7));
#7350=VECTOR('',#7351,1.);
#7351=DIRECTION('',(0.,-1.,0.));
#7352=CARTESIAN_POINT('',(24.3,2.85,2.));
#7353=CARTESIAN_POINT('',(24.3,2.85,6.7));
#7354=VECTOR('',#7355,1.);
#7355=DIRECTION('',(-7.55896527404362E-016,0.,-1.));
#7356=CARTESIAN_POINT('',(24.3,2.85,2.));
#7357=VECTOR('',#7358,1.);
#7358=DIRECTION('',(0.,-1.,0.));
#7359=CARTESIAN_POINT('',(24.3,-0.4,6.7));
#7360=VECTOR('',#7361,1.);
#7361=DIRECTION('',(0.,0.,-1.));
#7362=CARTESIAN_POINT('',(-1.8,2.85,2.));
#7363=CARTESIAN_POINT('',(24.3,2.85,2.));
#7364=VECTOR('',#7365,1.);
#7365=DIRECTION('',(-1.,0.,0.));
#7366=CARTESIAN_POINT('',(-1.8,2.85,2.));
#7367=VECTOR('',#7368,1.);
#7368=DIRECTION('',(0.,-1.,0.));
#7369=CARTESIAN_POINT('',(2.82,0.32,2.));
#7370=CARTESIAN_POINT('',(2.18,0.32,2.));
#7371=CARTESIAN_POINT('',(2.82,0.32,2.));
#7372=VECTOR('',#7373,1.);
#7373=DIRECTION('',(-1.,0.,0.));
#7374=CARTESIAN_POINT('',(2.82,-0.32,2.));
#7375=CARTESIAN_POINT('',(2.82,-0.32,2.));
#7376=VECTOR('',#7377,1.);
#7377=DIRECTION('',(0.,1.,0.));
#7378=CARTESIAN_POINT('',(2.18,-0.32,2.));
#7379=CARTESIAN_POINT('',(2.18,-0.32,2.));
#7380=VECTOR('',#7381,1.);
#7381=DIRECTION('',(1.,0.,0.));
#7382=CARTESIAN_POINT('',(2.18,0.32,2.));
#7383=VECTOR('',#7384,1.);
#7384=DIRECTION('',(0.,-1.,0.));
#7385=CARTESIAN_POINT('',(5.32,0.32,2.));
#7386=CARTESIAN_POINT('',(4.68,0.32,2.));
#7387=CARTESIAN_POINT('',(5.32,0.32,2.));
#7388=VECTOR('',#7389,1.);
#7389=DIRECTION('',(-1.,0.,0.));
#7390=CARTESIAN_POINT('',(5.32,-0.32,2.));
#7391=CARTESIAN_POINT('',(5.32,-0.32,2.));
#7392=VECTOR('',#7393,1.);
#7393=DIRECTION('',(0.,1.,0.));
#7394=CARTESIAN_POINT('',(4.68,-0.32,2.));
#7395=CARTESIAN_POINT('',(4.68,-0.32,2.));
#7396=VECTOR('',#7397,1.);
#7397=DIRECTION('',(1.,0.,0.));
#7398=CARTESIAN_POINT('',(4.68,0.32,2.));
#7399=VECTOR('',#7400,1.);
#7400=DIRECTION('',(0.,-1.,0.));
#7401=CARTESIAN_POINT('',(7.82,0.32,2.));
#7402=CARTESIAN_POINT('',(7.18,0.32,2.));
#7403=CARTESIAN_POINT('',(7.82,0.32,2.));
#7404=VECTOR('',#7405,1.);
#7405=DIRECTION('',(-1.,0.,0.));
#7406=CARTESIAN_POINT('',(7.82,-0.32,2.));
#7407=CARTESIAN_POINT('',(7.82,-0.32,2.));
#7408=VECTOR('',#7409,1.);
#7409=DIRECTION('',(0.,1.,0.));
#7410=CARTESIAN_POINT('',(7.18,-0.32,2.));
#7411=CARTESIAN_POINT('',(7.18,-0.32,2.));
#7412=VECTOR('',#7413,1.);
#7413=DIRECTION('',(1.,0.,0.));
#7414=CARTESIAN_POINT('',(7.18,0.32,2.));
#7415=VECTOR('',#7416,1.);
#7416=DIRECTION('',(0.,-1.,0.));
#7417=CARTESIAN_POINT('',(10.32,0.32,2.));
#7418=CARTESIAN_POINT('',(9.68,0.32,2.));
#7419=CARTESIAN_POINT('',(10.32,0.32,2.));
#7420=VECTOR('',#7421,1.);
#7421=DIRECTION('',(-1.,0.,0.));
#7422=CARTESIAN_POINT('',(10.32,-0.32,2.));
#7423=CARTESIAN_POINT('',(10.32,-0.32,2.));
#7424=VECTOR('',#7425,1.);
#7425=DIRECTION('',(0.,1.,0.));
#7426=CARTESIAN_POINT('',(9.68,-0.32,2.));
#7427=CARTESIAN_POINT('',(9.68,-0.32,2.));
#7428=VECTOR('',#7429,1.);
#7429=DIRECTION('',(1.,0.,0.));
#7430=CARTESIAN_POINT('',(9.68,0.32,2.));
#7431=VECTOR('',#7432,1.);
#7432=DIRECTION('',(0.,-1.,0.));
#7433=CARTESIAN_POINT('',(12.82,0.32,2.));
#7434=CARTESIAN_POINT('',(12.18,0.32,2.));
#7435=CARTESIAN_POINT('',(12.82,0.32,2.));
#7436=VECTOR('',#7437,1.);
#7437=DIRECTION('',(-1.,0.,0.));
#7438=CARTESIAN_POINT('',(12.82,-0.32,2.));
#7439=CARTESIAN_POINT('',(12.82,-0.32,2.));
#7440=VECTOR('',#7441,1.);
#7441=DIRECTION('',(0.,1.,0.));
#7442=CARTESIAN_POINT('',(12.18,-0.32,2.));
#7443=CARTESIAN_POINT('',(12.18,-0.32,2.));
#7444=VECTOR('',#7445,1.);
#7445=DIRECTION('',(1.,0.,0.));
#7446=CARTESIAN_POINT('',(12.18,0.32,2.));
#7447=VECTOR('',#7448,1.);
#7448=DIRECTION('',(0.,-1.,0.));
#7449=CARTESIAN_POINT('',(15.32,0.32,2.));
#7450=CARTESIAN_POINT('',(14.68,0.32,2.));
#7451=CARTESIAN_POINT('',(15.32,0.32,2.));
#7452=VECTOR('',#7453,1.);
#7453=DIRECTION('',(-1.,0.,0.));
#7454=CARTESIAN_POINT('',(15.32,-0.32,2.));
#7455=CARTESIAN_POINT('',(15.32,-0.32,2.));
#7456=VECTOR('',#7457,1.);
#7457=DIRECTION('',(0.,1.,0.));
#7458=CARTESIAN_POINT('',(14.68,-0.32,2.));
#7459=CARTESIAN_POINT('',(14.68,-0.32,2.));
#7460=VECTOR('',#7461,1.);
#7461=DIRECTION('',(1.,0.,0.));
#7462=CARTESIAN_POINT('',(14.68,0.32,2.));
#7463=VECTOR('',#7464,1.);
#7464=DIRECTION('',(0.,-1.,0.));
#7465=CARTESIAN_POINT('',(17.82,0.32,2.));
#7466=CARTESIAN_POINT('',(17.18,0.32,2.));
#7467=CARTESIAN_POINT('',(17.82,0.32,2.));
#7468=VECTOR('',#7469,1.);
#7469=DIRECTION('',(-1.,0.,0.));
#7470=CARTESIAN_POINT('',(17.82,-0.32,2.));
#7471=CARTESIAN_POINT('',(17.82,-0.32,2.));
#7472=VECTOR('',#7473,1.);
#7473=DIRECTION('',(0.,1.,0.));
#7474=CARTESIAN_POINT('',(17.18,-0.32,2.));
#7475=CARTESIAN_POINT('',(17.18,-0.32,2.));
#7476=VECTOR('',#7477,1.);
#7477=DIRECTION('',(1.,0.,0.));
#7478=CARTESIAN_POINT('',(17.18,0.32,2.));
#7479=VECTOR('',#7480,1.);
#7480=DIRECTION('',(0.,-1.,0.));
#7481=CARTESIAN_POINT('',(20.32,0.32,2.));
#7482=CARTESIAN_POINT('',(19.68,0.32,2.));
#7483=CARTESIAN_POINT('',(20.32,0.32,2.));
#7484=VECTOR('',#7485,1.);
#7485=DIRECTION('',(-1.,0.,0.));
#7486=CARTESIAN_POINT('',(20.32,-0.32,2.));
#7487=CARTESIAN_POINT('',(20.32,-0.32,2.));
#7488=VECTOR('',#7489,1.);
#7489=DIRECTION('',(0.,1.,0.));
#7490=CARTESIAN_POINT('',(19.68,-0.32,2.));
#7491=CARTESIAN_POINT('',(19.68,-0.32,2.));
#7492=VECTOR('',#7493,1.);
#7493=DIRECTION('',(1.,0.,0.));
#7494=CARTESIAN_POINT('',(19.68,0.32,2.));
#7495=VECTOR('',#7496,1.);
#7496=DIRECTION('',(0.,-1.,0.));
#7497=CARTESIAN_POINT('',(22.82,0.32,2.));
#7498=CARTESIAN_POINT('',(22.18,0.32,2.));
#7499=CARTESIAN_POINT('',(22.82,0.32,2.));
#7500=VECTOR('',#7501,1.);
#7501=DIRECTION('',(-1.,0.,0.));
#7502=CARTESIAN_POINT('',(22.82,-0.32,2.));
#7503=CARTESIAN_POINT('',(22.82,-0.32,2.));
#7504=VECTOR('',#7505,1.);
#7505=DIRECTION('',(0.,1.,0.));
#7506=CARTESIAN_POINT('',(22.18,-0.32,2.));
#7507=CARTESIAN_POINT('',(22.18,-0.32,2.));
#7508=VECTOR('',#7509,1.);
#7509=DIRECTION('',(1.,0.,0.));
#7510=CARTESIAN_POINT('',(22.18,0.32,2.));
#7511=VECTOR('',#7512,1.);
#7512=DIRECTION('',(0.,-1.,0.));
#7513=CARTESIAN_POINT('',(0.32,0.32,2.));
#7514=CARTESIAN_POINT('',(-0.32,0.32,2.));
#7515=CARTESIAN_POINT('',(0.32,0.32,2.));
#7516=VECTOR('',#7517,1.);
#7517=DIRECTION('',(-1.,0.,0.));
#7518=CARTESIAN_POINT('',(0.32,-0.32,2.));
#7519=CARTESIAN_POINT('',(0.32,-0.32,2.));
#7520=VECTOR('',#7521,1.);
#7521=DIRECTION('',(0.,1.,0.));
#7522=CARTESIAN_POINT('',(-0.32,-0.32,2.));
#7523=CARTESIAN_POINT('',(-0.32,-0.32,2.));
#7524=VECTOR('',#7525,1.);
#7525=DIRECTION('',(1.,0.,0.));
#7526=CARTESIAN_POINT('',(-0.32,0.32,2.));
#7527=VECTOR('',#7528,1.);
#7528=DIRECTION('',(0.,-1.,0.));
#7529=CARTESIAN_POINT('',(-1.8,-0.4,6.7));
#7530=CARTESIAN_POINT('',(-1.8,2.85,6.7));
#7531=CARTESIAN_POINT('',(-1.8,2.85,6.7));
#7532=VECTOR('',#7533,1.);
#7533=DIRECTION('',(0.,-1.,0.));
#7534=CARTESIAN_POINT('',(-1.8,-0.4,3.));
#7535=CARTESIAN_POINT('',(-1.8,-0.4,6.7));
#7536=VECTOR('',#7537,1.);
#7537=DIRECTION('',(0.,0.,-1.));
#7538=CARTESIAN_POINT('',(-1.8,-0.4,3.));
#7539=VECTOR('',#7540,1.);
#7540=DIRECTION('',(0.,-1.,0.));
#7541=CARTESIAN_POINT('',(-1.8,2.85,6.7));
#7542=VECTOR('',#7543,1.);
#7543=DIRECTION('',(9.44870659255452E-017,0.,-1.));
#7544=CARTESIAN_POINT('',(-2.5,-0.4,3.));
#7545=CARTESIAN_POINT('',(-1.8,-0.4,3.));
#7546=VECTOR('',#7547,1.);
#7547=DIRECTION('',(-1.,0.,0.));
#7548=CARTESIAN_POINT('',(-2.5,-0.4,3.));
#7549=VECTOR('',#7550,1.);
#7550=DIRECTION('',(0.,-1.,0.));
#7551=CARTESIAN_POINT('',(-2.5,-0.4,7.));
#7552=CARTESIAN_POINT('',(-2.5,-0.4,7.));
#7553=VECTOR('',#7554,1.);
#7554=DIRECTION('',(0.,0.,-1.));
#7555=CARTESIAN_POINT('',(-2.5,3.55,7.));
#7556=CARTESIAN_POINT('',(-2.5,-0.4,7.));
#7557=VECTOR('',#7558,1.);
#7558=DIRECTION('',(0.,1.,0.));
#7559=CARTESIAN_POINT('',(-2.5,3.55,0.));
#7560=CARTESIAN_POINT('',(-2.5,3.55,7.));
#7561=VECTOR('',#7562,1.);
#7562=DIRECTION('',(0.,0.,-1.));
#7563=CARTESIAN_POINT('',(-2.5,3.55,0.));
#7564=VECTOR('',#7565,1.);
#7565=DIRECTION('',(0.,-1.,0.));
#7566=CARTESIAN_POINT('',(-2.5,-2.2,7.));
#7567=VECTOR('',#7568,1.);
#7568=DIRECTION('',(0.,1.,0.));
#7569=CARTESIAN_POINT('',(-1.25,-1.5,7.));
#7570=VECTOR('',#7571,1.);
#7571=DIRECTION('',(0.,-1.,0.));
#7572=CARTESIAN_POINT('',(-0.85,-1.5,6.6));
#7573=VECTOR('',#7574,1.);
#7574=DIRECTION('',(0.,-1.,0.));
#7575=CARTESIAN_POINT('',(-1.25,-1.5,6.2));
#7576=VECTOR('',#7577,1.);
#7577=DIRECTION('',(0.,-1.,0.));
#7578=CARTESIAN_POINT('',(-1.25,-1.5,3.6));
#7579=VECTOR('',#7580,1.);
#7580=DIRECTION('',(0.,-1.,0.));
#7581=CARTESIAN_POINT('',(-0.65,-1.5,3.));
#7582=VECTOR('',#7583,1.);
#7583=DIRECTION('',(0.,-1.,0.));
#7584=CARTESIAN_POINT('',(1.25,-1.5,3.));
#7585=VECTOR('',#7586,1.);
#7586=DIRECTION('',(0.,-1.,0.));
#7587=CARTESIAN_POINT('',(-0.85,3.55,0.));
#7588=CARTESIAN_POINT('',(-0.85,3.55,0.));
#7589=VECTOR('',#7590,1.);
#7590=DIRECTION('',(0.,-1.,0.));
#7591=CARTESIAN_POINT('',(-0.85,3.55,0.));
#7592=VECTOR('',#7593,1.);
#7593=DIRECTION('',(-1.,0.,0.));
#7594=CARTESIAN_POINT('',(-0.85,3.55,0.4));
#7595=CARTESIAN_POINT('',(-0.85,3.55,0.));
#7596=VECTOR('',#7597,1.);
#7597=DIRECTION('',(0.,0.,1.));
#7598=CARTESIAN_POINT('',(-0.85,-2.2,0.4));
#7599=VECTOR('',#7600,1.);
#7600=DIRECTION('',(0.,1.,0.));
#7601=CARTESIAN_POINT('',(0.85,3.55,0.4));
#7602=CARTESIAN_POINT('',(0.85,3.55,0.4));
#7603=VECTOR('',#7604,1.);
#7604=DIRECTION('',(-1.,0.,0.));
#7605=CARTESIAN_POINT('',(0.85,3.55,0.4));
#7606=VECTOR('',#7607,1.);
#7607=DIRECTION('',(0.,-1.,0.));
#7608=CARTESIAN_POINT('',(-0.32,0.32,0.4));
#7609=CARTESIAN_POINT('',(0.32,0.32,0.4));
#7610=CARTESIAN_POINT('',(-0.32,0.32,0.4));
#7611=VECTOR('',#7612,1.);
#7612=DIRECTION('',(1.,0.,0.));
#7613=CARTESIAN_POINT('',(-0.32,-0.32,0.4));
#7614=CARTESIAN_POINT('',(-0.32,-0.32,0.4));
#7615=VECTOR('',#7616,1.);
#7616=DIRECTION('',(0.,1.,0.));
#7617=CARTESIAN_POINT('',(0.32,-0.32,0.4));
#7618=CARTESIAN_POINT('',(0.32,-0.32,0.4));
#7619=VECTOR('',#7620,1.);
#7620=DIRECTION('',(-1.,0.,0.));
#7621=CARTESIAN_POINT('',(0.32,0.32,0.4));
#7622=VECTOR('',#7623,1.);
#7623=DIRECTION('',(0.,-1.,0.));
#7624=CARTESIAN_POINT('',(0.85,3.55,0.));
#7625=CARTESIAN_POINT('',(0.85,3.55,0.4));
#7626=VECTOR('',#7627,1.);
#7627=DIRECTION('',(0.,0.,-1.));
#7628=CARTESIAN_POINT('',(0.85,-2.2,0.));
#7629=VECTOR('',#7630,1.);
#7630=DIRECTION('',(0.,1.,0.));
#7631=CARTESIAN_POINT('',(1.65,3.55,0.));
#7632=CARTESIAN_POINT('',(1.65,3.55,0.));
#7633=VECTOR('',#7634,1.);
#7634=DIRECTION('',(0.,-1.,0.));
#7635=CARTESIAN_POINT('',(1.65,3.55,0.));
#7636=VECTOR('',#7637,1.);
#7637=DIRECTION('',(-1.,0.,0.));
#7638=CARTESIAN_POINT('',(1.65,3.55,0.4));
#7639=CARTESIAN_POINT('',(1.65,3.55,0.));
#7640=VECTOR('',#7641,1.);
#7641=DIRECTION('',(0.,0.,1.));
#7642=CARTESIAN_POINT('',(1.65,-2.2,0.4));
#7643=VECTOR('',#7644,1.);
#7644=DIRECTION('',(0.,1.,0.));
#7645=CARTESIAN_POINT('',(3.35,3.55,0.4));
#7646=CARTESIAN_POINT('',(3.35,3.55,0.4));
#7647=VECTOR('',#7648,1.);
#7648=DIRECTION('',(-1.,0.,0.));
#7649=CARTESIAN_POINT('',(3.35,3.55,0.4));
#7650=VECTOR('',#7651,1.);
#7651=DIRECTION('',(0.,-1.,0.));
#7652=CARTESIAN_POINT('',(2.18,0.32,0.4));
#7653=CARTESIAN_POINT('',(2.82,0.32,0.4));
#7654=CARTESIAN_POINT('',(2.18,0.32,0.4));
#7655=VECTOR('',#7656,1.);
#7656=DIRECTION('',(1.,0.,0.));
#7657=CARTESIAN_POINT('',(2.18,-0.32,0.4));
#7658=CARTESIAN_POINT('',(2.18,-0.32,0.4));
#7659=VECTOR('',#7660,1.);
#7660=DIRECTION('',(0.,1.,0.));
#7661=CARTESIAN_POINT('',(2.82,-0.32,0.4));
#7662=CARTESIAN_POINT('',(2.82,-0.32,0.4));
#7663=VECTOR('',#7664,1.);
#7664=DIRECTION('',(-1.,0.,0.));
#7665=CARTESIAN_POINT('',(2.82,0.32,0.4));
#7666=VECTOR('',#7667,1.);
#7667=DIRECTION('',(0.,-1.,0.));
#7668=CARTESIAN_POINT('',(3.35,3.55,0.));
#7669=CARTESIAN_POINT('',(3.35,-2.2,0.));
#7670=VECTOR('',#7671,1.);
#7671=DIRECTION('',(0.,1.,0.));
#7672=CARTESIAN_POINT('',(3.35,3.55,0.4));
#7673=VECTOR('',#7674,1.);
#7674=DIRECTION('',(0.,0.,-1.));
#7675=CARTESIAN_POINT('',(4.15,3.55,0.));
#7676=CARTESIAN_POINT('',(4.15,3.55,0.));
#7677=VECTOR('',#7678,1.);
#7678=DIRECTION('',(-1.,0.,0.));
#7679=CARTESIAN_POINT('',(4.15,3.55,0.));
#7680=VECTOR('',#7681,1.);
#7681=DIRECTION('',(0.,-1.,0.));
#7682=CARTESIAN_POINT('',(4.15,3.55,0.4));
#7683=CARTESIAN_POINT('',(4.15,3.55,0.));
#7684=VECTOR('',#7685,1.);
#7685=DIRECTION('',(0.,0.,1.));
#7686=CARTESIAN_POINT('',(4.15,-2.2,0.4));
#7687=VECTOR('',#7688,1.);
#7688=DIRECTION('',(0.,1.,0.));
#7689=CARTESIAN_POINT('',(5.85,3.55,0.4));
#7690=CARTESIAN_POINT('',(5.85,3.55,0.4));
#7691=VECTOR('',#7692,1.);
#7692=DIRECTION('',(-1.,0.,0.));
#7693=CARTESIAN_POINT('',(5.85,3.55,0.4));
#7694=VECTOR('',#7695,1.);
#7695=DIRECTION('',(0.,-1.,0.));
#7696=CARTESIAN_POINT('',(4.68,0.32,0.4));
#7697=CARTESIAN_POINT('',(5.32,0.32,0.4));
#7698=CARTESIAN_POINT('',(4.68,0.32,0.4));
#7699=VECTOR('',#7700,1.);
#7700=DIRECTION('',(1.,0.,0.));
#7701=CARTESIAN_POINT('',(4.68,-0.32,0.4));
#7702=CARTESIAN_POINT('',(4.68,-0.32,0.4));
#7703=VECTOR('',#7704,1.);
#7704=DIRECTION('',(0.,1.,0.));
#7705=CARTESIAN_POINT('',(5.32,-0.32,0.4));
#7706=CARTESIAN_POINT('',(5.32,-0.32,0.4));
#7707=VECTOR('',#7708,1.);
#7708=DIRECTION('',(-1.,0.,0.));
#7709=CARTESIAN_POINT('',(5.32,0.32,0.4));
#7710=VECTOR('',#7711,1.);
#7711=DIRECTION('',(0.,-1.,0.));
#7712=CARTESIAN_POINT('',(5.85,3.55,0.));
#7713=CARTESIAN_POINT('',(5.85,-2.2,0.));
#7714=VECTOR('',#7715,1.);
#7715=DIRECTION('',(0.,1.,0.));
#7716=CARTESIAN_POINT('',(5.85,3.55,0.4));
#7717=VECTOR('',#7718,1.);
#7718=DIRECTION('',(0.,0.,-1.));
#7719=CARTESIAN_POINT('',(6.65,3.55,0.));
#7720=CARTESIAN_POINT('',(6.65,3.55,0.));
#7721=VECTOR('',#7722,1.);
#7722=DIRECTION('',(-1.,0.,0.));
#7723=CARTESIAN_POINT('',(6.65,3.55,0.));
#7724=VECTOR('',#7725,1.);
#7725=DIRECTION('',(0.,-1.,0.));
#7726=CARTESIAN_POINT('',(6.65,3.55,0.4));
#7727=CARTESIAN_POINT('',(6.65,3.55,0.));
#7728=VECTOR('',#7729,1.);
#7729=DIRECTION('',(0.,0.,1.));
#7730=CARTESIAN_POINT('',(6.65,-2.2,0.4));
#7731=VECTOR('',#7732,1.);
#7732=DIRECTION('',(0.,1.,0.));
#7733=CARTESIAN_POINT('',(8.35,3.55,0.4));
#7734=CARTESIAN_POINT('',(8.35,3.55,0.4));
#7735=VECTOR('',#7736,1.);
#7736=DIRECTION('',(-1.,0.,0.));
#7737=CARTESIAN_POINT('',(8.35,3.55,0.4));
#7738=VECTOR('',#7739,1.);
#7739=DIRECTION('',(0.,-1.,0.));
#7740=CARTESIAN_POINT('',(7.18,0.32,0.4));
#7741=CARTESIAN_POINT('',(7.82,0.32,0.4));
#7742=CARTESIAN_POINT('',(7.18,0.32,0.4));
#7743=VECTOR('',#7744,1.);
#7744=DIRECTION('',(1.,0.,0.));
#7745=CARTESIAN_POINT('',(7.18,-0.32,0.4));
#7746=CARTESIAN_POINT('',(7.18,-0.32,0.4));
#7747=VECTOR('',#7748,1.);
#7748=DIRECTION('',(0.,1.,0.));
#7749=CARTESIAN_POINT('',(7.82,-0.32,0.4));
#7750=CARTESIAN_POINT('',(7.82,-0.32,0.4));
#7751=VECTOR('',#7752,1.);
#7752=DIRECTION('',(-1.,0.,0.));
#7753=CARTESIAN_POINT('',(7.82,0.32,0.4));
#7754=VECTOR('',#7755,1.);
#7755=DIRECTION('',(0.,-1.,0.));
#7756=CARTESIAN_POINT('',(8.35,3.55,0.));
#7757=CARTESIAN_POINT('',(8.35,-2.2,0.));
#7758=VECTOR('',#7759,1.);
#7759=DIRECTION('',(0.,1.,0.));
#7760=CARTESIAN_POINT('',(8.35,3.55,0.4));
#7761=VECTOR('',#7762,1.);
#7762=DIRECTION('',(0.,0.,-1.));
#7763=CARTESIAN_POINT('',(9.15,3.55,0.));
#7764=CARTESIAN_POINT('',(9.15,3.55,0.));
#7765=VECTOR('',#7766,1.);
#7766=DIRECTION('',(-1.,0.,0.));
#7767=CARTESIAN_POINT('',(9.15,3.55,0.));
#7768=VECTOR('',#7769,1.);
#7769=DIRECTION('',(0.,-1.,0.));
#7770=CARTESIAN_POINT('',(9.15,3.55,0.4));
#7771=CARTESIAN_POINT('',(9.15,3.55,0.));
#7772=VECTOR('',#7773,1.);
#7773=DIRECTION('',(0.,0.,1.));
#7774=CARTESIAN_POINT('',(9.15,-2.2,0.4));
#7775=VECTOR('',#7776,1.);
#7776=DIRECTION('',(0.,1.,0.));
#7777=CARTESIAN_POINT('',(10.85,3.55,0.4));
#7778=CARTESIAN_POINT('',(10.85,3.55,0.4));
#7779=VECTOR('',#7780,1.);
#7780=DIRECTION('',(-1.,0.,0.));
#7781=CARTESIAN_POINT('',(10.85,3.55,0.4));
#7782=VECTOR('',#7783,1.);
#7783=DIRECTION('',(0.,-1.,0.));
#7784=CARTESIAN_POINT('',(9.68,0.32,0.4));
#7785=CARTESIAN_POINT('',(10.32,0.32,0.4));
#7786=CARTESIAN_POINT('',(9.68,0.32,0.4));
#7787=VECTOR('',#7788,1.);
#7788=DIRECTION('',(1.,0.,0.));
#7789=CARTESIAN_POINT('',(9.68,-0.32,0.4));
#7790=CARTESIAN_POINT('',(9.68,-0.32,0.4));
#7791=VECTOR('',#7792,1.);
#7792=DIRECTION('',(0.,1.,0.));
#7793=CARTESIAN_POINT('',(10.32,-0.32,0.4));
#7794=CARTESIAN_POINT('',(10.32,-0.32,0.4));
#7795=VECTOR('',#7796,1.);
#7796=DIRECTION('',(-1.,0.,0.));
#7797=CARTESIAN_POINT('',(10.32,0.32,0.4));
#7798=VECTOR('',#7799,1.);
#7799=DIRECTION('',(0.,-1.,0.));
#7800=CARTESIAN_POINT('',(10.85,3.55,0.));
#7801=CARTESIAN_POINT('',(10.85,-2.2,0.));
#7802=VECTOR('',#7803,1.);
#7803=DIRECTION('',(0.,1.,0.));
#7804=CARTESIAN_POINT('',(10.85,3.55,0.4));
#7805=VECTOR('',#7806,1.);
#7806=DIRECTION('',(0.,0.,-1.));
#7807=CARTESIAN_POINT('',(11.65,3.55,0.));
#7808=CARTESIAN_POINT('',(11.65,3.55,0.));
#7809=VECTOR('',#7810,1.);
#7810=DIRECTION('',(-1.,0.,0.));
#7811=CARTESIAN_POINT('',(11.65,3.55,0.));
#7812=VECTOR('',#7813,1.);
#7813=DIRECTION('',(0.,-1.,0.));
#7814=CARTESIAN_POINT('',(11.65,3.55,0.4));
#7815=CARTESIAN_POINT('',(11.65,3.55,0.));
#7816=VECTOR('',#7817,1.);
#7817=DIRECTION('',(0.,0.,1.));
#7818=CARTESIAN_POINT('',(11.65,-2.2,0.4));
#7819=VECTOR('',#7820,1.);
#7820=DIRECTION('',(0.,1.,0.));
#7821=CARTESIAN_POINT('',(13.35,3.55,0.4));
#7822=CARTESIAN_POINT('',(13.35,3.55,0.4));
#7823=VECTOR('',#7824,1.);
#7824=DIRECTION('',(-1.,0.,0.));
#7825=CARTESIAN_POINT('',(13.35,3.55,0.4));
#7826=VECTOR('',#7827,1.);
#7827=DIRECTION('',(0.,-1.,0.));
#7828=CARTESIAN_POINT('',(12.18,0.32,0.4));
#7829=CARTESIAN_POINT('',(12.82,0.32,0.4));
#7830=CARTESIAN_POINT('',(12.18,0.32,0.4));
#7831=VECTOR('',#7832,1.);
#7832=DIRECTION('',(1.,0.,0.));
#7833=CARTESIAN_POINT('',(12.18,-0.32,0.4));
#7834=CARTESIAN_POINT('',(12.18,-0.32,0.4));
#7835=VECTOR('',#7836,1.);
#7836=DIRECTION('',(0.,1.,0.));
#7837=CARTESIAN_POINT('',(12.82,-0.32,0.4));
#7838=CARTESIAN_POINT('',(12.82,-0.32,0.4));
#7839=VECTOR('',#7840,1.);
#7840=DIRECTION('',(-1.,0.,0.));
#7841=CARTESIAN_POINT('',(12.82,0.32,0.4));
#7842=VECTOR('',#7843,1.);
#7843=DIRECTION('',(0.,-1.,0.));
#7844=CARTESIAN_POINT('',(13.35,3.55,0.));
#7845=CARTESIAN_POINT('',(13.35,-2.2,0.));
#7846=VECTOR('',#7847,1.);
#7847=DIRECTION('',(0.,1.,0.));
#7848=CARTESIAN_POINT('',(13.35,3.55,0.4));
#7849=VECTOR('',#7850,1.);
#7850=DIRECTION('',(0.,0.,-1.));
#7851=CARTESIAN_POINT('',(14.15,3.55,0.));
#7852=CARTESIAN_POINT('',(14.15,3.55,0.));
#7853=VECTOR('',#7854,1.);
#7854=DIRECTION('',(-1.,0.,0.));
#7855=CARTESIAN_POINT('',(14.15,3.55,0.));
#7856=VECTOR('',#7857,1.);
#7857=DIRECTION('',(0.,-1.,0.));
#7858=CARTESIAN_POINT('',(14.15,3.55,0.4));
#7859=CARTESIAN_POINT('',(14.15,3.55,0.));
#7860=VECTOR('',#7861,1.);
#7861=DIRECTION('',(0.,0.,1.));
#7862=CARTESIAN_POINT('',(14.15,-2.2,0.4));
#7863=VECTOR('',#7864,1.);
#7864=DIRECTION('',(0.,1.,0.));
#7865=CARTESIAN_POINT('',(15.85,3.55,0.4));
#7866=CARTESIAN_POINT('',(15.85,3.55,0.4));
#7867=VECTOR('',#7868,1.);
#7868=DIRECTION('',(-1.,0.,0.));
#7869=CARTESIAN_POINT('',(15.85,3.55,0.4));
#7870=VECTOR('',#7871,1.);
#7871=DIRECTION('',(0.,-1.,0.));
#7872=CARTESIAN_POINT('',(14.68,0.32,0.4));
#7873=CARTESIAN_POINT('',(15.32,0.32,0.4));
#7874=CARTESIAN_POINT('',(14.68,0.32,0.4));
#7875=VECTOR('',#7876,1.);
#7876=DIRECTION('',(1.,0.,0.));
#7877=CARTESIAN_POINT('',(14.68,-0.32,0.4));
#7878=CARTESIAN_POINT('',(14.68,-0.32,0.4));
#7879=VECTOR('',#7880,1.);
#7880=DIRECTION('',(0.,1.,0.));
#7881=CARTESIAN_POINT('',(15.32,-0.32,0.4));
#7882=CARTESIAN_POINT('',(15.32,-0.32,0.4));
#7883=VECTOR('',#7884,1.);
#7884=DIRECTION('',(-1.,0.,0.));
#7885=CARTESIAN_POINT('',(15.32,0.32,0.4));
#7886=VECTOR('',#7887,1.);
#7887=DIRECTION('',(0.,-1.,0.));
#7888=CARTESIAN_POINT('',(15.85,3.55,0.));
#7889=CARTESIAN_POINT('',(15.85,-2.2,0.));
#7890=VECTOR('',#7891,1.);
#7891=DIRECTION('',(0.,1.,0.));
#7892=CARTESIAN_POINT('',(15.85,3.55,0.4));
#7893=VECTOR('',#7894,1.);
#7894=DIRECTION('',(0.,0.,-1.));
#7895=CARTESIAN_POINT('',(16.65,3.55,0.));
#7896=CARTESIAN_POINT('',(16.65,3.55,0.));
#7897=VECTOR('',#7898,1.);
#7898=DIRECTION('',(-1.,0.,0.));
#7899=CARTESIAN_POINT('',(16.65,3.55,0.));
#7900=VECTOR('',#7901,1.);
#7901=DIRECTION('',(0.,-1.,0.));
#7902=CARTESIAN_POINT('',(16.65,3.55,0.4));
#7903=CARTESIAN_POINT('',(16.65,3.55,0.));
#7904=VECTOR('',#7905,1.);
#7905=DIRECTION('',(0.,0.,1.));
#7906=CARTESIAN_POINT('',(16.65,-2.2,0.4));
#7907=VECTOR('',#7908,1.);
#7908=DIRECTION('',(0.,1.,0.));
#7909=CARTESIAN_POINT('',(18.35,3.55,0.4));
#7910=CARTESIAN_POINT('',(18.35,3.55,0.4));
#7911=VECTOR('',#7912,1.);
#7912=DIRECTION('',(-1.,0.,0.));
#7913=CARTESIAN_POINT('',(18.35,3.55,0.4));
#7914=VECTOR('',#7915,1.);
#7915=DIRECTION('',(0.,-1.,0.));
#7916=CARTESIAN_POINT('',(17.18,0.32,0.4));
#7917=CARTESIAN_POINT('',(17.82,0.32,0.4));
#7918=CARTESIAN_POINT('',(17.18,0.32,0.4));
#7919=VECTOR('',#7920,1.);
#7920=DIRECTION('',(1.,0.,0.));
#7921=CARTESIAN_POINT('',(17.18,-0.32,0.4));
#7922=CARTESIAN_POINT('',(17.18,-0.32,0.4));
#7923=VECTOR('',#7924,1.);
#7924=DIRECTION('',(0.,1.,0.));
#7925=CARTESIAN_POINT('',(17.82,-0.32,0.4));
#7926=CARTESIAN_POINT('',(17.82,-0.32,0.4));
#7927=VECTOR('',#7928,1.);
#7928=DIRECTION('',(-1.,0.,0.));
#7929=CARTESIAN_POINT('',(17.82,0.32,0.4));
#7930=VECTOR('',#7931,1.);
#7931=DIRECTION('',(0.,-1.,0.));
#7932=CARTESIAN_POINT('',(18.35,3.55,0.));
#7933=CARTESIAN_POINT('',(18.35,-2.2,0.));
#7934=VECTOR('',#7935,1.);
#7935=DIRECTION('',(0.,1.,0.));
#7936=CARTESIAN_POINT('',(18.35,3.55,0.4));
#7937=VECTOR('',#7938,1.);
#7938=DIRECTION('',(0.,0.,-1.));
#7939=CARTESIAN_POINT('',(19.15,3.55,0.));
#7940=CARTESIAN_POINT('',(19.15,3.55,0.));
#7941=VECTOR('',#7942,1.);
#7942=DIRECTION('',(-1.,0.,0.));
#7943=CARTESIAN_POINT('',(19.15,3.55,0.));
#7944=VECTOR('',#7945,1.);
#7945=DIRECTION('',(0.,-1.,0.));
#7946=CARTESIAN_POINT('',(19.15,3.55,0.4));
#7947=CARTESIAN_POINT('',(19.15,3.55,0.));
#7948=VECTOR('',#7949,1.);
#7949=DIRECTION('',(0.,0.,1.));
#7950=CARTESIAN_POINT('',(19.15,-2.2,0.4));
#7951=VECTOR('',#7952,1.);
#7952=DIRECTION('',(0.,1.,0.));
#7953=CARTESIAN_POINT('',(20.85,3.55,0.4));
#7954=CARTESIAN_POINT('',(20.85,3.55,0.4));
#7955=VECTOR('',#7956,1.);
#7956=DIRECTION('',(-1.,0.,0.));
#7957=CARTESIAN_POINT('',(20.85,3.55,0.4));
#7958=VECTOR('',#7959,1.);
#7959=DIRECTION('',(0.,-1.,0.));
#7960=CARTESIAN_POINT('',(19.68,0.32,0.4));
#7961=CARTESIAN_POINT('',(20.32,0.32,0.4));
#7962=CARTESIAN_POINT('',(19.68,0.32,0.4));
#7963=VECTOR('',#7964,1.);
#7964=DIRECTION('',(1.,0.,0.));
#7965=CARTESIAN_POINT('',(19.68,-0.32,0.4));
#7966=CARTESIAN_POINT('',(19.68,-0.32,0.4));
#7967=VECTOR('',#7968,1.);
#7968=DIRECTION('',(0.,1.,0.));
#7969=CARTESIAN_POINT('',(20.32,-0.32,0.4));
#7970=CARTESIAN_POINT('',(20.32,-0.32,0.4));
#7971=VECTOR('',#7972,1.);
#7972=DIRECTION('',(-1.,0.,0.));
#7973=CARTESIAN_POINT('',(20.32,0.32,0.4));
#7974=VECTOR('',#7975,1.);
#7975=DIRECTION('',(0.,-1.,0.));
#7976=CARTESIAN_POINT('',(20.85,3.55,0.));
#7977=CARTESIAN_POINT('',(20.85,-2.2,0.));
#7978=VECTOR('',#7979,1.);
#7979=DIRECTION('',(0.,1.,0.));
#7980=CARTESIAN_POINT('',(20.85,3.55,0.4));
#7981=VECTOR('',#7982,1.);
#7982=DIRECTION('',(0.,0.,-1.));
#7983=CARTESIAN_POINT('',(21.65,3.55,0.));
#7984=CARTESIAN_POINT('',(21.65,3.55,0.));
#7985=VECTOR('',#7986,1.);
#7986=DIRECTION('',(-1.,0.,0.));
#7987=CARTESIAN_POINT('',(21.65,3.55,0.));
#7988=VECTOR('',#7989,1.);
#7989=DIRECTION('',(0.,-1.,0.));
#7990=CARTESIAN_POINT('',(21.65,3.55,0.4));
#7991=CARTESIAN_POINT('',(21.65,3.55,0.));
#7992=VECTOR('',#7993,1.);
#7993=DIRECTION('',(0.,0.,1.));
#7994=CARTESIAN_POINT('',(21.65,-2.2,0.4));
#7995=VECTOR('',#7996,1.);
#7996=DIRECTION('',(0.,1.,0.));
#7997=CARTESIAN_POINT('',(23.35,3.55,0.4));
#7998=CARTESIAN_POINT('',(23.35,3.55,0.4));
#7999=VECTOR('',#8000,1.);
#8000=DIRECTION('',(-1.,0.,0.));
#8001=CARTESIAN_POINT('',(23.35,3.55,0.4));
#8002=VECTOR('',#8003,1.);
#8003=DIRECTION('',(0.,-1.,0.));
#8004=CARTESIAN_POINT('',(22.18,0.32,0.4));
#8005=CARTESIAN_POINT('',(22.82,0.32,0.4));
#8006=CARTESIAN_POINT('',(22.18,0.32,0.4));
#8007=VECTOR('',#8008,1.);
#8008=DIRECTION('',(1.,0.,0.));
#8009=CARTESIAN_POINT('',(22.18,-0.32,0.4));
#8010=CARTESIAN_POINT('',(22.18,-0.32,0.4));
#8011=VECTOR('',#8012,1.);
#8012=DIRECTION('',(0.,1.,0.));
#8013=CARTESIAN_POINT('',(22.82,-0.32,0.4));
#8014=CARTESIAN_POINT('',(22.82,-0.32,0.4));
#8015=VECTOR('',#8016,1.);
#8016=DIRECTION('',(-1.,0.,0.));
#8017=CARTESIAN_POINT('',(22.82,0.32,0.4));
#8018=VECTOR('',#8019,1.);
#8019=DIRECTION('',(0.,-1.,0.));
#8020=CARTESIAN_POINT('',(23.35,3.55,0.));
#8021=CARTESIAN_POINT('',(23.35,-2.2,0.));
#8022=VECTOR('',#8023,1.);
#8023=DIRECTION('',(0.,1.,0.));
#8024=CARTESIAN_POINT('',(23.35,3.55,0.4));
#8025=VECTOR('',#8026,1.);
#8026=DIRECTION('',(0.,0.,-1.));
#8027=CARTESIAN_POINT('',(23.35,3.55,0.));
#8028=VECTOR('',#8029,1.);
#8029=DIRECTION('',(1.,0.,0.));
#8030=CARTESIAN_POINT('',(24.6,-0.4,7.));
#8031=CARTESIAN_POINT('',(24.6,-0.4,7.));
#8032=VECTOR('',#8033,1.);
#8033=DIRECTION('',(-0.707106781186544,0.,-0.707106781186551));
#8034=CARTESIAN_POINT('',(25.,-0.4,7.));
#8035=VECTOR('',#8036,1.);
#8036=DIRECTION('',(-1.,0.,0.));
#8037=CARTESIAN_POINT('',(25.,3.55,7.));
#8038=VECTOR('',#8039,1.);
#8039=DIRECTION('',(-1.,0.,0.));
#8040=CARTESIAN_POINT('',(-2.1,-0.4,7.));
#8041=CARTESIAN_POINT('',(-2.1,3.15,7.));
#8042=CARTESIAN_POINT('',(-2.1,3.15,7.));
#8043=VECTOR('',#8044,1.);
#8044=DIRECTION('',(1.2509555207044E-016,-1.,0.));
#8045=CARTESIAN_POINT('',(24.6,3.15,7.));
#8046=CARTESIAN_POINT('',(24.6,3.15,7.));
#8047=VECTOR('',#8048,1.);
#8048=DIRECTION('',(-1.,1.66325546760323E-017,0.));
#8049=CARTESIAN_POINT('',(24.6,3.15,7.));
#8050=VECTOR('',#8051,1.);
#8051=DIRECTION('',(0.,-1.,0.));
#8052=CARTESIAN_POINT('',(-2.1,-0.4,7.));
#8053=VECTOR('',#8054,1.);
#8054=DIRECTION('',(-1.,0.,0.));
#8055=CARTESIAN_POINT('',(24.6,3.15,7.));
#8056=VECTOR('',#8057,1.);
#8057=DIRECTION('',(-0.577350269189627,-0.577350269189625,-0.577350269189626));
#8058=CARTESIAN_POINT('',(24.3,2.85,6.7));
#8059=VECTOR('',#8060,1.);
#8060=DIRECTION('',(-1.,0.,0.));
#8061=CARTESIAN_POINT('',(2.82,0.32,6.12679491924311));
#8062=CARTESIAN_POINT('',(2.18,0.32,6.12679491924311));
#8063=CARTESIAN_POINT('',(2.82,0.32,6.12679491924311));
#8064=VECTOR('',#8065,1.);
#8065=DIRECTION('',(-1.,0.,0.));
#8066=CARTESIAN_POINT('',(2.82,0.32,2.));
#8067=VECTOR('',#8068,1.);
#8068=DIRECTION('',(0.,0.,1.));
#8069=CARTESIAN_POINT('',(2.18,0.32,2.));
#8070=VECTOR('',#8071,1.);
#8071=DIRECTION('',(0.,0.,1.));
#8072=CARTESIAN_POINT('',(2.82,-0.32,6.12679491924311));
#8073=CARTESIAN_POINT('',(2.82,-0.32,6.12679491924311));
#8074=VECTOR('',#8075,1.);
#8075=DIRECTION('',(0.,1.,0.));
#8076=CARTESIAN_POINT('',(2.82,-0.32,2.));
#8077=VECTOR('',#8078,1.);
#8078=DIRECTION('',(0.,0.,1.));
#8079=CARTESIAN_POINT('',(2.18,-0.32,6.12679491924311));
#8080=CARTESIAN_POINT('',(2.18,-0.32,6.12679491924311));
#8081=VECTOR('',#8082,1.);
#8082=DIRECTION('',(1.,0.,0.));
#8083=CARTESIAN_POINT('',(2.18,-0.32,2.));
#8084=VECTOR('',#8085,1.);
#8085=DIRECTION('',(0.,0.,1.));
#8086=CARTESIAN_POINT('',(2.18,0.32,6.12679491924311));
#8087=VECTOR('',#8088,1.);
#8088=DIRECTION('',(0.,-1.,0.));
#8089=CARTESIAN_POINT('',(5.32,0.32,6.12679491924311));
#8090=CARTESIAN_POINT('',(4.68,0.32,6.12679491924311));
#8091=CARTESIAN_POINT('',(5.32,0.32,6.12679491924311));
#8092=VECTOR('',#8093,1.);
#8093=DIRECTION('',(-1.,0.,0.));
#8094=CARTESIAN_POINT('',(5.32,0.32,2.));
#8095=VECTOR('',#8096,1.);
#8096=DIRECTION('',(0.,0.,1.));
#8097=CARTESIAN_POINT('',(4.68,0.32,2.));
#8098=VECTOR('',#8099,1.);
#8099=DIRECTION('',(0.,0.,1.));
#8100=CARTESIAN_POINT('',(5.32,-0.32,6.12679491924311));
#8101=CARTESIAN_POINT('',(5.32,-0.32,6.12679491924311));
#8102=VECTOR('',#8103,1.);
#8103=DIRECTION('',(0.,1.,0.));
#8104=CARTESIAN_POINT('',(5.32,-0.32,2.));
#8105=VECTOR('',#8106,1.);
#8106=DIRECTION('',(0.,0.,1.));
#8107=CARTESIAN_POINT('',(4.68,-0.32,6.12679491924311));
#8108=CARTESIAN_POINT('',(4.68,-0.32,6.12679491924311));
#8109=VECTOR('',#8110,1.);
#8110=DIRECTION('',(1.,0.,0.));
#8111=CARTESIAN_POINT('',(4.68,-0.32,2.));
#8112=VECTOR('',#8113,1.);
#8113=DIRECTION('',(0.,0.,1.));
#8114=CARTESIAN_POINT('',(4.68,0.32,6.12679491924311));
#8115=VECTOR('',#8116,1.);
#8116=DIRECTION('',(0.,-1.,0.));
#8117=CARTESIAN_POINT('',(7.82,0.32,6.12679491924311));
#8118=CARTESIAN_POINT('',(7.18,0.32,6.12679491924311));
#8119=CARTESIAN_POINT('',(7.82,0.32,6.12679491924311));
#8120=VECTOR('',#8121,1.);
#8121=DIRECTION('',(-1.,0.,0.));
#8122=CARTESIAN_POINT('',(7.82,0.32,2.));
#8123=VECTOR('',#8124,1.);
#8124=DIRECTION('',(0.,0.,1.));
#8125=CARTESIAN_POINT('',(7.18,0.32,2.));
#8126=VECTOR('',#8127,1.);
#8127=DIRECTION('',(0.,0.,1.));
#8128=CARTESIAN_POINT('',(7.82,-0.32,6.12679491924311));
#8129=CARTESIAN_POINT('',(7.82,-0.32,6.12679491924311));
#8130=VECTOR('',#8131,1.);
#8131=DIRECTION('',(0.,1.,0.));
#8132=CARTESIAN_POINT('',(7.82,-0.32,2.));
#8133=VECTOR('',#8134,1.);
#8134=DIRECTION('',(0.,0.,1.));
#8135=CARTESIAN_POINT('',(7.18,-0.32,6.12679491924311));
#8136=CARTESIAN_POINT('',(7.18,-0.32,6.12679491924311));
#8137=VECTOR('',#8138,1.);
#8138=DIRECTION('',(1.,0.,0.));
#8139=CARTESIAN_POINT('',(7.18,-0.32,2.));
#8140=VECTOR('',#8141,1.);
#8141=DIRECTION('',(0.,0.,1.));
#8142=CARTESIAN_POINT('',(7.18,0.32,6.12679491924311));
#8143=VECTOR('',#8144,1.);
#8144=DIRECTION('',(0.,-1.,0.));
#8145=CARTESIAN_POINT('',(10.32,0.32,6.12679491924311));
#8146=CARTESIAN_POINT('',(9.68,0.32,6.12679491924311));
#8147=CARTESIAN_POINT('',(10.32,0.32,6.12679491924311));
#8148=VECTOR('',#8149,1.);
#8149=DIRECTION('',(-1.,0.,2.77555756156289E-015));
#8150=CARTESIAN_POINT('',(10.32,0.32,2.));
#8151=VECTOR('',#8152,1.);
#8152=DIRECTION('',(0.,0.,1.));
#8153=CARTESIAN_POINT('',(9.68,0.32,2.));
#8154=VECTOR('',#8155,1.);
#8155=DIRECTION('',(0.,0.,1.));
#8156=CARTESIAN_POINT('',(10.32,-0.32,6.12679491924311));
#8157=CARTESIAN_POINT('',(10.32,-0.32,6.12679491924311));
#8158=VECTOR('',#8159,1.);
#8159=DIRECTION('',(0.,1.,0.));
#8160=CARTESIAN_POINT('',(10.32,-0.32,2.));
#8161=VECTOR('',#8162,1.);
#8162=DIRECTION('',(0.,0.,1.));
#8163=CARTESIAN_POINT('',(9.68,-0.32,6.12679491924311));
#8164=CARTESIAN_POINT('',(9.68,-0.32,6.12679491924311));
#8165=VECTOR('',#8166,1.);
#8166=DIRECTION('',(1.,0.,2.77555756156289E-015));
#8167=CARTESIAN_POINT('',(9.68,-0.32,2.));
#8168=VECTOR('',#8169,1.);
#8169=DIRECTION('',(0.,0.,1.));
#8170=CARTESIAN_POINT('',(9.68,0.32,6.12679491924311));
#8171=VECTOR('',#8172,1.);
#8172=DIRECTION('',(0.,-1.,0.));
#8173=CARTESIAN_POINT('',(12.82,0.32,6.12679491924311));
#8174=CARTESIAN_POINT('',(12.18,0.32,6.12679491924311));
#8175=CARTESIAN_POINT('',(12.82,0.32,6.12679491924311));
#8176=VECTOR('',#8177,1.);
#8177=DIRECTION('',(-1.,0.,2.77555756156289E-015));
#8178=CARTESIAN_POINT('',(12.82,0.32,2.));
#8179=VECTOR('',#8180,1.);
#8180=DIRECTION('',(0.,0.,1.));
#8181=CARTESIAN_POINT('',(12.18,0.32,2.));
#8182=VECTOR('',#8183,1.);
#8183=DIRECTION('',(0.,0.,1.));
#8184=CARTESIAN_POINT('',(12.82,-0.32,6.12679491924311));
#8185=CARTESIAN_POINT('',(12.82,-0.32,6.12679491924311));
#8186=VECTOR('',#8187,1.);
#8187=DIRECTION('',(0.,1.,0.));
#8188=CARTESIAN_POINT('',(12.82,-0.32,2.));
#8189=VECTOR('',#8190,1.);
#8190=DIRECTION('',(0.,0.,1.));
#8191=CARTESIAN_POINT('',(12.18,-0.32,6.12679491924311));
#8192=CARTESIAN_POINT('',(12.18,-0.32,6.12679491924311));
#8193=VECTOR('',#8194,1.);
#8194=DIRECTION('',(1.,0.,2.77555756156289E-015));
#8195=CARTESIAN_POINT('',(12.18,-0.32,2.));
#8196=VECTOR('',#8197,1.);
#8197=DIRECTION('',(0.,0.,1.));
#8198=CARTESIAN_POINT('',(12.18,0.32,6.12679491924311));
#8199=VECTOR('',#8200,1.);
#8200=DIRECTION('',(0.,-1.,0.));
#8201=CARTESIAN_POINT('',(15.32,0.32,6.12679491924311));
#8202=CARTESIAN_POINT('',(14.68,0.32,6.12679491924311));
#8203=CARTESIAN_POINT('',(15.32,0.32,6.12679491924311));
#8204=VECTOR('',#8205,1.);
#8205=DIRECTION('',(-1.,0.,2.77555756156289E-015));
#8206=CARTESIAN_POINT('',(15.32,0.32,2.));
#8207=VECTOR('',#8208,1.);
#8208=DIRECTION('',(0.,0.,1.));
#8209=CARTESIAN_POINT('',(14.68,0.32,2.));
#8210=VECTOR('',#8211,1.);
#8211=DIRECTION('',(0.,0.,1.));
#8212=CARTESIAN_POINT('',(15.32,-0.32,6.12679491924311));
#8213=CARTESIAN_POINT('',(15.32,-0.32,6.12679491924311));
#8214=VECTOR('',#8215,1.);
#8215=DIRECTION('',(0.,1.,0.));
#8216=CARTESIAN_POINT('',(15.32,-0.32,2.));
#8217=VECTOR('',#8218,1.);
#8218=DIRECTION('',(0.,0.,1.));
#8219=CARTESIAN_POINT('',(14.68,-0.32,6.12679491924311));
#8220=CARTESIAN_POINT('',(14.68,-0.32,6.12679491924311));
#8221=VECTOR('',#8222,1.);
#8222=DIRECTION('',(1.,0.,2.77555756156289E-015));
#8223=CARTESIAN_POINT('',(14.68,-0.32,2.));
#8224=VECTOR('',#8225,1.);
#8225=DIRECTION('',(0.,0.,1.));
#8226=CARTESIAN_POINT('',(14.68,0.32,6.12679491924311));
#8227=VECTOR('',#8228,1.);
#8228=DIRECTION('',(0.,-1.,0.));
#8229=CARTESIAN_POINT('',(17.82,0.32,6.12679491924311));
#8230=CARTESIAN_POINT('',(17.18,0.32,6.12679491924311));
#8231=CARTESIAN_POINT('',(17.82,0.32,6.12679491924311));
#8232=VECTOR('',#8233,1.);
#8233=DIRECTION('',(-1.,0.,2.77555756156289E-015));
#8234=CARTESIAN_POINT('',(17.82,0.32,2.));
#8235=VECTOR('',#8236,1.);
#8236=DIRECTION('',(0.,0.,1.));
#8237=CARTESIAN_POINT('',(17.18,0.32,2.));
#8238=VECTOR('',#8239,1.);
#8239=DIRECTION('',(0.,0.,1.));
#8240=CARTESIAN_POINT('',(17.82,-0.32,6.12679491924311));
#8241=CARTESIAN_POINT('',(17.82,-0.32,6.12679491924311));
#8242=VECTOR('',#8243,1.);
#8243=DIRECTION('',(0.,1.,0.));
#8244=CARTESIAN_POINT('',(17.82,-0.32,2.));
#8245=VECTOR('',#8246,1.);
#8246=DIRECTION('',(0.,0.,1.));
#8247=CARTESIAN_POINT('',(17.18,-0.32,6.12679491924311));
#8248=CARTESIAN_POINT('',(17.18,-0.32,6.12679491924311));
#8249=VECTOR('',#8250,1.);
#8250=DIRECTION('',(1.,0.,2.77555756156289E-015));
#8251=CARTESIAN_POINT('',(17.18,-0.32,2.));
#8252=VECTOR('',#8253,1.);
#8253=DIRECTION('',(0.,0.,1.));
#8254=CARTESIAN_POINT('',(17.18,0.32,6.12679491924311));
#8255=VECTOR('',#8256,1.);
#8256=DIRECTION('',(0.,-1.,0.));
#8257=CARTESIAN_POINT('',(20.32,0.32,6.12679491924311));
#8258=CARTESIAN_POINT('',(19.68,0.32,6.12679491924311));
#8259=CARTESIAN_POINT('',(20.32,0.32,6.12679491924311));
#8260=VECTOR('',#8261,1.);
#8261=DIRECTION('',(-1.,0.,2.77555756156289E-015));
#8262=CARTESIAN_POINT('',(20.32,0.32,2.));
#8263=VECTOR('',#8264,1.);
#8264=DIRECTION('',(0.,0.,1.));
#8265=CARTESIAN_POINT('',(19.68,0.32,2.));
#8266=VECTOR('',#8267,1.);
#8267=DIRECTION('',(0.,0.,1.));
#8268=CARTESIAN_POINT('',(20.32,-0.32,6.12679491924311));
#8269=CARTESIAN_POINT('',(20.32,-0.32,6.12679491924311));
#8270=VECTOR('',#8271,1.);
#8271=DIRECTION('',(0.,1.,0.));
#8272=CARTESIAN_POINT('',(20.32,-0.32,2.));
#8273=VECTOR('',#8274,1.);
#8274=DIRECTION('',(0.,0.,1.));
#8275=CARTESIAN_POINT('',(19.68,-0.32,6.12679491924311));
#8276=CARTESIAN_POINT('',(19.68,-0.32,6.12679491924311));
#8277=VECTOR('',#8278,1.);
#8278=DIRECTION('',(1.,0.,2.77555756156289E-015));
#8279=CARTESIAN_POINT('',(19.68,-0.32,2.));
#8280=VECTOR('',#8281,1.);
#8281=DIRECTION('',(0.,0.,1.));
#8282=CARTESIAN_POINT('',(19.68,0.32,6.12679491924311));
#8283=VECTOR('',#8284,1.);
#8284=DIRECTION('',(0.,-1.,0.));
#8285=CARTESIAN_POINT('',(22.82,0.32,6.12679491924311));
#8286=CARTESIAN_POINT('',(22.18,0.32,6.12679491924311));
#8287=CARTESIAN_POINT('',(22.82,0.32,6.12679491924311));
#8288=VECTOR('',#8289,1.);
#8289=DIRECTION('',(-1.,0.,2.77555756156289E-015));
#8290=CARTESIAN_POINT('',(22.82,0.32,2.));
#8291=VECTOR('',#8292,1.);
#8292=DIRECTION('',(0.,0.,1.));
#8293=CARTESIAN_POINT('',(22.18,0.32,2.));
#8294=VECTOR('',#8295,1.);
#8295=DIRECTION('',(0.,0.,1.));
#8296=CARTESIAN_POINT('',(22.82,-0.32,6.12679491924311));
#8297=CARTESIAN_POINT('',(22.82,-0.32,6.12679491924311));
#8298=VECTOR('',#8299,1.);
#8299=DIRECTION('',(0.,1.,0.));
#8300=CARTESIAN_POINT('',(22.82,-0.32,2.));
#8301=VECTOR('',#8302,1.);
#8302=DIRECTION('',(0.,0.,1.));
#8303=CARTESIAN_POINT('',(22.18,-0.32,6.12679491924311));
#8304=CARTESIAN_POINT('',(22.18,-0.32,6.12679491924311));
#8305=VECTOR('',#8306,1.);
#8306=DIRECTION('',(1.,0.,2.77555756156289E-015));
#8307=CARTESIAN_POINT('',(22.18,-0.32,2.));
#8308=VECTOR('',#8309,1.);
#8309=DIRECTION('',(0.,0.,1.));
#8310=CARTESIAN_POINT('',(22.18,0.32,6.12679491924311));
#8311=VECTOR('',#8312,1.);
#8312=DIRECTION('',(0.,-1.,0.));
#8313=CARTESIAN_POINT('',(0.32,0.32,6.12679491924311));
#8314=CARTESIAN_POINT('',(-0.32,0.32,6.12679491924311));
#8315=CARTESIAN_POINT('',(0.32,0.32,6.12679491924311));
#8316=VECTOR('',#8317,1.);
#8317=DIRECTION('',(-1.,0.,0.));
#8318=CARTESIAN_POINT('',(0.32,0.32,2.));
#8319=VECTOR('',#8320,1.);
#8320=DIRECTION('',(0.,0.,1.));
#8321=CARTESIAN_POINT('',(-0.32,0.32,2.));
#8322=VECTOR('',#8323,1.);
#8323=DIRECTION('',(0.,0.,1.));
#8324=CARTESIAN_POINT('',(0.32,-0.32,6.12679491924311));
#8325=CARTESIAN_POINT('',(0.32,-0.32,6.12679491924311));
#8326=VECTOR('',#8327,1.);
#8327=DIRECTION('',(0.,1.,0.));
#8328=CARTESIAN_POINT('',(0.32,-0.32,2.));
#8329=VECTOR('',#8330,1.);
#8330=DIRECTION('',(0.,0.,1.));
#8331=CARTESIAN_POINT('',(-0.32,-0.32,6.12679491924311));
#8332=CARTESIAN_POINT('',(-0.32,-0.32,6.12679491924311));
#8333=VECTOR('',#8334,1.);
#8334=DIRECTION('',(1.,0.,0.));
#8335=CARTESIAN_POINT('',(-0.32,-0.32,2.));
#8336=VECTOR('',#8337,1.);
#8337=DIRECTION('',(0.,0.,1.));
#8338=CARTESIAN_POINT('',(-0.32,0.32,6.12679491924311));
#8339=VECTOR('',#8340,1.);
#8340=DIRECTION('',(0.,-1.,0.));
#8341=CARTESIAN_POINT('',(-1.8,-0.4,6.7));
#8342=VECTOR('',#8343,1.);
#8343=DIRECTION('',(-0.707106781186544,0.,0.707106781186551));
#8344=CARTESIAN_POINT('',(-2.1,3.15,7.));
#8345=VECTOR('',#8346,1.);
#8346=DIRECTION('',(0.577350269189627,-0.577350269189626,-0.577350269189624));
#8347=CARTESIAN_POINT('',(0.32,0.32,-3.12679491924311));
#8348=CARTESIAN_POINT('',(-0.32,0.32,-3.12679491924311));
#8349=CARTESIAN_POINT('',(0.32,0.32,-3.12679491924311));
#8350=VECTOR('',#8351,1.);
#8351=DIRECTION('',(-1.,0.,0.));
#8352=CARTESIAN_POINT('',(-0.32,0.32,-3.12679491924311));
#8353=VECTOR('',#8354,1.);
#8354=DIRECTION('',(0.,0.,1.));
#8355=CARTESIAN_POINT('',(0.32,0.32,-3.12679491924311));
#8356=VECTOR('',#8357,1.);
#8357=DIRECTION('',(0.,0.,1.));
#8358=CARTESIAN_POINT('',(-0.32,-0.32,-3.12679491924311));
#8359=CARTESIAN_POINT('',(-0.32,0.32,-3.12679491924311));
#8360=VECTOR('',#8361,1.);
#8361=DIRECTION('',(0.,-1.,0.));
#8362=CARTESIAN_POINT('',(-0.32,-0.32,-3.12679491924311));
#8363=VECTOR('',#8364,1.);
#8364=DIRECTION('',(0.,0.,1.));
#8365=CARTESIAN_POINT('',(0.32,-0.32,-3.12679491924311));
#8366=CARTESIAN_POINT('',(-0.32,-0.32,-3.12679491924311));
#8367=VECTOR('',#8368,1.);
#8368=DIRECTION('',(1.,0.,0.));
#8369=CARTESIAN_POINT('',(0.32,-0.32,-3.12679491924311));
#8370=VECTOR('',#8371,1.);
#8371=DIRECTION('',(0.,0.,1.));
#8372=CARTESIAN_POINT('',(0.32,-0.32,-3.12679491924311));
#8373=VECTOR('',#8374,1.);
#8374=DIRECTION('',(0.,1.,0.));
#8375=CARTESIAN_POINT('',(2.82,0.32,-3.12679491924311));
#8376=CARTESIAN_POINT('',(2.18,0.32,-3.12679491924311));
#8377=CARTESIAN_POINT('',(2.82,0.32,-3.12679491924311));
#8378=VECTOR('',#8379,1.);
#8379=DIRECTION('',(-1.,0.,0.));
#8380=CARTESIAN_POINT('',(2.18,0.32,-3.12679491924311));
#8381=VECTOR('',#8382,1.);
#8382=DIRECTION('',(0.,0.,1.));
#8383=CARTESIAN_POINT('',(2.82,0.32,-3.12679491924311));
#8384=VECTOR('',#8385,1.);
#8385=DIRECTION('',(0.,0.,1.));
#8386=CARTESIAN_POINT('',(2.18,-0.32,-3.12679491924311));
#8387=CARTESIAN_POINT('',(2.18,0.32,-3.12679491924311));
#8388=VECTOR('',#8389,1.);
#8389=DIRECTION('',(0.,-1.,0.));
#8390=CARTESIAN_POINT('',(2.18,-0.32,-3.12679491924311));
#8391=VECTOR('',#8392,1.);
#8392=DIRECTION('',(0.,0.,1.));
#8393=CARTESIAN_POINT('',(2.82,-0.32,-3.12679491924311));
#8394=CARTESIAN_POINT('',(2.18,-0.32,-3.12679491924311));
#8395=VECTOR('',#8396,1.);
#8396=DIRECTION('',(1.,0.,0.));
#8397=CARTESIAN_POINT('',(2.82,-0.32,-3.12679491924311));
#8398=VECTOR('',#8399,1.);
#8399=DIRECTION('',(0.,0.,1.));
#8400=CARTESIAN_POINT('',(2.82,-0.32,-3.12679491924311));
#8401=VECTOR('',#8402,1.);
#8402=DIRECTION('',(0.,1.,0.));
#8403=CARTESIAN_POINT('',(5.32,0.32,-3.12679491924311));
#8404=CARTESIAN_POINT('',(4.68,0.32,-3.12679491924311));
#8405=CARTESIAN_POINT('',(5.32,0.32,-3.12679491924311));
#8406=VECTOR('',#8407,1.);
#8407=DIRECTION('',(-1.,0.,0.));
#8408=CARTESIAN_POINT('',(4.68,0.32,-3.12679491924311));
#8409=VECTOR('',#8410,1.);
#8410=DIRECTION('',(0.,0.,1.));
#8411=CARTESIAN_POINT('',(5.32,0.32,-3.12679491924311));
#8412=VECTOR('',#8413,1.);
#8413=DIRECTION('',(0.,0.,1.));
#8414=CARTESIAN_POINT('',(4.68,-0.32,-3.12679491924311));
#8415=CARTESIAN_POINT('',(4.68,0.32,-3.12679491924311));
#8416=VECTOR('',#8417,1.);
#8417=DIRECTION('',(0.,-1.,0.));
#8418=CARTESIAN_POINT('',(4.68,-0.32,-3.12679491924311));
#8419=VECTOR('',#8420,1.);
#8420=DIRECTION('',(0.,0.,1.));
#8421=CARTESIAN_POINT('',(5.32,-0.32,-3.12679491924311));
#8422=CARTESIAN_POINT('',(4.68,-0.32,-3.12679491924311));
#8423=VECTOR('',#8424,1.);
#8424=DIRECTION('',(1.,0.,0.));
#8425=CARTESIAN_POINT('',(5.32,-0.32,-3.12679491924311));
#8426=VECTOR('',#8427,1.);
#8427=DIRECTION('',(0.,0.,1.));
#8428=CARTESIAN_POINT('',(5.32,-0.32,-3.12679491924311));
#8429=VECTOR('',#8430,1.);
#8430=DIRECTION('',(0.,1.,0.));
#8431=CARTESIAN_POINT('',(7.82,0.32,-3.12679491924311));
#8432=CARTESIAN_POINT('',(7.18,0.32,-3.12679491924311));
#8433=CARTESIAN_POINT('',(7.82,0.32,-3.12679491924311));
#8434=VECTOR('',#8435,1.);
#8435=DIRECTION('',(-1.,0.,0.));
#8436=CARTESIAN_POINT('',(7.18,0.32,-3.12679491924311));
#8437=VECTOR('',#8438,1.);
#8438=DIRECTION('',(0.,0.,1.));
#8439=CARTESIAN_POINT('',(7.82,0.32,-3.12679491924311));
#8440=VECTOR('',#8441,1.);
#8441=DIRECTION('',(0.,0.,1.));
#8442=CARTESIAN_POINT('',(7.18,-0.32,-3.12679491924311));
#8443=CARTESIAN_POINT('',(7.18,0.32,-3.12679491924311));
#8444=VECTOR('',#8445,1.);
#8445=DIRECTION('',(0.,-1.,0.));
#8446=CARTESIAN_POINT('',(7.18,-0.32,-3.12679491924311));
#8447=VECTOR('',#8448,1.);
#8448=DIRECTION('',(0.,0.,1.));
#8449=CARTESIAN_POINT('',(7.82,-0.32,-3.12679491924311));
#8450=CARTESIAN_POINT('',(7.18,-0.32,-3.12679491924311));
#8451=VECTOR('',#8452,1.);
#8452=DIRECTION('',(1.,0.,0.));
#8453=CARTESIAN_POINT('',(7.82,-0.32,-3.12679491924311));
#8454=VECTOR('',#8455,1.);
#8455=DIRECTION('',(0.,0.,1.));
#8456=CARTESIAN_POINT('',(7.82,-0.32,-3.12679491924311));
#8457=VECTOR('',#8458,1.);
#8458=DIRECTION('',(0.,1.,0.));
#8459=CARTESIAN_POINT('',(10.32,0.32,-3.12679491924311));
#8460=CARTESIAN_POINT('',(9.68,0.32,-3.12679491924311));
#8461=CARTESIAN_POINT('',(10.32,0.32,-3.12679491924311));
#8462=VECTOR('',#8463,1.);
#8463=DIRECTION('',(-1.,0.,0.));
#8464=CARTESIAN_POINT('',(9.68,0.32,-3.12679491924311));
#8465=VECTOR('',#8466,1.);
#8466=DIRECTION('',(0.,0.,1.));
#8467=CARTESIAN_POINT('',(10.32,0.32,-3.12679491924311));
#8468=VECTOR('',#8469,1.);
#8469=DIRECTION('',(0.,0.,1.));
#8470=CARTESIAN_POINT('',(9.68,-0.32,-3.12679491924311));
#8471=CARTESIAN_POINT('',(9.68,0.32,-3.12679491924311));
#8472=VECTOR('',#8473,1.);
#8473=DIRECTION('',(0.,-1.,0.));
#8474=CARTESIAN_POINT('',(9.68,-0.32,-3.12679491924311));
#8475=VECTOR('',#8476,1.);
#8476=DIRECTION('',(0.,0.,1.));
#8477=CARTESIAN_POINT('',(10.32,-0.32,-3.12679491924311));
#8478=CARTESIAN_POINT('',(9.68,-0.32,-3.12679491924311));
#8479=VECTOR('',#8480,1.);
#8480=DIRECTION('',(1.,0.,0.));
#8481=CARTESIAN_POINT('',(10.32,-0.32,-3.12679491924311));
#8482=VECTOR('',#8483,1.);
#8483=DIRECTION('',(0.,0.,1.));
#8484=CARTESIAN_POINT('',(10.32,-0.32,-3.12679491924311));
#8485=VECTOR('',#8486,1.);
#8486=DIRECTION('',(0.,1.,0.));
#8487=CARTESIAN_POINT('',(12.82,0.32,-3.12679491924311));
#8488=CARTESIAN_POINT('',(12.18,0.32,-3.12679491924311));
#8489=CARTESIAN_POINT('',(12.82,0.32,-3.12679491924311));
#8490=VECTOR('',#8491,1.);
#8491=DIRECTION('',(-1.,0.,0.));
#8492=CARTESIAN_POINT('',(12.18,0.32,-3.12679491924311));
#8493=VECTOR('',#8494,1.);
#8494=DIRECTION('',(0.,0.,1.));
#8495=CARTESIAN_POINT('',(12.82,0.32,-3.12679491924311));
#8496=VECTOR('',#8497,1.);
#8497=DIRECTION('',(0.,0.,1.));
#8498=CARTESIAN_POINT('',(12.18,-0.32,-3.12679491924311));
#8499=CARTESIAN_POINT('',(12.18,0.32,-3.12679491924311));
#8500=VECTOR('',#8501,1.);
#8501=DIRECTION('',(0.,-1.,0.));
#8502=CARTESIAN_POINT('',(12.18,-0.32,-3.12679491924311));
#8503=VECTOR('',#8504,1.);
#8504=DIRECTION('',(0.,0.,1.));
#8505=CARTESIAN_POINT('',(12.82,-0.32,-3.12679491924311));
#8506=CARTESIAN_POINT('',(12.18,-0.32,-3.12679491924311));
#8507=VECTOR('',#8508,1.);
#8508=DIRECTION('',(1.,0.,0.));
#8509=CARTESIAN_POINT('',(12.82,-0.32,-3.12679491924311));
#8510=VECTOR('',#8511,1.);
#8511=DIRECTION('',(0.,0.,1.));
#8512=CARTESIAN_POINT('',(12.82,-0.32,-3.12679491924311));
#8513=VECTOR('',#8514,1.);
#8514=DIRECTION('',(0.,1.,0.));
#8515=CARTESIAN_POINT('',(15.32,0.32,-3.12679491924311));
#8516=CARTESIAN_POINT('',(14.68,0.32,-3.12679491924311));
#8517=CARTESIAN_POINT('',(15.32,0.32,-3.12679491924311));
#8518=VECTOR('',#8519,1.);
#8519=DIRECTION('',(-1.,0.,0.));
#8520=CARTESIAN_POINT('',(14.68,0.32,-3.12679491924311));
#8521=VECTOR('',#8522,1.);
#8522=DIRECTION('',(0.,0.,1.));
#8523=CARTESIAN_POINT('',(15.32,0.32,-3.12679491924311));
#8524=VECTOR('',#8525,1.);
#8525=DIRECTION('',(0.,0.,1.));
#8526=CARTESIAN_POINT('',(14.68,-0.32,-3.12679491924311));
#8527=CARTESIAN_POINT('',(14.68,0.32,-3.12679491924311));
#8528=VECTOR('',#8529,1.);
#8529=DIRECTION('',(0.,-1.,0.));
#8530=CARTESIAN_POINT('',(14.68,-0.32,-3.12679491924311));
#8531=VECTOR('',#8532,1.);
#8532=DIRECTION('',(0.,0.,1.));
#8533=CARTESIAN_POINT('',(15.32,-0.32,-3.12679491924311));
#8534=CARTESIAN_POINT('',(14.68,-0.32,-3.12679491924311));
#8535=VECTOR('',#8536,1.);
#8536=DIRECTION('',(1.,0.,0.));
#8537=CARTESIAN_POINT('',(15.32,-0.32,-3.12679491924311));
#8538=VECTOR('',#8539,1.);
#8539=DIRECTION('',(0.,0.,1.));
#8540=CARTESIAN_POINT('',(15.32,-0.32,-3.12679491924311));
#8541=VECTOR('',#8542,1.);
#8542=DIRECTION('',(0.,1.,0.));
#8543=CARTESIAN_POINT('',(17.82,0.32,-3.12679491924311));
#8544=CARTESIAN_POINT('',(17.18,0.32,-3.12679491924311));
#8545=CARTESIAN_POINT('',(17.82,0.32,-3.12679491924311));
#8546=VECTOR('',#8547,1.);
#8547=DIRECTION('',(-1.,0.,0.));
#8548=CARTESIAN_POINT('',(17.18,0.32,-3.12679491924311));
#8549=VECTOR('',#8550,1.);
#8550=DIRECTION('',(0.,0.,1.));
#8551=CARTESIAN_POINT('',(17.82,0.32,-3.12679491924311));
#8552=VECTOR('',#8553,1.);
#8553=DIRECTION('',(0.,0.,1.));
#8554=CARTESIAN_POINT('',(17.18,-0.32,-3.12679491924311));
#8555=CARTESIAN_POINT('',(17.18,0.32,-3.12679491924311));
#8556=VECTOR('',#8557,1.);
#8557=DIRECTION('',(0.,-1.,0.));
#8558=CARTESIAN_POINT('',(17.18,-0.32,-3.12679491924311));
#8559=VECTOR('',#8560,1.);
#8560=DIRECTION('',(0.,0.,1.));
#8561=CARTESIAN_POINT('',(17.82,-0.32,-3.12679491924311));
#8562=CARTESIAN_POINT('',(17.18,-0.32,-3.12679491924311));
#8563=VECTOR('',#8564,1.);
#8564=DIRECTION('',(1.,0.,0.));
#8565=CARTESIAN_POINT('',(17.82,-0.32,-3.12679491924311));
#8566=VECTOR('',#8567,1.);
#8567=DIRECTION('',(0.,0.,1.));
#8568=CARTESIAN_POINT('',(17.82,-0.32,-3.12679491924311));
#8569=VECTOR('',#8570,1.);
#8570=DIRECTION('',(0.,1.,0.));
#8571=CARTESIAN_POINT('',(20.32,0.32,-3.12679491924311));
#8572=CARTESIAN_POINT('',(19.68,0.32,-3.12679491924311));
#8573=CARTESIAN_POINT('',(20.32,0.32,-3.12679491924311));
#8574=VECTOR('',#8575,1.);
#8575=DIRECTION('',(-1.,0.,0.));
#8576=CARTESIAN_POINT('',(19.68,0.32,-3.12679491924311));
#8577=VECTOR('',#8578,1.);
#8578=DIRECTION('',(0.,0.,1.));
#8579=CARTESIAN_POINT('',(20.32,0.32,-3.12679491924311));
#8580=VECTOR('',#8581,1.);
#8581=DIRECTION('',(0.,0.,1.));
#8582=CARTESIAN_POINT('',(19.68,-0.32,-3.12679491924311));
#8583=CARTESIAN_POINT('',(19.68,0.32,-3.12679491924311));
#8584=VECTOR('',#8585,1.);
#8585=DIRECTION('',(0.,-1.,0.));
#8586=CARTESIAN_POINT('',(19.68,-0.32,-3.12679491924311));
#8587=VECTOR('',#8588,1.);
#8588=DIRECTION('',(0.,0.,1.));
#8589=CARTESIAN_POINT('',(20.32,-0.32,-3.12679491924311));
#8590=CARTESIAN_POINT('',(19.68,-0.32,-3.12679491924311));
#8591=VECTOR('',#8592,1.);
#8592=DIRECTION('',(1.,0.,0.));
#8593=CARTESIAN_POINT('',(20.32,-0.32,-3.12679491924311));
#8594=VECTOR('',#8595,1.);
#8595=DIRECTION('',(0.,0.,1.));
#8596=CARTESIAN_POINT('',(20.32,-0.32,-3.12679491924311));
#8597=VECTOR('',#8598,1.);
#8598=DIRECTION('',(0.,1.,0.));
#8599=CARTESIAN_POINT('',(22.82,0.32,-3.12679491924311));
#8600=CARTESIAN_POINT('',(22.18,0.32,-3.12679491924311));
#8601=CARTESIAN_POINT('',(22.82,0.32,-3.12679491924311));
#8602=VECTOR('',#8603,1.);
#8603=DIRECTION('',(-1.,0.,0.));
#8604=CARTESIAN_POINT('',(22.18,0.32,-3.12679491924311));
#8605=VECTOR('',#8606,1.);
#8606=DIRECTION('',(0.,0.,1.));
#8607=CARTESIAN_POINT('',(22.82,0.32,-3.12679491924311));
#8608=VECTOR('',#8609,1.);
#8609=DIRECTION('',(0.,0.,1.));
#8610=CARTESIAN_POINT('',(22.18,-0.32,-3.12679491924311));
#8611=CARTESIAN_POINT('',(22.18,0.32,-3.12679491924311));
#8612=VECTOR('',#8613,1.);
#8613=DIRECTION('',(0.,-1.,0.));
#8614=CARTESIAN_POINT('',(22.18,-0.32,-3.12679491924311));
#8615=VECTOR('',#8616,1.);
#8616=DIRECTION('',(0.,0.,1.));
#8617=CARTESIAN_POINT('',(22.82,-0.32,-3.12679491924311));
#8618=CARTESIAN_POINT('',(22.18,-0.32,-3.12679491924311));
#8619=VECTOR('',#8620,1.);
#8620=DIRECTION('',(1.,0.,0.));
#8621=CARTESIAN_POINT('',(22.82,-0.32,-3.12679491924311));
#8622=VECTOR('',#8623,1.);
#8623=DIRECTION('',(0.,0.,1.));
#8624=CARTESIAN_POINT('',(22.82,-0.32,-3.12679491924311));
#8625=VECTOR('',#8626,1.);
#8626=DIRECTION('',(0.,1.,0.));
#8627=CARTESIAN_POINT('',(2.28,0.22,6.5));
#8628=CARTESIAN_POINT('',(2.18,0.32,6.12679491924311));
#8629=VECTOR('',#8630,1.);
#8630=DIRECTION('',(0.250562807085733,-0.250562807085729,0.935113126531029));
#8631=CARTESIAN_POINT('',(2.72,0.22,6.5));
#8632=CARTESIAN_POINT('',(2.72,0.22,6.5));
#8633=VECTOR('',#8634,1.);
#8634=DIRECTION('',(-1.,1.26161707343768E-016,0.));
#8635=CARTESIAN_POINT('',(2.82,0.320000000000001,6.12679491924311));
#8636=VECTOR('',#8637,1.);
#8637=DIRECTION('',(-0.25056280708573,-0.250562807085732,0.93511312653103));
#8638=CARTESIAN_POINT('',(2.72,-0.22,6.5));
#8639=CARTESIAN_POINT('',(2.72,-0.22,6.5));
#8640=VECTOR('',#8641,1.);
#8641=DIRECTION('',(0.,1.,0.));
#8642=CARTESIAN_POINT('',(2.82,-0.32,6.12679491924311));
#8643=VECTOR('',#8644,1.);
#8644=DIRECTION('',(-0.250562807085732,0.250562807085733,0.935113126531029));
#8645=CARTESIAN_POINT('',(2.28,-0.22,6.5));
#8646=CARTESIAN_POINT('',(2.28,-0.22,6.5));
#8647=VECTOR('',#8648,1.);
#8648=DIRECTION('',(1.,0.,0.));
#8649=CARTESIAN_POINT('',(2.18,-0.320000000000001,6.12679491924311));
#8650=VECTOR('',#8651,1.);
#8651=DIRECTION('',(0.25056280708573,0.250562807085732,0.93511312653103));
#8652=CARTESIAN_POINT('',(2.28,0.22,6.5));
#8653=VECTOR('',#8654,1.);
#8654=DIRECTION('',(0.,-1.,0.));
#8655=CARTESIAN_POINT('',(4.78,0.22,6.5));
#8656=CARTESIAN_POINT('',(4.68,0.32,6.12679491924311));
#8657=VECTOR('',#8658,1.);
#8658=DIRECTION('',(0.250562807085732,-0.250562807085733,0.935113126531029));
#8659=CARTESIAN_POINT('',(5.22,0.22,6.5));
#8660=CARTESIAN_POINT('',(5.22,0.22,6.5));
#8661=VECTOR('',#8662,1.);
#8662=DIRECTION('',(-1.,0.,0.));
#8663=CARTESIAN_POINT('',(5.32,0.320000000000001,6.12679491924311));
#8664=VECTOR('',#8665,1.);
#8665=DIRECTION('',(-0.25056280708573,-0.250562807085732,0.93511312653103));
#8666=CARTESIAN_POINT('',(5.22,-0.22,6.5));
#8667=CARTESIAN_POINT('',(5.22,-0.22,6.5));
#8668=VECTOR('',#8669,1.);
#8669=DIRECTION('',(0.,1.,0.));
#8670=CARTESIAN_POINT('',(5.32,-0.32,6.12679491924311));
#8671=VECTOR('',#8672,1.);
#8672=DIRECTION('',(-0.250562807085732,0.250562807085733,0.935113126531029));
#8673=CARTESIAN_POINT('',(4.78,-0.22,6.5));
#8674=CARTESIAN_POINT('',(4.78,-0.22,6.5));
#8675=VECTOR('',#8676,1.);
#8676=DIRECTION('',(1.,0.,0.));
#8677=CARTESIAN_POINT('',(4.68,-0.320000000000001,6.12679491924311));
#8678=VECTOR('',#8679,1.);
#8679=DIRECTION('',(0.25056280708573,0.250562807085732,0.93511312653103));
#8680=CARTESIAN_POINT('',(4.78,0.22,6.5));
#8681=VECTOR('',#8682,1.);
#8682=DIRECTION('',(0.,-1.,0.));
#8683=CARTESIAN_POINT('',(7.28,0.22,6.5));
#8684=CARTESIAN_POINT('',(7.18,0.32,6.12679491924311));
#8685=VECTOR('',#8686,1.);
#8686=DIRECTION('',(0.250562807085734,-0.250562807085733,0.935113126531029));
#8687=CARTESIAN_POINT('',(7.72,0.22,6.5));
#8688=CARTESIAN_POINT('',(7.72,0.22,6.5));
#8689=VECTOR('',#8690,1.);
#8690=DIRECTION('',(-1.,0.,0.));
#8691=CARTESIAN_POINT('',(7.82,0.320000000000001,6.12679491924311));
#8692=VECTOR('',#8693,1.);
#8693=DIRECTION('',(-0.25056280708573,-0.250562807085732,0.93511312653103));
#8694=CARTESIAN_POINT('',(7.72,-0.22,6.5));
#8695=CARTESIAN_POINT('',(7.72,-0.22,6.5));
#8696=VECTOR('',#8697,1.);
#8697=DIRECTION('',(0.,1.,0.));
#8698=CARTESIAN_POINT('',(7.82,-0.32,6.12679491924311));
#8699=VECTOR('',#8700,1.);
#8700=DIRECTION('',(-0.250562807085732,0.250562807085733,0.935113126531029));
#8701=CARTESIAN_POINT('',(7.28,-0.22,6.5));
#8702=CARTESIAN_POINT('',(7.28,-0.22,6.5));
#8703=VECTOR('',#8704,1.);
#8704=DIRECTION('',(1.,0.,0.));
#8705=CARTESIAN_POINT('',(7.18,-0.320000000000001,6.12679491924311));
#8706=VECTOR('',#8707,1.);
#8707=DIRECTION('',(0.25056280708573,0.250562807085732,0.93511312653103));
#8708=CARTESIAN_POINT('',(7.28,0.22,6.5));
#8709=VECTOR('',#8710,1.);
#8710=DIRECTION('',(0.,-1.,0.));
#8711=CARTESIAN_POINT('',(9.78,0.22,6.5));
#8712=CARTESIAN_POINT('',(9.68,0.32,6.12679491924311));
#8713=VECTOR('',#8714,1.);
#8714=DIRECTION('',(0.250562807085731,-0.250562807085731,0.93511312653103));
#8715=CARTESIAN_POINT('',(10.22,0.22,6.5));
#8716=CARTESIAN_POINT('',(10.22,0.22,6.5));
#8717=VECTOR('',#8718,1.);
#8718=DIRECTION('',(-1.,0.,0.));
#8719=CARTESIAN_POINT('',(10.32,0.320000000000001,6.12679491924311));
#8720=VECTOR('',#8721,1.);
#8721=DIRECTION('',(-0.25056280708573,-0.250562807085732,0.93511312653103));
#8722=CARTESIAN_POINT('',(10.22,-0.22,6.5));
#8723=CARTESIAN_POINT('',(10.22,-0.22,6.5));
#8724=VECTOR('',#8725,1.);
#8725=DIRECTION('',(0.,1.,0.));
#8726=CARTESIAN_POINT('',(10.32,-0.32,6.12679491924311));
#8727=VECTOR('',#8728,1.);
#8728=DIRECTION('',(-0.250562807085731,0.250562807085731,0.93511312653103));
#8729=CARTESIAN_POINT('',(9.78,-0.22,6.5));
#8730=CARTESIAN_POINT('',(9.78,-0.22,6.5));
#8731=VECTOR('',#8732,1.);
#8732=DIRECTION('',(1.,-1.26161707343767E-016,0.));
#8733=CARTESIAN_POINT('',(9.68,-0.320000000000001,6.12679491924311));
#8734=VECTOR('',#8735,1.);
#8735=DIRECTION('',(0.25056280708573,0.250562807085731,0.93511312653103));
#8736=CARTESIAN_POINT('',(9.78,0.22,6.5));
#8737=VECTOR('',#8738,1.);
#8738=DIRECTION('',(0.,-1.,0.));
#8739=CARTESIAN_POINT('',(12.28,0.22,6.5));
#8740=CARTESIAN_POINT('',(12.18,0.32,6.12679491924311));
#8741=VECTOR('',#8742,1.);
#8742=DIRECTION('',(0.250562807085731,-0.250562807085731,0.93511312653103));
#8743=CARTESIAN_POINT('',(12.72,0.22,6.5));
#8744=CARTESIAN_POINT('',(12.72,0.22,6.5));
#8745=VECTOR('',#8746,1.);
#8746=DIRECTION('',(-1.,0.,0.));
#8747=CARTESIAN_POINT('',(12.82,0.320000000000001,6.12679491924311));
#8748=VECTOR('',#8749,1.);
#8749=DIRECTION('',(-0.25056280708573,-0.250562807085732,0.93511312653103));
#8750=CARTESIAN_POINT('',(12.72,-0.22,6.5));
#8751=CARTESIAN_POINT('',(12.72,-0.22,6.5));
#8752=VECTOR('',#8753,1.);
#8753=DIRECTION('',(0.,1.,0.));
#8754=CARTESIAN_POINT('',(12.82,-0.32,6.12679491924311));
#8755=VECTOR('',#8756,1.);
#8756=DIRECTION('',(-0.250562807085731,0.250562807085731,0.93511312653103));
#8757=CARTESIAN_POINT('',(12.28,-0.22,6.5));
#8758=CARTESIAN_POINT('',(12.28,-0.22,6.5));
#8759=VECTOR('',#8760,1.);
#8760=DIRECTION('',(1.,-1.26161707343767E-016,0.));
#8761=CARTESIAN_POINT('',(12.18,-0.320000000000001,6.12679491924311));
#8762=VECTOR('',#8763,1.);
#8763=DIRECTION('',(0.25056280708573,0.250562807085731,0.93511312653103));
#8764=CARTESIAN_POINT('',(12.28,0.22,6.5));
#8765=VECTOR('',#8766,1.);
#8766=DIRECTION('',(0.,-1.,0.));
#8767=CARTESIAN_POINT('',(14.78,0.22,6.5));
#8768=CARTESIAN_POINT('',(14.68,0.32,6.12679491924311));
#8769=VECTOR('',#8770,1.);
#8770=DIRECTION('',(0.250562807085731,-0.250562807085731,0.93511312653103));
#8771=CARTESIAN_POINT('',(15.22,0.22,6.5));
#8772=CARTESIAN_POINT('',(15.22,0.22,6.5));
#8773=VECTOR('',#8774,1.);
#8774=DIRECTION('',(-1.,0.,0.));
#8775=CARTESIAN_POINT('',(15.32,0.320000000000001,6.12679491924311));
#8776=VECTOR('',#8777,1.);
#8777=DIRECTION('',(-0.25056280708573,-0.250562807085732,0.93511312653103));
#8778=CARTESIAN_POINT('',(15.22,-0.22,6.5));
#8779=CARTESIAN_POINT('',(15.22,-0.22,6.5));
#8780=VECTOR('',#8781,1.);
#8781=DIRECTION('',(0.,1.,0.));
#8782=CARTESIAN_POINT('',(15.32,-0.32,6.12679491924311));
#8783=VECTOR('',#8784,1.);
#8784=DIRECTION('',(-0.250562807085731,0.250562807085731,0.93511312653103));
#8785=CARTESIAN_POINT('',(14.78,-0.22,6.5));
#8786=CARTESIAN_POINT('',(14.78,-0.22,6.5));
#8787=VECTOR('',#8788,1.);
#8788=DIRECTION('',(1.,-1.26161707343767E-016,0.));
#8789=CARTESIAN_POINT('',(14.68,-0.320000000000001,6.12679491924311));
#8790=VECTOR('',#8791,1.);
#8791=DIRECTION('',(0.25056280708573,0.250562807085731,0.93511312653103));
#8792=CARTESIAN_POINT('',(14.78,0.22,6.5));
#8793=VECTOR('',#8794,1.);
#8794=DIRECTION('',(0.,-1.,0.));
#8795=CARTESIAN_POINT('',(17.28,0.22,6.5));
#8796=CARTESIAN_POINT('',(17.18,0.32,6.12679491924311));
#8797=VECTOR('',#8798,1.);
#8798=DIRECTION('',(0.250562807085735,-0.25056280708573,0.935113126531029));
#8799=CARTESIAN_POINT('',(17.72,0.22,6.5));
#8800=CARTESIAN_POINT('',(17.72,0.22,6.5));
#8801=VECTOR('',#8802,1.);
#8802=DIRECTION('',(-1.,6.30808536718842E-017,0.));
#8803=CARTESIAN_POINT('',(17.82,0.320000000000001,6.12679491924311));
#8804=VECTOR('',#8805,1.);
#8805=DIRECTION('',(-0.250562807085734,-0.250562807085732,0.935113126531029));
#8806=CARTESIAN_POINT('',(17.72,-0.22,6.5));
#8807=CARTESIAN_POINT('',(17.72,-0.22,6.5));
#8808=VECTOR('',#8809,1.);
#8809=DIRECTION('',(0.,1.,0.));
#8810=CARTESIAN_POINT('',(17.82,-0.32,6.12679491924311));
#8811=VECTOR('',#8812,1.);
#8812=DIRECTION('',(-0.250562807085735,0.25056280708573,0.935113126531029));
#8813=CARTESIAN_POINT('',(17.28,-0.22,6.5));
#8814=CARTESIAN_POINT('',(17.28,-0.22,6.5));
#8815=VECTOR('',#8816,1.);
#8816=DIRECTION('',(1.,-6.30808536718842E-017,0.));
#8817=CARTESIAN_POINT('',(17.18,-0.320000000000001,6.12679491924311));
#8818=VECTOR('',#8819,1.);
#8819=DIRECTION('',(0.250562807085734,0.250562807085731,0.935113126531029));
#8820=CARTESIAN_POINT('',(17.28,0.22,6.5));
#8821=VECTOR('',#8822,1.);
#8822=DIRECTION('',(0.,-1.,0.));
#8823=CARTESIAN_POINT('',(19.78,0.22,6.5));
#8824=CARTESIAN_POINT('',(19.68,0.32,6.12679491924311));
#8825=VECTOR('',#8826,1.);
#8826=DIRECTION('',(0.250562807085735,-0.25056280708573,0.935113126531029));
#8827=CARTESIAN_POINT('',(20.22,0.22,6.5));
#8828=CARTESIAN_POINT('',(20.22,0.22,6.5));
#8829=VECTOR('',#8830,1.);
#8830=DIRECTION('',(-1.,6.30808536718842E-017,0.));
#8831=CARTESIAN_POINT('',(20.32,0.320000000000001,6.12679491924311));
#8832=VECTOR('',#8833,1.);
#8833=DIRECTION('',(-0.250562807085734,-0.250562807085732,0.935113126531029));
#8834=CARTESIAN_POINT('',(20.22,-0.22,6.5));
#8835=CARTESIAN_POINT('',(20.22,-0.22,6.5));
#8836=VECTOR('',#8837,1.);
#8837=DIRECTION('',(0.,1.,0.));
#8838=CARTESIAN_POINT('',(20.32,-0.32,6.12679491924311));
#8839=VECTOR('',#8840,1.);
#8840=DIRECTION('',(-0.250562807085735,0.25056280708573,0.935113126531029));
#8841=CARTESIAN_POINT('',(19.78,-0.22,6.5));
#8842=CARTESIAN_POINT('',(19.78,-0.22,6.5));
#8843=VECTOR('',#8844,1.);
#8844=DIRECTION('',(1.,-6.30808536718842E-017,0.));
#8845=CARTESIAN_POINT('',(19.68,-0.320000000000001,6.12679491924311));
#8846=VECTOR('',#8847,1.);
#8847=DIRECTION('',(0.250562807085734,0.250562807085731,0.935113126531029));
#8848=CARTESIAN_POINT('',(19.78,0.22,6.5));
#8849=VECTOR('',#8850,1.);
#8850=DIRECTION('',(0.,-1.,0.));
#8851=CARTESIAN_POINT('',(22.28,0.22,6.5));
#8852=CARTESIAN_POINT('',(22.18,0.32,6.12679491924311));
#8853=VECTOR('',#8854,1.);
#8854=DIRECTION('',(0.250562807085735,-0.25056280708573,0.935113126531029));
#8855=CARTESIAN_POINT('',(22.72,0.22,6.5));
#8856=CARTESIAN_POINT('',(22.72,0.22,6.5));
#8857=VECTOR('',#8858,1.);
#8858=DIRECTION('',(-1.,6.30808536718842E-017,0.));
#8859=CARTESIAN_POINT('',(22.82,0.320000000000001,6.12679491924311));
#8860=VECTOR('',#8861,1.);
#8861=DIRECTION('',(-0.250562807085734,-0.250562807085732,0.935113126531029));
#8862=CARTESIAN_POINT('',(22.72,-0.22,6.5));
#8863=CARTESIAN_POINT('',(22.72,-0.22,6.5));
#8864=VECTOR('',#8865,1.);
#8865=DIRECTION('',(0.,1.,0.));
#8866=CARTESIAN_POINT('',(22.82,-0.32,6.12679491924311));
#8867=VECTOR('',#8868,1.);
#8868=DIRECTION('',(-0.250562807085735,0.25056280708573,0.935113126531029));
#8869=CARTESIAN_POINT('',(22.28,-0.22,6.5));
#8870=CARTESIAN_POINT('',(22.28,-0.22,6.5));
#8871=VECTOR('',#8872,1.);
#8872=DIRECTION('',(1.,-6.30808536718842E-017,0.));
#8873=CARTESIAN_POINT('',(22.18,-0.320000000000001,6.12679491924311));
#8874=VECTOR('',#8875,1.);
#8875=DIRECTION('',(0.250562807085734,0.250562807085731,0.935113126531029));
#8876=CARTESIAN_POINT('',(22.28,0.22,6.5));
#8877=VECTOR('',#8878,1.);
#8878=DIRECTION('',(0.,-1.,0.));
#8879=CARTESIAN_POINT('',(-0.22,0.22,6.5));
#8880=CARTESIAN_POINT('',(-0.32,0.32,6.12679491924311));
#8881=VECTOR('',#8882,1.);
#8882=DIRECTION('',(0.250562807085732,-0.250562807085733,0.935113126531029));
#8883=CARTESIAN_POINT('',(0.22,0.22,6.5));
#8884=CARTESIAN_POINT('',(0.22,0.22,6.5));
#8885=VECTOR('',#8886,1.);
#8886=DIRECTION('',(-1.,0.,0.));
#8887=CARTESIAN_POINT('',(0.32,0.320000000000001,6.12679491924311));
#8888=VECTOR('',#8889,1.);
#8889=DIRECTION('',(-0.25056280708573,-0.250562807085732,0.93511312653103));
#8890=CARTESIAN_POINT('',(0.22,-0.22,6.5));
#8891=CARTESIAN_POINT('',(0.22,-0.22,6.5));
#8892=VECTOR('',#8893,1.);
#8893=DIRECTION('',(0.,1.,0.));
#8894=CARTESIAN_POINT('',(0.32,-0.32,6.12679491924311));
#8895=VECTOR('',#8896,1.);
#8896=DIRECTION('',(-0.250562807085732,0.250562807085733,0.935113126531029));
#8897=CARTESIAN_POINT('',(-0.22,-0.22,6.5));
#8898=CARTESIAN_POINT('',(-0.22,-0.22,6.5));
#8899=VECTOR('',#8900,1.);
#8900=DIRECTION('',(1.,0.,0.));
#8901=CARTESIAN_POINT('',(-0.32,-0.320000000000001,6.12679491924311));
#8902=VECTOR('',#8903,1.);
#8903=DIRECTION('',(0.25056280708573,0.250562807085732,0.93511312653103));
#8904=CARTESIAN_POINT('',(-0.22,0.22,6.5));
#8905=VECTOR('',#8906,1.);
#8906=DIRECTION('',(-1.26161707343768E-016,-1.,0.));
#8907=CARTESIAN_POINT('',(0.22,0.22,-3.5));
#8908=CARTESIAN_POINT('',(0.32,0.32,-3.12679491924311));
#8909=VECTOR('',#8910,1.);
#8910=DIRECTION('',(-0.250562807085732,-0.250562807085732,-0.935113126531029));
#8911=CARTESIAN_POINT('',(-0.22,0.22,-3.5));
#8912=CARTESIAN_POINT('',(0.22,0.22,-3.5));
#8913=VECTOR('',#8914,1.);
#8914=DIRECTION('',(-1.,0.,0.));
#8915=CARTESIAN_POINT('',(-0.32,0.32,-3.12679491924311));
#8916=VECTOR('',#8917,1.);
#8917=DIRECTION('',(0.250562807085731,-0.250562807085732,-0.935113126531029));
#8918=CARTESIAN_POINT('',(-0.22,-0.22,-3.5));
#8919=CARTESIAN_POINT('',(-0.22,0.22,-3.5));
#8920=VECTOR('',#8921,1.);
#8921=DIRECTION('',(-1.26161707343768E-016,-1.,0.));
#8922=CARTESIAN_POINT('',(-0.32,-0.32,-3.12679491924311));
#8923=VECTOR('',#8924,1.);
#8924=DIRECTION('',(0.250562807085732,0.250562807085732,-0.935113126531029));
#8925=CARTESIAN_POINT('',(0.22,-0.22,-3.5));
#8926=CARTESIAN_POINT('',(-0.22,-0.22,-3.5));
#8927=VECTOR('',#8928,1.);
#8928=DIRECTION('',(1.,0.,0.));
#8929=CARTESIAN_POINT('',(0.32,-0.32,-3.12679491924311));
#8930=VECTOR('',#8931,1.);
#8931=DIRECTION('',(-0.250562807085731,0.250562807085732,-0.935113126531029));
#8932=CARTESIAN_POINT('',(0.22,-0.22,-3.5));
#8933=VECTOR('',#8934,1.);
#8934=DIRECTION('',(0.,1.,0.));
#8935=CARTESIAN_POINT('',(2.72,0.22,-3.5));
#8936=CARTESIAN_POINT('',(2.82,0.32,-3.12679491924311));
#8937=VECTOR('',#8938,1.);
#8938=DIRECTION('',(-0.250562807085732,-0.250562807085732,-0.935113126531029));
#8939=CARTESIAN_POINT('',(2.28,0.22,-3.5));
#8940=CARTESIAN_POINT('',(2.72,0.22,-3.5));
#8941=VECTOR('',#8942,1.);
#8942=DIRECTION('',(-1.,1.26161707343768E-016,0.));
#8943=CARTESIAN_POINT('',(2.18,0.32,-3.12679491924311));
#8944=VECTOR('',#8945,1.);
#8945=DIRECTION('',(0.250562807085733,-0.250562807085732,-0.935113126531029));
#8946=CARTESIAN_POINT('',(2.28,-0.22,-3.5));
#8947=CARTESIAN_POINT('',(2.28,0.22,-3.5));
#8948=VECTOR('',#8949,1.);
#8949=DIRECTION('',(0.,-1.,0.));
#8950=CARTESIAN_POINT('',(2.18,-0.32,-3.12679491924311));
#8951=VECTOR('',#8952,1.);
#8952=DIRECTION('',(0.250562807085732,0.250562807085732,-0.935113126531029));
#8953=CARTESIAN_POINT('',(2.72,-0.22,-3.5));
#8954=CARTESIAN_POINT('',(2.28,-0.22,-3.5));
#8955=VECTOR('',#8956,1.);
#8956=DIRECTION('',(1.,0.,0.));
#8957=CARTESIAN_POINT('',(2.82,-0.32,-3.12679491924311));
#8958=VECTOR('',#8959,1.);
#8959=DIRECTION('',(-0.250562807085731,0.250562807085732,-0.93511312653103));
#8960=CARTESIAN_POINT('',(2.72,-0.22,-3.5));
#8961=VECTOR('',#8962,1.);
#8962=DIRECTION('',(0.,1.,0.));
#8963=CARTESIAN_POINT('',(5.22,0.22,-3.5));
#8964=CARTESIAN_POINT('',(5.32,0.32,-3.12679491924311));
#8965=VECTOR('',#8966,1.);
#8966=DIRECTION('',(-0.250562807085731,-0.250562807085732,-0.93511312653103));
#8967=CARTESIAN_POINT('',(4.78,0.22,-3.5));
#8968=CARTESIAN_POINT('',(5.22,0.22,-3.5));
#8969=VECTOR('',#8970,1.);
#8970=DIRECTION('',(-1.,0.,0.));
#8971=CARTESIAN_POINT('',(4.68,0.32,-3.12679491924311));
#8972=VECTOR('',#8973,1.);
#8973=DIRECTION('',(0.250562807085731,-0.250562807085732,-0.93511312653103));
#8974=CARTESIAN_POINT('',(4.78,-0.22,-3.5));
#8975=CARTESIAN_POINT('',(4.78,0.22,-3.5));
#8976=VECTOR('',#8977,1.);
#8977=DIRECTION('',(0.,-1.,0.));
#8978=CARTESIAN_POINT('',(4.68,-0.32,-3.12679491924311));
#8979=VECTOR('',#8980,1.);
#8980=DIRECTION('',(0.250562807085731,0.250562807085732,-0.93511312653103));
#8981=CARTESIAN_POINT('',(5.22,-0.22,-3.5));
#8982=CARTESIAN_POINT('',(4.78,-0.22,-3.5));
#8983=VECTOR('',#8984,1.);
#8984=DIRECTION('',(1.,0.,0.));
#8985=CARTESIAN_POINT('',(5.32,-0.32,-3.12679491924311));
#8986=VECTOR('',#8987,1.);
#8987=DIRECTION('',(-0.250562807085731,0.250562807085732,-0.93511312653103));
#8988=CARTESIAN_POINT('',(5.22,-0.22,-3.5));
#8989=VECTOR('',#8990,1.);
#8990=DIRECTION('',(0.,1.,0.));
#8991=CARTESIAN_POINT('',(7.72,0.22,-3.5));
#8992=CARTESIAN_POINT('',(7.82,0.32,-3.12679491924311));
#8993=VECTOR('',#8994,1.);
#8994=DIRECTION('',(-0.250562807085731,-0.250562807085732,-0.93511312653103));
#8995=CARTESIAN_POINT('',(7.28,0.22,-3.5));
#8996=CARTESIAN_POINT('',(7.72,0.22,-3.5));
#8997=VECTOR('',#8998,1.);
#8998=DIRECTION('',(-1.,0.,0.));
#8999=CARTESIAN_POINT('',(7.18,0.32,-3.12679491924311));
#9000=VECTOR('',#9001,1.);
#9001=DIRECTION('',(0.250562807085733,-0.250562807085732,-0.935113126531029));
#9002=CARTESIAN_POINT('',(7.28,-0.22,-3.5));
#9003=CARTESIAN_POINT('',(7.28,0.22,-3.5));
#9004=VECTOR('',#9005,1.);
#9005=DIRECTION('',(0.,-1.,0.));
#9006=CARTESIAN_POINT('',(7.18,-0.32,-3.12679491924311));
#9007=VECTOR('',#9008,1.);
#9008=DIRECTION('',(0.250562807085731,0.250562807085732,-0.93511312653103));
#9009=CARTESIAN_POINT('',(7.72,-0.22,-3.5));
#9010=CARTESIAN_POINT('',(7.28,-0.22,-3.5));
#9011=VECTOR('',#9012,1.);
#9012=DIRECTION('',(1.,0.,0.));
#9013=CARTESIAN_POINT('',(7.82,-0.32,-3.12679491924311));
#9014=VECTOR('',#9015,1.);
#9015=DIRECTION('',(-0.250562807085731,0.250562807085732,-0.93511312653103));
#9016=CARTESIAN_POINT('',(7.72,-0.22,-3.5));
#9017=VECTOR('',#9018,1.);
#9018=DIRECTION('',(0.,1.,0.));
#9019=CARTESIAN_POINT('',(10.22,0.22,-3.5));
#9020=CARTESIAN_POINT('',(10.32,0.32,-3.12679491924311));
#9021=VECTOR('',#9022,1.);
#9022=DIRECTION('',(-0.250562807085731,-0.250562807085732,-0.93511312653103));
#9023=CARTESIAN_POINT('',(9.78,0.22,-3.5));
#9024=CARTESIAN_POINT('',(10.22,0.22,-3.5));
#9025=VECTOR('',#9026,1.);
#9026=DIRECTION('',(-1.,0.,0.));
#9027=CARTESIAN_POINT('',(9.68,0.32,-3.12679491924311));
#9028=VECTOR('',#9029,1.);
#9029=DIRECTION('',(0.250562807085731,-0.250562807085732,-0.93511312653103));
#9030=CARTESIAN_POINT('',(9.78,-0.22,-3.5));
#9031=CARTESIAN_POINT('',(9.78,0.22,-3.5));
#9032=VECTOR('',#9033,1.);
#9033=DIRECTION('',(0.,-1.,0.));
#9034=CARTESIAN_POINT('',(9.68,-0.32,-3.12679491924311));
#9035=VECTOR('',#9036,1.);
#9036=DIRECTION('',(0.250562807085731,0.250562807085731,-0.93511312653103));
#9037=CARTESIAN_POINT('',(10.22,-0.22,-3.5));
#9038=CARTESIAN_POINT('',(9.78,-0.22,-3.5));
#9039=VECTOR('',#9040,1.);
#9040=DIRECTION('',(1.,-1.26161707343767E-016,0.));
#9041=CARTESIAN_POINT('',(10.32,-0.32,-3.12679491924311));
#9042=VECTOR('',#9043,1.);
#9043=DIRECTION('',(-0.250562807085731,0.250562807085732,-0.93511312653103));
#9044=CARTESIAN_POINT('',(10.22,-0.22,-3.5));
#9045=VECTOR('',#9046,1.);
#9046=DIRECTION('',(0.,1.,0.));
#9047=CARTESIAN_POINT('',(12.72,0.22,-3.5));
#9048=CARTESIAN_POINT('',(12.82,0.32,-3.12679491924311));
#9049=VECTOR('',#9050,1.);
#9050=DIRECTION('',(-0.250562807085731,-0.250562807085732,-0.93511312653103));
#9051=CARTESIAN_POINT('',(12.28,0.22,-3.5));
#9052=CARTESIAN_POINT('',(12.72,0.22,-3.5));
#9053=VECTOR('',#9054,1.);
#9054=DIRECTION('',(-1.,0.,0.));
#9055=CARTESIAN_POINT('',(12.18,0.32,-3.12679491924311));
#9056=VECTOR('',#9057,1.);
#9057=DIRECTION('',(0.250562807085731,-0.250562807085732,-0.93511312653103));
#9058=CARTESIAN_POINT('',(12.28,-0.22,-3.5));
#9059=CARTESIAN_POINT('',(12.28,0.22,-3.5));
#9060=VECTOR('',#9061,1.);
#9061=DIRECTION('',(0.,-1.,0.));
#9062=CARTESIAN_POINT('',(12.18,-0.32,-3.12679491924311));
#9063=VECTOR('',#9064,1.);
#9064=DIRECTION('',(0.250562807085731,0.250562807085731,-0.93511312653103));
#9065=CARTESIAN_POINT('',(12.72,-0.22,-3.5));
#9066=CARTESIAN_POINT('',(12.28,-0.22,-3.5));
#9067=VECTOR('',#9068,1.);
#9068=DIRECTION('',(1.,-1.26161707343767E-016,0.));
#9069=CARTESIAN_POINT('',(12.82,-0.32,-3.12679491924311));
#9070=VECTOR('',#9071,1.);
#9071=DIRECTION('',(-0.250562807085731,0.250562807085732,-0.93511312653103));
#9072=CARTESIAN_POINT('',(12.72,-0.22,-3.5));
#9073=VECTOR('',#9074,1.);
#9074=DIRECTION('',(0.,1.,0.));
#9075=CARTESIAN_POINT('',(15.22,0.22,-3.5));
#9076=CARTESIAN_POINT('',(15.32,0.32,-3.12679491924311));
#9077=VECTOR('',#9078,1.);
#9078=DIRECTION('',(-0.250562807085731,-0.250562807085732,-0.93511312653103));
#9079=CARTESIAN_POINT('',(14.78,0.22,-3.5));
#9080=CARTESIAN_POINT('',(15.22,0.22,-3.5));
#9081=VECTOR('',#9082,1.);
#9082=DIRECTION('',(-1.,0.,0.));
#9083=CARTESIAN_POINT('',(14.68,0.32,-3.12679491924311));
#9084=VECTOR('',#9085,1.);
#9085=DIRECTION('',(0.250562807085731,-0.250562807085732,-0.93511312653103));
#9086=CARTESIAN_POINT('',(14.78,-0.22,-3.5));
#9087=CARTESIAN_POINT('',(14.78,0.22,-3.5));
#9088=VECTOR('',#9089,1.);
#9089=DIRECTION('',(0.,-1.,0.));
#9090=CARTESIAN_POINT('',(14.68,-0.32,-3.12679491924311));
#9091=VECTOR('',#9092,1.);
#9092=DIRECTION('',(0.250562807085731,0.250562807085731,-0.93511312653103));
#9093=CARTESIAN_POINT('',(15.22,-0.22,-3.5));
#9094=CARTESIAN_POINT('',(14.78,-0.22,-3.5));
#9095=VECTOR('',#9096,1.);
#9096=DIRECTION('',(1.,-1.26161707343767E-016,0.));
#9097=CARTESIAN_POINT('',(15.32,-0.32,-3.12679491924311));
#9098=VECTOR('',#9099,1.);
#9099=DIRECTION('',(-0.250562807085731,0.250562807085732,-0.93511312653103));
#9100=CARTESIAN_POINT('',(15.22,-0.22,-3.5));
#9101=VECTOR('',#9102,1.);
#9102=DIRECTION('',(0.,1.,0.));
#9103=CARTESIAN_POINT('',(17.72,0.22,-3.5));
#9104=CARTESIAN_POINT('',(17.82,0.32,-3.12679491924311));
#9105=VECTOR('',#9106,1.);
#9106=DIRECTION('',(-0.250562807085735,-0.250562807085732,-0.935113126531029));
#9107=CARTESIAN_POINT('',(17.28,0.22,-3.5));
#9108=CARTESIAN_POINT('',(17.72,0.22,-3.5));
#9109=VECTOR('',#9110,1.);
#9110=DIRECTION('',(-1.,6.30808536718842E-017,0.));
#9111=CARTESIAN_POINT('',(17.18,0.32,-3.12679491924311));
#9112=VECTOR('',#9113,1.);
#9113=DIRECTION('',(0.250562807085735,-0.250562807085731,-0.935113126531029));
#9114=CARTESIAN_POINT('',(17.28,-0.22,-3.5));
#9115=CARTESIAN_POINT('',(17.28,0.22,-3.5));
#9116=VECTOR('',#9117,1.);
#9117=DIRECTION('',(0.,-1.,0.));
#9118=CARTESIAN_POINT('',(17.18,-0.32,-3.12679491924311));
#9119=VECTOR('',#9120,1.);
#9120=DIRECTION('',(0.250562807085735,0.250562807085731,-0.935113126531029));
#9121=CARTESIAN_POINT('',(17.72,-0.22,-3.5));
#9122=CARTESIAN_POINT('',(17.28,-0.22,-3.5));
#9123=VECTOR('',#9124,1.);
#9124=DIRECTION('',(1.,-6.30808536718842E-017,0.));
#9125=CARTESIAN_POINT('',(17.82,-0.32,-3.12679491924311));
#9126=VECTOR('',#9127,1.);
#9127=DIRECTION('',(-0.250562807085735,0.250562807085731,-0.935113126531029));
#9128=CARTESIAN_POINT('',(17.72,-0.22,-3.5));
#9129=VECTOR('',#9130,1.);
#9130=DIRECTION('',(0.,1.,0.));
#9131=CARTESIAN_POINT('',(20.22,0.22,-3.5));
#9132=CARTESIAN_POINT('',(20.32,0.32,-3.12679491924311));
#9133=VECTOR('',#9134,1.);
#9134=DIRECTION('',(-0.250562807085735,-0.250562807085732,-0.935113126531029));
#9135=CARTESIAN_POINT('',(19.78,0.22,-3.5));
#9136=CARTESIAN_POINT('',(20.22,0.22,-3.5));
#9137=VECTOR('',#9138,1.);
#9138=DIRECTION('',(-1.,6.30808536718842E-017,0.));
#9139=CARTESIAN_POINT('',(19.68,0.32,-3.12679491924311));
#9140=VECTOR('',#9141,1.);
#9141=DIRECTION('',(0.250562807085735,-0.250562807085731,-0.935113126531029));
#9142=CARTESIAN_POINT('',(19.78,-0.22,-3.5));
#9143=CARTESIAN_POINT('',(19.78,0.22,-3.5));
#9144=VECTOR('',#9145,1.);
#9145=DIRECTION('',(0.,-1.,0.));
#9146=CARTESIAN_POINT('',(19.68,-0.32,-3.12679491924311));
#9147=VECTOR('',#9148,1.);
#9148=DIRECTION('',(0.250562807085735,0.250562807085731,-0.935113126531029));
#9149=CARTESIAN_POINT('',(20.22,-0.22,-3.5));
#9150=CARTESIAN_POINT('',(19.78,-0.22,-3.5));
#9151=VECTOR('',#9152,1.);
#9152=DIRECTION('',(1.,-6.30808536718842E-017,0.));
#9153=CARTESIAN_POINT('',(20.32,-0.32,-3.12679491924311));
#9154=VECTOR('',#9155,1.);
#9155=DIRECTION('',(-0.250562807085735,0.250562807085731,-0.935113126531029));
#9156=CARTESIAN_POINT('',(20.22,-0.22,-3.5));
#9157=VECTOR('',#9158,1.);
#9158=DIRECTION('',(0.,1.,0.));
#9159=CARTESIAN_POINT('',(22.72,0.22,-3.5));
#9160=CARTESIAN_POINT('',(22.82,0.32,-3.12679491924311));
#9161=VECTOR('',#9162,1.);
#9162=DIRECTION('',(-0.250562807085735,-0.250562807085732,-0.935113126531029));
#9163=CARTESIAN_POINT('',(22.28,0.22,-3.5));
#9164=CARTESIAN_POINT('',(22.72,0.22,-3.5));
#9165=VECTOR('',#9166,1.);
#9166=DIRECTION('',(-1.,6.30808536718842E-017,0.));
#9167=CARTESIAN_POINT('',(22.18,0.32,-3.12679491924311));
#9168=VECTOR('',#9169,1.);
#9169=DIRECTION('',(0.250562807085735,-0.250562807085731,-0.935113126531029));
#9170=CARTESIAN_POINT('',(22.28,-0.22,-3.5));
#9171=CARTESIAN_POINT('',(22.28,0.22,-3.5));
#9172=VECTOR('',#9173,1.);
#9173=DIRECTION('',(0.,-1.,0.));
#9174=CARTESIAN_POINT('',(22.18,-0.32,-3.12679491924311));
#9175=VECTOR('',#9176,1.);
#9176=DIRECTION('',(0.250562807085735,0.250562807085731,-0.935113126531029));
#9177=CARTESIAN_POINT('',(22.72,-0.22,-3.5));
#9178=CARTESIAN_POINT('',(22.28,-0.22,-3.5));
#9179=VECTOR('',#9180,1.);
#9180=DIRECTION('',(1.,-6.30808536718842E-017,0.));
#9181=CARTESIAN_POINT('',(22.82,-0.32,-3.12679491924311));
#9182=VECTOR('',#9183,1.);
#9183=DIRECTION('',(-0.250562807085735,0.250562807085731,-0.935113126531029));
#9184=CARTESIAN_POINT('',(22.72,-0.22,-3.5));
#9185=VECTOR('',#9186,1.);
#9186=DIRECTION('',(0.,1.,0.));
ENDSEC;
END-ISO-10303-21;
