ISO-10303-21;
HEADER;
FILE_DESCRIPTION(('STEP AP214'),
    '1');
FILE_NAME('DS1069 (CWF CONNFLY)',
    '2018-04-27T07:31:50',
    ('Chugay'),
    (''),
    'ASCON STEP Converter 1.3',
    'ASCON Math Kernel',
    '');
FILE_SCHEMA(('AUTOMOTIVE_DESIGN { 1 0 10303 214 3 1 1}'));
ENDSEC;

DATA;
#1=SHAPE_REPRESENTATION('NONE',(#2),#6);
#2=AXIS2_PLACEMENT_3D('',#3,#4,#5);
#3=CARTESIAN_POINT('',(0.,0.,0.));
#4=DIRECTION('',(0.,0.,1.));
#5=DIRECTION('',(1.,0.,0.));
#6=(GEOMETRIC_REPRESENTATION_CONTEXT(3)GLOBAL_UNCERTAINTY_ASSIGNED_CONTEXT((#8))
GLOBAL_UNIT_ASSIGNED_CONTEXT((#7,#9,#10))REPRESENTATION_CONTEXT('NONE','NONE'));
#7=(LENGTH_UNIT()NAMED_UNIT(*)SI_UNIT(.MILLI.,.METRE.));
#8=UNCERTAINTY_MEASURE_WITH_UNIT(LENGTH_MEASURE(1.E-005),#7,'NONE','NONE');
#9=(NAMED_UNIT(*)PLANE_ANGLE_UNIT()SI_UNIT($,.RADIAN.));
#10=(NAMED_UNIT(*)SI_UNIT($,.STERADIAN.)SOLID_ANGLE_UNIT());
#11=SHAPE_DEFINITION_REPRESENTATION(#12,#1);
#12=PRODUCT_DEFINITION_SHAPE('NONE','NONE',#13);
#13=PRODUCT_DEFINITION('','UNSPECIFIED',#14,#22);
#14=PRODUCT_DEFINITION_FORMATION_WITH_SPECIFIED_SOURCE('ANY','UNSPECIFIED',#15,.NOT_KNOWN.);
#15=PRODUCT('','CWF-X','NONE',(#25));
#16=PERSON('UNSPECIFIED','Chugay','UNSPECIFIED',('UNSPECIFIED'),('UNSPECIFIED'),
('UNSPECIFIED'));
#17=ORGANIZATION('UNSPECIFIED','UNSPECIFIED','UNSPECIFIED');
#18=PERSON_AND_ORGANIZATION(#16,#17);
#19=PERSON_AND_ORGANIZATION_ROLE('design_owner');
#20=CC_DESIGN_PERSON_AND_ORGANIZATION_ASSIGNMENT(#18,#19,(#15));
#21=PRODUCT_RELATED_PRODUCT_CATEGORY('detail','',(#15));
#22=DESIGN_CONTEXT('detailed design',#23,'design');
#23=APPLICATION_CONTEXT('configuration controlled 3d designs of mechanical parts and assemblies');
#24=APPLICATION_PROTOCOL_DEFINITION('international standard','automotive_design',
2011,#23);
#25=MECHANICAL_CONTEXT('NONE',#23,'mechanical');
#26=CC_DESIGN_DATE_AND_TIME_ASSIGNMENT(#27,#31,(#13));
#27=DATE_AND_TIME(#28,#29);
#28=CALENDAR_DATE(0,1,1);
#29=LOCAL_TIME(0,0,0.,#30);
#30=COORDINATED_UNIVERSAL_TIME_OFFSET(0,0,.AHEAD.);
#31=DATE_TIME_ROLE('creation_date');
#32=CC_DESIGN_APPROVAL(#33,(#13));
#33=APPROVAL(#34,'UNSPECIFIED');
#34=APPROVAL_STATUS('not_yet_approved');
#35=APPROVAL_DATE_TIME(#36,#33);
#36=DATE_AND_TIME(#37,#38);
#37=CALENDAR_DATE(0,1,1);
#38=LOCAL_TIME(0,0,0.,#39);
#39=COORDINATED_UNIVERSAL_TIME_OFFSET(0,0,.AHEAD.);
#40=DERIVED_UNIT((#44,#41));
#41=DERIVED_UNIT_ELEMENT(#42,-1.);
#42=VOLUME_UNIT(#43);
#43=DIMENSIONAL_EXPONENTS(3.,0.,0.,0.,0.,0.,0.);
#44=(NAMED_UNIT($)MASS_UNIT()SI_UNIT($,.GRAM.));
#45=MANIFOLD_SOLID_BREP('',#46);
#46=CLOSED_SHELL('',(#58,#67,#76,#85,#94,#103,#112,#121,#130,#139,#148,#157,#166,
#175,#184,#193,#202,#211,#220,#229,#238,#247,#256,#265,#274,#283,#292,#301,#310,
#319,#328,#337,#346,#355,#364,#373,#382,#391,#400,#409,#418,#427,#436,#445,#454,
#463,#472,#481,#490,#499,#508,#517,#526,#535,#544,#553,#562,#571,#580,#589,#598,
#607,#616,#625,#634,#643,#652,#661,#670,#679,#688,#697,#706,#715,#724,#733,#742,
#751,#760,#769,#778,#787,#796,#805,#814,#823,#832,#841,#850,#859,#868,#877,#886,
#895,#904,#913,#922,#931,#940,#949,#958,#967,#976,#985,#994,#1003,#1012,#1021,#1030,
#1039,#1048,#1057,#1066,#1075,#1084,#1093,#1102,#1111,#1120,#1129,#1138,#1147,#1156,
#1165,#1174,#1183,#1192,#1201,#1210,#1219,#1228,#1237,#1246,#1255,#1264,#1273,#1282,
#1291,#1300,#1309,#1318,#1327,#1336,#1345,#1354,#1363,#1372,#1381,#1390,#1399,#1408,
#1417,#1426,#1435,#1444,#1453,#1462,#1471,#1480,#1489,#1498,#1507,#1516,#1525,#1534,
#1543,#1552,#1561,#1570,#1579,#1588,#1597,#1606,#1615,#1624,#1633,#1642,#1651,#1660,
#1669,#1678,#1687,#1696,#1705,#1714,#1723,#1732,#1741,#1750,#1759,#1768,#1777,#1786,
#1795,#1804,#1813,#1822,#1831,#1840,#1849,#1858,#1867,#1876,#1885,#1894,#1903,#1912,
#1921,#1930,#1939,#1948,#1957,#1966,#1975,#1984,#1993,#2002,#2011,#2020,#2029,#2038,
#2047,#2056,#2065,#2074,#2083,#2092,#2101,#2110,#2119,#2128));
#47=COLOUR_RGB($,1.,1.,1.);
#48=FILL_AREA_STYLE_COLOUR($,#47);
#49=FILL_AREA_STYLE($,(#48));
#50=SURFACE_STYLE_FILL_AREA(#49);
#51=SURFACE_SIDE_STYLE('',(#50));
#52=SURFACE_STYLE_USAGE(.BOTH.,#51);
#53=PRESENTATION_STYLE_ASSIGNMENT((#52));
#54=MECHANICAL_DESIGN_GEOMETRIC_PRESENTATION_REPRESENTATION('NONE',(#55,#66,#75,
#84,#93,#102,#111,#120,#129,#138,#147,#156,#165,#174,#183,#192,#201,#210,#219,#228,
#237,#246,#255,#264,#273,#282,#291,#300,#309,#318,#327,#336,#345,#354,#363,#372,
#381,#390,#399,#408,#417,#426,#435,#444,#453,#462,#471,#480,#489,#498,#507,#516,
#525,#534,#543,#552,#561,#570,#579,#588,#597,#606,#615,#624,#633,#642,#651,#660,
#669,#678,#687,#696,#705,#714,#723,#732,#741,#750,#759,#768,#777,#786,#795,#804,
#813,#822,#831,#840,#849,#858,#867,#876,#885,#894,#903,#912,#921,#930,#939,#948,
#957,#966,#975,#984,#993,#1002,#1011,#1020,#1029,#1038,#1047,#1056,#1065,#1074,#1083,
#1092,#1101,#1110,#1119,#1128,#1137,#1146,#1155,#1164,#1173,#1182,#1191,#1200,#1209,
#1218,#1227,#1236,#1245,#1254,#1263,#1272,#1281,#1290,#1299,#1308,#1317,#1326,#1335,
#1344,#1353,#1362,#1371,#1380,#1389,#1398,#1407,#1416,#1425,#1434,#1443,#1452,#1461,
#1470,#1479,#1488,#1497,#1506,#1515,#1524,#1533,#1542,#1551,#1560,#1569,#1578,#1587,
#1596,#1605,#1614,#1623,#1632,#1641,#1650,#1659,#1668,#1677,#1686,#1695,#1704,#1713,
#1722,#1731,#1740,#1749,#1758,#1767,#1776,#1785,#1794,#1803,#1812,#1821,#1830,#1839,
#1848,#1857,#1866,#1875,#1884,#1893,#1902,#1911,#1920,#1929,#1938,#1947,#1956,#1965,
#1974,#1983,#1992,#2001,#2010,#2019,#2028,#2037,#2046,#2055,#2064,#2073,#2082,#2091,
#2100,#2109,#2118,#2127,#2136),#6);
#55=STYLED_ITEM('',(#53),#45);
#56=ADVANCED_BREP_SHAPE_REPRESENTATION('NONE',(#45),#6);
#57=SHAPE_REPRESENTATION_RELATIONSHIP('','',#1,#56);
#58=ADVANCED_FACE('',(#2137),#2139,.F.);
#59=COLOUR_RGB($,1.,1.,1.);
#60=FILL_AREA_STYLE_COLOUR($,#59);
#61=FILL_AREA_STYLE($,(#60));
#62=SURFACE_STYLE_FILL_AREA(#61);
#63=SURFACE_SIDE_STYLE('',(#62));
#64=SURFACE_STYLE_USAGE(.BOTH.,#63);
#65=PRESENTATION_STYLE_ASSIGNMENT((#64));
#66=STYLED_ITEM('',(#65),#58);
#67=ADVANCED_FACE('',(#2144),#2146,.T.);
#68=COLOUR_RGB($,1.,1.,1.);
#69=FILL_AREA_STYLE_COLOUR($,#68);
#70=FILL_AREA_STYLE($,(#69));
#71=SURFACE_STYLE_FILL_AREA(#70);
#72=SURFACE_SIDE_STYLE('',(#71));
#73=SURFACE_STYLE_USAGE(.BOTH.,#72);
#74=PRESENTATION_STYLE_ASSIGNMENT((#73));
#75=STYLED_ITEM('',(#74),#67);
#76=ADVANCED_FACE('',(#2151),#2153,.T.);
#77=COLOUR_RGB($,1.,1.,1.);
#78=FILL_AREA_STYLE_COLOUR($,#77);
#79=FILL_AREA_STYLE($,(#78));
#80=SURFACE_STYLE_FILL_AREA(#79);
#81=SURFACE_SIDE_STYLE('',(#80));
#82=SURFACE_STYLE_USAGE(.BOTH.,#81);
#83=PRESENTATION_STYLE_ASSIGNMENT((#82));
#84=STYLED_ITEM('',(#83),#76);
#85=ADVANCED_FACE('',(#2158),#2160,.T.);
#86=COLOUR_RGB($,1.,1.,1.);
#87=FILL_AREA_STYLE_COLOUR($,#86);
#88=FILL_AREA_STYLE($,(#87));
#89=SURFACE_STYLE_FILL_AREA(#88);
#90=SURFACE_SIDE_STYLE('',(#89));
#91=SURFACE_STYLE_USAGE(.BOTH.,#90);
#92=PRESENTATION_STYLE_ASSIGNMENT((#91));
#93=STYLED_ITEM('',(#92),#85);
#94=ADVANCED_FACE('',(#2165),#2167,.F.);
#95=COLOUR_RGB($,1.,1.,1.);
#96=FILL_AREA_STYLE_COLOUR($,#95);
#97=FILL_AREA_STYLE($,(#96));
#98=SURFACE_STYLE_FILL_AREA(#97);
#99=SURFACE_SIDE_STYLE('',(#98));
#100=SURFACE_STYLE_USAGE(.BOTH.,#99);
#101=PRESENTATION_STYLE_ASSIGNMENT((#100));
#102=STYLED_ITEM('',(#101),#94);
#103=ADVANCED_FACE('',(#2172),#2174,.F.);
#104=COLOUR_RGB($,1.,1.,1.);
#105=FILL_AREA_STYLE_COLOUR($,#104);
#106=FILL_AREA_STYLE($,(#105));
#107=SURFACE_STYLE_FILL_AREA(#106);
#108=SURFACE_SIDE_STYLE('',(#107));
#109=SURFACE_STYLE_USAGE(.BOTH.,#108);
#110=PRESENTATION_STYLE_ASSIGNMENT((#109));
#111=STYLED_ITEM('',(#110),#103);
#112=ADVANCED_FACE('',(#2179),#2181,.F.);
#113=COLOUR_RGB($,1.,1.,1.);
#114=FILL_AREA_STYLE_COLOUR($,#113);
#115=FILL_AREA_STYLE($,(#114));
#116=SURFACE_STYLE_FILL_AREA(#115);
#117=SURFACE_SIDE_STYLE('',(#116));
#118=SURFACE_STYLE_USAGE(.BOTH.,#117);
#119=PRESENTATION_STYLE_ASSIGNMENT((#118));
#120=STYLED_ITEM('',(#119),#112);
#121=ADVANCED_FACE('',(#2186),#2188,.F.);
#122=COLOUR_RGB($,1.,1.,1.);
#123=FILL_AREA_STYLE_COLOUR($,#122);
#124=FILL_AREA_STYLE($,(#123));
#125=SURFACE_STYLE_FILL_AREA(#124);
#126=SURFACE_SIDE_STYLE('',(#125));
#127=SURFACE_STYLE_USAGE(.BOTH.,#126);
#128=PRESENTATION_STYLE_ASSIGNMENT((#127));
#129=STYLED_ITEM('',(#128),#121);
#130=ADVANCED_FACE('',(#2193),#2195,.F.);
#131=COLOUR_RGB($,1.,1.,1.);
#132=FILL_AREA_STYLE_COLOUR($,#131);
#133=FILL_AREA_STYLE($,(#132));
#134=SURFACE_STYLE_FILL_AREA(#133);
#135=SURFACE_SIDE_STYLE('',(#134));
#136=SURFACE_STYLE_USAGE(.BOTH.,#135);
#137=PRESENTATION_STYLE_ASSIGNMENT((#136));
#138=STYLED_ITEM('',(#137),#130);
#139=ADVANCED_FACE('',(#2200),#2202,.F.);
#140=COLOUR_RGB($,1.,1.,1.);
#141=FILL_AREA_STYLE_COLOUR($,#140);
#142=FILL_AREA_STYLE($,(#141));
#143=SURFACE_STYLE_FILL_AREA(#142);
#144=SURFACE_SIDE_STYLE('',(#143));
#145=SURFACE_STYLE_USAGE(.BOTH.,#144);
#146=PRESENTATION_STYLE_ASSIGNMENT((#145));
#147=STYLED_ITEM('',(#146),#139);
#148=ADVANCED_FACE('',(#2207),#2209,.T.);
#149=COLOUR_RGB($,1.,1.,1.);
#150=FILL_AREA_STYLE_COLOUR($,#149);
#151=FILL_AREA_STYLE($,(#150));
#152=SURFACE_STYLE_FILL_AREA(#151);
#153=SURFACE_SIDE_STYLE('',(#152));
#154=SURFACE_STYLE_USAGE(.BOTH.,#153);
#155=PRESENTATION_STYLE_ASSIGNMENT((#154));
#156=STYLED_ITEM('',(#155),#148);
#157=ADVANCED_FACE('',(#2214),#2216,.F.);
#158=COLOUR_RGB($,1.,1.,1.);
#159=FILL_AREA_STYLE_COLOUR($,#158);
#160=FILL_AREA_STYLE($,(#159));
#161=SURFACE_STYLE_FILL_AREA(#160);
#162=SURFACE_SIDE_STYLE('',(#161));
#163=SURFACE_STYLE_USAGE(.BOTH.,#162);
#164=PRESENTATION_STYLE_ASSIGNMENT((#163));
#165=STYLED_ITEM('',(#164),#157);
#166=ADVANCED_FACE('',(#2221),#2223,.F.);
#167=COLOUR_RGB($,1.,1.,1.);
#168=FILL_AREA_STYLE_COLOUR($,#167);
#169=FILL_AREA_STYLE($,(#168));
#170=SURFACE_STYLE_FILL_AREA(#169);
#171=SURFACE_SIDE_STYLE('',(#170));
#172=SURFACE_STYLE_USAGE(.BOTH.,#171);
#173=PRESENTATION_STYLE_ASSIGNMENT((#172));
#174=STYLED_ITEM('',(#173),#166);
#175=ADVANCED_FACE('',(#2228,#2230,#2232,#2234,#2236,#2238,#2240,#2242,#2244,#2246),
#2248,.T.);
#176=COLOUR_RGB($,1.,1.,1.);
#177=FILL_AREA_STYLE_COLOUR($,#176);
#178=FILL_AREA_STYLE($,(#177));
#179=SURFACE_STYLE_FILL_AREA(#178);
#180=SURFACE_SIDE_STYLE('',(#179));
#181=SURFACE_STYLE_USAGE(.BOTH.,#180);
#182=PRESENTATION_STYLE_ASSIGNMENT((#181));
#183=STYLED_ITEM('',(#182),#175);
#184=ADVANCED_FACE('',(#2253),#2255,.F.);
#185=COLOUR_RGB($,1.,1.,1.);
#186=FILL_AREA_STYLE_COLOUR($,#185);
#187=FILL_AREA_STYLE($,(#186));
#188=SURFACE_STYLE_FILL_AREA(#187);
#189=SURFACE_SIDE_STYLE('',(#188));
#190=SURFACE_STYLE_USAGE(.BOTH.,#189);
#191=PRESENTATION_STYLE_ASSIGNMENT((#190));
#192=STYLED_ITEM('',(#191),#184);
#193=ADVANCED_FACE('',(#2260),#2262,.F.);
#194=COLOUR_RGB($,1.,1.,1.);
#195=FILL_AREA_STYLE_COLOUR($,#194);
#196=FILL_AREA_STYLE($,(#195));
#197=SURFACE_STYLE_FILL_AREA(#196);
#198=SURFACE_SIDE_STYLE('',(#197));
#199=SURFACE_STYLE_USAGE(.BOTH.,#198);
#200=PRESENTATION_STYLE_ASSIGNMENT((#199));
#201=STYLED_ITEM('',(#200),#193);
#202=ADVANCED_FACE('',(#2267),#2269,.T.);
#203=COLOUR_RGB($,1.,1.,1.);
#204=FILL_AREA_STYLE_COLOUR($,#203);
#205=FILL_AREA_STYLE($,(#204));
#206=SURFACE_STYLE_FILL_AREA(#205);
#207=SURFACE_SIDE_STYLE('',(#206));
#208=SURFACE_STYLE_USAGE(.BOTH.,#207);
#209=PRESENTATION_STYLE_ASSIGNMENT((#208));
#210=STYLED_ITEM('',(#209),#202);
#211=ADVANCED_FACE('',(#2274),#2276,.T.);
#212=COLOUR_RGB($,1.,1.,1.);
#213=FILL_AREA_STYLE_COLOUR($,#212);
#214=FILL_AREA_STYLE($,(#213));
#215=SURFACE_STYLE_FILL_AREA(#214);
#216=SURFACE_SIDE_STYLE('',(#215));
#217=SURFACE_STYLE_USAGE(.BOTH.,#216);
#218=PRESENTATION_STYLE_ASSIGNMENT((#217));
#219=STYLED_ITEM('',(#218),#211);
#220=ADVANCED_FACE('',(#2281),#2283,.F.);
#221=COLOUR_RGB($,1.,1.,1.);
#222=FILL_AREA_STYLE_COLOUR($,#221);
#223=FILL_AREA_STYLE($,(#222));
#224=SURFACE_STYLE_FILL_AREA(#223);
#225=SURFACE_SIDE_STYLE('',(#224));
#226=SURFACE_STYLE_USAGE(.BOTH.,#225);
#227=PRESENTATION_STYLE_ASSIGNMENT((#226));
#228=STYLED_ITEM('',(#227),#220);
#229=ADVANCED_FACE('',(#2288),#2290,.F.);
#230=COLOUR_RGB($,1.,1.,1.);
#231=FILL_AREA_STYLE_COLOUR($,#230);
#232=FILL_AREA_STYLE($,(#231));
#233=SURFACE_STYLE_FILL_AREA(#232);
#234=SURFACE_SIDE_STYLE('',(#233));
#235=SURFACE_STYLE_USAGE(.BOTH.,#234);
#236=PRESENTATION_STYLE_ASSIGNMENT((#235));
#237=STYLED_ITEM('',(#236),#229);
#238=ADVANCED_FACE('',(#2295),#2297,.F.);
#239=COLOUR_RGB($,1.,1.,1.);
#240=FILL_AREA_STYLE_COLOUR($,#239);
#241=FILL_AREA_STYLE($,(#240));
#242=SURFACE_STYLE_FILL_AREA(#241);
#243=SURFACE_SIDE_STYLE('',(#242));
#244=SURFACE_STYLE_USAGE(.BOTH.,#243);
#245=PRESENTATION_STYLE_ASSIGNMENT((#244));
#246=STYLED_ITEM('',(#245),#238);
#247=ADVANCED_FACE('',(#2302),#2304,.F.);
#248=COLOUR_RGB($,1.,1.,1.);
#249=FILL_AREA_STYLE_COLOUR($,#248);
#250=FILL_AREA_STYLE($,(#249));
#251=SURFACE_STYLE_FILL_AREA(#250);
#252=SURFACE_SIDE_STYLE('',(#251));
#253=SURFACE_STYLE_USAGE(.BOTH.,#252);
#254=PRESENTATION_STYLE_ASSIGNMENT((#253));
#255=STYLED_ITEM('',(#254),#247);
#256=ADVANCED_FACE('',(#2309),#2311,.F.);
#257=COLOUR_RGB($,1.,1.,1.);
#258=FILL_AREA_STYLE_COLOUR($,#257);
#259=FILL_AREA_STYLE($,(#258));
#260=SURFACE_STYLE_FILL_AREA(#259);
#261=SURFACE_SIDE_STYLE('',(#260));
#262=SURFACE_STYLE_USAGE(.BOTH.,#261);
#263=PRESENTATION_STYLE_ASSIGNMENT((#262));
#264=STYLED_ITEM('',(#263),#256);
#265=ADVANCED_FACE('',(#2316),#2318,.F.);
#266=COLOUR_RGB($,1.,1.,1.);
#267=FILL_AREA_STYLE_COLOUR($,#266);
#268=FILL_AREA_STYLE($,(#267));
#269=SURFACE_STYLE_FILL_AREA(#268);
#270=SURFACE_SIDE_STYLE('',(#269));
#271=SURFACE_STYLE_USAGE(.BOTH.,#270);
#272=PRESENTATION_STYLE_ASSIGNMENT((#271));
#273=STYLED_ITEM('',(#272),#265);
#274=ADVANCED_FACE('',(#2323),#2325,.F.);
#275=COLOUR_RGB($,1.,1.,1.);
#276=FILL_AREA_STYLE_COLOUR($,#275);
#277=FILL_AREA_STYLE($,(#276));
#278=SURFACE_STYLE_FILL_AREA(#277);
#279=SURFACE_SIDE_STYLE('',(#278));
#280=SURFACE_STYLE_USAGE(.BOTH.,#279);
#281=PRESENTATION_STYLE_ASSIGNMENT((#280));
#282=STYLED_ITEM('',(#281),#274);
#283=ADVANCED_FACE('',(#2330),#2332,.F.);
#284=COLOUR_RGB($,1.,1.,1.);
#285=FILL_AREA_STYLE_COLOUR($,#284);
#286=FILL_AREA_STYLE($,(#285));
#287=SURFACE_STYLE_FILL_AREA(#286);
#288=SURFACE_SIDE_STYLE('',(#287));
#289=SURFACE_STYLE_USAGE(.BOTH.,#288);
#290=PRESENTATION_STYLE_ASSIGNMENT((#289));
#291=STYLED_ITEM('',(#290),#283);
#292=ADVANCED_FACE('',(#2337,#2339),#2341,.T.);
#293=COLOUR_RGB($,1.,1.,1.);
#294=FILL_AREA_STYLE_COLOUR($,#293);
#295=FILL_AREA_STYLE($,(#294));
#296=SURFACE_STYLE_FILL_AREA(#295);
#297=SURFACE_SIDE_STYLE('',(#296));
#298=SURFACE_STYLE_USAGE(.BOTH.,#297);
#299=PRESENTATION_STYLE_ASSIGNMENT((#298));
#300=STYLED_ITEM('',(#299),#292);
#301=ADVANCED_FACE('',(#2346),#2348,.F.);
#302=COLOUR_RGB($,1.,1.,1.);
#303=FILL_AREA_STYLE_COLOUR($,#302);
#304=FILL_AREA_STYLE($,(#303));
#305=SURFACE_STYLE_FILL_AREA(#304);
#306=SURFACE_SIDE_STYLE('',(#305));
#307=SURFACE_STYLE_USAGE(.BOTH.,#306);
#308=PRESENTATION_STYLE_ASSIGNMENT((#307));
#309=STYLED_ITEM('',(#308),#301);
#310=ADVANCED_FACE('',(#2353),#2355,.F.);
#311=COLOUR_RGB($,1.,1.,1.);
#312=FILL_AREA_STYLE_COLOUR($,#311);
#313=FILL_AREA_STYLE($,(#312));
#314=SURFACE_STYLE_FILL_AREA(#313);
#315=SURFACE_SIDE_STYLE('',(#314));
#316=SURFACE_STYLE_USAGE(.BOTH.,#315);
#317=PRESENTATION_STYLE_ASSIGNMENT((#316));
#318=STYLED_ITEM('',(#317),#310);
#319=ADVANCED_FACE('',(#2360),#2362,.F.);
#320=COLOUR_RGB($,1.,1.,1.);
#321=FILL_AREA_STYLE_COLOUR($,#320);
#322=FILL_AREA_STYLE($,(#321));
#323=SURFACE_STYLE_FILL_AREA(#322);
#324=SURFACE_SIDE_STYLE('',(#323));
#325=SURFACE_STYLE_USAGE(.BOTH.,#324);
#326=PRESENTATION_STYLE_ASSIGNMENT((#325));
#327=STYLED_ITEM('',(#326),#319);
#328=ADVANCED_FACE('',(#2367,#2369),#2371,.T.);
#329=COLOUR_RGB($,1.,1.,1.);
#330=FILL_AREA_STYLE_COLOUR($,#329);
#331=FILL_AREA_STYLE($,(#330));
#332=SURFACE_STYLE_FILL_AREA(#331);
#333=SURFACE_SIDE_STYLE('',(#332));
#334=SURFACE_STYLE_USAGE(.BOTH.,#333);
#335=PRESENTATION_STYLE_ASSIGNMENT((#334));
#336=STYLED_ITEM('',(#335),#328);
#337=ADVANCED_FACE('',(#2376),#2378,.F.);
#338=COLOUR_RGB($,1.,1.,1.);
#339=FILL_AREA_STYLE_COLOUR($,#338);
#340=FILL_AREA_STYLE($,(#339));
#341=SURFACE_STYLE_FILL_AREA(#340);
#342=SURFACE_SIDE_STYLE('',(#341));
#343=SURFACE_STYLE_USAGE(.BOTH.,#342);
#344=PRESENTATION_STYLE_ASSIGNMENT((#343));
#345=STYLED_ITEM('',(#344),#337);
#346=ADVANCED_FACE('',(#2383),#2385,.F.);
#347=COLOUR_RGB($,1.,1.,1.);
#348=FILL_AREA_STYLE_COLOUR($,#347);
#349=FILL_AREA_STYLE($,(#348));
#350=SURFACE_STYLE_FILL_AREA(#349);
#351=SURFACE_SIDE_STYLE('',(#350));
#352=SURFACE_STYLE_USAGE(.BOTH.,#351);
#353=PRESENTATION_STYLE_ASSIGNMENT((#352));
#354=STYLED_ITEM('',(#353),#346);
#355=ADVANCED_FACE('',(#2390),#2392,.F.);
#356=COLOUR_RGB($,1.,1.,1.);
#357=FILL_AREA_STYLE_COLOUR($,#356);
#358=FILL_AREA_STYLE($,(#357));
#359=SURFACE_STYLE_FILL_AREA(#358);
#360=SURFACE_SIDE_STYLE('',(#359));
#361=SURFACE_STYLE_USAGE(.BOTH.,#360);
#362=PRESENTATION_STYLE_ASSIGNMENT((#361));
#363=STYLED_ITEM('',(#362),#355);
#364=ADVANCED_FACE('',(#2397,#2399),#2401,.T.);
#365=COLOUR_RGB($,1.,1.,1.);
#366=FILL_AREA_STYLE_COLOUR($,#365);
#367=FILL_AREA_STYLE($,(#366));
#368=SURFACE_STYLE_FILL_AREA(#367);
#369=SURFACE_SIDE_STYLE('',(#368));
#370=SURFACE_STYLE_USAGE(.BOTH.,#369);
#371=PRESENTATION_STYLE_ASSIGNMENT((#370));
#372=STYLED_ITEM('',(#371),#364);
#373=ADVANCED_FACE('',(#2406),#2408,.F.);
#374=COLOUR_RGB($,1.,1.,1.);
#375=FILL_AREA_STYLE_COLOUR($,#374);
#376=FILL_AREA_STYLE($,(#375));
#377=SURFACE_STYLE_FILL_AREA(#376);
#378=SURFACE_SIDE_STYLE('',(#377));
#379=SURFACE_STYLE_USAGE(.BOTH.,#378);
#380=PRESENTATION_STYLE_ASSIGNMENT((#379));
#381=STYLED_ITEM('',(#380),#373);
#382=ADVANCED_FACE('',(#2413),#2415,.F.);
#383=COLOUR_RGB($,1.,1.,1.);
#384=FILL_AREA_STYLE_COLOUR($,#383);
#385=FILL_AREA_STYLE($,(#384));
#386=SURFACE_STYLE_FILL_AREA(#385);
#387=SURFACE_SIDE_STYLE('',(#386));
#388=SURFACE_STYLE_USAGE(.BOTH.,#387);
#389=PRESENTATION_STYLE_ASSIGNMENT((#388));
#390=STYLED_ITEM('',(#389),#382);
#391=ADVANCED_FACE('',(#2420),#2422,.F.);
#392=COLOUR_RGB($,1.,1.,1.);
#393=FILL_AREA_STYLE_COLOUR($,#392);
#394=FILL_AREA_STYLE($,(#393));
#395=SURFACE_STYLE_FILL_AREA(#394);
#396=SURFACE_SIDE_STYLE('',(#395));
#397=SURFACE_STYLE_USAGE(.BOTH.,#396);
#398=PRESENTATION_STYLE_ASSIGNMENT((#397));
#399=STYLED_ITEM('',(#398),#391);
#400=ADVANCED_FACE('',(#2427,#2429),#2431,.T.);
#401=COLOUR_RGB($,1.,1.,1.);
#402=FILL_AREA_STYLE_COLOUR($,#401);
#403=FILL_AREA_STYLE($,(#402));
#404=SURFACE_STYLE_FILL_AREA(#403);
#405=SURFACE_SIDE_STYLE('',(#404));
#406=SURFACE_STYLE_USAGE(.BOTH.,#405);
#407=PRESENTATION_STYLE_ASSIGNMENT((#406));
#408=STYLED_ITEM('',(#407),#400);
#409=ADVANCED_FACE('',(#2436),#2438,.F.);
#410=COLOUR_RGB($,1.,1.,1.);
#411=FILL_AREA_STYLE_COLOUR($,#410);
#412=FILL_AREA_STYLE($,(#411));
#413=SURFACE_STYLE_FILL_AREA(#412);
#414=SURFACE_SIDE_STYLE('',(#413));
#415=SURFACE_STYLE_USAGE(.BOTH.,#414);
#416=PRESENTATION_STYLE_ASSIGNMENT((#415));
#417=STYLED_ITEM('',(#416),#409);
#418=ADVANCED_FACE('',(#2443),#2445,.F.);
#419=COLOUR_RGB($,1.,1.,1.);
#420=FILL_AREA_STYLE_COLOUR($,#419);
#421=FILL_AREA_STYLE($,(#420));
#422=SURFACE_STYLE_FILL_AREA(#421);
#423=SURFACE_SIDE_STYLE('',(#422));
#424=SURFACE_STYLE_USAGE(.BOTH.,#423);
#425=PRESENTATION_STYLE_ASSIGNMENT((#424));
#426=STYLED_ITEM('',(#425),#418);
#427=ADVANCED_FACE('',(#2450),#2452,.F.);
#428=COLOUR_RGB($,1.,1.,1.);
#429=FILL_AREA_STYLE_COLOUR($,#428);
#430=FILL_AREA_STYLE($,(#429));
#431=SURFACE_STYLE_FILL_AREA(#430);
#432=SURFACE_SIDE_STYLE('',(#431));
#433=SURFACE_STYLE_USAGE(.BOTH.,#432);
#434=PRESENTATION_STYLE_ASSIGNMENT((#433));
#435=STYLED_ITEM('',(#434),#427);
#436=ADVANCED_FACE('',(#2457,#2459),#2461,.T.);
#437=COLOUR_RGB($,1.,1.,1.);
#438=FILL_AREA_STYLE_COLOUR($,#437);
#439=FILL_AREA_STYLE($,(#438));
#440=SURFACE_STYLE_FILL_AREA(#439);
#441=SURFACE_SIDE_STYLE('',(#440));
#442=SURFACE_STYLE_USAGE(.BOTH.,#441);
#443=PRESENTATION_STYLE_ASSIGNMENT((#442));
#444=STYLED_ITEM('',(#443),#436);
#445=ADVANCED_FACE('',(#2466),#2468,.F.);
#446=COLOUR_RGB($,1.,1.,1.);
#447=FILL_AREA_STYLE_COLOUR($,#446);
#448=FILL_AREA_STYLE($,(#447));
#449=SURFACE_STYLE_FILL_AREA(#448);
#450=SURFACE_SIDE_STYLE('',(#449));
#451=SURFACE_STYLE_USAGE(.BOTH.,#450);
#452=PRESENTATION_STYLE_ASSIGNMENT((#451));
#453=STYLED_ITEM('',(#452),#445);
#454=ADVANCED_FACE('',(#2473),#2475,.F.);
#455=COLOUR_RGB($,1.,1.,1.);
#456=FILL_AREA_STYLE_COLOUR($,#455);
#457=FILL_AREA_STYLE($,(#456));
#458=SURFACE_STYLE_FILL_AREA(#457);
#459=SURFACE_SIDE_STYLE('',(#458));
#460=SURFACE_STYLE_USAGE(.BOTH.,#459);
#461=PRESENTATION_STYLE_ASSIGNMENT((#460));
#462=STYLED_ITEM('',(#461),#454);
#463=ADVANCED_FACE('',(#2480),#2482,.F.);
#464=COLOUR_RGB($,1.,1.,1.);
#465=FILL_AREA_STYLE_COLOUR($,#464);
#466=FILL_AREA_STYLE($,(#465));
#467=SURFACE_STYLE_FILL_AREA(#466);
#468=SURFACE_SIDE_STYLE('',(#467));
#469=SURFACE_STYLE_USAGE(.BOTH.,#468);
#470=PRESENTATION_STYLE_ASSIGNMENT((#469));
#471=STYLED_ITEM('',(#470),#463);
#472=ADVANCED_FACE('',(#2487,#2489),#2491,.T.);
#473=COLOUR_RGB($,1.,1.,1.);
#474=FILL_AREA_STYLE_COLOUR($,#473);
#475=FILL_AREA_STYLE($,(#474));
#476=SURFACE_STYLE_FILL_AREA(#475);
#477=SURFACE_SIDE_STYLE('',(#476));
#478=SURFACE_STYLE_USAGE(.BOTH.,#477);
#479=PRESENTATION_STYLE_ASSIGNMENT((#478));
#480=STYLED_ITEM('',(#479),#472);
#481=ADVANCED_FACE('',(#2496),#2498,.F.);
#482=COLOUR_RGB($,1.,1.,1.);
#483=FILL_AREA_STYLE_COLOUR($,#482);
#484=FILL_AREA_STYLE($,(#483));
#485=SURFACE_STYLE_FILL_AREA(#484);
#486=SURFACE_SIDE_STYLE('',(#485));
#487=SURFACE_STYLE_USAGE(.BOTH.,#486);
#488=PRESENTATION_STYLE_ASSIGNMENT((#487));
#489=STYLED_ITEM('',(#488),#481);
#490=ADVANCED_FACE('',(#2503),#2505,.F.);
#491=COLOUR_RGB($,1.,1.,1.);
#492=FILL_AREA_STYLE_COLOUR($,#491);
#493=FILL_AREA_STYLE($,(#492));
#494=SURFACE_STYLE_FILL_AREA(#493);
#495=SURFACE_SIDE_STYLE('',(#494));
#496=SURFACE_STYLE_USAGE(.BOTH.,#495);
#497=PRESENTATION_STYLE_ASSIGNMENT((#496));
#498=STYLED_ITEM('',(#497),#490);
#499=ADVANCED_FACE('',(#2510),#2512,.F.);
#500=COLOUR_RGB($,1.,1.,1.);
#501=FILL_AREA_STYLE_COLOUR($,#500);
#502=FILL_AREA_STYLE($,(#501));
#503=SURFACE_STYLE_FILL_AREA(#502);
#504=SURFACE_SIDE_STYLE('',(#503));
#505=SURFACE_STYLE_USAGE(.BOTH.,#504);
#506=PRESENTATION_STYLE_ASSIGNMENT((#505));
#507=STYLED_ITEM('',(#506),#499);
#508=ADVANCED_FACE('',(#2517,#2519),#2521,.T.);
#509=COLOUR_RGB($,1.,1.,1.);
#510=FILL_AREA_STYLE_COLOUR($,#509);
#511=FILL_AREA_STYLE($,(#510));
#512=SURFACE_STYLE_FILL_AREA(#511);
#513=SURFACE_SIDE_STYLE('',(#512));
#514=SURFACE_STYLE_USAGE(.BOTH.,#513);
#515=PRESENTATION_STYLE_ASSIGNMENT((#514));
#516=STYLED_ITEM('',(#515),#508);
#517=ADVANCED_FACE('',(#2526),#2528,.F.);
#518=COLOUR_RGB($,1.,1.,1.);
#519=FILL_AREA_STYLE_COLOUR($,#518);
#520=FILL_AREA_STYLE($,(#519));
#521=SURFACE_STYLE_FILL_AREA(#520);
#522=SURFACE_SIDE_STYLE('',(#521));
#523=SURFACE_STYLE_USAGE(.BOTH.,#522);
#524=PRESENTATION_STYLE_ASSIGNMENT((#523));
#525=STYLED_ITEM('',(#524),#517);
#526=ADVANCED_FACE('',(#2533),#2535,.F.);
#527=COLOUR_RGB($,1.,1.,1.);
#528=FILL_AREA_STYLE_COLOUR($,#527);
#529=FILL_AREA_STYLE($,(#528));
#530=SURFACE_STYLE_FILL_AREA(#529);
#531=SURFACE_SIDE_STYLE('',(#530));
#532=SURFACE_STYLE_USAGE(.BOTH.,#531);
#533=PRESENTATION_STYLE_ASSIGNMENT((#532));
#534=STYLED_ITEM('',(#533),#526);
#535=ADVANCED_FACE('',(#2540),#2542,.F.);
#536=COLOUR_RGB($,1.,1.,1.);
#537=FILL_AREA_STYLE_COLOUR($,#536);
#538=FILL_AREA_STYLE($,(#537));
#539=SURFACE_STYLE_FILL_AREA(#538);
#540=SURFACE_SIDE_STYLE('',(#539));
#541=SURFACE_STYLE_USAGE(.BOTH.,#540);
#542=PRESENTATION_STYLE_ASSIGNMENT((#541));
#543=STYLED_ITEM('',(#542),#535);
#544=ADVANCED_FACE('',(#2547,#2549),#2551,.T.);
#545=COLOUR_RGB($,1.,1.,1.);
#546=FILL_AREA_STYLE_COLOUR($,#545);
#547=FILL_AREA_STYLE($,(#546));
#548=SURFACE_STYLE_FILL_AREA(#547);
#549=SURFACE_SIDE_STYLE('',(#548));
#550=SURFACE_STYLE_USAGE(.BOTH.,#549);
#551=PRESENTATION_STYLE_ASSIGNMENT((#550));
#552=STYLED_ITEM('',(#551),#544);
#553=ADVANCED_FACE('',(#2556),#2558,.F.);
#554=COLOUR_RGB($,1.,1.,1.);
#555=FILL_AREA_STYLE_COLOUR($,#554);
#556=FILL_AREA_STYLE($,(#555));
#557=SURFACE_STYLE_FILL_AREA(#556);
#558=SURFACE_SIDE_STYLE('',(#557));
#559=SURFACE_STYLE_USAGE(.BOTH.,#558);
#560=PRESENTATION_STYLE_ASSIGNMENT((#559));
#561=STYLED_ITEM('',(#560),#553);
#562=ADVANCED_FACE('',(#2563),#2565,.F.);
#563=COLOUR_RGB($,1.,1.,1.);
#564=FILL_AREA_STYLE_COLOUR($,#563);
#565=FILL_AREA_STYLE($,(#564));
#566=SURFACE_STYLE_FILL_AREA(#565);
#567=SURFACE_SIDE_STYLE('',(#566));
#568=SURFACE_STYLE_USAGE(.BOTH.,#567);
#569=PRESENTATION_STYLE_ASSIGNMENT((#568));
#570=STYLED_ITEM('',(#569),#562);
#571=ADVANCED_FACE('',(#2570),#2572,.F.);
#572=COLOUR_RGB($,1.,1.,1.);
#573=FILL_AREA_STYLE_COLOUR($,#572);
#574=FILL_AREA_STYLE($,(#573));
#575=SURFACE_STYLE_FILL_AREA(#574);
#576=SURFACE_SIDE_STYLE('',(#575));
#577=SURFACE_STYLE_USAGE(.BOTH.,#576);
#578=PRESENTATION_STYLE_ASSIGNMENT((#577));
#579=STYLED_ITEM('',(#578),#571);
#580=ADVANCED_FACE('',(#2577,#2579),#2581,.T.);
#581=COLOUR_RGB($,1.,1.,1.);
#582=FILL_AREA_STYLE_COLOUR($,#581);
#583=FILL_AREA_STYLE($,(#582));
#584=SURFACE_STYLE_FILL_AREA(#583);
#585=SURFACE_SIDE_STYLE('',(#584));
#586=SURFACE_STYLE_USAGE(.BOTH.,#585);
#587=PRESENTATION_STYLE_ASSIGNMENT((#586));
#588=STYLED_ITEM('',(#587),#580);
#589=ADVANCED_FACE('',(#2586),#2588,.F.);
#590=COLOUR_RGB($,1.,1.,1.);
#591=FILL_AREA_STYLE_COLOUR($,#590);
#592=FILL_AREA_STYLE($,(#591));
#593=SURFACE_STYLE_FILL_AREA(#592);
#594=SURFACE_SIDE_STYLE('',(#593));
#595=SURFACE_STYLE_USAGE(.BOTH.,#594);
#596=PRESENTATION_STYLE_ASSIGNMENT((#595));
#597=STYLED_ITEM('',(#596),#589);
#598=ADVANCED_FACE('',(#2593),#2595,.F.);
#599=COLOUR_RGB($,1.,1.,1.);
#600=FILL_AREA_STYLE_COLOUR($,#599);
#601=FILL_AREA_STYLE($,(#600));
#602=SURFACE_STYLE_FILL_AREA(#601);
#603=SURFACE_SIDE_STYLE('',(#602));
#604=SURFACE_STYLE_USAGE(.BOTH.,#603);
#605=PRESENTATION_STYLE_ASSIGNMENT((#604));
#606=STYLED_ITEM('',(#605),#598);
#607=ADVANCED_FACE('',(#2600),#2602,.F.);
#608=COLOUR_RGB($,1.,1.,1.);
#609=FILL_AREA_STYLE_COLOUR($,#608);
#610=FILL_AREA_STYLE($,(#609));
#611=SURFACE_STYLE_FILL_AREA(#610);
#612=SURFACE_SIDE_STYLE('',(#611));
#613=SURFACE_STYLE_USAGE(.BOTH.,#612);
#614=PRESENTATION_STYLE_ASSIGNMENT((#613));
#615=STYLED_ITEM('',(#614),#607);
#616=ADVANCED_FACE('',(#2607),#2609,.T.);
#617=COLOUR_RGB($,1.,1.,1.);
#618=FILL_AREA_STYLE_COLOUR($,#617);
#619=FILL_AREA_STYLE($,(#618));
#620=SURFACE_STYLE_FILL_AREA(#619);
#621=SURFACE_SIDE_STYLE('',(#620));
#622=SURFACE_STYLE_USAGE(.BOTH.,#621);
#623=PRESENTATION_STYLE_ASSIGNMENT((#622));
#624=STYLED_ITEM('',(#623),#616);
#625=ADVANCED_FACE('',(#2614),#2616,.T.);
#626=COLOUR_RGB($,1.,1.,1.);
#627=FILL_AREA_STYLE_COLOUR($,#626);
#628=FILL_AREA_STYLE($,(#627));
#629=SURFACE_STYLE_FILL_AREA(#628);
#630=SURFACE_SIDE_STYLE('',(#629));
#631=SURFACE_STYLE_USAGE(.BOTH.,#630);
#632=PRESENTATION_STYLE_ASSIGNMENT((#631));
#633=STYLED_ITEM('',(#632),#625);
#634=ADVANCED_FACE('',(#2621),#2623,.F.);
#635=COLOUR_RGB($,1.,1.,1.);
#636=FILL_AREA_STYLE_COLOUR($,#635);
#637=FILL_AREA_STYLE($,(#636));
#638=SURFACE_STYLE_FILL_AREA(#637);
#639=SURFACE_SIDE_STYLE('',(#638));
#640=SURFACE_STYLE_USAGE(.BOTH.,#639);
#641=PRESENTATION_STYLE_ASSIGNMENT((#640));
#642=STYLED_ITEM('',(#641),#634);
#643=ADVANCED_FACE('',(#2628),#2630,.F.);
#644=COLOUR_RGB($,1.,1.,1.);
#645=FILL_AREA_STYLE_COLOUR($,#644);
#646=FILL_AREA_STYLE($,(#645));
#647=SURFACE_STYLE_FILL_AREA(#646);
#648=SURFACE_SIDE_STYLE('',(#647));
#649=SURFACE_STYLE_USAGE(.BOTH.,#648);
#650=PRESENTATION_STYLE_ASSIGNMENT((#649));
#651=STYLED_ITEM('',(#650),#643);
#652=ADVANCED_FACE('',(#2635),#2637,.T.);
#653=COLOUR_RGB($,1.,0.843137254901961,0.);
#654=FILL_AREA_STYLE_COLOUR($,#653);
#655=FILL_AREA_STYLE($,(#654));
#656=SURFACE_STYLE_FILL_AREA(#655);
#657=SURFACE_SIDE_STYLE('',(#656));
#658=SURFACE_STYLE_USAGE(.BOTH.,#657);
#659=PRESENTATION_STYLE_ASSIGNMENT((#658));
#660=STYLED_ITEM('',(#659),#652);
#661=ADVANCED_FACE('',(#2642),#2644,.T.);
#662=COLOUR_RGB($,1.,0.843137254901961,0.);
#663=FILL_AREA_STYLE_COLOUR($,#662);
#664=FILL_AREA_STYLE($,(#663));
#665=SURFACE_STYLE_FILL_AREA(#664);
#666=SURFACE_SIDE_STYLE('',(#665));
#667=SURFACE_STYLE_USAGE(.BOTH.,#666);
#668=PRESENTATION_STYLE_ASSIGNMENT((#667));
#669=STYLED_ITEM('',(#668),#661);
#670=ADVANCED_FACE('',(#2649),#2651,.T.);
#671=COLOUR_RGB($,1.,0.843137254901961,0.);
#672=FILL_AREA_STYLE_COLOUR($,#671);
#673=FILL_AREA_STYLE($,(#672));
#674=SURFACE_STYLE_FILL_AREA(#673);
#675=SURFACE_SIDE_STYLE('',(#674));
#676=SURFACE_STYLE_USAGE(.BOTH.,#675);
#677=PRESENTATION_STYLE_ASSIGNMENT((#676));
#678=STYLED_ITEM('',(#677),#670);
#679=ADVANCED_FACE('',(#2656),#2658,.T.);
#680=COLOUR_RGB($,1.,0.843137254901961,0.);
#681=FILL_AREA_STYLE_COLOUR($,#680);
#682=FILL_AREA_STYLE($,(#681));
#683=SURFACE_STYLE_FILL_AREA(#682);
#684=SURFACE_SIDE_STYLE('',(#683));
#685=SURFACE_STYLE_USAGE(.BOTH.,#684);
#686=PRESENTATION_STYLE_ASSIGNMENT((#685));
#687=STYLED_ITEM('',(#686),#679);
#688=ADVANCED_FACE('',(#2663),#2665,.T.);
#689=COLOUR_RGB($,1.,0.843137254901961,0.);
#690=FILL_AREA_STYLE_COLOUR($,#689);
#691=FILL_AREA_STYLE($,(#690));
#692=SURFACE_STYLE_FILL_AREA(#691);
#693=SURFACE_SIDE_STYLE('',(#692));
#694=SURFACE_STYLE_USAGE(.BOTH.,#693);
#695=PRESENTATION_STYLE_ASSIGNMENT((#694));
#696=STYLED_ITEM('',(#695),#688);
#697=ADVANCED_FACE('',(#2670),#2672,.T.);
#698=COLOUR_RGB($,1.,0.843137254901961,0.);
#699=FILL_AREA_STYLE_COLOUR($,#698);
#700=FILL_AREA_STYLE($,(#699));
#701=SURFACE_STYLE_FILL_AREA(#700);
#702=SURFACE_SIDE_STYLE('',(#701));
#703=SURFACE_STYLE_USAGE(.BOTH.,#702);
#704=PRESENTATION_STYLE_ASSIGNMENT((#703));
#705=STYLED_ITEM('',(#704),#697);
#706=ADVANCED_FACE('',(#2677),#2679,.T.);
#707=COLOUR_RGB($,1.,0.843137254901961,0.);
#708=FILL_AREA_STYLE_COLOUR($,#707);
#709=FILL_AREA_STYLE($,(#708));
#710=SURFACE_STYLE_FILL_AREA(#709);
#711=SURFACE_SIDE_STYLE('',(#710));
#712=SURFACE_STYLE_USAGE(.BOTH.,#711);
#713=PRESENTATION_STYLE_ASSIGNMENT((#712));
#714=STYLED_ITEM('',(#713),#706);
#715=ADVANCED_FACE('',(#2684),#2686,.T.);
#716=COLOUR_RGB($,1.,0.843137254901961,0.);
#717=FILL_AREA_STYLE_COLOUR($,#716);
#718=FILL_AREA_STYLE($,(#717));
#719=SURFACE_STYLE_FILL_AREA(#718);
#720=SURFACE_SIDE_STYLE('',(#719));
#721=SURFACE_STYLE_USAGE(.BOTH.,#720);
#722=PRESENTATION_STYLE_ASSIGNMENT((#721));
#723=STYLED_ITEM('',(#722),#715);
#724=ADVANCED_FACE('',(#2691),#2693,.T.);
#725=COLOUR_RGB($,1.,0.843137254901961,0.);
#726=FILL_AREA_STYLE_COLOUR($,#725);
#727=FILL_AREA_STYLE($,(#726));
#728=SURFACE_STYLE_FILL_AREA(#727);
#729=SURFACE_SIDE_STYLE('',(#728));
#730=SURFACE_STYLE_USAGE(.BOTH.,#729);
#731=PRESENTATION_STYLE_ASSIGNMENT((#730));
#732=STYLED_ITEM('',(#731),#724);
#733=ADVANCED_FACE('',(#2698),#2700,.T.);
#734=COLOUR_RGB($,1.,0.843137254901961,0.);
#735=FILL_AREA_STYLE_COLOUR($,#734);
#736=FILL_AREA_STYLE($,(#735));
#737=SURFACE_STYLE_FILL_AREA(#736);
#738=SURFACE_SIDE_STYLE('',(#737));
#739=SURFACE_STYLE_USAGE(.BOTH.,#738);
#740=PRESENTATION_STYLE_ASSIGNMENT((#739));
#741=STYLED_ITEM('',(#740),#733);
#742=ADVANCED_FACE('',(#2705),#2707,.T.);
#743=COLOUR_RGB($,1.,0.843137254901961,0.);
#744=FILL_AREA_STYLE_COLOUR($,#743);
#745=FILL_AREA_STYLE($,(#744));
#746=SURFACE_STYLE_FILL_AREA(#745);
#747=SURFACE_SIDE_STYLE('',(#746));
#748=SURFACE_STYLE_USAGE(.BOTH.,#747);
#749=PRESENTATION_STYLE_ASSIGNMENT((#748));
#750=STYLED_ITEM('',(#749),#742);
#751=ADVANCED_FACE('',(#2712),#2714,.T.);
#752=COLOUR_RGB($,1.,0.843137254901961,0.);
#753=FILL_AREA_STYLE_COLOUR($,#752);
#754=FILL_AREA_STYLE($,(#753));
#755=SURFACE_STYLE_FILL_AREA(#754);
#756=SURFACE_SIDE_STYLE('',(#755));
#757=SURFACE_STYLE_USAGE(.BOTH.,#756);
#758=PRESENTATION_STYLE_ASSIGNMENT((#757));
#759=STYLED_ITEM('',(#758),#751);
#760=ADVANCED_FACE('',(#2719),#2721,.T.);
#761=COLOUR_RGB($,1.,0.843137254901961,0.);
#762=FILL_AREA_STYLE_COLOUR($,#761);
#763=FILL_AREA_STYLE($,(#762));
#764=SURFACE_STYLE_FILL_AREA(#763);
#765=SURFACE_SIDE_STYLE('',(#764));
#766=SURFACE_STYLE_USAGE(.BOTH.,#765);
#767=PRESENTATION_STYLE_ASSIGNMENT((#766));
#768=STYLED_ITEM('',(#767),#760);
#769=ADVANCED_FACE('',(#2726),#2728,.T.);
#770=COLOUR_RGB($,1.,0.843137254901961,0.);
#771=FILL_AREA_STYLE_COLOUR($,#770);
#772=FILL_AREA_STYLE($,(#771));
#773=SURFACE_STYLE_FILL_AREA(#772);
#774=SURFACE_SIDE_STYLE('',(#773));
#775=SURFACE_STYLE_USAGE(.BOTH.,#774);
#776=PRESENTATION_STYLE_ASSIGNMENT((#775));
#777=STYLED_ITEM('',(#776),#769);
#778=ADVANCED_FACE('',(#2733),#2735,.T.);
#779=COLOUR_RGB($,1.,0.843137254901961,0.);
#780=FILL_AREA_STYLE_COLOUR($,#779);
#781=FILL_AREA_STYLE($,(#780));
#782=SURFACE_STYLE_FILL_AREA(#781);
#783=SURFACE_SIDE_STYLE('',(#782));
#784=SURFACE_STYLE_USAGE(.BOTH.,#783);
#785=PRESENTATION_STYLE_ASSIGNMENT((#784));
#786=STYLED_ITEM('',(#785),#778);
#787=ADVANCED_FACE('',(#2740),#2742,.T.);
#788=COLOUR_RGB($,1.,0.843137254901961,0.);
#789=FILL_AREA_STYLE_COLOUR($,#788);
#790=FILL_AREA_STYLE($,(#789));
#791=SURFACE_STYLE_FILL_AREA(#790);
#792=SURFACE_SIDE_STYLE('',(#791));
#793=SURFACE_STYLE_USAGE(.BOTH.,#792);
#794=PRESENTATION_STYLE_ASSIGNMENT((#793));
#795=STYLED_ITEM('',(#794),#787);
#796=ADVANCED_FACE('',(#2747),#2749,.T.);
#797=COLOUR_RGB($,1.,0.843137254901961,0.);
#798=FILL_AREA_STYLE_COLOUR($,#797);
#799=FILL_AREA_STYLE($,(#798));
#800=SURFACE_STYLE_FILL_AREA(#799);
#801=SURFACE_SIDE_STYLE('',(#800));
#802=SURFACE_STYLE_USAGE(.BOTH.,#801);
#803=PRESENTATION_STYLE_ASSIGNMENT((#802));
#804=STYLED_ITEM('',(#803),#796);
#805=ADVANCED_FACE('',(#2754),#2756,.T.);
#806=COLOUR_RGB($,1.,0.843137254901961,0.);
#807=FILL_AREA_STYLE_COLOUR($,#806);
#808=FILL_AREA_STYLE($,(#807));
#809=SURFACE_STYLE_FILL_AREA(#808);
#810=SURFACE_SIDE_STYLE('',(#809));
#811=SURFACE_STYLE_USAGE(.BOTH.,#810);
#812=PRESENTATION_STYLE_ASSIGNMENT((#811));
#813=STYLED_ITEM('',(#812),#805);
#814=ADVANCED_FACE('',(#2761),#2763,.T.);
#815=COLOUR_RGB($,1.,0.843137254901961,0.);
#816=FILL_AREA_STYLE_COLOUR($,#815);
#817=FILL_AREA_STYLE($,(#816));
#818=SURFACE_STYLE_FILL_AREA(#817);
#819=SURFACE_SIDE_STYLE('',(#818));
#820=SURFACE_STYLE_USAGE(.BOTH.,#819);
#821=PRESENTATION_STYLE_ASSIGNMENT((#820));
#822=STYLED_ITEM('',(#821),#814);
#823=ADVANCED_FACE('',(#2768),#2770,.T.);
#824=COLOUR_RGB($,1.,0.843137254901961,0.);
#825=FILL_AREA_STYLE_COLOUR($,#824);
#826=FILL_AREA_STYLE($,(#825));
#827=SURFACE_STYLE_FILL_AREA(#826);
#828=SURFACE_SIDE_STYLE('',(#827));
#829=SURFACE_STYLE_USAGE(.BOTH.,#828);
#830=PRESENTATION_STYLE_ASSIGNMENT((#829));
#831=STYLED_ITEM('',(#830),#823);
#832=ADVANCED_FACE('',(#2775),#2777,.T.);
#833=COLOUR_RGB($,1.,0.843137254901961,0.);
#834=FILL_AREA_STYLE_COLOUR($,#833);
#835=FILL_AREA_STYLE($,(#834));
#836=SURFACE_STYLE_FILL_AREA(#835);
#837=SURFACE_SIDE_STYLE('',(#836));
#838=SURFACE_STYLE_USAGE(.BOTH.,#837);
#839=PRESENTATION_STYLE_ASSIGNMENT((#838));
#840=STYLED_ITEM('',(#839),#832);
#841=ADVANCED_FACE('',(#2782),#2784,.T.);
#842=COLOUR_RGB($,1.,0.843137254901961,0.);
#843=FILL_AREA_STYLE_COLOUR($,#842);
#844=FILL_AREA_STYLE($,(#843));
#845=SURFACE_STYLE_FILL_AREA(#844);
#846=SURFACE_SIDE_STYLE('',(#845));
#847=SURFACE_STYLE_USAGE(.BOTH.,#846);
#848=PRESENTATION_STYLE_ASSIGNMENT((#847));
#849=STYLED_ITEM('',(#848),#841);
#850=ADVANCED_FACE('',(#2789),#2791,.T.);
#851=COLOUR_RGB($,1.,0.843137254901961,0.);
#852=FILL_AREA_STYLE_COLOUR($,#851);
#853=FILL_AREA_STYLE($,(#852));
#854=SURFACE_STYLE_FILL_AREA(#853);
#855=SURFACE_SIDE_STYLE('',(#854));
#856=SURFACE_STYLE_USAGE(.BOTH.,#855);
#857=PRESENTATION_STYLE_ASSIGNMENT((#856));
#858=STYLED_ITEM('',(#857),#850);
#859=ADVANCED_FACE('',(#2796),#2798,.T.);
#860=COLOUR_RGB($,1.,0.843137254901961,0.);
#861=FILL_AREA_STYLE_COLOUR($,#860);
#862=FILL_AREA_STYLE($,(#861));
#863=SURFACE_STYLE_FILL_AREA(#862);
#864=SURFACE_SIDE_STYLE('',(#863));
#865=SURFACE_STYLE_USAGE(.BOTH.,#864);
#866=PRESENTATION_STYLE_ASSIGNMENT((#865));
#867=STYLED_ITEM('',(#866),#859);
#868=ADVANCED_FACE('',(#2803),#2805,.T.);
#869=COLOUR_RGB($,1.,0.843137254901961,0.);
#870=FILL_AREA_STYLE_COLOUR($,#869);
#871=FILL_AREA_STYLE($,(#870));
#872=SURFACE_STYLE_FILL_AREA(#871);
#873=SURFACE_SIDE_STYLE('',(#872));
#874=SURFACE_STYLE_USAGE(.BOTH.,#873);
#875=PRESENTATION_STYLE_ASSIGNMENT((#874));
#876=STYLED_ITEM('',(#875),#868);
#877=ADVANCED_FACE('',(#2810),#2812,.T.);
#878=COLOUR_RGB($,1.,0.843137254901961,0.);
#879=FILL_AREA_STYLE_COLOUR($,#878);
#880=FILL_AREA_STYLE($,(#879));
#881=SURFACE_STYLE_FILL_AREA(#880);
#882=SURFACE_SIDE_STYLE('',(#881));
#883=SURFACE_STYLE_USAGE(.BOTH.,#882);
#884=PRESENTATION_STYLE_ASSIGNMENT((#883));
#885=STYLED_ITEM('',(#884),#877);
#886=ADVANCED_FACE('',(#2817),#2819,.T.);
#887=COLOUR_RGB($,1.,0.843137254901961,0.);
#888=FILL_AREA_STYLE_COLOUR($,#887);
#889=FILL_AREA_STYLE($,(#888));
#890=SURFACE_STYLE_FILL_AREA(#889);
#891=SURFACE_SIDE_STYLE('',(#890));
#892=SURFACE_STYLE_USAGE(.BOTH.,#891);
#893=PRESENTATION_STYLE_ASSIGNMENT((#892));
#894=STYLED_ITEM('',(#893),#886);
#895=ADVANCED_FACE('',(#2824),#2826,.T.);
#896=COLOUR_RGB($,1.,0.843137254901961,0.);
#897=FILL_AREA_STYLE_COLOUR($,#896);
#898=FILL_AREA_STYLE($,(#897));
#899=SURFACE_STYLE_FILL_AREA(#898);
#900=SURFACE_SIDE_STYLE('',(#899));
#901=SURFACE_STYLE_USAGE(.BOTH.,#900);
#902=PRESENTATION_STYLE_ASSIGNMENT((#901));
#903=STYLED_ITEM('',(#902),#895);
#904=ADVANCED_FACE('',(#2831),#2833,.T.);
#905=COLOUR_RGB($,1.,0.843137254901961,0.);
#906=FILL_AREA_STYLE_COLOUR($,#905);
#907=FILL_AREA_STYLE($,(#906));
#908=SURFACE_STYLE_FILL_AREA(#907);
#909=SURFACE_SIDE_STYLE('',(#908));
#910=SURFACE_STYLE_USAGE(.BOTH.,#909);
#911=PRESENTATION_STYLE_ASSIGNMENT((#910));
#912=STYLED_ITEM('',(#911),#904);
#913=ADVANCED_FACE('',(#2838),#2840,.T.);
#914=COLOUR_RGB($,1.,0.843137254901961,0.);
#915=FILL_AREA_STYLE_COLOUR($,#914);
#916=FILL_AREA_STYLE($,(#915));
#917=SURFACE_STYLE_FILL_AREA(#916);
#918=SURFACE_SIDE_STYLE('',(#917));
#919=SURFACE_STYLE_USAGE(.BOTH.,#918);
#920=PRESENTATION_STYLE_ASSIGNMENT((#919));
#921=STYLED_ITEM('',(#920),#913);
#922=ADVANCED_FACE('',(#2845),#2847,.T.);
#923=COLOUR_RGB($,1.,0.843137254901961,0.);
#924=FILL_AREA_STYLE_COLOUR($,#923);
#925=FILL_AREA_STYLE($,(#924));
#926=SURFACE_STYLE_FILL_AREA(#925);
#927=SURFACE_SIDE_STYLE('',(#926));
#928=SURFACE_STYLE_USAGE(.BOTH.,#927);
#929=PRESENTATION_STYLE_ASSIGNMENT((#928));
#930=STYLED_ITEM('',(#929),#922);
#931=ADVANCED_FACE('',(#2852),#2854,.T.);
#932=COLOUR_RGB($,1.,0.843137254901961,0.);
#933=FILL_AREA_STYLE_COLOUR($,#932);
#934=FILL_AREA_STYLE($,(#933));
#935=SURFACE_STYLE_FILL_AREA(#934);
#936=SURFACE_SIDE_STYLE('',(#935));
#937=SURFACE_STYLE_USAGE(.BOTH.,#936);
#938=PRESENTATION_STYLE_ASSIGNMENT((#937));
#939=STYLED_ITEM('',(#938),#931);
#940=ADVANCED_FACE('',(#2859),#2861,.T.);
#941=COLOUR_RGB($,1.,0.843137254901961,0.);
#942=FILL_AREA_STYLE_COLOUR($,#941);
#943=FILL_AREA_STYLE($,(#942));
#944=SURFACE_STYLE_FILL_AREA(#943);
#945=SURFACE_SIDE_STYLE('',(#944));
#946=SURFACE_STYLE_USAGE(.BOTH.,#945);
#947=PRESENTATION_STYLE_ASSIGNMENT((#946));
#948=STYLED_ITEM('',(#947),#940);
#949=ADVANCED_FACE('',(#2866),#2868,.T.);
#950=COLOUR_RGB($,1.,0.843137254901961,0.);
#951=FILL_AREA_STYLE_COLOUR($,#950);
#952=FILL_AREA_STYLE($,(#951));
#953=SURFACE_STYLE_FILL_AREA(#952);
#954=SURFACE_SIDE_STYLE('',(#953));
#955=SURFACE_STYLE_USAGE(.BOTH.,#954);
#956=PRESENTATION_STYLE_ASSIGNMENT((#955));
#957=STYLED_ITEM('',(#956),#949);
#958=ADVANCED_FACE('',(#2873),#2875,.T.);
#959=COLOUR_RGB($,1.,0.843137254901961,0.);
#960=FILL_AREA_STYLE_COLOUR($,#959);
#961=FILL_AREA_STYLE($,(#960));
#962=SURFACE_STYLE_FILL_AREA(#961);
#963=SURFACE_SIDE_STYLE('',(#962));
#964=SURFACE_STYLE_USAGE(.BOTH.,#963);
#965=PRESENTATION_STYLE_ASSIGNMENT((#964));
#966=STYLED_ITEM('',(#965),#958);
#967=ADVANCED_FACE('',(#2880),#2882,.T.);
#968=COLOUR_RGB($,1.,0.843137254901961,0.);
#969=FILL_AREA_STYLE_COLOUR($,#968);
#970=FILL_AREA_STYLE($,(#969));
#971=SURFACE_STYLE_FILL_AREA(#970);
#972=SURFACE_SIDE_STYLE('',(#971));
#973=SURFACE_STYLE_USAGE(.BOTH.,#972);
#974=PRESENTATION_STYLE_ASSIGNMENT((#973));
#975=STYLED_ITEM('',(#974),#967);
#976=ADVANCED_FACE('',(#2887),#2889,.T.);
#977=COLOUR_RGB($,1.,1.,1.);
#978=FILL_AREA_STYLE_COLOUR($,#977);
#979=FILL_AREA_STYLE($,(#978));
#980=SURFACE_STYLE_FILL_AREA(#979);
#981=SURFACE_SIDE_STYLE('',(#980));
#982=SURFACE_STYLE_USAGE(.BOTH.,#981);
#983=PRESENTATION_STYLE_ASSIGNMENT((#982));
#984=STYLED_ITEM('',(#983),#976);
#985=ADVANCED_FACE('',(#2894),#2896,.F.);
#986=COLOUR_RGB($,1.,1.,1.);
#987=FILL_AREA_STYLE_COLOUR($,#986);
#988=FILL_AREA_STYLE($,(#987));
#989=SURFACE_STYLE_FILL_AREA(#988);
#990=SURFACE_SIDE_STYLE('',(#989));
#991=SURFACE_STYLE_USAGE(.BOTH.,#990);
#992=PRESENTATION_STYLE_ASSIGNMENT((#991));
#993=STYLED_ITEM('',(#992),#985);
#994=ADVANCED_FACE('',(#2901),#2903,.T.);
#995=COLOUR_RGB($,1.,0.843137254901961,0.);
#996=FILL_AREA_STYLE_COLOUR($,#995);
#997=FILL_AREA_STYLE($,(#996));
#998=SURFACE_STYLE_FILL_AREA(#997);
#999=SURFACE_SIDE_STYLE('',(#998));
#1000=SURFACE_STYLE_USAGE(.BOTH.,#999);
#1001=PRESENTATION_STYLE_ASSIGNMENT((#1000));
#1002=STYLED_ITEM('',(#1001),#994);
#1003=ADVANCED_FACE('',(#2908),#2910,.T.);
#1004=COLOUR_RGB($,1.,0.843137254901961,0.);
#1005=FILL_AREA_STYLE_COLOUR($,#1004);
#1006=FILL_AREA_STYLE($,(#1005));
#1007=SURFACE_STYLE_FILL_AREA(#1006);
#1008=SURFACE_SIDE_STYLE('',(#1007));
#1009=SURFACE_STYLE_USAGE(.BOTH.,#1008);
#1010=PRESENTATION_STYLE_ASSIGNMENT((#1009));
#1011=STYLED_ITEM('',(#1010),#1003);
#1012=ADVANCED_FACE('',(#2915),#2917,.T.);
#1013=COLOUR_RGB($,1.,0.843137254901961,0.);
#1014=FILL_AREA_STYLE_COLOUR($,#1013);
#1015=FILL_AREA_STYLE($,(#1014));
#1016=SURFACE_STYLE_FILL_AREA(#1015);
#1017=SURFACE_SIDE_STYLE('',(#1016));
#1018=SURFACE_STYLE_USAGE(.BOTH.,#1017);
#1019=PRESENTATION_STYLE_ASSIGNMENT((#1018));
#1020=STYLED_ITEM('',(#1019),#1012);
#1021=ADVANCED_FACE('',(#2922),#2924,.T.);
#1022=COLOUR_RGB($,1.,0.843137254901961,0.);
#1023=FILL_AREA_STYLE_COLOUR($,#1022);
#1024=FILL_AREA_STYLE($,(#1023));
#1025=SURFACE_STYLE_FILL_AREA(#1024);
#1026=SURFACE_SIDE_STYLE('',(#1025));
#1027=SURFACE_STYLE_USAGE(.BOTH.,#1026);
#1028=PRESENTATION_STYLE_ASSIGNMENT((#1027));
#1029=STYLED_ITEM('',(#1028),#1021);
#1030=ADVANCED_FACE('',(#2929),#2931,.T.);
#1031=COLOUR_RGB($,1.,0.843137254901961,0.);
#1032=FILL_AREA_STYLE_COLOUR($,#1031);
#1033=FILL_AREA_STYLE($,(#1032));
#1034=SURFACE_STYLE_FILL_AREA(#1033);
#1035=SURFACE_SIDE_STYLE('',(#1034));
#1036=SURFACE_STYLE_USAGE(.BOTH.,#1035);
#1037=PRESENTATION_STYLE_ASSIGNMENT((#1036));
#1038=STYLED_ITEM('',(#1037),#1030);
#1039=ADVANCED_FACE('',(#2936),#2938,.T.);
#1040=COLOUR_RGB($,1.,0.843137254901961,0.);
#1041=FILL_AREA_STYLE_COLOUR($,#1040);
#1042=FILL_AREA_STYLE($,(#1041));
#1043=SURFACE_STYLE_FILL_AREA(#1042);
#1044=SURFACE_SIDE_STYLE('',(#1043));
#1045=SURFACE_STYLE_USAGE(.BOTH.,#1044);
#1046=PRESENTATION_STYLE_ASSIGNMENT((#1045));
#1047=STYLED_ITEM('',(#1046),#1039);
#1048=ADVANCED_FACE('',(#2943),#2945,.T.);
#1049=COLOUR_RGB($,1.,0.843137254901961,0.);
#1050=FILL_AREA_STYLE_COLOUR($,#1049);
#1051=FILL_AREA_STYLE($,(#1050));
#1052=SURFACE_STYLE_FILL_AREA(#1051);
#1053=SURFACE_SIDE_STYLE('',(#1052));
#1054=SURFACE_STYLE_USAGE(.BOTH.,#1053);
#1055=PRESENTATION_STYLE_ASSIGNMENT((#1054));
#1056=STYLED_ITEM('',(#1055),#1048);
#1057=ADVANCED_FACE('',(#2950),#2952,.T.);
#1058=COLOUR_RGB($,1.,0.843137254901961,0.);
#1059=FILL_AREA_STYLE_COLOUR($,#1058);
#1060=FILL_AREA_STYLE($,(#1059));
#1061=SURFACE_STYLE_FILL_AREA(#1060);
#1062=SURFACE_SIDE_STYLE('',(#1061));
#1063=SURFACE_STYLE_USAGE(.BOTH.,#1062);
#1064=PRESENTATION_STYLE_ASSIGNMENT((#1063));
#1065=STYLED_ITEM('',(#1064),#1057);
#1066=ADVANCED_FACE('',(#2957),#2959,.T.);
#1067=COLOUR_RGB($,1.,0.843137254901961,0.);
#1068=FILL_AREA_STYLE_COLOUR($,#1067);
#1069=FILL_AREA_STYLE($,(#1068));
#1070=SURFACE_STYLE_FILL_AREA(#1069);
#1071=SURFACE_SIDE_STYLE('',(#1070));
#1072=SURFACE_STYLE_USAGE(.BOTH.,#1071);
#1073=PRESENTATION_STYLE_ASSIGNMENT((#1072));
#1074=STYLED_ITEM('',(#1073),#1066);
#1075=ADVANCED_FACE('',(#2964),#2966,.T.);
#1076=COLOUR_RGB($,1.,0.843137254901961,0.);
#1077=FILL_AREA_STYLE_COLOUR($,#1076);
#1078=FILL_AREA_STYLE($,(#1077));
#1079=SURFACE_STYLE_FILL_AREA(#1078);
#1080=SURFACE_SIDE_STYLE('',(#1079));
#1081=SURFACE_STYLE_USAGE(.BOTH.,#1080);
#1082=PRESENTATION_STYLE_ASSIGNMENT((#1081));
#1083=STYLED_ITEM('',(#1082),#1075);
#1084=ADVANCED_FACE('',(#2971),#2973,.T.);
#1085=COLOUR_RGB($,1.,0.843137254901961,0.);
#1086=FILL_AREA_STYLE_COLOUR($,#1085);
#1087=FILL_AREA_STYLE($,(#1086));
#1088=SURFACE_STYLE_FILL_AREA(#1087);
#1089=SURFACE_SIDE_STYLE('',(#1088));
#1090=SURFACE_STYLE_USAGE(.BOTH.,#1089);
#1091=PRESENTATION_STYLE_ASSIGNMENT((#1090));
#1092=STYLED_ITEM('',(#1091),#1084);
#1093=ADVANCED_FACE('',(#2978),#2980,.T.);
#1094=COLOUR_RGB($,1.,0.843137254901961,0.);
#1095=FILL_AREA_STYLE_COLOUR($,#1094);
#1096=FILL_AREA_STYLE($,(#1095));
#1097=SURFACE_STYLE_FILL_AREA(#1096);
#1098=SURFACE_SIDE_STYLE('',(#1097));
#1099=SURFACE_STYLE_USAGE(.BOTH.,#1098);
#1100=PRESENTATION_STYLE_ASSIGNMENT((#1099));
#1101=STYLED_ITEM('',(#1100),#1093);
#1102=ADVANCED_FACE('',(#2985),#2987,.T.);
#1103=COLOUR_RGB($,1.,0.843137254901961,0.);
#1104=FILL_AREA_STYLE_COLOUR($,#1103);
#1105=FILL_AREA_STYLE($,(#1104));
#1106=SURFACE_STYLE_FILL_AREA(#1105);
#1107=SURFACE_SIDE_STYLE('',(#1106));
#1108=SURFACE_STYLE_USAGE(.BOTH.,#1107);
#1109=PRESENTATION_STYLE_ASSIGNMENT((#1108));
#1110=STYLED_ITEM('',(#1109),#1102);
#1111=ADVANCED_FACE('',(#2992),#2994,.T.);
#1112=COLOUR_RGB($,1.,0.843137254901961,0.);
#1113=FILL_AREA_STYLE_COLOUR($,#1112);
#1114=FILL_AREA_STYLE($,(#1113));
#1115=SURFACE_STYLE_FILL_AREA(#1114);
#1116=SURFACE_SIDE_STYLE('',(#1115));
#1117=SURFACE_STYLE_USAGE(.BOTH.,#1116);
#1118=PRESENTATION_STYLE_ASSIGNMENT((#1117));
#1119=STYLED_ITEM('',(#1118),#1111);
#1120=ADVANCED_FACE('',(#2999),#3001,.T.);
#1121=COLOUR_RGB($,1.,0.843137254901961,0.);
#1122=FILL_AREA_STYLE_COLOUR($,#1121);
#1123=FILL_AREA_STYLE($,(#1122));
#1124=SURFACE_STYLE_FILL_AREA(#1123);
#1125=SURFACE_SIDE_STYLE('',(#1124));
#1126=SURFACE_STYLE_USAGE(.BOTH.,#1125);
#1127=PRESENTATION_STYLE_ASSIGNMENT((#1126));
#1128=STYLED_ITEM('',(#1127),#1120);
#1129=ADVANCED_FACE('',(#3006),#3008,.T.);
#1130=COLOUR_RGB($,1.,0.843137254901961,0.);
#1131=FILL_AREA_STYLE_COLOUR($,#1130);
#1132=FILL_AREA_STYLE($,(#1131));
#1133=SURFACE_STYLE_FILL_AREA(#1132);
#1134=SURFACE_SIDE_STYLE('',(#1133));
#1135=SURFACE_STYLE_USAGE(.BOTH.,#1134);
#1136=PRESENTATION_STYLE_ASSIGNMENT((#1135));
#1137=STYLED_ITEM('',(#1136),#1129);
#1138=ADVANCED_FACE('',(#3013),#3015,.T.);
#1139=COLOUR_RGB($,1.,0.843137254901961,0.);
#1140=FILL_AREA_STYLE_COLOUR($,#1139);
#1141=FILL_AREA_STYLE($,(#1140));
#1142=SURFACE_STYLE_FILL_AREA(#1141);
#1143=SURFACE_SIDE_STYLE('',(#1142));
#1144=SURFACE_STYLE_USAGE(.BOTH.,#1143);
#1145=PRESENTATION_STYLE_ASSIGNMENT((#1144));
#1146=STYLED_ITEM('',(#1145),#1138);
#1147=ADVANCED_FACE('',(#3020),#3022,.T.);
#1148=COLOUR_RGB($,1.,0.843137254901961,0.);
#1149=FILL_AREA_STYLE_COLOUR($,#1148);
#1150=FILL_AREA_STYLE($,(#1149));
#1151=SURFACE_STYLE_FILL_AREA(#1150);
#1152=SURFACE_SIDE_STYLE('',(#1151));
#1153=SURFACE_STYLE_USAGE(.BOTH.,#1152);
#1154=PRESENTATION_STYLE_ASSIGNMENT((#1153));
#1155=STYLED_ITEM('',(#1154),#1147);
#1156=ADVANCED_FACE('',(#3027),#3029,.T.);
#1157=COLOUR_RGB($,1.,0.843137254901961,0.);
#1158=FILL_AREA_STYLE_COLOUR($,#1157);
#1159=FILL_AREA_STYLE($,(#1158));
#1160=SURFACE_STYLE_FILL_AREA(#1159);
#1161=SURFACE_SIDE_STYLE('',(#1160));
#1162=SURFACE_STYLE_USAGE(.BOTH.,#1161);
#1163=PRESENTATION_STYLE_ASSIGNMENT((#1162));
#1164=STYLED_ITEM('',(#1163),#1156);
#1165=ADVANCED_FACE('',(#3034),#3036,.T.);
#1166=COLOUR_RGB($,1.,0.843137254901961,0.);
#1167=FILL_AREA_STYLE_COLOUR($,#1166);
#1168=FILL_AREA_STYLE($,(#1167));
#1169=SURFACE_STYLE_FILL_AREA(#1168);
#1170=SURFACE_SIDE_STYLE('',(#1169));
#1171=SURFACE_STYLE_USAGE(.BOTH.,#1170);
#1172=PRESENTATION_STYLE_ASSIGNMENT((#1171));
#1173=STYLED_ITEM('',(#1172),#1165);
#1174=ADVANCED_FACE('',(#3041),#3043,.T.);
#1175=COLOUR_RGB($,1.,0.843137254901961,0.);
#1176=FILL_AREA_STYLE_COLOUR($,#1175);
#1177=FILL_AREA_STYLE($,(#1176));
#1178=SURFACE_STYLE_FILL_AREA(#1177);
#1179=SURFACE_SIDE_STYLE('',(#1178));
#1180=SURFACE_STYLE_USAGE(.BOTH.,#1179);
#1181=PRESENTATION_STYLE_ASSIGNMENT((#1180));
#1182=STYLED_ITEM('',(#1181),#1174);
#1183=ADVANCED_FACE('',(#3048),#3050,.T.);
#1184=COLOUR_RGB($,1.,0.843137254901961,0.);
#1185=FILL_AREA_STYLE_COLOUR($,#1184);
#1186=FILL_AREA_STYLE($,(#1185));
#1187=SURFACE_STYLE_FILL_AREA(#1186);
#1188=SURFACE_SIDE_STYLE('',(#1187));
#1189=SURFACE_STYLE_USAGE(.BOTH.,#1188);
#1190=PRESENTATION_STYLE_ASSIGNMENT((#1189));
#1191=STYLED_ITEM('',(#1190),#1183);
#1192=ADVANCED_FACE('',(#3055),#3057,.T.);
#1193=COLOUR_RGB($,1.,0.843137254901961,0.);
#1194=FILL_AREA_STYLE_COLOUR($,#1193);
#1195=FILL_AREA_STYLE($,(#1194));
#1196=SURFACE_STYLE_FILL_AREA(#1195);
#1197=SURFACE_SIDE_STYLE('',(#1196));
#1198=SURFACE_STYLE_USAGE(.BOTH.,#1197);
#1199=PRESENTATION_STYLE_ASSIGNMENT((#1198));
#1200=STYLED_ITEM('',(#1199),#1192);
#1201=ADVANCED_FACE('',(#3062),#3064,.T.);
#1202=COLOUR_RGB($,1.,0.843137254901961,0.);
#1203=FILL_AREA_STYLE_COLOUR($,#1202);
#1204=FILL_AREA_STYLE($,(#1203));
#1205=SURFACE_STYLE_FILL_AREA(#1204);
#1206=SURFACE_SIDE_STYLE('',(#1205));
#1207=SURFACE_STYLE_USAGE(.BOTH.,#1206);
#1208=PRESENTATION_STYLE_ASSIGNMENT((#1207));
#1209=STYLED_ITEM('',(#1208),#1201);
#1210=ADVANCED_FACE('',(#3069),#3071,.T.);
#1211=COLOUR_RGB($,1.,0.843137254901961,0.);
#1212=FILL_AREA_STYLE_COLOUR($,#1211);
#1213=FILL_AREA_STYLE($,(#1212));
#1214=SURFACE_STYLE_FILL_AREA(#1213);
#1215=SURFACE_SIDE_STYLE('',(#1214));
#1216=SURFACE_STYLE_USAGE(.BOTH.,#1215);
#1217=PRESENTATION_STYLE_ASSIGNMENT((#1216));
#1218=STYLED_ITEM('',(#1217),#1210);
#1219=ADVANCED_FACE('',(#3076),#3078,.T.);
#1220=COLOUR_RGB($,1.,0.843137254901961,0.);
#1221=FILL_AREA_STYLE_COLOUR($,#1220);
#1222=FILL_AREA_STYLE($,(#1221));
#1223=SURFACE_STYLE_FILL_AREA(#1222);
#1224=SURFACE_SIDE_STYLE('',(#1223));
#1225=SURFACE_STYLE_USAGE(.BOTH.,#1224);
#1226=PRESENTATION_STYLE_ASSIGNMENT((#1225));
#1227=STYLED_ITEM('',(#1226),#1219);
#1228=ADVANCED_FACE('',(#3083),#3085,.T.);
#1229=COLOUR_RGB($,1.,0.843137254901961,0.);
#1230=FILL_AREA_STYLE_COLOUR($,#1229);
#1231=FILL_AREA_STYLE($,(#1230));
#1232=SURFACE_STYLE_FILL_AREA(#1231);
#1233=SURFACE_SIDE_STYLE('',(#1232));
#1234=SURFACE_STYLE_USAGE(.BOTH.,#1233);
#1235=PRESENTATION_STYLE_ASSIGNMENT((#1234));
#1236=STYLED_ITEM('',(#1235),#1228);
#1237=ADVANCED_FACE('',(#3090),#3092,.T.);
#1238=COLOUR_RGB($,1.,0.843137254901961,0.);
#1239=FILL_AREA_STYLE_COLOUR($,#1238);
#1240=FILL_AREA_STYLE($,(#1239));
#1241=SURFACE_STYLE_FILL_AREA(#1240);
#1242=SURFACE_SIDE_STYLE('',(#1241));
#1243=SURFACE_STYLE_USAGE(.BOTH.,#1242);
#1244=PRESENTATION_STYLE_ASSIGNMENT((#1243));
#1245=STYLED_ITEM('',(#1244),#1237);
#1246=ADVANCED_FACE('',(#3097),#3099,.T.);
#1247=COLOUR_RGB($,1.,0.843137254901961,0.);
#1248=FILL_AREA_STYLE_COLOUR($,#1247);
#1249=FILL_AREA_STYLE($,(#1248));
#1250=SURFACE_STYLE_FILL_AREA(#1249);
#1251=SURFACE_SIDE_STYLE('',(#1250));
#1252=SURFACE_STYLE_USAGE(.BOTH.,#1251);
#1253=PRESENTATION_STYLE_ASSIGNMENT((#1252));
#1254=STYLED_ITEM('',(#1253),#1246);
#1255=ADVANCED_FACE('',(#3104),#3106,.T.);
#1256=COLOUR_RGB($,1.,0.843137254901961,0.);
#1257=FILL_AREA_STYLE_COLOUR($,#1256);
#1258=FILL_AREA_STYLE($,(#1257));
#1259=SURFACE_STYLE_FILL_AREA(#1258);
#1260=SURFACE_SIDE_STYLE('',(#1259));
#1261=SURFACE_STYLE_USAGE(.BOTH.,#1260);
#1262=PRESENTATION_STYLE_ASSIGNMENT((#1261));
#1263=STYLED_ITEM('',(#1262),#1255);
#1264=ADVANCED_FACE('',(#3111),#3113,.T.);
#1265=COLOUR_RGB($,1.,0.843137254901961,0.);
#1266=FILL_AREA_STYLE_COLOUR($,#1265);
#1267=FILL_AREA_STYLE($,(#1266));
#1268=SURFACE_STYLE_FILL_AREA(#1267);
#1269=SURFACE_SIDE_STYLE('',(#1268));
#1270=SURFACE_STYLE_USAGE(.BOTH.,#1269);
#1271=PRESENTATION_STYLE_ASSIGNMENT((#1270));
#1272=STYLED_ITEM('',(#1271),#1264);
#1273=ADVANCED_FACE('',(#3118),#3120,.T.);
#1274=COLOUR_RGB($,1.,0.843137254901961,0.);
#1275=FILL_AREA_STYLE_COLOUR($,#1274);
#1276=FILL_AREA_STYLE($,(#1275));
#1277=SURFACE_STYLE_FILL_AREA(#1276);
#1278=SURFACE_SIDE_STYLE('',(#1277));
#1279=SURFACE_STYLE_USAGE(.BOTH.,#1278);
#1280=PRESENTATION_STYLE_ASSIGNMENT((#1279));
#1281=STYLED_ITEM('',(#1280),#1273);
#1282=ADVANCED_FACE('',(#3125),#3127,.T.);
#1283=COLOUR_RGB($,1.,0.843137254901961,0.);
#1284=FILL_AREA_STYLE_COLOUR($,#1283);
#1285=FILL_AREA_STYLE($,(#1284));
#1286=SURFACE_STYLE_FILL_AREA(#1285);
#1287=SURFACE_SIDE_STYLE('',(#1286));
#1288=SURFACE_STYLE_USAGE(.BOTH.,#1287);
#1289=PRESENTATION_STYLE_ASSIGNMENT((#1288));
#1290=STYLED_ITEM('',(#1289),#1282);
#1291=ADVANCED_FACE('',(#3132),#3134,.T.);
#1292=COLOUR_RGB($,1.,0.843137254901961,0.);
#1293=FILL_AREA_STYLE_COLOUR($,#1292);
#1294=FILL_AREA_STYLE($,(#1293));
#1295=SURFACE_STYLE_FILL_AREA(#1294);
#1296=SURFACE_SIDE_STYLE('',(#1295));
#1297=SURFACE_STYLE_USAGE(.BOTH.,#1296);
#1298=PRESENTATION_STYLE_ASSIGNMENT((#1297));
#1299=STYLED_ITEM('',(#1298),#1291);
#1300=ADVANCED_FACE('',(#3139),#3141,.T.);
#1301=COLOUR_RGB($,1.,0.843137254901961,0.);
#1302=FILL_AREA_STYLE_COLOUR($,#1301);
#1303=FILL_AREA_STYLE($,(#1302));
#1304=SURFACE_STYLE_FILL_AREA(#1303);
#1305=SURFACE_SIDE_STYLE('',(#1304));
#1306=SURFACE_STYLE_USAGE(.BOTH.,#1305);
#1307=PRESENTATION_STYLE_ASSIGNMENT((#1306));
#1308=STYLED_ITEM('',(#1307),#1300);
#1309=ADVANCED_FACE('',(#3146),#3148,.T.);
#1310=COLOUR_RGB($,1.,0.843137254901961,0.);
#1311=FILL_AREA_STYLE_COLOUR($,#1310);
#1312=FILL_AREA_STYLE($,(#1311));
#1313=SURFACE_STYLE_FILL_AREA(#1312);
#1314=SURFACE_SIDE_STYLE('',(#1313));
#1315=SURFACE_STYLE_USAGE(.BOTH.,#1314);
#1316=PRESENTATION_STYLE_ASSIGNMENT((#1315));
#1317=STYLED_ITEM('',(#1316),#1309);
#1318=ADVANCED_FACE('',(#3153),#3155,.T.);
#1319=COLOUR_RGB($,1.,1.,1.);
#1320=FILL_AREA_STYLE_COLOUR($,#1319);
#1321=FILL_AREA_STYLE($,(#1320));
#1322=SURFACE_STYLE_FILL_AREA(#1321);
#1323=SURFACE_SIDE_STYLE('',(#1322));
#1324=SURFACE_STYLE_USAGE(.BOTH.,#1323);
#1325=PRESENTATION_STYLE_ASSIGNMENT((#1324));
#1326=STYLED_ITEM('',(#1325),#1318);
#1327=ADVANCED_FACE('',(#3160),#3162,.T.);
#1328=COLOUR_RGB($,1.,0.843137254901961,0.);
#1329=FILL_AREA_STYLE_COLOUR($,#1328);
#1330=FILL_AREA_STYLE($,(#1329));
#1331=SURFACE_STYLE_FILL_AREA(#1330);
#1332=SURFACE_SIDE_STYLE('',(#1331));
#1333=SURFACE_STYLE_USAGE(.BOTH.,#1332);
#1334=PRESENTATION_STYLE_ASSIGNMENT((#1333));
#1335=STYLED_ITEM('',(#1334),#1327);
#1336=ADVANCED_FACE('',(#3167),#3169,.T.);
#1337=COLOUR_RGB($,1.,0.843137254901961,0.);
#1338=FILL_AREA_STYLE_COLOUR($,#1337);
#1339=FILL_AREA_STYLE($,(#1338));
#1340=SURFACE_STYLE_FILL_AREA(#1339);
#1341=SURFACE_SIDE_STYLE('',(#1340));
#1342=SURFACE_STYLE_USAGE(.BOTH.,#1341);
#1343=PRESENTATION_STYLE_ASSIGNMENT((#1342));
#1344=STYLED_ITEM('',(#1343),#1336);
#1345=ADVANCED_FACE('',(#3174),#3176,.T.);
#1346=COLOUR_RGB($,1.,0.843137254901961,0.);
#1347=FILL_AREA_STYLE_COLOUR($,#1346);
#1348=FILL_AREA_STYLE($,(#1347));
#1349=SURFACE_STYLE_FILL_AREA(#1348);
#1350=SURFACE_SIDE_STYLE('',(#1349));
#1351=SURFACE_STYLE_USAGE(.BOTH.,#1350);
#1352=PRESENTATION_STYLE_ASSIGNMENT((#1351));
#1353=STYLED_ITEM('',(#1352),#1345);
#1354=ADVANCED_FACE('',(#3181),#3183,.T.);
#1355=COLOUR_RGB($,1.,0.843137254901961,0.);
#1356=FILL_AREA_STYLE_COLOUR($,#1355);
#1357=FILL_AREA_STYLE($,(#1356));
#1358=SURFACE_STYLE_FILL_AREA(#1357);
#1359=SURFACE_SIDE_STYLE('',(#1358));
#1360=SURFACE_STYLE_USAGE(.BOTH.,#1359);
#1361=PRESENTATION_STYLE_ASSIGNMENT((#1360));
#1362=STYLED_ITEM('',(#1361),#1354);
#1363=ADVANCED_FACE('',(#3188),#3190,.T.);
#1364=COLOUR_RGB($,1.,0.843137254901961,0.);
#1365=FILL_AREA_STYLE_COLOUR($,#1364);
#1366=FILL_AREA_STYLE($,(#1365));
#1367=SURFACE_STYLE_FILL_AREA(#1366);
#1368=SURFACE_SIDE_STYLE('',(#1367));
#1369=SURFACE_STYLE_USAGE(.BOTH.,#1368);
#1370=PRESENTATION_STYLE_ASSIGNMENT((#1369));
#1371=STYLED_ITEM('',(#1370),#1363);
#1372=ADVANCED_FACE('',(#3195),#3197,.T.);
#1373=COLOUR_RGB($,1.,0.843137254901961,0.);
#1374=FILL_AREA_STYLE_COLOUR($,#1373);
#1375=FILL_AREA_STYLE($,(#1374));
#1376=SURFACE_STYLE_FILL_AREA(#1375);
#1377=SURFACE_SIDE_STYLE('',(#1376));
#1378=SURFACE_STYLE_USAGE(.BOTH.,#1377);
#1379=PRESENTATION_STYLE_ASSIGNMENT((#1378));
#1380=STYLED_ITEM('',(#1379),#1372);
#1381=ADVANCED_FACE('',(#3202),#3204,.T.);
#1382=COLOUR_RGB($,1.,0.843137254901961,0.);
#1383=FILL_AREA_STYLE_COLOUR($,#1382);
#1384=FILL_AREA_STYLE($,(#1383));
#1385=SURFACE_STYLE_FILL_AREA(#1384);
#1386=SURFACE_SIDE_STYLE('',(#1385));
#1387=SURFACE_STYLE_USAGE(.BOTH.,#1386);
#1388=PRESENTATION_STYLE_ASSIGNMENT((#1387));
#1389=STYLED_ITEM('',(#1388),#1381);
#1390=ADVANCED_FACE('',(#3209),#3211,.T.);
#1391=COLOUR_RGB($,1.,0.843137254901961,0.);
#1392=FILL_AREA_STYLE_COLOUR($,#1391);
#1393=FILL_AREA_STYLE($,(#1392));
#1394=SURFACE_STYLE_FILL_AREA(#1393);
#1395=SURFACE_SIDE_STYLE('',(#1394));
#1396=SURFACE_STYLE_USAGE(.BOTH.,#1395);
#1397=PRESENTATION_STYLE_ASSIGNMENT((#1396));
#1398=STYLED_ITEM('',(#1397),#1390);
#1399=ADVANCED_FACE('',(#3216),#3218,.T.);
#1400=COLOUR_RGB($,1.,0.843137254901961,0.);
#1401=FILL_AREA_STYLE_COLOUR($,#1400);
#1402=FILL_AREA_STYLE($,(#1401));
#1403=SURFACE_STYLE_FILL_AREA(#1402);
#1404=SURFACE_SIDE_STYLE('',(#1403));
#1405=SURFACE_STYLE_USAGE(.BOTH.,#1404);
#1406=PRESENTATION_STYLE_ASSIGNMENT((#1405));
#1407=STYLED_ITEM('',(#1406),#1399);
#1408=ADVANCED_FACE('',(#3223),#3225,.T.);
#1409=COLOUR_RGB($,1.,0.843137254901961,0.);
#1410=FILL_AREA_STYLE_COLOUR($,#1409);
#1411=FILL_AREA_STYLE($,(#1410));
#1412=SURFACE_STYLE_FILL_AREA(#1411);
#1413=SURFACE_SIDE_STYLE('',(#1412));
#1414=SURFACE_STYLE_USAGE(.BOTH.,#1413);
#1415=PRESENTATION_STYLE_ASSIGNMENT((#1414));
#1416=STYLED_ITEM('',(#1415),#1408);
#1417=ADVANCED_FACE('',(#3230),#3232,.T.);
#1418=COLOUR_RGB($,1.,0.843137254901961,0.);
#1419=FILL_AREA_STYLE_COLOUR($,#1418);
#1420=FILL_AREA_STYLE($,(#1419));
#1421=SURFACE_STYLE_FILL_AREA(#1420);
#1422=SURFACE_SIDE_STYLE('',(#1421));
#1423=SURFACE_STYLE_USAGE(.BOTH.,#1422);
#1424=PRESENTATION_STYLE_ASSIGNMENT((#1423));
#1425=STYLED_ITEM('',(#1424),#1417);
#1426=ADVANCED_FACE('',(#3237),#3239,.T.);
#1427=COLOUR_RGB($,1.,0.843137254901961,0.);
#1428=FILL_AREA_STYLE_COLOUR($,#1427);
#1429=FILL_AREA_STYLE($,(#1428));
#1430=SURFACE_STYLE_FILL_AREA(#1429);
#1431=SURFACE_SIDE_STYLE('',(#1430));
#1432=SURFACE_STYLE_USAGE(.BOTH.,#1431);
#1433=PRESENTATION_STYLE_ASSIGNMENT((#1432));
#1434=STYLED_ITEM('',(#1433),#1426);
#1435=ADVANCED_FACE('',(#3244),#3246,.T.);
#1436=COLOUR_RGB($,1.,0.843137254901961,0.);
#1437=FILL_AREA_STYLE_COLOUR($,#1436);
#1438=FILL_AREA_STYLE($,(#1437));
#1439=SURFACE_STYLE_FILL_AREA(#1438);
#1440=SURFACE_SIDE_STYLE('',(#1439));
#1441=SURFACE_STYLE_USAGE(.BOTH.,#1440);
#1442=PRESENTATION_STYLE_ASSIGNMENT((#1441));
#1443=STYLED_ITEM('',(#1442),#1435);
#1444=ADVANCED_FACE('',(#3251),#3253,.T.);
#1445=COLOUR_RGB($,1.,0.843137254901961,0.);
#1446=FILL_AREA_STYLE_COLOUR($,#1445);
#1447=FILL_AREA_STYLE($,(#1446));
#1448=SURFACE_STYLE_FILL_AREA(#1447);
#1449=SURFACE_SIDE_STYLE('',(#1448));
#1450=SURFACE_STYLE_USAGE(.BOTH.,#1449);
#1451=PRESENTATION_STYLE_ASSIGNMENT((#1450));
#1452=STYLED_ITEM('',(#1451),#1444);
#1453=ADVANCED_FACE('',(#3258),#3260,.T.);
#1454=COLOUR_RGB($,1.,0.843137254901961,0.);
#1455=FILL_AREA_STYLE_COLOUR($,#1454);
#1456=FILL_AREA_STYLE($,(#1455));
#1457=SURFACE_STYLE_FILL_AREA(#1456);
#1458=SURFACE_SIDE_STYLE('',(#1457));
#1459=SURFACE_STYLE_USAGE(.BOTH.,#1458);
#1460=PRESENTATION_STYLE_ASSIGNMENT((#1459));
#1461=STYLED_ITEM('',(#1460),#1453);
#1462=ADVANCED_FACE('',(#3265),#3267,.T.);
#1463=COLOUR_RGB($,1.,0.843137254901961,0.);
#1464=FILL_AREA_STYLE_COLOUR($,#1463);
#1465=FILL_AREA_STYLE($,(#1464));
#1466=SURFACE_STYLE_FILL_AREA(#1465);
#1467=SURFACE_SIDE_STYLE('',(#1466));
#1468=SURFACE_STYLE_USAGE(.BOTH.,#1467);
#1469=PRESENTATION_STYLE_ASSIGNMENT((#1468));
#1470=STYLED_ITEM('',(#1469),#1462);
#1471=ADVANCED_FACE('',(#3272),#3274,.T.);
#1472=COLOUR_RGB($,1.,0.843137254901961,0.);
#1473=FILL_AREA_STYLE_COLOUR($,#1472);
#1474=FILL_AREA_STYLE($,(#1473));
#1475=SURFACE_STYLE_FILL_AREA(#1474);
#1476=SURFACE_SIDE_STYLE('',(#1475));
#1477=SURFACE_STYLE_USAGE(.BOTH.,#1476);
#1478=PRESENTATION_STYLE_ASSIGNMENT((#1477));
#1479=STYLED_ITEM('',(#1478),#1471);
#1480=ADVANCED_FACE('',(#3279),#3281,.T.);
#1481=COLOUR_RGB($,1.,0.843137254901961,0.);
#1482=FILL_AREA_STYLE_COLOUR($,#1481);
#1483=FILL_AREA_STYLE($,(#1482));
#1484=SURFACE_STYLE_FILL_AREA(#1483);
#1485=SURFACE_SIDE_STYLE('',(#1484));
#1486=SURFACE_STYLE_USAGE(.BOTH.,#1485);
#1487=PRESENTATION_STYLE_ASSIGNMENT((#1486));
#1488=STYLED_ITEM('',(#1487),#1480);
#1489=ADVANCED_FACE('',(#3286),#3288,.T.);
#1490=COLOUR_RGB($,1.,0.843137254901961,0.);
#1491=FILL_AREA_STYLE_COLOUR($,#1490);
#1492=FILL_AREA_STYLE($,(#1491));
#1493=SURFACE_STYLE_FILL_AREA(#1492);
#1494=SURFACE_SIDE_STYLE('',(#1493));
#1495=SURFACE_STYLE_USAGE(.BOTH.,#1494);
#1496=PRESENTATION_STYLE_ASSIGNMENT((#1495));
#1497=STYLED_ITEM('',(#1496),#1489);
#1498=ADVANCED_FACE('',(#3293),#3295,.T.);
#1499=COLOUR_RGB($,1.,0.843137254901961,0.);
#1500=FILL_AREA_STYLE_COLOUR($,#1499);
#1501=FILL_AREA_STYLE($,(#1500));
#1502=SURFACE_STYLE_FILL_AREA(#1501);
#1503=SURFACE_SIDE_STYLE('',(#1502));
#1504=SURFACE_STYLE_USAGE(.BOTH.,#1503);
#1505=PRESENTATION_STYLE_ASSIGNMENT((#1504));
#1506=STYLED_ITEM('',(#1505),#1498);
#1507=ADVANCED_FACE('',(#3300),#3302,.T.);
#1508=COLOUR_RGB($,1.,0.843137254901961,0.);
#1509=FILL_AREA_STYLE_COLOUR($,#1508);
#1510=FILL_AREA_STYLE($,(#1509));
#1511=SURFACE_STYLE_FILL_AREA(#1510);
#1512=SURFACE_SIDE_STYLE('',(#1511));
#1513=SURFACE_STYLE_USAGE(.BOTH.,#1512);
#1514=PRESENTATION_STYLE_ASSIGNMENT((#1513));
#1515=STYLED_ITEM('',(#1514),#1507);
#1516=ADVANCED_FACE('',(#3307),#3309,.T.);
#1517=COLOUR_RGB($,1.,0.843137254901961,0.);
#1518=FILL_AREA_STYLE_COLOUR($,#1517);
#1519=FILL_AREA_STYLE($,(#1518));
#1520=SURFACE_STYLE_FILL_AREA(#1519);
#1521=SURFACE_SIDE_STYLE('',(#1520));
#1522=SURFACE_STYLE_USAGE(.BOTH.,#1521);
#1523=PRESENTATION_STYLE_ASSIGNMENT((#1522));
#1524=STYLED_ITEM('',(#1523),#1516);
#1525=ADVANCED_FACE('',(#3314),#3316,.T.);
#1526=COLOUR_RGB($,1.,0.843137254901961,0.);
#1527=FILL_AREA_STYLE_COLOUR($,#1526);
#1528=FILL_AREA_STYLE($,(#1527));
#1529=SURFACE_STYLE_FILL_AREA(#1528);
#1530=SURFACE_SIDE_STYLE('',(#1529));
#1531=SURFACE_STYLE_USAGE(.BOTH.,#1530);
#1532=PRESENTATION_STYLE_ASSIGNMENT((#1531));
#1533=STYLED_ITEM('',(#1532),#1525);
#1534=ADVANCED_FACE('',(#3321),#3323,.T.);
#1535=COLOUR_RGB($,1.,0.843137254901961,0.);
#1536=FILL_AREA_STYLE_COLOUR($,#1535);
#1537=FILL_AREA_STYLE($,(#1536));
#1538=SURFACE_STYLE_FILL_AREA(#1537);
#1539=SURFACE_SIDE_STYLE('',(#1538));
#1540=SURFACE_STYLE_USAGE(.BOTH.,#1539);
#1541=PRESENTATION_STYLE_ASSIGNMENT((#1540));
#1542=STYLED_ITEM('',(#1541),#1534);
#1543=ADVANCED_FACE('',(#3328),#3330,.T.);
#1544=COLOUR_RGB($,1.,0.843137254901961,0.);
#1545=FILL_AREA_STYLE_COLOUR($,#1544);
#1546=FILL_AREA_STYLE($,(#1545));
#1547=SURFACE_STYLE_FILL_AREA(#1546);
#1548=SURFACE_SIDE_STYLE('',(#1547));
#1549=SURFACE_STYLE_USAGE(.BOTH.,#1548);
#1550=PRESENTATION_STYLE_ASSIGNMENT((#1549));
#1551=STYLED_ITEM('',(#1550),#1543);
#1552=ADVANCED_FACE('',(#3335),#3337,.T.);
#1553=COLOUR_RGB($,1.,0.843137254901961,0.);
#1554=FILL_AREA_STYLE_COLOUR($,#1553);
#1555=FILL_AREA_STYLE($,(#1554));
#1556=SURFACE_STYLE_FILL_AREA(#1555);
#1557=SURFACE_SIDE_STYLE('',(#1556));
#1558=SURFACE_STYLE_USAGE(.BOTH.,#1557);
#1559=PRESENTATION_STYLE_ASSIGNMENT((#1558));
#1560=STYLED_ITEM('',(#1559),#1552);
#1561=ADVANCED_FACE('',(#3342),#3344,.T.);
#1562=COLOUR_RGB($,1.,0.843137254901961,0.);
#1563=FILL_AREA_STYLE_COLOUR($,#1562);
#1564=FILL_AREA_STYLE($,(#1563));
#1565=SURFACE_STYLE_FILL_AREA(#1564);
#1566=SURFACE_SIDE_STYLE('',(#1565));
#1567=SURFACE_STYLE_USAGE(.BOTH.,#1566);
#1568=PRESENTATION_STYLE_ASSIGNMENT((#1567));
#1569=STYLED_ITEM('',(#1568),#1561);
#1570=ADVANCED_FACE('',(#3349),#3351,.T.);
#1571=COLOUR_RGB($,1.,0.843137254901961,0.);
#1572=FILL_AREA_STYLE_COLOUR($,#1571);
#1573=FILL_AREA_STYLE($,(#1572));
#1574=SURFACE_STYLE_FILL_AREA(#1573);
#1575=SURFACE_SIDE_STYLE('',(#1574));
#1576=SURFACE_STYLE_USAGE(.BOTH.,#1575);
#1577=PRESENTATION_STYLE_ASSIGNMENT((#1576));
#1578=STYLED_ITEM('',(#1577),#1570);
#1579=ADVANCED_FACE('',(#3356),#3358,.T.);
#1580=COLOUR_RGB($,1.,0.843137254901961,0.);
#1581=FILL_AREA_STYLE_COLOUR($,#1580);
#1582=FILL_AREA_STYLE($,(#1581));
#1583=SURFACE_STYLE_FILL_AREA(#1582);
#1584=SURFACE_SIDE_STYLE('',(#1583));
#1585=SURFACE_STYLE_USAGE(.BOTH.,#1584);
#1586=PRESENTATION_STYLE_ASSIGNMENT((#1585));
#1587=STYLED_ITEM('',(#1586),#1579);
#1588=ADVANCED_FACE('',(#3363),#3365,.T.);
#1589=COLOUR_RGB($,1.,0.843137254901961,0.);
#1590=FILL_AREA_STYLE_COLOUR($,#1589);
#1591=FILL_AREA_STYLE($,(#1590));
#1592=SURFACE_STYLE_FILL_AREA(#1591);
#1593=SURFACE_SIDE_STYLE('',(#1592));
#1594=SURFACE_STYLE_USAGE(.BOTH.,#1593);
#1595=PRESENTATION_STYLE_ASSIGNMENT((#1594));
#1596=STYLED_ITEM('',(#1595),#1588);
#1597=ADVANCED_FACE('',(#3370),#3372,.T.);
#1598=COLOUR_RGB($,1.,0.843137254901961,0.);
#1599=FILL_AREA_STYLE_COLOUR($,#1598);
#1600=FILL_AREA_STYLE($,(#1599));
#1601=SURFACE_STYLE_FILL_AREA(#1600);
#1602=SURFACE_SIDE_STYLE('',(#1601));
#1603=SURFACE_STYLE_USAGE(.BOTH.,#1602);
#1604=PRESENTATION_STYLE_ASSIGNMENT((#1603));
#1605=STYLED_ITEM('',(#1604),#1597);
#1606=ADVANCED_FACE('',(#3377),#3379,.T.);
#1607=COLOUR_RGB($,1.,0.843137254901961,0.);
#1608=FILL_AREA_STYLE_COLOUR($,#1607);
#1609=FILL_AREA_STYLE($,(#1608));
#1610=SURFACE_STYLE_FILL_AREA(#1609);
#1611=SURFACE_SIDE_STYLE('',(#1610));
#1612=SURFACE_STYLE_USAGE(.BOTH.,#1611);
#1613=PRESENTATION_STYLE_ASSIGNMENT((#1612));
#1614=STYLED_ITEM('',(#1613),#1606);
#1615=ADVANCED_FACE('',(#3384),#3386,.T.);
#1616=COLOUR_RGB($,1.,0.843137254901961,0.);
#1617=FILL_AREA_STYLE_COLOUR($,#1616);
#1618=FILL_AREA_STYLE($,(#1617));
#1619=SURFACE_STYLE_FILL_AREA(#1618);
#1620=SURFACE_SIDE_STYLE('',(#1619));
#1621=SURFACE_STYLE_USAGE(.BOTH.,#1620);
#1622=PRESENTATION_STYLE_ASSIGNMENT((#1621));
#1623=STYLED_ITEM('',(#1622),#1615);
#1624=ADVANCED_FACE('',(#3391),#3393,.T.);
#1625=COLOUR_RGB($,1.,0.843137254901961,0.);
#1626=FILL_AREA_STYLE_COLOUR($,#1625);
#1627=FILL_AREA_STYLE($,(#1626));
#1628=SURFACE_STYLE_FILL_AREA(#1627);
#1629=SURFACE_SIDE_STYLE('',(#1628));
#1630=SURFACE_STYLE_USAGE(.BOTH.,#1629);
#1631=PRESENTATION_STYLE_ASSIGNMENT((#1630));
#1632=STYLED_ITEM('',(#1631),#1624);
#1633=ADVANCED_FACE('',(#3398),#3400,.T.);
#1634=COLOUR_RGB($,1.,0.843137254901961,0.);
#1635=FILL_AREA_STYLE_COLOUR($,#1634);
#1636=FILL_AREA_STYLE($,(#1635));
#1637=SURFACE_STYLE_FILL_AREA(#1636);
#1638=SURFACE_SIDE_STYLE('',(#1637));
#1639=SURFACE_STYLE_USAGE(.BOTH.,#1638);
#1640=PRESENTATION_STYLE_ASSIGNMENT((#1639));
#1641=STYLED_ITEM('',(#1640),#1633);
#1642=ADVANCED_FACE('',(#3405),#3407,.T.);
#1643=COLOUR_RGB($,1.,0.843137254901961,0.);
#1644=FILL_AREA_STYLE_COLOUR($,#1643);
#1645=FILL_AREA_STYLE($,(#1644));
#1646=SURFACE_STYLE_FILL_AREA(#1645);
#1647=SURFACE_SIDE_STYLE('',(#1646));
#1648=SURFACE_STYLE_USAGE(.BOTH.,#1647);
#1649=PRESENTATION_STYLE_ASSIGNMENT((#1648));
#1650=STYLED_ITEM('',(#1649),#1642);
#1651=ADVANCED_FACE('',(#3412),#3414,.F.);
#1652=COLOUR_RGB($,1.,0.843137254901961,0.);
#1653=FILL_AREA_STYLE_COLOUR($,#1652);
#1654=FILL_AREA_STYLE($,(#1653));
#1655=SURFACE_STYLE_FILL_AREA(#1654);
#1656=SURFACE_SIDE_STYLE('',(#1655));
#1657=SURFACE_STYLE_USAGE(.BOTH.,#1656);
#1658=PRESENTATION_STYLE_ASSIGNMENT((#1657));
#1659=STYLED_ITEM('',(#1658),#1651);
#1660=ADVANCED_FACE('',(#3419),#3421,.F.);
#1661=COLOUR_RGB($,1.,0.843137254901961,0.);
#1662=FILL_AREA_STYLE_COLOUR($,#1661);
#1663=FILL_AREA_STYLE($,(#1662));
#1664=SURFACE_STYLE_FILL_AREA(#1663);
#1665=SURFACE_SIDE_STYLE('',(#1664));
#1666=SURFACE_STYLE_USAGE(.BOTH.,#1665);
#1667=PRESENTATION_STYLE_ASSIGNMENT((#1666));
#1668=STYLED_ITEM('',(#1667),#1660);
#1669=ADVANCED_FACE('',(#3426),#3428,.F.);
#1670=COLOUR_RGB($,1.,0.843137254901961,0.);
#1671=FILL_AREA_STYLE_COLOUR($,#1670);
#1672=FILL_AREA_STYLE($,(#1671));
#1673=SURFACE_STYLE_FILL_AREA(#1672);
#1674=SURFACE_SIDE_STYLE('',(#1673));
#1675=SURFACE_STYLE_USAGE(.BOTH.,#1674);
#1676=PRESENTATION_STYLE_ASSIGNMENT((#1675));
#1677=STYLED_ITEM('',(#1676),#1669);
#1678=ADVANCED_FACE('',(#3433),#3435,.F.);
#1679=COLOUR_RGB($,1.,0.843137254901961,0.);
#1680=FILL_AREA_STYLE_COLOUR($,#1679);
#1681=FILL_AREA_STYLE($,(#1680));
#1682=SURFACE_STYLE_FILL_AREA(#1681);
#1683=SURFACE_SIDE_STYLE('',(#1682));
#1684=SURFACE_STYLE_USAGE(.BOTH.,#1683);
#1685=PRESENTATION_STYLE_ASSIGNMENT((#1684));
#1686=STYLED_ITEM('',(#1685),#1678);
#1687=ADVANCED_FACE('',(#3440),#3442,.F.);
#1688=COLOUR_RGB($,1.,0.843137254901961,0.);
#1689=FILL_AREA_STYLE_COLOUR($,#1688);
#1690=FILL_AREA_STYLE($,(#1689));
#1691=SURFACE_STYLE_FILL_AREA(#1690);
#1692=SURFACE_SIDE_STYLE('',(#1691));
#1693=SURFACE_STYLE_USAGE(.BOTH.,#1692);
#1694=PRESENTATION_STYLE_ASSIGNMENT((#1693));
#1695=STYLED_ITEM('',(#1694),#1687);
#1696=ADVANCED_FACE('',(#3447),#3449,.F.);
#1697=COLOUR_RGB($,1.,0.843137254901961,0.);
#1698=FILL_AREA_STYLE_COLOUR($,#1697);
#1699=FILL_AREA_STYLE($,(#1698));
#1700=SURFACE_STYLE_FILL_AREA(#1699);
#1701=SURFACE_SIDE_STYLE('',(#1700));
#1702=SURFACE_STYLE_USAGE(.BOTH.,#1701);
#1703=PRESENTATION_STYLE_ASSIGNMENT((#1702));
#1704=STYLED_ITEM('',(#1703),#1696);
#1705=ADVANCED_FACE('',(#3454),#3456,.F.);
#1706=COLOUR_RGB($,1.,0.843137254901961,0.);
#1707=FILL_AREA_STYLE_COLOUR($,#1706);
#1708=FILL_AREA_STYLE($,(#1707));
#1709=SURFACE_STYLE_FILL_AREA(#1708);
#1710=SURFACE_SIDE_STYLE('',(#1709));
#1711=SURFACE_STYLE_USAGE(.BOTH.,#1710);
#1712=PRESENTATION_STYLE_ASSIGNMENT((#1711));
#1713=STYLED_ITEM('',(#1712),#1705);
#1714=ADVANCED_FACE('',(#3461),#3463,.F.);
#1715=COLOUR_RGB($,1.,0.843137254901961,0.);
#1716=FILL_AREA_STYLE_COLOUR($,#1715);
#1717=FILL_AREA_STYLE($,(#1716));
#1718=SURFACE_STYLE_FILL_AREA(#1717);
#1719=SURFACE_SIDE_STYLE('',(#1718));
#1720=SURFACE_STYLE_USAGE(.BOTH.,#1719);
#1721=PRESENTATION_STYLE_ASSIGNMENT((#1720));
#1722=STYLED_ITEM('',(#1721),#1714);
#1723=ADVANCED_FACE('',(#3468),#3470,.F.);
#1724=COLOUR_RGB($,1.,0.843137254901961,0.);
#1725=FILL_AREA_STYLE_COLOUR($,#1724);
#1726=FILL_AREA_STYLE($,(#1725));
#1727=SURFACE_STYLE_FILL_AREA(#1726);
#1728=SURFACE_SIDE_STYLE('',(#1727));
#1729=SURFACE_STYLE_USAGE(.BOTH.,#1728);
#1730=PRESENTATION_STYLE_ASSIGNMENT((#1729));
#1731=STYLED_ITEM('',(#1730),#1723);
#1732=ADVANCED_FACE('',(#3475),#3477,.F.);
#1733=COLOUR_RGB($,1.,0.843137254901961,0.);
#1734=FILL_AREA_STYLE_COLOUR($,#1733);
#1735=FILL_AREA_STYLE($,(#1734));
#1736=SURFACE_STYLE_FILL_AREA(#1735);
#1737=SURFACE_SIDE_STYLE('',(#1736));
#1738=SURFACE_STYLE_USAGE(.BOTH.,#1737);
#1739=PRESENTATION_STYLE_ASSIGNMENT((#1738));
#1740=STYLED_ITEM('',(#1739),#1732);
#1741=ADVANCED_FACE('',(#3482),#3484,.F.);
#1742=COLOUR_RGB($,1.,0.843137254901961,0.);
#1743=FILL_AREA_STYLE_COLOUR($,#1742);
#1744=FILL_AREA_STYLE($,(#1743));
#1745=SURFACE_STYLE_FILL_AREA(#1744);
#1746=SURFACE_SIDE_STYLE('',(#1745));
#1747=SURFACE_STYLE_USAGE(.BOTH.,#1746);
#1748=PRESENTATION_STYLE_ASSIGNMENT((#1747));
#1749=STYLED_ITEM('',(#1748),#1741);
#1750=ADVANCED_FACE('',(#3489),#3491,.F.);
#1751=COLOUR_RGB($,1.,0.843137254901961,0.);
#1752=FILL_AREA_STYLE_COLOUR($,#1751);
#1753=FILL_AREA_STYLE($,(#1752));
#1754=SURFACE_STYLE_FILL_AREA(#1753);
#1755=SURFACE_SIDE_STYLE('',(#1754));
#1756=SURFACE_STYLE_USAGE(.BOTH.,#1755);
#1757=PRESENTATION_STYLE_ASSIGNMENT((#1756));
#1758=STYLED_ITEM('',(#1757),#1750);
#1759=ADVANCED_FACE('',(#3496),#3498,.F.);
#1760=COLOUR_RGB($,1.,0.843137254901961,0.);
#1761=FILL_AREA_STYLE_COLOUR($,#1760);
#1762=FILL_AREA_STYLE($,(#1761));
#1763=SURFACE_STYLE_FILL_AREA(#1762);
#1764=SURFACE_SIDE_STYLE('',(#1763));
#1765=SURFACE_STYLE_USAGE(.BOTH.,#1764);
#1766=PRESENTATION_STYLE_ASSIGNMENT((#1765));
#1767=STYLED_ITEM('',(#1766),#1759);
#1768=ADVANCED_FACE('',(#3503),#3505,.F.);
#1769=COLOUR_RGB($,1.,0.843137254901961,0.);
#1770=FILL_AREA_STYLE_COLOUR($,#1769);
#1771=FILL_AREA_STYLE($,(#1770));
#1772=SURFACE_STYLE_FILL_AREA(#1771);
#1773=SURFACE_SIDE_STYLE('',(#1772));
#1774=SURFACE_STYLE_USAGE(.BOTH.,#1773);
#1775=PRESENTATION_STYLE_ASSIGNMENT((#1774));
#1776=STYLED_ITEM('',(#1775),#1768);
#1777=ADVANCED_FACE('',(#3510),#3512,.F.);
#1778=COLOUR_RGB($,1.,0.843137254901961,0.);
#1779=FILL_AREA_STYLE_COLOUR($,#1778);
#1780=FILL_AREA_STYLE($,(#1779));
#1781=SURFACE_STYLE_FILL_AREA(#1780);
#1782=SURFACE_SIDE_STYLE('',(#1781));
#1783=SURFACE_STYLE_USAGE(.BOTH.,#1782);
#1784=PRESENTATION_STYLE_ASSIGNMENT((#1783));
#1785=STYLED_ITEM('',(#1784),#1777);
#1786=ADVANCED_FACE('',(#3517),#3519,.F.);
#1787=COLOUR_RGB($,1.,0.843137254901961,0.);
#1788=FILL_AREA_STYLE_COLOUR($,#1787);
#1789=FILL_AREA_STYLE($,(#1788));
#1790=SURFACE_STYLE_FILL_AREA(#1789);
#1791=SURFACE_SIDE_STYLE('',(#1790));
#1792=SURFACE_STYLE_USAGE(.BOTH.,#1791);
#1793=PRESENTATION_STYLE_ASSIGNMENT((#1792));
#1794=STYLED_ITEM('',(#1793),#1786);
#1795=ADVANCED_FACE('',(#3524),#3526,.F.);
#1796=COLOUR_RGB($,1.,0.843137254901961,0.);
#1797=FILL_AREA_STYLE_COLOUR($,#1796);
#1798=FILL_AREA_STYLE($,(#1797));
#1799=SURFACE_STYLE_FILL_AREA(#1798);
#1800=SURFACE_SIDE_STYLE('',(#1799));
#1801=SURFACE_STYLE_USAGE(.BOTH.,#1800);
#1802=PRESENTATION_STYLE_ASSIGNMENT((#1801));
#1803=STYLED_ITEM('',(#1802),#1795);
#1804=ADVANCED_FACE('',(#3531),#3533,.F.);
#1805=COLOUR_RGB($,1.,0.843137254901961,0.);
#1806=FILL_AREA_STYLE_COLOUR($,#1805);
#1807=FILL_AREA_STYLE($,(#1806));
#1808=SURFACE_STYLE_FILL_AREA(#1807);
#1809=SURFACE_SIDE_STYLE('',(#1808));
#1810=SURFACE_STYLE_USAGE(.BOTH.,#1809);
#1811=PRESENTATION_STYLE_ASSIGNMENT((#1810));
#1812=STYLED_ITEM('',(#1811),#1804);
#1813=ADVANCED_FACE('',(#3538),#3540,.F.);
#1814=COLOUR_RGB($,1.,0.843137254901961,0.);
#1815=FILL_AREA_STYLE_COLOUR($,#1814);
#1816=FILL_AREA_STYLE($,(#1815));
#1817=SURFACE_STYLE_FILL_AREA(#1816);
#1818=SURFACE_SIDE_STYLE('',(#1817));
#1819=SURFACE_STYLE_USAGE(.BOTH.,#1818);
#1820=PRESENTATION_STYLE_ASSIGNMENT((#1819));
#1821=STYLED_ITEM('',(#1820),#1813);
#1822=ADVANCED_FACE('',(#3545),#3547,.F.);
#1823=COLOUR_RGB($,1.,0.843137254901961,0.);
#1824=FILL_AREA_STYLE_COLOUR($,#1823);
#1825=FILL_AREA_STYLE($,(#1824));
#1826=SURFACE_STYLE_FILL_AREA(#1825);
#1827=SURFACE_SIDE_STYLE('',(#1826));
#1828=SURFACE_STYLE_USAGE(.BOTH.,#1827);
#1829=PRESENTATION_STYLE_ASSIGNMENT((#1828));
#1830=STYLED_ITEM('',(#1829),#1822);
#1831=ADVANCED_FACE('',(#3552),#3554,.F.);
#1832=COLOUR_RGB($,1.,0.843137254901961,0.);
#1833=FILL_AREA_STYLE_COLOUR($,#1832);
#1834=FILL_AREA_STYLE($,(#1833));
#1835=SURFACE_STYLE_FILL_AREA(#1834);
#1836=SURFACE_SIDE_STYLE('',(#1835));
#1837=SURFACE_STYLE_USAGE(.BOTH.,#1836);
#1838=PRESENTATION_STYLE_ASSIGNMENT((#1837));
#1839=STYLED_ITEM('',(#1838),#1831);
#1840=ADVANCED_FACE('',(#3559),#3561,.F.);
#1841=COLOUR_RGB($,1.,0.843137254901961,0.);
#1842=FILL_AREA_STYLE_COLOUR($,#1841);
#1843=FILL_AREA_STYLE($,(#1842));
#1844=SURFACE_STYLE_FILL_AREA(#1843);
#1845=SURFACE_SIDE_STYLE('',(#1844));
#1846=SURFACE_STYLE_USAGE(.BOTH.,#1845);
#1847=PRESENTATION_STYLE_ASSIGNMENT((#1846));
#1848=STYLED_ITEM('',(#1847),#1840);
#1849=ADVANCED_FACE('',(#3566),#3568,.F.);
#1850=COLOUR_RGB($,1.,0.843137254901961,0.);
#1851=FILL_AREA_STYLE_COLOUR($,#1850);
#1852=FILL_AREA_STYLE($,(#1851));
#1853=SURFACE_STYLE_FILL_AREA(#1852);
#1854=SURFACE_SIDE_STYLE('',(#1853));
#1855=SURFACE_STYLE_USAGE(.BOTH.,#1854);
#1856=PRESENTATION_STYLE_ASSIGNMENT((#1855));
#1857=STYLED_ITEM('',(#1856),#1849);
#1858=ADVANCED_FACE('',(#3573),#3575,.F.);
#1859=COLOUR_RGB($,1.,0.843137254901961,0.);
#1860=FILL_AREA_STYLE_COLOUR($,#1859);
#1861=FILL_AREA_STYLE($,(#1860));
#1862=SURFACE_STYLE_FILL_AREA(#1861);
#1863=SURFACE_SIDE_STYLE('',(#1862));
#1864=SURFACE_STYLE_USAGE(.BOTH.,#1863);
#1865=PRESENTATION_STYLE_ASSIGNMENT((#1864));
#1866=STYLED_ITEM('',(#1865),#1858);
#1867=ADVANCED_FACE('',(#3580),#3582,.F.);
#1868=COLOUR_RGB($,1.,0.843137254901961,0.);
#1869=FILL_AREA_STYLE_COLOUR($,#1868);
#1870=FILL_AREA_STYLE($,(#1869));
#1871=SURFACE_STYLE_FILL_AREA(#1870);
#1872=SURFACE_SIDE_STYLE('',(#1871));
#1873=SURFACE_STYLE_USAGE(.BOTH.,#1872);
#1874=PRESENTATION_STYLE_ASSIGNMENT((#1873));
#1875=STYLED_ITEM('',(#1874),#1867);
#1876=ADVANCED_FACE('',(#3587),#3589,.F.);
#1877=COLOUR_RGB($,1.,0.843137254901961,0.);
#1878=FILL_AREA_STYLE_COLOUR($,#1877);
#1879=FILL_AREA_STYLE($,(#1878));
#1880=SURFACE_STYLE_FILL_AREA(#1879);
#1881=SURFACE_SIDE_STYLE('',(#1880));
#1882=SURFACE_STYLE_USAGE(.BOTH.,#1881);
#1883=PRESENTATION_STYLE_ASSIGNMENT((#1882));
#1884=STYLED_ITEM('',(#1883),#1876);
#1885=ADVANCED_FACE('',(#3594),#3596,.F.);
#1886=COLOUR_RGB($,1.,0.843137254901961,0.);
#1887=FILL_AREA_STYLE_COLOUR($,#1886);
#1888=FILL_AREA_STYLE($,(#1887));
#1889=SURFACE_STYLE_FILL_AREA(#1888);
#1890=SURFACE_SIDE_STYLE('',(#1889));
#1891=SURFACE_STYLE_USAGE(.BOTH.,#1890);
#1892=PRESENTATION_STYLE_ASSIGNMENT((#1891));
#1893=STYLED_ITEM('',(#1892),#1885);
#1894=ADVANCED_FACE('',(#3601),#3603,.F.);
#1895=COLOUR_RGB($,1.,0.843137254901961,0.);
#1896=FILL_AREA_STYLE_COLOUR($,#1895);
#1897=FILL_AREA_STYLE($,(#1896));
#1898=SURFACE_STYLE_FILL_AREA(#1897);
#1899=SURFACE_SIDE_STYLE('',(#1898));
#1900=SURFACE_STYLE_USAGE(.BOTH.,#1899);
#1901=PRESENTATION_STYLE_ASSIGNMENT((#1900));
#1902=STYLED_ITEM('',(#1901),#1894);
#1903=ADVANCED_FACE('',(#3608),#3610,.F.);
#1904=COLOUR_RGB($,1.,0.843137254901961,0.);
#1905=FILL_AREA_STYLE_COLOUR($,#1904);
#1906=FILL_AREA_STYLE($,(#1905));
#1907=SURFACE_STYLE_FILL_AREA(#1906);
#1908=SURFACE_SIDE_STYLE('',(#1907));
#1909=SURFACE_STYLE_USAGE(.BOTH.,#1908);
#1910=PRESENTATION_STYLE_ASSIGNMENT((#1909));
#1911=STYLED_ITEM('',(#1910),#1903);
#1912=ADVANCED_FACE('',(#3615),#3617,.F.);
#1913=COLOUR_RGB($,1.,0.843137254901961,0.);
#1914=FILL_AREA_STYLE_COLOUR($,#1913);
#1915=FILL_AREA_STYLE($,(#1914));
#1916=SURFACE_STYLE_FILL_AREA(#1915);
#1917=SURFACE_SIDE_STYLE('',(#1916));
#1918=SURFACE_STYLE_USAGE(.BOTH.,#1917);
#1919=PRESENTATION_STYLE_ASSIGNMENT((#1918));
#1920=STYLED_ITEM('',(#1919),#1912);
#1921=ADVANCED_FACE('',(#3622),#3624,.F.);
#1922=COLOUR_RGB($,1.,0.843137254901961,0.);
#1923=FILL_AREA_STYLE_COLOUR($,#1922);
#1924=FILL_AREA_STYLE($,(#1923));
#1925=SURFACE_STYLE_FILL_AREA(#1924);
#1926=SURFACE_SIDE_STYLE('',(#1925));
#1927=SURFACE_STYLE_USAGE(.BOTH.,#1926);
#1928=PRESENTATION_STYLE_ASSIGNMENT((#1927));
#1929=STYLED_ITEM('',(#1928),#1921);
#1930=ADVANCED_FACE('',(#3629),#3631,.F.);
#1931=COLOUR_RGB($,1.,0.843137254901961,0.);
#1932=FILL_AREA_STYLE_COLOUR($,#1931);
#1933=FILL_AREA_STYLE($,(#1932));
#1934=SURFACE_STYLE_FILL_AREA(#1933);
#1935=SURFACE_SIDE_STYLE('',(#1934));
#1936=SURFACE_STYLE_USAGE(.BOTH.,#1935);
#1937=PRESENTATION_STYLE_ASSIGNMENT((#1936));
#1938=STYLED_ITEM('',(#1937),#1930);
#1939=ADVANCED_FACE('',(#3636),#3638,.F.);
#1940=COLOUR_RGB($,1.,0.843137254901961,0.);
#1941=FILL_AREA_STYLE_COLOUR($,#1940);
#1942=FILL_AREA_STYLE($,(#1941));
#1943=SURFACE_STYLE_FILL_AREA(#1942);
#1944=SURFACE_SIDE_STYLE('',(#1943));
#1945=SURFACE_STYLE_USAGE(.BOTH.,#1944);
#1946=PRESENTATION_STYLE_ASSIGNMENT((#1945));
#1947=STYLED_ITEM('',(#1946),#1939);
#1948=ADVANCED_FACE('',(#3643),#3645,.F.);
#1949=COLOUR_RGB($,1.,0.843137254901961,0.);
#1950=FILL_AREA_STYLE_COLOUR($,#1949);
#1951=FILL_AREA_STYLE($,(#1950));
#1952=SURFACE_STYLE_FILL_AREA(#1951);
#1953=SURFACE_SIDE_STYLE('',(#1952));
#1954=SURFACE_STYLE_USAGE(.BOTH.,#1953);
#1955=PRESENTATION_STYLE_ASSIGNMENT((#1954));
#1956=STYLED_ITEM('',(#1955),#1948);
#1957=ADVANCED_FACE('',(#3650),#3652,.F.);
#1958=COLOUR_RGB($,1.,0.843137254901961,0.);
#1959=FILL_AREA_STYLE_COLOUR($,#1958);
#1960=FILL_AREA_STYLE($,(#1959));
#1961=SURFACE_STYLE_FILL_AREA(#1960);
#1962=SURFACE_SIDE_STYLE('',(#1961));
#1963=SURFACE_STYLE_USAGE(.BOTH.,#1962);
#1964=PRESENTATION_STYLE_ASSIGNMENT((#1963));
#1965=STYLED_ITEM('',(#1964),#1957);
#1966=ADVANCED_FACE('',(#3657),#3659,.F.);
#1967=COLOUR_RGB($,1.,0.843137254901961,0.);
#1968=FILL_AREA_STYLE_COLOUR($,#1967);
#1969=FILL_AREA_STYLE($,(#1968));
#1970=SURFACE_STYLE_FILL_AREA(#1969);
#1971=SURFACE_SIDE_STYLE('',(#1970));
#1972=SURFACE_STYLE_USAGE(.BOTH.,#1971);
#1973=PRESENTATION_STYLE_ASSIGNMENT((#1972));
#1974=STYLED_ITEM('',(#1973),#1966);
#1975=ADVANCED_FACE('',(#3664),#3666,.T.);
#1976=COLOUR_RGB($,1.,0.843137254901961,0.);
#1977=FILL_AREA_STYLE_COLOUR($,#1976);
#1978=FILL_AREA_STYLE($,(#1977));
#1979=SURFACE_STYLE_FILL_AREA(#1978);
#1980=SURFACE_SIDE_STYLE('',(#1979));
#1981=SURFACE_STYLE_USAGE(.BOTH.,#1980);
#1982=PRESENTATION_STYLE_ASSIGNMENT((#1981));
#1983=STYLED_ITEM('',(#1982),#1975);
#1984=ADVANCED_FACE('',(#3671),#3673,.T.);
#1985=COLOUR_RGB($,1.,0.843137254901961,0.);
#1986=FILL_AREA_STYLE_COLOUR($,#1985);
#1987=FILL_AREA_STYLE($,(#1986));
#1988=SURFACE_STYLE_FILL_AREA(#1987);
#1989=SURFACE_SIDE_STYLE('',(#1988));
#1990=SURFACE_STYLE_USAGE(.BOTH.,#1989);
#1991=PRESENTATION_STYLE_ASSIGNMENT((#1990));
#1992=STYLED_ITEM('',(#1991),#1984);
#1993=ADVANCED_FACE('',(#3678),#3680,.T.);
#1994=COLOUR_RGB($,1.,0.843137254901961,0.);
#1995=FILL_AREA_STYLE_COLOUR($,#1994);
#1996=FILL_AREA_STYLE($,(#1995));
#1997=SURFACE_STYLE_FILL_AREA(#1996);
#1998=SURFACE_SIDE_STYLE('',(#1997));
#1999=SURFACE_STYLE_USAGE(.BOTH.,#1998);
#2000=PRESENTATION_STYLE_ASSIGNMENT((#1999));
#2001=STYLED_ITEM('',(#2000),#1993);
#2002=ADVANCED_FACE('',(#3685),#3687,.T.);
#2003=COLOUR_RGB($,1.,0.843137254901961,0.);
#2004=FILL_AREA_STYLE_COLOUR($,#2003);
#2005=FILL_AREA_STYLE($,(#2004));
#2006=SURFACE_STYLE_FILL_AREA(#2005);
#2007=SURFACE_SIDE_STYLE('',(#2006));
#2008=SURFACE_STYLE_USAGE(.BOTH.,#2007);
#2009=PRESENTATION_STYLE_ASSIGNMENT((#2008));
#2010=STYLED_ITEM('',(#2009),#2002);
#2011=ADVANCED_FACE('',(#3692),#3694,.T.);
#2012=COLOUR_RGB($,1.,0.843137254901961,0.);
#2013=FILL_AREA_STYLE_COLOUR($,#2012);
#2014=FILL_AREA_STYLE($,(#2013));
#2015=SURFACE_STYLE_FILL_AREA(#2014);
#2016=SURFACE_SIDE_STYLE('',(#2015));
#2017=SURFACE_STYLE_USAGE(.BOTH.,#2016);
#2018=PRESENTATION_STYLE_ASSIGNMENT((#2017));
#2019=STYLED_ITEM('',(#2018),#2011);
#2020=ADVANCED_FACE('',(#3699),#3701,.T.);
#2021=COLOUR_RGB($,1.,0.843137254901961,0.);
#2022=FILL_AREA_STYLE_COLOUR($,#2021);
#2023=FILL_AREA_STYLE($,(#2022));
#2024=SURFACE_STYLE_FILL_AREA(#2023);
#2025=SURFACE_SIDE_STYLE('',(#2024));
#2026=SURFACE_STYLE_USAGE(.BOTH.,#2025);
#2027=PRESENTATION_STYLE_ASSIGNMENT((#2026));
#2028=STYLED_ITEM('',(#2027),#2020);
#2029=ADVANCED_FACE('',(#3706),#3708,.T.);
#2030=COLOUR_RGB($,1.,0.843137254901961,0.);
#2031=FILL_AREA_STYLE_COLOUR($,#2030);
#2032=FILL_AREA_STYLE($,(#2031));
#2033=SURFACE_STYLE_FILL_AREA(#2032);
#2034=SURFACE_SIDE_STYLE('',(#2033));
#2035=SURFACE_STYLE_USAGE(.BOTH.,#2034);
#2036=PRESENTATION_STYLE_ASSIGNMENT((#2035));
#2037=STYLED_ITEM('',(#2036),#2029);
#2038=ADVANCED_FACE('',(#3713),#3715,.T.);
#2039=COLOUR_RGB($,1.,0.843137254901961,0.);
#2040=FILL_AREA_STYLE_COLOUR($,#2039);
#2041=FILL_AREA_STYLE($,(#2040));
#2042=SURFACE_STYLE_FILL_AREA(#2041);
#2043=SURFACE_SIDE_STYLE('',(#2042));
#2044=SURFACE_STYLE_USAGE(.BOTH.,#2043);
#2045=PRESENTATION_STYLE_ASSIGNMENT((#2044));
#2046=STYLED_ITEM('',(#2045),#2038);
#2047=ADVANCED_FACE('',(#3720),#3722,.T.);
#2048=COLOUR_RGB($,1.,0.843137254901961,0.);
#2049=FILL_AREA_STYLE_COLOUR($,#2048);
#2050=FILL_AREA_STYLE($,(#2049));
#2051=SURFACE_STYLE_FILL_AREA(#2050);
#2052=SURFACE_SIDE_STYLE('',(#2051));
#2053=SURFACE_STYLE_USAGE(.BOTH.,#2052);
#2054=PRESENTATION_STYLE_ASSIGNMENT((#2053));
#2055=STYLED_ITEM('',(#2054),#2047);
#2056=ADVANCED_FACE('',(#3727),#3729,.F.);
#2057=COLOUR_RGB($,1.,0.843137254901961,0.);
#2058=FILL_AREA_STYLE_COLOUR($,#2057);
#2059=FILL_AREA_STYLE($,(#2058));
#2060=SURFACE_STYLE_FILL_AREA(#2059);
#2061=SURFACE_SIDE_STYLE('',(#2060));
#2062=SURFACE_STYLE_USAGE(.BOTH.,#2061);
#2063=PRESENTATION_STYLE_ASSIGNMENT((#2062));
#2064=STYLED_ITEM('',(#2063),#2056);
#2065=ADVANCED_FACE('',(#3734),#3736,.F.);
#2066=COLOUR_RGB($,1.,0.843137254901961,0.);
#2067=FILL_AREA_STYLE_COLOUR($,#2066);
#2068=FILL_AREA_STYLE($,(#2067));
#2069=SURFACE_STYLE_FILL_AREA(#2068);
#2070=SURFACE_SIDE_STYLE('',(#2069));
#2071=SURFACE_STYLE_USAGE(.BOTH.,#2070);
#2072=PRESENTATION_STYLE_ASSIGNMENT((#2071));
#2073=STYLED_ITEM('',(#2072),#2065);
#2074=ADVANCED_FACE('',(#3741),#3743,.F.);
#2075=COLOUR_RGB($,1.,0.843137254901961,0.);
#2076=FILL_AREA_STYLE_COLOUR($,#2075);
#2077=FILL_AREA_STYLE($,(#2076));
#2078=SURFACE_STYLE_FILL_AREA(#2077);
#2079=SURFACE_SIDE_STYLE('',(#2078));
#2080=SURFACE_STYLE_USAGE(.BOTH.,#2079);
#2081=PRESENTATION_STYLE_ASSIGNMENT((#2080));
#2082=STYLED_ITEM('',(#2081),#2074);
#2083=ADVANCED_FACE('',(#3748),#3750,.F.);
#2084=COLOUR_RGB($,1.,0.843137254901961,0.);
#2085=FILL_AREA_STYLE_COLOUR($,#2084);
#2086=FILL_AREA_STYLE($,(#2085));
#2087=SURFACE_STYLE_FILL_AREA(#2086);
#2088=SURFACE_SIDE_STYLE('',(#2087));
#2089=SURFACE_STYLE_USAGE(.BOTH.,#2088);
#2090=PRESENTATION_STYLE_ASSIGNMENT((#2089));
#2091=STYLED_ITEM('',(#2090),#2083);
#2092=ADVANCED_FACE('',(#3755),#3757,.F.);
#2093=COLOUR_RGB($,1.,0.843137254901961,0.);
#2094=FILL_AREA_STYLE_COLOUR($,#2093);
#2095=FILL_AREA_STYLE($,(#2094));
#2096=SURFACE_STYLE_FILL_AREA(#2095);
#2097=SURFACE_SIDE_STYLE('',(#2096));
#2098=SURFACE_STYLE_USAGE(.BOTH.,#2097);
#2099=PRESENTATION_STYLE_ASSIGNMENT((#2098));
#2100=STYLED_ITEM('',(#2099),#2092);
#2101=ADVANCED_FACE('',(#3762),#3764,.F.);
#2102=COLOUR_RGB($,1.,0.843137254901961,0.);
#2103=FILL_AREA_STYLE_COLOUR($,#2102);
#2104=FILL_AREA_STYLE($,(#2103));
#2105=SURFACE_STYLE_FILL_AREA(#2104);
#2106=SURFACE_SIDE_STYLE('',(#2105));
#2107=SURFACE_STYLE_USAGE(.BOTH.,#2106);
#2108=PRESENTATION_STYLE_ASSIGNMENT((#2107));
#2109=STYLED_ITEM('',(#2108),#2101);
#2110=ADVANCED_FACE('',(#3769),#3771,.F.);
#2111=COLOUR_RGB($,1.,0.843137254901961,0.);
#2112=FILL_AREA_STYLE_COLOUR($,#2111);
#2113=FILL_AREA_STYLE($,(#2112));
#2114=SURFACE_STYLE_FILL_AREA(#2113);
#2115=SURFACE_SIDE_STYLE('',(#2114));
#2116=SURFACE_STYLE_USAGE(.BOTH.,#2115);
#2117=PRESENTATION_STYLE_ASSIGNMENT((#2116));
#2118=STYLED_ITEM('',(#2117),#2110);
#2119=ADVANCED_FACE('',(#3776),#3778,.F.);
#2120=COLOUR_RGB($,1.,0.843137254901961,0.);
#2121=FILL_AREA_STYLE_COLOUR($,#2120);
#2122=FILL_AREA_STYLE($,(#2121));
#2123=SURFACE_STYLE_FILL_AREA(#2122);
#2124=SURFACE_SIDE_STYLE('',(#2123));
#2125=SURFACE_STYLE_USAGE(.BOTH.,#2124);
#2126=PRESENTATION_STYLE_ASSIGNMENT((#2125));
#2127=STYLED_ITEM('',(#2126),#2119);
#2128=ADVANCED_FACE('',(#3783),#3785,.F.);
#2129=COLOUR_RGB($,1.,0.843137254901961,0.);
#2130=FILL_AREA_STYLE_COLOUR($,#2129);
#2131=FILL_AREA_STYLE($,(#2130));
#2132=SURFACE_STYLE_FILL_AREA(#2131);
#2133=SURFACE_SIDE_STYLE('',(#2132));
#2134=SURFACE_STYLE_USAGE(.BOTH.,#2133);
#2135=PRESENTATION_STYLE_ASSIGNMENT((#2134));
#2136=STYLED_ITEM('',(#2135),#2128);
#2137=FACE_BOUND('',#2138,.T.);
#2138=EDGE_LOOP('',(#3790,#3791,#3792,#3793,#3794,#3795,#3796,#3797,#3798,#3799,
#3800,#3801,#3802,#3803,#3804,#3805,#3806,#3807,#3808,#3809,#3810,#3811));
#2139=PLANE('',#2140);
#2140=AXIS2_PLACEMENT_3D('',#2141,#2142,#2143);
#2141=CARTESIAN_POINT('',(-1.25,-1.5,2.));
#2142=DIRECTION('',(0.,-1.,0.));
#2143=DIRECTION('',(1.,0.,0.));
#2144=FACE_BOUND('',#2145,.T.);
#2145=EDGE_LOOP('',(#3812,#3813,#3814,#3815));
#2146=PLANE('',#2147);
#2147=AXIS2_PLACEMENT_3D('',#2148,#2149,#2150);
#2148=CARTESIAN_POINT('',(0.,0.,7.));
#2149=DIRECTION('',(0.,0.,1.));
#2150=DIRECTION('',(1.,0.,0.));
#2151=FACE_BOUND('',#2152,.T.);
#2152=EDGE_LOOP('',(#3816,#3817,#3818,#3819));
#2153=PLANE('',#2154);
#2154=AXIS2_PLACEMENT_3D('',#2155,#2156,#2157);
#2155=CARTESIAN_POINT('',(0.,0.,7.));
#2156=DIRECTION('',(0.,0.,1.));
#2157=DIRECTION('',(1.,0.,0.));
#2158=FACE_BOUND('',#2159,.T.);
#2159=EDGE_LOOP('',(#3820,#3821,#3822,#3823,#3824,#3825,#3826,#3827,#3828,#3829,
#3830,#3831,#3832,#3833,#3834,#3835,#3836,#3837,#3838,#3839,#3840,#3841,#3842,#3843,
#3844,#3845,#3846,#3847,#3848,#3849,#3850,#3851,#3852,#3853,#3854,#3855,#3856,#3857,
#3858,#3859,#3860,#3861,#3862,#3863,#3864,#3865,#3866,#3867,#3868,#3869,#3870,#3871,
#3872,#3873));
#2160=PLANE('',#2161);
#2161=AXIS2_PLACEMENT_3D('',#2162,#2163,#2164);
#2162=CARTESIAN_POINT('',(-1.25,-2.2,0.));
#2163=DIRECTION('',(0.,-1.,0.));
#2164=DIRECTION('',(1.,0.,0.));
#2165=FACE_BOUND('',#2166,.T.);
#2166=EDGE_LOOP('',(#3874,#3875,#3876,#3877));
#2167=PLANE('',#2168);
#2168=AXIS2_PLACEMENT_3D('',#2169,#2170,#2171);
#2169=CARTESIAN_POINT('',(20.85,-1.5,6.6));
#2170=DIRECTION('',(0.707106781186549,0.,-0.707106781186546));
#2171=DIRECTION('',(0.707106781186546,0.,0.707106781186549));
#2172=FACE_BOUND('',#2173,.T.);
#2173=EDGE_LOOP('',(#3878,#3879,#3880,#3881));
#2174=PLANE('',#2175);
#2175=AXIS2_PLACEMENT_3D('',#2176,#2177,#2178);
#2176=CARTESIAN_POINT('',(21.25,-1.5,6.2));
#2177=DIRECTION('',(0.707106781186549,0.,0.707106781186546));
#2178=DIRECTION('',(-0.707106781186546,0.,0.707106781186549));
#2179=FACE_BOUND('',#2180,.T.);
#2180=EDGE_LOOP('',(#3882,#3883,#3884,#3885));
#2181=PLANE('',#2182);
#2182=AXIS2_PLACEMENT_3D('',#2183,#2184,#2185);
#2183=CARTESIAN_POINT('',(21.25,-1.5,3.6));
#2184=DIRECTION('',(1.,0.,-0.));
#2185=DIRECTION('',(0.,0.,1.));
#2186=FACE_BOUND('',#2187,.T.);
#2187=EDGE_LOOP('',(#3886,#3887,#3888,#3889));
#2188=CYLINDRICAL_SURFACE('',#2189,0.6);
#2189=AXIS2_PLACEMENT_3D('',#2190,#2191,#2192);
#2190=CARTESIAN_POINT('',(20.65,-1.5,3.6));
#2191=DIRECTION('',(0.,-1.,0.));
#2192=DIRECTION('',(1.85037170770859E-016,0.,-1.));
#2193=FACE_BOUND('',#2194,.T.);
#2194=EDGE_LOOP('',(#3890,#3891,#3892,#3893));
#2195=PLANE('',#2196);
#2196=AXIS2_PLACEMENT_3D('',#2197,#2198,#2199);
#2197=CARTESIAN_POINT('',(18.75,-1.5,3.));
#2198=DIRECTION('',(0.,0.,-1.));
#2199=DIRECTION('',(1.,0.,0.));
#2200=FACE_BOUND('',#2201,.T.);
#2201=EDGE_LOOP('',(#3894,#3895,#3896,#3897));
#2202=PLANE('',#2203);
#2203=AXIS2_PLACEMENT_3D('',#2204,#2205,#2206);
#2204=CARTESIAN_POINT('',(18.75,-1.5,7.));
#2205=DIRECTION('',(-1.,-0.,-0.));
#2206=DIRECTION('',(0.,0.,-1.));
#2207=FACE_BOUND('',#2208,.T.);
#2208=EDGE_LOOP('',(#3898,#3899,#3900,#3901,#3902,#3903,#3904,#3905));
#2209=PLANE('',#2210);
#2210=AXIS2_PLACEMENT_3D('',#2211,#2212,#2213);
#2211=CARTESIAN_POINT('',(22.5,0.,0.));
#2212=DIRECTION('',(-1.,-0.,-0.));
#2213=DIRECTION('',(0.,0.,1.));
#2214=FACE_BOUND('',#2215,.T.);
#2215=EDGE_LOOP('',(#3906,#3907,#3908,#3909));
#2216=PLANE('',#2217);
#2217=AXIS2_PLACEMENT_3D('',#2218,#2219,#2220);
#2218=CARTESIAN_POINT('',(22.5,-0.4,3.));
#2219=DIRECTION('',(-0.,-0.,-1.));
#2220=DIRECTION('',(0.,-1.,0.));
#2221=FACE_BOUND('',#2222,.T.);
#2222=EDGE_LOOP('',(#3910,#3911,#3912,#3913,#3914,#3915));
#2223=PLANE('',#2224);
#2224=AXIS2_PLACEMENT_3D('',#2225,#2226,#2227);
#2225=CARTESIAN_POINT('',(21.8,0.,0.));
#2226=DIRECTION('',(-1.,-0.,-0.));
#2227=DIRECTION('',(0.,0.,1.));
#2228=FACE_BOUND('',#2229,.T.);
#2229=EDGE_LOOP('',(#3916,#3917,#3918,#3919));
#2230=FACE_BOUND('',#2231,.T.);
#2231=EDGE_LOOP('',(#3920,#3921,#3922,#3923));
#2232=FACE_BOUND('',#2233,.T.);
#2233=EDGE_LOOP('',(#3924,#3925,#3926,#3927));
#2234=FACE_BOUND('',#2235,.T.);
#2235=EDGE_LOOP('',(#3928,#3929,#3930,#3931));
#2236=FACE_BOUND('',#2237,.T.);
#2237=EDGE_LOOP('',(#3932,#3933,#3934,#3935));
#2238=FACE_BOUND('',#2239,.T.);
#2239=EDGE_LOOP('',(#3936,#3937,#3938,#3939));
#2240=FACE_BOUND('',#2241,.T.);
#2241=EDGE_LOOP('',(#3940,#3941,#3942,#3943));
#2242=FACE_BOUND('',#2243,.T.);
#2243=EDGE_LOOP('',(#3944,#3945,#3946,#3947));
#2244=FACE_BOUND('',#2245,.T.);
#2245=EDGE_LOOP('',(#3948,#3949,#3950,#3951));
#2246=FACE_BOUND('',#2247,.T.);
#2247=EDGE_LOOP('',(#3952,#3953,#3954,#3955));
#2248=PLANE('',#2249);
#2249=AXIS2_PLACEMENT_3D('',#2250,#2251,#2252);
#2250=CARTESIAN_POINT('',(0.,0.,2.));
#2251=DIRECTION('',(0.,0.,1.));
#2252=DIRECTION('',(1.,0.,0.));
#2253=FACE_BOUND('',#2254,.T.);
#2254=EDGE_LOOP('',(#3956,#3957,#3958,#3959,#3960,#3961));
#2255=PLANE('',#2256);
#2256=AXIS2_PLACEMENT_3D('',#2257,#2258,#2259);
#2257=CARTESIAN_POINT('',(-1.8,0.,0.));
#2258=DIRECTION('',(-1.,0.,0.));
#2259=DIRECTION('',(0.,0.,1.));
#2260=FACE_BOUND('',#2261,.T.);
#2261=EDGE_LOOP('',(#3962,#3963,#3964,#3965));
#2262=PLANE('',#2263);
#2263=AXIS2_PLACEMENT_3D('',#2264,#2265,#2266);
#2264=CARTESIAN_POINT('',(22.5,-0.4,3.));
#2265=DIRECTION('',(-0.,-0.,-1.));
#2266=DIRECTION('',(0.,-1.,0.));
#2267=FACE_BOUND('',#2268,.T.);
#2268=EDGE_LOOP('',(#3966,#3967,#3968,#3969,#3970,#3971,#3972,#3973));
#2269=PLANE('',#2270);
#2270=AXIS2_PLACEMENT_3D('',#2271,#2272,#2273);
#2271=CARTESIAN_POINT('',(-2.5,0.,0.));
#2272=DIRECTION('',(-1.,0.,0.));
#2273=DIRECTION('',(0.,0.,1.));
#2274=FACE_BOUND('',#2275,.T.);
#2275=EDGE_LOOP('',(#3974,#3975,#3976,#3977));
#2276=PLANE('',#2277);
#2277=AXIS2_PLACEMENT_3D('',#2278,#2279,#2280);
#2278=CARTESIAN_POINT('',(0.,0.,7.));
#2279=DIRECTION('',(0.,0.,1.));
#2280=DIRECTION('',(1.,0.,0.));
#2281=FACE_BOUND('',#2282,.T.);
#2282=EDGE_LOOP('',(#3978,#3979,#3980,#3981));
#2283=PLANE('',#2284);
#2284=AXIS2_PLACEMENT_3D('',#2285,#2286,#2287);
#2285=CARTESIAN_POINT('',(-1.25,-1.5,7.));
#2286=DIRECTION('',(-0.707106781186548,-0.,-0.707106781186547));
#2287=DIRECTION('',(0.707106781186547,0.,-0.707106781186548));
#2288=FACE_BOUND('',#2289,.T.);
#2289=EDGE_LOOP('',(#3982,#3983,#3984,#3985));
#2290=PLANE('',#2291);
#2291=AXIS2_PLACEMENT_3D('',#2292,#2293,#2294);
#2292=CARTESIAN_POINT('',(-0.85,-1.5,6.6));
#2293=DIRECTION('',(-0.707106781186548,0.,0.707106781186547));
#2294=DIRECTION('',(-0.707106781186547,0.,-0.707106781186548));
#2295=FACE_BOUND('',#2296,.T.);
#2296=EDGE_LOOP('',(#3986,#3987,#3988,#3989));
#2297=PLANE('',#2298);
#2298=AXIS2_PLACEMENT_3D('',#2299,#2300,#2301);
#2299=CARTESIAN_POINT('',(-1.25,-1.5,6.2));
#2300=DIRECTION('',(-1.,-0.,-0.));
#2301=DIRECTION('',(0.,0.,-1.));
#2302=FACE_BOUND('',#2303,.T.);
#2303=EDGE_LOOP('',(#3990,#3991,#3992,#3993));
#2304=CYLINDRICAL_SURFACE('',#2305,0.6);
#2305=AXIS2_PLACEMENT_3D('',#2306,#2307,#2308);
#2306=CARTESIAN_POINT('',(-0.65,-1.5,3.6));
#2307=DIRECTION('',(0.,-1.,0.));
#2308=DIRECTION('',(-1.,0.,0.));
#2309=FACE_BOUND('',#2310,.T.);
#2310=EDGE_LOOP('',(#3994,#3995,#3996,#3997));
#2311=PLANE('',#2312);
#2312=AXIS2_PLACEMENT_3D('',#2313,#2314,#2315);
#2313=CARTESIAN_POINT('',(-0.65,-1.5,3.));
#2314=DIRECTION('',(0.,0.,-1.));
#2315=DIRECTION('',(1.,0.,0.));
#2316=FACE_BOUND('',#2317,.T.);
#2317=EDGE_LOOP('',(#3998,#3999,#4000,#4001));
#2318=PLANE('',#2319);
#2319=AXIS2_PLACEMENT_3D('',#2320,#2321,#2322);
#2320=CARTESIAN_POINT('',(1.25,-1.5,3.));
#2321=DIRECTION('',(1.,0.,-0.));
#2322=DIRECTION('',(0.,0.,1.));
#2323=FACE_BOUND('',#2324,.T.);
#2324=EDGE_LOOP('',(#4002,#4003,#4004,#4005));
#2325=PLANE('',#2326);
#2326=AXIS2_PLACEMENT_3D('',#2327,#2328,#2329);
#2327=CARTESIAN_POINT('',(0.,0.,0.));
#2328=DIRECTION('',(0.,0.,1.));
#2329=DIRECTION('',(1.,0.,0.));
#2330=FACE_BOUND('',#2331,.T.);
#2331=EDGE_LOOP('',(#4006,#4007,#4008,#4009));
#2332=PLANE('',#2333);
#2333=AXIS2_PLACEMENT_3D('',#2334,#2335,#2336);
#2334=CARTESIAN_POINT('',(-0.85,-2.2,0.4));
#2335=DIRECTION('',(-1.,0.,0.));
#2336=DIRECTION('',(0.,1.,0.));
#2337=FACE_BOUND('',#2338,.T.);
#2338=EDGE_LOOP('',(#4010,#4011,#4012,#4013));
#2339=FACE_BOUND('',#2340,.T.);
#2340=EDGE_LOOP('',(#4014,#4015,#4016,#4017));
#2341=PLANE('',#2342);
#2342=AXIS2_PLACEMENT_3D('',#2343,#2344,#2345);
#2343=CARTESIAN_POINT('',(0.,0.,0.4));
#2344=DIRECTION('',(-0.,0.,-1.));
#2345=DIRECTION('',(-1.,0.,0.));
#2346=FACE_BOUND('',#2347,.T.);
#2347=EDGE_LOOP('',(#4018,#4019,#4020,#4021));
#2348=PLANE('',#2349);
#2349=AXIS2_PLACEMENT_3D('',#2350,#2351,#2352);
#2350=CARTESIAN_POINT('',(0.85,3.55,0.4));
#2351=DIRECTION('',(1.,0.,0.));
#2352=DIRECTION('',(0.,-1.,0.));
#2353=FACE_BOUND('',#2354,.T.);
#2354=EDGE_LOOP('',(#4022,#4023,#4024,#4025));
#2355=PLANE('',#2356);
#2356=AXIS2_PLACEMENT_3D('',#2357,#2358,#2359);
#2357=CARTESIAN_POINT('',(0.,0.,0.));
#2358=DIRECTION('',(0.,0.,1.));
#2359=DIRECTION('',(1.,0.,0.));
#2360=FACE_BOUND('',#2361,.T.);
#2361=EDGE_LOOP('',(#4026,#4027,#4028,#4029));
#2362=PLANE('',#2363);
#2363=AXIS2_PLACEMENT_3D('',#2364,#2365,#2366);
#2364=CARTESIAN_POINT('',(1.65,-2.2,0.4));
#2365=DIRECTION('',(-1.,0.,0.));
#2366=DIRECTION('',(0.,1.,0.));
#2367=FACE_BOUND('',#2368,.T.);
#2368=EDGE_LOOP('',(#4030,#4031,#4032,#4033));
#2369=FACE_BOUND('',#2370,.T.);
#2370=EDGE_LOOP('',(#4034,#4035,#4036,#4037));
#2371=PLANE('',#2372);
#2372=AXIS2_PLACEMENT_3D('',#2373,#2374,#2375);
#2373=CARTESIAN_POINT('',(2.5,0.,0.4));
#2374=DIRECTION('',(-0.,0.,-1.));
#2375=DIRECTION('',(-1.,0.,0.));
#2376=FACE_BOUND('',#2377,.T.);
#2377=EDGE_LOOP('',(#4038,#4039,#4040,#4041));
#2378=PLANE('',#2379);
#2379=AXIS2_PLACEMENT_3D('',#2380,#2381,#2382);
#2380=CARTESIAN_POINT('',(3.35,3.55,0.4));
#2381=DIRECTION('',(1.,0.,0.));
#2382=DIRECTION('',(0.,-1.,0.));
#2383=FACE_BOUND('',#2384,.T.);
#2384=EDGE_LOOP('',(#4042,#4043,#4044,#4045));
#2385=PLANE('',#2386);
#2386=AXIS2_PLACEMENT_3D('',#2387,#2388,#2389);
#2387=CARTESIAN_POINT('',(0.,0.,0.));
#2388=DIRECTION('',(0.,0.,1.));
#2389=DIRECTION('',(1.,0.,0.));
#2390=FACE_BOUND('',#2391,.T.);
#2391=EDGE_LOOP('',(#4046,#4047,#4048,#4049));
#2392=PLANE('',#2393);
#2393=AXIS2_PLACEMENT_3D('',#2394,#2395,#2396);
#2394=CARTESIAN_POINT('',(4.15,-2.2,0.4));
#2395=DIRECTION('',(-1.,0.,0.));
#2396=DIRECTION('',(0.,1.,0.));
#2397=FACE_BOUND('',#2398,.T.);
#2398=EDGE_LOOP('',(#4050,#4051,#4052,#4053));
#2399=FACE_BOUND('',#2400,.T.);
#2400=EDGE_LOOP('',(#4054,#4055,#4056,#4057));
#2401=PLANE('',#2402);
#2402=AXIS2_PLACEMENT_3D('',#2403,#2404,#2405);
#2403=CARTESIAN_POINT('',(5.,0.,0.4));
#2404=DIRECTION('',(-0.,0.,-1.));
#2405=DIRECTION('',(-1.,0.,0.));
#2406=FACE_BOUND('',#2407,.T.);
#2407=EDGE_LOOP('',(#4058,#4059,#4060,#4061));
#2408=PLANE('',#2409);
#2409=AXIS2_PLACEMENT_3D('',#2410,#2411,#2412);
#2410=CARTESIAN_POINT('',(5.85,3.55,0.4));
#2411=DIRECTION('',(1.,0.,0.));
#2412=DIRECTION('',(0.,-1.,0.));
#2413=FACE_BOUND('',#2414,.T.);
#2414=EDGE_LOOP('',(#4062,#4063,#4064,#4065));
#2415=PLANE('',#2416);
#2416=AXIS2_PLACEMENT_3D('',#2417,#2418,#2419);
#2417=CARTESIAN_POINT('',(0.,0.,0.));
#2418=DIRECTION('',(0.,0.,1.));
#2419=DIRECTION('',(1.,0.,0.));
#2420=FACE_BOUND('',#2421,.T.);
#2421=EDGE_LOOP('',(#4066,#4067,#4068,#4069));
#2422=PLANE('',#2423);
#2423=AXIS2_PLACEMENT_3D('',#2424,#2425,#2426);
#2424=CARTESIAN_POINT('',(6.65,-2.2,0.4));
#2425=DIRECTION('',(-1.,0.,0.));
#2426=DIRECTION('',(0.,1.,0.));
#2427=FACE_BOUND('',#2428,.T.);
#2428=EDGE_LOOP('',(#4070,#4071,#4072,#4073));
#2429=FACE_BOUND('',#2430,.T.);
#2430=EDGE_LOOP('',(#4074,#4075,#4076,#4077));
#2431=PLANE('',#2432);
#2432=AXIS2_PLACEMENT_3D('',#2433,#2434,#2435);
#2433=CARTESIAN_POINT('',(7.5,0.,0.4));
#2434=DIRECTION('',(-0.,0.,-1.));
#2435=DIRECTION('',(-1.,0.,0.));
#2436=FACE_BOUND('',#2437,.T.);
#2437=EDGE_LOOP('',(#4078,#4079,#4080,#4081));
#2438=PLANE('',#2439);
#2439=AXIS2_PLACEMENT_3D('',#2440,#2441,#2442);
#2440=CARTESIAN_POINT('',(8.35,3.55,0.4));
#2441=DIRECTION('',(1.,0.,0.));
#2442=DIRECTION('',(0.,-1.,0.));
#2443=FACE_BOUND('',#2444,.T.);
#2444=EDGE_LOOP('',(#4082,#4083,#4084,#4085));
#2445=PLANE('',#2446);
#2446=AXIS2_PLACEMENT_3D('',#2447,#2448,#2449);
#2447=CARTESIAN_POINT('',(0.,0.,0.));
#2448=DIRECTION('',(0.,0.,1.));
#2449=DIRECTION('',(1.,0.,0.));
#2450=FACE_BOUND('',#2451,.T.);
#2451=EDGE_LOOP('',(#4086,#4087,#4088,#4089));
#2452=PLANE('',#2453);
#2453=AXIS2_PLACEMENT_3D('',#2454,#2455,#2456);
#2454=CARTESIAN_POINT('',(9.15,-2.2,0.4));
#2455=DIRECTION('',(-1.,0.,0.));
#2456=DIRECTION('',(0.,1.,0.));
#2457=FACE_BOUND('',#2458,.T.);
#2458=EDGE_LOOP('',(#4090,#4091,#4092,#4093));
#2459=FACE_BOUND('',#2460,.T.);
#2460=EDGE_LOOP('',(#4094,#4095,#4096,#4097));
#2461=PLANE('',#2462);
#2462=AXIS2_PLACEMENT_3D('',#2463,#2464,#2465);
#2463=CARTESIAN_POINT('',(10.,0.,0.4));
#2464=DIRECTION('',(-0.,0.,-1.));
#2465=DIRECTION('',(-1.,0.,0.));
#2466=FACE_BOUND('',#2467,.T.);
#2467=EDGE_LOOP('',(#4098,#4099,#4100,#4101));
#2468=PLANE('',#2469);
#2469=AXIS2_PLACEMENT_3D('',#2470,#2471,#2472);
#2470=CARTESIAN_POINT('',(10.85,3.55,0.4));
#2471=DIRECTION('',(1.,0.,0.));
#2472=DIRECTION('',(0.,-1.,0.));
#2473=FACE_BOUND('',#2474,.T.);
#2474=EDGE_LOOP('',(#4102,#4103,#4104,#4105));
#2475=PLANE('',#2476);
#2476=AXIS2_PLACEMENT_3D('',#2477,#2478,#2479);
#2477=CARTESIAN_POINT('',(0.,0.,0.));
#2478=DIRECTION('',(0.,0.,1.));
#2479=DIRECTION('',(1.,0.,0.));
#2480=FACE_BOUND('',#2481,.T.);
#2481=EDGE_LOOP('',(#4106,#4107,#4108,#4109));
#2482=PLANE('',#2483);
#2483=AXIS2_PLACEMENT_3D('',#2484,#2485,#2486);
#2484=CARTESIAN_POINT('',(11.65,-2.2,0.4));
#2485=DIRECTION('',(-1.,0.,0.));
#2486=DIRECTION('',(0.,1.,0.));
#2487=FACE_BOUND('',#2488,.T.);
#2488=EDGE_LOOP('',(#4110,#4111,#4112,#4113));
#2489=FACE_BOUND('',#2490,.T.);
#2490=EDGE_LOOP('',(#4114,#4115,#4116,#4117));
#2491=PLANE('',#2492);
#2492=AXIS2_PLACEMENT_3D('',#2493,#2494,#2495);
#2493=CARTESIAN_POINT('',(12.5,0.,0.4));
#2494=DIRECTION('',(-0.,0.,-1.));
#2495=DIRECTION('',(-1.,0.,0.));
#2496=FACE_BOUND('',#2497,.T.);
#2497=EDGE_LOOP('',(#4118,#4119,#4120,#4121));
#2498=PLANE('',#2499);
#2499=AXIS2_PLACEMENT_3D('',#2500,#2501,#2502);
#2500=CARTESIAN_POINT('',(13.35,3.55,0.4));
#2501=DIRECTION('',(1.,0.,0.));
#2502=DIRECTION('',(0.,-1.,0.));
#2503=FACE_BOUND('',#2504,.T.);
#2504=EDGE_LOOP('',(#4122,#4123,#4124,#4125));
#2505=PLANE('',#2506);
#2506=AXIS2_PLACEMENT_3D('',#2507,#2508,#2509);
#2507=CARTESIAN_POINT('',(0.,0.,0.));
#2508=DIRECTION('',(0.,0.,1.));
#2509=DIRECTION('',(1.,0.,0.));
#2510=FACE_BOUND('',#2511,.T.);
#2511=EDGE_LOOP('',(#4126,#4127,#4128,#4129));
#2512=PLANE('',#2513);
#2513=AXIS2_PLACEMENT_3D('',#2514,#2515,#2516);
#2514=CARTESIAN_POINT('',(14.15,-2.2,0.4));
#2515=DIRECTION('',(-1.,0.,0.));
#2516=DIRECTION('',(0.,1.,0.));
#2517=FACE_BOUND('',#2518,.T.);
#2518=EDGE_LOOP('',(#4130,#4131,#4132,#4133));
#2519=FACE_BOUND('',#2520,.T.);
#2520=EDGE_LOOP('',(#4134,#4135,#4136,#4137));
#2521=PLANE('',#2522);
#2522=AXIS2_PLACEMENT_3D('',#2523,#2524,#2525);
#2523=CARTESIAN_POINT('',(15.,0.,0.4));
#2524=DIRECTION('',(-0.,0.,-1.));
#2525=DIRECTION('',(-1.,0.,0.));
#2526=FACE_BOUND('',#2527,.T.);
#2527=EDGE_LOOP('',(#4138,#4139,#4140,#4141));
#2528=PLANE('',#2529);
#2529=AXIS2_PLACEMENT_3D('',#2530,#2531,#2532);
#2530=CARTESIAN_POINT('',(15.85,3.55,0.4));
#2531=DIRECTION('',(1.,0.,0.));
#2532=DIRECTION('',(0.,-1.,0.));
#2533=FACE_BOUND('',#2534,.T.);
#2534=EDGE_LOOP('',(#4142,#4143,#4144,#4145));
#2535=PLANE('',#2536);
#2536=AXIS2_PLACEMENT_3D('',#2537,#2538,#2539);
#2537=CARTESIAN_POINT('',(0.,0.,0.));
#2538=DIRECTION('',(0.,0.,1.));
#2539=DIRECTION('',(1.,0.,0.));
#2540=FACE_BOUND('',#2541,.T.);
#2541=EDGE_LOOP('',(#4146,#4147,#4148,#4149));
#2542=PLANE('',#2543);
#2543=AXIS2_PLACEMENT_3D('',#2544,#2545,#2546);
#2544=CARTESIAN_POINT('',(16.65,-2.2,0.4));
#2545=DIRECTION('',(-1.,0.,0.));
#2546=DIRECTION('',(0.,1.,0.));
#2547=FACE_BOUND('',#2548,.T.);
#2548=EDGE_LOOP('',(#4150,#4151,#4152,#4153));
#2549=FACE_BOUND('',#2550,.T.);
#2550=EDGE_LOOP('',(#4154,#4155,#4156,#4157));
#2551=PLANE('',#2552);
#2552=AXIS2_PLACEMENT_3D('',#2553,#2554,#2555);
#2553=CARTESIAN_POINT('',(17.5,0.,0.4));
#2554=DIRECTION('',(-0.,0.,-1.));
#2555=DIRECTION('',(-1.,0.,0.));
#2556=FACE_BOUND('',#2557,.T.);
#2557=EDGE_LOOP('',(#4158,#4159,#4160,#4161));
#2558=PLANE('',#2559);
#2559=AXIS2_PLACEMENT_3D('',#2560,#2561,#2562);
#2560=CARTESIAN_POINT('',(18.35,3.55,0.4));
#2561=DIRECTION('',(1.,0.,0.));
#2562=DIRECTION('',(0.,-1.,0.));
#2563=FACE_BOUND('',#2564,.T.);
#2564=EDGE_LOOP('',(#4162,#4163,#4164,#4165));
#2565=PLANE('',#2566);
#2566=AXIS2_PLACEMENT_3D('',#2567,#2568,#2569);
#2567=CARTESIAN_POINT('',(0.,0.,0.));
#2568=DIRECTION('',(0.,0.,1.));
#2569=DIRECTION('',(1.,0.,0.));
#2570=FACE_BOUND('',#2571,.T.);
#2571=EDGE_LOOP('',(#4166,#4167,#4168,#4169));
#2572=PLANE('',#2573);
#2573=AXIS2_PLACEMENT_3D('',#2574,#2575,#2576);
#2574=CARTESIAN_POINT('',(19.15,-2.2,0.4));
#2575=DIRECTION('',(-1.,0.,0.));
#2576=DIRECTION('',(0.,1.,0.));
#2577=FACE_BOUND('',#2578,.T.);
#2578=EDGE_LOOP('',(#4170,#4171,#4172,#4173));
#2579=FACE_BOUND('',#2580,.T.);
#2580=EDGE_LOOP('',(#4174,#4175,#4176,#4177));
#2581=PLANE('',#2582);
#2582=AXIS2_PLACEMENT_3D('',#2583,#2584,#2585);
#2583=CARTESIAN_POINT('',(20.,0.,0.4));
#2584=DIRECTION('',(-0.,0.,-1.));
#2585=DIRECTION('',(-1.,0.,0.));
#2586=FACE_BOUND('',#2587,.T.);
#2587=EDGE_LOOP('',(#4178,#4179,#4180,#4181));
#2588=PLANE('',#2589);
#2589=AXIS2_PLACEMENT_3D('',#2590,#2591,#2592);
#2590=CARTESIAN_POINT('',(20.85,3.55,0.4));
#2591=DIRECTION('',(1.,0.,0.));
#2592=DIRECTION('',(0.,-1.,0.));
#2593=FACE_BOUND('',#2594,.T.);
#2594=EDGE_LOOP('',(#4182,#4183,#4184,#4185));
#2595=PLANE('',#2596);
#2596=AXIS2_PLACEMENT_3D('',#2597,#2598,#2599);
#2597=CARTESIAN_POINT('',(0.,0.,0.));
#2598=DIRECTION('',(0.,0.,1.));
#2599=DIRECTION('',(1.,0.,0.));
#2600=FACE_BOUND('',#2601,.T.);
#2601=EDGE_LOOP('',(#4186,#4187,#4188,#4189,#4190));
#2602=PLANE('',#2603);
#2603=AXIS2_PLACEMENT_3D('',#2604,#2605,#2606);
#2604=CARTESIAN_POINT('',(22.5,-0.4,7.));
#2605=DIRECTION('',(0.,1.,0.));
#2606=DIRECTION('',(0.,0.,-1.));
#2607=FACE_BOUND('',#2608,.T.);
#2608=EDGE_LOOP('',(#4191,#4192,#4193,#4194,#4195,#4196,#4197,#4198,#4199,#4200,
#4201,#4202,#4203,#4204,#4205,#4206,#4207,#4208,#4209,#4210,#4211,#4212,#4213,#4214,
#4215,#4216,#4217,#4218,#4219,#4220,#4221,#4222,#4223,#4224,#4225,#4226,#4227,#4228,
#4229,#4230));
#2609=PLANE('',#2610);
#2610=AXIS2_PLACEMENT_3D('',#2611,#2612,#2613);
#2611=CARTESIAN_POINT('',(1.25,3.55,0.));
#2612=DIRECTION('',(0.,1.,-0.));
#2613=DIRECTION('',(-1.,0.,0.));
#2614=FACE_BOUND('',#2615,.T.);
#2615=EDGE_LOOP('',(#4231,#4232,#4233,#4234,#4235,#4236,#4237,#4238));
#2616=PLANE('',#2617);
#2617=AXIS2_PLACEMENT_3D('',#2618,#2619,#2620);
#2618=CARTESIAN_POINT('',(0.,0.,7.));
#2619=DIRECTION('',(0.,0.,1.));
#2620=DIRECTION('',(1.,0.,0.));
#2621=FACE_BOUND('',#2622,.T.);
#2622=EDGE_LOOP('',(#4239,#4240,#4241,#4242));
#2623=PLANE('',#2624);
#2624=AXIS2_PLACEMENT_3D('',#2625,#2626,#2627);
#2625=CARTESIAN_POINT('',(22.1,4.05,7.));
#2626=DIRECTION('',(0.707106781186545,0.,-0.70710678118655));
#2627=DIRECTION('',(0.,-1.,0.));
#2628=FACE_BOUND('',#2629,.T.);
#2629=EDGE_LOOP('',(#4243,#4244,#4245,#4246));
#2630=PLANE('',#2631);
#2631=AXIS2_PLACEMENT_3D('',#2632,#2633,#2634);
#2632=CARTESIAN_POINT('',(1.25,2.85,2.));
#2633=DIRECTION('',(0.,1.,-0.));
#2634=DIRECTION('',(-1.,0.,0.));
#2635=FACE_BOUND('',#2636,.T.);
#2636=EDGE_LOOP('',(#4247,#4248,#4249,#4250));
#2637=PLANE('',#2638);
#2638=AXIS2_PLACEMENT_3D('',#2639,#2640,#2641);
#2639=CARTESIAN_POINT('',(2.82,0.32,-3.5));
#2640=DIRECTION('',(0.,1.,-0.));
#2641=DIRECTION('',(-1.,0.,0.));
#2642=FACE_BOUND('',#2643,.T.);
#2643=EDGE_LOOP('',(#4251,#4252,#4253,#4254));
#2644=PLANE('',#2645);
#2645=AXIS2_PLACEMENT_3D('',#2646,#2647,#2648);
#2646=CARTESIAN_POINT('',(2.82,-0.32,-3.5));
#2647=DIRECTION('',(1.,0.,0.));
#2648=DIRECTION('',(0.,1.,0.));
#2649=FACE_BOUND('',#2650,.T.);
#2650=EDGE_LOOP('',(#4255,#4256,#4257,#4258));
#2651=PLANE('',#2652);
#2652=AXIS2_PLACEMENT_3D('',#2653,#2654,#2655);
#2653=CARTESIAN_POINT('',(2.18,-0.32,-3.5));
#2654=DIRECTION('',(0.,-1.,0.));
#2655=DIRECTION('',(1.,0.,0.));
#2656=FACE_BOUND('',#2657,.T.);
#2657=EDGE_LOOP('',(#4259,#4260,#4261,#4262));
#2658=PLANE('',#2659);
#2659=AXIS2_PLACEMENT_3D('',#2660,#2661,#2662);
#2660=CARTESIAN_POINT('',(2.18,0.32,-3.5));
#2661=DIRECTION('',(-1.,0.,0.));
#2662=DIRECTION('',(0.,-1.,0.));
#2663=FACE_BOUND('',#2664,.T.);
#2664=EDGE_LOOP('',(#4263,#4264,#4265,#4266));
#2665=PLANE('',#2666);
#2666=AXIS2_PLACEMENT_3D('',#2667,#2668,#2669);
#2667=CARTESIAN_POINT('',(5.32,0.32,-3.5));
#2668=DIRECTION('',(0.,1.,-0.));
#2669=DIRECTION('',(-1.,0.,0.));
#2670=FACE_BOUND('',#2671,.T.);
#2671=EDGE_LOOP('',(#4267,#4268,#4269,#4270));
#2672=PLANE('',#2673);
#2673=AXIS2_PLACEMENT_3D('',#2674,#2675,#2676);
#2674=CARTESIAN_POINT('',(5.32,-0.32,-3.5));
#2675=DIRECTION('',(1.,0.,0.));
#2676=DIRECTION('',(0.,1.,0.));
#2677=FACE_BOUND('',#2678,.T.);
#2678=EDGE_LOOP('',(#4271,#4272,#4273,#4274));
#2679=PLANE('',#2680);
#2680=AXIS2_PLACEMENT_3D('',#2681,#2682,#2683);
#2681=CARTESIAN_POINT('',(4.68,-0.32,-3.5));
#2682=DIRECTION('',(0.,-1.,0.));
#2683=DIRECTION('',(1.,0.,0.));
#2684=FACE_BOUND('',#2685,.T.);
#2685=EDGE_LOOP('',(#4275,#4276,#4277,#4278));
#2686=PLANE('',#2687);
#2687=AXIS2_PLACEMENT_3D('',#2688,#2689,#2690);
#2688=CARTESIAN_POINT('',(4.68,0.32,-3.5));
#2689=DIRECTION('',(-1.,0.,0.));
#2690=DIRECTION('',(0.,-1.,0.));
#2691=FACE_BOUND('',#2692,.T.);
#2692=EDGE_LOOP('',(#4279,#4280,#4281,#4282));
#2693=PLANE('',#2694);
#2694=AXIS2_PLACEMENT_3D('',#2695,#2696,#2697);
#2695=CARTESIAN_POINT('',(7.82,0.32,-3.5));
#2696=DIRECTION('',(0.,1.,-0.));
#2697=DIRECTION('',(-1.,0.,0.));
#2698=FACE_BOUND('',#2699,.T.);
#2699=EDGE_LOOP('',(#4283,#4284,#4285,#4286));
#2700=PLANE('',#2701);
#2701=AXIS2_PLACEMENT_3D('',#2702,#2703,#2704);
#2702=CARTESIAN_POINT('',(7.82,-0.32,-3.5));
#2703=DIRECTION('',(1.,0.,0.));
#2704=DIRECTION('',(0.,1.,0.));
#2705=FACE_BOUND('',#2706,.T.);
#2706=EDGE_LOOP('',(#4287,#4288,#4289,#4290));
#2707=PLANE('',#2708);
#2708=AXIS2_PLACEMENT_3D('',#2709,#2710,#2711);
#2709=CARTESIAN_POINT('',(7.18,-0.32,-3.5));
#2710=DIRECTION('',(0.,-1.,0.));
#2711=DIRECTION('',(1.,0.,0.));
#2712=FACE_BOUND('',#2713,.T.);
#2713=EDGE_LOOP('',(#4291,#4292,#4293,#4294));
#2714=PLANE('',#2715);
#2715=AXIS2_PLACEMENT_3D('',#2716,#2717,#2718);
#2716=CARTESIAN_POINT('',(7.18,0.32,-3.5));
#2717=DIRECTION('',(-1.,0.,0.));
#2718=DIRECTION('',(0.,-1.,0.));
#2719=FACE_BOUND('',#2720,.T.);
#2720=EDGE_LOOP('',(#4295,#4296,#4297,#4298));
#2721=PLANE('',#2722);
#2722=AXIS2_PLACEMENT_3D('',#2723,#2724,#2725);
#2723=CARTESIAN_POINT('',(10.32,0.32,-3.5));
#2724=DIRECTION('',(0.,1.,-0.));
#2725=DIRECTION('',(-1.,0.,0.));
#2726=FACE_BOUND('',#2727,.T.);
#2727=EDGE_LOOP('',(#4299,#4300,#4301,#4302));
#2728=PLANE('',#2729);
#2729=AXIS2_PLACEMENT_3D('',#2730,#2731,#2732);
#2730=CARTESIAN_POINT('',(10.32,-0.32,-3.5));
#2731=DIRECTION('',(1.,0.,0.));
#2732=DIRECTION('',(0.,1.,0.));
#2733=FACE_BOUND('',#2734,.T.);
#2734=EDGE_LOOP('',(#4303,#4304,#4305,#4306));
#2735=PLANE('',#2736);
#2736=AXIS2_PLACEMENT_3D('',#2737,#2738,#2739);
#2737=CARTESIAN_POINT('',(9.68,-0.32,-3.5));
#2738=DIRECTION('',(0.,-1.,0.));
#2739=DIRECTION('',(1.,0.,0.));
#2740=FACE_BOUND('',#2741,.T.);
#2741=EDGE_LOOP('',(#4307,#4308,#4309,#4310));
#2742=PLANE('',#2743);
#2743=AXIS2_PLACEMENT_3D('',#2744,#2745,#2746);
#2744=CARTESIAN_POINT('',(9.68,0.32,-3.5));
#2745=DIRECTION('',(-1.,0.,0.));
#2746=DIRECTION('',(0.,-1.,0.));
#2747=FACE_BOUND('',#2748,.T.);
#2748=EDGE_LOOP('',(#4311,#4312,#4313,#4314));
#2749=PLANE('',#2750);
#2750=AXIS2_PLACEMENT_3D('',#2751,#2752,#2753);
#2751=CARTESIAN_POINT('',(12.82,0.32,-3.5));
#2752=DIRECTION('',(0.,1.,-0.));
#2753=DIRECTION('',(-1.,0.,0.));
#2754=FACE_BOUND('',#2755,.T.);
#2755=EDGE_LOOP('',(#4315,#4316,#4317,#4318));
#2756=PLANE('',#2757);
#2757=AXIS2_PLACEMENT_3D('',#2758,#2759,#2760);
#2758=CARTESIAN_POINT('',(12.82,-0.32,-3.5));
#2759=DIRECTION('',(1.,0.,0.));
#2760=DIRECTION('',(0.,1.,0.));
#2761=FACE_BOUND('',#2762,.T.);
#2762=EDGE_LOOP('',(#4319,#4320,#4321,#4322));
#2763=PLANE('',#2764);
#2764=AXIS2_PLACEMENT_3D('',#2765,#2766,#2767);
#2765=CARTESIAN_POINT('',(12.18,-0.32,-3.5));
#2766=DIRECTION('',(0.,-1.,0.));
#2767=DIRECTION('',(1.,0.,0.));
#2768=FACE_BOUND('',#2769,.T.);
#2769=EDGE_LOOP('',(#4323,#4324,#4325,#4326));
#2770=PLANE('',#2771);
#2771=AXIS2_PLACEMENT_3D('',#2772,#2773,#2774);
#2772=CARTESIAN_POINT('',(12.18,0.32,-3.5));
#2773=DIRECTION('',(-1.,0.,0.));
#2774=DIRECTION('',(0.,-1.,0.));
#2775=FACE_BOUND('',#2776,.T.);
#2776=EDGE_LOOP('',(#4327,#4328,#4329,#4330));
#2777=PLANE('',#2778);
#2778=AXIS2_PLACEMENT_3D('',#2779,#2780,#2781);
#2779=CARTESIAN_POINT('',(15.32,0.32,-3.5));
#2780=DIRECTION('',(0.,1.,-0.));
#2781=DIRECTION('',(-1.,0.,0.));
#2782=FACE_BOUND('',#2783,.T.);
#2783=EDGE_LOOP('',(#4331,#4332,#4333,#4334));
#2784=PLANE('',#2785);
#2785=AXIS2_PLACEMENT_3D('',#2786,#2787,#2788);
#2786=CARTESIAN_POINT('',(15.32,-0.32,-3.5));
#2787=DIRECTION('',(1.,0.,0.));
#2788=DIRECTION('',(0.,1.,0.));
#2789=FACE_BOUND('',#2790,.T.);
#2790=EDGE_LOOP('',(#4335,#4336,#4337,#4338));
#2791=PLANE('',#2792);
#2792=AXIS2_PLACEMENT_3D('',#2793,#2794,#2795);
#2793=CARTESIAN_POINT('',(14.68,-0.32,-3.5));
#2794=DIRECTION('',(0.,-1.,0.));
#2795=DIRECTION('',(1.,0.,0.));
#2796=FACE_BOUND('',#2797,.T.);
#2797=EDGE_LOOP('',(#4339,#4340,#4341,#4342));
#2798=PLANE('',#2799);
#2799=AXIS2_PLACEMENT_3D('',#2800,#2801,#2802);
#2800=CARTESIAN_POINT('',(14.68,0.32,-3.5));
#2801=DIRECTION('',(-1.,0.,0.));
#2802=DIRECTION('',(0.,-1.,0.));
#2803=FACE_BOUND('',#2804,.T.);
#2804=EDGE_LOOP('',(#4343,#4344,#4345,#4346));
#2805=PLANE('',#2806);
#2806=AXIS2_PLACEMENT_3D('',#2807,#2808,#2809);
#2807=CARTESIAN_POINT('',(17.82,0.32,-3.5));
#2808=DIRECTION('',(0.,1.,-0.));
#2809=DIRECTION('',(-1.,0.,0.));
#2810=FACE_BOUND('',#2811,.T.);
#2811=EDGE_LOOP('',(#4347,#4348,#4349,#4350));
#2812=PLANE('',#2813);
#2813=AXIS2_PLACEMENT_3D('',#2814,#2815,#2816);
#2814=CARTESIAN_POINT('',(17.82,-0.32,-3.5));
#2815=DIRECTION('',(1.,0.,0.));
#2816=DIRECTION('',(0.,1.,0.));
#2817=FACE_BOUND('',#2818,.T.);
#2818=EDGE_LOOP('',(#4351,#4352,#4353,#4354));
#2819=PLANE('',#2820);
#2820=AXIS2_PLACEMENT_3D('',#2821,#2822,#2823);
#2821=CARTESIAN_POINT('',(17.18,-0.32,-3.5));
#2822=DIRECTION('',(0.,-1.,0.));
#2823=DIRECTION('',(1.,0.,0.));
#2824=FACE_BOUND('',#2825,.T.);
#2825=EDGE_LOOP('',(#4355,#4356,#4357,#4358));
#2826=PLANE('',#2827);
#2827=AXIS2_PLACEMENT_3D('',#2828,#2829,#2830);
#2828=CARTESIAN_POINT('',(17.18,0.32,-3.5));
#2829=DIRECTION('',(-1.,0.,0.));
#2830=DIRECTION('',(0.,-1.,0.));
#2831=FACE_BOUND('',#2832,.T.);
#2832=EDGE_LOOP('',(#4359,#4360,#4361,#4362));
#2833=PLANE('',#2834);
#2834=AXIS2_PLACEMENT_3D('',#2835,#2836,#2837);
#2835=CARTESIAN_POINT('',(20.32,0.32,-3.5));
#2836=DIRECTION('',(0.,1.,-0.));
#2837=DIRECTION('',(-1.,0.,0.));
#2838=FACE_BOUND('',#2839,.T.);
#2839=EDGE_LOOP('',(#4363,#4364,#4365,#4366));
#2840=PLANE('',#2841);
#2841=AXIS2_PLACEMENT_3D('',#2842,#2843,#2844);
#2842=CARTESIAN_POINT('',(20.32,-0.32,-3.5));
#2843=DIRECTION('',(1.,0.,0.));
#2844=DIRECTION('',(0.,1.,0.));
#2845=FACE_BOUND('',#2846,.T.);
#2846=EDGE_LOOP('',(#4367,#4368,#4369,#4370));
#2847=PLANE('',#2848);
#2848=AXIS2_PLACEMENT_3D('',#2849,#2850,#2851);
#2849=CARTESIAN_POINT('',(19.68,-0.32,-3.5));
#2850=DIRECTION('',(0.,-1.,0.));
#2851=DIRECTION('',(1.,0.,0.));
#2852=FACE_BOUND('',#2853,.T.);
#2853=EDGE_LOOP('',(#4371,#4372,#4373,#4374));
#2854=PLANE('',#2855);
#2855=AXIS2_PLACEMENT_3D('',#2856,#2857,#2858);
#2856=CARTESIAN_POINT('',(19.68,0.32,-3.5));
#2857=DIRECTION('',(-1.,0.,0.));
#2858=DIRECTION('',(0.,-1.,0.));
#2859=FACE_BOUND('',#2860,.T.);
#2860=EDGE_LOOP('',(#4375,#4376,#4377,#4378));
#2861=PLANE('',#2862);
#2862=AXIS2_PLACEMENT_3D('',#2863,#2864,#2865);
#2863=CARTESIAN_POINT('',(0.32,0.32,-3.5));
#2864=DIRECTION('',(0.,1.,-0.));
#2865=DIRECTION('',(-1.,0.,0.));
#2866=FACE_BOUND('',#2867,.T.);
#2867=EDGE_LOOP('',(#4379,#4380,#4381,#4382));
#2868=PLANE('',#2869);
#2869=AXIS2_PLACEMENT_3D('',#2870,#2871,#2872);
#2870=CARTESIAN_POINT('',(0.32,-0.32,-3.5));
#2871=DIRECTION('',(1.,0.,0.));
#2872=DIRECTION('',(0.,1.,0.));
#2873=FACE_BOUND('',#2874,.T.);
#2874=EDGE_LOOP('',(#4383,#4384,#4385,#4386));
#2875=PLANE('',#2876);
#2876=AXIS2_PLACEMENT_3D('',#2877,#2878,#2879);
#2877=CARTESIAN_POINT('',(-0.32,-0.32,-3.5));
#2878=DIRECTION('',(0.,-1.,0.));
#2879=DIRECTION('',(1.,0.,0.));
#2880=FACE_BOUND('',#2881,.T.);
#2881=EDGE_LOOP('',(#4387,#4388,#4389,#4390));
#2882=PLANE('',#2883);
#2883=AXIS2_PLACEMENT_3D('',#2884,#2885,#2886);
#2884=CARTESIAN_POINT('',(-0.32,0.32,-3.5));
#2885=DIRECTION('',(-1.,0.,0.));
#2886=DIRECTION('',(0.,-1.,0.));
#2887=FACE_BOUND('',#2888,.T.);
#2888=EDGE_LOOP('',(#4391,#4392,#4393,#4394));
#2889=PLANE('',#2890);
#2890=AXIS2_PLACEMENT_3D('',#2891,#2892,#2893);
#2891=CARTESIAN_POINT('',(-2.1,4.05,7.));
#2892=DIRECTION('',(0.707106781186546,5.55784941126999E-017,0.707106781186549));
#2893=DIRECTION('',(7.85998601504536E-017,-1.,0.));
#2894=FACE_BOUND('',#2895,.T.);
#2895=EDGE_LOOP('',(#4395,#4396,#4397,#4398,#4399));
#2896=PLANE('',#2897);
#2897=AXIS2_PLACEMENT_3D('',#2898,#2899,#2900);
#2898=CARTESIAN_POINT('',(22.5,-0.4,7.));
#2899=DIRECTION('',(0.,1.,0.));
#2900=DIRECTION('',(0.,0.,-1.));
#2901=FACE_BOUND('',#2902,.T.);
#2902=EDGE_LOOP('',(#4400,#4401,#4402,#4403));
#2903=PLANE('',#2904);
#2904=AXIS2_PLACEMENT_3D('',#2905,#2906,#2907);
#2905=CARTESIAN_POINT('',(0.32,0.32,-3.5));
#2906=DIRECTION('',(0.,1.,-0.));
#2907=DIRECTION('',(-1.,0.,0.));
#2908=FACE_BOUND('',#2909,.T.);
#2909=EDGE_LOOP('',(#4404,#4405,#4406,#4407));
#2910=PLANE('',#2911);
#2911=AXIS2_PLACEMENT_3D('',#2912,#2913,#2914);
#2912=CARTESIAN_POINT('',(-0.32,0.32,-3.5));
#2913=DIRECTION('',(-1.,0.,0.));
#2914=DIRECTION('',(0.,-1.,0.));
#2915=FACE_BOUND('',#2916,.T.);
#2916=EDGE_LOOP('',(#4408,#4409,#4410,#4411));
#2917=PLANE('',#2918);
#2918=AXIS2_PLACEMENT_3D('',#2919,#2920,#2921);
#2919=CARTESIAN_POINT('',(-0.32,-0.32,-3.5));
#2920=DIRECTION('',(0.,-1.,0.));
#2921=DIRECTION('',(1.,0.,0.));
#2922=FACE_BOUND('',#2923,.T.);
#2923=EDGE_LOOP('',(#4412,#4413,#4414,#4415));
#2924=PLANE('',#2925);
#2925=AXIS2_PLACEMENT_3D('',#2926,#2927,#2928);
#2926=CARTESIAN_POINT('',(0.32,-0.32,-3.5));
#2927=DIRECTION('',(1.,0.,0.));
#2928=DIRECTION('',(0.,1.,0.));
#2929=FACE_BOUND('',#2930,.T.);
#2930=EDGE_LOOP('',(#4416,#4417,#4418,#4419));
#2931=PLANE('',#2932);
#2932=AXIS2_PLACEMENT_3D('',#2933,#2934,#2935);
#2933=CARTESIAN_POINT('',(2.82,0.32,-3.5));
#2934=DIRECTION('',(0.,1.,-0.));
#2935=DIRECTION('',(-1.,0.,0.));
#2936=FACE_BOUND('',#2937,.T.);
#2937=EDGE_LOOP('',(#4420,#4421,#4422,#4423));
#2938=PLANE('',#2939);
#2939=AXIS2_PLACEMENT_3D('',#2940,#2941,#2942);
#2940=CARTESIAN_POINT('',(2.18,0.32,-3.5));
#2941=DIRECTION('',(-1.,0.,0.));
#2942=DIRECTION('',(0.,-1.,0.));
#2943=FACE_BOUND('',#2944,.T.);
#2944=EDGE_LOOP('',(#4424,#4425,#4426,#4427));
#2945=PLANE('',#2946);
#2946=AXIS2_PLACEMENT_3D('',#2947,#2948,#2949);
#2947=CARTESIAN_POINT('',(2.18,-0.32,-3.5));
#2948=DIRECTION('',(0.,-1.,0.));
#2949=DIRECTION('',(1.,0.,0.));
#2950=FACE_BOUND('',#2951,.T.);
#2951=EDGE_LOOP('',(#4428,#4429,#4430,#4431));
#2952=PLANE('',#2953);
#2953=AXIS2_PLACEMENT_3D('',#2954,#2955,#2956);
#2954=CARTESIAN_POINT('',(2.82,-0.32,-3.5));
#2955=DIRECTION('',(1.,0.,0.));
#2956=DIRECTION('',(0.,1.,0.));
#2957=FACE_BOUND('',#2958,.T.);
#2958=EDGE_LOOP('',(#4432,#4433,#4434,#4435));
#2959=PLANE('',#2960);
#2960=AXIS2_PLACEMENT_3D('',#2961,#2962,#2963);
#2961=CARTESIAN_POINT('',(5.32,0.32,-3.5));
#2962=DIRECTION('',(0.,1.,-0.));
#2963=DIRECTION('',(-1.,0.,0.));
#2964=FACE_BOUND('',#2965,.T.);
#2965=EDGE_LOOP('',(#4436,#4437,#4438,#4439));
#2966=PLANE('',#2967);
#2967=AXIS2_PLACEMENT_3D('',#2968,#2969,#2970);
#2968=CARTESIAN_POINT('',(4.68,0.32,-3.5));
#2969=DIRECTION('',(-1.,0.,0.));
#2970=DIRECTION('',(0.,-1.,0.));
#2971=FACE_BOUND('',#2972,.T.);
#2972=EDGE_LOOP('',(#4440,#4441,#4442,#4443));
#2973=PLANE('',#2974);
#2974=AXIS2_PLACEMENT_3D('',#2975,#2976,#2977);
#2975=CARTESIAN_POINT('',(4.68,-0.32,-3.5));
#2976=DIRECTION('',(0.,-1.,0.));
#2977=DIRECTION('',(1.,0.,0.));
#2978=FACE_BOUND('',#2979,.T.);
#2979=EDGE_LOOP('',(#4444,#4445,#4446,#4447));
#2980=PLANE('',#2981);
#2981=AXIS2_PLACEMENT_3D('',#2982,#2983,#2984);
#2982=CARTESIAN_POINT('',(5.32,-0.32,-3.5));
#2983=DIRECTION('',(1.,0.,0.));
#2984=DIRECTION('',(0.,1.,0.));
#2985=FACE_BOUND('',#2986,.T.);
#2986=EDGE_LOOP('',(#4448,#4449,#4450,#4451));
#2987=PLANE('',#2988);
#2988=AXIS2_PLACEMENT_3D('',#2989,#2990,#2991);
#2989=CARTESIAN_POINT('',(7.82,0.32,-3.5));
#2990=DIRECTION('',(0.,1.,-0.));
#2991=DIRECTION('',(-1.,0.,0.));
#2992=FACE_BOUND('',#2993,.T.);
#2993=EDGE_LOOP('',(#4452,#4453,#4454,#4455));
#2994=PLANE('',#2995);
#2995=AXIS2_PLACEMENT_3D('',#2996,#2997,#2998);
#2996=CARTESIAN_POINT('',(7.18,0.32,-3.5));
#2997=DIRECTION('',(-1.,0.,0.));
#2998=DIRECTION('',(0.,-1.,0.));
#2999=FACE_BOUND('',#3000,.T.);
#3000=EDGE_LOOP('',(#4456,#4457,#4458,#4459));
#3001=PLANE('',#3002);
#3002=AXIS2_PLACEMENT_3D('',#3003,#3004,#3005);
#3003=CARTESIAN_POINT('',(7.18,-0.32,-3.5));
#3004=DIRECTION('',(0.,-1.,0.));
#3005=DIRECTION('',(1.,0.,0.));
#3006=FACE_BOUND('',#3007,.T.);
#3007=EDGE_LOOP('',(#4460,#4461,#4462,#4463));
#3008=PLANE('',#3009);
#3009=AXIS2_PLACEMENT_3D('',#3010,#3011,#3012);
#3010=CARTESIAN_POINT('',(7.82,-0.32,-3.5));
#3011=DIRECTION('',(1.,0.,0.));
#3012=DIRECTION('',(0.,1.,0.));
#3013=FACE_BOUND('',#3014,.T.);
#3014=EDGE_LOOP('',(#4464,#4465,#4466,#4467));
#3015=PLANE('',#3016);
#3016=AXIS2_PLACEMENT_3D('',#3017,#3018,#3019);
#3017=CARTESIAN_POINT('',(10.32,0.32,-3.5));
#3018=DIRECTION('',(0.,1.,-0.));
#3019=DIRECTION('',(-1.,0.,0.));
#3020=FACE_BOUND('',#3021,.T.);
#3021=EDGE_LOOP('',(#4468,#4469,#4470,#4471));
#3022=PLANE('',#3023);
#3023=AXIS2_PLACEMENT_3D('',#3024,#3025,#3026);
#3024=CARTESIAN_POINT('',(9.68,0.32,-3.5));
#3025=DIRECTION('',(-1.,0.,0.));
#3026=DIRECTION('',(0.,-1.,0.));
#3027=FACE_BOUND('',#3028,.T.);
#3028=EDGE_LOOP('',(#4472,#4473,#4474,#4475));
#3029=PLANE('',#3030);
#3030=AXIS2_PLACEMENT_3D('',#3031,#3032,#3033);
#3031=CARTESIAN_POINT('',(9.68,-0.32,-3.5));
#3032=DIRECTION('',(0.,-1.,0.));
#3033=DIRECTION('',(1.,0.,0.));
#3034=FACE_BOUND('',#3035,.T.);
#3035=EDGE_LOOP('',(#4476,#4477,#4478,#4479));
#3036=PLANE('',#3037);
#3037=AXIS2_PLACEMENT_3D('',#3038,#3039,#3040);
#3038=CARTESIAN_POINT('',(10.32,-0.32,-3.5));
#3039=DIRECTION('',(1.,0.,0.));
#3040=DIRECTION('',(0.,1.,0.));
#3041=FACE_BOUND('',#3042,.T.);
#3042=EDGE_LOOP('',(#4480,#4481,#4482,#4483));
#3043=PLANE('',#3044);
#3044=AXIS2_PLACEMENT_3D('',#3045,#3046,#3047);
#3045=CARTESIAN_POINT('',(12.82,0.32,-3.5));
#3046=DIRECTION('',(0.,1.,-0.));
#3047=DIRECTION('',(-1.,0.,0.));
#3048=FACE_BOUND('',#3049,.T.);
#3049=EDGE_LOOP('',(#4484,#4485,#4486,#4487));
#3050=PLANE('',#3051);
#3051=AXIS2_PLACEMENT_3D('',#3052,#3053,#3054);
#3052=CARTESIAN_POINT('',(12.18,0.32,-3.5));
#3053=DIRECTION('',(-1.,0.,0.));
#3054=DIRECTION('',(0.,-1.,0.));
#3055=FACE_BOUND('',#3056,.T.);
#3056=EDGE_LOOP('',(#4488,#4489,#4490,#4491));
#3057=PLANE('',#3058);
#3058=AXIS2_PLACEMENT_3D('',#3059,#3060,#3061);
#3059=CARTESIAN_POINT('',(12.18,-0.32,-3.5));
#3060=DIRECTION('',(0.,-1.,0.));
#3061=DIRECTION('',(1.,0.,0.));
#3062=FACE_BOUND('',#3063,.T.);
#3063=EDGE_LOOP('',(#4492,#4493,#4494,#4495));
#3064=PLANE('',#3065);
#3065=AXIS2_PLACEMENT_3D('',#3066,#3067,#3068);
#3066=CARTESIAN_POINT('',(12.82,-0.32,-3.5));
#3067=DIRECTION('',(1.,0.,0.));
#3068=DIRECTION('',(0.,1.,0.));
#3069=FACE_BOUND('',#3070,.T.);
#3070=EDGE_LOOP('',(#4496,#4497,#4498,#4499));
#3071=PLANE('',#3072);
#3072=AXIS2_PLACEMENT_3D('',#3073,#3074,#3075);
#3073=CARTESIAN_POINT('',(15.32,0.32,-3.5));
#3074=DIRECTION('',(0.,1.,-0.));
#3075=DIRECTION('',(-1.,0.,0.));
#3076=FACE_BOUND('',#3077,.T.);
#3077=EDGE_LOOP('',(#4500,#4501,#4502,#4503));
#3078=PLANE('',#3079);
#3079=AXIS2_PLACEMENT_3D('',#3080,#3081,#3082);
#3080=CARTESIAN_POINT('',(14.68,0.32,-3.5));
#3081=DIRECTION('',(-1.,0.,0.));
#3082=DIRECTION('',(0.,-1.,0.));
#3083=FACE_BOUND('',#3084,.T.);
#3084=EDGE_LOOP('',(#4504,#4505,#4506,#4507));
#3085=PLANE('',#3086);
#3086=AXIS2_PLACEMENT_3D('',#3087,#3088,#3089);
#3087=CARTESIAN_POINT('',(14.68,-0.32,-3.5));
#3088=DIRECTION('',(0.,-1.,0.));
#3089=DIRECTION('',(1.,0.,0.));
#3090=FACE_BOUND('',#3091,.T.);
#3091=EDGE_LOOP('',(#4508,#4509,#4510,#4511));
#3092=PLANE('',#3093);
#3093=AXIS2_PLACEMENT_3D('',#3094,#3095,#3096);
#3094=CARTESIAN_POINT('',(15.32,-0.32,-3.5));
#3095=DIRECTION('',(1.,0.,0.));
#3096=DIRECTION('',(0.,1.,0.));
#3097=FACE_BOUND('',#3098,.T.);
#3098=EDGE_LOOP('',(#4512,#4513,#4514,#4515));
#3099=PLANE('',#3100);
#3100=AXIS2_PLACEMENT_3D('',#3101,#3102,#3103);
#3101=CARTESIAN_POINT('',(17.82,0.32,-3.5));
#3102=DIRECTION('',(0.,1.,-0.));
#3103=DIRECTION('',(-1.,0.,0.));
#3104=FACE_BOUND('',#3105,.T.);
#3105=EDGE_LOOP('',(#4516,#4517,#4518,#4519));
#3106=PLANE('',#3107);
#3107=AXIS2_PLACEMENT_3D('',#3108,#3109,#3110);
#3108=CARTESIAN_POINT('',(17.18,0.32,-3.5));
#3109=DIRECTION('',(-1.,0.,0.));
#3110=DIRECTION('',(0.,-1.,0.));
#3111=FACE_BOUND('',#3112,.T.);
#3112=EDGE_LOOP('',(#4520,#4521,#4522,#4523));
#3113=PLANE('',#3114);
#3114=AXIS2_PLACEMENT_3D('',#3115,#3116,#3117);
#3115=CARTESIAN_POINT('',(17.18,-0.32,-3.5));
#3116=DIRECTION('',(0.,-1.,0.));
#3117=DIRECTION('',(1.,0.,0.));
#3118=FACE_BOUND('',#3119,.T.);
#3119=EDGE_LOOP('',(#4524,#4525,#4526,#4527));
#3120=PLANE('',#3121);
#3121=AXIS2_PLACEMENT_3D('',#3122,#3123,#3124);
#3122=CARTESIAN_POINT('',(17.82,-0.32,-3.5));
#3123=DIRECTION('',(1.,0.,0.));
#3124=DIRECTION('',(0.,1.,0.));
#3125=FACE_BOUND('',#3126,.T.);
#3126=EDGE_LOOP('',(#4528,#4529,#4530,#4531));
#3127=PLANE('',#3128);
#3128=AXIS2_PLACEMENT_3D('',#3129,#3130,#3131);
#3129=CARTESIAN_POINT('',(20.32,0.32,-3.5));
#3130=DIRECTION('',(0.,1.,-0.));
#3131=DIRECTION('',(-1.,0.,0.));
#3132=FACE_BOUND('',#3133,.T.);
#3133=EDGE_LOOP('',(#4532,#4533,#4534,#4535));
#3134=PLANE('',#3135);
#3135=AXIS2_PLACEMENT_3D('',#3136,#3137,#3138);
#3136=CARTESIAN_POINT('',(19.68,0.32,-3.5));
#3137=DIRECTION('',(-1.,0.,0.));
#3138=DIRECTION('',(0.,-1.,0.));
#3139=FACE_BOUND('',#3140,.T.);
#3140=EDGE_LOOP('',(#4536,#4537,#4538,#4539));
#3141=PLANE('',#3142);
#3142=AXIS2_PLACEMENT_3D('',#3143,#3144,#3145);
#3143=CARTESIAN_POINT('',(19.68,-0.32,-3.5));
#3144=DIRECTION('',(0.,-1.,0.));
#3145=DIRECTION('',(1.,0.,0.));
#3146=FACE_BOUND('',#3147,.T.);
#3147=EDGE_LOOP('',(#4540,#4541,#4542,#4543));
#3148=PLANE('',#3149);
#3149=AXIS2_PLACEMENT_3D('',#3150,#3151,#3152);
#3150=CARTESIAN_POINT('',(20.32,-0.32,-3.5));
#3151=DIRECTION('',(1.,0.,0.));
#3152=DIRECTION('',(0.,1.,0.));
#3153=FACE_BOUND('',#3154,.T.);
#3154=EDGE_LOOP('',(#4544,#4545,#4546,#4547));
#3155=PLANE('',#3156);
#3156=AXIS2_PLACEMENT_3D('',#3157,#3158,#3159);
#3157=CARTESIAN_POINT('',(23.,3.15,7.));
#3158=DIRECTION('',(1.20776342975675E-017,-0.707106781186547,0.707106781186548));
#3159=DIRECTION('',(-1.,-1.70803542250024E-017,0.));
#3160=FACE_BOUND('',#3161,.T.);
#3161=EDGE_LOOP('',(#4548,#4549,#4550,#4551));
#3162=PLANE('',#3163);
#3163=AXIS2_PLACEMENT_3D('',#3164,#3165,#3166);
#3164=CARTESIAN_POINT('',(3.76641016151378,0.32,6.12679491924311));
#3165=DIRECTION('',(1.8151898764984E-016,0.965925826289069,0.258819045102519));
#3166=DIRECTION('',(-1.,3.76053679555885E-032,7.01335512531312E-016));
#3167=FACE_BOUND('',#3168,.T.);
#3168=EDGE_LOOP('',(#4552,#4553,#4554,#4555));
#3169=PLANE('',#3170);
#3170=AXIS2_PLACEMENT_3D('',#3171,#3172,#3173);
#3171=CARTESIAN_POINT('',(2.82,-1.26641016151378,6.12679491924311));
#3172=DIRECTION('',(0.965925826289069,-1.8151898764984E-016,0.258819045102519));
#3173=DIRECTION('',(3.76053679555885E-032,1.,7.01335512531312E-016));
#3174=FACE_BOUND('',#3175,.T.);
#3175=EDGE_LOOP('',(#4556,#4557,#4558,#4559));
#3176=PLANE('',#3177);
#3177=AXIS2_PLACEMENT_3D('',#3178,#3179,#3180);
#3178=CARTESIAN_POINT('',(1.23358983848622,-0.32,6.12679491924311));
#3179=DIRECTION('',(0.,-0.965925826289068,0.258819045102522));
#3180=DIRECTION('',(1.,0.,0.));
#3181=FACE_BOUND('',#3182,.T.);
#3182=EDGE_LOOP('',(#4560,#4561,#4562,#4563));
#3183=PLANE('',#3184);
#3184=AXIS2_PLACEMENT_3D('',#3185,#3186,#3187);
#3185=CARTESIAN_POINT('',(2.18,1.26641016151378,6.12679491924311));
#3186=DIRECTION('',(-0.965925826289069,1.8151898764984E-016,0.258819045102519));
#3187=DIRECTION('',(-3.76053679555885E-032,-1.,7.01335512531312E-016));
#3188=FACE_BOUND('',#3189,.T.);
#3189=EDGE_LOOP('',(#4564,#4565,#4566,#4567));
#3190=PLANE('',#3191);
#3191=AXIS2_PLACEMENT_3D('',#3192,#3193,#3194);
#3192=CARTESIAN_POINT('',(6.26641016151378,0.32,6.12679491924311));
#3193=DIRECTION('',(0.,0.965925826289068,0.258819045102522));
#3194=DIRECTION('',(-1.,0.,0.));
#3195=FACE_BOUND('',#3196,.T.);
#3196=EDGE_LOOP('',(#4568,#4569,#4570,#4571));
#3197=PLANE('',#3198);
#3198=AXIS2_PLACEMENT_3D('',#3199,#3200,#3201);
#3199=CARTESIAN_POINT('',(5.32,-1.26641016151378,6.12679491924311));
#3200=DIRECTION('',(0.965925826289069,-1.81518987649839E-016,0.258819045102518));
#3201=DIRECTION('',(-3.76053679555885E-032,1.,7.01335512531312E-016));
#3202=FACE_BOUND('',#3203,.T.);
#3203=EDGE_LOOP('',(#4572,#4573,#4574,#4575));
#3204=PLANE('',#3205);
#3205=AXIS2_PLACEMENT_3D('',#3206,#3207,#3208);
#3206=CARTESIAN_POINT('',(3.73358983848622,-0.32,6.12679491924311));
#3207=DIRECTION('',(0.,-0.965925826289068,0.258819045102522));
#3208=DIRECTION('',(1.,0.,0.));
#3209=FACE_BOUND('',#3210,.T.);
#3210=EDGE_LOOP('',(#4576,#4577,#4578,#4579));
#3211=PLANE('',#3212);
#3212=AXIS2_PLACEMENT_3D('',#3213,#3214,#3215);
#3213=CARTESIAN_POINT('',(4.68,1.26641016151378,6.12679491924311));
#3214=DIRECTION('',(-0.965925826289069,1.81518987649839E-016,0.258819045102518));
#3215=DIRECTION('',(3.76053679555885E-032,-1.,7.01335512531312E-016));
#3216=FACE_BOUND('',#3217,.T.);
#3217=EDGE_LOOP('',(#4580,#4581,#4582,#4583));
#3218=PLANE('',#3219);
#3219=AXIS2_PLACEMENT_3D('',#3220,#3221,#3222);
#3220=CARTESIAN_POINT('',(8.76641016151378,0.32,6.12679491924311));
#3221=DIRECTION('',(0.,0.965925826289068,0.258819045102522));
#3222=DIRECTION('',(-1.,0.,0.));
#3223=FACE_BOUND('',#3224,.T.);
#3224=EDGE_LOOP('',(#4584,#4585,#4586,#4587));
#3225=PLANE('',#3226);
#3226=AXIS2_PLACEMENT_3D('',#3227,#3228,#3229);
#3227=CARTESIAN_POINT('',(7.82,-1.26641016151378,6.12679491924311));
#3228=DIRECTION('',(0.965925826289069,-1.81518987649839E-016,0.258819045102518));
#3229=DIRECTION('',(-3.76053679555885E-032,1.,7.01335512531312E-016));
#3230=FACE_BOUND('',#3231,.T.);
#3231=EDGE_LOOP('',(#4588,#4589,#4590,#4591));
#3232=PLANE('',#3233);
#3233=AXIS2_PLACEMENT_3D('',#3234,#3235,#3236);
#3234=CARTESIAN_POINT('',(6.23358983848622,-0.32,6.12679491924311));
#3235=DIRECTION('',(0.,-0.965925826289068,0.258819045102522));
#3236=DIRECTION('',(1.,0.,0.));
#3237=FACE_BOUND('',#3238,.T.);
#3238=EDGE_LOOP('',(#4592,#4593,#4594,#4595));
#3239=PLANE('',#3240);
#3240=AXIS2_PLACEMENT_3D('',#3241,#3242,#3243);
#3241=CARTESIAN_POINT('',(7.18,1.26641016151378,6.12679491924311));
#3242=DIRECTION('',(-0.965925826289069,1.81518987649839E-016,0.258819045102518));
#3243=DIRECTION('',(3.76053679555885E-032,-1.,7.01335512531312E-016));
#3244=FACE_BOUND('',#3245,.T.);
#3245=EDGE_LOOP('',(#4596,#4597,#4598,#4599));
#3246=PLANE('',#3247);
#3247=AXIS2_PLACEMENT_3D('',#3248,#3249,#3250);
#3248=CARTESIAN_POINT('',(11.2664101615138,0.32,6.12679491924311));
#3249=DIRECTION('',(1.8151898764984E-016,0.965925826289069,0.25881904510252));
#3250=DIRECTION('',(-1.,0.,7.01335512531312E-016));
#3251=FACE_BOUND('',#3252,.T.);
#3252=EDGE_LOOP('',(#4600,#4601,#4602,#4603));
#3253=PLANE('',#3254);
#3254=AXIS2_PLACEMENT_3D('',#3255,#3256,#3257);
#3255=CARTESIAN_POINT('',(10.32,-1.26641016151378,6.12679491924311));
#3256=DIRECTION('',(0.965925826289069,-1.81518987649839E-016,0.258819045102518));
#3257=DIRECTION('',(-3.76053679555885E-032,1.,7.01335512531312E-016));
#3258=FACE_BOUND('',#3259,.T.);
#3259=EDGE_LOOP('',(#4604,#4605,#4606,#4607));
#3260=PLANE('',#3261);
#3261=AXIS2_PLACEMENT_3D('',#3262,#3263,#3264);
#3262=CARTESIAN_POINT('',(8.73358983848622,-0.32,6.12679491924311));
#3263=DIRECTION('',(-1.8151898764984E-016,-0.965925826289069,0.25881904510252));
#3264=DIRECTION('',(1.,0.,7.01335512531312E-016));
#3265=FACE_BOUND('',#3266,.T.);
#3266=EDGE_LOOP('',(#4608,#4609,#4610,#4611));
#3267=PLANE('',#3268);
#3268=AXIS2_PLACEMENT_3D('',#3269,#3270,#3271);
#3269=CARTESIAN_POINT('',(9.68,1.26641016151378,6.12679491924311));
#3270=DIRECTION('',(-0.965925826289069,1.81518987649839E-016,0.258819045102518));
#3271=DIRECTION('',(3.76053679555885E-032,-1.,7.01335512531312E-016));
#3272=FACE_BOUND('',#3273,.T.);
#3273=EDGE_LOOP('',(#4612,#4613,#4614,#4615));
#3274=PLANE('',#3275);
#3275=AXIS2_PLACEMENT_3D('',#3276,#3277,#3278);
#3276=CARTESIAN_POINT('',(13.7664101615138,0.32,6.12679491924311));
#3277=DIRECTION('',(1.8151898764984E-016,0.965925826289069,0.25881904510252));
#3278=DIRECTION('',(-1.,0.,7.01335512531312E-016));
#3279=FACE_BOUND('',#3280,.T.);
#3280=EDGE_LOOP('',(#4616,#4617,#4618,#4619));
#3281=PLANE('',#3282);
#3282=AXIS2_PLACEMENT_3D('',#3283,#3284,#3285);
#3283=CARTESIAN_POINT('',(12.82,-1.26641016151378,6.12679491924311));
#3284=DIRECTION('',(0.965925826289069,-1.81518987649839E-016,0.258819045102518));
#3285=DIRECTION('',(-3.76053679555885E-032,1.,7.01335512531312E-016));
#3286=FACE_BOUND('',#3287,.T.);
#3287=EDGE_LOOP('',(#4620,#4621,#4622,#4623));
#3288=PLANE('',#3289);
#3289=AXIS2_PLACEMENT_3D('',#3290,#3291,#3292);
#3290=CARTESIAN_POINT('',(11.2335898384862,-0.32,6.12679491924311));
#3291=DIRECTION('',(-1.8151898764984E-016,-0.965925826289069,0.25881904510252));
#3292=DIRECTION('',(1.,0.,7.01335512531312E-016));
#3293=FACE_BOUND('',#3294,.T.);
#3294=EDGE_LOOP('',(#4624,#4625,#4626,#4627));
#3295=PLANE('',#3296);
#3296=AXIS2_PLACEMENT_3D('',#3297,#3298,#3299);
#3297=CARTESIAN_POINT('',(12.18,1.26641016151378,6.12679491924311));
#3298=DIRECTION('',(-0.965925826289069,1.81518987649839E-016,0.258819045102518));
#3299=DIRECTION('',(3.76053679555885E-032,-1.,7.01335512531312E-016));
#3300=FACE_BOUND('',#3301,.T.);
#3301=EDGE_LOOP('',(#4628,#4629,#4630,#4631));
#3302=PLANE('',#3303);
#3303=AXIS2_PLACEMENT_3D('',#3304,#3305,#3306);
#3304=CARTESIAN_POINT('',(16.2664101615138,0.32,6.12679491924311));
#3305=DIRECTION('',(1.8151898764984E-016,0.965925826289069,0.25881904510252));
#3306=DIRECTION('',(-1.,0.,7.01335512531312E-016));
#3307=FACE_BOUND('',#3308,.T.);
#3308=EDGE_LOOP('',(#4632,#4633,#4634,#4635));
#3309=PLANE('',#3310);
#3310=AXIS2_PLACEMENT_3D('',#3311,#3312,#3313);
#3311=CARTESIAN_POINT('',(15.32,-1.26641016151378,6.12679491924311));
#3312=DIRECTION('',(0.965925826289069,-1.81518987649839E-016,0.258819045102518));
#3313=DIRECTION('',(-3.76053679555885E-032,1.,7.01335512531312E-016));
#3314=FACE_BOUND('',#3315,.T.);
#3315=EDGE_LOOP('',(#4636,#4637,#4638,#4639));
#3316=PLANE('',#3317);
#3317=AXIS2_PLACEMENT_3D('',#3318,#3319,#3320);
#3318=CARTESIAN_POINT('',(13.7335898384862,-0.32,6.12679491924311));
#3319=DIRECTION('',(-1.8151898764984E-016,-0.965925826289069,0.25881904510252));
#3320=DIRECTION('',(1.,0.,7.01335512531312E-016));
#3321=FACE_BOUND('',#3322,.T.);
#3322=EDGE_LOOP('',(#4640,#4641,#4642,#4643));
#3323=PLANE('',#3324);
#3324=AXIS2_PLACEMENT_3D('',#3325,#3326,#3327);
#3325=CARTESIAN_POINT('',(14.68,1.26641016151378,6.12679491924311));
#3326=DIRECTION('',(-0.965925826289069,1.81518987649839E-016,0.258819045102518));
#3327=DIRECTION('',(3.76053679555885E-032,-1.,7.01335512531312E-016));
#3328=FACE_BOUND('',#3329,.T.);
#3329=EDGE_LOOP('',(#4644,#4645,#4646,#4647));
#3330=PLANE('',#3331);
#3331=AXIS2_PLACEMENT_3D('',#3332,#3333,#3334);
#3332=CARTESIAN_POINT('',(18.7664101615138,0.32,6.12679491924311));
#3333=DIRECTION('',(1.8151898764984E-016,0.965925826289069,0.25881904510252));
#3334=DIRECTION('',(-1.,0.,7.01335512531312E-016));
#3335=FACE_BOUND('',#3336,.T.);
#3336=EDGE_LOOP('',(#4648,#4649,#4650,#4651));
#3337=PLANE('',#3338);
#3338=AXIS2_PLACEMENT_3D('',#3339,#3340,#3341);
#3339=CARTESIAN_POINT('',(17.82,-1.26641016151378,6.12679491924311));
#3340=DIRECTION('',(0.965925826289068,-1.81518987649842E-016,0.258819045102522));
#3341=DIRECTION('',(-3.76053679555885E-032,1.,7.01335512531312E-016));
#3342=FACE_BOUND('',#3343,.T.);
#3343=EDGE_LOOP('',(#4652,#4653,#4654,#4655));
#3344=PLANE('',#3345);
#3345=AXIS2_PLACEMENT_3D('',#3346,#3347,#3348);
#3346=CARTESIAN_POINT('',(16.2335898384862,-0.32,6.12679491924311));
#3347=DIRECTION('',(-1.8151898764984E-016,-0.965925826289069,0.25881904510252));
#3348=DIRECTION('',(1.,0.,7.01335512531312E-016));
#3349=FACE_BOUND('',#3350,.T.);
#3350=EDGE_LOOP('',(#4656,#4657,#4658,#4659));
#3351=PLANE('',#3352);
#3352=AXIS2_PLACEMENT_3D('',#3353,#3354,#3355);
#3353=CARTESIAN_POINT('',(17.18,1.26641016151378,6.12679491924311));
#3354=DIRECTION('',(-0.965925826289068,1.81518987649842E-016,0.258819045102522));
#3355=DIRECTION('',(3.76053679555885E-032,-1.,7.01335512531312E-016));
#3356=FACE_BOUND('',#3357,.T.);
#3357=EDGE_LOOP('',(#4660,#4661,#4662,#4663));
#3358=PLANE('',#3359);
#3359=AXIS2_PLACEMENT_3D('',#3360,#3361,#3362);
#3360=CARTESIAN_POINT('',(21.2664101615138,0.32,6.12679491924311));
#3361=DIRECTION('',(1.8151898764984E-016,0.965925826289069,0.25881904510252));
#3362=DIRECTION('',(-1.,0.,7.01335512531312E-016));
#3363=FACE_BOUND('',#3364,.T.);
#3364=EDGE_LOOP('',(#4664,#4665,#4666,#4667));
#3365=PLANE('',#3366);
#3366=AXIS2_PLACEMENT_3D('',#3367,#3368,#3369);
#3367=CARTESIAN_POINT('',(20.32,-1.26641016151378,6.12679491924311));
#3368=DIRECTION('',(0.965925826289068,-1.81518987649842E-016,0.258819045102522));
#3369=DIRECTION('',(-3.76053679555885E-032,1.,7.01335512531312E-016));
#3370=FACE_BOUND('',#3371,.T.);
#3371=EDGE_LOOP('',(#4668,#4669,#4670,#4671));
#3372=PLANE('',#3373);
#3373=AXIS2_PLACEMENT_3D('',#3374,#3375,#3376);
#3374=CARTESIAN_POINT('',(18.7335898384862,-0.32,6.12679491924311));
#3375=DIRECTION('',(-1.8151898764984E-016,-0.965925826289069,0.25881904510252));
#3376=DIRECTION('',(1.,0.,7.01335512531312E-016));
#3377=FACE_BOUND('',#3378,.T.);
#3378=EDGE_LOOP('',(#4672,#4673,#4674,#4675));
#3379=PLANE('',#3380);
#3380=AXIS2_PLACEMENT_3D('',#3381,#3382,#3383);
#3381=CARTESIAN_POINT('',(19.68,1.26641016151378,6.12679491924311));
#3382=DIRECTION('',(-0.965925826289068,1.81518987649842E-016,0.258819045102522));
#3383=DIRECTION('',(3.76053679555885E-032,-1.,7.01335512531312E-016));
#3384=FACE_BOUND('',#3385,.T.);
#3385=EDGE_LOOP('',(#4676,#4677,#4678,#4679));
#3386=PLANE('',#3387);
#3387=AXIS2_PLACEMENT_3D('',#3388,#3389,#3390);
#3388=CARTESIAN_POINT('',(1.26641016151378,0.32,6.12679491924311));
#3389=DIRECTION('',(0.,0.965925826289068,0.258819045102522));
#3390=DIRECTION('',(-1.,0.,0.));
#3391=FACE_BOUND('',#3392,.T.);
#3392=EDGE_LOOP('',(#4680,#4681,#4682,#4683));
#3393=PLANE('',#3394);
#3394=AXIS2_PLACEMENT_3D('',#3395,#3396,#3397);
#3395=CARTESIAN_POINT('',(0.32,-1.26641016151378,6.12679491924311));
#3396=DIRECTION('',(0.965925826289069,-1.8151898764984E-016,0.258819045102519));
#3397=DIRECTION('',(3.76053679555885E-032,1.,7.01335512531312E-016));
#3398=FACE_BOUND('',#3399,.T.);
#3399=EDGE_LOOP('',(#4684,#4685,#4686,#4687));
#3400=PLANE('',#3401);
#3401=AXIS2_PLACEMENT_3D('',#3402,#3403,#3404);
#3402=CARTESIAN_POINT('',(-1.26641016151378,-0.32,6.12679491924311));
#3403=DIRECTION('',(0.,-0.965925826289068,0.258819045102522));
#3404=DIRECTION('',(1.,0.,0.));
#3405=FACE_BOUND('',#3406,.T.);
#3406=EDGE_LOOP('',(#4688,#4689,#4690,#4691));
#3407=PLANE('',#3408);
#3408=AXIS2_PLACEMENT_3D('',#3409,#3410,#3411);
#3409=CARTESIAN_POINT('',(-0.32,1.26641016151378,6.12679491924311));
#3410=DIRECTION('',(-0.965925826289069,1.8151898764984E-016,0.258819045102519));
#3411=DIRECTION('',(-3.76053679555885E-032,-1.,7.01335512531312E-016));
#3412=FACE_BOUND('',#3413,.T.);
#3413=EDGE_LOOP('',(#4692,#4693,#4694,#4695));
#3414=PLANE('',#3415);
#3415=AXIS2_PLACEMENT_3D('',#3416,#3417,#3418);
#3416=CARTESIAN_POINT('',(1.26641016151378,0.32,-3.12679491924311));
#3417=DIRECTION('',(0.,-0.965925826289068,0.258819045102521));
#3418=DIRECTION('',(-1.,0.,0.));
#3419=FACE_BOUND('',#3420,.T.);
#3420=EDGE_LOOP('',(#4696,#4697,#4698,#4699));
#3421=PLANE('',#3422);
#3422=AXIS2_PLACEMENT_3D('',#3423,#3424,#3425);
#3423=CARTESIAN_POINT('',(-0.32,1.26641016151378,-3.12679491924311));
#3424=DIRECTION('',(0.965925826289068,0.,0.258819045102521));
#3425=DIRECTION('',(0.,-1.,0.));
#3426=FACE_BOUND('',#3427,.T.);
#3427=EDGE_LOOP('',(#4700,#4701,#4702,#4703));
#3428=PLANE('',#3429);
#3429=AXIS2_PLACEMENT_3D('',#3430,#3431,#3432);
#3430=CARTESIAN_POINT('',(-1.26641016151378,-0.32,-3.12679491924311));
#3431=DIRECTION('',(-0.,0.965925826289068,0.258819045102521));
#3432=DIRECTION('',(1.,0.,0.));
#3433=FACE_BOUND('',#3434,.T.);
#3434=EDGE_LOOP('',(#4704,#4705,#4706,#4707));
#3435=PLANE('',#3436);
#3436=AXIS2_PLACEMENT_3D('',#3437,#3438,#3439);
#3437=CARTESIAN_POINT('',(0.32,-1.26641016151378,-3.12679491924311));
#3438=DIRECTION('',(-0.965925826289068,0.,0.258819045102521));
#3439=DIRECTION('',(0.,1.,0.));
#3440=FACE_BOUND('',#3441,.T.);
#3441=EDGE_LOOP('',(#4708,#4709,#4710,#4711));
#3442=PLANE('',#3443);
#3443=AXIS2_PLACEMENT_3D('',#3444,#3445,#3446);
#3444=CARTESIAN_POINT('',(3.76641016151378,0.32,-3.12679491924311));
#3445=DIRECTION('',(0.,-0.965925826289068,0.258819045102521));
#3446=DIRECTION('',(-1.,0.,0.));
#3447=FACE_BOUND('',#3448,.T.);
#3448=EDGE_LOOP('',(#4712,#4713,#4714,#4715));
#3449=PLANE('',#3450);
#3450=AXIS2_PLACEMENT_3D('',#3451,#3452,#3453);
#3451=CARTESIAN_POINT('',(2.18,1.26641016151378,-3.12679491924311));
#3452=DIRECTION('',(0.965925826289068,0.,0.258819045102521));
#3453=DIRECTION('',(0.,-1.,0.));
#3454=FACE_BOUND('',#3455,.T.);
#3455=EDGE_LOOP('',(#4716,#4717,#4718,#4719));
#3456=PLANE('',#3457);
#3457=AXIS2_PLACEMENT_3D('',#3458,#3459,#3460);
#3458=CARTESIAN_POINT('',(1.23358983848622,-0.32,-3.12679491924311));
#3459=DIRECTION('',(-0.,0.965925826289068,0.258819045102521));
#3460=DIRECTION('',(1.,0.,0.));
#3461=FACE_BOUND('',#3462,.T.);
#3462=EDGE_LOOP('',(#4720,#4721,#4722,#4723));
#3463=PLANE('',#3464);
#3464=AXIS2_PLACEMENT_3D('',#3465,#3466,#3467);
#3465=CARTESIAN_POINT('',(2.82,-1.26641016151378,-3.12679491924311));
#3466=DIRECTION('',(-0.965925826289068,0.,0.258819045102521));
#3467=DIRECTION('',(0.,1.,0.));
#3468=FACE_BOUND('',#3469,.T.);
#3469=EDGE_LOOP('',(#4724,#4725,#4726,#4727));
#3470=PLANE('',#3471);
#3471=AXIS2_PLACEMENT_3D('',#3472,#3473,#3474);
#3472=CARTESIAN_POINT('',(6.26641016151378,0.32,-3.12679491924311));
#3473=DIRECTION('',(0.,-0.965925826289068,0.258819045102521));
#3474=DIRECTION('',(-1.,0.,0.));
#3475=FACE_BOUND('',#3476,.T.);
#3476=EDGE_LOOP('',(#4728,#4729,#4730,#4731));
#3477=PLANE('',#3478);
#3478=AXIS2_PLACEMENT_3D('',#3479,#3480,#3481);
#3479=CARTESIAN_POINT('',(4.68,1.26641016151378,-3.12679491924311));
#3480=DIRECTION('',(0.965925826289069,0.,0.25881904510252));
#3481=DIRECTION('',(0.,-1.,0.));
#3482=FACE_BOUND('',#3483,.T.);
#3483=EDGE_LOOP('',(#4732,#4733,#4734,#4735));
#3484=PLANE('',#3485);
#3485=AXIS2_PLACEMENT_3D('',#3486,#3487,#3488);
#3486=CARTESIAN_POINT('',(3.73358983848622,-0.32,-3.12679491924311));
#3487=DIRECTION('',(-0.,0.965925826289068,0.258819045102521));
#3488=DIRECTION('',(1.,0.,0.));
#3489=FACE_BOUND('',#3490,.T.);
#3490=EDGE_LOOP('',(#4736,#4737,#4738,#4739));
#3491=PLANE('',#3492);
#3492=AXIS2_PLACEMENT_3D('',#3493,#3494,#3495);
#3493=CARTESIAN_POINT('',(5.32,-1.26641016151378,-3.12679491924311));
#3494=DIRECTION('',(-0.965925826289069,0.,0.25881904510252));
#3495=DIRECTION('',(0.,1.,0.));
#3496=FACE_BOUND('',#3497,.T.);
#3497=EDGE_LOOP('',(#4740,#4741,#4742,#4743));
#3498=PLANE('',#3499);
#3499=AXIS2_PLACEMENT_3D('',#3500,#3501,#3502);
#3500=CARTESIAN_POINT('',(8.76641016151378,0.32,-3.12679491924311));
#3501=DIRECTION('',(0.,-0.965925826289068,0.258819045102521));
#3502=DIRECTION('',(-1.,0.,0.));
#3503=FACE_BOUND('',#3504,.T.);
#3504=EDGE_LOOP('',(#4744,#4745,#4746,#4747));
#3505=PLANE('',#3506);
#3506=AXIS2_PLACEMENT_3D('',#3507,#3508,#3509);
#3507=CARTESIAN_POINT('',(7.18,1.26641016151378,-3.12679491924311));
#3508=DIRECTION('',(0.965925826289069,0.,0.25881904510252));
#3509=DIRECTION('',(0.,-1.,0.));
#3510=FACE_BOUND('',#3511,.T.);
#3511=EDGE_LOOP('',(#4748,#4749,#4750,#4751));
#3512=PLANE('',#3513);
#3513=AXIS2_PLACEMENT_3D('',#3514,#3515,#3516);
#3514=CARTESIAN_POINT('',(6.23358983848622,-0.32,-3.12679491924311));
#3515=DIRECTION('',(-0.,0.965925826289068,0.258819045102521));
#3516=DIRECTION('',(1.,0.,0.));
#3517=FACE_BOUND('',#3518,.T.);
#3518=EDGE_LOOP('',(#4752,#4753,#4754,#4755));
#3519=PLANE('',#3520);
#3520=AXIS2_PLACEMENT_3D('',#3521,#3522,#3523);
#3521=CARTESIAN_POINT('',(7.82,-1.26641016151378,-3.12679491924311));
#3522=DIRECTION('',(-0.965925826289069,0.,0.25881904510252));
#3523=DIRECTION('',(0.,1.,0.));
#3524=FACE_BOUND('',#3525,.T.);
#3525=EDGE_LOOP('',(#4756,#4757,#4758,#4759));
#3526=PLANE('',#3527);
#3527=AXIS2_PLACEMENT_3D('',#3528,#3529,#3530);
#3528=CARTESIAN_POINT('',(11.2664101615138,0.32,-3.12679491924311));
#3529=DIRECTION('',(0.,-0.965925826289068,0.258819045102521));
#3530=DIRECTION('',(-1.,0.,0.));
#3531=FACE_BOUND('',#3532,.T.);
#3532=EDGE_LOOP('',(#4760,#4761,#4762,#4763));
#3533=PLANE('',#3534);
#3534=AXIS2_PLACEMENT_3D('',#3535,#3536,#3537);
#3535=CARTESIAN_POINT('',(9.68,1.26641016151378,-3.12679491924311));
#3536=DIRECTION('',(0.965925826289069,0.,0.25881904510252));
#3537=DIRECTION('',(0.,-1.,0.));
#3538=FACE_BOUND('',#3539,.T.);
#3539=EDGE_LOOP('',(#4764,#4765,#4766,#4767));
#3540=PLANE('',#3541);
#3541=AXIS2_PLACEMENT_3D('',#3542,#3543,#3544);
#3542=CARTESIAN_POINT('',(8.73358983848622,-0.32,-3.12679491924311));
#3543=DIRECTION('',(-0.,0.965925826289068,0.258819045102521));
#3544=DIRECTION('',(1.,0.,0.));
#3545=FACE_BOUND('',#3546,.T.);
#3546=EDGE_LOOP('',(#4768,#4769,#4770,#4771));
#3547=PLANE('',#3548);
#3548=AXIS2_PLACEMENT_3D('',#3549,#3550,#3551);
#3549=CARTESIAN_POINT('',(10.32,-1.26641016151378,-3.12679491924311));
#3550=DIRECTION('',(-0.965925826289069,0.,0.25881904510252));
#3551=DIRECTION('',(0.,1.,0.));
#3552=FACE_BOUND('',#3553,.T.);
#3553=EDGE_LOOP('',(#4772,#4773,#4774,#4775));
#3554=PLANE('',#3555);
#3555=AXIS2_PLACEMENT_3D('',#3556,#3557,#3558);
#3556=CARTESIAN_POINT('',(13.7664101615138,0.32,-3.12679491924311));
#3557=DIRECTION('',(0.,-0.965925826289068,0.258819045102521));
#3558=DIRECTION('',(-1.,0.,0.));
#3559=FACE_BOUND('',#3560,.T.);
#3560=EDGE_LOOP('',(#4776,#4777,#4778,#4779));
#3561=PLANE('',#3562);
#3562=AXIS2_PLACEMENT_3D('',#3563,#3564,#3565);
#3563=CARTESIAN_POINT('',(12.18,1.26641016151378,-3.12679491924311));
#3564=DIRECTION('',(0.965925826289069,0.,0.25881904510252));
#3565=DIRECTION('',(0.,-1.,0.));
#3566=FACE_BOUND('',#3567,.T.);
#3567=EDGE_LOOP('',(#4780,#4781,#4782,#4783));
#3568=PLANE('',#3569);
#3569=AXIS2_PLACEMENT_3D('',#3570,#3571,#3572);
#3570=CARTESIAN_POINT('',(11.2335898384862,-0.32,-3.12679491924311));
#3571=DIRECTION('',(-0.,0.965925826289068,0.258819045102521));
#3572=DIRECTION('',(1.,0.,0.));
#3573=FACE_BOUND('',#3574,.T.);
#3574=EDGE_LOOP('',(#4784,#4785,#4786,#4787));
#3575=PLANE('',#3576);
#3576=AXIS2_PLACEMENT_3D('',#3577,#3578,#3579);
#3577=CARTESIAN_POINT('',(12.82,-1.26641016151378,-3.12679491924311));
#3578=DIRECTION('',(-0.965925826289069,0.,0.25881904510252));
#3579=DIRECTION('',(0.,1.,0.));
#3580=FACE_BOUND('',#3581,.T.);
#3581=EDGE_LOOP('',(#4788,#4789,#4790,#4791));
#3582=PLANE('',#3583);
#3583=AXIS2_PLACEMENT_3D('',#3584,#3585,#3586);
#3584=CARTESIAN_POINT('',(16.2664101615138,0.32,-3.12679491924311));
#3585=DIRECTION('',(0.,-0.965925826289068,0.258819045102521));
#3586=DIRECTION('',(-1.,0.,0.));
#3587=FACE_BOUND('',#3588,.T.);
#3588=EDGE_LOOP('',(#4792,#4793,#4794,#4795));
#3589=PLANE('',#3590);
#3590=AXIS2_PLACEMENT_3D('',#3591,#3592,#3593);
#3591=CARTESIAN_POINT('',(14.68,1.26641016151378,-3.12679491924311));
#3592=DIRECTION('',(0.965925826289069,0.,0.25881904510252));
#3593=DIRECTION('',(0.,-1.,0.));
#3594=FACE_BOUND('',#3595,.T.);
#3595=EDGE_LOOP('',(#4796,#4797,#4798,#4799));
#3596=PLANE('',#3597);
#3597=AXIS2_PLACEMENT_3D('',#3598,#3599,#3600);
#3598=CARTESIAN_POINT('',(13.7335898384862,-0.32,-3.12679491924311));
#3599=DIRECTION('',(-0.,0.965925826289068,0.258819045102521));
#3600=DIRECTION('',(1.,0.,0.));
#3601=FACE_BOUND('',#3602,.T.);
#3602=EDGE_LOOP('',(#4800,#4801,#4802,#4803));
#3603=PLANE('',#3604);
#3604=AXIS2_PLACEMENT_3D('',#3605,#3606,#3607);
#3605=CARTESIAN_POINT('',(15.32,-1.26641016151378,-3.12679491924311));
#3606=DIRECTION('',(-0.965925826289069,0.,0.25881904510252));
#3607=DIRECTION('',(0.,1.,0.));
#3608=FACE_BOUND('',#3609,.T.);
#3609=EDGE_LOOP('',(#4804,#4805,#4806,#4807));
#3610=PLANE('',#3611);
#3611=AXIS2_PLACEMENT_3D('',#3612,#3613,#3614);
#3612=CARTESIAN_POINT('',(18.7664101615138,0.32,-3.12679491924311));
#3613=DIRECTION('',(0.,-0.965925826289068,0.258819045102521));
#3614=DIRECTION('',(-1.,0.,0.));
#3615=FACE_BOUND('',#3616,.T.);
#3616=EDGE_LOOP('',(#4808,#4809,#4810,#4811));
#3617=PLANE('',#3618);
#3618=AXIS2_PLACEMENT_3D('',#3619,#3620,#3621);
#3619=CARTESIAN_POINT('',(17.18,1.26641016151378,-3.12679491924311));
#3620=DIRECTION('',(0.965925826289067,0.,0.258819045102524));
#3621=DIRECTION('',(0.,-1.,0.));
#3622=FACE_BOUND('',#3623,.T.);
#3623=EDGE_LOOP('',(#4812,#4813,#4814,#4815));
#3624=PLANE('',#3625);
#3625=AXIS2_PLACEMENT_3D('',#3626,#3627,#3628);
#3626=CARTESIAN_POINT('',(16.2335898384862,-0.32,-3.12679491924311));
#3627=DIRECTION('',(-0.,0.965925826289068,0.258819045102521));
#3628=DIRECTION('',(1.,0.,0.));
#3629=FACE_BOUND('',#3630,.T.);
#3630=EDGE_LOOP('',(#4816,#4817,#4818,#4819));
#3631=PLANE('',#3632);
#3632=AXIS2_PLACEMENT_3D('',#3633,#3634,#3635);
#3633=CARTESIAN_POINT('',(17.82,-1.26641016151378,-3.12679491924311));
#3634=DIRECTION('',(-0.965925826289067,0.,0.258819045102524));
#3635=DIRECTION('',(0.,1.,0.));
#3636=FACE_BOUND('',#3637,.T.);
#3637=EDGE_LOOP('',(#4820,#4821,#4822,#4823));
#3638=PLANE('',#3639);
#3639=AXIS2_PLACEMENT_3D('',#3640,#3641,#3642);
#3640=CARTESIAN_POINT('',(21.2664101615138,0.32,-3.12679491924311));
#3641=DIRECTION('',(0.,-0.965925826289068,0.258819045102521));
#3642=DIRECTION('',(-1.,0.,0.));
#3643=FACE_BOUND('',#3644,.T.);
#3644=EDGE_LOOP('',(#4824,#4825,#4826,#4827));
#3645=PLANE('',#3646);
#3646=AXIS2_PLACEMENT_3D('',#3647,#3648,#3649);
#3647=CARTESIAN_POINT('',(19.68,1.26641016151378,-3.12679491924311));
#3648=DIRECTION('',(0.965925826289067,0.,0.258819045102524));
#3649=DIRECTION('',(0.,-1.,0.));
#3650=FACE_BOUND('',#3651,.T.);
#3651=EDGE_LOOP('',(#4828,#4829,#4830,#4831));
#3652=PLANE('',#3653);
#3653=AXIS2_PLACEMENT_3D('',#3654,#3655,#3656);
#3654=CARTESIAN_POINT('',(18.7335898384862,-0.32,-3.12679491924311));
#3655=DIRECTION('',(-0.,0.965925826289068,0.258819045102521));
#3656=DIRECTION('',(1.,0.,0.));
#3657=FACE_BOUND('',#3658,.T.);
#3658=EDGE_LOOP('',(#4832,#4833,#4834,#4835));
#3659=PLANE('',#3660);
#3660=AXIS2_PLACEMENT_3D('',#3661,#3662,#3663);
#3661=CARTESIAN_POINT('',(20.32,-1.26641016151378,-3.12679491924311));
#3662=DIRECTION('',(-0.965925826289067,0.,0.258819045102524));
#3663=DIRECTION('',(0.,1.,0.));
#3664=FACE_BOUND('',#3665,.T.);
#3665=EDGE_LOOP('',(#4836,#4837,#4838,#4839));
#3666=PLANE('',#3667);
#3667=AXIS2_PLACEMENT_3D('',#3668,#3669,#3670);
#3668=CARTESIAN_POINT('',(2.5,0.,6.5));
#3669=DIRECTION('',(0.,0.,1.));
#3670=DIRECTION('',(1.,0.,0.));
#3671=FACE_BOUND('',#3672,.T.);
#3672=EDGE_LOOP('',(#4840,#4841,#4842,#4843));
#3673=PLANE('',#3674);
#3674=AXIS2_PLACEMENT_3D('',#3675,#3676,#3677);
#3675=CARTESIAN_POINT('',(5.,0.,6.5));
#3676=DIRECTION('',(0.,0.,1.));
#3677=DIRECTION('',(1.,0.,0.));
#3678=FACE_BOUND('',#3679,.T.);
#3679=EDGE_LOOP('',(#4844,#4845,#4846,#4847));
#3680=PLANE('',#3681);
#3681=AXIS2_PLACEMENT_3D('',#3682,#3683,#3684);
#3682=CARTESIAN_POINT('',(7.5,0.,6.5));
#3683=DIRECTION('',(0.,0.,1.));
#3684=DIRECTION('',(1.,0.,0.));
#3685=FACE_BOUND('',#3686,.T.);
#3686=EDGE_LOOP('',(#4848,#4849,#4850,#4851));
#3687=PLANE('',#3688);
#3688=AXIS2_PLACEMENT_3D('',#3689,#3690,#3691);
#3689=CARTESIAN_POINT('',(10.,0.,6.5));
#3690=DIRECTION('',(0.,0.,1.));
#3691=DIRECTION('',(1.,0.,0.));
#3692=FACE_BOUND('',#3693,.T.);
#3693=EDGE_LOOP('',(#4852,#4853,#4854,#4855));
#3694=PLANE('',#3695);
#3695=AXIS2_PLACEMENT_3D('',#3696,#3697,#3698);
#3696=CARTESIAN_POINT('',(12.5,0.,6.5));
#3697=DIRECTION('',(0.,0.,1.));
#3698=DIRECTION('',(1.,0.,0.));
#3699=FACE_BOUND('',#3700,.T.);
#3700=EDGE_LOOP('',(#4856,#4857,#4858,#4859));
#3701=PLANE('',#3702);
#3702=AXIS2_PLACEMENT_3D('',#3703,#3704,#3705);
#3703=CARTESIAN_POINT('',(15.,0.,6.5));
#3704=DIRECTION('',(0.,0.,1.));
#3705=DIRECTION('',(1.,0.,0.));
#3706=FACE_BOUND('',#3707,.T.);
#3707=EDGE_LOOP('',(#4860,#4861,#4862,#4863));
#3708=PLANE('',#3709);
#3709=AXIS2_PLACEMENT_3D('',#3710,#3711,#3712);
#3710=CARTESIAN_POINT('',(17.5,0.,6.5));
#3711=DIRECTION('',(0.,0.,1.));
#3712=DIRECTION('',(1.,0.,0.));
#3713=FACE_BOUND('',#3714,.T.);
#3714=EDGE_LOOP('',(#4864,#4865,#4866,#4867));
#3715=PLANE('',#3716);
#3716=AXIS2_PLACEMENT_3D('',#3717,#3718,#3719);
#3717=CARTESIAN_POINT('',(20.,0.,6.5));
#3718=DIRECTION('',(0.,0.,1.));
#3719=DIRECTION('',(1.,0.,0.));
#3720=FACE_BOUND('',#3721,.T.);
#3721=EDGE_LOOP('',(#4868,#4869,#4870,#4871));
#3722=PLANE('',#3723);
#3723=AXIS2_PLACEMENT_3D('',#3724,#3725,#3726);
#3724=CARTESIAN_POINT('',(0.,0.,6.5));
#3725=DIRECTION('',(0.,0.,1.));
#3726=DIRECTION('',(1.,0.,0.));
#3727=FACE_BOUND('',#3728,.T.);
#3728=EDGE_LOOP('',(#4872,#4873,#4874,#4875));
#3729=PLANE('',#3730);
#3730=AXIS2_PLACEMENT_3D('',#3731,#3732,#3733);
#3731=CARTESIAN_POINT('',(0.,0.,-3.5));
#3732=DIRECTION('',(0.,0.,1.));
#3733=DIRECTION('',(1.,0.,0.));
#3734=FACE_BOUND('',#3735,.T.);
#3735=EDGE_LOOP('',(#4876,#4877,#4878,#4879));
#3736=PLANE('',#3737);
#3737=AXIS2_PLACEMENT_3D('',#3738,#3739,#3740);
#3738=CARTESIAN_POINT('',(2.5,0.,-3.5));
#3739=DIRECTION('',(0.,0.,1.));
#3740=DIRECTION('',(1.,0.,0.));
#3741=FACE_BOUND('',#3742,.T.);
#3742=EDGE_LOOP('',(#4880,#4881,#4882,#4883));
#3743=PLANE('',#3744);
#3744=AXIS2_PLACEMENT_3D('',#3745,#3746,#3747);
#3745=CARTESIAN_POINT('',(5.,0.,-3.5));
#3746=DIRECTION('',(0.,0.,1.));
#3747=DIRECTION('',(1.,0.,0.));
#3748=FACE_BOUND('',#3749,.T.);
#3749=EDGE_LOOP('',(#4884,#4885,#4886,#4887));
#3750=PLANE('',#3751);
#3751=AXIS2_PLACEMENT_3D('',#3752,#3753,#3754);
#3752=CARTESIAN_POINT('',(7.5,0.,-3.5));
#3753=DIRECTION('',(0.,0.,1.));
#3754=DIRECTION('',(1.,0.,0.));
#3755=FACE_BOUND('',#3756,.T.);
#3756=EDGE_LOOP('',(#4888,#4889,#4890,#4891));
#3757=PLANE('',#3758);
#3758=AXIS2_PLACEMENT_3D('',#3759,#3760,#3761);
#3759=CARTESIAN_POINT('',(10.,0.,-3.5));
#3760=DIRECTION('',(0.,0.,1.));
#3761=DIRECTION('',(1.,0.,0.));
#3762=FACE_BOUND('',#3763,.T.);
#3763=EDGE_LOOP('',(#4892,#4893,#4894,#4895));
#3764=PLANE('',#3765);
#3765=AXIS2_PLACEMENT_3D('',#3766,#3767,#3768);
#3766=CARTESIAN_POINT('',(12.5,0.,-3.5));
#3767=DIRECTION('',(0.,0.,1.));
#3768=DIRECTION('',(1.,0.,0.));
#3769=FACE_BOUND('',#3770,.T.);
#3770=EDGE_LOOP('',(#4896,#4897,#4898,#4899));
#3771=PLANE('',#3772);
#3772=AXIS2_PLACEMENT_3D('',#3773,#3774,#3775);
#3773=CARTESIAN_POINT('',(15.,0.,-3.5));
#3774=DIRECTION('',(0.,0.,1.));
#3775=DIRECTION('',(1.,0.,0.));
#3776=FACE_BOUND('',#3777,.T.);
#3777=EDGE_LOOP('',(#4900,#4901,#4902,#4903));
#3778=PLANE('',#3779);
#3779=AXIS2_PLACEMENT_3D('',#3780,#3781,#3782);
#3780=CARTESIAN_POINT('',(17.5,0.,-3.5));
#3781=DIRECTION('',(0.,0.,1.));
#3782=DIRECTION('',(1.,0.,0.));
#3783=FACE_BOUND('',#3784,.T.);
#3784=EDGE_LOOP('',(#4904,#4905,#4906,#4907));
#3785=PLANE('',#3786);
#3786=AXIS2_PLACEMENT_3D('',#3787,#3788,#3789);
#3787=CARTESIAN_POINT('',(20.,0.,-3.5));
#3788=DIRECTION('',(0.,0.,1.));
#3789=DIRECTION('',(1.,0.,0.));
#3790=ORIENTED_EDGE('',*,*,#4908,.T.);
#3791=ORIENTED_EDGE('',*,*,#4909,.T.);
#3792=ORIENTED_EDGE('',*,*,#4910,.T.);
#3793=ORIENTED_EDGE('',*,*,#4911,.T.);
#3794=ORIENTED_EDGE('',*,*,#4912,.T.);
#3795=ORIENTED_EDGE('',*,*,#4913,.T.);
#3796=ORIENTED_EDGE('',*,*,#4914,.F.);
#3797=ORIENTED_EDGE('',*,*,#4915,.F.);
#3798=ORIENTED_EDGE('',*,*,#4916,.T.);
#3799=ORIENTED_EDGE('',*,*,#4917,.F.);
#3800=ORIENTED_EDGE('',*,*,#4918,.F.);
#3801=ORIENTED_EDGE('',*,*,#4919,.T.);
#3802=ORIENTED_EDGE('',*,*,#4920,.T.);
#3803=ORIENTED_EDGE('',*,*,#4921,.F.);
#3804=ORIENTED_EDGE('',*,*,#4922,.F.);
#3805=ORIENTED_EDGE('',*,*,#4923,.T.);
#3806=ORIENTED_EDGE('',*,*,#4924,.T.);
#3807=ORIENTED_EDGE('',*,*,#4925,.T.);
#3808=ORIENTED_EDGE('',*,*,#4926,.T.);
#3809=ORIENTED_EDGE('',*,*,#4927,.T.);
#3810=ORIENTED_EDGE('',*,*,#4928,.T.);
#3811=ORIENTED_EDGE('',*,*,#4929,.F.);
#3812=ORIENTED_EDGE('',*,*,#4930,.T.);
#3813=ORIENTED_EDGE('',*,*,#4929,.T.);
#3814=ORIENTED_EDGE('',*,*,#4931,.T.);
#3815=ORIENTED_EDGE('',*,*,#4932,.T.);
#3816=ORIENTED_EDGE('',*,*,#4933,.T.);
#3817=ORIENTED_EDGE('',*,*,#4934,.T.);
#3818=ORIENTED_EDGE('',*,*,#4935,.T.);
#3819=ORIENTED_EDGE('',*,*,#4914,.T.);
#3820=ORIENTED_EDGE('',*,*,#4936,.T.);
#3821=ORIENTED_EDGE('',*,*,#4932,.F.);
#3822=ORIENTED_EDGE('',*,*,#4937,.T.);
#3823=ORIENTED_EDGE('',*,*,#4938,.T.);
#3824=ORIENTED_EDGE('',*,*,#4939,.T.);
#3825=ORIENTED_EDGE('',*,*,#4940,.T.);
#3826=ORIENTED_EDGE('',*,*,#4941,.T.);
#3827=ORIENTED_EDGE('',*,*,#4942,.T.);
#3828=ORIENTED_EDGE('',*,*,#4943,.F.);
#3829=ORIENTED_EDGE('',*,*,#4944,.F.);
#3830=ORIENTED_EDGE('',*,*,#4945,.F.);
#3831=ORIENTED_EDGE('',*,*,#4946,.T.);
#3832=ORIENTED_EDGE('',*,*,#4947,.T.);
#3833=ORIENTED_EDGE('',*,*,#4948,.T.);
#3834=ORIENTED_EDGE('',*,*,#4949,.T.);
#3835=ORIENTED_EDGE('',*,*,#4950,.T.);
#3836=ORIENTED_EDGE('',*,*,#4951,.T.);
#3837=ORIENTED_EDGE('',*,*,#4952,.T.);
#3838=ORIENTED_EDGE('',*,*,#4953,.T.);
#3839=ORIENTED_EDGE('',*,*,#4954,.T.);
#3840=ORIENTED_EDGE('',*,*,#4955,.T.);
#3841=ORIENTED_EDGE('',*,*,#4956,.T.);
#3842=ORIENTED_EDGE('',*,*,#4957,.T.);
#3843=ORIENTED_EDGE('',*,*,#4958,.T.);
#3844=ORIENTED_EDGE('',*,*,#4959,.T.);
#3845=ORIENTED_EDGE('',*,*,#4960,.T.);
#3846=ORIENTED_EDGE('',*,*,#4961,.T.);
#3847=ORIENTED_EDGE('',*,*,#4962,.T.);
#3848=ORIENTED_EDGE('',*,*,#4963,.T.);
#3849=ORIENTED_EDGE('',*,*,#4964,.T.);
#3850=ORIENTED_EDGE('',*,*,#4965,.T.);
#3851=ORIENTED_EDGE('',*,*,#4966,.T.);
#3852=ORIENTED_EDGE('',*,*,#4967,.T.);
#3853=ORIENTED_EDGE('',*,*,#4968,.T.);
#3854=ORIENTED_EDGE('',*,*,#4969,.T.);
#3855=ORIENTED_EDGE('',*,*,#4970,.T.);
#3856=ORIENTED_EDGE('',*,*,#4971,.T.);
#3857=ORIENTED_EDGE('',*,*,#4972,.T.);
#3858=ORIENTED_EDGE('',*,*,#4973,.T.);
#3859=ORIENTED_EDGE('',*,*,#4974,.T.);
#3860=ORIENTED_EDGE('',*,*,#4975,.T.);
#3861=ORIENTED_EDGE('',*,*,#4976,.T.);
#3862=ORIENTED_EDGE('',*,*,#4977,.T.);
#3863=ORIENTED_EDGE('',*,*,#4978,.T.);
#3864=ORIENTED_EDGE('',*,*,#4979,.T.);
#3865=ORIENTED_EDGE('',*,*,#4980,.T.);
#3866=ORIENTED_EDGE('',*,*,#4981,.T.);
#3867=ORIENTED_EDGE('',*,*,#4982,.T.);
#3868=ORIENTED_EDGE('',*,*,#4934,.F.);
#3869=ORIENTED_EDGE('',*,*,#4983,.T.);
#3870=ORIENTED_EDGE('',*,*,#4984,.T.);
#3871=ORIENTED_EDGE('',*,*,#4985,.T.);
#3872=ORIENTED_EDGE('',*,*,#4986,.T.);
#3873=ORIENTED_EDGE('',*,*,#4987,.T.);
#3874=ORIENTED_EDGE('',*,*,#4983,.F.);
#3875=ORIENTED_EDGE('',*,*,#4933,.F.);
#3876=ORIENTED_EDGE('',*,*,#4913,.F.);
#3877=ORIENTED_EDGE('',*,*,#4988,.T.);
#3878=ORIENTED_EDGE('',*,*,#4984,.F.);
#3879=ORIENTED_EDGE('',*,*,#4988,.F.);
#3880=ORIENTED_EDGE('',*,*,#4912,.F.);
#3881=ORIENTED_EDGE('',*,*,#4989,.T.);
#3882=ORIENTED_EDGE('',*,*,#4985,.F.);
#3883=ORIENTED_EDGE('',*,*,#4989,.F.);
#3884=ORIENTED_EDGE('',*,*,#4911,.F.);
#3885=ORIENTED_EDGE('',*,*,#4990,.T.);
#3886=ORIENTED_EDGE('',*,*,#4986,.F.);
#3887=ORIENTED_EDGE('',*,*,#4990,.F.);
#3888=ORIENTED_EDGE('',*,*,#4910,.F.);
#3889=ORIENTED_EDGE('',*,*,#4991,.T.);
#3890=ORIENTED_EDGE('',*,*,#4987,.F.);
#3891=ORIENTED_EDGE('',*,*,#4991,.F.);
#3892=ORIENTED_EDGE('',*,*,#4909,.F.);
#3893=ORIENTED_EDGE('',*,*,#4992,.T.);
#3894=ORIENTED_EDGE('',*,*,#4936,.F.);
#3895=ORIENTED_EDGE('',*,*,#4992,.F.);
#3896=ORIENTED_EDGE('',*,*,#4908,.F.);
#3897=ORIENTED_EDGE('',*,*,#4930,.F.);
#3898=ORIENTED_EDGE('',*,*,#4993,.T.);
#3899=ORIENTED_EDGE('',*,*,#4994,.T.);
#3900=ORIENTED_EDGE('',*,*,#4915,.T.);
#3901=ORIENTED_EDGE('',*,*,#4935,.F.);
#3902=ORIENTED_EDGE('',*,*,#4982,.F.);
#3903=ORIENTED_EDGE('',*,*,#4995,.F.);
#3904=ORIENTED_EDGE('',*,*,#4996,.F.);
#3905=ORIENTED_EDGE('',*,*,#4997,.F.);
#3906=ORIENTED_EDGE('',*,*,#4998,.F.);
#3907=ORIENTED_EDGE('',*,*,#4916,.F.);
#3908=ORIENTED_EDGE('',*,*,#4994,.F.);
#3909=ORIENTED_EDGE('',*,*,#4999,.T.);
#3910=ORIENTED_EDGE('',*,*,#5000,.F.);
#3911=ORIENTED_EDGE('',*,*,#5001,.T.);
#3912=ORIENTED_EDGE('',*,*,#5002,.T.);
#3913=ORIENTED_EDGE('',*,*,#4917,.T.);
#3914=ORIENTED_EDGE('',*,*,#4998,.T.);
#3915=ORIENTED_EDGE('',*,*,#5003,.T.);
#3916=ORIENTED_EDGE('',*,*,#5004,.T.);
#3917=ORIENTED_EDGE('',*,*,#5005,.T.);
#3918=ORIENTED_EDGE('',*,*,#4918,.T.);
#3919=ORIENTED_EDGE('',*,*,#5002,.F.);
#3920=ORIENTED_EDGE('',*,*,#5006,.F.);
#3921=ORIENTED_EDGE('',*,*,#5007,.F.);
#3922=ORIENTED_EDGE('',*,*,#5008,.F.);
#3923=ORIENTED_EDGE('',*,*,#5009,.F.);
#3924=ORIENTED_EDGE('',*,*,#5010,.F.);
#3925=ORIENTED_EDGE('',*,*,#5011,.F.);
#3926=ORIENTED_EDGE('',*,*,#5012,.F.);
#3927=ORIENTED_EDGE('',*,*,#5013,.F.);
#3928=ORIENTED_EDGE('',*,*,#5014,.F.);
#3929=ORIENTED_EDGE('',*,*,#5015,.F.);
#3930=ORIENTED_EDGE('',*,*,#5016,.F.);
#3931=ORIENTED_EDGE('',*,*,#5017,.F.);
#3932=ORIENTED_EDGE('',*,*,#5018,.F.);
#3933=ORIENTED_EDGE('',*,*,#5019,.F.);
#3934=ORIENTED_EDGE('',*,*,#5020,.F.);
#3935=ORIENTED_EDGE('',*,*,#5021,.F.);
#3936=ORIENTED_EDGE('',*,*,#5022,.F.);
#3937=ORIENTED_EDGE('',*,*,#5023,.F.);
#3938=ORIENTED_EDGE('',*,*,#5024,.F.);
#3939=ORIENTED_EDGE('',*,*,#5025,.F.);
#3940=ORIENTED_EDGE('',*,*,#5026,.F.);
#3941=ORIENTED_EDGE('',*,*,#5027,.F.);
#3942=ORIENTED_EDGE('',*,*,#5028,.F.);
#3943=ORIENTED_EDGE('',*,*,#5029,.F.);
#3944=ORIENTED_EDGE('',*,*,#5030,.F.);
#3945=ORIENTED_EDGE('',*,*,#5031,.F.);
#3946=ORIENTED_EDGE('',*,*,#5032,.F.);
#3947=ORIENTED_EDGE('',*,*,#5033,.F.);
#3948=ORIENTED_EDGE('',*,*,#5034,.F.);
#3949=ORIENTED_EDGE('',*,*,#5035,.F.);
#3950=ORIENTED_EDGE('',*,*,#5036,.F.);
#3951=ORIENTED_EDGE('',*,*,#5037,.F.);
#3952=ORIENTED_EDGE('',*,*,#5038,.F.);
#3953=ORIENTED_EDGE('',*,*,#5039,.F.);
#3954=ORIENTED_EDGE('',*,*,#5040,.F.);
#3955=ORIENTED_EDGE('',*,*,#5041,.F.);
#3956=ORIENTED_EDGE('',*,*,#5042,.F.);
#3957=ORIENTED_EDGE('',*,*,#5043,.T.);
#3958=ORIENTED_EDGE('',*,*,#5044,.T.);
#3959=ORIENTED_EDGE('',*,*,#4919,.F.);
#3960=ORIENTED_EDGE('',*,*,#5005,.F.);
#3961=ORIENTED_EDGE('',*,*,#5045,.F.);
#3962=ORIENTED_EDGE('',*,*,#5044,.F.);
#3963=ORIENTED_EDGE('',*,*,#5046,.T.);
#3964=ORIENTED_EDGE('',*,*,#5047,.F.);
#3965=ORIENTED_EDGE('',*,*,#4920,.F.);
#3966=ORIENTED_EDGE('',*,*,#5048,.T.);
#3967=ORIENTED_EDGE('',*,*,#5049,.T.);
#3968=ORIENTED_EDGE('',*,*,#5050,.T.);
#3969=ORIENTED_EDGE('',*,*,#5051,.T.);
#3970=ORIENTED_EDGE('',*,*,#4944,.T.);
#3971=ORIENTED_EDGE('',*,*,#5052,.T.);
#3972=ORIENTED_EDGE('',*,*,#4921,.T.);
#3973=ORIENTED_EDGE('',*,*,#5047,.T.);
#3974=ORIENTED_EDGE('',*,*,#5053,.T.);
#3975=ORIENTED_EDGE('',*,*,#4922,.T.);
#3976=ORIENTED_EDGE('',*,*,#5052,.F.);
#3977=ORIENTED_EDGE('',*,*,#4943,.T.);
#3978=ORIENTED_EDGE('',*,*,#4923,.F.);
#3979=ORIENTED_EDGE('',*,*,#5053,.F.);
#3980=ORIENTED_EDGE('',*,*,#4942,.F.);
#3981=ORIENTED_EDGE('',*,*,#5054,.F.);
#3982=ORIENTED_EDGE('',*,*,#4924,.F.);
#3983=ORIENTED_EDGE('',*,*,#5054,.T.);
#3984=ORIENTED_EDGE('',*,*,#4941,.F.);
#3985=ORIENTED_EDGE('',*,*,#5055,.F.);
#3986=ORIENTED_EDGE('',*,*,#4925,.F.);
#3987=ORIENTED_EDGE('',*,*,#5055,.T.);
#3988=ORIENTED_EDGE('',*,*,#4940,.F.);
#3989=ORIENTED_EDGE('',*,*,#5056,.F.);
#3990=ORIENTED_EDGE('',*,*,#4926,.F.);
#3991=ORIENTED_EDGE('',*,*,#5056,.T.);
#3992=ORIENTED_EDGE('',*,*,#4939,.F.);
#3993=ORIENTED_EDGE('',*,*,#5057,.F.);
#3994=ORIENTED_EDGE('',*,*,#4927,.F.);
#3995=ORIENTED_EDGE('',*,*,#5057,.T.);
#3996=ORIENTED_EDGE('',*,*,#4938,.F.);
#3997=ORIENTED_EDGE('',*,*,#5058,.F.);
#3998=ORIENTED_EDGE('',*,*,#4928,.F.);
#3999=ORIENTED_EDGE('',*,*,#5058,.T.);
#4000=ORIENTED_EDGE('',*,*,#4937,.F.);
#4001=ORIENTED_EDGE('',*,*,#4931,.F.);
#4002=ORIENTED_EDGE('',*,*,#5059,.T.);
#4003=ORIENTED_EDGE('',*,*,#4945,.T.);
#4004=ORIENTED_EDGE('',*,*,#5051,.F.);
#4005=ORIENTED_EDGE('',*,*,#5060,.F.);
#4006=ORIENTED_EDGE('',*,*,#5061,.F.);
#4007=ORIENTED_EDGE('',*,*,#5062,.F.);
#4008=ORIENTED_EDGE('',*,*,#4946,.F.);
#4009=ORIENTED_EDGE('',*,*,#5059,.F.);
#4010=ORIENTED_EDGE('',*,*,#5063,.F.);
#4011=ORIENTED_EDGE('',*,*,#5064,.T.);
#4012=ORIENTED_EDGE('',*,*,#4947,.F.);
#4013=ORIENTED_EDGE('',*,*,#5062,.T.);
#4014=ORIENTED_EDGE('',*,*,#5065,.F.);
#4015=ORIENTED_EDGE('',*,*,#5066,.F.);
#4016=ORIENTED_EDGE('',*,*,#5067,.F.);
#4017=ORIENTED_EDGE('',*,*,#5068,.F.);
#4018=ORIENTED_EDGE('',*,*,#5069,.F.);
#4019=ORIENTED_EDGE('',*,*,#5070,.F.);
#4020=ORIENTED_EDGE('',*,*,#4948,.F.);
#4021=ORIENTED_EDGE('',*,*,#5064,.F.);
#4022=ORIENTED_EDGE('',*,*,#5071,.T.);
#4023=ORIENTED_EDGE('',*,*,#4949,.F.);
#4024=ORIENTED_EDGE('',*,*,#5070,.T.);
#4025=ORIENTED_EDGE('',*,*,#5072,.F.);
#4026=ORIENTED_EDGE('',*,*,#5071,.F.);
#4027=ORIENTED_EDGE('',*,*,#5073,.F.);
#4028=ORIENTED_EDGE('',*,*,#5074,.F.);
#4029=ORIENTED_EDGE('',*,*,#4950,.F.);
#4030=ORIENTED_EDGE('',*,*,#4951,.F.);
#4031=ORIENTED_EDGE('',*,*,#5074,.T.);
#4032=ORIENTED_EDGE('',*,*,#5075,.F.);
#4033=ORIENTED_EDGE('',*,*,#5076,.T.);
#4034=ORIENTED_EDGE('',*,*,#5077,.F.);
#4035=ORIENTED_EDGE('',*,*,#5078,.F.);
#4036=ORIENTED_EDGE('',*,*,#5079,.F.);
#4037=ORIENTED_EDGE('',*,*,#5080,.F.);
#4038=ORIENTED_EDGE('',*,*,#5081,.F.);
#4039=ORIENTED_EDGE('',*,*,#4952,.F.);
#4040=ORIENTED_EDGE('',*,*,#5076,.F.);
#4041=ORIENTED_EDGE('',*,*,#5082,.F.);
#4042=ORIENTED_EDGE('',*,*,#5081,.T.);
#4043=ORIENTED_EDGE('',*,*,#5083,.F.);
#4044=ORIENTED_EDGE('',*,*,#5084,.T.);
#4045=ORIENTED_EDGE('',*,*,#4953,.F.);
#4046=ORIENTED_EDGE('',*,*,#5084,.F.);
#4047=ORIENTED_EDGE('',*,*,#5085,.F.);
#4048=ORIENTED_EDGE('',*,*,#5086,.F.);
#4049=ORIENTED_EDGE('',*,*,#4954,.F.);
#4050=ORIENTED_EDGE('',*,*,#4955,.F.);
#4051=ORIENTED_EDGE('',*,*,#5086,.T.);
#4052=ORIENTED_EDGE('',*,*,#5087,.F.);
#4053=ORIENTED_EDGE('',*,*,#5088,.T.);
#4054=ORIENTED_EDGE('',*,*,#5089,.F.);
#4055=ORIENTED_EDGE('',*,*,#5090,.F.);
#4056=ORIENTED_EDGE('',*,*,#5091,.F.);
#4057=ORIENTED_EDGE('',*,*,#5092,.F.);
#4058=ORIENTED_EDGE('',*,*,#5093,.F.);
#4059=ORIENTED_EDGE('',*,*,#4956,.F.);
#4060=ORIENTED_EDGE('',*,*,#5088,.F.);
#4061=ORIENTED_EDGE('',*,*,#5094,.F.);
#4062=ORIENTED_EDGE('',*,*,#5093,.T.);
#4063=ORIENTED_EDGE('',*,*,#5095,.F.);
#4064=ORIENTED_EDGE('',*,*,#5096,.T.);
#4065=ORIENTED_EDGE('',*,*,#4957,.F.);
#4066=ORIENTED_EDGE('',*,*,#5096,.F.);
#4067=ORIENTED_EDGE('',*,*,#5097,.F.);
#4068=ORIENTED_EDGE('',*,*,#5098,.F.);
#4069=ORIENTED_EDGE('',*,*,#4958,.F.);
#4070=ORIENTED_EDGE('',*,*,#4959,.F.);
#4071=ORIENTED_EDGE('',*,*,#5098,.T.);
#4072=ORIENTED_EDGE('',*,*,#5099,.F.);
#4073=ORIENTED_EDGE('',*,*,#5100,.T.);
#4074=ORIENTED_EDGE('',*,*,#5101,.F.);
#4075=ORIENTED_EDGE('',*,*,#5102,.F.);
#4076=ORIENTED_EDGE('',*,*,#5103,.F.);
#4077=ORIENTED_EDGE('',*,*,#5104,.F.);
#4078=ORIENTED_EDGE('',*,*,#5105,.F.);
#4079=ORIENTED_EDGE('',*,*,#4960,.F.);
#4080=ORIENTED_EDGE('',*,*,#5100,.F.);
#4081=ORIENTED_EDGE('',*,*,#5106,.F.);
#4082=ORIENTED_EDGE('',*,*,#5105,.T.);
#4083=ORIENTED_EDGE('',*,*,#5107,.F.);
#4084=ORIENTED_EDGE('',*,*,#5108,.T.);
#4085=ORIENTED_EDGE('',*,*,#4961,.F.);
#4086=ORIENTED_EDGE('',*,*,#5108,.F.);
#4087=ORIENTED_EDGE('',*,*,#5109,.F.);
#4088=ORIENTED_EDGE('',*,*,#5110,.F.);
#4089=ORIENTED_EDGE('',*,*,#4962,.F.);
#4090=ORIENTED_EDGE('',*,*,#4963,.F.);
#4091=ORIENTED_EDGE('',*,*,#5110,.T.);
#4092=ORIENTED_EDGE('',*,*,#5111,.F.);
#4093=ORIENTED_EDGE('',*,*,#5112,.T.);
#4094=ORIENTED_EDGE('',*,*,#5113,.F.);
#4095=ORIENTED_EDGE('',*,*,#5114,.F.);
#4096=ORIENTED_EDGE('',*,*,#5115,.F.);
#4097=ORIENTED_EDGE('',*,*,#5116,.F.);
#4098=ORIENTED_EDGE('',*,*,#5117,.F.);
#4099=ORIENTED_EDGE('',*,*,#4964,.F.);
#4100=ORIENTED_EDGE('',*,*,#5112,.F.);
#4101=ORIENTED_EDGE('',*,*,#5118,.F.);
#4102=ORIENTED_EDGE('',*,*,#5117,.T.);
#4103=ORIENTED_EDGE('',*,*,#5119,.F.);
#4104=ORIENTED_EDGE('',*,*,#5120,.T.);
#4105=ORIENTED_EDGE('',*,*,#4965,.F.);
#4106=ORIENTED_EDGE('',*,*,#5120,.F.);
#4107=ORIENTED_EDGE('',*,*,#5121,.F.);
#4108=ORIENTED_EDGE('',*,*,#5122,.F.);
#4109=ORIENTED_EDGE('',*,*,#4966,.F.);
#4110=ORIENTED_EDGE('',*,*,#4967,.F.);
#4111=ORIENTED_EDGE('',*,*,#5122,.T.);
#4112=ORIENTED_EDGE('',*,*,#5123,.F.);
#4113=ORIENTED_EDGE('',*,*,#5124,.T.);
#4114=ORIENTED_EDGE('',*,*,#5125,.F.);
#4115=ORIENTED_EDGE('',*,*,#5126,.F.);
#4116=ORIENTED_EDGE('',*,*,#5127,.F.);
#4117=ORIENTED_EDGE('',*,*,#5128,.F.);
#4118=ORIENTED_EDGE('',*,*,#5129,.F.);
#4119=ORIENTED_EDGE('',*,*,#4968,.F.);
#4120=ORIENTED_EDGE('',*,*,#5124,.F.);
#4121=ORIENTED_EDGE('',*,*,#5130,.F.);
#4122=ORIENTED_EDGE('',*,*,#5129,.T.);
#4123=ORIENTED_EDGE('',*,*,#5131,.F.);
#4124=ORIENTED_EDGE('',*,*,#5132,.T.);
#4125=ORIENTED_EDGE('',*,*,#4969,.F.);
#4126=ORIENTED_EDGE('',*,*,#5132,.F.);
#4127=ORIENTED_EDGE('',*,*,#5133,.F.);
#4128=ORIENTED_EDGE('',*,*,#5134,.F.);
#4129=ORIENTED_EDGE('',*,*,#4970,.F.);
#4130=ORIENTED_EDGE('',*,*,#4971,.F.);
#4131=ORIENTED_EDGE('',*,*,#5134,.T.);
#4132=ORIENTED_EDGE('',*,*,#5135,.F.);
#4133=ORIENTED_EDGE('',*,*,#5136,.T.);
#4134=ORIENTED_EDGE('',*,*,#5137,.F.);
#4135=ORIENTED_EDGE('',*,*,#5138,.F.);
#4136=ORIENTED_EDGE('',*,*,#5139,.F.);
#4137=ORIENTED_EDGE('',*,*,#5140,.F.);
#4138=ORIENTED_EDGE('',*,*,#5141,.F.);
#4139=ORIENTED_EDGE('',*,*,#4972,.F.);
#4140=ORIENTED_EDGE('',*,*,#5136,.F.);
#4141=ORIENTED_EDGE('',*,*,#5142,.F.);
#4142=ORIENTED_EDGE('',*,*,#5141,.T.);
#4143=ORIENTED_EDGE('',*,*,#5143,.F.);
#4144=ORIENTED_EDGE('',*,*,#5144,.T.);
#4145=ORIENTED_EDGE('',*,*,#4973,.F.);
#4146=ORIENTED_EDGE('',*,*,#5144,.F.);
#4147=ORIENTED_EDGE('',*,*,#5145,.F.);
#4148=ORIENTED_EDGE('',*,*,#5146,.F.);
#4149=ORIENTED_EDGE('',*,*,#4974,.F.);
#4150=ORIENTED_EDGE('',*,*,#4975,.F.);
#4151=ORIENTED_EDGE('',*,*,#5146,.T.);
#4152=ORIENTED_EDGE('',*,*,#5147,.F.);
#4153=ORIENTED_EDGE('',*,*,#5148,.T.);
#4154=ORIENTED_EDGE('',*,*,#5149,.F.);
#4155=ORIENTED_EDGE('',*,*,#5150,.F.);
#4156=ORIENTED_EDGE('',*,*,#5151,.F.);
#4157=ORIENTED_EDGE('',*,*,#5152,.F.);
#4158=ORIENTED_EDGE('',*,*,#5153,.F.);
#4159=ORIENTED_EDGE('',*,*,#4976,.F.);
#4160=ORIENTED_EDGE('',*,*,#5148,.F.);
#4161=ORIENTED_EDGE('',*,*,#5154,.F.);
#4162=ORIENTED_EDGE('',*,*,#5153,.T.);
#4163=ORIENTED_EDGE('',*,*,#5155,.F.);
#4164=ORIENTED_EDGE('',*,*,#5156,.T.);
#4165=ORIENTED_EDGE('',*,*,#4977,.F.);
#4166=ORIENTED_EDGE('',*,*,#5156,.F.);
#4167=ORIENTED_EDGE('',*,*,#5157,.F.);
#4168=ORIENTED_EDGE('',*,*,#5158,.F.);
#4169=ORIENTED_EDGE('',*,*,#4978,.F.);
#4170=ORIENTED_EDGE('',*,*,#4979,.F.);
#4171=ORIENTED_EDGE('',*,*,#5158,.T.);
#4172=ORIENTED_EDGE('',*,*,#5159,.F.);
#4173=ORIENTED_EDGE('',*,*,#5160,.T.);
#4174=ORIENTED_EDGE('',*,*,#5161,.F.);
#4175=ORIENTED_EDGE('',*,*,#5162,.F.);
#4176=ORIENTED_EDGE('',*,*,#5163,.F.);
#4177=ORIENTED_EDGE('',*,*,#5164,.F.);
#4178=ORIENTED_EDGE('',*,*,#5165,.F.);
#4179=ORIENTED_EDGE('',*,*,#4980,.F.);
#4180=ORIENTED_EDGE('',*,*,#5160,.F.);
#4181=ORIENTED_EDGE('',*,*,#5166,.F.);
#4182=ORIENTED_EDGE('',*,*,#5165,.T.);
#4183=ORIENTED_EDGE('',*,*,#5167,.T.);
#4184=ORIENTED_EDGE('',*,*,#4995,.T.);
#4185=ORIENTED_EDGE('',*,*,#4981,.F.);
#4186=ORIENTED_EDGE('',*,*,#5168,.F.);
#4187=ORIENTED_EDGE('',*,*,#5003,.F.);
#4188=ORIENTED_EDGE('',*,*,#4999,.F.);
#4189=ORIENTED_EDGE('',*,*,#4993,.F.);
#4190=ORIENTED_EDGE('',*,*,#5169,.F.);
#4191=ORIENTED_EDGE('',*,*,#5082,.T.);
#4192=ORIENTED_EDGE('',*,*,#5075,.T.);
#4193=ORIENTED_EDGE('',*,*,#5073,.T.);
#4194=ORIENTED_EDGE('',*,*,#5072,.T.);
#4195=ORIENTED_EDGE('',*,*,#5069,.T.);
#4196=ORIENTED_EDGE('',*,*,#5063,.T.);
#4197=ORIENTED_EDGE('',*,*,#5061,.T.);
#4198=ORIENTED_EDGE('',*,*,#5060,.T.);
#4199=ORIENTED_EDGE('',*,*,#5050,.F.);
#4200=ORIENTED_EDGE('',*,*,#5170,.F.);
#4201=ORIENTED_EDGE('',*,*,#4996,.T.);
#4202=ORIENTED_EDGE('',*,*,#5167,.F.);
#4203=ORIENTED_EDGE('',*,*,#5166,.T.);
#4204=ORIENTED_EDGE('',*,*,#5159,.T.);
#4205=ORIENTED_EDGE('',*,*,#5157,.T.);
#4206=ORIENTED_EDGE('',*,*,#5155,.T.);
#4207=ORIENTED_EDGE('',*,*,#5154,.T.);
#4208=ORIENTED_EDGE('',*,*,#5147,.T.);
#4209=ORIENTED_EDGE('',*,*,#5145,.T.);
#4210=ORIENTED_EDGE('',*,*,#5143,.T.);
#4211=ORIENTED_EDGE('',*,*,#5142,.T.);
#4212=ORIENTED_EDGE('',*,*,#5135,.T.);
#4213=ORIENTED_EDGE('',*,*,#5133,.T.);
#4214=ORIENTED_EDGE('',*,*,#5131,.T.);
#4215=ORIENTED_EDGE('',*,*,#5130,.T.);
#4216=ORIENTED_EDGE('',*,*,#5123,.T.);
#4217=ORIENTED_EDGE('',*,*,#5121,.T.);
#4218=ORIENTED_EDGE('',*,*,#5119,.T.);
#4219=ORIENTED_EDGE('',*,*,#5118,.T.);
#4220=ORIENTED_EDGE('',*,*,#5111,.T.);
#4221=ORIENTED_EDGE('',*,*,#5109,.T.);
#4222=ORIENTED_EDGE('',*,*,#5107,.T.);
#4223=ORIENTED_EDGE('',*,*,#5106,.T.);
#4224=ORIENTED_EDGE('',*,*,#5099,.T.);
#4225=ORIENTED_EDGE('',*,*,#5097,.T.);
#4226=ORIENTED_EDGE('',*,*,#5095,.T.);
#4227=ORIENTED_EDGE('',*,*,#5094,.T.);
#4228=ORIENTED_EDGE('',*,*,#5087,.T.);
#4229=ORIENTED_EDGE('',*,*,#5085,.T.);
#4230=ORIENTED_EDGE('',*,*,#5083,.T.);
#4231=ORIENTED_EDGE('',*,*,#5171,.T.);
#4232=ORIENTED_EDGE('',*,*,#5172,.T.);
#4233=ORIENTED_EDGE('',*,*,#5173,.T.);
#4234=ORIENTED_EDGE('',*,*,#5169,.T.);
#4235=ORIENTED_EDGE('',*,*,#4997,.T.);
#4236=ORIENTED_EDGE('',*,*,#5170,.T.);
#4237=ORIENTED_EDGE('',*,*,#5049,.F.);
#4238=ORIENTED_EDGE('',*,*,#5174,.T.);
#4239=ORIENTED_EDGE('',*,*,#5173,.F.);
#4240=ORIENTED_EDGE('',*,*,#5175,.F.);
#4241=ORIENTED_EDGE('',*,*,#5000,.T.);
#4242=ORIENTED_EDGE('',*,*,#5168,.T.);
#4243=ORIENTED_EDGE('',*,*,#5176,.F.);
#4244=ORIENTED_EDGE('',*,*,#5045,.T.);
#4245=ORIENTED_EDGE('',*,*,#5004,.F.);
#4246=ORIENTED_EDGE('',*,*,#5001,.F.);
#4247=ORIENTED_EDGE('',*,*,#5177,.F.);
#4248=ORIENTED_EDGE('',*,*,#5178,.F.);
#4249=ORIENTED_EDGE('',*,*,#5006,.T.);
#4250=ORIENTED_EDGE('',*,*,#5179,.T.);
#4251=ORIENTED_EDGE('',*,*,#5180,.F.);
#4252=ORIENTED_EDGE('',*,*,#5181,.F.);
#4253=ORIENTED_EDGE('',*,*,#5007,.T.);
#4254=ORIENTED_EDGE('',*,*,#5178,.T.);
#4255=ORIENTED_EDGE('',*,*,#5182,.F.);
#4256=ORIENTED_EDGE('',*,*,#5183,.F.);
#4257=ORIENTED_EDGE('',*,*,#5008,.T.);
#4258=ORIENTED_EDGE('',*,*,#5181,.T.);
#4259=ORIENTED_EDGE('',*,*,#5184,.F.);
#4260=ORIENTED_EDGE('',*,*,#5179,.F.);
#4261=ORIENTED_EDGE('',*,*,#5009,.T.);
#4262=ORIENTED_EDGE('',*,*,#5183,.T.);
#4263=ORIENTED_EDGE('',*,*,#5185,.F.);
#4264=ORIENTED_EDGE('',*,*,#5186,.F.);
#4265=ORIENTED_EDGE('',*,*,#5010,.T.);
#4266=ORIENTED_EDGE('',*,*,#5187,.T.);
#4267=ORIENTED_EDGE('',*,*,#5188,.F.);
#4268=ORIENTED_EDGE('',*,*,#5189,.F.);
#4269=ORIENTED_EDGE('',*,*,#5011,.T.);
#4270=ORIENTED_EDGE('',*,*,#5186,.T.);
#4271=ORIENTED_EDGE('',*,*,#5190,.F.);
#4272=ORIENTED_EDGE('',*,*,#5191,.F.);
#4273=ORIENTED_EDGE('',*,*,#5012,.T.);
#4274=ORIENTED_EDGE('',*,*,#5189,.T.);
#4275=ORIENTED_EDGE('',*,*,#5192,.F.);
#4276=ORIENTED_EDGE('',*,*,#5187,.F.);
#4277=ORIENTED_EDGE('',*,*,#5013,.T.);
#4278=ORIENTED_EDGE('',*,*,#5191,.T.);
#4279=ORIENTED_EDGE('',*,*,#5193,.F.);
#4280=ORIENTED_EDGE('',*,*,#5194,.F.);
#4281=ORIENTED_EDGE('',*,*,#5014,.T.);
#4282=ORIENTED_EDGE('',*,*,#5195,.T.);
#4283=ORIENTED_EDGE('',*,*,#5196,.F.);
#4284=ORIENTED_EDGE('',*,*,#5197,.F.);
#4285=ORIENTED_EDGE('',*,*,#5015,.T.);
#4286=ORIENTED_EDGE('',*,*,#5194,.T.);
#4287=ORIENTED_EDGE('',*,*,#5198,.F.);
#4288=ORIENTED_EDGE('',*,*,#5199,.F.);
#4289=ORIENTED_EDGE('',*,*,#5016,.T.);
#4290=ORIENTED_EDGE('',*,*,#5197,.T.);
#4291=ORIENTED_EDGE('',*,*,#5200,.F.);
#4292=ORIENTED_EDGE('',*,*,#5195,.F.);
#4293=ORIENTED_EDGE('',*,*,#5017,.T.);
#4294=ORIENTED_EDGE('',*,*,#5199,.T.);
#4295=ORIENTED_EDGE('',*,*,#5201,.F.);
#4296=ORIENTED_EDGE('',*,*,#5202,.F.);
#4297=ORIENTED_EDGE('',*,*,#5018,.T.);
#4298=ORIENTED_EDGE('',*,*,#5203,.T.);
#4299=ORIENTED_EDGE('',*,*,#5204,.F.);
#4300=ORIENTED_EDGE('',*,*,#5205,.F.);
#4301=ORIENTED_EDGE('',*,*,#5019,.T.);
#4302=ORIENTED_EDGE('',*,*,#5202,.T.);
#4303=ORIENTED_EDGE('',*,*,#5206,.F.);
#4304=ORIENTED_EDGE('',*,*,#5207,.F.);
#4305=ORIENTED_EDGE('',*,*,#5020,.T.);
#4306=ORIENTED_EDGE('',*,*,#5205,.T.);
#4307=ORIENTED_EDGE('',*,*,#5208,.F.);
#4308=ORIENTED_EDGE('',*,*,#5203,.F.);
#4309=ORIENTED_EDGE('',*,*,#5021,.T.);
#4310=ORIENTED_EDGE('',*,*,#5207,.T.);
#4311=ORIENTED_EDGE('',*,*,#5209,.F.);
#4312=ORIENTED_EDGE('',*,*,#5210,.F.);
#4313=ORIENTED_EDGE('',*,*,#5022,.T.);
#4314=ORIENTED_EDGE('',*,*,#5211,.T.);
#4315=ORIENTED_EDGE('',*,*,#5212,.F.);
#4316=ORIENTED_EDGE('',*,*,#5213,.F.);
#4317=ORIENTED_EDGE('',*,*,#5023,.T.);
#4318=ORIENTED_EDGE('',*,*,#5210,.T.);
#4319=ORIENTED_EDGE('',*,*,#5214,.F.);
#4320=ORIENTED_EDGE('',*,*,#5215,.F.);
#4321=ORIENTED_EDGE('',*,*,#5024,.T.);
#4322=ORIENTED_EDGE('',*,*,#5213,.T.);
#4323=ORIENTED_EDGE('',*,*,#5216,.F.);
#4324=ORIENTED_EDGE('',*,*,#5211,.F.);
#4325=ORIENTED_EDGE('',*,*,#5025,.T.);
#4326=ORIENTED_EDGE('',*,*,#5215,.T.);
#4327=ORIENTED_EDGE('',*,*,#5217,.F.);
#4328=ORIENTED_EDGE('',*,*,#5218,.F.);
#4329=ORIENTED_EDGE('',*,*,#5026,.T.);
#4330=ORIENTED_EDGE('',*,*,#5219,.T.);
#4331=ORIENTED_EDGE('',*,*,#5220,.F.);
#4332=ORIENTED_EDGE('',*,*,#5221,.F.);
#4333=ORIENTED_EDGE('',*,*,#5027,.T.);
#4334=ORIENTED_EDGE('',*,*,#5218,.T.);
#4335=ORIENTED_EDGE('',*,*,#5222,.F.);
#4336=ORIENTED_EDGE('',*,*,#5223,.F.);
#4337=ORIENTED_EDGE('',*,*,#5028,.T.);
#4338=ORIENTED_EDGE('',*,*,#5221,.T.);
#4339=ORIENTED_EDGE('',*,*,#5224,.F.);
#4340=ORIENTED_EDGE('',*,*,#5219,.F.);
#4341=ORIENTED_EDGE('',*,*,#5029,.T.);
#4342=ORIENTED_EDGE('',*,*,#5223,.T.);
#4343=ORIENTED_EDGE('',*,*,#5225,.F.);
#4344=ORIENTED_EDGE('',*,*,#5226,.F.);
#4345=ORIENTED_EDGE('',*,*,#5030,.T.);
#4346=ORIENTED_EDGE('',*,*,#5227,.T.);
#4347=ORIENTED_EDGE('',*,*,#5228,.F.);
#4348=ORIENTED_EDGE('',*,*,#5229,.F.);
#4349=ORIENTED_EDGE('',*,*,#5031,.T.);
#4350=ORIENTED_EDGE('',*,*,#5226,.T.);
#4351=ORIENTED_EDGE('',*,*,#5230,.F.);
#4352=ORIENTED_EDGE('',*,*,#5231,.F.);
#4353=ORIENTED_EDGE('',*,*,#5032,.T.);
#4354=ORIENTED_EDGE('',*,*,#5229,.T.);
#4355=ORIENTED_EDGE('',*,*,#5232,.F.);
#4356=ORIENTED_EDGE('',*,*,#5227,.F.);
#4357=ORIENTED_EDGE('',*,*,#5033,.T.);
#4358=ORIENTED_EDGE('',*,*,#5231,.T.);
#4359=ORIENTED_EDGE('',*,*,#5233,.F.);
#4360=ORIENTED_EDGE('',*,*,#5234,.F.);
#4361=ORIENTED_EDGE('',*,*,#5034,.T.);
#4362=ORIENTED_EDGE('',*,*,#5235,.T.);
#4363=ORIENTED_EDGE('',*,*,#5236,.F.);
#4364=ORIENTED_EDGE('',*,*,#5237,.F.);
#4365=ORIENTED_EDGE('',*,*,#5035,.T.);
#4366=ORIENTED_EDGE('',*,*,#5234,.T.);
#4367=ORIENTED_EDGE('',*,*,#5238,.F.);
#4368=ORIENTED_EDGE('',*,*,#5239,.F.);
#4369=ORIENTED_EDGE('',*,*,#5036,.T.);
#4370=ORIENTED_EDGE('',*,*,#5237,.T.);
#4371=ORIENTED_EDGE('',*,*,#5240,.F.);
#4372=ORIENTED_EDGE('',*,*,#5235,.F.);
#4373=ORIENTED_EDGE('',*,*,#5037,.T.);
#4374=ORIENTED_EDGE('',*,*,#5239,.T.);
#4375=ORIENTED_EDGE('',*,*,#5241,.F.);
#4376=ORIENTED_EDGE('',*,*,#5242,.F.);
#4377=ORIENTED_EDGE('',*,*,#5038,.T.);
#4378=ORIENTED_EDGE('',*,*,#5243,.T.);
#4379=ORIENTED_EDGE('',*,*,#5244,.F.);
#4380=ORIENTED_EDGE('',*,*,#5245,.F.);
#4381=ORIENTED_EDGE('',*,*,#5039,.T.);
#4382=ORIENTED_EDGE('',*,*,#5242,.T.);
#4383=ORIENTED_EDGE('',*,*,#5246,.F.);
#4384=ORIENTED_EDGE('',*,*,#5247,.F.);
#4385=ORIENTED_EDGE('',*,*,#5040,.T.);
#4386=ORIENTED_EDGE('',*,*,#5245,.T.);
#4387=ORIENTED_EDGE('',*,*,#5248,.F.);
#4388=ORIENTED_EDGE('',*,*,#5243,.F.);
#4389=ORIENTED_EDGE('',*,*,#5041,.T.);
#4390=ORIENTED_EDGE('',*,*,#5247,.T.);
#4391=ORIENTED_EDGE('',*,*,#5171,.F.);
#4392=ORIENTED_EDGE('',*,*,#5249,.T.);
#4393=ORIENTED_EDGE('',*,*,#5042,.T.);
#4394=ORIENTED_EDGE('',*,*,#5250,.T.);
#4395=ORIENTED_EDGE('',*,*,#5249,.F.);
#4396=ORIENTED_EDGE('',*,*,#5174,.F.);
#4397=ORIENTED_EDGE('',*,*,#5048,.F.);
#4398=ORIENTED_EDGE('',*,*,#5046,.F.);
#4399=ORIENTED_EDGE('',*,*,#5043,.F.);
#4400=ORIENTED_EDGE('',*,*,#5251,.T.);
#4401=ORIENTED_EDGE('',*,*,#5252,.T.);
#4402=ORIENTED_EDGE('',*,*,#5065,.T.);
#4403=ORIENTED_EDGE('',*,*,#5253,.F.);
#4404=ORIENTED_EDGE('',*,*,#5254,.T.);
#4405=ORIENTED_EDGE('',*,*,#5255,.T.);
#4406=ORIENTED_EDGE('',*,*,#5066,.T.);
#4407=ORIENTED_EDGE('',*,*,#5252,.F.);
#4408=ORIENTED_EDGE('',*,*,#5256,.T.);
#4409=ORIENTED_EDGE('',*,*,#5257,.T.);
#4410=ORIENTED_EDGE('',*,*,#5067,.T.);
#4411=ORIENTED_EDGE('',*,*,#5255,.F.);
#4412=ORIENTED_EDGE('',*,*,#5258,.T.);
#4413=ORIENTED_EDGE('',*,*,#5253,.T.);
#4414=ORIENTED_EDGE('',*,*,#5068,.T.);
#4415=ORIENTED_EDGE('',*,*,#5257,.F.);
#4416=ORIENTED_EDGE('',*,*,#5259,.T.);
#4417=ORIENTED_EDGE('',*,*,#5260,.T.);
#4418=ORIENTED_EDGE('',*,*,#5077,.T.);
#4419=ORIENTED_EDGE('',*,*,#5261,.F.);
#4420=ORIENTED_EDGE('',*,*,#5262,.T.);
#4421=ORIENTED_EDGE('',*,*,#5263,.T.);
#4422=ORIENTED_EDGE('',*,*,#5078,.T.);
#4423=ORIENTED_EDGE('',*,*,#5260,.F.);
#4424=ORIENTED_EDGE('',*,*,#5264,.T.);
#4425=ORIENTED_EDGE('',*,*,#5265,.T.);
#4426=ORIENTED_EDGE('',*,*,#5079,.T.);
#4427=ORIENTED_EDGE('',*,*,#5263,.F.);
#4428=ORIENTED_EDGE('',*,*,#5266,.T.);
#4429=ORIENTED_EDGE('',*,*,#5261,.T.);
#4430=ORIENTED_EDGE('',*,*,#5080,.T.);
#4431=ORIENTED_EDGE('',*,*,#5265,.F.);
#4432=ORIENTED_EDGE('',*,*,#5267,.T.);
#4433=ORIENTED_EDGE('',*,*,#5268,.T.);
#4434=ORIENTED_EDGE('',*,*,#5089,.T.);
#4435=ORIENTED_EDGE('',*,*,#5269,.F.);
#4436=ORIENTED_EDGE('',*,*,#5270,.T.);
#4437=ORIENTED_EDGE('',*,*,#5271,.T.);
#4438=ORIENTED_EDGE('',*,*,#5090,.T.);
#4439=ORIENTED_EDGE('',*,*,#5268,.F.);
#4440=ORIENTED_EDGE('',*,*,#5272,.T.);
#4441=ORIENTED_EDGE('',*,*,#5273,.T.);
#4442=ORIENTED_EDGE('',*,*,#5091,.T.);
#4443=ORIENTED_EDGE('',*,*,#5271,.F.);
#4444=ORIENTED_EDGE('',*,*,#5274,.T.);
#4445=ORIENTED_EDGE('',*,*,#5269,.T.);
#4446=ORIENTED_EDGE('',*,*,#5092,.T.);
#4447=ORIENTED_EDGE('',*,*,#5273,.F.);
#4448=ORIENTED_EDGE('',*,*,#5275,.T.);
#4449=ORIENTED_EDGE('',*,*,#5276,.T.);
#4450=ORIENTED_EDGE('',*,*,#5101,.T.);
#4451=ORIENTED_EDGE('',*,*,#5277,.F.);
#4452=ORIENTED_EDGE('',*,*,#5278,.T.);
#4453=ORIENTED_EDGE('',*,*,#5279,.T.);
#4454=ORIENTED_EDGE('',*,*,#5102,.T.);
#4455=ORIENTED_EDGE('',*,*,#5276,.F.);
#4456=ORIENTED_EDGE('',*,*,#5280,.T.);
#4457=ORIENTED_EDGE('',*,*,#5281,.T.);
#4458=ORIENTED_EDGE('',*,*,#5103,.T.);
#4459=ORIENTED_EDGE('',*,*,#5279,.F.);
#4460=ORIENTED_EDGE('',*,*,#5282,.T.);
#4461=ORIENTED_EDGE('',*,*,#5277,.T.);
#4462=ORIENTED_EDGE('',*,*,#5104,.T.);
#4463=ORIENTED_EDGE('',*,*,#5281,.F.);
#4464=ORIENTED_EDGE('',*,*,#5283,.T.);
#4465=ORIENTED_EDGE('',*,*,#5284,.T.);
#4466=ORIENTED_EDGE('',*,*,#5113,.T.);
#4467=ORIENTED_EDGE('',*,*,#5285,.F.);
#4468=ORIENTED_EDGE('',*,*,#5286,.T.);
#4469=ORIENTED_EDGE('',*,*,#5287,.T.);
#4470=ORIENTED_EDGE('',*,*,#5114,.T.);
#4471=ORIENTED_EDGE('',*,*,#5284,.F.);
#4472=ORIENTED_EDGE('',*,*,#5288,.T.);
#4473=ORIENTED_EDGE('',*,*,#5289,.T.);
#4474=ORIENTED_EDGE('',*,*,#5115,.T.);
#4475=ORIENTED_EDGE('',*,*,#5287,.F.);
#4476=ORIENTED_EDGE('',*,*,#5290,.T.);
#4477=ORIENTED_EDGE('',*,*,#5285,.T.);
#4478=ORIENTED_EDGE('',*,*,#5116,.T.);
#4479=ORIENTED_EDGE('',*,*,#5289,.F.);
#4480=ORIENTED_EDGE('',*,*,#5291,.T.);
#4481=ORIENTED_EDGE('',*,*,#5292,.T.);
#4482=ORIENTED_EDGE('',*,*,#5125,.T.);
#4483=ORIENTED_EDGE('',*,*,#5293,.F.);
#4484=ORIENTED_EDGE('',*,*,#5294,.T.);
#4485=ORIENTED_EDGE('',*,*,#5295,.T.);
#4486=ORIENTED_EDGE('',*,*,#5126,.T.);
#4487=ORIENTED_EDGE('',*,*,#5292,.F.);
#4488=ORIENTED_EDGE('',*,*,#5296,.T.);
#4489=ORIENTED_EDGE('',*,*,#5297,.T.);
#4490=ORIENTED_EDGE('',*,*,#5127,.T.);
#4491=ORIENTED_EDGE('',*,*,#5295,.F.);
#4492=ORIENTED_EDGE('',*,*,#5298,.T.);
#4493=ORIENTED_EDGE('',*,*,#5293,.T.);
#4494=ORIENTED_EDGE('',*,*,#5128,.T.);
#4495=ORIENTED_EDGE('',*,*,#5297,.F.);
#4496=ORIENTED_EDGE('',*,*,#5299,.T.);
#4497=ORIENTED_EDGE('',*,*,#5300,.T.);
#4498=ORIENTED_EDGE('',*,*,#5137,.T.);
#4499=ORIENTED_EDGE('',*,*,#5301,.F.);
#4500=ORIENTED_EDGE('',*,*,#5302,.T.);
#4501=ORIENTED_EDGE('',*,*,#5303,.T.);
#4502=ORIENTED_EDGE('',*,*,#5138,.T.);
#4503=ORIENTED_EDGE('',*,*,#5300,.F.);
#4504=ORIENTED_EDGE('',*,*,#5304,.T.);
#4505=ORIENTED_EDGE('',*,*,#5305,.T.);
#4506=ORIENTED_EDGE('',*,*,#5139,.T.);
#4507=ORIENTED_EDGE('',*,*,#5303,.F.);
#4508=ORIENTED_EDGE('',*,*,#5306,.T.);
#4509=ORIENTED_EDGE('',*,*,#5301,.T.);
#4510=ORIENTED_EDGE('',*,*,#5140,.T.);
#4511=ORIENTED_EDGE('',*,*,#5305,.F.);
#4512=ORIENTED_EDGE('',*,*,#5307,.T.);
#4513=ORIENTED_EDGE('',*,*,#5308,.T.);
#4514=ORIENTED_EDGE('',*,*,#5149,.T.);
#4515=ORIENTED_EDGE('',*,*,#5309,.F.);
#4516=ORIENTED_EDGE('',*,*,#5310,.T.);
#4517=ORIENTED_EDGE('',*,*,#5311,.T.);
#4518=ORIENTED_EDGE('',*,*,#5150,.T.);
#4519=ORIENTED_EDGE('',*,*,#5308,.F.);
#4520=ORIENTED_EDGE('',*,*,#5312,.T.);
#4521=ORIENTED_EDGE('',*,*,#5313,.T.);
#4522=ORIENTED_EDGE('',*,*,#5151,.T.);
#4523=ORIENTED_EDGE('',*,*,#5311,.F.);
#4524=ORIENTED_EDGE('',*,*,#5314,.T.);
#4525=ORIENTED_EDGE('',*,*,#5309,.T.);
#4526=ORIENTED_EDGE('',*,*,#5152,.T.);
#4527=ORIENTED_EDGE('',*,*,#5313,.F.);
#4528=ORIENTED_EDGE('',*,*,#5315,.T.);
#4529=ORIENTED_EDGE('',*,*,#5316,.T.);
#4530=ORIENTED_EDGE('',*,*,#5161,.T.);
#4531=ORIENTED_EDGE('',*,*,#5317,.F.);
#4532=ORIENTED_EDGE('',*,*,#5318,.T.);
#4533=ORIENTED_EDGE('',*,*,#5319,.T.);
#4534=ORIENTED_EDGE('',*,*,#5162,.T.);
#4535=ORIENTED_EDGE('',*,*,#5316,.F.);
#4536=ORIENTED_EDGE('',*,*,#5320,.T.);
#4537=ORIENTED_EDGE('',*,*,#5321,.T.);
#4538=ORIENTED_EDGE('',*,*,#5163,.T.);
#4539=ORIENTED_EDGE('',*,*,#5319,.F.);
#4540=ORIENTED_EDGE('',*,*,#5322,.T.);
#4541=ORIENTED_EDGE('',*,*,#5317,.T.);
#4542=ORIENTED_EDGE('',*,*,#5164,.T.);
#4543=ORIENTED_EDGE('',*,*,#5321,.F.);
#4544=ORIENTED_EDGE('',*,*,#5172,.F.);
#4545=ORIENTED_EDGE('',*,*,#5250,.F.);
#4546=ORIENTED_EDGE('',*,*,#5176,.T.);
#4547=ORIENTED_EDGE('',*,*,#5175,.T.);
#4548=ORIENTED_EDGE('',*,*,#5177,.T.);
#4549=ORIENTED_EDGE('',*,*,#5323,.T.);
#4550=ORIENTED_EDGE('',*,*,#5324,.F.);
#4551=ORIENTED_EDGE('',*,*,#5325,.F.);
#4552=ORIENTED_EDGE('',*,*,#5180,.T.);
#4553=ORIENTED_EDGE('',*,*,#5325,.T.);
#4554=ORIENTED_EDGE('',*,*,#5326,.F.);
#4555=ORIENTED_EDGE('',*,*,#5327,.F.);
#4556=ORIENTED_EDGE('',*,*,#5182,.T.);
#4557=ORIENTED_EDGE('',*,*,#5327,.T.);
#4558=ORIENTED_EDGE('',*,*,#5328,.F.);
#4559=ORIENTED_EDGE('',*,*,#5329,.F.);
#4560=ORIENTED_EDGE('',*,*,#5184,.T.);
#4561=ORIENTED_EDGE('',*,*,#5329,.T.);
#4562=ORIENTED_EDGE('',*,*,#5330,.F.);
#4563=ORIENTED_EDGE('',*,*,#5323,.F.);
#4564=ORIENTED_EDGE('',*,*,#5185,.T.);
#4565=ORIENTED_EDGE('',*,*,#5331,.T.);
#4566=ORIENTED_EDGE('',*,*,#5332,.F.);
#4567=ORIENTED_EDGE('',*,*,#5333,.F.);
#4568=ORIENTED_EDGE('',*,*,#5188,.T.);
#4569=ORIENTED_EDGE('',*,*,#5333,.T.);
#4570=ORIENTED_EDGE('',*,*,#5334,.F.);
#4571=ORIENTED_EDGE('',*,*,#5335,.F.);
#4572=ORIENTED_EDGE('',*,*,#5190,.T.);
#4573=ORIENTED_EDGE('',*,*,#5335,.T.);
#4574=ORIENTED_EDGE('',*,*,#5336,.F.);
#4575=ORIENTED_EDGE('',*,*,#5337,.F.);
#4576=ORIENTED_EDGE('',*,*,#5192,.T.);
#4577=ORIENTED_EDGE('',*,*,#5337,.T.);
#4578=ORIENTED_EDGE('',*,*,#5338,.F.);
#4579=ORIENTED_EDGE('',*,*,#5331,.F.);
#4580=ORIENTED_EDGE('',*,*,#5193,.T.);
#4581=ORIENTED_EDGE('',*,*,#5339,.T.);
#4582=ORIENTED_EDGE('',*,*,#5340,.F.);
#4583=ORIENTED_EDGE('',*,*,#5341,.F.);
#4584=ORIENTED_EDGE('',*,*,#5196,.T.);
#4585=ORIENTED_EDGE('',*,*,#5341,.T.);
#4586=ORIENTED_EDGE('',*,*,#5342,.F.);
#4587=ORIENTED_EDGE('',*,*,#5343,.F.);
#4588=ORIENTED_EDGE('',*,*,#5198,.T.);
#4589=ORIENTED_EDGE('',*,*,#5343,.T.);
#4590=ORIENTED_EDGE('',*,*,#5344,.F.);
#4591=ORIENTED_EDGE('',*,*,#5345,.F.);
#4592=ORIENTED_EDGE('',*,*,#5200,.T.);
#4593=ORIENTED_EDGE('',*,*,#5345,.T.);
#4594=ORIENTED_EDGE('',*,*,#5346,.F.);
#4595=ORIENTED_EDGE('',*,*,#5339,.F.);
#4596=ORIENTED_EDGE('',*,*,#5201,.T.);
#4597=ORIENTED_EDGE('',*,*,#5347,.T.);
#4598=ORIENTED_EDGE('',*,*,#5348,.F.);
#4599=ORIENTED_EDGE('',*,*,#5349,.F.);
#4600=ORIENTED_EDGE('',*,*,#5204,.T.);
#4601=ORIENTED_EDGE('',*,*,#5349,.T.);
#4602=ORIENTED_EDGE('',*,*,#5350,.F.);
#4603=ORIENTED_EDGE('',*,*,#5351,.F.);
#4604=ORIENTED_EDGE('',*,*,#5206,.T.);
#4605=ORIENTED_EDGE('',*,*,#5351,.T.);
#4606=ORIENTED_EDGE('',*,*,#5352,.F.);
#4607=ORIENTED_EDGE('',*,*,#5353,.F.);
#4608=ORIENTED_EDGE('',*,*,#5208,.T.);
#4609=ORIENTED_EDGE('',*,*,#5353,.T.);
#4610=ORIENTED_EDGE('',*,*,#5354,.F.);
#4611=ORIENTED_EDGE('',*,*,#5347,.F.);
#4612=ORIENTED_EDGE('',*,*,#5209,.T.);
#4613=ORIENTED_EDGE('',*,*,#5355,.T.);
#4614=ORIENTED_EDGE('',*,*,#5356,.F.);
#4615=ORIENTED_EDGE('',*,*,#5357,.F.);
#4616=ORIENTED_EDGE('',*,*,#5212,.T.);
#4617=ORIENTED_EDGE('',*,*,#5357,.T.);
#4618=ORIENTED_EDGE('',*,*,#5358,.F.);
#4619=ORIENTED_EDGE('',*,*,#5359,.F.);
#4620=ORIENTED_EDGE('',*,*,#5214,.T.);
#4621=ORIENTED_EDGE('',*,*,#5359,.T.);
#4622=ORIENTED_EDGE('',*,*,#5360,.F.);
#4623=ORIENTED_EDGE('',*,*,#5361,.F.);
#4624=ORIENTED_EDGE('',*,*,#5216,.T.);
#4625=ORIENTED_EDGE('',*,*,#5361,.T.);
#4626=ORIENTED_EDGE('',*,*,#5362,.F.);
#4627=ORIENTED_EDGE('',*,*,#5355,.F.);
#4628=ORIENTED_EDGE('',*,*,#5217,.T.);
#4629=ORIENTED_EDGE('',*,*,#5363,.T.);
#4630=ORIENTED_EDGE('',*,*,#5364,.F.);
#4631=ORIENTED_EDGE('',*,*,#5365,.F.);
#4632=ORIENTED_EDGE('',*,*,#5220,.T.);
#4633=ORIENTED_EDGE('',*,*,#5365,.T.);
#4634=ORIENTED_EDGE('',*,*,#5366,.F.);
#4635=ORIENTED_EDGE('',*,*,#5367,.F.);
#4636=ORIENTED_EDGE('',*,*,#5222,.T.);
#4637=ORIENTED_EDGE('',*,*,#5367,.T.);
#4638=ORIENTED_EDGE('',*,*,#5368,.F.);
#4639=ORIENTED_EDGE('',*,*,#5369,.F.);
#4640=ORIENTED_EDGE('',*,*,#5224,.T.);
#4641=ORIENTED_EDGE('',*,*,#5369,.T.);
#4642=ORIENTED_EDGE('',*,*,#5370,.F.);
#4643=ORIENTED_EDGE('',*,*,#5363,.F.);
#4644=ORIENTED_EDGE('',*,*,#5225,.T.);
#4645=ORIENTED_EDGE('',*,*,#5371,.T.);
#4646=ORIENTED_EDGE('',*,*,#5372,.F.);
#4647=ORIENTED_EDGE('',*,*,#5373,.F.);
#4648=ORIENTED_EDGE('',*,*,#5228,.T.);
#4649=ORIENTED_EDGE('',*,*,#5373,.T.);
#4650=ORIENTED_EDGE('',*,*,#5374,.F.);
#4651=ORIENTED_EDGE('',*,*,#5375,.F.);
#4652=ORIENTED_EDGE('',*,*,#5230,.T.);
#4653=ORIENTED_EDGE('',*,*,#5375,.T.);
#4654=ORIENTED_EDGE('',*,*,#5376,.F.);
#4655=ORIENTED_EDGE('',*,*,#5377,.F.);
#4656=ORIENTED_EDGE('',*,*,#5232,.T.);
#4657=ORIENTED_EDGE('',*,*,#5377,.T.);
#4658=ORIENTED_EDGE('',*,*,#5378,.F.);
#4659=ORIENTED_EDGE('',*,*,#5371,.F.);
#4660=ORIENTED_EDGE('',*,*,#5233,.T.);
#4661=ORIENTED_EDGE('',*,*,#5379,.T.);
#4662=ORIENTED_EDGE('',*,*,#5380,.F.);
#4663=ORIENTED_EDGE('',*,*,#5381,.F.);
#4664=ORIENTED_EDGE('',*,*,#5236,.T.);
#4665=ORIENTED_EDGE('',*,*,#5381,.T.);
#4666=ORIENTED_EDGE('',*,*,#5382,.F.);
#4667=ORIENTED_EDGE('',*,*,#5383,.F.);
#4668=ORIENTED_EDGE('',*,*,#5238,.T.);
#4669=ORIENTED_EDGE('',*,*,#5383,.T.);
#4670=ORIENTED_EDGE('',*,*,#5384,.F.);
#4671=ORIENTED_EDGE('',*,*,#5385,.F.);
#4672=ORIENTED_EDGE('',*,*,#5240,.T.);
#4673=ORIENTED_EDGE('',*,*,#5385,.T.);
#4674=ORIENTED_EDGE('',*,*,#5386,.F.);
#4675=ORIENTED_EDGE('',*,*,#5379,.F.);
#4676=ORIENTED_EDGE('',*,*,#5241,.T.);
#4677=ORIENTED_EDGE('',*,*,#5387,.T.);
#4678=ORIENTED_EDGE('',*,*,#5388,.F.);
#4679=ORIENTED_EDGE('',*,*,#5389,.F.);
#4680=ORIENTED_EDGE('',*,*,#5244,.T.);
#4681=ORIENTED_EDGE('',*,*,#5389,.T.);
#4682=ORIENTED_EDGE('',*,*,#5390,.F.);
#4683=ORIENTED_EDGE('',*,*,#5391,.F.);
#4684=ORIENTED_EDGE('',*,*,#5246,.T.);
#4685=ORIENTED_EDGE('',*,*,#5391,.T.);
#4686=ORIENTED_EDGE('',*,*,#5392,.F.);
#4687=ORIENTED_EDGE('',*,*,#5393,.F.);
#4688=ORIENTED_EDGE('',*,*,#5248,.T.);
#4689=ORIENTED_EDGE('',*,*,#5393,.T.);
#4690=ORIENTED_EDGE('',*,*,#5394,.F.);
#4691=ORIENTED_EDGE('',*,*,#5387,.F.);
#4692=ORIENTED_EDGE('',*,*,#5251,.F.);
#4693=ORIENTED_EDGE('',*,*,#5395,.F.);
#4694=ORIENTED_EDGE('',*,*,#5396,.T.);
#4695=ORIENTED_EDGE('',*,*,#5397,.T.);
#4696=ORIENTED_EDGE('',*,*,#5254,.F.);
#4697=ORIENTED_EDGE('',*,*,#5397,.F.);
#4698=ORIENTED_EDGE('',*,*,#5398,.T.);
#4699=ORIENTED_EDGE('',*,*,#5399,.T.);
#4700=ORIENTED_EDGE('',*,*,#5256,.F.);
#4701=ORIENTED_EDGE('',*,*,#5399,.F.);
#4702=ORIENTED_EDGE('',*,*,#5400,.T.);
#4703=ORIENTED_EDGE('',*,*,#5401,.T.);
#4704=ORIENTED_EDGE('',*,*,#5258,.F.);
#4705=ORIENTED_EDGE('',*,*,#5401,.F.);
#4706=ORIENTED_EDGE('',*,*,#5402,.T.);
#4707=ORIENTED_EDGE('',*,*,#5395,.T.);
#4708=ORIENTED_EDGE('',*,*,#5259,.F.);
#4709=ORIENTED_EDGE('',*,*,#5403,.F.);
#4710=ORIENTED_EDGE('',*,*,#5404,.T.);
#4711=ORIENTED_EDGE('',*,*,#5405,.T.);
#4712=ORIENTED_EDGE('',*,*,#5262,.F.);
#4713=ORIENTED_EDGE('',*,*,#5405,.F.);
#4714=ORIENTED_EDGE('',*,*,#5406,.T.);
#4715=ORIENTED_EDGE('',*,*,#5407,.T.);
#4716=ORIENTED_EDGE('',*,*,#5264,.F.);
#4717=ORIENTED_EDGE('',*,*,#5407,.F.);
#4718=ORIENTED_EDGE('',*,*,#5408,.T.);
#4719=ORIENTED_EDGE('',*,*,#5409,.T.);
#4720=ORIENTED_EDGE('',*,*,#5266,.F.);
#4721=ORIENTED_EDGE('',*,*,#5409,.F.);
#4722=ORIENTED_EDGE('',*,*,#5410,.T.);
#4723=ORIENTED_EDGE('',*,*,#5403,.T.);
#4724=ORIENTED_EDGE('',*,*,#5267,.F.);
#4725=ORIENTED_EDGE('',*,*,#5411,.F.);
#4726=ORIENTED_EDGE('',*,*,#5412,.T.);
#4727=ORIENTED_EDGE('',*,*,#5413,.T.);
#4728=ORIENTED_EDGE('',*,*,#5270,.F.);
#4729=ORIENTED_EDGE('',*,*,#5413,.F.);
#4730=ORIENTED_EDGE('',*,*,#5414,.T.);
#4731=ORIENTED_EDGE('',*,*,#5415,.T.);
#4732=ORIENTED_EDGE('',*,*,#5272,.F.);
#4733=ORIENTED_EDGE('',*,*,#5415,.F.);
#4734=ORIENTED_EDGE('',*,*,#5416,.T.);
#4735=ORIENTED_EDGE('',*,*,#5417,.T.);
#4736=ORIENTED_EDGE('',*,*,#5274,.F.);
#4737=ORIENTED_EDGE('',*,*,#5417,.F.);
#4738=ORIENTED_EDGE('',*,*,#5418,.T.);
#4739=ORIENTED_EDGE('',*,*,#5411,.T.);
#4740=ORIENTED_EDGE('',*,*,#5275,.F.);
#4741=ORIENTED_EDGE('',*,*,#5419,.F.);
#4742=ORIENTED_EDGE('',*,*,#5420,.T.);
#4743=ORIENTED_EDGE('',*,*,#5421,.T.);
#4744=ORIENTED_EDGE('',*,*,#5278,.F.);
#4745=ORIENTED_EDGE('',*,*,#5421,.F.);
#4746=ORIENTED_EDGE('',*,*,#5422,.T.);
#4747=ORIENTED_EDGE('',*,*,#5423,.T.);
#4748=ORIENTED_EDGE('',*,*,#5280,.F.);
#4749=ORIENTED_EDGE('',*,*,#5423,.F.);
#4750=ORIENTED_EDGE('',*,*,#5424,.T.);
#4751=ORIENTED_EDGE('',*,*,#5425,.T.);
#4752=ORIENTED_EDGE('',*,*,#5282,.F.);
#4753=ORIENTED_EDGE('',*,*,#5425,.F.);
#4754=ORIENTED_EDGE('',*,*,#5426,.T.);
#4755=ORIENTED_EDGE('',*,*,#5419,.T.);
#4756=ORIENTED_EDGE('',*,*,#5283,.F.);
#4757=ORIENTED_EDGE('',*,*,#5427,.F.);
#4758=ORIENTED_EDGE('',*,*,#5428,.T.);
#4759=ORIENTED_EDGE('',*,*,#5429,.T.);
#4760=ORIENTED_EDGE('',*,*,#5286,.F.);
#4761=ORIENTED_EDGE('',*,*,#5429,.F.);
#4762=ORIENTED_EDGE('',*,*,#5430,.T.);
#4763=ORIENTED_EDGE('',*,*,#5431,.T.);
#4764=ORIENTED_EDGE('',*,*,#5288,.F.);
#4765=ORIENTED_EDGE('',*,*,#5431,.F.);
#4766=ORIENTED_EDGE('',*,*,#5432,.T.);
#4767=ORIENTED_EDGE('',*,*,#5433,.T.);
#4768=ORIENTED_EDGE('',*,*,#5290,.F.);
#4769=ORIENTED_EDGE('',*,*,#5433,.F.);
#4770=ORIENTED_EDGE('',*,*,#5434,.T.);
#4771=ORIENTED_EDGE('',*,*,#5427,.T.);
#4772=ORIENTED_EDGE('',*,*,#5291,.F.);
#4773=ORIENTED_EDGE('',*,*,#5435,.F.);
#4774=ORIENTED_EDGE('',*,*,#5436,.T.);
#4775=ORIENTED_EDGE('',*,*,#5437,.T.);
#4776=ORIENTED_EDGE('',*,*,#5294,.F.);
#4777=ORIENTED_EDGE('',*,*,#5437,.F.);
#4778=ORIENTED_EDGE('',*,*,#5438,.T.);
#4779=ORIENTED_EDGE('',*,*,#5439,.T.);
#4780=ORIENTED_EDGE('',*,*,#5296,.F.);
#4781=ORIENTED_EDGE('',*,*,#5439,.F.);
#4782=ORIENTED_EDGE('',*,*,#5440,.T.);
#4783=ORIENTED_EDGE('',*,*,#5441,.T.);
#4784=ORIENTED_EDGE('',*,*,#5298,.F.);
#4785=ORIENTED_EDGE('',*,*,#5441,.F.);
#4786=ORIENTED_EDGE('',*,*,#5442,.T.);
#4787=ORIENTED_EDGE('',*,*,#5435,.T.);
#4788=ORIENTED_EDGE('',*,*,#5299,.F.);
#4789=ORIENTED_EDGE('',*,*,#5443,.F.);
#4790=ORIENTED_EDGE('',*,*,#5444,.T.);
#4791=ORIENTED_EDGE('',*,*,#5445,.T.);
#4792=ORIENTED_EDGE('',*,*,#5302,.F.);
#4793=ORIENTED_EDGE('',*,*,#5445,.F.);
#4794=ORIENTED_EDGE('',*,*,#5446,.T.);
#4795=ORIENTED_EDGE('',*,*,#5447,.T.);
#4796=ORIENTED_EDGE('',*,*,#5304,.F.);
#4797=ORIENTED_EDGE('',*,*,#5447,.F.);
#4798=ORIENTED_EDGE('',*,*,#5448,.T.);
#4799=ORIENTED_EDGE('',*,*,#5449,.T.);
#4800=ORIENTED_EDGE('',*,*,#5306,.F.);
#4801=ORIENTED_EDGE('',*,*,#5449,.F.);
#4802=ORIENTED_EDGE('',*,*,#5450,.T.);
#4803=ORIENTED_EDGE('',*,*,#5443,.T.);
#4804=ORIENTED_EDGE('',*,*,#5307,.F.);
#4805=ORIENTED_EDGE('',*,*,#5451,.F.);
#4806=ORIENTED_EDGE('',*,*,#5452,.T.);
#4807=ORIENTED_EDGE('',*,*,#5453,.T.);
#4808=ORIENTED_EDGE('',*,*,#5310,.F.);
#4809=ORIENTED_EDGE('',*,*,#5453,.F.);
#4810=ORIENTED_EDGE('',*,*,#5454,.T.);
#4811=ORIENTED_EDGE('',*,*,#5455,.T.);
#4812=ORIENTED_EDGE('',*,*,#5312,.F.);
#4813=ORIENTED_EDGE('',*,*,#5455,.F.);
#4814=ORIENTED_EDGE('',*,*,#5456,.T.);
#4815=ORIENTED_EDGE('',*,*,#5457,.T.);
#4816=ORIENTED_EDGE('',*,*,#5314,.F.);
#4817=ORIENTED_EDGE('',*,*,#5457,.F.);
#4818=ORIENTED_EDGE('',*,*,#5458,.T.);
#4819=ORIENTED_EDGE('',*,*,#5451,.T.);
#4820=ORIENTED_EDGE('',*,*,#5315,.F.);
#4821=ORIENTED_EDGE('',*,*,#5459,.F.);
#4822=ORIENTED_EDGE('',*,*,#5460,.T.);
#4823=ORIENTED_EDGE('',*,*,#5461,.T.);
#4824=ORIENTED_EDGE('',*,*,#5318,.F.);
#4825=ORIENTED_EDGE('',*,*,#5461,.F.);
#4826=ORIENTED_EDGE('',*,*,#5462,.T.);
#4827=ORIENTED_EDGE('',*,*,#5463,.T.);
#4828=ORIENTED_EDGE('',*,*,#5320,.F.);
#4829=ORIENTED_EDGE('',*,*,#5463,.F.);
#4830=ORIENTED_EDGE('',*,*,#5464,.T.);
#4831=ORIENTED_EDGE('',*,*,#5465,.T.);
#4832=ORIENTED_EDGE('',*,*,#5322,.F.);
#4833=ORIENTED_EDGE('',*,*,#5465,.F.);
#4834=ORIENTED_EDGE('',*,*,#5466,.T.);
#4835=ORIENTED_EDGE('',*,*,#5459,.T.);
#4836=ORIENTED_EDGE('',*,*,#5330,.T.);
#4837=ORIENTED_EDGE('',*,*,#5328,.T.);
#4838=ORIENTED_EDGE('',*,*,#5326,.T.);
#4839=ORIENTED_EDGE('',*,*,#5324,.T.);
#4840=ORIENTED_EDGE('',*,*,#5338,.T.);
#4841=ORIENTED_EDGE('',*,*,#5336,.T.);
#4842=ORIENTED_EDGE('',*,*,#5334,.T.);
#4843=ORIENTED_EDGE('',*,*,#5332,.T.);
#4844=ORIENTED_EDGE('',*,*,#5346,.T.);
#4845=ORIENTED_EDGE('',*,*,#5344,.T.);
#4846=ORIENTED_EDGE('',*,*,#5342,.T.);
#4847=ORIENTED_EDGE('',*,*,#5340,.T.);
#4848=ORIENTED_EDGE('',*,*,#5354,.T.);
#4849=ORIENTED_EDGE('',*,*,#5352,.T.);
#4850=ORIENTED_EDGE('',*,*,#5350,.T.);
#4851=ORIENTED_EDGE('',*,*,#5348,.T.);
#4852=ORIENTED_EDGE('',*,*,#5362,.T.);
#4853=ORIENTED_EDGE('',*,*,#5360,.T.);
#4854=ORIENTED_EDGE('',*,*,#5358,.T.);
#4855=ORIENTED_EDGE('',*,*,#5356,.T.);
#4856=ORIENTED_EDGE('',*,*,#5370,.T.);
#4857=ORIENTED_EDGE('',*,*,#5368,.T.);
#4858=ORIENTED_EDGE('',*,*,#5366,.T.);
#4859=ORIENTED_EDGE('',*,*,#5364,.T.);
#4860=ORIENTED_EDGE('',*,*,#5378,.T.);
#4861=ORIENTED_EDGE('',*,*,#5376,.T.);
#4862=ORIENTED_EDGE('',*,*,#5374,.T.);
#4863=ORIENTED_EDGE('',*,*,#5372,.T.);
#4864=ORIENTED_EDGE('',*,*,#5386,.T.);
#4865=ORIENTED_EDGE('',*,*,#5384,.T.);
#4866=ORIENTED_EDGE('',*,*,#5382,.T.);
#4867=ORIENTED_EDGE('',*,*,#5380,.T.);
#4868=ORIENTED_EDGE('',*,*,#5394,.T.);
#4869=ORIENTED_EDGE('',*,*,#5392,.T.);
#4870=ORIENTED_EDGE('',*,*,#5390,.T.);
#4871=ORIENTED_EDGE('',*,*,#5388,.T.);
#4872=ORIENTED_EDGE('',*,*,#5398,.F.);
#4873=ORIENTED_EDGE('',*,*,#5396,.F.);
#4874=ORIENTED_EDGE('',*,*,#5402,.F.);
#4875=ORIENTED_EDGE('',*,*,#5400,.F.);
#4876=ORIENTED_EDGE('',*,*,#5406,.F.);
#4877=ORIENTED_EDGE('',*,*,#5404,.F.);
#4878=ORIENTED_EDGE('',*,*,#5410,.F.);
#4879=ORIENTED_EDGE('',*,*,#5408,.F.);
#4880=ORIENTED_EDGE('',*,*,#5414,.F.);
#4881=ORIENTED_EDGE('',*,*,#5412,.F.);
#4882=ORIENTED_EDGE('',*,*,#5418,.F.);
#4883=ORIENTED_EDGE('',*,*,#5416,.F.);
#4884=ORIENTED_EDGE('',*,*,#5422,.F.);
#4885=ORIENTED_EDGE('',*,*,#5420,.F.);
#4886=ORIENTED_EDGE('',*,*,#5426,.F.);
#4887=ORIENTED_EDGE('',*,*,#5424,.F.);
#4888=ORIENTED_EDGE('',*,*,#5430,.F.);
#4889=ORIENTED_EDGE('',*,*,#5428,.F.);
#4890=ORIENTED_EDGE('',*,*,#5434,.F.);
#4891=ORIENTED_EDGE('',*,*,#5432,.F.);
#4892=ORIENTED_EDGE('',*,*,#5438,.F.);
#4893=ORIENTED_EDGE('',*,*,#5436,.F.);
#4894=ORIENTED_EDGE('',*,*,#5442,.F.);
#4895=ORIENTED_EDGE('',*,*,#5440,.F.);
#4896=ORIENTED_EDGE('',*,*,#5446,.F.);
#4897=ORIENTED_EDGE('',*,*,#5444,.F.);
#4898=ORIENTED_EDGE('',*,*,#5450,.F.);
#4899=ORIENTED_EDGE('',*,*,#5448,.F.);
#4900=ORIENTED_EDGE('',*,*,#5454,.F.);
#4901=ORIENTED_EDGE('',*,*,#5452,.F.);
#4902=ORIENTED_EDGE('',*,*,#5458,.F.);
#4903=ORIENTED_EDGE('',*,*,#5456,.F.);
#4904=ORIENTED_EDGE('',*,*,#5462,.F.);
#4905=ORIENTED_EDGE('',*,*,#5460,.F.);
#4906=ORIENTED_EDGE('',*,*,#5466,.F.);
#4907=ORIENTED_EDGE('',*,*,#5464,.F.);
#4908=EDGE_CURVE('',#5467,#5468,#5469,.T.);
#4909=EDGE_CURVE('',#5468,#5470,#5471,.T.);
#4910=EDGE_CURVE('',#5470,#5472,#5473,.T.);
#4911=EDGE_CURVE('',#5472,#5474,#5475,.T.);
#4912=EDGE_CURVE('',#5474,#5476,#5477,.T.);
#4913=EDGE_CURVE('',#5476,#5478,#5479,.T.);
#4914=EDGE_CURVE('',#5480,#5478,#5481,.F.);
#4915=EDGE_CURVE('',#5482,#5480,#5483,.T.);
#4916=EDGE_CURVE('',#5482,#5484,#5485,.T.);
#4917=EDGE_CURVE('',#5486,#5484,#5487,.T.);
#4918=EDGE_CURVE('',#5488,#5486,#5489,.T.);
#4919=EDGE_CURVE('',#5488,#5490,#5491,.T.);
#4920=EDGE_CURVE('',#5490,#5492,#5493,.T.);
#4921=EDGE_CURVE('',#5494,#5492,#5495,.F.);
#4922=EDGE_CURVE('',#5496,#5494,#5497,.F.);
#4923=EDGE_CURVE('',#5496,#5498,#5499,.T.);
#4924=EDGE_CURVE('',#5498,#5500,#5501,.T.);
#4925=EDGE_CURVE('',#5500,#5502,#5503,.T.);
#4926=EDGE_CURVE('',#5502,#5504,#5505,.T.);
#4927=EDGE_CURVE('',#5504,#5506,#5507,.T.);
#4928=EDGE_CURVE('',#5506,#5508,#5509,.T.);
#4929=EDGE_CURVE('',#5467,#5508,#5510,.F.);
#4930=EDGE_CURVE('',#5511,#5467,#5512,.F.);
#4931=EDGE_CURVE('',#5508,#5513,#5514,.F.);
#4932=EDGE_CURVE('',#5513,#5511,#5515,.T.);
#4933=EDGE_CURVE('',#5478,#5516,#5517,.F.);
#4934=EDGE_CURVE('',#5516,#5518,#5519,.T.);
#4935=EDGE_CURVE('',#5518,#5480,#5520,.T.);
#4936=EDGE_CURVE('',#5521,#5511,#5522,.F.);
#4937=EDGE_CURVE('',#5513,#5523,#5524,.F.);
#4938=EDGE_CURVE('',#5523,#5525,#5526,.F.);
#4939=EDGE_CURVE('',#5525,#5527,#5528,.F.);
#4940=EDGE_CURVE('',#5527,#5529,#5530,.F.);
#4941=EDGE_CURVE('',#5529,#5531,#5532,.F.);
#4942=EDGE_CURVE('',#5531,#5533,#5534,.F.);
#4943=EDGE_CURVE('',#5535,#5533,#5536,.T.);
#4944=EDGE_CURVE('',#5537,#5535,#5538,.T.);
#4945=EDGE_CURVE('',#5539,#5537,#5540,.T.);
#4946=EDGE_CURVE('',#5539,#5541,#5542,.F.);
#4947=EDGE_CURVE('',#5541,#5543,#5544,.T.);
#4948=EDGE_CURVE('',#5543,#5545,#5546,.F.);
#4949=EDGE_CURVE('',#5545,#5547,#5548,.T.);
#4950=EDGE_CURVE('',#5547,#5549,#5550,.F.);
#4951=EDGE_CURVE('',#5549,#5551,#5552,.T.);
#4952=EDGE_CURVE('',#5551,#5553,#5554,.F.);
#4953=EDGE_CURVE('',#5553,#5555,#5556,.T.);
#4954=EDGE_CURVE('',#5555,#5557,#5558,.F.);
#4955=EDGE_CURVE('',#5557,#5559,#5560,.T.);
#4956=EDGE_CURVE('',#5559,#5561,#5562,.F.);
#4957=EDGE_CURVE('',#5561,#5563,#5564,.T.);
#4958=EDGE_CURVE('',#5563,#5565,#5566,.F.);
#4959=EDGE_CURVE('',#5565,#5567,#5568,.T.);
#4960=EDGE_CURVE('',#5567,#5569,#5570,.F.);
#4961=EDGE_CURVE('',#5569,#5571,#5572,.T.);
#4962=EDGE_CURVE('',#5571,#5573,#5574,.F.);
#4963=EDGE_CURVE('',#5573,#5575,#5576,.T.);
#4964=EDGE_CURVE('',#5575,#5577,#5578,.F.);
#4965=EDGE_CURVE('',#5577,#5579,#5580,.T.);
#4966=EDGE_CURVE('',#5579,#5581,#5582,.F.);
#4967=EDGE_CURVE('',#5581,#5583,#5584,.T.);
#4968=EDGE_CURVE('',#5583,#5585,#5586,.F.);
#4969=EDGE_CURVE('',#5585,#5587,#5588,.T.);
#4970=EDGE_CURVE('',#5587,#5589,#5590,.F.);
#4971=EDGE_CURVE('',#5589,#5591,#5592,.T.);
#4972=EDGE_CURVE('',#5591,#5593,#5594,.F.);
#4973=EDGE_CURVE('',#5593,#5595,#5596,.T.);
#4974=EDGE_CURVE('',#5595,#5597,#5598,.F.);
#4975=EDGE_CURVE('',#5597,#5599,#5600,.T.);
#4976=EDGE_CURVE('',#5599,#5601,#5602,.F.);
#4977=EDGE_CURVE('',#5601,#5603,#5604,.T.);
#4978=EDGE_CURVE('',#5603,#5605,#5606,.F.);
#4979=EDGE_CURVE('',#5605,#5607,#5608,.T.);
#4980=EDGE_CURVE('',#5607,#5609,#5610,.F.);
#4981=EDGE_CURVE('',#5609,#5611,#5612,.T.);
#4982=EDGE_CURVE('',#5611,#5518,#5613,.T.);
#4983=EDGE_CURVE('',#5516,#5614,#5615,.F.);
#4984=EDGE_CURVE('',#5614,#5616,#5617,.F.);
#4985=EDGE_CURVE('',#5616,#5618,#5619,.F.);
#4986=EDGE_CURVE('',#5618,#5620,#5621,.F.);
#4987=EDGE_CURVE('',#5620,#5521,#5622,.F.);
#4988=EDGE_CURVE('',#5476,#5614,#5623,.T.);
#4989=EDGE_CURVE('',#5474,#5616,#5624,.T.);
#4990=EDGE_CURVE('',#5472,#5618,#5625,.T.);
#4991=EDGE_CURVE('',#5470,#5620,#5626,.T.);
#4992=EDGE_CURVE('',#5468,#5521,#5627,.T.);
#4993=EDGE_CURVE('',#5628,#5629,#5630,.T.);
#4994=EDGE_CURVE('',#5629,#5482,#5631,.T.);
#4995=EDGE_CURVE('',#5632,#5611,#5633,.T.);
#4996=EDGE_CURVE('',#5634,#5632,#5635,.T.);
#4997=EDGE_CURVE('',#5628,#5634,#5636,.T.);
#4998=EDGE_CURVE('',#5484,#5637,#5638,.F.);
#4999=EDGE_CURVE('',#5629,#5637,#5639,.T.);
#5000=EDGE_CURVE('',#5640,#5641,#5642,.T.);
#5001=EDGE_CURVE('',#5640,#5643,#5644,.T.);
#5002=EDGE_CURVE('',#5643,#5486,#5645,.T.);
#5003=EDGE_CURVE('',#5637,#5641,#5646,.F.);
#5004=EDGE_CURVE('',#5643,#5647,#5648,.T.);
#5005=EDGE_CURVE('',#5647,#5488,#5649,.T.);
#5006=EDGE_CURVE('',#5650,#5651,#5652,.T.);
#5007=EDGE_CURVE('',#5653,#5650,#5654,.T.);
#5008=EDGE_CURVE('',#5655,#5653,#5656,.T.);
#5009=EDGE_CURVE('',#5651,#5655,#5657,.T.);
#5010=EDGE_CURVE('',#5658,#5659,#5660,.T.);
#5011=EDGE_CURVE('',#5661,#5658,#5662,.T.);
#5012=EDGE_CURVE('',#5663,#5661,#5664,.T.);
#5013=EDGE_CURVE('',#5659,#5663,#5665,.T.);
#5014=EDGE_CURVE('',#5666,#5667,#5668,.T.);
#5015=EDGE_CURVE('',#5669,#5666,#5670,.T.);
#5016=EDGE_CURVE('',#5671,#5669,#5672,.T.);
#5017=EDGE_CURVE('',#5667,#5671,#5673,.T.);
#5018=EDGE_CURVE('',#5674,#5675,#5676,.T.);
#5019=EDGE_CURVE('',#5677,#5674,#5678,.T.);
#5020=EDGE_CURVE('',#5679,#5677,#5680,.T.);
#5021=EDGE_CURVE('',#5675,#5679,#5681,.T.);
#5022=EDGE_CURVE('',#5682,#5683,#5684,.T.);
#5023=EDGE_CURVE('',#5685,#5682,#5686,.T.);
#5024=EDGE_CURVE('',#5687,#5685,#5688,.T.);
#5025=EDGE_CURVE('',#5683,#5687,#5689,.T.);
#5026=EDGE_CURVE('',#5690,#5691,#5692,.T.);
#5027=EDGE_CURVE('',#5693,#5690,#5694,.T.);
#5028=EDGE_CURVE('',#5695,#5693,#5696,.T.);
#5029=EDGE_CURVE('',#5691,#5695,#5697,.T.);
#5030=EDGE_CURVE('',#5698,#5699,#5700,.T.);
#5031=EDGE_CURVE('',#5701,#5698,#5702,.T.);
#5032=EDGE_CURVE('',#5703,#5701,#5704,.T.);
#5033=EDGE_CURVE('',#5699,#5703,#5705,.T.);
#5034=EDGE_CURVE('',#5706,#5707,#5708,.T.);
#5035=EDGE_CURVE('',#5709,#5706,#5710,.T.);
#5036=EDGE_CURVE('',#5711,#5709,#5712,.T.);
#5037=EDGE_CURVE('',#5707,#5711,#5713,.T.);
#5038=EDGE_CURVE('',#5714,#5715,#5716,.T.);
#5039=EDGE_CURVE('',#5717,#5714,#5718,.T.);
#5040=EDGE_CURVE('',#5719,#5717,#5720,.T.);
#5041=EDGE_CURVE('',#5715,#5719,#5721,.T.);
#5042=EDGE_CURVE('',#5722,#5723,#5724,.F.);
#5043=EDGE_CURVE('',#5722,#5725,#5726,.T.);
#5044=EDGE_CURVE('',#5725,#5490,#5727,.T.);
#5045=EDGE_CURVE('',#5723,#5647,#5728,.T.);
#5046=EDGE_CURVE('',#5725,#5729,#5730,.T.);
#5047=EDGE_CURVE('',#5492,#5729,#5731,.F.);
#5048=EDGE_CURVE('',#5729,#5732,#5733,.F.);
#5049=EDGE_CURVE('',#5732,#5734,#5735,.T.);
#5050=EDGE_CURVE('',#5734,#5736,#5737,.T.);
#5051=EDGE_CURVE('',#5736,#5537,#5738,.T.);
#5052=EDGE_CURVE('',#5535,#5494,#5739,.T.);
#5053=EDGE_CURVE('',#5533,#5496,#5740,.F.);
#5054=EDGE_CURVE('',#5498,#5531,#5741,.T.);
#5055=EDGE_CURVE('',#5500,#5529,#5742,.T.);
#5056=EDGE_CURVE('',#5502,#5527,#5743,.T.);
#5057=EDGE_CURVE('',#5504,#5525,#5744,.T.);
#5058=EDGE_CURVE('',#5506,#5523,#5745,.T.);
#5059=EDGE_CURVE('',#5746,#5539,#5747,.T.);
#5060=EDGE_CURVE('',#5746,#5736,#5748,.T.);
#5061=EDGE_CURVE('',#5749,#5746,#5750,.F.);
#5062=EDGE_CURVE('',#5541,#5749,#5751,.T.);
#5063=EDGE_CURVE('',#5752,#5749,#5753,.T.);
#5064=EDGE_CURVE('',#5752,#5543,#5754,.T.);
#5065=EDGE_CURVE('',#5755,#5756,#5757,.T.);
#5066=EDGE_CURVE('',#5758,#5755,#5759,.T.);
#5067=EDGE_CURVE('',#5760,#5758,#5761,.T.);
#5068=EDGE_CURVE('',#5756,#5760,#5762,.T.);
#5069=EDGE_CURVE('',#5763,#5752,#5764,.F.);
#5070=EDGE_CURVE('',#5545,#5763,#5765,.T.);
#5071=EDGE_CURVE('',#5766,#5547,#5767,.T.);
#5072=EDGE_CURVE('',#5766,#5763,#5768,.T.);
#5073=EDGE_CURVE('',#5769,#5766,#5770,.F.);
#5074=EDGE_CURVE('',#5549,#5769,#5771,.T.);
#5075=EDGE_CURVE('',#5772,#5769,#5773,.T.);
#5076=EDGE_CURVE('',#5772,#5551,#5774,.T.);
#5077=EDGE_CURVE('',#5775,#5776,#5777,.T.);
#5078=EDGE_CURVE('',#5778,#5775,#5779,.T.);
#5079=EDGE_CURVE('',#5780,#5778,#5781,.T.);
#5080=EDGE_CURVE('',#5776,#5780,#5782,.T.);
#5081=EDGE_CURVE('',#5553,#5783,#5784,.T.);
#5082=EDGE_CURVE('',#5783,#5772,#5785,.F.);
#5083=EDGE_CURVE('',#5786,#5783,#5787,.T.);
#5084=EDGE_CURVE('',#5786,#5555,#5788,.T.);
#5085=EDGE_CURVE('',#5789,#5786,#5790,.F.);
#5086=EDGE_CURVE('',#5557,#5789,#5791,.T.);
#5087=EDGE_CURVE('',#5792,#5789,#5793,.T.);
#5088=EDGE_CURVE('',#5792,#5559,#5794,.T.);
#5089=EDGE_CURVE('',#5795,#5796,#5797,.T.);
#5090=EDGE_CURVE('',#5798,#5795,#5799,.T.);
#5091=EDGE_CURVE('',#5800,#5798,#5801,.T.);
#5092=EDGE_CURVE('',#5796,#5800,#5802,.T.);
#5093=EDGE_CURVE('',#5561,#5803,#5804,.T.);
#5094=EDGE_CURVE('',#5803,#5792,#5805,.F.);
#5095=EDGE_CURVE('',#5806,#5803,#5807,.T.);
#5096=EDGE_CURVE('',#5806,#5563,#5808,.T.);
#5097=EDGE_CURVE('',#5809,#5806,#5810,.F.);
#5098=EDGE_CURVE('',#5565,#5809,#5811,.T.);
#5099=EDGE_CURVE('',#5812,#5809,#5813,.T.);
#5100=EDGE_CURVE('',#5812,#5567,#5814,.T.);
#5101=EDGE_CURVE('',#5815,#5816,#5817,.T.);
#5102=EDGE_CURVE('',#5818,#5815,#5819,.T.);
#5103=EDGE_CURVE('',#5820,#5818,#5821,.T.);
#5104=EDGE_CURVE('',#5816,#5820,#5822,.T.);
#5105=EDGE_CURVE('',#5569,#5823,#5824,.T.);
#5106=EDGE_CURVE('',#5823,#5812,#5825,.F.);
#5107=EDGE_CURVE('',#5826,#5823,#5827,.T.);
#5108=EDGE_CURVE('',#5826,#5571,#5828,.T.);
#5109=EDGE_CURVE('',#5829,#5826,#5830,.F.);
#5110=EDGE_CURVE('',#5573,#5829,#5831,.T.);
#5111=EDGE_CURVE('',#5832,#5829,#5833,.T.);
#5112=EDGE_CURVE('',#5832,#5575,#5834,.T.);
#5113=EDGE_CURVE('',#5835,#5836,#5837,.T.);
#5114=EDGE_CURVE('',#5838,#5835,#5839,.T.);
#5115=EDGE_CURVE('',#5840,#5838,#5841,.T.);
#5116=EDGE_CURVE('',#5836,#5840,#5842,.T.);
#5117=EDGE_CURVE('',#5577,#5843,#5844,.T.);
#5118=EDGE_CURVE('',#5843,#5832,#5845,.F.);
#5119=EDGE_CURVE('',#5846,#5843,#5847,.T.);
#5120=EDGE_CURVE('',#5846,#5579,#5848,.T.);
#5121=EDGE_CURVE('',#5849,#5846,#5850,.F.);
#5122=EDGE_CURVE('',#5581,#5849,#5851,.T.);
#5123=EDGE_CURVE('',#5852,#5849,#5853,.T.);
#5124=EDGE_CURVE('',#5852,#5583,#5854,.T.);
#5125=EDGE_CURVE('',#5855,#5856,#5857,.T.);
#5126=EDGE_CURVE('',#5858,#5855,#5859,.T.);
#5127=EDGE_CURVE('',#5860,#5858,#5861,.T.);
#5128=EDGE_CURVE('',#5856,#5860,#5862,.T.);
#5129=EDGE_CURVE('',#5585,#5863,#5864,.T.);
#5130=EDGE_CURVE('',#5863,#5852,#5865,.F.);
#5131=EDGE_CURVE('',#5866,#5863,#5867,.T.);
#5132=EDGE_CURVE('',#5866,#5587,#5868,.T.);
#5133=EDGE_CURVE('',#5869,#5866,#5870,.F.);
#5134=EDGE_CURVE('',#5589,#5869,#5871,.T.);
#5135=EDGE_CURVE('',#5872,#5869,#5873,.T.);
#5136=EDGE_CURVE('',#5872,#5591,#5874,.T.);
#5137=EDGE_CURVE('',#5875,#5876,#5877,.T.);
#5138=EDGE_CURVE('',#5878,#5875,#5879,.T.);
#5139=EDGE_CURVE('',#5880,#5878,#5881,.T.);
#5140=EDGE_CURVE('',#5876,#5880,#5882,.T.);
#5141=EDGE_CURVE('',#5593,#5883,#5884,.T.);
#5142=EDGE_CURVE('',#5883,#5872,#5885,.F.);
#5143=EDGE_CURVE('',#5886,#5883,#5887,.T.);
#5144=EDGE_CURVE('',#5886,#5595,#5888,.T.);
#5145=EDGE_CURVE('',#5889,#5886,#5890,.F.);
#5146=EDGE_CURVE('',#5597,#5889,#5891,.T.);
#5147=EDGE_CURVE('',#5892,#5889,#5893,.T.);
#5148=EDGE_CURVE('',#5892,#5599,#5894,.T.);
#5149=EDGE_CURVE('',#5895,#5896,#5897,.T.);
#5150=EDGE_CURVE('',#5898,#5895,#5899,.T.);
#5151=EDGE_CURVE('',#5900,#5898,#5901,.T.);
#5152=EDGE_CURVE('',#5896,#5900,#5902,.T.);
#5153=EDGE_CURVE('',#5601,#5903,#5904,.T.);
#5154=EDGE_CURVE('',#5903,#5892,#5905,.F.);
#5155=EDGE_CURVE('',#5906,#5903,#5907,.T.);
#5156=EDGE_CURVE('',#5906,#5603,#5908,.T.);
#5157=EDGE_CURVE('',#5909,#5906,#5910,.F.);
#5158=EDGE_CURVE('',#5605,#5909,#5911,.T.);
#5159=EDGE_CURVE('',#5912,#5909,#5913,.T.);
#5160=EDGE_CURVE('',#5912,#5607,#5914,.T.);
#5161=EDGE_CURVE('',#5915,#5916,#5917,.T.);
#5162=EDGE_CURVE('',#5918,#5915,#5919,.T.);
#5163=EDGE_CURVE('',#5920,#5918,#5921,.T.);
#5164=EDGE_CURVE('',#5916,#5920,#5922,.T.);
#5165=EDGE_CURVE('',#5609,#5923,#5924,.T.);
#5166=EDGE_CURVE('',#5923,#5912,#5925,.F.);
#5167=EDGE_CURVE('',#5923,#5632,#5926,.T.);
#5168=EDGE_CURVE('',#5641,#5927,#5928,.F.);
#5169=EDGE_CURVE('',#5927,#5628,#5929,.F.);
#5170=EDGE_CURVE('',#5634,#5734,#5930,.T.);
#5171=EDGE_CURVE('',#5931,#5932,#5933,.F.);
#5172=EDGE_CURVE('',#5932,#5934,#5935,.F.);
#5173=EDGE_CURVE('',#5934,#5927,#5936,.T.);
#5174=EDGE_CURVE('',#5732,#5931,#5937,.F.);
#5175=EDGE_CURVE('',#5640,#5934,#5938,.F.);
#5176=EDGE_CURVE('',#5723,#5640,#5939,.F.);
#5177=EDGE_CURVE('',#5940,#5941,#5942,.T.);
#5178=EDGE_CURVE('',#5650,#5940,#5943,.T.);
#5179=EDGE_CURVE('',#5651,#5941,#5944,.T.);
#5180=EDGE_CURVE('',#5945,#5940,#5946,.T.);
#5181=EDGE_CURVE('',#5653,#5945,#5947,.T.);
#5182=EDGE_CURVE('',#5948,#5945,#5949,.T.);
#5183=EDGE_CURVE('',#5655,#5948,#5950,.T.);
#5184=EDGE_CURVE('',#5941,#5948,#5951,.T.);
#5185=EDGE_CURVE('',#5952,#5953,#5954,.T.);
#5186=EDGE_CURVE('',#5658,#5952,#5955,.T.);
#5187=EDGE_CURVE('',#5659,#5953,#5956,.T.);
#5188=EDGE_CURVE('',#5957,#5952,#5958,.T.);
#5189=EDGE_CURVE('',#5661,#5957,#5959,.T.);
#5190=EDGE_CURVE('',#5960,#5957,#5961,.T.);
#5191=EDGE_CURVE('',#5663,#5960,#5962,.T.);
#5192=EDGE_CURVE('',#5953,#5960,#5963,.T.);
#5193=EDGE_CURVE('',#5964,#5965,#5966,.T.);
#5194=EDGE_CURVE('',#5666,#5964,#5967,.T.);
#5195=EDGE_CURVE('',#5667,#5965,#5968,.T.);
#5196=EDGE_CURVE('',#5969,#5964,#5970,.T.);
#5197=EDGE_CURVE('',#5669,#5969,#5971,.T.);
#5198=EDGE_CURVE('',#5972,#5969,#5973,.T.);
#5199=EDGE_CURVE('',#5671,#5972,#5974,.T.);
#5200=EDGE_CURVE('',#5965,#5972,#5975,.T.);
#5201=EDGE_CURVE('',#5976,#5977,#5978,.T.);
#5202=EDGE_CURVE('',#5674,#5976,#5979,.T.);
#5203=EDGE_CURVE('',#5675,#5977,#5980,.T.);
#5204=EDGE_CURVE('',#5981,#5976,#5982,.T.);
#5205=EDGE_CURVE('',#5677,#5981,#5983,.T.);
#5206=EDGE_CURVE('',#5984,#5981,#5985,.T.);
#5207=EDGE_CURVE('',#5679,#5984,#5986,.T.);
#5208=EDGE_CURVE('',#5977,#5984,#5987,.T.);
#5209=EDGE_CURVE('',#5988,#5989,#5990,.T.);
#5210=EDGE_CURVE('',#5682,#5988,#5991,.T.);
#5211=EDGE_CURVE('',#5683,#5989,#5992,.T.);
#5212=EDGE_CURVE('',#5993,#5988,#5994,.T.);
#5213=EDGE_CURVE('',#5685,#5993,#5995,.T.);
#5214=EDGE_CURVE('',#5996,#5993,#5997,.T.);
#5215=EDGE_CURVE('',#5687,#5996,#5998,.T.);
#5216=EDGE_CURVE('',#5989,#5996,#5999,.T.);
#5217=EDGE_CURVE('',#6000,#6001,#6002,.T.);
#5218=EDGE_CURVE('',#5690,#6000,#6003,.T.);
#5219=EDGE_CURVE('',#5691,#6001,#6004,.T.);
#5220=EDGE_CURVE('',#6005,#6000,#6006,.T.);
#5221=EDGE_CURVE('',#5693,#6005,#6007,.T.);
#5222=EDGE_CURVE('',#6008,#6005,#6009,.T.);
#5223=EDGE_CURVE('',#5695,#6008,#6010,.T.);
#5224=EDGE_CURVE('',#6001,#6008,#6011,.T.);
#5225=EDGE_CURVE('',#6012,#6013,#6014,.T.);
#5226=EDGE_CURVE('',#5698,#6012,#6015,.T.);
#5227=EDGE_CURVE('',#5699,#6013,#6016,.T.);
#5228=EDGE_CURVE('',#6017,#6012,#6018,.T.);
#5229=EDGE_CURVE('',#5701,#6017,#6019,.T.);
#5230=EDGE_CURVE('',#6020,#6017,#6021,.T.);
#5231=EDGE_CURVE('',#5703,#6020,#6022,.T.);
#5232=EDGE_CURVE('',#6013,#6020,#6023,.T.);
#5233=EDGE_CURVE('',#6024,#6025,#6026,.T.);
#5234=EDGE_CURVE('',#5706,#6024,#6027,.T.);
#5235=EDGE_CURVE('',#5707,#6025,#6028,.T.);
#5236=EDGE_CURVE('',#6029,#6024,#6030,.T.);
#5237=EDGE_CURVE('',#5709,#6029,#6031,.T.);
#5238=EDGE_CURVE('',#6032,#6029,#6033,.T.);
#5239=EDGE_CURVE('',#5711,#6032,#6034,.T.);
#5240=EDGE_CURVE('',#6025,#6032,#6035,.T.);
#5241=EDGE_CURVE('',#6036,#6037,#6038,.T.);
#5242=EDGE_CURVE('',#5714,#6036,#6039,.T.);
#5243=EDGE_CURVE('',#5715,#6037,#6040,.T.);
#5244=EDGE_CURVE('',#6041,#6036,#6042,.T.);
#5245=EDGE_CURVE('',#5717,#6041,#6043,.T.);
#5246=EDGE_CURVE('',#6044,#6041,#6045,.T.);
#5247=EDGE_CURVE('',#5719,#6044,#6046,.T.);
#5248=EDGE_CURVE('',#6037,#6044,#6047,.T.);
#5249=EDGE_CURVE('',#5931,#5722,#6048,.F.);
#5250=EDGE_CURVE('',#5723,#5932,#6049,.F.);
#5251=EDGE_CURVE('',#6050,#6051,#6052,.T.);
#5252=EDGE_CURVE('',#6051,#5755,#6053,.T.);
#5253=EDGE_CURVE('',#6050,#5756,#6054,.T.);
#5254=EDGE_CURVE('',#6051,#6055,#6056,.T.);
#5255=EDGE_CURVE('',#6055,#5758,#6057,.T.);
#5256=EDGE_CURVE('',#6055,#6058,#6059,.T.);
#5257=EDGE_CURVE('',#6058,#5760,#6060,.T.);
#5258=EDGE_CURVE('',#6058,#6050,#6061,.T.);
#5259=EDGE_CURVE('',#6062,#6063,#6064,.T.);
#5260=EDGE_CURVE('',#6063,#5775,#6065,.T.);
#5261=EDGE_CURVE('',#6062,#5776,#6066,.T.);
#5262=EDGE_CURVE('',#6063,#6067,#6068,.T.);
#5263=EDGE_CURVE('',#6067,#5778,#6069,.T.);
#5264=EDGE_CURVE('',#6067,#6070,#6071,.T.);
#5265=EDGE_CURVE('',#6070,#5780,#6072,.T.);
#5266=EDGE_CURVE('',#6070,#6062,#6073,.T.);
#5267=EDGE_CURVE('',#6074,#6075,#6076,.T.);
#5268=EDGE_CURVE('',#6075,#5795,#6077,.T.);
#5269=EDGE_CURVE('',#6074,#5796,#6078,.T.);
#5270=EDGE_CURVE('',#6075,#6079,#6080,.T.);
#5271=EDGE_CURVE('',#6079,#5798,#6081,.T.);
#5272=EDGE_CURVE('',#6079,#6082,#6083,.T.);
#5273=EDGE_CURVE('',#6082,#5800,#6084,.T.);
#5274=EDGE_CURVE('',#6082,#6074,#6085,.T.);
#5275=EDGE_CURVE('',#6086,#6087,#6088,.T.);
#5276=EDGE_CURVE('',#6087,#5815,#6089,.T.);
#5277=EDGE_CURVE('',#6086,#5816,#6090,.T.);
#5278=EDGE_CURVE('',#6087,#6091,#6092,.T.);
#5279=EDGE_CURVE('',#6091,#5818,#6093,.T.);
#5280=EDGE_CURVE('',#6091,#6094,#6095,.T.);
#5281=EDGE_CURVE('',#6094,#5820,#6096,.T.);
#5282=EDGE_CURVE('',#6094,#6086,#6097,.T.);
#5283=EDGE_CURVE('',#6098,#6099,#6100,.T.);
#5284=EDGE_CURVE('',#6099,#5835,#6101,.T.);
#5285=EDGE_CURVE('',#6098,#5836,#6102,.T.);
#5286=EDGE_CURVE('',#6099,#6103,#6104,.T.);
#5287=EDGE_CURVE('',#6103,#5838,#6105,.T.);
#5288=EDGE_CURVE('',#6103,#6106,#6107,.T.);
#5289=EDGE_CURVE('',#6106,#5840,#6108,.T.);
#5290=EDGE_CURVE('',#6106,#6098,#6109,.T.);
#5291=EDGE_CURVE('',#6110,#6111,#6112,.T.);
#5292=EDGE_CURVE('',#6111,#5855,#6113,.T.);
#5293=EDGE_CURVE('',#6110,#5856,#6114,.T.);
#5294=EDGE_CURVE('',#6111,#6115,#6116,.T.);
#5295=EDGE_CURVE('',#6115,#5858,#6117,.T.);
#5296=EDGE_CURVE('',#6115,#6118,#6119,.T.);
#5297=EDGE_CURVE('',#6118,#5860,#6120,.T.);
#5298=EDGE_CURVE('',#6118,#6110,#6121,.T.);
#5299=EDGE_CURVE('',#6122,#6123,#6124,.T.);
#5300=EDGE_CURVE('',#6123,#5875,#6125,.T.);
#5301=EDGE_CURVE('',#6122,#5876,#6126,.T.);
#5302=EDGE_CURVE('',#6123,#6127,#6128,.T.);
#5303=EDGE_CURVE('',#6127,#5878,#6129,.T.);
#5304=EDGE_CURVE('',#6127,#6130,#6131,.T.);
#5305=EDGE_CURVE('',#6130,#5880,#6132,.T.);
#5306=EDGE_CURVE('',#6130,#6122,#6133,.T.);
#5307=EDGE_CURVE('',#6134,#6135,#6136,.T.);
#5308=EDGE_CURVE('',#6135,#5895,#6137,.T.);
#5309=EDGE_CURVE('',#6134,#5896,#6138,.T.);
#5310=EDGE_CURVE('',#6135,#6139,#6140,.T.);
#5311=EDGE_CURVE('',#6139,#5898,#6141,.T.);
#5312=EDGE_CURVE('',#6139,#6142,#6143,.T.);
#5313=EDGE_CURVE('',#6142,#5900,#6144,.T.);
#5314=EDGE_CURVE('',#6142,#6134,#6145,.T.);
#5315=EDGE_CURVE('',#6146,#6147,#6148,.T.);
#5316=EDGE_CURVE('',#6147,#5915,#6149,.T.);
#5317=EDGE_CURVE('',#6146,#5916,#6150,.T.);
#5318=EDGE_CURVE('',#6147,#6151,#6152,.T.);
#5319=EDGE_CURVE('',#6151,#5918,#6153,.T.);
#5320=EDGE_CURVE('',#6151,#6154,#6155,.T.);
#5321=EDGE_CURVE('',#6154,#5920,#6156,.T.);
#5322=EDGE_CURVE('',#6154,#6146,#6157,.T.);
#5323=EDGE_CURVE('',#5941,#6158,#6159,.T.);
#5324=EDGE_CURVE('',#6160,#6158,#6161,.T.);
#5325=EDGE_CURVE('',#5940,#6160,#6162,.T.);
#5326=EDGE_CURVE('',#6163,#6160,#6164,.T.);
#5327=EDGE_CURVE('',#5945,#6163,#6165,.T.);
#5328=EDGE_CURVE('',#6166,#6163,#6167,.T.);
#5329=EDGE_CURVE('',#5948,#6166,#6168,.T.);
#5330=EDGE_CURVE('',#6158,#6166,#6169,.T.);
#5331=EDGE_CURVE('',#5953,#6170,#6171,.T.);
#5332=EDGE_CURVE('',#6172,#6170,#6173,.T.);
#5333=EDGE_CURVE('',#5952,#6172,#6174,.T.);
#5334=EDGE_CURVE('',#6175,#6172,#6176,.T.);
#5335=EDGE_CURVE('',#5957,#6175,#6177,.T.);
#5336=EDGE_CURVE('',#6178,#6175,#6179,.T.);
#5337=EDGE_CURVE('',#5960,#6178,#6180,.T.);
#5338=EDGE_CURVE('',#6170,#6178,#6181,.T.);
#5339=EDGE_CURVE('',#5965,#6182,#6183,.T.);
#5340=EDGE_CURVE('',#6184,#6182,#6185,.T.);
#5341=EDGE_CURVE('',#5964,#6184,#6186,.T.);
#5342=EDGE_CURVE('',#6187,#6184,#6188,.T.);
#5343=EDGE_CURVE('',#5969,#6187,#6189,.T.);
#5344=EDGE_CURVE('',#6190,#6187,#6191,.T.);
#5345=EDGE_CURVE('',#5972,#6190,#6192,.T.);
#5346=EDGE_CURVE('',#6182,#6190,#6193,.T.);
#5347=EDGE_CURVE('',#5977,#6194,#6195,.T.);
#5348=EDGE_CURVE('',#6196,#6194,#6197,.T.);
#5349=EDGE_CURVE('',#5976,#6196,#6198,.T.);
#5350=EDGE_CURVE('',#6199,#6196,#6200,.T.);
#5351=EDGE_CURVE('',#5981,#6199,#6201,.T.);
#5352=EDGE_CURVE('',#6202,#6199,#6203,.T.);
#5353=EDGE_CURVE('',#5984,#6202,#6204,.T.);
#5354=EDGE_CURVE('',#6194,#6202,#6205,.T.);
#5355=EDGE_CURVE('',#5989,#6206,#6207,.T.);
#5356=EDGE_CURVE('',#6208,#6206,#6209,.T.);
#5357=EDGE_CURVE('',#5988,#6208,#6210,.T.);
#5358=EDGE_CURVE('',#6211,#6208,#6212,.T.);
#5359=EDGE_CURVE('',#5993,#6211,#6213,.T.);
#5360=EDGE_CURVE('',#6214,#6211,#6215,.T.);
#5361=EDGE_CURVE('',#5996,#6214,#6216,.T.);
#5362=EDGE_CURVE('',#6206,#6214,#6217,.T.);
#5363=EDGE_CURVE('',#6001,#6218,#6219,.T.);
#5364=EDGE_CURVE('',#6220,#6218,#6221,.T.);
#5365=EDGE_CURVE('',#6000,#6220,#6222,.T.);
#5366=EDGE_CURVE('',#6223,#6220,#6224,.T.);
#5367=EDGE_CURVE('',#6005,#6223,#6225,.T.);
#5368=EDGE_CURVE('',#6226,#6223,#6227,.T.);
#5369=EDGE_CURVE('',#6008,#6226,#6228,.T.);
#5370=EDGE_CURVE('',#6218,#6226,#6229,.T.);
#5371=EDGE_CURVE('',#6013,#6230,#6231,.T.);
#5372=EDGE_CURVE('',#6232,#6230,#6233,.T.);
#5373=EDGE_CURVE('',#6012,#6232,#6234,.T.);
#5374=EDGE_CURVE('',#6235,#6232,#6236,.T.);
#5375=EDGE_CURVE('',#6017,#6235,#6237,.T.);
#5376=EDGE_CURVE('',#6238,#6235,#6239,.T.);
#5377=EDGE_CURVE('',#6020,#6238,#6240,.T.);
#5378=EDGE_CURVE('',#6230,#6238,#6241,.T.);
#5379=EDGE_CURVE('',#6025,#6242,#6243,.T.);
#5380=EDGE_CURVE('',#6244,#6242,#6245,.T.);
#5381=EDGE_CURVE('',#6024,#6244,#6246,.T.);
#5382=EDGE_CURVE('',#6247,#6244,#6248,.T.);
#5383=EDGE_CURVE('',#6029,#6247,#6249,.T.);
#5384=EDGE_CURVE('',#6250,#6247,#6251,.T.);
#5385=EDGE_CURVE('',#6032,#6250,#6252,.T.);
#5386=EDGE_CURVE('',#6242,#6250,#6253,.T.);
#5387=EDGE_CURVE('',#6037,#6254,#6255,.T.);
#5388=EDGE_CURVE('',#6256,#6254,#6257,.T.);
#5389=EDGE_CURVE('',#6036,#6256,#6258,.T.);
#5390=EDGE_CURVE('',#6259,#6256,#6260,.T.);
#5391=EDGE_CURVE('',#6041,#6259,#6261,.T.);
#5392=EDGE_CURVE('',#6262,#6259,#6263,.T.);
#5393=EDGE_CURVE('',#6044,#6262,#6264,.T.);
#5394=EDGE_CURVE('',#6254,#6262,#6265,.T.);
#5395=EDGE_CURVE('',#6266,#6050,#6267,.F.);
#5396=EDGE_CURVE('',#6266,#6268,#6269,.T.);
#5397=EDGE_CURVE('',#6268,#6051,#6270,.F.);
#5398=EDGE_CURVE('',#6268,#6271,#6272,.T.);
#5399=EDGE_CURVE('',#6271,#6055,#6273,.F.);
#5400=EDGE_CURVE('',#6271,#6274,#6275,.T.);
#5401=EDGE_CURVE('',#6274,#6058,#6276,.F.);
#5402=EDGE_CURVE('',#6274,#6266,#6277,.T.);
#5403=EDGE_CURVE('',#6278,#6062,#6279,.F.);
#5404=EDGE_CURVE('',#6278,#6280,#6281,.T.);
#5405=EDGE_CURVE('',#6280,#6063,#6282,.F.);
#5406=EDGE_CURVE('',#6280,#6283,#6284,.T.);
#5407=EDGE_CURVE('',#6283,#6067,#6285,.F.);
#5408=EDGE_CURVE('',#6283,#6286,#6287,.T.);
#5409=EDGE_CURVE('',#6286,#6070,#6288,.F.);
#5410=EDGE_CURVE('',#6286,#6278,#6289,.T.);
#5411=EDGE_CURVE('',#6290,#6074,#6291,.F.);
#5412=EDGE_CURVE('',#6290,#6292,#6293,.T.);
#5413=EDGE_CURVE('',#6292,#6075,#6294,.F.);
#5414=EDGE_CURVE('',#6292,#6295,#6296,.T.);
#5415=EDGE_CURVE('',#6295,#6079,#6297,.F.);
#5416=EDGE_CURVE('',#6295,#6298,#6299,.T.);
#5417=EDGE_CURVE('',#6298,#6082,#6300,.F.);
#5418=EDGE_CURVE('',#6298,#6290,#6301,.T.);
#5419=EDGE_CURVE('',#6302,#6086,#6303,.F.);
#5420=EDGE_CURVE('',#6302,#6304,#6305,.T.);
#5421=EDGE_CURVE('',#6304,#6087,#6306,.F.);
#5422=EDGE_CURVE('',#6304,#6307,#6308,.T.);
#5423=EDGE_CURVE('',#6307,#6091,#6309,.F.);
#5424=EDGE_CURVE('',#6307,#6310,#6311,.T.);
#5425=EDGE_CURVE('',#6310,#6094,#6312,.F.);
#5426=EDGE_CURVE('',#6310,#6302,#6313,.T.);
#5427=EDGE_CURVE('',#6314,#6098,#6315,.F.);
#5428=EDGE_CURVE('',#6314,#6316,#6317,.T.);
#5429=EDGE_CURVE('',#6316,#6099,#6318,.F.);
#5430=EDGE_CURVE('',#6316,#6319,#6320,.T.);
#5431=EDGE_CURVE('',#6319,#6103,#6321,.F.);
#5432=EDGE_CURVE('',#6319,#6322,#6323,.T.);
#5433=EDGE_CURVE('',#6322,#6106,#6324,.F.);
#5434=EDGE_CURVE('',#6322,#6314,#6325,.T.);
#5435=EDGE_CURVE('',#6326,#6110,#6327,.F.);
#5436=EDGE_CURVE('',#6326,#6328,#6329,.T.);
#5437=EDGE_CURVE('',#6328,#6111,#6330,.F.);
#5438=EDGE_CURVE('',#6328,#6331,#6332,.T.);
#5439=EDGE_CURVE('',#6331,#6115,#6333,.F.);
#5440=EDGE_CURVE('',#6331,#6334,#6335,.T.);
#5441=EDGE_CURVE('',#6334,#6118,#6336,.F.);
#5442=EDGE_CURVE('',#6334,#6326,#6337,.T.);
#5443=EDGE_CURVE('',#6338,#6122,#6339,.F.);
#5444=EDGE_CURVE('',#6338,#6340,#6341,.T.);
#5445=EDGE_CURVE('',#6340,#6123,#6342,.F.);
#5446=EDGE_CURVE('',#6340,#6343,#6344,.T.);
#5447=EDGE_CURVE('',#6343,#6127,#6345,.F.);
#5448=EDGE_CURVE('',#6343,#6346,#6347,.T.);
#5449=EDGE_CURVE('',#6346,#6130,#6348,.F.);
#5450=EDGE_CURVE('',#6346,#6338,#6349,.T.);
#5451=EDGE_CURVE('',#6350,#6134,#6351,.F.);
#5452=EDGE_CURVE('',#6350,#6352,#6353,.T.);
#5453=EDGE_CURVE('',#6352,#6135,#6354,.F.);
#5454=EDGE_CURVE('',#6352,#6355,#6356,.T.);
#5455=EDGE_CURVE('',#6355,#6139,#6357,.F.);
#5456=EDGE_CURVE('',#6355,#6358,#6359,.T.);
#5457=EDGE_CURVE('',#6358,#6142,#6360,.F.);
#5458=EDGE_CURVE('',#6358,#6350,#6361,.T.);
#5459=EDGE_CURVE('',#6362,#6146,#6363,.F.);
#5460=EDGE_CURVE('',#6362,#6364,#6365,.T.);
#5461=EDGE_CURVE('',#6364,#6147,#6366,.F.);
#5462=EDGE_CURVE('',#6364,#6367,#6368,.T.);
#5463=EDGE_CURVE('',#6367,#6151,#6369,.F.);
#5464=EDGE_CURVE('',#6367,#6370,#6371,.T.);
#5465=EDGE_CURVE('',#6370,#6154,#6372,.F.);
#5466=EDGE_CURVE('',#6370,#6362,#6373,.T.);
#5467=VERTEX_POINT('',#6374);
#5468=VERTEX_POINT('',#6375);
#5469=LINE('',#6376,#6377);
#5470=VERTEX_POINT('',#6379);
#5471=LINE('',#6380,#6381);
#5472=VERTEX_POINT('',#6383);
#5473=CIRCLE('',#6384,0.6);
#5474=VERTEX_POINT('',#6388);
#5475=LINE('',#6389,#6390);
#5476=VERTEX_POINT('',#6392);
#5477=LINE('',#6393,#6394);
#5478=VERTEX_POINT('',#6396);
#5479=LINE('',#6397,#6398);
#5480=VERTEX_POINT('',#6400);
#5481=LINE('',#6401,#6402);
#5482=VERTEX_POINT('',#6404);
#5483=LINE('',#6405,#6406);
#5484=VERTEX_POINT('',#6408);
#5485=LINE('',#6409,#6410);
#5486=VERTEX_POINT('',#6412);
#5487=LINE('',#6413,#6414);
#5488=VERTEX_POINT('',#6416);
#5489=LINE('',#6417,#6418);
#5490=VERTEX_POINT('',#6420);
#5491=LINE('',#6421,#6422);
#5492=VERTEX_POINT('',#6424);
#5493=LINE('',#6425,#6426);
#5494=VERTEX_POINT('',#6428);
#5495=LINE('',#6429,#6430);
#5496=VERTEX_POINT('',#6432);
#5497=LINE('',#6433,#6434);
#5498=VERTEX_POINT('',#6436);
#5499=LINE('',#6437,#6438);
#5500=VERTEX_POINT('',#6440);
#5501=LINE('',#6441,#6442);
#5502=VERTEX_POINT('',#6444);
#5503=LINE('',#6445,#6446);
#5504=VERTEX_POINT('',#6448);
#5505=CIRCLE('',#6449,0.6);
#5506=VERTEX_POINT('',#6453);
#5507=LINE('',#6454,#6455);
#5508=VERTEX_POINT('',#6457);
#5509=LINE('',#6458,#6459);
#5510=LINE('',#6461,#6462);
#5511=VERTEX_POINT('',#6464);
#5512=LINE('',#6465,#6466);
#5513=VERTEX_POINT('',#6468);
#5514=LINE('',#6469,#6470);
#5515=LINE('',#6472,#6473);
#5516=VERTEX_POINT('',#6475);
#5517=LINE('',#6476,#6477);
#5518=VERTEX_POINT('',#6479);
#5519=LINE('',#6480,#6481);
#5520=LINE('',#6483,#6484);
#5521=VERTEX_POINT('',#6486);
#5522=LINE('',#6487,#6488);
#5523=VERTEX_POINT('',#6490);
#5524=LINE('',#6491,#6492);
#5525=VERTEX_POINT('',#6494);
#5526=LINE('',#6495,#6496);
#5527=VERTEX_POINT('',#6498);
#5528=CIRCLE('',#6499,0.6);
#5529=VERTEX_POINT('',#6503);
#5530=LINE('',#6504,#6505);
#5531=VERTEX_POINT('',#6507);
#5532=LINE('',#6508,#6509);
#5533=VERTEX_POINT('',#6511);
#5534=LINE('',#6512,#6513);
#5535=VERTEX_POINT('',#6515);
#5536=LINE('',#6516,#6517);
#5537=VERTEX_POINT('',#6519);
#5538=LINE('',#6520,#6521);
#5539=VERTEX_POINT('',#6523);
#5540=LINE('',#6524,#6525);
#5541=VERTEX_POINT('',#6527);
#5542=LINE('',#6528,#6529);
#5543=VERTEX_POINT('',#6531);
#5544=LINE('',#6532,#6533);
#5545=VERTEX_POINT('',#6535);
#5546=LINE('',#6536,#6537);
#5547=VERTEX_POINT('',#6539);
#5548=LINE('',#6540,#6541);
#5549=VERTEX_POINT('',#6543);
#5550=LINE('',#6544,#6545);
#5551=VERTEX_POINT('',#6547);
#5552=LINE('',#6548,#6549);
#5553=VERTEX_POINT('',#6551);
#5554=LINE('',#6552,#6553);
#5555=VERTEX_POINT('',#6555);
#5556=LINE('',#6556,#6557);
#5557=VERTEX_POINT('',#6559);
#5558=LINE('',#6560,#6561);
#5559=VERTEX_POINT('',#6563);
#5560=LINE('',#6564,#6565);
#5561=VERTEX_POINT('',#6567);
#5562=LINE('',#6568,#6569);
#5563=VERTEX_POINT('',#6571);
#5564=LINE('',#6572,#6573);
#5565=VERTEX_POINT('',#6575);
#5566=LINE('',#6576,#6577);
#5567=VERTEX_POINT('',#6579);
#5568=LINE('',#6580,#6581);
#5569=VERTEX_POINT('',#6583);
#5570=LINE('',#6584,#6585);
#5571=VERTEX_POINT('',#6587);
#5572=LINE('',#6588,#6589);
#5573=VERTEX_POINT('',#6591);
#5574=LINE('',#6592,#6593);
#5575=VERTEX_POINT('',#6595);
#5576=LINE('',#6596,#6597);
#5577=VERTEX_POINT('',#6599);
#5578=LINE('',#6600,#6601);
#5579=VERTEX_POINT('',#6603);
#5580=LINE('',#6604,#6605);
#5581=VERTEX_POINT('',#6607);
#5582=LINE('',#6608,#6609);
#5583=VERTEX_POINT('',#6611);
#5584=LINE('',#6612,#6613);
#5585=VERTEX_POINT('',#6615);
#5586=LINE('',#6616,#6617);
#5587=VERTEX_POINT('',#6619);
#5588=LINE('',#6620,#6621);
#5589=VERTEX_POINT('',#6623);
#5590=LINE('',#6624,#6625);
#5591=VERTEX_POINT('',#6627);
#5592=LINE('',#6628,#6629);
#5593=VERTEX_POINT('',#6631);
#5594=LINE('',#6632,#6633);
#5595=VERTEX_POINT('',#6635);
#5596=LINE('',#6636,#6637);
#5597=VERTEX_POINT('',#6639);
#5598=LINE('',#6640,#6641);
#5599=VERTEX_POINT('',#6643);
#5600=LINE('',#6644,#6645);
#5601=VERTEX_POINT('',#6647);
#5602=LINE('',#6648,#6649);
#5603=VERTEX_POINT('',#6651);
#5604=LINE('',#6652,#6653);
#5605=VERTEX_POINT('',#6655);
#5606=LINE('',#6656,#6657);
#5607=VERTEX_POINT('',#6659);
#5608=LINE('',#6660,#6661);
#5609=VERTEX_POINT('',#6663);
#5610=LINE('',#6664,#6665);
#5611=VERTEX_POINT('',#6667);
#5612=LINE('',#6668,#6669);
#5613=LINE('',#6671,#6672);
#5614=VERTEX_POINT('',#6674);
#5615=LINE('',#6675,#6676);
#5616=VERTEX_POINT('',#6678);
#5617=LINE('',#6679,#6680);
#5618=VERTEX_POINT('',#6682);
#5619=LINE('',#6683,#6684);
#5620=VERTEX_POINT('',#6686);
#5621=CIRCLE('',#6687,0.6);
#5622=LINE('',#6691,#6692);
#5623=LINE('',#6694,#6695);
#5624=LINE('',#6697,#6698);
#5625=LINE('',#6700,#6701);
#5626=LINE('',#6703,#6704);
#5627=LINE('',#6706,#6707);
#5628=VERTEX_POINT('',#6709);
#5629=VERTEX_POINT('',#6710);
#5630=LINE('',#6711,#6712);
#5631=LINE('',#6714,#6715);
#5632=VERTEX_POINT('',#6717);
#5633=LINE('',#6718,#6719);
#5634=VERTEX_POINT('',#6721);
#5635=LINE('',#6722,#6723);
#5636=LINE('',#6725,#6726);
#5637=VERTEX_POINT('',#6728);
#5638=LINE('',#6729,#6730);
#5639=LINE('',#6732,#6733);
#5640=VERTEX_POINT('',#6735);
#5641=VERTEX_POINT('',#6736);
#5642=LINE('',#6737,#6738);
#5643=VERTEX_POINT('',#6740);
#5644=LINE('',#6741,#6742);
#5645=LINE('',#6744,#6745);
#5646=LINE('',#6747,#6748);
#5647=VERTEX_POINT('',#6750);
#5648=LINE('',#6751,#6752);
#5649=LINE('',#6754,#6755);
#5650=VERTEX_POINT('',#6757);
#5651=VERTEX_POINT('',#6758);
#5652=LINE('',#6759,#6760);
#5653=VERTEX_POINT('',#6762);
#5654=LINE('',#6763,#6764);
#5655=VERTEX_POINT('',#6766);
#5656=LINE('',#6767,#6768);
#5657=LINE('',#6770,#6771);
#5658=VERTEX_POINT('',#6773);
#5659=VERTEX_POINT('',#6774);
#5660=LINE('',#6775,#6776);
#5661=VERTEX_POINT('',#6778);
#5662=LINE('',#6779,#6780);
#5663=VERTEX_POINT('',#6782);
#5664=LINE('',#6783,#6784);
#5665=LINE('',#6786,#6787);
#5666=VERTEX_POINT('',#6789);
#5667=VERTEX_POINT('',#6790);
#5668=LINE('',#6791,#6792);
#5669=VERTEX_POINT('',#6794);
#5670=LINE('',#6795,#6796);
#5671=VERTEX_POINT('',#6798);
#5672=LINE('',#6799,#6800);
#5673=LINE('',#6802,#6803);
#5674=VERTEX_POINT('',#6805);
#5675=VERTEX_POINT('',#6806);
#5676=LINE('',#6807,#6808);
#5677=VERTEX_POINT('',#6810);
#5678=LINE('',#6811,#6812);
#5679=VERTEX_POINT('',#6814);
#5680=LINE('',#6815,#6816);
#5681=LINE('',#6818,#6819);
#5682=VERTEX_POINT('',#6821);
#5683=VERTEX_POINT('',#6822);
#5684=LINE('',#6823,#6824);
#5685=VERTEX_POINT('',#6826);
#5686=LINE('',#6827,#6828);
#5687=VERTEX_POINT('',#6830);
#5688=LINE('',#6831,#6832);
#5689=LINE('',#6834,#6835);
#5690=VERTEX_POINT('',#6837);
#5691=VERTEX_POINT('',#6838);
#5692=LINE('',#6839,#6840);
#5693=VERTEX_POINT('',#6842);
#5694=LINE('',#6843,#6844);
#5695=VERTEX_POINT('',#6846);
#5696=LINE('',#6847,#6848);
#5697=LINE('',#6850,#6851);
#5698=VERTEX_POINT('',#6853);
#5699=VERTEX_POINT('',#6854);
#5700=LINE('',#6855,#6856);
#5701=VERTEX_POINT('',#6858);
#5702=LINE('',#6859,#6860);
#5703=VERTEX_POINT('',#6862);
#5704=LINE('',#6863,#6864);
#5705=LINE('',#6866,#6867);
#5706=VERTEX_POINT('',#6869);
#5707=VERTEX_POINT('',#6870);
#5708=LINE('',#6871,#6872);
#5709=VERTEX_POINT('',#6874);
#5710=LINE('',#6875,#6876);
#5711=VERTEX_POINT('',#6878);
#5712=LINE('',#6879,#6880);
#5713=LINE('',#6882,#6883);
#5714=VERTEX_POINT('',#6885);
#5715=VERTEX_POINT('',#6886);
#5716=LINE('',#6887,#6888);
#5717=VERTEX_POINT('',#6890);
#5718=LINE('',#6891,#6892);
#5719=VERTEX_POINT('',#6894);
#5720=LINE('',#6895,#6896);
#5721=LINE('',#6898,#6899);
#5722=VERTEX_POINT('',#6901);
#5723=VERTEX_POINT('',#6902);
#5724=LINE('',#6903,#6904);
#5725=VERTEX_POINT('',#6906);
#5726=LINE('',#6907,#6908);
#5727=LINE('',#6910,#6911);
#5728=LINE('',#6913,#6914);
#5729=VERTEX_POINT('',#6916);
#5730=LINE('',#6917,#6918);
#5731=LINE('',#6920,#6921);
#5732=VERTEX_POINT('',#6923);
#5733=LINE('',#6924,#6925);
#5734=VERTEX_POINT('',#6927);
#5735=LINE('',#6928,#6929);
#5736=VERTEX_POINT('',#6931);
#5737=LINE('',#6932,#6933);
#5738=LINE('',#6935,#6936);
#5739=LINE('',#6938,#6939);
#5740=LINE('',#6941,#6942);
#5741=LINE('',#6944,#6945);
#5742=LINE('',#6947,#6948);
#5743=LINE('',#6950,#6951);
#5744=LINE('',#6953,#6954);
#5745=LINE('',#6956,#6957);
#5746=VERTEX_POINT('',#6959);
#5747=LINE('',#6960,#6961);
#5748=LINE('',#6963,#6964);
#5749=VERTEX_POINT('',#6966);
#5750=LINE('',#6967,#6968);
#5751=LINE('',#6970,#6971);
#5752=VERTEX_POINT('',#6973);
#5753=LINE('',#6974,#6975);
#5754=LINE('',#6977,#6978);
#5755=VERTEX_POINT('',#6980);
#5756=VERTEX_POINT('',#6981);
#5757=LINE('',#6982,#6983);
#5758=VERTEX_POINT('',#6985);
#5759=LINE('',#6986,#6987);
#5760=VERTEX_POINT('',#6989);
#5761=LINE('',#6990,#6991);
#5762=LINE('',#6993,#6994);
#5763=VERTEX_POINT('',#6996);
#5764=LINE('',#6997,#6998);
#5765=LINE('',#7000,#7001);
#5766=VERTEX_POINT('',#7003);
#5767=LINE('',#7004,#7005);
#5768=LINE('',#7007,#7008);
#5769=VERTEX_POINT('',#7010);
#5770=LINE('',#7011,#7012);
#5771=LINE('',#7014,#7015);
#5772=VERTEX_POINT('',#7017);
#5773=LINE('',#7018,#7019);
#5774=LINE('',#7021,#7022);
#5775=VERTEX_POINT('',#7024);
#5776=VERTEX_POINT('',#7025);
#5777=LINE('',#7026,#7027);
#5778=VERTEX_POINT('',#7029);
#5779=LINE('',#7030,#7031);
#5780=VERTEX_POINT('',#7033);
#5781=LINE('',#7034,#7035);
#5782=LINE('',#7037,#7038);
#5783=VERTEX_POINT('',#7040);
#5784=LINE('',#7041,#7042);
#5785=LINE('',#7044,#7045);
#5786=VERTEX_POINT('',#7047);
#5787=LINE('',#7048,#7049);
#5788=LINE('',#7051,#7052);
#5789=VERTEX_POINT('',#7054);
#5790=LINE('',#7055,#7056);
#5791=LINE('',#7058,#7059);
#5792=VERTEX_POINT('',#7061);
#5793=LINE('',#7062,#7063);
#5794=LINE('',#7065,#7066);
#5795=VERTEX_POINT('',#7068);
#5796=VERTEX_POINT('',#7069);
#5797=LINE('',#7070,#7071);
#5798=VERTEX_POINT('',#7073);
#5799=LINE('',#7074,#7075);
#5800=VERTEX_POINT('',#7077);
#5801=LINE('',#7078,#7079);
#5802=LINE('',#7081,#7082);
#5803=VERTEX_POINT('',#7084);
#5804=LINE('',#7085,#7086);
#5805=LINE('',#7088,#7089);
#5806=VERTEX_POINT('',#7091);
#5807=LINE('',#7092,#7093);
#5808=LINE('',#7095,#7096);
#5809=VERTEX_POINT('',#7098);
#5810=LINE('',#7099,#7100);
#5811=LINE('',#7102,#7103);
#5812=VERTEX_POINT('',#7105);
#5813=LINE('',#7106,#7107);
#5814=LINE('',#7109,#7110);
#5815=VERTEX_POINT('',#7112);
#5816=VERTEX_POINT('',#7113);
#5817=LINE('',#7114,#7115);
#5818=VERTEX_POINT('',#7117);
#5819=LINE('',#7118,#7119);
#5820=VERTEX_POINT('',#7121);
#5821=LINE('',#7122,#7123);
#5822=LINE('',#7125,#7126);
#5823=VERTEX_POINT('',#7128);
#5824=LINE('',#7129,#7130);
#5825=LINE('',#7132,#7133);
#5826=VERTEX_POINT('',#7135);
#5827=LINE('',#7136,#7137);
#5828=LINE('',#7139,#7140);
#5829=VERTEX_POINT('',#7142);
#5830=LINE('',#7143,#7144);
#5831=LINE('',#7146,#7147);
#5832=VERTEX_POINT('',#7149);
#5833=LINE('',#7150,#7151);
#5834=LINE('',#7153,#7154);
#5835=VERTEX_POINT('',#7156);
#5836=VERTEX_POINT('',#7157);
#5837=LINE('',#7158,#7159);
#5838=VERTEX_POINT('',#7161);
#5839=LINE('',#7162,#7163);
#5840=VERTEX_POINT('',#7165);
#5841=LINE('',#7166,#7167);
#5842=LINE('',#7169,#7170);
#5843=VERTEX_POINT('',#7172);
#5844=LINE('',#7173,#7174);
#5845=LINE('',#7176,#7177);
#5846=VERTEX_POINT('',#7179);
#5847=LINE('',#7180,#7181);
#5848=LINE('',#7183,#7184);
#5849=VERTEX_POINT('',#7186);
#5850=LINE('',#7187,#7188);
#5851=LINE('',#7190,#7191);
#5852=VERTEX_POINT('',#7193);
#5853=LINE('',#7194,#7195);
#5854=LINE('',#7197,#7198);
#5855=VERTEX_POINT('',#7200);
#5856=VERTEX_POINT('',#7201);
#5857=LINE('',#7202,#7203);
#5858=VERTEX_POINT('',#7205);
#5859=LINE('',#7206,#7207);
#5860=VERTEX_POINT('',#7209);
#5861=LINE('',#7210,#7211);
#5862=LINE('',#7213,#7214);
#5863=VERTEX_POINT('',#7216);
#5864=LINE('',#7217,#7218);
#5865=LINE('',#7220,#7221);
#5866=VERTEX_POINT('',#7223);
#5867=LINE('',#7224,#7225);
#5868=LINE('',#7227,#7228);
#5869=VERTEX_POINT('',#7230);
#5870=LINE('',#7231,#7232);
#5871=LINE('',#7234,#7235);
#5872=VERTEX_POINT('',#7237);
#5873=LINE('',#7238,#7239);
#5874=LINE('',#7241,#7242);
#5875=VERTEX_POINT('',#7244);
#5876=VERTEX_POINT('',#7245);
#5877=LINE('',#7246,#7247);
#5878=VERTEX_POINT('',#7249);
#5879=LINE('',#7250,#7251);
#5880=VERTEX_POINT('',#7253);
#5881=LINE('',#7254,#7255);
#5882=LINE('',#7257,#7258);
#5883=VERTEX_POINT('',#7260);
#5884=LINE('',#7261,#7262);
#5885=LINE('',#7264,#7265);
#5886=VERTEX_POINT('',#7267);
#5887=LINE('',#7268,#7269);
#5888=LINE('',#7271,#7272);
#5889=VERTEX_POINT('',#7274);
#5890=LINE('',#7275,#7276);
#5891=LINE('',#7278,#7279);
#5892=VERTEX_POINT('',#7281);
#5893=LINE('',#7282,#7283);
#5894=LINE('',#7285,#7286);
#5895=VERTEX_POINT('',#7288);
#5896=VERTEX_POINT('',#7289);
#5897=LINE('',#7290,#7291);
#5898=VERTEX_POINT('',#7293);
#5899=LINE('',#7294,#7295);
#5900=VERTEX_POINT('',#7297);
#5901=LINE('',#7298,#7299);
#5902=LINE('',#7301,#7302);
#5903=VERTEX_POINT('',#7304);
#5904=LINE('',#7305,#7306);
#5905=LINE('',#7308,#7309);
#5906=VERTEX_POINT('',#7311);
#5907=LINE('',#7312,#7313);
#5908=LINE('',#7315,#7316);
#5909=VERTEX_POINT('',#7318);
#5910=LINE('',#7319,#7320);
#5911=LINE('',#7322,#7323);
#5912=VERTEX_POINT('',#7325);
#5913=LINE('',#7326,#7327);
#5914=LINE('',#7329,#7330);
#5915=VERTEX_POINT('',#7332);
#5916=VERTEX_POINT('',#7333);
#5917=LINE('',#7334,#7335);
#5918=VERTEX_POINT('',#7337);
#5919=LINE('',#7338,#7339);
#5920=VERTEX_POINT('',#7341);
#5921=LINE('',#7342,#7343);
#5922=LINE('',#7345,#7346);
#5923=VERTEX_POINT('',#7348);
#5924=LINE('',#7349,#7350);
#5925=LINE('',#7352,#7353);
#5926=LINE('',#7355,#7356);
#5927=VERTEX_POINT('',#7358);
#5928=LINE('',#7359,#7360);
#5929=LINE('',#7362,#7363);
#5930=LINE('',#7365,#7366);
#5931=VERTEX_POINT('',#7368);
#5932=VERTEX_POINT('',#7369);
#5933=LINE('',#7370,#7371);
#5934=VERTEX_POINT('',#7373);
#5935=LINE('',#7374,#7375);
#5936=LINE('',#7377,#7378);
#5937=LINE('',#7380,#7381);
#5938=LINE('',#7383,#7384);
#5939=LINE('',#7386,#7387);
#5940=VERTEX_POINT('',#7389);
#5941=VERTEX_POINT('',#7390);
#5942=LINE('',#7391,#7392);
#5943=LINE('',#7394,#7395);
#5944=LINE('',#7397,#7398);
#5945=VERTEX_POINT('',#7400);
#5946=LINE('',#7401,#7402);
#5947=LINE('',#7404,#7405);
#5948=VERTEX_POINT('',#7407);
#5949=LINE('',#7408,#7409);
#5950=LINE('',#7411,#7412);
#5951=LINE('',#7414,#7415);
#5952=VERTEX_POINT('',#7417);
#5953=VERTEX_POINT('',#7418);
#5954=LINE('',#7419,#7420);
#5955=LINE('',#7422,#7423);
#5956=LINE('',#7425,#7426);
#5957=VERTEX_POINT('',#7428);
#5958=LINE('',#7429,#7430);
#5959=LINE('',#7432,#7433);
#5960=VERTEX_POINT('',#7435);
#5961=LINE('',#7436,#7437);
#5962=LINE('',#7439,#7440);
#5963=LINE('',#7442,#7443);
#5964=VERTEX_POINT('',#7445);
#5965=VERTEX_POINT('',#7446);
#5966=LINE('',#7447,#7448);
#5967=LINE('',#7450,#7451);
#5968=LINE('',#7453,#7454);
#5969=VERTEX_POINT('',#7456);
#5970=LINE('',#7457,#7458);
#5971=LINE('',#7460,#7461);
#5972=VERTEX_POINT('',#7463);
#5973=LINE('',#7464,#7465);
#5974=LINE('',#7467,#7468);
#5975=LINE('',#7470,#7471);
#5976=VERTEX_POINT('',#7473);
#5977=VERTEX_POINT('',#7474);
#5978=LINE('',#7475,#7476);
#5979=LINE('',#7478,#7479);
#5980=LINE('',#7481,#7482);
#5981=VERTEX_POINT('',#7484);
#5982=LINE('',#7485,#7486);
#5983=LINE('',#7488,#7489);
#5984=VERTEX_POINT('',#7491);
#5985=LINE('',#7492,#7493);
#5986=LINE('',#7495,#7496);
#5987=LINE('',#7498,#7499);
#5988=VERTEX_POINT('',#7501);
#5989=VERTEX_POINT('',#7502);
#5990=LINE('',#7503,#7504);
#5991=LINE('',#7506,#7507);
#5992=LINE('',#7509,#7510);
#5993=VERTEX_POINT('',#7512);
#5994=LINE('',#7513,#7514);
#5995=LINE('',#7516,#7517);
#5996=VERTEX_POINT('',#7519);
#5997=LINE('',#7520,#7521);
#5998=LINE('',#7523,#7524);
#5999=LINE('',#7526,#7527);
#6000=VERTEX_POINT('',#7529);
#6001=VERTEX_POINT('',#7530);
#6002=LINE('',#7531,#7532);
#6003=LINE('',#7534,#7535);
#6004=LINE('',#7537,#7538);
#6005=VERTEX_POINT('',#7540);
#6006=LINE('',#7541,#7542);
#6007=LINE('',#7544,#7545);
#6008=VERTEX_POINT('',#7547);
#6009=LINE('',#7548,#7549);
#6010=LINE('',#7551,#7552);
#6011=LINE('',#7554,#7555);
#6012=VERTEX_POINT('',#7557);
#6013=VERTEX_POINT('',#7558);
#6014=LINE('',#7559,#7560);
#6015=LINE('',#7562,#7563);
#6016=LINE('',#7565,#7566);
#6017=VERTEX_POINT('',#7568);
#6018=LINE('',#7569,#7570);
#6019=LINE('',#7572,#7573);
#6020=VERTEX_POINT('',#7575);
#6021=LINE('',#7576,#7577);
#6022=LINE('',#7579,#7580);
#6023=LINE('',#7582,#7583);
#6024=VERTEX_POINT('',#7585);
#6025=VERTEX_POINT('',#7586);
#6026=LINE('',#7587,#7588);
#6027=LINE('',#7590,#7591);
#6028=LINE('',#7593,#7594);
#6029=VERTEX_POINT('',#7596);
#6030=LINE('',#7597,#7598);
#6031=LINE('',#7600,#7601);
#6032=VERTEX_POINT('',#7603);
#6033=LINE('',#7604,#7605);
#6034=LINE('',#7607,#7608);
#6035=LINE('',#7610,#7611);
#6036=VERTEX_POINT('',#7613);
#6037=VERTEX_POINT('',#7614);
#6038=LINE('',#7615,#7616);
#6039=LINE('',#7618,#7619);
#6040=LINE('',#7621,#7622);
#6041=VERTEX_POINT('',#7624);
#6042=LINE('',#7625,#7626);
#6043=LINE('',#7628,#7629);
#6044=VERTEX_POINT('',#7631);
#6045=LINE('',#7632,#7633);
#6046=LINE('',#7635,#7636);
#6047=LINE('',#7638,#7639);
#6048=LINE('',#7641,#7642);
#6049=LINE('',#7644,#7645);
#6050=VERTEX_POINT('',#7647);
#6051=VERTEX_POINT('',#7648);
#6052=LINE('',#7649,#7650);
#6053=LINE('',#7652,#7653);
#6054=LINE('',#7655,#7656);
#6055=VERTEX_POINT('',#7658);
#6056=LINE('',#7659,#7660);
#6057=LINE('',#7662,#7663);
#6058=VERTEX_POINT('',#7665);
#6059=LINE('',#7666,#7667);
#6060=LINE('',#7669,#7670);
#6061=LINE('',#7672,#7673);
#6062=VERTEX_POINT('',#7675);
#6063=VERTEX_POINT('',#7676);
#6064=LINE('',#7677,#7678);
#6065=LINE('',#7680,#7681);
#6066=LINE('',#7683,#7684);
#6067=VERTEX_POINT('',#7686);
#6068=LINE('',#7687,#7688);
#6069=LINE('',#7690,#7691);
#6070=VERTEX_POINT('',#7693);
#6071=LINE('',#7694,#7695);
#6072=LINE('',#7697,#7698);
#6073=LINE('',#7700,#7701);
#6074=VERTEX_POINT('',#7703);
#6075=VERTEX_POINT('',#7704);
#6076=LINE('',#7705,#7706);
#6077=LINE('',#7708,#7709);
#6078=LINE('',#7711,#7712);
#6079=VERTEX_POINT('',#7714);
#6080=LINE('',#7715,#7716);
#6081=LINE('',#7718,#7719);
#6082=VERTEX_POINT('',#7721);
#6083=LINE('',#7722,#7723);
#6084=LINE('',#7725,#7726);
#6085=LINE('',#7728,#7729);
#6086=VERTEX_POINT('',#7731);
#6087=VERTEX_POINT('',#7732);
#6088=LINE('',#7733,#7734);
#6089=LINE('',#7736,#7737);
#6090=LINE('',#7739,#7740);
#6091=VERTEX_POINT('',#7742);
#6092=LINE('',#7743,#7744);
#6093=LINE('',#7746,#7747);
#6094=VERTEX_POINT('',#7749);
#6095=LINE('',#7750,#7751);
#6096=LINE('',#7753,#7754);
#6097=LINE('',#7756,#7757);
#6098=VERTEX_POINT('',#7759);
#6099=VERTEX_POINT('',#7760);
#6100=LINE('',#7761,#7762);
#6101=LINE('',#7764,#7765);
#6102=LINE('',#7767,#7768);
#6103=VERTEX_POINT('',#7770);
#6104=LINE('',#7771,#7772);
#6105=LINE('',#7774,#7775);
#6106=VERTEX_POINT('',#7777);
#6107=LINE('',#7778,#7779);
#6108=LINE('',#7781,#7782);
#6109=LINE('',#7784,#7785);
#6110=VERTEX_POINT('',#7787);
#6111=VERTEX_POINT('',#7788);
#6112=LINE('',#7789,#7790);
#6113=LINE('',#7792,#7793);
#6114=LINE('',#7795,#7796);
#6115=VERTEX_POINT('',#7798);
#6116=LINE('',#7799,#7800);
#6117=LINE('',#7802,#7803);
#6118=VERTEX_POINT('',#7805);
#6119=LINE('',#7806,#7807);
#6120=LINE('',#7809,#7810);
#6121=LINE('',#7812,#7813);
#6122=VERTEX_POINT('',#7815);
#6123=VERTEX_POINT('',#7816);
#6124=LINE('',#7817,#7818);
#6125=LINE('',#7820,#7821);
#6126=LINE('',#7823,#7824);
#6127=VERTEX_POINT('',#7826);
#6128=LINE('',#7827,#7828);
#6129=LINE('',#7830,#7831);
#6130=VERTEX_POINT('',#7833);
#6131=LINE('',#7834,#7835);
#6132=LINE('',#7837,#7838);
#6133=LINE('',#7840,#7841);
#6134=VERTEX_POINT('',#7843);
#6135=VERTEX_POINT('',#7844);
#6136=LINE('',#7845,#7846);
#6137=LINE('',#7848,#7849);
#6138=LINE('',#7851,#7852);
#6139=VERTEX_POINT('',#7854);
#6140=LINE('',#7855,#7856);
#6141=LINE('',#7858,#7859);
#6142=VERTEX_POINT('',#7861);
#6143=LINE('',#7862,#7863);
#6144=LINE('',#7865,#7866);
#6145=LINE('',#7868,#7869);
#6146=VERTEX_POINT('',#7871);
#6147=VERTEX_POINT('',#7872);
#6148=LINE('',#7873,#7874);
#6149=LINE('',#7876,#7877);
#6150=LINE('',#7879,#7880);
#6151=VERTEX_POINT('',#7882);
#6152=LINE('',#7883,#7884);
#6153=LINE('',#7886,#7887);
#6154=VERTEX_POINT('',#7889);
#6155=LINE('',#7890,#7891);
#6156=LINE('',#7893,#7894);
#6157=LINE('',#7896,#7897);
#6158=VERTEX_POINT('',#7899);
#6159=LINE('',#7900,#7901);
#6160=VERTEX_POINT('',#7903);
#6161=LINE('',#7904,#7905);
#6162=LINE('',#7907,#7908);
#6163=VERTEX_POINT('',#7910);
#6164=LINE('',#7911,#7912);
#6165=LINE('',#7914,#7915);
#6166=VERTEX_POINT('',#7917);
#6167=LINE('',#7918,#7919);
#6168=LINE('',#7921,#7922);
#6169=LINE('',#7924,#7925);
#6170=VERTEX_POINT('',#7927);
#6171=LINE('',#7928,#7929);
#6172=VERTEX_POINT('',#7931);
#6173=LINE('',#7932,#7933);
#6174=LINE('',#7935,#7936);
#6175=VERTEX_POINT('',#7938);
#6176=LINE('',#7939,#7940);
#6177=LINE('',#7942,#7943);
#6178=VERTEX_POINT('',#7945);
#6179=LINE('',#7946,#7947);
#6180=LINE('',#7949,#7950);
#6181=LINE('',#7952,#7953);
#6182=VERTEX_POINT('',#7955);
#6183=LINE('',#7956,#7957);
#6184=VERTEX_POINT('',#7959);
#6185=LINE('',#7960,#7961);
#6186=LINE('',#7963,#7964);
#6187=VERTEX_POINT('',#7966);
#6188=LINE('',#7967,#7968);
#6189=LINE('',#7970,#7971);
#6190=VERTEX_POINT('',#7973);
#6191=LINE('',#7974,#7975);
#6192=LINE('',#7977,#7978);
#6193=LINE('',#7980,#7981);
#6194=VERTEX_POINT('',#7983);
#6195=LINE('',#7984,#7985);
#6196=VERTEX_POINT('',#7987);
#6197=LINE('',#7988,#7989);
#6198=LINE('',#7991,#7992);
#6199=VERTEX_POINT('',#7994);
#6200=LINE('',#7995,#7996);
#6201=LINE('',#7998,#7999);
#6202=VERTEX_POINT('',#8001);
#6203=LINE('',#8002,#8003);
#6204=LINE('',#8005,#8006);
#6205=LINE('',#8008,#8009);
#6206=VERTEX_POINT('',#8011);
#6207=LINE('',#8012,#8013);
#6208=VERTEX_POINT('',#8015);
#6209=LINE('',#8016,#8017);
#6210=LINE('',#8019,#8020);
#6211=VERTEX_POINT('',#8022);
#6212=LINE('',#8023,#8024);
#6213=LINE('',#8026,#8027);
#6214=VERTEX_POINT('',#8029);
#6215=LINE('',#8030,#8031);
#6216=LINE('',#8033,#8034);
#6217=LINE('',#8036,#8037);
#6218=VERTEX_POINT('',#8039);
#6219=LINE('',#8040,#8041);
#6220=VERTEX_POINT('',#8043);
#6221=LINE('',#8044,#8045);
#6222=LINE('',#8047,#8048);
#6223=VERTEX_POINT('',#8050);
#6224=LINE('',#8051,#8052);
#6225=LINE('',#8054,#8055);
#6226=VERTEX_POINT('',#8057);
#6227=LINE('',#8058,#8059);
#6228=LINE('',#8061,#8062);
#6229=LINE('',#8064,#8065);
#6230=VERTEX_POINT('',#8067);
#6231=LINE('',#8068,#8069);
#6232=VERTEX_POINT('',#8071);
#6233=LINE('',#8072,#8073);
#6234=LINE('',#8075,#8076);
#6235=VERTEX_POINT('',#8078);
#6236=LINE('',#8079,#8080);
#6237=LINE('',#8082,#8083);
#6238=VERTEX_POINT('',#8085);
#6239=LINE('',#8086,#8087);
#6240=LINE('',#8089,#8090);
#6241=LINE('',#8092,#8093);
#6242=VERTEX_POINT('',#8095);
#6243=LINE('',#8096,#8097);
#6244=VERTEX_POINT('',#8099);
#6245=LINE('',#8100,#8101);
#6246=LINE('',#8103,#8104);
#6247=VERTEX_POINT('',#8106);
#6248=LINE('',#8107,#8108);
#6249=LINE('',#8110,#8111);
#6250=VERTEX_POINT('',#8113);
#6251=LINE('',#8114,#8115);
#6252=LINE('',#8117,#8118);
#6253=LINE('',#8120,#8121);
#6254=VERTEX_POINT('',#8123);
#6255=LINE('',#8124,#8125);
#6256=VERTEX_POINT('',#8127);
#6257=LINE('',#8128,#8129);
#6258=LINE('',#8131,#8132);
#6259=VERTEX_POINT('',#8134);
#6260=LINE('',#8135,#8136);
#6261=LINE('',#8138,#8139);
#6262=VERTEX_POINT('',#8141);
#6263=LINE('',#8142,#8143);
#6264=LINE('',#8145,#8146);
#6265=LINE('',#8148,#8149);
#6266=VERTEX_POINT('',#8151);
#6267=LINE('',#8152,#8153);
#6268=VERTEX_POINT('',#8155);
#6269=LINE('',#8156,#8157);
#6270=LINE('',#8159,#8160);
#6271=VERTEX_POINT('',#8162);
#6272=LINE('',#8163,#8164);
#6273=LINE('',#8166,#8167);
#6274=VERTEX_POINT('',#8169);
#6275=LINE('',#8170,#8171);
#6276=LINE('',#8173,#8174);
#6277=LINE('',#8176,#8177);
#6278=VERTEX_POINT('',#8179);
#6279=LINE('',#8180,#8181);
#6280=VERTEX_POINT('',#8183);
#6281=LINE('',#8184,#8185);
#6282=LINE('',#8187,#8188);
#6283=VERTEX_POINT('',#8190);
#6284=LINE('',#8191,#8192);
#6285=LINE('',#8194,#8195);
#6286=VERTEX_POINT('',#8197);
#6287=LINE('',#8198,#8199);
#6288=LINE('',#8201,#8202);
#6289=LINE('',#8204,#8205);
#6290=VERTEX_POINT('',#8207);
#6291=LINE('',#8208,#8209);
#6292=VERTEX_POINT('',#8211);
#6293=LINE('',#8212,#8213);
#6294=LINE('',#8215,#8216);
#6295=VERTEX_POINT('',#8218);
#6296=LINE('',#8219,#8220);
#6297=LINE('',#8222,#8223);
#6298=VERTEX_POINT('',#8225);
#6299=LINE('',#8226,#8227);
#6300=LINE('',#8229,#8230);
#6301=LINE('',#8232,#8233);
#6302=VERTEX_POINT('',#8235);
#6303=LINE('',#8236,#8237);
#6304=VERTEX_POINT('',#8239);
#6305=LINE('',#8240,#8241);
#6306=LINE('',#8243,#8244);
#6307=VERTEX_POINT('',#8246);
#6308=LINE('',#8247,#8248);
#6309=LINE('',#8250,#8251);
#6310=VERTEX_POINT('',#8253);
#6311=LINE('',#8254,#8255);
#6312=LINE('',#8257,#8258);
#6313=LINE('',#8260,#8261);
#6314=VERTEX_POINT('',#8263);
#6315=LINE('',#8264,#8265);
#6316=VERTEX_POINT('',#8267);
#6317=LINE('',#8268,#8269);
#6318=LINE('',#8271,#8272);
#6319=VERTEX_POINT('',#8274);
#6320=LINE('',#8275,#8276);
#6321=LINE('',#8278,#8279);
#6322=VERTEX_POINT('',#8281);
#6323=LINE('',#8282,#8283);
#6324=LINE('',#8285,#8286);
#6325=LINE('',#8288,#8289);
#6326=VERTEX_POINT('',#8291);
#6327=LINE('',#8292,#8293);
#6328=VERTEX_POINT('',#8295);
#6329=LINE('',#8296,#8297);
#6330=LINE('',#8299,#8300);
#6331=VERTEX_POINT('',#8302);
#6332=LINE('',#8303,#8304);
#6333=LINE('',#8306,#8307);
#6334=VERTEX_POINT('',#8309);
#6335=LINE('',#8310,#8311);
#6336=LINE('',#8313,#8314);
#6337=LINE('',#8316,#8317);
#6338=VERTEX_POINT('',#8319);
#6339=LINE('',#8320,#8321);
#6340=VERTEX_POINT('',#8323);
#6341=LINE('',#8324,#8325);
#6342=LINE('',#8327,#8328);
#6343=VERTEX_POINT('',#8330);
#6344=LINE('',#8331,#8332);
#6345=LINE('',#8334,#8335);
#6346=VERTEX_POINT('',#8337);
#6347=LINE('',#8338,#8339);
#6348=LINE('',#8341,#8342);
#6349=LINE('',#8344,#8345);
#6350=VERTEX_POINT('',#8347);
#6351=LINE('',#8348,#8349);
#6352=VERTEX_POINT('',#8351);
#6353=LINE('',#8352,#8353);
#6354=LINE('',#8355,#8356);
#6355=VERTEX_POINT('',#8358);
#6356=LINE('',#8359,#8360);
#6357=LINE('',#8362,#8363);
#6358=VERTEX_POINT('',#8365);
#6359=LINE('',#8366,#8367);
#6360=LINE('',#8369,#8370);
#6361=LINE('',#8372,#8373);
#6362=VERTEX_POINT('',#8375);
#6363=LINE('',#8376,#8377);
#6364=VERTEX_POINT('',#8379);
#6365=LINE('',#8380,#8381);
#6366=LINE('',#8383,#8384);
#6367=VERTEX_POINT('',#8386);
#6368=LINE('',#8387,#8388);
#6369=LINE('',#8390,#8391);
#6370=VERTEX_POINT('',#8393);
#6371=LINE('',#8394,#8395);
#6372=LINE('',#8397,#8398);
#6373=LINE('',#8400,#8401);
#6374=CARTESIAN_POINT('',(18.75,-1.5,7.));
#6375=CARTESIAN_POINT('',(18.75,-1.5,3.));
#6376=CARTESIAN_POINT('',(18.75,-1.5,7.));
#6377=VECTOR('',#6378,1.);
#6378=DIRECTION('',(0.,0.,-1.));
#6379=CARTESIAN_POINT('',(20.65,-1.5,3.));
#6380=CARTESIAN_POINT('',(18.75,-1.5,3.));
#6381=VECTOR('',#6382,1.);
#6382=DIRECTION('',(1.,0.,0.));
#6383=CARTESIAN_POINT('',(21.25,-1.5,3.6));
#6384=AXIS2_PLACEMENT_3D('',#6385,#6386,#6387);
#6385=CARTESIAN_POINT('',(20.65,-1.5,3.6));
#6386=DIRECTION('',(0.,-1.,0.));
#6387=DIRECTION('',(0.,0.,-1.));
#6388=CARTESIAN_POINT('',(21.25,-1.5,6.2));
#6389=CARTESIAN_POINT('',(21.25,-1.5,3.6));
#6390=VECTOR('',#6391,1.);
#6391=DIRECTION('',(0.,0.,1.));
#6392=CARTESIAN_POINT('',(20.85,-1.5,6.6));
#6393=CARTESIAN_POINT('',(21.25,-1.5,6.2));
#6394=VECTOR('',#6395,1.);
#6395=DIRECTION('',(-0.707106781186546,0.,0.707106781186549));
#6396=CARTESIAN_POINT('',(21.25,-1.5,7.));
#6397=CARTESIAN_POINT('',(20.85,-1.5,6.6));
#6398=VECTOR('',#6399,1.);
#6399=DIRECTION('',(0.707106781186548,0.,0.707106781186548));
#6400=CARTESIAN_POINT('',(22.5,-1.5,7.));
#6401=CARTESIAN_POINT('',(21.25,-1.5,7.));
#6402=VECTOR('',#6403,1.);
#6403=DIRECTION('',(1.,-1.77635683940025E-016,0.));
#6404=CARTESIAN_POINT('',(22.5,-1.5,3.));
#6405=CARTESIAN_POINT('',(22.5,-1.5,3.));
#6406=VECTOR('',#6407,1.);
#6407=DIRECTION('',(0.,0.,1.));
#6408=CARTESIAN_POINT('',(21.8,-1.5,3.));
#6409=CARTESIAN_POINT('',(22.5,-1.5,3.));
#6410=VECTOR('',#6411,1.);
#6411=DIRECTION('',(-1.,0.,0.));
#6412=CARTESIAN_POINT('',(21.8,-1.5,2.));
#6413=CARTESIAN_POINT('',(21.8,-1.5,2.));
#6414=VECTOR('',#6415,1.);
#6415=DIRECTION('',(0.,0.,1.));
#6416=CARTESIAN_POINT('',(-1.8,-1.5,2.));
#6417=CARTESIAN_POINT('',(-1.8,-1.5,2.));
#6418=VECTOR('',#6419,1.);
#6419=DIRECTION('',(1.,0.,0.));
#6420=CARTESIAN_POINT('',(-1.8,-1.5,3.));
#6421=CARTESIAN_POINT('',(-1.8,-1.5,2.));
#6422=VECTOR('',#6423,1.);
#6423=DIRECTION('',(0.,0.,1.));
#6424=CARTESIAN_POINT('',(-2.5,-1.5,3.));
#6425=CARTESIAN_POINT('',(-1.8,-1.5,3.));
#6426=VECTOR('',#6427,1.);
#6427=DIRECTION('',(-1.,0.,0.));
#6428=CARTESIAN_POINT('',(-2.5,-1.5,7.));
#6429=CARTESIAN_POINT('',(-2.5,-1.5,3.));
#6430=VECTOR('',#6431,1.);
#6431=DIRECTION('',(0.,0.,1.));
#6432=CARTESIAN_POINT('',(-1.25,-1.5,7.));
#6433=CARTESIAN_POINT('',(-2.5,-1.5,7.));
#6434=VECTOR('',#6435,1.);
#6435=DIRECTION('',(1.,1.77635683940025E-016,0.));
#6436=CARTESIAN_POINT('',(-0.85,-1.5,6.6));
#6437=CARTESIAN_POINT('',(-1.25,-1.5,7.));
#6438=VECTOR('',#6439,1.);
#6439=DIRECTION('',(0.707106781186547,0.,-0.707106781186548));
#6440=CARTESIAN_POINT('',(-1.25,-1.5,6.2));
#6441=CARTESIAN_POINT('',(-0.85,-1.5,6.6));
#6442=VECTOR('',#6443,1.);
#6443=DIRECTION('',(-0.707106781186547,0.,-0.707106781186548));
#6444=CARTESIAN_POINT('',(-1.25,-1.5,3.6));
#6445=CARTESIAN_POINT('',(-1.25,-1.5,6.2));
#6446=VECTOR('',#6447,1.);
#6447=DIRECTION('',(0.,0.,-1.));
#6448=CARTESIAN_POINT('',(-0.65,-1.5,3.));
#6449=AXIS2_PLACEMENT_3D('',#6450,#6451,#6452);
#6450=CARTESIAN_POINT('',(-0.65,-1.5,3.6));
#6451=DIRECTION('',(0.,-1.,0.));
#6452=DIRECTION('',(-1.,0.,0.));
#6453=CARTESIAN_POINT('',(1.25,-1.5,3.));
#6454=CARTESIAN_POINT('',(-0.65,-1.5,3.));
#6455=VECTOR('',#6456,1.);
#6456=DIRECTION('',(1.,0.,0.));
#6457=CARTESIAN_POINT('',(1.25,-1.5,7.));
#6458=CARTESIAN_POINT('',(1.25,-1.5,3.));
#6459=VECTOR('',#6460,1.);
#6460=DIRECTION('',(0.,0.,1.));
#6461=CARTESIAN_POINT('',(1.25,-1.5,7.));
#6462=VECTOR('',#6463,1.);
#6463=DIRECTION('',(1.,0.,0.));
#6464=CARTESIAN_POINT('',(18.75,-2.2,7.));
#6465=CARTESIAN_POINT('',(18.75,-1.5,7.));
#6466=VECTOR('',#6467,1.);
#6467=DIRECTION('',(0.,-1.,0.));
#6468=CARTESIAN_POINT('',(1.25,-2.2,7.));
#6469=CARTESIAN_POINT('',(1.25,-2.2,7.));
#6470=VECTOR('',#6471,1.);
#6471=DIRECTION('',(0.,1.,0.));
#6472=CARTESIAN_POINT('',(1.25,-2.2,7.));
#6473=VECTOR('',#6474,1.);
#6474=DIRECTION('',(1.,0.,5.07530525542929E-017));
#6475=CARTESIAN_POINT('',(21.25,-2.2,7.));
#6476=CARTESIAN_POINT('',(21.25,-2.2,7.));
#6477=VECTOR('',#6478,1.);
#6478=DIRECTION('',(0.,1.,0.));
#6479=CARTESIAN_POINT('',(22.5,-2.2,7.));
#6480=CARTESIAN_POINT('',(21.25,-2.2,7.));
#6481=VECTOR('',#6482,1.);
#6482=DIRECTION('',(1.,0.,0.));
#6483=CARTESIAN_POINT('',(22.5,-2.2,7.));
#6484=VECTOR('',#6485,1.);
#6485=DIRECTION('',(0.,1.,0.));
#6486=CARTESIAN_POINT('',(18.75,-2.2,3.));
#6487=CARTESIAN_POINT('',(18.75,-2.2,7.));
#6488=VECTOR('',#6489,1.);
#6489=DIRECTION('',(0.,0.,-1.));
#6490=CARTESIAN_POINT('',(1.25,-2.2,3.));
#6491=CARTESIAN_POINT('',(1.25,-2.2,3.));
#6492=VECTOR('',#6493,1.);
#6493=DIRECTION('',(0.,0.,1.));
#6494=CARTESIAN_POINT('',(-0.65,-2.2,3.));
#6495=CARTESIAN_POINT('',(-0.65,-2.2,3.));
#6496=VECTOR('',#6497,1.);
#6497=DIRECTION('',(1.,0.,0.));
#6498=CARTESIAN_POINT('',(-1.25,-2.2,3.6));
#6499=AXIS2_PLACEMENT_3D('',#6500,#6501,#6502);
#6500=CARTESIAN_POINT('',(-0.65,-2.2,3.6));
#6501=DIRECTION('',(0.,-1.,0.));
#6502=DIRECTION('',(-1.,0.,0.));
#6503=CARTESIAN_POINT('',(-1.25,-2.2,6.2));
#6504=CARTESIAN_POINT('',(-1.25,-2.2,6.2));
#6505=VECTOR('',#6506,1.);
#6506=DIRECTION('',(0.,0.,-1.));
#6507=CARTESIAN_POINT('',(-0.85,-2.2,6.6));
#6508=CARTESIAN_POINT('',(-0.85,-2.2,6.6));
#6509=VECTOR('',#6510,1.);
#6510=DIRECTION('',(-0.707106781186547,0.,-0.707106781186548));
#6511=CARTESIAN_POINT('',(-1.25,-2.2,7.));
#6512=CARTESIAN_POINT('',(-1.25,-2.2,7.));
#6513=VECTOR('',#6514,1.);
#6514=DIRECTION('',(0.707106781186547,0.,-0.707106781186548));
#6515=CARTESIAN_POINT('',(-2.5,-2.2,7.));
#6516=CARTESIAN_POINT('',(-2.5,-2.2,7.));
#6517=VECTOR('',#6518,1.);
#6518=DIRECTION('',(1.,0.,-7.105427357601E-016));
#6519=CARTESIAN_POINT('',(-2.5,-2.2,0.));
#6520=CARTESIAN_POINT('',(-2.5,-2.2,0.));
#6521=VECTOR('',#6522,1.);
#6522=DIRECTION('',(0.,0.,1.));
#6523=CARTESIAN_POINT('',(-0.85,-2.2,0.));
#6524=CARTESIAN_POINT('',(-0.85,-2.2,0.));
#6525=VECTOR('',#6526,1.);
#6526=DIRECTION('',(-1.,0.,0.));
#6527=CARTESIAN_POINT('',(-0.85,-2.2,0.4));
#6528=CARTESIAN_POINT('',(-0.85,-2.2,0.4));
#6529=VECTOR('',#6530,1.);
#6530=DIRECTION('',(0.,0.,-1.));
#6531=CARTESIAN_POINT('',(0.85,-2.2,0.4));
#6532=CARTESIAN_POINT('',(-0.85,-2.2,0.4));
#6533=VECTOR('',#6534,1.);
#6534=DIRECTION('',(1.,0.,0.));
#6535=CARTESIAN_POINT('',(0.85,-2.2,0.));
#6536=CARTESIAN_POINT('',(0.85,-2.2,0.));
#6537=VECTOR('',#6538,1.);
#6538=DIRECTION('',(0.,0.,1.));
#6539=CARTESIAN_POINT('',(1.65,-2.2,0.));
#6540=CARTESIAN_POINT('',(0.85,-2.2,0.));
#6541=VECTOR('',#6542,1.);
#6542=DIRECTION('',(1.,0.,0.));
#6543=CARTESIAN_POINT('',(1.65,-2.2,0.4));
#6544=CARTESIAN_POINT('',(1.65,-2.2,0.4));
#6545=VECTOR('',#6546,1.);
#6546=DIRECTION('',(0.,0.,-1.));
#6547=CARTESIAN_POINT('',(3.35,-2.2,0.4));
#6548=CARTESIAN_POINT('',(1.65,-2.2,0.4));
#6549=VECTOR('',#6550,1.);
#6550=DIRECTION('',(1.,0.,0.));
#6551=CARTESIAN_POINT('',(3.35,-2.2,0.));
#6552=CARTESIAN_POINT('',(3.35,-2.2,0.));
#6553=VECTOR('',#6554,1.);
#6554=DIRECTION('',(0.,0.,1.));
#6555=CARTESIAN_POINT('',(4.15,-2.2,0.));
#6556=CARTESIAN_POINT('',(3.35,-2.2,0.));
#6557=VECTOR('',#6558,1.);
#6558=DIRECTION('',(1.,0.,0.));
#6559=CARTESIAN_POINT('',(4.15,-2.2,0.4));
#6560=CARTESIAN_POINT('',(4.15,-2.2,0.4));
#6561=VECTOR('',#6562,1.);
#6562=DIRECTION('',(0.,0.,-1.));
#6563=CARTESIAN_POINT('',(5.85,-2.2,0.4));
#6564=CARTESIAN_POINT('',(4.15,-2.2,0.4));
#6565=VECTOR('',#6566,1.);
#6566=DIRECTION('',(1.,0.,0.));
#6567=CARTESIAN_POINT('',(5.85,-2.2,0.));
#6568=CARTESIAN_POINT('',(5.85,-2.2,0.));
#6569=VECTOR('',#6570,1.);
#6570=DIRECTION('',(0.,0.,1.));
#6571=CARTESIAN_POINT('',(6.65,-2.2,0.));
#6572=CARTESIAN_POINT('',(5.85,-2.2,0.));
#6573=VECTOR('',#6574,1.);
#6574=DIRECTION('',(1.,0.,0.));
#6575=CARTESIAN_POINT('',(6.65,-2.2,0.4));
#6576=CARTESIAN_POINT('',(6.65,-2.2,0.4));
#6577=VECTOR('',#6578,1.);
#6578=DIRECTION('',(0.,0.,-1.));
#6579=CARTESIAN_POINT('',(8.35,-2.2,0.4));
#6580=CARTESIAN_POINT('',(6.65,-2.2,0.4));
#6581=VECTOR('',#6582,1.);
#6582=DIRECTION('',(1.,0.,0.));
#6583=CARTESIAN_POINT('',(8.35,-2.2,0.));
#6584=CARTESIAN_POINT('',(8.35,-2.2,0.));
#6585=VECTOR('',#6586,1.);
#6586=DIRECTION('',(0.,0.,1.));
#6587=CARTESIAN_POINT('',(9.15,-2.2,0.));
#6588=CARTESIAN_POINT('',(8.35,-2.2,0.));
#6589=VECTOR('',#6590,1.);
#6590=DIRECTION('',(1.,0.,0.));
#6591=CARTESIAN_POINT('',(9.15,-2.2,0.4));
#6592=CARTESIAN_POINT('',(9.15,-2.2,0.4));
#6593=VECTOR('',#6594,1.);
#6594=DIRECTION('',(0.,0.,-1.));
#6595=CARTESIAN_POINT('',(10.85,-2.2,0.4));
#6596=CARTESIAN_POINT('',(9.15,-2.2,0.4));
#6597=VECTOR('',#6598,1.);
#6598=DIRECTION('',(1.,0.,0.));
#6599=CARTESIAN_POINT('',(10.85,-2.2,0.));
#6600=CARTESIAN_POINT('',(10.85,-2.2,0.));
#6601=VECTOR('',#6602,1.);
#6602=DIRECTION('',(0.,0.,1.));
#6603=CARTESIAN_POINT('',(11.65,-2.2,0.));
#6604=CARTESIAN_POINT('',(10.85,-2.2,0.));
#6605=VECTOR('',#6606,1.);
#6606=DIRECTION('',(1.,0.,0.));
#6607=CARTESIAN_POINT('',(11.65,-2.2,0.4));
#6608=CARTESIAN_POINT('',(11.65,-2.2,0.4));
#6609=VECTOR('',#6610,1.);
#6610=DIRECTION('',(0.,0.,-1.));
#6611=CARTESIAN_POINT('',(13.35,-2.2,0.4));
#6612=CARTESIAN_POINT('',(11.65,-2.2,0.4));
#6613=VECTOR('',#6614,1.);
#6614=DIRECTION('',(1.,0.,0.));
#6615=CARTESIAN_POINT('',(13.35,-2.2,0.));
#6616=CARTESIAN_POINT('',(13.35,-2.2,0.));
#6617=VECTOR('',#6618,1.);
#6618=DIRECTION('',(0.,0.,1.));
#6619=CARTESIAN_POINT('',(14.15,-2.2,0.));
#6620=CARTESIAN_POINT('',(13.35,-2.2,0.));
#6621=VECTOR('',#6622,1.);
#6622=DIRECTION('',(1.,0.,0.));
#6623=CARTESIAN_POINT('',(14.15,-2.2,0.4));
#6624=CARTESIAN_POINT('',(14.15,-2.2,0.4));
#6625=VECTOR('',#6626,1.);
#6626=DIRECTION('',(0.,0.,-1.));
#6627=CARTESIAN_POINT('',(15.85,-2.2,0.4));
#6628=CARTESIAN_POINT('',(14.15,-2.2,0.4));
#6629=VECTOR('',#6630,1.);
#6630=DIRECTION('',(1.,0.,0.));
#6631=CARTESIAN_POINT('',(15.85,-2.2,0.));
#6632=CARTESIAN_POINT('',(15.85,-2.2,0.));
#6633=VECTOR('',#6634,1.);
#6634=DIRECTION('',(0.,0.,1.));
#6635=CARTESIAN_POINT('',(16.65,-2.2,0.));
#6636=CARTESIAN_POINT('',(15.85,-2.2,0.));
#6637=VECTOR('',#6638,1.);
#6638=DIRECTION('',(1.,0.,0.));
#6639=CARTESIAN_POINT('',(16.65,-2.2,0.4));
#6640=CARTESIAN_POINT('',(16.65,-2.2,0.4));
#6641=VECTOR('',#6642,1.);
#6642=DIRECTION('',(0.,0.,-1.));
#6643=CARTESIAN_POINT('',(18.35,-2.2,0.4));
#6644=CARTESIAN_POINT('',(16.65,-2.2,0.4));
#6645=VECTOR('',#6646,1.);
#6646=DIRECTION('',(1.,0.,0.));
#6647=CARTESIAN_POINT('',(18.35,-2.2,0.));
#6648=CARTESIAN_POINT('',(18.35,-2.2,0.));
#6649=VECTOR('',#6650,1.);
#6650=DIRECTION('',(0.,0.,1.));
#6651=CARTESIAN_POINT('',(19.15,-2.2,0.));
#6652=CARTESIAN_POINT('',(18.35,-2.2,0.));
#6653=VECTOR('',#6654,1.);
#6654=DIRECTION('',(1.,0.,0.));
#6655=CARTESIAN_POINT('',(19.15,-2.2,0.4));
#6656=CARTESIAN_POINT('',(19.15,-2.2,0.4));
#6657=VECTOR('',#6658,1.);
#6658=DIRECTION('',(0.,0.,-1.));
#6659=CARTESIAN_POINT('',(20.85,-2.2,0.4));
#6660=CARTESIAN_POINT('',(19.15,-2.2,0.4));
#6661=VECTOR('',#6662,1.);
#6662=DIRECTION('',(1.,0.,0.));
#6663=CARTESIAN_POINT('',(20.85,-2.2,0.));
#6664=CARTESIAN_POINT('',(20.85,-2.2,0.));
#6665=VECTOR('',#6666,1.);
#6666=DIRECTION('',(0.,0.,1.));
#6667=CARTESIAN_POINT('',(22.5,-2.2,0.));
#6668=CARTESIAN_POINT('',(20.85,-2.2,0.));
#6669=VECTOR('',#6670,1.);
#6670=DIRECTION('',(1.,0.,0.));
#6671=CARTESIAN_POINT('',(22.5,-2.2,0.));
#6672=VECTOR('',#6673,1.);
#6673=DIRECTION('',(0.,0.,1.));
#6674=CARTESIAN_POINT('',(20.85,-2.2,6.6));
#6675=CARTESIAN_POINT('',(20.85,-2.2,6.6));
#6676=VECTOR('',#6677,1.);
#6677=DIRECTION('',(0.707106781186546,0.,0.707106781186549));
#6678=CARTESIAN_POINT('',(21.25,-2.2,6.2));
#6679=CARTESIAN_POINT('',(21.25,-2.2,6.2));
#6680=VECTOR('',#6681,1.);
#6681=DIRECTION('',(-0.707106781186546,0.,0.707106781186549));
#6682=CARTESIAN_POINT('',(21.25,-2.2,3.6));
#6683=CARTESIAN_POINT('',(21.25,-2.2,3.6));
#6684=VECTOR('',#6685,1.);
#6685=DIRECTION('',(0.,0.,1.));
#6686=CARTESIAN_POINT('',(20.65,-2.2,3.));
#6687=AXIS2_PLACEMENT_3D('',#6688,#6689,#6690);
#6688=CARTESIAN_POINT('',(20.65,-2.2,3.6));
#6689=DIRECTION('',(0.,-1.,0.));
#6690=DIRECTION('',(0.,0.,-1.));
#6691=CARTESIAN_POINT('',(18.75,-2.2,3.));
#6692=VECTOR('',#6693,1.);
#6693=DIRECTION('',(1.,0.,0.));
#6694=CARTESIAN_POINT('',(20.85,-1.5,6.6));
#6695=VECTOR('',#6696,1.);
#6696=DIRECTION('',(0.,-1.,0.));
#6697=CARTESIAN_POINT('',(21.25,-1.5,6.2));
#6698=VECTOR('',#6699,1.);
#6699=DIRECTION('',(0.,-1.,0.));
#6700=CARTESIAN_POINT('',(21.25,-1.5,3.6));
#6701=VECTOR('',#6702,1.);
#6702=DIRECTION('',(0.,-1.,0.));
#6703=CARTESIAN_POINT('',(20.65,-1.5,3.));
#6704=VECTOR('',#6705,1.);
#6705=DIRECTION('',(0.,-1.,0.));
#6706=CARTESIAN_POINT('',(18.75,-1.5,3.));
#6707=VECTOR('',#6708,1.);
#6708=DIRECTION('',(0.,-1.,0.));
#6709=CARTESIAN_POINT('',(22.5,-0.4,7.));
#6710=CARTESIAN_POINT('',(22.5,-0.4,3.));
#6711=CARTESIAN_POINT('',(22.5,-0.4,7.));
#6712=VECTOR('',#6713,1.);
#6713=DIRECTION('',(0.,0.,-1.));
#6714=CARTESIAN_POINT('',(22.5,-0.4,3.));
#6715=VECTOR('',#6716,1.);
#6716=DIRECTION('',(0.,-1.,0.));
#6717=CARTESIAN_POINT('',(22.5,3.55,0.));
#6718=CARTESIAN_POINT('',(22.5,3.55,0.));
#6719=VECTOR('',#6720,1.);
#6720=DIRECTION('',(0.,-1.,0.));
#6721=CARTESIAN_POINT('',(22.5,3.55,7.));
#6722=CARTESIAN_POINT('',(22.5,3.55,7.));
#6723=VECTOR('',#6724,1.);
#6724=DIRECTION('',(0.,0.,-1.));
#6725=CARTESIAN_POINT('',(22.5,-0.4,7.));
#6726=VECTOR('',#6727,1.);
#6727=DIRECTION('',(0.,1.,0.));
#6728=CARTESIAN_POINT('',(21.8,-0.4,3.));
#6729=CARTESIAN_POINT('',(21.8,-0.4,3.));
#6730=VECTOR('',#6731,1.);
#6731=DIRECTION('',(0.,-1.,0.));
#6732=CARTESIAN_POINT('',(22.5,-0.4,3.));
#6733=VECTOR('',#6734,1.);
#6734=DIRECTION('',(-1.,0.,0.));
#6735=CARTESIAN_POINT('',(21.8,2.85,6.7));
#6736=CARTESIAN_POINT('',(21.8,-0.4,6.7));
#6737=CARTESIAN_POINT('',(21.8,2.85,6.7));
#6738=VECTOR('',#6739,1.);
#6739=DIRECTION('',(0.,-1.,0.));
#6740=CARTESIAN_POINT('',(21.8,2.85,2.));
#6741=CARTESIAN_POINT('',(21.8,2.85,6.7));
#6742=VECTOR('',#6743,1.);
#6743=DIRECTION('',(0.,0.,-1.));
#6744=CARTESIAN_POINT('',(21.8,2.85,2.));
#6745=VECTOR('',#6746,1.);
#6746=DIRECTION('',(0.,-1.,0.));
#6747=CARTESIAN_POINT('',(21.8,-0.4,6.7));
#6748=VECTOR('',#6749,1.);
#6749=DIRECTION('',(0.,0.,-1.));
#6750=CARTESIAN_POINT('',(-1.8,2.85,2.));
#6751=CARTESIAN_POINT('',(21.8,2.85,2.));
#6752=VECTOR('',#6753,1.);
#6753=DIRECTION('',(-1.,0.,0.));
#6754=CARTESIAN_POINT('',(-1.8,2.85,2.));
#6755=VECTOR('',#6756,1.);
#6756=DIRECTION('',(0.,-1.,0.));
#6757=CARTESIAN_POINT('',(2.82,0.32,2.));
#6758=CARTESIAN_POINT('',(2.18,0.32,2.));
#6759=CARTESIAN_POINT('',(2.82,0.32,2.));
#6760=VECTOR('',#6761,1.);
#6761=DIRECTION('',(-1.,0.,0.));
#6762=CARTESIAN_POINT('',(2.82,-0.32,2.));
#6763=CARTESIAN_POINT('',(2.82,-0.32,2.));
#6764=VECTOR('',#6765,1.);
#6765=DIRECTION('',(0.,1.,0.));
#6766=CARTESIAN_POINT('',(2.18,-0.32,2.));
#6767=CARTESIAN_POINT('',(2.18,-0.32,2.));
#6768=VECTOR('',#6769,1.);
#6769=DIRECTION('',(1.,0.,0.));
#6770=CARTESIAN_POINT('',(2.18,0.32,2.));
#6771=VECTOR('',#6772,1.);
#6772=DIRECTION('',(0.,-1.,0.));
#6773=CARTESIAN_POINT('',(5.32,0.32,2.));
#6774=CARTESIAN_POINT('',(4.68,0.32,2.));
#6775=CARTESIAN_POINT('',(5.32,0.32,2.));
#6776=VECTOR('',#6777,1.);
#6777=DIRECTION('',(-1.,0.,0.));
#6778=CARTESIAN_POINT('',(5.32,-0.32,2.));
#6779=CARTESIAN_POINT('',(5.32,-0.32,2.));
#6780=VECTOR('',#6781,1.);
#6781=DIRECTION('',(0.,1.,0.));
#6782=CARTESIAN_POINT('',(4.68,-0.32,2.));
#6783=CARTESIAN_POINT('',(4.68,-0.32,2.));
#6784=VECTOR('',#6785,1.);
#6785=DIRECTION('',(1.,0.,0.));
#6786=CARTESIAN_POINT('',(4.68,0.32,2.));
#6787=VECTOR('',#6788,1.);
#6788=DIRECTION('',(0.,-1.,0.));
#6789=CARTESIAN_POINT('',(7.82,0.32,2.));
#6790=CARTESIAN_POINT('',(7.18,0.32,2.));
#6791=CARTESIAN_POINT('',(7.82,0.32,2.));
#6792=VECTOR('',#6793,1.);
#6793=DIRECTION('',(-1.,0.,0.));
#6794=CARTESIAN_POINT('',(7.82,-0.32,2.));
#6795=CARTESIAN_POINT('',(7.82,-0.32,2.));
#6796=VECTOR('',#6797,1.);
#6797=DIRECTION('',(0.,1.,0.));
#6798=CARTESIAN_POINT('',(7.18,-0.32,2.));
#6799=CARTESIAN_POINT('',(7.18,-0.32,2.));
#6800=VECTOR('',#6801,1.);
#6801=DIRECTION('',(1.,0.,0.));
#6802=CARTESIAN_POINT('',(7.18,0.32,2.));
#6803=VECTOR('',#6804,1.);
#6804=DIRECTION('',(0.,-1.,0.));
#6805=CARTESIAN_POINT('',(10.32,0.32,2.));
#6806=CARTESIAN_POINT('',(9.68,0.32,2.));
#6807=CARTESIAN_POINT('',(10.32,0.32,2.));
#6808=VECTOR('',#6809,1.);
#6809=DIRECTION('',(-1.,0.,0.));
#6810=CARTESIAN_POINT('',(10.32,-0.32,2.));
#6811=CARTESIAN_POINT('',(10.32,-0.32,2.));
#6812=VECTOR('',#6813,1.);
#6813=DIRECTION('',(0.,1.,0.));
#6814=CARTESIAN_POINT('',(9.68,-0.32,2.));
#6815=CARTESIAN_POINT('',(9.68,-0.32,2.));
#6816=VECTOR('',#6817,1.);
#6817=DIRECTION('',(1.,0.,0.));
#6818=CARTESIAN_POINT('',(9.68,0.32,2.));
#6819=VECTOR('',#6820,1.);
#6820=DIRECTION('',(0.,-1.,0.));
#6821=CARTESIAN_POINT('',(12.82,0.32,2.));
#6822=CARTESIAN_POINT('',(12.18,0.32,2.));
#6823=CARTESIAN_POINT('',(12.82,0.32,2.));
#6824=VECTOR('',#6825,1.);
#6825=DIRECTION('',(-1.,0.,0.));
#6826=CARTESIAN_POINT('',(12.82,-0.32,2.));
#6827=CARTESIAN_POINT('',(12.82,-0.32,2.));
#6828=VECTOR('',#6829,1.);
#6829=DIRECTION('',(0.,1.,0.));
#6830=CARTESIAN_POINT('',(12.18,-0.32,2.));
#6831=CARTESIAN_POINT('',(12.18,-0.32,2.));
#6832=VECTOR('',#6833,1.);
#6833=DIRECTION('',(1.,0.,0.));
#6834=CARTESIAN_POINT('',(12.18,0.32,2.));
#6835=VECTOR('',#6836,1.);
#6836=DIRECTION('',(0.,-1.,0.));
#6837=CARTESIAN_POINT('',(15.32,0.32,2.));
#6838=CARTESIAN_POINT('',(14.68,0.32,2.));
#6839=CARTESIAN_POINT('',(15.32,0.32,2.));
#6840=VECTOR('',#6841,1.);
#6841=DIRECTION('',(-1.,0.,0.));
#6842=CARTESIAN_POINT('',(15.32,-0.32,2.));
#6843=CARTESIAN_POINT('',(15.32,-0.32,2.));
#6844=VECTOR('',#6845,1.);
#6845=DIRECTION('',(0.,1.,0.));
#6846=CARTESIAN_POINT('',(14.68,-0.32,2.));
#6847=CARTESIAN_POINT('',(14.68,-0.32,2.));
#6848=VECTOR('',#6849,1.);
#6849=DIRECTION('',(1.,0.,0.));
#6850=CARTESIAN_POINT('',(14.68,0.32,2.));
#6851=VECTOR('',#6852,1.);
#6852=DIRECTION('',(0.,-1.,0.));
#6853=CARTESIAN_POINT('',(17.82,0.32,2.));
#6854=CARTESIAN_POINT('',(17.18,0.32,2.));
#6855=CARTESIAN_POINT('',(17.82,0.32,2.));
#6856=VECTOR('',#6857,1.);
#6857=DIRECTION('',(-1.,0.,0.));
#6858=CARTESIAN_POINT('',(17.82,-0.32,2.));
#6859=CARTESIAN_POINT('',(17.82,-0.32,2.));
#6860=VECTOR('',#6861,1.);
#6861=DIRECTION('',(0.,1.,0.));
#6862=CARTESIAN_POINT('',(17.18,-0.32,2.));
#6863=CARTESIAN_POINT('',(17.18,-0.32,2.));
#6864=VECTOR('',#6865,1.);
#6865=DIRECTION('',(1.,0.,0.));
#6866=CARTESIAN_POINT('',(17.18,0.32,2.));
#6867=VECTOR('',#6868,1.);
#6868=DIRECTION('',(0.,-1.,0.));
#6869=CARTESIAN_POINT('',(20.32,0.32,2.));
#6870=CARTESIAN_POINT('',(19.68,0.32,2.));
#6871=CARTESIAN_POINT('',(20.32,0.32,2.));
#6872=VECTOR('',#6873,1.);
#6873=DIRECTION('',(-1.,0.,0.));
#6874=CARTESIAN_POINT('',(20.32,-0.32,2.));
#6875=CARTESIAN_POINT('',(20.32,-0.32,2.));
#6876=VECTOR('',#6877,1.);
#6877=DIRECTION('',(0.,1.,0.));
#6878=CARTESIAN_POINT('',(19.68,-0.32,2.));
#6879=CARTESIAN_POINT('',(19.68,-0.32,2.));
#6880=VECTOR('',#6881,1.);
#6881=DIRECTION('',(1.,0.,0.));
#6882=CARTESIAN_POINT('',(19.68,0.32,2.));
#6883=VECTOR('',#6884,1.);
#6884=DIRECTION('',(0.,-1.,0.));
#6885=CARTESIAN_POINT('',(0.32,0.32,2.));
#6886=CARTESIAN_POINT('',(-0.32,0.32,2.));
#6887=CARTESIAN_POINT('',(0.32,0.32,2.));
#6888=VECTOR('',#6889,1.);
#6889=DIRECTION('',(-1.,0.,0.));
#6890=CARTESIAN_POINT('',(0.32,-0.32,2.));
#6891=CARTESIAN_POINT('',(0.32,-0.32,2.));
#6892=VECTOR('',#6893,1.);
#6893=DIRECTION('',(0.,1.,0.));
#6894=CARTESIAN_POINT('',(-0.32,-0.32,2.));
#6895=CARTESIAN_POINT('',(-0.32,-0.32,2.));
#6896=VECTOR('',#6897,1.);
#6897=DIRECTION('',(1.,0.,0.));
#6898=CARTESIAN_POINT('',(-0.32,0.32,2.));
#6899=VECTOR('',#6900,1.);
#6900=DIRECTION('',(0.,-1.,0.));
#6901=CARTESIAN_POINT('',(-1.8,-0.4,6.7));
#6902=CARTESIAN_POINT('',(-1.8,2.85,6.7));
#6903=CARTESIAN_POINT('',(-1.8,2.85,6.7));
#6904=VECTOR('',#6905,1.);
#6905=DIRECTION('',(0.,-1.,0.));
#6906=CARTESIAN_POINT('',(-1.8,-0.4,3.));
#6907=CARTESIAN_POINT('',(-1.8,-0.4,6.7));
#6908=VECTOR('',#6909,1.);
#6909=DIRECTION('',(0.,0.,-1.));
#6910=CARTESIAN_POINT('',(-1.8,-0.4,3.));
#6911=VECTOR('',#6912,1.);
#6912=DIRECTION('',(0.,-1.,0.));
#6913=CARTESIAN_POINT('',(-1.8,2.85,6.7));
#6914=VECTOR('',#6915,1.);
#6915=DIRECTION('',(9.44870659255452E-017,0.,-1.));
#6916=CARTESIAN_POINT('',(-2.5,-0.4,3.));
#6917=CARTESIAN_POINT('',(-1.8,-0.4,3.));
#6918=VECTOR('',#6919,1.);
#6919=DIRECTION('',(-1.,0.,0.));
#6920=CARTESIAN_POINT('',(-2.5,-0.4,3.));
#6921=VECTOR('',#6922,1.);
#6922=DIRECTION('',(0.,-1.,0.));
#6923=CARTESIAN_POINT('',(-2.5,-0.4,7.));
#6924=CARTESIAN_POINT('',(-2.5,-0.4,7.));
#6925=VECTOR('',#6926,1.);
#6926=DIRECTION('',(0.,0.,-1.));
#6927=CARTESIAN_POINT('',(-2.5,3.55,7.));
#6928=CARTESIAN_POINT('',(-2.5,-0.4,7.));
#6929=VECTOR('',#6930,1.);
#6930=DIRECTION('',(0.,1.,0.));
#6931=CARTESIAN_POINT('',(-2.5,3.55,0.));
#6932=CARTESIAN_POINT('',(-2.5,3.55,7.));
#6933=VECTOR('',#6934,1.);
#6934=DIRECTION('',(0.,0.,-1.));
#6935=CARTESIAN_POINT('',(-2.5,3.55,0.));
#6936=VECTOR('',#6937,1.);
#6937=DIRECTION('',(0.,-1.,0.));
#6938=CARTESIAN_POINT('',(-2.5,-2.2,7.));
#6939=VECTOR('',#6940,1.);
#6940=DIRECTION('',(0.,1.,0.));
#6941=CARTESIAN_POINT('',(-1.25,-1.5,7.));
#6942=VECTOR('',#6943,1.);
#6943=DIRECTION('',(0.,-1.,0.));
#6944=CARTESIAN_POINT('',(-0.85,-1.5,6.6));
#6945=VECTOR('',#6946,1.);
#6946=DIRECTION('',(0.,-1.,0.));
#6947=CARTESIAN_POINT('',(-1.25,-1.5,6.2));
#6948=VECTOR('',#6949,1.);
#6949=DIRECTION('',(0.,-1.,0.));
#6950=CARTESIAN_POINT('',(-1.25,-1.5,3.6));
#6951=VECTOR('',#6952,1.);
#6952=DIRECTION('',(0.,-1.,0.));
#6953=CARTESIAN_POINT('',(-0.65,-1.5,3.));
#6954=VECTOR('',#6955,1.);
#6955=DIRECTION('',(0.,-1.,0.));
#6956=CARTESIAN_POINT('',(1.25,-1.5,3.));
#6957=VECTOR('',#6958,1.);
#6958=DIRECTION('',(0.,-1.,0.));
#6959=CARTESIAN_POINT('',(-0.85,3.55,0.));
#6960=CARTESIAN_POINT('',(-0.85,3.55,0.));
#6961=VECTOR('',#6962,1.);
#6962=DIRECTION('',(0.,-1.,0.));
#6963=CARTESIAN_POINT('',(-0.85,3.55,0.));
#6964=VECTOR('',#6965,1.);
#6965=DIRECTION('',(-1.,0.,0.));
#6966=CARTESIAN_POINT('',(-0.85,3.55,0.4));
#6967=CARTESIAN_POINT('',(-0.85,3.55,0.));
#6968=VECTOR('',#6969,1.);
#6969=DIRECTION('',(0.,0.,1.));
#6970=CARTESIAN_POINT('',(-0.85,-2.2,0.4));
#6971=VECTOR('',#6972,1.);
#6972=DIRECTION('',(0.,1.,0.));
#6973=CARTESIAN_POINT('',(0.85,3.55,0.4));
#6974=CARTESIAN_POINT('',(0.85,3.55,0.4));
#6975=VECTOR('',#6976,1.);
#6976=DIRECTION('',(-1.,0.,0.));
#6977=CARTESIAN_POINT('',(0.85,3.55,0.4));
#6978=VECTOR('',#6979,1.);
#6979=DIRECTION('',(0.,-1.,0.));
#6980=CARTESIAN_POINT('',(-0.32,0.32,0.4));
#6981=CARTESIAN_POINT('',(0.32,0.32,0.4));
#6982=CARTESIAN_POINT('',(-0.32,0.32,0.4));
#6983=VECTOR('',#6984,1.);
#6984=DIRECTION('',(1.,0.,0.));
#6985=CARTESIAN_POINT('',(-0.32,-0.32,0.4));
#6986=CARTESIAN_POINT('',(-0.32,-0.32,0.4));
#6987=VECTOR('',#6988,1.);
#6988=DIRECTION('',(0.,1.,0.));
#6989=CARTESIAN_POINT('',(0.32,-0.32,0.4));
#6990=CARTESIAN_POINT('',(0.32,-0.32,0.4));
#6991=VECTOR('',#6992,1.);
#6992=DIRECTION('',(-1.,0.,0.));
#6993=CARTESIAN_POINT('',(0.32,0.32,0.4));
#6994=VECTOR('',#6995,1.);
#6995=DIRECTION('',(0.,-1.,0.));
#6996=CARTESIAN_POINT('',(0.85,3.55,0.));
#6997=CARTESIAN_POINT('',(0.85,3.55,0.4));
#6998=VECTOR('',#6999,1.);
#6999=DIRECTION('',(0.,0.,-1.));
#7000=CARTESIAN_POINT('',(0.85,-2.2,0.));
#7001=VECTOR('',#7002,1.);
#7002=DIRECTION('',(0.,1.,0.));
#7003=CARTESIAN_POINT('',(1.65,3.55,0.));
#7004=CARTESIAN_POINT('',(1.65,3.55,0.));
#7005=VECTOR('',#7006,1.);
#7006=DIRECTION('',(0.,-1.,0.));
#7007=CARTESIAN_POINT('',(1.65,3.55,0.));
#7008=VECTOR('',#7009,1.);
#7009=DIRECTION('',(-1.,0.,0.));
#7010=CARTESIAN_POINT('',(1.65,3.55,0.4));
#7011=CARTESIAN_POINT('',(1.65,3.55,0.));
#7012=VECTOR('',#7013,1.);
#7013=DIRECTION('',(0.,0.,1.));
#7014=CARTESIAN_POINT('',(1.65,-2.2,0.4));
#7015=VECTOR('',#7016,1.);
#7016=DIRECTION('',(0.,1.,0.));
#7017=CARTESIAN_POINT('',(3.35,3.55,0.4));
#7018=CARTESIAN_POINT('',(3.35,3.55,0.4));
#7019=VECTOR('',#7020,1.);
#7020=DIRECTION('',(-1.,0.,0.));
#7021=CARTESIAN_POINT('',(3.35,3.55,0.4));
#7022=VECTOR('',#7023,1.);
#7023=DIRECTION('',(0.,-1.,0.));
#7024=CARTESIAN_POINT('',(2.18,0.32,0.4));
#7025=CARTESIAN_POINT('',(2.82,0.32,0.4));
#7026=CARTESIAN_POINT('',(2.18,0.32,0.4));
#7027=VECTOR('',#7028,1.);
#7028=DIRECTION('',(1.,0.,0.));
#7029=CARTESIAN_POINT('',(2.18,-0.32,0.4));
#7030=CARTESIAN_POINT('',(2.18,-0.32,0.4));
#7031=VECTOR('',#7032,1.);
#7032=DIRECTION('',(0.,1.,0.));
#7033=CARTESIAN_POINT('',(2.82,-0.32,0.4));
#7034=CARTESIAN_POINT('',(2.82,-0.32,0.4));
#7035=VECTOR('',#7036,1.);
#7036=DIRECTION('',(-1.,0.,0.));
#7037=CARTESIAN_POINT('',(2.82,0.32,0.4));
#7038=VECTOR('',#7039,1.);
#7039=DIRECTION('',(0.,-1.,0.));
#7040=CARTESIAN_POINT('',(3.35,3.55,0.));
#7041=CARTESIAN_POINT('',(3.35,-2.2,0.));
#7042=VECTOR('',#7043,1.);
#7043=DIRECTION('',(0.,1.,0.));
#7044=CARTESIAN_POINT('',(3.35,3.55,0.4));
#7045=VECTOR('',#7046,1.);
#7046=DIRECTION('',(0.,0.,-1.));
#7047=CARTESIAN_POINT('',(4.15,3.55,0.));
#7048=CARTESIAN_POINT('',(4.15,3.55,0.));
#7049=VECTOR('',#7050,1.);
#7050=DIRECTION('',(-1.,0.,0.));
#7051=CARTESIAN_POINT('',(4.15,3.55,0.));
#7052=VECTOR('',#7053,1.);
#7053=DIRECTION('',(0.,-1.,0.));
#7054=CARTESIAN_POINT('',(4.15,3.55,0.4));
#7055=CARTESIAN_POINT('',(4.15,3.55,0.));
#7056=VECTOR('',#7057,1.);
#7057=DIRECTION('',(0.,0.,1.));
#7058=CARTESIAN_POINT('',(4.15,-2.2,0.4));
#7059=VECTOR('',#7060,1.);
#7060=DIRECTION('',(0.,1.,0.));
#7061=CARTESIAN_POINT('',(5.85,3.55,0.4));
#7062=CARTESIAN_POINT('',(5.85,3.55,0.4));
#7063=VECTOR('',#7064,1.);
#7064=DIRECTION('',(-1.,0.,0.));
#7065=CARTESIAN_POINT('',(5.85,3.55,0.4));
#7066=VECTOR('',#7067,1.);
#7067=DIRECTION('',(0.,-1.,0.));
#7068=CARTESIAN_POINT('',(4.68,0.32,0.4));
#7069=CARTESIAN_POINT('',(5.32,0.32,0.4));
#7070=CARTESIAN_POINT('',(4.68,0.32,0.4));
#7071=VECTOR('',#7072,1.);
#7072=DIRECTION('',(1.,0.,0.));
#7073=CARTESIAN_POINT('',(4.68,-0.32,0.4));
#7074=CARTESIAN_POINT('',(4.68,-0.32,0.4));
#7075=VECTOR('',#7076,1.);
#7076=DIRECTION('',(0.,1.,0.));
#7077=CARTESIAN_POINT('',(5.32,-0.32,0.4));
#7078=CARTESIAN_POINT('',(5.32,-0.32,0.4));
#7079=VECTOR('',#7080,1.);
#7080=DIRECTION('',(-1.,0.,0.));
#7081=CARTESIAN_POINT('',(5.32,0.32,0.4));
#7082=VECTOR('',#7083,1.);
#7083=DIRECTION('',(0.,-1.,0.));
#7084=CARTESIAN_POINT('',(5.85,3.55,0.));
#7085=CARTESIAN_POINT('',(5.85,-2.2,0.));
#7086=VECTOR('',#7087,1.);
#7087=DIRECTION('',(0.,1.,0.));
#7088=CARTESIAN_POINT('',(5.85,3.55,0.4));
#7089=VECTOR('',#7090,1.);
#7090=DIRECTION('',(0.,0.,-1.));
#7091=CARTESIAN_POINT('',(6.65,3.55,0.));
#7092=CARTESIAN_POINT('',(6.65,3.55,0.));
#7093=VECTOR('',#7094,1.);
#7094=DIRECTION('',(-1.,0.,0.));
#7095=CARTESIAN_POINT('',(6.65,3.55,0.));
#7096=VECTOR('',#7097,1.);
#7097=DIRECTION('',(0.,-1.,0.));
#7098=CARTESIAN_POINT('',(6.65,3.55,0.4));
#7099=CARTESIAN_POINT('',(6.65,3.55,0.));
#7100=VECTOR('',#7101,1.);
#7101=DIRECTION('',(0.,0.,1.));
#7102=CARTESIAN_POINT('',(6.65,-2.2,0.4));
#7103=VECTOR('',#7104,1.);
#7104=DIRECTION('',(0.,1.,0.));
#7105=CARTESIAN_POINT('',(8.35,3.55,0.4));
#7106=CARTESIAN_POINT('',(8.35,3.55,0.4));
#7107=VECTOR('',#7108,1.);
#7108=DIRECTION('',(-1.,0.,0.));
#7109=CARTESIAN_POINT('',(8.35,3.55,0.4));
#7110=VECTOR('',#7111,1.);
#7111=DIRECTION('',(0.,-1.,0.));
#7112=CARTESIAN_POINT('',(7.18,0.32,0.4));
#7113=CARTESIAN_POINT('',(7.82,0.32,0.4));
#7114=CARTESIAN_POINT('',(7.18,0.32,0.4));
#7115=VECTOR('',#7116,1.);
#7116=DIRECTION('',(1.,0.,0.));
#7117=CARTESIAN_POINT('',(7.18,-0.32,0.4));
#7118=CARTESIAN_POINT('',(7.18,-0.32,0.4));
#7119=VECTOR('',#7120,1.);
#7120=DIRECTION('',(0.,1.,0.));
#7121=CARTESIAN_POINT('',(7.82,-0.32,0.4));
#7122=CARTESIAN_POINT('',(7.82,-0.32,0.4));
#7123=VECTOR('',#7124,1.);
#7124=DIRECTION('',(-1.,0.,0.));
#7125=CARTESIAN_POINT('',(7.82,0.32,0.4));
#7126=VECTOR('',#7127,1.);
#7127=DIRECTION('',(0.,-1.,0.));
#7128=CARTESIAN_POINT('',(8.35,3.55,0.));
#7129=CARTESIAN_POINT('',(8.35,-2.2,0.));
#7130=VECTOR('',#7131,1.);
#7131=DIRECTION('',(0.,1.,0.));
#7132=CARTESIAN_POINT('',(8.35,3.55,0.4));
#7133=VECTOR('',#7134,1.);
#7134=DIRECTION('',(0.,0.,-1.));
#7135=CARTESIAN_POINT('',(9.15,3.55,0.));
#7136=CARTESIAN_POINT('',(9.15,3.55,0.));
#7137=VECTOR('',#7138,1.);
#7138=DIRECTION('',(-1.,0.,0.));
#7139=CARTESIAN_POINT('',(9.15,3.55,0.));
#7140=VECTOR('',#7141,1.);
#7141=DIRECTION('',(0.,-1.,0.));
#7142=CARTESIAN_POINT('',(9.15,3.55,0.4));
#7143=CARTESIAN_POINT('',(9.15,3.55,0.));
#7144=VECTOR('',#7145,1.);
#7145=DIRECTION('',(0.,0.,1.));
#7146=CARTESIAN_POINT('',(9.15,-2.2,0.4));
#7147=VECTOR('',#7148,1.);
#7148=DIRECTION('',(0.,1.,0.));
#7149=CARTESIAN_POINT('',(10.85,3.55,0.4));
#7150=CARTESIAN_POINT('',(10.85,3.55,0.4));
#7151=VECTOR('',#7152,1.);
#7152=DIRECTION('',(-1.,0.,0.));
#7153=CARTESIAN_POINT('',(10.85,3.55,0.4));
#7154=VECTOR('',#7155,1.);
#7155=DIRECTION('',(0.,-1.,0.));
#7156=CARTESIAN_POINT('',(9.68,0.32,0.4));
#7157=CARTESIAN_POINT('',(10.32,0.32,0.4));
#7158=CARTESIAN_POINT('',(9.68,0.32,0.4));
#7159=VECTOR('',#7160,1.);
#7160=DIRECTION('',(1.,0.,0.));
#7161=CARTESIAN_POINT('',(9.68,-0.32,0.4));
#7162=CARTESIAN_POINT('',(9.68,-0.32,0.4));
#7163=VECTOR('',#7164,1.);
#7164=DIRECTION('',(0.,1.,0.));
#7165=CARTESIAN_POINT('',(10.32,-0.32,0.4));
#7166=CARTESIAN_POINT('',(10.32,-0.32,0.4));
#7167=VECTOR('',#7168,1.);
#7168=DIRECTION('',(-1.,0.,0.));
#7169=CARTESIAN_POINT('',(10.32,0.32,0.4));
#7170=VECTOR('',#7171,1.);
#7171=DIRECTION('',(0.,-1.,0.));
#7172=CARTESIAN_POINT('',(10.85,3.55,0.));
#7173=CARTESIAN_POINT('',(10.85,-2.2,0.));
#7174=VECTOR('',#7175,1.);
#7175=DIRECTION('',(0.,1.,0.));
#7176=CARTESIAN_POINT('',(10.85,3.55,0.4));
#7177=VECTOR('',#7178,1.);
#7178=DIRECTION('',(0.,0.,-1.));
#7179=CARTESIAN_POINT('',(11.65,3.55,0.));
#7180=CARTESIAN_POINT('',(11.65,3.55,0.));
#7181=VECTOR('',#7182,1.);
#7182=DIRECTION('',(-1.,0.,0.));
#7183=CARTESIAN_POINT('',(11.65,3.55,0.));
#7184=VECTOR('',#7185,1.);
#7185=DIRECTION('',(0.,-1.,0.));
#7186=CARTESIAN_POINT('',(11.65,3.55,0.4));
#7187=CARTESIAN_POINT('',(11.65,3.55,0.));
#7188=VECTOR('',#7189,1.);
#7189=DIRECTION('',(0.,0.,1.));
#7190=CARTESIAN_POINT('',(11.65,-2.2,0.4));
#7191=VECTOR('',#7192,1.);
#7192=DIRECTION('',(0.,1.,0.));
#7193=CARTESIAN_POINT('',(13.35,3.55,0.4));
#7194=CARTESIAN_POINT('',(13.35,3.55,0.4));
#7195=VECTOR('',#7196,1.);
#7196=DIRECTION('',(-1.,0.,0.));
#7197=CARTESIAN_POINT('',(13.35,3.55,0.4));
#7198=VECTOR('',#7199,1.);
#7199=DIRECTION('',(0.,-1.,0.));
#7200=CARTESIAN_POINT('',(12.18,0.32,0.4));
#7201=CARTESIAN_POINT('',(12.82,0.32,0.4));
#7202=CARTESIAN_POINT('',(12.18,0.32,0.4));
#7203=VECTOR('',#7204,1.);
#7204=DIRECTION('',(1.,0.,0.));
#7205=CARTESIAN_POINT('',(12.18,-0.32,0.4));
#7206=CARTESIAN_POINT('',(12.18,-0.32,0.4));
#7207=VECTOR('',#7208,1.);
#7208=DIRECTION('',(0.,1.,0.));
#7209=CARTESIAN_POINT('',(12.82,-0.32,0.4));
#7210=CARTESIAN_POINT('',(12.82,-0.32,0.4));
#7211=VECTOR('',#7212,1.);
#7212=DIRECTION('',(-1.,0.,0.));
#7213=CARTESIAN_POINT('',(12.82,0.32,0.4));
#7214=VECTOR('',#7215,1.);
#7215=DIRECTION('',(0.,-1.,0.));
#7216=CARTESIAN_POINT('',(13.35,3.55,0.));
#7217=CARTESIAN_POINT('',(13.35,-2.2,0.));
#7218=VECTOR('',#7219,1.);
#7219=DIRECTION('',(0.,1.,0.));
#7220=CARTESIAN_POINT('',(13.35,3.55,0.4));
#7221=VECTOR('',#7222,1.);
#7222=DIRECTION('',(0.,0.,-1.));
#7223=CARTESIAN_POINT('',(14.15,3.55,0.));
#7224=CARTESIAN_POINT('',(14.15,3.55,0.));
#7225=VECTOR('',#7226,1.);
#7226=DIRECTION('',(-1.,0.,0.));
#7227=CARTESIAN_POINT('',(14.15,3.55,0.));
#7228=VECTOR('',#7229,1.);
#7229=DIRECTION('',(0.,-1.,0.));
#7230=CARTESIAN_POINT('',(14.15,3.55,0.4));
#7231=CARTESIAN_POINT('',(14.15,3.55,0.));
#7232=VECTOR('',#7233,1.);
#7233=DIRECTION('',(0.,0.,1.));
#7234=CARTESIAN_POINT('',(14.15,-2.2,0.4));
#7235=VECTOR('',#7236,1.);
#7236=DIRECTION('',(0.,1.,0.));
#7237=CARTESIAN_POINT('',(15.85,3.55,0.4));
#7238=CARTESIAN_POINT('',(15.85,3.55,0.4));
#7239=VECTOR('',#7240,1.);
#7240=DIRECTION('',(-1.,0.,0.));
#7241=CARTESIAN_POINT('',(15.85,3.55,0.4));
#7242=VECTOR('',#7243,1.);
#7243=DIRECTION('',(0.,-1.,0.));
#7244=CARTESIAN_POINT('',(14.68,0.32,0.4));
#7245=CARTESIAN_POINT('',(15.32,0.32,0.4));
#7246=CARTESIAN_POINT('',(14.68,0.32,0.4));
#7247=VECTOR('',#7248,1.);
#7248=DIRECTION('',(1.,0.,0.));
#7249=CARTESIAN_POINT('',(14.68,-0.32,0.4));
#7250=CARTESIAN_POINT('',(14.68,-0.32,0.4));
#7251=VECTOR('',#7252,1.);
#7252=DIRECTION('',(0.,1.,0.));
#7253=CARTESIAN_POINT('',(15.32,-0.32,0.4));
#7254=CARTESIAN_POINT('',(15.32,-0.32,0.4));
#7255=VECTOR('',#7256,1.);
#7256=DIRECTION('',(-1.,0.,0.));
#7257=CARTESIAN_POINT('',(15.32,0.32,0.4));
#7258=VECTOR('',#7259,1.);
#7259=DIRECTION('',(0.,-1.,0.));
#7260=CARTESIAN_POINT('',(15.85,3.55,0.));
#7261=CARTESIAN_POINT('',(15.85,-2.2,0.));
#7262=VECTOR('',#7263,1.);
#7263=DIRECTION('',(0.,1.,0.));
#7264=CARTESIAN_POINT('',(15.85,3.55,0.4));
#7265=VECTOR('',#7266,1.);
#7266=DIRECTION('',(0.,0.,-1.));
#7267=CARTESIAN_POINT('',(16.65,3.55,0.));
#7268=CARTESIAN_POINT('',(16.65,3.55,0.));
#7269=VECTOR('',#7270,1.);
#7270=DIRECTION('',(-1.,0.,0.));
#7271=CARTESIAN_POINT('',(16.65,3.55,0.));
#7272=VECTOR('',#7273,1.);
#7273=DIRECTION('',(0.,-1.,0.));
#7274=CARTESIAN_POINT('',(16.65,3.55,0.4));
#7275=CARTESIAN_POINT('',(16.65,3.55,0.));
#7276=VECTOR('',#7277,1.);
#7277=DIRECTION('',(0.,0.,1.));
#7278=CARTESIAN_POINT('',(16.65,-2.2,0.4));
#7279=VECTOR('',#7280,1.);
#7280=DIRECTION('',(0.,1.,0.));
#7281=CARTESIAN_POINT('',(18.35,3.55,0.4));
#7282=CARTESIAN_POINT('',(18.35,3.55,0.4));
#7283=VECTOR('',#7284,1.);
#7284=DIRECTION('',(-1.,0.,0.));
#7285=CARTESIAN_POINT('',(18.35,3.55,0.4));
#7286=VECTOR('',#7287,1.);
#7287=DIRECTION('',(0.,-1.,0.));
#7288=CARTESIAN_POINT('',(17.18,0.32,0.4));
#7289=CARTESIAN_POINT('',(17.82,0.32,0.4));
#7290=CARTESIAN_POINT('',(17.18,0.32,0.4));
#7291=VECTOR('',#7292,1.);
#7292=DIRECTION('',(1.,0.,0.));
#7293=CARTESIAN_POINT('',(17.18,-0.32,0.4));
#7294=CARTESIAN_POINT('',(17.18,-0.32,0.4));
#7295=VECTOR('',#7296,1.);
#7296=DIRECTION('',(0.,1.,0.));
#7297=CARTESIAN_POINT('',(17.82,-0.32,0.4));
#7298=CARTESIAN_POINT('',(17.82,-0.32,0.4));
#7299=VECTOR('',#7300,1.);
#7300=DIRECTION('',(-1.,0.,0.));
#7301=CARTESIAN_POINT('',(17.82,0.32,0.4));
#7302=VECTOR('',#7303,1.);
#7303=DIRECTION('',(0.,-1.,0.));
#7304=CARTESIAN_POINT('',(18.35,3.55,0.));
#7305=CARTESIAN_POINT('',(18.35,-2.2,0.));
#7306=VECTOR('',#7307,1.);
#7307=DIRECTION('',(0.,1.,0.));
#7308=CARTESIAN_POINT('',(18.35,3.55,0.4));
#7309=VECTOR('',#7310,1.);
#7310=DIRECTION('',(0.,0.,-1.));
#7311=CARTESIAN_POINT('',(19.15,3.55,0.));
#7312=CARTESIAN_POINT('',(19.15,3.55,0.));
#7313=VECTOR('',#7314,1.);
#7314=DIRECTION('',(-1.,0.,0.));
#7315=CARTESIAN_POINT('',(19.15,3.55,0.));
#7316=VECTOR('',#7317,1.);
#7317=DIRECTION('',(0.,-1.,0.));
#7318=CARTESIAN_POINT('',(19.15,3.55,0.4));
#7319=CARTESIAN_POINT('',(19.15,3.55,0.));
#7320=VECTOR('',#7321,1.);
#7321=DIRECTION('',(0.,0.,1.));
#7322=CARTESIAN_POINT('',(19.15,-2.2,0.4));
#7323=VECTOR('',#7324,1.);
#7324=DIRECTION('',(0.,1.,0.));
#7325=CARTESIAN_POINT('',(20.85,3.55,0.4));
#7326=CARTESIAN_POINT('',(20.85,3.55,0.4));
#7327=VECTOR('',#7328,1.);
#7328=DIRECTION('',(-1.,0.,0.));
#7329=CARTESIAN_POINT('',(20.85,3.55,0.4));
#7330=VECTOR('',#7331,1.);
#7331=DIRECTION('',(0.,-1.,0.));
#7332=CARTESIAN_POINT('',(19.68,0.32,0.4));
#7333=CARTESIAN_POINT('',(20.32,0.32,0.4));
#7334=CARTESIAN_POINT('',(19.68,0.32,0.4));
#7335=VECTOR('',#7336,1.);
#7336=DIRECTION('',(1.,0.,0.));
#7337=CARTESIAN_POINT('',(19.68,-0.32,0.4));
#7338=CARTESIAN_POINT('',(19.68,-0.32,0.4));
#7339=VECTOR('',#7340,1.);
#7340=DIRECTION('',(0.,1.,0.));
#7341=CARTESIAN_POINT('',(20.32,-0.32,0.4));
#7342=CARTESIAN_POINT('',(20.32,-0.32,0.4));
#7343=VECTOR('',#7344,1.);
#7344=DIRECTION('',(-1.,0.,0.));
#7345=CARTESIAN_POINT('',(20.32,0.32,0.4));
#7346=VECTOR('',#7347,1.);
#7347=DIRECTION('',(0.,-1.,0.));
#7348=CARTESIAN_POINT('',(20.85,3.55,0.));
#7349=CARTESIAN_POINT('',(20.85,-2.2,0.));
#7350=VECTOR('',#7351,1.);
#7351=DIRECTION('',(0.,1.,0.));
#7352=CARTESIAN_POINT('',(20.85,3.55,0.4));
#7353=VECTOR('',#7354,1.);
#7354=DIRECTION('',(0.,0.,-1.));
#7355=CARTESIAN_POINT('',(20.85,3.55,0.));
#7356=VECTOR('',#7357,1.);
#7357=DIRECTION('',(1.,0.,0.));
#7358=CARTESIAN_POINT('',(22.1,-0.4,7.));
#7359=CARTESIAN_POINT('',(22.1,-0.4,7.));
#7360=VECTOR('',#7361,1.);
#7361=DIRECTION('',(-0.707106781186544,0.,-0.707106781186551));
#7362=CARTESIAN_POINT('',(22.5,-0.4,7.));
#7363=VECTOR('',#7364,1.);
#7364=DIRECTION('',(-1.,0.,0.));
#7365=CARTESIAN_POINT('',(22.5,3.55,7.));
#7366=VECTOR('',#7367,1.);
#7367=DIRECTION('',(-1.,0.,0.));
#7368=CARTESIAN_POINT('',(-2.1,-0.4,7.));
#7369=CARTESIAN_POINT('',(-2.1,3.15,7.));
#7370=CARTESIAN_POINT('',(-2.1,3.15,7.));
#7371=VECTOR('',#7372,1.);
#7372=DIRECTION('',(1.2509555207044E-016,-1.,0.));
#7373=CARTESIAN_POINT('',(22.1,3.15,7.));
#7374=CARTESIAN_POINT('',(22.1,3.15,7.));
#7375=VECTOR('',#7376,1.);
#7376=DIRECTION('',(-1.,-1.83507937954571E-017,0.));
#7377=CARTESIAN_POINT('',(22.1,3.15,7.));
#7378=VECTOR('',#7379,1.);
#7379=DIRECTION('',(0.,-1.,0.));
#7380=CARTESIAN_POINT('',(-2.1,-0.4,7.));
#7381=VECTOR('',#7382,1.);
#7382=DIRECTION('',(-1.,0.,0.));
#7383=CARTESIAN_POINT('',(22.1,3.15,7.));
#7384=VECTOR('',#7385,1.);
#7385=DIRECTION('',(-0.577350269189622,-0.577350269189628,-0.577350269189628));
#7386=CARTESIAN_POINT('',(21.8,2.85,6.7));
#7387=VECTOR('',#7388,1.);
#7388=DIRECTION('',(-1.,0.,-3.76346788008528E-017));
#7389=CARTESIAN_POINT('',(2.82,0.32,6.12679491924311));
#7390=CARTESIAN_POINT('',(2.18,0.32,6.12679491924311));
#7391=CARTESIAN_POINT('',(2.82,0.32,6.12679491924311));
#7392=VECTOR('',#7393,1.);
#7393=DIRECTION('',(-1.,0.,0.));
#7394=CARTESIAN_POINT('',(2.82,0.32,2.));
#7395=VECTOR('',#7396,1.);
#7396=DIRECTION('',(0.,0.,1.));
#7397=CARTESIAN_POINT('',(2.18,0.32,2.));
#7398=VECTOR('',#7399,1.);
#7399=DIRECTION('',(0.,0.,1.));
#7400=CARTESIAN_POINT('',(2.82,-0.32,6.12679491924311));
#7401=CARTESIAN_POINT('',(2.82,-0.32,6.12679491924311));
#7402=VECTOR('',#7403,1.);
#7403=DIRECTION('',(0.,1.,0.));
#7404=CARTESIAN_POINT('',(2.82,-0.32,2.));
#7405=VECTOR('',#7406,1.);
#7406=DIRECTION('',(0.,0.,1.));
#7407=CARTESIAN_POINT('',(2.18,-0.32,6.12679491924311));
#7408=CARTESIAN_POINT('',(2.18,-0.32,6.12679491924311));
#7409=VECTOR('',#7410,1.);
#7410=DIRECTION('',(1.,0.,0.));
#7411=CARTESIAN_POINT('',(2.18,-0.32,2.));
#7412=VECTOR('',#7413,1.);
#7413=DIRECTION('',(0.,0.,1.));
#7414=CARTESIAN_POINT('',(2.18,0.32,6.12679491924311));
#7415=VECTOR('',#7416,1.);
#7416=DIRECTION('',(0.,-1.,0.));
#7417=CARTESIAN_POINT('',(5.32,0.32,6.12679491924311));
#7418=CARTESIAN_POINT('',(4.68,0.32,6.12679491924311));
#7419=CARTESIAN_POINT('',(5.32,0.32,6.12679491924311));
#7420=VECTOR('',#7421,1.);
#7421=DIRECTION('',(-1.,0.,0.));
#7422=CARTESIAN_POINT('',(5.32,0.32,2.));
#7423=VECTOR('',#7424,1.);
#7424=DIRECTION('',(0.,0.,1.));
#7425=CARTESIAN_POINT('',(4.68,0.32,2.));
#7426=VECTOR('',#7427,1.);
#7427=DIRECTION('',(0.,0.,1.));
#7428=CARTESIAN_POINT('',(5.32,-0.32,6.12679491924311));
#7429=CARTESIAN_POINT('',(5.32,-0.32,6.12679491924311));
#7430=VECTOR('',#7431,1.);
#7431=DIRECTION('',(0.,1.,0.));
#7432=CARTESIAN_POINT('',(5.32,-0.32,2.));
#7433=VECTOR('',#7434,1.);
#7434=DIRECTION('',(0.,0.,1.));
#7435=CARTESIAN_POINT('',(4.68,-0.32,6.12679491924311));
#7436=CARTESIAN_POINT('',(4.68,-0.32,6.12679491924311));
#7437=VECTOR('',#7438,1.);
#7438=DIRECTION('',(1.,0.,0.));
#7439=CARTESIAN_POINT('',(4.68,-0.32,2.));
#7440=VECTOR('',#7441,1.);
#7441=DIRECTION('',(0.,0.,1.));
#7442=CARTESIAN_POINT('',(4.68,0.32,6.12679491924311));
#7443=VECTOR('',#7444,1.);
#7444=DIRECTION('',(0.,-1.,0.));
#7445=CARTESIAN_POINT('',(7.82,0.32,6.12679491924311));
#7446=CARTESIAN_POINT('',(7.18,0.32,6.12679491924311));
#7447=CARTESIAN_POINT('',(7.82,0.32,6.12679491924311));
#7448=VECTOR('',#7449,1.);
#7449=DIRECTION('',(-1.,0.,0.));
#7450=CARTESIAN_POINT('',(7.82,0.32,2.));
#7451=VECTOR('',#7452,1.);
#7452=DIRECTION('',(0.,0.,1.));
#7453=CARTESIAN_POINT('',(7.18,0.32,2.));
#7454=VECTOR('',#7455,1.);
#7455=DIRECTION('',(0.,0.,1.));
#7456=CARTESIAN_POINT('',(7.82,-0.32,6.12679491924311));
#7457=CARTESIAN_POINT('',(7.82,-0.32,6.12679491924311));
#7458=VECTOR('',#7459,1.);
#7459=DIRECTION('',(0.,1.,0.));
#7460=CARTESIAN_POINT('',(7.82,-0.32,2.));
#7461=VECTOR('',#7462,1.);
#7462=DIRECTION('',(0.,0.,1.));
#7463=CARTESIAN_POINT('',(7.18,-0.32,6.12679491924311));
#7464=CARTESIAN_POINT('',(7.18,-0.32,6.12679491924311));
#7465=VECTOR('',#7466,1.);
#7466=DIRECTION('',(1.,0.,0.));
#7467=CARTESIAN_POINT('',(7.18,-0.32,2.));
#7468=VECTOR('',#7469,1.);
#7469=DIRECTION('',(0.,0.,1.));
#7470=CARTESIAN_POINT('',(7.18,0.32,6.12679491924311));
#7471=VECTOR('',#7472,1.);
#7472=DIRECTION('',(0.,-1.,0.));
#7473=CARTESIAN_POINT('',(10.32,0.32,6.12679491924311));
#7474=CARTESIAN_POINT('',(9.68,0.32,6.12679491924311));
#7475=CARTESIAN_POINT('',(10.32,0.32,6.12679491924311));
#7476=VECTOR('',#7477,1.);
#7477=DIRECTION('',(-1.,0.,2.77555756156289E-015));
#7478=CARTESIAN_POINT('',(10.32,0.32,2.));
#7479=VECTOR('',#7480,1.);
#7480=DIRECTION('',(0.,0.,1.));
#7481=CARTESIAN_POINT('',(9.68,0.32,2.));
#7482=VECTOR('',#7483,1.);
#7483=DIRECTION('',(0.,0.,1.));
#7484=CARTESIAN_POINT('',(10.32,-0.32,6.12679491924311));
#7485=CARTESIAN_POINT('',(10.32,-0.32,6.12679491924311));
#7486=VECTOR('',#7487,1.);
#7487=DIRECTION('',(0.,1.,0.));
#7488=CARTESIAN_POINT('',(10.32,-0.32,2.));
#7489=VECTOR('',#7490,1.);
#7490=DIRECTION('',(0.,0.,1.));
#7491=CARTESIAN_POINT('',(9.68,-0.32,6.12679491924311));
#7492=CARTESIAN_POINT('',(9.68,-0.32,6.12679491924311));
#7493=VECTOR('',#7494,1.);
#7494=DIRECTION('',(1.,0.,2.77555756156289E-015));
#7495=CARTESIAN_POINT('',(9.68,-0.32,2.));
#7496=VECTOR('',#7497,1.);
#7497=DIRECTION('',(0.,0.,1.));
#7498=CARTESIAN_POINT('',(9.68,0.32,6.12679491924311));
#7499=VECTOR('',#7500,1.);
#7500=DIRECTION('',(0.,-1.,0.));
#7501=CARTESIAN_POINT('',(12.82,0.32,6.12679491924311));
#7502=CARTESIAN_POINT('',(12.18,0.32,6.12679491924311));
#7503=CARTESIAN_POINT('',(12.82,0.32,6.12679491924311));
#7504=VECTOR('',#7505,1.);
#7505=DIRECTION('',(-1.,0.,2.77555756156289E-015));
#7506=CARTESIAN_POINT('',(12.82,0.32,2.));
#7507=VECTOR('',#7508,1.);
#7508=DIRECTION('',(0.,0.,1.));
#7509=CARTESIAN_POINT('',(12.18,0.32,2.));
#7510=VECTOR('',#7511,1.);
#7511=DIRECTION('',(0.,0.,1.));
#7512=CARTESIAN_POINT('',(12.82,-0.32,6.12679491924311));
#7513=CARTESIAN_POINT('',(12.82,-0.32,6.12679491924311));
#7514=VECTOR('',#7515,1.);
#7515=DIRECTION('',(0.,1.,0.));
#7516=CARTESIAN_POINT('',(12.82,-0.32,2.));
#7517=VECTOR('',#7518,1.);
#7518=DIRECTION('',(0.,0.,1.));
#7519=CARTESIAN_POINT('',(12.18,-0.32,6.12679491924311));
#7520=CARTESIAN_POINT('',(12.18,-0.32,6.12679491924311));
#7521=VECTOR('',#7522,1.);
#7522=DIRECTION('',(1.,0.,2.77555756156289E-015));
#7523=CARTESIAN_POINT('',(12.18,-0.32,2.));
#7524=VECTOR('',#7525,1.);
#7525=DIRECTION('',(0.,0.,1.));
#7526=CARTESIAN_POINT('',(12.18,0.32,6.12679491924311));
#7527=VECTOR('',#7528,1.);
#7528=DIRECTION('',(0.,-1.,0.));
#7529=CARTESIAN_POINT('',(15.32,0.32,6.12679491924311));
#7530=CARTESIAN_POINT('',(14.68,0.32,6.12679491924311));
#7531=CARTESIAN_POINT('',(15.32,0.32,6.12679491924311));
#7532=VECTOR('',#7533,1.);
#7533=DIRECTION('',(-1.,0.,2.77555756156289E-015));
#7534=CARTESIAN_POINT('',(15.32,0.32,2.));
#7535=VECTOR('',#7536,1.);
#7536=DIRECTION('',(0.,0.,1.));
#7537=CARTESIAN_POINT('',(14.68,0.32,2.));
#7538=VECTOR('',#7539,1.);
#7539=DIRECTION('',(0.,0.,1.));
#7540=CARTESIAN_POINT('',(15.32,-0.32,6.12679491924311));
#7541=CARTESIAN_POINT('',(15.32,-0.32,6.12679491924311));
#7542=VECTOR('',#7543,1.);
#7543=DIRECTION('',(0.,1.,0.));
#7544=CARTESIAN_POINT('',(15.32,-0.32,2.));
#7545=VECTOR('',#7546,1.);
#7546=DIRECTION('',(0.,0.,1.));
#7547=CARTESIAN_POINT('',(14.68,-0.32,6.12679491924311));
#7548=CARTESIAN_POINT('',(14.68,-0.32,6.12679491924311));
#7549=VECTOR('',#7550,1.);
#7550=DIRECTION('',(1.,0.,2.77555756156289E-015));
#7551=CARTESIAN_POINT('',(14.68,-0.32,2.));
#7552=VECTOR('',#7553,1.);
#7553=DIRECTION('',(0.,0.,1.));
#7554=CARTESIAN_POINT('',(14.68,0.32,6.12679491924311));
#7555=VECTOR('',#7556,1.);
#7556=DIRECTION('',(0.,-1.,0.));
#7557=CARTESIAN_POINT('',(17.82,0.32,6.12679491924311));
#7558=CARTESIAN_POINT('',(17.18,0.32,6.12679491924311));
#7559=CARTESIAN_POINT('',(17.82,0.32,6.12679491924311));
#7560=VECTOR('',#7561,1.);
#7561=DIRECTION('',(-1.,0.,2.77555756156289E-015));
#7562=CARTESIAN_POINT('',(17.82,0.32,2.));
#7563=VECTOR('',#7564,1.);
#7564=DIRECTION('',(0.,0.,1.));
#7565=CARTESIAN_POINT('',(17.18,0.32,2.));
#7566=VECTOR('',#7567,1.);
#7567=DIRECTION('',(0.,0.,1.));
#7568=CARTESIAN_POINT('',(17.82,-0.32,6.12679491924311));
#7569=CARTESIAN_POINT('',(17.82,-0.32,6.12679491924311));
#7570=VECTOR('',#7571,1.);
#7571=DIRECTION('',(0.,1.,0.));
#7572=CARTESIAN_POINT('',(17.82,-0.32,2.));
#7573=VECTOR('',#7574,1.);
#7574=DIRECTION('',(0.,0.,1.));
#7575=CARTESIAN_POINT('',(17.18,-0.32,6.12679491924311));
#7576=CARTESIAN_POINT('',(17.18,-0.32,6.12679491924311));
#7577=VECTOR('',#7578,1.);
#7578=DIRECTION('',(1.,0.,2.77555756156289E-015));
#7579=CARTESIAN_POINT('',(17.18,-0.32,2.));
#7580=VECTOR('',#7581,1.);
#7581=DIRECTION('',(0.,0.,1.));
#7582=CARTESIAN_POINT('',(17.18,0.32,6.12679491924311));
#7583=VECTOR('',#7584,1.);
#7584=DIRECTION('',(0.,-1.,0.));
#7585=CARTESIAN_POINT('',(20.32,0.32,6.12679491924311));
#7586=CARTESIAN_POINT('',(19.68,0.32,6.12679491924311));
#7587=CARTESIAN_POINT('',(20.32,0.32,6.12679491924311));
#7588=VECTOR('',#7589,1.);
#7589=DIRECTION('',(-1.,0.,2.77555756156289E-015));
#7590=CARTESIAN_POINT('',(20.32,0.32,2.));
#7591=VECTOR('',#7592,1.);
#7592=DIRECTION('',(0.,0.,1.));
#7593=CARTESIAN_POINT('',(19.68,0.32,2.));
#7594=VECTOR('',#7595,1.);
#7595=DIRECTION('',(0.,0.,1.));
#7596=CARTESIAN_POINT('',(20.32,-0.32,6.12679491924311));
#7597=CARTESIAN_POINT('',(20.32,-0.32,6.12679491924311));
#7598=VECTOR('',#7599,1.);
#7599=DIRECTION('',(0.,1.,0.));
#7600=CARTESIAN_POINT('',(20.32,-0.32,2.));
#7601=VECTOR('',#7602,1.);
#7602=DIRECTION('',(0.,0.,1.));
#7603=CARTESIAN_POINT('',(19.68,-0.32,6.12679491924311));
#7604=CARTESIAN_POINT('',(19.68,-0.32,6.12679491924311));
#7605=VECTOR('',#7606,1.);
#7606=DIRECTION('',(1.,0.,2.77555756156289E-015));
#7607=CARTESIAN_POINT('',(19.68,-0.32,2.));
#7608=VECTOR('',#7609,1.);
#7609=DIRECTION('',(0.,0.,1.));
#7610=CARTESIAN_POINT('',(19.68,0.32,6.12679491924311));
#7611=VECTOR('',#7612,1.);
#7612=DIRECTION('',(0.,-1.,0.));
#7613=CARTESIAN_POINT('',(0.32,0.32,6.12679491924311));
#7614=CARTESIAN_POINT('',(-0.32,0.32,6.12679491924311));
#7615=CARTESIAN_POINT('',(0.32,0.32,6.12679491924311));
#7616=VECTOR('',#7617,1.);
#7617=DIRECTION('',(-1.,0.,0.));
#7618=CARTESIAN_POINT('',(0.32,0.32,2.));
#7619=VECTOR('',#7620,1.);
#7620=DIRECTION('',(0.,0.,1.));
#7621=CARTESIAN_POINT('',(-0.32,0.32,2.));
#7622=VECTOR('',#7623,1.);
#7623=DIRECTION('',(0.,0.,1.));
#7624=CARTESIAN_POINT('',(0.32,-0.32,6.12679491924311));
#7625=CARTESIAN_POINT('',(0.32,-0.32,6.12679491924311));
#7626=VECTOR('',#7627,1.);
#7627=DIRECTION('',(0.,1.,0.));
#7628=CARTESIAN_POINT('',(0.32,-0.32,2.));
#7629=VECTOR('',#7630,1.);
#7630=DIRECTION('',(0.,0.,1.));
#7631=CARTESIAN_POINT('',(-0.32,-0.32,6.12679491924311));
#7632=CARTESIAN_POINT('',(-0.32,-0.32,6.12679491924311));
#7633=VECTOR('',#7634,1.);
#7634=DIRECTION('',(1.,0.,0.));
#7635=CARTESIAN_POINT('',(-0.32,-0.32,2.));
#7636=VECTOR('',#7637,1.);
#7637=DIRECTION('',(0.,0.,1.));
#7638=CARTESIAN_POINT('',(-0.32,0.32,6.12679491924311));
#7639=VECTOR('',#7640,1.);
#7640=DIRECTION('',(0.,-1.,0.));
#7641=CARTESIAN_POINT('',(-1.8,-0.4,6.7));
#7642=VECTOR('',#7643,1.);
#7643=DIRECTION('',(-0.707106781186544,0.,0.707106781186551));
#7644=CARTESIAN_POINT('',(-2.1,3.15,7.));
#7645=VECTOR('',#7646,1.);
#7646=DIRECTION('',(0.577350269189627,-0.577350269189626,-0.577350269189624));
#7647=CARTESIAN_POINT('',(0.32,0.32,-3.12679491924311));
#7648=CARTESIAN_POINT('',(-0.32,0.32,-3.12679491924311));
#7649=CARTESIAN_POINT('',(0.32,0.32,-3.12679491924311));
#7650=VECTOR('',#7651,1.);
#7651=DIRECTION('',(-1.,0.,0.));
#7652=CARTESIAN_POINT('',(-0.32,0.32,-3.12679491924311));
#7653=VECTOR('',#7654,1.);
#7654=DIRECTION('',(0.,0.,1.));
#7655=CARTESIAN_POINT('',(0.32,0.32,-3.12679491924311));
#7656=VECTOR('',#7657,1.);
#7657=DIRECTION('',(0.,0.,1.));
#7658=CARTESIAN_POINT('',(-0.32,-0.32,-3.12679491924311));
#7659=CARTESIAN_POINT('',(-0.32,0.32,-3.12679491924311));
#7660=VECTOR('',#7661,1.);
#7661=DIRECTION('',(0.,-1.,0.));
#7662=CARTESIAN_POINT('',(-0.32,-0.32,-3.12679491924311));
#7663=VECTOR('',#7664,1.);
#7664=DIRECTION('',(0.,0.,1.));
#7665=CARTESIAN_POINT('',(0.32,-0.32,-3.12679491924311));
#7666=CARTESIAN_POINT('',(-0.32,-0.32,-3.12679491924311));
#7667=VECTOR('',#7668,1.);
#7668=DIRECTION('',(1.,0.,0.));
#7669=CARTESIAN_POINT('',(0.32,-0.32,-3.12679491924311));
#7670=VECTOR('',#7671,1.);
#7671=DIRECTION('',(0.,0.,1.));
#7672=CARTESIAN_POINT('',(0.32,-0.32,-3.12679491924311));
#7673=VECTOR('',#7674,1.);
#7674=DIRECTION('',(0.,1.,0.));
#7675=CARTESIAN_POINT('',(2.82,0.32,-3.12679491924311));
#7676=CARTESIAN_POINT('',(2.18,0.32,-3.12679491924311));
#7677=CARTESIAN_POINT('',(2.82,0.32,-3.12679491924311));
#7678=VECTOR('',#7679,1.);
#7679=DIRECTION('',(-1.,0.,0.));
#7680=CARTESIAN_POINT('',(2.18,0.32,-3.12679491924311));
#7681=VECTOR('',#7682,1.);
#7682=DIRECTION('',(0.,0.,1.));
#7683=CARTESIAN_POINT('',(2.82,0.32,-3.12679491924311));
#7684=VECTOR('',#7685,1.);
#7685=DIRECTION('',(0.,0.,1.));
#7686=CARTESIAN_POINT('',(2.18,-0.32,-3.12679491924311));
#7687=CARTESIAN_POINT('',(2.18,0.32,-3.12679491924311));
#7688=VECTOR('',#7689,1.);
#7689=DIRECTION('',(0.,-1.,0.));
#7690=CARTESIAN_POINT('',(2.18,-0.32,-3.12679491924311));
#7691=VECTOR('',#7692,1.);
#7692=DIRECTION('',(0.,0.,1.));
#7693=CARTESIAN_POINT('',(2.82,-0.32,-3.12679491924311));
#7694=CARTESIAN_POINT('',(2.18,-0.32,-3.12679491924311));
#7695=VECTOR('',#7696,1.);
#7696=DIRECTION('',(1.,0.,0.));
#7697=CARTESIAN_POINT('',(2.82,-0.32,-3.12679491924311));
#7698=VECTOR('',#7699,1.);
#7699=DIRECTION('',(0.,0.,1.));
#7700=CARTESIAN_POINT('',(2.82,-0.32,-3.12679491924311));
#7701=VECTOR('',#7702,1.);
#7702=DIRECTION('',(0.,1.,0.));
#7703=CARTESIAN_POINT('',(5.32,0.32,-3.12679491924311));
#7704=CARTESIAN_POINT('',(4.68,0.32,-3.12679491924311));
#7705=CARTESIAN_POINT('',(5.32,0.32,-3.12679491924311));
#7706=VECTOR('',#7707,1.);
#7707=DIRECTION('',(-1.,0.,0.));
#7708=CARTESIAN_POINT('',(4.68,0.32,-3.12679491924311));
#7709=VECTOR('',#7710,1.);
#7710=DIRECTION('',(0.,0.,1.));
#7711=CARTESIAN_POINT('',(5.32,0.32,-3.12679491924311));
#7712=VECTOR('',#7713,1.);
#7713=DIRECTION('',(0.,0.,1.));
#7714=CARTESIAN_POINT('',(4.68,-0.32,-3.12679491924311));
#7715=CARTESIAN_POINT('',(4.68,0.32,-3.12679491924311));
#7716=VECTOR('',#7717,1.);
#7717=DIRECTION('',(0.,-1.,0.));
#7718=CARTESIAN_POINT('',(4.68,-0.32,-3.12679491924311));
#7719=VECTOR('',#7720,1.);
#7720=DIRECTION('',(0.,0.,1.));
#7721=CARTESIAN_POINT('',(5.32,-0.32,-3.12679491924311));
#7722=CARTESIAN_POINT('',(4.68,-0.32,-3.12679491924311));
#7723=VECTOR('',#7724,1.);
#7724=DIRECTION('',(1.,0.,0.));
#7725=CARTESIAN_POINT('',(5.32,-0.32,-3.12679491924311));
#7726=VECTOR('',#7727,1.);
#7727=DIRECTION('',(0.,0.,1.));
#7728=CARTESIAN_POINT('',(5.32,-0.32,-3.12679491924311));
#7729=VECTOR('',#7730,1.);
#7730=DIRECTION('',(0.,1.,0.));
#7731=CARTESIAN_POINT('',(7.82,0.32,-3.12679491924311));
#7732=CARTESIAN_POINT('',(7.18,0.32,-3.12679491924311));
#7733=CARTESIAN_POINT('',(7.82,0.32,-3.12679491924311));
#7734=VECTOR('',#7735,1.);
#7735=DIRECTION('',(-1.,0.,0.));
#7736=CARTESIAN_POINT('',(7.18,0.32,-3.12679491924311));
#7737=VECTOR('',#7738,1.);
#7738=DIRECTION('',(0.,0.,1.));
#7739=CARTESIAN_POINT('',(7.82,0.32,-3.12679491924311));
#7740=VECTOR('',#7741,1.);
#7741=DIRECTION('',(0.,0.,1.));
#7742=CARTESIAN_POINT('',(7.18,-0.32,-3.12679491924311));
#7743=CARTESIAN_POINT('',(7.18,0.32,-3.12679491924311));
#7744=VECTOR('',#7745,1.);
#7745=DIRECTION('',(0.,-1.,0.));
#7746=CARTESIAN_POINT('',(7.18,-0.32,-3.12679491924311));
#7747=VECTOR('',#7748,1.);
#7748=DIRECTION('',(0.,0.,1.));
#7749=CARTESIAN_POINT('',(7.82,-0.32,-3.12679491924311));
#7750=CARTESIAN_POINT('',(7.18,-0.32,-3.12679491924311));
#7751=VECTOR('',#7752,1.);
#7752=DIRECTION('',(1.,0.,0.));
#7753=CARTESIAN_POINT('',(7.82,-0.32,-3.12679491924311));
#7754=VECTOR('',#7755,1.);
#7755=DIRECTION('',(0.,0.,1.));
#7756=CARTESIAN_POINT('',(7.82,-0.32,-3.12679491924311));
#7757=VECTOR('',#7758,1.);
#7758=DIRECTION('',(0.,1.,0.));
#7759=CARTESIAN_POINT('',(10.32,0.32,-3.12679491924311));
#7760=CARTESIAN_POINT('',(9.68,0.32,-3.12679491924311));
#7761=CARTESIAN_POINT('',(10.32,0.32,-3.12679491924311));
#7762=VECTOR('',#7763,1.);
#7763=DIRECTION('',(-1.,0.,0.));
#7764=CARTESIAN_POINT('',(9.68,0.32,-3.12679491924311));
#7765=VECTOR('',#7766,1.);
#7766=DIRECTION('',(0.,0.,1.));
#7767=CARTESIAN_POINT('',(10.32,0.32,-3.12679491924311));
#7768=VECTOR('',#7769,1.);
#7769=DIRECTION('',(0.,0.,1.));
#7770=CARTESIAN_POINT('',(9.68,-0.32,-3.12679491924311));
#7771=CARTESIAN_POINT('',(9.68,0.32,-3.12679491924311));
#7772=VECTOR('',#7773,1.);
#7773=DIRECTION('',(0.,-1.,0.));
#7774=CARTESIAN_POINT('',(9.68,-0.32,-3.12679491924311));
#7775=VECTOR('',#7776,1.);
#7776=DIRECTION('',(0.,0.,1.));
#7777=CARTESIAN_POINT('',(10.32,-0.32,-3.12679491924311));
#7778=CARTESIAN_POINT('',(9.68,-0.32,-3.12679491924311));
#7779=VECTOR('',#7780,1.);
#7780=DIRECTION('',(1.,0.,0.));
#7781=CARTESIAN_POINT('',(10.32,-0.32,-3.12679491924311));
#7782=VECTOR('',#7783,1.);
#7783=DIRECTION('',(0.,0.,1.));
#7784=CARTESIAN_POINT('',(10.32,-0.32,-3.12679491924311));
#7785=VECTOR('',#7786,1.);
#7786=DIRECTION('',(0.,1.,0.));
#7787=CARTESIAN_POINT('',(12.82,0.32,-3.12679491924311));
#7788=CARTESIAN_POINT('',(12.18,0.32,-3.12679491924311));
#7789=CARTESIAN_POINT('',(12.82,0.32,-3.12679491924311));
#7790=VECTOR('',#7791,1.);
#7791=DIRECTION('',(-1.,0.,0.));
#7792=CARTESIAN_POINT('',(12.18,0.32,-3.12679491924311));
#7793=VECTOR('',#7794,1.);
#7794=DIRECTION('',(0.,0.,1.));
#7795=CARTESIAN_POINT('',(12.82,0.32,-3.12679491924311));
#7796=VECTOR('',#7797,1.);
#7797=DIRECTION('',(0.,0.,1.));
#7798=CARTESIAN_POINT('',(12.18,-0.32,-3.12679491924311));
#7799=CARTESIAN_POINT('',(12.18,0.32,-3.12679491924311));
#7800=VECTOR('',#7801,1.);
#7801=DIRECTION('',(0.,-1.,0.));
#7802=CARTESIAN_POINT('',(12.18,-0.32,-3.12679491924311));
#7803=VECTOR('',#7804,1.);
#7804=DIRECTION('',(0.,0.,1.));
#7805=CARTESIAN_POINT('',(12.82,-0.32,-3.12679491924311));
#7806=CARTESIAN_POINT('',(12.18,-0.32,-3.12679491924311));
#7807=VECTOR('',#7808,1.);
#7808=DIRECTION('',(1.,0.,0.));
#7809=CARTESIAN_POINT('',(12.82,-0.32,-3.12679491924311));
#7810=VECTOR('',#7811,1.);
#7811=DIRECTION('',(0.,0.,1.));
#7812=CARTESIAN_POINT('',(12.82,-0.32,-3.12679491924311));
#7813=VECTOR('',#7814,1.);
#7814=DIRECTION('',(0.,1.,0.));
#7815=CARTESIAN_POINT('',(15.32,0.32,-3.12679491924311));
#7816=CARTESIAN_POINT('',(14.68,0.32,-3.12679491924311));
#7817=CARTESIAN_POINT('',(15.32,0.32,-3.12679491924311));
#7818=VECTOR('',#7819,1.);
#7819=DIRECTION('',(-1.,0.,0.));
#7820=CARTESIAN_POINT('',(14.68,0.32,-3.12679491924311));
#7821=VECTOR('',#7822,1.);
#7822=DIRECTION('',(0.,0.,1.));
#7823=CARTESIAN_POINT('',(15.32,0.32,-3.12679491924311));
#7824=VECTOR('',#7825,1.);
#7825=DIRECTION('',(0.,0.,1.));
#7826=CARTESIAN_POINT('',(14.68,-0.32,-3.12679491924311));
#7827=CARTESIAN_POINT('',(14.68,0.32,-3.12679491924311));
#7828=VECTOR('',#7829,1.);
#7829=DIRECTION('',(0.,-1.,0.));
#7830=CARTESIAN_POINT('',(14.68,-0.32,-3.12679491924311));
#7831=VECTOR('',#7832,1.);
#7832=DIRECTION('',(0.,0.,1.));
#7833=CARTESIAN_POINT('',(15.32,-0.32,-3.12679491924311));
#7834=CARTESIAN_POINT('',(14.68,-0.32,-3.12679491924311));
#7835=VECTOR('',#7836,1.);
#7836=DIRECTION('',(1.,0.,0.));
#7837=CARTESIAN_POINT('',(15.32,-0.32,-3.12679491924311));
#7838=VECTOR('',#7839,1.);
#7839=DIRECTION('',(0.,0.,1.));
#7840=CARTESIAN_POINT('',(15.32,-0.32,-3.12679491924311));
#7841=VECTOR('',#7842,1.);
#7842=DIRECTION('',(0.,1.,0.));
#7843=CARTESIAN_POINT('',(17.82,0.32,-3.12679491924311));
#7844=CARTESIAN_POINT('',(17.18,0.32,-3.12679491924311));
#7845=CARTESIAN_POINT('',(17.82,0.32,-3.12679491924311));
#7846=VECTOR('',#7847,1.);
#7847=DIRECTION('',(-1.,0.,0.));
#7848=CARTESIAN_POINT('',(17.18,0.32,-3.12679491924311));
#7849=VECTOR('',#7850,1.);
#7850=DIRECTION('',(0.,0.,1.));
#7851=CARTESIAN_POINT('',(17.82,0.32,-3.12679491924311));
#7852=VECTOR('',#7853,1.);
#7853=DIRECTION('',(0.,0.,1.));
#7854=CARTESIAN_POINT('',(17.18,-0.32,-3.12679491924311));
#7855=CARTESIAN_POINT('',(17.18,0.32,-3.12679491924311));
#7856=VECTOR('',#7857,1.);
#7857=DIRECTION('',(0.,-1.,0.));
#7858=CARTESIAN_POINT('',(17.18,-0.32,-3.12679491924311));
#7859=VECTOR('',#7860,1.);
#7860=DIRECTION('',(0.,0.,1.));
#7861=CARTESIAN_POINT('',(17.82,-0.32,-3.12679491924311));
#7862=CARTESIAN_POINT('',(17.18,-0.32,-3.12679491924311));
#7863=VECTOR('',#7864,1.);
#7864=DIRECTION('',(1.,0.,0.));
#7865=CARTESIAN_POINT('',(17.82,-0.32,-3.12679491924311));
#7866=VECTOR('',#7867,1.);
#7867=DIRECTION('',(0.,0.,1.));
#7868=CARTESIAN_POINT('',(17.82,-0.32,-3.12679491924311));
#7869=VECTOR('',#7870,1.);
#7870=DIRECTION('',(0.,1.,0.));
#7871=CARTESIAN_POINT('',(20.32,0.32,-3.12679491924311));
#7872=CARTESIAN_POINT('',(19.68,0.32,-3.12679491924311));
#7873=CARTESIAN_POINT('',(20.32,0.32,-3.12679491924311));
#7874=VECTOR('',#7875,1.);
#7875=DIRECTION('',(-1.,0.,0.));
#7876=CARTESIAN_POINT('',(19.68,0.32,-3.12679491924311));
#7877=VECTOR('',#7878,1.);
#7878=DIRECTION('',(0.,0.,1.));
#7879=CARTESIAN_POINT('',(20.32,0.32,-3.12679491924311));
#7880=VECTOR('',#7881,1.);
#7881=DIRECTION('',(0.,0.,1.));
#7882=CARTESIAN_POINT('',(19.68,-0.32,-3.12679491924311));
#7883=CARTESIAN_POINT('',(19.68,0.32,-3.12679491924311));
#7884=VECTOR('',#7885,1.);
#7885=DIRECTION('',(0.,-1.,0.));
#7886=CARTESIAN_POINT('',(19.68,-0.32,-3.12679491924311));
#7887=VECTOR('',#7888,1.);
#7888=DIRECTION('',(0.,0.,1.));
#7889=CARTESIAN_POINT('',(20.32,-0.32,-3.12679491924311));
#7890=CARTESIAN_POINT('',(19.68,-0.32,-3.12679491924311));
#7891=VECTOR('',#7892,1.);
#7892=DIRECTION('',(1.,0.,0.));
#7893=CARTESIAN_POINT('',(20.32,-0.32,-3.12679491924311));
#7894=VECTOR('',#7895,1.);
#7895=DIRECTION('',(0.,0.,1.));
#7896=CARTESIAN_POINT('',(20.32,-0.32,-3.12679491924311));
#7897=VECTOR('',#7898,1.);
#7898=DIRECTION('',(0.,1.,0.));
#7899=CARTESIAN_POINT('',(2.28,0.22,6.5));
#7900=CARTESIAN_POINT('',(2.18,0.32,6.12679491924311));
#7901=VECTOR('',#7902,1.);
#7902=DIRECTION('',(0.250562807085733,-0.250562807085729,0.935113126531029));
#7903=CARTESIAN_POINT('',(2.72,0.22,6.5));
#7904=CARTESIAN_POINT('',(2.72,0.22,6.5));
#7905=VECTOR('',#7906,1.);
#7906=DIRECTION('',(-1.,1.26161707343768E-016,0.));
#7907=CARTESIAN_POINT('',(2.82,0.320000000000001,6.12679491924311));
#7908=VECTOR('',#7909,1.);
#7909=DIRECTION('',(-0.25056280708573,-0.250562807085732,0.93511312653103));
#7910=CARTESIAN_POINT('',(2.72,-0.22,6.5));
#7911=CARTESIAN_POINT('',(2.72,-0.22,6.5));
#7912=VECTOR('',#7913,1.);
#7913=DIRECTION('',(0.,1.,0.));
#7914=CARTESIAN_POINT('',(2.82,-0.32,6.12679491924311));
#7915=VECTOR('',#7916,1.);
#7916=DIRECTION('',(-0.250562807085732,0.250562807085733,0.935113126531029));
#7917=CARTESIAN_POINT('',(2.28,-0.22,6.5));
#7918=CARTESIAN_POINT('',(2.28,-0.22,6.5));
#7919=VECTOR('',#7920,1.);
#7920=DIRECTION('',(1.,0.,0.));
#7921=CARTESIAN_POINT('',(2.18,-0.320000000000001,6.12679491924311));
#7922=VECTOR('',#7923,1.);
#7923=DIRECTION('',(0.25056280708573,0.250562807085732,0.93511312653103));
#7924=CARTESIAN_POINT('',(2.28,0.22,6.5));
#7925=VECTOR('',#7926,1.);
#7926=DIRECTION('',(0.,-1.,0.));
#7927=CARTESIAN_POINT('',(4.78,0.22,6.5));
#7928=CARTESIAN_POINT('',(4.68,0.32,6.12679491924311));
#7929=VECTOR('',#7930,1.);
#7930=DIRECTION('',(0.250562807085732,-0.250562807085733,0.935113126531029));
#7931=CARTESIAN_POINT('',(5.22,0.22,6.5));
#7932=CARTESIAN_POINT('',(5.22,0.22,6.5));
#7933=VECTOR('',#7934,1.);
#7934=DIRECTION('',(-1.,0.,0.));
#7935=CARTESIAN_POINT('',(5.32,0.320000000000001,6.12679491924311));
#7936=VECTOR('',#7937,1.);
#7937=DIRECTION('',(-0.25056280708573,-0.250562807085732,0.93511312653103));
#7938=CARTESIAN_POINT('',(5.22,-0.22,6.5));
#7939=CARTESIAN_POINT('',(5.22,-0.22,6.5));
#7940=VECTOR('',#7941,1.);
#7941=DIRECTION('',(0.,1.,0.));
#7942=CARTESIAN_POINT('',(5.32,-0.32,6.12679491924311));
#7943=VECTOR('',#7944,1.);
#7944=DIRECTION('',(-0.250562807085732,0.250562807085733,0.935113126531029));
#7945=CARTESIAN_POINT('',(4.78,-0.22,6.5));
#7946=CARTESIAN_POINT('',(4.78,-0.22,6.5));
#7947=VECTOR('',#7948,1.);
#7948=DIRECTION('',(1.,0.,0.));
#7949=CARTESIAN_POINT('',(4.68,-0.320000000000001,6.12679491924311));
#7950=VECTOR('',#7951,1.);
#7951=DIRECTION('',(0.25056280708573,0.250562807085732,0.93511312653103));
#7952=CARTESIAN_POINT('',(4.78,0.22,6.5));
#7953=VECTOR('',#7954,1.);
#7954=DIRECTION('',(0.,-1.,0.));
#7955=CARTESIAN_POINT('',(7.28,0.22,6.5));
#7956=CARTESIAN_POINT('',(7.18,0.32,6.12679491924311));
#7957=VECTOR('',#7958,1.);
#7958=DIRECTION('',(0.250562807085734,-0.250562807085733,0.935113126531029));
#7959=CARTESIAN_POINT('',(7.72,0.22,6.5));
#7960=CARTESIAN_POINT('',(7.72,0.22,6.5));
#7961=VECTOR('',#7962,1.);
#7962=DIRECTION('',(-1.,0.,0.));
#7963=CARTESIAN_POINT('',(7.82,0.320000000000001,6.12679491924311));
#7964=VECTOR('',#7965,1.);
#7965=DIRECTION('',(-0.25056280708573,-0.250562807085732,0.93511312653103));
#7966=CARTESIAN_POINT('',(7.72,-0.22,6.5));
#7967=CARTESIAN_POINT('',(7.72,-0.22,6.5));
#7968=VECTOR('',#7969,1.);
#7969=DIRECTION('',(0.,1.,0.));
#7970=CARTESIAN_POINT('',(7.82,-0.32,6.12679491924311));
#7971=VECTOR('',#7972,1.);
#7972=DIRECTION('',(-0.250562807085732,0.250562807085733,0.935113126531029));
#7973=CARTESIAN_POINT('',(7.28,-0.22,6.5));
#7974=CARTESIAN_POINT('',(7.28,-0.22,6.5));
#7975=VECTOR('',#7976,1.);
#7976=DIRECTION('',(1.,0.,0.));
#7977=CARTESIAN_POINT('',(7.18,-0.320000000000001,6.12679491924311));
#7978=VECTOR('',#7979,1.);
#7979=DIRECTION('',(0.25056280708573,0.250562807085732,0.93511312653103));
#7980=CARTESIAN_POINT('',(7.28,0.22,6.5));
#7981=VECTOR('',#7982,1.);
#7982=DIRECTION('',(0.,-1.,0.));
#7983=CARTESIAN_POINT('',(9.78,0.22,6.5));
#7984=CARTESIAN_POINT('',(9.68,0.32,6.12679491924311));
#7985=VECTOR('',#7986,1.);
#7986=DIRECTION('',(0.250562807085731,-0.250562807085731,0.93511312653103));
#7987=CARTESIAN_POINT('',(10.22,0.22,6.5));
#7988=CARTESIAN_POINT('',(10.22,0.22,6.5));
#7989=VECTOR('',#7990,1.);
#7990=DIRECTION('',(-1.,0.,0.));
#7991=CARTESIAN_POINT('',(10.32,0.320000000000001,6.12679491924311));
#7992=VECTOR('',#7993,1.);
#7993=DIRECTION('',(-0.25056280708573,-0.250562807085732,0.93511312653103));
#7994=CARTESIAN_POINT('',(10.22,-0.22,6.5));
#7995=CARTESIAN_POINT('',(10.22,-0.22,6.5));
#7996=VECTOR('',#7997,1.);
#7997=DIRECTION('',(0.,1.,0.));
#7998=CARTESIAN_POINT('',(10.32,-0.32,6.12679491924311));
#7999=VECTOR('',#8000,1.);
#8000=DIRECTION('',(-0.250562807085731,0.250562807085731,0.93511312653103));
#8001=CARTESIAN_POINT('',(9.78,-0.22,6.5));
#8002=CARTESIAN_POINT('',(9.78,-0.22,6.5));
#8003=VECTOR('',#8004,1.);
#8004=DIRECTION('',(1.,-1.26161707343767E-016,0.));
#8005=CARTESIAN_POINT('',(9.68,-0.320000000000001,6.12679491924311));
#8006=VECTOR('',#8007,1.);
#8007=DIRECTION('',(0.25056280708573,0.250562807085731,0.93511312653103));
#8008=CARTESIAN_POINT('',(9.78,0.22,6.5));
#8009=VECTOR('',#8010,1.);
#8010=DIRECTION('',(0.,-1.,0.));
#8011=CARTESIAN_POINT('',(12.28,0.22,6.5));
#8012=CARTESIAN_POINT('',(12.18,0.32,6.12679491924311));
#8013=VECTOR('',#8014,1.);
#8014=DIRECTION('',(0.250562807085731,-0.250562807085731,0.93511312653103));
#8015=CARTESIAN_POINT('',(12.72,0.22,6.5));
#8016=CARTESIAN_POINT('',(12.72,0.22,6.5));
#8017=VECTOR('',#8018,1.);
#8018=DIRECTION('',(-1.,0.,0.));
#8019=CARTESIAN_POINT('',(12.82,0.320000000000001,6.12679491924311));
#8020=VECTOR('',#8021,1.);
#8021=DIRECTION('',(-0.25056280708573,-0.250562807085732,0.93511312653103));
#8022=CARTESIAN_POINT('',(12.72,-0.22,6.5));
#8023=CARTESIAN_POINT('',(12.72,-0.22,6.5));
#8024=VECTOR('',#8025,1.);
#8025=DIRECTION('',(0.,1.,0.));
#8026=CARTESIAN_POINT('',(12.82,-0.32,6.12679491924311));
#8027=VECTOR('',#8028,1.);
#8028=DIRECTION('',(-0.250562807085731,0.250562807085731,0.93511312653103));
#8029=CARTESIAN_POINT('',(12.28,-0.22,6.5));
#8030=CARTESIAN_POINT('',(12.28,-0.22,6.5));
#8031=VECTOR('',#8032,1.);
#8032=DIRECTION('',(1.,-1.26161707343767E-016,0.));
#8033=CARTESIAN_POINT('',(12.18,-0.320000000000001,6.12679491924311));
#8034=VECTOR('',#8035,1.);
#8035=DIRECTION('',(0.25056280708573,0.250562807085731,0.93511312653103));
#8036=CARTESIAN_POINT('',(12.28,0.22,6.5));
#8037=VECTOR('',#8038,1.);
#8038=DIRECTION('',(0.,-1.,0.));
#8039=CARTESIAN_POINT('',(14.78,0.22,6.5));
#8040=CARTESIAN_POINT('',(14.68,0.32,6.12679491924311));
#8041=VECTOR('',#8042,1.);
#8042=DIRECTION('',(0.250562807085731,-0.250562807085731,0.93511312653103));
#8043=CARTESIAN_POINT('',(15.22,0.22,6.5));
#8044=CARTESIAN_POINT('',(15.22,0.22,6.5));
#8045=VECTOR('',#8046,1.);
#8046=DIRECTION('',(-1.,0.,0.));
#8047=CARTESIAN_POINT('',(15.32,0.320000000000001,6.12679491924311));
#8048=VECTOR('',#8049,1.);
#8049=DIRECTION('',(-0.25056280708573,-0.250562807085732,0.93511312653103));
#8050=CARTESIAN_POINT('',(15.22,-0.22,6.5));
#8051=CARTESIAN_POINT('',(15.22,-0.22,6.5));
#8052=VECTOR('',#8053,1.);
#8053=DIRECTION('',(0.,1.,0.));
#8054=CARTESIAN_POINT('',(15.32,-0.32,6.12679491924311));
#8055=VECTOR('',#8056,1.);
#8056=DIRECTION('',(-0.250562807085731,0.250562807085731,0.93511312653103));
#8057=CARTESIAN_POINT('',(14.78,-0.22,6.5));
#8058=CARTESIAN_POINT('',(14.78,-0.22,6.5));
#8059=VECTOR('',#8060,1.);
#8060=DIRECTION('',(1.,-1.26161707343767E-016,0.));
#8061=CARTESIAN_POINT('',(14.68,-0.320000000000001,6.12679491924311));
#8062=VECTOR('',#8063,1.);
#8063=DIRECTION('',(0.25056280708573,0.250562807085731,0.93511312653103));
#8064=CARTESIAN_POINT('',(14.78,0.22,6.5));
#8065=VECTOR('',#8066,1.);
#8066=DIRECTION('',(0.,-1.,0.));
#8067=CARTESIAN_POINT('',(17.28,0.22,6.5));
#8068=CARTESIAN_POINT('',(17.18,0.32,6.12679491924311));
#8069=VECTOR('',#8070,1.);
#8070=DIRECTION('',(0.250562807085735,-0.25056280708573,0.935113126531029));
#8071=CARTESIAN_POINT('',(17.72,0.22,6.5));
#8072=CARTESIAN_POINT('',(17.72,0.22,6.5));
#8073=VECTOR('',#8074,1.);
#8074=DIRECTION('',(-1.,6.30808536718842E-017,0.));
#8075=CARTESIAN_POINT('',(17.82,0.320000000000001,6.12679491924311));
#8076=VECTOR('',#8077,1.);
#8077=DIRECTION('',(-0.250562807085734,-0.250562807085732,0.935113126531029));
#8078=CARTESIAN_POINT('',(17.72,-0.22,6.5));
#8079=CARTESIAN_POINT('',(17.72,-0.22,6.5));
#8080=VECTOR('',#8081,1.);
#8081=DIRECTION('',(0.,1.,0.));
#8082=CARTESIAN_POINT('',(17.82,-0.32,6.12679491924311));
#8083=VECTOR('',#8084,1.);
#8084=DIRECTION('',(-0.250562807085735,0.25056280708573,0.935113126531029));
#8085=CARTESIAN_POINT('',(17.28,-0.22,6.5));
#8086=CARTESIAN_POINT('',(17.28,-0.22,6.5));
#8087=VECTOR('',#8088,1.);
#8088=DIRECTION('',(1.,-6.30808536718842E-017,0.));
#8089=CARTESIAN_POINT('',(17.18,-0.320000000000001,6.12679491924311));
#8090=VECTOR('',#8091,1.);
#8091=DIRECTION('',(0.250562807085734,0.250562807085731,0.935113126531029));
#8092=CARTESIAN_POINT('',(17.28,0.22,6.5));
#8093=VECTOR('',#8094,1.);
#8094=DIRECTION('',(0.,-1.,0.));
#8095=CARTESIAN_POINT('',(19.78,0.22,6.5));
#8096=CARTESIAN_POINT('',(19.68,0.32,6.12679491924311));
#8097=VECTOR('',#8098,1.);
#8098=DIRECTION('',(0.250562807085735,-0.25056280708573,0.935113126531029));
#8099=CARTESIAN_POINT('',(20.22,0.22,6.5));
#8100=CARTESIAN_POINT('',(20.22,0.22,6.5));
#8101=VECTOR('',#8102,1.);
#8102=DIRECTION('',(-1.,6.30808536718842E-017,0.));
#8103=CARTESIAN_POINT('',(20.32,0.320000000000001,6.12679491924311));
#8104=VECTOR('',#8105,1.);
#8105=DIRECTION('',(-0.250562807085734,-0.250562807085732,0.935113126531029));
#8106=CARTESIAN_POINT('',(20.22,-0.22,6.5));
#8107=CARTESIAN_POINT('',(20.22,-0.22,6.5));
#8108=VECTOR('',#8109,1.);
#8109=DIRECTION('',(0.,1.,0.));
#8110=CARTESIAN_POINT('',(20.32,-0.32,6.12679491924311));
#8111=VECTOR('',#8112,1.);
#8112=DIRECTION('',(-0.250562807085735,0.25056280708573,0.935113126531029));
#8113=CARTESIAN_POINT('',(19.78,-0.22,6.5));
#8114=CARTESIAN_POINT('',(19.78,-0.22,6.5));
#8115=VECTOR('',#8116,1.);
#8116=DIRECTION('',(1.,-6.30808536718842E-017,0.));
#8117=CARTESIAN_POINT('',(19.68,-0.320000000000001,6.12679491924311));
#8118=VECTOR('',#8119,1.);
#8119=DIRECTION('',(0.250562807085734,0.250562807085731,0.935113126531029));
#8120=CARTESIAN_POINT('',(19.78,0.22,6.5));
#8121=VECTOR('',#8122,1.);
#8122=DIRECTION('',(0.,-1.,0.));
#8123=CARTESIAN_POINT('',(-0.22,0.22,6.5));
#8124=CARTESIAN_POINT('',(-0.32,0.32,6.12679491924311));
#8125=VECTOR('',#8126,1.);
#8126=DIRECTION('',(0.250562807085732,-0.250562807085733,0.935113126531029));
#8127=CARTESIAN_POINT('',(0.22,0.22,6.5));
#8128=CARTESIAN_POINT('',(0.22,0.22,6.5));
#8129=VECTOR('',#8130,1.);
#8130=DIRECTION('',(-1.,0.,0.));
#8131=CARTESIAN_POINT('',(0.32,0.320000000000001,6.12679491924311));
#8132=VECTOR('',#8133,1.);
#8133=DIRECTION('',(-0.25056280708573,-0.250562807085732,0.93511312653103));
#8134=CARTESIAN_POINT('',(0.22,-0.22,6.5));
#8135=CARTESIAN_POINT('',(0.22,-0.22,6.5));
#8136=VECTOR('',#8137,1.);
#8137=DIRECTION('',(0.,1.,0.));
#8138=CARTESIAN_POINT('',(0.32,-0.32,6.12679491924311));
#8139=VECTOR('',#8140,1.);
#8140=DIRECTION('',(-0.250562807085732,0.250562807085733,0.935113126531029));
#8141=CARTESIAN_POINT('',(-0.22,-0.22,6.5));
#8142=CARTESIAN_POINT('',(-0.22,-0.22,6.5));
#8143=VECTOR('',#8144,1.);
#8144=DIRECTION('',(1.,0.,0.));
#8145=CARTESIAN_POINT('',(-0.32,-0.320000000000001,6.12679491924311));
#8146=VECTOR('',#8147,1.);
#8147=DIRECTION('',(0.25056280708573,0.250562807085732,0.93511312653103));
#8148=CARTESIAN_POINT('',(-0.22,0.22,6.5));
#8149=VECTOR('',#8150,1.);
#8150=DIRECTION('',(-1.26161707343768E-016,-1.,0.));
#8151=CARTESIAN_POINT('',(0.22,0.22,-3.5));
#8152=CARTESIAN_POINT('',(0.32,0.32,-3.12679491924311));
#8153=VECTOR('',#8154,1.);
#8154=DIRECTION('',(-0.250562807085732,-0.250562807085732,-0.935113126531029));
#8155=CARTESIAN_POINT('',(-0.22,0.22,-3.5));
#8156=CARTESIAN_POINT('',(0.22,0.22,-3.5));
#8157=VECTOR('',#8158,1.);
#8158=DIRECTION('',(-1.,0.,0.));
#8159=CARTESIAN_POINT('',(-0.32,0.32,-3.12679491924311));
#8160=VECTOR('',#8161,1.);
#8161=DIRECTION('',(0.250562807085731,-0.250562807085732,-0.935113126531029));
#8162=CARTESIAN_POINT('',(-0.22,-0.22,-3.5));
#8163=CARTESIAN_POINT('',(-0.22,0.22,-3.5));
#8164=VECTOR('',#8165,1.);
#8165=DIRECTION('',(-1.26161707343768E-016,-1.,0.));
#8166=CARTESIAN_POINT('',(-0.32,-0.32,-3.12679491924311));
#8167=VECTOR('',#8168,1.);
#8168=DIRECTION('',(0.250562807085732,0.250562807085732,-0.935113126531029));
#8169=CARTESIAN_POINT('',(0.22,-0.22,-3.5));
#8170=CARTESIAN_POINT('',(-0.22,-0.22,-3.5));
#8171=VECTOR('',#8172,1.);
#8172=DIRECTION('',(1.,0.,0.));
#8173=CARTESIAN_POINT('',(0.32,-0.32,-3.12679491924311));
#8174=VECTOR('',#8175,1.);
#8175=DIRECTION('',(-0.250562807085731,0.250562807085732,-0.935113126531029));
#8176=CARTESIAN_POINT('',(0.22,-0.22,-3.5));
#8177=VECTOR('',#8178,1.);
#8178=DIRECTION('',(0.,1.,0.));
#8179=CARTESIAN_POINT('',(2.72,0.22,-3.5));
#8180=CARTESIAN_POINT('',(2.82,0.32,-3.12679491924311));
#8181=VECTOR('',#8182,1.);
#8182=DIRECTION('',(-0.250562807085732,-0.250562807085732,-0.935113126531029));
#8183=CARTESIAN_POINT('',(2.28,0.22,-3.5));
#8184=CARTESIAN_POINT('',(2.72,0.22,-3.5));
#8185=VECTOR('',#8186,1.);
#8186=DIRECTION('',(-1.,1.26161707343768E-016,0.));
#8187=CARTESIAN_POINT('',(2.18,0.32,-3.12679491924311));
#8188=VECTOR('',#8189,1.);
#8189=DIRECTION('',(0.250562807085733,-0.250562807085732,-0.935113126531029));
#8190=CARTESIAN_POINT('',(2.28,-0.22,-3.5));
#8191=CARTESIAN_POINT('',(2.28,0.22,-3.5));
#8192=VECTOR('',#8193,1.);
#8193=DIRECTION('',(0.,-1.,0.));
#8194=CARTESIAN_POINT('',(2.18,-0.32,-3.12679491924311));
#8195=VECTOR('',#8196,1.);
#8196=DIRECTION('',(0.250562807085732,0.250562807085732,-0.935113126531029));
#8197=CARTESIAN_POINT('',(2.72,-0.22,-3.5));
#8198=CARTESIAN_POINT('',(2.28,-0.22,-3.5));
#8199=VECTOR('',#8200,1.);
#8200=DIRECTION('',(1.,0.,0.));
#8201=CARTESIAN_POINT('',(2.82,-0.32,-3.12679491924311));
#8202=VECTOR('',#8203,1.);
#8203=DIRECTION('',(-0.250562807085731,0.250562807085732,-0.93511312653103));
#8204=CARTESIAN_POINT('',(2.72,-0.22,-3.5));
#8205=VECTOR('',#8206,1.);
#8206=DIRECTION('',(0.,1.,0.));
#8207=CARTESIAN_POINT('',(5.22,0.22,-3.5));
#8208=CARTESIAN_POINT('',(5.32,0.32,-3.12679491924311));
#8209=VECTOR('',#8210,1.);
#8210=DIRECTION('',(-0.250562807085731,-0.250562807085732,-0.93511312653103));
#8211=CARTESIAN_POINT('',(4.78,0.22,-3.5));
#8212=CARTESIAN_POINT('',(5.22,0.22,-3.5));
#8213=VECTOR('',#8214,1.);
#8214=DIRECTION('',(-1.,0.,0.));
#8215=CARTESIAN_POINT('',(4.68,0.32,-3.12679491924311));
#8216=VECTOR('',#8217,1.);
#8217=DIRECTION('',(0.250562807085731,-0.250562807085732,-0.93511312653103));
#8218=CARTESIAN_POINT('',(4.78,-0.22,-3.5));
#8219=CARTESIAN_POINT('',(4.78,0.22,-3.5));
#8220=VECTOR('',#8221,1.);
#8221=DIRECTION('',(0.,-1.,0.));
#8222=CARTESIAN_POINT('',(4.68,-0.32,-3.12679491924311));
#8223=VECTOR('',#8224,1.);
#8224=DIRECTION('',(0.250562807085731,0.250562807085732,-0.93511312653103));
#8225=CARTESIAN_POINT('',(5.22,-0.22,-3.5));
#8226=CARTESIAN_POINT('',(4.78,-0.22,-3.5));
#8227=VECTOR('',#8228,1.);
#8228=DIRECTION('',(1.,0.,0.));
#8229=CARTESIAN_POINT('',(5.32,-0.32,-3.12679491924311));
#8230=VECTOR('',#8231,1.);
#8231=DIRECTION('',(-0.250562807085731,0.250562807085732,-0.93511312653103));
#8232=CARTESIAN_POINT('',(5.22,-0.22,-3.5));
#8233=VECTOR('',#8234,1.);
#8234=DIRECTION('',(0.,1.,0.));
#8235=CARTESIAN_POINT('',(7.72,0.22,-3.5));
#8236=CARTESIAN_POINT('',(7.82,0.32,-3.12679491924311));
#8237=VECTOR('',#8238,1.);
#8238=DIRECTION('',(-0.250562807085731,-0.250562807085732,-0.93511312653103));
#8239=CARTESIAN_POINT('',(7.28,0.22,-3.5));
#8240=CARTESIAN_POINT('',(7.72,0.22,-3.5));
#8241=VECTOR('',#8242,1.);
#8242=DIRECTION('',(-1.,0.,0.));
#8243=CARTESIAN_POINT('',(7.18,0.32,-3.12679491924311));
#8244=VECTOR('',#8245,1.);
#8245=DIRECTION('',(0.250562807085733,-0.250562807085732,-0.935113126531029));
#8246=CARTESIAN_POINT('',(7.28,-0.22,-3.5));
#8247=CARTESIAN_POINT('',(7.28,0.22,-3.5));
#8248=VECTOR('',#8249,1.);
#8249=DIRECTION('',(0.,-1.,0.));
#8250=CARTESIAN_POINT('',(7.18,-0.32,-3.12679491924311));
#8251=VECTOR('',#8252,1.);
#8252=DIRECTION('',(0.250562807085731,0.250562807085732,-0.93511312653103));
#8253=CARTESIAN_POINT('',(7.72,-0.22,-3.5));
#8254=CARTESIAN_POINT('',(7.28,-0.22,-3.5));
#8255=VECTOR('',#8256,1.);
#8256=DIRECTION('',(1.,0.,0.));
#8257=CARTESIAN_POINT('',(7.82,-0.32,-3.12679491924311));
#8258=VECTOR('',#8259,1.);
#8259=DIRECTION('',(-0.250562807085731,0.250562807085732,-0.93511312653103));
#8260=CARTESIAN_POINT('',(7.72,-0.22,-3.5));
#8261=VECTOR('',#8262,1.);
#8262=DIRECTION('',(0.,1.,0.));
#8263=CARTESIAN_POINT('',(10.22,0.22,-3.5));
#8264=CARTESIAN_POINT('',(10.32,0.32,-3.12679491924311));
#8265=VECTOR('',#8266,1.);
#8266=DIRECTION('',(-0.250562807085731,-0.250562807085732,-0.93511312653103));
#8267=CARTESIAN_POINT('',(9.78,0.22,-3.5));
#8268=CARTESIAN_POINT('',(10.22,0.22,-3.5));
#8269=VECTOR('',#8270,1.);
#8270=DIRECTION('',(-1.,0.,0.));
#8271=CARTESIAN_POINT('',(9.68,0.32,-3.12679491924311));
#8272=VECTOR('',#8273,1.);
#8273=DIRECTION('',(0.250562807085731,-0.250562807085732,-0.93511312653103));
#8274=CARTESIAN_POINT('',(9.78,-0.22,-3.5));
#8275=CARTESIAN_POINT('',(9.78,0.22,-3.5));
#8276=VECTOR('',#8277,1.);
#8277=DIRECTION('',(0.,-1.,0.));
#8278=CARTESIAN_POINT('',(9.68,-0.32,-3.12679491924311));
#8279=VECTOR('',#8280,1.);
#8280=DIRECTION('',(0.250562807085731,0.250562807085731,-0.93511312653103));
#8281=CARTESIAN_POINT('',(10.22,-0.22,-3.5));
#8282=CARTESIAN_POINT('',(9.78,-0.22,-3.5));
#8283=VECTOR('',#8284,1.);
#8284=DIRECTION('',(1.,-1.26161707343767E-016,0.));
#8285=CARTESIAN_POINT('',(10.32,-0.32,-3.12679491924311));
#8286=VECTOR('',#8287,1.);
#8287=DIRECTION('',(-0.250562807085731,0.250562807085732,-0.93511312653103));
#8288=CARTESIAN_POINT('',(10.22,-0.22,-3.5));
#8289=VECTOR('',#8290,1.);
#8290=DIRECTION('',(0.,1.,0.));
#8291=CARTESIAN_POINT('',(12.72,0.22,-3.5));
#8292=CARTESIAN_POINT('',(12.82,0.32,-3.12679491924311));
#8293=VECTOR('',#8294,1.);
#8294=DIRECTION('',(-0.250562807085731,-0.250562807085732,-0.93511312653103));
#8295=CARTESIAN_POINT('',(12.28,0.22,-3.5));
#8296=CARTESIAN_POINT('',(12.72,0.22,-3.5));
#8297=VECTOR('',#8298,1.);
#8298=DIRECTION('',(-1.,0.,0.));
#8299=CARTESIAN_POINT('',(12.18,0.32,-3.12679491924311));
#8300=VECTOR('',#8301,1.);
#8301=DIRECTION('',(0.250562807085731,-0.250562807085732,-0.93511312653103));
#8302=CARTESIAN_POINT('',(12.28,-0.22,-3.5));
#8303=CARTESIAN_POINT('',(12.28,0.22,-3.5));
#8304=VECTOR('',#8305,1.);
#8305=DIRECTION('',(0.,-1.,0.));
#8306=CARTESIAN_POINT('',(12.18,-0.32,-3.12679491924311));
#8307=VECTOR('',#8308,1.);
#8308=DIRECTION('',(0.250562807085731,0.250562807085731,-0.93511312653103));
#8309=CARTESIAN_POINT('',(12.72,-0.22,-3.5));
#8310=CARTESIAN_POINT('',(12.28,-0.22,-3.5));
#8311=VECTOR('',#8312,1.);
#8312=DIRECTION('',(1.,-1.26161707343767E-016,0.));
#8313=CARTESIAN_POINT('',(12.82,-0.32,-3.12679491924311));
#8314=VECTOR('',#8315,1.);
#8315=DIRECTION('',(-0.250562807085731,0.250562807085732,-0.93511312653103));
#8316=CARTESIAN_POINT('',(12.72,-0.22,-3.5));
#8317=VECTOR('',#8318,1.);
#8318=DIRECTION('',(0.,1.,0.));
#8319=CARTESIAN_POINT('',(15.22,0.22,-3.5));
#8320=CARTESIAN_POINT('',(15.32,0.32,-3.12679491924311));
#8321=VECTOR('',#8322,1.);
#8322=DIRECTION('',(-0.250562807085731,-0.250562807085732,-0.93511312653103));
#8323=CARTESIAN_POINT('',(14.78,0.22,-3.5));
#8324=CARTESIAN_POINT('',(15.22,0.22,-3.5));
#8325=VECTOR('',#8326,1.);
#8326=DIRECTION('',(-1.,0.,0.));
#8327=CARTESIAN_POINT('',(14.68,0.32,-3.12679491924311));
#8328=VECTOR('',#8329,1.);
#8329=DIRECTION('',(0.250562807085731,-0.250562807085732,-0.93511312653103));
#8330=CARTESIAN_POINT('',(14.78,-0.22,-3.5));
#8331=CARTESIAN_POINT('',(14.78,0.22,-3.5));
#8332=VECTOR('',#8333,1.);
#8333=DIRECTION('',(0.,-1.,0.));
#8334=CARTESIAN_POINT('',(14.68,-0.32,-3.12679491924311));
#8335=VECTOR('',#8336,1.);
#8336=DIRECTION('',(0.250562807085731,0.250562807085731,-0.93511312653103));
#8337=CARTESIAN_POINT('',(15.22,-0.22,-3.5));
#8338=CARTESIAN_POINT('',(14.78,-0.22,-3.5));
#8339=VECTOR('',#8340,1.);
#8340=DIRECTION('',(1.,-1.26161707343767E-016,0.));
#8341=CARTESIAN_POINT('',(15.32,-0.32,-3.12679491924311));
#8342=VECTOR('',#8343,1.);
#8343=DIRECTION('',(-0.250562807085731,0.250562807085732,-0.93511312653103));
#8344=CARTESIAN_POINT('',(15.22,-0.22,-3.5));
#8345=VECTOR('',#8346,1.);
#8346=DIRECTION('',(0.,1.,0.));
#8347=CARTESIAN_POINT('',(17.72,0.22,-3.5));
#8348=CARTESIAN_POINT('',(17.82,0.32,-3.12679491924311));
#8349=VECTOR('',#8350,1.);
#8350=DIRECTION('',(-0.250562807085735,-0.250562807085732,-0.935113126531029));
#8351=CARTESIAN_POINT('',(17.28,0.22,-3.5));
#8352=CARTESIAN_POINT('',(17.72,0.22,-3.5));
#8353=VECTOR('',#8354,1.);
#8354=DIRECTION('',(-1.,6.30808536718842E-017,0.));
#8355=CARTESIAN_POINT('',(17.18,0.32,-3.12679491924311));
#8356=VECTOR('',#8357,1.);
#8357=DIRECTION('',(0.250562807085735,-0.250562807085731,-0.935113126531029));
#8358=CARTESIAN_POINT('',(17.28,-0.22,-3.5));
#8359=CARTESIAN_POINT('',(17.28,0.22,-3.5));
#8360=VECTOR('',#8361,1.);
#8361=DIRECTION('',(0.,-1.,0.));
#8362=CARTESIAN_POINT('',(17.18,-0.32,-3.12679491924311));
#8363=VECTOR('',#8364,1.);
#8364=DIRECTION('',(0.250562807085735,0.250562807085731,-0.935113126531029));
#8365=CARTESIAN_POINT('',(17.72,-0.22,-3.5));
#8366=CARTESIAN_POINT('',(17.28,-0.22,-3.5));
#8367=VECTOR('',#8368,1.);
#8368=DIRECTION('',(1.,-6.30808536718842E-017,0.));
#8369=CARTESIAN_POINT('',(17.82,-0.32,-3.12679491924311));
#8370=VECTOR('',#8371,1.);
#8371=DIRECTION('',(-0.250562807085735,0.250562807085731,-0.935113126531029));
#8372=CARTESIAN_POINT('',(17.72,-0.22,-3.5));
#8373=VECTOR('',#8374,1.);
#8374=DIRECTION('',(0.,1.,0.));
#8375=CARTESIAN_POINT('',(20.22,0.22,-3.5));
#8376=CARTESIAN_POINT('',(20.32,0.32,-3.12679491924311));
#8377=VECTOR('',#8378,1.);
#8378=DIRECTION('',(-0.250562807085735,-0.250562807085732,-0.935113126531029));
#8379=CARTESIAN_POINT('',(19.78,0.22,-3.5));
#8380=CARTESIAN_POINT('',(20.22,0.22,-3.5));
#8381=VECTOR('',#8382,1.);
#8382=DIRECTION('',(-1.,6.30808536718842E-017,0.));
#8383=CARTESIAN_POINT('',(19.68,0.32,-3.12679491924311));
#8384=VECTOR('',#8385,1.);
#8385=DIRECTION('',(0.250562807085735,-0.250562807085731,-0.935113126531029));
#8386=CARTESIAN_POINT('',(19.78,-0.22,-3.5));
#8387=CARTESIAN_POINT('',(19.78,0.22,-3.5));
#8388=VECTOR('',#8389,1.);
#8389=DIRECTION('',(0.,-1.,0.));
#8390=CARTESIAN_POINT('',(19.68,-0.32,-3.12679491924311));
#8391=VECTOR('',#8392,1.);
#8392=DIRECTION('',(0.250562807085735,0.250562807085731,-0.935113126531029));
#8393=CARTESIAN_POINT('',(20.22,-0.22,-3.5));
#8394=CARTESIAN_POINT('',(19.78,-0.22,-3.5));
#8395=VECTOR('',#8396,1.);
#8396=DIRECTION('',(1.,-6.30808536718842E-017,0.));
#8397=CARTESIAN_POINT('',(20.32,-0.32,-3.12679491924311));
#8398=VECTOR('',#8399,1.);
#8399=DIRECTION('',(-0.250562807085735,0.250562807085731,-0.935113126531029));
#8400=CARTESIAN_POINT('',(20.22,-0.22,-3.5));
#8401=VECTOR('',#8402,1.);
#8402=DIRECTION('',(0.,1.,0.));
ENDSEC;
END-ISO-10303-21;
