ISO-10303-21;
HEADER;
FILE_DESCRIPTION(('STEP AP214'),
    '1');
FILE_NAME('DS1069 (CWF CONNFLY)',
    '2018-04-27T07:32:43',
    ('Chugay'),
    (''),
    'ASCON STEP Converter 1.3',
    'ASCON Math Kernel',
    '');
FILE_SCHEMA(('AUTOMOTIVE_DESIGN { 1 0 10303 214 3 1 1}'));
ENDSEC;

DATA;
#1=SHAPE_REPRESENTATION('NONE',(#2),#6);
#2=AXIS2_PLACEMENT_3D('',#3,#4,#5);
#3=CARTESIAN_POINT('',(0.,0.,0.));
#4=DIRECTION('',(0.,0.,1.));
#5=DIRECTION('',(1.,0.,0.));
#6=(GEOMETRIC_REPRESENTATION_CONTEXT(3)GLOBAL_UNCERTAINTY_ASSIGNED_CONTEXT((#8))
GLOBAL_UNIT_ASSIGNED_CONTEXT((#7,#9,#10))REPRESENTATION_CONTEXT('NONE','NONE'));
#7=(LENGTH_UNIT()NAMED_UNIT(*)SI_UNIT(.MILLI.,.METRE.));
#8=UNCERTAINTY_MEASURE_WITH_UNIT(LENGTH_MEASURE(1.E-005),#7,'NONE','NONE');
#9=(NAMED_UNIT(*)PLANE_ANGLE_UNIT()SI_UNIT($,.RADIAN.));
#10=(NAMED_UNIT(*)SI_UNIT($,.STERADIAN.)SOLID_ANGLE_UNIT());
#11=SHAPE_DEFINITION_REPRESENTATION(#12,#1);
#12=PRODUCT_DEFINITION_SHAPE('NONE','NONE',#13);
#13=PRODUCT_DEFINITION('','UNSPECIFIED',#14,#22);
#14=PRODUCT_DEFINITION_FORMATION_WITH_SPECIFIED_SOURCE('ANY','UNSPECIFIED',#15,.NOT_KNOWN.);
#15=PRODUCT('','CWF-X','NONE',(#25));
#16=PERSON('UNSPECIFIED','Chugay','UNSPECIFIED',('UNSPECIFIED'),('UNSPECIFIED'),
('UNSPECIFIED'));
#17=ORGANIZATION('UNSPECIFIED','UNSPECIFIED','UNSPECIFIED');
#18=PERSON_AND_ORGANIZATION(#16,#17);
#19=PERSON_AND_ORGANIZATION_ROLE('design_owner');
#20=CC_DESIGN_PERSON_AND_ORGANIZATION_ASSIGNMENT(#18,#19,(#15));
#21=PRODUCT_RELATED_PRODUCT_CATEGORY('detail','',(#15));
#22=DESIGN_CONTEXT('detailed design',#23,'design');
#23=APPLICATION_CONTEXT('configuration controlled 3d designs of mechanical parts and assemblies');
#24=APPLICATION_PROTOCOL_DEFINITION('international standard','automotive_design',
2011,#23);
#25=MECHANICAL_CONTEXT('NONE',#23,'mechanical');
#26=CC_DESIGN_DATE_AND_TIME_ASSIGNMENT(#27,#31,(#13));
#27=DATE_AND_TIME(#28,#29);
#28=CALENDAR_DATE(0,1,1);
#29=LOCAL_TIME(0,0,0.,#30);
#30=COORDINATED_UNIVERSAL_TIME_OFFSET(0,0,.AHEAD.);
#31=DATE_TIME_ROLE('creation_date');
#32=CC_DESIGN_APPROVAL(#33,(#13));
#33=APPROVAL(#34,'UNSPECIFIED');
#34=APPROVAL_STATUS('not_yet_approved');
#35=APPROVAL_DATE_TIME(#36,#33);
#36=DATE_AND_TIME(#37,#38);
#37=CALENDAR_DATE(0,1,1);
#38=LOCAL_TIME(0,0,0.,#39);
#39=COORDINATED_UNIVERSAL_TIME_OFFSET(0,0,.AHEAD.);
#40=DERIVED_UNIT((#44,#41));
#41=DERIVED_UNIT_ELEMENT(#42,-1.);
#42=VOLUME_UNIT(#43);
#43=DIMENSIONAL_EXPONENTS(3.,0.,0.,0.,0.,0.,0.);
#44=(NAMED_UNIT($)MASS_UNIT()SI_UNIT($,.GRAM.));
#45=MANIFOLD_SOLID_BREP('',#46);
#46=CLOSED_SHELL('',(#58,#67,#76,#85,#94,#103,#112,#121,#130,#139,#148,#157,#166,
#175,#184,#193,#202,#211,#220,#229,#238,#247,#256,#265,#274,#283,#292,#301,#310,
#319,#328,#337,#346,#355,#364,#373,#382,#391,#400,#409,#418,#427,#436,#445,#454,
#463,#472,#481,#490,#499,#508,#517,#526,#535,#544,#553,#562,#571,#580,#589,#598,
#607,#616,#625,#634,#643,#652,#661,#670,#679,#688,#697,#706,#715,#724,#733,#742,
#751,#760,#769,#778,#787,#796,#805,#814,#823,#832,#841,#850,#859,#868,#877,#886,
#895,#904,#913,#922,#931,#940,#949,#958,#967,#976,#985,#994,#1003,#1012,#1021,#1030,
#1039,#1048,#1057,#1066,#1075,#1084,#1093,#1102,#1111,#1120,#1129,#1138,#1147,#1156,
#1165,#1174,#1183,#1192,#1201,#1210,#1219,#1228,#1237,#1246,#1255,#1264,#1273,#1282,
#1291,#1300,#1309,#1318,#1327,#1336,#1345,#1354,#1363,#1372,#1381,#1390,#1399,#1408,
#1417,#1426,#1435,#1444,#1453,#1462,#1471,#1480,#1489,#1498,#1507,#1516,#1525,#1534,
#1543,#1552,#1561,#1570,#1579,#1588,#1597,#1606,#1615,#1624,#1633,#1642,#1651,#1660,
#1669,#1678,#1687,#1696,#1705,#1714,#1723,#1732,#1741,#1750,#1759,#1768,#1777,#1786,
#1795,#1804,#1813,#1822,#1831,#1840,#1849,#1858,#1867,#1876,#1885,#1894,#1903,#1912,
#1921,#1930,#1939,#1948,#1957,#1966,#1975,#1984,#1993,#2002,#2011,#2020,#2029,#2038,
#2047,#2056,#2065,#2074,#2083,#2092,#2101,#2110,#2119,#2128,#2137,#2146,#2155,#2164,
#2173,#2182,#2191,#2200,#2209,#2218,#2227,#2236,#2245,#2254,#2263,#2272,#2281,#2290,
#2299,#2308,#2317,#2326,#2335,#2344,#2353,#2362,#2371,#2380,#2389,#2398,#2407,#2416,
#2425,#2434,#2443,#2452,#2461,#2470,#2479,#2488,#2497,#2506,#2515,#2524,#2533,#2542,
#2551,#2560,#2569,#2578,#2587,#2596,#2605,#2614,#2623,#2632,#2641,#2650,#2659,#2668,
#2677,#2686,#2695,#2704,#2713,#2722));
#47=COLOUR_RGB($,1.,1.,1.);
#48=FILL_AREA_STYLE_COLOUR($,#47);
#49=FILL_AREA_STYLE($,(#48));
#50=SURFACE_STYLE_FILL_AREA(#49);
#51=SURFACE_SIDE_STYLE('',(#50));
#52=SURFACE_STYLE_USAGE(.BOTH.,#51);
#53=PRESENTATION_STYLE_ASSIGNMENT((#52));
#54=MECHANICAL_DESIGN_GEOMETRIC_PRESENTATION_REPRESENTATION('NONE',(#55,#66,#75,
#84,#93,#102,#111,#120,#129,#138,#147,#156,#165,#174,#183,#192,#201,#210,#219,#228,
#237,#246,#255,#264,#273,#282,#291,#300,#309,#318,#327,#336,#345,#354,#363,#372,
#381,#390,#399,#408,#417,#426,#435,#444,#453,#462,#471,#480,#489,#498,#507,#516,
#525,#534,#543,#552,#561,#570,#579,#588,#597,#606,#615,#624,#633,#642,#651,#660,
#669,#678,#687,#696,#705,#714,#723,#732,#741,#750,#759,#768,#777,#786,#795,#804,
#813,#822,#831,#840,#849,#858,#867,#876,#885,#894,#903,#912,#921,#930,#939,#948,
#957,#966,#975,#984,#993,#1002,#1011,#1020,#1029,#1038,#1047,#1056,#1065,#1074,#1083,
#1092,#1101,#1110,#1119,#1128,#1137,#1146,#1155,#1164,#1173,#1182,#1191,#1200,#1209,
#1218,#1227,#1236,#1245,#1254,#1263,#1272,#1281,#1290,#1299,#1308,#1317,#1326,#1335,
#1344,#1353,#1362,#1371,#1380,#1389,#1398,#1407,#1416,#1425,#1434,#1443,#1452,#1461,
#1470,#1479,#1488,#1497,#1506,#1515,#1524,#1533,#1542,#1551,#1560,#1569,#1578,#1587,
#1596,#1605,#1614,#1623,#1632,#1641,#1650,#1659,#1668,#1677,#1686,#1695,#1704,#1713,
#1722,#1731,#1740,#1749,#1758,#1767,#1776,#1785,#1794,#1803,#1812,#1821,#1830,#1839,
#1848,#1857,#1866,#1875,#1884,#1893,#1902,#1911,#1920,#1929,#1938,#1947,#1956,#1965,
#1974,#1983,#1992,#2001,#2010,#2019,#2028,#2037,#2046,#2055,#2064,#2073,#2082,#2091,
#2100,#2109,#2118,#2127,#2136,#2145,#2154,#2163,#2172,#2181,#2190,#2199,#2208,#2217,
#2226,#2235,#2244,#2253,#2262,#2271,#2280,#2289,#2298,#2307,#2316,#2325,#2334,#2343,
#2352,#2361,#2370,#2379,#2388,#2397,#2406,#2415,#2424,#2433,#2442,#2451,#2460,#2469,
#2478,#2487,#2496,#2505,#2514,#2523,#2532,#2541,#2550,#2559,#2568,#2577,#2586,#2595,
#2604,#2613,#2622,#2631,#2640,#2649,#2658,#2667,#2676,#2685,#2694,#2703,#2712,#2721,
#2730),#6);
#55=STYLED_ITEM('',(#53),#45);
#56=ADVANCED_BREP_SHAPE_REPRESENTATION('NONE',(#45),#6);
#57=SHAPE_REPRESENTATION_RELATIONSHIP('','',#1,#56);
#58=ADVANCED_FACE('',(#2731),#2733,.F.);
#59=COLOUR_RGB($,1.,1.,1.);
#60=FILL_AREA_STYLE_COLOUR($,#59);
#61=FILL_AREA_STYLE($,(#60));
#62=SURFACE_STYLE_FILL_AREA(#61);
#63=SURFACE_SIDE_STYLE('',(#62));
#64=SURFACE_STYLE_USAGE(.BOTH.,#63);
#65=PRESENTATION_STYLE_ASSIGNMENT((#64));
#66=STYLED_ITEM('',(#65),#58);
#67=ADVANCED_FACE('',(#2738),#2740,.T.);
#68=COLOUR_RGB($,1.,1.,1.);
#69=FILL_AREA_STYLE_COLOUR($,#68);
#70=FILL_AREA_STYLE($,(#69));
#71=SURFACE_STYLE_FILL_AREA(#70);
#72=SURFACE_SIDE_STYLE('',(#71));
#73=SURFACE_STYLE_USAGE(.BOTH.,#72);
#74=PRESENTATION_STYLE_ASSIGNMENT((#73));
#75=STYLED_ITEM('',(#74),#67);
#76=ADVANCED_FACE('',(#2745),#2747,.T.);
#77=COLOUR_RGB($,1.,1.,1.);
#78=FILL_AREA_STYLE_COLOUR($,#77);
#79=FILL_AREA_STYLE($,(#78));
#80=SURFACE_STYLE_FILL_AREA(#79);
#81=SURFACE_SIDE_STYLE('',(#80));
#82=SURFACE_STYLE_USAGE(.BOTH.,#81);
#83=PRESENTATION_STYLE_ASSIGNMENT((#82));
#84=STYLED_ITEM('',(#83),#76);
#85=ADVANCED_FACE('',(#2752),#2754,.T.);
#86=COLOUR_RGB($,1.,1.,1.);
#87=FILL_AREA_STYLE_COLOUR($,#86);
#88=FILL_AREA_STYLE($,(#87));
#89=SURFACE_STYLE_FILL_AREA(#88);
#90=SURFACE_SIDE_STYLE('',(#89));
#91=SURFACE_STYLE_USAGE(.BOTH.,#90);
#92=PRESENTATION_STYLE_ASSIGNMENT((#91));
#93=STYLED_ITEM('',(#92),#85);
#94=ADVANCED_FACE('',(#2759),#2761,.F.);
#95=COLOUR_RGB($,1.,1.,1.);
#96=FILL_AREA_STYLE_COLOUR($,#95);
#97=FILL_AREA_STYLE($,(#96));
#98=SURFACE_STYLE_FILL_AREA(#97);
#99=SURFACE_SIDE_STYLE('',(#98));
#100=SURFACE_STYLE_USAGE(.BOTH.,#99);
#101=PRESENTATION_STYLE_ASSIGNMENT((#100));
#102=STYLED_ITEM('',(#101),#94);
#103=ADVANCED_FACE('',(#2766),#2768,.F.);
#104=COLOUR_RGB($,1.,1.,1.);
#105=FILL_AREA_STYLE_COLOUR($,#104);
#106=FILL_AREA_STYLE($,(#105));
#107=SURFACE_STYLE_FILL_AREA(#106);
#108=SURFACE_SIDE_STYLE('',(#107));
#109=SURFACE_STYLE_USAGE(.BOTH.,#108);
#110=PRESENTATION_STYLE_ASSIGNMENT((#109));
#111=STYLED_ITEM('',(#110),#103);
#112=ADVANCED_FACE('',(#2773),#2775,.F.);
#113=COLOUR_RGB($,1.,1.,1.);
#114=FILL_AREA_STYLE_COLOUR($,#113);
#115=FILL_AREA_STYLE($,(#114));
#116=SURFACE_STYLE_FILL_AREA(#115);
#117=SURFACE_SIDE_STYLE('',(#116));
#118=SURFACE_STYLE_USAGE(.BOTH.,#117);
#119=PRESENTATION_STYLE_ASSIGNMENT((#118));
#120=STYLED_ITEM('',(#119),#112);
#121=ADVANCED_FACE('',(#2780),#2782,.F.);
#122=COLOUR_RGB($,1.,1.,1.);
#123=FILL_AREA_STYLE_COLOUR($,#122);
#124=FILL_AREA_STYLE($,(#123));
#125=SURFACE_STYLE_FILL_AREA(#124);
#126=SURFACE_SIDE_STYLE('',(#125));
#127=SURFACE_STYLE_USAGE(.BOTH.,#126);
#128=PRESENTATION_STYLE_ASSIGNMENT((#127));
#129=STYLED_ITEM('',(#128),#121);
#130=ADVANCED_FACE('',(#2787),#2789,.F.);
#131=COLOUR_RGB($,1.,1.,1.);
#132=FILL_AREA_STYLE_COLOUR($,#131);
#133=FILL_AREA_STYLE($,(#132));
#134=SURFACE_STYLE_FILL_AREA(#133);
#135=SURFACE_SIDE_STYLE('',(#134));
#136=SURFACE_STYLE_USAGE(.BOTH.,#135);
#137=PRESENTATION_STYLE_ASSIGNMENT((#136));
#138=STYLED_ITEM('',(#137),#130);
#139=ADVANCED_FACE('',(#2794),#2796,.F.);
#140=COLOUR_RGB($,1.,1.,1.);
#141=FILL_AREA_STYLE_COLOUR($,#140);
#142=FILL_AREA_STYLE($,(#141));
#143=SURFACE_STYLE_FILL_AREA(#142);
#144=SURFACE_SIDE_STYLE('',(#143));
#145=SURFACE_STYLE_USAGE(.BOTH.,#144);
#146=PRESENTATION_STYLE_ASSIGNMENT((#145));
#147=STYLED_ITEM('',(#146),#139);
#148=ADVANCED_FACE('',(#2801),#2803,.T.);
#149=COLOUR_RGB($,1.,1.,1.);
#150=FILL_AREA_STYLE_COLOUR($,#149);
#151=FILL_AREA_STYLE($,(#150));
#152=SURFACE_STYLE_FILL_AREA(#151);
#153=SURFACE_SIDE_STYLE('',(#152));
#154=SURFACE_STYLE_USAGE(.BOTH.,#153);
#155=PRESENTATION_STYLE_ASSIGNMENT((#154));
#156=STYLED_ITEM('',(#155),#148);
#157=ADVANCED_FACE('',(#2808),#2810,.F.);
#158=COLOUR_RGB($,1.,1.,1.);
#159=FILL_AREA_STYLE_COLOUR($,#158);
#160=FILL_AREA_STYLE($,(#159));
#161=SURFACE_STYLE_FILL_AREA(#160);
#162=SURFACE_SIDE_STYLE('',(#161));
#163=SURFACE_STYLE_USAGE(.BOTH.,#162);
#164=PRESENTATION_STYLE_ASSIGNMENT((#163));
#165=STYLED_ITEM('',(#164),#157);
#166=ADVANCED_FACE('',(#2815),#2817,.F.);
#167=COLOUR_RGB($,1.,1.,1.);
#168=FILL_AREA_STYLE_COLOUR($,#167);
#169=FILL_AREA_STYLE($,(#168));
#170=SURFACE_STYLE_FILL_AREA(#169);
#171=SURFACE_SIDE_STYLE('',(#170));
#172=SURFACE_STYLE_USAGE(.BOTH.,#171);
#173=PRESENTATION_STYLE_ASSIGNMENT((#172));
#174=STYLED_ITEM('',(#173),#166);
#175=ADVANCED_FACE('',(#2822,#2824,#2826,#2828,#2830,#2832,#2834,#2836,#2838,#2840,
#2842,#2844,#2846),#2848,.T.);
#176=COLOUR_RGB($,1.,1.,1.);
#177=FILL_AREA_STYLE_COLOUR($,#176);
#178=FILL_AREA_STYLE($,(#177));
#179=SURFACE_STYLE_FILL_AREA(#178);
#180=SURFACE_SIDE_STYLE('',(#179));
#181=SURFACE_STYLE_USAGE(.BOTH.,#180);
#182=PRESENTATION_STYLE_ASSIGNMENT((#181));
#183=STYLED_ITEM('',(#182),#175);
#184=ADVANCED_FACE('',(#2853),#2855,.F.);
#185=COLOUR_RGB($,1.,1.,1.);
#186=FILL_AREA_STYLE_COLOUR($,#185);
#187=FILL_AREA_STYLE($,(#186));
#188=SURFACE_STYLE_FILL_AREA(#187);
#189=SURFACE_SIDE_STYLE('',(#188));
#190=SURFACE_STYLE_USAGE(.BOTH.,#189);
#191=PRESENTATION_STYLE_ASSIGNMENT((#190));
#192=STYLED_ITEM('',(#191),#184);
#193=ADVANCED_FACE('',(#2860),#2862,.F.);
#194=COLOUR_RGB($,1.,1.,1.);
#195=FILL_AREA_STYLE_COLOUR($,#194);
#196=FILL_AREA_STYLE($,(#195));
#197=SURFACE_STYLE_FILL_AREA(#196);
#198=SURFACE_SIDE_STYLE('',(#197));
#199=SURFACE_STYLE_USAGE(.BOTH.,#198);
#200=PRESENTATION_STYLE_ASSIGNMENT((#199));
#201=STYLED_ITEM('',(#200),#193);
#202=ADVANCED_FACE('',(#2867),#2869,.T.);
#203=COLOUR_RGB($,1.,1.,1.);
#204=FILL_AREA_STYLE_COLOUR($,#203);
#205=FILL_AREA_STYLE($,(#204));
#206=SURFACE_STYLE_FILL_AREA(#205);
#207=SURFACE_SIDE_STYLE('',(#206));
#208=SURFACE_STYLE_USAGE(.BOTH.,#207);
#209=PRESENTATION_STYLE_ASSIGNMENT((#208));
#210=STYLED_ITEM('',(#209),#202);
#211=ADVANCED_FACE('',(#2874),#2876,.T.);
#212=COLOUR_RGB($,1.,1.,1.);
#213=FILL_AREA_STYLE_COLOUR($,#212);
#214=FILL_AREA_STYLE($,(#213));
#215=SURFACE_STYLE_FILL_AREA(#214);
#216=SURFACE_SIDE_STYLE('',(#215));
#217=SURFACE_STYLE_USAGE(.BOTH.,#216);
#218=PRESENTATION_STYLE_ASSIGNMENT((#217));
#219=STYLED_ITEM('',(#218),#211);
#220=ADVANCED_FACE('',(#2881),#2883,.F.);
#221=COLOUR_RGB($,1.,1.,1.);
#222=FILL_AREA_STYLE_COLOUR($,#221);
#223=FILL_AREA_STYLE($,(#222));
#224=SURFACE_STYLE_FILL_AREA(#223);
#225=SURFACE_SIDE_STYLE('',(#224));
#226=SURFACE_STYLE_USAGE(.BOTH.,#225);
#227=PRESENTATION_STYLE_ASSIGNMENT((#226));
#228=STYLED_ITEM('',(#227),#220);
#229=ADVANCED_FACE('',(#2888),#2890,.F.);
#230=COLOUR_RGB($,1.,1.,1.);
#231=FILL_AREA_STYLE_COLOUR($,#230);
#232=FILL_AREA_STYLE($,(#231));
#233=SURFACE_STYLE_FILL_AREA(#232);
#234=SURFACE_SIDE_STYLE('',(#233));
#235=SURFACE_STYLE_USAGE(.BOTH.,#234);
#236=PRESENTATION_STYLE_ASSIGNMENT((#235));
#237=STYLED_ITEM('',(#236),#229);
#238=ADVANCED_FACE('',(#2895),#2897,.F.);
#239=COLOUR_RGB($,1.,1.,1.);
#240=FILL_AREA_STYLE_COLOUR($,#239);
#241=FILL_AREA_STYLE($,(#240));
#242=SURFACE_STYLE_FILL_AREA(#241);
#243=SURFACE_SIDE_STYLE('',(#242));
#244=SURFACE_STYLE_USAGE(.BOTH.,#243);
#245=PRESENTATION_STYLE_ASSIGNMENT((#244));
#246=STYLED_ITEM('',(#245),#238);
#247=ADVANCED_FACE('',(#2902),#2904,.F.);
#248=COLOUR_RGB($,1.,1.,1.);
#249=FILL_AREA_STYLE_COLOUR($,#248);
#250=FILL_AREA_STYLE($,(#249));
#251=SURFACE_STYLE_FILL_AREA(#250);
#252=SURFACE_SIDE_STYLE('',(#251));
#253=SURFACE_STYLE_USAGE(.BOTH.,#252);
#254=PRESENTATION_STYLE_ASSIGNMENT((#253));
#255=STYLED_ITEM('',(#254),#247);
#256=ADVANCED_FACE('',(#2909),#2911,.F.);
#257=COLOUR_RGB($,1.,1.,1.);
#258=FILL_AREA_STYLE_COLOUR($,#257);
#259=FILL_AREA_STYLE($,(#258));
#260=SURFACE_STYLE_FILL_AREA(#259);
#261=SURFACE_SIDE_STYLE('',(#260));
#262=SURFACE_STYLE_USAGE(.BOTH.,#261);
#263=PRESENTATION_STYLE_ASSIGNMENT((#262));
#264=STYLED_ITEM('',(#263),#256);
#265=ADVANCED_FACE('',(#2916),#2918,.F.);
#266=COLOUR_RGB($,1.,1.,1.);
#267=FILL_AREA_STYLE_COLOUR($,#266);
#268=FILL_AREA_STYLE($,(#267));
#269=SURFACE_STYLE_FILL_AREA(#268);
#270=SURFACE_SIDE_STYLE('',(#269));
#271=SURFACE_STYLE_USAGE(.BOTH.,#270);
#272=PRESENTATION_STYLE_ASSIGNMENT((#271));
#273=STYLED_ITEM('',(#272),#265);
#274=ADVANCED_FACE('',(#2923),#2925,.F.);
#275=COLOUR_RGB($,1.,1.,1.);
#276=FILL_AREA_STYLE_COLOUR($,#275);
#277=FILL_AREA_STYLE($,(#276));
#278=SURFACE_STYLE_FILL_AREA(#277);
#279=SURFACE_SIDE_STYLE('',(#278));
#280=SURFACE_STYLE_USAGE(.BOTH.,#279);
#281=PRESENTATION_STYLE_ASSIGNMENT((#280));
#282=STYLED_ITEM('',(#281),#274);
#283=ADVANCED_FACE('',(#2930),#2932,.F.);
#284=COLOUR_RGB($,1.,1.,1.);
#285=FILL_AREA_STYLE_COLOUR($,#284);
#286=FILL_AREA_STYLE($,(#285));
#287=SURFACE_STYLE_FILL_AREA(#286);
#288=SURFACE_SIDE_STYLE('',(#287));
#289=SURFACE_STYLE_USAGE(.BOTH.,#288);
#290=PRESENTATION_STYLE_ASSIGNMENT((#289));
#291=STYLED_ITEM('',(#290),#283);
#292=ADVANCED_FACE('',(#2937,#2939),#2941,.T.);
#293=COLOUR_RGB($,1.,1.,1.);
#294=FILL_AREA_STYLE_COLOUR($,#293);
#295=FILL_AREA_STYLE($,(#294));
#296=SURFACE_STYLE_FILL_AREA(#295);
#297=SURFACE_SIDE_STYLE('',(#296));
#298=SURFACE_STYLE_USAGE(.BOTH.,#297);
#299=PRESENTATION_STYLE_ASSIGNMENT((#298));
#300=STYLED_ITEM('',(#299),#292);
#301=ADVANCED_FACE('',(#2946),#2948,.F.);
#302=COLOUR_RGB($,1.,1.,1.);
#303=FILL_AREA_STYLE_COLOUR($,#302);
#304=FILL_AREA_STYLE($,(#303));
#305=SURFACE_STYLE_FILL_AREA(#304);
#306=SURFACE_SIDE_STYLE('',(#305));
#307=SURFACE_STYLE_USAGE(.BOTH.,#306);
#308=PRESENTATION_STYLE_ASSIGNMENT((#307));
#309=STYLED_ITEM('',(#308),#301);
#310=ADVANCED_FACE('',(#2953),#2955,.F.);
#311=COLOUR_RGB($,1.,1.,1.);
#312=FILL_AREA_STYLE_COLOUR($,#311);
#313=FILL_AREA_STYLE($,(#312));
#314=SURFACE_STYLE_FILL_AREA(#313);
#315=SURFACE_SIDE_STYLE('',(#314));
#316=SURFACE_STYLE_USAGE(.BOTH.,#315);
#317=PRESENTATION_STYLE_ASSIGNMENT((#316));
#318=STYLED_ITEM('',(#317),#310);
#319=ADVANCED_FACE('',(#2960),#2962,.F.);
#320=COLOUR_RGB($,1.,1.,1.);
#321=FILL_AREA_STYLE_COLOUR($,#320);
#322=FILL_AREA_STYLE($,(#321));
#323=SURFACE_STYLE_FILL_AREA(#322);
#324=SURFACE_SIDE_STYLE('',(#323));
#325=SURFACE_STYLE_USAGE(.BOTH.,#324);
#326=PRESENTATION_STYLE_ASSIGNMENT((#325));
#327=STYLED_ITEM('',(#326),#319);
#328=ADVANCED_FACE('',(#2967,#2969),#2971,.T.);
#329=COLOUR_RGB($,1.,1.,1.);
#330=FILL_AREA_STYLE_COLOUR($,#329);
#331=FILL_AREA_STYLE($,(#330));
#332=SURFACE_STYLE_FILL_AREA(#331);
#333=SURFACE_SIDE_STYLE('',(#332));
#334=SURFACE_STYLE_USAGE(.BOTH.,#333);
#335=PRESENTATION_STYLE_ASSIGNMENT((#334));
#336=STYLED_ITEM('',(#335),#328);
#337=ADVANCED_FACE('',(#2976),#2978,.F.);
#338=COLOUR_RGB($,1.,1.,1.);
#339=FILL_AREA_STYLE_COLOUR($,#338);
#340=FILL_AREA_STYLE($,(#339));
#341=SURFACE_STYLE_FILL_AREA(#340);
#342=SURFACE_SIDE_STYLE('',(#341));
#343=SURFACE_STYLE_USAGE(.BOTH.,#342);
#344=PRESENTATION_STYLE_ASSIGNMENT((#343));
#345=STYLED_ITEM('',(#344),#337);
#346=ADVANCED_FACE('',(#2983),#2985,.F.);
#347=COLOUR_RGB($,1.,1.,1.);
#348=FILL_AREA_STYLE_COLOUR($,#347);
#349=FILL_AREA_STYLE($,(#348));
#350=SURFACE_STYLE_FILL_AREA(#349);
#351=SURFACE_SIDE_STYLE('',(#350));
#352=SURFACE_STYLE_USAGE(.BOTH.,#351);
#353=PRESENTATION_STYLE_ASSIGNMENT((#352));
#354=STYLED_ITEM('',(#353),#346);
#355=ADVANCED_FACE('',(#2990),#2992,.F.);
#356=COLOUR_RGB($,1.,1.,1.);
#357=FILL_AREA_STYLE_COLOUR($,#356);
#358=FILL_AREA_STYLE($,(#357));
#359=SURFACE_STYLE_FILL_AREA(#358);
#360=SURFACE_SIDE_STYLE('',(#359));
#361=SURFACE_STYLE_USAGE(.BOTH.,#360);
#362=PRESENTATION_STYLE_ASSIGNMENT((#361));
#363=STYLED_ITEM('',(#362),#355);
#364=ADVANCED_FACE('',(#2997,#2999),#3001,.T.);
#365=COLOUR_RGB($,1.,1.,1.);
#366=FILL_AREA_STYLE_COLOUR($,#365);
#367=FILL_AREA_STYLE($,(#366));
#368=SURFACE_STYLE_FILL_AREA(#367);
#369=SURFACE_SIDE_STYLE('',(#368));
#370=SURFACE_STYLE_USAGE(.BOTH.,#369);
#371=PRESENTATION_STYLE_ASSIGNMENT((#370));
#372=STYLED_ITEM('',(#371),#364);
#373=ADVANCED_FACE('',(#3006),#3008,.F.);
#374=COLOUR_RGB($,1.,1.,1.);
#375=FILL_AREA_STYLE_COLOUR($,#374);
#376=FILL_AREA_STYLE($,(#375));
#377=SURFACE_STYLE_FILL_AREA(#376);
#378=SURFACE_SIDE_STYLE('',(#377));
#379=SURFACE_STYLE_USAGE(.BOTH.,#378);
#380=PRESENTATION_STYLE_ASSIGNMENT((#379));
#381=STYLED_ITEM('',(#380),#373);
#382=ADVANCED_FACE('',(#3013),#3015,.F.);
#383=COLOUR_RGB($,1.,1.,1.);
#384=FILL_AREA_STYLE_COLOUR($,#383);
#385=FILL_AREA_STYLE($,(#384));
#386=SURFACE_STYLE_FILL_AREA(#385);
#387=SURFACE_SIDE_STYLE('',(#386));
#388=SURFACE_STYLE_USAGE(.BOTH.,#387);
#389=PRESENTATION_STYLE_ASSIGNMENT((#388));
#390=STYLED_ITEM('',(#389),#382);
#391=ADVANCED_FACE('',(#3020),#3022,.F.);
#392=COLOUR_RGB($,1.,1.,1.);
#393=FILL_AREA_STYLE_COLOUR($,#392);
#394=FILL_AREA_STYLE($,(#393));
#395=SURFACE_STYLE_FILL_AREA(#394);
#396=SURFACE_SIDE_STYLE('',(#395));
#397=SURFACE_STYLE_USAGE(.BOTH.,#396);
#398=PRESENTATION_STYLE_ASSIGNMENT((#397));
#399=STYLED_ITEM('',(#398),#391);
#400=ADVANCED_FACE('',(#3027,#3029),#3031,.T.);
#401=COLOUR_RGB($,1.,1.,1.);
#402=FILL_AREA_STYLE_COLOUR($,#401);
#403=FILL_AREA_STYLE($,(#402));
#404=SURFACE_STYLE_FILL_AREA(#403);
#405=SURFACE_SIDE_STYLE('',(#404));
#406=SURFACE_STYLE_USAGE(.BOTH.,#405);
#407=PRESENTATION_STYLE_ASSIGNMENT((#406));
#408=STYLED_ITEM('',(#407),#400);
#409=ADVANCED_FACE('',(#3036),#3038,.F.);
#410=COLOUR_RGB($,1.,1.,1.);
#411=FILL_AREA_STYLE_COLOUR($,#410);
#412=FILL_AREA_STYLE($,(#411));
#413=SURFACE_STYLE_FILL_AREA(#412);
#414=SURFACE_SIDE_STYLE('',(#413));
#415=SURFACE_STYLE_USAGE(.BOTH.,#414);
#416=PRESENTATION_STYLE_ASSIGNMENT((#415));
#417=STYLED_ITEM('',(#416),#409);
#418=ADVANCED_FACE('',(#3043),#3045,.F.);
#419=COLOUR_RGB($,1.,1.,1.);
#420=FILL_AREA_STYLE_COLOUR($,#419);
#421=FILL_AREA_STYLE($,(#420));
#422=SURFACE_STYLE_FILL_AREA(#421);
#423=SURFACE_SIDE_STYLE('',(#422));
#424=SURFACE_STYLE_USAGE(.BOTH.,#423);
#425=PRESENTATION_STYLE_ASSIGNMENT((#424));
#426=STYLED_ITEM('',(#425),#418);
#427=ADVANCED_FACE('',(#3050),#3052,.F.);
#428=COLOUR_RGB($,1.,1.,1.);
#429=FILL_AREA_STYLE_COLOUR($,#428);
#430=FILL_AREA_STYLE($,(#429));
#431=SURFACE_STYLE_FILL_AREA(#430);
#432=SURFACE_SIDE_STYLE('',(#431));
#433=SURFACE_STYLE_USAGE(.BOTH.,#432);
#434=PRESENTATION_STYLE_ASSIGNMENT((#433));
#435=STYLED_ITEM('',(#434),#427);
#436=ADVANCED_FACE('',(#3057,#3059),#3061,.T.);
#437=COLOUR_RGB($,1.,1.,1.);
#438=FILL_AREA_STYLE_COLOUR($,#437);
#439=FILL_AREA_STYLE($,(#438));
#440=SURFACE_STYLE_FILL_AREA(#439);
#441=SURFACE_SIDE_STYLE('',(#440));
#442=SURFACE_STYLE_USAGE(.BOTH.,#441);
#443=PRESENTATION_STYLE_ASSIGNMENT((#442));
#444=STYLED_ITEM('',(#443),#436);
#445=ADVANCED_FACE('',(#3066),#3068,.F.);
#446=COLOUR_RGB($,1.,1.,1.);
#447=FILL_AREA_STYLE_COLOUR($,#446);
#448=FILL_AREA_STYLE($,(#447));
#449=SURFACE_STYLE_FILL_AREA(#448);
#450=SURFACE_SIDE_STYLE('',(#449));
#451=SURFACE_STYLE_USAGE(.BOTH.,#450);
#452=PRESENTATION_STYLE_ASSIGNMENT((#451));
#453=STYLED_ITEM('',(#452),#445);
#454=ADVANCED_FACE('',(#3073),#3075,.F.);
#455=COLOUR_RGB($,1.,1.,1.);
#456=FILL_AREA_STYLE_COLOUR($,#455);
#457=FILL_AREA_STYLE($,(#456));
#458=SURFACE_STYLE_FILL_AREA(#457);
#459=SURFACE_SIDE_STYLE('',(#458));
#460=SURFACE_STYLE_USAGE(.BOTH.,#459);
#461=PRESENTATION_STYLE_ASSIGNMENT((#460));
#462=STYLED_ITEM('',(#461),#454);
#463=ADVANCED_FACE('',(#3080),#3082,.F.);
#464=COLOUR_RGB($,1.,1.,1.);
#465=FILL_AREA_STYLE_COLOUR($,#464);
#466=FILL_AREA_STYLE($,(#465));
#467=SURFACE_STYLE_FILL_AREA(#466);
#468=SURFACE_SIDE_STYLE('',(#467));
#469=SURFACE_STYLE_USAGE(.BOTH.,#468);
#470=PRESENTATION_STYLE_ASSIGNMENT((#469));
#471=STYLED_ITEM('',(#470),#463);
#472=ADVANCED_FACE('',(#3087,#3089),#3091,.T.);
#473=COLOUR_RGB($,1.,1.,1.);
#474=FILL_AREA_STYLE_COLOUR($,#473);
#475=FILL_AREA_STYLE($,(#474));
#476=SURFACE_STYLE_FILL_AREA(#475);
#477=SURFACE_SIDE_STYLE('',(#476));
#478=SURFACE_STYLE_USAGE(.BOTH.,#477);
#479=PRESENTATION_STYLE_ASSIGNMENT((#478));
#480=STYLED_ITEM('',(#479),#472);
#481=ADVANCED_FACE('',(#3096),#3098,.F.);
#482=COLOUR_RGB($,1.,1.,1.);
#483=FILL_AREA_STYLE_COLOUR($,#482);
#484=FILL_AREA_STYLE($,(#483));
#485=SURFACE_STYLE_FILL_AREA(#484);
#486=SURFACE_SIDE_STYLE('',(#485));
#487=SURFACE_STYLE_USAGE(.BOTH.,#486);
#488=PRESENTATION_STYLE_ASSIGNMENT((#487));
#489=STYLED_ITEM('',(#488),#481);
#490=ADVANCED_FACE('',(#3103),#3105,.F.);
#491=COLOUR_RGB($,1.,1.,1.);
#492=FILL_AREA_STYLE_COLOUR($,#491);
#493=FILL_AREA_STYLE($,(#492));
#494=SURFACE_STYLE_FILL_AREA(#493);
#495=SURFACE_SIDE_STYLE('',(#494));
#496=SURFACE_STYLE_USAGE(.BOTH.,#495);
#497=PRESENTATION_STYLE_ASSIGNMENT((#496));
#498=STYLED_ITEM('',(#497),#490);
#499=ADVANCED_FACE('',(#3110),#3112,.F.);
#500=COLOUR_RGB($,1.,1.,1.);
#501=FILL_AREA_STYLE_COLOUR($,#500);
#502=FILL_AREA_STYLE($,(#501));
#503=SURFACE_STYLE_FILL_AREA(#502);
#504=SURFACE_SIDE_STYLE('',(#503));
#505=SURFACE_STYLE_USAGE(.BOTH.,#504);
#506=PRESENTATION_STYLE_ASSIGNMENT((#505));
#507=STYLED_ITEM('',(#506),#499);
#508=ADVANCED_FACE('',(#3117,#3119),#3121,.T.);
#509=COLOUR_RGB($,1.,1.,1.);
#510=FILL_AREA_STYLE_COLOUR($,#509);
#511=FILL_AREA_STYLE($,(#510));
#512=SURFACE_STYLE_FILL_AREA(#511);
#513=SURFACE_SIDE_STYLE('',(#512));
#514=SURFACE_STYLE_USAGE(.BOTH.,#513);
#515=PRESENTATION_STYLE_ASSIGNMENT((#514));
#516=STYLED_ITEM('',(#515),#508);
#517=ADVANCED_FACE('',(#3126),#3128,.F.);
#518=COLOUR_RGB($,1.,1.,1.);
#519=FILL_AREA_STYLE_COLOUR($,#518);
#520=FILL_AREA_STYLE($,(#519));
#521=SURFACE_STYLE_FILL_AREA(#520);
#522=SURFACE_SIDE_STYLE('',(#521));
#523=SURFACE_STYLE_USAGE(.BOTH.,#522);
#524=PRESENTATION_STYLE_ASSIGNMENT((#523));
#525=STYLED_ITEM('',(#524),#517);
#526=ADVANCED_FACE('',(#3133),#3135,.F.);
#527=COLOUR_RGB($,1.,1.,1.);
#528=FILL_AREA_STYLE_COLOUR($,#527);
#529=FILL_AREA_STYLE($,(#528));
#530=SURFACE_STYLE_FILL_AREA(#529);
#531=SURFACE_SIDE_STYLE('',(#530));
#532=SURFACE_STYLE_USAGE(.BOTH.,#531);
#533=PRESENTATION_STYLE_ASSIGNMENT((#532));
#534=STYLED_ITEM('',(#533),#526);
#535=ADVANCED_FACE('',(#3140),#3142,.F.);
#536=COLOUR_RGB($,1.,1.,1.);
#537=FILL_AREA_STYLE_COLOUR($,#536);
#538=FILL_AREA_STYLE($,(#537));
#539=SURFACE_STYLE_FILL_AREA(#538);
#540=SURFACE_SIDE_STYLE('',(#539));
#541=SURFACE_STYLE_USAGE(.BOTH.,#540);
#542=PRESENTATION_STYLE_ASSIGNMENT((#541));
#543=STYLED_ITEM('',(#542),#535);
#544=ADVANCED_FACE('',(#3147,#3149),#3151,.T.);
#545=COLOUR_RGB($,1.,1.,1.);
#546=FILL_AREA_STYLE_COLOUR($,#545);
#547=FILL_AREA_STYLE($,(#546));
#548=SURFACE_STYLE_FILL_AREA(#547);
#549=SURFACE_SIDE_STYLE('',(#548));
#550=SURFACE_STYLE_USAGE(.BOTH.,#549);
#551=PRESENTATION_STYLE_ASSIGNMENT((#550));
#552=STYLED_ITEM('',(#551),#544);
#553=ADVANCED_FACE('',(#3156),#3158,.F.);
#554=COLOUR_RGB($,1.,1.,1.);
#555=FILL_AREA_STYLE_COLOUR($,#554);
#556=FILL_AREA_STYLE($,(#555));
#557=SURFACE_STYLE_FILL_AREA(#556);
#558=SURFACE_SIDE_STYLE('',(#557));
#559=SURFACE_STYLE_USAGE(.BOTH.,#558);
#560=PRESENTATION_STYLE_ASSIGNMENT((#559));
#561=STYLED_ITEM('',(#560),#553);
#562=ADVANCED_FACE('',(#3163),#3165,.F.);
#563=COLOUR_RGB($,1.,1.,1.);
#564=FILL_AREA_STYLE_COLOUR($,#563);
#565=FILL_AREA_STYLE($,(#564));
#566=SURFACE_STYLE_FILL_AREA(#565);
#567=SURFACE_SIDE_STYLE('',(#566));
#568=SURFACE_STYLE_USAGE(.BOTH.,#567);
#569=PRESENTATION_STYLE_ASSIGNMENT((#568));
#570=STYLED_ITEM('',(#569),#562);
#571=ADVANCED_FACE('',(#3170),#3172,.F.);
#572=COLOUR_RGB($,1.,1.,1.);
#573=FILL_AREA_STYLE_COLOUR($,#572);
#574=FILL_AREA_STYLE($,(#573));
#575=SURFACE_STYLE_FILL_AREA(#574);
#576=SURFACE_SIDE_STYLE('',(#575));
#577=SURFACE_STYLE_USAGE(.BOTH.,#576);
#578=PRESENTATION_STYLE_ASSIGNMENT((#577));
#579=STYLED_ITEM('',(#578),#571);
#580=ADVANCED_FACE('',(#3177,#3179),#3181,.T.);
#581=COLOUR_RGB($,1.,1.,1.);
#582=FILL_AREA_STYLE_COLOUR($,#581);
#583=FILL_AREA_STYLE($,(#582));
#584=SURFACE_STYLE_FILL_AREA(#583);
#585=SURFACE_SIDE_STYLE('',(#584));
#586=SURFACE_STYLE_USAGE(.BOTH.,#585);
#587=PRESENTATION_STYLE_ASSIGNMENT((#586));
#588=STYLED_ITEM('',(#587),#580);
#589=ADVANCED_FACE('',(#3186),#3188,.F.);
#590=COLOUR_RGB($,1.,1.,1.);
#591=FILL_AREA_STYLE_COLOUR($,#590);
#592=FILL_AREA_STYLE($,(#591));
#593=SURFACE_STYLE_FILL_AREA(#592);
#594=SURFACE_SIDE_STYLE('',(#593));
#595=SURFACE_STYLE_USAGE(.BOTH.,#594);
#596=PRESENTATION_STYLE_ASSIGNMENT((#595));
#597=STYLED_ITEM('',(#596),#589);
#598=ADVANCED_FACE('',(#3193),#3195,.F.);
#599=COLOUR_RGB($,1.,1.,1.);
#600=FILL_AREA_STYLE_COLOUR($,#599);
#601=FILL_AREA_STYLE($,(#600));
#602=SURFACE_STYLE_FILL_AREA(#601);
#603=SURFACE_SIDE_STYLE('',(#602));
#604=SURFACE_STYLE_USAGE(.BOTH.,#603);
#605=PRESENTATION_STYLE_ASSIGNMENT((#604));
#606=STYLED_ITEM('',(#605),#598);
#607=ADVANCED_FACE('',(#3200),#3202,.F.);
#608=COLOUR_RGB($,1.,1.,1.);
#609=FILL_AREA_STYLE_COLOUR($,#608);
#610=FILL_AREA_STYLE($,(#609));
#611=SURFACE_STYLE_FILL_AREA(#610);
#612=SURFACE_SIDE_STYLE('',(#611));
#613=SURFACE_STYLE_USAGE(.BOTH.,#612);
#614=PRESENTATION_STYLE_ASSIGNMENT((#613));
#615=STYLED_ITEM('',(#614),#607);
#616=ADVANCED_FACE('',(#3207,#3209),#3211,.T.);
#617=COLOUR_RGB($,1.,1.,1.);
#618=FILL_AREA_STYLE_COLOUR($,#617);
#619=FILL_AREA_STYLE($,(#618));
#620=SURFACE_STYLE_FILL_AREA(#619);
#621=SURFACE_SIDE_STYLE('',(#620));
#622=SURFACE_STYLE_USAGE(.BOTH.,#621);
#623=PRESENTATION_STYLE_ASSIGNMENT((#622));
#624=STYLED_ITEM('',(#623),#616);
#625=ADVANCED_FACE('',(#3216),#3218,.F.);
#626=COLOUR_RGB($,1.,1.,1.);
#627=FILL_AREA_STYLE_COLOUR($,#626);
#628=FILL_AREA_STYLE($,(#627));
#629=SURFACE_STYLE_FILL_AREA(#628);
#630=SURFACE_SIDE_STYLE('',(#629));
#631=SURFACE_STYLE_USAGE(.BOTH.,#630);
#632=PRESENTATION_STYLE_ASSIGNMENT((#631));
#633=STYLED_ITEM('',(#632),#625);
#634=ADVANCED_FACE('',(#3223),#3225,.F.);
#635=COLOUR_RGB($,1.,1.,1.);
#636=FILL_AREA_STYLE_COLOUR($,#635);
#637=FILL_AREA_STYLE($,(#636));
#638=SURFACE_STYLE_FILL_AREA(#637);
#639=SURFACE_SIDE_STYLE('',(#638));
#640=SURFACE_STYLE_USAGE(.BOTH.,#639);
#641=PRESENTATION_STYLE_ASSIGNMENT((#640));
#642=STYLED_ITEM('',(#641),#634);
#643=ADVANCED_FACE('',(#3230),#3232,.F.);
#644=COLOUR_RGB($,1.,1.,1.);
#645=FILL_AREA_STYLE_COLOUR($,#644);
#646=FILL_AREA_STYLE($,(#645));
#647=SURFACE_STYLE_FILL_AREA(#646);
#648=SURFACE_SIDE_STYLE('',(#647));
#649=SURFACE_STYLE_USAGE(.BOTH.,#648);
#650=PRESENTATION_STYLE_ASSIGNMENT((#649));
#651=STYLED_ITEM('',(#650),#643);
#652=ADVANCED_FACE('',(#3237,#3239),#3241,.T.);
#653=COLOUR_RGB($,1.,1.,1.);
#654=FILL_AREA_STYLE_COLOUR($,#653);
#655=FILL_AREA_STYLE($,(#654));
#656=SURFACE_STYLE_FILL_AREA(#655);
#657=SURFACE_SIDE_STYLE('',(#656));
#658=SURFACE_STYLE_USAGE(.BOTH.,#657);
#659=PRESENTATION_STYLE_ASSIGNMENT((#658));
#660=STYLED_ITEM('',(#659),#652);
#661=ADVANCED_FACE('',(#3246),#3248,.F.);
#662=COLOUR_RGB($,1.,1.,1.);
#663=FILL_AREA_STYLE_COLOUR($,#662);
#664=FILL_AREA_STYLE($,(#663));
#665=SURFACE_STYLE_FILL_AREA(#664);
#666=SURFACE_SIDE_STYLE('',(#665));
#667=SURFACE_STYLE_USAGE(.BOTH.,#666);
#668=PRESENTATION_STYLE_ASSIGNMENT((#667));
#669=STYLED_ITEM('',(#668),#661);
#670=ADVANCED_FACE('',(#3253),#3255,.F.);
#671=COLOUR_RGB($,1.,1.,1.);
#672=FILL_AREA_STYLE_COLOUR($,#671);
#673=FILL_AREA_STYLE($,(#672));
#674=SURFACE_STYLE_FILL_AREA(#673);
#675=SURFACE_SIDE_STYLE('',(#674));
#676=SURFACE_STYLE_USAGE(.BOTH.,#675);
#677=PRESENTATION_STYLE_ASSIGNMENT((#676));
#678=STYLED_ITEM('',(#677),#670);
#679=ADVANCED_FACE('',(#3260),#3262,.F.);
#680=COLOUR_RGB($,1.,1.,1.);
#681=FILL_AREA_STYLE_COLOUR($,#680);
#682=FILL_AREA_STYLE($,(#681));
#683=SURFACE_STYLE_FILL_AREA(#682);
#684=SURFACE_SIDE_STYLE('',(#683));
#685=SURFACE_STYLE_USAGE(.BOTH.,#684);
#686=PRESENTATION_STYLE_ASSIGNMENT((#685));
#687=STYLED_ITEM('',(#686),#679);
#688=ADVANCED_FACE('',(#3267,#3269),#3271,.T.);
#689=COLOUR_RGB($,1.,1.,1.);
#690=FILL_AREA_STYLE_COLOUR($,#689);
#691=FILL_AREA_STYLE($,(#690));
#692=SURFACE_STYLE_FILL_AREA(#691);
#693=SURFACE_SIDE_STYLE('',(#692));
#694=SURFACE_STYLE_USAGE(.BOTH.,#693);
#695=PRESENTATION_STYLE_ASSIGNMENT((#694));
#696=STYLED_ITEM('',(#695),#688);
#697=ADVANCED_FACE('',(#3276),#3278,.F.);
#698=COLOUR_RGB($,1.,1.,1.);
#699=FILL_AREA_STYLE_COLOUR($,#698);
#700=FILL_AREA_STYLE($,(#699));
#701=SURFACE_STYLE_FILL_AREA(#700);
#702=SURFACE_SIDE_STYLE('',(#701));
#703=SURFACE_STYLE_USAGE(.BOTH.,#702);
#704=PRESENTATION_STYLE_ASSIGNMENT((#703));
#705=STYLED_ITEM('',(#704),#697);
#706=ADVANCED_FACE('',(#3283),#3285,.F.);
#707=COLOUR_RGB($,1.,1.,1.);
#708=FILL_AREA_STYLE_COLOUR($,#707);
#709=FILL_AREA_STYLE($,(#708));
#710=SURFACE_STYLE_FILL_AREA(#709);
#711=SURFACE_SIDE_STYLE('',(#710));
#712=SURFACE_STYLE_USAGE(.BOTH.,#711);
#713=PRESENTATION_STYLE_ASSIGNMENT((#712));
#714=STYLED_ITEM('',(#713),#706);
#715=ADVANCED_FACE('',(#3290),#3292,.F.);
#716=COLOUR_RGB($,1.,1.,1.);
#717=FILL_AREA_STYLE_COLOUR($,#716);
#718=FILL_AREA_STYLE($,(#717));
#719=SURFACE_STYLE_FILL_AREA(#718);
#720=SURFACE_SIDE_STYLE('',(#719));
#721=SURFACE_STYLE_USAGE(.BOTH.,#720);
#722=PRESENTATION_STYLE_ASSIGNMENT((#721));
#723=STYLED_ITEM('',(#722),#715);
#724=ADVANCED_FACE('',(#3297),#3299,.T.);
#725=COLOUR_RGB($,1.,1.,1.);
#726=FILL_AREA_STYLE_COLOUR($,#725);
#727=FILL_AREA_STYLE($,(#726));
#728=SURFACE_STYLE_FILL_AREA(#727);
#729=SURFACE_SIDE_STYLE('',(#728));
#730=SURFACE_STYLE_USAGE(.BOTH.,#729);
#731=PRESENTATION_STYLE_ASSIGNMENT((#730));
#732=STYLED_ITEM('',(#731),#724);
#733=ADVANCED_FACE('',(#3304),#3306,.T.);
#734=COLOUR_RGB($,1.,1.,1.);
#735=FILL_AREA_STYLE_COLOUR($,#734);
#736=FILL_AREA_STYLE($,(#735));
#737=SURFACE_STYLE_FILL_AREA(#736);
#738=SURFACE_SIDE_STYLE('',(#737));
#739=SURFACE_STYLE_USAGE(.BOTH.,#738);
#740=PRESENTATION_STYLE_ASSIGNMENT((#739));
#741=STYLED_ITEM('',(#740),#733);
#742=ADVANCED_FACE('',(#3311),#3313,.F.);
#743=COLOUR_RGB($,1.,1.,1.);
#744=FILL_AREA_STYLE_COLOUR($,#743);
#745=FILL_AREA_STYLE($,(#744));
#746=SURFACE_STYLE_FILL_AREA(#745);
#747=SURFACE_SIDE_STYLE('',(#746));
#748=SURFACE_STYLE_USAGE(.BOTH.,#747);
#749=PRESENTATION_STYLE_ASSIGNMENT((#748));
#750=STYLED_ITEM('',(#749),#742);
#751=ADVANCED_FACE('',(#3318),#3320,.F.);
#752=COLOUR_RGB($,1.,1.,1.);
#753=FILL_AREA_STYLE_COLOUR($,#752);
#754=FILL_AREA_STYLE($,(#753));
#755=SURFACE_STYLE_FILL_AREA(#754);
#756=SURFACE_SIDE_STYLE('',(#755));
#757=SURFACE_STYLE_USAGE(.BOTH.,#756);
#758=PRESENTATION_STYLE_ASSIGNMENT((#757));
#759=STYLED_ITEM('',(#758),#751);
#760=ADVANCED_FACE('',(#3325),#3327,.T.);
#761=COLOUR_RGB($,1.,0.843137254901961,0.);
#762=FILL_AREA_STYLE_COLOUR($,#761);
#763=FILL_AREA_STYLE($,(#762));
#764=SURFACE_STYLE_FILL_AREA(#763);
#765=SURFACE_SIDE_STYLE('',(#764));
#766=SURFACE_STYLE_USAGE(.BOTH.,#765);
#767=PRESENTATION_STYLE_ASSIGNMENT((#766));
#768=STYLED_ITEM('',(#767),#760);
#769=ADVANCED_FACE('',(#3332),#3334,.T.);
#770=COLOUR_RGB($,1.,0.843137254901961,0.);
#771=FILL_AREA_STYLE_COLOUR($,#770);
#772=FILL_AREA_STYLE($,(#771));
#773=SURFACE_STYLE_FILL_AREA(#772);
#774=SURFACE_SIDE_STYLE('',(#773));
#775=SURFACE_STYLE_USAGE(.BOTH.,#774);
#776=PRESENTATION_STYLE_ASSIGNMENT((#775));
#777=STYLED_ITEM('',(#776),#769);
#778=ADVANCED_FACE('',(#3339),#3341,.T.);
#779=COLOUR_RGB($,1.,0.843137254901961,0.);
#780=FILL_AREA_STYLE_COLOUR($,#779);
#781=FILL_AREA_STYLE($,(#780));
#782=SURFACE_STYLE_FILL_AREA(#781);
#783=SURFACE_SIDE_STYLE('',(#782));
#784=SURFACE_STYLE_USAGE(.BOTH.,#783);
#785=PRESENTATION_STYLE_ASSIGNMENT((#784));
#786=STYLED_ITEM('',(#785),#778);
#787=ADVANCED_FACE('',(#3346),#3348,.T.);
#788=COLOUR_RGB($,1.,0.843137254901961,0.);
#789=FILL_AREA_STYLE_COLOUR($,#788);
#790=FILL_AREA_STYLE($,(#789));
#791=SURFACE_STYLE_FILL_AREA(#790);
#792=SURFACE_SIDE_STYLE('',(#791));
#793=SURFACE_STYLE_USAGE(.BOTH.,#792);
#794=PRESENTATION_STYLE_ASSIGNMENT((#793));
#795=STYLED_ITEM('',(#794),#787);
#796=ADVANCED_FACE('',(#3353),#3355,.T.);
#797=COLOUR_RGB($,1.,0.843137254901961,0.);
#798=FILL_AREA_STYLE_COLOUR($,#797);
#799=FILL_AREA_STYLE($,(#798));
#800=SURFACE_STYLE_FILL_AREA(#799);
#801=SURFACE_SIDE_STYLE('',(#800));
#802=SURFACE_STYLE_USAGE(.BOTH.,#801);
#803=PRESENTATION_STYLE_ASSIGNMENT((#802));
#804=STYLED_ITEM('',(#803),#796);
#805=ADVANCED_FACE('',(#3360),#3362,.T.);
#806=COLOUR_RGB($,1.,0.843137254901961,0.);
#807=FILL_AREA_STYLE_COLOUR($,#806);
#808=FILL_AREA_STYLE($,(#807));
#809=SURFACE_STYLE_FILL_AREA(#808);
#810=SURFACE_SIDE_STYLE('',(#809));
#811=SURFACE_STYLE_USAGE(.BOTH.,#810);
#812=PRESENTATION_STYLE_ASSIGNMENT((#811));
#813=STYLED_ITEM('',(#812),#805);
#814=ADVANCED_FACE('',(#3367),#3369,.T.);
#815=COLOUR_RGB($,1.,0.843137254901961,0.);
#816=FILL_AREA_STYLE_COLOUR($,#815);
#817=FILL_AREA_STYLE($,(#816));
#818=SURFACE_STYLE_FILL_AREA(#817);
#819=SURFACE_SIDE_STYLE('',(#818));
#820=SURFACE_STYLE_USAGE(.BOTH.,#819);
#821=PRESENTATION_STYLE_ASSIGNMENT((#820));
#822=STYLED_ITEM('',(#821),#814);
#823=ADVANCED_FACE('',(#3374),#3376,.T.);
#824=COLOUR_RGB($,1.,0.843137254901961,0.);
#825=FILL_AREA_STYLE_COLOUR($,#824);
#826=FILL_AREA_STYLE($,(#825));
#827=SURFACE_STYLE_FILL_AREA(#826);
#828=SURFACE_SIDE_STYLE('',(#827));
#829=SURFACE_STYLE_USAGE(.BOTH.,#828);
#830=PRESENTATION_STYLE_ASSIGNMENT((#829));
#831=STYLED_ITEM('',(#830),#823);
#832=ADVANCED_FACE('',(#3381),#3383,.T.);
#833=COLOUR_RGB($,1.,0.843137254901961,0.);
#834=FILL_AREA_STYLE_COLOUR($,#833);
#835=FILL_AREA_STYLE($,(#834));
#836=SURFACE_STYLE_FILL_AREA(#835);
#837=SURFACE_SIDE_STYLE('',(#836));
#838=SURFACE_STYLE_USAGE(.BOTH.,#837);
#839=PRESENTATION_STYLE_ASSIGNMENT((#838));
#840=STYLED_ITEM('',(#839),#832);
#841=ADVANCED_FACE('',(#3388),#3390,.T.);
#842=COLOUR_RGB($,1.,0.843137254901961,0.);
#843=FILL_AREA_STYLE_COLOUR($,#842);
#844=FILL_AREA_STYLE($,(#843));
#845=SURFACE_STYLE_FILL_AREA(#844);
#846=SURFACE_SIDE_STYLE('',(#845));
#847=SURFACE_STYLE_USAGE(.BOTH.,#846);
#848=PRESENTATION_STYLE_ASSIGNMENT((#847));
#849=STYLED_ITEM('',(#848),#841);
#850=ADVANCED_FACE('',(#3395),#3397,.T.);
#851=COLOUR_RGB($,1.,0.843137254901961,0.);
#852=FILL_AREA_STYLE_COLOUR($,#851);
#853=FILL_AREA_STYLE($,(#852));
#854=SURFACE_STYLE_FILL_AREA(#853);
#855=SURFACE_SIDE_STYLE('',(#854));
#856=SURFACE_STYLE_USAGE(.BOTH.,#855);
#857=PRESENTATION_STYLE_ASSIGNMENT((#856));
#858=STYLED_ITEM('',(#857),#850);
#859=ADVANCED_FACE('',(#3402),#3404,.T.);
#860=COLOUR_RGB($,1.,0.843137254901961,0.);
#861=FILL_AREA_STYLE_COLOUR($,#860);
#862=FILL_AREA_STYLE($,(#861));
#863=SURFACE_STYLE_FILL_AREA(#862);
#864=SURFACE_SIDE_STYLE('',(#863));
#865=SURFACE_STYLE_USAGE(.BOTH.,#864);
#866=PRESENTATION_STYLE_ASSIGNMENT((#865));
#867=STYLED_ITEM('',(#866),#859);
#868=ADVANCED_FACE('',(#3409),#3411,.T.);
#869=COLOUR_RGB($,1.,0.843137254901961,0.);
#870=FILL_AREA_STYLE_COLOUR($,#869);
#871=FILL_AREA_STYLE($,(#870));
#872=SURFACE_STYLE_FILL_AREA(#871);
#873=SURFACE_SIDE_STYLE('',(#872));
#874=SURFACE_STYLE_USAGE(.BOTH.,#873);
#875=PRESENTATION_STYLE_ASSIGNMENT((#874));
#876=STYLED_ITEM('',(#875),#868);
#877=ADVANCED_FACE('',(#3416),#3418,.T.);
#878=COLOUR_RGB($,1.,0.843137254901961,0.);
#879=FILL_AREA_STYLE_COLOUR($,#878);
#880=FILL_AREA_STYLE($,(#879));
#881=SURFACE_STYLE_FILL_AREA(#880);
#882=SURFACE_SIDE_STYLE('',(#881));
#883=SURFACE_STYLE_USAGE(.BOTH.,#882);
#884=PRESENTATION_STYLE_ASSIGNMENT((#883));
#885=STYLED_ITEM('',(#884),#877);
#886=ADVANCED_FACE('',(#3423),#3425,.T.);
#887=COLOUR_RGB($,1.,0.843137254901961,0.);
#888=FILL_AREA_STYLE_COLOUR($,#887);
#889=FILL_AREA_STYLE($,(#888));
#890=SURFACE_STYLE_FILL_AREA(#889);
#891=SURFACE_SIDE_STYLE('',(#890));
#892=SURFACE_STYLE_USAGE(.BOTH.,#891);
#893=PRESENTATION_STYLE_ASSIGNMENT((#892));
#894=STYLED_ITEM('',(#893),#886);
#895=ADVANCED_FACE('',(#3430),#3432,.T.);
#896=COLOUR_RGB($,1.,0.843137254901961,0.);
#897=FILL_AREA_STYLE_COLOUR($,#896);
#898=FILL_AREA_STYLE($,(#897));
#899=SURFACE_STYLE_FILL_AREA(#898);
#900=SURFACE_SIDE_STYLE('',(#899));
#901=SURFACE_STYLE_USAGE(.BOTH.,#900);
#902=PRESENTATION_STYLE_ASSIGNMENT((#901));
#903=STYLED_ITEM('',(#902),#895);
#904=ADVANCED_FACE('',(#3437),#3439,.T.);
#905=COLOUR_RGB($,1.,0.843137254901961,0.);
#906=FILL_AREA_STYLE_COLOUR($,#905);
#907=FILL_AREA_STYLE($,(#906));
#908=SURFACE_STYLE_FILL_AREA(#907);
#909=SURFACE_SIDE_STYLE('',(#908));
#910=SURFACE_STYLE_USAGE(.BOTH.,#909);
#911=PRESENTATION_STYLE_ASSIGNMENT((#910));
#912=STYLED_ITEM('',(#911),#904);
#913=ADVANCED_FACE('',(#3444),#3446,.T.);
#914=COLOUR_RGB($,1.,0.843137254901961,0.);
#915=FILL_AREA_STYLE_COLOUR($,#914);
#916=FILL_AREA_STYLE($,(#915));
#917=SURFACE_STYLE_FILL_AREA(#916);
#918=SURFACE_SIDE_STYLE('',(#917));
#919=SURFACE_STYLE_USAGE(.BOTH.,#918);
#920=PRESENTATION_STYLE_ASSIGNMENT((#919));
#921=STYLED_ITEM('',(#920),#913);
#922=ADVANCED_FACE('',(#3451),#3453,.T.);
#923=COLOUR_RGB($,1.,0.843137254901961,0.);
#924=FILL_AREA_STYLE_COLOUR($,#923);
#925=FILL_AREA_STYLE($,(#924));
#926=SURFACE_STYLE_FILL_AREA(#925);
#927=SURFACE_SIDE_STYLE('',(#926));
#928=SURFACE_STYLE_USAGE(.BOTH.,#927);
#929=PRESENTATION_STYLE_ASSIGNMENT((#928));
#930=STYLED_ITEM('',(#929),#922);
#931=ADVANCED_FACE('',(#3458),#3460,.T.);
#932=COLOUR_RGB($,1.,0.843137254901961,0.);
#933=FILL_AREA_STYLE_COLOUR($,#932);
#934=FILL_AREA_STYLE($,(#933));
#935=SURFACE_STYLE_FILL_AREA(#934);
#936=SURFACE_SIDE_STYLE('',(#935));
#937=SURFACE_STYLE_USAGE(.BOTH.,#936);
#938=PRESENTATION_STYLE_ASSIGNMENT((#937));
#939=STYLED_ITEM('',(#938),#931);
#940=ADVANCED_FACE('',(#3465),#3467,.T.);
#941=COLOUR_RGB($,1.,0.843137254901961,0.);
#942=FILL_AREA_STYLE_COLOUR($,#941);
#943=FILL_AREA_STYLE($,(#942));
#944=SURFACE_STYLE_FILL_AREA(#943);
#945=SURFACE_SIDE_STYLE('',(#944));
#946=SURFACE_STYLE_USAGE(.BOTH.,#945);
#947=PRESENTATION_STYLE_ASSIGNMENT((#946));
#948=STYLED_ITEM('',(#947),#940);
#949=ADVANCED_FACE('',(#3472),#3474,.T.);
#950=COLOUR_RGB($,1.,0.843137254901961,0.);
#951=FILL_AREA_STYLE_COLOUR($,#950);
#952=FILL_AREA_STYLE($,(#951));
#953=SURFACE_STYLE_FILL_AREA(#952);
#954=SURFACE_SIDE_STYLE('',(#953));
#955=SURFACE_STYLE_USAGE(.BOTH.,#954);
#956=PRESENTATION_STYLE_ASSIGNMENT((#955));
#957=STYLED_ITEM('',(#956),#949);
#958=ADVANCED_FACE('',(#3479),#3481,.T.);
#959=COLOUR_RGB($,1.,0.843137254901961,0.);
#960=FILL_AREA_STYLE_COLOUR($,#959);
#961=FILL_AREA_STYLE($,(#960));
#962=SURFACE_STYLE_FILL_AREA(#961);
#963=SURFACE_SIDE_STYLE('',(#962));
#964=SURFACE_STYLE_USAGE(.BOTH.,#963);
#965=PRESENTATION_STYLE_ASSIGNMENT((#964));
#966=STYLED_ITEM('',(#965),#958);
#967=ADVANCED_FACE('',(#3486),#3488,.T.);
#968=COLOUR_RGB($,1.,0.843137254901961,0.);
#969=FILL_AREA_STYLE_COLOUR($,#968);
#970=FILL_AREA_STYLE($,(#969));
#971=SURFACE_STYLE_FILL_AREA(#970);
#972=SURFACE_SIDE_STYLE('',(#971));
#973=SURFACE_STYLE_USAGE(.BOTH.,#972);
#974=PRESENTATION_STYLE_ASSIGNMENT((#973));
#975=STYLED_ITEM('',(#974),#967);
#976=ADVANCED_FACE('',(#3493),#3495,.T.);
#977=COLOUR_RGB($,1.,0.843137254901961,0.);
#978=FILL_AREA_STYLE_COLOUR($,#977);
#979=FILL_AREA_STYLE($,(#978));
#980=SURFACE_STYLE_FILL_AREA(#979);
#981=SURFACE_SIDE_STYLE('',(#980));
#982=SURFACE_STYLE_USAGE(.BOTH.,#981);
#983=PRESENTATION_STYLE_ASSIGNMENT((#982));
#984=STYLED_ITEM('',(#983),#976);
#985=ADVANCED_FACE('',(#3500),#3502,.T.);
#986=COLOUR_RGB($,1.,0.843137254901961,0.);
#987=FILL_AREA_STYLE_COLOUR($,#986);
#988=FILL_AREA_STYLE($,(#987));
#989=SURFACE_STYLE_FILL_AREA(#988);
#990=SURFACE_SIDE_STYLE('',(#989));
#991=SURFACE_STYLE_USAGE(.BOTH.,#990);
#992=PRESENTATION_STYLE_ASSIGNMENT((#991));
#993=STYLED_ITEM('',(#992),#985);
#994=ADVANCED_FACE('',(#3507),#3509,.T.);
#995=COLOUR_RGB($,1.,0.843137254901961,0.);
#996=FILL_AREA_STYLE_COLOUR($,#995);
#997=FILL_AREA_STYLE($,(#996));
#998=SURFACE_STYLE_FILL_AREA(#997);
#999=SURFACE_SIDE_STYLE('',(#998));
#1000=SURFACE_STYLE_USAGE(.BOTH.,#999);
#1001=PRESENTATION_STYLE_ASSIGNMENT((#1000));
#1002=STYLED_ITEM('',(#1001),#994);
#1003=ADVANCED_FACE('',(#3514),#3516,.T.);
#1004=COLOUR_RGB($,1.,0.843137254901961,0.);
#1005=FILL_AREA_STYLE_COLOUR($,#1004);
#1006=FILL_AREA_STYLE($,(#1005));
#1007=SURFACE_STYLE_FILL_AREA(#1006);
#1008=SURFACE_SIDE_STYLE('',(#1007));
#1009=SURFACE_STYLE_USAGE(.BOTH.,#1008);
#1010=PRESENTATION_STYLE_ASSIGNMENT((#1009));
#1011=STYLED_ITEM('',(#1010),#1003);
#1012=ADVANCED_FACE('',(#3521),#3523,.T.);
#1013=COLOUR_RGB($,1.,0.843137254901961,0.);
#1014=FILL_AREA_STYLE_COLOUR($,#1013);
#1015=FILL_AREA_STYLE($,(#1014));
#1016=SURFACE_STYLE_FILL_AREA(#1015);
#1017=SURFACE_SIDE_STYLE('',(#1016));
#1018=SURFACE_STYLE_USAGE(.BOTH.,#1017);
#1019=PRESENTATION_STYLE_ASSIGNMENT((#1018));
#1020=STYLED_ITEM('',(#1019),#1012);
#1021=ADVANCED_FACE('',(#3528),#3530,.T.);
#1022=COLOUR_RGB($,1.,0.843137254901961,0.);
#1023=FILL_AREA_STYLE_COLOUR($,#1022);
#1024=FILL_AREA_STYLE($,(#1023));
#1025=SURFACE_STYLE_FILL_AREA(#1024);
#1026=SURFACE_SIDE_STYLE('',(#1025));
#1027=SURFACE_STYLE_USAGE(.BOTH.,#1026);
#1028=PRESENTATION_STYLE_ASSIGNMENT((#1027));
#1029=STYLED_ITEM('',(#1028),#1021);
#1030=ADVANCED_FACE('',(#3535),#3537,.T.);
#1031=COLOUR_RGB($,1.,0.843137254901961,0.);
#1032=FILL_AREA_STYLE_COLOUR($,#1031);
#1033=FILL_AREA_STYLE($,(#1032));
#1034=SURFACE_STYLE_FILL_AREA(#1033);
#1035=SURFACE_SIDE_STYLE('',(#1034));
#1036=SURFACE_STYLE_USAGE(.BOTH.,#1035);
#1037=PRESENTATION_STYLE_ASSIGNMENT((#1036));
#1038=STYLED_ITEM('',(#1037),#1030);
#1039=ADVANCED_FACE('',(#3542),#3544,.T.);
#1040=COLOUR_RGB($,1.,0.843137254901961,0.);
#1041=FILL_AREA_STYLE_COLOUR($,#1040);
#1042=FILL_AREA_STYLE($,(#1041));
#1043=SURFACE_STYLE_FILL_AREA(#1042);
#1044=SURFACE_SIDE_STYLE('',(#1043));
#1045=SURFACE_STYLE_USAGE(.BOTH.,#1044);
#1046=PRESENTATION_STYLE_ASSIGNMENT((#1045));
#1047=STYLED_ITEM('',(#1046),#1039);
#1048=ADVANCED_FACE('',(#3549),#3551,.T.);
#1049=COLOUR_RGB($,1.,0.843137254901961,0.);
#1050=FILL_AREA_STYLE_COLOUR($,#1049);
#1051=FILL_AREA_STYLE($,(#1050));
#1052=SURFACE_STYLE_FILL_AREA(#1051);
#1053=SURFACE_SIDE_STYLE('',(#1052));
#1054=SURFACE_STYLE_USAGE(.BOTH.,#1053);
#1055=PRESENTATION_STYLE_ASSIGNMENT((#1054));
#1056=STYLED_ITEM('',(#1055),#1048);
#1057=ADVANCED_FACE('',(#3556),#3558,.T.);
#1058=COLOUR_RGB($,1.,0.843137254901961,0.);
#1059=FILL_AREA_STYLE_COLOUR($,#1058);
#1060=FILL_AREA_STYLE($,(#1059));
#1061=SURFACE_STYLE_FILL_AREA(#1060);
#1062=SURFACE_SIDE_STYLE('',(#1061));
#1063=SURFACE_STYLE_USAGE(.BOTH.,#1062);
#1064=PRESENTATION_STYLE_ASSIGNMENT((#1063));
#1065=STYLED_ITEM('',(#1064),#1057);
#1066=ADVANCED_FACE('',(#3563),#3565,.T.);
#1067=COLOUR_RGB($,1.,0.843137254901961,0.);
#1068=FILL_AREA_STYLE_COLOUR($,#1067);
#1069=FILL_AREA_STYLE($,(#1068));
#1070=SURFACE_STYLE_FILL_AREA(#1069);
#1071=SURFACE_SIDE_STYLE('',(#1070));
#1072=SURFACE_STYLE_USAGE(.BOTH.,#1071);
#1073=PRESENTATION_STYLE_ASSIGNMENT((#1072));
#1074=STYLED_ITEM('',(#1073),#1066);
#1075=ADVANCED_FACE('',(#3570),#3572,.T.);
#1076=COLOUR_RGB($,1.,0.843137254901961,0.);
#1077=FILL_AREA_STYLE_COLOUR($,#1076);
#1078=FILL_AREA_STYLE($,(#1077));
#1079=SURFACE_STYLE_FILL_AREA(#1078);
#1080=SURFACE_SIDE_STYLE('',(#1079));
#1081=SURFACE_STYLE_USAGE(.BOTH.,#1080);
#1082=PRESENTATION_STYLE_ASSIGNMENT((#1081));
#1083=STYLED_ITEM('',(#1082),#1075);
#1084=ADVANCED_FACE('',(#3577),#3579,.T.);
#1085=COLOUR_RGB($,1.,0.843137254901961,0.);
#1086=FILL_AREA_STYLE_COLOUR($,#1085);
#1087=FILL_AREA_STYLE($,(#1086));
#1088=SURFACE_STYLE_FILL_AREA(#1087);
#1089=SURFACE_SIDE_STYLE('',(#1088));
#1090=SURFACE_STYLE_USAGE(.BOTH.,#1089);
#1091=PRESENTATION_STYLE_ASSIGNMENT((#1090));
#1092=STYLED_ITEM('',(#1091),#1084);
#1093=ADVANCED_FACE('',(#3584),#3586,.T.);
#1094=COLOUR_RGB($,1.,0.843137254901961,0.);
#1095=FILL_AREA_STYLE_COLOUR($,#1094);
#1096=FILL_AREA_STYLE($,(#1095));
#1097=SURFACE_STYLE_FILL_AREA(#1096);
#1098=SURFACE_SIDE_STYLE('',(#1097));
#1099=SURFACE_STYLE_USAGE(.BOTH.,#1098);
#1100=PRESENTATION_STYLE_ASSIGNMENT((#1099));
#1101=STYLED_ITEM('',(#1100),#1093);
#1102=ADVANCED_FACE('',(#3591),#3593,.T.);
#1103=COLOUR_RGB($,1.,0.843137254901961,0.);
#1104=FILL_AREA_STYLE_COLOUR($,#1103);
#1105=FILL_AREA_STYLE($,(#1104));
#1106=SURFACE_STYLE_FILL_AREA(#1105);
#1107=SURFACE_SIDE_STYLE('',(#1106));
#1108=SURFACE_STYLE_USAGE(.BOTH.,#1107);
#1109=PRESENTATION_STYLE_ASSIGNMENT((#1108));
#1110=STYLED_ITEM('',(#1109),#1102);
#1111=ADVANCED_FACE('',(#3598),#3600,.T.);
#1112=COLOUR_RGB($,1.,0.843137254901961,0.);
#1113=FILL_AREA_STYLE_COLOUR($,#1112);
#1114=FILL_AREA_STYLE($,(#1113));
#1115=SURFACE_STYLE_FILL_AREA(#1114);
#1116=SURFACE_SIDE_STYLE('',(#1115));
#1117=SURFACE_STYLE_USAGE(.BOTH.,#1116);
#1118=PRESENTATION_STYLE_ASSIGNMENT((#1117));
#1119=STYLED_ITEM('',(#1118),#1111);
#1120=ADVANCED_FACE('',(#3605),#3607,.T.);
#1121=COLOUR_RGB($,1.,0.843137254901961,0.);
#1122=FILL_AREA_STYLE_COLOUR($,#1121);
#1123=FILL_AREA_STYLE($,(#1122));
#1124=SURFACE_STYLE_FILL_AREA(#1123);
#1125=SURFACE_SIDE_STYLE('',(#1124));
#1126=SURFACE_STYLE_USAGE(.BOTH.,#1125);
#1127=PRESENTATION_STYLE_ASSIGNMENT((#1126));
#1128=STYLED_ITEM('',(#1127),#1120);
#1129=ADVANCED_FACE('',(#3612),#3614,.T.);
#1130=COLOUR_RGB($,1.,0.843137254901961,0.);
#1131=FILL_AREA_STYLE_COLOUR($,#1130);
#1132=FILL_AREA_STYLE($,(#1131));
#1133=SURFACE_STYLE_FILL_AREA(#1132);
#1134=SURFACE_SIDE_STYLE('',(#1133));
#1135=SURFACE_STYLE_USAGE(.BOTH.,#1134);
#1136=PRESENTATION_STYLE_ASSIGNMENT((#1135));
#1137=STYLED_ITEM('',(#1136),#1129);
#1138=ADVANCED_FACE('',(#3619),#3621,.T.);
#1139=COLOUR_RGB($,1.,0.843137254901961,0.);
#1140=FILL_AREA_STYLE_COLOUR($,#1139);
#1141=FILL_AREA_STYLE($,(#1140));
#1142=SURFACE_STYLE_FILL_AREA(#1141);
#1143=SURFACE_SIDE_STYLE('',(#1142));
#1144=SURFACE_STYLE_USAGE(.BOTH.,#1143);
#1145=PRESENTATION_STYLE_ASSIGNMENT((#1144));
#1146=STYLED_ITEM('',(#1145),#1138);
#1147=ADVANCED_FACE('',(#3626),#3628,.T.);
#1148=COLOUR_RGB($,1.,0.843137254901961,0.);
#1149=FILL_AREA_STYLE_COLOUR($,#1148);
#1150=FILL_AREA_STYLE($,(#1149));
#1151=SURFACE_STYLE_FILL_AREA(#1150);
#1152=SURFACE_SIDE_STYLE('',(#1151));
#1153=SURFACE_STYLE_USAGE(.BOTH.,#1152);
#1154=PRESENTATION_STYLE_ASSIGNMENT((#1153));
#1155=STYLED_ITEM('',(#1154),#1147);
#1156=ADVANCED_FACE('',(#3633),#3635,.T.);
#1157=COLOUR_RGB($,1.,0.843137254901961,0.);
#1158=FILL_AREA_STYLE_COLOUR($,#1157);
#1159=FILL_AREA_STYLE($,(#1158));
#1160=SURFACE_STYLE_FILL_AREA(#1159);
#1161=SURFACE_SIDE_STYLE('',(#1160));
#1162=SURFACE_STYLE_USAGE(.BOTH.,#1161);
#1163=PRESENTATION_STYLE_ASSIGNMENT((#1162));
#1164=STYLED_ITEM('',(#1163),#1156);
#1165=ADVANCED_FACE('',(#3640),#3642,.T.);
#1166=COLOUR_RGB($,1.,0.843137254901961,0.);
#1167=FILL_AREA_STYLE_COLOUR($,#1166);
#1168=FILL_AREA_STYLE($,(#1167));
#1169=SURFACE_STYLE_FILL_AREA(#1168);
#1170=SURFACE_SIDE_STYLE('',(#1169));
#1171=SURFACE_STYLE_USAGE(.BOTH.,#1170);
#1172=PRESENTATION_STYLE_ASSIGNMENT((#1171));
#1173=STYLED_ITEM('',(#1172),#1165);
#1174=ADVANCED_FACE('',(#3647),#3649,.T.);
#1175=COLOUR_RGB($,1.,0.843137254901961,0.);
#1176=FILL_AREA_STYLE_COLOUR($,#1175);
#1177=FILL_AREA_STYLE($,(#1176));
#1178=SURFACE_STYLE_FILL_AREA(#1177);
#1179=SURFACE_SIDE_STYLE('',(#1178));
#1180=SURFACE_STYLE_USAGE(.BOTH.,#1179);
#1181=PRESENTATION_STYLE_ASSIGNMENT((#1180));
#1182=STYLED_ITEM('',(#1181),#1174);
#1183=ADVANCED_FACE('',(#3654),#3656,.T.);
#1184=COLOUR_RGB($,1.,0.843137254901961,0.);
#1185=FILL_AREA_STYLE_COLOUR($,#1184);
#1186=FILL_AREA_STYLE($,(#1185));
#1187=SURFACE_STYLE_FILL_AREA(#1186);
#1188=SURFACE_SIDE_STYLE('',(#1187));
#1189=SURFACE_STYLE_USAGE(.BOTH.,#1188);
#1190=PRESENTATION_STYLE_ASSIGNMENT((#1189));
#1191=STYLED_ITEM('',(#1190),#1183);
#1192=ADVANCED_FACE('',(#3661),#3663,.T.);
#1193=COLOUR_RGB($,1.,1.,1.);
#1194=FILL_AREA_STYLE_COLOUR($,#1193);
#1195=FILL_AREA_STYLE($,(#1194));
#1196=SURFACE_STYLE_FILL_AREA(#1195);
#1197=SURFACE_SIDE_STYLE('',(#1196));
#1198=SURFACE_STYLE_USAGE(.BOTH.,#1197);
#1199=PRESENTATION_STYLE_ASSIGNMENT((#1198));
#1200=STYLED_ITEM('',(#1199),#1192);
#1201=ADVANCED_FACE('',(#3668),#3670,.F.);
#1202=COLOUR_RGB($,1.,1.,1.);
#1203=FILL_AREA_STYLE_COLOUR($,#1202);
#1204=FILL_AREA_STYLE($,(#1203));
#1205=SURFACE_STYLE_FILL_AREA(#1204);
#1206=SURFACE_SIDE_STYLE('',(#1205));
#1207=SURFACE_STYLE_USAGE(.BOTH.,#1206);
#1208=PRESENTATION_STYLE_ASSIGNMENT((#1207));
#1209=STYLED_ITEM('',(#1208),#1201);
#1210=ADVANCED_FACE('',(#3675),#3677,.T.);
#1211=COLOUR_RGB($,1.,0.843137254901961,0.);
#1212=FILL_AREA_STYLE_COLOUR($,#1211);
#1213=FILL_AREA_STYLE($,(#1212));
#1214=SURFACE_STYLE_FILL_AREA(#1213);
#1215=SURFACE_SIDE_STYLE('',(#1214));
#1216=SURFACE_STYLE_USAGE(.BOTH.,#1215);
#1217=PRESENTATION_STYLE_ASSIGNMENT((#1216));
#1218=STYLED_ITEM('',(#1217),#1210);
#1219=ADVANCED_FACE('',(#3682),#3684,.T.);
#1220=COLOUR_RGB($,1.,0.843137254901961,0.);
#1221=FILL_AREA_STYLE_COLOUR($,#1220);
#1222=FILL_AREA_STYLE($,(#1221));
#1223=SURFACE_STYLE_FILL_AREA(#1222);
#1224=SURFACE_SIDE_STYLE('',(#1223));
#1225=SURFACE_STYLE_USAGE(.BOTH.,#1224);
#1226=PRESENTATION_STYLE_ASSIGNMENT((#1225));
#1227=STYLED_ITEM('',(#1226),#1219);
#1228=ADVANCED_FACE('',(#3689),#3691,.T.);
#1229=COLOUR_RGB($,1.,0.843137254901961,0.);
#1230=FILL_AREA_STYLE_COLOUR($,#1229);
#1231=FILL_AREA_STYLE($,(#1230));
#1232=SURFACE_STYLE_FILL_AREA(#1231);
#1233=SURFACE_SIDE_STYLE('',(#1232));
#1234=SURFACE_STYLE_USAGE(.BOTH.,#1233);
#1235=PRESENTATION_STYLE_ASSIGNMENT((#1234));
#1236=STYLED_ITEM('',(#1235),#1228);
#1237=ADVANCED_FACE('',(#3696),#3698,.T.);
#1238=COLOUR_RGB($,1.,0.843137254901961,0.);
#1239=FILL_AREA_STYLE_COLOUR($,#1238);
#1240=FILL_AREA_STYLE($,(#1239));
#1241=SURFACE_STYLE_FILL_AREA(#1240);
#1242=SURFACE_SIDE_STYLE('',(#1241));
#1243=SURFACE_STYLE_USAGE(.BOTH.,#1242);
#1244=PRESENTATION_STYLE_ASSIGNMENT((#1243));
#1245=STYLED_ITEM('',(#1244),#1237);
#1246=ADVANCED_FACE('',(#3703),#3705,.T.);
#1247=COLOUR_RGB($,1.,0.843137254901961,0.);
#1248=FILL_AREA_STYLE_COLOUR($,#1247);
#1249=FILL_AREA_STYLE($,(#1248));
#1250=SURFACE_STYLE_FILL_AREA(#1249);
#1251=SURFACE_SIDE_STYLE('',(#1250));
#1252=SURFACE_STYLE_USAGE(.BOTH.,#1251);
#1253=PRESENTATION_STYLE_ASSIGNMENT((#1252));
#1254=STYLED_ITEM('',(#1253),#1246);
#1255=ADVANCED_FACE('',(#3710),#3712,.T.);
#1256=COLOUR_RGB($,1.,0.843137254901961,0.);
#1257=FILL_AREA_STYLE_COLOUR($,#1256);
#1258=FILL_AREA_STYLE($,(#1257));
#1259=SURFACE_STYLE_FILL_AREA(#1258);
#1260=SURFACE_SIDE_STYLE('',(#1259));
#1261=SURFACE_STYLE_USAGE(.BOTH.,#1260);
#1262=PRESENTATION_STYLE_ASSIGNMENT((#1261));
#1263=STYLED_ITEM('',(#1262),#1255);
#1264=ADVANCED_FACE('',(#3717),#3719,.T.);
#1265=COLOUR_RGB($,1.,0.843137254901961,0.);
#1266=FILL_AREA_STYLE_COLOUR($,#1265);
#1267=FILL_AREA_STYLE($,(#1266));
#1268=SURFACE_STYLE_FILL_AREA(#1267);
#1269=SURFACE_SIDE_STYLE('',(#1268));
#1270=SURFACE_STYLE_USAGE(.BOTH.,#1269);
#1271=PRESENTATION_STYLE_ASSIGNMENT((#1270));
#1272=STYLED_ITEM('',(#1271),#1264);
#1273=ADVANCED_FACE('',(#3724),#3726,.T.);
#1274=COLOUR_RGB($,1.,0.843137254901961,0.);
#1275=FILL_AREA_STYLE_COLOUR($,#1274);
#1276=FILL_AREA_STYLE($,(#1275));
#1277=SURFACE_STYLE_FILL_AREA(#1276);
#1278=SURFACE_SIDE_STYLE('',(#1277));
#1279=SURFACE_STYLE_USAGE(.BOTH.,#1278);
#1280=PRESENTATION_STYLE_ASSIGNMENT((#1279));
#1281=STYLED_ITEM('',(#1280),#1273);
#1282=ADVANCED_FACE('',(#3731),#3733,.T.);
#1283=COLOUR_RGB($,1.,0.843137254901961,0.);
#1284=FILL_AREA_STYLE_COLOUR($,#1283);
#1285=FILL_AREA_STYLE($,(#1284));
#1286=SURFACE_STYLE_FILL_AREA(#1285);
#1287=SURFACE_SIDE_STYLE('',(#1286));
#1288=SURFACE_STYLE_USAGE(.BOTH.,#1287);
#1289=PRESENTATION_STYLE_ASSIGNMENT((#1288));
#1290=STYLED_ITEM('',(#1289),#1282);
#1291=ADVANCED_FACE('',(#3738),#3740,.T.);
#1292=COLOUR_RGB($,1.,0.843137254901961,0.);
#1293=FILL_AREA_STYLE_COLOUR($,#1292);
#1294=FILL_AREA_STYLE($,(#1293));
#1295=SURFACE_STYLE_FILL_AREA(#1294);
#1296=SURFACE_SIDE_STYLE('',(#1295));
#1297=SURFACE_STYLE_USAGE(.BOTH.,#1296);
#1298=PRESENTATION_STYLE_ASSIGNMENT((#1297));
#1299=STYLED_ITEM('',(#1298),#1291);
#1300=ADVANCED_FACE('',(#3745),#3747,.T.);
#1301=COLOUR_RGB($,1.,0.843137254901961,0.);
#1302=FILL_AREA_STYLE_COLOUR($,#1301);
#1303=FILL_AREA_STYLE($,(#1302));
#1304=SURFACE_STYLE_FILL_AREA(#1303);
#1305=SURFACE_SIDE_STYLE('',(#1304));
#1306=SURFACE_STYLE_USAGE(.BOTH.,#1305);
#1307=PRESENTATION_STYLE_ASSIGNMENT((#1306));
#1308=STYLED_ITEM('',(#1307),#1300);
#1309=ADVANCED_FACE('',(#3752),#3754,.T.);
#1310=COLOUR_RGB($,1.,0.843137254901961,0.);
#1311=FILL_AREA_STYLE_COLOUR($,#1310);
#1312=FILL_AREA_STYLE($,(#1311));
#1313=SURFACE_STYLE_FILL_AREA(#1312);
#1314=SURFACE_SIDE_STYLE('',(#1313));
#1315=SURFACE_STYLE_USAGE(.BOTH.,#1314);
#1316=PRESENTATION_STYLE_ASSIGNMENT((#1315));
#1317=STYLED_ITEM('',(#1316),#1309);
#1318=ADVANCED_FACE('',(#3759),#3761,.T.);
#1319=COLOUR_RGB($,1.,0.843137254901961,0.);
#1320=FILL_AREA_STYLE_COLOUR($,#1319);
#1321=FILL_AREA_STYLE($,(#1320));
#1322=SURFACE_STYLE_FILL_AREA(#1321);
#1323=SURFACE_SIDE_STYLE('',(#1322));
#1324=SURFACE_STYLE_USAGE(.BOTH.,#1323);
#1325=PRESENTATION_STYLE_ASSIGNMENT((#1324));
#1326=STYLED_ITEM('',(#1325),#1318);
#1327=ADVANCED_FACE('',(#3766),#3768,.T.);
#1328=COLOUR_RGB($,1.,0.843137254901961,0.);
#1329=FILL_AREA_STYLE_COLOUR($,#1328);
#1330=FILL_AREA_STYLE($,(#1329));
#1331=SURFACE_STYLE_FILL_AREA(#1330);
#1332=SURFACE_SIDE_STYLE('',(#1331));
#1333=SURFACE_STYLE_USAGE(.BOTH.,#1332);
#1334=PRESENTATION_STYLE_ASSIGNMENT((#1333));
#1335=STYLED_ITEM('',(#1334),#1327);
#1336=ADVANCED_FACE('',(#3773),#3775,.T.);
#1337=COLOUR_RGB($,1.,0.843137254901961,0.);
#1338=FILL_AREA_STYLE_COLOUR($,#1337);
#1339=FILL_AREA_STYLE($,(#1338));
#1340=SURFACE_STYLE_FILL_AREA(#1339);
#1341=SURFACE_SIDE_STYLE('',(#1340));
#1342=SURFACE_STYLE_USAGE(.BOTH.,#1341);
#1343=PRESENTATION_STYLE_ASSIGNMENT((#1342));
#1344=STYLED_ITEM('',(#1343),#1336);
#1345=ADVANCED_FACE('',(#3780),#3782,.T.);
#1346=COLOUR_RGB($,1.,0.843137254901961,0.);
#1347=FILL_AREA_STYLE_COLOUR($,#1346);
#1348=FILL_AREA_STYLE($,(#1347));
#1349=SURFACE_STYLE_FILL_AREA(#1348);
#1350=SURFACE_SIDE_STYLE('',(#1349));
#1351=SURFACE_STYLE_USAGE(.BOTH.,#1350);
#1352=PRESENTATION_STYLE_ASSIGNMENT((#1351));
#1353=STYLED_ITEM('',(#1352),#1345);
#1354=ADVANCED_FACE('',(#3787),#3789,.T.);
#1355=COLOUR_RGB($,1.,0.843137254901961,0.);
#1356=FILL_AREA_STYLE_COLOUR($,#1355);
#1357=FILL_AREA_STYLE($,(#1356));
#1358=SURFACE_STYLE_FILL_AREA(#1357);
#1359=SURFACE_SIDE_STYLE('',(#1358));
#1360=SURFACE_STYLE_USAGE(.BOTH.,#1359);
#1361=PRESENTATION_STYLE_ASSIGNMENT((#1360));
#1362=STYLED_ITEM('',(#1361),#1354);
#1363=ADVANCED_FACE('',(#3794),#3796,.T.);
#1364=COLOUR_RGB($,1.,0.843137254901961,0.);
#1365=FILL_AREA_STYLE_COLOUR($,#1364);
#1366=FILL_AREA_STYLE($,(#1365));
#1367=SURFACE_STYLE_FILL_AREA(#1366);
#1368=SURFACE_SIDE_STYLE('',(#1367));
#1369=SURFACE_STYLE_USAGE(.BOTH.,#1368);
#1370=PRESENTATION_STYLE_ASSIGNMENT((#1369));
#1371=STYLED_ITEM('',(#1370),#1363);
#1372=ADVANCED_FACE('',(#3801),#3803,.T.);
#1373=COLOUR_RGB($,1.,0.843137254901961,0.);
#1374=FILL_AREA_STYLE_COLOUR($,#1373);
#1375=FILL_AREA_STYLE($,(#1374));
#1376=SURFACE_STYLE_FILL_AREA(#1375);
#1377=SURFACE_SIDE_STYLE('',(#1376));
#1378=SURFACE_STYLE_USAGE(.BOTH.,#1377);
#1379=PRESENTATION_STYLE_ASSIGNMENT((#1378));
#1380=STYLED_ITEM('',(#1379),#1372);
#1381=ADVANCED_FACE('',(#3808),#3810,.T.);
#1382=COLOUR_RGB($,1.,0.843137254901961,0.);
#1383=FILL_AREA_STYLE_COLOUR($,#1382);
#1384=FILL_AREA_STYLE($,(#1383));
#1385=SURFACE_STYLE_FILL_AREA(#1384);
#1386=SURFACE_SIDE_STYLE('',(#1385));
#1387=SURFACE_STYLE_USAGE(.BOTH.,#1386);
#1388=PRESENTATION_STYLE_ASSIGNMENT((#1387));
#1389=STYLED_ITEM('',(#1388),#1381);
#1390=ADVANCED_FACE('',(#3815),#3817,.T.);
#1391=COLOUR_RGB($,1.,0.843137254901961,0.);
#1392=FILL_AREA_STYLE_COLOUR($,#1391);
#1393=FILL_AREA_STYLE($,(#1392));
#1394=SURFACE_STYLE_FILL_AREA(#1393);
#1395=SURFACE_SIDE_STYLE('',(#1394));
#1396=SURFACE_STYLE_USAGE(.BOTH.,#1395);
#1397=PRESENTATION_STYLE_ASSIGNMENT((#1396));
#1398=STYLED_ITEM('',(#1397),#1390);
#1399=ADVANCED_FACE('',(#3822),#3824,.T.);
#1400=COLOUR_RGB($,1.,0.843137254901961,0.);
#1401=FILL_AREA_STYLE_COLOUR($,#1400);
#1402=FILL_AREA_STYLE($,(#1401));
#1403=SURFACE_STYLE_FILL_AREA(#1402);
#1404=SURFACE_SIDE_STYLE('',(#1403));
#1405=SURFACE_STYLE_USAGE(.BOTH.,#1404);
#1406=PRESENTATION_STYLE_ASSIGNMENT((#1405));
#1407=STYLED_ITEM('',(#1406),#1399);
#1408=ADVANCED_FACE('',(#3829),#3831,.T.);
#1409=COLOUR_RGB($,1.,0.843137254901961,0.);
#1410=FILL_AREA_STYLE_COLOUR($,#1409);
#1411=FILL_AREA_STYLE($,(#1410));
#1412=SURFACE_STYLE_FILL_AREA(#1411);
#1413=SURFACE_SIDE_STYLE('',(#1412));
#1414=SURFACE_STYLE_USAGE(.BOTH.,#1413);
#1415=PRESENTATION_STYLE_ASSIGNMENT((#1414));
#1416=STYLED_ITEM('',(#1415),#1408);
#1417=ADVANCED_FACE('',(#3836),#3838,.T.);
#1418=COLOUR_RGB($,1.,0.843137254901961,0.);
#1419=FILL_AREA_STYLE_COLOUR($,#1418);
#1420=FILL_AREA_STYLE($,(#1419));
#1421=SURFACE_STYLE_FILL_AREA(#1420);
#1422=SURFACE_SIDE_STYLE('',(#1421));
#1423=SURFACE_STYLE_USAGE(.BOTH.,#1422);
#1424=PRESENTATION_STYLE_ASSIGNMENT((#1423));
#1425=STYLED_ITEM('',(#1424),#1417);
#1426=ADVANCED_FACE('',(#3843),#3845,.T.);
#1427=COLOUR_RGB($,1.,0.843137254901961,0.);
#1428=FILL_AREA_STYLE_COLOUR($,#1427);
#1429=FILL_AREA_STYLE($,(#1428));
#1430=SURFACE_STYLE_FILL_AREA(#1429);
#1431=SURFACE_SIDE_STYLE('',(#1430));
#1432=SURFACE_STYLE_USAGE(.BOTH.,#1431);
#1433=PRESENTATION_STYLE_ASSIGNMENT((#1432));
#1434=STYLED_ITEM('',(#1433),#1426);
#1435=ADVANCED_FACE('',(#3850),#3852,.T.);
#1436=COLOUR_RGB($,1.,0.843137254901961,0.);
#1437=FILL_AREA_STYLE_COLOUR($,#1436);
#1438=FILL_AREA_STYLE($,(#1437));
#1439=SURFACE_STYLE_FILL_AREA(#1438);
#1440=SURFACE_SIDE_STYLE('',(#1439));
#1441=SURFACE_STYLE_USAGE(.BOTH.,#1440);
#1442=PRESENTATION_STYLE_ASSIGNMENT((#1441));
#1443=STYLED_ITEM('',(#1442),#1435);
#1444=ADVANCED_FACE('',(#3857),#3859,.T.);
#1445=COLOUR_RGB($,1.,0.843137254901961,0.);
#1446=FILL_AREA_STYLE_COLOUR($,#1445);
#1447=FILL_AREA_STYLE($,(#1446));
#1448=SURFACE_STYLE_FILL_AREA(#1447);
#1449=SURFACE_SIDE_STYLE('',(#1448));
#1450=SURFACE_STYLE_USAGE(.BOTH.,#1449);
#1451=PRESENTATION_STYLE_ASSIGNMENT((#1450));
#1452=STYLED_ITEM('',(#1451),#1444);
#1453=ADVANCED_FACE('',(#3864),#3866,.T.);
#1454=COLOUR_RGB($,1.,0.843137254901961,0.);
#1455=FILL_AREA_STYLE_COLOUR($,#1454);
#1456=FILL_AREA_STYLE($,(#1455));
#1457=SURFACE_STYLE_FILL_AREA(#1456);
#1458=SURFACE_SIDE_STYLE('',(#1457));
#1459=SURFACE_STYLE_USAGE(.BOTH.,#1458);
#1460=PRESENTATION_STYLE_ASSIGNMENT((#1459));
#1461=STYLED_ITEM('',(#1460),#1453);
#1462=ADVANCED_FACE('',(#3871),#3873,.T.);
#1463=COLOUR_RGB($,1.,0.843137254901961,0.);
#1464=FILL_AREA_STYLE_COLOUR($,#1463);
#1465=FILL_AREA_STYLE($,(#1464));
#1466=SURFACE_STYLE_FILL_AREA(#1465);
#1467=SURFACE_SIDE_STYLE('',(#1466));
#1468=SURFACE_STYLE_USAGE(.BOTH.,#1467);
#1469=PRESENTATION_STYLE_ASSIGNMENT((#1468));
#1470=STYLED_ITEM('',(#1469),#1462);
#1471=ADVANCED_FACE('',(#3878),#3880,.T.);
#1472=COLOUR_RGB($,1.,0.843137254901961,0.);
#1473=FILL_AREA_STYLE_COLOUR($,#1472);
#1474=FILL_AREA_STYLE($,(#1473));
#1475=SURFACE_STYLE_FILL_AREA(#1474);
#1476=SURFACE_SIDE_STYLE('',(#1475));
#1477=SURFACE_STYLE_USAGE(.BOTH.,#1476);
#1478=PRESENTATION_STYLE_ASSIGNMENT((#1477));
#1479=STYLED_ITEM('',(#1478),#1471);
#1480=ADVANCED_FACE('',(#3885),#3887,.T.);
#1481=COLOUR_RGB($,1.,0.843137254901961,0.);
#1482=FILL_AREA_STYLE_COLOUR($,#1481);
#1483=FILL_AREA_STYLE($,(#1482));
#1484=SURFACE_STYLE_FILL_AREA(#1483);
#1485=SURFACE_SIDE_STYLE('',(#1484));
#1486=SURFACE_STYLE_USAGE(.BOTH.,#1485);
#1487=PRESENTATION_STYLE_ASSIGNMENT((#1486));
#1488=STYLED_ITEM('',(#1487),#1480);
#1489=ADVANCED_FACE('',(#3892),#3894,.T.);
#1490=COLOUR_RGB($,1.,0.843137254901961,0.);
#1491=FILL_AREA_STYLE_COLOUR($,#1490);
#1492=FILL_AREA_STYLE($,(#1491));
#1493=SURFACE_STYLE_FILL_AREA(#1492);
#1494=SURFACE_SIDE_STYLE('',(#1493));
#1495=SURFACE_STYLE_USAGE(.BOTH.,#1494);
#1496=PRESENTATION_STYLE_ASSIGNMENT((#1495));
#1497=STYLED_ITEM('',(#1496),#1489);
#1498=ADVANCED_FACE('',(#3899),#3901,.T.);
#1499=COLOUR_RGB($,1.,0.843137254901961,0.);
#1500=FILL_AREA_STYLE_COLOUR($,#1499);
#1501=FILL_AREA_STYLE($,(#1500));
#1502=SURFACE_STYLE_FILL_AREA(#1501);
#1503=SURFACE_SIDE_STYLE('',(#1502));
#1504=SURFACE_STYLE_USAGE(.BOTH.,#1503);
#1505=PRESENTATION_STYLE_ASSIGNMENT((#1504));
#1506=STYLED_ITEM('',(#1505),#1498);
#1507=ADVANCED_FACE('',(#3906),#3908,.T.);
#1508=COLOUR_RGB($,1.,0.843137254901961,0.);
#1509=FILL_AREA_STYLE_COLOUR($,#1508);
#1510=FILL_AREA_STYLE($,(#1509));
#1511=SURFACE_STYLE_FILL_AREA(#1510);
#1512=SURFACE_SIDE_STYLE('',(#1511));
#1513=SURFACE_STYLE_USAGE(.BOTH.,#1512);
#1514=PRESENTATION_STYLE_ASSIGNMENT((#1513));
#1515=STYLED_ITEM('',(#1514),#1507);
#1516=ADVANCED_FACE('',(#3913),#3915,.T.);
#1517=COLOUR_RGB($,1.,0.843137254901961,0.);
#1518=FILL_AREA_STYLE_COLOUR($,#1517);
#1519=FILL_AREA_STYLE($,(#1518));
#1520=SURFACE_STYLE_FILL_AREA(#1519);
#1521=SURFACE_SIDE_STYLE('',(#1520));
#1522=SURFACE_STYLE_USAGE(.BOTH.,#1521);
#1523=PRESENTATION_STYLE_ASSIGNMENT((#1522));
#1524=STYLED_ITEM('',(#1523),#1516);
#1525=ADVANCED_FACE('',(#3920),#3922,.T.);
#1526=COLOUR_RGB($,1.,0.843137254901961,0.);
#1527=FILL_AREA_STYLE_COLOUR($,#1526);
#1528=FILL_AREA_STYLE($,(#1527));
#1529=SURFACE_STYLE_FILL_AREA(#1528);
#1530=SURFACE_SIDE_STYLE('',(#1529));
#1531=SURFACE_STYLE_USAGE(.BOTH.,#1530);
#1532=PRESENTATION_STYLE_ASSIGNMENT((#1531));
#1533=STYLED_ITEM('',(#1532),#1525);
#1534=ADVANCED_FACE('',(#3927),#3929,.T.);
#1535=COLOUR_RGB($,1.,0.843137254901961,0.);
#1536=FILL_AREA_STYLE_COLOUR($,#1535);
#1537=FILL_AREA_STYLE($,(#1536));
#1538=SURFACE_STYLE_FILL_AREA(#1537);
#1539=SURFACE_SIDE_STYLE('',(#1538));
#1540=SURFACE_STYLE_USAGE(.BOTH.,#1539);
#1541=PRESENTATION_STYLE_ASSIGNMENT((#1540));
#1542=STYLED_ITEM('',(#1541),#1534);
#1543=ADVANCED_FACE('',(#3934),#3936,.T.);
#1544=COLOUR_RGB($,1.,0.843137254901961,0.);
#1545=FILL_AREA_STYLE_COLOUR($,#1544);
#1546=FILL_AREA_STYLE($,(#1545));
#1547=SURFACE_STYLE_FILL_AREA(#1546);
#1548=SURFACE_SIDE_STYLE('',(#1547));
#1549=SURFACE_STYLE_USAGE(.BOTH.,#1548);
#1550=PRESENTATION_STYLE_ASSIGNMENT((#1549));
#1551=STYLED_ITEM('',(#1550),#1543);
#1552=ADVANCED_FACE('',(#3941),#3943,.T.);
#1553=COLOUR_RGB($,1.,0.843137254901961,0.);
#1554=FILL_AREA_STYLE_COLOUR($,#1553);
#1555=FILL_AREA_STYLE($,(#1554));
#1556=SURFACE_STYLE_FILL_AREA(#1555);
#1557=SURFACE_SIDE_STYLE('',(#1556));
#1558=SURFACE_STYLE_USAGE(.BOTH.,#1557);
#1559=PRESENTATION_STYLE_ASSIGNMENT((#1558));
#1560=STYLED_ITEM('',(#1559),#1552);
#1561=ADVANCED_FACE('',(#3948),#3950,.T.);
#1562=COLOUR_RGB($,1.,0.843137254901961,0.);
#1563=FILL_AREA_STYLE_COLOUR($,#1562);
#1564=FILL_AREA_STYLE($,(#1563));
#1565=SURFACE_STYLE_FILL_AREA(#1564);
#1566=SURFACE_SIDE_STYLE('',(#1565));
#1567=SURFACE_STYLE_USAGE(.BOTH.,#1566);
#1568=PRESENTATION_STYLE_ASSIGNMENT((#1567));
#1569=STYLED_ITEM('',(#1568),#1561);
#1570=ADVANCED_FACE('',(#3955),#3957,.T.);
#1571=COLOUR_RGB($,1.,0.843137254901961,0.);
#1572=FILL_AREA_STYLE_COLOUR($,#1571);
#1573=FILL_AREA_STYLE($,(#1572));
#1574=SURFACE_STYLE_FILL_AREA(#1573);
#1575=SURFACE_SIDE_STYLE('',(#1574));
#1576=SURFACE_STYLE_USAGE(.BOTH.,#1575);
#1577=PRESENTATION_STYLE_ASSIGNMENT((#1576));
#1578=STYLED_ITEM('',(#1577),#1570);
#1579=ADVANCED_FACE('',(#3962),#3964,.T.);
#1580=COLOUR_RGB($,1.,0.843137254901961,0.);
#1581=FILL_AREA_STYLE_COLOUR($,#1580);
#1582=FILL_AREA_STYLE($,(#1581));
#1583=SURFACE_STYLE_FILL_AREA(#1582);
#1584=SURFACE_SIDE_STYLE('',(#1583));
#1585=SURFACE_STYLE_USAGE(.BOTH.,#1584);
#1586=PRESENTATION_STYLE_ASSIGNMENT((#1585));
#1587=STYLED_ITEM('',(#1586),#1579);
#1588=ADVANCED_FACE('',(#3969),#3971,.T.);
#1589=COLOUR_RGB($,1.,0.843137254901961,0.);
#1590=FILL_AREA_STYLE_COLOUR($,#1589);
#1591=FILL_AREA_STYLE($,(#1590));
#1592=SURFACE_STYLE_FILL_AREA(#1591);
#1593=SURFACE_SIDE_STYLE('',(#1592));
#1594=SURFACE_STYLE_USAGE(.BOTH.,#1593);
#1595=PRESENTATION_STYLE_ASSIGNMENT((#1594));
#1596=STYLED_ITEM('',(#1595),#1588);
#1597=ADVANCED_FACE('',(#3976),#3978,.T.);
#1598=COLOUR_RGB($,1.,0.843137254901961,0.);
#1599=FILL_AREA_STYLE_COLOUR($,#1598);
#1600=FILL_AREA_STYLE($,(#1599));
#1601=SURFACE_STYLE_FILL_AREA(#1600);
#1602=SURFACE_SIDE_STYLE('',(#1601));
#1603=SURFACE_STYLE_USAGE(.BOTH.,#1602);
#1604=PRESENTATION_STYLE_ASSIGNMENT((#1603));
#1605=STYLED_ITEM('',(#1604),#1597);
#1606=ADVANCED_FACE('',(#3983),#3985,.T.);
#1607=COLOUR_RGB($,1.,0.843137254901961,0.);
#1608=FILL_AREA_STYLE_COLOUR($,#1607);
#1609=FILL_AREA_STYLE($,(#1608));
#1610=SURFACE_STYLE_FILL_AREA(#1609);
#1611=SURFACE_SIDE_STYLE('',(#1610));
#1612=SURFACE_STYLE_USAGE(.BOTH.,#1611);
#1613=PRESENTATION_STYLE_ASSIGNMENT((#1612));
#1614=STYLED_ITEM('',(#1613),#1606);
#1615=ADVANCED_FACE('',(#3990),#3992,.T.);
#1616=COLOUR_RGB($,1.,0.843137254901961,0.);
#1617=FILL_AREA_STYLE_COLOUR($,#1616);
#1618=FILL_AREA_STYLE($,(#1617));
#1619=SURFACE_STYLE_FILL_AREA(#1618);
#1620=SURFACE_SIDE_STYLE('',(#1619));
#1621=SURFACE_STYLE_USAGE(.BOTH.,#1620);
#1622=PRESENTATION_STYLE_ASSIGNMENT((#1621));
#1623=STYLED_ITEM('',(#1622),#1615);
#1624=ADVANCED_FACE('',(#3997),#3999,.T.);
#1625=COLOUR_RGB($,1.,0.843137254901961,0.);
#1626=FILL_AREA_STYLE_COLOUR($,#1625);
#1627=FILL_AREA_STYLE($,(#1626));
#1628=SURFACE_STYLE_FILL_AREA(#1627);
#1629=SURFACE_SIDE_STYLE('',(#1628));
#1630=SURFACE_STYLE_USAGE(.BOTH.,#1629);
#1631=PRESENTATION_STYLE_ASSIGNMENT((#1630));
#1632=STYLED_ITEM('',(#1631),#1624);
#1633=ADVANCED_FACE('',(#4004),#4006,.T.);
#1634=COLOUR_RGB($,1.,0.843137254901961,0.);
#1635=FILL_AREA_STYLE_COLOUR($,#1634);
#1636=FILL_AREA_STYLE($,(#1635));
#1637=SURFACE_STYLE_FILL_AREA(#1636);
#1638=SURFACE_SIDE_STYLE('',(#1637));
#1639=SURFACE_STYLE_USAGE(.BOTH.,#1638);
#1640=PRESENTATION_STYLE_ASSIGNMENT((#1639));
#1641=STYLED_ITEM('',(#1640),#1633);
#1642=ADVANCED_FACE('',(#4011),#4013,.T.);
#1643=COLOUR_RGB($,1.,1.,1.);
#1644=FILL_AREA_STYLE_COLOUR($,#1643);
#1645=FILL_AREA_STYLE($,(#1644));
#1646=SURFACE_STYLE_FILL_AREA(#1645);
#1647=SURFACE_SIDE_STYLE('',(#1646));
#1648=SURFACE_STYLE_USAGE(.BOTH.,#1647);
#1649=PRESENTATION_STYLE_ASSIGNMENT((#1648));
#1650=STYLED_ITEM('',(#1649),#1642);
#1651=ADVANCED_FACE('',(#4018),#4020,.T.);
#1652=COLOUR_RGB($,1.,0.843137254901961,0.);
#1653=FILL_AREA_STYLE_COLOUR($,#1652);
#1654=FILL_AREA_STYLE($,(#1653));
#1655=SURFACE_STYLE_FILL_AREA(#1654);
#1656=SURFACE_SIDE_STYLE('',(#1655));
#1657=SURFACE_STYLE_USAGE(.BOTH.,#1656);
#1658=PRESENTATION_STYLE_ASSIGNMENT((#1657));
#1659=STYLED_ITEM('',(#1658),#1651);
#1660=ADVANCED_FACE('',(#4025),#4027,.T.);
#1661=COLOUR_RGB($,1.,0.843137254901961,0.);
#1662=FILL_AREA_STYLE_COLOUR($,#1661);
#1663=FILL_AREA_STYLE($,(#1662));
#1664=SURFACE_STYLE_FILL_AREA(#1663);
#1665=SURFACE_SIDE_STYLE('',(#1664));
#1666=SURFACE_STYLE_USAGE(.BOTH.,#1665);
#1667=PRESENTATION_STYLE_ASSIGNMENT((#1666));
#1668=STYLED_ITEM('',(#1667),#1660);
#1669=ADVANCED_FACE('',(#4032),#4034,.T.);
#1670=COLOUR_RGB($,1.,0.843137254901961,0.);
#1671=FILL_AREA_STYLE_COLOUR($,#1670);
#1672=FILL_AREA_STYLE($,(#1671));
#1673=SURFACE_STYLE_FILL_AREA(#1672);
#1674=SURFACE_SIDE_STYLE('',(#1673));
#1675=SURFACE_STYLE_USAGE(.BOTH.,#1674);
#1676=PRESENTATION_STYLE_ASSIGNMENT((#1675));
#1677=STYLED_ITEM('',(#1676),#1669);
#1678=ADVANCED_FACE('',(#4039),#4041,.T.);
#1679=COLOUR_RGB($,1.,0.843137254901961,0.);
#1680=FILL_AREA_STYLE_COLOUR($,#1679);
#1681=FILL_AREA_STYLE($,(#1680));
#1682=SURFACE_STYLE_FILL_AREA(#1681);
#1683=SURFACE_SIDE_STYLE('',(#1682));
#1684=SURFACE_STYLE_USAGE(.BOTH.,#1683);
#1685=PRESENTATION_STYLE_ASSIGNMENT((#1684));
#1686=STYLED_ITEM('',(#1685),#1678);
#1687=ADVANCED_FACE('',(#4046),#4048,.T.);
#1688=COLOUR_RGB($,1.,0.843137254901961,0.);
#1689=FILL_AREA_STYLE_COLOUR($,#1688);
#1690=FILL_AREA_STYLE($,(#1689));
#1691=SURFACE_STYLE_FILL_AREA(#1690);
#1692=SURFACE_SIDE_STYLE('',(#1691));
#1693=SURFACE_STYLE_USAGE(.BOTH.,#1692);
#1694=PRESENTATION_STYLE_ASSIGNMENT((#1693));
#1695=STYLED_ITEM('',(#1694),#1687);
#1696=ADVANCED_FACE('',(#4053),#4055,.T.);
#1697=COLOUR_RGB($,1.,0.843137254901961,0.);
#1698=FILL_AREA_STYLE_COLOUR($,#1697);
#1699=FILL_AREA_STYLE($,(#1698));
#1700=SURFACE_STYLE_FILL_AREA(#1699);
#1701=SURFACE_SIDE_STYLE('',(#1700));
#1702=SURFACE_STYLE_USAGE(.BOTH.,#1701);
#1703=PRESENTATION_STYLE_ASSIGNMENT((#1702));
#1704=STYLED_ITEM('',(#1703),#1696);
#1705=ADVANCED_FACE('',(#4060),#4062,.T.);
#1706=COLOUR_RGB($,1.,0.843137254901961,0.);
#1707=FILL_AREA_STYLE_COLOUR($,#1706);
#1708=FILL_AREA_STYLE($,(#1707));
#1709=SURFACE_STYLE_FILL_AREA(#1708);
#1710=SURFACE_SIDE_STYLE('',(#1709));
#1711=SURFACE_STYLE_USAGE(.BOTH.,#1710);
#1712=PRESENTATION_STYLE_ASSIGNMENT((#1711));
#1713=STYLED_ITEM('',(#1712),#1705);
#1714=ADVANCED_FACE('',(#4067),#4069,.T.);
#1715=COLOUR_RGB($,1.,0.843137254901961,0.);
#1716=FILL_AREA_STYLE_COLOUR($,#1715);
#1717=FILL_AREA_STYLE($,(#1716));
#1718=SURFACE_STYLE_FILL_AREA(#1717);
#1719=SURFACE_SIDE_STYLE('',(#1718));
#1720=SURFACE_STYLE_USAGE(.BOTH.,#1719);
#1721=PRESENTATION_STYLE_ASSIGNMENT((#1720));
#1722=STYLED_ITEM('',(#1721),#1714);
#1723=ADVANCED_FACE('',(#4074),#4076,.T.);
#1724=COLOUR_RGB($,1.,0.843137254901961,0.);
#1725=FILL_AREA_STYLE_COLOUR($,#1724);
#1726=FILL_AREA_STYLE($,(#1725));
#1727=SURFACE_STYLE_FILL_AREA(#1726);
#1728=SURFACE_SIDE_STYLE('',(#1727));
#1729=SURFACE_STYLE_USAGE(.BOTH.,#1728);
#1730=PRESENTATION_STYLE_ASSIGNMENT((#1729));
#1731=STYLED_ITEM('',(#1730),#1723);
#1732=ADVANCED_FACE('',(#4081),#4083,.T.);
#1733=COLOUR_RGB($,1.,0.843137254901961,0.);
#1734=FILL_AREA_STYLE_COLOUR($,#1733);
#1735=FILL_AREA_STYLE($,(#1734));
#1736=SURFACE_STYLE_FILL_AREA(#1735);
#1737=SURFACE_SIDE_STYLE('',(#1736));
#1738=SURFACE_STYLE_USAGE(.BOTH.,#1737);
#1739=PRESENTATION_STYLE_ASSIGNMENT((#1738));
#1740=STYLED_ITEM('',(#1739),#1732);
#1741=ADVANCED_FACE('',(#4088),#4090,.T.);
#1742=COLOUR_RGB($,1.,0.843137254901961,0.);
#1743=FILL_AREA_STYLE_COLOUR($,#1742);
#1744=FILL_AREA_STYLE($,(#1743));
#1745=SURFACE_STYLE_FILL_AREA(#1744);
#1746=SURFACE_SIDE_STYLE('',(#1745));
#1747=SURFACE_STYLE_USAGE(.BOTH.,#1746);
#1748=PRESENTATION_STYLE_ASSIGNMENT((#1747));
#1749=STYLED_ITEM('',(#1748),#1741);
#1750=ADVANCED_FACE('',(#4095),#4097,.T.);
#1751=COLOUR_RGB($,1.,0.843137254901961,0.);
#1752=FILL_AREA_STYLE_COLOUR($,#1751);
#1753=FILL_AREA_STYLE($,(#1752));
#1754=SURFACE_STYLE_FILL_AREA(#1753);
#1755=SURFACE_SIDE_STYLE('',(#1754));
#1756=SURFACE_STYLE_USAGE(.BOTH.,#1755);
#1757=PRESENTATION_STYLE_ASSIGNMENT((#1756));
#1758=STYLED_ITEM('',(#1757),#1750);
#1759=ADVANCED_FACE('',(#4102),#4104,.T.);
#1760=COLOUR_RGB($,1.,0.843137254901961,0.);
#1761=FILL_AREA_STYLE_COLOUR($,#1760);
#1762=FILL_AREA_STYLE($,(#1761));
#1763=SURFACE_STYLE_FILL_AREA(#1762);
#1764=SURFACE_SIDE_STYLE('',(#1763));
#1765=SURFACE_STYLE_USAGE(.BOTH.,#1764);
#1766=PRESENTATION_STYLE_ASSIGNMENT((#1765));
#1767=STYLED_ITEM('',(#1766),#1759);
#1768=ADVANCED_FACE('',(#4109),#4111,.T.);
#1769=COLOUR_RGB($,1.,0.843137254901961,0.);
#1770=FILL_AREA_STYLE_COLOUR($,#1769);
#1771=FILL_AREA_STYLE($,(#1770));
#1772=SURFACE_STYLE_FILL_AREA(#1771);
#1773=SURFACE_SIDE_STYLE('',(#1772));
#1774=SURFACE_STYLE_USAGE(.BOTH.,#1773);
#1775=PRESENTATION_STYLE_ASSIGNMENT((#1774));
#1776=STYLED_ITEM('',(#1775),#1768);
#1777=ADVANCED_FACE('',(#4116),#4118,.T.);
#1778=COLOUR_RGB($,1.,0.843137254901961,0.);
#1779=FILL_AREA_STYLE_COLOUR($,#1778);
#1780=FILL_AREA_STYLE($,(#1779));
#1781=SURFACE_STYLE_FILL_AREA(#1780);
#1782=SURFACE_SIDE_STYLE('',(#1781));
#1783=SURFACE_STYLE_USAGE(.BOTH.,#1782);
#1784=PRESENTATION_STYLE_ASSIGNMENT((#1783));
#1785=STYLED_ITEM('',(#1784),#1777);
#1786=ADVANCED_FACE('',(#4123),#4125,.T.);
#1787=COLOUR_RGB($,1.,0.843137254901961,0.);
#1788=FILL_AREA_STYLE_COLOUR($,#1787);
#1789=FILL_AREA_STYLE($,(#1788));
#1790=SURFACE_STYLE_FILL_AREA(#1789);
#1791=SURFACE_SIDE_STYLE('',(#1790));
#1792=SURFACE_STYLE_USAGE(.BOTH.,#1791);
#1793=PRESENTATION_STYLE_ASSIGNMENT((#1792));
#1794=STYLED_ITEM('',(#1793),#1786);
#1795=ADVANCED_FACE('',(#4130),#4132,.T.);
#1796=COLOUR_RGB($,1.,0.843137254901961,0.);
#1797=FILL_AREA_STYLE_COLOUR($,#1796);
#1798=FILL_AREA_STYLE($,(#1797));
#1799=SURFACE_STYLE_FILL_AREA(#1798);
#1800=SURFACE_SIDE_STYLE('',(#1799));
#1801=SURFACE_STYLE_USAGE(.BOTH.,#1800);
#1802=PRESENTATION_STYLE_ASSIGNMENT((#1801));
#1803=STYLED_ITEM('',(#1802),#1795);
#1804=ADVANCED_FACE('',(#4137),#4139,.T.);
#1805=COLOUR_RGB($,1.,0.843137254901961,0.);
#1806=FILL_AREA_STYLE_COLOUR($,#1805);
#1807=FILL_AREA_STYLE($,(#1806));
#1808=SURFACE_STYLE_FILL_AREA(#1807);
#1809=SURFACE_SIDE_STYLE('',(#1808));
#1810=SURFACE_STYLE_USAGE(.BOTH.,#1809);
#1811=PRESENTATION_STYLE_ASSIGNMENT((#1810));
#1812=STYLED_ITEM('',(#1811),#1804);
#1813=ADVANCED_FACE('',(#4144),#4146,.T.);
#1814=COLOUR_RGB($,1.,0.843137254901961,0.);
#1815=FILL_AREA_STYLE_COLOUR($,#1814);
#1816=FILL_AREA_STYLE($,(#1815));
#1817=SURFACE_STYLE_FILL_AREA(#1816);
#1818=SURFACE_SIDE_STYLE('',(#1817));
#1819=SURFACE_STYLE_USAGE(.BOTH.,#1818);
#1820=PRESENTATION_STYLE_ASSIGNMENT((#1819));
#1821=STYLED_ITEM('',(#1820),#1813);
#1822=ADVANCED_FACE('',(#4151),#4153,.T.);
#1823=COLOUR_RGB($,1.,0.843137254901961,0.);
#1824=FILL_AREA_STYLE_COLOUR($,#1823);
#1825=FILL_AREA_STYLE($,(#1824));
#1826=SURFACE_STYLE_FILL_AREA(#1825);
#1827=SURFACE_SIDE_STYLE('',(#1826));
#1828=SURFACE_STYLE_USAGE(.BOTH.,#1827);
#1829=PRESENTATION_STYLE_ASSIGNMENT((#1828));
#1830=STYLED_ITEM('',(#1829),#1822);
#1831=ADVANCED_FACE('',(#4158),#4160,.T.);
#1832=COLOUR_RGB($,1.,0.843137254901961,0.);
#1833=FILL_AREA_STYLE_COLOUR($,#1832);
#1834=FILL_AREA_STYLE($,(#1833));
#1835=SURFACE_STYLE_FILL_AREA(#1834);
#1836=SURFACE_SIDE_STYLE('',(#1835));
#1837=SURFACE_STYLE_USAGE(.BOTH.,#1836);
#1838=PRESENTATION_STYLE_ASSIGNMENT((#1837));
#1839=STYLED_ITEM('',(#1838),#1831);
#1840=ADVANCED_FACE('',(#4165),#4167,.T.);
#1841=COLOUR_RGB($,1.,0.843137254901961,0.);
#1842=FILL_AREA_STYLE_COLOUR($,#1841);
#1843=FILL_AREA_STYLE($,(#1842));
#1844=SURFACE_STYLE_FILL_AREA(#1843);
#1845=SURFACE_SIDE_STYLE('',(#1844));
#1846=SURFACE_STYLE_USAGE(.BOTH.,#1845);
#1847=PRESENTATION_STYLE_ASSIGNMENT((#1846));
#1848=STYLED_ITEM('',(#1847),#1840);
#1849=ADVANCED_FACE('',(#4172),#4174,.T.);
#1850=COLOUR_RGB($,1.,0.843137254901961,0.);
#1851=FILL_AREA_STYLE_COLOUR($,#1850);
#1852=FILL_AREA_STYLE($,(#1851));
#1853=SURFACE_STYLE_FILL_AREA(#1852);
#1854=SURFACE_SIDE_STYLE('',(#1853));
#1855=SURFACE_STYLE_USAGE(.BOTH.,#1854);
#1856=PRESENTATION_STYLE_ASSIGNMENT((#1855));
#1857=STYLED_ITEM('',(#1856),#1849);
#1858=ADVANCED_FACE('',(#4179),#4181,.T.);
#1859=COLOUR_RGB($,1.,0.843137254901961,0.);
#1860=FILL_AREA_STYLE_COLOUR($,#1859);
#1861=FILL_AREA_STYLE($,(#1860));
#1862=SURFACE_STYLE_FILL_AREA(#1861);
#1863=SURFACE_SIDE_STYLE('',(#1862));
#1864=SURFACE_STYLE_USAGE(.BOTH.,#1863);
#1865=PRESENTATION_STYLE_ASSIGNMENT((#1864));
#1866=STYLED_ITEM('',(#1865),#1858);
#1867=ADVANCED_FACE('',(#4186),#4188,.T.);
#1868=COLOUR_RGB($,1.,0.843137254901961,0.);
#1869=FILL_AREA_STYLE_COLOUR($,#1868);
#1870=FILL_AREA_STYLE($,(#1869));
#1871=SURFACE_STYLE_FILL_AREA(#1870);
#1872=SURFACE_SIDE_STYLE('',(#1871));
#1873=SURFACE_STYLE_USAGE(.BOTH.,#1872);
#1874=PRESENTATION_STYLE_ASSIGNMENT((#1873));
#1875=STYLED_ITEM('',(#1874),#1867);
#1876=ADVANCED_FACE('',(#4193),#4195,.T.);
#1877=COLOUR_RGB($,1.,0.843137254901961,0.);
#1878=FILL_AREA_STYLE_COLOUR($,#1877);
#1879=FILL_AREA_STYLE($,(#1878));
#1880=SURFACE_STYLE_FILL_AREA(#1879);
#1881=SURFACE_SIDE_STYLE('',(#1880));
#1882=SURFACE_STYLE_USAGE(.BOTH.,#1881);
#1883=PRESENTATION_STYLE_ASSIGNMENT((#1882));
#1884=STYLED_ITEM('',(#1883),#1876);
#1885=ADVANCED_FACE('',(#4200),#4202,.T.);
#1886=COLOUR_RGB($,1.,0.843137254901961,0.);
#1887=FILL_AREA_STYLE_COLOUR($,#1886);
#1888=FILL_AREA_STYLE($,(#1887));
#1889=SURFACE_STYLE_FILL_AREA(#1888);
#1890=SURFACE_SIDE_STYLE('',(#1889));
#1891=SURFACE_STYLE_USAGE(.BOTH.,#1890);
#1892=PRESENTATION_STYLE_ASSIGNMENT((#1891));
#1893=STYLED_ITEM('',(#1892),#1885);
#1894=ADVANCED_FACE('',(#4207),#4209,.T.);
#1895=COLOUR_RGB($,1.,0.843137254901961,0.);
#1896=FILL_AREA_STYLE_COLOUR($,#1895);
#1897=FILL_AREA_STYLE($,(#1896));
#1898=SURFACE_STYLE_FILL_AREA(#1897);
#1899=SURFACE_SIDE_STYLE('',(#1898));
#1900=SURFACE_STYLE_USAGE(.BOTH.,#1899);
#1901=PRESENTATION_STYLE_ASSIGNMENT((#1900));
#1902=STYLED_ITEM('',(#1901),#1894);
#1903=ADVANCED_FACE('',(#4214),#4216,.T.);
#1904=COLOUR_RGB($,1.,0.843137254901961,0.);
#1905=FILL_AREA_STYLE_COLOUR($,#1904);
#1906=FILL_AREA_STYLE($,(#1905));
#1907=SURFACE_STYLE_FILL_AREA(#1906);
#1908=SURFACE_SIDE_STYLE('',(#1907));
#1909=SURFACE_STYLE_USAGE(.BOTH.,#1908);
#1910=PRESENTATION_STYLE_ASSIGNMENT((#1909));
#1911=STYLED_ITEM('',(#1910),#1903);
#1912=ADVANCED_FACE('',(#4221),#4223,.T.);
#1913=COLOUR_RGB($,1.,0.843137254901961,0.);
#1914=FILL_AREA_STYLE_COLOUR($,#1913);
#1915=FILL_AREA_STYLE($,(#1914));
#1916=SURFACE_STYLE_FILL_AREA(#1915);
#1917=SURFACE_SIDE_STYLE('',(#1916));
#1918=SURFACE_STYLE_USAGE(.BOTH.,#1917);
#1919=PRESENTATION_STYLE_ASSIGNMENT((#1918));
#1920=STYLED_ITEM('',(#1919),#1912);
#1921=ADVANCED_FACE('',(#4228),#4230,.T.);
#1922=COLOUR_RGB($,1.,0.843137254901961,0.);
#1923=FILL_AREA_STYLE_COLOUR($,#1922);
#1924=FILL_AREA_STYLE($,(#1923));
#1925=SURFACE_STYLE_FILL_AREA(#1924);
#1926=SURFACE_SIDE_STYLE('',(#1925));
#1927=SURFACE_STYLE_USAGE(.BOTH.,#1926);
#1928=PRESENTATION_STYLE_ASSIGNMENT((#1927));
#1929=STYLED_ITEM('',(#1928),#1921);
#1930=ADVANCED_FACE('',(#4235),#4237,.T.);
#1931=COLOUR_RGB($,1.,0.843137254901961,0.);
#1932=FILL_AREA_STYLE_COLOUR($,#1931);
#1933=FILL_AREA_STYLE($,(#1932));
#1934=SURFACE_STYLE_FILL_AREA(#1933);
#1935=SURFACE_SIDE_STYLE('',(#1934));
#1936=SURFACE_STYLE_USAGE(.BOTH.,#1935);
#1937=PRESENTATION_STYLE_ASSIGNMENT((#1936));
#1938=STYLED_ITEM('',(#1937),#1930);
#1939=ADVANCED_FACE('',(#4242),#4244,.T.);
#1940=COLOUR_RGB($,1.,0.843137254901961,0.);
#1941=FILL_AREA_STYLE_COLOUR($,#1940);
#1942=FILL_AREA_STYLE($,(#1941));
#1943=SURFACE_STYLE_FILL_AREA(#1942);
#1944=SURFACE_SIDE_STYLE('',(#1943));
#1945=SURFACE_STYLE_USAGE(.BOTH.,#1944);
#1946=PRESENTATION_STYLE_ASSIGNMENT((#1945));
#1947=STYLED_ITEM('',(#1946),#1939);
#1948=ADVANCED_FACE('',(#4249),#4251,.T.);
#1949=COLOUR_RGB($,1.,0.843137254901961,0.);
#1950=FILL_AREA_STYLE_COLOUR($,#1949);
#1951=FILL_AREA_STYLE($,(#1950));
#1952=SURFACE_STYLE_FILL_AREA(#1951);
#1953=SURFACE_SIDE_STYLE('',(#1952));
#1954=SURFACE_STYLE_USAGE(.BOTH.,#1953);
#1955=PRESENTATION_STYLE_ASSIGNMENT((#1954));
#1956=STYLED_ITEM('',(#1955),#1948);
#1957=ADVANCED_FACE('',(#4256),#4258,.T.);
#1958=COLOUR_RGB($,1.,0.843137254901961,0.);
#1959=FILL_AREA_STYLE_COLOUR($,#1958);
#1960=FILL_AREA_STYLE($,(#1959));
#1961=SURFACE_STYLE_FILL_AREA(#1960);
#1962=SURFACE_SIDE_STYLE('',(#1961));
#1963=SURFACE_STYLE_USAGE(.BOTH.,#1962);
#1964=PRESENTATION_STYLE_ASSIGNMENT((#1963));
#1965=STYLED_ITEM('',(#1964),#1957);
#1966=ADVANCED_FACE('',(#4263),#4265,.T.);
#1967=COLOUR_RGB($,1.,0.843137254901961,0.);
#1968=FILL_AREA_STYLE_COLOUR($,#1967);
#1969=FILL_AREA_STYLE($,(#1968));
#1970=SURFACE_STYLE_FILL_AREA(#1969);
#1971=SURFACE_SIDE_STYLE('',(#1970));
#1972=SURFACE_STYLE_USAGE(.BOTH.,#1971);
#1973=PRESENTATION_STYLE_ASSIGNMENT((#1972));
#1974=STYLED_ITEM('',(#1973),#1966);
#1975=ADVANCED_FACE('',(#4270),#4272,.T.);
#1976=COLOUR_RGB($,1.,0.843137254901961,0.);
#1977=FILL_AREA_STYLE_COLOUR($,#1976);
#1978=FILL_AREA_STYLE($,(#1977));
#1979=SURFACE_STYLE_FILL_AREA(#1978);
#1980=SURFACE_SIDE_STYLE('',(#1979));
#1981=SURFACE_STYLE_USAGE(.BOTH.,#1980);
#1982=PRESENTATION_STYLE_ASSIGNMENT((#1981));
#1983=STYLED_ITEM('',(#1982),#1975);
#1984=ADVANCED_FACE('',(#4277),#4279,.T.);
#1985=COLOUR_RGB($,1.,0.843137254901961,0.);
#1986=FILL_AREA_STYLE_COLOUR($,#1985);
#1987=FILL_AREA_STYLE($,(#1986));
#1988=SURFACE_STYLE_FILL_AREA(#1987);
#1989=SURFACE_SIDE_STYLE('',(#1988));
#1990=SURFACE_STYLE_USAGE(.BOTH.,#1989);
#1991=PRESENTATION_STYLE_ASSIGNMENT((#1990));
#1992=STYLED_ITEM('',(#1991),#1984);
#1993=ADVANCED_FACE('',(#4284),#4286,.T.);
#1994=COLOUR_RGB($,1.,0.843137254901961,0.);
#1995=FILL_AREA_STYLE_COLOUR($,#1994);
#1996=FILL_AREA_STYLE($,(#1995));
#1997=SURFACE_STYLE_FILL_AREA(#1996);
#1998=SURFACE_SIDE_STYLE('',(#1997));
#1999=SURFACE_STYLE_USAGE(.BOTH.,#1998);
#2000=PRESENTATION_STYLE_ASSIGNMENT((#1999));
#2001=STYLED_ITEM('',(#2000),#1993);
#2002=ADVANCED_FACE('',(#4291),#4293,.T.);
#2003=COLOUR_RGB($,1.,0.843137254901961,0.);
#2004=FILL_AREA_STYLE_COLOUR($,#2003);
#2005=FILL_AREA_STYLE($,(#2004));
#2006=SURFACE_STYLE_FILL_AREA(#2005);
#2007=SURFACE_SIDE_STYLE('',(#2006));
#2008=SURFACE_STYLE_USAGE(.BOTH.,#2007);
#2009=PRESENTATION_STYLE_ASSIGNMENT((#2008));
#2010=STYLED_ITEM('',(#2009),#2002);
#2011=ADVANCED_FACE('',(#4298),#4300,.T.);
#2012=COLOUR_RGB($,1.,0.843137254901961,0.);
#2013=FILL_AREA_STYLE_COLOUR($,#2012);
#2014=FILL_AREA_STYLE($,(#2013));
#2015=SURFACE_STYLE_FILL_AREA(#2014);
#2016=SURFACE_SIDE_STYLE('',(#2015));
#2017=SURFACE_STYLE_USAGE(.BOTH.,#2016);
#2018=PRESENTATION_STYLE_ASSIGNMENT((#2017));
#2019=STYLED_ITEM('',(#2018),#2011);
#2020=ADVANCED_FACE('',(#4305),#4307,.T.);
#2021=COLOUR_RGB($,1.,0.843137254901961,0.);
#2022=FILL_AREA_STYLE_COLOUR($,#2021);
#2023=FILL_AREA_STYLE($,(#2022));
#2024=SURFACE_STYLE_FILL_AREA(#2023);
#2025=SURFACE_SIDE_STYLE('',(#2024));
#2026=SURFACE_STYLE_USAGE(.BOTH.,#2025);
#2027=PRESENTATION_STYLE_ASSIGNMENT((#2026));
#2028=STYLED_ITEM('',(#2027),#2020);
#2029=ADVANCED_FACE('',(#4312),#4314,.T.);
#2030=COLOUR_RGB($,1.,0.843137254901961,0.);
#2031=FILL_AREA_STYLE_COLOUR($,#2030);
#2032=FILL_AREA_STYLE($,(#2031));
#2033=SURFACE_STYLE_FILL_AREA(#2032);
#2034=SURFACE_SIDE_STYLE('',(#2033));
#2035=SURFACE_STYLE_USAGE(.BOTH.,#2034);
#2036=PRESENTATION_STYLE_ASSIGNMENT((#2035));
#2037=STYLED_ITEM('',(#2036),#2029);
#2038=ADVANCED_FACE('',(#4319),#4321,.T.);
#2039=COLOUR_RGB($,1.,0.843137254901961,0.);
#2040=FILL_AREA_STYLE_COLOUR($,#2039);
#2041=FILL_AREA_STYLE($,(#2040));
#2042=SURFACE_STYLE_FILL_AREA(#2041);
#2043=SURFACE_SIDE_STYLE('',(#2042));
#2044=SURFACE_STYLE_USAGE(.BOTH.,#2043);
#2045=PRESENTATION_STYLE_ASSIGNMENT((#2044));
#2046=STYLED_ITEM('',(#2045),#2038);
#2047=ADVANCED_FACE('',(#4326),#4328,.T.);
#2048=COLOUR_RGB($,1.,0.843137254901961,0.);
#2049=FILL_AREA_STYLE_COLOUR($,#2048);
#2050=FILL_AREA_STYLE($,(#2049));
#2051=SURFACE_STYLE_FILL_AREA(#2050);
#2052=SURFACE_SIDE_STYLE('',(#2051));
#2053=SURFACE_STYLE_USAGE(.BOTH.,#2052);
#2054=PRESENTATION_STYLE_ASSIGNMENT((#2053));
#2055=STYLED_ITEM('',(#2054),#2047);
#2056=ADVANCED_FACE('',(#4333),#4335,.T.);
#2057=COLOUR_RGB($,1.,0.843137254901961,0.);
#2058=FILL_AREA_STYLE_COLOUR($,#2057);
#2059=FILL_AREA_STYLE($,(#2058));
#2060=SURFACE_STYLE_FILL_AREA(#2059);
#2061=SURFACE_SIDE_STYLE('',(#2060));
#2062=SURFACE_STYLE_USAGE(.BOTH.,#2061);
#2063=PRESENTATION_STYLE_ASSIGNMENT((#2062));
#2064=STYLED_ITEM('',(#2063),#2056);
#2065=ADVANCED_FACE('',(#4340),#4342,.T.);
#2066=COLOUR_RGB($,1.,0.843137254901961,0.);
#2067=FILL_AREA_STYLE_COLOUR($,#2066);
#2068=FILL_AREA_STYLE($,(#2067));
#2069=SURFACE_STYLE_FILL_AREA(#2068);
#2070=SURFACE_SIDE_STYLE('',(#2069));
#2071=SURFACE_STYLE_USAGE(.BOTH.,#2070);
#2072=PRESENTATION_STYLE_ASSIGNMENT((#2071));
#2073=STYLED_ITEM('',(#2072),#2065);
#2074=ADVANCED_FACE('',(#4347),#4349,.T.);
#2075=COLOUR_RGB($,1.,0.843137254901961,0.);
#2076=FILL_AREA_STYLE_COLOUR($,#2075);
#2077=FILL_AREA_STYLE($,(#2076));
#2078=SURFACE_STYLE_FILL_AREA(#2077);
#2079=SURFACE_SIDE_STYLE('',(#2078));
#2080=SURFACE_STYLE_USAGE(.BOTH.,#2079);
#2081=PRESENTATION_STYLE_ASSIGNMENT((#2080));
#2082=STYLED_ITEM('',(#2081),#2074);
#2083=ADVANCED_FACE('',(#4354),#4356,.F.);
#2084=COLOUR_RGB($,1.,0.843137254901961,0.);
#2085=FILL_AREA_STYLE_COLOUR($,#2084);
#2086=FILL_AREA_STYLE($,(#2085));
#2087=SURFACE_STYLE_FILL_AREA(#2086);
#2088=SURFACE_SIDE_STYLE('',(#2087));
#2089=SURFACE_STYLE_USAGE(.BOTH.,#2088);
#2090=PRESENTATION_STYLE_ASSIGNMENT((#2089));
#2091=STYLED_ITEM('',(#2090),#2083);
#2092=ADVANCED_FACE('',(#4361),#4363,.F.);
#2093=COLOUR_RGB($,1.,0.843137254901961,0.);
#2094=FILL_AREA_STYLE_COLOUR($,#2093);
#2095=FILL_AREA_STYLE($,(#2094));
#2096=SURFACE_STYLE_FILL_AREA(#2095);
#2097=SURFACE_SIDE_STYLE('',(#2096));
#2098=SURFACE_STYLE_USAGE(.BOTH.,#2097);
#2099=PRESENTATION_STYLE_ASSIGNMENT((#2098));
#2100=STYLED_ITEM('',(#2099),#2092);
#2101=ADVANCED_FACE('',(#4368),#4370,.F.);
#2102=COLOUR_RGB($,1.,0.843137254901961,0.);
#2103=FILL_AREA_STYLE_COLOUR($,#2102);
#2104=FILL_AREA_STYLE($,(#2103));
#2105=SURFACE_STYLE_FILL_AREA(#2104);
#2106=SURFACE_SIDE_STYLE('',(#2105));
#2107=SURFACE_STYLE_USAGE(.BOTH.,#2106);
#2108=PRESENTATION_STYLE_ASSIGNMENT((#2107));
#2109=STYLED_ITEM('',(#2108),#2101);
#2110=ADVANCED_FACE('',(#4375),#4377,.F.);
#2111=COLOUR_RGB($,1.,0.843137254901961,0.);
#2112=FILL_AREA_STYLE_COLOUR($,#2111);
#2113=FILL_AREA_STYLE($,(#2112));
#2114=SURFACE_STYLE_FILL_AREA(#2113);
#2115=SURFACE_SIDE_STYLE('',(#2114));
#2116=SURFACE_STYLE_USAGE(.BOTH.,#2115);
#2117=PRESENTATION_STYLE_ASSIGNMENT((#2116));
#2118=STYLED_ITEM('',(#2117),#2110);
#2119=ADVANCED_FACE('',(#4382),#4384,.F.);
#2120=COLOUR_RGB($,1.,0.843137254901961,0.);
#2121=FILL_AREA_STYLE_COLOUR($,#2120);
#2122=FILL_AREA_STYLE($,(#2121));
#2123=SURFACE_STYLE_FILL_AREA(#2122);
#2124=SURFACE_SIDE_STYLE('',(#2123));
#2125=SURFACE_STYLE_USAGE(.BOTH.,#2124);
#2126=PRESENTATION_STYLE_ASSIGNMENT((#2125));
#2127=STYLED_ITEM('',(#2126),#2119);
#2128=ADVANCED_FACE('',(#4389),#4391,.F.);
#2129=COLOUR_RGB($,1.,0.843137254901961,0.);
#2130=FILL_AREA_STYLE_COLOUR($,#2129);
#2131=FILL_AREA_STYLE($,(#2130));
#2132=SURFACE_STYLE_FILL_AREA(#2131);
#2133=SURFACE_SIDE_STYLE('',(#2132));
#2134=SURFACE_STYLE_USAGE(.BOTH.,#2133);
#2135=PRESENTATION_STYLE_ASSIGNMENT((#2134));
#2136=STYLED_ITEM('',(#2135),#2128);
#2137=ADVANCED_FACE('',(#4396),#4398,.F.);
#2138=COLOUR_RGB($,1.,0.843137254901961,0.);
#2139=FILL_AREA_STYLE_COLOUR($,#2138);
#2140=FILL_AREA_STYLE($,(#2139));
#2141=SURFACE_STYLE_FILL_AREA(#2140);
#2142=SURFACE_SIDE_STYLE('',(#2141));
#2143=SURFACE_STYLE_USAGE(.BOTH.,#2142);
#2144=PRESENTATION_STYLE_ASSIGNMENT((#2143));
#2145=STYLED_ITEM('',(#2144),#2137);
#2146=ADVANCED_FACE('',(#4403),#4405,.F.);
#2147=COLOUR_RGB($,1.,0.843137254901961,0.);
#2148=FILL_AREA_STYLE_COLOUR($,#2147);
#2149=FILL_AREA_STYLE($,(#2148));
#2150=SURFACE_STYLE_FILL_AREA(#2149);
#2151=SURFACE_SIDE_STYLE('',(#2150));
#2152=SURFACE_STYLE_USAGE(.BOTH.,#2151);
#2153=PRESENTATION_STYLE_ASSIGNMENT((#2152));
#2154=STYLED_ITEM('',(#2153),#2146);
#2155=ADVANCED_FACE('',(#4410),#4412,.F.);
#2156=COLOUR_RGB($,1.,0.843137254901961,0.);
#2157=FILL_AREA_STYLE_COLOUR($,#2156);
#2158=FILL_AREA_STYLE($,(#2157));
#2159=SURFACE_STYLE_FILL_AREA(#2158);
#2160=SURFACE_SIDE_STYLE('',(#2159));
#2161=SURFACE_STYLE_USAGE(.BOTH.,#2160);
#2162=PRESENTATION_STYLE_ASSIGNMENT((#2161));
#2163=STYLED_ITEM('',(#2162),#2155);
#2164=ADVANCED_FACE('',(#4417),#4419,.F.);
#2165=COLOUR_RGB($,1.,0.843137254901961,0.);
#2166=FILL_AREA_STYLE_COLOUR($,#2165);
#2167=FILL_AREA_STYLE($,(#2166));
#2168=SURFACE_STYLE_FILL_AREA(#2167);
#2169=SURFACE_SIDE_STYLE('',(#2168));
#2170=SURFACE_STYLE_USAGE(.BOTH.,#2169);
#2171=PRESENTATION_STYLE_ASSIGNMENT((#2170));
#2172=STYLED_ITEM('',(#2171),#2164);
#2173=ADVANCED_FACE('',(#4424),#4426,.F.);
#2174=COLOUR_RGB($,1.,0.843137254901961,0.);
#2175=FILL_AREA_STYLE_COLOUR($,#2174);
#2176=FILL_AREA_STYLE($,(#2175));
#2177=SURFACE_STYLE_FILL_AREA(#2176);
#2178=SURFACE_SIDE_STYLE('',(#2177));
#2179=SURFACE_STYLE_USAGE(.BOTH.,#2178);
#2180=PRESENTATION_STYLE_ASSIGNMENT((#2179));
#2181=STYLED_ITEM('',(#2180),#2173);
#2182=ADVANCED_FACE('',(#4431),#4433,.F.);
#2183=COLOUR_RGB($,1.,0.843137254901961,0.);
#2184=FILL_AREA_STYLE_COLOUR($,#2183);
#2185=FILL_AREA_STYLE($,(#2184));
#2186=SURFACE_STYLE_FILL_AREA(#2185);
#2187=SURFACE_SIDE_STYLE('',(#2186));
#2188=SURFACE_STYLE_USAGE(.BOTH.,#2187);
#2189=PRESENTATION_STYLE_ASSIGNMENT((#2188));
#2190=STYLED_ITEM('',(#2189),#2182);
#2191=ADVANCED_FACE('',(#4438),#4440,.F.);
#2192=COLOUR_RGB($,1.,0.843137254901961,0.);
#2193=FILL_AREA_STYLE_COLOUR($,#2192);
#2194=FILL_AREA_STYLE($,(#2193));
#2195=SURFACE_STYLE_FILL_AREA(#2194);
#2196=SURFACE_SIDE_STYLE('',(#2195));
#2197=SURFACE_STYLE_USAGE(.BOTH.,#2196);
#2198=PRESENTATION_STYLE_ASSIGNMENT((#2197));
#2199=STYLED_ITEM('',(#2198),#2191);
#2200=ADVANCED_FACE('',(#4445),#4447,.F.);
#2201=COLOUR_RGB($,1.,0.843137254901961,0.);
#2202=FILL_AREA_STYLE_COLOUR($,#2201);
#2203=FILL_AREA_STYLE($,(#2202));
#2204=SURFACE_STYLE_FILL_AREA(#2203);
#2205=SURFACE_SIDE_STYLE('',(#2204));
#2206=SURFACE_STYLE_USAGE(.BOTH.,#2205);
#2207=PRESENTATION_STYLE_ASSIGNMENT((#2206));
#2208=STYLED_ITEM('',(#2207),#2200);
#2209=ADVANCED_FACE('',(#4452),#4454,.F.);
#2210=COLOUR_RGB($,1.,0.843137254901961,0.);
#2211=FILL_AREA_STYLE_COLOUR($,#2210);
#2212=FILL_AREA_STYLE($,(#2211));
#2213=SURFACE_STYLE_FILL_AREA(#2212);
#2214=SURFACE_SIDE_STYLE('',(#2213));
#2215=SURFACE_STYLE_USAGE(.BOTH.,#2214);
#2216=PRESENTATION_STYLE_ASSIGNMENT((#2215));
#2217=STYLED_ITEM('',(#2216),#2209);
#2218=ADVANCED_FACE('',(#4459),#4461,.F.);
#2219=COLOUR_RGB($,1.,0.843137254901961,0.);
#2220=FILL_AREA_STYLE_COLOUR($,#2219);
#2221=FILL_AREA_STYLE($,(#2220));
#2222=SURFACE_STYLE_FILL_AREA(#2221);
#2223=SURFACE_SIDE_STYLE('',(#2222));
#2224=SURFACE_STYLE_USAGE(.BOTH.,#2223);
#2225=PRESENTATION_STYLE_ASSIGNMENT((#2224));
#2226=STYLED_ITEM('',(#2225),#2218);
#2227=ADVANCED_FACE('',(#4466),#4468,.F.);
#2228=COLOUR_RGB($,1.,0.843137254901961,0.);
#2229=FILL_AREA_STYLE_COLOUR($,#2228);
#2230=FILL_AREA_STYLE($,(#2229));
#2231=SURFACE_STYLE_FILL_AREA(#2230);
#2232=SURFACE_SIDE_STYLE('',(#2231));
#2233=SURFACE_STYLE_USAGE(.BOTH.,#2232);
#2234=PRESENTATION_STYLE_ASSIGNMENT((#2233));
#2235=STYLED_ITEM('',(#2234),#2227);
#2236=ADVANCED_FACE('',(#4473),#4475,.F.);
#2237=COLOUR_RGB($,1.,0.843137254901961,0.);
#2238=FILL_AREA_STYLE_COLOUR($,#2237);
#2239=FILL_AREA_STYLE($,(#2238));
#2240=SURFACE_STYLE_FILL_AREA(#2239);
#2241=SURFACE_SIDE_STYLE('',(#2240));
#2242=SURFACE_STYLE_USAGE(.BOTH.,#2241);
#2243=PRESENTATION_STYLE_ASSIGNMENT((#2242));
#2244=STYLED_ITEM('',(#2243),#2236);
#2245=ADVANCED_FACE('',(#4480),#4482,.F.);
#2246=COLOUR_RGB($,1.,0.843137254901961,0.);
#2247=FILL_AREA_STYLE_COLOUR($,#2246);
#2248=FILL_AREA_STYLE($,(#2247));
#2249=SURFACE_STYLE_FILL_AREA(#2248);
#2250=SURFACE_SIDE_STYLE('',(#2249));
#2251=SURFACE_STYLE_USAGE(.BOTH.,#2250);
#2252=PRESENTATION_STYLE_ASSIGNMENT((#2251));
#2253=STYLED_ITEM('',(#2252),#2245);
#2254=ADVANCED_FACE('',(#4487),#4489,.F.);
#2255=COLOUR_RGB($,1.,0.843137254901961,0.);
#2256=FILL_AREA_STYLE_COLOUR($,#2255);
#2257=FILL_AREA_STYLE($,(#2256));
#2258=SURFACE_STYLE_FILL_AREA(#2257);
#2259=SURFACE_SIDE_STYLE('',(#2258));
#2260=SURFACE_STYLE_USAGE(.BOTH.,#2259);
#2261=PRESENTATION_STYLE_ASSIGNMENT((#2260));
#2262=STYLED_ITEM('',(#2261),#2254);
#2263=ADVANCED_FACE('',(#4494),#4496,.F.);
#2264=COLOUR_RGB($,1.,0.843137254901961,0.);
#2265=FILL_AREA_STYLE_COLOUR($,#2264);
#2266=FILL_AREA_STYLE($,(#2265));
#2267=SURFACE_STYLE_FILL_AREA(#2266);
#2268=SURFACE_SIDE_STYLE('',(#2267));
#2269=SURFACE_STYLE_USAGE(.BOTH.,#2268);
#2270=PRESENTATION_STYLE_ASSIGNMENT((#2269));
#2271=STYLED_ITEM('',(#2270),#2263);
#2272=ADVANCED_FACE('',(#4501),#4503,.F.);
#2273=COLOUR_RGB($,1.,0.843137254901961,0.);
#2274=FILL_AREA_STYLE_COLOUR($,#2273);
#2275=FILL_AREA_STYLE($,(#2274));
#2276=SURFACE_STYLE_FILL_AREA(#2275);
#2277=SURFACE_SIDE_STYLE('',(#2276));
#2278=SURFACE_STYLE_USAGE(.BOTH.,#2277);
#2279=PRESENTATION_STYLE_ASSIGNMENT((#2278));
#2280=STYLED_ITEM('',(#2279),#2272);
#2281=ADVANCED_FACE('',(#4508),#4510,.F.);
#2282=COLOUR_RGB($,1.,0.843137254901961,0.);
#2283=FILL_AREA_STYLE_COLOUR($,#2282);
#2284=FILL_AREA_STYLE($,(#2283));
#2285=SURFACE_STYLE_FILL_AREA(#2284);
#2286=SURFACE_SIDE_STYLE('',(#2285));
#2287=SURFACE_STYLE_USAGE(.BOTH.,#2286);
#2288=PRESENTATION_STYLE_ASSIGNMENT((#2287));
#2289=STYLED_ITEM('',(#2288),#2281);
#2290=ADVANCED_FACE('',(#4515),#4517,.F.);
#2291=COLOUR_RGB($,1.,0.843137254901961,0.);
#2292=FILL_AREA_STYLE_COLOUR($,#2291);
#2293=FILL_AREA_STYLE($,(#2292));
#2294=SURFACE_STYLE_FILL_AREA(#2293);
#2295=SURFACE_SIDE_STYLE('',(#2294));
#2296=SURFACE_STYLE_USAGE(.BOTH.,#2295);
#2297=PRESENTATION_STYLE_ASSIGNMENT((#2296));
#2298=STYLED_ITEM('',(#2297),#2290);
#2299=ADVANCED_FACE('',(#4522),#4524,.F.);
#2300=COLOUR_RGB($,1.,0.843137254901961,0.);
#2301=FILL_AREA_STYLE_COLOUR($,#2300);
#2302=FILL_AREA_STYLE($,(#2301));
#2303=SURFACE_STYLE_FILL_AREA(#2302);
#2304=SURFACE_SIDE_STYLE('',(#2303));
#2305=SURFACE_STYLE_USAGE(.BOTH.,#2304);
#2306=PRESENTATION_STYLE_ASSIGNMENT((#2305));
#2307=STYLED_ITEM('',(#2306),#2299);
#2308=ADVANCED_FACE('',(#4529),#4531,.F.);
#2309=COLOUR_RGB($,1.,0.843137254901961,0.);
#2310=FILL_AREA_STYLE_COLOUR($,#2309);
#2311=FILL_AREA_STYLE($,(#2310));
#2312=SURFACE_STYLE_FILL_AREA(#2311);
#2313=SURFACE_SIDE_STYLE('',(#2312));
#2314=SURFACE_STYLE_USAGE(.BOTH.,#2313);
#2315=PRESENTATION_STYLE_ASSIGNMENT((#2314));
#2316=STYLED_ITEM('',(#2315),#2308);
#2317=ADVANCED_FACE('',(#4536),#4538,.F.);
#2318=COLOUR_RGB($,1.,0.843137254901961,0.);
#2319=FILL_AREA_STYLE_COLOUR($,#2318);
#2320=FILL_AREA_STYLE($,(#2319));
#2321=SURFACE_STYLE_FILL_AREA(#2320);
#2322=SURFACE_SIDE_STYLE('',(#2321));
#2323=SURFACE_STYLE_USAGE(.BOTH.,#2322);
#2324=PRESENTATION_STYLE_ASSIGNMENT((#2323));
#2325=STYLED_ITEM('',(#2324),#2317);
#2326=ADVANCED_FACE('',(#4543),#4545,.F.);
#2327=COLOUR_RGB($,1.,0.843137254901961,0.);
#2328=FILL_AREA_STYLE_COLOUR($,#2327);
#2329=FILL_AREA_STYLE($,(#2328));
#2330=SURFACE_STYLE_FILL_AREA(#2329);
#2331=SURFACE_SIDE_STYLE('',(#2330));
#2332=SURFACE_STYLE_USAGE(.BOTH.,#2331);
#2333=PRESENTATION_STYLE_ASSIGNMENT((#2332));
#2334=STYLED_ITEM('',(#2333),#2326);
#2335=ADVANCED_FACE('',(#4550),#4552,.F.);
#2336=COLOUR_RGB($,1.,0.843137254901961,0.);
#2337=FILL_AREA_STYLE_COLOUR($,#2336);
#2338=FILL_AREA_STYLE($,(#2337));
#2339=SURFACE_STYLE_FILL_AREA(#2338);
#2340=SURFACE_SIDE_STYLE('',(#2339));
#2341=SURFACE_STYLE_USAGE(.BOTH.,#2340);
#2342=PRESENTATION_STYLE_ASSIGNMENT((#2341));
#2343=STYLED_ITEM('',(#2342),#2335);
#2344=ADVANCED_FACE('',(#4557),#4559,.F.);
#2345=COLOUR_RGB($,1.,0.843137254901961,0.);
#2346=FILL_AREA_STYLE_COLOUR($,#2345);
#2347=FILL_AREA_STYLE($,(#2346));
#2348=SURFACE_STYLE_FILL_AREA(#2347);
#2349=SURFACE_SIDE_STYLE('',(#2348));
#2350=SURFACE_STYLE_USAGE(.BOTH.,#2349);
#2351=PRESENTATION_STYLE_ASSIGNMENT((#2350));
#2352=STYLED_ITEM('',(#2351),#2344);
#2353=ADVANCED_FACE('',(#4564),#4566,.F.);
#2354=COLOUR_RGB($,1.,0.843137254901961,0.);
#2355=FILL_AREA_STYLE_COLOUR($,#2354);
#2356=FILL_AREA_STYLE($,(#2355));
#2357=SURFACE_STYLE_FILL_AREA(#2356);
#2358=SURFACE_SIDE_STYLE('',(#2357));
#2359=SURFACE_STYLE_USAGE(.BOTH.,#2358);
#2360=PRESENTATION_STYLE_ASSIGNMENT((#2359));
#2361=STYLED_ITEM('',(#2360),#2353);
#2362=ADVANCED_FACE('',(#4571),#4573,.F.);
#2363=COLOUR_RGB($,1.,0.843137254901961,0.);
#2364=FILL_AREA_STYLE_COLOUR($,#2363);
#2365=FILL_AREA_STYLE($,(#2364));
#2366=SURFACE_STYLE_FILL_AREA(#2365);
#2367=SURFACE_SIDE_STYLE('',(#2366));
#2368=SURFACE_STYLE_USAGE(.BOTH.,#2367);
#2369=PRESENTATION_STYLE_ASSIGNMENT((#2368));
#2370=STYLED_ITEM('',(#2369),#2362);
#2371=ADVANCED_FACE('',(#4578),#4580,.F.);
#2372=COLOUR_RGB($,1.,0.843137254901961,0.);
#2373=FILL_AREA_STYLE_COLOUR($,#2372);
#2374=FILL_AREA_STYLE($,(#2373));
#2375=SURFACE_STYLE_FILL_AREA(#2374);
#2376=SURFACE_SIDE_STYLE('',(#2375));
#2377=SURFACE_STYLE_USAGE(.BOTH.,#2376);
#2378=PRESENTATION_STYLE_ASSIGNMENT((#2377));
#2379=STYLED_ITEM('',(#2378),#2371);
#2380=ADVANCED_FACE('',(#4585),#4587,.F.);
#2381=COLOUR_RGB($,1.,0.843137254901961,0.);
#2382=FILL_AREA_STYLE_COLOUR($,#2381);
#2383=FILL_AREA_STYLE($,(#2382));
#2384=SURFACE_STYLE_FILL_AREA(#2383);
#2385=SURFACE_SIDE_STYLE('',(#2384));
#2386=SURFACE_STYLE_USAGE(.BOTH.,#2385);
#2387=PRESENTATION_STYLE_ASSIGNMENT((#2386));
#2388=STYLED_ITEM('',(#2387),#2380);
#2389=ADVANCED_FACE('',(#4592),#4594,.F.);
#2390=COLOUR_RGB($,1.,0.843137254901961,0.);
#2391=FILL_AREA_STYLE_COLOUR($,#2390);
#2392=FILL_AREA_STYLE($,(#2391));
#2393=SURFACE_STYLE_FILL_AREA(#2392);
#2394=SURFACE_SIDE_STYLE('',(#2393));
#2395=SURFACE_STYLE_USAGE(.BOTH.,#2394);
#2396=PRESENTATION_STYLE_ASSIGNMENT((#2395));
#2397=STYLED_ITEM('',(#2396),#2389);
#2398=ADVANCED_FACE('',(#4599),#4601,.F.);
#2399=COLOUR_RGB($,1.,0.843137254901961,0.);
#2400=FILL_AREA_STYLE_COLOUR($,#2399);
#2401=FILL_AREA_STYLE($,(#2400));
#2402=SURFACE_STYLE_FILL_AREA(#2401);
#2403=SURFACE_SIDE_STYLE('',(#2402));
#2404=SURFACE_STYLE_USAGE(.BOTH.,#2403);
#2405=PRESENTATION_STYLE_ASSIGNMENT((#2404));
#2406=STYLED_ITEM('',(#2405),#2398);
#2407=ADVANCED_FACE('',(#4606),#4608,.F.);
#2408=COLOUR_RGB($,1.,0.843137254901961,0.);
#2409=FILL_AREA_STYLE_COLOUR($,#2408);
#2410=FILL_AREA_STYLE($,(#2409));
#2411=SURFACE_STYLE_FILL_AREA(#2410);
#2412=SURFACE_SIDE_STYLE('',(#2411));
#2413=SURFACE_STYLE_USAGE(.BOTH.,#2412);
#2414=PRESENTATION_STYLE_ASSIGNMENT((#2413));
#2415=STYLED_ITEM('',(#2414),#2407);
#2416=ADVANCED_FACE('',(#4613),#4615,.F.);
#2417=COLOUR_RGB($,1.,0.843137254901961,0.);
#2418=FILL_AREA_STYLE_COLOUR($,#2417);
#2419=FILL_AREA_STYLE($,(#2418));
#2420=SURFACE_STYLE_FILL_AREA(#2419);
#2421=SURFACE_SIDE_STYLE('',(#2420));
#2422=SURFACE_STYLE_USAGE(.BOTH.,#2421);
#2423=PRESENTATION_STYLE_ASSIGNMENT((#2422));
#2424=STYLED_ITEM('',(#2423),#2416);
#2425=ADVANCED_FACE('',(#4620),#4622,.F.);
#2426=COLOUR_RGB($,1.,0.843137254901961,0.);
#2427=FILL_AREA_STYLE_COLOUR($,#2426);
#2428=FILL_AREA_STYLE($,(#2427));
#2429=SURFACE_STYLE_FILL_AREA(#2428);
#2430=SURFACE_SIDE_STYLE('',(#2429));
#2431=SURFACE_STYLE_USAGE(.BOTH.,#2430);
#2432=PRESENTATION_STYLE_ASSIGNMENT((#2431));
#2433=STYLED_ITEM('',(#2432),#2425);
#2434=ADVANCED_FACE('',(#4627),#4629,.F.);
#2435=COLOUR_RGB($,1.,0.843137254901961,0.);
#2436=FILL_AREA_STYLE_COLOUR($,#2435);
#2437=FILL_AREA_STYLE($,(#2436));
#2438=SURFACE_STYLE_FILL_AREA(#2437);
#2439=SURFACE_SIDE_STYLE('',(#2438));
#2440=SURFACE_STYLE_USAGE(.BOTH.,#2439);
#2441=PRESENTATION_STYLE_ASSIGNMENT((#2440));
#2442=STYLED_ITEM('',(#2441),#2434);
#2443=ADVANCED_FACE('',(#4634),#4636,.F.);
#2444=COLOUR_RGB($,1.,0.843137254901961,0.);
#2445=FILL_AREA_STYLE_COLOUR($,#2444);
#2446=FILL_AREA_STYLE($,(#2445));
#2447=SURFACE_STYLE_FILL_AREA(#2446);
#2448=SURFACE_SIDE_STYLE('',(#2447));
#2449=SURFACE_STYLE_USAGE(.BOTH.,#2448);
#2450=PRESENTATION_STYLE_ASSIGNMENT((#2449));
#2451=STYLED_ITEM('',(#2450),#2443);
#2452=ADVANCED_FACE('',(#4641),#4643,.F.);
#2453=COLOUR_RGB($,1.,0.843137254901961,0.);
#2454=FILL_AREA_STYLE_COLOUR($,#2453);
#2455=FILL_AREA_STYLE($,(#2454));
#2456=SURFACE_STYLE_FILL_AREA(#2455);
#2457=SURFACE_SIDE_STYLE('',(#2456));
#2458=SURFACE_STYLE_USAGE(.BOTH.,#2457);
#2459=PRESENTATION_STYLE_ASSIGNMENT((#2458));
#2460=STYLED_ITEM('',(#2459),#2452);
#2461=ADVANCED_FACE('',(#4648),#4650,.F.);
#2462=COLOUR_RGB($,1.,0.843137254901961,0.);
#2463=FILL_AREA_STYLE_COLOUR($,#2462);
#2464=FILL_AREA_STYLE($,(#2463));
#2465=SURFACE_STYLE_FILL_AREA(#2464);
#2466=SURFACE_SIDE_STYLE('',(#2465));
#2467=SURFACE_STYLE_USAGE(.BOTH.,#2466);
#2468=PRESENTATION_STYLE_ASSIGNMENT((#2467));
#2469=STYLED_ITEM('',(#2468),#2461);
#2470=ADVANCED_FACE('',(#4655),#4657,.F.);
#2471=COLOUR_RGB($,1.,0.843137254901961,0.);
#2472=FILL_AREA_STYLE_COLOUR($,#2471);
#2473=FILL_AREA_STYLE($,(#2472));
#2474=SURFACE_STYLE_FILL_AREA(#2473);
#2475=SURFACE_SIDE_STYLE('',(#2474));
#2476=SURFACE_STYLE_USAGE(.BOTH.,#2475);
#2477=PRESENTATION_STYLE_ASSIGNMENT((#2476));
#2478=STYLED_ITEM('',(#2477),#2470);
#2479=ADVANCED_FACE('',(#4662),#4664,.F.);
#2480=COLOUR_RGB($,1.,0.843137254901961,0.);
#2481=FILL_AREA_STYLE_COLOUR($,#2480);
#2482=FILL_AREA_STYLE($,(#2481));
#2483=SURFACE_STYLE_FILL_AREA(#2482);
#2484=SURFACE_SIDE_STYLE('',(#2483));
#2485=SURFACE_STYLE_USAGE(.BOTH.,#2484);
#2486=PRESENTATION_STYLE_ASSIGNMENT((#2485));
#2487=STYLED_ITEM('',(#2486),#2479);
#2488=ADVANCED_FACE('',(#4669),#4671,.F.);
#2489=COLOUR_RGB($,1.,0.843137254901961,0.);
#2490=FILL_AREA_STYLE_COLOUR($,#2489);
#2491=FILL_AREA_STYLE($,(#2490));
#2492=SURFACE_STYLE_FILL_AREA(#2491);
#2493=SURFACE_SIDE_STYLE('',(#2492));
#2494=SURFACE_STYLE_USAGE(.BOTH.,#2493);
#2495=PRESENTATION_STYLE_ASSIGNMENT((#2494));
#2496=STYLED_ITEM('',(#2495),#2488);
#2497=ADVANCED_FACE('',(#4676),#4678,.F.);
#2498=COLOUR_RGB($,1.,0.843137254901961,0.);
#2499=FILL_AREA_STYLE_COLOUR($,#2498);
#2500=FILL_AREA_STYLE($,(#2499));
#2501=SURFACE_STYLE_FILL_AREA(#2500);
#2502=SURFACE_SIDE_STYLE('',(#2501));
#2503=SURFACE_STYLE_USAGE(.BOTH.,#2502);
#2504=PRESENTATION_STYLE_ASSIGNMENT((#2503));
#2505=STYLED_ITEM('',(#2504),#2497);
#2506=ADVANCED_FACE('',(#4683),#4685,.F.);
#2507=COLOUR_RGB($,1.,0.843137254901961,0.);
#2508=FILL_AREA_STYLE_COLOUR($,#2507);
#2509=FILL_AREA_STYLE($,(#2508));
#2510=SURFACE_STYLE_FILL_AREA(#2509);
#2511=SURFACE_SIDE_STYLE('',(#2510));
#2512=SURFACE_STYLE_USAGE(.BOTH.,#2511);
#2513=PRESENTATION_STYLE_ASSIGNMENT((#2512));
#2514=STYLED_ITEM('',(#2513),#2506);
#2515=ADVANCED_FACE('',(#4690),#4692,.T.);
#2516=COLOUR_RGB($,1.,0.843137254901961,0.);
#2517=FILL_AREA_STYLE_COLOUR($,#2516);
#2518=FILL_AREA_STYLE($,(#2517));
#2519=SURFACE_STYLE_FILL_AREA(#2518);
#2520=SURFACE_SIDE_STYLE('',(#2519));
#2521=SURFACE_STYLE_USAGE(.BOTH.,#2520);
#2522=PRESENTATION_STYLE_ASSIGNMENT((#2521));
#2523=STYLED_ITEM('',(#2522),#2515);
#2524=ADVANCED_FACE('',(#4697),#4699,.T.);
#2525=COLOUR_RGB($,1.,0.843137254901961,0.);
#2526=FILL_AREA_STYLE_COLOUR($,#2525);
#2527=FILL_AREA_STYLE($,(#2526));
#2528=SURFACE_STYLE_FILL_AREA(#2527);
#2529=SURFACE_SIDE_STYLE('',(#2528));
#2530=SURFACE_STYLE_USAGE(.BOTH.,#2529);
#2531=PRESENTATION_STYLE_ASSIGNMENT((#2530));
#2532=STYLED_ITEM('',(#2531),#2524);
#2533=ADVANCED_FACE('',(#4704),#4706,.T.);
#2534=COLOUR_RGB($,1.,0.843137254901961,0.);
#2535=FILL_AREA_STYLE_COLOUR($,#2534);
#2536=FILL_AREA_STYLE($,(#2535));
#2537=SURFACE_STYLE_FILL_AREA(#2536);
#2538=SURFACE_SIDE_STYLE('',(#2537));
#2539=SURFACE_STYLE_USAGE(.BOTH.,#2538);
#2540=PRESENTATION_STYLE_ASSIGNMENT((#2539));
#2541=STYLED_ITEM('',(#2540),#2533);
#2542=ADVANCED_FACE('',(#4711),#4713,.T.);
#2543=COLOUR_RGB($,1.,0.843137254901961,0.);
#2544=FILL_AREA_STYLE_COLOUR($,#2543);
#2545=FILL_AREA_STYLE($,(#2544));
#2546=SURFACE_STYLE_FILL_AREA(#2545);
#2547=SURFACE_SIDE_STYLE('',(#2546));
#2548=SURFACE_STYLE_USAGE(.BOTH.,#2547);
#2549=PRESENTATION_STYLE_ASSIGNMENT((#2548));
#2550=STYLED_ITEM('',(#2549),#2542);
#2551=ADVANCED_FACE('',(#4718),#4720,.T.);
#2552=COLOUR_RGB($,1.,0.843137254901961,0.);
#2553=FILL_AREA_STYLE_COLOUR($,#2552);
#2554=FILL_AREA_STYLE($,(#2553));
#2555=SURFACE_STYLE_FILL_AREA(#2554);
#2556=SURFACE_SIDE_STYLE('',(#2555));
#2557=SURFACE_STYLE_USAGE(.BOTH.,#2556);
#2558=PRESENTATION_STYLE_ASSIGNMENT((#2557));
#2559=STYLED_ITEM('',(#2558),#2551);
#2560=ADVANCED_FACE('',(#4725),#4727,.T.);
#2561=COLOUR_RGB($,1.,0.843137254901961,0.);
#2562=FILL_AREA_STYLE_COLOUR($,#2561);
#2563=FILL_AREA_STYLE($,(#2562));
#2564=SURFACE_STYLE_FILL_AREA(#2563);
#2565=SURFACE_SIDE_STYLE('',(#2564));
#2566=SURFACE_STYLE_USAGE(.BOTH.,#2565);
#2567=PRESENTATION_STYLE_ASSIGNMENT((#2566));
#2568=STYLED_ITEM('',(#2567),#2560);
#2569=ADVANCED_FACE('',(#4732),#4734,.T.);
#2570=COLOUR_RGB($,1.,0.843137254901961,0.);
#2571=FILL_AREA_STYLE_COLOUR($,#2570);
#2572=FILL_AREA_STYLE($,(#2571));
#2573=SURFACE_STYLE_FILL_AREA(#2572);
#2574=SURFACE_SIDE_STYLE('',(#2573));
#2575=SURFACE_STYLE_USAGE(.BOTH.,#2574);
#2576=PRESENTATION_STYLE_ASSIGNMENT((#2575));
#2577=STYLED_ITEM('',(#2576),#2569);
#2578=ADVANCED_FACE('',(#4739),#4741,.T.);
#2579=COLOUR_RGB($,1.,0.843137254901961,0.);
#2580=FILL_AREA_STYLE_COLOUR($,#2579);
#2581=FILL_AREA_STYLE($,(#2580));
#2582=SURFACE_STYLE_FILL_AREA(#2581);
#2583=SURFACE_SIDE_STYLE('',(#2582));
#2584=SURFACE_STYLE_USAGE(.BOTH.,#2583);
#2585=PRESENTATION_STYLE_ASSIGNMENT((#2584));
#2586=STYLED_ITEM('',(#2585),#2578);
#2587=ADVANCED_FACE('',(#4746),#4748,.T.);
#2588=COLOUR_RGB($,1.,0.843137254901961,0.);
#2589=FILL_AREA_STYLE_COLOUR($,#2588);
#2590=FILL_AREA_STYLE($,(#2589));
#2591=SURFACE_STYLE_FILL_AREA(#2590);
#2592=SURFACE_SIDE_STYLE('',(#2591));
#2593=SURFACE_STYLE_USAGE(.BOTH.,#2592);
#2594=PRESENTATION_STYLE_ASSIGNMENT((#2593));
#2595=STYLED_ITEM('',(#2594),#2587);
#2596=ADVANCED_FACE('',(#4753),#4755,.T.);
#2597=COLOUR_RGB($,1.,0.843137254901961,0.);
#2598=FILL_AREA_STYLE_COLOUR($,#2597);
#2599=FILL_AREA_STYLE($,(#2598));
#2600=SURFACE_STYLE_FILL_AREA(#2599);
#2601=SURFACE_SIDE_STYLE('',(#2600));
#2602=SURFACE_STYLE_USAGE(.BOTH.,#2601);
#2603=PRESENTATION_STYLE_ASSIGNMENT((#2602));
#2604=STYLED_ITEM('',(#2603),#2596);
#2605=ADVANCED_FACE('',(#4760),#4762,.T.);
#2606=COLOUR_RGB($,1.,0.843137254901961,0.);
#2607=FILL_AREA_STYLE_COLOUR($,#2606);
#2608=FILL_AREA_STYLE($,(#2607));
#2609=SURFACE_STYLE_FILL_AREA(#2608);
#2610=SURFACE_SIDE_STYLE('',(#2609));
#2611=SURFACE_STYLE_USAGE(.BOTH.,#2610);
#2612=PRESENTATION_STYLE_ASSIGNMENT((#2611));
#2613=STYLED_ITEM('',(#2612),#2605);
#2614=ADVANCED_FACE('',(#4767),#4769,.T.);
#2615=COLOUR_RGB($,1.,0.843137254901961,0.);
#2616=FILL_AREA_STYLE_COLOUR($,#2615);
#2617=FILL_AREA_STYLE($,(#2616));
#2618=SURFACE_STYLE_FILL_AREA(#2617);
#2619=SURFACE_SIDE_STYLE('',(#2618));
#2620=SURFACE_STYLE_USAGE(.BOTH.,#2619);
#2621=PRESENTATION_STYLE_ASSIGNMENT((#2620));
#2622=STYLED_ITEM('',(#2621),#2614);
#2623=ADVANCED_FACE('',(#4774),#4776,.F.);
#2624=COLOUR_RGB($,1.,0.843137254901961,0.);
#2625=FILL_AREA_STYLE_COLOUR($,#2624);
#2626=FILL_AREA_STYLE($,(#2625));
#2627=SURFACE_STYLE_FILL_AREA(#2626);
#2628=SURFACE_SIDE_STYLE('',(#2627));
#2629=SURFACE_STYLE_USAGE(.BOTH.,#2628);
#2630=PRESENTATION_STYLE_ASSIGNMENT((#2629));
#2631=STYLED_ITEM('',(#2630),#2623);
#2632=ADVANCED_FACE('',(#4781),#4783,.F.);
#2633=COLOUR_RGB($,1.,0.843137254901961,0.);
#2634=FILL_AREA_STYLE_COLOUR($,#2633);
#2635=FILL_AREA_STYLE($,(#2634));
#2636=SURFACE_STYLE_FILL_AREA(#2635);
#2637=SURFACE_SIDE_STYLE('',(#2636));
#2638=SURFACE_STYLE_USAGE(.BOTH.,#2637);
#2639=PRESENTATION_STYLE_ASSIGNMENT((#2638));
#2640=STYLED_ITEM('',(#2639),#2632);
#2641=ADVANCED_FACE('',(#4788),#4790,.F.);
#2642=COLOUR_RGB($,1.,0.843137254901961,0.);
#2643=FILL_AREA_STYLE_COLOUR($,#2642);
#2644=FILL_AREA_STYLE($,(#2643));
#2645=SURFACE_STYLE_FILL_AREA(#2644);
#2646=SURFACE_SIDE_STYLE('',(#2645));
#2647=SURFACE_STYLE_USAGE(.BOTH.,#2646);
#2648=PRESENTATION_STYLE_ASSIGNMENT((#2647));
#2649=STYLED_ITEM('',(#2648),#2641);
#2650=ADVANCED_FACE('',(#4795),#4797,.F.);
#2651=COLOUR_RGB($,1.,0.843137254901961,0.);
#2652=FILL_AREA_STYLE_COLOUR($,#2651);
#2653=FILL_AREA_STYLE($,(#2652));
#2654=SURFACE_STYLE_FILL_AREA(#2653);
#2655=SURFACE_SIDE_STYLE('',(#2654));
#2656=SURFACE_STYLE_USAGE(.BOTH.,#2655);
#2657=PRESENTATION_STYLE_ASSIGNMENT((#2656));
#2658=STYLED_ITEM('',(#2657),#2650);
#2659=ADVANCED_FACE('',(#4802),#4804,.F.);
#2660=COLOUR_RGB($,1.,0.843137254901961,0.);
#2661=FILL_AREA_STYLE_COLOUR($,#2660);
#2662=FILL_AREA_STYLE($,(#2661));
#2663=SURFACE_STYLE_FILL_AREA(#2662);
#2664=SURFACE_SIDE_STYLE('',(#2663));
#2665=SURFACE_STYLE_USAGE(.BOTH.,#2664);
#2666=PRESENTATION_STYLE_ASSIGNMENT((#2665));
#2667=STYLED_ITEM('',(#2666),#2659);
#2668=ADVANCED_FACE('',(#4809),#4811,.F.);
#2669=COLOUR_RGB($,1.,0.843137254901961,0.);
#2670=FILL_AREA_STYLE_COLOUR($,#2669);
#2671=FILL_AREA_STYLE($,(#2670));
#2672=SURFACE_STYLE_FILL_AREA(#2671);
#2673=SURFACE_SIDE_STYLE('',(#2672));
#2674=SURFACE_STYLE_USAGE(.BOTH.,#2673);
#2675=PRESENTATION_STYLE_ASSIGNMENT((#2674));
#2676=STYLED_ITEM('',(#2675),#2668);
#2677=ADVANCED_FACE('',(#4816),#4818,.F.);
#2678=COLOUR_RGB($,1.,0.843137254901961,0.);
#2679=FILL_AREA_STYLE_COLOUR($,#2678);
#2680=FILL_AREA_STYLE($,(#2679));
#2681=SURFACE_STYLE_FILL_AREA(#2680);
#2682=SURFACE_SIDE_STYLE('',(#2681));
#2683=SURFACE_STYLE_USAGE(.BOTH.,#2682);
#2684=PRESENTATION_STYLE_ASSIGNMENT((#2683));
#2685=STYLED_ITEM('',(#2684),#2677);
#2686=ADVANCED_FACE('',(#4823),#4825,.F.);
#2687=COLOUR_RGB($,1.,0.843137254901961,0.);
#2688=FILL_AREA_STYLE_COLOUR($,#2687);
#2689=FILL_AREA_STYLE($,(#2688));
#2690=SURFACE_STYLE_FILL_AREA(#2689);
#2691=SURFACE_SIDE_STYLE('',(#2690));
#2692=SURFACE_STYLE_USAGE(.BOTH.,#2691);
#2693=PRESENTATION_STYLE_ASSIGNMENT((#2692));
#2694=STYLED_ITEM('',(#2693),#2686);
#2695=ADVANCED_FACE('',(#4830),#4832,.F.);
#2696=COLOUR_RGB($,1.,0.843137254901961,0.);
#2697=FILL_AREA_STYLE_COLOUR($,#2696);
#2698=FILL_AREA_STYLE($,(#2697));
#2699=SURFACE_STYLE_FILL_AREA(#2698);
#2700=SURFACE_SIDE_STYLE('',(#2699));
#2701=SURFACE_STYLE_USAGE(.BOTH.,#2700);
#2702=PRESENTATION_STYLE_ASSIGNMENT((#2701));
#2703=STYLED_ITEM('',(#2702),#2695);
#2704=ADVANCED_FACE('',(#4837),#4839,.F.);
#2705=COLOUR_RGB($,1.,0.843137254901961,0.);
#2706=FILL_AREA_STYLE_COLOUR($,#2705);
#2707=FILL_AREA_STYLE($,(#2706));
#2708=SURFACE_STYLE_FILL_AREA(#2707);
#2709=SURFACE_SIDE_STYLE('',(#2708));
#2710=SURFACE_STYLE_USAGE(.BOTH.,#2709);
#2711=PRESENTATION_STYLE_ASSIGNMENT((#2710));
#2712=STYLED_ITEM('',(#2711),#2704);
#2713=ADVANCED_FACE('',(#4844),#4846,.F.);
#2714=COLOUR_RGB($,1.,0.843137254901961,0.);
#2715=FILL_AREA_STYLE_COLOUR($,#2714);
#2716=FILL_AREA_STYLE($,(#2715));
#2717=SURFACE_STYLE_FILL_AREA(#2716);
#2718=SURFACE_SIDE_STYLE('',(#2717));
#2719=SURFACE_STYLE_USAGE(.BOTH.,#2718);
#2720=PRESENTATION_STYLE_ASSIGNMENT((#2719));
#2721=STYLED_ITEM('',(#2720),#2713);
#2722=ADVANCED_FACE('',(#4851),#4853,.F.);
#2723=COLOUR_RGB($,1.,0.843137254901961,0.);
#2724=FILL_AREA_STYLE_COLOUR($,#2723);
#2725=FILL_AREA_STYLE($,(#2724));
#2726=SURFACE_STYLE_FILL_AREA(#2725);
#2727=SURFACE_SIDE_STYLE('',(#2726));
#2728=SURFACE_STYLE_USAGE(.BOTH.,#2727);
#2729=PRESENTATION_STYLE_ASSIGNMENT((#2728));
#2730=STYLED_ITEM('',(#2729),#2722);
#2731=FACE_BOUND('',#2732,.T.);
#2732=EDGE_LOOP('',(#4858,#4859,#4860,#4861,#4862,#4863,#4864,#4865,#4866,#4867,
#4868,#4869,#4870,#4871,#4872,#4873,#4874,#4875,#4876,#4877,#4878,#4879));
#2733=PLANE('',#2734);
#2734=AXIS2_PLACEMENT_3D('',#2735,#2736,#2737);
#2735=CARTESIAN_POINT('',(-1.25,-1.5,2.));
#2736=DIRECTION('',(0.,-1.,0.));
#2737=DIRECTION('',(1.,0.,0.));
#2738=FACE_BOUND('',#2739,.T.);
#2739=EDGE_LOOP('',(#4880,#4881,#4882,#4883));
#2740=PLANE('',#2741);
#2741=AXIS2_PLACEMENT_3D('',#2742,#2743,#2744);
#2742=CARTESIAN_POINT('',(0.,0.,7.));
#2743=DIRECTION('',(0.,0.,1.));
#2744=DIRECTION('',(1.,0.,0.));
#2745=FACE_BOUND('',#2746,.T.);
#2746=EDGE_LOOP('',(#4884,#4885,#4886,#4887));
#2747=PLANE('',#2748);
#2748=AXIS2_PLACEMENT_3D('',#2749,#2750,#2751);
#2749=CARTESIAN_POINT('',(0.,0.,7.));
#2750=DIRECTION('',(0.,0.,1.));
#2751=DIRECTION('',(1.,0.,0.));
#2752=FACE_BOUND('',#2753,.T.);
#2753=EDGE_LOOP('',(#4888,#4889,#4890,#4891,#4892,#4893,#4894,#4895,#4896,#4897,
#4898,#4899,#4900,#4901,#4902,#4903,#4904,#4905,#4906,#4907,#4908,#4909,#4910,#4911,
#4912,#4913,#4914,#4915,#4916,#4917,#4918,#4919,#4920,#4921,#4922,#4923,#4924,#4925,
#4926,#4927,#4928,#4929,#4930,#4931,#4932,#4933,#4934,#4935,#4936,#4937,#4938,#4939,
#4940,#4941,#4942,#4943,#4944,#4945,#4946,#4947,#4948,#4949,#4950,#4951,#4952,#4953));
#2754=PLANE('',#2755);
#2755=AXIS2_PLACEMENT_3D('',#2756,#2757,#2758);
#2756=CARTESIAN_POINT('',(-1.25,-2.2,0.));
#2757=DIRECTION('',(0.,-1.,0.));
#2758=DIRECTION('',(1.,0.,0.));
#2759=FACE_BOUND('',#2760,.T.);
#2760=EDGE_LOOP('',(#4954,#4955,#4956,#4957));
#2761=PLANE('',#2762);
#2762=AXIS2_PLACEMENT_3D('',#2763,#2764,#2765);
#2763=CARTESIAN_POINT('',(28.35,-1.5,6.6));
#2764=DIRECTION('',(0.707106781186549,0.,-0.707106781186546));
#2765=DIRECTION('',(0.707106781186546,0.,0.707106781186549));
#2766=FACE_BOUND('',#2767,.T.);
#2767=EDGE_LOOP('',(#4958,#4959,#4960,#4961));
#2768=PLANE('',#2769);
#2769=AXIS2_PLACEMENT_3D('',#2770,#2771,#2772);
#2770=CARTESIAN_POINT('',(28.75,-1.5,6.2));
#2771=DIRECTION('',(0.707106781186549,0.,0.707106781186546));
#2772=DIRECTION('',(-0.707106781186546,0.,0.707106781186549));
#2773=FACE_BOUND('',#2774,.T.);
#2774=EDGE_LOOP('',(#4962,#4963,#4964,#4965));
#2775=PLANE('',#2776);
#2776=AXIS2_PLACEMENT_3D('',#2777,#2778,#2779);
#2777=CARTESIAN_POINT('',(28.75,-1.5,3.6));
#2778=DIRECTION('',(1.,0.,-0.));
#2779=DIRECTION('',(0.,0.,1.));
#2780=FACE_BOUND('',#2781,.T.);
#2781=EDGE_LOOP('',(#4966,#4967,#4968,#4969));
#2782=CYLINDRICAL_SURFACE('',#2783,0.6);
#2783=AXIS2_PLACEMENT_3D('',#2784,#2785,#2786);
#2784=CARTESIAN_POINT('',(28.15,-1.5,3.6));
#2785=DIRECTION('',(0.,-1.,0.));
#2786=DIRECTION('',(1.85037170770859E-016,0.,-1.));
#2787=FACE_BOUND('',#2788,.T.);
#2788=EDGE_LOOP('',(#4970,#4971,#4972,#4973));
#2789=PLANE('',#2790);
#2790=AXIS2_PLACEMENT_3D('',#2791,#2792,#2793);
#2791=CARTESIAN_POINT('',(26.25,-1.5,3.));
#2792=DIRECTION('',(0.,0.,-1.));
#2793=DIRECTION('',(1.,0.,0.));
#2794=FACE_BOUND('',#2795,.T.);
#2795=EDGE_LOOP('',(#4974,#4975,#4976,#4977));
#2796=PLANE('',#2797);
#2797=AXIS2_PLACEMENT_3D('',#2798,#2799,#2800);
#2798=CARTESIAN_POINT('',(26.25,-1.5,7.));
#2799=DIRECTION('',(-1.,-0.,-0.));
#2800=DIRECTION('',(0.,0.,-1.));
#2801=FACE_BOUND('',#2802,.T.);
#2802=EDGE_LOOP('',(#4978,#4979,#4980,#4981,#4982,#4983,#4984,#4985));
#2803=PLANE('',#2804);
#2804=AXIS2_PLACEMENT_3D('',#2805,#2806,#2807);
#2805=CARTESIAN_POINT('',(30.,0.,0.));
#2806=DIRECTION('',(-1.,-0.,-0.));
#2807=DIRECTION('',(0.,0.,1.));
#2808=FACE_BOUND('',#2809,.T.);
#2809=EDGE_LOOP('',(#4986,#4987,#4988,#4989));
#2810=PLANE('',#2811);
#2811=AXIS2_PLACEMENT_3D('',#2812,#2813,#2814);
#2812=CARTESIAN_POINT('',(30.,-0.4,3.));
#2813=DIRECTION('',(-0.,-0.,-1.));
#2814=DIRECTION('',(0.,-1.,0.));
#2815=FACE_BOUND('',#2816,.T.);
#2816=EDGE_LOOP('',(#4990,#4991,#4992,#4993,#4994,#4995));
#2817=PLANE('',#2818);
#2818=AXIS2_PLACEMENT_3D('',#2819,#2820,#2821);
#2819=CARTESIAN_POINT('',(29.3,0.,0.));
#2820=DIRECTION('',(-1.,-0.,-0.));
#2821=DIRECTION('',(0.,0.,1.));
#2822=FACE_BOUND('',#2823,.T.);
#2823=EDGE_LOOP('',(#4996,#4997,#4998,#4999));
#2824=FACE_BOUND('',#2825,.T.);
#2825=EDGE_LOOP('',(#5000,#5001,#5002,#5003));
#2826=FACE_BOUND('',#2827,.T.);
#2827=EDGE_LOOP('',(#5004,#5005,#5006,#5007));
#2828=FACE_BOUND('',#2829,.T.);
#2829=EDGE_LOOP('',(#5008,#5009,#5010,#5011));
#2830=FACE_BOUND('',#2831,.T.);
#2831=EDGE_LOOP('',(#5012,#5013,#5014,#5015));
#2832=FACE_BOUND('',#2833,.T.);
#2833=EDGE_LOOP('',(#5016,#5017,#5018,#5019));
#2834=FACE_BOUND('',#2835,.T.);
#2835=EDGE_LOOP('',(#5020,#5021,#5022,#5023));
#2836=FACE_BOUND('',#2837,.T.);
#2837=EDGE_LOOP('',(#5024,#5025,#5026,#5027));
#2838=FACE_BOUND('',#2839,.T.);
#2839=EDGE_LOOP('',(#5028,#5029,#5030,#5031));
#2840=FACE_BOUND('',#2841,.T.);
#2841=EDGE_LOOP('',(#5032,#5033,#5034,#5035));
#2842=FACE_BOUND('',#2843,.T.);
#2843=EDGE_LOOP('',(#5036,#5037,#5038,#5039));
#2844=FACE_BOUND('',#2845,.T.);
#2845=EDGE_LOOP('',(#5040,#5041,#5042,#5043));
#2846=FACE_BOUND('',#2847,.T.);
#2847=EDGE_LOOP('',(#5044,#5045,#5046,#5047));
#2848=PLANE('',#2849);
#2849=AXIS2_PLACEMENT_3D('',#2850,#2851,#2852);
#2850=CARTESIAN_POINT('',(0.,0.,2.));
#2851=DIRECTION('',(0.,0.,1.));
#2852=DIRECTION('',(1.,0.,0.));
#2853=FACE_BOUND('',#2854,.T.);
#2854=EDGE_LOOP('',(#5048,#5049,#5050,#5051,#5052,#5053));
#2855=PLANE('',#2856);
#2856=AXIS2_PLACEMENT_3D('',#2857,#2858,#2859);
#2857=CARTESIAN_POINT('',(-1.8,0.,0.));
#2858=DIRECTION('',(-1.,0.,0.));
#2859=DIRECTION('',(0.,0.,1.));
#2860=FACE_BOUND('',#2861,.T.);
#2861=EDGE_LOOP('',(#5054,#5055,#5056,#5057));
#2862=PLANE('',#2863);
#2863=AXIS2_PLACEMENT_3D('',#2864,#2865,#2866);
#2864=CARTESIAN_POINT('',(30.,-0.4,3.));
#2865=DIRECTION('',(-0.,-0.,-1.));
#2866=DIRECTION('',(0.,-1.,0.));
#2867=FACE_BOUND('',#2868,.T.);
#2868=EDGE_LOOP('',(#5058,#5059,#5060,#5061,#5062,#5063,#5064,#5065));
#2869=PLANE('',#2870);
#2870=AXIS2_PLACEMENT_3D('',#2871,#2872,#2873);
#2871=CARTESIAN_POINT('',(-2.5,0.,0.));
#2872=DIRECTION('',(-1.,0.,0.));
#2873=DIRECTION('',(0.,0.,1.));
#2874=FACE_BOUND('',#2875,.T.);
#2875=EDGE_LOOP('',(#5066,#5067,#5068,#5069));
#2876=PLANE('',#2877);
#2877=AXIS2_PLACEMENT_3D('',#2878,#2879,#2880);
#2878=CARTESIAN_POINT('',(0.,0.,7.));
#2879=DIRECTION('',(0.,0.,1.));
#2880=DIRECTION('',(1.,0.,0.));
#2881=FACE_BOUND('',#2882,.T.);
#2882=EDGE_LOOP('',(#5070,#5071,#5072,#5073));
#2883=PLANE('',#2884);
#2884=AXIS2_PLACEMENT_3D('',#2885,#2886,#2887);
#2885=CARTESIAN_POINT('',(-1.25,-1.5,7.));
#2886=DIRECTION('',(-0.707106781186548,-0.,-0.707106781186547));
#2887=DIRECTION('',(0.707106781186547,0.,-0.707106781186548));
#2888=FACE_BOUND('',#2889,.T.);
#2889=EDGE_LOOP('',(#5074,#5075,#5076,#5077));
#2890=PLANE('',#2891);
#2891=AXIS2_PLACEMENT_3D('',#2892,#2893,#2894);
#2892=CARTESIAN_POINT('',(-0.85,-1.5,6.6));
#2893=DIRECTION('',(-0.707106781186548,0.,0.707106781186547));
#2894=DIRECTION('',(-0.707106781186547,0.,-0.707106781186548));
#2895=FACE_BOUND('',#2896,.T.);
#2896=EDGE_LOOP('',(#5078,#5079,#5080,#5081));
#2897=PLANE('',#2898);
#2898=AXIS2_PLACEMENT_3D('',#2899,#2900,#2901);
#2899=CARTESIAN_POINT('',(-1.25,-1.5,6.2));
#2900=DIRECTION('',(-1.,-0.,-0.));
#2901=DIRECTION('',(0.,0.,-1.));
#2902=FACE_BOUND('',#2903,.T.);
#2903=EDGE_LOOP('',(#5082,#5083,#5084,#5085));
#2904=CYLINDRICAL_SURFACE('',#2905,0.6);
#2905=AXIS2_PLACEMENT_3D('',#2906,#2907,#2908);
#2906=CARTESIAN_POINT('',(-0.65,-1.5,3.6));
#2907=DIRECTION('',(0.,-1.,0.));
#2908=DIRECTION('',(-1.,0.,0.));
#2909=FACE_BOUND('',#2910,.T.);
#2910=EDGE_LOOP('',(#5086,#5087,#5088,#5089));
#2911=PLANE('',#2912);
#2912=AXIS2_PLACEMENT_3D('',#2913,#2914,#2915);
#2913=CARTESIAN_POINT('',(-0.65,-1.5,3.));
#2914=DIRECTION('',(0.,0.,-1.));
#2915=DIRECTION('',(1.,0.,0.));
#2916=FACE_BOUND('',#2917,.T.);
#2917=EDGE_LOOP('',(#5090,#5091,#5092,#5093));
#2918=PLANE('',#2919);
#2919=AXIS2_PLACEMENT_3D('',#2920,#2921,#2922);
#2920=CARTESIAN_POINT('',(1.25,-1.5,3.));
#2921=DIRECTION('',(1.,0.,-0.));
#2922=DIRECTION('',(0.,0.,1.));
#2923=FACE_BOUND('',#2924,.T.);
#2924=EDGE_LOOP('',(#5094,#5095,#5096,#5097));
#2925=PLANE('',#2926);
#2926=AXIS2_PLACEMENT_3D('',#2927,#2928,#2929);
#2927=CARTESIAN_POINT('',(0.,0.,0.));
#2928=DIRECTION('',(0.,0.,1.));
#2929=DIRECTION('',(1.,0.,0.));
#2930=FACE_BOUND('',#2931,.T.);
#2931=EDGE_LOOP('',(#5098,#5099,#5100,#5101));
#2932=PLANE('',#2933);
#2933=AXIS2_PLACEMENT_3D('',#2934,#2935,#2936);
#2934=CARTESIAN_POINT('',(-0.85,-2.2,0.4));
#2935=DIRECTION('',(-1.,0.,0.));
#2936=DIRECTION('',(0.,1.,0.));
#2937=FACE_BOUND('',#2938,.T.);
#2938=EDGE_LOOP('',(#5102,#5103,#5104,#5105));
#2939=FACE_BOUND('',#2940,.T.);
#2940=EDGE_LOOP('',(#5106,#5107,#5108,#5109));
#2941=PLANE('',#2942);
#2942=AXIS2_PLACEMENT_3D('',#2943,#2944,#2945);
#2943=CARTESIAN_POINT('',(0.,0.,0.4));
#2944=DIRECTION('',(-0.,0.,-1.));
#2945=DIRECTION('',(-1.,0.,0.));
#2946=FACE_BOUND('',#2947,.T.);
#2947=EDGE_LOOP('',(#5110,#5111,#5112,#5113));
#2948=PLANE('',#2949);
#2949=AXIS2_PLACEMENT_3D('',#2950,#2951,#2952);
#2950=CARTESIAN_POINT('',(0.85,3.55,0.4));
#2951=DIRECTION('',(1.,0.,0.));
#2952=DIRECTION('',(0.,-1.,0.));
#2953=FACE_BOUND('',#2954,.T.);
#2954=EDGE_LOOP('',(#5114,#5115,#5116,#5117));
#2955=PLANE('',#2956);
#2956=AXIS2_PLACEMENT_3D('',#2957,#2958,#2959);
#2957=CARTESIAN_POINT('',(0.,0.,0.));
#2958=DIRECTION('',(0.,0.,1.));
#2959=DIRECTION('',(1.,0.,0.));
#2960=FACE_BOUND('',#2961,.T.);
#2961=EDGE_LOOP('',(#5118,#5119,#5120,#5121));
#2962=PLANE('',#2963);
#2963=AXIS2_PLACEMENT_3D('',#2964,#2965,#2966);
#2964=CARTESIAN_POINT('',(1.65,-2.2,0.4));
#2965=DIRECTION('',(-1.,0.,0.));
#2966=DIRECTION('',(0.,1.,0.));
#2967=FACE_BOUND('',#2968,.T.);
#2968=EDGE_LOOP('',(#5122,#5123,#5124,#5125));
#2969=FACE_BOUND('',#2970,.T.);
#2970=EDGE_LOOP('',(#5126,#5127,#5128,#5129));
#2971=PLANE('',#2972);
#2972=AXIS2_PLACEMENT_3D('',#2973,#2974,#2975);
#2973=CARTESIAN_POINT('',(2.5,0.,0.4));
#2974=DIRECTION('',(-0.,0.,-1.));
#2975=DIRECTION('',(-1.,0.,0.));
#2976=FACE_BOUND('',#2977,.T.);
#2977=EDGE_LOOP('',(#5130,#5131,#5132,#5133));
#2978=PLANE('',#2979);
#2979=AXIS2_PLACEMENT_3D('',#2980,#2981,#2982);
#2980=CARTESIAN_POINT('',(3.35,3.55,0.4));
#2981=DIRECTION('',(1.,0.,0.));
#2982=DIRECTION('',(0.,-1.,0.));
#2983=FACE_BOUND('',#2984,.T.);
#2984=EDGE_LOOP('',(#5134,#5135,#5136,#5137));
#2985=PLANE('',#2986);
#2986=AXIS2_PLACEMENT_3D('',#2987,#2988,#2989);
#2987=CARTESIAN_POINT('',(0.,0.,0.));
#2988=DIRECTION('',(0.,0.,1.));
#2989=DIRECTION('',(1.,0.,0.));
#2990=FACE_BOUND('',#2991,.T.);
#2991=EDGE_LOOP('',(#5138,#5139,#5140,#5141));
#2992=PLANE('',#2993);
#2993=AXIS2_PLACEMENT_3D('',#2994,#2995,#2996);
#2994=CARTESIAN_POINT('',(4.15,-2.2,0.4));
#2995=DIRECTION('',(-1.,0.,0.));
#2996=DIRECTION('',(0.,1.,0.));
#2997=FACE_BOUND('',#2998,.T.);
#2998=EDGE_LOOP('',(#5142,#5143,#5144,#5145));
#2999=FACE_BOUND('',#3000,.T.);
#3000=EDGE_LOOP('',(#5146,#5147,#5148,#5149));
#3001=PLANE('',#3002);
#3002=AXIS2_PLACEMENT_3D('',#3003,#3004,#3005);
#3003=CARTESIAN_POINT('',(5.,0.,0.4));
#3004=DIRECTION('',(-0.,0.,-1.));
#3005=DIRECTION('',(-1.,0.,0.));
#3006=FACE_BOUND('',#3007,.T.);
#3007=EDGE_LOOP('',(#5150,#5151,#5152,#5153));
#3008=PLANE('',#3009);
#3009=AXIS2_PLACEMENT_3D('',#3010,#3011,#3012);
#3010=CARTESIAN_POINT('',(5.85,3.55,0.4));
#3011=DIRECTION('',(1.,0.,0.));
#3012=DIRECTION('',(0.,-1.,0.));
#3013=FACE_BOUND('',#3014,.T.);
#3014=EDGE_LOOP('',(#5154,#5155,#5156,#5157));
#3015=PLANE('',#3016);
#3016=AXIS2_PLACEMENT_3D('',#3017,#3018,#3019);
#3017=CARTESIAN_POINT('',(0.,0.,0.));
#3018=DIRECTION('',(0.,0.,1.));
#3019=DIRECTION('',(1.,0.,0.));
#3020=FACE_BOUND('',#3021,.T.);
#3021=EDGE_LOOP('',(#5158,#5159,#5160,#5161));
#3022=PLANE('',#3023);
#3023=AXIS2_PLACEMENT_3D('',#3024,#3025,#3026);
#3024=CARTESIAN_POINT('',(6.65,-2.2,0.4));
#3025=DIRECTION('',(-1.,0.,0.));
#3026=DIRECTION('',(0.,1.,0.));
#3027=FACE_BOUND('',#3028,.T.);
#3028=EDGE_LOOP('',(#5162,#5163,#5164,#5165));
#3029=FACE_BOUND('',#3030,.T.);
#3030=EDGE_LOOP('',(#5166,#5167,#5168,#5169));
#3031=PLANE('',#3032);
#3032=AXIS2_PLACEMENT_3D('',#3033,#3034,#3035);
#3033=CARTESIAN_POINT('',(7.5,0.,0.4));
#3034=DIRECTION('',(-0.,0.,-1.));
#3035=DIRECTION('',(-1.,0.,0.));
#3036=FACE_BOUND('',#3037,.T.);
#3037=EDGE_LOOP('',(#5170,#5171,#5172,#5173));
#3038=PLANE('',#3039);
#3039=AXIS2_PLACEMENT_3D('',#3040,#3041,#3042);
#3040=CARTESIAN_POINT('',(8.35,3.55,0.4));
#3041=DIRECTION('',(1.,0.,0.));
#3042=DIRECTION('',(0.,-1.,0.));
#3043=FACE_BOUND('',#3044,.T.);
#3044=EDGE_LOOP('',(#5174,#5175,#5176,#5177));
#3045=PLANE('',#3046);
#3046=AXIS2_PLACEMENT_3D('',#3047,#3048,#3049);
#3047=CARTESIAN_POINT('',(0.,0.,0.));
#3048=DIRECTION('',(0.,0.,1.));
#3049=DIRECTION('',(1.,0.,0.));
#3050=FACE_BOUND('',#3051,.T.);
#3051=EDGE_LOOP('',(#5178,#5179,#5180,#5181));
#3052=PLANE('',#3053);
#3053=AXIS2_PLACEMENT_3D('',#3054,#3055,#3056);
#3054=CARTESIAN_POINT('',(9.15,-2.2,0.4));
#3055=DIRECTION('',(-1.,0.,0.));
#3056=DIRECTION('',(0.,1.,0.));
#3057=FACE_BOUND('',#3058,.T.);
#3058=EDGE_LOOP('',(#5182,#5183,#5184,#5185));
#3059=FACE_BOUND('',#3060,.T.);
#3060=EDGE_LOOP('',(#5186,#5187,#5188,#5189));
#3061=PLANE('',#3062);
#3062=AXIS2_PLACEMENT_3D('',#3063,#3064,#3065);
#3063=CARTESIAN_POINT('',(10.,0.,0.4));
#3064=DIRECTION('',(-0.,0.,-1.));
#3065=DIRECTION('',(-1.,0.,0.));
#3066=FACE_BOUND('',#3067,.T.);
#3067=EDGE_LOOP('',(#5190,#5191,#5192,#5193));
#3068=PLANE('',#3069);
#3069=AXIS2_PLACEMENT_3D('',#3070,#3071,#3072);
#3070=CARTESIAN_POINT('',(10.85,3.55,0.4));
#3071=DIRECTION('',(1.,0.,0.));
#3072=DIRECTION('',(0.,-1.,0.));
#3073=FACE_BOUND('',#3074,.T.);
#3074=EDGE_LOOP('',(#5194,#5195,#5196,#5197));
#3075=PLANE('',#3076);
#3076=AXIS2_PLACEMENT_3D('',#3077,#3078,#3079);
#3077=CARTESIAN_POINT('',(0.,0.,0.));
#3078=DIRECTION('',(0.,0.,1.));
#3079=DIRECTION('',(1.,0.,0.));
#3080=FACE_BOUND('',#3081,.T.);
#3081=EDGE_LOOP('',(#5198,#5199,#5200,#5201));
#3082=PLANE('',#3083);
#3083=AXIS2_PLACEMENT_3D('',#3084,#3085,#3086);
#3084=CARTESIAN_POINT('',(11.65,-2.2,0.4));
#3085=DIRECTION('',(-1.,0.,0.));
#3086=DIRECTION('',(0.,1.,0.));
#3087=FACE_BOUND('',#3088,.T.);
#3088=EDGE_LOOP('',(#5202,#5203,#5204,#5205));
#3089=FACE_BOUND('',#3090,.T.);
#3090=EDGE_LOOP('',(#5206,#5207,#5208,#5209));
#3091=PLANE('',#3092);
#3092=AXIS2_PLACEMENT_3D('',#3093,#3094,#3095);
#3093=CARTESIAN_POINT('',(12.5,0.,0.4));
#3094=DIRECTION('',(-0.,0.,-1.));
#3095=DIRECTION('',(-1.,0.,0.));
#3096=FACE_BOUND('',#3097,.T.);
#3097=EDGE_LOOP('',(#5210,#5211,#5212,#5213));
#3098=PLANE('',#3099);
#3099=AXIS2_PLACEMENT_3D('',#3100,#3101,#3102);
#3100=CARTESIAN_POINT('',(13.35,3.55,0.4));
#3101=DIRECTION('',(1.,0.,0.));
#3102=DIRECTION('',(0.,-1.,0.));
#3103=FACE_BOUND('',#3104,.T.);
#3104=EDGE_LOOP('',(#5214,#5215,#5216,#5217));
#3105=PLANE('',#3106);
#3106=AXIS2_PLACEMENT_3D('',#3107,#3108,#3109);
#3107=CARTESIAN_POINT('',(0.,0.,0.));
#3108=DIRECTION('',(0.,0.,1.));
#3109=DIRECTION('',(1.,0.,0.));
#3110=FACE_BOUND('',#3111,.T.);
#3111=EDGE_LOOP('',(#5218,#5219,#5220,#5221));
#3112=PLANE('',#3113);
#3113=AXIS2_PLACEMENT_3D('',#3114,#3115,#3116);
#3114=CARTESIAN_POINT('',(14.15,-2.2,0.4));
#3115=DIRECTION('',(-1.,0.,0.));
#3116=DIRECTION('',(0.,1.,0.));
#3117=FACE_BOUND('',#3118,.T.);
#3118=EDGE_LOOP('',(#5222,#5223,#5224,#5225));
#3119=FACE_BOUND('',#3120,.T.);
#3120=EDGE_LOOP('',(#5226,#5227,#5228,#5229));
#3121=PLANE('',#3122);
#3122=AXIS2_PLACEMENT_3D('',#3123,#3124,#3125);
#3123=CARTESIAN_POINT('',(15.,0.,0.4));
#3124=DIRECTION('',(-0.,0.,-1.));
#3125=DIRECTION('',(-1.,0.,0.));
#3126=FACE_BOUND('',#3127,.T.);
#3127=EDGE_LOOP('',(#5230,#5231,#5232,#5233));
#3128=PLANE('',#3129);
#3129=AXIS2_PLACEMENT_3D('',#3130,#3131,#3132);
#3130=CARTESIAN_POINT('',(15.85,3.55,0.4));
#3131=DIRECTION('',(1.,0.,0.));
#3132=DIRECTION('',(0.,-1.,0.));
#3133=FACE_BOUND('',#3134,.T.);
#3134=EDGE_LOOP('',(#5234,#5235,#5236,#5237));
#3135=PLANE('',#3136);
#3136=AXIS2_PLACEMENT_3D('',#3137,#3138,#3139);
#3137=CARTESIAN_POINT('',(0.,0.,0.));
#3138=DIRECTION('',(0.,0.,1.));
#3139=DIRECTION('',(1.,0.,0.));
#3140=FACE_BOUND('',#3141,.T.);
#3141=EDGE_LOOP('',(#5238,#5239,#5240,#5241));
#3142=PLANE('',#3143);
#3143=AXIS2_PLACEMENT_3D('',#3144,#3145,#3146);
#3144=CARTESIAN_POINT('',(16.65,-2.2,0.4));
#3145=DIRECTION('',(-1.,0.,0.));
#3146=DIRECTION('',(0.,1.,0.));
#3147=FACE_BOUND('',#3148,.T.);
#3148=EDGE_LOOP('',(#5242,#5243,#5244,#5245));
#3149=FACE_BOUND('',#3150,.T.);
#3150=EDGE_LOOP('',(#5246,#5247,#5248,#5249));
#3151=PLANE('',#3152);
#3152=AXIS2_PLACEMENT_3D('',#3153,#3154,#3155);
#3153=CARTESIAN_POINT('',(17.5,0.,0.4));
#3154=DIRECTION('',(-0.,0.,-1.));
#3155=DIRECTION('',(-1.,0.,0.));
#3156=FACE_BOUND('',#3157,.T.);
#3157=EDGE_LOOP('',(#5250,#5251,#5252,#5253));
#3158=PLANE('',#3159);
#3159=AXIS2_PLACEMENT_3D('',#3160,#3161,#3162);
#3160=CARTESIAN_POINT('',(18.35,3.55,0.4));
#3161=DIRECTION('',(1.,0.,0.));
#3162=DIRECTION('',(0.,-1.,0.));
#3163=FACE_BOUND('',#3164,.T.);
#3164=EDGE_LOOP('',(#5254,#5255,#5256,#5257));
#3165=PLANE('',#3166);
#3166=AXIS2_PLACEMENT_3D('',#3167,#3168,#3169);
#3167=CARTESIAN_POINT('',(0.,0.,0.));
#3168=DIRECTION('',(0.,0.,1.));
#3169=DIRECTION('',(1.,0.,0.));
#3170=FACE_BOUND('',#3171,.T.);
#3171=EDGE_LOOP('',(#5258,#5259,#5260,#5261));
#3172=PLANE('',#3173);
#3173=AXIS2_PLACEMENT_3D('',#3174,#3175,#3176);
#3174=CARTESIAN_POINT('',(19.15,-2.2,0.4));
#3175=DIRECTION('',(-1.,0.,0.));
#3176=DIRECTION('',(0.,1.,0.));
#3177=FACE_BOUND('',#3178,.T.);
#3178=EDGE_LOOP('',(#5262,#5263,#5264,#5265));
#3179=FACE_BOUND('',#3180,.T.);
#3180=EDGE_LOOP('',(#5266,#5267,#5268,#5269));
#3181=PLANE('',#3182);
#3182=AXIS2_PLACEMENT_3D('',#3183,#3184,#3185);
#3183=CARTESIAN_POINT('',(20.,0.,0.4));
#3184=DIRECTION('',(-0.,0.,-1.));
#3185=DIRECTION('',(-1.,0.,0.));
#3186=FACE_BOUND('',#3187,.T.);
#3187=EDGE_LOOP('',(#5270,#5271,#5272,#5273));
#3188=PLANE('',#3189);
#3189=AXIS2_PLACEMENT_3D('',#3190,#3191,#3192);
#3190=CARTESIAN_POINT('',(20.85,3.55,0.4));
#3191=DIRECTION('',(1.,0.,0.));
#3192=DIRECTION('',(0.,-1.,0.));
#3193=FACE_BOUND('',#3194,.T.);
#3194=EDGE_LOOP('',(#5274,#5275,#5276,#5277));
#3195=PLANE('',#3196);
#3196=AXIS2_PLACEMENT_3D('',#3197,#3198,#3199);
#3197=CARTESIAN_POINT('',(0.,0.,0.));
#3198=DIRECTION('',(0.,0.,1.));
#3199=DIRECTION('',(1.,0.,0.));
#3200=FACE_BOUND('',#3201,.T.);
#3201=EDGE_LOOP('',(#5278,#5279,#5280,#5281));
#3202=PLANE('',#3203);
#3203=AXIS2_PLACEMENT_3D('',#3204,#3205,#3206);
#3204=CARTESIAN_POINT('',(21.65,-2.2,0.4));
#3205=DIRECTION('',(-1.,0.,0.));
#3206=DIRECTION('',(0.,1.,0.));
#3207=FACE_BOUND('',#3208,.T.);
#3208=EDGE_LOOP('',(#5282,#5283,#5284,#5285));
#3209=FACE_BOUND('',#3210,.T.);
#3210=EDGE_LOOP('',(#5286,#5287,#5288,#5289));
#3211=PLANE('',#3212);
#3212=AXIS2_PLACEMENT_3D('',#3213,#3214,#3215);
#3213=CARTESIAN_POINT('',(22.5,0.,0.4));
#3214=DIRECTION('',(-0.,0.,-1.));
#3215=DIRECTION('',(-1.,0.,0.));
#3216=FACE_BOUND('',#3217,.T.);
#3217=EDGE_LOOP('',(#5290,#5291,#5292,#5293));
#3218=PLANE('',#3219);
#3219=AXIS2_PLACEMENT_3D('',#3220,#3221,#3222);
#3220=CARTESIAN_POINT('',(23.35,3.55,0.4));
#3221=DIRECTION('',(1.,0.,0.));
#3222=DIRECTION('',(0.,-1.,0.));
#3223=FACE_BOUND('',#3224,.T.);
#3224=EDGE_LOOP('',(#5294,#5295,#5296,#5297));
#3225=PLANE('',#3226);
#3226=AXIS2_PLACEMENT_3D('',#3227,#3228,#3229);
#3227=CARTESIAN_POINT('',(0.,0.,0.));
#3228=DIRECTION('',(0.,0.,1.));
#3229=DIRECTION('',(1.,0.,0.));
#3230=FACE_BOUND('',#3231,.T.);
#3231=EDGE_LOOP('',(#5298,#5299,#5300,#5301));
#3232=PLANE('',#3233);
#3233=AXIS2_PLACEMENT_3D('',#3234,#3235,#3236);
#3234=CARTESIAN_POINT('',(24.15,-2.2,0.4));
#3235=DIRECTION('',(-1.,0.,0.));
#3236=DIRECTION('',(0.,1.,0.));
#3237=FACE_BOUND('',#3238,.T.);
#3238=EDGE_LOOP('',(#5302,#5303,#5304,#5305));
#3239=FACE_BOUND('',#3240,.T.);
#3240=EDGE_LOOP('',(#5306,#5307,#5308,#5309));
#3241=PLANE('',#3242);
#3242=AXIS2_PLACEMENT_3D('',#3243,#3244,#3245);
#3243=CARTESIAN_POINT('',(25.,0.,0.4));
#3244=DIRECTION('',(-0.,0.,-1.));
#3245=DIRECTION('',(-1.,0.,0.));
#3246=FACE_BOUND('',#3247,.T.);
#3247=EDGE_LOOP('',(#5310,#5311,#5312,#5313));
#3248=PLANE('',#3249);
#3249=AXIS2_PLACEMENT_3D('',#3250,#3251,#3252);
#3250=CARTESIAN_POINT('',(25.85,3.55,0.4));
#3251=DIRECTION('',(1.,0.,0.));
#3252=DIRECTION('',(0.,-1.,0.));
#3253=FACE_BOUND('',#3254,.T.);
#3254=EDGE_LOOP('',(#5314,#5315,#5316,#5317));
#3255=PLANE('',#3256);
#3256=AXIS2_PLACEMENT_3D('',#3257,#3258,#3259);
#3257=CARTESIAN_POINT('',(0.,0.,0.));
#3258=DIRECTION('',(0.,0.,1.));
#3259=DIRECTION('',(1.,0.,0.));
#3260=FACE_BOUND('',#3261,.T.);
#3261=EDGE_LOOP('',(#5318,#5319,#5320,#5321));
#3262=PLANE('',#3263);
#3263=AXIS2_PLACEMENT_3D('',#3264,#3265,#3266);
#3264=CARTESIAN_POINT('',(26.65,-2.2,0.4));
#3265=DIRECTION('',(-1.,0.,0.));
#3266=DIRECTION('',(0.,1.,0.));
#3267=FACE_BOUND('',#3268,.T.);
#3268=EDGE_LOOP('',(#5322,#5323,#5324,#5325));
#3269=FACE_BOUND('',#3270,.T.);
#3270=EDGE_LOOP('',(#5326,#5327,#5328,#5329));
#3271=PLANE('',#3272);
#3272=AXIS2_PLACEMENT_3D('',#3273,#3274,#3275);
#3273=CARTESIAN_POINT('',(27.5,0.,0.4));
#3274=DIRECTION('',(-0.,0.,-1.));
#3275=DIRECTION('',(-1.,0.,0.));
#3276=FACE_BOUND('',#3277,.T.);
#3277=EDGE_LOOP('',(#5330,#5331,#5332,#5333));
#3278=PLANE('',#3279);
#3279=AXIS2_PLACEMENT_3D('',#3280,#3281,#3282);
#3280=CARTESIAN_POINT('',(28.35,3.55,0.4));
#3281=DIRECTION('',(1.,0.,0.));
#3282=DIRECTION('',(0.,-1.,0.));
#3283=FACE_BOUND('',#3284,.T.);
#3284=EDGE_LOOP('',(#5334,#5335,#5336,#5337));
#3285=PLANE('',#3286);
#3286=AXIS2_PLACEMENT_3D('',#3287,#3288,#3289);
#3287=CARTESIAN_POINT('',(0.,0.,0.));
#3288=DIRECTION('',(0.,0.,1.));
#3289=DIRECTION('',(1.,0.,0.));
#3290=FACE_BOUND('',#3291,.T.);
#3291=EDGE_LOOP('',(#5338,#5339,#5340,#5341,#5342));
#3292=PLANE('',#3293);
#3293=AXIS2_PLACEMENT_3D('',#3294,#3295,#3296);
#3294=CARTESIAN_POINT('',(30.,-0.4,7.));
#3295=DIRECTION('',(0.,1.,0.));
#3296=DIRECTION('',(0.,0.,-1.));
#3297=FACE_BOUND('',#3298,.T.);
#3298=EDGE_LOOP('',(#5343,#5344,#5345,#5346,#5347,#5348,#5349,#5350,#5351,#5352,
#5353,#5354,#5355,#5356,#5357,#5358,#5359,#5360,#5361,#5362,#5363,#5364,#5365,#5366,
#5367,#5368,#5369,#5370,#5371,#5372,#5373,#5374,#5375,#5376,#5377,#5378,#5379,#5380,
#5381,#5382,#5383,#5384,#5385,#5386,#5387,#5388,#5389,#5390,#5391,#5392,#5393,#5394));
#3299=PLANE('',#3300);
#3300=AXIS2_PLACEMENT_3D('',#3301,#3302,#3303);
#3301=CARTESIAN_POINT('',(1.25,3.55,0.));
#3302=DIRECTION('',(0.,1.,-0.));
#3303=DIRECTION('',(-1.,0.,0.));
#3304=FACE_BOUND('',#3305,.T.);
#3305=EDGE_LOOP('',(#5395,#5396,#5397,#5398,#5399,#5400,#5401,#5402));
#3306=PLANE('',#3307);
#3307=AXIS2_PLACEMENT_3D('',#3308,#3309,#3310);
#3308=CARTESIAN_POINT('',(0.,0.,7.));
#3309=DIRECTION('',(0.,0.,1.));
#3310=DIRECTION('',(1.,0.,0.));
#3311=FACE_BOUND('',#3312,.T.);
#3312=EDGE_LOOP('',(#5403,#5404,#5405,#5406));
#3313=PLANE('',#3314);
#3314=AXIS2_PLACEMENT_3D('',#3315,#3316,#3317);
#3315=CARTESIAN_POINT('',(29.6,4.05,7.));
#3316=DIRECTION('',(0.707106781186545,0.,-0.70710678118655));
#3317=DIRECTION('',(0.,-1.,0.));
#3318=FACE_BOUND('',#3319,.T.);
#3319=EDGE_LOOP('',(#5407,#5408,#5409,#5410));
#3320=PLANE('',#3321);
#3321=AXIS2_PLACEMENT_3D('',#3322,#3323,#3324);
#3322=CARTESIAN_POINT('',(1.25,2.85,2.));
#3323=DIRECTION('',(0.,1.,-0.));
#3324=DIRECTION('',(-1.,0.,0.));
#3325=FACE_BOUND('',#3326,.T.);
#3326=EDGE_LOOP('',(#5411,#5412,#5413,#5414));
#3327=PLANE('',#3328);
#3328=AXIS2_PLACEMENT_3D('',#3329,#3330,#3331);
#3329=CARTESIAN_POINT('',(2.82,0.32,-3.5));
#3330=DIRECTION('',(0.,1.,-0.));
#3331=DIRECTION('',(-1.,0.,0.));
#3332=FACE_BOUND('',#3333,.T.);
#3333=EDGE_LOOP('',(#5415,#5416,#5417,#5418));
#3334=PLANE('',#3335);
#3335=AXIS2_PLACEMENT_3D('',#3336,#3337,#3338);
#3336=CARTESIAN_POINT('',(2.82,-0.32,-3.5));
#3337=DIRECTION('',(1.,0.,0.));
#3338=DIRECTION('',(0.,1.,0.));
#3339=FACE_BOUND('',#3340,.T.);
#3340=EDGE_LOOP('',(#5419,#5420,#5421,#5422));
#3341=PLANE('',#3342);
#3342=AXIS2_PLACEMENT_3D('',#3343,#3344,#3345);
#3343=CARTESIAN_POINT('',(2.18,-0.32,-3.5));
#3344=DIRECTION('',(0.,-1.,0.));
#3345=DIRECTION('',(1.,0.,0.));
#3346=FACE_BOUND('',#3347,.T.);
#3347=EDGE_LOOP('',(#5423,#5424,#5425,#5426));
#3348=PLANE('',#3349);
#3349=AXIS2_PLACEMENT_3D('',#3350,#3351,#3352);
#3350=CARTESIAN_POINT('',(2.18,0.32,-3.5));
#3351=DIRECTION('',(-1.,0.,0.));
#3352=DIRECTION('',(0.,-1.,0.));
#3353=FACE_BOUND('',#3354,.T.);
#3354=EDGE_LOOP('',(#5427,#5428,#5429,#5430));
#3355=PLANE('',#3356);
#3356=AXIS2_PLACEMENT_3D('',#3357,#3358,#3359);
#3357=CARTESIAN_POINT('',(5.32,0.32,-3.5));
#3358=DIRECTION('',(0.,1.,-0.));
#3359=DIRECTION('',(-1.,0.,0.));
#3360=FACE_BOUND('',#3361,.T.);
#3361=EDGE_LOOP('',(#5431,#5432,#5433,#5434));
#3362=PLANE('',#3363);
#3363=AXIS2_PLACEMENT_3D('',#3364,#3365,#3366);
#3364=CARTESIAN_POINT('',(5.32,-0.32,-3.5));
#3365=DIRECTION('',(1.,0.,0.));
#3366=DIRECTION('',(0.,1.,0.));
#3367=FACE_BOUND('',#3368,.T.);
#3368=EDGE_LOOP('',(#5435,#5436,#5437,#5438));
#3369=PLANE('',#3370);
#3370=AXIS2_PLACEMENT_3D('',#3371,#3372,#3373);
#3371=CARTESIAN_POINT('',(4.68,-0.32,-3.5));
#3372=DIRECTION('',(0.,-1.,0.));
#3373=DIRECTION('',(1.,0.,0.));
#3374=FACE_BOUND('',#3375,.T.);
#3375=EDGE_LOOP('',(#5439,#5440,#5441,#5442));
#3376=PLANE('',#3377);
#3377=AXIS2_PLACEMENT_3D('',#3378,#3379,#3380);
#3378=CARTESIAN_POINT('',(4.68,0.32,-3.5));
#3379=DIRECTION('',(-1.,0.,0.));
#3380=DIRECTION('',(0.,-1.,0.));
#3381=FACE_BOUND('',#3382,.T.);
#3382=EDGE_LOOP('',(#5443,#5444,#5445,#5446));
#3383=PLANE('',#3384);
#3384=AXIS2_PLACEMENT_3D('',#3385,#3386,#3387);
#3385=CARTESIAN_POINT('',(7.82,0.32,-3.5));
#3386=DIRECTION('',(0.,1.,-0.));
#3387=DIRECTION('',(-1.,0.,0.));
#3388=FACE_BOUND('',#3389,.T.);
#3389=EDGE_LOOP('',(#5447,#5448,#5449,#5450));
#3390=PLANE('',#3391);
#3391=AXIS2_PLACEMENT_3D('',#3392,#3393,#3394);
#3392=CARTESIAN_POINT('',(7.82,-0.32,-3.5));
#3393=DIRECTION('',(1.,0.,0.));
#3394=DIRECTION('',(0.,1.,0.));
#3395=FACE_BOUND('',#3396,.T.);
#3396=EDGE_LOOP('',(#5451,#5452,#5453,#5454));
#3397=PLANE('',#3398);
#3398=AXIS2_PLACEMENT_3D('',#3399,#3400,#3401);
#3399=CARTESIAN_POINT('',(7.18,-0.32,-3.5));
#3400=DIRECTION('',(0.,-1.,0.));
#3401=DIRECTION('',(1.,0.,0.));
#3402=FACE_BOUND('',#3403,.T.);
#3403=EDGE_LOOP('',(#5455,#5456,#5457,#5458));
#3404=PLANE('',#3405);
#3405=AXIS2_PLACEMENT_3D('',#3406,#3407,#3408);
#3406=CARTESIAN_POINT('',(7.18,0.32,-3.5));
#3407=DIRECTION('',(-1.,0.,0.));
#3408=DIRECTION('',(0.,-1.,0.));
#3409=FACE_BOUND('',#3410,.T.);
#3410=EDGE_LOOP('',(#5459,#5460,#5461,#5462));
#3411=PLANE('',#3412);
#3412=AXIS2_PLACEMENT_3D('',#3413,#3414,#3415);
#3413=CARTESIAN_POINT('',(10.32,0.32,-3.5));
#3414=DIRECTION('',(0.,1.,-0.));
#3415=DIRECTION('',(-1.,0.,0.));
#3416=FACE_BOUND('',#3417,.T.);
#3417=EDGE_LOOP('',(#5463,#5464,#5465,#5466));
#3418=PLANE('',#3419);
#3419=AXIS2_PLACEMENT_3D('',#3420,#3421,#3422);
#3420=CARTESIAN_POINT('',(10.32,-0.32,-3.5));
#3421=DIRECTION('',(1.,0.,0.));
#3422=DIRECTION('',(0.,1.,0.));
#3423=FACE_BOUND('',#3424,.T.);
#3424=EDGE_LOOP('',(#5467,#5468,#5469,#5470));
#3425=PLANE('',#3426);
#3426=AXIS2_PLACEMENT_3D('',#3427,#3428,#3429);
#3427=CARTESIAN_POINT('',(9.68,-0.32,-3.5));
#3428=DIRECTION('',(0.,-1.,0.));
#3429=DIRECTION('',(1.,0.,0.));
#3430=FACE_BOUND('',#3431,.T.);
#3431=EDGE_LOOP('',(#5471,#5472,#5473,#5474));
#3432=PLANE('',#3433);
#3433=AXIS2_PLACEMENT_3D('',#3434,#3435,#3436);
#3434=CARTESIAN_POINT('',(9.68,0.32,-3.5));
#3435=DIRECTION('',(-1.,0.,0.));
#3436=DIRECTION('',(0.,-1.,0.));
#3437=FACE_BOUND('',#3438,.T.);
#3438=EDGE_LOOP('',(#5475,#5476,#5477,#5478));
#3439=PLANE('',#3440);
#3440=AXIS2_PLACEMENT_3D('',#3441,#3442,#3443);
#3441=CARTESIAN_POINT('',(12.82,0.32,-3.5));
#3442=DIRECTION('',(0.,1.,-0.));
#3443=DIRECTION('',(-1.,0.,0.));
#3444=FACE_BOUND('',#3445,.T.);
#3445=EDGE_LOOP('',(#5479,#5480,#5481,#5482));
#3446=PLANE('',#3447);
#3447=AXIS2_PLACEMENT_3D('',#3448,#3449,#3450);
#3448=CARTESIAN_POINT('',(12.82,-0.32,-3.5));
#3449=DIRECTION('',(1.,0.,0.));
#3450=DIRECTION('',(0.,1.,0.));
#3451=FACE_BOUND('',#3452,.T.);
#3452=EDGE_LOOP('',(#5483,#5484,#5485,#5486));
#3453=PLANE('',#3454);
#3454=AXIS2_PLACEMENT_3D('',#3455,#3456,#3457);
#3455=CARTESIAN_POINT('',(12.18,-0.32,-3.5));
#3456=DIRECTION('',(0.,-1.,0.));
#3457=DIRECTION('',(1.,0.,0.));
#3458=FACE_BOUND('',#3459,.T.);
#3459=EDGE_LOOP('',(#5487,#5488,#5489,#5490));
#3460=PLANE('',#3461);
#3461=AXIS2_PLACEMENT_3D('',#3462,#3463,#3464);
#3462=CARTESIAN_POINT('',(12.18,0.32,-3.5));
#3463=DIRECTION('',(-1.,0.,0.));
#3464=DIRECTION('',(0.,-1.,0.));
#3465=FACE_BOUND('',#3466,.T.);
#3466=EDGE_LOOP('',(#5491,#5492,#5493,#5494));
#3467=PLANE('',#3468);
#3468=AXIS2_PLACEMENT_3D('',#3469,#3470,#3471);
#3469=CARTESIAN_POINT('',(15.32,0.32,-3.5));
#3470=DIRECTION('',(0.,1.,-0.));
#3471=DIRECTION('',(-1.,0.,0.));
#3472=FACE_BOUND('',#3473,.T.);
#3473=EDGE_LOOP('',(#5495,#5496,#5497,#5498));
#3474=PLANE('',#3475);
#3475=AXIS2_PLACEMENT_3D('',#3476,#3477,#3478);
#3476=CARTESIAN_POINT('',(15.32,-0.32,-3.5));
#3477=DIRECTION('',(1.,0.,0.));
#3478=DIRECTION('',(0.,1.,0.));
#3479=FACE_BOUND('',#3480,.T.);
#3480=EDGE_LOOP('',(#5499,#5500,#5501,#5502));
#3481=PLANE('',#3482);
#3482=AXIS2_PLACEMENT_3D('',#3483,#3484,#3485);
#3483=CARTESIAN_POINT('',(14.68,-0.32,-3.5));
#3484=DIRECTION('',(0.,-1.,0.));
#3485=DIRECTION('',(1.,0.,0.));
#3486=FACE_BOUND('',#3487,.T.);
#3487=EDGE_LOOP('',(#5503,#5504,#5505,#5506));
#3488=PLANE('',#3489);
#3489=AXIS2_PLACEMENT_3D('',#3490,#3491,#3492);
#3490=CARTESIAN_POINT('',(14.68,0.32,-3.5));
#3491=DIRECTION('',(-1.,0.,0.));
#3492=DIRECTION('',(0.,-1.,0.));
#3493=FACE_BOUND('',#3494,.T.);
#3494=EDGE_LOOP('',(#5507,#5508,#5509,#5510));
#3495=PLANE('',#3496);
#3496=AXIS2_PLACEMENT_3D('',#3497,#3498,#3499);
#3497=CARTESIAN_POINT('',(17.82,0.32,-3.5));
#3498=DIRECTION('',(0.,1.,-0.));
#3499=DIRECTION('',(-1.,0.,0.));
#3500=FACE_BOUND('',#3501,.T.);
#3501=EDGE_LOOP('',(#5511,#5512,#5513,#5514));
#3502=PLANE('',#3503);
#3503=AXIS2_PLACEMENT_3D('',#3504,#3505,#3506);
#3504=CARTESIAN_POINT('',(17.82,-0.32,-3.5));
#3505=DIRECTION('',(1.,0.,0.));
#3506=DIRECTION('',(0.,1.,0.));
#3507=FACE_BOUND('',#3508,.T.);
#3508=EDGE_LOOP('',(#5515,#5516,#5517,#5518));
#3509=PLANE('',#3510);
#3510=AXIS2_PLACEMENT_3D('',#3511,#3512,#3513);
#3511=CARTESIAN_POINT('',(17.18,-0.32,-3.5));
#3512=DIRECTION('',(0.,-1.,0.));
#3513=DIRECTION('',(1.,0.,0.));
#3514=FACE_BOUND('',#3515,.T.);
#3515=EDGE_LOOP('',(#5519,#5520,#5521,#5522));
#3516=PLANE('',#3517);
#3517=AXIS2_PLACEMENT_3D('',#3518,#3519,#3520);
#3518=CARTESIAN_POINT('',(17.18,0.32,-3.5));
#3519=DIRECTION('',(-1.,0.,0.));
#3520=DIRECTION('',(0.,-1.,0.));
#3521=FACE_BOUND('',#3522,.T.);
#3522=EDGE_LOOP('',(#5523,#5524,#5525,#5526));
#3523=PLANE('',#3524);
#3524=AXIS2_PLACEMENT_3D('',#3525,#3526,#3527);
#3525=CARTESIAN_POINT('',(20.32,0.32,-3.5));
#3526=DIRECTION('',(0.,1.,-0.));
#3527=DIRECTION('',(-1.,0.,0.));
#3528=FACE_BOUND('',#3529,.T.);
#3529=EDGE_LOOP('',(#5527,#5528,#5529,#5530));
#3530=PLANE('',#3531);
#3531=AXIS2_PLACEMENT_3D('',#3532,#3533,#3534);
#3532=CARTESIAN_POINT('',(20.32,-0.32,-3.5));
#3533=DIRECTION('',(1.,0.,0.));
#3534=DIRECTION('',(0.,1.,0.));
#3535=FACE_BOUND('',#3536,.T.);
#3536=EDGE_LOOP('',(#5531,#5532,#5533,#5534));
#3537=PLANE('',#3538);
#3538=AXIS2_PLACEMENT_3D('',#3539,#3540,#3541);
#3539=CARTESIAN_POINT('',(19.68,-0.32,-3.5));
#3540=DIRECTION('',(0.,-1.,0.));
#3541=DIRECTION('',(1.,0.,0.));
#3542=FACE_BOUND('',#3543,.T.);
#3543=EDGE_LOOP('',(#5535,#5536,#5537,#5538));
#3544=PLANE('',#3545);
#3545=AXIS2_PLACEMENT_3D('',#3546,#3547,#3548);
#3546=CARTESIAN_POINT('',(19.68,0.32,-3.5));
#3547=DIRECTION('',(-1.,0.,0.));
#3548=DIRECTION('',(0.,-1.,0.));
#3549=FACE_BOUND('',#3550,.T.);
#3550=EDGE_LOOP('',(#5539,#5540,#5541,#5542));
#3551=PLANE('',#3552);
#3552=AXIS2_PLACEMENT_3D('',#3553,#3554,#3555);
#3553=CARTESIAN_POINT('',(22.82,0.32,-3.5));
#3554=DIRECTION('',(0.,1.,-0.));
#3555=DIRECTION('',(-1.,0.,0.));
#3556=FACE_BOUND('',#3557,.T.);
#3557=EDGE_LOOP('',(#5543,#5544,#5545,#5546));
#3558=PLANE('',#3559);
#3559=AXIS2_PLACEMENT_3D('',#3560,#3561,#3562);
#3560=CARTESIAN_POINT('',(22.82,-0.32,-3.5));
#3561=DIRECTION('',(1.,0.,0.));
#3562=DIRECTION('',(0.,1.,0.));
#3563=FACE_BOUND('',#3564,.T.);
#3564=EDGE_LOOP('',(#5547,#5548,#5549,#5550));
#3565=PLANE('',#3566);
#3566=AXIS2_PLACEMENT_3D('',#3567,#3568,#3569);
#3567=CARTESIAN_POINT('',(22.18,-0.32,-3.5));
#3568=DIRECTION('',(0.,-1.,0.));
#3569=DIRECTION('',(1.,0.,0.));
#3570=FACE_BOUND('',#3571,.T.);
#3571=EDGE_LOOP('',(#5551,#5552,#5553,#5554));
#3572=PLANE('',#3573);
#3573=AXIS2_PLACEMENT_3D('',#3574,#3575,#3576);
#3574=CARTESIAN_POINT('',(22.18,0.32,-3.5));
#3575=DIRECTION('',(-1.,0.,0.));
#3576=DIRECTION('',(0.,-1.,0.));
#3577=FACE_BOUND('',#3578,.T.);
#3578=EDGE_LOOP('',(#5555,#5556,#5557,#5558));
#3579=PLANE('',#3580);
#3580=AXIS2_PLACEMENT_3D('',#3581,#3582,#3583);
#3581=CARTESIAN_POINT('',(25.32,0.32,-3.5));
#3582=DIRECTION('',(0.,1.,-0.));
#3583=DIRECTION('',(-1.,0.,0.));
#3584=FACE_BOUND('',#3585,.T.);
#3585=EDGE_LOOP('',(#5559,#5560,#5561,#5562));
#3586=PLANE('',#3587);
#3587=AXIS2_PLACEMENT_3D('',#3588,#3589,#3590);
#3588=CARTESIAN_POINT('',(25.32,-0.32,-3.5));
#3589=DIRECTION('',(1.,0.,0.));
#3590=DIRECTION('',(0.,1.,0.));
#3591=FACE_BOUND('',#3592,.T.);
#3592=EDGE_LOOP('',(#5563,#5564,#5565,#5566));
#3593=PLANE('',#3594);
#3594=AXIS2_PLACEMENT_3D('',#3595,#3596,#3597);
#3595=CARTESIAN_POINT('',(24.68,-0.32,-3.5));
#3596=DIRECTION('',(0.,-1.,0.));
#3597=DIRECTION('',(1.,0.,0.));
#3598=FACE_BOUND('',#3599,.T.);
#3599=EDGE_LOOP('',(#5567,#5568,#5569,#5570));
#3600=PLANE('',#3601);
#3601=AXIS2_PLACEMENT_3D('',#3602,#3603,#3604);
#3602=CARTESIAN_POINT('',(24.68,0.32,-3.5));
#3603=DIRECTION('',(-1.,0.,0.));
#3604=DIRECTION('',(0.,-1.,0.));
#3605=FACE_BOUND('',#3606,.T.);
#3606=EDGE_LOOP('',(#5571,#5572,#5573,#5574));
#3607=PLANE('',#3608);
#3608=AXIS2_PLACEMENT_3D('',#3609,#3610,#3611);
#3609=CARTESIAN_POINT('',(27.82,0.32,-3.5));
#3610=DIRECTION('',(0.,1.,-0.));
#3611=DIRECTION('',(-1.,0.,0.));
#3612=FACE_BOUND('',#3613,.T.);
#3613=EDGE_LOOP('',(#5575,#5576,#5577,#5578));
#3614=PLANE('',#3615);
#3615=AXIS2_PLACEMENT_3D('',#3616,#3617,#3618);
#3616=CARTESIAN_POINT('',(27.82,-0.32,-3.5));
#3617=DIRECTION('',(1.,0.,0.));
#3618=DIRECTION('',(0.,1.,0.));
#3619=FACE_BOUND('',#3620,.T.);
#3620=EDGE_LOOP('',(#5579,#5580,#5581,#5582));
#3621=PLANE('',#3622);
#3622=AXIS2_PLACEMENT_3D('',#3623,#3624,#3625);
#3623=CARTESIAN_POINT('',(27.18,-0.32,-3.5));
#3624=DIRECTION('',(0.,-1.,0.));
#3625=DIRECTION('',(1.,0.,0.));
#3626=FACE_BOUND('',#3627,.T.);
#3627=EDGE_LOOP('',(#5583,#5584,#5585,#5586));
#3628=PLANE('',#3629);
#3629=AXIS2_PLACEMENT_3D('',#3630,#3631,#3632);
#3630=CARTESIAN_POINT('',(27.18,0.32,-3.5));
#3631=DIRECTION('',(-1.,0.,0.));
#3632=DIRECTION('',(0.,-1.,0.));
#3633=FACE_BOUND('',#3634,.T.);
#3634=EDGE_LOOP('',(#5587,#5588,#5589,#5590));
#3635=PLANE('',#3636);
#3636=AXIS2_PLACEMENT_3D('',#3637,#3638,#3639);
#3637=CARTESIAN_POINT('',(0.32,0.32,-3.5));
#3638=DIRECTION('',(0.,1.,-0.));
#3639=DIRECTION('',(-1.,0.,0.));
#3640=FACE_BOUND('',#3641,.T.);
#3641=EDGE_LOOP('',(#5591,#5592,#5593,#5594));
#3642=PLANE('',#3643);
#3643=AXIS2_PLACEMENT_3D('',#3644,#3645,#3646);
#3644=CARTESIAN_POINT('',(0.32,-0.32,-3.5));
#3645=DIRECTION('',(1.,0.,0.));
#3646=DIRECTION('',(0.,1.,0.));
#3647=FACE_BOUND('',#3648,.T.);
#3648=EDGE_LOOP('',(#5595,#5596,#5597,#5598));
#3649=PLANE('',#3650);
#3650=AXIS2_PLACEMENT_3D('',#3651,#3652,#3653);
#3651=CARTESIAN_POINT('',(-0.32,-0.32,-3.5));
#3652=DIRECTION('',(0.,-1.,0.));
#3653=DIRECTION('',(1.,0.,0.));
#3654=FACE_BOUND('',#3655,.T.);
#3655=EDGE_LOOP('',(#5599,#5600,#5601,#5602));
#3656=PLANE('',#3657);
#3657=AXIS2_PLACEMENT_3D('',#3658,#3659,#3660);
#3658=CARTESIAN_POINT('',(-0.32,0.32,-3.5));
#3659=DIRECTION('',(-1.,0.,0.));
#3660=DIRECTION('',(0.,-1.,0.));
#3661=FACE_BOUND('',#3662,.T.);
#3662=EDGE_LOOP('',(#5603,#5604,#5605,#5606));
#3663=PLANE('',#3664);
#3664=AXIS2_PLACEMENT_3D('',#3665,#3666,#3667);
#3665=CARTESIAN_POINT('',(-2.1,4.05,7.));
#3666=DIRECTION('',(0.707106781186546,5.55784941126999E-017,0.707106781186549));
#3667=DIRECTION('',(7.85998601504536E-017,-1.,6.17045238379134E-033));
#3668=FACE_BOUND('',#3669,.T.);
#3669=EDGE_LOOP('',(#5607,#5608,#5609,#5610,#5611));
#3670=PLANE('',#3671);
#3671=AXIS2_PLACEMENT_3D('',#3672,#3673,#3674);
#3672=CARTESIAN_POINT('',(30.,-0.4,7.));
#3673=DIRECTION('',(0.,1.,0.));
#3674=DIRECTION('',(0.,0.,-1.));
#3675=FACE_BOUND('',#3676,.T.);
#3676=EDGE_LOOP('',(#5612,#5613,#5614,#5615));
#3677=PLANE('',#3678);
#3678=AXIS2_PLACEMENT_3D('',#3679,#3680,#3681);
#3679=CARTESIAN_POINT('',(0.32,0.32,-3.5));
#3680=DIRECTION('',(0.,1.,-0.));
#3681=DIRECTION('',(-1.,0.,0.));
#3682=FACE_BOUND('',#3683,.T.);
#3683=EDGE_LOOP('',(#5616,#5617,#5618,#5619));
#3684=PLANE('',#3685);
#3685=AXIS2_PLACEMENT_3D('',#3686,#3687,#3688);
#3686=CARTESIAN_POINT('',(-0.32,0.32,-3.5));
#3687=DIRECTION('',(-1.,0.,0.));
#3688=DIRECTION('',(0.,-1.,0.));
#3689=FACE_BOUND('',#3690,.T.);
#3690=EDGE_LOOP('',(#5620,#5621,#5622,#5623));
#3691=PLANE('',#3692);
#3692=AXIS2_PLACEMENT_3D('',#3693,#3694,#3695);
#3693=CARTESIAN_POINT('',(-0.32,-0.32,-3.5));
#3694=DIRECTION('',(0.,-1.,0.));
#3695=DIRECTION('',(1.,0.,0.));
#3696=FACE_BOUND('',#3697,.T.);
#3697=EDGE_LOOP('',(#5624,#5625,#5626,#5627));
#3698=PLANE('',#3699);
#3699=AXIS2_PLACEMENT_3D('',#3700,#3701,#3702);
#3700=CARTESIAN_POINT('',(0.32,-0.32,-3.5));
#3701=DIRECTION('',(1.,0.,0.));
#3702=DIRECTION('',(0.,1.,0.));
#3703=FACE_BOUND('',#3704,.T.);
#3704=EDGE_LOOP('',(#5628,#5629,#5630,#5631));
#3705=PLANE('',#3706);
#3706=AXIS2_PLACEMENT_3D('',#3707,#3708,#3709);
#3707=CARTESIAN_POINT('',(2.82,0.32,-3.5));
#3708=DIRECTION('',(0.,1.,-0.));
#3709=DIRECTION('',(-1.,0.,0.));
#3710=FACE_BOUND('',#3711,.T.);
#3711=EDGE_LOOP('',(#5632,#5633,#5634,#5635));
#3712=PLANE('',#3713);
#3713=AXIS2_PLACEMENT_3D('',#3714,#3715,#3716);
#3714=CARTESIAN_POINT('',(2.18,0.32,-3.5));
#3715=DIRECTION('',(-1.,0.,0.));
#3716=DIRECTION('',(0.,-1.,0.));
#3717=FACE_BOUND('',#3718,.T.);
#3718=EDGE_LOOP('',(#5636,#5637,#5638,#5639));
#3719=PLANE('',#3720);
#3720=AXIS2_PLACEMENT_3D('',#3721,#3722,#3723);
#3721=CARTESIAN_POINT('',(2.18,-0.32,-3.5));
#3722=DIRECTION('',(0.,-1.,0.));
#3723=DIRECTION('',(1.,0.,0.));
#3724=FACE_BOUND('',#3725,.T.);
#3725=EDGE_LOOP('',(#5640,#5641,#5642,#5643));
#3726=PLANE('',#3727);
#3727=AXIS2_PLACEMENT_3D('',#3728,#3729,#3730);
#3728=CARTESIAN_POINT('',(2.82,-0.32,-3.5));
#3729=DIRECTION('',(1.,0.,0.));
#3730=DIRECTION('',(0.,1.,0.));
#3731=FACE_BOUND('',#3732,.T.);
#3732=EDGE_LOOP('',(#5644,#5645,#5646,#5647));
#3733=PLANE('',#3734);
#3734=AXIS2_PLACEMENT_3D('',#3735,#3736,#3737);
#3735=CARTESIAN_POINT('',(5.32,0.32,-3.5));
#3736=DIRECTION('',(0.,1.,-0.));
#3737=DIRECTION('',(-1.,0.,0.));
#3738=FACE_BOUND('',#3739,.T.);
#3739=EDGE_LOOP('',(#5648,#5649,#5650,#5651));
#3740=PLANE('',#3741);
#3741=AXIS2_PLACEMENT_3D('',#3742,#3743,#3744);
#3742=CARTESIAN_POINT('',(4.68,0.32,-3.5));
#3743=DIRECTION('',(-1.,0.,0.));
#3744=DIRECTION('',(0.,-1.,0.));
#3745=FACE_BOUND('',#3746,.T.);
#3746=EDGE_LOOP('',(#5652,#5653,#5654,#5655));
#3747=PLANE('',#3748);
#3748=AXIS2_PLACEMENT_3D('',#3749,#3750,#3751);
#3749=CARTESIAN_POINT('',(4.68,-0.32,-3.5));
#3750=DIRECTION('',(0.,-1.,0.));
#3751=DIRECTION('',(1.,0.,0.));
#3752=FACE_BOUND('',#3753,.T.);
#3753=EDGE_LOOP('',(#5656,#5657,#5658,#5659));
#3754=PLANE('',#3755);
#3755=AXIS2_PLACEMENT_3D('',#3756,#3757,#3758);
#3756=CARTESIAN_POINT('',(5.32,-0.32,-3.5));
#3757=DIRECTION('',(1.,0.,0.));
#3758=DIRECTION('',(0.,1.,0.));
#3759=FACE_BOUND('',#3760,.T.);
#3760=EDGE_LOOP('',(#5660,#5661,#5662,#5663));
#3761=PLANE('',#3762);
#3762=AXIS2_PLACEMENT_3D('',#3763,#3764,#3765);
#3763=CARTESIAN_POINT('',(7.82,0.32,-3.5));
#3764=DIRECTION('',(0.,1.,-0.));
#3765=DIRECTION('',(-1.,0.,0.));
#3766=FACE_BOUND('',#3767,.T.);
#3767=EDGE_LOOP('',(#5664,#5665,#5666,#5667));
#3768=PLANE('',#3769);
#3769=AXIS2_PLACEMENT_3D('',#3770,#3771,#3772);
#3770=CARTESIAN_POINT('',(7.18,0.32,-3.5));
#3771=DIRECTION('',(-1.,0.,0.));
#3772=DIRECTION('',(0.,-1.,0.));
#3773=FACE_BOUND('',#3774,.T.);
#3774=EDGE_LOOP('',(#5668,#5669,#5670,#5671));
#3775=PLANE('',#3776);
#3776=AXIS2_PLACEMENT_3D('',#3777,#3778,#3779);
#3777=CARTESIAN_POINT('',(7.18,-0.32,-3.5));
#3778=DIRECTION('',(0.,-1.,0.));
#3779=DIRECTION('',(1.,0.,0.));
#3780=FACE_BOUND('',#3781,.T.);
#3781=EDGE_LOOP('',(#5672,#5673,#5674,#5675));
#3782=PLANE('',#3783);
#3783=AXIS2_PLACEMENT_3D('',#3784,#3785,#3786);
#3784=CARTESIAN_POINT('',(7.82,-0.32,-3.5));
#3785=DIRECTION('',(1.,0.,0.));
#3786=DIRECTION('',(0.,1.,0.));
#3787=FACE_BOUND('',#3788,.T.);
#3788=EDGE_LOOP('',(#5676,#5677,#5678,#5679));
#3789=PLANE('',#3790);
#3790=AXIS2_PLACEMENT_3D('',#3791,#3792,#3793);
#3791=CARTESIAN_POINT('',(10.32,0.32,-3.5));
#3792=DIRECTION('',(0.,1.,-0.));
#3793=DIRECTION('',(-1.,0.,0.));
#3794=FACE_BOUND('',#3795,.T.);
#3795=EDGE_LOOP('',(#5680,#5681,#5682,#5683));
#3796=PLANE('',#3797);
#3797=AXIS2_PLACEMENT_3D('',#3798,#3799,#3800);
#3798=CARTESIAN_POINT('',(9.68,0.32,-3.5));
#3799=DIRECTION('',(-1.,0.,0.));
#3800=DIRECTION('',(0.,-1.,0.));
#3801=FACE_BOUND('',#3802,.T.);
#3802=EDGE_LOOP('',(#5684,#5685,#5686,#5687));
#3803=PLANE('',#3804);
#3804=AXIS2_PLACEMENT_3D('',#3805,#3806,#3807);
#3805=CARTESIAN_POINT('',(9.68,-0.32,-3.5));
#3806=DIRECTION('',(0.,-1.,0.));
#3807=DIRECTION('',(1.,0.,0.));
#3808=FACE_BOUND('',#3809,.T.);
#3809=EDGE_LOOP('',(#5688,#5689,#5690,#5691));
#3810=PLANE('',#3811);
#3811=AXIS2_PLACEMENT_3D('',#3812,#3813,#3814);
#3812=CARTESIAN_POINT('',(10.32,-0.32,-3.5));
#3813=DIRECTION('',(1.,0.,0.));
#3814=DIRECTION('',(0.,1.,0.));
#3815=FACE_BOUND('',#3816,.T.);
#3816=EDGE_LOOP('',(#5692,#5693,#5694,#5695));
#3817=PLANE('',#3818);
#3818=AXIS2_PLACEMENT_3D('',#3819,#3820,#3821);
#3819=CARTESIAN_POINT('',(12.82,0.32,-3.5));
#3820=DIRECTION('',(0.,1.,-0.));
#3821=DIRECTION('',(-1.,0.,0.));
#3822=FACE_BOUND('',#3823,.T.);
#3823=EDGE_LOOP('',(#5696,#5697,#5698,#5699));
#3824=PLANE('',#3825);
#3825=AXIS2_PLACEMENT_3D('',#3826,#3827,#3828);
#3826=CARTESIAN_POINT('',(12.18,0.32,-3.5));
#3827=DIRECTION('',(-1.,0.,0.));
#3828=DIRECTION('',(0.,-1.,0.));
#3829=FACE_BOUND('',#3830,.T.);
#3830=EDGE_LOOP('',(#5700,#5701,#5702,#5703));
#3831=PLANE('',#3832);
#3832=AXIS2_PLACEMENT_3D('',#3833,#3834,#3835);
#3833=CARTESIAN_POINT('',(12.18,-0.32,-3.5));
#3834=DIRECTION('',(0.,-1.,0.));
#3835=DIRECTION('',(1.,0.,0.));
#3836=FACE_BOUND('',#3837,.T.);
#3837=EDGE_LOOP('',(#5704,#5705,#5706,#5707));
#3838=PLANE('',#3839);
#3839=AXIS2_PLACEMENT_3D('',#3840,#3841,#3842);
#3840=CARTESIAN_POINT('',(12.82,-0.32,-3.5));
#3841=DIRECTION('',(1.,0.,0.));
#3842=DIRECTION('',(0.,1.,0.));
#3843=FACE_BOUND('',#3844,.T.);
#3844=EDGE_LOOP('',(#5708,#5709,#5710,#5711));
#3845=PLANE('',#3846);
#3846=AXIS2_PLACEMENT_3D('',#3847,#3848,#3849);
#3847=CARTESIAN_POINT('',(15.32,0.32,-3.5));
#3848=DIRECTION('',(0.,1.,-0.));
#3849=DIRECTION('',(-1.,0.,0.));
#3850=FACE_BOUND('',#3851,.T.);
#3851=EDGE_LOOP('',(#5712,#5713,#5714,#5715));
#3852=PLANE('',#3853);
#3853=AXIS2_PLACEMENT_3D('',#3854,#3855,#3856);
#3854=CARTESIAN_POINT('',(14.68,0.32,-3.5));
#3855=DIRECTION('',(-1.,0.,0.));
#3856=DIRECTION('',(0.,-1.,0.));
#3857=FACE_BOUND('',#3858,.T.);
#3858=EDGE_LOOP('',(#5716,#5717,#5718,#5719));
#3859=PLANE('',#3860);
#3860=AXIS2_PLACEMENT_3D('',#3861,#3862,#3863);
#3861=CARTESIAN_POINT('',(14.68,-0.32,-3.5));
#3862=DIRECTION('',(0.,-1.,0.));
#3863=DIRECTION('',(1.,0.,0.));
#3864=FACE_BOUND('',#3865,.T.);
#3865=EDGE_LOOP('',(#5720,#5721,#5722,#5723));
#3866=PLANE('',#3867);
#3867=AXIS2_PLACEMENT_3D('',#3868,#3869,#3870);
#3868=CARTESIAN_POINT('',(15.32,-0.32,-3.5));
#3869=DIRECTION('',(1.,0.,0.));
#3870=DIRECTION('',(0.,1.,0.));
#3871=FACE_BOUND('',#3872,.T.);
#3872=EDGE_LOOP('',(#5724,#5725,#5726,#5727));
#3873=PLANE('',#3874);
#3874=AXIS2_PLACEMENT_3D('',#3875,#3876,#3877);
#3875=CARTESIAN_POINT('',(17.82,0.32,-3.5));
#3876=DIRECTION('',(0.,1.,-0.));
#3877=DIRECTION('',(-1.,0.,0.));
#3878=FACE_BOUND('',#3879,.T.);
#3879=EDGE_LOOP('',(#5728,#5729,#5730,#5731));
#3880=PLANE('',#3881);
#3881=AXIS2_PLACEMENT_3D('',#3882,#3883,#3884);
#3882=CARTESIAN_POINT('',(17.18,0.32,-3.5));
#3883=DIRECTION('',(-1.,0.,0.));
#3884=DIRECTION('',(0.,-1.,0.));
#3885=FACE_BOUND('',#3886,.T.);
#3886=EDGE_LOOP('',(#5732,#5733,#5734,#5735));
#3887=PLANE('',#3888);
#3888=AXIS2_PLACEMENT_3D('',#3889,#3890,#3891);
#3889=CARTESIAN_POINT('',(17.18,-0.32,-3.5));
#3890=DIRECTION('',(0.,-1.,0.));
#3891=DIRECTION('',(1.,0.,0.));
#3892=FACE_BOUND('',#3893,.T.);
#3893=EDGE_LOOP('',(#5736,#5737,#5738,#5739));
#3894=PLANE('',#3895);
#3895=AXIS2_PLACEMENT_3D('',#3896,#3897,#3898);
#3896=CARTESIAN_POINT('',(17.82,-0.32,-3.5));
#3897=DIRECTION('',(1.,0.,0.));
#3898=DIRECTION('',(0.,1.,0.));
#3899=FACE_BOUND('',#3900,.T.);
#3900=EDGE_LOOP('',(#5740,#5741,#5742,#5743));
#3901=PLANE('',#3902);
#3902=AXIS2_PLACEMENT_3D('',#3903,#3904,#3905);
#3903=CARTESIAN_POINT('',(20.32,0.32,-3.5));
#3904=DIRECTION('',(0.,1.,-0.));
#3905=DIRECTION('',(-1.,0.,0.));
#3906=FACE_BOUND('',#3907,.T.);
#3907=EDGE_LOOP('',(#5744,#5745,#5746,#5747));
#3908=PLANE('',#3909);
#3909=AXIS2_PLACEMENT_3D('',#3910,#3911,#3912);
#3910=CARTESIAN_POINT('',(19.68,0.32,-3.5));
#3911=DIRECTION('',(-1.,0.,0.));
#3912=DIRECTION('',(0.,-1.,0.));
#3913=FACE_BOUND('',#3914,.T.);
#3914=EDGE_LOOP('',(#5748,#5749,#5750,#5751));
#3915=PLANE('',#3916);
#3916=AXIS2_PLACEMENT_3D('',#3917,#3918,#3919);
#3917=CARTESIAN_POINT('',(19.68,-0.32,-3.5));
#3918=DIRECTION('',(0.,-1.,0.));
#3919=DIRECTION('',(1.,0.,0.));
#3920=FACE_BOUND('',#3921,.T.);
#3921=EDGE_LOOP('',(#5752,#5753,#5754,#5755));
#3922=PLANE('',#3923);
#3923=AXIS2_PLACEMENT_3D('',#3924,#3925,#3926);
#3924=CARTESIAN_POINT('',(20.32,-0.32,-3.5));
#3925=DIRECTION('',(1.,0.,0.));
#3926=DIRECTION('',(0.,1.,0.));
#3927=FACE_BOUND('',#3928,.T.);
#3928=EDGE_LOOP('',(#5756,#5757,#5758,#5759));
#3929=PLANE('',#3930);
#3930=AXIS2_PLACEMENT_3D('',#3931,#3932,#3933);
#3931=CARTESIAN_POINT('',(22.82,0.32,-3.5));
#3932=DIRECTION('',(0.,1.,-0.));
#3933=DIRECTION('',(-1.,0.,0.));
#3934=FACE_BOUND('',#3935,.T.);
#3935=EDGE_LOOP('',(#5760,#5761,#5762,#5763));
#3936=PLANE('',#3937);
#3937=AXIS2_PLACEMENT_3D('',#3938,#3939,#3940);
#3938=CARTESIAN_POINT('',(22.18,0.32,-3.5));
#3939=DIRECTION('',(-1.,0.,0.));
#3940=DIRECTION('',(0.,-1.,0.));
#3941=FACE_BOUND('',#3942,.T.);
#3942=EDGE_LOOP('',(#5764,#5765,#5766,#5767));
#3943=PLANE('',#3944);
#3944=AXIS2_PLACEMENT_3D('',#3945,#3946,#3947);
#3945=CARTESIAN_POINT('',(22.18,-0.32,-3.5));
#3946=DIRECTION('',(0.,-1.,0.));
#3947=DIRECTION('',(1.,0.,0.));
#3948=FACE_BOUND('',#3949,.T.);
#3949=EDGE_LOOP('',(#5768,#5769,#5770,#5771));
#3950=PLANE('',#3951);
#3951=AXIS2_PLACEMENT_3D('',#3952,#3953,#3954);
#3952=CARTESIAN_POINT('',(22.82,-0.32,-3.5));
#3953=DIRECTION('',(1.,0.,0.));
#3954=DIRECTION('',(0.,1.,0.));
#3955=FACE_BOUND('',#3956,.T.);
#3956=EDGE_LOOP('',(#5772,#5773,#5774,#5775));
#3957=PLANE('',#3958);
#3958=AXIS2_PLACEMENT_3D('',#3959,#3960,#3961);
#3959=CARTESIAN_POINT('',(25.32,0.32,-3.5));
#3960=DIRECTION('',(0.,1.,-0.));
#3961=DIRECTION('',(-1.,0.,0.));
#3962=FACE_BOUND('',#3963,.T.);
#3963=EDGE_LOOP('',(#5776,#5777,#5778,#5779));
#3964=PLANE('',#3965);
#3965=AXIS2_PLACEMENT_3D('',#3966,#3967,#3968);
#3966=CARTESIAN_POINT('',(24.68,0.32,-3.5));
#3967=DIRECTION('',(-1.,0.,0.));
#3968=DIRECTION('',(0.,-1.,0.));
#3969=FACE_BOUND('',#3970,.T.);
#3970=EDGE_LOOP('',(#5780,#5781,#5782,#5783));
#3971=PLANE('',#3972);
#3972=AXIS2_PLACEMENT_3D('',#3973,#3974,#3975);
#3973=CARTESIAN_POINT('',(24.68,-0.32,-3.5));
#3974=DIRECTION('',(0.,-1.,0.));
#3975=DIRECTION('',(1.,0.,0.));
#3976=FACE_BOUND('',#3977,.T.);
#3977=EDGE_LOOP('',(#5784,#5785,#5786,#5787));
#3978=PLANE('',#3979);
#3979=AXIS2_PLACEMENT_3D('',#3980,#3981,#3982);
#3980=CARTESIAN_POINT('',(25.32,-0.32,-3.5));
#3981=DIRECTION('',(1.,0.,0.));
#3982=DIRECTION('',(0.,1.,0.));
#3983=FACE_BOUND('',#3984,.T.);
#3984=EDGE_LOOP('',(#5788,#5789,#5790,#5791));
#3985=PLANE('',#3986);
#3986=AXIS2_PLACEMENT_3D('',#3987,#3988,#3989);
#3987=CARTESIAN_POINT('',(27.82,0.32,-3.5));
#3988=DIRECTION('',(0.,1.,-0.));
#3989=DIRECTION('',(-1.,0.,0.));
#3990=FACE_BOUND('',#3991,.T.);
#3991=EDGE_LOOP('',(#5792,#5793,#5794,#5795));
#3992=PLANE('',#3993);
#3993=AXIS2_PLACEMENT_3D('',#3994,#3995,#3996);
#3994=CARTESIAN_POINT('',(27.18,0.32,-3.5));
#3995=DIRECTION('',(-1.,0.,0.));
#3996=DIRECTION('',(0.,-1.,0.));
#3997=FACE_BOUND('',#3998,.T.);
#3998=EDGE_LOOP('',(#5796,#5797,#5798,#5799));
#3999=PLANE('',#4000);
#4000=AXIS2_PLACEMENT_3D('',#4001,#4002,#4003);
#4001=CARTESIAN_POINT('',(27.18,-0.32,-3.5));
#4002=DIRECTION('',(0.,-1.,0.));
#4003=DIRECTION('',(1.,0.,0.));
#4004=FACE_BOUND('',#4005,.T.);
#4005=EDGE_LOOP('',(#5800,#5801,#5802,#5803));
#4006=PLANE('',#4007);
#4007=AXIS2_PLACEMENT_3D('',#4008,#4009,#4010);
#4008=CARTESIAN_POINT('',(27.82,-0.32,-3.5));
#4009=DIRECTION('',(1.,0.,0.));
#4010=DIRECTION('',(0.,1.,0.));
#4011=FACE_BOUND('',#4012,.T.);
#4012=EDGE_LOOP('',(#5804,#5805,#5806,#5807));
#4013=PLANE('',#4014);
#4014=AXIS2_PLACEMENT_3D('',#4015,#4016,#4017);
#4015=CARTESIAN_POINT('',(30.5,3.15,7.));
#4016=DIRECTION('',(0.,-0.707106781186548,0.707106781186548));
#4017=DIRECTION('',(-1.,0.,0.));
#4018=FACE_BOUND('',#4019,.T.);
#4019=EDGE_LOOP('',(#5808,#5809,#5810,#5811));
#4020=PLANE('',#4021);
#4021=AXIS2_PLACEMENT_3D('',#4022,#4023,#4024);
#4022=CARTESIAN_POINT('',(3.76641016151378,0.32,6.12679491924311));
#4023=DIRECTION('',(1.8151898764984E-016,0.965925826289069,0.258819045102519));
#4024=DIRECTION('',(-1.,3.76053679555885E-032,7.01335512531312E-016));
#4025=FACE_BOUND('',#4026,.T.);
#4026=EDGE_LOOP('',(#5812,#5813,#5814,#5815));
#4027=PLANE('',#4028);
#4028=AXIS2_PLACEMENT_3D('',#4029,#4030,#4031);
#4029=CARTESIAN_POINT('',(2.82,-1.26641016151378,6.12679491924311));
#4030=DIRECTION('',(0.965925826289069,-1.8151898764984E-016,0.258819045102519));
#4031=DIRECTION('',(3.76053679555885E-032,1.,7.01335512531312E-016));
#4032=FACE_BOUND('',#4033,.T.);
#4033=EDGE_LOOP('',(#5816,#5817,#5818,#5819));
#4034=PLANE('',#4035);
#4035=AXIS2_PLACEMENT_3D('',#4036,#4037,#4038);
#4036=CARTESIAN_POINT('',(1.23358983848622,-0.32,6.12679491924311));
#4037=DIRECTION('',(0.,-0.965925826289068,0.258819045102522));
#4038=DIRECTION('',(1.,0.,0.));
#4039=FACE_BOUND('',#4040,.T.);
#4040=EDGE_LOOP('',(#5820,#5821,#5822,#5823));
#4041=PLANE('',#4042);
#4042=AXIS2_PLACEMENT_3D('',#4043,#4044,#4045);
#4043=CARTESIAN_POINT('',(2.18,1.26641016151378,6.12679491924311));
#4044=DIRECTION('',(-0.965925826289069,1.8151898764984E-016,0.258819045102519));
#4045=DIRECTION('',(-3.76053679555885E-032,-1.,7.01335512531312E-016));
#4046=FACE_BOUND('',#4047,.T.);
#4047=EDGE_LOOP('',(#5824,#5825,#5826,#5827));
#4048=PLANE('',#4049);
#4049=AXIS2_PLACEMENT_3D('',#4050,#4051,#4052);
#4050=CARTESIAN_POINT('',(6.26641016151378,0.32,6.12679491924311));
#4051=DIRECTION('',(0.,0.965925826289068,0.258819045102522));
#4052=DIRECTION('',(-1.,0.,0.));
#4053=FACE_BOUND('',#4054,.T.);
#4054=EDGE_LOOP('',(#5828,#5829,#5830,#5831));
#4055=PLANE('',#4056);
#4056=AXIS2_PLACEMENT_3D('',#4057,#4058,#4059);
#4057=CARTESIAN_POINT('',(5.32,-1.26641016151378,6.12679491924311));
#4058=DIRECTION('',(0.965925826289069,-1.81518987649839E-016,0.258819045102518));
#4059=DIRECTION('',(-3.76053679555885E-032,1.,7.01335512531312E-016));
#4060=FACE_BOUND('',#4061,.T.);
#4061=EDGE_LOOP('',(#5832,#5833,#5834,#5835));
#4062=PLANE('',#4063);
#4063=AXIS2_PLACEMENT_3D('',#4064,#4065,#4066);
#4064=CARTESIAN_POINT('',(3.73358983848622,-0.32,6.12679491924311));
#4065=DIRECTION('',(0.,-0.965925826289068,0.258819045102522));
#4066=DIRECTION('',(1.,0.,0.));
#4067=FACE_BOUND('',#4068,.T.);
#4068=EDGE_LOOP('',(#5836,#5837,#5838,#5839));
#4069=PLANE('',#4070);
#4070=AXIS2_PLACEMENT_3D('',#4071,#4072,#4073);
#4071=CARTESIAN_POINT('',(4.68,1.26641016151378,6.12679491924311));
#4072=DIRECTION('',(-0.965925826289069,1.81518987649839E-016,0.258819045102518));
#4073=DIRECTION('',(3.76053679555885E-032,-1.,7.01335512531312E-016));
#4074=FACE_BOUND('',#4075,.T.);
#4075=EDGE_LOOP('',(#5840,#5841,#5842,#5843));
#4076=PLANE('',#4077);
#4077=AXIS2_PLACEMENT_3D('',#4078,#4079,#4080);
#4078=CARTESIAN_POINT('',(8.76641016151378,0.32,6.12679491924311));
#4079=DIRECTION('',(0.,0.965925826289068,0.258819045102522));
#4080=DIRECTION('',(-1.,0.,0.));
#4081=FACE_BOUND('',#4082,.T.);
#4082=EDGE_LOOP('',(#5844,#5845,#5846,#5847));
#4083=PLANE('',#4084);
#4084=AXIS2_PLACEMENT_3D('',#4085,#4086,#4087);
#4085=CARTESIAN_POINT('',(7.82,-1.26641016151378,6.12679491924311));
#4086=DIRECTION('',(0.965925826289069,-1.81518987649839E-016,0.258819045102518));
#4087=DIRECTION('',(-3.76053679555885E-032,1.,7.01335512531312E-016));
#4088=FACE_BOUND('',#4089,.T.);
#4089=EDGE_LOOP('',(#5848,#5849,#5850,#5851));
#4090=PLANE('',#4091);
#4091=AXIS2_PLACEMENT_3D('',#4092,#4093,#4094);
#4092=CARTESIAN_POINT('',(6.23358983848622,-0.32,6.12679491924311));
#4093=DIRECTION('',(0.,-0.965925826289068,0.258819045102522));
#4094=DIRECTION('',(1.,0.,0.));
#4095=FACE_BOUND('',#4096,.T.);
#4096=EDGE_LOOP('',(#5852,#5853,#5854,#5855));
#4097=PLANE('',#4098);
#4098=AXIS2_PLACEMENT_3D('',#4099,#4100,#4101);
#4099=CARTESIAN_POINT('',(7.18,1.26641016151378,6.12679491924311));
#4100=DIRECTION('',(-0.965925826289069,1.81518987649839E-016,0.258819045102518));
#4101=DIRECTION('',(3.76053679555885E-032,-1.,7.01335512531312E-016));
#4102=FACE_BOUND('',#4103,.T.);
#4103=EDGE_LOOP('',(#5856,#5857,#5858,#5859));
#4104=PLANE('',#4105);
#4105=AXIS2_PLACEMENT_3D('',#4106,#4107,#4108);
#4106=CARTESIAN_POINT('',(11.2664101615138,0.32,6.12679491924311));
#4107=DIRECTION('',(1.8151898764984E-016,0.965925826289069,0.25881904510252));
#4108=DIRECTION('',(-1.,0.,7.01335512531312E-016));
#4109=FACE_BOUND('',#4110,.T.);
#4110=EDGE_LOOP('',(#5860,#5861,#5862,#5863));
#4111=PLANE('',#4112);
#4112=AXIS2_PLACEMENT_3D('',#4113,#4114,#4115);
#4113=CARTESIAN_POINT('',(10.32,-1.26641016151378,6.12679491924311));
#4114=DIRECTION('',(0.965925826289069,-1.81518987649839E-016,0.258819045102518));
#4115=DIRECTION('',(-3.76053679555885E-032,1.,7.01335512531312E-016));
#4116=FACE_BOUND('',#4117,.T.);
#4117=EDGE_LOOP('',(#5864,#5865,#5866,#5867));
#4118=PLANE('',#4119);
#4119=AXIS2_PLACEMENT_3D('',#4120,#4121,#4122);
#4120=CARTESIAN_POINT('',(8.73358983848622,-0.32,6.12679491924311));
#4121=DIRECTION('',(-1.8151898764984E-016,-0.965925826289069,0.25881904510252));
#4122=DIRECTION('',(1.,0.,7.01335512531312E-016));
#4123=FACE_BOUND('',#4124,.T.);
#4124=EDGE_LOOP('',(#5868,#5869,#5870,#5871));
#4125=PLANE('',#4126);
#4126=AXIS2_PLACEMENT_3D('',#4127,#4128,#4129);
#4127=CARTESIAN_POINT('',(9.68,1.26641016151378,6.12679491924311));
#4128=DIRECTION('',(-0.965925826289069,1.81518987649839E-016,0.258819045102518));
#4129=DIRECTION('',(3.76053679555885E-032,-1.,7.01335512531312E-016));
#4130=FACE_BOUND('',#4131,.T.);
#4131=EDGE_LOOP('',(#5872,#5873,#5874,#5875));
#4132=PLANE('',#4133);
#4133=AXIS2_PLACEMENT_3D('',#4134,#4135,#4136);
#4134=CARTESIAN_POINT('',(13.7664101615138,0.32,6.12679491924311));
#4135=DIRECTION('',(1.8151898764984E-016,0.965925826289069,0.25881904510252));
#4136=DIRECTION('',(-1.,0.,7.01335512531312E-016));
#4137=FACE_BOUND('',#4138,.T.);
#4138=EDGE_LOOP('',(#5876,#5877,#5878,#5879));
#4139=PLANE('',#4140);
#4140=AXIS2_PLACEMENT_3D('',#4141,#4142,#4143);
#4141=CARTESIAN_POINT('',(12.82,-1.26641016151378,6.12679491924311));
#4142=DIRECTION('',(0.965925826289069,-1.81518987649839E-016,0.258819045102518));
#4143=DIRECTION('',(-3.76053679555885E-032,1.,7.01335512531312E-016));
#4144=FACE_BOUND('',#4145,.T.);
#4145=EDGE_LOOP('',(#5880,#5881,#5882,#5883));
#4146=PLANE('',#4147);
#4147=AXIS2_PLACEMENT_3D('',#4148,#4149,#4150);
#4148=CARTESIAN_POINT('',(11.2335898384862,-0.32,6.12679491924311));
#4149=DIRECTION('',(-1.8151898764984E-016,-0.965925826289069,0.25881904510252));
#4150=DIRECTION('',(1.,0.,7.01335512531312E-016));
#4151=FACE_BOUND('',#4152,.T.);
#4152=EDGE_LOOP('',(#5884,#5885,#5886,#5887));
#4153=PLANE('',#4154);
#4154=AXIS2_PLACEMENT_3D('',#4155,#4156,#4157);
#4155=CARTESIAN_POINT('',(12.18,1.26641016151378,6.12679491924311));
#4156=DIRECTION('',(-0.965925826289069,1.81518987649839E-016,0.258819045102518));
#4157=DIRECTION('',(3.76053679555885E-032,-1.,7.01335512531312E-016));
#4158=FACE_BOUND('',#4159,.T.);
#4159=EDGE_LOOP('',(#5888,#5889,#5890,#5891));
#4160=PLANE('',#4161);
#4161=AXIS2_PLACEMENT_3D('',#4162,#4163,#4164);
#4162=CARTESIAN_POINT('',(16.2664101615138,0.32,6.12679491924311));
#4163=DIRECTION('',(1.8151898764984E-016,0.965925826289069,0.25881904510252));
#4164=DIRECTION('',(-1.,0.,7.01335512531312E-016));
#4165=FACE_BOUND('',#4166,.T.);
#4166=EDGE_LOOP('',(#5892,#5893,#5894,#5895));
#4167=PLANE('',#4168);
#4168=AXIS2_PLACEMENT_3D('',#4169,#4170,#4171);
#4169=CARTESIAN_POINT('',(15.32,-1.26641016151378,6.12679491924311));
#4170=DIRECTION('',(0.965925826289069,-1.81518987649839E-016,0.258819045102518));
#4171=DIRECTION('',(-3.76053679555885E-032,1.,7.01335512531312E-016));
#4172=FACE_BOUND('',#4173,.T.);
#4173=EDGE_LOOP('',(#5896,#5897,#5898,#5899));
#4174=PLANE('',#4175);
#4175=AXIS2_PLACEMENT_3D('',#4176,#4177,#4178);
#4176=CARTESIAN_POINT('',(13.7335898384862,-0.32,6.12679491924311));
#4177=DIRECTION('',(-1.8151898764984E-016,-0.965925826289069,0.25881904510252));
#4178=DIRECTION('',(1.,0.,7.01335512531312E-016));
#4179=FACE_BOUND('',#4180,.T.);
#4180=EDGE_LOOP('',(#5900,#5901,#5902,#5903));
#4181=PLANE('',#4182);
#4182=AXIS2_PLACEMENT_3D('',#4183,#4184,#4185);
#4183=CARTESIAN_POINT('',(14.68,1.26641016151378,6.12679491924311));
#4184=DIRECTION('',(-0.965925826289069,1.81518987649839E-016,0.258819045102518));
#4185=DIRECTION('',(3.76053679555885E-032,-1.,7.01335512531312E-016));
#4186=FACE_BOUND('',#4187,.T.);
#4187=EDGE_LOOP('',(#5904,#5905,#5906,#5907));
#4188=PLANE('',#4189);
#4189=AXIS2_PLACEMENT_3D('',#4190,#4191,#4192);
#4190=CARTESIAN_POINT('',(18.7664101615138,0.32,6.12679491924311));
#4191=DIRECTION('',(1.8151898764984E-016,0.965925826289069,0.25881904510252));
#4192=DIRECTION('',(-1.,0.,7.01335512531312E-016));
#4193=FACE_BOUND('',#4194,.T.);
#4194=EDGE_LOOP('',(#5908,#5909,#5910,#5911));
#4195=PLANE('',#4196);
#4196=AXIS2_PLACEMENT_3D('',#4197,#4198,#4199);
#4197=CARTESIAN_POINT('',(17.82,-1.26641016151378,6.12679491924311));
#4198=DIRECTION('',(0.965925826289068,-1.81518987649842E-016,0.258819045102522));
#4199=DIRECTION('',(-3.76053679555885E-032,1.,7.01335512531312E-016));
#4200=FACE_BOUND('',#4201,.T.);
#4201=EDGE_LOOP('',(#5912,#5913,#5914,#5915));
#4202=PLANE('',#4203);
#4203=AXIS2_PLACEMENT_3D('',#4204,#4205,#4206);
#4204=CARTESIAN_POINT('',(16.2335898384862,-0.32,6.12679491924311));
#4205=DIRECTION('',(-1.8151898764984E-016,-0.965925826289069,0.25881904510252));
#4206=DIRECTION('',(1.,0.,7.01335512531312E-016));
#4207=FACE_BOUND('',#4208,.T.);
#4208=EDGE_LOOP('',(#5916,#5917,#5918,#5919));
#4209=PLANE('',#4210);
#4210=AXIS2_PLACEMENT_3D('',#4211,#4212,#4213);
#4211=CARTESIAN_POINT('',(17.18,1.26641016151378,6.12679491924311));
#4212=DIRECTION('',(-0.965925826289068,1.81518987649842E-016,0.258819045102522));
#4213=DIRECTION('',(3.76053679555885E-032,-1.,7.01335512531312E-016));
#4214=FACE_BOUND('',#4215,.T.);
#4215=EDGE_LOOP('',(#5920,#5921,#5922,#5923));
#4216=PLANE('',#4217);
#4217=AXIS2_PLACEMENT_3D('',#4218,#4219,#4220);
#4218=CARTESIAN_POINT('',(21.2664101615138,0.32,6.12679491924311));
#4219=DIRECTION('',(1.8151898764984E-016,0.965925826289069,0.25881904510252));
#4220=DIRECTION('',(-1.,0.,7.01335512531312E-016));
#4221=FACE_BOUND('',#4222,.T.);
#4222=EDGE_LOOP('',(#5924,#5925,#5926,#5927));
#4223=PLANE('',#4224);
#4224=AXIS2_PLACEMENT_3D('',#4225,#4226,#4227);
#4225=CARTESIAN_POINT('',(20.32,-1.26641016151378,6.12679491924311));
#4226=DIRECTION('',(0.965925826289068,-1.81518987649842E-016,0.258819045102522));
#4227=DIRECTION('',(-3.76053679555885E-032,1.,7.01335512531312E-016));
#4228=FACE_BOUND('',#4229,.T.);
#4229=EDGE_LOOP('',(#5928,#5929,#5930,#5931));
#4230=PLANE('',#4231);
#4231=AXIS2_PLACEMENT_3D('',#4232,#4233,#4234);
#4232=CARTESIAN_POINT('',(18.7335898384862,-0.32,6.12679491924311));
#4233=DIRECTION('',(-1.8151898764984E-016,-0.965925826289069,0.25881904510252));
#4234=DIRECTION('',(1.,0.,7.01335512531312E-016));
#4235=FACE_BOUND('',#4236,.T.);
#4236=EDGE_LOOP('',(#5932,#5933,#5934,#5935));
#4237=PLANE('',#4238);
#4238=AXIS2_PLACEMENT_3D('',#4239,#4240,#4241);
#4239=CARTESIAN_POINT('',(19.68,1.26641016151378,6.12679491924311));
#4240=DIRECTION('',(-0.965925826289068,1.81518987649842E-016,0.258819045102522));
#4241=DIRECTION('',(3.76053679555885E-032,-1.,7.01335512531312E-016));
#4242=FACE_BOUND('',#4243,.T.);
#4243=EDGE_LOOP('',(#5936,#5937,#5938,#5939));
#4244=PLANE('',#4245);
#4245=AXIS2_PLACEMENT_3D('',#4246,#4247,#4248);
#4246=CARTESIAN_POINT('',(23.7664101615138,0.32,6.12679491924311));
#4247=DIRECTION('',(1.8151898764984E-016,0.965925826289069,0.25881904510252));
#4248=DIRECTION('',(-1.,0.,7.01335512531312E-016));
#4249=FACE_BOUND('',#4250,.T.);
#4250=EDGE_LOOP('',(#5940,#5941,#5942,#5943));
#4251=PLANE('',#4252);
#4252=AXIS2_PLACEMENT_3D('',#4253,#4254,#4255);
#4253=CARTESIAN_POINT('',(22.82,-1.26641016151378,6.12679491924311));
#4254=DIRECTION('',(0.965925826289068,-1.81518987649842E-016,0.258819045102522));
#4255=DIRECTION('',(-3.76053679555885E-032,1.,7.01335512531312E-016));
#4256=FACE_BOUND('',#4257,.T.);
#4257=EDGE_LOOP('',(#5944,#5945,#5946,#5947));
#4258=PLANE('',#4259);
#4259=AXIS2_PLACEMENT_3D('',#4260,#4261,#4262);
#4260=CARTESIAN_POINT('',(21.2335898384862,-0.32,6.12679491924311));
#4261=DIRECTION('',(-1.8151898764984E-016,-0.965925826289069,0.25881904510252));
#4262=DIRECTION('',(1.,0.,7.01335512531312E-016));
#4263=FACE_BOUND('',#4264,.T.);
#4264=EDGE_LOOP('',(#5948,#5949,#5950,#5951));
#4265=PLANE('',#4266);
#4266=AXIS2_PLACEMENT_3D('',#4267,#4268,#4269);
#4267=CARTESIAN_POINT('',(22.18,1.26641016151378,6.12679491924311));
#4268=DIRECTION('',(-0.965925826289068,1.81518987649842E-016,0.258819045102522));
#4269=DIRECTION('',(3.76053679555885E-032,-1.,7.01335512531312E-016));
#4270=FACE_BOUND('',#4271,.T.);
#4271=EDGE_LOOP('',(#5952,#5953,#5954,#5955));
#4272=PLANE('',#4273);
#4273=AXIS2_PLACEMENT_3D('',#4274,#4275,#4276);
#4274=CARTESIAN_POINT('',(26.2664101615138,0.32,6.12679491924311));
#4275=DIRECTION('',(1.8151898764984E-016,0.965925826289069,0.25881904510252));
#4276=DIRECTION('',(-1.,0.,7.01335512531312E-016));
#4277=FACE_BOUND('',#4278,.T.);
#4278=EDGE_LOOP('',(#5956,#5957,#5958,#5959));
#4279=PLANE('',#4280);
#4280=AXIS2_PLACEMENT_3D('',#4281,#4282,#4283);
#4281=CARTESIAN_POINT('',(25.32,-1.26641016151378,6.12679491924311));
#4282=DIRECTION('',(0.965925826289068,-1.81518987649842E-016,0.258819045102522));
#4283=DIRECTION('',(-3.76053679555885E-032,1.,7.01335512531312E-016));
#4284=FACE_BOUND('',#4285,.T.);
#4285=EDGE_LOOP('',(#5960,#5961,#5962,#5963));
#4286=PLANE('',#4287);
#4287=AXIS2_PLACEMENT_3D('',#4288,#4289,#4290);
#4288=CARTESIAN_POINT('',(23.7335898384862,-0.32,6.12679491924311));
#4289=DIRECTION('',(-1.8151898764984E-016,-0.965925826289069,0.25881904510252));
#4290=DIRECTION('',(1.,0.,7.01335512531312E-016));
#4291=FACE_BOUND('',#4292,.T.);
#4292=EDGE_LOOP('',(#5964,#5965,#5966,#5967));
#4293=PLANE('',#4294);
#4294=AXIS2_PLACEMENT_3D('',#4295,#4296,#4297);
#4295=CARTESIAN_POINT('',(24.68,1.26641016151378,6.12679491924311));
#4296=DIRECTION('',(-0.965925826289068,1.81518987649842E-016,0.258819045102522));
#4297=DIRECTION('',(3.76053679555885E-032,-1.,7.01335512531312E-016));
#4298=FACE_BOUND('',#4299,.T.);
#4299=EDGE_LOOP('',(#5968,#5969,#5970,#5971));
#4300=PLANE('',#4301);
#4301=AXIS2_PLACEMENT_3D('',#4302,#4303,#4304);
#4302=CARTESIAN_POINT('',(28.7664101615138,0.32,6.12679491924311));
#4303=DIRECTION('',(1.8151898764984E-016,0.965925826289069,0.25881904510252));
#4304=DIRECTION('',(-1.,0.,7.01335512531312E-016));
#4305=FACE_BOUND('',#4306,.T.);
#4306=EDGE_LOOP('',(#5972,#5973,#5974,#5975));
#4307=PLANE('',#4308);
#4308=AXIS2_PLACEMENT_3D('',#4309,#4310,#4311);
#4309=CARTESIAN_POINT('',(27.82,-1.26641016151378,6.12679491924311));
#4310=DIRECTION('',(0.965925826289068,-1.81518987649842E-016,0.258819045102522));
#4311=DIRECTION('',(-3.76053679555885E-032,1.,7.01335512531312E-016));
#4312=FACE_BOUND('',#4313,.T.);
#4313=EDGE_LOOP('',(#5976,#5977,#5978,#5979));
#4314=PLANE('',#4315);
#4315=AXIS2_PLACEMENT_3D('',#4316,#4317,#4318);
#4316=CARTESIAN_POINT('',(26.2335898384862,-0.32,6.12679491924311));
#4317=DIRECTION('',(-1.8151898764984E-016,-0.965925826289069,0.25881904510252));
#4318=DIRECTION('',(1.,0.,7.01335512531312E-016));
#4319=FACE_BOUND('',#4320,.T.);
#4320=EDGE_LOOP('',(#5980,#5981,#5982,#5983));
#4321=PLANE('',#4322);
#4322=AXIS2_PLACEMENT_3D('',#4323,#4324,#4325);
#4323=CARTESIAN_POINT('',(27.18,1.26641016151378,6.12679491924311));
#4324=DIRECTION('',(-0.965925826289068,1.81518987649842E-016,0.258819045102522));
#4325=DIRECTION('',(3.76053679555885E-032,-1.,7.01335512531312E-016));
#4326=FACE_BOUND('',#4327,.T.);
#4327=EDGE_LOOP('',(#5984,#5985,#5986,#5987));
#4328=PLANE('',#4329);
#4329=AXIS2_PLACEMENT_3D('',#4330,#4331,#4332);
#4330=CARTESIAN_POINT('',(1.26641016151378,0.32,6.12679491924311));
#4331=DIRECTION('',(0.,0.965925826289068,0.258819045102522));
#4332=DIRECTION('',(-1.,0.,0.));
#4333=FACE_BOUND('',#4334,.T.);
#4334=EDGE_LOOP('',(#5988,#5989,#5990,#5991));
#4335=PLANE('',#4336);
#4336=AXIS2_PLACEMENT_3D('',#4337,#4338,#4339);
#4337=CARTESIAN_POINT('',(0.32,-1.26641016151378,6.12679491924311));
#4338=DIRECTION('',(0.965925826289069,-1.8151898764984E-016,0.258819045102519));
#4339=DIRECTION('',(3.76053679555885E-032,1.,7.01335512531312E-016));
#4340=FACE_BOUND('',#4341,.T.);
#4341=EDGE_LOOP('',(#5992,#5993,#5994,#5995));
#4342=PLANE('',#4343);
#4343=AXIS2_PLACEMENT_3D('',#4344,#4345,#4346);
#4344=CARTESIAN_POINT('',(-1.26641016151378,-0.32,6.12679491924311));
#4345=DIRECTION('',(0.,-0.965925826289068,0.258819045102522));
#4346=DIRECTION('',(1.,0.,0.));
#4347=FACE_BOUND('',#4348,.T.);
#4348=EDGE_LOOP('',(#5996,#5997,#5998,#5999));
#4349=PLANE('',#4350);
#4350=AXIS2_PLACEMENT_3D('',#4351,#4352,#4353);
#4351=CARTESIAN_POINT('',(-0.32,1.26641016151378,6.12679491924311));
#4352=DIRECTION('',(-0.965925826289069,1.8151898764984E-016,0.258819045102519));
#4353=DIRECTION('',(-3.76053679555885E-032,-1.,7.01335512531312E-016));
#4354=FACE_BOUND('',#4355,.T.);
#4355=EDGE_LOOP('',(#6000,#6001,#6002,#6003));
#4356=PLANE('',#4357);
#4357=AXIS2_PLACEMENT_3D('',#4358,#4359,#4360);
#4358=CARTESIAN_POINT('',(1.26641016151378,0.32,-3.12679491924311));
#4359=DIRECTION('',(0.,-0.965925826289068,0.258819045102521));
#4360=DIRECTION('',(-1.,0.,0.));
#4361=FACE_BOUND('',#4362,.T.);
#4362=EDGE_LOOP('',(#6004,#6005,#6006,#6007));
#4363=PLANE('',#4364);
#4364=AXIS2_PLACEMENT_3D('',#4365,#4366,#4367);
#4365=CARTESIAN_POINT('',(-0.32,1.26641016151378,-3.12679491924311));
#4366=DIRECTION('',(0.965925826289068,0.,0.258819045102521));
#4367=DIRECTION('',(0.,-1.,0.));
#4368=FACE_BOUND('',#4369,.T.);
#4369=EDGE_LOOP('',(#6008,#6009,#6010,#6011));
#4370=PLANE('',#4371);
#4371=AXIS2_PLACEMENT_3D('',#4372,#4373,#4374);
#4372=CARTESIAN_POINT('',(-1.26641016151378,-0.32,-3.12679491924311));
#4373=DIRECTION('',(-0.,0.965925826289068,0.258819045102521));
#4374=DIRECTION('',(1.,0.,0.));
#4375=FACE_BOUND('',#4376,.T.);
#4376=EDGE_LOOP('',(#6012,#6013,#6014,#6015));
#4377=PLANE('',#4378);
#4378=AXIS2_PLACEMENT_3D('',#4379,#4380,#4381);
#4379=CARTESIAN_POINT('',(0.32,-1.26641016151378,-3.12679491924311));
#4380=DIRECTION('',(-0.965925826289068,0.,0.258819045102521));
#4381=DIRECTION('',(0.,1.,0.));
#4382=FACE_BOUND('',#4383,.T.);
#4383=EDGE_LOOP('',(#6016,#6017,#6018,#6019));
#4384=PLANE('',#4385);
#4385=AXIS2_PLACEMENT_3D('',#4386,#4387,#4388);
#4386=CARTESIAN_POINT('',(3.76641016151378,0.32,-3.12679491924311));
#4387=DIRECTION('',(0.,-0.965925826289068,0.258819045102521));
#4388=DIRECTION('',(-1.,0.,0.));
#4389=FACE_BOUND('',#4390,.T.);
#4390=EDGE_LOOP('',(#6020,#6021,#6022,#6023));
#4391=PLANE('',#4392);
#4392=AXIS2_PLACEMENT_3D('',#4393,#4394,#4395);
#4393=CARTESIAN_POINT('',(2.18,1.26641016151378,-3.12679491924311));
#4394=DIRECTION('',(0.965925826289068,0.,0.258819045102521));
#4395=DIRECTION('',(0.,-1.,0.));
#4396=FACE_BOUND('',#4397,.T.);
#4397=EDGE_LOOP('',(#6024,#6025,#6026,#6027));
#4398=PLANE('',#4399);
#4399=AXIS2_PLACEMENT_3D('',#4400,#4401,#4402);
#4400=CARTESIAN_POINT('',(1.23358983848622,-0.32,-3.12679491924311));
#4401=DIRECTION('',(-0.,0.965925826289068,0.258819045102521));
#4402=DIRECTION('',(1.,0.,0.));
#4403=FACE_BOUND('',#4404,.T.);
#4404=EDGE_LOOP('',(#6028,#6029,#6030,#6031));
#4405=PLANE('',#4406);
#4406=AXIS2_PLACEMENT_3D('',#4407,#4408,#4409);
#4407=CARTESIAN_POINT('',(2.82,-1.26641016151378,-3.12679491924311));
#4408=DIRECTION('',(-0.965925826289068,0.,0.258819045102521));
#4409=DIRECTION('',(0.,1.,0.));
#4410=FACE_BOUND('',#4411,.T.);
#4411=EDGE_LOOP('',(#6032,#6033,#6034,#6035));
#4412=PLANE('',#4413);
#4413=AXIS2_PLACEMENT_3D('',#4414,#4415,#4416);
#4414=CARTESIAN_POINT('',(6.26641016151378,0.32,-3.12679491924311));
#4415=DIRECTION('',(0.,-0.965925826289068,0.258819045102521));
#4416=DIRECTION('',(-1.,0.,0.));
#4417=FACE_BOUND('',#4418,.T.);
#4418=EDGE_LOOP('',(#6036,#6037,#6038,#6039));
#4419=PLANE('',#4420);
#4420=AXIS2_PLACEMENT_3D('',#4421,#4422,#4423);
#4421=CARTESIAN_POINT('',(4.68,1.26641016151378,-3.12679491924311));
#4422=DIRECTION('',(0.965925826289069,0.,0.25881904510252));
#4423=DIRECTION('',(0.,-1.,0.));
#4424=FACE_BOUND('',#4425,.T.);
#4425=EDGE_LOOP('',(#6040,#6041,#6042,#6043));
#4426=PLANE('',#4427);
#4427=AXIS2_PLACEMENT_3D('',#4428,#4429,#4430);
#4428=CARTESIAN_POINT('',(3.73358983848622,-0.32,-3.12679491924311));
#4429=DIRECTION('',(-0.,0.965925826289068,0.258819045102521));
#4430=DIRECTION('',(1.,0.,0.));
#4431=FACE_BOUND('',#4432,.T.);
#4432=EDGE_LOOP('',(#6044,#6045,#6046,#6047));
#4433=PLANE('',#4434);
#4434=AXIS2_PLACEMENT_3D('',#4435,#4436,#4437);
#4435=CARTESIAN_POINT('',(5.32,-1.26641016151378,-3.12679491924311));
#4436=DIRECTION('',(-0.965925826289069,0.,0.25881904510252));
#4437=DIRECTION('',(0.,1.,0.));
#4438=FACE_BOUND('',#4439,.T.);
#4439=EDGE_LOOP('',(#6048,#6049,#6050,#6051));
#4440=PLANE('',#4441);
#4441=AXIS2_PLACEMENT_3D('',#4442,#4443,#4444);
#4442=CARTESIAN_POINT('',(8.76641016151378,0.32,-3.12679491924311));
#4443=DIRECTION('',(0.,-0.965925826289068,0.258819045102521));
#4444=DIRECTION('',(-1.,0.,0.));
#4445=FACE_BOUND('',#4446,.T.);
#4446=EDGE_LOOP('',(#6052,#6053,#6054,#6055));
#4447=PLANE('',#4448);
#4448=AXIS2_PLACEMENT_3D('',#4449,#4450,#4451);
#4449=CARTESIAN_POINT('',(7.18,1.26641016151378,-3.12679491924311));
#4450=DIRECTION('',(0.965925826289069,0.,0.25881904510252));
#4451=DIRECTION('',(0.,-1.,0.));
#4452=FACE_BOUND('',#4453,.T.);
#4453=EDGE_LOOP('',(#6056,#6057,#6058,#6059));
#4454=PLANE('',#4455);
#4455=AXIS2_PLACEMENT_3D('',#4456,#4457,#4458);
#4456=CARTESIAN_POINT('',(6.23358983848622,-0.32,-3.12679491924311));
#4457=DIRECTION('',(-0.,0.965925826289068,0.258819045102521));
#4458=DIRECTION('',(1.,0.,0.));
#4459=FACE_BOUND('',#4460,.T.);
#4460=EDGE_LOOP('',(#6060,#6061,#6062,#6063));
#4461=PLANE('',#4462);
#4462=AXIS2_PLACEMENT_3D('',#4463,#4464,#4465);
#4463=CARTESIAN_POINT('',(7.82,-1.26641016151378,-3.12679491924311));
#4464=DIRECTION('',(-0.965925826289069,0.,0.25881904510252));
#4465=DIRECTION('',(0.,1.,0.));
#4466=FACE_BOUND('',#4467,.T.);
#4467=EDGE_LOOP('',(#6064,#6065,#6066,#6067));
#4468=PLANE('',#4469);
#4469=AXIS2_PLACEMENT_3D('',#4470,#4471,#4472);
#4470=CARTESIAN_POINT('',(11.2664101615138,0.32,-3.12679491924311));
#4471=DIRECTION('',(0.,-0.965925826289068,0.258819045102521));
#4472=DIRECTION('',(-1.,0.,0.));
#4473=FACE_BOUND('',#4474,.T.);
#4474=EDGE_LOOP('',(#6068,#6069,#6070,#6071));
#4475=PLANE('',#4476);
#4476=AXIS2_PLACEMENT_3D('',#4477,#4478,#4479);
#4477=CARTESIAN_POINT('',(9.68,1.26641016151378,-3.12679491924311));
#4478=DIRECTION('',(0.965925826289069,0.,0.25881904510252));
#4479=DIRECTION('',(0.,-1.,0.));
#4480=FACE_BOUND('',#4481,.T.);
#4481=EDGE_LOOP('',(#6072,#6073,#6074,#6075));
#4482=PLANE('',#4483);
#4483=AXIS2_PLACEMENT_3D('',#4484,#4485,#4486);
#4484=CARTESIAN_POINT('',(8.73358983848622,-0.32,-3.12679491924311));
#4485=DIRECTION('',(-0.,0.965925826289068,0.258819045102521));
#4486=DIRECTION('',(1.,0.,0.));
#4487=FACE_BOUND('',#4488,.T.);
#4488=EDGE_LOOP('',(#6076,#6077,#6078,#6079));
#4489=PLANE('',#4490);
#4490=AXIS2_PLACEMENT_3D('',#4491,#4492,#4493);
#4491=CARTESIAN_POINT('',(10.32,-1.26641016151378,-3.12679491924311));
#4492=DIRECTION('',(-0.965925826289069,0.,0.25881904510252));
#4493=DIRECTION('',(0.,1.,0.));
#4494=FACE_BOUND('',#4495,.T.);
#4495=EDGE_LOOP('',(#6080,#6081,#6082,#6083));
#4496=PLANE('',#4497);
#4497=AXIS2_PLACEMENT_3D('',#4498,#4499,#4500);
#4498=CARTESIAN_POINT('',(13.7664101615138,0.32,-3.12679491924311));
#4499=DIRECTION('',(0.,-0.965925826289068,0.258819045102521));
#4500=DIRECTION('',(-1.,0.,0.));
#4501=FACE_BOUND('',#4502,.T.);
#4502=EDGE_LOOP('',(#6084,#6085,#6086,#6087));
#4503=PLANE('',#4504);
#4504=AXIS2_PLACEMENT_3D('',#4505,#4506,#4507);
#4505=CARTESIAN_POINT('',(12.18,1.26641016151378,-3.12679491924311));
#4506=DIRECTION('',(0.965925826289069,0.,0.25881904510252));
#4507=DIRECTION('',(0.,-1.,0.));
#4508=FACE_BOUND('',#4509,.T.);
#4509=EDGE_LOOP('',(#6088,#6089,#6090,#6091));
#4510=PLANE('',#4511);
#4511=AXIS2_PLACEMENT_3D('',#4512,#4513,#4514);
#4512=CARTESIAN_POINT('',(11.2335898384862,-0.32,-3.12679491924311));
#4513=DIRECTION('',(-0.,0.965925826289068,0.258819045102521));
#4514=DIRECTION('',(1.,0.,0.));
#4515=FACE_BOUND('',#4516,.T.);
#4516=EDGE_LOOP('',(#6092,#6093,#6094,#6095));
#4517=PLANE('',#4518);
#4518=AXIS2_PLACEMENT_3D('',#4519,#4520,#4521);
#4519=CARTESIAN_POINT('',(12.82,-1.26641016151378,-3.12679491924311));
#4520=DIRECTION('',(-0.965925826289069,0.,0.25881904510252));
#4521=DIRECTION('',(0.,1.,0.));
#4522=FACE_BOUND('',#4523,.T.);
#4523=EDGE_LOOP('',(#6096,#6097,#6098,#6099));
#4524=PLANE('',#4525);
#4525=AXIS2_PLACEMENT_3D('',#4526,#4527,#4528);
#4526=CARTESIAN_POINT('',(16.2664101615138,0.32,-3.12679491924311));
#4527=DIRECTION('',(0.,-0.965925826289068,0.258819045102521));
#4528=DIRECTION('',(-1.,0.,0.));
#4529=FACE_BOUND('',#4530,.T.);
#4530=EDGE_LOOP('',(#6100,#6101,#6102,#6103));
#4531=PLANE('',#4532);
#4532=AXIS2_PLACEMENT_3D('',#4533,#4534,#4535);
#4533=CARTESIAN_POINT('',(14.68,1.26641016151378,-3.12679491924311));
#4534=DIRECTION('',(0.965925826289069,0.,0.25881904510252));
#4535=DIRECTION('',(0.,-1.,0.));
#4536=FACE_BOUND('',#4537,.T.);
#4537=EDGE_LOOP('',(#6104,#6105,#6106,#6107));
#4538=PLANE('',#4539);
#4539=AXIS2_PLACEMENT_3D('',#4540,#4541,#4542);
#4540=CARTESIAN_POINT('',(13.7335898384862,-0.32,-3.12679491924311));
#4541=DIRECTION('',(-0.,0.965925826289068,0.258819045102521));
#4542=DIRECTION('',(1.,0.,0.));
#4543=FACE_BOUND('',#4544,.T.);
#4544=EDGE_LOOP('',(#6108,#6109,#6110,#6111));
#4545=PLANE('',#4546);
#4546=AXIS2_PLACEMENT_3D('',#4547,#4548,#4549);
#4547=CARTESIAN_POINT('',(15.32,-1.26641016151378,-3.12679491924311));
#4548=DIRECTION('',(-0.965925826289069,0.,0.25881904510252));
#4549=DIRECTION('',(0.,1.,0.));
#4550=FACE_BOUND('',#4551,.T.);
#4551=EDGE_LOOP('',(#6112,#6113,#6114,#6115));
#4552=PLANE('',#4553);
#4553=AXIS2_PLACEMENT_3D('',#4554,#4555,#4556);
#4554=CARTESIAN_POINT('',(18.7664101615138,0.32,-3.12679491924311));
#4555=DIRECTION('',(0.,-0.965925826289068,0.258819045102521));
#4556=DIRECTION('',(-1.,0.,0.));
#4557=FACE_BOUND('',#4558,.T.);
#4558=EDGE_LOOP('',(#6116,#6117,#6118,#6119));
#4559=PLANE('',#4560);
#4560=AXIS2_PLACEMENT_3D('',#4561,#4562,#4563);
#4561=CARTESIAN_POINT('',(17.18,1.26641016151378,-3.12679491924311));
#4562=DIRECTION('',(0.965925826289067,0.,0.258819045102524));
#4563=DIRECTION('',(0.,-1.,0.));
#4564=FACE_BOUND('',#4565,.T.);
#4565=EDGE_LOOP('',(#6120,#6121,#6122,#6123));
#4566=PLANE('',#4567);
#4567=AXIS2_PLACEMENT_3D('',#4568,#4569,#4570);
#4568=CARTESIAN_POINT('',(16.2335898384862,-0.32,-3.12679491924311));
#4569=DIRECTION('',(-0.,0.965925826289068,0.258819045102521));
#4570=DIRECTION('',(1.,0.,0.));
#4571=FACE_BOUND('',#4572,.T.);
#4572=EDGE_LOOP('',(#6124,#6125,#6126,#6127));
#4573=PLANE('',#4574);
#4574=AXIS2_PLACEMENT_3D('',#4575,#4576,#4577);
#4575=CARTESIAN_POINT('',(17.82,-1.26641016151378,-3.12679491924311));
#4576=DIRECTION('',(-0.965925826289067,0.,0.258819045102524));
#4577=DIRECTION('',(0.,1.,0.));
#4578=FACE_BOUND('',#4579,.T.);
#4579=EDGE_LOOP('',(#6128,#6129,#6130,#6131));
#4580=PLANE('',#4581);
#4581=AXIS2_PLACEMENT_3D('',#4582,#4583,#4584);
#4582=CARTESIAN_POINT('',(21.2664101615138,0.32,-3.12679491924311));
#4583=DIRECTION('',(0.,-0.965925826289068,0.258819045102521));
#4584=DIRECTION('',(-1.,0.,0.));
#4585=FACE_BOUND('',#4586,.T.);
#4586=EDGE_LOOP('',(#6132,#6133,#6134,#6135));
#4587=PLANE('',#4588);
#4588=AXIS2_PLACEMENT_3D('',#4589,#4590,#4591);
#4589=CARTESIAN_POINT('',(19.68,1.26641016151378,-3.12679491924311));
#4590=DIRECTION('',(0.965925826289067,0.,0.258819045102524));
#4591=DIRECTION('',(0.,-1.,0.));
#4592=FACE_BOUND('',#4593,.T.);
#4593=EDGE_LOOP('',(#6136,#6137,#6138,#6139));
#4594=PLANE('',#4595);
#4595=AXIS2_PLACEMENT_3D('',#4596,#4597,#4598);
#4596=CARTESIAN_POINT('',(18.7335898384862,-0.32,-3.12679491924311));
#4597=DIRECTION('',(-0.,0.965925826289068,0.258819045102521));
#4598=DIRECTION('',(1.,0.,0.));
#4599=FACE_BOUND('',#4600,.T.);
#4600=EDGE_LOOP('',(#6140,#6141,#6142,#6143));
#4601=PLANE('',#4602);
#4602=AXIS2_PLACEMENT_3D('',#4603,#4604,#4605);
#4603=CARTESIAN_POINT('',(20.32,-1.26641016151378,-3.12679491924311));
#4604=DIRECTION('',(-0.965925826289067,0.,0.258819045102524));
#4605=DIRECTION('',(0.,1.,0.));
#4606=FACE_BOUND('',#4607,.T.);
#4607=EDGE_LOOP('',(#6144,#6145,#6146,#6147));
#4608=PLANE('',#4609);
#4609=AXIS2_PLACEMENT_3D('',#4610,#4611,#4612);
#4610=CARTESIAN_POINT('',(23.7664101615138,0.32,-3.12679491924311));
#4611=DIRECTION('',(0.,-0.965925826289068,0.258819045102521));
#4612=DIRECTION('',(-1.,0.,0.));
#4613=FACE_BOUND('',#4614,.T.);
#4614=EDGE_LOOP('',(#6148,#6149,#6150,#6151));
#4615=PLANE('',#4616);
#4616=AXIS2_PLACEMENT_3D('',#4617,#4618,#4619);
#4617=CARTESIAN_POINT('',(22.18,1.26641016151378,-3.12679491924311));
#4618=DIRECTION('',(0.965925826289067,0.,0.258819045102524));
#4619=DIRECTION('',(0.,-1.,0.));
#4620=FACE_BOUND('',#4621,.T.);
#4621=EDGE_LOOP('',(#6152,#6153,#6154,#6155));
#4622=PLANE('',#4623);
#4623=AXIS2_PLACEMENT_3D('',#4624,#4625,#4626);
#4624=CARTESIAN_POINT('',(21.2335898384862,-0.32,-3.12679491924311));
#4625=DIRECTION('',(-0.,0.965925826289068,0.258819045102521));
#4626=DIRECTION('',(1.,0.,0.));
#4627=FACE_BOUND('',#4628,.T.);
#4628=EDGE_LOOP('',(#6156,#6157,#6158,#6159));
#4629=PLANE('',#4630);
#4630=AXIS2_PLACEMENT_3D('',#4631,#4632,#4633);
#4631=CARTESIAN_POINT('',(22.82,-1.26641016151378,-3.12679491924311));
#4632=DIRECTION('',(-0.965925826289067,0.,0.258819045102524));
#4633=DIRECTION('',(0.,1.,0.));
#4634=FACE_BOUND('',#4635,.T.);
#4635=EDGE_LOOP('',(#6160,#6161,#6162,#6163));
#4636=PLANE('',#4637);
#4637=AXIS2_PLACEMENT_3D('',#4638,#4639,#4640);
#4638=CARTESIAN_POINT('',(26.2664101615138,0.32,-3.12679491924311));
#4639=DIRECTION('',(0.,-0.965925826289068,0.258819045102521));
#4640=DIRECTION('',(-1.,0.,0.));
#4641=FACE_BOUND('',#4642,.T.);
#4642=EDGE_LOOP('',(#6164,#6165,#6166,#6167));
#4643=PLANE('',#4644);
#4644=AXIS2_PLACEMENT_3D('',#4645,#4646,#4647);
#4645=CARTESIAN_POINT('',(24.68,1.26641016151378,-3.12679491924311));
#4646=DIRECTION('',(0.965925826289067,0.,0.258819045102524));
#4647=DIRECTION('',(0.,-1.,0.));
#4648=FACE_BOUND('',#4649,.T.);
#4649=EDGE_LOOP('',(#6168,#6169,#6170,#6171));
#4650=PLANE('',#4651);
#4651=AXIS2_PLACEMENT_3D('',#4652,#4653,#4654);
#4652=CARTESIAN_POINT('',(23.7335898384862,-0.32,-3.12679491924311));
#4653=DIRECTION('',(-0.,0.965925826289068,0.258819045102521));
#4654=DIRECTION('',(1.,0.,0.));
#4655=FACE_BOUND('',#4656,.T.);
#4656=EDGE_LOOP('',(#6172,#6173,#6174,#6175));
#4657=PLANE('',#4658);
#4658=AXIS2_PLACEMENT_3D('',#4659,#4660,#4661);
#4659=CARTESIAN_POINT('',(25.32,-1.26641016151378,-3.12679491924311));
#4660=DIRECTION('',(-0.965925826289067,0.,0.258819045102524));
#4661=DIRECTION('',(0.,1.,0.));
#4662=FACE_BOUND('',#4663,.T.);
#4663=EDGE_LOOP('',(#6176,#6177,#6178,#6179));
#4664=PLANE('',#4665);
#4665=AXIS2_PLACEMENT_3D('',#4666,#4667,#4668);
#4666=CARTESIAN_POINT('',(28.7664101615138,0.32,-3.12679491924311));
#4667=DIRECTION('',(0.,-0.965925826289068,0.258819045102521));
#4668=DIRECTION('',(-1.,0.,0.));
#4669=FACE_BOUND('',#4670,.T.);
#4670=EDGE_LOOP('',(#6180,#6181,#6182,#6183));
#4671=PLANE('',#4672);
#4672=AXIS2_PLACEMENT_3D('',#4673,#4674,#4675);
#4673=CARTESIAN_POINT('',(27.18,1.26641016151378,-3.12679491924311));
#4674=DIRECTION('',(0.965925826289067,0.,0.258819045102524));
#4675=DIRECTION('',(0.,-1.,0.));
#4676=FACE_BOUND('',#4677,.T.);
#4677=EDGE_LOOP('',(#6184,#6185,#6186,#6187));
#4678=PLANE('',#4679);
#4679=AXIS2_PLACEMENT_3D('',#4680,#4681,#4682);
#4680=CARTESIAN_POINT('',(26.2335898384862,-0.32,-3.12679491924311));
#4681=DIRECTION('',(-0.,0.965925826289068,0.258819045102521));
#4682=DIRECTION('',(1.,0.,0.));
#4683=FACE_BOUND('',#4684,.T.);
#4684=EDGE_LOOP('',(#6188,#6189,#6190,#6191));
#4685=PLANE('',#4686);
#4686=AXIS2_PLACEMENT_3D('',#4687,#4688,#4689);
#4687=CARTESIAN_POINT('',(27.82,-1.26641016151378,-3.12679491924311));
#4688=DIRECTION('',(-0.965925826289067,0.,0.258819045102524));
#4689=DIRECTION('',(0.,1.,0.));
#4690=FACE_BOUND('',#4691,.T.);
#4691=EDGE_LOOP('',(#6192,#6193,#6194,#6195));
#4692=PLANE('',#4693);
#4693=AXIS2_PLACEMENT_3D('',#4694,#4695,#4696);
#4694=CARTESIAN_POINT('',(2.5,0.,6.5));
#4695=DIRECTION('',(0.,0.,1.));
#4696=DIRECTION('',(1.,0.,0.));
#4697=FACE_BOUND('',#4698,.T.);
#4698=EDGE_LOOP('',(#6196,#6197,#6198,#6199));
#4699=PLANE('',#4700);
#4700=AXIS2_PLACEMENT_3D('',#4701,#4702,#4703);
#4701=CARTESIAN_POINT('',(5.,0.,6.5));
#4702=DIRECTION('',(0.,0.,1.));
#4703=DIRECTION('',(1.,0.,0.));
#4704=FACE_BOUND('',#4705,.T.);
#4705=EDGE_LOOP('',(#6200,#6201,#6202,#6203));
#4706=PLANE('',#4707);
#4707=AXIS2_PLACEMENT_3D('',#4708,#4709,#4710);
#4708=CARTESIAN_POINT('',(7.5,0.,6.5));
#4709=DIRECTION('',(0.,0.,1.));
#4710=DIRECTION('',(1.,0.,0.));
#4711=FACE_BOUND('',#4712,.T.);
#4712=EDGE_LOOP('',(#6204,#6205,#6206,#6207));
#4713=PLANE('',#4714);
#4714=AXIS2_PLACEMENT_3D('',#4715,#4716,#4717);
#4715=CARTESIAN_POINT('',(10.,0.,6.5));
#4716=DIRECTION('',(0.,0.,1.));
#4717=DIRECTION('',(1.,0.,0.));
#4718=FACE_BOUND('',#4719,.T.);
#4719=EDGE_LOOP('',(#6208,#6209,#6210,#6211));
#4720=PLANE('',#4721);
#4721=AXIS2_PLACEMENT_3D('',#4722,#4723,#4724);
#4722=CARTESIAN_POINT('',(12.5,0.,6.5));
#4723=DIRECTION('',(0.,0.,1.));
#4724=DIRECTION('',(1.,0.,0.));
#4725=FACE_BOUND('',#4726,.T.);
#4726=EDGE_LOOP('',(#6212,#6213,#6214,#6215));
#4727=PLANE('',#4728);
#4728=AXIS2_PLACEMENT_3D('',#4729,#4730,#4731);
#4729=CARTESIAN_POINT('',(15.,0.,6.5));
#4730=DIRECTION('',(0.,0.,1.));
#4731=DIRECTION('',(1.,0.,0.));
#4732=FACE_BOUND('',#4733,.T.);
#4733=EDGE_LOOP('',(#6216,#6217,#6218,#6219));
#4734=PLANE('',#4735);
#4735=AXIS2_PLACEMENT_3D('',#4736,#4737,#4738);
#4736=CARTESIAN_POINT('',(17.5,0.,6.5));
#4737=DIRECTION('',(0.,0.,1.));
#4738=DIRECTION('',(1.,0.,0.));
#4739=FACE_BOUND('',#4740,.T.);
#4740=EDGE_LOOP('',(#6220,#6221,#6222,#6223));
#4741=PLANE('',#4742);
#4742=AXIS2_PLACEMENT_3D('',#4743,#4744,#4745);
#4743=CARTESIAN_POINT('',(20.,0.,6.5));
#4744=DIRECTION('',(0.,0.,1.));
#4745=DIRECTION('',(1.,0.,0.));
#4746=FACE_BOUND('',#4747,.T.);
#4747=EDGE_LOOP('',(#6224,#6225,#6226,#6227));
#4748=PLANE('',#4749);
#4749=AXIS2_PLACEMENT_3D('',#4750,#4751,#4752);
#4750=CARTESIAN_POINT('',(22.5,0.,6.5));
#4751=DIRECTION('',(0.,0.,1.));
#4752=DIRECTION('',(1.,0.,0.));
#4753=FACE_BOUND('',#4754,.T.);
#4754=EDGE_LOOP('',(#6228,#6229,#6230,#6231));
#4755=PLANE('',#4756);
#4756=AXIS2_PLACEMENT_3D('',#4757,#4758,#4759);
#4757=CARTESIAN_POINT('',(25.,0.,6.5));
#4758=DIRECTION('',(0.,0.,1.));
#4759=DIRECTION('',(1.,0.,0.));
#4760=FACE_BOUND('',#4761,.T.);
#4761=EDGE_LOOP('',(#6232,#6233,#6234,#6235));
#4762=PLANE('',#4763);
#4763=AXIS2_PLACEMENT_3D('',#4764,#4765,#4766);
#4764=CARTESIAN_POINT('',(27.5,0.,6.5));
#4765=DIRECTION('',(0.,0.,1.));
#4766=DIRECTION('',(1.,0.,0.));
#4767=FACE_BOUND('',#4768,.T.);
#4768=EDGE_LOOP('',(#6236,#6237,#6238,#6239));
#4769=PLANE('',#4770);
#4770=AXIS2_PLACEMENT_3D('',#4771,#4772,#4773);
#4771=CARTESIAN_POINT('',(0.,0.,6.5));
#4772=DIRECTION('',(0.,0.,1.));
#4773=DIRECTION('',(1.,0.,0.));
#4774=FACE_BOUND('',#4775,.T.);
#4775=EDGE_LOOP('',(#6240,#6241,#6242,#6243));
#4776=PLANE('',#4777);
#4777=AXIS2_PLACEMENT_3D('',#4778,#4779,#4780);
#4778=CARTESIAN_POINT('',(0.,0.,-3.5));
#4779=DIRECTION('',(0.,0.,1.));
#4780=DIRECTION('',(1.,0.,0.));
#4781=FACE_BOUND('',#4782,.T.);
#4782=EDGE_LOOP('',(#6244,#6245,#6246,#6247));
#4783=PLANE('',#4784);
#4784=AXIS2_PLACEMENT_3D('',#4785,#4786,#4787);
#4785=CARTESIAN_POINT('',(2.5,0.,-3.5));
#4786=DIRECTION('',(0.,0.,1.));
#4787=DIRECTION('',(1.,0.,0.));
#4788=FACE_BOUND('',#4789,.T.);
#4789=EDGE_LOOP('',(#6248,#6249,#6250,#6251));
#4790=PLANE('',#4791);
#4791=AXIS2_PLACEMENT_3D('',#4792,#4793,#4794);
#4792=CARTESIAN_POINT('',(5.,0.,-3.5));
#4793=DIRECTION('',(0.,0.,1.));
#4794=DIRECTION('',(1.,0.,0.));
#4795=FACE_BOUND('',#4796,.T.);
#4796=EDGE_LOOP('',(#6252,#6253,#6254,#6255));
#4797=PLANE('',#4798);
#4798=AXIS2_PLACEMENT_3D('',#4799,#4800,#4801);
#4799=CARTESIAN_POINT('',(7.5,0.,-3.5));
#4800=DIRECTION('',(0.,0.,1.));
#4801=DIRECTION('',(1.,0.,0.));
#4802=FACE_BOUND('',#4803,.T.);
#4803=EDGE_LOOP('',(#6256,#6257,#6258,#6259));
#4804=PLANE('',#4805);
#4805=AXIS2_PLACEMENT_3D('',#4806,#4807,#4808);
#4806=CARTESIAN_POINT('',(10.,0.,-3.5));
#4807=DIRECTION('',(0.,0.,1.));
#4808=DIRECTION('',(1.,0.,0.));
#4809=FACE_BOUND('',#4810,.T.);
#4810=EDGE_LOOP('',(#6260,#6261,#6262,#6263));
#4811=PLANE('',#4812);
#4812=AXIS2_PLACEMENT_3D('',#4813,#4814,#4815);
#4813=CARTESIAN_POINT('',(12.5,0.,-3.5));
#4814=DIRECTION('',(0.,0.,1.));
#4815=DIRECTION('',(1.,0.,0.));
#4816=FACE_BOUND('',#4817,.T.);
#4817=EDGE_LOOP('',(#6264,#6265,#6266,#6267));
#4818=PLANE('',#4819);
#4819=AXIS2_PLACEMENT_3D('',#4820,#4821,#4822);
#4820=CARTESIAN_POINT('',(15.,0.,-3.5));
#4821=DIRECTION('',(0.,0.,1.));
#4822=DIRECTION('',(1.,0.,0.));
#4823=FACE_BOUND('',#4824,.T.);
#4824=EDGE_LOOP('',(#6268,#6269,#6270,#6271));
#4825=PLANE('',#4826);
#4826=AXIS2_PLACEMENT_3D('',#4827,#4828,#4829);
#4827=CARTESIAN_POINT('',(17.5,0.,-3.5));
#4828=DIRECTION('',(0.,0.,1.));
#4829=DIRECTION('',(1.,0.,0.));
#4830=FACE_BOUND('',#4831,.T.);
#4831=EDGE_LOOP('',(#6272,#6273,#6274,#6275));
#4832=PLANE('',#4833);
#4833=AXIS2_PLACEMENT_3D('',#4834,#4835,#4836);
#4834=CARTESIAN_POINT('',(20.,0.,-3.5));
#4835=DIRECTION('',(0.,0.,1.));
#4836=DIRECTION('',(1.,0.,0.));
#4837=FACE_BOUND('',#4838,.T.);
#4838=EDGE_LOOP('',(#6276,#6277,#6278,#6279));
#4839=PLANE('',#4840);
#4840=AXIS2_PLACEMENT_3D('',#4841,#4842,#4843);
#4841=CARTESIAN_POINT('',(22.5,0.,-3.5));
#4842=DIRECTION('',(0.,0.,1.));
#4843=DIRECTION('',(1.,0.,0.));
#4844=FACE_BOUND('',#4845,.T.);
#4845=EDGE_LOOP('',(#6280,#6281,#6282,#6283));
#4846=PLANE('',#4847);
#4847=AXIS2_PLACEMENT_3D('',#4848,#4849,#4850);
#4848=CARTESIAN_POINT('',(25.,0.,-3.5));
#4849=DIRECTION('',(0.,0.,1.));
#4850=DIRECTION('',(1.,0.,0.));
#4851=FACE_BOUND('',#4852,.T.);
#4852=EDGE_LOOP('',(#6284,#6285,#6286,#6287));
#4853=PLANE('',#4854);
#4854=AXIS2_PLACEMENT_3D('',#4855,#4856,#4857);
#4855=CARTESIAN_POINT('',(27.5,0.,-3.5));
#4856=DIRECTION('',(0.,0.,1.));
#4857=DIRECTION('',(1.,0.,0.));
#4858=ORIENTED_EDGE('',*,*,#6288,.T.);
#4859=ORIENTED_EDGE('',*,*,#6289,.T.);
#4860=ORIENTED_EDGE('',*,*,#6290,.T.);
#4861=ORIENTED_EDGE('',*,*,#6291,.T.);
#4862=ORIENTED_EDGE('',*,*,#6292,.T.);
#4863=ORIENTED_EDGE('',*,*,#6293,.T.);
#4864=ORIENTED_EDGE('',*,*,#6294,.F.);
#4865=ORIENTED_EDGE('',*,*,#6295,.F.);
#4866=ORIENTED_EDGE('',*,*,#6296,.T.);
#4867=ORIENTED_EDGE('',*,*,#6297,.F.);
#4868=ORIENTED_EDGE('',*,*,#6298,.F.);
#4869=ORIENTED_EDGE('',*,*,#6299,.T.);
#4870=ORIENTED_EDGE('',*,*,#6300,.T.);
#4871=ORIENTED_EDGE('',*,*,#6301,.F.);
#4872=ORIENTED_EDGE('',*,*,#6302,.F.);
#4873=ORIENTED_EDGE('',*,*,#6303,.T.);
#4874=ORIENTED_EDGE('',*,*,#6304,.T.);
#4875=ORIENTED_EDGE('',*,*,#6305,.T.);
#4876=ORIENTED_EDGE('',*,*,#6306,.T.);
#4877=ORIENTED_EDGE('',*,*,#6307,.T.);
#4878=ORIENTED_EDGE('',*,*,#6308,.T.);
#4879=ORIENTED_EDGE('',*,*,#6309,.F.);
#4880=ORIENTED_EDGE('',*,*,#6310,.T.);
#4881=ORIENTED_EDGE('',*,*,#6309,.T.);
#4882=ORIENTED_EDGE('',*,*,#6311,.T.);
#4883=ORIENTED_EDGE('',*,*,#6312,.T.);
#4884=ORIENTED_EDGE('',*,*,#6313,.T.);
#4885=ORIENTED_EDGE('',*,*,#6314,.T.);
#4886=ORIENTED_EDGE('',*,*,#6315,.T.);
#4887=ORIENTED_EDGE('',*,*,#6294,.T.);
#4888=ORIENTED_EDGE('',*,*,#6316,.T.);
#4889=ORIENTED_EDGE('',*,*,#6312,.F.);
#4890=ORIENTED_EDGE('',*,*,#6317,.T.);
#4891=ORIENTED_EDGE('',*,*,#6318,.T.);
#4892=ORIENTED_EDGE('',*,*,#6319,.T.);
#4893=ORIENTED_EDGE('',*,*,#6320,.T.);
#4894=ORIENTED_EDGE('',*,*,#6321,.T.);
#4895=ORIENTED_EDGE('',*,*,#6322,.T.);
#4896=ORIENTED_EDGE('',*,*,#6323,.F.);
#4897=ORIENTED_EDGE('',*,*,#6324,.F.);
#4898=ORIENTED_EDGE('',*,*,#6325,.F.);
#4899=ORIENTED_EDGE('',*,*,#6326,.T.);
#4900=ORIENTED_EDGE('',*,*,#6327,.T.);
#4901=ORIENTED_EDGE('',*,*,#6328,.T.);
#4902=ORIENTED_EDGE('',*,*,#6329,.T.);
#4903=ORIENTED_EDGE('',*,*,#6330,.T.);
#4904=ORIENTED_EDGE('',*,*,#6331,.T.);
#4905=ORIENTED_EDGE('',*,*,#6332,.T.);
#4906=ORIENTED_EDGE('',*,*,#6333,.T.);
#4907=ORIENTED_EDGE('',*,*,#6334,.T.);
#4908=ORIENTED_EDGE('',*,*,#6335,.T.);
#4909=ORIENTED_EDGE('',*,*,#6336,.T.);
#4910=ORIENTED_EDGE('',*,*,#6337,.T.);
#4911=ORIENTED_EDGE('',*,*,#6338,.T.);
#4912=ORIENTED_EDGE('',*,*,#6339,.T.);
#4913=ORIENTED_EDGE('',*,*,#6340,.T.);
#4914=ORIENTED_EDGE('',*,*,#6341,.T.);
#4915=ORIENTED_EDGE('',*,*,#6342,.T.);
#4916=ORIENTED_EDGE('',*,*,#6343,.T.);
#4917=ORIENTED_EDGE('',*,*,#6344,.T.);
#4918=ORIENTED_EDGE('',*,*,#6345,.T.);
#4919=ORIENTED_EDGE('',*,*,#6346,.T.);
#4920=ORIENTED_EDGE('',*,*,#6347,.T.);
#4921=ORIENTED_EDGE('',*,*,#6348,.T.);
#4922=ORIENTED_EDGE('',*,*,#6349,.T.);
#4923=ORIENTED_EDGE('',*,*,#6350,.T.);
#4924=ORIENTED_EDGE('',*,*,#6351,.T.);
#4925=ORIENTED_EDGE('',*,*,#6352,.T.);
#4926=ORIENTED_EDGE('',*,*,#6353,.T.);
#4927=ORIENTED_EDGE('',*,*,#6354,.T.);
#4928=ORIENTED_EDGE('',*,*,#6355,.T.);
#4929=ORIENTED_EDGE('',*,*,#6356,.T.);
#4930=ORIENTED_EDGE('',*,*,#6357,.T.);
#4931=ORIENTED_EDGE('',*,*,#6358,.T.);
#4932=ORIENTED_EDGE('',*,*,#6359,.T.);
#4933=ORIENTED_EDGE('',*,*,#6360,.T.);
#4934=ORIENTED_EDGE('',*,*,#6361,.T.);
#4935=ORIENTED_EDGE('',*,*,#6362,.T.);
#4936=ORIENTED_EDGE('',*,*,#6363,.T.);
#4937=ORIENTED_EDGE('',*,*,#6364,.T.);
#4938=ORIENTED_EDGE('',*,*,#6365,.T.);
#4939=ORIENTED_EDGE('',*,*,#6366,.T.);
#4940=ORIENTED_EDGE('',*,*,#6367,.T.);
#4941=ORIENTED_EDGE('',*,*,#6368,.T.);
#4942=ORIENTED_EDGE('',*,*,#6369,.T.);
#4943=ORIENTED_EDGE('',*,*,#6370,.T.);
#4944=ORIENTED_EDGE('',*,*,#6371,.T.);
#4945=ORIENTED_EDGE('',*,*,#6372,.T.);
#4946=ORIENTED_EDGE('',*,*,#6373,.T.);
#4947=ORIENTED_EDGE('',*,*,#6374,.T.);
#4948=ORIENTED_EDGE('',*,*,#6314,.F.);
#4949=ORIENTED_EDGE('',*,*,#6375,.T.);
#4950=ORIENTED_EDGE('',*,*,#6376,.T.);
#4951=ORIENTED_EDGE('',*,*,#6377,.T.);
#4952=ORIENTED_EDGE('',*,*,#6378,.T.);
#4953=ORIENTED_EDGE('',*,*,#6379,.T.);
#4954=ORIENTED_EDGE('',*,*,#6375,.F.);
#4955=ORIENTED_EDGE('',*,*,#6313,.F.);
#4956=ORIENTED_EDGE('',*,*,#6293,.F.);
#4957=ORIENTED_EDGE('',*,*,#6380,.T.);
#4958=ORIENTED_EDGE('',*,*,#6376,.F.);
#4959=ORIENTED_EDGE('',*,*,#6380,.F.);
#4960=ORIENTED_EDGE('',*,*,#6292,.F.);
#4961=ORIENTED_EDGE('',*,*,#6381,.T.);
#4962=ORIENTED_EDGE('',*,*,#6377,.F.);
#4963=ORIENTED_EDGE('',*,*,#6381,.F.);
#4964=ORIENTED_EDGE('',*,*,#6291,.F.);
#4965=ORIENTED_EDGE('',*,*,#6382,.T.);
#4966=ORIENTED_EDGE('',*,*,#6378,.F.);
#4967=ORIENTED_EDGE('',*,*,#6382,.F.);
#4968=ORIENTED_EDGE('',*,*,#6290,.F.);
#4969=ORIENTED_EDGE('',*,*,#6383,.T.);
#4970=ORIENTED_EDGE('',*,*,#6379,.F.);
#4971=ORIENTED_EDGE('',*,*,#6383,.F.);
#4972=ORIENTED_EDGE('',*,*,#6289,.F.);
#4973=ORIENTED_EDGE('',*,*,#6384,.T.);
#4974=ORIENTED_EDGE('',*,*,#6316,.F.);
#4975=ORIENTED_EDGE('',*,*,#6384,.F.);
#4976=ORIENTED_EDGE('',*,*,#6288,.F.);
#4977=ORIENTED_EDGE('',*,*,#6310,.F.);
#4978=ORIENTED_EDGE('',*,*,#6385,.T.);
#4979=ORIENTED_EDGE('',*,*,#6386,.T.);
#4980=ORIENTED_EDGE('',*,*,#6295,.T.);
#4981=ORIENTED_EDGE('',*,*,#6315,.F.);
#4982=ORIENTED_EDGE('',*,*,#6374,.F.);
#4983=ORIENTED_EDGE('',*,*,#6387,.F.);
#4984=ORIENTED_EDGE('',*,*,#6388,.F.);
#4985=ORIENTED_EDGE('',*,*,#6389,.F.);
#4986=ORIENTED_EDGE('',*,*,#6390,.F.);
#4987=ORIENTED_EDGE('',*,*,#6296,.F.);
#4988=ORIENTED_EDGE('',*,*,#6386,.F.);
#4989=ORIENTED_EDGE('',*,*,#6391,.T.);
#4990=ORIENTED_EDGE('',*,*,#6392,.F.);
#4991=ORIENTED_EDGE('',*,*,#6393,.T.);
#4992=ORIENTED_EDGE('',*,*,#6394,.T.);
#4993=ORIENTED_EDGE('',*,*,#6297,.T.);
#4994=ORIENTED_EDGE('',*,*,#6390,.T.);
#4995=ORIENTED_EDGE('',*,*,#6395,.T.);
#4996=ORIENTED_EDGE('',*,*,#6396,.T.);
#4997=ORIENTED_EDGE('',*,*,#6397,.T.);
#4998=ORIENTED_EDGE('',*,*,#6298,.T.);
#4999=ORIENTED_EDGE('',*,*,#6394,.F.);
#5000=ORIENTED_EDGE('',*,*,#6398,.F.);
#5001=ORIENTED_EDGE('',*,*,#6399,.F.);
#5002=ORIENTED_EDGE('',*,*,#6400,.F.);
#5003=ORIENTED_EDGE('',*,*,#6401,.F.);
#5004=ORIENTED_EDGE('',*,*,#6402,.F.);
#5005=ORIENTED_EDGE('',*,*,#6403,.F.);
#5006=ORIENTED_EDGE('',*,*,#6404,.F.);
#5007=ORIENTED_EDGE('',*,*,#6405,.F.);
#5008=ORIENTED_EDGE('',*,*,#6406,.F.);
#5009=ORIENTED_EDGE('',*,*,#6407,.F.);
#5010=ORIENTED_EDGE('',*,*,#6408,.F.);
#5011=ORIENTED_EDGE('',*,*,#6409,.F.);
#5012=ORIENTED_EDGE('',*,*,#6410,.F.);
#5013=ORIENTED_EDGE('',*,*,#6411,.F.);
#5014=ORIENTED_EDGE('',*,*,#6412,.F.);
#5015=ORIENTED_EDGE('',*,*,#6413,.F.);
#5016=ORIENTED_EDGE('',*,*,#6414,.F.);
#5017=ORIENTED_EDGE('',*,*,#6415,.F.);
#5018=ORIENTED_EDGE('',*,*,#6416,.F.);
#5019=ORIENTED_EDGE('',*,*,#6417,.F.);
#5020=ORIENTED_EDGE('',*,*,#6418,.F.);
#5021=ORIENTED_EDGE('',*,*,#6419,.F.);
#5022=ORIENTED_EDGE('',*,*,#6420,.F.);
#5023=ORIENTED_EDGE('',*,*,#6421,.F.);
#5024=ORIENTED_EDGE('',*,*,#6422,.F.);
#5025=ORIENTED_EDGE('',*,*,#6423,.F.);
#5026=ORIENTED_EDGE('',*,*,#6424,.F.);
#5027=ORIENTED_EDGE('',*,*,#6425,.F.);
#5028=ORIENTED_EDGE('',*,*,#6426,.F.);
#5029=ORIENTED_EDGE('',*,*,#6427,.F.);
#5030=ORIENTED_EDGE('',*,*,#6428,.F.);
#5031=ORIENTED_EDGE('',*,*,#6429,.F.);
#5032=ORIENTED_EDGE('',*,*,#6430,.F.);
#5033=ORIENTED_EDGE('',*,*,#6431,.F.);
#5034=ORIENTED_EDGE('',*,*,#6432,.F.);
#5035=ORIENTED_EDGE('',*,*,#6433,.F.);
#5036=ORIENTED_EDGE('',*,*,#6434,.F.);
#5037=ORIENTED_EDGE('',*,*,#6435,.F.);
#5038=ORIENTED_EDGE('',*,*,#6436,.F.);
#5039=ORIENTED_EDGE('',*,*,#6437,.F.);
#5040=ORIENTED_EDGE('',*,*,#6438,.F.);
#5041=ORIENTED_EDGE('',*,*,#6439,.F.);
#5042=ORIENTED_EDGE('',*,*,#6440,.F.);
#5043=ORIENTED_EDGE('',*,*,#6441,.F.);
#5044=ORIENTED_EDGE('',*,*,#6442,.F.);
#5045=ORIENTED_EDGE('',*,*,#6443,.F.);
#5046=ORIENTED_EDGE('',*,*,#6444,.F.);
#5047=ORIENTED_EDGE('',*,*,#6445,.F.);
#5048=ORIENTED_EDGE('',*,*,#6446,.F.);
#5049=ORIENTED_EDGE('',*,*,#6447,.T.);
#5050=ORIENTED_EDGE('',*,*,#6448,.T.);
#5051=ORIENTED_EDGE('',*,*,#6299,.F.);
#5052=ORIENTED_EDGE('',*,*,#6397,.F.);
#5053=ORIENTED_EDGE('',*,*,#6449,.F.);
#5054=ORIENTED_EDGE('',*,*,#6448,.F.);
#5055=ORIENTED_EDGE('',*,*,#6450,.T.);
#5056=ORIENTED_EDGE('',*,*,#6451,.F.);
#5057=ORIENTED_EDGE('',*,*,#6300,.F.);
#5058=ORIENTED_EDGE('',*,*,#6452,.T.);
#5059=ORIENTED_EDGE('',*,*,#6453,.T.);
#5060=ORIENTED_EDGE('',*,*,#6454,.T.);
#5061=ORIENTED_EDGE('',*,*,#6455,.T.);
#5062=ORIENTED_EDGE('',*,*,#6324,.T.);
#5063=ORIENTED_EDGE('',*,*,#6456,.T.);
#5064=ORIENTED_EDGE('',*,*,#6301,.T.);
#5065=ORIENTED_EDGE('',*,*,#6451,.T.);
#5066=ORIENTED_EDGE('',*,*,#6457,.T.);
#5067=ORIENTED_EDGE('',*,*,#6302,.T.);
#5068=ORIENTED_EDGE('',*,*,#6456,.F.);
#5069=ORIENTED_EDGE('',*,*,#6323,.T.);
#5070=ORIENTED_EDGE('',*,*,#6303,.F.);
#5071=ORIENTED_EDGE('',*,*,#6457,.F.);
#5072=ORIENTED_EDGE('',*,*,#6322,.F.);
#5073=ORIENTED_EDGE('',*,*,#6458,.F.);
#5074=ORIENTED_EDGE('',*,*,#6304,.F.);
#5075=ORIENTED_EDGE('',*,*,#6458,.T.);
#5076=ORIENTED_EDGE('',*,*,#6321,.F.);
#5077=ORIENTED_EDGE('',*,*,#6459,.F.);
#5078=ORIENTED_EDGE('',*,*,#6305,.F.);
#5079=ORIENTED_EDGE('',*,*,#6459,.T.);
#5080=ORIENTED_EDGE('',*,*,#6320,.F.);
#5081=ORIENTED_EDGE('',*,*,#6460,.F.);
#5082=ORIENTED_EDGE('',*,*,#6306,.F.);
#5083=ORIENTED_EDGE('',*,*,#6460,.T.);
#5084=ORIENTED_EDGE('',*,*,#6319,.F.);
#5085=ORIENTED_EDGE('',*,*,#6461,.F.);
#5086=ORIENTED_EDGE('',*,*,#6307,.F.);
#5087=ORIENTED_EDGE('',*,*,#6461,.T.);
#5088=ORIENTED_EDGE('',*,*,#6318,.F.);
#5089=ORIENTED_EDGE('',*,*,#6462,.F.);
#5090=ORIENTED_EDGE('',*,*,#6308,.F.);
#5091=ORIENTED_EDGE('',*,*,#6462,.T.);
#5092=ORIENTED_EDGE('',*,*,#6317,.F.);
#5093=ORIENTED_EDGE('',*,*,#6311,.F.);
#5094=ORIENTED_EDGE('',*,*,#6463,.T.);
#5095=ORIENTED_EDGE('',*,*,#6325,.T.);
#5096=ORIENTED_EDGE('',*,*,#6455,.F.);
#5097=ORIENTED_EDGE('',*,*,#6464,.F.);
#5098=ORIENTED_EDGE('',*,*,#6465,.F.);
#5099=ORIENTED_EDGE('',*,*,#6466,.F.);
#5100=ORIENTED_EDGE('',*,*,#6326,.F.);
#5101=ORIENTED_EDGE('',*,*,#6463,.F.);
#5102=ORIENTED_EDGE('',*,*,#6467,.F.);
#5103=ORIENTED_EDGE('',*,*,#6468,.T.);
#5104=ORIENTED_EDGE('',*,*,#6327,.F.);
#5105=ORIENTED_EDGE('',*,*,#6466,.T.);
#5106=ORIENTED_EDGE('',*,*,#6469,.F.);
#5107=ORIENTED_EDGE('',*,*,#6470,.F.);
#5108=ORIENTED_EDGE('',*,*,#6471,.F.);
#5109=ORIENTED_EDGE('',*,*,#6472,.F.);
#5110=ORIENTED_EDGE('',*,*,#6473,.F.);
#5111=ORIENTED_EDGE('',*,*,#6474,.F.);
#5112=ORIENTED_EDGE('',*,*,#6328,.F.);
#5113=ORIENTED_EDGE('',*,*,#6468,.F.);
#5114=ORIENTED_EDGE('',*,*,#6475,.T.);
#5115=ORIENTED_EDGE('',*,*,#6329,.F.);
#5116=ORIENTED_EDGE('',*,*,#6474,.T.);
#5117=ORIENTED_EDGE('',*,*,#6476,.F.);
#5118=ORIENTED_EDGE('',*,*,#6475,.F.);
#5119=ORIENTED_EDGE('',*,*,#6477,.F.);
#5120=ORIENTED_EDGE('',*,*,#6478,.F.);
#5121=ORIENTED_EDGE('',*,*,#6330,.F.);
#5122=ORIENTED_EDGE('',*,*,#6331,.F.);
#5123=ORIENTED_EDGE('',*,*,#6478,.T.);
#5124=ORIENTED_EDGE('',*,*,#6479,.F.);
#5125=ORIENTED_EDGE('',*,*,#6480,.T.);
#5126=ORIENTED_EDGE('',*,*,#6481,.F.);
#5127=ORIENTED_EDGE('',*,*,#6482,.F.);
#5128=ORIENTED_EDGE('',*,*,#6483,.F.);
#5129=ORIENTED_EDGE('',*,*,#6484,.F.);
#5130=ORIENTED_EDGE('',*,*,#6485,.F.);
#5131=ORIENTED_EDGE('',*,*,#6332,.F.);
#5132=ORIENTED_EDGE('',*,*,#6480,.F.);
#5133=ORIENTED_EDGE('',*,*,#6486,.F.);
#5134=ORIENTED_EDGE('',*,*,#6485,.T.);
#5135=ORIENTED_EDGE('',*,*,#6487,.F.);
#5136=ORIENTED_EDGE('',*,*,#6488,.T.);
#5137=ORIENTED_EDGE('',*,*,#6333,.F.);
#5138=ORIENTED_EDGE('',*,*,#6488,.F.);
#5139=ORIENTED_EDGE('',*,*,#6489,.F.);
#5140=ORIENTED_EDGE('',*,*,#6490,.F.);
#5141=ORIENTED_EDGE('',*,*,#6334,.F.);
#5142=ORIENTED_EDGE('',*,*,#6335,.F.);
#5143=ORIENTED_EDGE('',*,*,#6490,.T.);
#5144=ORIENTED_EDGE('',*,*,#6491,.F.);
#5145=ORIENTED_EDGE('',*,*,#6492,.T.);
#5146=ORIENTED_EDGE('',*,*,#6493,.F.);
#5147=ORIENTED_EDGE('',*,*,#6494,.F.);
#5148=ORIENTED_EDGE('',*,*,#6495,.F.);
#5149=ORIENTED_EDGE('',*,*,#6496,.F.);
#5150=ORIENTED_EDGE('',*,*,#6497,.F.);
#5151=ORIENTED_EDGE('',*,*,#6336,.F.);
#5152=ORIENTED_EDGE('',*,*,#6492,.F.);
#5153=ORIENTED_EDGE('',*,*,#6498,.F.);
#5154=ORIENTED_EDGE('',*,*,#6497,.T.);
#5155=ORIENTED_EDGE('',*,*,#6499,.F.);
#5156=ORIENTED_EDGE('',*,*,#6500,.T.);
#5157=ORIENTED_EDGE('',*,*,#6337,.F.);
#5158=ORIENTED_EDGE('',*,*,#6500,.F.);
#5159=ORIENTED_EDGE('',*,*,#6501,.F.);
#5160=ORIENTED_EDGE('',*,*,#6502,.F.);
#5161=ORIENTED_EDGE('',*,*,#6338,.F.);
#5162=ORIENTED_EDGE('',*,*,#6339,.F.);
#5163=ORIENTED_EDGE('',*,*,#6502,.T.);
#5164=ORIENTED_EDGE('',*,*,#6503,.F.);
#5165=ORIENTED_EDGE('',*,*,#6504,.T.);
#5166=ORIENTED_EDGE('',*,*,#6505,.F.);
#5167=ORIENTED_EDGE('',*,*,#6506,.F.);
#5168=ORIENTED_EDGE('',*,*,#6507,.F.);
#5169=ORIENTED_EDGE('',*,*,#6508,.F.);
#5170=ORIENTED_EDGE('',*,*,#6509,.F.);
#5171=ORIENTED_EDGE('',*,*,#6340,.F.);
#5172=ORIENTED_EDGE('',*,*,#6504,.F.);
#5173=ORIENTED_EDGE('',*,*,#6510,.F.);
#5174=ORIENTED_EDGE('',*,*,#6509,.T.);
#5175=ORIENTED_EDGE('',*,*,#6511,.F.);
#5176=ORIENTED_EDGE('',*,*,#6512,.T.);
#5177=ORIENTED_EDGE('',*,*,#6341,.F.);
#5178=ORIENTED_EDGE('',*,*,#6512,.F.);
#5179=ORIENTED_EDGE('',*,*,#6513,.F.);
#5180=ORIENTED_EDGE('',*,*,#6514,.F.);
#5181=ORIENTED_EDGE('',*,*,#6342,.F.);
#5182=ORIENTED_EDGE('',*,*,#6343,.F.);
#5183=ORIENTED_EDGE('',*,*,#6514,.T.);
#5184=ORIENTED_EDGE('',*,*,#6515,.F.);
#5185=ORIENTED_EDGE('',*,*,#6516,.T.);
#5186=ORIENTED_EDGE('',*,*,#6517,.F.);
#5187=ORIENTED_EDGE('',*,*,#6518,.F.);
#5188=ORIENTED_EDGE('',*,*,#6519,.F.);
#5189=ORIENTED_EDGE('',*,*,#6520,.F.);
#5190=ORIENTED_EDGE('',*,*,#6521,.F.);
#5191=ORIENTED_EDGE('',*,*,#6344,.F.);
#5192=ORIENTED_EDGE('',*,*,#6516,.F.);
#5193=ORIENTED_EDGE('',*,*,#6522,.F.);
#5194=ORIENTED_EDGE('',*,*,#6521,.T.);
#5195=ORIENTED_EDGE('',*,*,#6523,.F.);
#5196=ORIENTED_EDGE('',*,*,#6524,.T.);
#5197=ORIENTED_EDGE('',*,*,#6345,.F.);
#5198=ORIENTED_EDGE('',*,*,#6524,.F.);
#5199=ORIENTED_EDGE('',*,*,#6525,.F.);
#5200=ORIENTED_EDGE('',*,*,#6526,.F.);
#5201=ORIENTED_EDGE('',*,*,#6346,.F.);
#5202=ORIENTED_EDGE('',*,*,#6347,.F.);
#5203=ORIENTED_EDGE('',*,*,#6526,.T.);
#5204=ORIENTED_EDGE('',*,*,#6527,.F.);
#5205=ORIENTED_EDGE('',*,*,#6528,.T.);
#5206=ORIENTED_EDGE('',*,*,#6529,.F.);
#5207=ORIENTED_EDGE('',*,*,#6530,.F.);
#5208=ORIENTED_EDGE('',*,*,#6531,.F.);
#5209=ORIENTED_EDGE('',*,*,#6532,.F.);
#5210=ORIENTED_EDGE('',*,*,#6533,.F.);
#5211=ORIENTED_EDGE('',*,*,#6348,.F.);
#5212=ORIENTED_EDGE('',*,*,#6528,.F.);
#5213=ORIENTED_EDGE('',*,*,#6534,.F.);
#5214=ORIENTED_EDGE('',*,*,#6533,.T.);
#5215=ORIENTED_EDGE('',*,*,#6535,.F.);
#5216=ORIENTED_EDGE('',*,*,#6536,.T.);
#5217=ORIENTED_EDGE('',*,*,#6349,.F.);
#5218=ORIENTED_EDGE('',*,*,#6536,.F.);
#5219=ORIENTED_EDGE('',*,*,#6537,.F.);
#5220=ORIENTED_EDGE('',*,*,#6538,.F.);
#5221=ORIENTED_EDGE('',*,*,#6350,.F.);
#5222=ORIENTED_EDGE('',*,*,#6351,.F.);
#5223=ORIENTED_EDGE('',*,*,#6538,.T.);
#5224=ORIENTED_EDGE('',*,*,#6539,.F.);
#5225=ORIENTED_EDGE('',*,*,#6540,.T.);
#5226=ORIENTED_EDGE('',*,*,#6541,.F.);
#5227=ORIENTED_EDGE('',*,*,#6542,.F.);
#5228=ORIENTED_EDGE('',*,*,#6543,.F.);
#5229=ORIENTED_EDGE('',*,*,#6544,.F.);
#5230=ORIENTED_EDGE('',*,*,#6545,.F.);
#5231=ORIENTED_EDGE('',*,*,#6352,.F.);
#5232=ORIENTED_EDGE('',*,*,#6540,.F.);
#5233=ORIENTED_EDGE('',*,*,#6546,.F.);
#5234=ORIENTED_EDGE('',*,*,#6545,.T.);
#5235=ORIENTED_EDGE('',*,*,#6547,.F.);
#5236=ORIENTED_EDGE('',*,*,#6548,.T.);
#5237=ORIENTED_EDGE('',*,*,#6353,.F.);
#5238=ORIENTED_EDGE('',*,*,#6548,.F.);
#5239=ORIENTED_EDGE('',*,*,#6549,.F.);
#5240=ORIENTED_EDGE('',*,*,#6550,.F.);
#5241=ORIENTED_EDGE('',*,*,#6354,.F.);
#5242=ORIENTED_EDGE('',*,*,#6355,.F.);
#5243=ORIENTED_EDGE('',*,*,#6550,.T.);
#5244=ORIENTED_EDGE('',*,*,#6551,.F.);
#5245=ORIENTED_EDGE('',*,*,#6552,.T.);
#5246=ORIENTED_EDGE('',*,*,#6553,.F.);
#5247=ORIENTED_EDGE('',*,*,#6554,.F.);
#5248=ORIENTED_EDGE('',*,*,#6555,.F.);
#5249=ORIENTED_EDGE('',*,*,#6556,.F.);
#5250=ORIENTED_EDGE('',*,*,#6557,.F.);
#5251=ORIENTED_EDGE('',*,*,#6356,.F.);
#5252=ORIENTED_EDGE('',*,*,#6552,.F.);
#5253=ORIENTED_EDGE('',*,*,#6558,.F.);
#5254=ORIENTED_EDGE('',*,*,#6557,.T.);
#5255=ORIENTED_EDGE('',*,*,#6559,.F.);
#5256=ORIENTED_EDGE('',*,*,#6560,.T.);
#5257=ORIENTED_EDGE('',*,*,#6357,.F.);
#5258=ORIENTED_EDGE('',*,*,#6560,.F.);
#5259=ORIENTED_EDGE('',*,*,#6561,.F.);
#5260=ORIENTED_EDGE('',*,*,#6562,.F.);
#5261=ORIENTED_EDGE('',*,*,#6358,.F.);
#5262=ORIENTED_EDGE('',*,*,#6359,.F.);
#5263=ORIENTED_EDGE('',*,*,#6562,.T.);
#5264=ORIENTED_EDGE('',*,*,#6563,.F.);
#5265=ORIENTED_EDGE('',*,*,#6564,.T.);
#5266=ORIENTED_EDGE('',*,*,#6565,.F.);
#5267=ORIENTED_EDGE('',*,*,#6566,.F.);
#5268=ORIENTED_EDGE('',*,*,#6567,.F.);
#5269=ORIENTED_EDGE('',*,*,#6568,.F.);
#5270=ORIENTED_EDGE('',*,*,#6569,.F.);
#5271=ORIENTED_EDGE('',*,*,#6360,.F.);
#5272=ORIENTED_EDGE('',*,*,#6564,.F.);
#5273=ORIENTED_EDGE('',*,*,#6570,.F.);
#5274=ORIENTED_EDGE('',*,*,#6569,.T.);
#5275=ORIENTED_EDGE('',*,*,#6571,.F.);
#5276=ORIENTED_EDGE('',*,*,#6572,.T.);
#5277=ORIENTED_EDGE('',*,*,#6361,.F.);
#5278=ORIENTED_EDGE('',*,*,#6572,.F.);
#5279=ORIENTED_EDGE('',*,*,#6573,.F.);
#5280=ORIENTED_EDGE('',*,*,#6574,.F.);
#5281=ORIENTED_EDGE('',*,*,#6362,.F.);
#5282=ORIENTED_EDGE('',*,*,#6363,.F.);
#5283=ORIENTED_EDGE('',*,*,#6574,.T.);
#5284=ORIENTED_EDGE('',*,*,#6575,.F.);
#5285=ORIENTED_EDGE('',*,*,#6576,.T.);
#5286=ORIENTED_EDGE('',*,*,#6577,.F.);
#5287=ORIENTED_EDGE('',*,*,#6578,.F.);
#5288=ORIENTED_EDGE('',*,*,#6579,.F.);
#5289=ORIENTED_EDGE('',*,*,#6580,.F.);
#5290=ORIENTED_EDGE('',*,*,#6581,.F.);
#5291=ORIENTED_EDGE('',*,*,#6364,.F.);
#5292=ORIENTED_EDGE('',*,*,#6576,.F.);
#5293=ORIENTED_EDGE('',*,*,#6582,.F.);
#5294=ORIENTED_EDGE('',*,*,#6581,.T.);
#5295=ORIENTED_EDGE('',*,*,#6583,.F.);
#5296=ORIENTED_EDGE('',*,*,#6584,.T.);
#5297=ORIENTED_EDGE('',*,*,#6365,.F.);
#5298=ORIENTED_EDGE('',*,*,#6584,.F.);
#5299=ORIENTED_EDGE('',*,*,#6585,.F.);
#5300=ORIENTED_EDGE('',*,*,#6586,.F.);
#5301=ORIENTED_EDGE('',*,*,#6366,.F.);
#5302=ORIENTED_EDGE('',*,*,#6367,.F.);
#5303=ORIENTED_EDGE('',*,*,#6586,.T.);
#5304=ORIENTED_EDGE('',*,*,#6587,.F.);
#5305=ORIENTED_EDGE('',*,*,#6588,.T.);
#5306=ORIENTED_EDGE('',*,*,#6589,.F.);
#5307=ORIENTED_EDGE('',*,*,#6590,.F.);
#5308=ORIENTED_EDGE('',*,*,#6591,.F.);
#5309=ORIENTED_EDGE('',*,*,#6592,.F.);
#5310=ORIENTED_EDGE('',*,*,#6593,.F.);
#5311=ORIENTED_EDGE('',*,*,#6368,.F.);
#5312=ORIENTED_EDGE('',*,*,#6588,.F.);
#5313=ORIENTED_EDGE('',*,*,#6594,.F.);
#5314=ORIENTED_EDGE('',*,*,#6593,.T.);
#5315=ORIENTED_EDGE('',*,*,#6595,.F.);
#5316=ORIENTED_EDGE('',*,*,#6596,.T.);
#5317=ORIENTED_EDGE('',*,*,#6369,.F.);
#5318=ORIENTED_EDGE('',*,*,#6596,.F.);
#5319=ORIENTED_EDGE('',*,*,#6597,.F.);
#5320=ORIENTED_EDGE('',*,*,#6598,.F.);
#5321=ORIENTED_EDGE('',*,*,#6370,.F.);
#5322=ORIENTED_EDGE('',*,*,#6371,.F.);
#5323=ORIENTED_EDGE('',*,*,#6598,.T.);
#5324=ORIENTED_EDGE('',*,*,#6599,.F.);
#5325=ORIENTED_EDGE('',*,*,#6600,.T.);
#5326=ORIENTED_EDGE('',*,*,#6601,.F.);
#5327=ORIENTED_EDGE('',*,*,#6602,.F.);
#5328=ORIENTED_EDGE('',*,*,#6603,.F.);
#5329=ORIENTED_EDGE('',*,*,#6604,.F.);
#5330=ORIENTED_EDGE('',*,*,#6605,.F.);
#5331=ORIENTED_EDGE('',*,*,#6372,.F.);
#5332=ORIENTED_EDGE('',*,*,#6600,.F.);
#5333=ORIENTED_EDGE('',*,*,#6606,.F.);
#5334=ORIENTED_EDGE('',*,*,#6605,.T.);
#5335=ORIENTED_EDGE('',*,*,#6607,.T.);
#5336=ORIENTED_EDGE('',*,*,#6387,.T.);
#5337=ORIENTED_EDGE('',*,*,#6373,.F.);
#5338=ORIENTED_EDGE('',*,*,#6608,.F.);
#5339=ORIENTED_EDGE('',*,*,#6395,.F.);
#5340=ORIENTED_EDGE('',*,*,#6391,.F.);
#5341=ORIENTED_EDGE('',*,*,#6385,.F.);
#5342=ORIENTED_EDGE('',*,*,#6609,.F.);
#5343=ORIENTED_EDGE('',*,*,#6486,.T.);
#5344=ORIENTED_EDGE('',*,*,#6479,.T.);
#5345=ORIENTED_EDGE('',*,*,#6477,.T.);
#5346=ORIENTED_EDGE('',*,*,#6476,.T.);
#5347=ORIENTED_EDGE('',*,*,#6473,.T.);
#5348=ORIENTED_EDGE('',*,*,#6467,.T.);
#5349=ORIENTED_EDGE('',*,*,#6465,.T.);
#5350=ORIENTED_EDGE('',*,*,#6464,.T.);
#5351=ORIENTED_EDGE('',*,*,#6454,.F.);
#5352=ORIENTED_EDGE('',*,*,#6610,.F.);
#5353=ORIENTED_EDGE('',*,*,#6388,.T.);
#5354=ORIENTED_EDGE('',*,*,#6607,.F.);
#5355=ORIENTED_EDGE('',*,*,#6606,.T.);
#5356=ORIENTED_EDGE('',*,*,#6599,.T.);
#5357=ORIENTED_EDGE('',*,*,#6597,.T.);
#5358=ORIENTED_EDGE('',*,*,#6595,.T.);
#5359=ORIENTED_EDGE('',*,*,#6594,.T.);
#5360=ORIENTED_EDGE('',*,*,#6587,.T.);
#5361=ORIENTED_EDGE('',*,*,#6585,.T.);
#5362=ORIENTED_EDGE('',*,*,#6583,.T.);
#5363=ORIENTED_EDGE('',*,*,#6582,.T.);
#5364=ORIENTED_EDGE('',*,*,#6575,.T.);
#5365=ORIENTED_EDGE('',*,*,#6573,.T.);
#5366=ORIENTED_EDGE('',*,*,#6571,.T.);
#5367=ORIENTED_EDGE('',*,*,#6570,.T.);
#5368=ORIENTED_EDGE('',*,*,#6563,.T.);
#5369=ORIENTED_EDGE('',*,*,#6561,.T.);
#5370=ORIENTED_EDGE('',*,*,#6559,.T.);
#5371=ORIENTED_EDGE('',*,*,#6558,.T.);
#5372=ORIENTED_EDGE('',*,*,#6551,.T.);
#5373=ORIENTED_EDGE('',*,*,#6549,.T.);
#5374=ORIENTED_EDGE('',*,*,#6547,.T.);
#5375=ORIENTED_EDGE('',*,*,#6546,.T.);
#5376=ORIENTED_EDGE('',*,*,#6539,.T.);
#5377=ORIENTED_EDGE('',*,*,#6537,.T.);
#5378=ORIENTED_EDGE('',*,*,#6535,.T.);
#5379=ORIENTED_EDGE('',*,*,#6534,.T.);
#5380=ORIENTED_EDGE('',*,*,#6527,.T.);
#5381=ORIENTED_EDGE('',*,*,#6525,.T.);
#5382=ORIENTED_EDGE('',*,*,#6523,.T.);
#5383=ORIENTED_EDGE('',*,*,#6522,.T.);
#5384=ORIENTED_EDGE('',*,*,#6515,.T.);
#5385=ORIENTED_EDGE('',*,*,#6513,.T.);
#5386=ORIENTED_EDGE('',*,*,#6511,.T.);
#5387=ORIENTED_EDGE('',*,*,#6510,.T.);
#5388=ORIENTED_EDGE('',*,*,#6503,.T.);
#5389=ORIENTED_EDGE('',*,*,#6501,.T.);
#5390=ORIENTED_EDGE('',*,*,#6499,.T.);
#5391=ORIENTED_EDGE('',*,*,#6498,.T.);
#5392=ORIENTED_EDGE('',*,*,#6491,.T.);
#5393=ORIENTED_EDGE('',*,*,#6489,.T.);
#5394=ORIENTED_EDGE('',*,*,#6487,.T.);
#5395=ORIENTED_EDGE('',*,*,#6611,.T.);
#5396=ORIENTED_EDGE('',*,*,#6612,.T.);
#5397=ORIENTED_EDGE('',*,*,#6613,.T.);
#5398=ORIENTED_EDGE('',*,*,#6609,.T.);
#5399=ORIENTED_EDGE('',*,*,#6389,.T.);
#5400=ORIENTED_EDGE('',*,*,#6610,.T.);
#5401=ORIENTED_EDGE('',*,*,#6453,.F.);
#5402=ORIENTED_EDGE('',*,*,#6614,.T.);
#5403=ORIENTED_EDGE('',*,*,#6613,.F.);
#5404=ORIENTED_EDGE('',*,*,#6615,.F.);
#5405=ORIENTED_EDGE('',*,*,#6392,.T.);
#5406=ORIENTED_EDGE('',*,*,#6608,.T.);
#5407=ORIENTED_EDGE('',*,*,#6616,.F.);
#5408=ORIENTED_EDGE('',*,*,#6449,.T.);
#5409=ORIENTED_EDGE('',*,*,#6396,.F.);
#5410=ORIENTED_EDGE('',*,*,#6393,.F.);
#5411=ORIENTED_EDGE('',*,*,#6617,.F.);
#5412=ORIENTED_EDGE('',*,*,#6618,.F.);
#5413=ORIENTED_EDGE('',*,*,#6398,.T.);
#5414=ORIENTED_EDGE('',*,*,#6619,.T.);
#5415=ORIENTED_EDGE('',*,*,#6620,.F.);
#5416=ORIENTED_EDGE('',*,*,#6621,.F.);
#5417=ORIENTED_EDGE('',*,*,#6399,.T.);
#5418=ORIENTED_EDGE('',*,*,#6618,.T.);
#5419=ORIENTED_EDGE('',*,*,#6622,.F.);
#5420=ORIENTED_EDGE('',*,*,#6623,.F.);
#5421=ORIENTED_EDGE('',*,*,#6400,.T.);
#5422=ORIENTED_EDGE('',*,*,#6621,.T.);
#5423=ORIENTED_EDGE('',*,*,#6624,.F.);
#5424=ORIENTED_EDGE('',*,*,#6619,.F.);
#5425=ORIENTED_EDGE('',*,*,#6401,.T.);
#5426=ORIENTED_EDGE('',*,*,#6623,.T.);
#5427=ORIENTED_EDGE('',*,*,#6625,.F.);
#5428=ORIENTED_EDGE('',*,*,#6626,.F.);
#5429=ORIENTED_EDGE('',*,*,#6402,.T.);
#5430=ORIENTED_EDGE('',*,*,#6627,.T.);
#5431=ORIENTED_EDGE('',*,*,#6628,.F.);
#5432=ORIENTED_EDGE('',*,*,#6629,.F.);
#5433=ORIENTED_EDGE('',*,*,#6403,.T.);
#5434=ORIENTED_EDGE('',*,*,#6626,.T.);
#5435=ORIENTED_EDGE('',*,*,#6630,.F.);
#5436=ORIENTED_EDGE('',*,*,#6631,.F.);
#5437=ORIENTED_EDGE('',*,*,#6404,.T.);
#5438=ORIENTED_EDGE('',*,*,#6629,.T.);
#5439=ORIENTED_EDGE('',*,*,#6632,.F.);
#5440=ORIENTED_EDGE('',*,*,#6627,.F.);
#5441=ORIENTED_EDGE('',*,*,#6405,.T.);
#5442=ORIENTED_EDGE('',*,*,#6631,.T.);
#5443=ORIENTED_EDGE('',*,*,#6633,.F.);
#5444=ORIENTED_EDGE('',*,*,#6634,.F.);
#5445=ORIENTED_EDGE('',*,*,#6406,.T.);
#5446=ORIENTED_EDGE('',*,*,#6635,.T.);
#5447=ORIENTED_EDGE('',*,*,#6636,.F.);
#5448=ORIENTED_EDGE('',*,*,#6637,.F.);
#5449=ORIENTED_EDGE('',*,*,#6407,.T.);
#5450=ORIENTED_EDGE('',*,*,#6634,.T.);
#5451=ORIENTED_EDGE('',*,*,#6638,.F.);
#5452=ORIENTED_EDGE('',*,*,#6639,.F.);
#5453=ORIENTED_EDGE('',*,*,#6408,.T.);
#5454=ORIENTED_EDGE('',*,*,#6637,.T.);
#5455=ORIENTED_EDGE('',*,*,#6640,.F.);
#5456=ORIENTED_EDGE('',*,*,#6635,.F.);
#5457=ORIENTED_EDGE('',*,*,#6409,.T.);
#5458=ORIENTED_EDGE('',*,*,#6639,.T.);
#5459=ORIENTED_EDGE('',*,*,#6641,.F.);
#5460=ORIENTED_EDGE('',*,*,#6642,.F.);
#5461=ORIENTED_EDGE('',*,*,#6410,.T.);
#5462=ORIENTED_EDGE('',*,*,#6643,.T.);
#5463=ORIENTED_EDGE('',*,*,#6644,.F.);
#5464=ORIENTED_EDGE('',*,*,#6645,.F.);
#5465=ORIENTED_EDGE('',*,*,#6411,.T.);
#5466=ORIENTED_EDGE('',*,*,#6642,.T.);
#5467=ORIENTED_EDGE('',*,*,#6646,.F.);
#5468=ORIENTED_EDGE('',*,*,#6647,.F.);
#5469=ORIENTED_EDGE('',*,*,#6412,.T.);
#5470=ORIENTED_EDGE('',*,*,#6645,.T.);
#5471=ORIENTED_EDGE('',*,*,#6648,.F.);
#5472=ORIENTED_EDGE('',*,*,#6643,.F.);
#5473=ORIENTED_EDGE('',*,*,#6413,.T.);
#5474=ORIENTED_EDGE('',*,*,#6647,.T.);
#5475=ORIENTED_EDGE('',*,*,#6649,.F.);
#5476=ORIENTED_EDGE('',*,*,#6650,.F.);
#5477=ORIENTED_EDGE('',*,*,#6414,.T.);
#5478=ORIENTED_EDGE('',*,*,#6651,.T.);
#5479=ORIENTED_EDGE('',*,*,#6652,.F.);
#5480=ORIENTED_EDGE('',*,*,#6653,.F.);
#5481=ORIENTED_EDGE('',*,*,#6415,.T.);
#5482=ORIENTED_EDGE('',*,*,#6650,.T.);
#5483=ORIENTED_EDGE('',*,*,#6654,.F.);
#5484=ORIENTED_EDGE('',*,*,#6655,.F.);
#5485=ORIENTED_EDGE('',*,*,#6416,.T.);
#5486=ORIENTED_EDGE('',*,*,#6653,.T.);
#5487=ORIENTED_EDGE('',*,*,#6656,.F.);
#5488=ORIENTED_EDGE('',*,*,#6651,.F.);
#5489=ORIENTED_EDGE('',*,*,#6417,.T.);
#5490=ORIENTED_EDGE('',*,*,#6655,.T.);
#5491=ORIENTED_EDGE('',*,*,#6657,.F.);
#5492=ORIENTED_EDGE('',*,*,#6658,.F.);
#5493=ORIENTED_EDGE('',*,*,#6418,.T.);
#5494=ORIENTED_EDGE('',*,*,#6659,.T.);
#5495=ORIENTED_EDGE('',*,*,#6660,.F.);
#5496=ORIENTED_EDGE('',*,*,#6661,.F.);
#5497=ORIENTED_EDGE('',*,*,#6419,.T.);
#5498=ORIENTED_EDGE('',*,*,#6658,.T.);
#5499=ORIENTED_EDGE('',*,*,#6662,.F.);
#5500=ORIENTED_EDGE('',*,*,#6663,.F.);
#5501=ORIENTED_EDGE('',*,*,#6420,.T.);
#5502=ORIENTED_EDGE('',*,*,#6661,.T.);
#5503=ORIENTED_EDGE('',*,*,#6664,.F.);
#5504=ORIENTED_EDGE('',*,*,#6659,.F.);
#5505=ORIENTED_EDGE('',*,*,#6421,.T.);
#5506=ORIENTED_EDGE('',*,*,#6663,.T.);
#5507=ORIENTED_EDGE('',*,*,#6665,.F.);
#5508=ORIENTED_EDGE('',*,*,#6666,.F.);
#5509=ORIENTED_EDGE('',*,*,#6422,.T.);
#5510=ORIENTED_EDGE('',*,*,#6667,.T.);
#5511=ORIENTED_EDGE('',*,*,#6668,.F.);
#5512=ORIENTED_EDGE('',*,*,#6669,.F.);
#5513=ORIENTED_EDGE('',*,*,#6423,.T.);
#5514=ORIENTED_EDGE('',*,*,#6666,.T.);
#5515=ORIENTED_EDGE('',*,*,#6670,.F.);
#5516=ORIENTED_EDGE('',*,*,#6671,.F.);
#5517=ORIENTED_EDGE('',*,*,#6424,.T.);
#5518=ORIENTED_EDGE('',*,*,#6669,.T.);
#5519=ORIENTED_EDGE('',*,*,#6672,.F.);
#5520=ORIENTED_EDGE('',*,*,#6667,.F.);
#5521=ORIENTED_EDGE('',*,*,#6425,.T.);
#5522=ORIENTED_EDGE('',*,*,#6671,.T.);
#5523=ORIENTED_EDGE('',*,*,#6673,.F.);
#5524=ORIENTED_EDGE('',*,*,#6674,.F.);
#5525=ORIENTED_EDGE('',*,*,#6426,.T.);
#5526=ORIENTED_EDGE('',*,*,#6675,.T.);
#5527=ORIENTED_EDGE('',*,*,#6676,.F.);
#5528=ORIENTED_EDGE('',*,*,#6677,.F.);
#5529=ORIENTED_EDGE('',*,*,#6427,.T.);
#5530=ORIENTED_EDGE('',*,*,#6674,.T.);
#5531=ORIENTED_EDGE('',*,*,#6678,.F.);
#5532=ORIENTED_EDGE('',*,*,#6679,.F.);
#5533=ORIENTED_EDGE('',*,*,#6428,.T.);
#5534=ORIENTED_EDGE('',*,*,#6677,.T.);
#5535=ORIENTED_EDGE('',*,*,#6680,.F.);
#5536=ORIENTED_EDGE('',*,*,#6675,.F.);
#5537=ORIENTED_EDGE('',*,*,#6429,.T.);
#5538=ORIENTED_EDGE('',*,*,#6679,.T.);
#5539=ORIENTED_EDGE('',*,*,#6681,.F.);
#5540=ORIENTED_EDGE('',*,*,#6682,.F.);
#5541=ORIENTED_EDGE('',*,*,#6430,.T.);
#5542=ORIENTED_EDGE('',*,*,#6683,.T.);
#5543=ORIENTED_EDGE('',*,*,#6684,.F.);
#5544=ORIENTED_EDGE('',*,*,#6685,.F.);
#5545=ORIENTED_EDGE('',*,*,#6431,.T.);
#5546=ORIENTED_EDGE('',*,*,#6682,.T.);
#5547=ORIENTED_EDGE('',*,*,#6686,.F.);
#5548=ORIENTED_EDGE('',*,*,#6687,.F.);
#5549=ORIENTED_EDGE('',*,*,#6432,.T.);
#5550=ORIENTED_EDGE('',*,*,#6685,.T.);
#5551=ORIENTED_EDGE('',*,*,#6688,.F.);
#5552=ORIENTED_EDGE('',*,*,#6683,.F.);
#5553=ORIENTED_EDGE('',*,*,#6433,.T.);
#5554=ORIENTED_EDGE('',*,*,#6687,.T.);
#5555=ORIENTED_EDGE('',*,*,#6689,.F.);
#5556=ORIENTED_EDGE('',*,*,#6690,.F.);
#5557=ORIENTED_EDGE('',*,*,#6434,.T.);
#5558=ORIENTED_EDGE('',*,*,#6691,.T.);
#5559=ORIENTED_EDGE('',*,*,#6692,.F.);
#5560=ORIENTED_EDGE('',*,*,#6693,.F.);
#5561=ORIENTED_EDGE('',*,*,#6435,.T.);
#5562=ORIENTED_EDGE('',*,*,#6690,.T.);
#5563=ORIENTED_EDGE('',*,*,#6694,.F.);
#5564=ORIENTED_EDGE('',*,*,#6695,.F.);
#5565=ORIENTED_EDGE('',*,*,#6436,.T.);
#5566=ORIENTED_EDGE('',*,*,#6693,.T.);
#5567=ORIENTED_EDGE('',*,*,#6696,.F.);
#5568=ORIENTED_EDGE('',*,*,#6691,.F.);
#5569=ORIENTED_EDGE('',*,*,#6437,.T.);
#5570=ORIENTED_EDGE('',*,*,#6695,.T.);
#5571=ORIENTED_EDGE('',*,*,#6697,.F.);
#5572=ORIENTED_EDGE('',*,*,#6698,.F.);
#5573=ORIENTED_EDGE('',*,*,#6438,.T.);
#5574=ORIENTED_EDGE('',*,*,#6699,.T.);
#5575=ORIENTED_EDGE('',*,*,#6700,.F.);
#5576=ORIENTED_EDGE('',*,*,#6701,.F.);
#5577=ORIENTED_EDGE('',*,*,#6439,.T.);
#5578=ORIENTED_EDGE('',*,*,#6698,.T.);
#5579=ORIENTED_EDGE('',*,*,#6702,.F.);
#5580=ORIENTED_EDGE('',*,*,#6703,.F.);
#5581=ORIENTED_EDGE('',*,*,#6440,.T.);
#5582=ORIENTED_EDGE('',*,*,#6701,.T.);
#5583=ORIENTED_EDGE('',*,*,#6704,.F.);
#5584=ORIENTED_EDGE('',*,*,#6699,.F.);
#5585=ORIENTED_EDGE('',*,*,#6441,.T.);
#5586=ORIENTED_EDGE('',*,*,#6703,.T.);
#5587=ORIENTED_EDGE('',*,*,#6705,.F.);
#5588=ORIENTED_EDGE('',*,*,#6706,.F.);
#5589=ORIENTED_EDGE('',*,*,#6442,.T.);
#5590=ORIENTED_EDGE('',*,*,#6707,.T.);
#5591=ORIENTED_EDGE('',*,*,#6708,.F.);
#5592=ORIENTED_EDGE('',*,*,#6709,.F.);
#5593=ORIENTED_EDGE('',*,*,#6443,.T.);
#5594=ORIENTED_EDGE('',*,*,#6706,.T.);
#5595=ORIENTED_EDGE('',*,*,#6710,.F.);
#5596=ORIENTED_EDGE('',*,*,#6711,.F.);
#5597=ORIENTED_EDGE('',*,*,#6444,.T.);
#5598=ORIENTED_EDGE('',*,*,#6709,.T.);
#5599=ORIENTED_EDGE('',*,*,#6712,.F.);
#5600=ORIENTED_EDGE('',*,*,#6707,.F.);
#5601=ORIENTED_EDGE('',*,*,#6445,.T.);
#5602=ORIENTED_EDGE('',*,*,#6711,.T.);
#5603=ORIENTED_EDGE('',*,*,#6611,.F.);
#5604=ORIENTED_EDGE('',*,*,#6713,.T.);
#5605=ORIENTED_EDGE('',*,*,#6446,.T.);
#5606=ORIENTED_EDGE('',*,*,#6714,.T.);
#5607=ORIENTED_EDGE('',*,*,#6713,.F.);
#5608=ORIENTED_EDGE('',*,*,#6614,.F.);
#5609=ORIENTED_EDGE('',*,*,#6452,.F.);
#5610=ORIENTED_EDGE('',*,*,#6450,.F.);
#5611=ORIENTED_EDGE('',*,*,#6447,.F.);
#5612=ORIENTED_EDGE('',*,*,#6715,.T.);
#5613=ORIENTED_EDGE('',*,*,#6716,.T.);
#5614=ORIENTED_EDGE('',*,*,#6469,.T.);
#5615=ORIENTED_EDGE('',*,*,#6717,.F.);
#5616=ORIENTED_EDGE('',*,*,#6718,.T.);
#5617=ORIENTED_EDGE('',*,*,#6719,.T.);
#5618=ORIENTED_EDGE('',*,*,#6470,.T.);
#5619=ORIENTED_EDGE('',*,*,#6716,.F.);
#5620=ORIENTED_EDGE('',*,*,#6720,.T.);
#5621=ORIENTED_EDGE('',*,*,#6721,.T.);
#5622=ORIENTED_EDGE('',*,*,#6471,.T.);
#5623=ORIENTED_EDGE('',*,*,#6719,.F.);
#5624=ORIENTED_EDGE('',*,*,#6722,.T.);
#5625=ORIENTED_EDGE('',*,*,#6717,.T.);
#5626=ORIENTED_EDGE('',*,*,#6472,.T.);
#5627=ORIENTED_EDGE('',*,*,#6721,.F.);
#5628=ORIENTED_EDGE('',*,*,#6723,.T.);
#5629=ORIENTED_EDGE('',*,*,#6724,.T.);
#5630=ORIENTED_EDGE('',*,*,#6481,.T.);
#5631=ORIENTED_EDGE('',*,*,#6725,.F.);
#5632=ORIENTED_EDGE('',*,*,#6726,.T.);
#5633=ORIENTED_EDGE('',*,*,#6727,.T.);
#5634=ORIENTED_EDGE('',*,*,#6482,.T.);
#5635=ORIENTED_EDGE('',*,*,#6724,.F.);
#5636=ORIENTED_EDGE('',*,*,#6728,.T.);
#5637=ORIENTED_EDGE('',*,*,#6729,.T.);
#5638=ORIENTED_EDGE('',*,*,#6483,.T.);
#5639=ORIENTED_EDGE('',*,*,#6727,.F.);
#5640=ORIENTED_EDGE('',*,*,#6730,.T.);
#5641=ORIENTED_EDGE('',*,*,#6725,.T.);
#5642=ORIENTED_EDGE('',*,*,#6484,.T.);
#5643=ORIENTED_EDGE('',*,*,#6729,.F.);
#5644=ORIENTED_EDGE('',*,*,#6731,.T.);
#5645=ORIENTED_EDGE('',*,*,#6732,.T.);
#5646=ORIENTED_EDGE('',*,*,#6493,.T.);
#5647=ORIENTED_EDGE('',*,*,#6733,.F.);
#5648=ORIENTED_EDGE('',*,*,#6734,.T.);
#5649=ORIENTED_EDGE('',*,*,#6735,.T.);
#5650=ORIENTED_EDGE('',*,*,#6494,.T.);
#5651=ORIENTED_EDGE('',*,*,#6732,.F.);
#5652=ORIENTED_EDGE('',*,*,#6736,.T.);
#5653=ORIENTED_EDGE('',*,*,#6737,.T.);
#5654=ORIENTED_EDGE('',*,*,#6495,.T.);
#5655=ORIENTED_EDGE('',*,*,#6735,.F.);
#5656=ORIENTED_EDGE('',*,*,#6738,.T.);
#5657=ORIENTED_EDGE('',*,*,#6733,.T.);
#5658=ORIENTED_EDGE('',*,*,#6496,.T.);
#5659=ORIENTED_EDGE('',*,*,#6737,.F.);
#5660=ORIENTED_EDGE('',*,*,#6739,.T.);
#5661=ORIENTED_EDGE('',*,*,#6740,.T.);
#5662=ORIENTED_EDGE('',*,*,#6505,.T.);
#5663=ORIENTED_EDGE('',*,*,#6741,.F.);
#5664=ORIENTED_EDGE('',*,*,#6742,.T.);
#5665=ORIENTED_EDGE('',*,*,#6743,.T.);
#5666=ORIENTED_EDGE('',*,*,#6506,.T.);
#5667=ORIENTED_EDGE('',*,*,#6740,.F.);
#5668=ORIENTED_EDGE('',*,*,#6744,.T.);
#5669=ORIENTED_EDGE('',*,*,#6745,.T.);
#5670=ORIENTED_EDGE('',*,*,#6507,.T.);
#5671=ORIENTED_EDGE('',*,*,#6743,.F.);
#5672=ORIENTED_EDGE('',*,*,#6746,.T.);
#5673=ORIENTED_EDGE('',*,*,#6741,.T.);
#5674=ORIENTED_EDGE('',*,*,#6508,.T.);
#5675=ORIENTED_EDGE('',*,*,#6745,.F.);
#5676=ORIENTED_EDGE('',*,*,#6747,.T.);
#5677=ORIENTED_EDGE('',*,*,#6748,.T.);
#5678=ORIENTED_EDGE('',*,*,#6517,.T.);
#5679=ORIENTED_EDGE('',*,*,#6749,.F.);
#5680=ORIENTED_EDGE('',*,*,#6750,.T.);
#5681=ORIENTED_EDGE('',*,*,#6751,.T.);
#5682=ORIENTED_EDGE('',*,*,#6518,.T.);
#5683=ORIENTED_EDGE('',*,*,#6748,.F.);
#5684=ORIENTED_EDGE('',*,*,#6752,.T.);
#5685=ORIENTED_EDGE('',*,*,#6753,.T.);
#5686=ORIENTED_EDGE('',*,*,#6519,.T.);
#5687=ORIENTED_EDGE('',*,*,#6751,.F.);
#5688=ORIENTED_EDGE('',*,*,#6754,.T.);
#5689=ORIENTED_EDGE('',*,*,#6749,.T.);
#5690=ORIENTED_EDGE('',*,*,#6520,.T.);
#5691=ORIENTED_EDGE('',*,*,#6753,.F.);
#5692=ORIENTED_EDGE('',*,*,#6755,.T.);
#5693=ORIENTED_EDGE('',*,*,#6756,.T.);
#5694=ORIENTED_EDGE('',*,*,#6529,.T.);
#5695=ORIENTED_EDGE('',*,*,#6757,.F.);
#5696=ORIENTED_EDGE('',*,*,#6758,.T.);
#5697=ORIENTED_EDGE('',*,*,#6759,.T.);
#5698=ORIENTED_EDGE('',*,*,#6530,.T.);
#5699=ORIENTED_EDGE('',*,*,#6756,.F.);
#5700=ORIENTED_EDGE('',*,*,#6760,.T.);
#5701=ORIENTED_EDGE('',*,*,#6761,.T.);
#5702=ORIENTED_EDGE('',*,*,#6531,.T.);
#5703=ORIENTED_EDGE('',*,*,#6759,.F.);
#5704=ORIENTED_EDGE('',*,*,#6762,.T.);
#5705=ORIENTED_EDGE('',*,*,#6757,.T.);
#5706=ORIENTED_EDGE('',*,*,#6532,.T.);
#5707=ORIENTED_EDGE('',*,*,#6761,.F.);
#5708=ORIENTED_EDGE('',*,*,#6763,.T.);
#5709=ORIENTED_EDGE('',*,*,#6764,.T.);
#5710=ORIENTED_EDGE('',*,*,#6541,.T.);
#5711=ORIENTED_EDGE('',*,*,#6765,.F.);
#5712=ORIENTED_EDGE('',*,*,#6766,.T.);
#5713=ORIENTED_EDGE('',*,*,#6767,.T.);
#5714=ORIENTED_EDGE('',*,*,#6542,.T.);
#5715=ORIENTED_EDGE('',*,*,#6764,.F.);
#5716=ORIENTED_EDGE('',*,*,#6768,.T.);
#5717=ORIENTED_EDGE('',*,*,#6769,.T.);
#5718=ORIENTED_EDGE('',*,*,#6543,.T.);
#5719=ORIENTED_EDGE('',*,*,#6767,.F.);
#5720=ORIENTED_EDGE('',*,*,#6770,.T.);
#5721=ORIENTED_EDGE('',*,*,#6765,.T.);
#5722=ORIENTED_EDGE('',*,*,#6544,.T.);
#5723=ORIENTED_EDGE('',*,*,#6769,.F.);
#5724=ORIENTED_EDGE('',*,*,#6771,.T.);
#5725=ORIENTED_EDGE('',*,*,#6772,.T.);
#5726=ORIENTED_EDGE('',*,*,#6553,.T.);
#5727=ORIENTED_EDGE('',*,*,#6773,.F.);
#5728=ORIENTED_EDGE('',*,*,#6774,.T.);
#5729=ORIENTED_EDGE('',*,*,#6775,.T.);
#5730=ORIENTED_EDGE('',*,*,#6554,.T.);
#5731=ORIENTED_EDGE('',*,*,#6772,.F.);
#5732=ORIENTED_EDGE('',*,*,#6776,.T.);
#5733=ORIENTED_EDGE('',*,*,#6777,.T.);
#5734=ORIENTED_EDGE('',*,*,#6555,.T.);
#5735=ORIENTED_EDGE('',*,*,#6775,.F.);
#5736=ORIENTED_EDGE('',*,*,#6778,.T.);
#5737=ORIENTED_EDGE('',*,*,#6773,.T.);
#5738=ORIENTED_EDGE('',*,*,#6556,.T.);
#5739=ORIENTED_EDGE('',*,*,#6777,.F.);
#5740=ORIENTED_EDGE('',*,*,#6779,.T.);
#5741=ORIENTED_EDGE('',*,*,#6780,.T.);
#5742=ORIENTED_EDGE('',*,*,#6565,.T.);
#5743=ORIENTED_EDGE('',*,*,#6781,.F.);
#5744=ORIENTED_EDGE('',*,*,#6782,.T.);
#5745=ORIENTED_EDGE('',*,*,#6783,.T.);
#5746=ORIENTED_EDGE('',*,*,#6566,.T.);
#5747=ORIENTED_EDGE('',*,*,#6780,.F.);
#5748=ORIENTED_EDGE('',*,*,#6784,.T.);
#5749=ORIENTED_EDGE('',*,*,#6785,.T.);
#5750=ORIENTED_EDGE('',*,*,#6567,.T.);
#5751=ORIENTED_EDGE('',*,*,#6783,.F.);
#5752=ORIENTED_EDGE('',*,*,#6786,.T.);
#5753=ORIENTED_EDGE('',*,*,#6781,.T.);
#5754=ORIENTED_EDGE('',*,*,#6568,.T.);
#5755=ORIENTED_EDGE('',*,*,#6785,.F.);
#5756=ORIENTED_EDGE('',*,*,#6787,.T.);
#5757=ORIENTED_EDGE('',*,*,#6788,.T.);
#5758=ORIENTED_EDGE('',*,*,#6577,.T.);
#5759=ORIENTED_EDGE('',*,*,#6789,.F.);
#5760=ORIENTED_EDGE('',*,*,#6790,.T.);
#5761=ORIENTED_EDGE('',*,*,#6791,.T.);
#5762=ORIENTED_EDGE('',*,*,#6578,.T.);
#5763=ORIENTED_EDGE('',*,*,#6788,.F.);
#5764=ORIENTED_EDGE('',*,*,#6792,.T.);
#5765=ORIENTED_EDGE('',*,*,#6793,.T.);
#5766=ORIENTED_EDGE('',*,*,#6579,.T.);
#5767=ORIENTED_EDGE('',*,*,#6791,.F.);
#5768=ORIENTED_EDGE('',*,*,#6794,.T.);
#5769=ORIENTED_EDGE('',*,*,#6789,.T.);
#5770=ORIENTED_EDGE('',*,*,#6580,.T.);
#5771=ORIENTED_EDGE('',*,*,#6793,.F.);
#5772=ORIENTED_EDGE('',*,*,#6795,.T.);
#5773=ORIENTED_EDGE('',*,*,#6796,.T.);
#5774=ORIENTED_EDGE('',*,*,#6589,.T.);
#5775=ORIENTED_EDGE('',*,*,#6797,.F.);
#5776=ORIENTED_EDGE('',*,*,#6798,.T.);
#5777=ORIENTED_EDGE('',*,*,#6799,.T.);
#5778=ORIENTED_EDGE('',*,*,#6590,.T.);
#5779=ORIENTED_EDGE('',*,*,#6796,.F.);
#5780=ORIENTED_EDGE('',*,*,#6800,.T.);
#5781=ORIENTED_EDGE('',*,*,#6801,.T.);
#5782=ORIENTED_EDGE('',*,*,#6591,.T.);
#5783=ORIENTED_EDGE('',*,*,#6799,.F.);
#5784=ORIENTED_EDGE('',*,*,#6802,.T.);
#5785=ORIENTED_EDGE('',*,*,#6797,.T.);
#5786=ORIENTED_EDGE('',*,*,#6592,.T.);
#5787=ORIENTED_EDGE('',*,*,#6801,.F.);
#5788=ORIENTED_EDGE('',*,*,#6803,.T.);
#5789=ORIENTED_EDGE('',*,*,#6804,.T.);
#5790=ORIENTED_EDGE('',*,*,#6601,.T.);
#5791=ORIENTED_EDGE('',*,*,#6805,.F.);
#5792=ORIENTED_EDGE('',*,*,#6806,.T.);
#5793=ORIENTED_EDGE('',*,*,#6807,.T.);
#5794=ORIENTED_EDGE('',*,*,#6602,.T.);
#5795=ORIENTED_EDGE('',*,*,#6804,.F.);
#5796=ORIENTED_EDGE('',*,*,#6808,.T.);
#5797=ORIENTED_EDGE('',*,*,#6809,.T.);
#5798=ORIENTED_EDGE('',*,*,#6603,.T.);
#5799=ORIENTED_EDGE('',*,*,#6807,.F.);
#5800=ORIENTED_EDGE('',*,*,#6810,.T.);
#5801=ORIENTED_EDGE('',*,*,#6805,.T.);
#5802=ORIENTED_EDGE('',*,*,#6604,.T.);
#5803=ORIENTED_EDGE('',*,*,#6809,.F.);
#5804=ORIENTED_EDGE('',*,*,#6612,.F.);
#5805=ORIENTED_EDGE('',*,*,#6714,.F.);
#5806=ORIENTED_EDGE('',*,*,#6616,.T.);
#5807=ORIENTED_EDGE('',*,*,#6615,.T.);
#5808=ORIENTED_EDGE('',*,*,#6617,.T.);
#5809=ORIENTED_EDGE('',*,*,#6811,.T.);
#5810=ORIENTED_EDGE('',*,*,#6812,.F.);
#5811=ORIENTED_EDGE('',*,*,#6813,.F.);
#5812=ORIENTED_EDGE('',*,*,#6620,.T.);
#5813=ORIENTED_EDGE('',*,*,#6813,.T.);
#5814=ORIENTED_EDGE('',*,*,#6814,.F.);
#5815=ORIENTED_EDGE('',*,*,#6815,.F.);
#5816=ORIENTED_EDGE('',*,*,#6622,.T.);
#5817=ORIENTED_EDGE('',*,*,#6815,.T.);
#5818=ORIENTED_EDGE('',*,*,#6816,.F.);
#5819=ORIENTED_EDGE('',*,*,#6817,.F.);
#5820=ORIENTED_EDGE('',*,*,#6624,.T.);
#5821=ORIENTED_EDGE('',*,*,#6817,.T.);
#5822=ORIENTED_EDGE('',*,*,#6818,.F.);
#5823=ORIENTED_EDGE('',*,*,#6811,.F.);
#5824=ORIENTED_EDGE('',*,*,#6625,.T.);
#5825=ORIENTED_EDGE('',*,*,#6819,.T.);
#5826=ORIENTED_EDGE('',*,*,#6820,.F.);
#5827=ORIENTED_EDGE('',*,*,#6821,.F.);
#5828=ORIENTED_EDGE('',*,*,#6628,.T.);
#5829=ORIENTED_EDGE('',*,*,#6821,.T.);
#5830=ORIENTED_EDGE('',*,*,#6822,.F.);
#5831=ORIENTED_EDGE('',*,*,#6823,.F.);
#5832=ORIENTED_EDGE('',*,*,#6630,.T.);
#5833=ORIENTED_EDGE('',*,*,#6823,.T.);
#5834=ORIENTED_EDGE('',*,*,#6824,.F.);
#5835=ORIENTED_EDGE('',*,*,#6825,.F.);
#5836=ORIENTED_EDGE('',*,*,#6632,.T.);
#5837=ORIENTED_EDGE('',*,*,#6825,.T.);
#5838=ORIENTED_EDGE('',*,*,#6826,.F.);
#5839=ORIENTED_EDGE('',*,*,#6819,.F.);
#5840=ORIENTED_EDGE('',*,*,#6633,.T.);
#5841=ORIENTED_EDGE('',*,*,#6827,.T.);
#5842=ORIENTED_EDGE('',*,*,#6828,.F.);
#5843=ORIENTED_EDGE('',*,*,#6829,.F.);
#5844=ORIENTED_EDGE('',*,*,#6636,.T.);
#5845=ORIENTED_EDGE('',*,*,#6829,.T.);
#5846=ORIENTED_EDGE('',*,*,#6830,.F.);
#5847=ORIENTED_EDGE('',*,*,#6831,.F.);
#5848=ORIENTED_EDGE('',*,*,#6638,.T.);
#5849=ORIENTED_EDGE('',*,*,#6831,.T.);
#5850=ORIENTED_EDGE('',*,*,#6832,.F.);
#5851=ORIENTED_EDGE('',*,*,#6833,.F.);
#5852=ORIENTED_EDGE('',*,*,#6640,.T.);
#5853=ORIENTED_EDGE('',*,*,#6833,.T.);
#5854=ORIENTED_EDGE('',*,*,#6834,.F.);
#5855=ORIENTED_EDGE('',*,*,#6827,.F.);
#5856=ORIENTED_EDGE('',*,*,#6641,.T.);
#5857=ORIENTED_EDGE('',*,*,#6835,.T.);
#5858=ORIENTED_EDGE('',*,*,#6836,.F.);
#5859=ORIENTED_EDGE('',*,*,#6837,.F.);
#5860=ORIENTED_EDGE('',*,*,#6644,.T.);
#5861=ORIENTED_EDGE('',*,*,#6837,.T.);
#5862=ORIENTED_EDGE('',*,*,#6838,.F.);
#5863=ORIENTED_EDGE('',*,*,#6839,.F.);
#5864=ORIENTED_EDGE('',*,*,#6646,.T.);
#5865=ORIENTED_EDGE('',*,*,#6839,.T.);
#5866=ORIENTED_EDGE('',*,*,#6840,.F.);
#5867=ORIENTED_EDGE('',*,*,#6841,.F.);
#5868=ORIENTED_EDGE('',*,*,#6648,.T.);
#5869=ORIENTED_EDGE('',*,*,#6841,.T.);
#5870=ORIENTED_EDGE('',*,*,#6842,.F.);
#5871=ORIENTED_EDGE('',*,*,#6835,.F.);
#5872=ORIENTED_EDGE('',*,*,#6649,.T.);
#5873=ORIENTED_EDGE('',*,*,#6843,.T.);
#5874=ORIENTED_EDGE('',*,*,#6844,.F.);
#5875=ORIENTED_EDGE('',*,*,#6845,.F.);
#5876=ORIENTED_EDGE('',*,*,#6652,.T.);
#5877=ORIENTED_EDGE('',*,*,#6845,.T.);
#5878=ORIENTED_EDGE('',*,*,#6846,.F.);
#5879=ORIENTED_EDGE('',*,*,#6847,.F.);
#5880=ORIENTED_EDGE('',*,*,#6654,.T.);
#5881=ORIENTED_EDGE('',*,*,#6847,.T.);
#5882=ORIENTED_EDGE('',*,*,#6848,.F.);
#5883=ORIENTED_EDGE('',*,*,#6849,.F.);
#5884=ORIENTED_EDGE('',*,*,#6656,.T.);
#5885=ORIENTED_EDGE('',*,*,#6849,.T.);
#5886=ORIENTED_EDGE('',*,*,#6850,.F.);
#5887=ORIENTED_EDGE('',*,*,#6843,.F.);
#5888=ORIENTED_EDGE('',*,*,#6657,.T.);
#5889=ORIENTED_EDGE('',*,*,#6851,.T.);
#5890=ORIENTED_EDGE('',*,*,#6852,.F.);
#5891=ORIENTED_EDGE('',*,*,#6853,.F.);
#5892=ORIENTED_EDGE('',*,*,#6660,.T.);
#5893=ORIENTED_EDGE('',*,*,#6853,.T.);
#5894=ORIENTED_EDGE('',*,*,#6854,.F.);
#5895=ORIENTED_EDGE('',*,*,#6855,.F.);
#5896=ORIENTED_EDGE('',*,*,#6662,.T.);
#5897=ORIENTED_EDGE('',*,*,#6855,.T.);
#5898=ORIENTED_EDGE('',*,*,#6856,.F.);
#5899=ORIENTED_EDGE('',*,*,#6857,.F.);
#5900=ORIENTED_EDGE('',*,*,#6664,.T.);
#5901=ORIENTED_EDGE('',*,*,#6857,.T.);
#5902=ORIENTED_EDGE('',*,*,#6858,.F.);
#5903=ORIENTED_EDGE('',*,*,#6851,.F.);
#5904=ORIENTED_EDGE('',*,*,#6665,.T.);
#5905=ORIENTED_EDGE('',*,*,#6859,.T.);
#5906=ORIENTED_EDGE('',*,*,#6860,.F.);
#5907=ORIENTED_EDGE('',*,*,#6861,.F.);
#5908=ORIENTED_EDGE('',*,*,#6668,.T.);
#5909=ORIENTED_EDGE('',*,*,#6861,.T.);
#5910=ORIENTED_EDGE('',*,*,#6862,.F.);
#5911=ORIENTED_EDGE('',*,*,#6863,.F.);
#5912=ORIENTED_EDGE('',*,*,#6670,.T.);
#5913=ORIENTED_EDGE('',*,*,#6863,.T.);
#5914=ORIENTED_EDGE('',*,*,#6864,.F.);
#5915=ORIENTED_EDGE('',*,*,#6865,.F.);
#5916=ORIENTED_EDGE('',*,*,#6672,.T.);
#5917=ORIENTED_EDGE('',*,*,#6865,.T.);
#5918=ORIENTED_EDGE('',*,*,#6866,.F.);
#5919=ORIENTED_EDGE('',*,*,#6859,.F.);
#5920=ORIENTED_EDGE('',*,*,#6673,.T.);
#5921=ORIENTED_EDGE('',*,*,#6867,.T.);
#5922=ORIENTED_EDGE('',*,*,#6868,.F.);
#5923=ORIENTED_EDGE('',*,*,#6869,.F.);
#5924=ORIENTED_EDGE('',*,*,#6676,.T.);
#5925=ORIENTED_EDGE('',*,*,#6869,.T.);
#5926=ORIENTED_EDGE('',*,*,#6870,.F.);
#5927=ORIENTED_EDGE('',*,*,#6871,.F.);
#5928=ORIENTED_EDGE('',*,*,#6678,.T.);
#5929=ORIENTED_EDGE('',*,*,#6871,.T.);
#5930=ORIENTED_EDGE('',*,*,#6872,.F.);
#5931=ORIENTED_EDGE('',*,*,#6873,.F.);
#5932=ORIENTED_EDGE('',*,*,#6680,.T.);
#5933=ORIENTED_EDGE('',*,*,#6873,.T.);
#5934=ORIENTED_EDGE('',*,*,#6874,.F.);
#5935=ORIENTED_EDGE('',*,*,#6867,.F.);
#5936=ORIENTED_EDGE('',*,*,#6681,.T.);
#5937=ORIENTED_EDGE('',*,*,#6875,.T.);
#5938=ORIENTED_EDGE('',*,*,#6876,.F.);
#5939=ORIENTED_EDGE('',*,*,#6877,.F.);
#5940=ORIENTED_EDGE('',*,*,#6684,.T.);
#5941=ORIENTED_EDGE('',*,*,#6877,.T.);
#5942=ORIENTED_EDGE('',*,*,#6878,.F.);
#5943=ORIENTED_EDGE('',*,*,#6879,.F.);
#5944=ORIENTED_EDGE('',*,*,#6686,.T.);
#5945=ORIENTED_EDGE('',*,*,#6879,.T.);
#5946=ORIENTED_EDGE('',*,*,#6880,.F.);
#5947=ORIENTED_EDGE('',*,*,#6881,.F.);
#5948=ORIENTED_EDGE('',*,*,#6688,.T.);
#5949=ORIENTED_EDGE('',*,*,#6881,.T.);
#5950=ORIENTED_EDGE('',*,*,#6882,.F.);
#5951=ORIENTED_EDGE('',*,*,#6875,.F.);
#5952=ORIENTED_EDGE('',*,*,#6689,.T.);
#5953=ORIENTED_EDGE('',*,*,#6883,.T.);
#5954=ORIENTED_EDGE('',*,*,#6884,.F.);
#5955=ORIENTED_EDGE('',*,*,#6885,.F.);
#5956=ORIENTED_EDGE('',*,*,#6692,.T.);
#5957=ORIENTED_EDGE('',*,*,#6885,.T.);
#5958=ORIENTED_EDGE('',*,*,#6886,.F.);
#5959=ORIENTED_EDGE('',*,*,#6887,.F.);
#5960=ORIENTED_EDGE('',*,*,#6694,.T.);
#5961=ORIENTED_EDGE('',*,*,#6887,.T.);
#5962=ORIENTED_EDGE('',*,*,#6888,.F.);
#5963=ORIENTED_EDGE('',*,*,#6889,.F.);
#5964=ORIENTED_EDGE('',*,*,#6696,.T.);
#5965=ORIENTED_EDGE('',*,*,#6889,.T.);
#5966=ORIENTED_EDGE('',*,*,#6890,.F.);
#5967=ORIENTED_EDGE('',*,*,#6883,.F.);
#5968=ORIENTED_EDGE('',*,*,#6697,.T.);
#5969=ORIENTED_EDGE('',*,*,#6891,.T.);
#5970=ORIENTED_EDGE('',*,*,#6892,.F.);
#5971=ORIENTED_EDGE('',*,*,#6893,.F.);
#5972=ORIENTED_EDGE('',*,*,#6700,.T.);
#5973=ORIENTED_EDGE('',*,*,#6893,.T.);
#5974=ORIENTED_EDGE('',*,*,#6894,.F.);
#5975=ORIENTED_EDGE('',*,*,#6895,.F.);
#5976=ORIENTED_EDGE('',*,*,#6702,.T.);
#5977=ORIENTED_EDGE('',*,*,#6895,.T.);
#5978=ORIENTED_EDGE('',*,*,#6896,.F.);
#5979=ORIENTED_EDGE('',*,*,#6897,.F.);
#5980=ORIENTED_EDGE('',*,*,#6704,.T.);
#5981=ORIENTED_EDGE('',*,*,#6897,.T.);
#5982=ORIENTED_EDGE('',*,*,#6898,.F.);
#5983=ORIENTED_EDGE('',*,*,#6891,.F.);
#5984=ORIENTED_EDGE('',*,*,#6705,.T.);
#5985=ORIENTED_EDGE('',*,*,#6899,.T.);
#5986=ORIENTED_EDGE('',*,*,#6900,.F.);
#5987=ORIENTED_EDGE('',*,*,#6901,.F.);
#5988=ORIENTED_EDGE('',*,*,#6708,.T.);
#5989=ORIENTED_EDGE('',*,*,#6901,.T.);
#5990=ORIENTED_EDGE('',*,*,#6902,.F.);
#5991=ORIENTED_EDGE('',*,*,#6903,.F.);
#5992=ORIENTED_EDGE('',*,*,#6710,.T.);
#5993=ORIENTED_EDGE('',*,*,#6903,.T.);
#5994=ORIENTED_EDGE('',*,*,#6904,.F.);
#5995=ORIENTED_EDGE('',*,*,#6905,.F.);
#5996=ORIENTED_EDGE('',*,*,#6712,.T.);
#5997=ORIENTED_EDGE('',*,*,#6905,.T.);
#5998=ORIENTED_EDGE('',*,*,#6906,.F.);
#5999=ORIENTED_EDGE('',*,*,#6899,.F.);
#6000=ORIENTED_EDGE('',*,*,#6715,.F.);
#6001=ORIENTED_EDGE('',*,*,#6907,.F.);
#6002=ORIENTED_EDGE('',*,*,#6908,.T.);
#6003=ORIENTED_EDGE('',*,*,#6909,.T.);
#6004=ORIENTED_EDGE('',*,*,#6718,.F.);
#6005=ORIENTED_EDGE('',*,*,#6909,.F.);
#6006=ORIENTED_EDGE('',*,*,#6910,.T.);
#6007=ORIENTED_EDGE('',*,*,#6911,.T.);
#6008=ORIENTED_EDGE('',*,*,#6720,.F.);
#6009=ORIENTED_EDGE('',*,*,#6911,.F.);
#6010=ORIENTED_EDGE('',*,*,#6912,.T.);
#6011=ORIENTED_EDGE('',*,*,#6913,.T.);
#6012=ORIENTED_EDGE('',*,*,#6722,.F.);
#6013=ORIENTED_EDGE('',*,*,#6913,.F.);
#6014=ORIENTED_EDGE('',*,*,#6914,.T.);
#6015=ORIENTED_EDGE('',*,*,#6907,.T.);
#6016=ORIENTED_EDGE('',*,*,#6723,.F.);
#6017=ORIENTED_EDGE('',*,*,#6915,.F.);
#6018=ORIENTED_EDGE('',*,*,#6916,.T.);
#6019=ORIENTED_EDGE('',*,*,#6917,.T.);
#6020=ORIENTED_EDGE('',*,*,#6726,.F.);
#6021=ORIENTED_EDGE('',*,*,#6917,.F.);
#6022=ORIENTED_EDGE('',*,*,#6918,.T.);
#6023=ORIENTED_EDGE('',*,*,#6919,.T.);
#6024=ORIENTED_EDGE('',*,*,#6728,.F.);
#6025=ORIENTED_EDGE('',*,*,#6919,.F.);
#6026=ORIENTED_EDGE('',*,*,#6920,.T.);
#6027=ORIENTED_EDGE('',*,*,#6921,.T.);
#6028=ORIENTED_EDGE('',*,*,#6730,.F.);
#6029=ORIENTED_EDGE('',*,*,#6921,.F.);
#6030=ORIENTED_EDGE('',*,*,#6922,.T.);
#6031=ORIENTED_EDGE('',*,*,#6915,.T.);
#6032=ORIENTED_EDGE('',*,*,#6731,.F.);
#6033=ORIENTED_EDGE('',*,*,#6923,.F.);
#6034=ORIENTED_EDGE('',*,*,#6924,.T.);
#6035=ORIENTED_EDGE('',*,*,#6925,.T.);
#6036=ORIENTED_EDGE('',*,*,#6734,.F.);
#6037=ORIENTED_EDGE('',*,*,#6925,.F.);
#6038=ORIENTED_EDGE('',*,*,#6926,.T.);
#6039=ORIENTED_EDGE('',*,*,#6927,.T.);
#6040=ORIENTED_EDGE('',*,*,#6736,.F.);
#6041=ORIENTED_EDGE('',*,*,#6927,.F.);
#6042=ORIENTED_EDGE('',*,*,#6928,.T.);
#6043=ORIENTED_EDGE('',*,*,#6929,.T.);
#6044=ORIENTED_EDGE('',*,*,#6738,.F.);
#6045=ORIENTED_EDGE('',*,*,#6929,.F.);
#6046=ORIENTED_EDGE('',*,*,#6930,.T.);
#6047=ORIENTED_EDGE('',*,*,#6923,.T.);
#6048=ORIENTED_EDGE('',*,*,#6739,.F.);
#6049=ORIENTED_EDGE('',*,*,#6931,.F.);
#6050=ORIENTED_EDGE('',*,*,#6932,.T.);
#6051=ORIENTED_EDGE('',*,*,#6933,.T.);
#6052=ORIENTED_EDGE('',*,*,#6742,.F.);
#6053=ORIENTED_EDGE('',*,*,#6933,.F.);
#6054=ORIENTED_EDGE('',*,*,#6934,.T.);
#6055=ORIENTED_EDGE('',*,*,#6935,.T.);
#6056=ORIENTED_EDGE('',*,*,#6744,.F.);
#6057=ORIENTED_EDGE('',*,*,#6935,.F.);
#6058=ORIENTED_EDGE('',*,*,#6936,.T.);
#6059=ORIENTED_EDGE('',*,*,#6937,.T.);
#6060=ORIENTED_EDGE('',*,*,#6746,.F.);
#6061=ORIENTED_EDGE('',*,*,#6937,.F.);
#6062=ORIENTED_EDGE('',*,*,#6938,.T.);
#6063=ORIENTED_EDGE('',*,*,#6931,.T.);
#6064=ORIENTED_EDGE('',*,*,#6747,.F.);
#6065=ORIENTED_EDGE('',*,*,#6939,.F.);
#6066=ORIENTED_EDGE('',*,*,#6940,.T.);
#6067=ORIENTED_EDGE('',*,*,#6941,.T.);
#6068=ORIENTED_EDGE('',*,*,#6750,.F.);
#6069=ORIENTED_EDGE('',*,*,#6941,.F.);
#6070=ORIENTED_EDGE('',*,*,#6942,.T.);
#6071=ORIENTED_EDGE('',*,*,#6943,.T.);
#6072=ORIENTED_EDGE('',*,*,#6752,.F.);
#6073=ORIENTED_EDGE('',*,*,#6943,.F.);
#6074=ORIENTED_EDGE('',*,*,#6944,.T.);
#6075=ORIENTED_EDGE('',*,*,#6945,.T.);
#6076=ORIENTED_EDGE('',*,*,#6754,.F.);
#6077=ORIENTED_EDGE('',*,*,#6945,.F.);
#6078=ORIENTED_EDGE('',*,*,#6946,.T.);
#6079=ORIENTED_EDGE('',*,*,#6939,.T.);
#6080=ORIENTED_EDGE('',*,*,#6755,.F.);
#6081=ORIENTED_EDGE('',*,*,#6947,.F.);
#6082=ORIENTED_EDGE('',*,*,#6948,.T.);
#6083=ORIENTED_EDGE('',*,*,#6949,.T.);
#6084=ORIENTED_EDGE('',*,*,#6758,.F.);
#6085=ORIENTED_EDGE('',*,*,#6949,.F.);
#6086=ORIENTED_EDGE('',*,*,#6950,.T.);
#6087=ORIENTED_EDGE('',*,*,#6951,.T.);
#6088=ORIENTED_EDGE('',*,*,#6760,.F.);
#6089=ORIENTED_EDGE('',*,*,#6951,.F.);
#6090=ORIENTED_EDGE('',*,*,#6952,.T.);
#6091=ORIENTED_EDGE('',*,*,#6953,.T.);
#6092=ORIENTED_EDGE('',*,*,#6762,.F.);
#6093=ORIENTED_EDGE('',*,*,#6953,.F.);
#6094=ORIENTED_EDGE('',*,*,#6954,.T.);
#6095=ORIENTED_EDGE('',*,*,#6947,.T.);
#6096=ORIENTED_EDGE('',*,*,#6763,.F.);
#6097=ORIENTED_EDGE('',*,*,#6955,.F.);
#6098=ORIENTED_EDGE('',*,*,#6956,.T.);
#6099=ORIENTED_EDGE('',*,*,#6957,.T.);
#6100=ORIENTED_EDGE('',*,*,#6766,.F.);
#6101=ORIENTED_EDGE('',*,*,#6957,.F.);
#6102=ORIENTED_EDGE('',*,*,#6958,.T.);
#6103=ORIENTED_EDGE('',*,*,#6959,.T.);
#6104=ORIENTED_EDGE('',*,*,#6768,.F.);
#6105=ORIENTED_EDGE('',*,*,#6959,.F.);
#6106=ORIENTED_EDGE('',*,*,#6960,.T.);
#6107=ORIENTED_EDGE('',*,*,#6961,.T.);
#6108=ORIENTED_EDGE('',*,*,#6770,.F.);
#6109=ORIENTED_EDGE('',*,*,#6961,.F.);
#6110=ORIENTED_EDGE('',*,*,#6962,.T.);
#6111=ORIENTED_EDGE('',*,*,#6955,.T.);
#6112=ORIENTED_EDGE('',*,*,#6771,.F.);
#6113=ORIENTED_EDGE('',*,*,#6963,.F.);
#6114=ORIENTED_EDGE('',*,*,#6964,.T.);
#6115=ORIENTED_EDGE('',*,*,#6965,.T.);
#6116=ORIENTED_EDGE('',*,*,#6774,.F.);
#6117=ORIENTED_EDGE('',*,*,#6965,.F.);
#6118=ORIENTED_EDGE('',*,*,#6966,.T.);
#6119=ORIENTED_EDGE('',*,*,#6967,.T.);
#6120=ORIENTED_EDGE('',*,*,#6776,.F.);
#6121=ORIENTED_EDGE('',*,*,#6967,.F.);
#6122=ORIENTED_EDGE('',*,*,#6968,.T.);
#6123=ORIENTED_EDGE('',*,*,#6969,.T.);
#6124=ORIENTED_EDGE('',*,*,#6778,.F.);
#6125=ORIENTED_EDGE('',*,*,#6969,.F.);
#6126=ORIENTED_EDGE('',*,*,#6970,.T.);
#6127=ORIENTED_EDGE('',*,*,#6963,.T.);
#6128=ORIENTED_EDGE('',*,*,#6779,.F.);
#6129=ORIENTED_EDGE('',*,*,#6971,.F.);
#6130=ORIENTED_EDGE('',*,*,#6972,.T.);
#6131=ORIENTED_EDGE('',*,*,#6973,.T.);
#6132=ORIENTED_EDGE('',*,*,#6782,.F.);
#6133=ORIENTED_EDGE('',*,*,#6973,.F.);
#6134=ORIENTED_EDGE('',*,*,#6974,.T.);
#6135=ORIENTED_EDGE('',*,*,#6975,.T.);
#6136=ORIENTED_EDGE('',*,*,#6784,.F.);
#6137=ORIENTED_EDGE('',*,*,#6975,.F.);
#6138=ORIENTED_EDGE('',*,*,#6976,.T.);
#6139=ORIENTED_EDGE('',*,*,#6977,.T.);
#6140=ORIENTED_EDGE('',*,*,#6786,.F.);
#6141=ORIENTED_EDGE('',*,*,#6977,.F.);
#6142=ORIENTED_EDGE('',*,*,#6978,.T.);
#6143=ORIENTED_EDGE('',*,*,#6971,.T.);
#6144=ORIENTED_EDGE('',*,*,#6787,.F.);
#6145=ORIENTED_EDGE('',*,*,#6979,.F.);
#6146=ORIENTED_EDGE('',*,*,#6980,.T.);
#6147=ORIENTED_EDGE('',*,*,#6981,.T.);
#6148=ORIENTED_EDGE('',*,*,#6790,.F.);
#6149=ORIENTED_EDGE('',*,*,#6981,.F.);
#6150=ORIENTED_EDGE('',*,*,#6982,.T.);
#6151=ORIENTED_EDGE('',*,*,#6983,.T.);
#6152=ORIENTED_EDGE('',*,*,#6792,.F.);
#6153=ORIENTED_EDGE('',*,*,#6983,.F.);
#6154=ORIENTED_EDGE('',*,*,#6984,.T.);
#6155=ORIENTED_EDGE('',*,*,#6985,.T.);
#6156=ORIENTED_EDGE('',*,*,#6794,.F.);
#6157=ORIENTED_EDGE('',*,*,#6985,.F.);
#6158=ORIENTED_EDGE('',*,*,#6986,.T.);
#6159=ORIENTED_EDGE('',*,*,#6979,.T.);
#6160=ORIENTED_EDGE('',*,*,#6795,.F.);
#6161=ORIENTED_EDGE('',*,*,#6987,.F.);
#6162=ORIENTED_EDGE('',*,*,#6988,.T.);
#6163=ORIENTED_EDGE('',*,*,#6989,.T.);
#6164=ORIENTED_EDGE('',*,*,#6798,.F.);
#6165=ORIENTED_EDGE('',*,*,#6989,.F.);
#6166=ORIENTED_EDGE('',*,*,#6990,.T.);
#6167=ORIENTED_EDGE('',*,*,#6991,.T.);
#6168=ORIENTED_EDGE('',*,*,#6800,.F.);
#6169=ORIENTED_EDGE('',*,*,#6991,.F.);
#6170=ORIENTED_EDGE('',*,*,#6992,.T.);
#6171=ORIENTED_EDGE('',*,*,#6993,.T.);
#6172=ORIENTED_EDGE('',*,*,#6802,.F.);
#6173=ORIENTED_EDGE('',*,*,#6993,.F.);
#6174=ORIENTED_EDGE('',*,*,#6994,.T.);
#6175=ORIENTED_EDGE('',*,*,#6987,.T.);
#6176=ORIENTED_EDGE('',*,*,#6803,.F.);
#6177=ORIENTED_EDGE('',*,*,#6995,.F.);
#6178=ORIENTED_EDGE('',*,*,#6996,.T.);
#6179=ORIENTED_EDGE('',*,*,#6997,.T.);
#6180=ORIENTED_EDGE('',*,*,#6806,.F.);
#6181=ORIENTED_EDGE('',*,*,#6997,.F.);
#6182=ORIENTED_EDGE('',*,*,#6998,.T.);
#6183=ORIENTED_EDGE('',*,*,#6999,.T.);
#6184=ORIENTED_EDGE('',*,*,#6808,.F.);
#6185=ORIENTED_EDGE('',*,*,#6999,.F.);
#6186=ORIENTED_EDGE('',*,*,#7000,.T.);
#6187=ORIENTED_EDGE('',*,*,#7001,.T.);
#6188=ORIENTED_EDGE('',*,*,#6810,.F.);
#6189=ORIENTED_EDGE('',*,*,#7001,.F.);
#6190=ORIENTED_EDGE('',*,*,#7002,.T.);
#6191=ORIENTED_EDGE('',*,*,#6995,.T.);
#6192=ORIENTED_EDGE('',*,*,#6818,.T.);
#6193=ORIENTED_EDGE('',*,*,#6816,.T.);
#6194=ORIENTED_EDGE('',*,*,#6814,.T.);
#6195=ORIENTED_EDGE('',*,*,#6812,.T.);
#6196=ORIENTED_EDGE('',*,*,#6826,.T.);
#6197=ORIENTED_EDGE('',*,*,#6824,.T.);
#6198=ORIENTED_EDGE('',*,*,#6822,.T.);
#6199=ORIENTED_EDGE('',*,*,#6820,.T.);
#6200=ORIENTED_EDGE('',*,*,#6834,.T.);
#6201=ORIENTED_EDGE('',*,*,#6832,.T.);
#6202=ORIENTED_EDGE('',*,*,#6830,.T.);
#6203=ORIENTED_EDGE('',*,*,#6828,.T.);
#6204=ORIENTED_EDGE('',*,*,#6842,.T.);
#6205=ORIENTED_EDGE('',*,*,#6840,.T.);
#6206=ORIENTED_EDGE('',*,*,#6838,.T.);
#6207=ORIENTED_EDGE('',*,*,#6836,.T.);
#6208=ORIENTED_EDGE('',*,*,#6850,.T.);
#6209=ORIENTED_EDGE('',*,*,#6848,.T.);
#6210=ORIENTED_EDGE('',*,*,#6846,.T.);
#6211=ORIENTED_EDGE('',*,*,#6844,.T.);
#6212=ORIENTED_EDGE('',*,*,#6858,.T.);
#6213=ORIENTED_EDGE('',*,*,#6856,.T.);
#6214=ORIENTED_EDGE('',*,*,#6854,.T.);
#6215=ORIENTED_EDGE('',*,*,#6852,.T.);
#6216=ORIENTED_EDGE('',*,*,#6866,.T.);
#6217=ORIENTED_EDGE('',*,*,#6864,.T.);
#6218=ORIENTED_EDGE('',*,*,#6862,.T.);
#6219=ORIENTED_EDGE('',*,*,#6860,.T.);
#6220=ORIENTED_EDGE('',*,*,#6874,.T.);
#6221=ORIENTED_EDGE('',*,*,#6872,.T.);
#6222=ORIENTED_EDGE('',*,*,#6870,.T.);
#6223=ORIENTED_EDGE('',*,*,#6868,.T.);
#6224=ORIENTED_EDGE('',*,*,#6882,.T.);
#6225=ORIENTED_EDGE('',*,*,#6880,.T.);
#6226=ORIENTED_EDGE('',*,*,#6878,.T.);
#6227=ORIENTED_EDGE('',*,*,#6876,.T.);
#6228=ORIENTED_EDGE('',*,*,#6890,.T.);
#6229=ORIENTED_EDGE('',*,*,#6888,.T.);
#6230=ORIENTED_EDGE('',*,*,#6886,.T.);
#6231=ORIENTED_EDGE('',*,*,#6884,.T.);
#6232=ORIENTED_EDGE('',*,*,#6898,.T.);
#6233=ORIENTED_EDGE('',*,*,#6896,.T.);
#6234=ORIENTED_EDGE('',*,*,#6894,.T.);
#6235=ORIENTED_EDGE('',*,*,#6892,.T.);
#6236=ORIENTED_EDGE('',*,*,#6906,.T.);
#6237=ORIENTED_EDGE('',*,*,#6904,.T.);
#6238=ORIENTED_EDGE('',*,*,#6902,.T.);
#6239=ORIENTED_EDGE('',*,*,#6900,.T.);
#6240=ORIENTED_EDGE('',*,*,#6910,.F.);
#6241=ORIENTED_EDGE('',*,*,#6908,.F.);
#6242=ORIENTED_EDGE('',*,*,#6914,.F.);
#6243=ORIENTED_EDGE('',*,*,#6912,.F.);
#6244=ORIENTED_EDGE('',*,*,#6918,.F.);
#6245=ORIENTED_EDGE('',*,*,#6916,.F.);
#6246=ORIENTED_EDGE('',*,*,#6922,.F.);
#6247=ORIENTED_EDGE('',*,*,#6920,.F.);
#6248=ORIENTED_EDGE('',*,*,#6926,.F.);
#6249=ORIENTED_EDGE('',*,*,#6924,.F.);
#6250=ORIENTED_EDGE('',*,*,#6930,.F.);
#6251=ORIENTED_EDGE('',*,*,#6928,.F.);
#6252=ORIENTED_EDGE('',*,*,#6934,.F.);
#6253=ORIENTED_EDGE('',*,*,#6932,.F.);
#6254=ORIENTED_EDGE('',*,*,#6938,.F.);
#6255=ORIENTED_EDGE('',*,*,#6936,.F.);
#6256=ORIENTED_EDGE('',*,*,#6942,.F.);
#6257=ORIENTED_EDGE('',*,*,#6940,.F.);
#6258=ORIENTED_EDGE('',*,*,#6946,.F.);
#6259=ORIENTED_EDGE('',*,*,#6944,.F.);
#6260=ORIENTED_EDGE('',*,*,#6950,.F.);
#6261=ORIENTED_EDGE('',*,*,#6948,.F.);
#6262=ORIENTED_EDGE('',*,*,#6954,.F.);
#6263=ORIENTED_EDGE('',*,*,#6952,.F.);
#6264=ORIENTED_EDGE('',*,*,#6958,.F.);
#6265=ORIENTED_EDGE('',*,*,#6956,.F.);
#6266=ORIENTED_EDGE('',*,*,#6962,.F.);
#6267=ORIENTED_EDGE('',*,*,#6960,.F.);
#6268=ORIENTED_EDGE('',*,*,#6966,.F.);
#6269=ORIENTED_EDGE('',*,*,#6964,.F.);
#6270=ORIENTED_EDGE('',*,*,#6970,.F.);
#6271=ORIENTED_EDGE('',*,*,#6968,.F.);
#6272=ORIENTED_EDGE('',*,*,#6974,.F.);
#6273=ORIENTED_EDGE('',*,*,#6972,.F.);
#6274=ORIENTED_EDGE('',*,*,#6978,.F.);
#6275=ORIENTED_EDGE('',*,*,#6976,.F.);
#6276=ORIENTED_EDGE('',*,*,#6982,.F.);
#6277=ORIENTED_EDGE('',*,*,#6980,.F.);
#6278=ORIENTED_EDGE('',*,*,#6986,.F.);
#6279=ORIENTED_EDGE('',*,*,#6984,.F.);
#6280=ORIENTED_EDGE('',*,*,#6990,.F.);
#6281=ORIENTED_EDGE('',*,*,#6988,.F.);
#6282=ORIENTED_EDGE('',*,*,#6994,.F.);
#6283=ORIENTED_EDGE('',*,*,#6992,.F.);
#6284=ORIENTED_EDGE('',*,*,#6998,.F.);
#6285=ORIENTED_EDGE('',*,*,#6996,.F.);
#6286=ORIENTED_EDGE('',*,*,#7002,.F.);
#6287=ORIENTED_EDGE('',*,*,#7000,.F.);
#6288=EDGE_CURVE('',#7003,#7004,#7005,.T.);
#6289=EDGE_CURVE('',#7004,#7006,#7007,.T.);
#6290=EDGE_CURVE('',#7006,#7008,#7009,.T.);
#6291=EDGE_CURVE('',#7008,#7010,#7011,.T.);
#6292=EDGE_CURVE('',#7010,#7012,#7013,.T.);
#6293=EDGE_CURVE('',#7012,#7014,#7015,.T.);
#6294=EDGE_CURVE('',#7016,#7014,#7017,.F.);
#6295=EDGE_CURVE('',#7018,#7016,#7019,.T.);
#6296=EDGE_CURVE('',#7018,#7020,#7021,.T.);
#6297=EDGE_CURVE('',#7022,#7020,#7023,.T.);
#6298=EDGE_CURVE('',#7024,#7022,#7025,.T.);
#6299=EDGE_CURVE('',#7024,#7026,#7027,.T.);
#6300=EDGE_CURVE('',#7026,#7028,#7029,.T.);
#6301=EDGE_CURVE('',#7030,#7028,#7031,.F.);
#6302=EDGE_CURVE('',#7032,#7030,#7033,.F.);
#6303=EDGE_CURVE('',#7032,#7034,#7035,.T.);
#6304=EDGE_CURVE('',#7034,#7036,#7037,.T.);
#6305=EDGE_CURVE('',#7036,#7038,#7039,.T.);
#6306=EDGE_CURVE('',#7038,#7040,#7041,.T.);
#6307=EDGE_CURVE('',#7040,#7042,#7043,.T.);
#6308=EDGE_CURVE('',#7042,#7044,#7045,.T.);
#6309=EDGE_CURVE('',#7003,#7044,#7046,.F.);
#6310=EDGE_CURVE('',#7047,#7003,#7048,.F.);
#6311=EDGE_CURVE('',#7044,#7049,#7050,.F.);
#6312=EDGE_CURVE('',#7049,#7047,#7051,.T.);
#6313=EDGE_CURVE('',#7014,#7052,#7053,.F.);
#6314=EDGE_CURVE('',#7052,#7054,#7055,.T.);
#6315=EDGE_CURVE('',#7054,#7016,#7056,.T.);
#6316=EDGE_CURVE('',#7057,#7047,#7058,.F.);
#6317=EDGE_CURVE('',#7049,#7059,#7060,.F.);
#6318=EDGE_CURVE('',#7059,#7061,#7062,.F.);
#6319=EDGE_CURVE('',#7061,#7063,#7064,.F.);
#6320=EDGE_CURVE('',#7063,#7065,#7066,.F.);
#6321=EDGE_CURVE('',#7065,#7067,#7068,.F.);
#6322=EDGE_CURVE('',#7067,#7069,#7070,.F.);
#6323=EDGE_CURVE('',#7071,#7069,#7072,.T.);
#6324=EDGE_CURVE('',#7073,#7071,#7074,.T.);
#6325=EDGE_CURVE('',#7075,#7073,#7076,.T.);
#6326=EDGE_CURVE('',#7075,#7077,#7078,.F.);
#6327=EDGE_CURVE('',#7077,#7079,#7080,.T.);
#6328=EDGE_CURVE('',#7079,#7081,#7082,.F.);
#6329=EDGE_CURVE('',#7081,#7083,#7084,.T.);
#6330=EDGE_CURVE('',#7083,#7085,#7086,.F.);
#6331=EDGE_CURVE('',#7085,#7087,#7088,.T.);
#6332=EDGE_CURVE('',#7087,#7089,#7090,.F.);
#6333=EDGE_CURVE('',#7089,#7091,#7092,.T.);
#6334=EDGE_CURVE('',#7091,#7093,#7094,.F.);
#6335=EDGE_CURVE('',#7093,#7095,#7096,.T.);
#6336=EDGE_CURVE('',#7095,#7097,#7098,.F.);
#6337=EDGE_CURVE('',#7097,#7099,#7100,.T.);
#6338=EDGE_CURVE('',#7099,#7101,#7102,.F.);
#6339=EDGE_CURVE('',#7101,#7103,#7104,.T.);
#6340=EDGE_CURVE('',#7103,#7105,#7106,.F.);
#6341=EDGE_CURVE('',#7105,#7107,#7108,.T.);
#6342=EDGE_CURVE('',#7107,#7109,#7110,.F.);
#6343=EDGE_CURVE('',#7109,#7111,#7112,.T.);
#6344=EDGE_CURVE('',#7111,#7113,#7114,.F.);
#6345=EDGE_CURVE('',#7113,#7115,#7116,.T.);
#6346=EDGE_CURVE('',#7115,#7117,#7118,.F.);
#6347=EDGE_CURVE('',#7117,#7119,#7120,.T.);
#6348=EDGE_CURVE('',#7119,#7121,#7122,.F.);
#6349=EDGE_CURVE('',#7121,#7123,#7124,.T.);
#6350=EDGE_CURVE('',#7123,#7125,#7126,.F.);
#6351=EDGE_CURVE('',#7125,#7127,#7128,.T.);
#6352=EDGE_CURVE('',#7127,#7129,#7130,.F.);
#6353=EDGE_CURVE('',#7129,#7131,#7132,.T.);
#6354=EDGE_CURVE('',#7131,#7133,#7134,.F.);
#6355=EDGE_CURVE('',#7133,#7135,#7136,.T.);
#6356=EDGE_CURVE('',#7135,#7137,#7138,.F.);
#6357=EDGE_CURVE('',#7137,#7139,#7140,.T.);
#6358=EDGE_CURVE('',#7139,#7141,#7142,.F.);
#6359=EDGE_CURVE('',#7141,#7143,#7144,.T.);
#6360=EDGE_CURVE('',#7143,#7145,#7146,.F.);
#6361=EDGE_CURVE('',#7145,#7147,#7148,.T.);
#6362=EDGE_CURVE('',#7147,#7149,#7150,.F.);
#6363=EDGE_CURVE('',#7149,#7151,#7152,.T.);
#6364=EDGE_CURVE('',#7151,#7153,#7154,.F.);
#6365=EDGE_CURVE('',#7153,#7155,#7156,.T.);
#6366=EDGE_CURVE('',#7155,#7157,#7158,.F.);
#6367=EDGE_CURVE('',#7157,#7159,#7160,.T.);
#6368=EDGE_CURVE('',#7159,#7161,#7162,.F.);
#6369=EDGE_CURVE('',#7161,#7163,#7164,.T.);
#6370=EDGE_CURVE('',#7163,#7165,#7166,.F.);
#6371=EDGE_CURVE('',#7165,#7167,#7168,.T.);
#6372=EDGE_CURVE('',#7167,#7169,#7170,.F.);
#6373=EDGE_CURVE('',#7169,#7171,#7172,.T.);
#6374=EDGE_CURVE('',#7171,#7054,#7173,.T.);
#6375=EDGE_CURVE('',#7052,#7174,#7175,.F.);
#6376=EDGE_CURVE('',#7174,#7176,#7177,.F.);
#6377=EDGE_CURVE('',#7176,#7178,#7179,.F.);
#6378=EDGE_CURVE('',#7178,#7180,#7181,.F.);
#6379=EDGE_CURVE('',#7180,#7057,#7182,.F.);
#6380=EDGE_CURVE('',#7012,#7174,#7183,.T.);
#6381=EDGE_CURVE('',#7010,#7176,#7184,.T.);
#6382=EDGE_CURVE('',#7008,#7178,#7185,.T.);
#6383=EDGE_CURVE('',#7006,#7180,#7186,.T.);
#6384=EDGE_CURVE('',#7004,#7057,#7187,.T.);
#6385=EDGE_CURVE('',#7188,#7189,#7190,.T.);
#6386=EDGE_CURVE('',#7189,#7018,#7191,.T.);
#6387=EDGE_CURVE('',#7192,#7171,#7193,.T.);
#6388=EDGE_CURVE('',#7194,#7192,#7195,.T.);
#6389=EDGE_CURVE('',#7188,#7194,#7196,.T.);
#6390=EDGE_CURVE('',#7020,#7197,#7198,.F.);
#6391=EDGE_CURVE('',#7189,#7197,#7199,.T.);
#6392=EDGE_CURVE('',#7200,#7201,#7202,.T.);
#6393=EDGE_CURVE('',#7200,#7203,#7204,.T.);
#6394=EDGE_CURVE('',#7203,#7022,#7205,.T.);
#6395=EDGE_CURVE('',#7197,#7201,#7206,.F.);
#6396=EDGE_CURVE('',#7203,#7207,#7208,.T.);
#6397=EDGE_CURVE('',#7207,#7024,#7209,.T.);
#6398=EDGE_CURVE('',#7210,#7211,#7212,.T.);
#6399=EDGE_CURVE('',#7213,#7210,#7214,.T.);
#6400=EDGE_CURVE('',#7215,#7213,#7216,.T.);
#6401=EDGE_CURVE('',#7211,#7215,#7217,.T.);
#6402=EDGE_CURVE('',#7218,#7219,#7220,.T.);
#6403=EDGE_CURVE('',#7221,#7218,#7222,.T.);
#6404=EDGE_CURVE('',#7223,#7221,#7224,.T.);
#6405=EDGE_CURVE('',#7219,#7223,#7225,.T.);
#6406=EDGE_CURVE('',#7226,#7227,#7228,.T.);
#6407=EDGE_CURVE('',#7229,#7226,#7230,.T.);
#6408=EDGE_CURVE('',#7231,#7229,#7232,.T.);
#6409=EDGE_CURVE('',#7227,#7231,#7233,.T.);
#6410=EDGE_CURVE('',#7234,#7235,#7236,.T.);
#6411=EDGE_CURVE('',#7237,#7234,#7238,.T.);
#6412=EDGE_CURVE('',#7239,#7237,#7240,.T.);
#6413=EDGE_CURVE('',#7235,#7239,#7241,.T.);
#6414=EDGE_CURVE('',#7242,#7243,#7244,.T.);
#6415=EDGE_CURVE('',#7245,#7242,#7246,.T.);
#6416=EDGE_CURVE('',#7247,#7245,#7248,.T.);
#6417=EDGE_CURVE('',#7243,#7247,#7249,.T.);
#6418=EDGE_CURVE('',#7250,#7251,#7252,.T.);
#6419=EDGE_CURVE('',#7253,#7250,#7254,.T.);
#6420=EDGE_CURVE('',#7255,#7253,#7256,.T.);
#6421=EDGE_CURVE('',#7251,#7255,#7257,.T.);
#6422=EDGE_CURVE('',#7258,#7259,#7260,.T.);
#6423=EDGE_CURVE('',#7261,#7258,#7262,.T.);
#6424=EDGE_CURVE('',#7263,#7261,#7264,.T.);
#6425=EDGE_CURVE('',#7259,#7263,#7265,.T.);
#6426=EDGE_CURVE('',#7266,#7267,#7268,.T.);
#6427=EDGE_CURVE('',#7269,#7266,#7270,.T.);
#6428=EDGE_CURVE('',#7271,#7269,#7272,.T.);
#6429=EDGE_CURVE('',#7267,#7271,#7273,.T.);
#6430=EDGE_CURVE('',#7274,#7275,#7276,.T.);
#6431=EDGE_CURVE('',#7277,#7274,#7278,.T.);
#6432=EDGE_CURVE('',#7279,#7277,#7280,.T.);
#6433=EDGE_CURVE('',#7275,#7279,#7281,.T.);
#6434=EDGE_CURVE('',#7282,#7283,#7284,.T.);
#6435=EDGE_CURVE('',#7285,#7282,#7286,.T.);
#6436=EDGE_CURVE('',#7287,#7285,#7288,.T.);
#6437=EDGE_CURVE('',#7283,#7287,#7289,.T.);
#6438=EDGE_CURVE('',#7290,#7291,#7292,.T.);
#6439=EDGE_CURVE('',#7293,#7290,#7294,.T.);
#6440=EDGE_CURVE('',#7295,#7293,#7296,.T.);
#6441=EDGE_CURVE('',#7291,#7295,#7297,.T.);
#6442=EDGE_CURVE('',#7298,#7299,#7300,.T.);
#6443=EDGE_CURVE('',#7301,#7298,#7302,.T.);
#6444=EDGE_CURVE('',#7303,#7301,#7304,.T.);
#6445=EDGE_CURVE('',#7299,#7303,#7305,.T.);
#6446=EDGE_CURVE('',#7306,#7307,#7308,.F.);
#6447=EDGE_CURVE('',#7306,#7309,#7310,.T.);
#6448=EDGE_CURVE('',#7309,#7026,#7311,.T.);
#6449=EDGE_CURVE('',#7307,#7207,#7312,.T.);
#6450=EDGE_CURVE('',#7309,#7313,#7314,.T.);
#6451=EDGE_CURVE('',#7028,#7313,#7315,.F.);
#6452=EDGE_CURVE('',#7313,#7316,#7317,.F.);
#6453=EDGE_CURVE('',#7316,#7318,#7319,.T.);
#6454=EDGE_CURVE('',#7318,#7320,#7321,.T.);
#6455=EDGE_CURVE('',#7320,#7073,#7322,.T.);
#6456=EDGE_CURVE('',#7071,#7030,#7323,.T.);
#6457=EDGE_CURVE('',#7069,#7032,#7324,.F.);
#6458=EDGE_CURVE('',#7034,#7067,#7325,.T.);
#6459=EDGE_CURVE('',#7036,#7065,#7326,.T.);
#6460=EDGE_CURVE('',#7038,#7063,#7327,.T.);
#6461=EDGE_CURVE('',#7040,#7061,#7328,.T.);
#6462=EDGE_CURVE('',#7042,#7059,#7329,.T.);
#6463=EDGE_CURVE('',#7330,#7075,#7331,.T.);
#6464=EDGE_CURVE('',#7330,#7320,#7332,.T.);
#6465=EDGE_CURVE('',#7333,#7330,#7334,.F.);
#6466=EDGE_CURVE('',#7077,#7333,#7335,.T.);
#6467=EDGE_CURVE('',#7336,#7333,#7337,.T.);
#6468=EDGE_CURVE('',#7336,#7079,#7338,.T.);
#6469=EDGE_CURVE('',#7339,#7340,#7341,.T.);
#6470=EDGE_CURVE('',#7342,#7339,#7343,.T.);
#6471=EDGE_CURVE('',#7344,#7342,#7345,.T.);
#6472=EDGE_CURVE('',#7340,#7344,#7346,.T.);
#6473=EDGE_CURVE('',#7347,#7336,#7348,.F.);
#6474=EDGE_CURVE('',#7081,#7347,#7349,.T.);
#6475=EDGE_CURVE('',#7350,#7083,#7351,.T.);
#6476=EDGE_CURVE('',#7350,#7347,#7352,.T.);
#6477=EDGE_CURVE('',#7353,#7350,#7354,.F.);
#6478=EDGE_CURVE('',#7085,#7353,#7355,.T.);
#6479=EDGE_CURVE('',#7356,#7353,#7357,.T.);
#6480=EDGE_CURVE('',#7356,#7087,#7358,.T.);
#6481=EDGE_CURVE('',#7359,#7360,#7361,.T.);
#6482=EDGE_CURVE('',#7362,#7359,#7363,.T.);
#6483=EDGE_CURVE('',#7364,#7362,#7365,.T.);
#6484=EDGE_CURVE('',#7360,#7364,#7366,.T.);
#6485=EDGE_CURVE('',#7089,#7367,#7368,.T.);
#6486=EDGE_CURVE('',#7367,#7356,#7369,.F.);
#6487=EDGE_CURVE('',#7370,#7367,#7371,.T.);
#6488=EDGE_CURVE('',#7370,#7091,#7372,.T.);
#6489=EDGE_CURVE('',#7373,#7370,#7374,.F.);
#6490=EDGE_CURVE('',#7093,#7373,#7375,.T.);
#6491=EDGE_CURVE('',#7376,#7373,#7377,.T.);
#6492=EDGE_CURVE('',#7376,#7095,#7378,.T.);
#6493=EDGE_CURVE('',#7379,#7380,#7381,.T.);
#6494=EDGE_CURVE('',#7382,#7379,#7383,.T.);
#6495=EDGE_CURVE('',#7384,#7382,#7385,.T.);
#6496=EDGE_CURVE('',#7380,#7384,#7386,.T.);
#6497=EDGE_CURVE('',#7097,#7387,#7388,.T.);
#6498=EDGE_CURVE('',#7387,#7376,#7389,.F.);
#6499=EDGE_CURVE('',#7390,#7387,#7391,.T.);
#6500=EDGE_CURVE('',#7390,#7099,#7392,.T.);
#6501=EDGE_CURVE('',#7393,#7390,#7394,.F.);
#6502=EDGE_CURVE('',#7101,#7393,#7395,.T.);
#6503=EDGE_CURVE('',#7396,#7393,#7397,.T.);
#6504=EDGE_CURVE('',#7396,#7103,#7398,.T.);
#6505=EDGE_CURVE('',#7399,#7400,#7401,.T.);
#6506=EDGE_CURVE('',#7402,#7399,#7403,.T.);
#6507=EDGE_CURVE('',#7404,#7402,#7405,.T.);
#6508=EDGE_CURVE('',#7400,#7404,#7406,.T.);
#6509=EDGE_CURVE('',#7105,#7407,#7408,.T.);
#6510=EDGE_CURVE('',#7407,#7396,#7409,.F.);
#6511=EDGE_CURVE('',#7410,#7407,#7411,.T.);
#6512=EDGE_CURVE('',#7410,#7107,#7412,.T.);
#6513=EDGE_CURVE('',#7413,#7410,#7414,.F.);
#6514=EDGE_CURVE('',#7109,#7413,#7415,.T.);
#6515=EDGE_CURVE('',#7416,#7413,#7417,.T.);
#6516=EDGE_CURVE('',#7416,#7111,#7418,.T.);
#6517=EDGE_CURVE('',#7419,#7420,#7421,.T.);
#6518=EDGE_CURVE('',#7422,#7419,#7423,.T.);
#6519=EDGE_CURVE('',#7424,#7422,#7425,.T.);
#6520=EDGE_CURVE('',#7420,#7424,#7426,.T.);
#6521=EDGE_CURVE('',#7113,#7427,#7428,.T.);
#6522=EDGE_CURVE('',#7427,#7416,#7429,.F.);
#6523=EDGE_CURVE('',#7430,#7427,#7431,.T.);
#6524=EDGE_CURVE('',#7430,#7115,#7432,.T.);
#6525=EDGE_CURVE('',#7433,#7430,#7434,.F.);
#6526=EDGE_CURVE('',#7117,#7433,#7435,.T.);
#6527=EDGE_CURVE('',#7436,#7433,#7437,.T.);
#6528=EDGE_CURVE('',#7436,#7119,#7438,.T.);
#6529=EDGE_CURVE('',#7439,#7440,#7441,.T.);
#6530=EDGE_CURVE('',#7442,#7439,#7443,.T.);
#6531=EDGE_CURVE('',#7444,#7442,#7445,.T.);
#6532=EDGE_CURVE('',#7440,#7444,#7446,.T.);
#6533=EDGE_CURVE('',#7121,#7447,#7448,.T.);
#6534=EDGE_CURVE('',#7447,#7436,#7449,.F.);
#6535=EDGE_CURVE('',#7450,#7447,#7451,.T.);
#6536=EDGE_CURVE('',#7450,#7123,#7452,.T.);
#6537=EDGE_CURVE('',#7453,#7450,#7454,.F.);
#6538=EDGE_CURVE('',#7125,#7453,#7455,.T.);
#6539=EDGE_CURVE('',#7456,#7453,#7457,.T.);
#6540=EDGE_CURVE('',#7456,#7127,#7458,.T.);
#6541=EDGE_CURVE('',#7459,#7460,#7461,.T.);
#6542=EDGE_CURVE('',#7462,#7459,#7463,.T.);
#6543=EDGE_CURVE('',#7464,#7462,#7465,.T.);
#6544=EDGE_CURVE('',#7460,#7464,#7466,.T.);
#6545=EDGE_CURVE('',#7129,#7467,#7468,.T.);
#6546=EDGE_CURVE('',#7467,#7456,#7469,.F.);
#6547=EDGE_CURVE('',#7470,#7467,#7471,.T.);
#6548=EDGE_CURVE('',#7470,#7131,#7472,.T.);
#6549=EDGE_CURVE('',#7473,#7470,#7474,.F.);
#6550=EDGE_CURVE('',#7133,#7473,#7475,.T.);
#6551=EDGE_CURVE('',#7476,#7473,#7477,.T.);
#6552=EDGE_CURVE('',#7476,#7135,#7478,.T.);
#6553=EDGE_CURVE('',#7479,#7480,#7481,.T.);
#6554=EDGE_CURVE('',#7482,#7479,#7483,.T.);
#6555=EDGE_CURVE('',#7484,#7482,#7485,.T.);
#6556=EDGE_CURVE('',#7480,#7484,#7486,.T.);
#6557=EDGE_CURVE('',#7137,#7487,#7488,.T.);
#6558=EDGE_CURVE('',#7487,#7476,#7489,.F.);
#6559=EDGE_CURVE('',#7490,#7487,#7491,.T.);
#6560=EDGE_CURVE('',#7490,#7139,#7492,.T.);
#6561=EDGE_CURVE('',#7493,#7490,#7494,.F.);
#6562=EDGE_CURVE('',#7141,#7493,#7495,.T.);
#6563=EDGE_CURVE('',#7496,#7493,#7497,.T.);
#6564=EDGE_CURVE('',#7496,#7143,#7498,.T.);
#6565=EDGE_CURVE('',#7499,#7500,#7501,.T.);
#6566=EDGE_CURVE('',#7502,#7499,#7503,.T.);
#6567=EDGE_CURVE('',#7504,#7502,#7505,.T.);
#6568=EDGE_CURVE('',#7500,#7504,#7506,.T.);
#6569=EDGE_CURVE('',#7145,#7507,#7508,.T.);
#6570=EDGE_CURVE('',#7507,#7496,#7509,.F.);
#6571=EDGE_CURVE('',#7510,#7507,#7511,.T.);
#6572=EDGE_CURVE('',#7510,#7147,#7512,.T.);
#6573=EDGE_CURVE('',#7513,#7510,#7514,.F.);
#6574=EDGE_CURVE('',#7149,#7513,#7515,.T.);
#6575=EDGE_CURVE('',#7516,#7513,#7517,.T.);
#6576=EDGE_CURVE('',#7516,#7151,#7518,.T.);
#6577=EDGE_CURVE('',#7519,#7520,#7521,.T.);
#6578=EDGE_CURVE('',#7522,#7519,#7523,.T.);
#6579=EDGE_CURVE('',#7524,#7522,#7525,.T.);
#6580=EDGE_CURVE('',#7520,#7524,#7526,.T.);
#6581=EDGE_CURVE('',#7153,#7527,#7528,.T.);
#6582=EDGE_CURVE('',#7527,#7516,#7529,.F.);
#6583=EDGE_CURVE('',#7530,#7527,#7531,.T.);
#6584=EDGE_CURVE('',#7530,#7155,#7532,.T.);
#6585=EDGE_CURVE('',#7533,#7530,#7534,.F.);
#6586=EDGE_CURVE('',#7157,#7533,#7535,.T.);
#6587=EDGE_CURVE('',#7536,#7533,#7537,.T.);
#6588=EDGE_CURVE('',#7536,#7159,#7538,.T.);
#6589=EDGE_CURVE('',#7539,#7540,#7541,.T.);
#6590=EDGE_CURVE('',#7542,#7539,#7543,.T.);
#6591=EDGE_CURVE('',#7544,#7542,#7545,.T.);
#6592=EDGE_CURVE('',#7540,#7544,#7546,.T.);
#6593=EDGE_CURVE('',#7161,#7547,#7548,.T.);
#6594=EDGE_CURVE('',#7547,#7536,#7549,.F.);
#6595=EDGE_CURVE('',#7550,#7547,#7551,.T.);
#6596=EDGE_CURVE('',#7550,#7163,#7552,.T.);
#6597=EDGE_CURVE('',#7553,#7550,#7554,.F.);
#6598=EDGE_CURVE('',#7165,#7553,#7555,.T.);
#6599=EDGE_CURVE('',#7556,#7553,#7557,.T.);
#6600=EDGE_CURVE('',#7556,#7167,#7558,.T.);
#6601=EDGE_CURVE('',#7559,#7560,#7561,.T.);
#6602=EDGE_CURVE('',#7562,#7559,#7563,.T.);
#6603=EDGE_CURVE('',#7564,#7562,#7565,.T.);
#6604=EDGE_CURVE('',#7560,#7564,#7566,.T.);
#6605=EDGE_CURVE('',#7169,#7567,#7568,.T.);
#6606=EDGE_CURVE('',#7567,#7556,#7569,.F.);
#6607=EDGE_CURVE('',#7567,#7192,#7570,.T.);
#6608=EDGE_CURVE('',#7201,#7571,#7572,.F.);
#6609=EDGE_CURVE('',#7571,#7188,#7573,.F.);
#6610=EDGE_CURVE('',#7194,#7318,#7574,.T.);
#6611=EDGE_CURVE('',#7575,#7576,#7577,.F.);
#6612=EDGE_CURVE('',#7576,#7578,#7579,.F.);
#6613=EDGE_CURVE('',#7578,#7571,#7580,.T.);
#6614=EDGE_CURVE('',#7316,#7575,#7581,.F.);
#6615=EDGE_CURVE('',#7200,#7578,#7582,.F.);
#6616=EDGE_CURVE('',#7307,#7200,#7583,.F.);
#6617=EDGE_CURVE('',#7584,#7585,#7586,.T.);
#6618=EDGE_CURVE('',#7210,#7584,#7587,.T.);
#6619=EDGE_CURVE('',#7211,#7585,#7588,.T.);
#6620=EDGE_CURVE('',#7589,#7584,#7590,.T.);
#6621=EDGE_CURVE('',#7213,#7589,#7591,.T.);
#6622=EDGE_CURVE('',#7592,#7589,#7593,.T.);
#6623=EDGE_CURVE('',#7215,#7592,#7594,.T.);
#6624=EDGE_CURVE('',#7585,#7592,#7595,.T.);
#6625=EDGE_CURVE('',#7596,#7597,#7598,.T.);
#6626=EDGE_CURVE('',#7218,#7596,#7599,.T.);
#6627=EDGE_CURVE('',#7219,#7597,#7600,.T.);
#6628=EDGE_CURVE('',#7601,#7596,#7602,.T.);
#6629=EDGE_CURVE('',#7221,#7601,#7603,.T.);
#6630=EDGE_CURVE('',#7604,#7601,#7605,.T.);
#6631=EDGE_CURVE('',#7223,#7604,#7606,.T.);
#6632=EDGE_CURVE('',#7597,#7604,#7607,.T.);
#6633=EDGE_CURVE('',#7608,#7609,#7610,.T.);
#6634=EDGE_CURVE('',#7226,#7608,#7611,.T.);
#6635=EDGE_CURVE('',#7227,#7609,#7612,.T.);
#6636=EDGE_CURVE('',#7613,#7608,#7614,.T.);
#6637=EDGE_CURVE('',#7229,#7613,#7615,.T.);
#6638=EDGE_CURVE('',#7616,#7613,#7617,.T.);
#6639=EDGE_CURVE('',#7231,#7616,#7618,.T.);
#6640=EDGE_CURVE('',#7609,#7616,#7619,.T.);
#6641=EDGE_CURVE('',#7620,#7621,#7622,.T.);
#6642=EDGE_CURVE('',#7234,#7620,#7623,.T.);
#6643=EDGE_CURVE('',#7235,#7621,#7624,.T.);
#6644=EDGE_CURVE('',#7625,#7620,#7626,.T.);
#6645=EDGE_CURVE('',#7237,#7625,#7627,.T.);
#6646=EDGE_CURVE('',#7628,#7625,#7629,.T.);
#6647=EDGE_CURVE('',#7239,#7628,#7630,.T.);
#6648=EDGE_CURVE('',#7621,#7628,#7631,.T.);
#6649=EDGE_CURVE('',#7632,#7633,#7634,.T.);
#6650=EDGE_CURVE('',#7242,#7632,#7635,.T.);
#6651=EDGE_CURVE('',#7243,#7633,#7636,.T.);
#6652=EDGE_CURVE('',#7637,#7632,#7638,.T.);
#6653=EDGE_CURVE('',#7245,#7637,#7639,.T.);
#6654=EDGE_CURVE('',#7640,#7637,#7641,.T.);
#6655=EDGE_CURVE('',#7247,#7640,#7642,.T.);
#6656=EDGE_CURVE('',#7633,#7640,#7643,.T.);
#6657=EDGE_CURVE('',#7644,#7645,#7646,.T.);
#6658=EDGE_CURVE('',#7250,#7644,#7647,.T.);
#6659=EDGE_CURVE('',#7251,#7645,#7648,.T.);
#6660=EDGE_CURVE('',#7649,#7644,#7650,.T.);
#6661=EDGE_CURVE('',#7253,#7649,#7651,.T.);
#6662=EDGE_CURVE('',#7652,#7649,#7653,.T.);
#6663=EDGE_CURVE('',#7255,#7652,#7654,.T.);
#6664=EDGE_CURVE('',#7645,#7652,#7655,.T.);
#6665=EDGE_CURVE('',#7656,#7657,#7658,.T.);
#6666=EDGE_CURVE('',#7258,#7656,#7659,.T.);
#6667=EDGE_CURVE('',#7259,#7657,#7660,.T.);
#6668=EDGE_CURVE('',#7661,#7656,#7662,.T.);
#6669=EDGE_CURVE('',#7261,#7661,#7663,.T.);
#6670=EDGE_CURVE('',#7664,#7661,#7665,.T.);
#6671=EDGE_CURVE('',#7263,#7664,#7666,.T.);
#6672=EDGE_CURVE('',#7657,#7664,#7667,.T.);
#6673=EDGE_CURVE('',#7668,#7669,#7670,.T.);
#6674=EDGE_CURVE('',#7266,#7668,#7671,.T.);
#6675=EDGE_CURVE('',#7267,#7669,#7672,.T.);
#6676=EDGE_CURVE('',#7673,#7668,#7674,.T.);
#6677=EDGE_CURVE('',#7269,#7673,#7675,.T.);
#6678=EDGE_CURVE('',#7676,#7673,#7677,.T.);
#6679=EDGE_CURVE('',#7271,#7676,#7678,.T.);
#6680=EDGE_CURVE('',#7669,#7676,#7679,.T.);
#6681=EDGE_CURVE('',#7680,#7681,#7682,.T.);
#6682=EDGE_CURVE('',#7274,#7680,#7683,.T.);
#6683=EDGE_CURVE('',#7275,#7681,#7684,.T.);
#6684=EDGE_CURVE('',#7685,#7680,#7686,.T.);
#6685=EDGE_CURVE('',#7277,#7685,#7687,.T.);
#6686=EDGE_CURVE('',#7688,#7685,#7689,.T.);
#6687=EDGE_CURVE('',#7279,#7688,#7690,.T.);
#6688=EDGE_CURVE('',#7681,#7688,#7691,.T.);
#6689=EDGE_CURVE('',#7692,#7693,#7694,.T.);
#6690=EDGE_CURVE('',#7282,#7692,#7695,.T.);
#6691=EDGE_CURVE('',#7283,#7693,#7696,.T.);
#6692=EDGE_CURVE('',#7697,#7692,#7698,.T.);
#6693=EDGE_CURVE('',#7285,#7697,#7699,.T.);
#6694=EDGE_CURVE('',#7700,#7697,#7701,.T.);
#6695=EDGE_CURVE('',#7287,#7700,#7702,.T.);
#6696=EDGE_CURVE('',#7693,#7700,#7703,.T.);
#6697=EDGE_CURVE('',#7704,#7705,#7706,.T.);
#6698=EDGE_CURVE('',#7290,#7704,#7707,.T.);
#6699=EDGE_CURVE('',#7291,#7705,#7708,.T.);
#6700=EDGE_CURVE('',#7709,#7704,#7710,.T.);
#6701=EDGE_CURVE('',#7293,#7709,#7711,.T.);
#6702=EDGE_CURVE('',#7712,#7709,#7713,.T.);
#6703=EDGE_CURVE('',#7295,#7712,#7714,.T.);
#6704=EDGE_CURVE('',#7705,#7712,#7715,.T.);
#6705=EDGE_CURVE('',#7716,#7717,#7718,.T.);
#6706=EDGE_CURVE('',#7298,#7716,#7719,.T.);
#6707=EDGE_CURVE('',#7299,#7717,#7720,.T.);
#6708=EDGE_CURVE('',#7721,#7716,#7722,.T.);
#6709=EDGE_CURVE('',#7301,#7721,#7723,.T.);
#6710=EDGE_CURVE('',#7724,#7721,#7725,.T.);
#6711=EDGE_CURVE('',#7303,#7724,#7726,.T.);
#6712=EDGE_CURVE('',#7717,#7724,#7727,.T.);
#6713=EDGE_CURVE('',#7575,#7306,#7728,.F.);
#6714=EDGE_CURVE('',#7307,#7576,#7729,.F.);
#6715=EDGE_CURVE('',#7730,#7731,#7732,.T.);
#6716=EDGE_CURVE('',#7731,#7339,#7733,.T.);
#6717=EDGE_CURVE('',#7730,#7340,#7734,.T.);
#6718=EDGE_CURVE('',#7731,#7735,#7736,.T.);
#6719=EDGE_CURVE('',#7735,#7342,#7737,.T.);
#6720=EDGE_CURVE('',#7735,#7738,#7739,.T.);
#6721=EDGE_CURVE('',#7738,#7344,#7740,.T.);
#6722=EDGE_CURVE('',#7738,#7730,#7741,.T.);
#6723=EDGE_CURVE('',#7742,#7743,#7744,.T.);
#6724=EDGE_CURVE('',#7743,#7359,#7745,.T.);
#6725=EDGE_CURVE('',#7742,#7360,#7746,.T.);
#6726=EDGE_CURVE('',#7743,#7747,#7748,.T.);
#6727=EDGE_CURVE('',#7747,#7362,#7749,.T.);
#6728=EDGE_CURVE('',#7747,#7750,#7751,.T.);
#6729=EDGE_CURVE('',#7750,#7364,#7752,.T.);
#6730=EDGE_CURVE('',#7750,#7742,#7753,.T.);
#6731=EDGE_CURVE('',#7754,#7755,#7756,.T.);
#6732=EDGE_CURVE('',#7755,#7379,#7757,.T.);
#6733=EDGE_CURVE('',#7754,#7380,#7758,.T.);
#6734=EDGE_CURVE('',#7755,#7759,#7760,.T.);
#6735=EDGE_CURVE('',#7759,#7382,#7761,.T.);
#6736=EDGE_CURVE('',#7759,#7762,#7763,.T.);
#6737=EDGE_CURVE('',#7762,#7384,#7764,.T.);
#6738=EDGE_CURVE('',#7762,#7754,#7765,.T.);
#6739=EDGE_CURVE('',#7766,#7767,#7768,.T.);
#6740=EDGE_CURVE('',#7767,#7399,#7769,.T.);
#6741=EDGE_CURVE('',#7766,#7400,#7770,.T.);
#6742=EDGE_CURVE('',#7767,#7771,#7772,.T.);
#6743=EDGE_CURVE('',#7771,#7402,#7773,.T.);
#6744=EDGE_CURVE('',#7771,#7774,#7775,.T.);
#6745=EDGE_CURVE('',#7774,#7404,#7776,.T.);
#6746=EDGE_CURVE('',#7774,#7766,#7777,.T.);
#6747=EDGE_CURVE('',#7778,#7779,#7780,.T.);
#6748=EDGE_CURVE('',#7779,#7419,#7781,.T.);
#6749=EDGE_CURVE('',#7778,#7420,#7782,.T.);
#6750=EDGE_CURVE('',#7779,#7783,#7784,.T.);
#6751=EDGE_CURVE('',#7783,#7422,#7785,.T.);
#6752=EDGE_CURVE('',#7783,#7786,#7787,.T.);
#6753=EDGE_CURVE('',#7786,#7424,#7788,.T.);
#6754=EDGE_CURVE('',#7786,#7778,#7789,.T.);
#6755=EDGE_CURVE('',#7790,#7791,#7792,.T.);
#6756=EDGE_CURVE('',#7791,#7439,#7793,.T.);
#6757=EDGE_CURVE('',#7790,#7440,#7794,.T.);
#6758=EDGE_CURVE('',#7791,#7795,#7796,.T.);
#6759=EDGE_CURVE('',#7795,#7442,#7797,.T.);
#6760=EDGE_CURVE('',#7795,#7798,#7799,.T.);
#6761=EDGE_CURVE('',#7798,#7444,#7800,.T.);
#6762=EDGE_CURVE('',#7798,#7790,#7801,.T.);
#6763=EDGE_CURVE('',#7802,#7803,#7804,.T.);
#6764=EDGE_CURVE('',#7803,#7459,#7805,.T.);
#6765=EDGE_CURVE('',#7802,#7460,#7806,.T.);
#6766=EDGE_CURVE('',#7803,#7807,#7808,.T.);
#6767=EDGE_CURVE('',#7807,#7462,#7809,.T.);
#6768=EDGE_CURVE('',#7807,#7810,#7811,.T.);
#6769=EDGE_CURVE('',#7810,#7464,#7812,.T.);
#6770=EDGE_CURVE('',#7810,#7802,#7813,.T.);
#6771=EDGE_CURVE('',#7814,#7815,#7816,.T.);
#6772=EDGE_CURVE('',#7815,#7479,#7817,.T.);
#6773=EDGE_CURVE('',#7814,#7480,#7818,.T.);
#6774=EDGE_CURVE('',#7815,#7819,#7820,.T.);
#6775=EDGE_CURVE('',#7819,#7482,#7821,.T.);
#6776=EDGE_CURVE('',#7819,#7822,#7823,.T.);
#6777=EDGE_CURVE('',#7822,#7484,#7824,.T.);
#6778=EDGE_CURVE('',#7822,#7814,#7825,.T.);
#6779=EDGE_CURVE('',#7826,#7827,#7828,.T.);
#6780=EDGE_CURVE('',#7827,#7499,#7829,.T.);
#6781=EDGE_CURVE('',#7826,#7500,#7830,.T.);
#6782=EDGE_CURVE('',#7827,#7831,#7832,.T.);
#6783=EDGE_CURVE('',#7831,#7502,#7833,.T.);
#6784=EDGE_CURVE('',#7831,#7834,#7835,.T.);
#6785=EDGE_CURVE('',#7834,#7504,#7836,.T.);
#6786=EDGE_CURVE('',#7834,#7826,#7837,.T.);
#6787=EDGE_CURVE('',#7838,#7839,#7840,.T.);
#6788=EDGE_CURVE('',#7839,#7519,#7841,.T.);
#6789=EDGE_CURVE('',#7838,#7520,#7842,.T.);
#6790=EDGE_CURVE('',#7839,#7843,#7844,.T.);
#6791=EDGE_CURVE('',#7843,#7522,#7845,.T.);
#6792=EDGE_CURVE('',#7843,#7846,#7847,.T.);
#6793=EDGE_CURVE('',#7846,#7524,#7848,.T.);
#6794=EDGE_CURVE('',#7846,#7838,#7849,.T.);
#6795=EDGE_CURVE('',#7850,#7851,#7852,.T.);
#6796=EDGE_CURVE('',#7851,#7539,#7853,.T.);
#6797=EDGE_CURVE('',#7850,#7540,#7854,.T.);
#6798=EDGE_CURVE('',#7851,#7855,#7856,.T.);
#6799=EDGE_CURVE('',#7855,#7542,#7857,.T.);
#6800=EDGE_CURVE('',#7855,#7858,#7859,.T.);
#6801=EDGE_CURVE('',#7858,#7544,#7860,.T.);
#6802=EDGE_CURVE('',#7858,#7850,#7861,.T.);
#6803=EDGE_CURVE('',#7862,#7863,#7864,.T.);
#6804=EDGE_CURVE('',#7863,#7559,#7865,.T.);
#6805=EDGE_CURVE('',#7862,#7560,#7866,.T.);
#6806=EDGE_CURVE('',#7863,#7867,#7868,.T.);
#6807=EDGE_CURVE('',#7867,#7562,#7869,.T.);
#6808=EDGE_CURVE('',#7867,#7870,#7871,.T.);
#6809=EDGE_CURVE('',#7870,#7564,#7872,.T.);
#6810=EDGE_CURVE('',#7870,#7862,#7873,.T.);
#6811=EDGE_CURVE('',#7585,#7874,#7875,.T.);
#6812=EDGE_CURVE('',#7876,#7874,#7877,.T.);
#6813=EDGE_CURVE('',#7584,#7876,#7878,.T.);
#6814=EDGE_CURVE('',#7879,#7876,#7880,.T.);
#6815=EDGE_CURVE('',#7589,#7879,#7881,.T.);
#6816=EDGE_CURVE('',#7882,#7879,#7883,.T.);
#6817=EDGE_CURVE('',#7592,#7882,#7884,.T.);
#6818=EDGE_CURVE('',#7874,#7882,#7885,.T.);
#6819=EDGE_CURVE('',#7597,#7886,#7887,.T.);
#6820=EDGE_CURVE('',#7888,#7886,#7889,.T.);
#6821=EDGE_CURVE('',#7596,#7888,#7890,.T.);
#6822=EDGE_CURVE('',#7891,#7888,#7892,.T.);
#6823=EDGE_CURVE('',#7601,#7891,#7893,.T.);
#6824=EDGE_CURVE('',#7894,#7891,#7895,.T.);
#6825=EDGE_CURVE('',#7604,#7894,#7896,.T.);
#6826=EDGE_CURVE('',#7886,#7894,#7897,.T.);
#6827=EDGE_CURVE('',#7609,#7898,#7899,.T.);
#6828=EDGE_CURVE('',#7900,#7898,#7901,.T.);
#6829=EDGE_CURVE('',#7608,#7900,#7902,.T.);
#6830=EDGE_CURVE('',#7903,#7900,#7904,.T.);
#6831=EDGE_CURVE('',#7613,#7903,#7905,.T.);
#6832=EDGE_CURVE('',#7906,#7903,#7907,.T.);
#6833=EDGE_CURVE('',#7616,#7906,#7908,.T.);
#6834=EDGE_CURVE('',#7898,#7906,#7909,.T.);
#6835=EDGE_CURVE('',#7621,#7910,#7911,.T.);
#6836=EDGE_CURVE('',#7912,#7910,#7913,.T.);
#6837=EDGE_CURVE('',#7620,#7912,#7914,.T.);
#6838=EDGE_CURVE('',#7915,#7912,#7916,.T.);
#6839=EDGE_CURVE('',#7625,#7915,#7917,.T.);
#6840=EDGE_CURVE('',#7918,#7915,#7919,.T.);
#6841=EDGE_CURVE('',#7628,#7918,#7920,.T.);
#6842=EDGE_CURVE('',#7910,#7918,#7921,.T.);
#6843=EDGE_CURVE('',#7633,#7922,#7923,.T.);
#6844=EDGE_CURVE('',#7924,#7922,#7925,.T.);
#6845=EDGE_CURVE('',#7632,#7924,#7926,.T.);
#6846=EDGE_CURVE('',#7927,#7924,#7928,.T.);
#6847=EDGE_CURVE('',#7637,#7927,#7929,.T.);
#6848=EDGE_CURVE('',#7930,#7927,#7931,.T.);
#6849=EDGE_CURVE('',#7640,#7930,#7932,.T.);
#6850=EDGE_CURVE('',#7922,#7930,#7933,.T.);
#6851=EDGE_CURVE('',#7645,#7934,#7935,.T.);
#6852=EDGE_CURVE('',#7936,#7934,#7937,.T.);
#6853=EDGE_CURVE('',#7644,#7936,#7938,.T.);
#6854=EDGE_CURVE('',#7939,#7936,#7940,.T.);
#6855=EDGE_CURVE('',#7649,#7939,#7941,.T.);
#6856=EDGE_CURVE('',#7942,#7939,#7943,.T.);
#6857=EDGE_CURVE('',#7652,#7942,#7944,.T.);
#6858=EDGE_CURVE('',#7934,#7942,#7945,.T.);
#6859=EDGE_CURVE('',#7657,#7946,#7947,.T.);
#6860=EDGE_CURVE('',#7948,#7946,#7949,.T.);
#6861=EDGE_CURVE('',#7656,#7948,#7950,.T.);
#6862=EDGE_CURVE('',#7951,#7948,#7952,.T.);
#6863=EDGE_CURVE('',#7661,#7951,#7953,.T.);
#6864=EDGE_CURVE('',#7954,#7951,#7955,.T.);
#6865=EDGE_CURVE('',#7664,#7954,#7956,.T.);
#6866=EDGE_CURVE('',#7946,#7954,#7957,.T.);
#6867=EDGE_CURVE('',#7669,#7958,#7959,.T.);
#6868=EDGE_CURVE('',#7960,#7958,#7961,.T.);
#6869=EDGE_CURVE('',#7668,#7960,#7962,.T.);
#6870=EDGE_CURVE('',#7963,#7960,#7964,.T.);
#6871=EDGE_CURVE('',#7673,#7963,#7965,.T.);
#6872=EDGE_CURVE('',#7966,#7963,#7967,.T.);
#6873=EDGE_CURVE('',#7676,#7966,#7968,.T.);
#6874=EDGE_CURVE('',#7958,#7966,#7969,.T.);
#6875=EDGE_CURVE('',#7681,#7970,#7971,.T.);
#6876=EDGE_CURVE('',#7972,#7970,#7973,.T.);
#6877=EDGE_CURVE('',#7680,#7972,#7974,.T.);
#6878=EDGE_CURVE('',#7975,#7972,#7976,.T.);
#6879=EDGE_CURVE('',#7685,#7975,#7977,.T.);
#6880=EDGE_CURVE('',#7978,#7975,#7979,.T.);
#6881=EDGE_CURVE('',#7688,#7978,#7980,.T.);
#6882=EDGE_CURVE('',#7970,#7978,#7981,.T.);
#6883=EDGE_CURVE('',#7693,#7982,#7983,.T.);
#6884=EDGE_CURVE('',#7984,#7982,#7985,.T.);
#6885=EDGE_CURVE('',#7692,#7984,#7986,.T.);
#6886=EDGE_CURVE('',#7987,#7984,#7988,.T.);
#6887=EDGE_CURVE('',#7697,#7987,#7989,.T.);
#6888=EDGE_CURVE('',#7990,#7987,#7991,.T.);
#6889=EDGE_CURVE('',#7700,#7990,#7992,.T.);
#6890=EDGE_CURVE('',#7982,#7990,#7993,.T.);
#6891=EDGE_CURVE('',#7705,#7994,#7995,.T.);
#6892=EDGE_CURVE('',#7996,#7994,#7997,.T.);
#6893=EDGE_CURVE('',#7704,#7996,#7998,.T.);
#6894=EDGE_CURVE('',#7999,#7996,#8000,.T.);
#6895=EDGE_CURVE('',#7709,#7999,#8001,.T.);
#6896=EDGE_CURVE('',#8002,#7999,#8003,.T.);
#6897=EDGE_CURVE('',#7712,#8002,#8004,.T.);
#6898=EDGE_CURVE('',#7994,#8002,#8005,.T.);
#6899=EDGE_CURVE('',#7717,#8006,#8007,.T.);
#6900=EDGE_CURVE('',#8008,#8006,#8009,.T.);
#6901=EDGE_CURVE('',#7716,#8008,#8010,.T.);
#6902=EDGE_CURVE('',#8011,#8008,#8012,.T.);
#6903=EDGE_CURVE('',#7721,#8011,#8013,.T.);
#6904=EDGE_CURVE('',#8014,#8011,#8015,.T.);
#6905=EDGE_CURVE('',#7724,#8014,#8016,.T.);
#6906=EDGE_CURVE('',#8006,#8014,#8017,.T.);
#6907=EDGE_CURVE('',#8018,#7730,#8019,.F.);
#6908=EDGE_CURVE('',#8018,#8020,#8021,.T.);
#6909=EDGE_CURVE('',#8020,#7731,#8022,.F.);
#6910=EDGE_CURVE('',#8020,#8023,#8024,.T.);
#6911=EDGE_CURVE('',#8023,#7735,#8025,.F.);
#6912=EDGE_CURVE('',#8023,#8026,#8027,.T.);
#6913=EDGE_CURVE('',#8026,#7738,#8028,.F.);
#6914=EDGE_CURVE('',#8026,#8018,#8029,.T.);
#6915=EDGE_CURVE('',#8030,#7742,#8031,.F.);
#6916=EDGE_CURVE('',#8030,#8032,#8033,.T.);
#6917=EDGE_CURVE('',#8032,#7743,#8034,.F.);
#6918=EDGE_CURVE('',#8032,#8035,#8036,.T.);
#6919=EDGE_CURVE('',#8035,#7747,#8037,.F.);
#6920=EDGE_CURVE('',#8035,#8038,#8039,.T.);
#6921=EDGE_CURVE('',#8038,#7750,#8040,.F.);
#6922=EDGE_CURVE('',#8038,#8030,#8041,.T.);
#6923=EDGE_CURVE('',#8042,#7754,#8043,.F.);
#6924=EDGE_CURVE('',#8042,#8044,#8045,.T.);
#6925=EDGE_CURVE('',#8044,#7755,#8046,.F.);
#6926=EDGE_CURVE('',#8044,#8047,#8048,.T.);
#6927=EDGE_CURVE('',#8047,#7759,#8049,.F.);
#6928=EDGE_CURVE('',#8047,#8050,#8051,.T.);
#6929=EDGE_CURVE('',#8050,#7762,#8052,.F.);
#6930=EDGE_CURVE('',#8050,#8042,#8053,.T.);
#6931=EDGE_CURVE('',#8054,#7766,#8055,.F.);
#6932=EDGE_CURVE('',#8054,#8056,#8057,.T.);
#6933=EDGE_CURVE('',#8056,#7767,#8058,.F.);
#6934=EDGE_CURVE('',#8056,#8059,#8060,.T.);
#6935=EDGE_CURVE('',#8059,#7771,#8061,.F.);
#6936=EDGE_CURVE('',#8059,#8062,#8063,.T.);
#6937=EDGE_CURVE('',#8062,#7774,#8064,.F.);
#6938=EDGE_CURVE('',#8062,#8054,#8065,.T.);
#6939=EDGE_CURVE('',#8066,#7778,#8067,.F.);
#6940=EDGE_CURVE('',#8066,#8068,#8069,.T.);
#6941=EDGE_CURVE('',#8068,#7779,#8070,.F.);
#6942=EDGE_CURVE('',#8068,#8071,#8072,.T.);
#6943=EDGE_CURVE('',#8071,#7783,#8073,.F.);
#6944=EDGE_CURVE('',#8071,#8074,#8075,.T.);
#6945=EDGE_CURVE('',#8074,#7786,#8076,.F.);
#6946=EDGE_CURVE('',#8074,#8066,#8077,.T.);
#6947=EDGE_CURVE('',#8078,#7790,#8079,.F.);
#6948=EDGE_CURVE('',#8078,#8080,#8081,.T.);
#6949=EDGE_CURVE('',#8080,#7791,#8082,.F.);
#6950=EDGE_CURVE('',#8080,#8083,#8084,.T.);
#6951=EDGE_CURVE('',#8083,#7795,#8085,.F.);
#6952=EDGE_CURVE('',#8083,#8086,#8087,.T.);
#6953=EDGE_CURVE('',#8086,#7798,#8088,.F.);
#6954=EDGE_CURVE('',#8086,#8078,#8089,.T.);
#6955=EDGE_CURVE('',#8090,#7802,#8091,.F.);
#6956=EDGE_CURVE('',#8090,#8092,#8093,.T.);
#6957=EDGE_CURVE('',#8092,#7803,#8094,.F.);
#6958=EDGE_CURVE('',#8092,#8095,#8096,.T.);
#6959=EDGE_CURVE('',#8095,#7807,#8097,.F.);
#6960=EDGE_CURVE('',#8095,#8098,#8099,.T.);
#6961=EDGE_CURVE('',#8098,#7810,#8100,.F.);
#6962=EDGE_CURVE('',#8098,#8090,#8101,.T.);
#6963=EDGE_CURVE('',#8102,#7814,#8103,.F.);
#6964=EDGE_CURVE('',#8102,#8104,#8105,.T.);
#6965=EDGE_CURVE('',#8104,#7815,#8106,.F.);
#6966=EDGE_CURVE('',#8104,#8107,#8108,.T.);
#6967=EDGE_CURVE('',#8107,#7819,#8109,.F.);
#6968=EDGE_CURVE('',#8107,#8110,#8111,.T.);
#6969=EDGE_CURVE('',#8110,#7822,#8112,.F.);
#6970=EDGE_CURVE('',#8110,#8102,#8113,.T.);
#6971=EDGE_CURVE('',#8114,#7826,#8115,.F.);
#6972=EDGE_CURVE('',#8114,#8116,#8117,.T.);
#6973=EDGE_CURVE('',#8116,#7827,#8118,.F.);
#6974=EDGE_CURVE('',#8116,#8119,#8120,.T.);
#6975=EDGE_CURVE('',#8119,#7831,#8121,.F.);
#6976=EDGE_CURVE('',#8119,#8122,#8123,.T.);
#6977=EDGE_CURVE('',#8122,#7834,#8124,.F.);
#6978=EDGE_CURVE('',#8122,#8114,#8125,.T.);
#6979=EDGE_CURVE('',#8126,#7838,#8127,.F.);
#6980=EDGE_CURVE('',#8126,#8128,#8129,.T.);
#6981=EDGE_CURVE('',#8128,#7839,#8130,.F.);
#6982=EDGE_CURVE('',#8128,#8131,#8132,.T.);
#6983=EDGE_CURVE('',#8131,#7843,#8133,.F.);
#6984=EDGE_CURVE('',#8131,#8134,#8135,.T.);
#6985=EDGE_CURVE('',#8134,#7846,#8136,.F.);
#6986=EDGE_CURVE('',#8134,#8126,#8137,.T.);
#6987=EDGE_CURVE('',#8138,#7850,#8139,.F.);
#6988=EDGE_CURVE('',#8138,#8140,#8141,.T.);
#6989=EDGE_CURVE('',#8140,#7851,#8142,.F.);
#6990=EDGE_CURVE('',#8140,#8143,#8144,.T.);
#6991=EDGE_CURVE('',#8143,#7855,#8145,.F.);
#6992=EDGE_CURVE('',#8143,#8146,#8147,.T.);
#6993=EDGE_CURVE('',#8146,#7858,#8148,.F.);
#6994=EDGE_CURVE('',#8146,#8138,#8149,.T.);
#6995=EDGE_CURVE('',#8150,#7862,#8151,.F.);
#6996=EDGE_CURVE('',#8150,#8152,#8153,.T.);
#6997=EDGE_CURVE('',#8152,#7863,#8154,.F.);
#6998=EDGE_CURVE('',#8152,#8155,#8156,.T.);
#6999=EDGE_CURVE('',#8155,#7867,#8157,.F.);
#7000=EDGE_CURVE('',#8155,#8158,#8159,.T.);
#7001=EDGE_CURVE('',#8158,#7870,#8160,.F.);
#7002=EDGE_CURVE('',#8158,#8150,#8161,.T.);
#7003=VERTEX_POINT('',#8162);
#7004=VERTEX_POINT('',#8163);
#7005=LINE('',#8164,#8165);
#7006=VERTEX_POINT('',#8167);
#7007=LINE('',#8168,#8169);
#7008=VERTEX_POINT('',#8171);
#7009=CIRCLE('',#8172,0.6);
#7010=VERTEX_POINT('',#8176);
#7011=LINE('',#8177,#8178);
#7012=VERTEX_POINT('',#8180);
#7013=LINE('',#8181,#8182);
#7014=VERTEX_POINT('',#8184);
#7015=LINE('',#8185,#8186);
#7016=VERTEX_POINT('',#8188);
#7017=LINE('',#8189,#8190);
#7018=VERTEX_POINT('',#8192);
#7019=LINE('',#8193,#8194);
#7020=VERTEX_POINT('',#8196);
#7021=LINE('',#8197,#8198);
#7022=VERTEX_POINT('',#8200);
#7023=LINE('',#8201,#8202);
#7024=VERTEX_POINT('',#8204);
#7025=LINE('',#8205,#8206);
#7026=VERTEX_POINT('',#8208);
#7027=LINE('',#8209,#8210);
#7028=VERTEX_POINT('',#8212);
#7029=LINE('',#8213,#8214);
#7030=VERTEX_POINT('',#8216);
#7031=LINE('',#8217,#8218);
#7032=VERTEX_POINT('',#8220);
#7033=LINE('',#8221,#8222);
#7034=VERTEX_POINT('',#8224);
#7035=LINE('',#8225,#8226);
#7036=VERTEX_POINT('',#8228);
#7037=LINE('',#8229,#8230);
#7038=VERTEX_POINT('',#8232);
#7039=LINE('',#8233,#8234);
#7040=VERTEX_POINT('',#8236);
#7041=CIRCLE('',#8237,0.6);
#7042=VERTEX_POINT('',#8241);
#7043=LINE('',#8242,#8243);
#7044=VERTEX_POINT('',#8245);
#7045=LINE('',#8246,#8247);
#7046=LINE('',#8249,#8250);
#7047=VERTEX_POINT('',#8252);
#7048=LINE('',#8253,#8254);
#7049=VERTEX_POINT('',#8256);
#7050=LINE('',#8257,#8258);
#7051=LINE('',#8260,#8261);
#7052=VERTEX_POINT('',#8263);
#7053=LINE('',#8264,#8265);
#7054=VERTEX_POINT('',#8267);
#7055=LINE('',#8268,#8269);
#7056=LINE('',#8271,#8272);
#7057=VERTEX_POINT('',#8274);
#7058=LINE('',#8275,#8276);
#7059=VERTEX_POINT('',#8278);
#7060=LINE('',#8279,#8280);
#7061=VERTEX_POINT('',#8282);
#7062=LINE('',#8283,#8284);
#7063=VERTEX_POINT('',#8286);
#7064=CIRCLE('',#8287,0.6);
#7065=VERTEX_POINT('',#8291);
#7066=LINE('',#8292,#8293);
#7067=VERTEX_POINT('',#8295);
#7068=LINE('',#8296,#8297);
#7069=VERTEX_POINT('',#8299);
#7070=LINE('',#8300,#8301);
#7071=VERTEX_POINT('',#8303);
#7072=LINE('',#8304,#8305);
#7073=VERTEX_POINT('',#8307);
#7074=LINE('',#8308,#8309);
#7075=VERTEX_POINT('',#8311);
#7076=LINE('',#8312,#8313);
#7077=VERTEX_POINT('',#8315);
#7078=LINE('',#8316,#8317);
#7079=VERTEX_POINT('',#8319);
#7080=LINE('',#8320,#8321);
#7081=VERTEX_POINT('',#8323);
#7082=LINE('',#8324,#8325);
#7083=VERTEX_POINT('',#8327);
#7084=LINE('',#8328,#8329);
#7085=VERTEX_POINT('',#8331);
#7086=LINE('',#8332,#8333);
#7087=VERTEX_POINT('',#8335);
#7088=LINE('',#8336,#8337);
#7089=VERTEX_POINT('',#8339);
#7090=LINE('',#8340,#8341);
#7091=VERTEX_POINT('',#8343);
#7092=LINE('',#8344,#8345);
#7093=VERTEX_POINT('',#8347);
#7094=LINE('',#8348,#8349);
#7095=VERTEX_POINT('',#8351);
#7096=LINE('',#8352,#8353);
#7097=VERTEX_POINT('',#8355);
#7098=LINE('',#8356,#8357);
#7099=VERTEX_POINT('',#8359);
#7100=LINE('',#8360,#8361);
#7101=VERTEX_POINT('',#8363);
#7102=LINE('',#8364,#8365);
#7103=VERTEX_POINT('',#8367);
#7104=LINE('',#8368,#8369);
#7105=VERTEX_POINT('',#8371);
#7106=LINE('',#8372,#8373);
#7107=VERTEX_POINT('',#8375);
#7108=LINE('',#8376,#8377);
#7109=VERTEX_POINT('',#8379);
#7110=LINE('',#8380,#8381);
#7111=VERTEX_POINT('',#8383);
#7112=LINE('',#8384,#8385);
#7113=VERTEX_POINT('',#8387);
#7114=LINE('',#8388,#8389);
#7115=VERTEX_POINT('',#8391);
#7116=LINE('',#8392,#8393);
#7117=VERTEX_POINT('',#8395);
#7118=LINE('',#8396,#8397);
#7119=VERTEX_POINT('',#8399);
#7120=LINE('',#8400,#8401);
#7121=VERTEX_POINT('',#8403);
#7122=LINE('',#8404,#8405);
#7123=VERTEX_POINT('',#8407);
#7124=LINE('',#8408,#8409);
#7125=VERTEX_POINT('',#8411);
#7126=LINE('',#8412,#8413);
#7127=VERTEX_POINT('',#8415);
#7128=LINE('',#8416,#8417);
#7129=VERTEX_POINT('',#8419);
#7130=LINE('',#8420,#8421);
#7131=VERTEX_POINT('',#8423);
#7132=LINE('',#8424,#8425);
#7133=VERTEX_POINT('',#8427);
#7134=LINE('',#8428,#8429);
#7135=VERTEX_POINT('',#8431);
#7136=LINE('',#8432,#8433);
#7137=VERTEX_POINT('',#8435);
#7138=LINE('',#8436,#8437);
#7139=VERTEX_POINT('',#8439);
#7140=LINE('',#8440,#8441);
#7141=VERTEX_POINT('',#8443);
#7142=LINE('',#8444,#8445);
#7143=VERTEX_POINT('',#8447);
#7144=LINE('',#8448,#8449);
#7145=VERTEX_POINT('',#8451);
#7146=LINE('',#8452,#8453);
#7147=VERTEX_POINT('',#8455);
#7148=LINE('',#8456,#8457);
#7149=VERTEX_POINT('',#8459);
#7150=LINE('',#8460,#8461);
#7151=VERTEX_POINT('',#8463);
#7152=LINE('',#8464,#8465);
#7153=VERTEX_POINT('',#8467);
#7154=LINE('',#8468,#8469);
#7155=VERTEX_POINT('',#8471);
#7156=LINE('',#8472,#8473);
#7157=VERTEX_POINT('',#8475);
#7158=LINE('',#8476,#8477);
#7159=VERTEX_POINT('',#8479);
#7160=LINE('',#8480,#8481);
#7161=VERTEX_POINT('',#8483);
#7162=LINE('',#8484,#8485);
#7163=VERTEX_POINT('',#8487);
#7164=LINE('',#8488,#8489);
#7165=VERTEX_POINT('',#8491);
#7166=LINE('',#8492,#8493);
#7167=VERTEX_POINT('',#8495);
#7168=LINE('',#8496,#8497);
#7169=VERTEX_POINT('',#8499);
#7170=LINE('',#8500,#8501);
#7171=VERTEX_POINT('',#8503);
#7172=LINE('',#8504,#8505);
#7173=LINE('',#8507,#8508);
#7174=VERTEX_POINT('',#8510);
#7175=LINE('',#8511,#8512);
#7176=VERTEX_POINT('',#8514);
#7177=LINE('',#8515,#8516);
#7178=VERTEX_POINT('',#8518);
#7179=LINE('',#8519,#8520);
#7180=VERTEX_POINT('',#8522);
#7181=CIRCLE('',#8523,0.6);
#7182=LINE('',#8527,#8528);
#7183=LINE('',#8530,#8531);
#7184=LINE('',#8533,#8534);
#7185=LINE('',#8536,#8537);
#7186=LINE('',#8539,#8540);
#7187=LINE('',#8542,#8543);
#7188=VERTEX_POINT('',#8545);
#7189=VERTEX_POINT('',#8546);
#7190=LINE('',#8547,#8548);
#7191=LINE('',#8550,#8551);
#7192=VERTEX_POINT('',#8553);
#7193=LINE('',#8554,#8555);
#7194=VERTEX_POINT('',#8557);
#7195=LINE('',#8558,#8559);
#7196=LINE('',#8561,#8562);
#7197=VERTEX_POINT('',#8564);
#7198=LINE('',#8565,#8566);
#7199=LINE('',#8568,#8569);
#7200=VERTEX_POINT('',#8571);
#7201=VERTEX_POINT('',#8572);
#7202=LINE('',#8573,#8574);
#7203=VERTEX_POINT('',#8576);
#7204=LINE('',#8577,#8578);
#7205=LINE('',#8580,#8581);
#7206=LINE('',#8583,#8584);
#7207=VERTEX_POINT('',#8586);
#7208=LINE('',#8587,#8588);
#7209=LINE('',#8590,#8591);
#7210=VERTEX_POINT('',#8593);
#7211=VERTEX_POINT('',#8594);
#7212=LINE('',#8595,#8596);
#7213=VERTEX_POINT('',#8598);
#7214=LINE('',#8599,#8600);
#7215=VERTEX_POINT('',#8602);
#7216=LINE('',#8603,#8604);
#7217=LINE('',#8606,#8607);
#7218=VERTEX_POINT('',#8609);
#7219=VERTEX_POINT('',#8610);
#7220=LINE('',#8611,#8612);
#7221=VERTEX_POINT('',#8614);
#7222=LINE('',#8615,#8616);
#7223=VERTEX_POINT('',#8618);
#7224=LINE('',#8619,#8620);
#7225=LINE('',#8622,#8623);
#7226=VERTEX_POINT('',#8625);
#7227=VERTEX_POINT('',#8626);
#7228=LINE('',#8627,#8628);
#7229=VERTEX_POINT('',#8630);
#7230=LINE('',#8631,#8632);
#7231=VERTEX_POINT('',#8634);
#7232=LINE('',#8635,#8636);
#7233=LINE('',#8638,#8639);
#7234=VERTEX_POINT('',#8641);
#7235=VERTEX_POINT('',#8642);
#7236=LINE('',#8643,#8644);
#7237=VERTEX_POINT('',#8646);
#7238=LINE('',#8647,#8648);
#7239=VERTEX_POINT('',#8650);
#7240=LINE('',#8651,#8652);
#7241=LINE('',#8654,#8655);
#7242=VERTEX_POINT('',#8657);
#7243=VERTEX_POINT('',#8658);
#7244=LINE('',#8659,#8660);
#7245=VERTEX_POINT('',#8662);
#7246=LINE('',#8663,#8664);
#7247=VERTEX_POINT('',#8666);
#7248=LINE('',#8667,#8668);
#7249=LINE('',#8670,#8671);
#7250=VERTEX_POINT('',#8673);
#7251=VERTEX_POINT('',#8674);
#7252=LINE('',#8675,#8676);
#7253=VERTEX_POINT('',#8678);
#7254=LINE('',#8679,#8680);
#7255=VERTEX_POINT('',#8682);
#7256=LINE('',#8683,#8684);
#7257=LINE('',#8686,#8687);
#7258=VERTEX_POINT('',#8689);
#7259=VERTEX_POINT('',#8690);
#7260=LINE('',#8691,#8692);
#7261=VERTEX_POINT('',#8694);
#7262=LINE('',#8695,#8696);
#7263=VERTEX_POINT('',#8698);
#7264=LINE('',#8699,#8700);
#7265=LINE('',#8702,#8703);
#7266=VERTEX_POINT('',#8705);
#7267=VERTEX_POINT('',#8706);
#7268=LINE('',#8707,#8708);
#7269=VERTEX_POINT('',#8710);
#7270=LINE('',#8711,#8712);
#7271=VERTEX_POINT('',#8714);
#7272=LINE('',#8715,#8716);
#7273=LINE('',#8718,#8719);
#7274=VERTEX_POINT('',#8721);
#7275=VERTEX_POINT('',#8722);
#7276=LINE('',#8723,#8724);
#7277=VERTEX_POINT('',#8726);
#7278=LINE('',#8727,#8728);
#7279=VERTEX_POINT('',#8730);
#7280=LINE('',#8731,#8732);
#7281=LINE('',#8734,#8735);
#7282=VERTEX_POINT('',#8737);
#7283=VERTEX_POINT('',#8738);
#7284=LINE('',#8739,#8740);
#7285=VERTEX_POINT('',#8742);
#7286=LINE('',#8743,#8744);
#7287=VERTEX_POINT('',#8746);
#7288=LINE('',#8747,#8748);
#7289=LINE('',#8750,#8751);
#7290=VERTEX_POINT('',#8753);
#7291=VERTEX_POINT('',#8754);
#7292=LINE('',#8755,#8756);
#7293=VERTEX_POINT('',#8758);
#7294=LINE('',#8759,#8760);
#7295=VERTEX_POINT('',#8762);
#7296=LINE('',#8763,#8764);
#7297=LINE('',#8766,#8767);
#7298=VERTEX_POINT('',#8769);
#7299=VERTEX_POINT('',#8770);
#7300=LINE('',#8771,#8772);
#7301=VERTEX_POINT('',#8774);
#7302=LINE('',#8775,#8776);
#7303=VERTEX_POINT('',#8778);
#7304=LINE('',#8779,#8780);
#7305=LINE('',#8782,#8783);
#7306=VERTEX_POINT('',#8785);
#7307=VERTEX_POINT('',#8786);
#7308=LINE('',#8787,#8788);
#7309=VERTEX_POINT('',#8790);
#7310=LINE('',#8791,#8792);
#7311=LINE('',#8794,#8795);
#7312=LINE('',#8797,#8798);
#7313=VERTEX_POINT('',#8800);
#7314=LINE('',#8801,#8802);
#7315=LINE('',#8804,#8805);
#7316=VERTEX_POINT('',#8807);
#7317=LINE('',#8808,#8809);
#7318=VERTEX_POINT('',#8811);
#7319=LINE('',#8812,#8813);
#7320=VERTEX_POINT('',#8815);
#7321=LINE('',#8816,#8817);
#7322=LINE('',#8819,#8820);
#7323=LINE('',#8822,#8823);
#7324=LINE('',#8825,#8826);
#7325=LINE('',#8828,#8829);
#7326=LINE('',#8831,#8832);
#7327=LINE('',#8834,#8835);
#7328=LINE('',#8837,#8838);
#7329=LINE('',#8840,#8841);
#7330=VERTEX_POINT('',#8843);
#7331=LINE('',#8844,#8845);
#7332=LINE('',#8847,#8848);
#7333=VERTEX_POINT('',#8850);
#7334=LINE('',#8851,#8852);
#7335=LINE('',#8854,#8855);
#7336=VERTEX_POINT('',#8857);
#7337=LINE('',#8858,#8859);
#7338=LINE('',#8861,#8862);
#7339=VERTEX_POINT('',#8864);
#7340=VERTEX_POINT('',#8865);
#7341=LINE('',#8866,#8867);
#7342=VERTEX_POINT('',#8869);
#7343=LINE('',#8870,#8871);
#7344=VERTEX_POINT('',#8873);
#7345=LINE('',#8874,#8875);
#7346=LINE('',#8877,#8878);
#7347=VERTEX_POINT('',#8880);
#7348=LINE('',#8881,#8882);
#7349=LINE('',#8884,#8885);
#7350=VERTEX_POINT('',#8887);
#7351=LINE('',#8888,#8889);
#7352=LINE('',#8891,#8892);
#7353=VERTEX_POINT('',#8894);
#7354=LINE('',#8895,#8896);
#7355=LINE('',#8898,#8899);
#7356=VERTEX_POINT('',#8901);
#7357=LINE('',#8902,#8903);
#7358=LINE('',#8905,#8906);
#7359=VERTEX_POINT('',#8908);
#7360=VERTEX_POINT('',#8909);
#7361=LINE('',#8910,#8911);
#7362=VERTEX_POINT('',#8913);
#7363=LINE('',#8914,#8915);
#7364=VERTEX_POINT('',#8917);
#7365=LINE('',#8918,#8919);
#7366=LINE('',#8921,#8922);
#7367=VERTEX_POINT('',#8924);
#7368=LINE('',#8925,#8926);
#7369=LINE('',#8928,#8929);
#7370=VERTEX_POINT('',#8931);
#7371=LINE('',#8932,#8933);
#7372=LINE('',#8935,#8936);
#7373=VERTEX_POINT('',#8938);
#7374=LINE('',#8939,#8940);
#7375=LINE('',#8942,#8943);
#7376=VERTEX_POINT('',#8945);
#7377=LINE('',#8946,#8947);
#7378=LINE('',#8949,#8950);
#7379=VERTEX_POINT('',#8952);
#7380=VERTEX_POINT('',#8953);
#7381=LINE('',#8954,#8955);
#7382=VERTEX_POINT('',#8957);
#7383=LINE('',#8958,#8959);
#7384=VERTEX_POINT('',#8961);
#7385=LINE('',#8962,#8963);
#7386=LINE('',#8965,#8966);
#7387=VERTEX_POINT('',#8968);
#7388=LINE('',#8969,#8970);
#7389=LINE('',#8972,#8973);
#7390=VERTEX_POINT('',#8975);
#7391=LINE('',#8976,#8977);
#7392=LINE('',#8979,#8980);
#7393=VERTEX_POINT('',#8982);
#7394=LINE('',#8983,#8984);
#7395=LINE('',#8986,#8987);
#7396=VERTEX_POINT('',#8989);
#7397=LINE('',#8990,#8991);
#7398=LINE('',#8993,#8994);
#7399=VERTEX_POINT('',#8996);
#7400=VERTEX_POINT('',#8997);
#7401=LINE('',#8998,#8999);
#7402=VERTEX_POINT('',#9001);
#7403=LINE('',#9002,#9003);
#7404=VERTEX_POINT('',#9005);
#7405=LINE('',#9006,#9007);
#7406=LINE('',#9009,#9010);
#7407=VERTEX_POINT('',#9012);
#7408=LINE('',#9013,#9014);
#7409=LINE('',#9016,#9017);
#7410=VERTEX_POINT('',#9019);
#7411=LINE('',#9020,#9021);
#7412=LINE('',#9023,#9024);
#7413=VERTEX_POINT('',#9026);
#7414=LINE('',#9027,#9028);
#7415=LINE('',#9030,#9031);
#7416=VERTEX_POINT('',#9033);
#7417=LINE('',#9034,#9035);
#7418=LINE('',#9037,#9038);
#7419=VERTEX_POINT('',#9040);
#7420=VERTEX_POINT('',#9041);
#7421=LINE('',#9042,#9043);
#7422=VERTEX_POINT('',#9045);
#7423=LINE('',#9046,#9047);
#7424=VERTEX_POINT('',#9049);
#7425=LINE('',#9050,#9051);
#7426=LINE('',#9053,#9054);
#7427=VERTEX_POINT('',#9056);
#7428=LINE('',#9057,#9058);
#7429=LINE('',#9060,#9061);
#7430=VERTEX_POINT('',#9063);
#7431=LINE('',#9064,#9065);
#7432=LINE('',#9067,#9068);
#7433=VERTEX_POINT('',#9070);
#7434=LINE('',#9071,#9072);
#7435=LINE('',#9074,#9075);
#7436=VERTEX_POINT('',#9077);
#7437=LINE('',#9078,#9079);
#7438=LINE('',#9081,#9082);
#7439=VERTEX_POINT('',#9084);
#7440=VERTEX_POINT('',#9085);
#7441=LINE('',#9086,#9087);
#7442=VERTEX_POINT('',#9089);
#7443=LINE('',#9090,#9091);
#7444=VERTEX_POINT('',#9093);
#7445=LINE('',#9094,#9095);
#7446=LINE('',#9097,#9098);
#7447=VERTEX_POINT('',#9100);
#7448=LINE('',#9101,#9102);
#7449=LINE('',#9104,#9105);
#7450=VERTEX_POINT('',#9107);
#7451=LINE('',#9108,#9109);
#7452=LINE('',#9111,#9112);
#7453=VERTEX_POINT('',#9114);
#7454=LINE('',#9115,#9116);
#7455=LINE('',#9118,#9119);
#7456=VERTEX_POINT('',#9121);
#7457=LINE('',#9122,#9123);
#7458=LINE('',#9125,#9126);
#7459=VERTEX_POINT('',#9128);
#7460=VERTEX_POINT('',#9129);
#7461=LINE('',#9130,#9131);
#7462=VERTEX_POINT('',#9133);
#7463=LINE('',#9134,#9135);
#7464=VERTEX_POINT('',#9137);
#7465=LINE('',#9138,#9139);
#7466=LINE('',#9141,#9142);
#7467=VERTEX_POINT('',#9144);
#7468=LINE('',#9145,#9146);
#7469=LINE('',#9148,#9149);
#7470=VERTEX_POINT('',#9151);
#7471=LINE('',#9152,#9153);
#7472=LINE('',#9155,#9156);
#7473=VERTEX_POINT('',#9158);
#7474=LINE('',#9159,#9160);
#7475=LINE('',#9162,#9163);
#7476=VERTEX_POINT('',#9165);
#7477=LINE('',#9166,#9167);
#7478=LINE('',#9169,#9170);
#7479=VERTEX_POINT('',#9172);
#7480=VERTEX_POINT('',#9173);
#7481=LINE('',#9174,#9175);
#7482=VERTEX_POINT('',#9177);
#7483=LINE('',#9178,#9179);
#7484=VERTEX_POINT('',#9181);
#7485=LINE('',#9182,#9183);
#7486=LINE('',#9185,#9186);
#7487=VERTEX_POINT('',#9188);
#7488=LINE('',#9189,#9190);
#7489=LINE('',#9192,#9193);
#7490=VERTEX_POINT('',#9195);
#7491=LINE('',#9196,#9197);
#7492=LINE('',#9199,#9200);
#7493=VERTEX_POINT('',#9202);
#7494=LINE('',#9203,#9204);
#7495=LINE('',#9206,#9207);
#7496=VERTEX_POINT('',#9209);
#7497=LINE('',#9210,#9211);
#7498=LINE('',#9213,#9214);
#7499=VERTEX_POINT('',#9216);
#7500=VERTEX_POINT('',#9217);
#7501=LINE('',#9218,#9219);
#7502=VERTEX_POINT('',#9221);
#7503=LINE('',#9222,#9223);
#7504=VERTEX_POINT('',#9225);
#7505=LINE('',#9226,#9227);
#7506=LINE('',#9229,#9230);
#7507=VERTEX_POINT('',#9232);
#7508=LINE('',#9233,#9234);
#7509=LINE('',#9236,#9237);
#7510=VERTEX_POINT('',#9239);
#7511=LINE('',#9240,#9241);
#7512=LINE('',#9243,#9244);
#7513=VERTEX_POINT('',#9246);
#7514=LINE('',#9247,#9248);
#7515=LINE('',#9250,#9251);
#7516=VERTEX_POINT('',#9253);
#7517=LINE('',#9254,#9255);
#7518=LINE('',#9257,#9258);
#7519=VERTEX_POINT('',#9260);
#7520=VERTEX_POINT('',#9261);
#7521=LINE('',#9262,#9263);
#7522=VERTEX_POINT('',#9265);
#7523=LINE('',#9266,#9267);
#7524=VERTEX_POINT('',#9269);
#7525=LINE('',#9270,#9271);
#7526=LINE('',#9273,#9274);
#7527=VERTEX_POINT('',#9276);
#7528=LINE('',#9277,#9278);
#7529=LINE('',#9280,#9281);
#7530=VERTEX_POINT('',#9283);
#7531=LINE('',#9284,#9285);
#7532=LINE('',#9287,#9288);
#7533=VERTEX_POINT('',#9290);
#7534=LINE('',#9291,#9292);
#7535=LINE('',#9294,#9295);
#7536=VERTEX_POINT('',#9297);
#7537=LINE('',#9298,#9299);
#7538=LINE('',#9301,#9302);
#7539=VERTEX_POINT('',#9304);
#7540=VERTEX_POINT('',#9305);
#7541=LINE('',#9306,#9307);
#7542=VERTEX_POINT('',#9309);
#7543=LINE('',#9310,#9311);
#7544=VERTEX_POINT('',#9313);
#7545=LINE('',#9314,#9315);
#7546=LINE('',#9317,#9318);
#7547=VERTEX_POINT('',#9320);
#7548=LINE('',#9321,#9322);
#7549=LINE('',#9324,#9325);
#7550=VERTEX_POINT('',#9327);
#7551=LINE('',#9328,#9329);
#7552=LINE('',#9331,#9332);
#7553=VERTEX_POINT('',#9334);
#7554=LINE('',#9335,#9336);
#7555=LINE('',#9338,#9339);
#7556=VERTEX_POINT('',#9341);
#7557=LINE('',#9342,#9343);
#7558=LINE('',#9345,#9346);
#7559=VERTEX_POINT('',#9348);
#7560=VERTEX_POINT('',#9349);
#7561=LINE('',#9350,#9351);
#7562=VERTEX_POINT('',#9353);
#7563=LINE('',#9354,#9355);
#7564=VERTEX_POINT('',#9357);
#7565=LINE('',#9358,#9359);
#7566=LINE('',#9361,#9362);
#7567=VERTEX_POINT('',#9364);
#7568=LINE('',#9365,#9366);
#7569=LINE('',#9368,#9369);
#7570=LINE('',#9371,#9372);
#7571=VERTEX_POINT('',#9374);
#7572=LINE('',#9375,#9376);
#7573=LINE('',#9378,#9379);
#7574=LINE('',#9381,#9382);
#7575=VERTEX_POINT('',#9384);
#7576=VERTEX_POINT('',#9385);
#7577=LINE('',#9386,#9387);
#7578=VERTEX_POINT('',#9389);
#7579=LINE('',#9390,#9391);
#7580=LINE('',#9393,#9394);
#7581=LINE('',#9396,#9397);
#7582=LINE('',#9399,#9400);
#7583=LINE('',#9402,#9403);
#7584=VERTEX_POINT('',#9405);
#7585=VERTEX_POINT('',#9406);
#7586=LINE('',#9407,#9408);
#7587=LINE('',#9410,#9411);
#7588=LINE('',#9413,#9414);
#7589=VERTEX_POINT('',#9416);
#7590=LINE('',#9417,#9418);
#7591=LINE('',#9420,#9421);
#7592=VERTEX_POINT('',#9423);
#7593=LINE('',#9424,#9425);
#7594=LINE('',#9427,#9428);
#7595=LINE('',#9430,#9431);
#7596=VERTEX_POINT('',#9433);
#7597=VERTEX_POINT('',#9434);
#7598=LINE('',#9435,#9436);
#7599=LINE('',#9438,#9439);
#7600=LINE('',#9441,#9442);
#7601=VERTEX_POINT('',#9444);
#7602=LINE('',#9445,#9446);
#7603=LINE('',#9448,#9449);
#7604=VERTEX_POINT('',#9451);
#7605=LINE('',#9452,#9453);
#7606=LINE('',#9455,#9456);
#7607=LINE('',#9458,#9459);
#7608=VERTEX_POINT('',#9461);
#7609=VERTEX_POINT('',#9462);
#7610=LINE('',#9463,#9464);
#7611=LINE('',#9466,#9467);
#7612=LINE('',#9469,#9470);
#7613=VERTEX_POINT('',#9472);
#7614=LINE('',#9473,#9474);
#7615=LINE('',#9476,#9477);
#7616=VERTEX_POINT('',#9479);
#7617=LINE('',#9480,#9481);
#7618=LINE('',#9483,#9484);
#7619=LINE('',#9486,#9487);
#7620=VERTEX_POINT('',#9489);
#7621=VERTEX_POINT('',#9490);
#7622=LINE('',#9491,#9492);
#7623=LINE('',#9494,#9495);
#7624=LINE('',#9497,#9498);
#7625=VERTEX_POINT('',#9500);
#7626=LINE('',#9501,#9502);
#7627=LINE('',#9504,#9505);
#7628=VERTEX_POINT('',#9507);
#7629=LINE('',#9508,#9509);
#7630=LINE('',#9511,#9512);
#7631=LINE('',#9514,#9515);
#7632=VERTEX_POINT('',#9517);
#7633=VERTEX_POINT('',#9518);
#7634=LINE('',#9519,#9520);
#7635=LINE('',#9522,#9523);
#7636=LINE('',#9525,#9526);
#7637=VERTEX_POINT('',#9528);
#7638=LINE('',#9529,#9530);
#7639=LINE('',#9532,#9533);
#7640=VERTEX_POINT('',#9535);
#7641=LINE('',#9536,#9537);
#7642=LINE('',#9539,#9540);
#7643=LINE('',#9542,#9543);
#7644=VERTEX_POINT('',#9545);
#7645=VERTEX_POINT('',#9546);
#7646=LINE('',#9547,#9548);
#7647=LINE('',#9550,#9551);
#7648=LINE('',#9553,#9554);
#7649=VERTEX_POINT('',#9556);
#7650=LINE('',#9557,#9558);
#7651=LINE('',#9560,#9561);
#7652=VERTEX_POINT('',#9563);
#7653=LINE('',#9564,#9565);
#7654=LINE('',#9567,#9568);
#7655=LINE('',#9570,#9571);
#7656=VERTEX_POINT('',#9573);
#7657=VERTEX_POINT('',#9574);
#7658=LINE('',#9575,#9576);
#7659=LINE('',#9578,#9579);
#7660=LINE('',#9581,#9582);
#7661=VERTEX_POINT('',#9584);
#7662=LINE('',#9585,#9586);
#7663=LINE('',#9588,#9589);
#7664=VERTEX_POINT('',#9591);
#7665=LINE('',#9592,#9593);
#7666=LINE('',#9595,#9596);
#7667=LINE('',#9598,#9599);
#7668=VERTEX_POINT('',#9601);
#7669=VERTEX_POINT('',#9602);
#7670=LINE('',#9603,#9604);
#7671=LINE('',#9606,#9607);
#7672=LINE('',#9609,#9610);
#7673=VERTEX_POINT('',#9612);
#7674=LINE('',#9613,#9614);
#7675=LINE('',#9616,#9617);
#7676=VERTEX_POINT('',#9619);
#7677=LINE('',#9620,#9621);
#7678=LINE('',#9623,#9624);
#7679=LINE('',#9626,#9627);
#7680=VERTEX_POINT('',#9629);
#7681=VERTEX_POINT('',#9630);
#7682=LINE('',#9631,#9632);
#7683=LINE('',#9634,#9635);
#7684=LINE('',#9637,#9638);
#7685=VERTEX_POINT('',#9640);
#7686=LINE('',#9641,#9642);
#7687=LINE('',#9644,#9645);
#7688=VERTEX_POINT('',#9647);
#7689=LINE('',#9648,#9649);
#7690=LINE('',#9651,#9652);
#7691=LINE('',#9654,#9655);
#7692=VERTEX_POINT('',#9657);
#7693=VERTEX_POINT('',#9658);
#7694=LINE('',#9659,#9660);
#7695=LINE('',#9662,#9663);
#7696=LINE('',#9665,#9666);
#7697=VERTEX_POINT('',#9668);
#7698=LINE('',#9669,#9670);
#7699=LINE('',#9672,#9673);
#7700=VERTEX_POINT('',#9675);
#7701=LINE('',#9676,#9677);
#7702=LINE('',#9679,#9680);
#7703=LINE('',#9682,#9683);
#7704=VERTEX_POINT('',#9685);
#7705=VERTEX_POINT('',#9686);
#7706=LINE('',#9687,#9688);
#7707=LINE('',#9690,#9691);
#7708=LINE('',#9693,#9694);
#7709=VERTEX_POINT('',#9696);
#7710=LINE('',#9697,#9698);
#7711=LINE('',#9700,#9701);
#7712=VERTEX_POINT('',#9703);
#7713=LINE('',#9704,#9705);
#7714=LINE('',#9707,#9708);
#7715=LINE('',#9710,#9711);
#7716=VERTEX_POINT('',#9713);
#7717=VERTEX_POINT('',#9714);
#7718=LINE('',#9715,#9716);
#7719=LINE('',#9718,#9719);
#7720=LINE('',#9721,#9722);
#7721=VERTEX_POINT('',#9724);
#7722=LINE('',#9725,#9726);
#7723=LINE('',#9728,#9729);
#7724=VERTEX_POINT('',#9731);
#7725=LINE('',#9732,#9733);
#7726=LINE('',#9735,#9736);
#7727=LINE('',#9738,#9739);
#7728=LINE('',#9741,#9742);
#7729=LINE('',#9744,#9745);
#7730=VERTEX_POINT('',#9747);
#7731=VERTEX_POINT('',#9748);
#7732=LINE('',#9749,#9750);
#7733=LINE('',#9752,#9753);
#7734=LINE('',#9755,#9756);
#7735=VERTEX_POINT('',#9758);
#7736=LINE('',#9759,#9760);
#7737=LINE('',#9762,#9763);
#7738=VERTEX_POINT('',#9765);
#7739=LINE('',#9766,#9767);
#7740=LINE('',#9769,#9770);
#7741=LINE('',#9772,#9773);
#7742=VERTEX_POINT('',#9775);
#7743=VERTEX_POINT('',#9776);
#7744=LINE('',#9777,#9778);
#7745=LINE('',#9780,#9781);
#7746=LINE('',#9783,#9784);
#7747=VERTEX_POINT('',#9786);
#7748=LINE('',#9787,#9788);
#7749=LINE('',#9790,#9791);
#7750=VERTEX_POINT('',#9793);
#7751=LINE('',#9794,#9795);
#7752=LINE('',#9797,#9798);
#7753=LINE('',#9800,#9801);
#7754=VERTEX_POINT('',#9803);
#7755=VERTEX_POINT('',#9804);
#7756=LINE('',#9805,#9806);
#7757=LINE('',#9808,#9809);
#7758=LINE('',#9811,#9812);
#7759=VERTEX_POINT('',#9814);
#7760=LINE('',#9815,#9816);
#7761=LINE('',#9818,#9819);
#7762=VERTEX_POINT('',#9821);
#7763=LINE('',#9822,#9823);
#7764=LINE('',#9825,#9826);
#7765=LINE('',#9828,#9829);
#7766=VERTEX_POINT('',#9831);
#7767=VERTEX_POINT('',#9832);
#7768=LINE('',#9833,#9834);
#7769=LINE('',#9836,#9837);
#7770=LINE('',#9839,#9840);
#7771=VERTEX_POINT('',#9842);
#7772=LINE('',#9843,#9844);
#7773=LINE('',#9846,#9847);
#7774=VERTEX_POINT('',#9849);
#7775=LINE('',#9850,#9851);
#7776=LINE('',#9853,#9854);
#7777=LINE('',#9856,#9857);
#7778=VERTEX_POINT('',#9859);
#7779=VERTEX_POINT('',#9860);
#7780=LINE('',#9861,#9862);
#7781=LINE('',#9864,#9865);
#7782=LINE('',#9867,#9868);
#7783=VERTEX_POINT('',#9870);
#7784=LINE('',#9871,#9872);
#7785=LINE('',#9874,#9875);
#7786=VERTEX_POINT('',#9877);
#7787=LINE('',#9878,#9879);
#7788=LINE('',#9881,#9882);
#7789=LINE('',#9884,#9885);
#7790=VERTEX_POINT('',#9887);
#7791=VERTEX_POINT('',#9888);
#7792=LINE('',#9889,#9890);
#7793=LINE('',#9892,#9893);
#7794=LINE('',#9895,#9896);
#7795=VERTEX_POINT('',#9898);
#7796=LINE('',#9899,#9900);
#7797=LINE('',#9902,#9903);
#7798=VERTEX_POINT('',#9905);
#7799=LINE('',#9906,#9907);
#7800=LINE('',#9909,#9910);
#7801=LINE('',#9912,#9913);
#7802=VERTEX_POINT('',#9915);
#7803=VERTEX_POINT('',#9916);
#7804=LINE('',#9917,#9918);
#7805=LINE('',#9920,#9921);
#7806=LINE('',#9923,#9924);
#7807=VERTEX_POINT('',#9926);
#7808=LINE('',#9927,#9928);
#7809=LINE('',#9930,#9931);
#7810=VERTEX_POINT('',#9933);
#7811=LINE('',#9934,#9935);
#7812=LINE('',#9937,#9938);
#7813=LINE('',#9940,#9941);
#7814=VERTEX_POINT('',#9943);
#7815=VERTEX_POINT('',#9944);
#7816=LINE('',#9945,#9946);
#7817=LINE('',#9948,#9949);
#7818=LINE('',#9951,#9952);
#7819=VERTEX_POINT('',#9954);
#7820=LINE('',#9955,#9956);
#7821=LINE('',#9958,#9959);
#7822=VERTEX_POINT('',#9961);
#7823=LINE('',#9962,#9963);
#7824=LINE('',#9965,#9966);
#7825=LINE('',#9968,#9969);
#7826=VERTEX_POINT('',#9971);
#7827=VERTEX_POINT('',#9972);
#7828=LINE('',#9973,#9974);
#7829=LINE('',#9976,#9977);
#7830=LINE('',#9979,#9980);
#7831=VERTEX_POINT('',#9982);
#7832=LINE('',#9983,#9984);
#7833=LINE('',#9986,#9987);
#7834=VERTEX_POINT('',#9989);
#7835=LINE('',#9990,#9991);
#7836=LINE('',#9993,#9994);
#7837=LINE('',#9996,#9997);
#7838=VERTEX_POINT('',#9999);
#7839=VERTEX_POINT('',#10000);
#7840=LINE('',#10001,#10002);
#7841=LINE('',#10004,#10005);
#7842=LINE('',#10007,#10008);
#7843=VERTEX_POINT('',#10010);
#7844=LINE('',#10011,#10012);
#7845=LINE('',#10014,#10015);
#7846=VERTEX_POINT('',#10017);
#7847=LINE('',#10018,#10019);
#7848=LINE('',#10021,#10022);
#7849=LINE('',#10024,#10025);
#7850=VERTEX_POINT('',#10027);
#7851=VERTEX_POINT('',#10028);
#7852=LINE('',#10029,#10030);
#7853=LINE('',#10032,#10033);
#7854=LINE('',#10035,#10036);
#7855=VERTEX_POINT('',#10038);
#7856=LINE('',#10039,#10040);
#7857=LINE('',#10042,#10043);
#7858=VERTEX_POINT('',#10045);
#7859=LINE('',#10046,#10047);
#7860=LINE('',#10049,#10050);
#7861=LINE('',#10052,#10053);
#7862=VERTEX_POINT('',#10055);
#7863=VERTEX_POINT('',#10056);
#7864=LINE('',#10057,#10058);
#7865=LINE('',#10060,#10061);
#7866=LINE('',#10063,#10064);
#7867=VERTEX_POINT('',#10066);
#7868=LINE('',#10067,#10068);
#7869=LINE('',#10070,#10071);
#7870=VERTEX_POINT('',#10073);
#7871=LINE('',#10074,#10075);
#7872=LINE('',#10077,#10078);
#7873=LINE('',#10080,#10081);
#7874=VERTEX_POINT('',#10083);
#7875=LINE('',#10084,#10085);
#7876=VERTEX_POINT('',#10087);
#7877=LINE('',#10088,#10089);
#7878=LINE('',#10091,#10092);
#7879=VERTEX_POINT('',#10094);
#7880=LINE('',#10095,#10096);
#7881=LINE('',#10098,#10099);
#7882=VERTEX_POINT('',#10101);
#7883=LINE('',#10102,#10103);
#7884=LINE('',#10105,#10106);
#7885=LINE('',#10108,#10109);
#7886=VERTEX_POINT('',#10111);
#7887=LINE('',#10112,#10113);
#7888=VERTEX_POINT('',#10115);
#7889=LINE('',#10116,#10117);
#7890=LINE('',#10119,#10120);
#7891=VERTEX_POINT('',#10122);
#7892=LINE('',#10123,#10124);
#7893=LINE('',#10126,#10127);
#7894=VERTEX_POINT('',#10129);
#7895=LINE('',#10130,#10131);
#7896=LINE('',#10133,#10134);
#7897=LINE('',#10136,#10137);
#7898=VERTEX_POINT('',#10139);
#7899=LINE('',#10140,#10141);
#7900=VERTEX_POINT('',#10143);
#7901=LINE('',#10144,#10145);
#7902=LINE('',#10147,#10148);
#7903=VERTEX_POINT('',#10150);
#7904=LINE('',#10151,#10152);
#7905=LINE('',#10154,#10155);
#7906=VERTEX_POINT('',#10157);
#7907=LINE('',#10158,#10159);
#7908=LINE('',#10161,#10162);
#7909=LINE('',#10164,#10165);
#7910=VERTEX_POINT('',#10167);
#7911=LINE('',#10168,#10169);
#7912=VERTEX_POINT('',#10171);
#7913=LINE('',#10172,#10173);
#7914=LINE('',#10175,#10176);
#7915=VERTEX_POINT('',#10178);
#7916=LINE('',#10179,#10180);
#7917=LINE('',#10182,#10183);
#7918=VERTEX_POINT('',#10185);
#7919=LINE('',#10186,#10187);
#7920=LINE('',#10189,#10190);
#7921=LINE('',#10192,#10193);
#7922=VERTEX_POINT('',#10195);
#7923=LINE('',#10196,#10197);
#7924=VERTEX_POINT('',#10199);
#7925=LINE('',#10200,#10201);
#7926=LINE('',#10203,#10204);
#7927=VERTEX_POINT('',#10206);
#7928=LINE('',#10207,#10208);
#7929=LINE('',#10210,#10211);
#7930=VERTEX_POINT('',#10213);
#7931=LINE('',#10214,#10215);
#7932=LINE('',#10217,#10218);
#7933=LINE('',#10220,#10221);
#7934=VERTEX_POINT('',#10223);
#7935=LINE('',#10224,#10225);
#7936=VERTEX_POINT('',#10227);
#7937=LINE('',#10228,#10229);
#7938=LINE('',#10231,#10232);
#7939=VERTEX_POINT('',#10234);
#7940=LINE('',#10235,#10236);
#7941=LINE('',#10238,#10239);
#7942=VERTEX_POINT('',#10241);
#7943=LINE('',#10242,#10243);
#7944=LINE('',#10245,#10246);
#7945=LINE('',#10248,#10249);
#7946=VERTEX_POINT('',#10251);
#7947=LINE('',#10252,#10253);
#7948=VERTEX_POINT('',#10255);
#7949=LINE('',#10256,#10257);
#7950=LINE('',#10259,#10260);
#7951=VERTEX_POINT('',#10262);
#7952=LINE('',#10263,#10264);
#7953=LINE('',#10266,#10267);
#7954=VERTEX_POINT('',#10269);
#7955=LINE('',#10270,#10271);
#7956=LINE('',#10273,#10274);
#7957=LINE('',#10276,#10277);
#7958=VERTEX_POINT('',#10279);
#7959=LINE('',#10280,#10281);
#7960=VERTEX_POINT('',#10283);
#7961=LINE('',#10284,#10285);
#7962=LINE('',#10287,#10288);
#7963=VERTEX_POINT('',#10290);
#7964=LINE('',#10291,#10292);
#7965=LINE('',#10294,#10295);
#7966=VERTEX_POINT('',#10297);
#7967=LINE('',#10298,#10299);
#7968=LINE('',#10301,#10302);
#7969=LINE('',#10304,#10305);
#7970=VERTEX_POINT('',#10307);
#7971=LINE('',#10308,#10309);
#7972=VERTEX_POINT('',#10311);
#7973=LINE('',#10312,#10313);
#7974=LINE('',#10315,#10316);
#7975=VERTEX_POINT('',#10318);
#7976=LINE('',#10319,#10320);
#7977=LINE('',#10322,#10323);
#7978=VERTEX_POINT('',#10325);
#7979=LINE('',#10326,#10327);
#7980=LINE('',#10329,#10330);
#7981=LINE('',#10332,#10333);
#7982=VERTEX_POINT('',#10335);
#7983=LINE('',#10336,#10337);
#7984=VERTEX_POINT('',#10339);
#7985=LINE('',#10340,#10341);
#7986=LINE('',#10343,#10344);
#7987=VERTEX_POINT('',#10346);
#7988=LINE('',#10347,#10348);
#7989=LINE('',#10350,#10351);
#7990=VERTEX_POINT('',#10353);
#7991=LINE('',#10354,#10355);
#7992=LINE('',#10357,#10358);
#7993=LINE('',#10360,#10361);
#7994=VERTEX_POINT('',#10363);
#7995=LINE('',#10364,#10365);
#7996=VERTEX_POINT('',#10367);
#7997=LINE('',#10368,#10369);
#7998=LINE('',#10371,#10372);
#7999=VERTEX_POINT('',#10374);
#8000=LINE('',#10375,#10376);
#8001=LINE('',#10378,#10379);
#8002=VERTEX_POINT('',#10381);
#8003=LINE('',#10382,#10383);
#8004=LINE('',#10385,#10386);
#8005=LINE('',#10388,#10389);
#8006=VERTEX_POINT('',#10391);
#8007=LINE('',#10392,#10393);
#8008=VERTEX_POINT('',#10395);
#8009=LINE('',#10396,#10397);
#8010=LINE('',#10399,#10400);
#8011=VERTEX_POINT('',#10402);
#8012=LINE('',#10403,#10404);
#8013=LINE('',#10406,#10407);
#8014=VERTEX_POINT('',#10409);
#8015=LINE('',#10410,#10411);
#8016=LINE('',#10413,#10414);
#8017=LINE('',#10416,#10417);
#8018=VERTEX_POINT('',#10419);
#8019=LINE('',#10420,#10421);
#8020=VERTEX_POINT('',#10423);
#8021=LINE('',#10424,#10425);
#8022=LINE('',#10427,#10428);
#8023=VERTEX_POINT('',#10430);
#8024=LINE('',#10431,#10432);
#8025=LINE('',#10434,#10435);
#8026=VERTEX_POINT('',#10437);
#8027=LINE('',#10438,#10439);
#8028=LINE('',#10441,#10442);
#8029=LINE('',#10444,#10445);
#8030=VERTEX_POINT('',#10447);
#8031=LINE('',#10448,#10449);
#8032=VERTEX_POINT('',#10451);
#8033=LINE('',#10452,#10453);
#8034=LINE('',#10455,#10456);
#8035=VERTEX_POINT('',#10458);
#8036=LINE('',#10459,#10460);
#8037=LINE('',#10462,#10463);
#8038=VERTEX_POINT('',#10465);
#8039=LINE('',#10466,#10467);
#8040=LINE('',#10469,#10470);
#8041=LINE('',#10472,#10473);
#8042=VERTEX_POINT('',#10475);
#8043=LINE('',#10476,#10477);
#8044=VERTEX_POINT('',#10479);
#8045=LINE('',#10480,#10481);
#8046=LINE('',#10483,#10484);
#8047=VERTEX_POINT('',#10486);
#8048=LINE('',#10487,#10488);
#8049=LINE('',#10490,#10491);
#8050=VERTEX_POINT('',#10493);
#8051=LINE('',#10494,#10495);
#8052=LINE('',#10497,#10498);
#8053=LINE('',#10500,#10501);
#8054=VERTEX_POINT('',#10503);
#8055=LINE('',#10504,#10505);
#8056=VERTEX_POINT('',#10507);
#8057=LINE('',#10508,#10509);
#8058=LINE('',#10511,#10512);
#8059=VERTEX_POINT('',#10514);
#8060=LINE('',#10515,#10516);
#8061=LINE('',#10518,#10519);
#8062=VERTEX_POINT('',#10521);
#8063=LINE('',#10522,#10523);
#8064=LINE('',#10525,#10526);
#8065=LINE('',#10528,#10529);
#8066=VERTEX_POINT('',#10531);
#8067=LINE('',#10532,#10533);
#8068=VERTEX_POINT('',#10535);
#8069=LINE('',#10536,#10537);
#8070=LINE('',#10539,#10540);
#8071=VERTEX_POINT('',#10542);
#8072=LINE('',#10543,#10544);
#8073=LINE('',#10546,#10547);
#8074=VERTEX_POINT('',#10549);
#8075=LINE('',#10550,#10551);
#8076=LINE('',#10553,#10554);
#8077=LINE('',#10556,#10557);
#8078=VERTEX_POINT('',#10559);
#8079=LINE('',#10560,#10561);
#8080=VERTEX_POINT('',#10563);
#8081=LINE('',#10564,#10565);
#8082=LINE('',#10567,#10568);
#8083=VERTEX_POINT('',#10570);
#8084=LINE('',#10571,#10572);
#8085=LINE('',#10574,#10575);
#8086=VERTEX_POINT('',#10577);
#8087=LINE('',#10578,#10579);
#8088=LINE('',#10581,#10582);
#8089=LINE('',#10584,#10585);
#8090=VERTEX_POINT('',#10587);
#8091=LINE('',#10588,#10589);
#8092=VERTEX_POINT('',#10591);
#8093=LINE('',#10592,#10593);
#8094=LINE('',#10595,#10596);
#8095=VERTEX_POINT('',#10598);
#8096=LINE('',#10599,#10600);
#8097=LINE('',#10602,#10603);
#8098=VERTEX_POINT('',#10605);
#8099=LINE('',#10606,#10607);
#8100=LINE('',#10609,#10610);
#8101=LINE('',#10612,#10613);
#8102=VERTEX_POINT('',#10615);
#8103=LINE('',#10616,#10617);
#8104=VERTEX_POINT('',#10619);
#8105=LINE('',#10620,#10621);
#8106=LINE('',#10623,#10624);
#8107=VERTEX_POINT('',#10626);
#8108=LINE('',#10627,#10628);
#8109=LINE('',#10630,#10631);
#8110=VERTEX_POINT('',#10633);
#8111=LINE('',#10634,#10635);
#8112=LINE('',#10637,#10638);
#8113=LINE('',#10640,#10641);
#8114=VERTEX_POINT('',#10643);
#8115=LINE('',#10644,#10645);
#8116=VERTEX_POINT('',#10647);
#8117=LINE('',#10648,#10649);
#8118=LINE('',#10651,#10652);
#8119=VERTEX_POINT('',#10654);
#8120=LINE('',#10655,#10656);
#8121=LINE('',#10658,#10659);
#8122=VERTEX_POINT('',#10661);
#8123=LINE('',#10662,#10663);
#8124=LINE('',#10665,#10666);
#8125=LINE('',#10668,#10669);
#8126=VERTEX_POINT('',#10671);
#8127=LINE('',#10672,#10673);
#8128=VERTEX_POINT('',#10675);
#8129=LINE('',#10676,#10677);
#8130=LINE('',#10679,#10680);
#8131=VERTEX_POINT('',#10682);
#8132=LINE('',#10683,#10684);
#8133=LINE('',#10686,#10687);
#8134=VERTEX_POINT('',#10689);
#8135=LINE('',#10690,#10691);
#8136=LINE('',#10693,#10694);
#8137=LINE('',#10696,#10697);
#8138=VERTEX_POINT('',#10699);
#8139=LINE('',#10700,#10701);
#8140=VERTEX_POINT('',#10703);
#8141=LINE('',#10704,#10705);
#8142=LINE('',#10707,#10708);
#8143=VERTEX_POINT('',#10710);
#8144=LINE('',#10711,#10712);
#8145=LINE('',#10714,#10715);
#8146=VERTEX_POINT('',#10717);
#8147=LINE('',#10718,#10719);
#8148=LINE('',#10721,#10722);
#8149=LINE('',#10724,#10725);
#8150=VERTEX_POINT('',#10727);
#8151=LINE('',#10728,#10729);
#8152=VERTEX_POINT('',#10731);
#8153=LINE('',#10732,#10733);
#8154=LINE('',#10735,#10736);
#8155=VERTEX_POINT('',#10738);
#8156=LINE('',#10739,#10740);
#8157=LINE('',#10742,#10743);
#8158=VERTEX_POINT('',#10745);
#8159=LINE('',#10746,#10747);
#8160=LINE('',#10749,#10750);
#8161=LINE('',#10752,#10753);
#8162=CARTESIAN_POINT('',(26.25,-1.5,7.));
#8163=CARTESIAN_POINT('',(26.25,-1.5,3.));
#8164=CARTESIAN_POINT('',(26.25,-1.5,7.));
#8165=VECTOR('',#8166,1.);
#8166=DIRECTION('',(0.,0.,-1.));
#8167=CARTESIAN_POINT('',(28.15,-1.5,3.));
#8168=CARTESIAN_POINT('',(26.25,-1.5,3.));
#8169=VECTOR('',#8170,1.);
#8170=DIRECTION('',(1.,0.,0.));
#8171=CARTESIAN_POINT('',(28.75,-1.5,3.6));
#8172=AXIS2_PLACEMENT_3D('',#8173,#8174,#8175);
#8173=CARTESIAN_POINT('',(28.15,-1.5,3.6));
#8174=DIRECTION('',(0.,-1.,0.));
#8175=DIRECTION('',(0.,0.,-1.));
#8176=CARTESIAN_POINT('',(28.75,-1.5,6.2));
#8177=CARTESIAN_POINT('',(28.75,-1.5,3.6));
#8178=VECTOR('',#8179,1.);
#8179=DIRECTION('',(0.,0.,1.));
#8180=CARTESIAN_POINT('',(28.35,-1.5,6.6));
#8181=CARTESIAN_POINT('',(28.75,-1.5,6.2));
#8182=VECTOR('',#8183,1.);
#8183=DIRECTION('',(-0.707106781186546,0.,0.707106781186549));
#8184=CARTESIAN_POINT('',(28.75,-1.5,7.));
#8185=CARTESIAN_POINT('',(28.35,-1.5,6.6));
#8186=VECTOR('',#8187,1.);
#8187=DIRECTION('',(0.707106781186548,0.,0.707106781186548));
#8188=CARTESIAN_POINT('',(30.,-1.5,7.));
#8189=CARTESIAN_POINT('',(28.75,-1.5,7.));
#8190=VECTOR('',#8191,1.);
#8191=DIRECTION('',(1.,-1.77635683940025E-016,0.));
#8192=CARTESIAN_POINT('',(30.,-1.5,3.));
#8193=CARTESIAN_POINT('',(30.,-1.5,3.));
#8194=VECTOR('',#8195,1.);
#8195=DIRECTION('',(0.,0.,1.));
#8196=CARTESIAN_POINT('',(29.3,-1.5,3.));
#8197=CARTESIAN_POINT('',(30.,-1.5,3.));
#8198=VECTOR('',#8199,1.);
#8199=DIRECTION('',(-1.,0.,0.));
#8200=CARTESIAN_POINT('',(29.3,-1.5,2.));
#8201=CARTESIAN_POINT('',(29.3,-1.5,2.));
#8202=VECTOR('',#8203,1.);
#8203=DIRECTION('',(0.,0.,1.));
#8204=CARTESIAN_POINT('',(-1.8,-1.5,2.));
#8205=CARTESIAN_POINT('',(-1.8,-1.5,2.));
#8206=VECTOR('',#8207,1.);
#8207=DIRECTION('',(1.,0.,0.));
#8208=CARTESIAN_POINT('',(-1.8,-1.5,3.));
#8209=CARTESIAN_POINT('',(-1.8,-1.5,2.));
#8210=VECTOR('',#8211,1.);
#8211=DIRECTION('',(0.,0.,1.));
#8212=CARTESIAN_POINT('',(-2.5,-1.5,3.));
#8213=CARTESIAN_POINT('',(-1.8,-1.5,3.));
#8214=VECTOR('',#8215,1.);
#8215=DIRECTION('',(-1.,0.,0.));
#8216=CARTESIAN_POINT('',(-2.5,-1.5,7.));
#8217=CARTESIAN_POINT('',(-2.5,-1.5,3.));
#8218=VECTOR('',#8219,1.);
#8219=DIRECTION('',(0.,0.,1.));
#8220=CARTESIAN_POINT('',(-1.25,-1.5,7.));
#8221=CARTESIAN_POINT('',(-2.5,-1.5,7.));
#8222=VECTOR('',#8223,1.);
#8223=DIRECTION('',(1.,0.,0.));
#8224=CARTESIAN_POINT('',(-0.85,-1.5,6.6));
#8225=CARTESIAN_POINT('',(-1.25,-1.5,7.));
#8226=VECTOR('',#8227,1.);
#8227=DIRECTION('',(0.707106781186547,0.,-0.707106781186548));
#8228=CARTESIAN_POINT('',(-1.25,-1.5,6.2));
#8229=CARTESIAN_POINT('',(-0.85,-1.5,6.6));
#8230=VECTOR('',#8231,1.);
#8231=DIRECTION('',(-0.707106781186547,0.,-0.707106781186548));
#8232=CARTESIAN_POINT('',(-1.25,-1.5,3.6));
#8233=CARTESIAN_POINT('',(-1.25,-1.5,6.2));
#8234=VECTOR('',#8235,1.);
#8235=DIRECTION('',(0.,0.,-1.));
#8236=CARTESIAN_POINT('',(-0.65,-1.5,3.));
#8237=AXIS2_PLACEMENT_3D('',#8238,#8239,#8240);
#8238=CARTESIAN_POINT('',(-0.65,-1.5,3.6));
#8239=DIRECTION('',(0.,-1.,0.));
#8240=DIRECTION('',(-1.,0.,0.));
#8241=CARTESIAN_POINT('',(1.25,-1.5,3.));
#8242=CARTESIAN_POINT('',(-0.65,-1.5,3.));
#8243=VECTOR('',#8244,1.);
#8244=DIRECTION('',(1.,0.,0.));
#8245=CARTESIAN_POINT('',(1.25,-1.5,7.));
#8246=CARTESIAN_POINT('',(1.25,-1.5,3.));
#8247=VECTOR('',#8248,1.);
#8248=DIRECTION('',(0.,0.,1.));
#8249=CARTESIAN_POINT('',(1.25,-1.5,7.));
#8250=VECTOR('',#8251,1.);
#8251=DIRECTION('',(1.,0.,0.));
#8252=CARTESIAN_POINT('',(26.25,-2.2,7.));
#8253=CARTESIAN_POINT('',(26.25,-1.5,7.));
#8254=VECTOR('',#8255,1.);
#8255=DIRECTION('',(0.,-1.,0.));
#8256=CARTESIAN_POINT('',(1.25,-2.2,7.));
#8257=CARTESIAN_POINT('',(1.25,-2.2,7.));
#8258=VECTOR('',#8259,1.);
#8259=DIRECTION('',(0.,1.,0.));
#8260=CARTESIAN_POINT('',(1.25,-2.2,7.));
#8261=VECTOR('',#8262,1.);
#8262=DIRECTION('',(1.,0.,0.));
#8263=CARTESIAN_POINT('',(28.75,-2.2,7.));
#8264=CARTESIAN_POINT('',(28.75,-2.2,7.));
#8265=VECTOR('',#8266,1.);
#8266=DIRECTION('',(0.,1.,0.));
#8267=CARTESIAN_POINT('',(30.,-2.2,7.));
#8268=CARTESIAN_POINT('',(28.75,-2.2,7.));
#8269=VECTOR('',#8270,1.);
#8270=DIRECTION('',(1.,0.,0.));
#8271=CARTESIAN_POINT('',(30.,-2.2,7.));
#8272=VECTOR('',#8273,1.);
#8273=DIRECTION('',(0.,1.,0.));
#8274=CARTESIAN_POINT('',(26.25,-2.2,3.));
#8275=CARTESIAN_POINT('',(26.25,-2.2,7.));
#8276=VECTOR('',#8277,1.);
#8277=DIRECTION('',(0.,0.,-1.));
#8278=CARTESIAN_POINT('',(1.25,-2.2,3.));
#8279=CARTESIAN_POINT('',(1.25,-2.2,3.));
#8280=VECTOR('',#8281,1.);
#8281=DIRECTION('',(0.,0.,1.));
#8282=CARTESIAN_POINT('',(-0.65,-2.2,3.));
#8283=CARTESIAN_POINT('',(-0.65,-2.2,3.));
#8284=VECTOR('',#8285,1.);
#8285=DIRECTION('',(1.,0.,0.));
#8286=CARTESIAN_POINT('',(-1.25,-2.2,3.6));
#8287=AXIS2_PLACEMENT_3D('',#8288,#8289,#8290);
#8288=CARTESIAN_POINT('',(-0.65,-2.2,3.6));
#8289=DIRECTION('',(0.,-1.,0.));
#8290=DIRECTION('',(-1.,0.,0.));
#8291=CARTESIAN_POINT('',(-1.25,-2.2,6.2));
#8292=CARTESIAN_POINT('',(-1.25,-2.2,6.2));
#8293=VECTOR('',#8294,1.);
#8294=DIRECTION('',(0.,0.,-1.));
#8295=CARTESIAN_POINT('',(-0.85,-2.2,6.6));
#8296=CARTESIAN_POINT('',(-0.85,-2.2,6.6));
#8297=VECTOR('',#8298,1.);
#8298=DIRECTION('',(-0.707106781186547,0.,-0.707106781186548));
#8299=CARTESIAN_POINT('',(-1.25,-2.2,7.));
#8300=CARTESIAN_POINT('',(-1.25,-2.2,7.));
#8301=VECTOR('',#8302,1.);
#8302=DIRECTION('',(0.707106781186547,0.,-0.707106781186548));
#8303=CARTESIAN_POINT('',(-2.5,-2.2,7.));
#8304=CARTESIAN_POINT('',(-2.5,-2.2,7.));
#8305=VECTOR('',#8306,1.);
#8306=DIRECTION('',(1.,0.,0.));
#8307=CARTESIAN_POINT('',(-2.5,-2.2,0.));
#8308=CARTESIAN_POINT('',(-2.5,-2.2,0.));
#8309=VECTOR('',#8310,1.);
#8310=DIRECTION('',(0.,0.,1.));
#8311=CARTESIAN_POINT('',(-0.85,-2.2,0.));
#8312=CARTESIAN_POINT('',(-0.85,-2.2,0.));
#8313=VECTOR('',#8314,1.);
#8314=DIRECTION('',(-1.,0.,0.));
#8315=CARTESIAN_POINT('',(-0.85,-2.2,0.4));
#8316=CARTESIAN_POINT('',(-0.85,-2.2,0.4));
#8317=VECTOR('',#8318,1.);
#8318=DIRECTION('',(0.,0.,-1.));
#8319=CARTESIAN_POINT('',(0.85,-2.2,0.4));
#8320=CARTESIAN_POINT('',(-0.85,-2.2,0.4));
#8321=VECTOR('',#8322,1.);
#8322=DIRECTION('',(1.,0.,0.));
#8323=CARTESIAN_POINT('',(0.85,-2.2,0.));
#8324=CARTESIAN_POINT('',(0.85,-2.2,0.));
#8325=VECTOR('',#8326,1.);
#8326=DIRECTION('',(0.,0.,1.));
#8327=CARTESIAN_POINT('',(1.65,-2.2,0.));
#8328=CARTESIAN_POINT('',(0.85,-2.2,0.));
#8329=VECTOR('',#8330,1.);
#8330=DIRECTION('',(1.,0.,0.));
#8331=CARTESIAN_POINT('',(1.65,-2.2,0.4));
#8332=CARTESIAN_POINT('',(1.65,-2.2,0.4));
#8333=VECTOR('',#8334,1.);
#8334=DIRECTION('',(0.,0.,-1.));
#8335=CARTESIAN_POINT('',(3.35,-2.2,0.4));
#8336=CARTESIAN_POINT('',(1.65,-2.2,0.4));
#8337=VECTOR('',#8338,1.);
#8338=DIRECTION('',(1.,0.,0.));
#8339=CARTESIAN_POINT('',(3.35,-2.2,0.));
#8340=CARTESIAN_POINT('',(3.35,-2.2,0.));
#8341=VECTOR('',#8342,1.);
#8342=DIRECTION('',(0.,0.,1.));
#8343=CARTESIAN_POINT('',(4.15,-2.2,0.));
#8344=CARTESIAN_POINT('',(3.35,-2.2,0.));
#8345=VECTOR('',#8346,1.);
#8346=DIRECTION('',(1.,0.,0.));
#8347=CARTESIAN_POINT('',(4.15,-2.2,0.4));
#8348=CARTESIAN_POINT('',(4.15,-2.2,0.4));
#8349=VECTOR('',#8350,1.);
#8350=DIRECTION('',(0.,0.,-1.));
#8351=CARTESIAN_POINT('',(5.85,-2.2,0.4));
#8352=CARTESIAN_POINT('',(4.15,-2.2,0.4));
#8353=VECTOR('',#8354,1.);
#8354=DIRECTION('',(1.,0.,0.));
#8355=CARTESIAN_POINT('',(5.85,-2.2,0.));
#8356=CARTESIAN_POINT('',(5.85,-2.2,0.));
#8357=VECTOR('',#8358,1.);
#8358=DIRECTION('',(0.,0.,1.));
#8359=CARTESIAN_POINT('',(6.65,-2.2,0.));
#8360=CARTESIAN_POINT('',(5.85,-2.2,0.));
#8361=VECTOR('',#8362,1.);
#8362=DIRECTION('',(1.,0.,0.));
#8363=CARTESIAN_POINT('',(6.65,-2.2,0.4));
#8364=CARTESIAN_POINT('',(6.65,-2.2,0.4));
#8365=VECTOR('',#8366,1.);
#8366=DIRECTION('',(0.,0.,-1.));
#8367=CARTESIAN_POINT('',(8.35,-2.2,0.4));
#8368=CARTESIAN_POINT('',(6.65,-2.2,0.4));
#8369=VECTOR('',#8370,1.);
#8370=DIRECTION('',(1.,0.,0.));
#8371=CARTESIAN_POINT('',(8.35,-2.2,0.));
#8372=CARTESIAN_POINT('',(8.35,-2.2,0.));
#8373=VECTOR('',#8374,1.);
#8374=DIRECTION('',(0.,0.,1.));
#8375=CARTESIAN_POINT('',(9.15,-2.2,0.));
#8376=CARTESIAN_POINT('',(8.35,-2.2,0.));
#8377=VECTOR('',#8378,1.);
#8378=DIRECTION('',(1.,0.,0.));
#8379=CARTESIAN_POINT('',(9.15,-2.2,0.4));
#8380=CARTESIAN_POINT('',(9.15,-2.2,0.4));
#8381=VECTOR('',#8382,1.);
#8382=DIRECTION('',(0.,0.,-1.));
#8383=CARTESIAN_POINT('',(10.85,-2.2,0.4));
#8384=CARTESIAN_POINT('',(9.15,-2.2,0.4));
#8385=VECTOR('',#8386,1.);
#8386=DIRECTION('',(1.,0.,0.));
#8387=CARTESIAN_POINT('',(10.85,-2.2,0.));
#8388=CARTESIAN_POINT('',(10.85,-2.2,0.));
#8389=VECTOR('',#8390,1.);
#8390=DIRECTION('',(0.,0.,1.));
#8391=CARTESIAN_POINT('',(11.65,-2.2,0.));
#8392=CARTESIAN_POINT('',(10.85,-2.2,0.));
#8393=VECTOR('',#8394,1.);
#8394=DIRECTION('',(1.,0.,0.));
#8395=CARTESIAN_POINT('',(11.65,-2.2,0.4));
#8396=CARTESIAN_POINT('',(11.65,-2.2,0.4));
#8397=VECTOR('',#8398,1.);
#8398=DIRECTION('',(0.,0.,-1.));
#8399=CARTESIAN_POINT('',(13.35,-2.2,0.4));
#8400=CARTESIAN_POINT('',(11.65,-2.2,0.4));
#8401=VECTOR('',#8402,1.);
#8402=DIRECTION('',(1.,0.,0.));
#8403=CARTESIAN_POINT('',(13.35,-2.2,0.));
#8404=CARTESIAN_POINT('',(13.35,-2.2,0.));
#8405=VECTOR('',#8406,1.);
#8406=DIRECTION('',(0.,0.,1.));
#8407=CARTESIAN_POINT('',(14.15,-2.2,0.));
#8408=CARTESIAN_POINT('',(13.35,-2.2,0.));
#8409=VECTOR('',#8410,1.);
#8410=DIRECTION('',(1.,0.,0.));
#8411=CARTESIAN_POINT('',(14.15,-2.2,0.4));
#8412=CARTESIAN_POINT('',(14.15,-2.2,0.4));
#8413=VECTOR('',#8414,1.);
#8414=DIRECTION('',(0.,0.,-1.));
#8415=CARTESIAN_POINT('',(15.85,-2.2,0.4));
#8416=CARTESIAN_POINT('',(14.15,-2.2,0.4));
#8417=VECTOR('',#8418,1.);
#8418=DIRECTION('',(1.,0.,0.));
#8419=CARTESIAN_POINT('',(15.85,-2.2,0.));
#8420=CARTESIAN_POINT('',(15.85,-2.2,0.));
#8421=VECTOR('',#8422,1.);
#8422=DIRECTION('',(0.,0.,1.));
#8423=CARTESIAN_POINT('',(16.65,-2.2,0.));
#8424=CARTESIAN_POINT('',(15.85,-2.2,0.));
#8425=VECTOR('',#8426,1.);
#8426=DIRECTION('',(1.,0.,0.));
#8427=CARTESIAN_POINT('',(16.65,-2.2,0.4));
#8428=CARTESIAN_POINT('',(16.65,-2.2,0.4));
#8429=VECTOR('',#8430,1.);
#8430=DIRECTION('',(0.,0.,-1.));
#8431=CARTESIAN_POINT('',(18.35,-2.2,0.4));
#8432=CARTESIAN_POINT('',(16.65,-2.2,0.4));
#8433=VECTOR('',#8434,1.);
#8434=DIRECTION('',(1.,0.,0.));
#8435=CARTESIAN_POINT('',(18.35,-2.2,0.));
#8436=CARTESIAN_POINT('',(18.35,-2.2,0.));
#8437=VECTOR('',#8438,1.);
#8438=DIRECTION('',(0.,0.,1.));
#8439=CARTESIAN_POINT('',(19.15,-2.2,0.));
#8440=CARTESIAN_POINT('',(18.35,-2.2,0.));
#8441=VECTOR('',#8442,1.);
#8442=DIRECTION('',(1.,0.,0.));
#8443=CARTESIAN_POINT('',(19.15,-2.2,0.4));
#8444=CARTESIAN_POINT('',(19.15,-2.2,0.4));
#8445=VECTOR('',#8446,1.);
#8446=DIRECTION('',(0.,0.,-1.));
#8447=CARTESIAN_POINT('',(20.85,-2.2,0.4));
#8448=CARTESIAN_POINT('',(19.15,-2.2,0.4));
#8449=VECTOR('',#8450,1.);
#8450=DIRECTION('',(1.,0.,0.));
#8451=CARTESIAN_POINT('',(20.85,-2.2,0.));
#8452=CARTESIAN_POINT('',(20.85,-2.2,0.));
#8453=VECTOR('',#8454,1.);
#8454=DIRECTION('',(0.,0.,1.));
#8455=CARTESIAN_POINT('',(21.65,-2.2,0.));
#8456=CARTESIAN_POINT('',(20.85,-2.2,0.));
#8457=VECTOR('',#8458,1.);
#8458=DIRECTION('',(1.,0.,0.));
#8459=CARTESIAN_POINT('',(21.65,-2.2,0.4));
#8460=CARTESIAN_POINT('',(21.65,-2.2,0.4));
#8461=VECTOR('',#8462,1.);
#8462=DIRECTION('',(0.,0.,-1.));
#8463=CARTESIAN_POINT('',(23.35,-2.2,0.4));
#8464=CARTESIAN_POINT('',(21.65,-2.2,0.4));
#8465=VECTOR('',#8466,1.);
#8466=DIRECTION('',(1.,0.,0.));
#8467=CARTESIAN_POINT('',(23.35,-2.2,0.));
#8468=CARTESIAN_POINT('',(23.35,-2.2,0.));
#8469=VECTOR('',#8470,1.);
#8470=DIRECTION('',(0.,0.,1.));
#8471=CARTESIAN_POINT('',(24.15,-2.2,0.));
#8472=CARTESIAN_POINT('',(23.35,-2.2,0.));
#8473=VECTOR('',#8474,1.);
#8474=DIRECTION('',(1.,0.,0.));
#8475=CARTESIAN_POINT('',(24.15,-2.2,0.4));
#8476=CARTESIAN_POINT('',(24.15,-2.2,0.4));
#8477=VECTOR('',#8478,1.);
#8478=DIRECTION('',(0.,0.,-1.));
#8479=CARTESIAN_POINT('',(25.85,-2.2,0.4));
#8480=CARTESIAN_POINT('',(24.15,-2.2,0.4));
#8481=VECTOR('',#8482,1.);
#8482=DIRECTION('',(1.,0.,0.));
#8483=CARTESIAN_POINT('',(25.85,-2.2,0.));
#8484=CARTESIAN_POINT('',(25.85,-2.2,0.));
#8485=VECTOR('',#8486,1.);
#8486=DIRECTION('',(0.,0.,1.));
#8487=CARTESIAN_POINT('',(26.65,-2.2,0.));
#8488=CARTESIAN_POINT('',(25.85,-2.2,0.));
#8489=VECTOR('',#8490,1.);
#8490=DIRECTION('',(1.,0.,0.));
#8491=CARTESIAN_POINT('',(26.65,-2.2,0.4));
#8492=CARTESIAN_POINT('',(26.65,-2.2,0.4));
#8493=VECTOR('',#8494,1.);
#8494=DIRECTION('',(0.,0.,-1.));
#8495=CARTESIAN_POINT('',(28.35,-2.2,0.4));
#8496=CARTESIAN_POINT('',(26.65,-2.2,0.4));
#8497=VECTOR('',#8498,1.);
#8498=DIRECTION('',(1.,0.,0.));
#8499=CARTESIAN_POINT('',(28.35,-2.2,0.));
#8500=CARTESIAN_POINT('',(28.35,-2.2,0.));
#8501=VECTOR('',#8502,1.);
#8502=DIRECTION('',(0.,0.,1.));
#8503=CARTESIAN_POINT('',(30.,-2.2,0.));
#8504=CARTESIAN_POINT('',(28.35,-2.2,0.));
#8505=VECTOR('',#8506,1.);
#8506=DIRECTION('',(1.,0.,0.));
#8507=CARTESIAN_POINT('',(30.,-2.2,0.));
#8508=VECTOR('',#8509,1.);
#8509=DIRECTION('',(0.,0.,1.));
#8510=CARTESIAN_POINT('',(28.35,-2.2,6.6));
#8511=CARTESIAN_POINT('',(28.35,-2.2,6.6));
#8512=VECTOR('',#8513,1.);
#8513=DIRECTION('',(0.707106781186545,0.,0.70710678118655));
#8514=CARTESIAN_POINT('',(28.75,-2.2,6.2));
#8515=CARTESIAN_POINT('',(28.75,-2.2,6.2));
#8516=VECTOR('',#8517,1.);
#8517=DIRECTION('',(-0.707106781186546,0.,0.707106781186549));
#8518=CARTESIAN_POINT('',(28.75,-2.2,3.6));
#8519=CARTESIAN_POINT('',(28.75,-2.2,3.6));
#8520=VECTOR('',#8521,1.);
#8521=DIRECTION('',(0.,0.,1.));
#8522=CARTESIAN_POINT('',(28.15,-2.2,3.));
#8523=AXIS2_PLACEMENT_3D('',#8524,#8525,#8526);
#8524=CARTESIAN_POINT('',(28.15,-2.2,3.6));
#8525=DIRECTION('',(0.,-1.,0.));
#8526=DIRECTION('',(0.,0.,-1.));
#8527=CARTESIAN_POINT('',(26.25,-2.2,3.));
#8528=VECTOR('',#8529,1.);
#8529=DIRECTION('',(1.,0.,0.));
#8530=CARTESIAN_POINT('',(28.35,-1.5,6.6));
#8531=VECTOR('',#8532,1.);
#8532=DIRECTION('',(0.,-1.,0.));
#8533=CARTESIAN_POINT('',(28.75,-1.5,6.2));
#8534=VECTOR('',#8535,1.);
#8535=DIRECTION('',(0.,-1.,0.));
#8536=CARTESIAN_POINT('',(28.75,-1.5,3.6));
#8537=VECTOR('',#8538,1.);
#8538=DIRECTION('',(0.,-1.,0.));
#8539=CARTESIAN_POINT('',(28.15,-1.5,3.));
#8540=VECTOR('',#8541,1.);
#8541=DIRECTION('',(0.,-1.,0.));
#8542=CARTESIAN_POINT('',(26.25,-1.5,3.));
#8543=VECTOR('',#8544,1.);
#8544=DIRECTION('',(0.,-1.,0.));
#8545=CARTESIAN_POINT('',(30.,-0.4,7.));
#8546=CARTESIAN_POINT('',(30.,-0.4,3.));
#8547=CARTESIAN_POINT('',(30.,-0.4,7.));
#8548=VECTOR('',#8549,1.);
#8549=DIRECTION('',(0.,0.,-1.));
#8550=CARTESIAN_POINT('',(30.,-0.4,3.));
#8551=VECTOR('',#8552,1.);
#8552=DIRECTION('',(0.,-1.,0.));
#8553=CARTESIAN_POINT('',(30.,3.55,0.));
#8554=CARTESIAN_POINT('',(30.,3.55,0.));
#8555=VECTOR('',#8556,1.);
#8556=DIRECTION('',(0.,-1.,0.));
#8557=CARTESIAN_POINT('',(30.,3.55,7.));
#8558=CARTESIAN_POINT('',(30.,3.55,7.));
#8559=VECTOR('',#8560,1.);
#8560=DIRECTION('',(0.,0.,-1.));
#8561=CARTESIAN_POINT('',(30.,-0.4,7.));
#8562=VECTOR('',#8563,1.);
#8563=DIRECTION('',(0.,1.,0.));
#8564=CARTESIAN_POINT('',(29.3,-0.4,3.));
#8565=CARTESIAN_POINT('',(29.3,-0.4,3.));
#8566=VECTOR('',#8567,1.);
#8567=DIRECTION('',(0.,-1.,0.));
#8568=CARTESIAN_POINT('',(30.,-0.4,3.));
#8569=VECTOR('',#8570,1.);
#8570=DIRECTION('',(-1.,0.,0.));
#8571=CARTESIAN_POINT('',(29.3,2.85,6.7));
#8572=CARTESIAN_POINT('',(29.3,-0.4,6.7));
#8573=CARTESIAN_POINT('',(29.3,2.85,6.7));
#8574=VECTOR('',#8575,1.);
#8575=DIRECTION('',(0.,-1.,0.));
#8576=CARTESIAN_POINT('',(29.3,2.85,2.));
#8577=CARTESIAN_POINT('',(29.3,2.85,6.7));
#8578=VECTOR('',#8579,1.);
#8579=DIRECTION('',(0.,0.,-1.));
#8580=CARTESIAN_POINT('',(29.3,2.85,2.));
#8581=VECTOR('',#8582,1.);
#8582=DIRECTION('',(0.,-1.,0.));
#8583=CARTESIAN_POINT('',(29.3,-0.4,6.7));
#8584=VECTOR('',#8585,1.);
#8585=DIRECTION('',(0.,0.,-1.));
#8586=CARTESIAN_POINT('',(-1.8,2.85,2.));
#8587=CARTESIAN_POINT('',(29.3,2.85,2.));
#8588=VECTOR('',#8589,1.);
#8589=DIRECTION('',(-1.,0.,0.));
#8590=CARTESIAN_POINT('',(-1.8,2.85,2.));
#8591=VECTOR('',#8592,1.);
#8592=DIRECTION('',(0.,-1.,0.));
#8593=CARTESIAN_POINT('',(2.82,0.32,2.));
#8594=CARTESIAN_POINT('',(2.18,0.32,2.));
#8595=CARTESIAN_POINT('',(2.82,0.32,2.));
#8596=VECTOR('',#8597,1.);
#8597=DIRECTION('',(-1.,0.,0.));
#8598=CARTESIAN_POINT('',(2.82,-0.32,2.));
#8599=CARTESIAN_POINT('',(2.82,-0.32,2.));
#8600=VECTOR('',#8601,1.);
#8601=DIRECTION('',(0.,1.,0.));
#8602=CARTESIAN_POINT('',(2.18,-0.32,2.));
#8603=CARTESIAN_POINT('',(2.18,-0.32,2.));
#8604=VECTOR('',#8605,1.);
#8605=DIRECTION('',(1.,0.,0.));
#8606=CARTESIAN_POINT('',(2.18,0.32,2.));
#8607=VECTOR('',#8608,1.);
#8608=DIRECTION('',(0.,-1.,0.));
#8609=CARTESIAN_POINT('',(5.32,0.32,2.));
#8610=CARTESIAN_POINT('',(4.68,0.32,2.));
#8611=CARTESIAN_POINT('',(5.32,0.32,2.));
#8612=VECTOR('',#8613,1.);
#8613=DIRECTION('',(-1.,0.,0.));
#8614=CARTESIAN_POINT('',(5.32,-0.32,2.));
#8615=CARTESIAN_POINT('',(5.32,-0.32,2.));
#8616=VECTOR('',#8617,1.);
#8617=DIRECTION('',(0.,1.,0.));
#8618=CARTESIAN_POINT('',(4.68,-0.32,2.));
#8619=CARTESIAN_POINT('',(4.68,-0.32,2.));
#8620=VECTOR('',#8621,1.);
#8621=DIRECTION('',(1.,0.,0.));
#8622=CARTESIAN_POINT('',(4.68,0.32,2.));
#8623=VECTOR('',#8624,1.);
#8624=DIRECTION('',(0.,-1.,0.));
#8625=CARTESIAN_POINT('',(7.82,0.32,2.));
#8626=CARTESIAN_POINT('',(7.18,0.32,2.));
#8627=CARTESIAN_POINT('',(7.82,0.32,2.));
#8628=VECTOR('',#8629,1.);
#8629=DIRECTION('',(-1.,0.,0.));
#8630=CARTESIAN_POINT('',(7.82,-0.32,2.));
#8631=CARTESIAN_POINT('',(7.82,-0.32,2.));
#8632=VECTOR('',#8633,1.);
#8633=DIRECTION('',(0.,1.,0.));
#8634=CARTESIAN_POINT('',(7.18,-0.32,2.));
#8635=CARTESIAN_POINT('',(7.18,-0.32,2.));
#8636=VECTOR('',#8637,1.);
#8637=DIRECTION('',(1.,0.,0.));
#8638=CARTESIAN_POINT('',(7.18,0.32,2.));
#8639=VECTOR('',#8640,1.);
#8640=DIRECTION('',(0.,-1.,0.));
#8641=CARTESIAN_POINT('',(10.32,0.32,2.));
#8642=CARTESIAN_POINT('',(9.68,0.32,2.));
#8643=CARTESIAN_POINT('',(10.32,0.32,2.));
#8644=VECTOR('',#8645,1.);
#8645=DIRECTION('',(-1.,0.,0.));
#8646=CARTESIAN_POINT('',(10.32,-0.32,2.));
#8647=CARTESIAN_POINT('',(10.32,-0.32,2.));
#8648=VECTOR('',#8649,1.);
#8649=DIRECTION('',(0.,1.,0.));
#8650=CARTESIAN_POINT('',(9.68,-0.32,2.));
#8651=CARTESIAN_POINT('',(9.68,-0.32,2.));
#8652=VECTOR('',#8653,1.);
#8653=DIRECTION('',(1.,0.,0.));
#8654=CARTESIAN_POINT('',(9.68,0.32,2.));
#8655=VECTOR('',#8656,1.);
#8656=DIRECTION('',(0.,-1.,0.));
#8657=CARTESIAN_POINT('',(12.82,0.32,2.));
#8658=CARTESIAN_POINT('',(12.18,0.32,2.));
#8659=CARTESIAN_POINT('',(12.82,0.32,2.));
#8660=VECTOR('',#8661,1.);
#8661=DIRECTION('',(-1.,0.,0.));
#8662=CARTESIAN_POINT('',(12.82,-0.32,2.));
#8663=CARTESIAN_POINT('',(12.82,-0.32,2.));
#8664=VECTOR('',#8665,1.);
#8665=DIRECTION('',(0.,1.,0.));
#8666=CARTESIAN_POINT('',(12.18,-0.32,2.));
#8667=CARTESIAN_POINT('',(12.18,-0.32,2.));
#8668=VECTOR('',#8669,1.);
#8669=DIRECTION('',(1.,0.,0.));
#8670=CARTESIAN_POINT('',(12.18,0.32,2.));
#8671=VECTOR('',#8672,1.);
#8672=DIRECTION('',(0.,-1.,0.));
#8673=CARTESIAN_POINT('',(15.32,0.32,2.));
#8674=CARTESIAN_POINT('',(14.68,0.32,2.));
#8675=CARTESIAN_POINT('',(15.32,0.32,2.));
#8676=VECTOR('',#8677,1.);
#8677=DIRECTION('',(-1.,0.,0.));
#8678=CARTESIAN_POINT('',(15.32,-0.32,2.));
#8679=CARTESIAN_POINT('',(15.32,-0.32,2.));
#8680=VECTOR('',#8681,1.);
#8681=DIRECTION('',(0.,1.,0.));
#8682=CARTESIAN_POINT('',(14.68,-0.32,2.));
#8683=CARTESIAN_POINT('',(14.68,-0.32,2.));
#8684=VECTOR('',#8685,1.);
#8685=DIRECTION('',(1.,0.,0.));
#8686=CARTESIAN_POINT('',(14.68,0.32,2.));
#8687=VECTOR('',#8688,1.);
#8688=DIRECTION('',(0.,-1.,0.));
#8689=CARTESIAN_POINT('',(17.82,0.32,2.));
#8690=CARTESIAN_POINT('',(17.18,0.32,2.));
#8691=CARTESIAN_POINT('',(17.82,0.32,2.));
#8692=VECTOR('',#8693,1.);
#8693=DIRECTION('',(-1.,0.,0.));
#8694=CARTESIAN_POINT('',(17.82,-0.32,2.));
#8695=CARTESIAN_POINT('',(17.82,-0.32,2.));
#8696=VECTOR('',#8697,1.);
#8697=DIRECTION('',(0.,1.,0.));
#8698=CARTESIAN_POINT('',(17.18,-0.32,2.));
#8699=CARTESIAN_POINT('',(17.18,-0.32,2.));
#8700=VECTOR('',#8701,1.);
#8701=DIRECTION('',(1.,0.,0.));
#8702=CARTESIAN_POINT('',(17.18,0.32,2.));
#8703=VECTOR('',#8704,1.);
#8704=DIRECTION('',(0.,-1.,0.));
#8705=CARTESIAN_POINT('',(20.32,0.32,2.));
#8706=CARTESIAN_POINT('',(19.68,0.32,2.));
#8707=CARTESIAN_POINT('',(20.32,0.32,2.));
#8708=VECTOR('',#8709,1.);
#8709=DIRECTION('',(-1.,0.,0.));
#8710=CARTESIAN_POINT('',(20.32,-0.32,2.));
#8711=CARTESIAN_POINT('',(20.32,-0.32,2.));
#8712=VECTOR('',#8713,1.);
#8713=DIRECTION('',(0.,1.,0.));
#8714=CARTESIAN_POINT('',(19.68,-0.32,2.));
#8715=CARTESIAN_POINT('',(19.68,-0.32,2.));
#8716=VECTOR('',#8717,1.);
#8717=DIRECTION('',(1.,0.,0.));
#8718=CARTESIAN_POINT('',(19.68,0.32,2.));
#8719=VECTOR('',#8720,1.);
#8720=DIRECTION('',(0.,-1.,0.));
#8721=CARTESIAN_POINT('',(22.82,0.32,2.));
#8722=CARTESIAN_POINT('',(22.18,0.32,2.));
#8723=CARTESIAN_POINT('',(22.82,0.32,2.));
#8724=VECTOR('',#8725,1.);
#8725=DIRECTION('',(-1.,0.,0.));
#8726=CARTESIAN_POINT('',(22.82,-0.32,2.));
#8727=CARTESIAN_POINT('',(22.82,-0.32,2.));
#8728=VECTOR('',#8729,1.);
#8729=DIRECTION('',(0.,1.,0.));
#8730=CARTESIAN_POINT('',(22.18,-0.32,2.));
#8731=CARTESIAN_POINT('',(22.18,-0.32,2.));
#8732=VECTOR('',#8733,1.);
#8733=DIRECTION('',(1.,0.,0.));
#8734=CARTESIAN_POINT('',(22.18,0.32,2.));
#8735=VECTOR('',#8736,1.);
#8736=DIRECTION('',(0.,-1.,0.));
#8737=CARTESIAN_POINT('',(25.32,0.32,2.));
#8738=CARTESIAN_POINT('',(24.68,0.32,2.));
#8739=CARTESIAN_POINT('',(25.32,0.32,2.));
#8740=VECTOR('',#8741,1.);
#8741=DIRECTION('',(-1.,0.,0.));
#8742=CARTESIAN_POINT('',(25.32,-0.32,2.));
#8743=CARTESIAN_POINT('',(25.32,-0.32,2.));
#8744=VECTOR('',#8745,1.);
#8745=DIRECTION('',(0.,1.,0.));
#8746=CARTESIAN_POINT('',(24.68,-0.32,2.));
#8747=CARTESIAN_POINT('',(24.68,-0.32,2.));
#8748=VECTOR('',#8749,1.);
#8749=DIRECTION('',(1.,0.,0.));
#8750=CARTESIAN_POINT('',(24.68,0.32,2.));
#8751=VECTOR('',#8752,1.);
#8752=DIRECTION('',(0.,-1.,0.));
#8753=CARTESIAN_POINT('',(27.82,0.32,2.));
#8754=CARTESIAN_POINT('',(27.18,0.32,2.));
#8755=CARTESIAN_POINT('',(27.82,0.32,2.));
#8756=VECTOR('',#8757,1.);
#8757=DIRECTION('',(-1.,0.,0.));
#8758=CARTESIAN_POINT('',(27.82,-0.32,2.));
#8759=CARTESIAN_POINT('',(27.82,-0.32,2.));
#8760=VECTOR('',#8761,1.);
#8761=DIRECTION('',(0.,1.,0.));
#8762=CARTESIAN_POINT('',(27.18,-0.32,2.));
#8763=CARTESIAN_POINT('',(27.18,-0.32,2.));
#8764=VECTOR('',#8765,1.);
#8765=DIRECTION('',(1.,0.,0.));
#8766=CARTESIAN_POINT('',(27.18,0.32,2.));
#8767=VECTOR('',#8768,1.);
#8768=DIRECTION('',(0.,-1.,0.));
#8769=CARTESIAN_POINT('',(0.32,0.32,2.));
#8770=CARTESIAN_POINT('',(-0.32,0.32,2.));
#8771=CARTESIAN_POINT('',(0.32,0.32,2.));
#8772=VECTOR('',#8773,1.);
#8773=DIRECTION('',(-1.,0.,0.));
#8774=CARTESIAN_POINT('',(0.32,-0.32,2.));
#8775=CARTESIAN_POINT('',(0.32,-0.32,2.));
#8776=VECTOR('',#8777,1.);
#8777=DIRECTION('',(0.,1.,0.));
#8778=CARTESIAN_POINT('',(-0.32,-0.32,2.));
#8779=CARTESIAN_POINT('',(-0.32,-0.32,2.));
#8780=VECTOR('',#8781,1.);
#8781=DIRECTION('',(1.,0.,0.));
#8782=CARTESIAN_POINT('',(-0.32,0.32,2.));
#8783=VECTOR('',#8784,1.);
#8784=DIRECTION('',(0.,-1.,0.));
#8785=CARTESIAN_POINT('',(-1.8,-0.4,6.7));
#8786=CARTESIAN_POINT('',(-1.8,2.85,6.7));
#8787=CARTESIAN_POINT('',(-1.8,2.85,6.7));
#8788=VECTOR('',#8789,1.);
#8789=DIRECTION('',(0.,-1.,0.));
#8790=CARTESIAN_POINT('',(-1.8,-0.4,3.));
#8791=CARTESIAN_POINT('',(-1.8,-0.4,6.7));
#8792=VECTOR('',#8793,1.);
#8793=DIRECTION('',(0.,0.,-1.));
#8794=CARTESIAN_POINT('',(-1.8,-0.4,3.));
#8795=VECTOR('',#8796,1.);
#8796=DIRECTION('',(0.,-1.,0.));
#8797=CARTESIAN_POINT('',(-1.8,2.85,6.7));
#8798=VECTOR('',#8799,1.);
#8799=DIRECTION('',(0.,0.,-1.));
#8800=CARTESIAN_POINT('',(-2.5,-0.4,3.));
#8801=CARTESIAN_POINT('',(-1.8,-0.4,3.));
#8802=VECTOR('',#8803,1.);
#8803=DIRECTION('',(-1.,0.,0.));
#8804=CARTESIAN_POINT('',(-2.5,-0.4,3.));
#8805=VECTOR('',#8806,1.);
#8806=DIRECTION('',(0.,-1.,0.));
#8807=CARTESIAN_POINT('',(-2.5,-0.4,7.));
#8808=CARTESIAN_POINT('',(-2.5,-0.4,7.));
#8809=VECTOR('',#8810,1.);
#8810=DIRECTION('',(0.,0.,-1.));
#8811=CARTESIAN_POINT('',(-2.5,3.55,7.));
#8812=CARTESIAN_POINT('',(-2.5,-0.4,7.));
#8813=VECTOR('',#8814,1.);
#8814=DIRECTION('',(0.,1.,0.));
#8815=CARTESIAN_POINT('',(-2.5,3.55,0.));
#8816=CARTESIAN_POINT('',(-2.5,3.55,7.));
#8817=VECTOR('',#8818,1.);
#8818=DIRECTION('',(0.,0.,-1.));
#8819=CARTESIAN_POINT('',(-2.5,3.55,0.));
#8820=VECTOR('',#8821,1.);
#8821=DIRECTION('',(0.,-1.,0.));
#8822=CARTESIAN_POINT('',(-2.5,-2.2,7.));
#8823=VECTOR('',#8824,1.);
#8824=DIRECTION('',(0.,1.,0.));
#8825=CARTESIAN_POINT('',(-1.25,-1.5,7.));
#8826=VECTOR('',#8827,1.);
#8827=DIRECTION('',(0.,-1.,0.));
#8828=CARTESIAN_POINT('',(-0.85,-1.5,6.6));
#8829=VECTOR('',#8830,1.);
#8830=DIRECTION('',(0.,-1.,0.));
#8831=CARTESIAN_POINT('',(-1.25,-1.5,6.2));
#8832=VECTOR('',#8833,1.);
#8833=DIRECTION('',(0.,-1.,0.));
#8834=CARTESIAN_POINT('',(-1.25,-1.5,3.6));
#8835=VECTOR('',#8836,1.);
#8836=DIRECTION('',(0.,-1.,0.));
#8837=CARTESIAN_POINT('',(-0.65,-1.5,3.));
#8838=VECTOR('',#8839,1.);
#8839=DIRECTION('',(0.,-1.,0.));
#8840=CARTESIAN_POINT('',(1.25,-1.5,3.));
#8841=VECTOR('',#8842,1.);
#8842=DIRECTION('',(0.,-1.,0.));
#8843=CARTESIAN_POINT('',(-0.85,3.55,0.));
#8844=CARTESIAN_POINT('',(-0.85,3.55,0.));
#8845=VECTOR('',#8846,1.);
#8846=DIRECTION('',(0.,-1.,0.));
#8847=CARTESIAN_POINT('',(-0.85,3.55,0.));
#8848=VECTOR('',#8849,1.);
#8849=DIRECTION('',(-1.,0.,0.));
#8850=CARTESIAN_POINT('',(-0.85,3.55,0.4));
#8851=CARTESIAN_POINT('',(-0.85,3.55,0.));
#8852=VECTOR('',#8853,1.);
#8853=DIRECTION('',(0.,0.,1.));
#8854=CARTESIAN_POINT('',(-0.85,-2.2,0.4));
#8855=VECTOR('',#8856,1.);
#8856=DIRECTION('',(0.,1.,0.));
#8857=CARTESIAN_POINT('',(0.85,3.55,0.4));
#8858=CARTESIAN_POINT('',(0.85,3.55,0.4));
#8859=VECTOR('',#8860,1.);
#8860=DIRECTION('',(-1.,0.,0.));
#8861=CARTESIAN_POINT('',(0.85,3.55,0.4));
#8862=VECTOR('',#8863,1.);
#8863=DIRECTION('',(0.,-1.,0.));
#8864=CARTESIAN_POINT('',(-0.32,0.32,0.4));
#8865=CARTESIAN_POINT('',(0.32,0.32,0.4));
#8866=CARTESIAN_POINT('',(-0.32,0.32,0.4));
#8867=VECTOR('',#8868,1.);
#8868=DIRECTION('',(1.,0.,0.));
#8869=CARTESIAN_POINT('',(-0.32,-0.32,0.4));
#8870=CARTESIAN_POINT('',(-0.32,-0.32,0.4));
#8871=VECTOR('',#8872,1.);
#8872=DIRECTION('',(0.,1.,0.));
#8873=CARTESIAN_POINT('',(0.32,-0.32,0.4));
#8874=CARTESIAN_POINT('',(0.32,-0.32,0.4));
#8875=VECTOR('',#8876,1.);
#8876=DIRECTION('',(-1.,0.,0.));
#8877=CARTESIAN_POINT('',(0.32,0.32,0.4));
#8878=VECTOR('',#8879,1.);
#8879=DIRECTION('',(0.,-1.,0.));
#8880=CARTESIAN_POINT('',(0.85,3.55,0.));
#8881=CARTESIAN_POINT('',(0.85,3.55,0.4));
#8882=VECTOR('',#8883,1.);
#8883=DIRECTION('',(0.,0.,-1.));
#8884=CARTESIAN_POINT('',(0.85,-2.2,0.));
#8885=VECTOR('',#8886,1.);
#8886=DIRECTION('',(0.,1.,0.));
#8887=CARTESIAN_POINT('',(1.65,3.55,0.));
#8888=CARTESIAN_POINT('',(1.65,3.55,0.));
#8889=VECTOR('',#8890,1.);
#8890=DIRECTION('',(0.,-1.,0.));
#8891=CARTESIAN_POINT('',(1.65,3.55,0.));
#8892=VECTOR('',#8893,1.);
#8893=DIRECTION('',(-1.,0.,0.));
#8894=CARTESIAN_POINT('',(1.65,3.55,0.4));
#8895=CARTESIAN_POINT('',(1.65,3.55,0.));
#8896=VECTOR('',#8897,1.);
#8897=DIRECTION('',(0.,0.,1.));
#8898=CARTESIAN_POINT('',(1.65,-2.2,0.4));
#8899=VECTOR('',#8900,1.);
#8900=DIRECTION('',(0.,1.,0.));
#8901=CARTESIAN_POINT('',(3.35,3.55,0.4));
#8902=CARTESIAN_POINT('',(3.35,3.55,0.4));
#8903=VECTOR('',#8904,1.);
#8904=DIRECTION('',(-1.,0.,0.));
#8905=CARTESIAN_POINT('',(3.35,3.55,0.4));
#8906=VECTOR('',#8907,1.);
#8907=DIRECTION('',(0.,-1.,0.));
#8908=CARTESIAN_POINT('',(2.18,0.32,0.4));
#8909=CARTESIAN_POINT('',(2.82,0.32,0.4));
#8910=CARTESIAN_POINT('',(2.18,0.32,0.4));
#8911=VECTOR('',#8912,1.);
#8912=DIRECTION('',(1.,0.,0.));
#8913=CARTESIAN_POINT('',(2.18,-0.32,0.4));
#8914=CARTESIAN_POINT('',(2.18,-0.32,0.4));
#8915=VECTOR('',#8916,1.);
#8916=DIRECTION('',(0.,1.,0.));
#8917=CARTESIAN_POINT('',(2.82,-0.32,0.4));
#8918=CARTESIAN_POINT('',(2.82,-0.32,0.4));
#8919=VECTOR('',#8920,1.);
#8920=DIRECTION('',(-1.,0.,0.));
#8921=CARTESIAN_POINT('',(2.82,0.32,0.4));
#8922=VECTOR('',#8923,1.);
#8923=DIRECTION('',(0.,-1.,0.));
#8924=CARTESIAN_POINT('',(3.35,3.55,0.));
#8925=CARTESIAN_POINT('',(3.35,-2.2,0.));
#8926=VECTOR('',#8927,1.);
#8927=DIRECTION('',(0.,1.,0.));
#8928=CARTESIAN_POINT('',(3.35,3.55,0.4));
#8929=VECTOR('',#8930,1.);
#8930=DIRECTION('',(0.,0.,-1.));
#8931=CARTESIAN_POINT('',(4.15,3.55,0.));
#8932=CARTESIAN_POINT('',(4.15,3.55,0.));
#8933=VECTOR('',#8934,1.);
#8934=DIRECTION('',(-1.,0.,0.));
#8935=CARTESIAN_POINT('',(4.15,3.55,0.));
#8936=VECTOR('',#8937,1.);
#8937=DIRECTION('',(0.,-1.,0.));
#8938=CARTESIAN_POINT('',(4.15,3.55,0.4));
#8939=CARTESIAN_POINT('',(4.15,3.55,0.));
#8940=VECTOR('',#8941,1.);
#8941=DIRECTION('',(0.,0.,1.));
#8942=CARTESIAN_POINT('',(4.15,-2.2,0.4));
#8943=VECTOR('',#8944,1.);
#8944=DIRECTION('',(0.,1.,0.));
#8945=CARTESIAN_POINT('',(5.85,3.55,0.4));
#8946=CARTESIAN_POINT('',(5.85,3.55,0.4));
#8947=VECTOR('',#8948,1.);
#8948=DIRECTION('',(-1.,0.,0.));
#8949=CARTESIAN_POINT('',(5.85,3.55,0.4));
#8950=VECTOR('',#8951,1.);
#8951=DIRECTION('',(0.,-1.,0.));
#8952=CARTESIAN_POINT('',(4.68,0.32,0.4));
#8953=CARTESIAN_POINT('',(5.32,0.32,0.4));
#8954=CARTESIAN_POINT('',(4.68,0.32,0.4));
#8955=VECTOR('',#8956,1.);
#8956=DIRECTION('',(1.,0.,0.));
#8957=CARTESIAN_POINT('',(4.68,-0.32,0.4));
#8958=CARTESIAN_POINT('',(4.68,-0.32,0.4));
#8959=VECTOR('',#8960,1.);
#8960=DIRECTION('',(0.,1.,0.));
#8961=CARTESIAN_POINT('',(5.32,-0.32,0.4));
#8962=CARTESIAN_POINT('',(5.32,-0.32,0.4));
#8963=VECTOR('',#8964,1.);
#8964=DIRECTION('',(-1.,0.,0.));
#8965=CARTESIAN_POINT('',(5.32,0.32,0.4));
#8966=VECTOR('',#8967,1.);
#8967=DIRECTION('',(0.,-1.,0.));
#8968=CARTESIAN_POINT('',(5.85000000000001,3.55,0.));
#8969=CARTESIAN_POINT('',(5.85,-2.2,0.));
#8970=VECTOR('',#8971,1.);
#8971=DIRECTION('',(0.,1.,0.));
#8972=CARTESIAN_POINT('',(5.85,3.55,0.4));
#8973=VECTOR('',#8974,1.);
#8974=DIRECTION('',(0.,0.,-1.));
#8975=CARTESIAN_POINT('',(6.65,3.55,0.));
#8976=CARTESIAN_POINT('',(6.65,3.55,0.));
#8977=VECTOR('',#8978,1.);
#8978=DIRECTION('',(-1.,0.,0.));
#8979=CARTESIAN_POINT('',(6.65,3.55,0.));
#8980=VECTOR('',#8981,1.);
#8981=DIRECTION('',(0.,-1.,0.));
#8982=CARTESIAN_POINT('',(6.65,3.55,0.4));
#8983=CARTESIAN_POINT('',(6.65,3.55,0.));
#8984=VECTOR('',#8985,1.);
#8985=DIRECTION('',(0.,0.,1.));
#8986=CARTESIAN_POINT('',(6.65,-2.2,0.4));
#8987=VECTOR('',#8988,1.);
#8988=DIRECTION('',(0.,1.,0.));
#8989=CARTESIAN_POINT('',(8.35,3.55,0.4));
#8990=CARTESIAN_POINT('',(8.35,3.55,0.4));
#8991=VECTOR('',#8992,1.);
#8992=DIRECTION('',(-1.,0.,0.));
#8993=CARTESIAN_POINT('',(8.35,3.55,0.4));
#8994=VECTOR('',#8995,1.);
#8995=DIRECTION('',(0.,-1.,0.));
#8996=CARTESIAN_POINT('',(7.18,0.32,0.4));
#8997=CARTESIAN_POINT('',(7.82,0.32,0.4));
#8998=CARTESIAN_POINT('',(7.18,0.32,0.4));
#8999=VECTOR('',#9000,1.);
#9000=DIRECTION('',(1.,0.,0.));
#9001=CARTESIAN_POINT('',(7.18,-0.32,0.4));
#9002=CARTESIAN_POINT('',(7.18,-0.32,0.4));
#9003=VECTOR('',#9004,1.);
#9004=DIRECTION('',(0.,1.,0.));
#9005=CARTESIAN_POINT('',(7.82,-0.32,0.4));
#9006=CARTESIAN_POINT('',(7.82,-0.32,0.4));
#9007=VECTOR('',#9008,1.);
#9008=DIRECTION('',(-1.,0.,0.));
#9009=CARTESIAN_POINT('',(7.82,0.32,0.4));
#9010=VECTOR('',#9011,1.);
#9011=DIRECTION('',(0.,-1.,0.));
#9012=CARTESIAN_POINT('',(8.35,3.55,0.));
#9013=CARTESIAN_POINT('',(8.35,-2.2,0.));
#9014=VECTOR('',#9015,1.);
#9015=DIRECTION('',(0.,1.,0.));
#9016=CARTESIAN_POINT('',(8.35,3.55,0.4));
#9017=VECTOR('',#9018,1.);
#9018=DIRECTION('',(0.,0.,-1.));
#9019=CARTESIAN_POINT('',(9.15,3.55,0.));
#9020=CARTESIAN_POINT('',(9.15,3.55,0.));
#9021=VECTOR('',#9022,1.);
#9022=DIRECTION('',(-1.,0.,0.));
#9023=CARTESIAN_POINT('',(9.15,3.55,0.));
#9024=VECTOR('',#9025,1.);
#9025=DIRECTION('',(0.,-1.,0.));
#9026=CARTESIAN_POINT('',(9.15,3.55,0.4));
#9027=CARTESIAN_POINT('',(9.15,3.55,0.));
#9028=VECTOR('',#9029,1.);
#9029=DIRECTION('',(0.,0.,1.));
#9030=CARTESIAN_POINT('',(9.15,-2.2,0.4));
#9031=VECTOR('',#9032,1.);
#9032=DIRECTION('',(0.,1.,0.));
#9033=CARTESIAN_POINT('',(10.85,3.55,0.4));
#9034=CARTESIAN_POINT('',(10.85,3.55,0.4));
#9035=VECTOR('',#9036,1.);
#9036=DIRECTION('',(-1.,0.,0.));
#9037=CARTESIAN_POINT('',(10.85,3.55,0.4));
#9038=VECTOR('',#9039,1.);
#9039=DIRECTION('',(0.,-1.,0.));
#9040=CARTESIAN_POINT('',(9.68,0.32,0.4));
#9041=CARTESIAN_POINT('',(10.32,0.32,0.4));
#9042=CARTESIAN_POINT('',(9.68,0.32,0.4));
#9043=VECTOR('',#9044,1.);
#9044=DIRECTION('',(1.,0.,0.));
#9045=CARTESIAN_POINT('',(9.68,-0.32,0.4));
#9046=CARTESIAN_POINT('',(9.68,-0.32,0.4));
#9047=VECTOR('',#9048,1.);
#9048=DIRECTION('',(0.,1.,0.));
#9049=CARTESIAN_POINT('',(10.32,-0.32,0.4));
#9050=CARTESIAN_POINT('',(10.32,-0.32,0.4));
#9051=VECTOR('',#9052,1.);
#9052=DIRECTION('',(-1.,0.,0.));
#9053=CARTESIAN_POINT('',(10.32,0.32,0.4));
#9054=VECTOR('',#9055,1.);
#9055=DIRECTION('',(0.,-1.,0.));
#9056=CARTESIAN_POINT('',(10.85,3.55,0.));
#9057=CARTESIAN_POINT('',(10.85,-2.2,0.));
#9058=VECTOR('',#9059,1.);
#9059=DIRECTION('',(0.,1.,0.));
#9060=CARTESIAN_POINT('',(10.85,3.55,0.4));
#9061=VECTOR('',#9062,1.);
#9062=DIRECTION('',(0.,0.,-1.));
#9063=CARTESIAN_POINT('',(11.65,3.55,0.));
#9064=CARTESIAN_POINT('',(11.65,3.55,0.));
#9065=VECTOR('',#9066,1.);
#9066=DIRECTION('',(-1.,0.,0.));
#9067=CARTESIAN_POINT('',(11.65,3.55,0.));
#9068=VECTOR('',#9069,1.);
#9069=DIRECTION('',(0.,-1.,0.));
#9070=CARTESIAN_POINT('',(11.65,3.55,0.4));
#9071=CARTESIAN_POINT('',(11.65,3.55,0.));
#9072=VECTOR('',#9073,1.);
#9073=DIRECTION('',(0.,0.,1.));
#9074=CARTESIAN_POINT('',(11.65,-2.2,0.4));
#9075=VECTOR('',#9076,1.);
#9076=DIRECTION('',(0.,1.,0.));
#9077=CARTESIAN_POINT('',(13.35,3.55,0.4));
#9078=CARTESIAN_POINT('',(13.35,3.55,0.4));
#9079=VECTOR('',#9080,1.);
#9080=DIRECTION('',(-1.,0.,0.));
#9081=CARTESIAN_POINT('',(13.35,3.55,0.4));
#9082=VECTOR('',#9083,1.);
#9083=DIRECTION('',(0.,-1.,0.));
#9084=CARTESIAN_POINT('',(12.18,0.32,0.4));
#9085=CARTESIAN_POINT('',(12.82,0.32,0.4));
#9086=CARTESIAN_POINT('',(12.18,0.32,0.4));
#9087=VECTOR('',#9088,1.);
#9088=DIRECTION('',(1.,0.,0.));
#9089=CARTESIAN_POINT('',(12.18,-0.32,0.4));
#9090=CARTESIAN_POINT('',(12.18,-0.32,0.4));
#9091=VECTOR('',#9092,1.);
#9092=DIRECTION('',(0.,1.,0.));
#9093=CARTESIAN_POINT('',(12.82,-0.32,0.4));
#9094=CARTESIAN_POINT('',(12.82,-0.32,0.4));
#9095=VECTOR('',#9096,1.);
#9096=DIRECTION('',(-1.,0.,0.));
#9097=CARTESIAN_POINT('',(12.82,0.32,0.4));
#9098=VECTOR('',#9099,1.);
#9099=DIRECTION('',(0.,-1.,0.));
#9100=CARTESIAN_POINT('',(13.35,3.55,0.));
#9101=CARTESIAN_POINT('',(13.35,-2.2,0.));
#9102=VECTOR('',#9103,1.);
#9103=DIRECTION('',(0.,1.,0.));
#9104=CARTESIAN_POINT('',(13.35,3.55,0.4));
#9105=VECTOR('',#9106,1.);
#9106=DIRECTION('',(0.,0.,-1.));
#9107=CARTESIAN_POINT('',(14.15,3.55,0.));
#9108=CARTESIAN_POINT('',(14.15,3.55,0.));
#9109=VECTOR('',#9110,1.);
#9110=DIRECTION('',(-1.,0.,0.));
#9111=CARTESIAN_POINT('',(14.15,3.55,0.));
#9112=VECTOR('',#9113,1.);
#9113=DIRECTION('',(0.,-1.,0.));
#9114=CARTESIAN_POINT('',(14.15,3.55,0.4));
#9115=CARTESIAN_POINT('',(14.15,3.55,0.));
#9116=VECTOR('',#9117,1.);
#9117=DIRECTION('',(0.,0.,1.));
#9118=CARTESIAN_POINT('',(14.15,-2.2,0.4));
#9119=VECTOR('',#9120,1.);
#9120=DIRECTION('',(0.,1.,0.));
#9121=CARTESIAN_POINT('',(15.85,3.55,0.4));
#9122=CARTESIAN_POINT('',(15.85,3.55,0.4));
#9123=VECTOR('',#9124,1.);
#9124=DIRECTION('',(-1.,0.,0.));
#9125=CARTESIAN_POINT('',(15.85,3.55,0.4));
#9126=VECTOR('',#9127,1.);
#9127=DIRECTION('',(0.,-1.,0.));
#9128=CARTESIAN_POINT('',(14.68,0.32,0.4));
#9129=CARTESIAN_POINT('',(15.32,0.32,0.4));
#9130=CARTESIAN_POINT('',(14.68,0.32,0.4));
#9131=VECTOR('',#9132,1.);
#9132=DIRECTION('',(1.,0.,0.));
#9133=CARTESIAN_POINT('',(14.68,-0.32,0.4));
#9134=CARTESIAN_POINT('',(14.68,-0.32,0.4));
#9135=VECTOR('',#9136,1.);
#9136=DIRECTION('',(0.,1.,0.));
#9137=CARTESIAN_POINT('',(15.32,-0.32,0.4));
#9138=CARTESIAN_POINT('',(15.32,-0.32,0.4));
#9139=VECTOR('',#9140,1.);
#9140=DIRECTION('',(-1.,0.,0.));
#9141=CARTESIAN_POINT('',(15.32,0.32,0.4));
#9142=VECTOR('',#9143,1.);
#9143=DIRECTION('',(0.,-1.,0.));
#9144=CARTESIAN_POINT('',(15.85,3.55,0.));
#9145=CARTESIAN_POINT('',(15.85,-2.2,0.));
#9146=VECTOR('',#9147,1.);
#9147=DIRECTION('',(0.,1.,0.));
#9148=CARTESIAN_POINT('',(15.85,3.55,0.4));
#9149=VECTOR('',#9150,1.);
#9150=DIRECTION('',(0.,0.,-1.));
#9151=CARTESIAN_POINT('',(16.65,3.55,0.));
#9152=CARTESIAN_POINT('',(16.65,3.55,0.));
#9153=VECTOR('',#9154,1.);
#9154=DIRECTION('',(-1.,0.,0.));
#9155=CARTESIAN_POINT('',(16.65,3.55,0.));
#9156=VECTOR('',#9157,1.);
#9157=DIRECTION('',(0.,-1.,0.));
#9158=CARTESIAN_POINT('',(16.65,3.55,0.4));
#9159=CARTESIAN_POINT('',(16.65,3.55,0.));
#9160=VECTOR('',#9161,1.);
#9161=DIRECTION('',(0.,0.,1.));
#9162=CARTESIAN_POINT('',(16.65,-2.2,0.4));
#9163=VECTOR('',#9164,1.);
#9164=DIRECTION('',(0.,1.,0.));
#9165=CARTESIAN_POINT('',(18.35,3.55,0.4));
#9166=CARTESIAN_POINT('',(18.35,3.55,0.4));
#9167=VECTOR('',#9168,1.);
#9168=DIRECTION('',(-1.,0.,0.));
#9169=CARTESIAN_POINT('',(18.35,3.55,0.4));
#9170=VECTOR('',#9171,1.);
#9171=DIRECTION('',(0.,-1.,0.));
#9172=CARTESIAN_POINT('',(17.18,0.32,0.4));
#9173=CARTESIAN_POINT('',(17.82,0.32,0.4));
#9174=CARTESIAN_POINT('',(17.18,0.32,0.4));
#9175=VECTOR('',#9176,1.);
#9176=DIRECTION('',(1.,0.,0.));
#9177=CARTESIAN_POINT('',(17.18,-0.32,0.4));
#9178=CARTESIAN_POINT('',(17.18,-0.32,0.4));
#9179=VECTOR('',#9180,1.);
#9180=DIRECTION('',(0.,1.,0.));
#9181=CARTESIAN_POINT('',(17.82,-0.32,0.4));
#9182=CARTESIAN_POINT('',(17.82,-0.32,0.4));
#9183=VECTOR('',#9184,1.);
#9184=DIRECTION('',(-1.,0.,0.));
#9185=CARTESIAN_POINT('',(17.82,0.32,0.4));
#9186=VECTOR('',#9187,1.);
#9187=DIRECTION('',(0.,-1.,0.));
#9188=CARTESIAN_POINT('',(18.35,3.55,0.));
#9189=CARTESIAN_POINT('',(18.35,-2.2,0.));
#9190=VECTOR('',#9191,1.);
#9191=DIRECTION('',(0.,1.,0.));
#9192=CARTESIAN_POINT('',(18.35,3.55,0.4));
#9193=VECTOR('',#9194,1.);
#9194=DIRECTION('',(0.,0.,-1.));
#9195=CARTESIAN_POINT('',(19.15,3.55,0.));
#9196=CARTESIAN_POINT('',(19.15,3.55,0.));
#9197=VECTOR('',#9198,1.);
#9198=DIRECTION('',(-1.,0.,0.));
#9199=CARTESIAN_POINT('',(19.15,3.55,0.));
#9200=VECTOR('',#9201,1.);
#9201=DIRECTION('',(0.,-1.,0.));
#9202=CARTESIAN_POINT('',(19.15,3.55,0.4));
#9203=CARTESIAN_POINT('',(19.15,3.55,0.));
#9204=VECTOR('',#9205,1.);
#9205=DIRECTION('',(0.,0.,1.));
#9206=CARTESIAN_POINT('',(19.15,-2.2,0.4));
#9207=VECTOR('',#9208,1.);
#9208=DIRECTION('',(0.,1.,0.));
#9209=CARTESIAN_POINT('',(20.85,3.55,0.4));
#9210=CARTESIAN_POINT('',(20.85,3.55,0.4));
#9211=VECTOR('',#9212,1.);
#9212=DIRECTION('',(-1.,0.,0.));
#9213=CARTESIAN_POINT('',(20.85,3.55,0.4));
#9214=VECTOR('',#9215,1.);
#9215=DIRECTION('',(0.,-1.,0.));
#9216=CARTESIAN_POINT('',(19.68,0.32,0.4));
#9217=CARTESIAN_POINT('',(20.32,0.32,0.4));
#9218=CARTESIAN_POINT('',(19.68,0.32,0.4));
#9219=VECTOR('',#9220,1.);
#9220=DIRECTION('',(1.,0.,0.));
#9221=CARTESIAN_POINT('',(19.68,-0.32,0.4));
#9222=CARTESIAN_POINT('',(19.68,-0.32,0.4));
#9223=VECTOR('',#9224,1.);
#9224=DIRECTION('',(0.,1.,0.));
#9225=CARTESIAN_POINT('',(20.32,-0.32,0.4));
#9226=CARTESIAN_POINT('',(20.32,-0.32,0.4));
#9227=VECTOR('',#9228,1.);
#9228=DIRECTION('',(-1.,0.,0.));
#9229=CARTESIAN_POINT('',(20.32,0.32,0.4));
#9230=VECTOR('',#9231,1.);
#9231=DIRECTION('',(0.,-1.,0.));
#9232=CARTESIAN_POINT('',(20.85,3.55,0.));
#9233=CARTESIAN_POINT('',(20.85,-2.2,0.));
#9234=VECTOR('',#9235,1.);
#9235=DIRECTION('',(0.,1.,0.));
#9236=CARTESIAN_POINT('',(20.85,3.55,0.4));
#9237=VECTOR('',#9238,1.);
#9238=DIRECTION('',(0.,0.,-1.));
#9239=CARTESIAN_POINT('',(21.65,3.55,0.));
#9240=CARTESIAN_POINT('',(21.65,3.55,0.));
#9241=VECTOR('',#9242,1.);
#9242=DIRECTION('',(-1.,0.,0.));
#9243=CARTESIAN_POINT('',(21.65,3.55,0.));
#9244=VECTOR('',#9245,1.);
#9245=DIRECTION('',(0.,-1.,0.));
#9246=CARTESIAN_POINT('',(21.65,3.55,0.4));
#9247=CARTESIAN_POINT('',(21.65,3.55,0.));
#9248=VECTOR('',#9249,1.);
#9249=DIRECTION('',(0.,0.,1.));
#9250=CARTESIAN_POINT('',(21.65,-2.2,0.4));
#9251=VECTOR('',#9252,1.);
#9252=DIRECTION('',(0.,1.,0.));
#9253=CARTESIAN_POINT('',(23.35,3.55,0.4));
#9254=CARTESIAN_POINT('',(23.35,3.55,0.4));
#9255=VECTOR('',#9256,1.);
#9256=DIRECTION('',(-1.,0.,0.));
#9257=CARTESIAN_POINT('',(23.35,3.55,0.4));
#9258=VECTOR('',#9259,1.);
#9259=DIRECTION('',(0.,-1.,0.));
#9260=CARTESIAN_POINT('',(22.18,0.32,0.4));
#9261=CARTESIAN_POINT('',(22.82,0.32,0.4));
#9262=CARTESIAN_POINT('',(22.18,0.32,0.4));
#9263=VECTOR('',#9264,1.);
#9264=DIRECTION('',(1.,0.,0.));
#9265=CARTESIAN_POINT('',(22.18,-0.32,0.4));
#9266=CARTESIAN_POINT('',(22.18,-0.32,0.4));
#9267=VECTOR('',#9268,1.);
#9268=DIRECTION('',(0.,1.,0.));
#9269=CARTESIAN_POINT('',(22.82,-0.32,0.4));
#9270=CARTESIAN_POINT('',(22.82,-0.32,0.4));
#9271=VECTOR('',#9272,1.);
#9272=DIRECTION('',(-1.,0.,0.));
#9273=CARTESIAN_POINT('',(22.82,0.32,0.4));
#9274=VECTOR('',#9275,1.);
#9275=DIRECTION('',(0.,-1.,0.));
#9276=CARTESIAN_POINT('',(23.35,3.55,0.));
#9277=CARTESIAN_POINT('',(23.35,-2.2,0.));
#9278=VECTOR('',#9279,1.);
#9279=DIRECTION('',(0.,1.,0.));
#9280=CARTESIAN_POINT('',(23.35,3.55,0.4));
#9281=VECTOR('',#9282,1.);
#9282=DIRECTION('',(0.,0.,-1.));
#9283=CARTESIAN_POINT('',(24.15,3.55,0.));
#9284=CARTESIAN_POINT('',(24.15,3.55,0.));
#9285=VECTOR('',#9286,1.);
#9286=DIRECTION('',(-1.,0.,0.));
#9287=CARTESIAN_POINT('',(24.15,3.55,0.));
#9288=VECTOR('',#9289,1.);
#9289=DIRECTION('',(0.,-1.,0.));
#9290=CARTESIAN_POINT('',(24.15,3.55,0.4));
#9291=CARTESIAN_POINT('',(24.15,3.55,0.));
#9292=VECTOR('',#9293,1.);
#9293=DIRECTION('',(0.,0.,1.));
#9294=CARTESIAN_POINT('',(24.15,-2.2,0.4));
#9295=VECTOR('',#9296,1.);
#9296=DIRECTION('',(0.,1.,0.));
#9297=CARTESIAN_POINT('',(25.85,3.55,0.4));
#9298=CARTESIAN_POINT('',(25.85,3.55,0.4));
#9299=VECTOR('',#9300,1.);
#9300=DIRECTION('',(-1.,0.,0.));
#9301=CARTESIAN_POINT('',(25.85,3.55,0.4));
#9302=VECTOR('',#9303,1.);
#9303=DIRECTION('',(0.,-1.,0.));
#9304=CARTESIAN_POINT('',(24.68,0.32,0.4));
#9305=CARTESIAN_POINT('',(25.32,0.32,0.4));
#9306=CARTESIAN_POINT('',(24.68,0.32,0.4));
#9307=VECTOR('',#9308,1.);
#9308=DIRECTION('',(1.,0.,0.));
#9309=CARTESIAN_POINT('',(24.68,-0.32,0.4));
#9310=CARTESIAN_POINT('',(24.68,-0.32,0.4));
#9311=VECTOR('',#9312,1.);
#9312=DIRECTION('',(0.,1.,0.));
#9313=CARTESIAN_POINT('',(25.32,-0.32,0.4));
#9314=CARTESIAN_POINT('',(25.32,-0.32,0.4));
#9315=VECTOR('',#9316,1.);
#9316=DIRECTION('',(-1.,0.,0.));
#9317=CARTESIAN_POINT('',(25.32,0.32,0.4));
#9318=VECTOR('',#9319,1.);
#9319=DIRECTION('',(0.,-1.,0.));
#9320=CARTESIAN_POINT('',(25.85,3.55,0.));
#9321=CARTESIAN_POINT('',(25.85,-2.2,0.));
#9322=VECTOR('',#9323,1.);
#9323=DIRECTION('',(0.,1.,0.));
#9324=CARTESIAN_POINT('',(25.85,3.55,0.4));
#9325=VECTOR('',#9326,1.);
#9326=DIRECTION('',(0.,0.,-1.));
#9327=CARTESIAN_POINT('',(26.65,3.55,0.));
#9328=CARTESIAN_POINT('',(26.65,3.55,0.));
#9329=VECTOR('',#9330,1.);
#9330=DIRECTION('',(-1.,0.,0.));
#9331=CARTESIAN_POINT('',(26.65,3.55,0.));
#9332=VECTOR('',#9333,1.);
#9333=DIRECTION('',(0.,-1.,0.));
#9334=CARTESIAN_POINT('',(26.65,3.55,0.4));
#9335=CARTESIAN_POINT('',(26.65,3.55,0.));
#9336=VECTOR('',#9337,1.);
#9337=DIRECTION('',(0.,0.,1.));
#9338=CARTESIAN_POINT('',(26.65,-2.2,0.4));
#9339=VECTOR('',#9340,1.);
#9340=DIRECTION('',(0.,1.,0.));
#9341=CARTESIAN_POINT('',(28.35,3.55,0.4));
#9342=CARTESIAN_POINT('',(28.35,3.55,0.4));
#9343=VECTOR('',#9344,1.);
#9344=DIRECTION('',(-1.,0.,0.));
#9345=CARTESIAN_POINT('',(28.35,3.55,0.4));
#9346=VECTOR('',#9347,1.);
#9347=DIRECTION('',(0.,-1.,0.));
#9348=CARTESIAN_POINT('',(27.18,0.32,0.4));
#9349=CARTESIAN_POINT('',(27.82,0.32,0.4));
#9350=CARTESIAN_POINT('',(27.18,0.32,0.4));
#9351=VECTOR('',#9352,1.);
#9352=DIRECTION('',(1.,0.,0.));
#9353=CARTESIAN_POINT('',(27.18,-0.32,0.4));
#9354=CARTESIAN_POINT('',(27.18,-0.32,0.4));
#9355=VECTOR('',#9356,1.);
#9356=DIRECTION('',(0.,1.,0.));
#9357=CARTESIAN_POINT('',(27.82,-0.32,0.4));
#9358=CARTESIAN_POINT('',(27.82,-0.32,0.4));
#9359=VECTOR('',#9360,1.);
#9360=DIRECTION('',(-1.,0.,0.));
#9361=CARTESIAN_POINT('',(27.82,0.32,0.4));
#9362=VECTOR('',#9363,1.);
#9363=DIRECTION('',(0.,-1.,0.));
#9364=CARTESIAN_POINT('',(28.35,3.55,0.));
#9365=CARTESIAN_POINT('',(28.35,-2.2,0.));
#9366=VECTOR('',#9367,1.);
#9367=DIRECTION('',(0.,1.,0.));
#9368=CARTESIAN_POINT('',(28.35,3.55,0.4));
#9369=VECTOR('',#9370,1.);
#9370=DIRECTION('',(0.,0.,-1.));
#9371=CARTESIAN_POINT('',(28.35,3.55,0.));
#9372=VECTOR('',#9373,1.);
#9373=DIRECTION('',(1.,0.,0.));
#9374=CARTESIAN_POINT('',(29.6,-0.4,7.));
#9375=CARTESIAN_POINT('',(29.6,-0.4,7.));
#9376=VECTOR('',#9377,1.);
#9377=DIRECTION('',(-0.707106781186544,0.,-0.707106781186551));
#9378=CARTESIAN_POINT('',(30.,-0.4,7.));
#9379=VECTOR('',#9380,1.);
#9380=DIRECTION('',(-1.,0.,0.));
#9381=CARTESIAN_POINT('',(30.,3.55,7.));
#9382=VECTOR('',#9383,1.);
#9383=DIRECTION('',(-1.,0.,0.));
#9384=CARTESIAN_POINT('',(-2.1,-0.4,7.));
#9385=CARTESIAN_POINT('',(-2.1,3.15,7.));
#9386=CARTESIAN_POINT('',(-2.1,3.15,7.));
#9387=VECTOR('',#9388,1.);
#9388=DIRECTION('',(1.2509555207044E-016,-1.,0.));
#9389=CARTESIAN_POINT('',(29.6,3.15,7.));
#9390=CARTESIAN_POINT('',(29.6,3.15,7.));
#9391=VECTOR('',#9392,1.);
#9392=DIRECTION('',(-1.,0.,0.));
#9393=CARTESIAN_POINT('',(29.6,3.15,7.));
#9394=VECTOR('',#9395,1.);
#9395=DIRECTION('',(0.,-1.,0.));
#9396=CARTESIAN_POINT('',(-2.1,-0.4,7.));
#9397=VECTOR('',#9398,1.);
#9398=DIRECTION('',(-1.,0.,0.));
#9399=CARTESIAN_POINT('',(29.6,3.15,7.));
#9400=VECTOR('',#9401,1.);
#9401=DIRECTION('',(-0.577350269189622,-0.577350269189628,-0.577350269189628));
#9402=CARTESIAN_POINT('',(29.3,2.85,6.7));
#9403=VECTOR('',#9404,1.);
#9404=DIRECTION('',(-1.,0.,-2.85587916302291E-017));
#9405=CARTESIAN_POINT('',(2.82,0.32,6.12679491924311));
#9406=CARTESIAN_POINT('',(2.18,0.32,6.12679491924311));
#9407=CARTESIAN_POINT('',(2.82,0.32,6.12679491924311));
#9408=VECTOR('',#9409,1.);
#9409=DIRECTION('',(-1.,0.,0.));
#9410=CARTESIAN_POINT('',(2.82,0.32,2.));
#9411=VECTOR('',#9412,1.);
#9412=DIRECTION('',(0.,0.,1.));
#9413=CARTESIAN_POINT('',(2.18,0.32,2.));
#9414=VECTOR('',#9415,1.);
#9415=DIRECTION('',(0.,0.,1.));
#9416=CARTESIAN_POINT('',(2.82,-0.32,6.12679491924311));
#9417=CARTESIAN_POINT('',(2.82,-0.32,6.12679491924311));
#9418=VECTOR('',#9419,1.);
#9419=DIRECTION('',(0.,1.,0.));
#9420=CARTESIAN_POINT('',(2.82,-0.32,2.));
#9421=VECTOR('',#9422,1.);
#9422=DIRECTION('',(0.,0.,1.));
#9423=CARTESIAN_POINT('',(2.18,-0.32,6.12679491924311));
#9424=CARTESIAN_POINT('',(2.18,-0.32,6.12679491924311));
#9425=VECTOR('',#9426,1.);
#9426=DIRECTION('',(1.,0.,0.));
#9427=CARTESIAN_POINT('',(2.18,-0.32,2.));
#9428=VECTOR('',#9429,1.);
#9429=DIRECTION('',(0.,0.,1.));
#9430=CARTESIAN_POINT('',(2.18,0.32,6.12679491924311));
#9431=VECTOR('',#9432,1.);
#9432=DIRECTION('',(0.,-1.,0.));
#9433=CARTESIAN_POINT('',(5.32,0.32,6.12679491924311));
#9434=CARTESIAN_POINT('',(4.68,0.32,6.12679491924311));
#9435=CARTESIAN_POINT('',(5.32,0.32,6.12679491924311));
#9436=VECTOR('',#9437,1.);
#9437=DIRECTION('',(-1.,0.,0.));
#9438=CARTESIAN_POINT('',(5.32,0.32,2.));
#9439=VECTOR('',#9440,1.);
#9440=DIRECTION('',(0.,0.,1.));
#9441=CARTESIAN_POINT('',(4.68,0.32,2.));
#9442=VECTOR('',#9443,1.);
#9443=DIRECTION('',(0.,0.,1.));
#9444=CARTESIAN_POINT('',(5.32,-0.32,6.12679491924311));
#9445=CARTESIAN_POINT('',(5.32,-0.32,6.12679491924311));
#9446=VECTOR('',#9447,1.);
#9447=DIRECTION('',(0.,1.,0.));
#9448=CARTESIAN_POINT('',(5.32,-0.32,2.));
#9449=VECTOR('',#9450,1.);
#9450=DIRECTION('',(0.,0.,1.));
#9451=CARTESIAN_POINT('',(4.68,-0.32,6.12679491924311));
#9452=CARTESIAN_POINT('',(4.68,-0.32,6.12679491924311));
#9453=VECTOR('',#9454,1.);
#9454=DIRECTION('',(1.,0.,0.));
#9455=CARTESIAN_POINT('',(4.68,-0.32,2.));
#9456=VECTOR('',#9457,1.);
#9457=DIRECTION('',(0.,0.,1.));
#9458=CARTESIAN_POINT('',(4.68,0.32,6.12679491924311));
#9459=VECTOR('',#9460,1.);
#9460=DIRECTION('',(0.,-1.,0.));
#9461=CARTESIAN_POINT('',(7.82,0.32,6.12679491924311));
#9462=CARTESIAN_POINT('',(7.18,0.32,6.12679491924311));
#9463=CARTESIAN_POINT('',(7.82,0.32,6.12679491924311));
#9464=VECTOR('',#9465,1.);
#9465=DIRECTION('',(-1.,0.,0.));
#9466=CARTESIAN_POINT('',(7.82,0.32,2.));
#9467=VECTOR('',#9468,1.);
#9468=DIRECTION('',(0.,0.,1.));
#9469=CARTESIAN_POINT('',(7.18,0.32,2.));
#9470=VECTOR('',#9471,1.);
#9471=DIRECTION('',(0.,0.,1.));
#9472=CARTESIAN_POINT('',(7.82,-0.32,6.12679491924311));
#9473=CARTESIAN_POINT('',(7.82,-0.32,6.12679491924311));
#9474=VECTOR('',#9475,1.);
#9475=DIRECTION('',(0.,1.,0.));
#9476=CARTESIAN_POINT('',(7.82,-0.32,2.));
#9477=VECTOR('',#9478,1.);
#9478=DIRECTION('',(0.,0.,1.));
#9479=CARTESIAN_POINT('',(7.18,-0.32,6.12679491924311));
#9480=CARTESIAN_POINT('',(7.18,-0.32,6.12679491924311));
#9481=VECTOR('',#9482,1.);
#9482=DIRECTION('',(1.,0.,0.));
#9483=CARTESIAN_POINT('',(7.18,-0.32,2.));
#9484=VECTOR('',#9485,1.);
#9485=DIRECTION('',(0.,0.,1.));
#9486=CARTESIAN_POINT('',(7.18,0.32,6.12679491924311));
#9487=VECTOR('',#9488,1.);
#9488=DIRECTION('',(0.,-1.,0.));
#9489=CARTESIAN_POINT('',(10.32,0.32,6.12679491924311));
#9490=CARTESIAN_POINT('',(9.68,0.32,6.12679491924311));
#9491=CARTESIAN_POINT('',(10.32,0.32,6.12679491924311));
#9492=VECTOR('',#9493,1.);
#9493=DIRECTION('',(-1.,0.,2.77555756156289E-015));
#9494=CARTESIAN_POINT('',(10.32,0.32,2.));
#9495=VECTOR('',#9496,1.);
#9496=DIRECTION('',(0.,0.,1.));
#9497=CARTESIAN_POINT('',(9.68,0.32,2.));
#9498=VECTOR('',#9499,1.);
#9499=DIRECTION('',(0.,0.,1.));
#9500=CARTESIAN_POINT('',(10.32,-0.32,6.12679491924311));
#9501=CARTESIAN_POINT('',(10.32,-0.32,6.12679491924311));
#9502=VECTOR('',#9503,1.);
#9503=DIRECTION('',(0.,1.,0.));
#9504=CARTESIAN_POINT('',(10.32,-0.32,2.));
#9505=VECTOR('',#9506,1.);
#9506=DIRECTION('',(0.,0.,1.));
#9507=CARTESIAN_POINT('',(9.68,-0.32,6.12679491924311));
#9508=CARTESIAN_POINT('',(9.68,-0.32,6.12679491924311));
#9509=VECTOR('',#9510,1.);
#9510=DIRECTION('',(1.,0.,2.77555756156289E-015));
#9511=CARTESIAN_POINT('',(9.68,-0.32,2.));
#9512=VECTOR('',#9513,1.);
#9513=DIRECTION('',(0.,0.,1.));
#9514=CARTESIAN_POINT('',(9.68,0.32,6.12679491924311));
#9515=VECTOR('',#9516,1.);
#9516=DIRECTION('',(0.,-1.,0.));
#9517=CARTESIAN_POINT('',(12.82,0.32,6.12679491924311));
#9518=CARTESIAN_POINT('',(12.18,0.32,6.12679491924311));
#9519=CARTESIAN_POINT('',(12.82,0.32,6.12679491924311));
#9520=VECTOR('',#9521,1.);
#9521=DIRECTION('',(-1.,0.,2.77555756156289E-015));
#9522=CARTESIAN_POINT('',(12.82,0.32,2.));
#9523=VECTOR('',#9524,1.);
#9524=DIRECTION('',(0.,0.,1.));
#9525=CARTESIAN_POINT('',(12.18,0.32,2.));
#9526=VECTOR('',#9527,1.);
#9527=DIRECTION('',(0.,0.,1.));
#9528=CARTESIAN_POINT('',(12.82,-0.32,6.12679491924311));
#9529=CARTESIAN_POINT('',(12.82,-0.32,6.12679491924311));
#9530=VECTOR('',#9531,1.);
#9531=DIRECTION('',(0.,1.,0.));
#9532=CARTESIAN_POINT('',(12.82,-0.32,2.));
#9533=VECTOR('',#9534,1.);
#9534=DIRECTION('',(0.,0.,1.));
#9535=CARTESIAN_POINT('',(12.18,-0.32,6.12679491924311));
#9536=CARTESIAN_POINT('',(12.18,-0.32,6.12679491924311));
#9537=VECTOR('',#9538,1.);
#9538=DIRECTION('',(1.,0.,2.77555756156289E-015));
#9539=CARTESIAN_POINT('',(12.18,-0.32,2.));
#9540=VECTOR('',#9541,1.);
#9541=DIRECTION('',(0.,0.,1.));
#9542=CARTESIAN_POINT('',(12.18,0.32,6.12679491924311));
#9543=VECTOR('',#9544,1.);
#9544=DIRECTION('',(0.,-1.,0.));
#9545=CARTESIAN_POINT('',(15.32,0.32,6.12679491924311));
#9546=CARTESIAN_POINT('',(14.68,0.32,6.12679491924311));
#9547=CARTESIAN_POINT('',(15.32,0.32,6.12679491924311));
#9548=VECTOR('',#9549,1.);
#9549=DIRECTION('',(-1.,0.,2.77555756156289E-015));
#9550=CARTESIAN_POINT('',(15.32,0.32,2.));
#9551=VECTOR('',#9552,1.);
#9552=DIRECTION('',(0.,0.,1.));
#9553=CARTESIAN_POINT('',(14.68,0.32,2.));
#9554=VECTOR('',#9555,1.);
#9555=DIRECTION('',(0.,0.,1.));
#9556=CARTESIAN_POINT('',(15.32,-0.32,6.12679491924311));
#9557=CARTESIAN_POINT('',(15.32,-0.32,6.12679491924311));
#9558=VECTOR('',#9559,1.);
#9559=DIRECTION('',(0.,1.,0.));
#9560=CARTESIAN_POINT('',(15.32,-0.32,2.));
#9561=VECTOR('',#9562,1.);
#9562=DIRECTION('',(0.,0.,1.));
#9563=CARTESIAN_POINT('',(14.68,-0.32,6.12679491924311));
#9564=CARTESIAN_POINT('',(14.68,-0.32,6.12679491924311));
#9565=VECTOR('',#9566,1.);
#9566=DIRECTION('',(1.,0.,2.77555756156289E-015));
#9567=CARTESIAN_POINT('',(14.68,-0.32,2.));
#9568=VECTOR('',#9569,1.);
#9569=DIRECTION('',(0.,0.,1.));
#9570=CARTESIAN_POINT('',(14.68,0.32,6.12679491924311));
#9571=VECTOR('',#9572,1.);
#9572=DIRECTION('',(0.,-1.,0.));
#9573=CARTESIAN_POINT('',(17.82,0.32,6.12679491924311));
#9574=CARTESIAN_POINT('',(17.18,0.32,6.12679491924311));
#9575=CARTESIAN_POINT('',(17.82,0.32,6.12679491924311));
#9576=VECTOR('',#9577,1.);
#9577=DIRECTION('',(-1.,0.,2.77555756156289E-015));
#9578=CARTESIAN_POINT('',(17.82,0.32,2.));
#9579=VECTOR('',#9580,1.);
#9580=DIRECTION('',(0.,0.,1.));
#9581=CARTESIAN_POINT('',(17.18,0.32,2.));
#9582=VECTOR('',#9583,1.);
#9583=DIRECTION('',(0.,0.,1.));
#9584=CARTESIAN_POINT('',(17.82,-0.32,6.12679491924311));
#9585=CARTESIAN_POINT('',(17.82,-0.32,6.12679491924311));
#9586=VECTOR('',#9587,1.);
#9587=DIRECTION('',(0.,1.,0.));
#9588=CARTESIAN_POINT('',(17.82,-0.32,2.));
#9589=VECTOR('',#9590,1.);
#9590=DIRECTION('',(0.,0.,1.));
#9591=CARTESIAN_POINT('',(17.18,-0.32,6.12679491924311));
#9592=CARTESIAN_POINT('',(17.18,-0.32,6.12679491924311));
#9593=VECTOR('',#9594,1.);
#9594=DIRECTION('',(1.,0.,2.77555756156289E-015));
#9595=CARTESIAN_POINT('',(17.18,-0.32,2.));
#9596=VECTOR('',#9597,1.);
#9597=DIRECTION('',(0.,0.,1.));
#9598=CARTESIAN_POINT('',(17.18,0.32,6.12679491924311));
#9599=VECTOR('',#9600,1.);
#9600=DIRECTION('',(0.,-1.,0.));
#9601=CARTESIAN_POINT('',(20.32,0.32,6.12679491924311));
#9602=CARTESIAN_POINT('',(19.68,0.32,6.12679491924311));
#9603=CARTESIAN_POINT('',(20.32,0.32,6.12679491924311));
#9604=VECTOR('',#9605,1.);
#9605=DIRECTION('',(-1.,0.,2.77555756156289E-015));
#9606=CARTESIAN_POINT('',(20.32,0.32,2.));
#9607=VECTOR('',#9608,1.);
#9608=DIRECTION('',(0.,0.,1.));
#9609=CARTESIAN_POINT('',(19.68,0.32,2.));
#9610=VECTOR('',#9611,1.);
#9611=DIRECTION('',(0.,0.,1.));
#9612=CARTESIAN_POINT('',(20.32,-0.32,6.12679491924311));
#9613=CARTESIAN_POINT('',(20.32,-0.32,6.12679491924311));
#9614=VECTOR('',#9615,1.);
#9615=DIRECTION('',(0.,1.,0.));
#9616=CARTESIAN_POINT('',(20.32,-0.32,2.));
#9617=VECTOR('',#9618,1.);
#9618=DIRECTION('',(0.,0.,1.));
#9619=CARTESIAN_POINT('',(19.68,-0.32,6.12679491924311));
#9620=CARTESIAN_POINT('',(19.68,-0.32,6.12679491924311));
#9621=VECTOR('',#9622,1.);
#9622=DIRECTION('',(1.,0.,2.77555756156289E-015));
#9623=CARTESIAN_POINT('',(19.68,-0.32,2.));
#9624=VECTOR('',#9625,1.);
#9625=DIRECTION('',(0.,0.,1.));
#9626=CARTESIAN_POINT('',(19.68,0.32,6.12679491924311));
#9627=VECTOR('',#9628,1.);
#9628=DIRECTION('',(0.,-1.,0.));
#9629=CARTESIAN_POINT('',(22.82,0.32,6.12679491924311));
#9630=CARTESIAN_POINT('',(22.18,0.32,6.12679491924311));
#9631=CARTESIAN_POINT('',(22.82,0.32,6.12679491924311));
#9632=VECTOR('',#9633,1.);
#9633=DIRECTION('',(-1.,0.,2.77555756156289E-015));
#9634=CARTESIAN_POINT('',(22.82,0.32,2.));
#9635=VECTOR('',#9636,1.);
#9636=DIRECTION('',(0.,0.,1.));
#9637=CARTESIAN_POINT('',(22.18,0.32,2.));
#9638=VECTOR('',#9639,1.);
#9639=DIRECTION('',(0.,0.,1.));
#9640=CARTESIAN_POINT('',(22.82,-0.32,6.12679491924311));
#9641=CARTESIAN_POINT('',(22.82,-0.32,6.12679491924311));
#9642=VECTOR('',#9643,1.);
#9643=DIRECTION('',(0.,1.,0.));
#9644=CARTESIAN_POINT('',(22.82,-0.32,2.));
#9645=VECTOR('',#9646,1.);
#9646=DIRECTION('',(0.,0.,1.));
#9647=CARTESIAN_POINT('',(22.18,-0.32,6.12679491924311));
#9648=CARTESIAN_POINT('',(22.18,-0.32,6.12679491924311));
#9649=VECTOR('',#9650,1.);
#9650=DIRECTION('',(1.,0.,2.77555756156289E-015));
#9651=CARTESIAN_POINT('',(22.18,-0.32,2.));
#9652=VECTOR('',#9653,1.);
#9653=DIRECTION('',(0.,0.,1.));
#9654=CARTESIAN_POINT('',(22.18,0.32,6.12679491924311));
#9655=VECTOR('',#9656,1.);
#9656=DIRECTION('',(0.,-1.,0.));
#9657=CARTESIAN_POINT('',(25.32,0.32,6.12679491924311));
#9658=CARTESIAN_POINT('',(24.68,0.32,6.12679491924311));
#9659=CARTESIAN_POINT('',(25.32,0.32,6.12679491924311));
#9660=VECTOR('',#9661,1.);
#9661=DIRECTION('',(-1.,0.,2.77555756156289E-015));
#9662=CARTESIAN_POINT('',(25.32,0.32,2.));
#9663=VECTOR('',#9664,1.);
#9664=DIRECTION('',(0.,0.,1.));
#9665=CARTESIAN_POINT('',(24.68,0.32,2.));
#9666=VECTOR('',#9667,1.);
#9667=DIRECTION('',(0.,0.,1.));
#9668=CARTESIAN_POINT('',(25.32,-0.32,6.12679491924311));
#9669=CARTESIAN_POINT('',(25.32,-0.32,6.12679491924311));
#9670=VECTOR('',#9671,1.);
#9671=DIRECTION('',(0.,1.,0.));
#9672=CARTESIAN_POINT('',(25.32,-0.32,2.));
#9673=VECTOR('',#9674,1.);
#9674=DIRECTION('',(0.,0.,1.));
#9675=CARTESIAN_POINT('',(24.68,-0.32,6.12679491924311));
#9676=CARTESIAN_POINT('',(24.68,-0.32,6.12679491924311));
#9677=VECTOR('',#9678,1.);
#9678=DIRECTION('',(1.,0.,2.77555756156289E-015));
#9679=CARTESIAN_POINT('',(24.68,-0.32,2.));
#9680=VECTOR('',#9681,1.);
#9681=DIRECTION('',(0.,0.,1.));
#9682=CARTESIAN_POINT('',(24.68,0.32,6.12679491924311));
#9683=VECTOR('',#9684,1.);
#9684=DIRECTION('',(0.,-1.,0.));
#9685=CARTESIAN_POINT('',(27.82,0.32,6.12679491924311));
#9686=CARTESIAN_POINT('',(27.18,0.32,6.12679491924311));
#9687=CARTESIAN_POINT('',(27.82,0.32,6.12679491924311));
#9688=VECTOR('',#9689,1.);
#9689=DIRECTION('',(-1.,0.,2.77555756156289E-015));
#9690=CARTESIAN_POINT('',(27.82,0.32,2.));
#9691=VECTOR('',#9692,1.);
#9692=DIRECTION('',(0.,0.,1.));
#9693=CARTESIAN_POINT('',(27.18,0.32,2.));
#9694=VECTOR('',#9695,1.);
#9695=DIRECTION('',(0.,0.,1.));
#9696=CARTESIAN_POINT('',(27.82,-0.32,6.12679491924311));
#9697=CARTESIAN_POINT('',(27.82,-0.32,6.12679491924311));
#9698=VECTOR('',#9699,1.);
#9699=DIRECTION('',(0.,1.,0.));
#9700=CARTESIAN_POINT('',(27.82,-0.32,2.));
#9701=VECTOR('',#9702,1.);
#9702=DIRECTION('',(0.,0.,1.));
#9703=CARTESIAN_POINT('',(27.18,-0.32,6.12679491924311));
#9704=CARTESIAN_POINT('',(27.18,-0.32,6.12679491924311));
#9705=VECTOR('',#9706,1.);
#9706=DIRECTION('',(1.,0.,2.77555756156289E-015));
#9707=CARTESIAN_POINT('',(27.18,-0.32,2.));
#9708=VECTOR('',#9709,1.);
#9709=DIRECTION('',(0.,0.,1.));
#9710=CARTESIAN_POINT('',(27.18,0.32,6.12679491924311));
#9711=VECTOR('',#9712,1.);
#9712=DIRECTION('',(0.,-1.,0.));
#9713=CARTESIAN_POINT('',(0.32,0.32,6.12679491924311));
#9714=CARTESIAN_POINT('',(-0.32,0.32,6.12679491924311));
#9715=CARTESIAN_POINT('',(0.32,0.32,6.12679491924311));
#9716=VECTOR('',#9717,1.);
#9717=DIRECTION('',(-1.,0.,0.));
#9718=CARTESIAN_POINT('',(0.32,0.32,2.));
#9719=VECTOR('',#9720,1.);
#9720=DIRECTION('',(0.,0.,1.));
#9721=CARTESIAN_POINT('',(-0.32,0.32,2.));
#9722=VECTOR('',#9723,1.);
#9723=DIRECTION('',(0.,0.,1.));
#9724=CARTESIAN_POINT('',(0.32,-0.32,6.12679491924311));
#9725=CARTESIAN_POINT('',(0.32,-0.32,6.12679491924311));
#9726=VECTOR('',#9727,1.);
#9727=DIRECTION('',(0.,1.,0.));
#9728=CARTESIAN_POINT('',(0.32,-0.32,2.));
#9729=VECTOR('',#9730,1.);
#9730=DIRECTION('',(0.,0.,1.));
#9731=CARTESIAN_POINT('',(-0.32,-0.32,6.12679491924311));
#9732=CARTESIAN_POINT('',(-0.32,-0.32,6.12679491924311));
#9733=VECTOR('',#9734,1.);
#9734=DIRECTION('',(1.,0.,0.));
#9735=CARTESIAN_POINT('',(-0.32,-0.32,2.));
#9736=VECTOR('',#9737,1.);
#9737=DIRECTION('',(0.,0.,1.));
#9738=CARTESIAN_POINT('',(-0.32,0.32,6.12679491924311));
#9739=VECTOR('',#9740,1.);
#9740=DIRECTION('',(0.,-1.,0.));
#9741=CARTESIAN_POINT('',(-1.8,-0.4,6.7));
#9742=VECTOR('',#9743,1.);
#9743=DIRECTION('',(-0.707106781186549,0.,0.707106781186546));
#9744=CARTESIAN_POINT('',(-2.1,3.15,7.));
#9745=VECTOR('',#9746,1.);
#9746=DIRECTION('',(0.577350269189627,-0.577350269189626,-0.577350269189624));
#9747=CARTESIAN_POINT('',(0.32,0.32,-3.12679491924311));
#9748=CARTESIAN_POINT('',(-0.32,0.32,-3.12679491924311));
#9749=CARTESIAN_POINT('',(0.32,0.32,-3.12679491924311));
#9750=VECTOR('',#9751,1.);
#9751=DIRECTION('',(-1.,0.,0.));
#9752=CARTESIAN_POINT('',(-0.32,0.32,-3.12679491924311));
#9753=VECTOR('',#9754,1.);
#9754=DIRECTION('',(0.,0.,1.));
#9755=CARTESIAN_POINT('',(0.32,0.32,-3.12679491924311));
#9756=VECTOR('',#9757,1.);
#9757=DIRECTION('',(0.,0.,1.));
#9758=CARTESIAN_POINT('',(-0.32,-0.32,-3.12679491924311));
#9759=CARTESIAN_POINT('',(-0.32,0.32,-3.12679491924311));
#9760=VECTOR('',#9761,1.);
#9761=DIRECTION('',(0.,-1.,0.));
#9762=CARTESIAN_POINT('',(-0.32,-0.32,-3.12679491924311));
#9763=VECTOR('',#9764,1.);
#9764=DIRECTION('',(0.,0.,1.));
#9765=CARTESIAN_POINT('',(0.32,-0.32,-3.12679491924311));
#9766=CARTESIAN_POINT('',(-0.32,-0.32,-3.12679491924311));
#9767=VECTOR('',#9768,1.);
#9768=DIRECTION('',(1.,0.,0.));
#9769=CARTESIAN_POINT('',(0.32,-0.32,-3.12679491924311));
#9770=VECTOR('',#9771,1.);
#9771=DIRECTION('',(0.,0.,1.));
#9772=CARTESIAN_POINT('',(0.32,-0.32,-3.12679491924311));
#9773=VECTOR('',#9774,1.);
#9774=DIRECTION('',(0.,1.,0.));
#9775=CARTESIAN_POINT('',(2.82,0.32,-3.12679491924311));
#9776=CARTESIAN_POINT('',(2.18,0.32,-3.12679491924311));
#9777=CARTESIAN_POINT('',(2.82,0.32,-3.12679491924311));
#9778=VECTOR('',#9779,1.);
#9779=DIRECTION('',(-1.,0.,0.));
#9780=CARTESIAN_POINT('',(2.18,0.32,-3.12679491924311));
#9781=VECTOR('',#9782,1.);
#9782=DIRECTION('',(0.,0.,1.));
#9783=CARTESIAN_POINT('',(2.82,0.32,-3.12679491924311));
#9784=VECTOR('',#9785,1.);
#9785=DIRECTION('',(0.,0.,1.));
#9786=CARTESIAN_POINT('',(2.18,-0.32,-3.12679491924311));
#9787=CARTESIAN_POINT('',(2.18,0.32,-3.12679491924311));
#9788=VECTOR('',#9789,1.);
#9789=DIRECTION('',(0.,-1.,0.));
#9790=CARTESIAN_POINT('',(2.18,-0.32,-3.12679491924311));
#9791=VECTOR('',#9792,1.);
#9792=DIRECTION('',(0.,0.,1.));
#9793=CARTESIAN_POINT('',(2.82,-0.32,-3.12679491924311));
#9794=CARTESIAN_POINT('',(2.18,-0.32,-3.12679491924311));
#9795=VECTOR('',#9796,1.);
#9796=DIRECTION('',(1.,0.,0.));
#9797=CARTESIAN_POINT('',(2.82,-0.32,-3.12679491924311));
#9798=VECTOR('',#9799,1.);
#9799=DIRECTION('',(0.,0.,1.));
#9800=CARTESIAN_POINT('',(2.82,-0.32,-3.12679491924311));
#9801=VECTOR('',#9802,1.);
#9802=DIRECTION('',(0.,1.,0.));
#9803=CARTESIAN_POINT('',(5.32,0.32,-3.12679491924311));
#9804=CARTESIAN_POINT('',(4.68,0.32,-3.12679491924311));
#9805=CARTESIAN_POINT('',(5.32,0.32,-3.12679491924311));
#9806=VECTOR('',#9807,1.);
#9807=DIRECTION('',(-1.,0.,0.));
#9808=CARTESIAN_POINT('',(4.68,0.32,-3.12679491924311));
#9809=VECTOR('',#9810,1.);
#9810=DIRECTION('',(0.,0.,1.));
#9811=CARTESIAN_POINT('',(5.32,0.32,-3.12679491924311));
#9812=VECTOR('',#9813,1.);
#9813=DIRECTION('',(0.,0.,1.));
#9814=CARTESIAN_POINT('',(4.68,-0.32,-3.12679491924311));
#9815=CARTESIAN_POINT('',(4.68,0.32,-3.12679491924311));
#9816=VECTOR('',#9817,1.);
#9817=DIRECTION('',(0.,-1.,0.));
#9818=CARTESIAN_POINT('',(4.68,-0.32,-3.12679491924311));
#9819=VECTOR('',#9820,1.);
#9820=DIRECTION('',(0.,0.,1.));
#9821=CARTESIAN_POINT('',(5.32,-0.32,-3.12679491924311));
#9822=CARTESIAN_POINT('',(4.68,-0.32,-3.12679491924311));
#9823=VECTOR('',#9824,1.);
#9824=DIRECTION('',(1.,0.,0.));
#9825=CARTESIAN_POINT('',(5.32,-0.32,-3.12679491924311));
#9826=VECTOR('',#9827,1.);
#9827=DIRECTION('',(0.,0.,1.));
#9828=CARTESIAN_POINT('',(5.32,-0.32,-3.12679491924311));
#9829=VECTOR('',#9830,1.);
#9830=DIRECTION('',(0.,1.,0.));
#9831=CARTESIAN_POINT('',(7.82,0.32,-3.12679491924311));
#9832=CARTESIAN_POINT('',(7.18,0.32,-3.12679491924311));
#9833=CARTESIAN_POINT('',(7.82,0.32,-3.12679491924311));
#9834=VECTOR('',#9835,1.);
#9835=DIRECTION('',(-1.,0.,0.));
#9836=CARTESIAN_POINT('',(7.18,0.32,-3.12679491924311));
#9837=VECTOR('',#9838,1.);
#9838=DIRECTION('',(0.,0.,1.));
#9839=CARTESIAN_POINT('',(7.82,0.32,-3.12679491924311));
#9840=VECTOR('',#9841,1.);
#9841=DIRECTION('',(0.,0.,1.));
#9842=CARTESIAN_POINT('',(7.18,-0.32,-3.12679491924311));
#9843=CARTESIAN_POINT('',(7.18,0.32,-3.12679491924311));
#9844=VECTOR('',#9845,1.);
#9845=DIRECTION('',(0.,-1.,0.));
#9846=CARTESIAN_POINT('',(7.18,-0.32,-3.12679491924311));
#9847=VECTOR('',#9848,1.);
#9848=DIRECTION('',(0.,0.,1.));
#9849=CARTESIAN_POINT('',(7.82,-0.32,-3.12679491924311));
#9850=CARTESIAN_POINT('',(7.18,-0.32,-3.12679491924311));
#9851=VECTOR('',#9852,1.);
#9852=DIRECTION('',(1.,0.,0.));
#9853=CARTESIAN_POINT('',(7.82,-0.32,-3.12679491924311));
#9854=VECTOR('',#9855,1.);
#9855=DIRECTION('',(0.,0.,1.));
#9856=CARTESIAN_POINT('',(7.82,-0.32,-3.12679491924311));
#9857=VECTOR('',#9858,1.);
#9858=DIRECTION('',(0.,1.,0.));
#9859=CARTESIAN_POINT('',(10.32,0.32,-3.12679491924311));
#9860=CARTESIAN_POINT('',(9.68,0.32,-3.12679491924311));
#9861=CARTESIAN_POINT('',(10.32,0.32,-3.12679491924311));
#9862=VECTOR('',#9863,1.);
#9863=DIRECTION('',(-1.,0.,0.));
#9864=CARTESIAN_POINT('',(9.68,0.32,-3.12679491924311));
#9865=VECTOR('',#9866,1.);
#9866=DIRECTION('',(0.,0.,1.));
#9867=CARTESIAN_POINT('',(10.32,0.32,-3.12679491924311));
#9868=VECTOR('',#9869,1.);
#9869=DIRECTION('',(0.,0.,1.));
#9870=CARTESIAN_POINT('',(9.68,-0.32,-3.12679491924311));
#9871=CARTESIAN_POINT('',(9.68,0.32,-3.12679491924311));
#9872=VECTOR('',#9873,1.);
#9873=DIRECTION('',(0.,-1.,0.));
#9874=CARTESIAN_POINT('',(9.68,-0.32,-3.12679491924311));
#9875=VECTOR('',#9876,1.);
#9876=DIRECTION('',(0.,0.,1.));
#9877=CARTESIAN_POINT('',(10.32,-0.32,-3.12679491924311));
#9878=CARTESIAN_POINT('',(9.68,-0.32,-3.12679491924311));
#9879=VECTOR('',#9880,1.);
#9880=DIRECTION('',(1.,0.,0.));
#9881=CARTESIAN_POINT('',(10.32,-0.32,-3.12679491924311));
#9882=VECTOR('',#9883,1.);
#9883=DIRECTION('',(0.,0.,1.));
#9884=CARTESIAN_POINT('',(10.32,-0.32,-3.12679491924311));
#9885=VECTOR('',#9886,1.);
#9886=DIRECTION('',(0.,1.,0.));
#9887=CARTESIAN_POINT('',(12.82,0.32,-3.12679491924311));
#9888=CARTESIAN_POINT('',(12.18,0.32,-3.12679491924311));
#9889=CARTESIAN_POINT('',(12.82,0.32,-3.12679491924311));
#9890=VECTOR('',#9891,1.);
#9891=DIRECTION('',(-1.,0.,0.));
#9892=CARTESIAN_POINT('',(12.18,0.32,-3.12679491924311));
#9893=VECTOR('',#9894,1.);
#9894=DIRECTION('',(0.,0.,1.));
#9895=CARTESIAN_POINT('',(12.82,0.32,-3.12679491924311));
#9896=VECTOR('',#9897,1.);
#9897=DIRECTION('',(0.,0.,1.));
#9898=CARTESIAN_POINT('',(12.18,-0.32,-3.12679491924311));
#9899=CARTESIAN_POINT('',(12.18,0.32,-3.12679491924311));
#9900=VECTOR('',#9901,1.);
#9901=DIRECTION('',(0.,-1.,0.));
#9902=CARTESIAN_POINT('',(12.18,-0.32,-3.12679491924311));
#9903=VECTOR('',#9904,1.);
#9904=DIRECTION('',(0.,0.,1.));
#9905=CARTESIAN_POINT('',(12.82,-0.32,-3.12679491924311));
#9906=CARTESIAN_POINT('',(12.18,-0.32,-3.12679491924311));
#9907=VECTOR('',#9908,1.);
#9908=DIRECTION('',(1.,0.,0.));
#9909=CARTESIAN_POINT('',(12.82,-0.32,-3.12679491924311));
#9910=VECTOR('',#9911,1.);
#9911=DIRECTION('',(0.,0.,1.));
#9912=CARTESIAN_POINT('',(12.82,-0.32,-3.12679491924311));
#9913=VECTOR('',#9914,1.);
#9914=DIRECTION('',(0.,1.,0.));
#9915=CARTESIAN_POINT('',(15.32,0.32,-3.12679491924311));
#9916=CARTESIAN_POINT('',(14.68,0.32,-3.12679491924311));
#9917=CARTESIAN_POINT('',(15.32,0.32,-3.12679491924311));
#9918=VECTOR('',#9919,1.);
#9919=DIRECTION('',(-1.,0.,0.));
#9920=CARTESIAN_POINT('',(14.68,0.32,-3.12679491924311));
#9921=VECTOR('',#9922,1.);
#9922=DIRECTION('',(0.,0.,1.));
#9923=CARTESIAN_POINT('',(15.32,0.32,-3.12679491924311));
#9924=VECTOR('',#9925,1.);
#9925=DIRECTION('',(0.,0.,1.));
#9926=CARTESIAN_POINT('',(14.68,-0.32,-3.12679491924311));
#9927=CARTESIAN_POINT('',(14.68,0.32,-3.12679491924311));
#9928=VECTOR('',#9929,1.);
#9929=DIRECTION('',(0.,-1.,0.));
#9930=CARTESIAN_POINT('',(14.68,-0.32,-3.12679491924311));
#9931=VECTOR('',#9932,1.);
#9932=DIRECTION('',(0.,0.,1.));
#9933=CARTESIAN_POINT('',(15.32,-0.32,-3.12679491924311));
#9934=CARTESIAN_POINT('',(14.68,-0.32,-3.12679491924311));
#9935=VECTOR('',#9936,1.);
#9936=DIRECTION('',(1.,0.,0.));
#9937=CARTESIAN_POINT('',(15.32,-0.32,-3.12679491924311));
#9938=VECTOR('',#9939,1.);
#9939=DIRECTION('',(0.,0.,1.));
#9940=CARTESIAN_POINT('',(15.32,-0.32,-3.12679491924311));
#9941=VECTOR('',#9942,1.);
#9942=DIRECTION('',(0.,1.,0.));
#9943=CARTESIAN_POINT('',(17.82,0.32,-3.12679491924311));
#9944=CARTESIAN_POINT('',(17.18,0.32,-3.12679491924311));
#9945=CARTESIAN_POINT('',(17.82,0.32,-3.12679491924311));
#9946=VECTOR('',#9947,1.);
#9947=DIRECTION('',(-1.,0.,0.));
#9948=CARTESIAN_POINT('',(17.18,0.32,-3.12679491924311));
#9949=VECTOR('',#9950,1.);
#9950=DIRECTION('',(0.,0.,1.));
#9951=CARTESIAN_POINT('',(17.82,0.32,-3.12679491924311));
#9952=VECTOR('',#9953,1.);
#9953=DIRECTION('',(0.,0.,1.));
#9954=CARTESIAN_POINT('',(17.18,-0.32,-3.12679491924311));
#9955=CARTESIAN_POINT('',(17.18,0.32,-3.12679491924311));
#9956=VECTOR('',#9957,1.);
#9957=DIRECTION('',(0.,-1.,0.));
#9958=CARTESIAN_POINT('',(17.18,-0.32,-3.12679491924311));
#9959=VECTOR('',#9960,1.);
#9960=DIRECTION('',(0.,0.,1.));
#9961=CARTESIAN_POINT('',(17.82,-0.32,-3.12679491924311));
#9962=CARTESIAN_POINT('',(17.18,-0.32,-3.12679491924311));
#9963=VECTOR('',#9964,1.);
#9964=DIRECTION('',(1.,0.,0.));
#9965=CARTESIAN_POINT('',(17.82,-0.32,-3.12679491924311));
#9966=VECTOR('',#9967,1.);
#9967=DIRECTION('',(0.,0.,1.));
#9968=CARTESIAN_POINT('',(17.82,-0.32,-3.12679491924311));
#9969=VECTOR('',#9970,1.);
#9970=DIRECTION('',(0.,1.,0.));
#9971=CARTESIAN_POINT('',(20.32,0.32,-3.12679491924311));
#9972=CARTESIAN_POINT('',(19.68,0.32,-3.12679491924311));
#9973=CARTESIAN_POINT('',(20.32,0.32,-3.12679491924311));
#9974=VECTOR('',#9975,1.);
#9975=DIRECTION('',(-1.,0.,0.));
#9976=CARTESIAN_POINT('',(19.68,0.32,-3.12679491924311));
#9977=VECTOR('',#9978,1.);
#9978=DIRECTION('',(0.,0.,1.));
#9979=CARTESIAN_POINT('',(20.32,0.32,-3.12679491924311));
#9980=VECTOR('',#9981,1.);
#9981=DIRECTION('',(0.,0.,1.));
#9982=CARTESIAN_POINT('',(19.68,-0.32,-3.12679491924311));
#9983=CARTESIAN_POINT('',(19.68,0.32,-3.12679491924311));
#9984=VECTOR('',#9985,1.);
#9985=DIRECTION('',(0.,-1.,0.));
#9986=CARTESIAN_POINT('',(19.68,-0.32,-3.12679491924311));
#9987=VECTOR('',#9988,1.);
#9988=DIRECTION('',(0.,0.,1.));
#9989=CARTESIAN_POINT('',(20.32,-0.32,-3.12679491924311));
#9990=CARTESIAN_POINT('',(19.68,-0.32,-3.12679491924311));
#9991=VECTOR('',#9992,1.);
#9992=DIRECTION('',(1.,0.,0.));
#9993=CARTESIAN_POINT('',(20.32,-0.32,-3.12679491924311));
#9994=VECTOR('',#9995,1.);
#9995=DIRECTION('',(0.,0.,1.));
#9996=CARTESIAN_POINT('',(20.32,-0.32,-3.12679491924311));
#9997=VECTOR('',#9998,1.);
#9998=DIRECTION('',(0.,1.,0.));
#9999=CARTESIAN_POINT('',(22.82,0.32,-3.12679491924311));
#10000=CARTESIAN_POINT('',(22.18,0.32,-3.12679491924311));
#10001=CARTESIAN_POINT('',(22.82,0.32,-3.12679491924311));
#10002=VECTOR('',#10003,1.);
#10003=DIRECTION('',(-1.,0.,0.));
#10004=CARTESIAN_POINT('',(22.18,0.32,-3.12679491924311));
#10005=VECTOR('',#10006,1.);
#10006=DIRECTION('',(0.,0.,1.));
#10007=CARTESIAN_POINT('',(22.82,0.32,-3.12679491924311));
#10008=VECTOR('',#10009,1.);
#10009=DIRECTION('',(0.,0.,1.));
#10010=CARTESIAN_POINT('',(22.18,-0.32,-3.12679491924311));
#10011=CARTESIAN_POINT('',(22.18,0.32,-3.12679491924311));
#10012=VECTOR('',#10013,1.);
#10013=DIRECTION('',(0.,-1.,0.));
#10014=CARTESIAN_POINT('',(22.18,-0.32,-3.12679491924311));
#10015=VECTOR('',#10016,1.);
#10016=DIRECTION('',(0.,0.,1.));
#10017=CARTESIAN_POINT('',(22.82,-0.32,-3.12679491924311));
#10018=CARTESIAN_POINT('',(22.18,-0.32,-3.12679491924311));
#10019=VECTOR('',#10020,1.);
#10020=DIRECTION('',(1.,0.,0.));
#10021=CARTESIAN_POINT('',(22.82,-0.32,-3.12679491924311));
#10022=VECTOR('',#10023,1.);
#10023=DIRECTION('',(0.,0.,1.));
#10024=CARTESIAN_POINT('',(22.82,-0.32,-3.12679491924311));
#10025=VECTOR('',#10026,1.);
#10026=DIRECTION('',(0.,1.,0.));
#10027=CARTESIAN_POINT('',(25.32,0.32,-3.12679491924311));
#10028=CARTESIAN_POINT('',(24.68,0.32,-3.12679491924311));
#10029=CARTESIAN_POINT('',(25.32,0.32,-3.12679491924311));
#10030=VECTOR('',#10031,1.);
#10031=DIRECTION('',(-1.,0.,0.));
#10032=CARTESIAN_POINT('',(24.68,0.32,-3.12679491924311));
#10033=VECTOR('',#10034,1.);
#10034=DIRECTION('',(0.,0.,1.));
#10035=CARTESIAN_POINT('',(25.32,0.32,-3.12679491924311));
#10036=VECTOR('',#10037,1.);
#10037=DIRECTION('',(0.,0.,1.));
#10038=CARTESIAN_POINT('',(24.68,-0.32,-3.12679491924311));
#10039=CARTESIAN_POINT('',(24.68,0.32,-3.12679491924311));
#10040=VECTOR('',#10041,1.);
#10041=DIRECTION('',(0.,-1.,0.));
#10042=CARTESIAN_POINT('',(24.68,-0.32,-3.12679491924311));
#10043=VECTOR('',#10044,1.);
#10044=DIRECTION('',(0.,0.,1.));
#10045=CARTESIAN_POINT('',(25.32,-0.32,-3.12679491924311));
#10046=CARTESIAN_POINT('',(24.68,-0.32,-3.12679491924311));
#10047=VECTOR('',#10048,1.);
#10048=DIRECTION('',(1.,0.,0.));
#10049=CARTESIAN_POINT('',(25.32,-0.32,-3.12679491924311));
#10050=VECTOR('',#10051,1.);
#10051=DIRECTION('',(0.,0.,1.));
#10052=CARTESIAN_POINT('',(25.32,-0.32,-3.12679491924311));
#10053=VECTOR('',#10054,1.);
#10054=DIRECTION('',(0.,1.,0.));
#10055=CARTESIAN_POINT('',(27.82,0.32,-3.12679491924311));
#10056=CARTESIAN_POINT('',(27.18,0.32,-3.12679491924311));
#10057=CARTESIAN_POINT('',(27.82,0.32,-3.12679491924311));
#10058=VECTOR('',#10059,1.);
#10059=DIRECTION('',(-1.,0.,0.));
#10060=CARTESIAN_POINT('',(27.18,0.32,-3.12679491924311));
#10061=VECTOR('',#10062,1.);
#10062=DIRECTION('',(0.,0.,1.));
#10063=CARTESIAN_POINT('',(27.82,0.32,-3.12679491924311));
#10064=VECTOR('',#10065,1.);
#10065=DIRECTION('',(0.,0.,1.));
#10066=CARTESIAN_POINT('',(27.18,-0.32,-3.12679491924311));
#10067=CARTESIAN_POINT('',(27.18,0.32,-3.12679491924311));
#10068=VECTOR('',#10069,1.);
#10069=DIRECTION('',(0.,-1.,0.));
#10070=CARTESIAN_POINT('',(27.18,-0.32,-3.12679491924311));
#10071=VECTOR('',#10072,1.);
#10072=DIRECTION('',(0.,0.,1.));
#10073=CARTESIAN_POINT('',(27.82,-0.32,-3.12679491924311));
#10074=CARTESIAN_POINT('',(27.18,-0.32,-3.12679491924311));
#10075=VECTOR('',#10076,1.);
#10076=DIRECTION('',(1.,0.,0.));
#10077=CARTESIAN_POINT('',(27.82,-0.32,-3.12679491924311));
#10078=VECTOR('',#10079,1.);
#10079=DIRECTION('',(0.,0.,1.));
#10080=CARTESIAN_POINT('',(27.82,-0.32,-3.12679491924311));
#10081=VECTOR('',#10082,1.);
#10082=DIRECTION('',(0.,1.,0.));
#10083=CARTESIAN_POINT('',(2.28,0.22,6.5));
#10084=CARTESIAN_POINT('',(2.18,0.32,6.12679491924311));
#10085=VECTOR('',#10086,1.);
#10086=DIRECTION('',(0.250562807085733,-0.250562807085729,0.935113126531029));
#10087=CARTESIAN_POINT('',(2.72,0.22,6.5));
#10088=CARTESIAN_POINT('',(2.72,0.22,6.5));
#10089=VECTOR('',#10090,1.);
#10090=DIRECTION('',(-1.,1.26161707343768E-016,0.));
#10091=CARTESIAN_POINT('',(2.82,0.320000000000001,6.12679491924311));
#10092=VECTOR('',#10093,1.);
#10093=DIRECTION('',(-0.25056280708573,-0.250562807085732,0.93511312653103));
#10094=CARTESIAN_POINT('',(2.72,-0.22,6.5));
#10095=CARTESIAN_POINT('',(2.72,-0.22,6.5));
#10096=VECTOR('',#10097,1.);
#10097=DIRECTION('',(0.,1.,0.));
#10098=CARTESIAN_POINT('',(2.82,-0.32,6.12679491924311));
#10099=VECTOR('',#10100,1.);
#10100=DIRECTION('',(-0.250562807085732,0.250562807085733,0.935113126531029));
#10101=CARTESIAN_POINT('',(2.28,-0.22,6.5));
#10102=CARTESIAN_POINT('',(2.28,-0.22,6.5));
#10103=VECTOR('',#10104,1.);
#10104=DIRECTION('',(1.,0.,0.));
#10105=CARTESIAN_POINT('',(2.18,-0.320000000000001,6.12679491924311));
#10106=VECTOR('',#10107,1.);
#10107=DIRECTION('',(0.25056280708573,0.250562807085732,0.93511312653103));
#10108=CARTESIAN_POINT('',(2.28,0.22,6.5));
#10109=VECTOR('',#10110,1.);
#10110=DIRECTION('',(0.,-1.,0.));
#10111=CARTESIAN_POINT('',(4.78,0.22,6.5));
#10112=CARTESIAN_POINT('',(4.68,0.32,6.12679491924311));
#10113=VECTOR('',#10114,1.);
#10114=DIRECTION('',(0.250562807085732,-0.250562807085733,0.935113126531029));
#10115=CARTESIAN_POINT('',(5.22,0.22,6.5));
#10116=CARTESIAN_POINT('',(5.22,0.22,6.5));
#10117=VECTOR('',#10118,1.);
#10118=DIRECTION('',(-1.,0.,0.));
#10119=CARTESIAN_POINT('',(5.32,0.320000000000001,6.12679491924311));
#10120=VECTOR('',#10121,1.);
#10121=DIRECTION('',(-0.25056280708573,-0.250562807085732,0.93511312653103));
#10122=CARTESIAN_POINT('',(5.22,-0.22,6.5));
#10123=CARTESIAN_POINT('',(5.22,-0.22,6.5));
#10124=VECTOR('',#10125,1.);
#10125=DIRECTION('',(0.,1.,0.));
#10126=CARTESIAN_POINT('',(5.32,-0.32,6.12679491924311));
#10127=VECTOR('',#10128,1.);
#10128=DIRECTION('',(-0.250562807085732,0.250562807085733,0.935113126531029));
#10129=CARTESIAN_POINT('',(4.78,-0.22,6.5));
#10130=CARTESIAN_POINT('',(4.78,-0.22,6.5));
#10131=VECTOR('',#10132,1.);
#10132=DIRECTION('',(1.,0.,0.));
#10133=CARTESIAN_POINT('',(4.68,-0.320000000000001,6.12679491924311));
#10134=VECTOR('',#10135,1.);
#10135=DIRECTION('',(0.25056280708573,0.250562807085732,0.93511312653103));
#10136=CARTESIAN_POINT('',(4.78,0.22,6.5));
#10137=VECTOR('',#10138,1.);
#10138=DIRECTION('',(0.,-1.,0.));
#10139=CARTESIAN_POINT('',(7.28,0.22,6.5));
#10140=CARTESIAN_POINT('',(7.18,0.32,6.12679491924311));
#10141=VECTOR('',#10142,1.);
#10142=DIRECTION('',(0.250562807085734,-0.250562807085733,0.935113126531029));
#10143=CARTESIAN_POINT('',(7.72,0.22,6.5));
#10144=CARTESIAN_POINT('',(7.72,0.22,6.5));
#10145=VECTOR('',#10146,1.);
#10146=DIRECTION('',(-1.,0.,0.));
#10147=CARTESIAN_POINT('',(7.82,0.320000000000001,6.12679491924311));
#10148=VECTOR('',#10149,1.);
#10149=DIRECTION('',(-0.25056280708573,-0.250562807085732,0.93511312653103));
#10150=CARTESIAN_POINT('',(7.72,-0.22,6.5));
#10151=CARTESIAN_POINT('',(7.72,-0.22,6.5));
#10152=VECTOR('',#10153,1.);
#10153=DIRECTION('',(0.,1.,0.));
#10154=CARTESIAN_POINT('',(7.82,-0.32,6.12679491924311));
#10155=VECTOR('',#10156,1.);
#10156=DIRECTION('',(-0.250562807085732,0.250562807085733,0.935113126531029));
#10157=CARTESIAN_POINT('',(7.28,-0.22,6.5));
#10158=CARTESIAN_POINT('',(7.28,-0.22,6.5));
#10159=VECTOR('',#10160,1.);
#10160=DIRECTION('',(1.,0.,0.));
#10161=CARTESIAN_POINT('',(7.18,-0.320000000000001,6.12679491924311));
#10162=VECTOR('',#10163,1.);
#10163=DIRECTION('',(0.25056280708573,0.250562807085732,0.93511312653103));
#10164=CARTESIAN_POINT('',(7.28,0.22,6.5));
#10165=VECTOR('',#10166,1.);
#10166=DIRECTION('',(0.,-1.,0.));
#10167=CARTESIAN_POINT('',(9.78,0.22,6.5));
#10168=CARTESIAN_POINT('',(9.68,0.32,6.12679491924311));
#10169=VECTOR('',#10170,1.);
#10170=DIRECTION('',(0.250562807085731,-0.250562807085731,0.93511312653103));
#10171=CARTESIAN_POINT('',(10.22,0.22,6.5));
#10172=CARTESIAN_POINT('',(10.22,0.22,6.5));
#10173=VECTOR('',#10174,1.);
#10174=DIRECTION('',(-1.,0.,0.));
#10175=CARTESIAN_POINT('',(10.32,0.320000000000001,6.12679491924311));
#10176=VECTOR('',#10177,1.);
#10177=DIRECTION('',(-0.25056280708573,-0.250562807085732,0.93511312653103));
#10178=CARTESIAN_POINT('',(10.22,-0.22,6.5));
#10179=CARTESIAN_POINT('',(10.22,-0.22,6.5));
#10180=VECTOR('',#10181,1.);
#10181=DIRECTION('',(0.,1.,0.));
#10182=CARTESIAN_POINT('',(10.32,-0.32,6.12679491924311));
#10183=VECTOR('',#10184,1.);
#10184=DIRECTION('',(-0.250562807085731,0.250562807085731,0.93511312653103));
#10185=CARTESIAN_POINT('',(9.78,-0.22,6.5));
#10186=CARTESIAN_POINT('',(9.78,-0.22,6.5));
#10187=VECTOR('',#10188,1.);
#10188=DIRECTION('',(1.,-1.26161707343767E-016,0.));
#10189=CARTESIAN_POINT('',(9.68,-0.320000000000001,6.12679491924311));
#10190=VECTOR('',#10191,1.);
#10191=DIRECTION('',(0.25056280708573,0.250562807085731,0.93511312653103));
#10192=CARTESIAN_POINT('',(9.78,0.22,6.5));
#10193=VECTOR('',#10194,1.);
#10194=DIRECTION('',(0.,-1.,0.));
#10195=CARTESIAN_POINT('',(12.28,0.22,6.5));
#10196=CARTESIAN_POINT('',(12.18,0.32,6.12679491924311));
#10197=VECTOR('',#10198,1.);
#10198=DIRECTION('',(0.250562807085731,-0.250562807085731,0.93511312653103));
#10199=CARTESIAN_POINT('',(12.72,0.22,6.5));
#10200=CARTESIAN_POINT('',(12.72,0.22,6.5));
#10201=VECTOR('',#10202,1.);
#10202=DIRECTION('',(-1.,0.,0.));
#10203=CARTESIAN_POINT('',(12.82,0.320000000000001,6.12679491924311));
#10204=VECTOR('',#10205,1.);
#10205=DIRECTION('',(-0.25056280708573,-0.250562807085732,0.93511312653103));
#10206=CARTESIAN_POINT('',(12.72,-0.22,6.5));
#10207=CARTESIAN_POINT('',(12.72,-0.22,6.5));
#10208=VECTOR('',#10209,1.);
#10209=DIRECTION('',(0.,1.,0.));
#10210=CARTESIAN_POINT('',(12.82,-0.32,6.12679491924311));
#10211=VECTOR('',#10212,1.);
#10212=DIRECTION('',(-0.250562807085731,0.250562807085731,0.93511312653103));
#10213=CARTESIAN_POINT('',(12.28,-0.22,6.5));
#10214=CARTESIAN_POINT('',(12.28,-0.22,6.5));
#10215=VECTOR('',#10216,1.);
#10216=DIRECTION('',(1.,-1.26161707343767E-016,0.));
#10217=CARTESIAN_POINT('',(12.18,-0.320000000000001,6.12679491924311));
#10218=VECTOR('',#10219,1.);
#10219=DIRECTION('',(0.25056280708573,0.250562807085731,0.93511312653103));
#10220=CARTESIAN_POINT('',(12.28,0.22,6.5));
#10221=VECTOR('',#10222,1.);
#10222=DIRECTION('',(0.,-1.,0.));
#10223=CARTESIAN_POINT('',(14.78,0.22,6.5));
#10224=CARTESIAN_POINT('',(14.68,0.32,6.12679491924311));
#10225=VECTOR('',#10226,1.);
#10226=DIRECTION('',(0.250562807085731,-0.250562807085731,0.93511312653103));
#10227=CARTESIAN_POINT('',(15.22,0.22,6.5));
#10228=CARTESIAN_POINT('',(15.22,0.22,6.5));
#10229=VECTOR('',#10230,1.);
#10230=DIRECTION('',(-1.,0.,0.));
#10231=CARTESIAN_POINT('',(15.32,0.320000000000001,6.12679491924311));
#10232=VECTOR('',#10233,1.);
#10233=DIRECTION('',(-0.25056280708573,-0.250562807085732,0.93511312653103));
#10234=CARTESIAN_POINT('',(15.22,-0.22,6.5));
#10235=CARTESIAN_POINT('',(15.22,-0.22,6.5));
#10236=VECTOR('',#10237,1.);
#10237=DIRECTION('',(0.,1.,0.));
#10238=CARTESIAN_POINT('',(15.32,-0.32,6.12679491924311));
#10239=VECTOR('',#10240,1.);
#10240=DIRECTION('',(-0.250562807085731,0.250562807085731,0.93511312653103));
#10241=CARTESIAN_POINT('',(14.78,-0.22,6.5));
#10242=CARTESIAN_POINT('',(14.78,-0.22,6.5));
#10243=VECTOR('',#10244,1.);
#10244=DIRECTION('',(1.,-1.26161707343767E-016,0.));
#10245=CARTESIAN_POINT('',(14.68,-0.320000000000001,6.12679491924311));
#10246=VECTOR('',#10247,1.);
#10247=DIRECTION('',(0.25056280708573,0.250562807085731,0.93511312653103));
#10248=CARTESIAN_POINT('',(14.78,0.22,6.5));
#10249=VECTOR('',#10250,1.);
#10250=DIRECTION('',(0.,-1.,0.));
#10251=CARTESIAN_POINT('',(17.28,0.22,6.5));
#10252=CARTESIAN_POINT('',(17.18,0.32,6.12679491924311));
#10253=VECTOR('',#10254,1.);
#10254=DIRECTION('',(0.250562807085735,-0.25056280708573,0.935113126531029));
#10255=CARTESIAN_POINT('',(17.72,0.22,6.5));
#10256=CARTESIAN_POINT('',(17.72,0.22,6.5));
#10257=VECTOR('',#10258,1.);
#10258=DIRECTION('',(-1.,6.30808536718842E-017,0.));
#10259=CARTESIAN_POINT('',(17.82,0.320000000000001,6.12679491924311));
#10260=VECTOR('',#10261,1.);
#10261=DIRECTION('',(-0.250562807085734,-0.250562807085732,0.935113126531029));
#10262=CARTESIAN_POINT('',(17.72,-0.22,6.5));
#10263=CARTESIAN_POINT('',(17.72,-0.22,6.5));
#10264=VECTOR('',#10265,1.);
#10265=DIRECTION('',(0.,1.,0.));
#10266=CARTESIAN_POINT('',(17.82,-0.32,6.12679491924311));
#10267=VECTOR('',#10268,1.);
#10268=DIRECTION('',(-0.250562807085735,0.25056280708573,0.935113126531029));
#10269=CARTESIAN_POINT('',(17.28,-0.22,6.5));
#10270=CARTESIAN_POINT('',(17.28,-0.22,6.5));
#10271=VECTOR('',#10272,1.);
#10272=DIRECTION('',(1.,-6.30808536718842E-017,0.));
#10273=CARTESIAN_POINT('',(17.18,-0.320000000000001,6.12679491924311));
#10274=VECTOR('',#10275,1.);
#10275=DIRECTION('',(0.250562807085734,0.250562807085731,0.935113126531029));
#10276=CARTESIAN_POINT('',(17.28,0.22,6.5));
#10277=VECTOR('',#10278,1.);
#10278=DIRECTION('',(0.,-1.,0.));
#10279=CARTESIAN_POINT('',(19.78,0.22,6.5));
#10280=CARTESIAN_POINT('',(19.68,0.32,6.12679491924311));
#10281=VECTOR('',#10282,1.);
#10282=DIRECTION('',(0.250562807085735,-0.25056280708573,0.935113126531029));
#10283=CARTESIAN_POINT('',(20.22,0.22,6.5));
#10284=CARTESIAN_POINT('',(20.22,0.22,6.5));
#10285=VECTOR('',#10286,1.);
#10286=DIRECTION('',(-1.,6.30808536718842E-017,0.));
#10287=CARTESIAN_POINT('',(20.32,0.320000000000001,6.12679491924311));
#10288=VECTOR('',#10289,1.);
#10289=DIRECTION('',(-0.250562807085734,-0.250562807085732,0.935113126531029));
#10290=CARTESIAN_POINT('',(20.22,-0.22,6.5));
#10291=CARTESIAN_POINT('',(20.22,-0.22,6.5));
#10292=VECTOR('',#10293,1.);
#10293=DIRECTION('',(0.,1.,0.));
#10294=CARTESIAN_POINT('',(20.32,-0.32,6.12679491924311));
#10295=VECTOR('',#10296,1.);
#10296=DIRECTION('',(-0.250562807085735,0.25056280708573,0.935113126531029));
#10297=CARTESIAN_POINT('',(19.78,-0.22,6.5));
#10298=CARTESIAN_POINT('',(19.78,-0.22,6.5));
#10299=VECTOR('',#10300,1.);
#10300=DIRECTION('',(1.,-6.30808536718842E-017,0.));
#10301=CARTESIAN_POINT('',(19.68,-0.320000000000001,6.12679491924311));
#10302=VECTOR('',#10303,1.);
#10303=DIRECTION('',(0.250562807085734,0.250562807085731,0.935113126531029));
#10304=CARTESIAN_POINT('',(19.78,0.22,6.5));
#10305=VECTOR('',#10306,1.);
#10306=DIRECTION('',(0.,-1.,0.));
#10307=CARTESIAN_POINT('',(22.28,0.22,6.5));
#10308=CARTESIAN_POINT('',(22.18,0.32,6.12679491924311));
#10309=VECTOR('',#10310,1.);
#10310=DIRECTION('',(0.250562807085735,-0.25056280708573,0.935113126531029));
#10311=CARTESIAN_POINT('',(22.72,0.22,6.5));
#10312=CARTESIAN_POINT('',(22.72,0.22,6.5));
#10313=VECTOR('',#10314,1.);
#10314=DIRECTION('',(-1.,6.30808536718842E-017,0.));
#10315=CARTESIAN_POINT('',(22.82,0.320000000000001,6.12679491924311));
#10316=VECTOR('',#10317,1.);
#10317=DIRECTION('',(-0.250562807085734,-0.250562807085732,0.935113126531029));
#10318=CARTESIAN_POINT('',(22.72,-0.22,6.5));
#10319=CARTESIAN_POINT('',(22.72,-0.22,6.5));
#10320=VECTOR('',#10321,1.);
#10321=DIRECTION('',(0.,1.,0.));
#10322=CARTESIAN_POINT('',(22.82,-0.32,6.12679491924311));
#10323=VECTOR('',#10324,1.);
#10324=DIRECTION('',(-0.250562807085735,0.25056280708573,0.935113126531029));
#10325=CARTESIAN_POINT('',(22.28,-0.22,6.5));
#10326=CARTESIAN_POINT('',(22.28,-0.22,6.5));
#10327=VECTOR('',#10328,1.);
#10328=DIRECTION('',(1.,-6.30808536718842E-017,0.));
#10329=CARTESIAN_POINT('',(22.18,-0.320000000000001,6.12679491924311));
#10330=VECTOR('',#10331,1.);
#10331=DIRECTION('',(0.250562807085734,0.250562807085731,0.935113126531029));
#10332=CARTESIAN_POINT('',(22.28,0.22,6.5));
#10333=VECTOR('',#10334,1.);
#10334=DIRECTION('',(0.,-1.,0.));
#10335=CARTESIAN_POINT('',(24.78,0.22,6.5));
#10336=CARTESIAN_POINT('',(24.68,0.32,6.12679491924311));
#10337=VECTOR('',#10338,1.);
#10338=DIRECTION('',(0.250562807085735,-0.25056280708573,0.935113126531029));
#10339=CARTESIAN_POINT('',(25.22,0.22,6.5));
#10340=CARTESIAN_POINT('',(25.22,0.22,6.5));
#10341=VECTOR('',#10342,1.);
#10342=DIRECTION('',(-1.,6.30808536718842E-017,0.));
#10343=CARTESIAN_POINT('',(25.32,0.320000000000001,6.12679491924311));
#10344=VECTOR('',#10345,1.);
#10345=DIRECTION('',(-0.250562807085734,-0.250562807085732,0.935113126531029));
#10346=CARTESIAN_POINT('',(25.22,-0.22,6.5));
#10347=CARTESIAN_POINT('',(25.22,-0.22,6.5));
#10348=VECTOR('',#10349,1.);
#10349=DIRECTION('',(0.,1.,0.));
#10350=CARTESIAN_POINT('',(25.32,-0.32,6.12679491924311));
#10351=VECTOR('',#10352,1.);
#10352=DIRECTION('',(-0.250562807085735,0.25056280708573,0.935113126531029));
#10353=CARTESIAN_POINT('',(24.78,-0.22,6.5));
#10354=CARTESIAN_POINT('',(24.78,-0.22,6.5));
#10355=VECTOR('',#10356,1.);
#10356=DIRECTION('',(1.,-6.30808536718842E-017,0.));
#10357=CARTESIAN_POINT('',(24.68,-0.320000000000001,6.12679491924311));
#10358=VECTOR('',#10359,1.);
#10359=DIRECTION('',(0.250562807085734,0.250562807085731,0.935113126531029));
#10360=CARTESIAN_POINT('',(24.78,0.22,6.5));
#10361=VECTOR('',#10362,1.);
#10362=DIRECTION('',(0.,-1.,0.));
#10363=CARTESIAN_POINT('',(27.28,0.22,6.5));
#10364=CARTESIAN_POINT('',(27.18,0.32,6.12679491924311));
#10365=VECTOR('',#10366,1.);
#10366=DIRECTION('',(0.250562807085735,-0.25056280708573,0.935113126531029));
#10367=CARTESIAN_POINT('',(27.72,0.22,6.5));
#10368=CARTESIAN_POINT('',(27.72,0.22,6.5));
#10369=VECTOR('',#10370,1.);
#10370=DIRECTION('',(-1.,6.30808536718842E-017,0.));
#10371=CARTESIAN_POINT('',(27.82,0.320000000000001,6.12679491924311));
#10372=VECTOR('',#10373,1.);
#10373=DIRECTION('',(-0.250562807085734,-0.250562807085732,0.935113126531029));
#10374=CARTESIAN_POINT('',(27.72,-0.22,6.5));
#10375=CARTESIAN_POINT('',(27.72,-0.22,6.5));
#10376=VECTOR('',#10377,1.);
#10377=DIRECTION('',(0.,1.,0.));
#10378=CARTESIAN_POINT('',(27.82,-0.32,6.12679491924311));
#10379=VECTOR('',#10380,1.);
#10380=DIRECTION('',(-0.250562807085735,0.25056280708573,0.935113126531029));
#10381=CARTESIAN_POINT('',(27.28,-0.22,6.5));
#10382=CARTESIAN_POINT('',(27.28,-0.22,6.5));
#10383=VECTOR('',#10384,1.);
#10384=DIRECTION('',(1.,-6.30808536718842E-017,0.));
#10385=CARTESIAN_POINT('',(27.18,-0.320000000000001,6.12679491924311));
#10386=VECTOR('',#10387,1.);
#10387=DIRECTION('',(0.250562807085734,0.250562807085731,0.935113126531029));
#10388=CARTESIAN_POINT('',(27.28,0.22,6.5));
#10389=VECTOR('',#10390,1.);
#10390=DIRECTION('',(0.,-1.,0.));
#10391=CARTESIAN_POINT('',(-0.22,0.22,6.5));
#10392=CARTESIAN_POINT('',(-0.32,0.32,6.12679491924311));
#10393=VECTOR('',#10394,1.);
#10394=DIRECTION('',(0.250562807085732,-0.250562807085733,0.935113126531029));
#10395=CARTESIAN_POINT('',(0.22,0.22,6.5));
#10396=CARTESIAN_POINT('',(0.22,0.22,6.5));
#10397=VECTOR('',#10398,1.);
#10398=DIRECTION('',(-1.,0.,0.));
#10399=CARTESIAN_POINT('',(0.32,0.320000000000001,6.12679491924311));
#10400=VECTOR('',#10401,1.);
#10401=DIRECTION('',(-0.25056280708573,-0.250562807085732,0.93511312653103));
#10402=CARTESIAN_POINT('',(0.22,-0.22,6.5));
#10403=CARTESIAN_POINT('',(0.22,-0.22,6.5));
#10404=VECTOR('',#10405,1.);
#10405=DIRECTION('',(0.,1.,0.));
#10406=CARTESIAN_POINT('',(0.32,-0.32,6.12679491924311));
#10407=VECTOR('',#10408,1.);
#10408=DIRECTION('',(-0.250562807085732,0.250562807085733,0.935113126531029));
#10409=CARTESIAN_POINT('',(-0.22,-0.22,6.5));
#10410=CARTESIAN_POINT('',(-0.22,-0.22,6.5));
#10411=VECTOR('',#10412,1.);
#10412=DIRECTION('',(1.,0.,0.));
#10413=CARTESIAN_POINT('',(-0.32,-0.320000000000001,6.12679491924311));
#10414=VECTOR('',#10415,1.);
#10415=DIRECTION('',(0.25056280708573,0.250562807085732,0.93511312653103));
#10416=CARTESIAN_POINT('',(-0.22,0.22,6.5));
#10417=VECTOR('',#10418,1.);
#10418=DIRECTION('',(-1.26161707343768E-016,-1.,0.));
#10419=CARTESIAN_POINT('',(0.22,0.22,-3.5));
#10420=CARTESIAN_POINT('',(0.32,0.32,-3.12679491924311));
#10421=VECTOR('',#10422,1.);
#10422=DIRECTION('',(-0.250562807085732,-0.250562807085732,-0.935113126531029));
#10423=CARTESIAN_POINT('',(-0.22,0.22,-3.5));
#10424=CARTESIAN_POINT('',(0.22,0.22,-3.5));
#10425=VECTOR('',#10426,1.);
#10426=DIRECTION('',(-1.,0.,0.));
#10427=CARTESIAN_POINT('',(-0.32,0.32,-3.12679491924311));
#10428=VECTOR('',#10429,1.);
#10429=DIRECTION('',(0.250562807085731,-0.250562807085732,-0.935113126531029));
#10430=CARTESIAN_POINT('',(-0.22,-0.22,-3.5));
#10431=CARTESIAN_POINT('',(-0.22,0.22,-3.5));
#10432=VECTOR('',#10433,1.);
#10433=DIRECTION('',(-1.26161707343768E-016,-1.,0.));
#10434=CARTESIAN_POINT('',(-0.32,-0.32,-3.12679491924311));
#10435=VECTOR('',#10436,1.);
#10436=DIRECTION('',(0.250562807085732,0.250562807085732,-0.935113126531029));
#10437=CARTESIAN_POINT('',(0.22,-0.22,-3.5));
#10438=CARTESIAN_POINT('',(-0.22,-0.22,-3.5));
#10439=VECTOR('',#10440,1.);
#10440=DIRECTION('',(1.,0.,0.));
#10441=CARTESIAN_POINT('',(0.32,-0.32,-3.12679491924311));
#10442=VECTOR('',#10443,1.);
#10443=DIRECTION('',(-0.250562807085731,0.250562807085732,-0.935113126531029));
#10444=CARTESIAN_POINT('',(0.22,-0.22,-3.5));
#10445=VECTOR('',#10446,1.);
#10446=DIRECTION('',(0.,1.,0.));
#10447=CARTESIAN_POINT('',(2.72,0.22,-3.5));
#10448=CARTESIAN_POINT('',(2.82,0.32,-3.12679491924311));
#10449=VECTOR('',#10450,1.);
#10450=DIRECTION('',(-0.250562807085732,-0.250562807085732,-0.935113126531029));
#10451=CARTESIAN_POINT('',(2.28,0.22,-3.5));
#10452=CARTESIAN_POINT('',(2.72,0.22,-3.5));
#10453=VECTOR('',#10454,1.);
#10454=DIRECTION('',(-1.,1.26161707343768E-016,0.));
#10455=CARTESIAN_POINT('',(2.18,0.32,-3.12679491924311));
#10456=VECTOR('',#10457,1.);
#10457=DIRECTION('',(0.250562807085733,-0.250562807085732,-0.935113126531029));
#10458=CARTESIAN_POINT('',(2.28,-0.22,-3.5));
#10459=CARTESIAN_POINT('',(2.28,0.22,-3.5));
#10460=VECTOR('',#10461,1.);
#10461=DIRECTION('',(0.,-1.,0.));
#10462=CARTESIAN_POINT('',(2.18,-0.32,-3.12679491924311));
#10463=VECTOR('',#10464,1.);
#10464=DIRECTION('',(0.250562807085732,0.250562807085732,-0.935113126531029));
#10465=CARTESIAN_POINT('',(2.72,-0.22,-3.5));
#10466=CARTESIAN_POINT('',(2.28,-0.22,-3.5));
#10467=VECTOR('',#10468,1.);
#10468=DIRECTION('',(1.,0.,0.));
#10469=CARTESIAN_POINT('',(2.82,-0.32,-3.12679491924311));
#10470=VECTOR('',#10471,1.);
#10471=DIRECTION('',(-0.250562807085731,0.250562807085732,-0.93511312653103));
#10472=CARTESIAN_POINT('',(2.72,-0.22,-3.5));
#10473=VECTOR('',#10474,1.);
#10474=DIRECTION('',(0.,1.,0.));
#10475=CARTESIAN_POINT('',(5.22,0.22,-3.5));
#10476=CARTESIAN_POINT('',(5.32,0.32,-3.12679491924311));
#10477=VECTOR('',#10478,1.);
#10478=DIRECTION('',(-0.250562807085731,-0.250562807085732,-0.93511312653103));
#10479=CARTESIAN_POINT('',(4.78,0.22,-3.5));
#10480=CARTESIAN_POINT('',(5.22,0.22,-3.5));
#10481=VECTOR('',#10482,1.);
#10482=DIRECTION('',(-1.,0.,0.));
#10483=CARTESIAN_POINT('',(4.68,0.32,-3.12679491924311));
#10484=VECTOR('',#10485,1.);
#10485=DIRECTION('',(0.250562807085731,-0.250562807085732,-0.93511312653103));
#10486=CARTESIAN_POINT('',(4.78,-0.22,-3.5));
#10487=CARTESIAN_POINT('',(4.78,0.22,-3.5));
#10488=VECTOR('',#10489,1.);
#10489=DIRECTION('',(0.,-1.,0.));
#10490=CARTESIAN_POINT('',(4.68,-0.32,-3.12679491924311));
#10491=VECTOR('',#10492,1.);
#10492=DIRECTION('',(0.250562807085731,0.250562807085732,-0.93511312653103));
#10493=CARTESIAN_POINT('',(5.22,-0.22,-3.5));
#10494=CARTESIAN_POINT('',(4.78,-0.22,-3.5));
#10495=VECTOR('',#10496,1.);
#10496=DIRECTION('',(1.,0.,0.));
#10497=CARTESIAN_POINT('',(5.32,-0.32,-3.12679491924311));
#10498=VECTOR('',#10499,1.);
#10499=DIRECTION('',(-0.250562807085731,0.250562807085732,-0.93511312653103));
#10500=CARTESIAN_POINT('',(5.22,-0.22,-3.5));
#10501=VECTOR('',#10502,1.);
#10502=DIRECTION('',(0.,1.,0.));
#10503=CARTESIAN_POINT('',(7.72,0.22,-3.5));
#10504=CARTESIAN_POINT('',(7.82,0.32,-3.12679491924311));
#10505=VECTOR('',#10506,1.);
#10506=DIRECTION('',(-0.250562807085731,-0.250562807085732,-0.93511312653103));
#10507=CARTESIAN_POINT('',(7.28,0.22,-3.5));
#10508=CARTESIAN_POINT('',(7.72,0.22,-3.5));
#10509=VECTOR('',#10510,1.);
#10510=DIRECTION('',(-1.,0.,0.));
#10511=CARTESIAN_POINT('',(7.18,0.32,-3.12679491924311));
#10512=VECTOR('',#10513,1.);
#10513=DIRECTION('',(0.250562807085733,-0.250562807085732,-0.935113126531029));
#10514=CARTESIAN_POINT('',(7.28,-0.22,-3.5));
#10515=CARTESIAN_POINT('',(7.28,0.22,-3.5));
#10516=VECTOR('',#10517,1.);
#10517=DIRECTION('',(0.,-1.,0.));
#10518=CARTESIAN_POINT('',(7.18,-0.32,-3.12679491924311));
#10519=VECTOR('',#10520,1.);
#10520=DIRECTION('',(0.250562807085731,0.250562807085732,-0.93511312653103));
#10521=CARTESIAN_POINT('',(7.72,-0.22,-3.5));
#10522=CARTESIAN_POINT('',(7.28,-0.22,-3.5));
#10523=VECTOR('',#10524,1.);
#10524=DIRECTION('',(1.,0.,0.));
#10525=CARTESIAN_POINT('',(7.82,-0.32,-3.12679491924311));
#10526=VECTOR('',#10527,1.);
#10527=DIRECTION('',(-0.250562807085731,0.250562807085732,-0.93511312653103));
#10528=CARTESIAN_POINT('',(7.72,-0.22,-3.5));
#10529=VECTOR('',#10530,1.);
#10530=DIRECTION('',(0.,1.,0.));
#10531=CARTESIAN_POINT('',(10.22,0.22,-3.5));
#10532=CARTESIAN_POINT('',(10.32,0.32,-3.12679491924311));
#10533=VECTOR('',#10534,1.);
#10534=DIRECTION('',(-0.250562807085731,-0.250562807085732,-0.93511312653103));
#10535=CARTESIAN_POINT('',(9.78,0.22,-3.5));
#10536=CARTESIAN_POINT('',(10.22,0.22,-3.5));
#10537=VECTOR('',#10538,1.);
#10538=DIRECTION('',(-1.,0.,0.));
#10539=CARTESIAN_POINT('',(9.68,0.32,-3.12679491924311));
#10540=VECTOR('',#10541,1.);
#10541=DIRECTION('',(0.250562807085731,-0.250562807085732,-0.93511312653103));
#10542=CARTESIAN_POINT('',(9.78,-0.22,-3.5));
#10543=CARTESIAN_POINT('',(9.78,0.22,-3.5));
#10544=VECTOR('',#10545,1.);
#10545=DIRECTION('',(0.,-1.,0.));
#10546=CARTESIAN_POINT('',(9.68,-0.32,-3.12679491924311));
#10547=VECTOR('',#10548,1.);
#10548=DIRECTION('',(0.250562807085731,0.250562807085731,-0.93511312653103));
#10549=CARTESIAN_POINT('',(10.22,-0.22,-3.5));
#10550=CARTESIAN_POINT('',(9.78,-0.22,-3.5));
#10551=VECTOR('',#10552,1.);
#10552=DIRECTION('',(1.,-1.26161707343767E-016,0.));
#10553=CARTESIAN_POINT('',(10.32,-0.32,-3.12679491924311));
#10554=VECTOR('',#10555,1.);
#10555=DIRECTION('',(-0.250562807085731,0.250562807085732,-0.93511312653103));
#10556=CARTESIAN_POINT('',(10.22,-0.22,-3.5));
#10557=VECTOR('',#10558,1.);
#10558=DIRECTION('',(0.,1.,0.));
#10559=CARTESIAN_POINT('',(12.72,0.22,-3.5));
#10560=CARTESIAN_POINT('',(12.82,0.32,-3.12679491924311));
#10561=VECTOR('',#10562,1.);
#10562=DIRECTION('',(-0.250562807085731,-0.250562807085732,-0.93511312653103));
#10563=CARTESIAN_POINT('',(12.28,0.22,-3.5));
#10564=CARTESIAN_POINT('',(12.72,0.22,-3.5));
#10565=VECTOR('',#10566,1.);
#10566=DIRECTION('',(-1.,0.,0.));
#10567=CARTESIAN_POINT('',(12.18,0.32,-3.12679491924311));
#10568=VECTOR('',#10569,1.);
#10569=DIRECTION('',(0.250562807085731,-0.250562807085732,-0.93511312653103));
#10570=CARTESIAN_POINT('',(12.28,-0.22,-3.5));
#10571=CARTESIAN_POINT('',(12.28,0.22,-3.5));
#10572=VECTOR('',#10573,1.);
#10573=DIRECTION('',(0.,-1.,0.));
#10574=CARTESIAN_POINT('',(12.18,-0.32,-3.12679491924311));
#10575=VECTOR('',#10576,1.);
#10576=DIRECTION('',(0.250562807085731,0.250562807085731,-0.93511312653103));
#10577=CARTESIAN_POINT('',(12.72,-0.22,-3.5));
#10578=CARTESIAN_POINT('',(12.28,-0.22,-3.5));
#10579=VECTOR('',#10580,1.);
#10580=DIRECTION('',(1.,-1.26161707343767E-016,0.));
#10581=CARTESIAN_POINT('',(12.82,-0.32,-3.12679491924311));
#10582=VECTOR('',#10583,1.);
#10583=DIRECTION('',(-0.250562807085731,0.250562807085732,-0.93511312653103));
#10584=CARTESIAN_POINT('',(12.72,-0.22,-3.5));
#10585=VECTOR('',#10586,1.);
#10586=DIRECTION('',(0.,1.,0.));
#10587=CARTESIAN_POINT('',(15.22,0.22,-3.5));
#10588=CARTESIAN_POINT('',(15.32,0.32,-3.12679491924311));
#10589=VECTOR('',#10590,1.);
#10590=DIRECTION('',(-0.250562807085731,-0.250562807085732,-0.93511312653103));
#10591=CARTESIAN_POINT('',(14.78,0.22,-3.5));
#10592=CARTESIAN_POINT('',(15.22,0.22,-3.5));
#10593=VECTOR('',#10594,1.);
#10594=DIRECTION('',(-1.,0.,0.));
#10595=CARTESIAN_POINT('',(14.68,0.32,-3.12679491924311));
#10596=VECTOR('',#10597,1.);
#10597=DIRECTION('',(0.250562807085731,-0.250562807085732,-0.93511312653103));
#10598=CARTESIAN_POINT('',(14.78,-0.22,-3.5));
#10599=CARTESIAN_POINT('',(14.78,0.22,-3.5));
#10600=VECTOR('',#10601,1.);
#10601=DIRECTION('',(0.,-1.,0.));
#10602=CARTESIAN_POINT('',(14.68,-0.32,-3.12679491924311));
#10603=VECTOR('',#10604,1.);
#10604=DIRECTION('',(0.250562807085731,0.250562807085731,-0.93511312653103));
#10605=CARTESIAN_POINT('',(15.22,-0.22,-3.5));
#10606=CARTESIAN_POINT('',(14.78,-0.22,-3.5));
#10607=VECTOR('',#10608,1.);
#10608=DIRECTION('',(1.,-1.26161707343767E-016,0.));
#10609=CARTESIAN_POINT('',(15.32,-0.32,-3.12679491924311));
#10610=VECTOR('',#10611,1.);
#10611=DIRECTION('',(-0.250562807085731,0.250562807085732,-0.93511312653103));
#10612=CARTESIAN_POINT('',(15.22,-0.22,-3.5));
#10613=VECTOR('',#10614,1.);
#10614=DIRECTION('',(0.,1.,0.));
#10615=CARTESIAN_POINT('',(17.72,0.22,-3.5));
#10616=CARTESIAN_POINT('',(17.82,0.32,-3.12679491924311));
#10617=VECTOR('',#10618,1.);
#10618=DIRECTION('',(-0.250562807085735,-0.250562807085732,-0.935113126531029));
#10619=CARTESIAN_POINT('',(17.28,0.22,-3.5));
#10620=CARTESIAN_POINT('',(17.72,0.22,-3.5));
#10621=VECTOR('',#10622,1.);
#10622=DIRECTION('',(-1.,6.30808536718842E-017,0.));
#10623=CARTESIAN_POINT('',(17.18,0.32,-3.12679491924311));
#10624=VECTOR('',#10625,1.);
#10625=DIRECTION('',(0.250562807085735,-0.250562807085731,-0.935113126531029));
#10626=CARTESIAN_POINT('',(17.28,-0.22,-3.5));
#10627=CARTESIAN_POINT('',(17.28,0.22,-3.5));
#10628=VECTOR('',#10629,1.);
#10629=DIRECTION('',(0.,-1.,0.));
#10630=CARTESIAN_POINT('',(17.18,-0.32,-3.12679491924311));
#10631=VECTOR('',#10632,1.);
#10632=DIRECTION('',(0.250562807085735,0.250562807085731,-0.935113126531029));
#10633=CARTESIAN_POINT('',(17.72,-0.22,-3.5));
#10634=CARTESIAN_POINT('',(17.28,-0.22,-3.5));
#10635=VECTOR('',#10636,1.);
#10636=DIRECTION('',(1.,-6.30808536718842E-017,0.));
#10637=CARTESIAN_POINT('',(17.82,-0.32,-3.12679491924311));
#10638=VECTOR('',#10639,1.);
#10639=DIRECTION('',(-0.250562807085735,0.250562807085731,-0.935113126531029));
#10640=CARTESIAN_POINT('',(17.72,-0.22,-3.5));
#10641=VECTOR('',#10642,1.);
#10642=DIRECTION('',(0.,1.,0.));
#10643=CARTESIAN_POINT('',(20.22,0.22,-3.5));
#10644=CARTESIAN_POINT('',(20.32,0.32,-3.12679491924311));
#10645=VECTOR('',#10646,1.);
#10646=DIRECTION('',(-0.250562807085735,-0.250562807085732,-0.935113126531029));
#10647=CARTESIAN_POINT('',(19.78,0.22,-3.5));
#10648=CARTESIAN_POINT('',(20.22,0.22,-3.5));
#10649=VECTOR('',#10650,1.);
#10650=DIRECTION('',(-1.,6.30808536718842E-017,0.));
#10651=CARTESIAN_POINT('',(19.68,0.32,-3.12679491924311));
#10652=VECTOR('',#10653,1.);
#10653=DIRECTION('',(0.250562807085735,-0.250562807085731,-0.935113126531029));
#10654=CARTESIAN_POINT('',(19.78,-0.22,-3.5));
#10655=CARTESIAN_POINT('',(19.78,0.22,-3.5));
#10656=VECTOR('',#10657,1.);
#10657=DIRECTION('',(0.,-1.,0.));
#10658=CARTESIAN_POINT('',(19.68,-0.32,-3.12679491924311));
#10659=VECTOR('',#10660,1.);
#10660=DIRECTION('',(0.250562807085735,0.250562807085731,-0.935113126531029));
#10661=CARTESIAN_POINT('',(20.22,-0.22,-3.5));
#10662=CARTESIAN_POINT('',(19.78,-0.22,-3.5));
#10663=VECTOR('',#10664,1.);
#10664=DIRECTION('',(1.,-6.30808536718842E-017,0.));
#10665=CARTESIAN_POINT('',(20.32,-0.32,-3.12679491924311));
#10666=VECTOR('',#10667,1.);
#10667=DIRECTION('',(-0.250562807085735,0.250562807085731,-0.935113126531029));
#10668=CARTESIAN_POINT('',(20.22,-0.22,-3.5));
#10669=VECTOR('',#10670,1.);
#10670=DIRECTION('',(0.,1.,0.));
#10671=CARTESIAN_POINT('',(22.72,0.22,-3.5));
#10672=CARTESIAN_POINT('',(22.82,0.32,-3.12679491924311));
#10673=VECTOR('',#10674,1.);
#10674=DIRECTION('',(-0.250562807085735,-0.250562807085732,-0.935113126531029));
#10675=CARTESIAN_POINT('',(22.28,0.22,-3.5));
#10676=CARTESIAN_POINT('',(22.72,0.22,-3.5));
#10677=VECTOR('',#10678,1.);
#10678=DIRECTION('',(-1.,6.30808536718842E-017,0.));
#10679=CARTESIAN_POINT('',(22.18,0.32,-3.12679491924311));
#10680=VECTOR('',#10681,1.);
#10681=DIRECTION('',(0.250562807085735,-0.250562807085731,-0.935113126531029));
#10682=CARTESIAN_POINT('',(22.28,-0.22,-3.5));
#10683=CARTESIAN_POINT('',(22.28,0.22,-3.5));
#10684=VECTOR('',#10685,1.);
#10685=DIRECTION('',(0.,-1.,0.));
#10686=CARTESIAN_POINT('',(22.18,-0.32,-3.12679491924311));
#10687=VECTOR('',#10688,1.);
#10688=DIRECTION('',(0.250562807085735,0.250562807085731,-0.935113126531029));
#10689=CARTESIAN_POINT('',(22.72,-0.22,-3.5));
#10690=CARTESIAN_POINT('',(22.28,-0.22,-3.5));
#10691=VECTOR('',#10692,1.);
#10692=DIRECTION('',(1.,-6.30808536718842E-017,0.));
#10693=CARTESIAN_POINT('',(22.82,-0.32,-3.12679491924311));
#10694=VECTOR('',#10695,1.);
#10695=DIRECTION('',(-0.250562807085735,0.250562807085731,-0.935113126531029));
#10696=CARTESIAN_POINT('',(22.72,-0.22,-3.5));
#10697=VECTOR('',#10698,1.);
#10698=DIRECTION('',(0.,1.,0.));
#10699=CARTESIAN_POINT('',(25.22,0.22,-3.5));
#10700=CARTESIAN_POINT('',(25.32,0.32,-3.12679491924311));
#10701=VECTOR('',#10702,1.);
#10702=DIRECTION('',(-0.250562807085735,-0.250562807085732,-0.935113126531029));
#10703=CARTESIAN_POINT('',(24.78,0.22,-3.5));
#10704=CARTESIAN_POINT('',(25.22,0.22,-3.5));
#10705=VECTOR('',#10706,1.);
#10706=DIRECTION('',(-1.,6.30808536718842E-017,0.));
#10707=CARTESIAN_POINT('',(24.68,0.32,-3.12679491924311));
#10708=VECTOR('',#10709,1.);
#10709=DIRECTION('',(0.250562807085735,-0.250562807085731,-0.935113126531029));
#10710=CARTESIAN_POINT('',(24.78,-0.22,-3.5));
#10711=CARTESIAN_POINT('',(24.78,0.22,-3.5));
#10712=VECTOR('',#10713,1.);
#10713=DIRECTION('',(0.,-1.,0.));
#10714=CARTESIAN_POINT('',(24.68,-0.32,-3.12679491924311));
#10715=VECTOR('',#10716,1.);
#10716=DIRECTION('',(0.250562807085735,0.250562807085731,-0.935113126531029));
#10717=CARTESIAN_POINT('',(25.22,-0.22,-3.5));
#10718=CARTESIAN_POINT('',(24.78,-0.22,-3.5));
#10719=VECTOR('',#10720,1.);
#10720=DIRECTION('',(1.,-6.30808536718842E-017,0.));
#10721=CARTESIAN_POINT('',(25.32,-0.32,-3.12679491924311));
#10722=VECTOR('',#10723,1.);
#10723=DIRECTION('',(-0.250562807085735,0.250562807085731,-0.935113126531029));
#10724=CARTESIAN_POINT('',(25.22,-0.22,-3.5));
#10725=VECTOR('',#10726,1.);
#10726=DIRECTION('',(0.,1.,0.));
#10727=CARTESIAN_POINT('',(27.72,0.22,-3.5));
#10728=CARTESIAN_POINT('',(27.82,0.32,-3.12679491924311));
#10729=VECTOR('',#10730,1.);
#10730=DIRECTION('',(-0.250562807085735,-0.250562807085732,-0.935113126531029));
#10731=CARTESIAN_POINT('',(27.28,0.22,-3.5));
#10732=CARTESIAN_POINT('',(27.72,0.22,-3.5));
#10733=VECTOR('',#10734,1.);
#10734=DIRECTION('',(-1.,6.30808536718842E-017,0.));
#10735=CARTESIAN_POINT('',(27.18,0.32,-3.12679491924311));
#10736=VECTOR('',#10737,1.);
#10737=DIRECTION('',(0.250562807085735,-0.250562807085731,-0.935113126531029));
#10738=CARTESIAN_POINT('',(27.28,-0.22,-3.5));
#10739=CARTESIAN_POINT('',(27.28,0.22,-3.5));
#10740=VECTOR('',#10741,1.);
#10741=DIRECTION('',(0.,-1.,0.));
#10742=CARTESIAN_POINT('',(27.18,-0.32,-3.12679491924311));
#10743=VECTOR('',#10744,1.);
#10744=DIRECTION('',(0.250562807085735,0.250562807085731,-0.935113126531029));
#10745=CARTESIAN_POINT('',(27.72,-0.22,-3.5));
#10746=CARTESIAN_POINT('',(27.28,-0.22,-3.5));
#10747=VECTOR('',#10748,1.);
#10748=DIRECTION('',(1.,-6.30808536718842E-017,0.));
#10749=CARTESIAN_POINT('',(27.82,-0.32,-3.12679491924311));
#10750=VECTOR('',#10751,1.);
#10751=DIRECTION('',(-0.250562807085735,0.250562807085731,-0.935113126531029));
#10752=CARTESIAN_POINT('',(27.72,-0.22,-3.5));
#10753=VECTOR('',#10754,1.);
#10754=DIRECTION('',(0.,1.,0.));
ENDSEC;
END-ISO-10303-21;
