ISO-10303-21;
HEADER;
FILE_DESCRIPTION(('STEP AP214'),
    '1');
FILE_NAME('DS1069 (CWF CONNFLY)',
    '2018-04-27T07:29:09',
    ('Chugay'),
    (''),
    'ASCON STEP Converter 1.3',
    'ASCON Math Kernel',
    '');
FILE_SCHEMA(('AUTOMOTIVE_DESIGN { 1 0 10303 214 3 1 1}'));
ENDSEC;

DATA;
#1=SHAPE_REPRESENTATION('NONE',(#2),#6);
#2=AXIS2_PLACEMENT_3D('',#3,#4,#5);
#3=CARTESIAN_POINT('',(0.,0.,0.));
#4=DIRECTION('',(0.,0.,1.));
#5=DIRECTION('',(1.,0.,0.));
#6=(GEOMETRIC_REPRESENTATION_CONTEXT(3)GLOBAL_UNCERTAINTY_ASSIGNED_CONTEXT((#8))
GLOBAL_UNIT_ASSIGNED_CONTEXT((#7,#9,#10))REPRESENTATION_CONTEXT('NONE','NONE'));
#7=(LENGTH_UNIT()NAMED_UNIT(*)SI_UNIT(.MILLI.,.METRE.));
#8=UNCERTAINTY_MEASURE_WITH_UNIT(LENGTH_MEASURE(1.E-005),#7,'NONE','NONE');
#9=(NAMED_UNIT(*)PLANE_ANGLE_UNIT()SI_UNIT($,.RADIAN.));
#10=(NAMED_UNIT(*)SI_UNIT($,.STERADIAN.)SOLID_ANGLE_UNIT());
#11=SHAPE_DEFINITION_REPRESENTATION(#12,#1);
#12=PRODUCT_DEFINITION_SHAPE('NONE','NONE',#13);
#13=PRODUCT_DEFINITION('','UNSPECIFIED',#14,#22);
#14=PRODUCT_DEFINITION_FORMATION_WITH_SPECIFIED_SOURCE('ANY','UNSPECIFIED',#15,.NOT_KNOWN.);
#15=PRODUCT('','CWF-X','NONE',(#25));
#16=PERSON('UNSPECIFIED','Chugay','UNSPECIFIED',('UNSPECIFIED'),('UNSPECIFIED'),
('UNSPECIFIED'));
#17=ORGANIZATION('UNSPECIFIED','UNSPECIFIED','UNSPECIFIED');
#18=PERSON_AND_ORGANIZATION(#16,#17);
#19=PERSON_AND_ORGANIZATION_ROLE('design_owner');
#20=CC_DESIGN_PERSON_AND_ORGANIZATION_ASSIGNMENT(#18,#19,(#15));
#21=PRODUCT_RELATED_PRODUCT_CATEGORY('detail','',(#15));
#22=DESIGN_CONTEXT('detailed design',#23,'design');
#23=APPLICATION_CONTEXT('configuration controlled 3d designs of mechanical parts and assemblies');
#24=APPLICATION_PROTOCOL_DEFINITION('international standard','automotive_design',
2011,#23);
#25=MECHANICAL_CONTEXT('NONE',#23,'mechanical');
#26=CC_DESIGN_DATE_AND_TIME_ASSIGNMENT(#27,#31,(#13));
#27=DATE_AND_TIME(#28,#29);
#28=CALENDAR_DATE(0,1,1);
#29=LOCAL_TIME(0,0,0.,#30);
#30=COORDINATED_UNIVERSAL_TIME_OFFSET(0,0,.AHEAD.);
#31=DATE_TIME_ROLE('creation_date');
#32=CC_DESIGN_APPROVAL(#33,(#13));
#33=APPROVAL(#34,'UNSPECIFIED');
#34=APPROVAL_STATUS('not_yet_approved');
#35=APPROVAL_DATE_TIME(#36,#33);
#36=DATE_AND_TIME(#37,#38);
#37=CALENDAR_DATE(0,1,1);
#38=LOCAL_TIME(0,0,0.,#39);
#39=COORDINATED_UNIVERSAL_TIME_OFFSET(0,0,.AHEAD.);
#40=DERIVED_UNIT((#44,#41));
#41=DERIVED_UNIT_ELEMENT(#42,-1.);
#42=VOLUME_UNIT(#43);
#43=DIMENSIONAL_EXPONENTS(3.,0.,0.,0.,0.,0.,0.);
#44=(NAMED_UNIT($)MASS_UNIT()SI_UNIT($,.GRAM.));
#45=MANIFOLD_SOLID_BREP('',#46);
#46=CLOSED_SHELL('',(#58,#67,#76,#85,#94,#103,#112,#121,#130,#139,#148,#157,#166,
#175,#184,#193,#202,#211,#220,#229,#238,#247,#256,#265,#274,#283,#292,#301,#310,
#319,#328,#337,#346,#355,#364,#373,#382,#391,#400,#409,#418,#427,#436,#445,#454,
#463,#472,#481,#490,#499,#508,#517,#526,#535,#544,#553,#562,#571,#580,#589,#598,
#607,#616,#625,#634,#643,#652,#661,#670,#679,#688,#697,#706,#715,#724,#733,#742,
#751,#760,#769,#778,#787,#796,#805,#814,#823,#832,#841,#850,#859,#868,#877,#886,
#895,#904,#913,#922,#931,#940));
#47=COLOUR_RGB($,1.,1.,1.);
#48=FILL_AREA_STYLE_COLOUR($,#47);
#49=FILL_AREA_STYLE($,(#48));
#50=SURFACE_STYLE_FILL_AREA(#49);
#51=SURFACE_SIDE_STYLE('',(#50));
#52=SURFACE_STYLE_USAGE(.BOTH.,#51);
#53=PRESENTATION_STYLE_ASSIGNMENT((#52));
#54=MECHANICAL_DESIGN_GEOMETRIC_PRESENTATION_REPRESENTATION('NONE',(#55,#66,#75,
#84,#93,#102,#111,#120,#129,#138,#147,#156,#165,#174,#183,#192,#201,#210,#219,#228,
#237,#246,#255,#264,#273,#282,#291,#300,#309,#318,#327,#336,#345,#354,#363,#372,
#381,#390,#399,#408,#417,#426,#435,#444,#453,#462,#471,#480,#489,#498,#507,#516,
#525,#534,#543,#552,#561,#570,#579,#588,#597,#606,#615,#624,#633,#642,#651,#660,
#669,#678,#687,#696,#705,#714,#723,#732,#741,#750,#759,#768,#777,#786,#795,#804,
#813,#822,#831,#840,#849,#858,#867,#876,#885,#894,#903,#912,#921,#930,#939,#948),
#6);
#55=STYLED_ITEM('',(#53),#45);
#56=ADVANCED_BREP_SHAPE_REPRESENTATION('NONE',(#45),#6);
#57=SHAPE_REPRESENTATION_RELATIONSHIP('','',#1,#56);
#58=ADVANCED_FACE('',(#949),#951,.F.);
#59=COLOUR_RGB($,1.,1.,1.);
#60=FILL_AREA_STYLE_COLOUR($,#59);
#61=FILL_AREA_STYLE($,(#60));
#62=SURFACE_STYLE_FILL_AREA(#61);
#63=SURFACE_SIDE_STYLE('',(#62));
#64=SURFACE_STYLE_USAGE(.BOTH.,#63);
#65=PRESENTATION_STYLE_ASSIGNMENT((#64));
#66=STYLED_ITEM('',(#65),#58);
#67=ADVANCED_FACE('',(#956),#958,.T.);
#68=COLOUR_RGB($,1.,1.,1.);
#69=FILL_AREA_STYLE_COLOUR($,#68);
#70=FILL_AREA_STYLE($,(#69));
#71=SURFACE_STYLE_FILL_AREA(#70);
#72=SURFACE_SIDE_STYLE('',(#71));
#73=SURFACE_STYLE_USAGE(.BOTH.,#72);
#74=PRESENTATION_STYLE_ASSIGNMENT((#73));
#75=STYLED_ITEM('',(#74),#67);
#76=ADVANCED_FACE('',(#963),#965,.T.);
#77=COLOUR_RGB($,1.,1.,1.);
#78=FILL_AREA_STYLE_COLOUR($,#77);
#79=FILL_AREA_STYLE($,(#78));
#80=SURFACE_STYLE_FILL_AREA(#79);
#81=SURFACE_SIDE_STYLE('',(#80));
#82=SURFACE_STYLE_USAGE(.BOTH.,#81);
#83=PRESENTATION_STYLE_ASSIGNMENT((#82));
#84=STYLED_ITEM('',(#83),#76);
#85=ADVANCED_FACE('',(#970),#972,.T.);
#86=COLOUR_RGB($,1.,1.,1.);
#87=FILL_AREA_STYLE_COLOUR($,#86);
#88=FILL_AREA_STYLE($,(#87));
#89=SURFACE_STYLE_FILL_AREA(#88);
#90=SURFACE_SIDE_STYLE('',(#89));
#91=SURFACE_STYLE_USAGE(.BOTH.,#90);
#92=PRESENTATION_STYLE_ASSIGNMENT((#91));
#93=STYLED_ITEM('',(#92),#85);
#94=ADVANCED_FACE('',(#977),#979,.F.);
#95=COLOUR_RGB($,1.,1.,1.);
#96=FILL_AREA_STYLE_COLOUR($,#95);
#97=FILL_AREA_STYLE($,(#96));
#98=SURFACE_STYLE_FILL_AREA(#97);
#99=SURFACE_SIDE_STYLE('',(#98));
#100=SURFACE_STYLE_USAGE(.BOTH.,#99);
#101=PRESENTATION_STYLE_ASSIGNMENT((#100));
#102=STYLED_ITEM('',(#101),#94);
#103=ADVANCED_FACE('',(#984),#986,.F.);
#104=COLOUR_RGB($,1.,1.,1.);
#105=FILL_AREA_STYLE_COLOUR($,#104);
#106=FILL_AREA_STYLE($,(#105));
#107=SURFACE_STYLE_FILL_AREA(#106);
#108=SURFACE_SIDE_STYLE('',(#107));
#109=SURFACE_STYLE_USAGE(.BOTH.,#108);
#110=PRESENTATION_STYLE_ASSIGNMENT((#109));
#111=STYLED_ITEM('',(#110),#103);
#112=ADVANCED_FACE('',(#991),#993,.F.);
#113=COLOUR_RGB($,1.,1.,1.);
#114=FILL_AREA_STYLE_COLOUR($,#113);
#115=FILL_AREA_STYLE($,(#114));
#116=SURFACE_STYLE_FILL_AREA(#115);
#117=SURFACE_SIDE_STYLE('',(#116));
#118=SURFACE_STYLE_USAGE(.BOTH.,#117);
#119=PRESENTATION_STYLE_ASSIGNMENT((#118));
#120=STYLED_ITEM('',(#119),#112);
#121=ADVANCED_FACE('',(#998),#1000,.F.);
#122=COLOUR_RGB($,1.,1.,1.);
#123=FILL_AREA_STYLE_COLOUR($,#122);
#124=FILL_AREA_STYLE($,(#123));
#125=SURFACE_STYLE_FILL_AREA(#124);
#126=SURFACE_SIDE_STYLE('',(#125));
#127=SURFACE_STYLE_USAGE(.BOTH.,#126);
#128=PRESENTATION_STYLE_ASSIGNMENT((#127));
#129=STYLED_ITEM('',(#128),#121);
#130=ADVANCED_FACE('',(#1005),#1007,.F.);
#131=COLOUR_RGB($,1.,1.,1.);
#132=FILL_AREA_STYLE_COLOUR($,#131);
#133=FILL_AREA_STYLE($,(#132));
#134=SURFACE_STYLE_FILL_AREA(#133);
#135=SURFACE_SIDE_STYLE('',(#134));
#136=SURFACE_STYLE_USAGE(.BOTH.,#135);
#137=PRESENTATION_STYLE_ASSIGNMENT((#136));
#138=STYLED_ITEM('',(#137),#130);
#139=ADVANCED_FACE('',(#1012),#1014,.F.);
#140=COLOUR_RGB($,1.,1.,1.);
#141=FILL_AREA_STYLE_COLOUR($,#140);
#142=FILL_AREA_STYLE($,(#141));
#143=SURFACE_STYLE_FILL_AREA(#142);
#144=SURFACE_SIDE_STYLE('',(#143));
#145=SURFACE_STYLE_USAGE(.BOTH.,#144);
#146=PRESENTATION_STYLE_ASSIGNMENT((#145));
#147=STYLED_ITEM('',(#146),#139);
#148=ADVANCED_FACE('',(#1019),#1021,.T.);
#149=COLOUR_RGB($,1.,1.,1.);
#150=FILL_AREA_STYLE_COLOUR($,#149);
#151=FILL_AREA_STYLE($,(#150));
#152=SURFACE_STYLE_FILL_AREA(#151);
#153=SURFACE_SIDE_STYLE('',(#152));
#154=SURFACE_STYLE_USAGE(.BOTH.,#153);
#155=PRESENTATION_STYLE_ASSIGNMENT((#154));
#156=STYLED_ITEM('',(#155),#148);
#157=ADVANCED_FACE('',(#1026),#1028,.F.);
#158=COLOUR_RGB($,1.,1.,1.);
#159=FILL_AREA_STYLE_COLOUR($,#158);
#160=FILL_AREA_STYLE($,(#159));
#161=SURFACE_STYLE_FILL_AREA(#160);
#162=SURFACE_SIDE_STYLE('',(#161));
#163=SURFACE_STYLE_USAGE(.BOTH.,#162);
#164=PRESENTATION_STYLE_ASSIGNMENT((#163));
#165=STYLED_ITEM('',(#164),#157);
#166=ADVANCED_FACE('',(#1033),#1035,.F.);
#167=COLOUR_RGB($,1.,1.,1.);
#168=FILL_AREA_STYLE_COLOUR($,#167);
#169=FILL_AREA_STYLE($,(#168));
#170=SURFACE_STYLE_FILL_AREA(#169);
#171=SURFACE_SIDE_STYLE('',(#170));
#172=SURFACE_STYLE_USAGE(.BOTH.,#171);
#173=PRESENTATION_STYLE_ASSIGNMENT((#172));
#174=STYLED_ITEM('',(#173),#166);
#175=ADVANCED_FACE('',(#1040,#1042,#1044,#1046),#1048,.T.);
#176=COLOUR_RGB($,1.,1.,1.);
#177=FILL_AREA_STYLE_COLOUR($,#176);
#178=FILL_AREA_STYLE($,(#177));
#179=SURFACE_STYLE_FILL_AREA(#178);
#180=SURFACE_SIDE_STYLE('',(#179));
#181=SURFACE_STYLE_USAGE(.BOTH.,#180);
#182=PRESENTATION_STYLE_ASSIGNMENT((#181));
#183=STYLED_ITEM('',(#182),#175);
#184=ADVANCED_FACE('',(#1053),#1055,.F.);
#185=COLOUR_RGB($,1.,1.,1.);
#186=FILL_AREA_STYLE_COLOUR($,#185);
#187=FILL_AREA_STYLE($,(#186));
#188=SURFACE_STYLE_FILL_AREA(#187);
#189=SURFACE_SIDE_STYLE('',(#188));
#190=SURFACE_STYLE_USAGE(.BOTH.,#189);
#191=PRESENTATION_STYLE_ASSIGNMENT((#190));
#192=STYLED_ITEM('',(#191),#184);
#193=ADVANCED_FACE('',(#1060),#1062,.F.);
#194=COLOUR_RGB($,1.,1.,1.);
#195=FILL_AREA_STYLE_COLOUR($,#194);
#196=FILL_AREA_STYLE($,(#195));
#197=SURFACE_STYLE_FILL_AREA(#196);
#198=SURFACE_SIDE_STYLE('',(#197));
#199=SURFACE_STYLE_USAGE(.BOTH.,#198);
#200=PRESENTATION_STYLE_ASSIGNMENT((#199));
#201=STYLED_ITEM('',(#200),#193);
#202=ADVANCED_FACE('',(#1067),#1069,.T.);
#203=COLOUR_RGB($,1.,1.,1.);
#204=FILL_AREA_STYLE_COLOUR($,#203);
#205=FILL_AREA_STYLE($,(#204));
#206=SURFACE_STYLE_FILL_AREA(#205);
#207=SURFACE_SIDE_STYLE('',(#206));
#208=SURFACE_STYLE_USAGE(.BOTH.,#207);
#209=PRESENTATION_STYLE_ASSIGNMENT((#208));
#210=STYLED_ITEM('',(#209),#202);
#211=ADVANCED_FACE('',(#1074),#1076,.T.);
#212=COLOUR_RGB($,1.,1.,1.);
#213=FILL_AREA_STYLE_COLOUR($,#212);
#214=FILL_AREA_STYLE($,(#213));
#215=SURFACE_STYLE_FILL_AREA(#214);
#216=SURFACE_SIDE_STYLE('',(#215));
#217=SURFACE_STYLE_USAGE(.BOTH.,#216);
#218=PRESENTATION_STYLE_ASSIGNMENT((#217));
#219=STYLED_ITEM('',(#218),#211);
#220=ADVANCED_FACE('',(#1081),#1083,.F.);
#221=COLOUR_RGB($,1.,1.,1.);
#222=FILL_AREA_STYLE_COLOUR($,#221);
#223=FILL_AREA_STYLE($,(#222));
#224=SURFACE_STYLE_FILL_AREA(#223);
#225=SURFACE_SIDE_STYLE('',(#224));
#226=SURFACE_STYLE_USAGE(.BOTH.,#225);
#227=PRESENTATION_STYLE_ASSIGNMENT((#226));
#228=STYLED_ITEM('',(#227),#220);
#229=ADVANCED_FACE('',(#1088),#1090,.F.);
#230=COLOUR_RGB($,1.,1.,1.);
#231=FILL_AREA_STYLE_COLOUR($,#230);
#232=FILL_AREA_STYLE($,(#231));
#233=SURFACE_STYLE_FILL_AREA(#232);
#234=SURFACE_SIDE_STYLE('',(#233));
#235=SURFACE_STYLE_USAGE(.BOTH.,#234);
#236=PRESENTATION_STYLE_ASSIGNMENT((#235));
#237=STYLED_ITEM('',(#236),#229);
#238=ADVANCED_FACE('',(#1095),#1097,.F.);
#239=COLOUR_RGB($,1.,1.,1.);
#240=FILL_AREA_STYLE_COLOUR($,#239);
#241=FILL_AREA_STYLE($,(#240));
#242=SURFACE_STYLE_FILL_AREA(#241);
#243=SURFACE_SIDE_STYLE('',(#242));
#244=SURFACE_STYLE_USAGE(.BOTH.,#243);
#245=PRESENTATION_STYLE_ASSIGNMENT((#244));
#246=STYLED_ITEM('',(#245),#238);
#247=ADVANCED_FACE('',(#1102),#1104,.F.);
#248=COLOUR_RGB($,1.,1.,1.);
#249=FILL_AREA_STYLE_COLOUR($,#248);
#250=FILL_AREA_STYLE($,(#249));
#251=SURFACE_STYLE_FILL_AREA(#250);
#252=SURFACE_SIDE_STYLE('',(#251));
#253=SURFACE_STYLE_USAGE(.BOTH.,#252);
#254=PRESENTATION_STYLE_ASSIGNMENT((#253));
#255=STYLED_ITEM('',(#254),#247);
#256=ADVANCED_FACE('',(#1109),#1111,.F.);
#257=COLOUR_RGB($,1.,1.,1.);
#258=FILL_AREA_STYLE_COLOUR($,#257);
#259=FILL_AREA_STYLE($,(#258));
#260=SURFACE_STYLE_FILL_AREA(#259);
#261=SURFACE_SIDE_STYLE('',(#260));
#262=SURFACE_STYLE_USAGE(.BOTH.,#261);
#263=PRESENTATION_STYLE_ASSIGNMENT((#262));
#264=STYLED_ITEM('',(#263),#256);
#265=ADVANCED_FACE('',(#1116),#1118,.F.);
#266=COLOUR_RGB($,1.,1.,1.);
#267=FILL_AREA_STYLE_COLOUR($,#266);
#268=FILL_AREA_STYLE($,(#267));
#269=SURFACE_STYLE_FILL_AREA(#268);
#270=SURFACE_SIDE_STYLE('',(#269));
#271=SURFACE_STYLE_USAGE(.BOTH.,#270);
#272=PRESENTATION_STYLE_ASSIGNMENT((#271));
#273=STYLED_ITEM('',(#272),#265);
#274=ADVANCED_FACE('',(#1123),#1125,.F.);
#275=COLOUR_RGB($,1.,1.,1.);
#276=FILL_AREA_STYLE_COLOUR($,#275);
#277=FILL_AREA_STYLE($,(#276));
#278=SURFACE_STYLE_FILL_AREA(#277);
#279=SURFACE_SIDE_STYLE('',(#278));
#280=SURFACE_STYLE_USAGE(.BOTH.,#279);
#281=PRESENTATION_STYLE_ASSIGNMENT((#280));
#282=STYLED_ITEM('',(#281),#274);
#283=ADVANCED_FACE('',(#1130),#1132,.F.);
#284=COLOUR_RGB($,1.,1.,1.);
#285=FILL_AREA_STYLE_COLOUR($,#284);
#286=FILL_AREA_STYLE($,(#285));
#287=SURFACE_STYLE_FILL_AREA(#286);
#288=SURFACE_SIDE_STYLE('',(#287));
#289=SURFACE_STYLE_USAGE(.BOTH.,#288);
#290=PRESENTATION_STYLE_ASSIGNMENT((#289));
#291=STYLED_ITEM('',(#290),#283);
#292=ADVANCED_FACE('',(#1137,#1139),#1141,.T.);
#293=COLOUR_RGB($,1.,1.,1.);
#294=FILL_AREA_STYLE_COLOUR($,#293);
#295=FILL_AREA_STYLE($,(#294));
#296=SURFACE_STYLE_FILL_AREA(#295);
#297=SURFACE_SIDE_STYLE('',(#296));
#298=SURFACE_STYLE_USAGE(.BOTH.,#297);
#299=PRESENTATION_STYLE_ASSIGNMENT((#298));
#300=STYLED_ITEM('',(#299),#292);
#301=ADVANCED_FACE('',(#1146),#1148,.F.);
#302=COLOUR_RGB($,1.,1.,1.);
#303=FILL_AREA_STYLE_COLOUR($,#302);
#304=FILL_AREA_STYLE($,(#303));
#305=SURFACE_STYLE_FILL_AREA(#304);
#306=SURFACE_SIDE_STYLE('',(#305));
#307=SURFACE_STYLE_USAGE(.BOTH.,#306);
#308=PRESENTATION_STYLE_ASSIGNMENT((#307));
#309=STYLED_ITEM('',(#308),#301);
#310=ADVANCED_FACE('',(#1153),#1155,.F.);
#311=COLOUR_RGB($,1.,1.,1.);
#312=FILL_AREA_STYLE_COLOUR($,#311);
#313=FILL_AREA_STYLE($,(#312));
#314=SURFACE_STYLE_FILL_AREA(#313);
#315=SURFACE_SIDE_STYLE('',(#314));
#316=SURFACE_STYLE_USAGE(.BOTH.,#315);
#317=PRESENTATION_STYLE_ASSIGNMENT((#316));
#318=STYLED_ITEM('',(#317),#310);
#319=ADVANCED_FACE('',(#1160),#1162,.F.);
#320=COLOUR_RGB($,1.,1.,1.);
#321=FILL_AREA_STYLE_COLOUR($,#320);
#322=FILL_AREA_STYLE($,(#321));
#323=SURFACE_STYLE_FILL_AREA(#322);
#324=SURFACE_SIDE_STYLE('',(#323));
#325=SURFACE_STYLE_USAGE(.BOTH.,#324);
#326=PRESENTATION_STYLE_ASSIGNMENT((#325));
#327=STYLED_ITEM('',(#326),#319);
#328=ADVANCED_FACE('',(#1167,#1169),#1171,.T.);
#329=COLOUR_RGB($,1.,1.,1.);
#330=FILL_AREA_STYLE_COLOUR($,#329);
#331=FILL_AREA_STYLE($,(#330));
#332=SURFACE_STYLE_FILL_AREA(#331);
#333=SURFACE_SIDE_STYLE('',(#332));
#334=SURFACE_STYLE_USAGE(.BOTH.,#333);
#335=PRESENTATION_STYLE_ASSIGNMENT((#334));
#336=STYLED_ITEM('',(#335),#328);
#337=ADVANCED_FACE('',(#1176),#1178,.F.);
#338=COLOUR_RGB($,1.,1.,1.);
#339=FILL_AREA_STYLE_COLOUR($,#338);
#340=FILL_AREA_STYLE($,(#339));
#341=SURFACE_STYLE_FILL_AREA(#340);
#342=SURFACE_SIDE_STYLE('',(#341));
#343=SURFACE_STYLE_USAGE(.BOTH.,#342);
#344=PRESENTATION_STYLE_ASSIGNMENT((#343));
#345=STYLED_ITEM('',(#344),#337);
#346=ADVANCED_FACE('',(#1183),#1185,.F.);
#347=COLOUR_RGB($,1.,1.,1.);
#348=FILL_AREA_STYLE_COLOUR($,#347);
#349=FILL_AREA_STYLE($,(#348));
#350=SURFACE_STYLE_FILL_AREA(#349);
#351=SURFACE_SIDE_STYLE('',(#350));
#352=SURFACE_STYLE_USAGE(.BOTH.,#351);
#353=PRESENTATION_STYLE_ASSIGNMENT((#352));
#354=STYLED_ITEM('',(#353),#346);
#355=ADVANCED_FACE('',(#1190),#1192,.F.);
#356=COLOUR_RGB($,1.,1.,1.);
#357=FILL_AREA_STYLE_COLOUR($,#356);
#358=FILL_AREA_STYLE($,(#357));
#359=SURFACE_STYLE_FILL_AREA(#358);
#360=SURFACE_SIDE_STYLE('',(#359));
#361=SURFACE_STYLE_USAGE(.BOTH.,#360);
#362=PRESENTATION_STYLE_ASSIGNMENT((#361));
#363=STYLED_ITEM('',(#362),#355);
#364=ADVANCED_FACE('',(#1197,#1199),#1201,.T.);
#365=COLOUR_RGB($,1.,1.,1.);
#366=FILL_AREA_STYLE_COLOUR($,#365);
#367=FILL_AREA_STYLE($,(#366));
#368=SURFACE_STYLE_FILL_AREA(#367);
#369=SURFACE_SIDE_STYLE('',(#368));
#370=SURFACE_STYLE_USAGE(.BOTH.,#369);
#371=PRESENTATION_STYLE_ASSIGNMENT((#370));
#372=STYLED_ITEM('',(#371),#364);
#373=ADVANCED_FACE('',(#1206),#1208,.F.);
#374=COLOUR_RGB($,1.,1.,1.);
#375=FILL_AREA_STYLE_COLOUR($,#374);
#376=FILL_AREA_STYLE($,(#375));
#377=SURFACE_STYLE_FILL_AREA(#376);
#378=SURFACE_SIDE_STYLE('',(#377));
#379=SURFACE_STYLE_USAGE(.BOTH.,#378);
#380=PRESENTATION_STYLE_ASSIGNMENT((#379));
#381=STYLED_ITEM('',(#380),#373);
#382=ADVANCED_FACE('',(#1213),#1215,.F.);
#383=COLOUR_RGB($,1.,1.,1.);
#384=FILL_AREA_STYLE_COLOUR($,#383);
#385=FILL_AREA_STYLE($,(#384));
#386=SURFACE_STYLE_FILL_AREA(#385);
#387=SURFACE_SIDE_STYLE('',(#386));
#388=SURFACE_STYLE_USAGE(.BOTH.,#387);
#389=PRESENTATION_STYLE_ASSIGNMENT((#388));
#390=STYLED_ITEM('',(#389),#382);
#391=ADVANCED_FACE('',(#1220),#1222,.F.);
#392=COLOUR_RGB($,1.,1.,1.);
#393=FILL_AREA_STYLE_COLOUR($,#392);
#394=FILL_AREA_STYLE($,(#393));
#395=SURFACE_STYLE_FILL_AREA(#394);
#396=SURFACE_SIDE_STYLE('',(#395));
#397=SURFACE_STYLE_USAGE(.BOTH.,#396);
#398=PRESENTATION_STYLE_ASSIGNMENT((#397));
#399=STYLED_ITEM('',(#398),#391);
#400=ADVANCED_FACE('',(#1227),#1229,.T.);
#401=COLOUR_RGB($,1.,1.,1.);
#402=FILL_AREA_STYLE_COLOUR($,#401);
#403=FILL_AREA_STYLE($,(#402));
#404=SURFACE_STYLE_FILL_AREA(#403);
#405=SURFACE_SIDE_STYLE('',(#404));
#406=SURFACE_STYLE_USAGE(.BOTH.,#405);
#407=PRESENTATION_STYLE_ASSIGNMENT((#406));
#408=STYLED_ITEM('',(#407),#400);
#409=ADVANCED_FACE('',(#1234),#1236,.T.);
#410=COLOUR_RGB($,1.,1.,1.);
#411=FILL_AREA_STYLE_COLOUR($,#410);
#412=FILL_AREA_STYLE($,(#411));
#413=SURFACE_STYLE_FILL_AREA(#412);
#414=SURFACE_SIDE_STYLE('',(#413));
#415=SURFACE_STYLE_USAGE(.BOTH.,#414);
#416=PRESENTATION_STYLE_ASSIGNMENT((#415));
#417=STYLED_ITEM('',(#416),#409);
#418=ADVANCED_FACE('',(#1241),#1243,.F.);
#419=COLOUR_RGB($,1.,1.,1.);
#420=FILL_AREA_STYLE_COLOUR($,#419);
#421=FILL_AREA_STYLE($,(#420));
#422=SURFACE_STYLE_FILL_AREA(#421);
#423=SURFACE_SIDE_STYLE('',(#422));
#424=SURFACE_STYLE_USAGE(.BOTH.,#423);
#425=PRESENTATION_STYLE_ASSIGNMENT((#424));
#426=STYLED_ITEM('',(#425),#418);
#427=ADVANCED_FACE('',(#1248),#1250,.F.);
#428=COLOUR_RGB($,1.,1.,1.);
#429=FILL_AREA_STYLE_COLOUR($,#428);
#430=FILL_AREA_STYLE($,(#429));
#431=SURFACE_STYLE_FILL_AREA(#430);
#432=SURFACE_SIDE_STYLE('',(#431));
#433=SURFACE_STYLE_USAGE(.BOTH.,#432);
#434=PRESENTATION_STYLE_ASSIGNMENT((#433));
#435=STYLED_ITEM('',(#434),#427);
#436=ADVANCED_FACE('',(#1255),#1257,.T.);
#437=COLOUR_RGB($,1.,0.843137254901961,0.);
#438=FILL_AREA_STYLE_COLOUR($,#437);
#439=FILL_AREA_STYLE($,(#438));
#440=SURFACE_STYLE_FILL_AREA(#439);
#441=SURFACE_SIDE_STYLE('',(#440));
#442=SURFACE_STYLE_USAGE(.BOTH.,#441);
#443=PRESENTATION_STYLE_ASSIGNMENT((#442));
#444=STYLED_ITEM('',(#443),#436);
#445=ADVANCED_FACE('',(#1262),#1264,.T.);
#446=COLOUR_RGB($,1.,0.843137254901961,0.);
#447=FILL_AREA_STYLE_COLOUR($,#446);
#448=FILL_AREA_STYLE($,(#447));
#449=SURFACE_STYLE_FILL_AREA(#448);
#450=SURFACE_SIDE_STYLE('',(#449));
#451=SURFACE_STYLE_USAGE(.BOTH.,#450);
#452=PRESENTATION_STYLE_ASSIGNMENT((#451));
#453=STYLED_ITEM('',(#452),#445);
#454=ADVANCED_FACE('',(#1269),#1271,.T.);
#455=COLOUR_RGB($,1.,0.843137254901961,0.);
#456=FILL_AREA_STYLE_COLOUR($,#455);
#457=FILL_AREA_STYLE($,(#456));
#458=SURFACE_STYLE_FILL_AREA(#457);
#459=SURFACE_SIDE_STYLE('',(#458));
#460=SURFACE_STYLE_USAGE(.BOTH.,#459);
#461=PRESENTATION_STYLE_ASSIGNMENT((#460));
#462=STYLED_ITEM('',(#461),#454);
#463=ADVANCED_FACE('',(#1276),#1278,.T.);
#464=COLOUR_RGB($,1.,0.843137254901961,0.);
#465=FILL_AREA_STYLE_COLOUR($,#464);
#466=FILL_AREA_STYLE($,(#465));
#467=SURFACE_STYLE_FILL_AREA(#466);
#468=SURFACE_SIDE_STYLE('',(#467));
#469=SURFACE_STYLE_USAGE(.BOTH.,#468);
#470=PRESENTATION_STYLE_ASSIGNMENT((#469));
#471=STYLED_ITEM('',(#470),#463);
#472=ADVANCED_FACE('',(#1283),#1285,.T.);
#473=COLOUR_RGB($,1.,0.843137254901961,0.);
#474=FILL_AREA_STYLE_COLOUR($,#473);
#475=FILL_AREA_STYLE($,(#474));
#476=SURFACE_STYLE_FILL_AREA(#475);
#477=SURFACE_SIDE_STYLE('',(#476));
#478=SURFACE_STYLE_USAGE(.BOTH.,#477);
#479=PRESENTATION_STYLE_ASSIGNMENT((#478));
#480=STYLED_ITEM('',(#479),#472);
#481=ADVANCED_FACE('',(#1290),#1292,.T.);
#482=COLOUR_RGB($,1.,0.843137254901961,0.);
#483=FILL_AREA_STYLE_COLOUR($,#482);
#484=FILL_AREA_STYLE($,(#483));
#485=SURFACE_STYLE_FILL_AREA(#484);
#486=SURFACE_SIDE_STYLE('',(#485));
#487=SURFACE_STYLE_USAGE(.BOTH.,#486);
#488=PRESENTATION_STYLE_ASSIGNMENT((#487));
#489=STYLED_ITEM('',(#488),#481);
#490=ADVANCED_FACE('',(#1297),#1299,.T.);
#491=COLOUR_RGB($,1.,0.843137254901961,0.);
#492=FILL_AREA_STYLE_COLOUR($,#491);
#493=FILL_AREA_STYLE($,(#492));
#494=SURFACE_STYLE_FILL_AREA(#493);
#495=SURFACE_SIDE_STYLE('',(#494));
#496=SURFACE_STYLE_USAGE(.BOTH.,#495);
#497=PRESENTATION_STYLE_ASSIGNMENT((#496));
#498=STYLED_ITEM('',(#497),#490);
#499=ADVANCED_FACE('',(#1304),#1306,.T.);
#500=COLOUR_RGB($,1.,0.843137254901961,0.);
#501=FILL_AREA_STYLE_COLOUR($,#500);
#502=FILL_AREA_STYLE($,(#501));
#503=SURFACE_STYLE_FILL_AREA(#502);
#504=SURFACE_SIDE_STYLE('',(#503));
#505=SURFACE_STYLE_USAGE(.BOTH.,#504);
#506=PRESENTATION_STYLE_ASSIGNMENT((#505));
#507=STYLED_ITEM('',(#506),#499);
#508=ADVANCED_FACE('',(#1311),#1313,.T.);
#509=COLOUR_RGB($,1.,0.843137254901961,0.);
#510=FILL_AREA_STYLE_COLOUR($,#509);
#511=FILL_AREA_STYLE($,(#510));
#512=SURFACE_STYLE_FILL_AREA(#511);
#513=SURFACE_SIDE_STYLE('',(#512));
#514=SURFACE_STYLE_USAGE(.BOTH.,#513);
#515=PRESENTATION_STYLE_ASSIGNMENT((#514));
#516=STYLED_ITEM('',(#515),#508);
#517=ADVANCED_FACE('',(#1318),#1320,.T.);
#518=COLOUR_RGB($,1.,0.843137254901961,0.);
#519=FILL_AREA_STYLE_COLOUR($,#518);
#520=FILL_AREA_STYLE($,(#519));
#521=SURFACE_STYLE_FILL_AREA(#520);
#522=SURFACE_SIDE_STYLE('',(#521));
#523=SURFACE_STYLE_USAGE(.BOTH.,#522);
#524=PRESENTATION_STYLE_ASSIGNMENT((#523));
#525=STYLED_ITEM('',(#524),#517);
#526=ADVANCED_FACE('',(#1325),#1327,.T.);
#527=COLOUR_RGB($,1.,0.843137254901961,0.);
#528=FILL_AREA_STYLE_COLOUR($,#527);
#529=FILL_AREA_STYLE($,(#528));
#530=SURFACE_STYLE_FILL_AREA(#529);
#531=SURFACE_SIDE_STYLE('',(#530));
#532=SURFACE_STYLE_USAGE(.BOTH.,#531);
#533=PRESENTATION_STYLE_ASSIGNMENT((#532));
#534=STYLED_ITEM('',(#533),#526);
#535=ADVANCED_FACE('',(#1332),#1334,.T.);
#536=COLOUR_RGB($,1.,0.843137254901961,0.);
#537=FILL_AREA_STYLE_COLOUR($,#536);
#538=FILL_AREA_STYLE($,(#537));
#539=SURFACE_STYLE_FILL_AREA(#538);
#540=SURFACE_SIDE_STYLE('',(#539));
#541=SURFACE_STYLE_USAGE(.BOTH.,#540);
#542=PRESENTATION_STYLE_ASSIGNMENT((#541));
#543=STYLED_ITEM('',(#542),#535);
#544=ADVANCED_FACE('',(#1339),#1341,.T.);
#545=COLOUR_RGB($,1.,1.,1.);
#546=FILL_AREA_STYLE_COLOUR($,#545);
#547=FILL_AREA_STYLE($,(#546));
#548=SURFACE_STYLE_FILL_AREA(#547);
#549=SURFACE_SIDE_STYLE('',(#548));
#550=SURFACE_STYLE_USAGE(.BOTH.,#549);
#551=PRESENTATION_STYLE_ASSIGNMENT((#550));
#552=STYLED_ITEM('',(#551),#544);
#553=ADVANCED_FACE('',(#1346),#1348,.F.);
#554=COLOUR_RGB($,1.,1.,1.);
#555=FILL_AREA_STYLE_COLOUR($,#554);
#556=FILL_AREA_STYLE($,(#555));
#557=SURFACE_STYLE_FILL_AREA(#556);
#558=SURFACE_SIDE_STYLE('',(#557));
#559=SURFACE_STYLE_USAGE(.BOTH.,#558);
#560=PRESENTATION_STYLE_ASSIGNMENT((#559));
#561=STYLED_ITEM('',(#560),#553);
#562=ADVANCED_FACE('',(#1353),#1355,.T.);
#563=COLOUR_RGB($,1.,0.843137254901961,0.);
#564=FILL_AREA_STYLE_COLOUR($,#563);
#565=FILL_AREA_STYLE($,(#564));
#566=SURFACE_STYLE_FILL_AREA(#565);
#567=SURFACE_SIDE_STYLE('',(#566));
#568=SURFACE_STYLE_USAGE(.BOTH.,#567);
#569=PRESENTATION_STYLE_ASSIGNMENT((#568));
#570=STYLED_ITEM('',(#569),#562);
#571=ADVANCED_FACE('',(#1360),#1362,.T.);
#572=COLOUR_RGB($,1.,0.843137254901961,0.);
#573=FILL_AREA_STYLE_COLOUR($,#572);
#574=FILL_AREA_STYLE($,(#573));
#575=SURFACE_STYLE_FILL_AREA(#574);
#576=SURFACE_SIDE_STYLE('',(#575));
#577=SURFACE_STYLE_USAGE(.BOTH.,#576);
#578=PRESENTATION_STYLE_ASSIGNMENT((#577));
#579=STYLED_ITEM('',(#578),#571);
#580=ADVANCED_FACE('',(#1367),#1369,.T.);
#581=COLOUR_RGB($,1.,0.843137254901961,0.);
#582=FILL_AREA_STYLE_COLOUR($,#581);
#583=FILL_AREA_STYLE($,(#582));
#584=SURFACE_STYLE_FILL_AREA(#583);
#585=SURFACE_SIDE_STYLE('',(#584));
#586=SURFACE_STYLE_USAGE(.BOTH.,#585);
#587=PRESENTATION_STYLE_ASSIGNMENT((#586));
#588=STYLED_ITEM('',(#587),#580);
#589=ADVANCED_FACE('',(#1374),#1376,.T.);
#590=COLOUR_RGB($,1.,0.843137254901961,0.);
#591=FILL_AREA_STYLE_COLOUR($,#590);
#592=FILL_AREA_STYLE($,(#591));
#593=SURFACE_STYLE_FILL_AREA(#592);
#594=SURFACE_SIDE_STYLE('',(#593));
#595=SURFACE_STYLE_USAGE(.BOTH.,#594);
#596=PRESENTATION_STYLE_ASSIGNMENT((#595));
#597=STYLED_ITEM('',(#596),#589);
#598=ADVANCED_FACE('',(#1381),#1383,.T.);
#599=COLOUR_RGB($,1.,0.843137254901961,0.);
#600=FILL_AREA_STYLE_COLOUR($,#599);
#601=FILL_AREA_STYLE($,(#600));
#602=SURFACE_STYLE_FILL_AREA(#601);
#603=SURFACE_SIDE_STYLE('',(#602));
#604=SURFACE_STYLE_USAGE(.BOTH.,#603);
#605=PRESENTATION_STYLE_ASSIGNMENT((#604));
#606=STYLED_ITEM('',(#605),#598);
#607=ADVANCED_FACE('',(#1388),#1390,.T.);
#608=COLOUR_RGB($,1.,0.843137254901961,0.);
#609=FILL_AREA_STYLE_COLOUR($,#608);
#610=FILL_AREA_STYLE($,(#609));
#611=SURFACE_STYLE_FILL_AREA(#610);
#612=SURFACE_SIDE_STYLE('',(#611));
#613=SURFACE_STYLE_USAGE(.BOTH.,#612);
#614=PRESENTATION_STYLE_ASSIGNMENT((#613));
#615=STYLED_ITEM('',(#614),#607);
#616=ADVANCED_FACE('',(#1395),#1397,.T.);
#617=COLOUR_RGB($,1.,0.843137254901961,0.);
#618=FILL_AREA_STYLE_COLOUR($,#617);
#619=FILL_AREA_STYLE($,(#618));
#620=SURFACE_STYLE_FILL_AREA(#619);
#621=SURFACE_SIDE_STYLE('',(#620));
#622=SURFACE_STYLE_USAGE(.BOTH.,#621);
#623=PRESENTATION_STYLE_ASSIGNMENT((#622));
#624=STYLED_ITEM('',(#623),#616);
#625=ADVANCED_FACE('',(#1402),#1404,.T.);
#626=COLOUR_RGB($,1.,0.843137254901961,0.);
#627=FILL_AREA_STYLE_COLOUR($,#626);
#628=FILL_AREA_STYLE($,(#627));
#629=SURFACE_STYLE_FILL_AREA(#628);
#630=SURFACE_SIDE_STYLE('',(#629));
#631=SURFACE_STYLE_USAGE(.BOTH.,#630);
#632=PRESENTATION_STYLE_ASSIGNMENT((#631));
#633=STYLED_ITEM('',(#632),#625);
#634=ADVANCED_FACE('',(#1409),#1411,.T.);
#635=COLOUR_RGB($,1.,0.843137254901961,0.);
#636=FILL_AREA_STYLE_COLOUR($,#635);
#637=FILL_AREA_STYLE($,(#636));
#638=SURFACE_STYLE_FILL_AREA(#637);
#639=SURFACE_SIDE_STYLE('',(#638));
#640=SURFACE_STYLE_USAGE(.BOTH.,#639);
#641=PRESENTATION_STYLE_ASSIGNMENT((#640));
#642=STYLED_ITEM('',(#641),#634);
#643=ADVANCED_FACE('',(#1416),#1418,.T.);
#644=COLOUR_RGB($,1.,0.843137254901961,0.);
#645=FILL_AREA_STYLE_COLOUR($,#644);
#646=FILL_AREA_STYLE($,(#645));
#647=SURFACE_STYLE_FILL_AREA(#646);
#648=SURFACE_SIDE_STYLE('',(#647));
#649=SURFACE_STYLE_USAGE(.BOTH.,#648);
#650=PRESENTATION_STYLE_ASSIGNMENT((#649));
#651=STYLED_ITEM('',(#650),#643);
#652=ADVANCED_FACE('',(#1423),#1425,.T.);
#653=COLOUR_RGB($,1.,0.843137254901961,0.);
#654=FILL_AREA_STYLE_COLOUR($,#653);
#655=FILL_AREA_STYLE($,(#654));
#656=SURFACE_STYLE_FILL_AREA(#655);
#657=SURFACE_SIDE_STYLE('',(#656));
#658=SURFACE_STYLE_USAGE(.BOTH.,#657);
#659=PRESENTATION_STYLE_ASSIGNMENT((#658));
#660=STYLED_ITEM('',(#659),#652);
#661=ADVANCED_FACE('',(#1430),#1432,.T.);
#662=COLOUR_RGB($,1.,0.843137254901961,0.);
#663=FILL_AREA_STYLE_COLOUR($,#662);
#664=FILL_AREA_STYLE($,(#663));
#665=SURFACE_STYLE_FILL_AREA(#664);
#666=SURFACE_SIDE_STYLE('',(#665));
#667=SURFACE_STYLE_USAGE(.BOTH.,#666);
#668=PRESENTATION_STYLE_ASSIGNMENT((#667));
#669=STYLED_ITEM('',(#668),#661);
#670=ADVANCED_FACE('',(#1437),#1439,.T.);
#671=COLOUR_RGB($,1.,1.,1.);
#672=FILL_AREA_STYLE_COLOUR($,#671);
#673=FILL_AREA_STYLE($,(#672));
#674=SURFACE_STYLE_FILL_AREA(#673);
#675=SURFACE_SIDE_STYLE('',(#674));
#676=SURFACE_STYLE_USAGE(.BOTH.,#675);
#677=PRESENTATION_STYLE_ASSIGNMENT((#676));
#678=STYLED_ITEM('',(#677),#670);
#679=ADVANCED_FACE('',(#1444),#1446,.T.);
#680=COLOUR_RGB($,1.,0.843137254901961,0.);
#681=FILL_AREA_STYLE_COLOUR($,#680);
#682=FILL_AREA_STYLE($,(#681));
#683=SURFACE_STYLE_FILL_AREA(#682);
#684=SURFACE_SIDE_STYLE('',(#683));
#685=SURFACE_STYLE_USAGE(.BOTH.,#684);
#686=PRESENTATION_STYLE_ASSIGNMENT((#685));
#687=STYLED_ITEM('',(#686),#679);
#688=ADVANCED_FACE('',(#1451),#1453,.T.);
#689=COLOUR_RGB($,1.,0.843137254901961,0.);
#690=FILL_AREA_STYLE_COLOUR($,#689);
#691=FILL_AREA_STYLE($,(#690));
#692=SURFACE_STYLE_FILL_AREA(#691);
#693=SURFACE_SIDE_STYLE('',(#692));
#694=SURFACE_STYLE_USAGE(.BOTH.,#693);
#695=PRESENTATION_STYLE_ASSIGNMENT((#694));
#696=STYLED_ITEM('',(#695),#688);
#697=ADVANCED_FACE('',(#1458),#1460,.T.);
#698=COLOUR_RGB($,1.,0.843137254901961,0.);
#699=FILL_AREA_STYLE_COLOUR($,#698);
#700=FILL_AREA_STYLE($,(#699));
#701=SURFACE_STYLE_FILL_AREA(#700);
#702=SURFACE_SIDE_STYLE('',(#701));
#703=SURFACE_STYLE_USAGE(.BOTH.,#702);
#704=PRESENTATION_STYLE_ASSIGNMENT((#703));
#705=STYLED_ITEM('',(#704),#697);
#706=ADVANCED_FACE('',(#1465),#1467,.T.);
#707=COLOUR_RGB($,1.,0.843137254901961,0.);
#708=FILL_AREA_STYLE_COLOUR($,#707);
#709=FILL_AREA_STYLE($,(#708));
#710=SURFACE_STYLE_FILL_AREA(#709);
#711=SURFACE_SIDE_STYLE('',(#710));
#712=SURFACE_STYLE_USAGE(.BOTH.,#711);
#713=PRESENTATION_STYLE_ASSIGNMENT((#712));
#714=STYLED_ITEM('',(#713),#706);
#715=ADVANCED_FACE('',(#1472),#1474,.T.);
#716=COLOUR_RGB($,1.,0.843137254901961,0.);
#717=FILL_AREA_STYLE_COLOUR($,#716);
#718=FILL_AREA_STYLE($,(#717));
#719=SURFACE_STYLE_FILL_AREA(#718);
#720=SURFACE_SIDE_STYLE('',(#719));
#721=SURFACE_STYLE_USAGE(.BOTH.,#720);
#722=PRESENTATION_STYLE_ASSIGNMENT((#721));
#723=STYLED_ITEM('',(#722),#715);
#724=ADVANCED_FACE('',(#1479),#1481,.T.);
#725=COLOUR_RGB($,1.,0.843137254901961,0.);
#726=FILL_AREA_STYLE_COLOUR($,#725);
#727=FILL_AREA_STYLE($,(#726));
#728=SURFACE_STYLE_FILL_AREA(#727);
#729=SURFACE_SIDE_STYLE('',(#728));
#730=SURFACE_STYLE_USAGE(.BOTH.,#729);
#731=PRESENTATION_STYLE_ASSIGNMENT((#730));
#732=STYLED_ITEM('',(#731),#724);
#733=ADVANCED_FACE('',(#1486),#1488,.T.);
#734=COLOUR_RGB($,1.,0.843137254901961,0.);
#735=FILL_AREA_STYLE_COLOUR($,#734);
#736=FILL_AREA_STYLE($,(#735));
#737=SURFACE_STYLE_FILL_AREA(#736);
#738=SURFACE_SIDE_STYLE('',(#737));
#739=SURFACE_STYLE_USAGE(.BOTH.,#738);
#740=PRESENTATION_STYLE_ASSIGNMENT((#739));
#741=STYLED_ITEM('',(#740),#733);
#742=ADVANCED_FACE('',(#1493),#1495,.T.);
#743=COLOUR_RGB($,1.,0.843137254901961,0.);
#744=FILL_AREA_STYLE_COLOUR($,#743);
#745=FILL_AREA_STYLE($,(#744));
#746=SURFACE_STYLE_FILL_AREA(#745);
#747=SURFACE_SIDE_STYLE('',(#746));
#748=SURFACE_STYLE_USAGE(.BOTH.,#747);
#749=PRESENTATION_STYLE_ASSIGNMENT((#748));
#750=STYLED_ITEM('',(#749),#742);
#751=ADVANCED_FACE('',(#1500),#1502,.T.);
#752=COLOUR_RGB($,1.,0.843137254901961,0.);
#753=FILL_AREA_STYLE_COLOUR($,#752);
#754=FILL_AREA_STYLE($,(#753));
#755=SURFACE_STYLE_FILL_AREA(#754);
#756=SURFACE_SIDE_STYLE('',(#755));
#757=SURFACE_STYLE_USAGE(.BOTH.,#756);
#758=PRESENTATION_STYLE_ASSIGNMENT((#757));
#759=STYLED_ITEM('',(#758),#751);
#760=ADVANCED_FACE('',(#1507),#1509,.T.);
#761=COLOUR_RGB($,1.,0.843137254901961,0.);
#762=FILL_AREA_STYLE_COLOUR($,#761);
#763=FILL_AREA_STYLE($,(#762));
#764=SURFACE_STYLE_FILL_AREA(#763);
#765=SURFACE_SIDE_STYLE('',(#764));
#766=SURFACE_STYLE_USAGE(.BOTH.,#765);
#767=PRESENTATION_STYLE_ASSIGNMENT((#766));
#768=STYLED_ITEM('',(#767),#760);
#769=ADVANCED_FACE('',(#1514),#1516,.T.);
#770=COLOUR_RGB($,1.,0.843137254901961,0.);
#771=FILL_AREA_STYLE_COLOUR($,#770);
#772=FILL_AREA_STYLE($,(#771));
#773=SURFACE_STYLE_FILL_AREA(#772);
#774=SURFACE_SIDE_STYLE('',(#773));
#775=SURFACE_STYLE_USAGE(.BOTH.,#774);
#776=PRESENTATION_STYLE_ASSIGNMENT((#775));
#777=STYLED_ITEM('',(#776),#769);
#778=ADVANCED_FACE('',(#1521),#1523,.T.);
#779=COLOUR_RGB($,1.,0.843137254901961,0.);
#780=FILL_AREA_STYLE_COLOUR($,#779);
#781=FILL_AREA_STYLE($,(#780));
#782=SURFACE_STYLE_FILL_AREA(#781);
#783=SURFACE_SIDE_STYLE('',(#782));
#784=SURFACE_STYLE_USAGE(.BOTH.,#783);
#785=PRESENTATION_STYLE_ASSIGNMENT((#784));
#786=STYLED_ITEM('',(#785),#778);
#787=ADVANCED_FACE('',(#1528),#1530,.F.);
#788=COLOUR_RGB($,1.,0.843137254901961,0.);
#789=FILL_AREA_STYLE_COLOUR($,#788);
#790=FILL_AREA_STYLE($,(#789));
#791=SURFACE_STYLE_FILL_AREA(#790);
#792=SURFACE_SIDE_STYLE('',(#791));
#793=SURFACE_STYLE_USAGE(.BOTH.,#792);
#794=PRESENTATION_STYLE_ASSIGNMENT((#793));
#795=STYLED_ITEM('',(#794),#787);
#796=ADVANCED_FACE('',(#1535),#1537,.F.);
#797=COLOUR_RGB($,1.,0.843137254901961,0.);
#798=FILL_AREA_STYLE_COLOUR($,#797);
#799=FILL_AREA_STYLE($,(#798));
#800=SURFACE_STYLE_FILL_AREA(#799);
#801=SURFACE_SIDE_STYLE('',(#800));
#802=SURFACE_STYLE_USAGE(.BOTH.,#801);
#803=PRESENTATION_STYLE_ASSIGNMENT((#802));
#804=STYLED_ITEM('',(#803),#796);
#805=ADVANCED_FACE('',(#1542),#1544,.F.);
#806=COLOUR_RGB($,1.,0.843137254901961,0.);
#807=FILL_AREA_STYLE_COLOUR($,#806);
#808=FILL_AREA_STYLE($,(#807));
#809=SURFACE_STYLE_FILL_AREA(#808);
#810=SURFACE_SIDE_STYLE('',(#809));
#811=SURFACE_STYLE_USAGE(.BOTH.,#810);
#812=PRESENTATION_STYLE_ASSIGNMENT((#811));
#813=STYLED_ITEM('',(#812),#805);
#814=ADVANCED_FACE('',(#1549),#1551,.F.);
#815=COLOUR_RGB($,1.,0.843137254901961,0.);
#816=FILL_AREA_STYLE_COLOUR($,#815);
#817=FILL_AREA_STYLE($,(#816));
#818=SURFACE_STYLE_FILL_AREA(#817);
#819=SURFACE_SIDE_STYLE('',(#818));
#820=SURFACE_STYLE_USAGE(.BOTH.,#819);
#821=PRESENTATION_STYLE_ASSIGNMENT((#820));
#822=STYLED_ITEM('',(#821),#814);
#823=ADVANCED_FACE('',(#1556),#1558,.F.);
#824=COLOUR_RGB($,1.,0.843137254901961,0.);
#825=FILL_AREA_STYLE_COLOUR($,#824);
#826=FILL_AREA_STYLE($,(#825));
#827=SURFACE_STYLE_FILL_AREA(#826);
#828=SURFACE_SIDE_STYLE('',(#827));
#829=SURFACE_STYLE_USAGE(.BOTH.,#828);
#830=PRESENTATION_STYLE_ASSIGNMENT((#829));
#831=STYLED_ITEM('',(#830),#823);
#832=ADVANCED_FACE('',(#1563),#1565,.F.);
#833=COLOUR_RGB($,1.,0.843137254901961,0.);
#834=FILL_AREA_STYLE_COLOUR($,#833);
#835=FILL_AREA_STYLE($,(#834));
#836=SURFACE_STYLE_FILL_AREA(#835);
#837=SURFACE_SIDE_STYLE('',(#836));
#838=SURFACE_STYLE_USAGE(.BOTH.,#837);
#839=PRESENTATION_STYLE_ASSIGNMENT((#838));
#840=STYLED_ITEM('',(#839),#832);
#841=ADVANCED_FACE('',(#1570),#1572,.F.);
#842=COLOUR_RGB($,1.,0.843137254901961,0.);
#843=FILL_AREA_STYLE_COLOUR($,#842);
#844=FILL_AREA_STYLE($,(#843));
#845=SURFACE_STYLE_FILL_AREA(#844);
#846=SURFACE_SIDE_STYLE('',(#845));
#847=SURFACE_STYLE_USAGE(.BOTH.,#846);
#848=PRESENTATION_STYLE_ASSIGNMENT((#847));
#849=STYLED_ITEM('',(#848),#841);
#850=ADVANCED_FACE('',(#1577),#1579,.F.);
#851=COLOUR_RGB($,1.,0.843137254901961,0.);
#852=FILL_AREA_STYLE_COLOUR($,#851);
#853=FILL_AREA_STYLE($,(#852));
#854=SURFACE_STYLE_FILL_AREA(#853);
#855=SURFACE_SIDE_STYLE('',(#854));
#856=SURFACE_STYLE_USAGE(.BOTH.,#855);
#857=PRESENTATION_STYLE_ASSIGNMENT((#856));
#858=STYLED_ITEM('',(#857),#850);
#859=ADVANCED_FACE('',(#1584),#1586,.F.);
#860=COLOUR_RGB($,1.,0.843137254901961,0.);
#861=FILL_AREA_STYLE_COLOUR($,#860);
#862=FILL_AREA_STYLE($,(#861));
#863=SURFACE_STYLE_FILL_AREA(#862);
#864=SURFACE_SIDE_STYLE('',(#863));
#865=SURFACE_STYLE_USAGE(.BOTH.,#864);
#866=PRESENTATION_STYLE_ASSIGNMENT((#865));
#867=STYLED_ITEM('',(#866),#859);
#868=ADVANCED_FACE('',(#1591),#1593,.F.);
#869=COLOUR_RGB($,1.,0.843137254901961,0.);
#870=FILL_AREA_STYLE_COLOUR($,#869);
#871=FILL_AREA_STYLE($,(#870));
#872=SURFACE_STYLE_FILL_AREA(#871);
#873=SURFACE_SIDE_STYLE('',(#872));
#874=SURFACE_STYLE_USAGE(.BOTH.,#873);
#875=PRESENTATION_STYLE_ASSIGNMENT((#874));
#876=STYLED_ITEM('',(#875),#868);
#877=ADVANCED_FACE('',(#1598),#1600,.F.);
#878=COLOUR_RGB($,1.,0.843137254901961,0.);
#879=FILL_AREA_STYLE_COLOUR($,#878);
#880=FILL_AREA_STYLE($,(#879));
#881=SURFACE_STYLE_FILL_AREA(#880);
#882=SURFACE_SIDE_STYLE('',(#881));
#883=SURFACE_STYLE_USAGE(.BOTH.,#882);
#884=PRESENTATION_STYLE_ASSIGNMENT((#883));
#885=STYLED_ITEM('',(#884),#877);
#886=ADVANCED_FACE('',(#1605),#1607,.F.);
#887=COLOUR_RGB($,1.,0.843137254901961,0.);
#888=FILL_AREA_STYLE_COLOUR($,#887);
#889=FILL_AREA_STYLE($,(#888));
#890=SURFACE_STYLE_FILL_AREA(#889);
#891=SURFACE_SIDE_STYLE('',(#890));
#892=SURFACE_STYLE_USAGE(.BOTH.,#891);
#893=PRESENTATION_STYLE_ASSIGNMENT((#892));
#894=STYLED_ITEM('',(#893),#886);
#895=ADVANCED_FACE('',(#1612),#1614,.T.);
#896=COLOUR_RGB($,1.,0.843137254901961,0.);
#897=FILL_AREA_STYLE_COLOUR($,#896);
#898=FILL_AREA_STYLE($,(#897));
#899=SURFACE_STYLE_FILL_AREA(#898);
#900=SURFACE_SIDE_STYLE('',(#899));
#901=SURFACE_STYLE_USAGE(.BOTH.,#900);
#902=PRESENTATION_STYLE_ASSIGNMENT((#901));
#903=STYLED_ITEM('',(#902),#895);
#904=ADVANCED_FACE('',(#1619),#1621,.T.);
#905=COLOUR_RGB($,1.,0.843137254901961,0.);
#906=FILL_AREA_STYLE_COLOUR($,#905);
#907=FILL_AREA_STYLE($,(#906));
#908=SURFACE_STYLE_FILL_AREA(#907);
#909=SURFACE_SIDE_STYLE('',(#908));
#910=SURFACE_STYLE_USAGE(.BOTH.,#909);
#911=PRESENTATION_STYLE_ASSIGNMENT((#910));
#912=STYLED_ITEM('',(#911),#904);
#913=ADVANCED_FACE('',(#1626),#1628,.T.);
#914=COLOUR_RGB($,1.,0.843137254901961,0.);
#915=FILL_AREA_STYLE_COLOUR($,#914);
#916=FILL_AREA_STYLE($,(#915));
#917=SURFACE_STYLE_FILL_AREA(#916);
#918=SURFACE_SIDE_STYLE('',(#917));
#919=SURFACE_STYLE_USAGE(.BOTH.,#918);
#920=PRESENTATION_STYLE_ASSIGNMENT((#919));
#921=STYLED_ITEM('',(#920),#913);
#922=ADVANCED_FACE('',(#1633),#1635,.F.);
#923=COLOUR_RGB($,1.,0.843137254901961,0.);
#924=FILL_AREA_STYLE_COLOUR($,#923);
#925=FILL_AREA_STYLE($,(#924));
#926=SURFACE_STYLE_FILL_AREA(#925);
#927=SURFACE_SIDE_STYLE('',(#926));
#928=SURFACE_STYLE_USAGE(.BOTH.,#927);
#929=PRESENTATION_STYLE_ASSIGNMENT((#928));
#930=STYLED_ITEM('',(#929),#922);
#931=ADVANCED_FACE('',(#1640),#1642,.F.);
#932=COLOUR_RGB($,1.,0.843137254901961,0.);
#933=FILL_AREA_STYLE_COLOUR($,#932);
#934=FILL_AREA_STYLE($,(#933));
#935=SURFACE_STYLE_FILL_AREA(#934);
#936=SURFACE_SIDE_STYLE('',(#935));
#937=SURFACE_STYLE_USAGE(.BOTH.,#936);
#938=PRESENTATION_STYLE_ASSIGNMENT((#937));
#939=STYLED_ITEM('',(#938),#931);
#940=ADVANCED_FACE('',(#1647),#1649,.F.);
#941=COLOUR_RGB($,1.,0.843137254901961,0.);
#942=FILL_AREA_STYLE_COLOUR($,#941);
#943=FILL_AREA_STYLE($,(#942));
#944=SURFACE_STYLE_FILL_AREA(#943);
#945=SURFACE_SIDE_STYLE('',(#944));
#946=SURFACE_STYLE_USAGE(.BOTH.,#945);
#947=PRESENTATION_STYLE_ASSIGNMENT((#946));
#948=STYLED_ITEM('',(#947),#940);
#949=FACE_BOUND('',#950,.T.);
#950=EDGE_LOOP('',(#1654,#1655,#1656,#1657,#1658,#1659,#1660,#1661,#1662,#1663,#1664,
#1665,#1666,#1667,#1668,#1669,#1670,#1671,#1672,#1673,#1674,#1675));
#951=PLANE('',#952);
#952=AXIS2_PLACEMENT_3D('',#953,#954,#955);
#953=CARTESIAN_POINT('',(-1.25,-1.5,2.));
#954=DIRECTION('',(0.,-1.,0.));
#955=DIRECTION('',(1.,0.,0.));
#956=FACE_BOUND('',#957,.T.);
#957=EDGE_LOOP('',(#1676,#1677,#1678,#1679));
#958=PLANE('',#959);
#959=AXIS2_PLACEMENT_3D('',#960,#961,#962);
#960=CARTESIAN_POINT('',(0.,0.,7.));
#961=DIRECTION('',(0.,0.,1.));
#962=DIRECTION('',(1.,0.,0.));
#963=FACE_BOUND('',#964,.T.);
#964=EDGE_LOOP('',(#1680,#1681,#1682,#1683));
#965=PLANE('',#966);
#966=AXIS2_PLACEMENT_3D('',#967,#968,#969);
#967=CARTESIAN_POINT('',(0.,0.,7.));
#968=DIRECTION('',(0.,0.,1.));
#969=DIRECTION('',(1.,0.,0.));
#970=FACE_BOUND('',#971,.T.);
#971=EDGE_LOOP('',(#1684,#1685,#1686,#1687,#1688,#1689,#1690,#1691,#1692,#1693,#1694,
#1695,#1696,#1697,#1698,#1699,#1700,#1701,#1702,#1703,#1704,#1705,#1706,#1707,#1708,
#1709,#1710,#1711,#1712,#1713));
#972=PLANE('',#973);
#973=AXIS2_PLACEMENT_3D('',#974,#975,#976);
#974=CARTESIAN_POINT('',(-1.25,-2.2,0.));
#975=DIRECTION('',(0.,-1.,0.));
#976=DIRECTION('',(1.,0.,0.));
#977=FACE_BOUND('',#978,.T.);
#978=EDGE_LOOP('',(#1714,#1715,#1716,#1717));
#979=PLANE('',#980);
#980=AXIS2_PLACEMENT_3D('',#981,#982,#983);
#981=CARTESIAN_POINT('',(5.85,-1.5,6.6));
#982=DIRECTION('',(0.707106781186547,0.,-0.707106781186547));
#983=DIRECTION('',(0.707106781186547,0.,0.707106781186547));
#984=FACE_BOUND('',#985,.T.);
#985=EDGE_LOOP('',(#1718,#1719,#1720,#1721));
#986=PLANE('',#987);
#987=AXIS2_PLACEMENT_3D('',#988,#989,#990);
#988=CARTESIAN_POINT('',(6.25,-1.5,6.2));
#989=DIRECTION('',(0.707106781186547,0.,0.707106781186547));
#990=DIRECTION('',(-0.707106781186547,0.,0.707106781186547));
#991=FACE_BOUND('',#992,.T.);
#992=EDGE_LOOP('',(#1722,#1723,#1724,#1725));
#993=PLANE('',#994);
#994=AXIS2_PLACEMENT_3D('',#995,#996,#997);
#995=CARTESIAN_POINT('',(6.25,-1.5,3.6));
#996=DIRECTION('',(1.,0.,-0.));
#997=DIRECTION('',(0.,0.,1.));
#998=FACE_BOUND('',#999,.T.);
#999=EDGE_LOOP('',(#1726,#1727,#1728,#1729));
#1000=CYLINDRICAL_SURFACE('',#1001,0.6);
#1001=AXIS2_PLACEMENT_3D('',#1002,#1003,#1004);
#1002=CARTESIAN_POINT('',(5.65,-1.5,3.6));
#1003=DIRECTION('',(0.,-1.,0.));
#1004=DIRECTION('',(1.85037170770859E-016,0.,-1.));
#1005=FACE_BOUND('',#1006,.T.);
#1006=EDGE_LOOP('',(#1730,#1731,#1732,#1733));
#1007=PLANE('',#1008);
#1008=AXIS2_PLACEMENT_3D('',#1009,#1010,#1011);
#1009=CARTESIAN_POINT('',(3.75,-1.5,3.));
#1010=DIRECTION('',(0.,0.,-1.));
#1011=DIRECTION('',(1.,0.,0.));
#1012=FACE_BOUND('',#1013,.T.);
#1013=EDGE_LOOP('',(#1734,#1735,#1736,#1737));
#1014=PLANE('',#1015);
#1015=AXIS2_PLACEMENT_3D('',#1016,#1017,#1018);
#1016=CARTESIAN_POINT('',(3.75,-1.5,7.));
#1017=DIRECTION('',(-1.,-0.,-0.));
#1018=DIRECTION('',(0.,0.,-1.));
#1019=FACE_BOUND('',#1020,.T.);
#1020=EDGE_LOOP('',(#1738,#1739,#1740,#1741,#1742,#1743,#1744,#1745));
#1021=PLANE('',#1022);
#1022=AXIS2_PLACEMENT_3D('',#1023,#1024,#1025);
#1023=CARTESIAN_POINT('',(7.5,0.,0.));
#1024=DIRECTION('',(-1.,-0.,-0.));
#1025=DIRECTION('',(0.,0.,1.));
#1026=FACE_BOUND('',#1027,.T.);
#1027=EDGE_LOOP('',(#1746,#1747,#1748,#1749));
#1028=PLANE('',#1029);
#1029=AXIS2_PLACEMENT_3D('',#1030,#1031,#1032);
#1030=CARTESIAN_POINT('',(7.5,-0.4,3.));
#1031=DIRECTION('',(-0.,-0.,-1.));
#1032=DIRECTION('',(0.,-1.,0.));
#1033=FACE_BOUND('',#1034,.T.);
#1034=EDGE_LOOP('',(#1750,#1751,#1752,#1753,#1754,#1755));
#1035=PLANE('',#1036);
#1036=AXIS2_PLACEMENT_3D('',#1037,#1038,#1039);
#1037=CARTESIAN_POINT('',(6.8,0.,0.));
#1038=DIRECTION('',(-1.,-0.,-0.));
#1039=DIRECTION('',(0.,0.,1.));
#1040=FACE_BOUND('',#1041,.T.);
#1041=EDGE_LOOP('',(#1756,#1757,#1758,#1759));
#1042=FACE_BOUND('',#1043,.T.);
#1043=EDGE_LOOP('',(#1760,#1761,#1762,#1763));
#1044=FACE_BOUND('',#1045,.T.);
#1045=EDGE_LOOP('',(#1764,#1765,#1766,#1767));
#1046=FACE_BOUND('',#1047,.T.);
#1047=EDGE_LOOP('',(#1768,#1769,#1770,#1771));
#1048=PLANE('',#1049);
#1049=AXIS2_PLACEMENT_3D('',#1050,#1051,#1052);
#1050=CARTESIAN_POINT('',(0.,0.,2.));
#1051=DIRECTION('',(0.,0.,1.));
#1052=DIRECTION('',(1.,0.,0.));
#1053=FACE_BOUND('',#1054,.T.);
#1054=EDGE_LOOP('',(#1772,#1773,#1774,#1775,#1776,#1777));
#1055=PLANE('',#1056);
#1056=AXIS2_PLACEMENT_3D('',#1057,#1058,#1059);
#1057=CARTESIAN_POINT('',(-1.8,0.,0.));
#1058=DIRECTION('',(-1.,0.,0.));
#1059=DIRECTION('',(0.,0.,1.));
#1060=FACE_BOUND('',#1061,.T.);
#1061=EDGE_LOOP('',(#1778,#1779,#1780,#1781));
#1062=PLANE('',#1063);
#1063=AXIS2_PLACEMENT_3D('',#1064,#1065,#1066);
#1064=CARTESIAN_POINT('',(7.5,-0.4,3.));
#1065=DIRECTION('',(-0.,-0.,-1.));
#1066=DIRECTION('',(0.,-1.,0.));
#1067=FACE_BOUND('',#1068,.T.);
#1068=EDGE_LOOP('',(#1782,#1783,#1784,#1785,#1786,#1787,#1788,#1789));
#1069=PLANE('',#1070);
#1070=AXIS2_PLACEMENT_3D('',#1071,#1072,#1073);
#1071=CARTESIAN_POINT('',(-2.5,0.,0.));
#1072=DIRECTION('',(-1.,0.,0.));
#1073=DIRECTION('',(0.,0.,1.));
#1074=FACE_BOUND('',#1075,.T.);
#1075=EDGE_LOOP('',(#1790,#1791,#1792,#1793));
#1076=PLANE('',#1077);
#1077=AXIS2_PLACEMENT_3D('',#1078,#1079,#1080);
#1078=CARTESIAN_POINT('',(0.,0.,7.));
#1079=DIRECTION('',(0.,0.,1.));
#1080=DIRECTION('',(1.,0.,0.));
#1081=FACE_BOUND('',#1082,.T.);
#1082=EDGE_LOOP('',(#1794,#1795,#1796,#1797));
#1083=PLANE('',#1084);
#1084=AXIS2_PLACEMENT_3D('',#1085,#1086,#1087);
#1085=CARTESIAN_POINT('',(-1.25,-1.5,7.));
#1086=DIRECTION('',(-0.707106781186548,-0.,-0.707106781186547));
#1087=DIRECTION('',(0.707106781186547,0.,-0.707106781186548));
#1088=FACE_BOUND('',#1089,.T.);
#1089=EDGE_LOOP('',(#1798,#1799,#1800,#1801));
#1090=PLANE('',#1091);
#1091=AXIS2_PLACEMENT_3D('',#1092,#1093,#1094);
#1092=CARTESIAN_POINT('',(-0.85,-1.5,6.6));
#1093=DIRECTION('',(-0.707106781186548,0.,0.707106781186547));
#1094=DIRECTION('',(-0.707106781186547,0.,-0.707106781186548));
#1095=FACE_BOUND('',#1096,.T.);
#1096=EDGE_LOOP('',(#1802,#1803,#1804,#1805));
#1097=PLANE('',#1098);
#1098=AXIS2_PLACEMENT_3D('',#1099,#1100,#1101);
#1099=CARTESIAN_POINT('',(-1.25,-1.5,6.2));
#1100=DIRECTION('',(-1.,-0.,-0.));
#1101=DIRECTION('',(0.,0.,-1.));
#1102=FACE_BOUND('',#1103,.T.);
#1103=EDGE_LOOP('',(#1806,#1807,#1808,#1809));
#1104=CYLINDRICAL_SURFACE('',#1105,0.6);
#1105=AXIS2_PLACEMENT_3D('',#1106,#1107,#1108);
#1106=CARTESIAN_POINT('',(-0.65,-1.5,3.6));
#1107=DIRECTION('',(0.,-1.,0.));
#1108=DIRECTION('',(-1.,0.,0.));
#1109=FACE_BOUND('',#1110,.T.);
#1110=EDGE_LOOP('',(#1810,#1811,#1812,#1813));
#1111=PLANE('',#1112);
#1112=AXIS2_PLACEMENT_3D('',#1113,#1114,#1115);
#1113=CARTESIAN_POINT('',(-0.65,-1.5,3.));
#1114=DIRECTION('',(0.,0.,-1.));
#1115=DIRECTION('',(1.,0.,0.));
#1116=FACE_BOUND('',#1117,.T.);
#1117=EDGE_LOOP('',(#1814,#1815,#1816,#1817));
#1118=PLANE('',#1119);
#1119=AXIS2_PLACEMENT_3D('',#1120,#1121,#1122);
#1120=CARTESIAN_POINT('',(1.25,-1.5,3.));
#1121=DIRECTION('',(1.,0.,-0.));
#1122=DIRECTION('',(0.,0.,1.));
#1123=FACE_BOUND('',#1124,.T.);
#1124=EDGE_LOOP('',(#1818,#1819,#1820,#1821));
#1125=PLANE('',#1126);
#1126=AXIS2_PLACEMENT_3D('',#1127,#1128,#1129);
#1127=CARTESIAN_POINT('',(0.,0.,0.));
#1128=DIRECTION('',(0.,0.,1.));
#1129=DIRECTION('',(1.,0.,0.));
#1130=FACE_BOUND('',#1131,.T.);
#1131=EDGE_LOOP('',(#1822,#1823,#1824,#1825));
#1132=PLANE('',#1133);
#1133=AXIS2_PLACEMENT_3D('',#1134,#1135,#1136);
#1134=CARTESIAN_POINT('',(-0.85,-2.2,0.4));
#1135=DIRECTION('',(-1.,0.,0.));
#1136=DIRECTION('',(0.,1.,0.));
#1137=FACE_BOUND('',#1138,.T.);
#1138=EDGE_LOOP('',(#1826,#1827,#1828,#1829));
#1139=FACE_BOUND('',#1140,.T.);
#1140=EDGE_LOOP('',(#1830,#1831,#1832,#1833));
#1141=PLANE('',#1142);
#1142=AXIS2_PLACEMENT_3D('',#1143,#1144,#1145);
#1143=CARTESIAN_POINT('',(0.,0.,0.4));
#1144=DIRECTION('',(-0.,0.,-1.));
#1145=DIRECTION('',(-1.,0.,0.));
#1146=FACE_BOUND('',#1147,.T.);
#1147=EDGE_LOOP('',(#1834,#1835,#1836,#1837));
#1148=PLANE('',#1149);
#1149=AXIS2_PLACEMENT_3D('',#1150,#1151,#1152);
#1150=CARTESIAN_POINT('',(0.85,3.55,0.4));
#1151=DIRECTION('',(1.,0.,0.));
#1152=DIRECTION('',(0.,-1.,0.));
#1153=FACE_BOUND('',#1154,.T.);
#1154=EDGE_LOOP('',(#1838,#1839,#1840,#1841));
#1155=PLANE('',#1156);
#1156=AXIS2_PLACEMENT_3D('',#1157,#1158,#1159);
#1157=CARTESIAN_POINT('',(0.,0.,0.));
#1158=DIRECTION('',(0.,0.,1.));
#1159=DIRECTION('',(1.,0.,0.));
#1160=FACE_BOUND('',#1161,.T.);
#1161=EDGE_LOOP('',(#1842,#1843,#1844,#1845));
#1162=PLANE('',#1163);
#1163=AXIS2_PLACEMENT_3D('',#1164,#1165,#1166);
#1164=CARTESIAN_POINT('',(1.65,-2.2,0.4));
#1165=DIRECTION('',(-1.,0.,0.));
#1166=DIRECTION('',(0.,1.,0.));
#1167=FACE_BOUND('',#1168,.T.);
#1168=EDGE_LOOP('',(#1846,#1847,#1848,#1849));
#1169=FACE_BOUND('',#1170,.T.);
#1170=EDGE_LOOP('',(#1850,#1851,#1852,#1853));
#1171=PLANE('',#1172);
#1172=AXIS2_PLACEMENT_3D('',#1173,#1174,#1175);
#1173=CARTESIAN_POINT('',(2.5,0.,0.4));
#1174=DIRECTION('',(-0.,0.,-1.));
#1175=DIRECTION('',(-1.,0.,0.));
#1176=FACE_BOUND('',#1177,.T.);
#1177=EDGE_LOOP('',(#1854,#1855,#1856,#1857));
#1178=PLANE('',#1179);
#1179=AXIS2_PLACEMENT_3D('',#1180,#1181,#1182);
#1180=CARTESIAN_POINT('',(3.35,3.55,0.4));
#1181=DIRECTION('',(1.,0.,0.));
#1182=DIRECTION('',(0.,-1.,0.));
#1183=FACE_BOUND('',#1184,.T.);
#1184=EDGE_LOOP('',(#1858,#1859,#1860,#1861));
#1185=PLANE('',#1186);
#1186=AXIS2_PLACEMENT_3D('',#1187,#1188,#1189);
#1187=CARTESIAN_POINT('',(0.,0.,0.));
#1188=DIRECTION('',(0.,0.,1.));
#1189=DIRECTION('',(1.,0.,0.));
#1190=FACE_BOUND('',#1191,.T.);
#1191=EDGE_LOOP('',(#1862,#1863,#1864,#1865));
#1192=PLANE('',#1193);
#1193=AXIS2_PLACEMENT_3D('',#1194,#1195,#1196);
#1194=CARTESIAN_POINT('',(4.15,-2.2,0.4));
#1195=DIRECTION('',(-1.,0.,0.));
#1196=DIRECTION('',(0.,1.,0.));
#1197=FACE_BOUND('',#1198,.T.);
#1198=EDGE_LOOP('',(#1866,#1867,#1868,#1869));
#1199=FACE_BOUND('',#1200,.T.);
#1200=EDGE_LOOP('',(#1870,#1871,#1872,#1873));
#1201=PLANE('',#1202);
#1202=AXIS2_PLACEMENT_3D('',#1203,#1204,#1205);
#1203=CARTESIAN_POINT('',(5.,0.,0.4));
#1204=DIRECTION('',(-0.,0.,-1.));
#1205=DIRECTION('',(-1.,0.,0.));
#1206=FACE_BOUND('',#1207,.T.);
#1207=EDGE_LOOP('',(#1874,#1875,#1876,#1877));
#1208=PLANE('',#1209);
#1209=AXIS2_PLACEMENT_3D('',#1210,#1211,#1212);
#1210=CARTESIAN_POINT('',(5.85,3.55,0.4));
#1211=DIRECTION('',(1.,0.,0.));
#1212=DIRECTION('',(0.,-1.,0.));
#1213=FACE_BOUND('',#1214,.T.);
#1214=EDGE_LOOP('',(#1878,#1879,#1880,#1881));
#1215=PLANE('',#1216);
#1216=AXIS2_PLACEMENT_3D('',#1217,#1218,#1219);
#1217=CARTESIAN_POINT('',(0.,0.,0.));
#1218=DIRECTION('',(0.,0.,1.));
#1219=DIRECTION('',(1.,0.,0.));
#1220=FACE_BOUND('',#1221,.T.);
#1221=EDGE_LOOP('',(#1882,#1883,#1884,#1885,#1886));
#1222=PLANE('',#1223);
#1223=AXIS2_PLACEMENT_3D('',#1224,#1225,#1226);
#1224=CARTESIAN_POINT('',(7.5,-0.4,7.));
#1225=DIRECTION('',(0.,1.,0.));
#1226=DIRECTION('',(0.,0.,-1.));
#1227=FACE_BOUND('',#1228,.T.);
#1228=EDGE_LOOP('',(#1887,#1888,#1889,#1890,#1891,#1892,#1893,#1894,#1895,#1896,
#1897,#1898,#1899,#1900,#1901,#1902));
#1229=PLANE('',#1230);
#1230=AXIS2_PLACEMENT_3D('',#1231,#1232,#1233);
#1231=CARTESIAN_POINT('',(1.25,3.55,0.));
#1232=DIRECTION('',(0.,1.,-0.));
#1233=DIRECTION('',(-1.,0.,0.));
#1234=FACE_BOUND('',#1235,.T.);
#1235=EDGE_LOOP('',(#1903,#1904,#1905,#1906,#1907,#1908,#1909,#1910));
#1236=PLANE('',#1237);
#1237=AXIS2_PLACEMENT_3D('',#1238,#1239,#1240);
#1238=CARTESIAN_POINT('',(0.,0.,7.));
#1239=DIRECTION('',(0.,0.,1.));
#1240=DIRECTION('',(1.,0.,0.));
#1241=FACE_BOUND('',#1242,.T.);
#1242=EDGE_LOOP('',(#1911,#1912,#1913,#1914));
#1243=PLANE('',#1244);
#1244=AXIS2_PLACEMENT_3D('',#1245,#1246,#1247);
#1245=CARTESIAN_POINT('',(7.1,4.05,7.));
#1246=DIRECTION('',(0.707106781186546,0.,-0.707106781186548));
#1247=DIRECTION('',(0.,-1.,0.));
#1248=FACE_BOUND('',#1249,.T.);
#1249=EDGE_LOOP('',(#1915,#1916,#1917,#1918));
#1250=PLANE('',#1251);
#1251=AXIS2_PLACEMENT_3D('',#1252,#1253,#1254);
#1252=CARTESIAN_POINT('',(1.25,2.85,2.));
#1253=DIRECTION('',(0.,1.,-0.));
#1254=DIRECTION('',(-1.,0.,0.));
#1255=FACE_BOUND('',#1256,.T.);
#1256=EDGE_LOOP('',(#1919,#1920,#1921,#1922));
#1257=PLANE('',#1258);
#1258=AXIS2_PLACEMENT_3D('',#1259,#1260,#1261);
#1259=CARTESIAN_POINT('',(2.82,0.32,-3.5));
#1260=DIRECTION('',(0.,1.,-0.));
#1261=DIRECTION('',(-1.,0.,0.));
#1262=FACE_BOUND('',#1263,.T.);
#1263=EDGE_LOOP('',(#1923,#1924,#1925,#1926));
#1264=PLANE('',#1265);
#1265=AXIS2_PLACEMENT_3D('',#1266,#1267,#1268);
#1266=CARTESIAN_POINT('',(2.82,-0.32,-3.5));
#1267=DIRECTION('',(1.,0.,0.));
#1268=DIRECTION('',(0.,1.,0.));
#1269=FACE_BOUND('',#1270,.T.);
#1270=EDGE_LOOP('',(#1927,#1928,#1929,#1930));
#1271=PLANE('',#1272);
#1272=AXIS2_PLACEMENT_3D('',#1273,#1274,#1275);
#1273=CARTESIAN_POINT('',(2.18,-0.32,-3.5));
#1274=DIRECTION('',(0.,-1.,0.));
#1275=DIRECTION('',(1.,0.,0.));
#1276=FACE_BOUND('',#1277,.T.);
#1277=EDGE_LOOP('',(#1931,#1932,#1933,#1934));
#1278=PLANE('',#1279);
#1279=AXIS2_PLACEMENT_3D('',#1280,#1281,#1282);
#1280=CARTESIAN_POINT('',(2.18,0.32,-3.5));
#1281=DIRECTION('',(-1.,0.,0.));
#1282=DIRECTION('',(0.,-1.,0.));
#1283=FACE_BOUND('',#1284,.T.);
#1284=EDGE_LOOP('',(#1935,#1936,#1937,#1938));
#1285=PLANE('',#1286);
#1286=AXIS2_PLACEMENT_3D('',#1287,#1288,#1289);
#1287=CARTESIAN_POINT('',(5.32,0.32,-3.5));
#1288=DIRECTION('',(0.,1.,-0.));
#1289=DIRECTION('',(-1.,0.,0.));
#1290=FACE_BOUND('',#1291,.T.);
#1291=EDGE_LOOP('',(#1939,#1940,#1941,#1942));
#1292=PLANE('',#1293);
#1293=AXIS2_PLACEMENT_3D('',#1294,#1295,#1296);
#1294=CARTESIAN_POINT('',(5.32,-0.32,-3.5));
#1295=DIRECTION('',(1.,0.,0.));
#1296=DIRECTION('',(0.,1.,0.));
#1297=FACE_BOUND('',#1298,.T.);
#1298=EDGE_LOOP('',(#1943,#1944,#1945,#1946));
#1299=PLANE('',#1300);
#1300=AXIS2_PLACEMENT_3D('',#1301,#1302,#1303);
#1301=CARTESIAN_POINT('',(4.68,-0.32,-3.5));
#1302=DIRECTION('',(0.,-1.,0.));
#1303=DIRECTION('',(1.,0.,0.));
#1304=FACE_BOUND('',#1305,.T.);
#1305=EDGE_LOOP('',(#1947,#1948,#1949,#1950));
#1306=PLANE('',#1307);
#1307=AXIS2_PLACEMENT_3D('',#1308,#1309,#1310);
#1308=CARTESIAN_POINT('',(4.68,0.32,-3.5));
#1309=DIRECTION('',(-1.,0.,0.));
#1310=DIRECTION('',(0.,-1.,0.));
#1311=FACE_BOUND('',#1312,.T.);
#1312=EDGE_LOOP('',(#1951,#1952,#1953,#1954));
#1313=PLANE('',#1314);
#1314=AXIS2_PLACEMENT_3D('',#1315,#1316,#1317);
#1315=CARTESIAN_POINT('',(0.32,0.32,-3.5));
#1316=DIRECTION('',(0.,1.,-0.));
#1317=DIRECTION('',(-1.,0.,0.));
#1318=FACE_BOUND('',#1319,.T.);
#1319=EDGE_LOOP('',(#1955,#1956,#1957,#1958));
#1320=PLANE('',#1321);
#1321=AXIS2_PLACEMENT_3D('',#1322,#1323,#1324);
#1322=CARTESIAN_POINT('',(0.32,-0.32,-3.5));
#1323=DIRECTION('',(1.,0.,0.));
#1324=DIRECTION('',(0.,1.,0.));
#1325=FACE_BOUND('',#1326,.T.);
#1326=EDGE_LOOP('',(#1959,#1960,#1961,#1962));
#1327=PLANE('',#1328);
#1328=AXIS2_PLACEMENT_3D('',#1329,#1330,#1331);
#1329=CARTESIAN_POINT('',(-0.32,-0.32,-3.5));
#1330=DIRECTION('',(0.,-1.,0.));
#1331=DIRECTION('',(1.,0.,0.));
#1332=FACE_BOUND('',#1333,.T.);
#1333=EDGE_LOOP('',(#1963,#1964,#1965,#1966));
#1334=PLANE('',#1335);
#1335=AXIS2_PLACEMENT_3D('',#1336,#1337,#1338);
#1336=CARTESIAN_POINT('',(-0.32,0.32,-3.5));
#1337=DIRECTION('',(-1.,0.,0.));
#1338=DIRECTION('',(0.,-1.,0.));
#1339=FACE_BOUND('',#1340,.T.);
#1340=EDGE_LOOP('',(#1967,#1968,#1969,#1970));
#1341=PLANE('',#1342);
#1342=AXIS2_PLACEMENT_3D('',#1343,#1344,#1345);
#1343=CARTESIAN_POINT('',(-2.1,4.05,7.));
#1344=DIRECTION('',(0.707106781186546,5.55784941126999E-017,0.707106781186549));
#1345=DIRECTION('',(7.85998601504536E-017,-1.,6.17045238379134E-033));
#1346=FACE_BOUND('',#1347,.T.);
#1347=EDGE_LOOP('',(#1971,#1972,#1973,#1974,#1975));
#1348=PLANE('',#1349);
#1349=AXIS2_PLACEMENT_3D('',#1350,#1351,#1352);
#1350=CARTESIAN_POINT('',(7.5,-0.4,7.));
#1351=DIRECTION('',(0.,1.,0.));
#1352=DIRECTION('',(0.,0.,-1.));
#1353=FACE_BOUND('',#1354,.T.);
#1354=EDGE_LOOP('',(#1976,#1977,#1978,#1979));
#1355=PLANE('',#1356);
#1356=AXIS2_PLACEMENT_3D('',#1357,#1358,#1359);
#1357=CARTESIAN_POINT('',(0.32,0.32,-3.5));
#1358=DIRECTION('',(0.,1.,-0.));
#1359=DIRECTION('',(-1.,0.,0.));
#1360=FACE_BOUND('',#1361,.T.);
#1361=EDGE_LOOP('',(#1980,#1981,#1982,#1983));
#1362=PLANE('',#1363);
#1363=AXIS2_PLACEMENT_3D('',#1364,#1365,#1366);
#1364=CARTESIAN_POINT('',(-0.32,0.32,-3.5));
#1365=DIRECTION('',(-1.,0.,0.));
#1366=DIRECTION('',(0.,-1.,0.));
#1367=FACE_BOUND('',#1368,.T.);
#1368=EDGE_LOOP('',(#1984,#1985,#1986,#1987));
#1369=PLANE('',#1370);
#1370=AXIS2_PLACEMENT_3D('',#1371,#1372,#1373);
#1371=CARTESIAN_POINT('',(-0.32,-0.32,-3.5));
#1372=DIRECTION('',(0.,-1.,0.));
#1373=DIRECTION('',(1.,0.,0.));
#1374=FACE_BOUND('',#1375,.T.);
#1375=EDGE_LOOP('',(#1988,#1989,#1990,#1991));
#1376=PLANE('',#1377);
#1377=AXIS2_PLACEMENT_3D('',#1378,#1379,#1380);
#1378=CARTESIAN_POINT('',(0.32,-0.32,-3.5));
#1379=DIRECTION('',(1.,0.,0.));
#1380=DIRECTION('',(0.,1.,0.));
#1381=FACE_BOUND('',#1382,.T.);
#1382=EDGE_LOOP('',(#1992,#1993,#1994,#1995));
#1383=PLANE('',#1384);
#1384=AXIS2_PLACEMENT_3D('',#1385,#1386,#1387);
#1385=CARTESIAN_POINT('',(2.82,0.32,-3.5));
#1386=DIRECTION('',(0.,1.,-0.));
#1387=DIRECTION('',(-1.,0.,0.));
#1388=FACE_BOUND('',#1389,.T.);
#1389=EDGE_LOOP('',(#1996,#1997,#1998,#1999));
#1390=PLANE('',#1391);
#1391=AXIS2_PLACEMENT_3D('',#1392,#1393,#1394);
#1392=CARTESIAN_POINT('',(2.18,0.32,-3.5));
#1393=DIRECTION('',(-1.,0.,0.));
#1394=DIRECTION('',(0.,-1.,0.));
#1395=FACE_BOUND('',#1396,.T.);
#1396=EDGE_LOOP('',(#2000,#2001,#2002,#2003));
#1397=PLANE('',#1398);
#1398=AXIS2_PLACEMENT_3D('',#1399,#1400,#1401);
#1399=CARTESIAN_POINT('',(2.18,-0.32,-3.5));
#1400=DIRECTION('',(0.,-1.,0.));
#1401=DIRECTION('',(1.,0.,0.));
#1402=FACE_BOUND('',#1403,.T.);
#1403=EDGE_LOOP('',(#2004,#2005,#2006,#2007));
#1404=PLANE('',#1405);
#1405=AXIS2_PLACEMENT_3D('',#1406,#1407,#1408);
#1406=CARTESIAN_POINT('',(2.82,-0.32,-3.5));
#1407=DIRECTION('',(1.,0.,0.));
#1408=DIRECTION('',(0.,1.,0.));
#1409=FACE_BOUND('',#1410,.T.);
#1410=EDGE_LOOP('',(#2008,#2009,#2010,#2011));
#1411=PLANE('',#1412);
#1412=AXIS2_PLACEMENT_3D('',#1413,#1414,#1415);
#1413=CARTESIAN_POINT('',(5.32,0.32,-3.5));
#1414=DIRECTION('',(0.,1.,-0.));
#1415=DIRECTION('',(-1.,0.,0.));
#1416=FACE_BOUND('',#1417,.T.);
#1417=EDGE_LOOP('',(#2012,#2013,#2014,#2015));
#1418=PLANE('',#1419);
#1419=AXIS2_PLACEMENT_3D('',#1420,#1421,#1422);
#1420=CARTESIAN_POINT('',(4.68,0.32,-3.5));
#1421=DIRECTION('',(-1.,0.,0.));
#1422=DIRECTION('',(0.,-1.,0.));
#1423=FACE_BOUND('',#1424,.T.);
#1424=EDGE_LOOP('',(#2016,#2017,#2018,#2019));
#1425=PLANE('',#1426);
#1426=AXIS2_PLACEMENT_3D('',#1427,#1428,#1429);
#1427=CARTESIAN_POINT('',(4.68,-0.32,-3.5));
#1428=DIRECTION('',(0.,-1.,0.));
#1429=DIRECTION('',(1.,0.,0.));
#1430=FACE_BOUND('',#1431,.T.);
#1431=EDGE_LOOP('',(#2020,#2021,#2022,#2023));
#1432=PLANE('',#1433);
#1433=AXIS2_PLACEMENT_3D('',#1434,#1435,#1436);
#1434=CARTESIAN_POINT('',(5.32,-0.32,-3.5));
#1435=DIRECTION('',(1.,0.,0.));
#1436=DIRECTION('',(0.,1.,0.));
#1437=FACE_BOUND('',#1438,.T.);
#1438=EDGE_LOOP('',(#2024,#2025,#2026,#2027));
#1439=PLANE('',#1440);
#1440=AXIS2_PLACEMENT_3D('',#1441,#1442,#1443);
#1441=CARTESIAN_POINT('',(8.,3.15,7.));
#1442=DIRECTION('',(0.,-0.707106781186548,0.707106781186548));
#1443=DIRECTION('',(-1.,0.,0.));
#1444=FACE_BOUND('',#1445,.T.);
#1445=EDGE_LOOP('',(#2028,#2029,#2030,#2031));
#1446=PLANE('',#1447);
#1447=AXIS2_PLACEMENT_3D('',#1448,#1449,#1450);
#1448=CARTESIAN_POINT('',(3.76641016151378,0.32,6.12679491924311));
#1449=DIRECTION('',(1.8151898764984E-016,0.965925826289069,0.258819045102519));
#1450=DIRECTION('',(-1.,3.76053679555885E-032,7.01335512531312E-016));
#1451=FACE_BOUND('',#1452,.T.);
#1452=EDGE_LOOP('',(#2032,#2033,#2034,#2035));
#1453=PLANE('',#1454);
#1454=AXIS2_PLACEMENT_3D('',#1455,#1456,#1457);
#1455=CARTESIAN_POINT('',(2.82,-1.26641016151378,6.12679491924311));
#1456=DIRECTION('',(0.965925826289069,-1.8151898764984E-016,0.258819045102519));
#1457=DIRECTION('',(3.76053679555885E-032,1.,7.01335512531312E-016));
#1458=FACE_BOUND('',#1459,.T.);
#1459=EDGE_LOOP('',(#2036,#2037,#2038,#2039));
#1460=PLANE('',#1461);
#1461=AXIS2_PLACEMENT_3D('',#1462,#1463,#1464);
#1462=CARTESIAN_POINT('',(1.23358983848622,-0.32,6.12679491924311));
#1463=DIRECTION('',(0.,-0.965925826289068,0.258819045102522));
#1464=DIRECTION('',(1.,0.,0.));
#1465=FACE_BOUND('',#1466,.T.);
#1466=EDGE_LOOP('',(#2040,#2041,#2042,#2043));
#1467=PLANE('',#1468);
#1468=AXIS2_PLACEMENT_3D('',#1469,#1470,#1471);
#1469=CARTESIAN_POINT('',(2.18,1.26641016151378,6.12679491924311));
#1470=DIRECTION('',(-0.965925826289069,1.8151898764984E-016,0.258819045102519));
#1471=DIRECTION('',(-3.76053679555885E-032,-1.,7.01335512531312E-016));
#1472=FACE_BOUND('',#1473,.T.);
#1473=EDGE_LOOP('',(#2044,#2045,#2046,#2047));
#1474=PLANE('',#1475);
#1475=AXIS2_PLACEMENT_3D('',#1476,#1477,#1478);
#1476=CARTESIAN_POINT('',(6.26641016151378,0.32,6.12679491924311));
#1477=DIRECTION('',(0.,0.965925826289068,0.258819045102522));
#1478=DIRECTION('',(-1.,0.,0.));
#1479=FACE_BOUND('',#1480,.T.);
#1480=EDGE_LOOP('',(#2048,#2049,#2050,#2051));
#1481=PLANE('',#1482);
#1482=AXIS2_PLACEMENT_3D('',#1483,#1484,#1485);
#1483=CARTESIAN_POINT('',(5.32,-1.26641016151378,6.12679491924311));
#1484=DIRECTION('',(0.965925826289069,-1.81518987649839E-016,0.258819045102518));
#1485=DIRECTION('',(-3.76053679555885E-032,1.,7.01335512531312E-016));
#1486=FACE_BOUND('',#1487,.T.);
#1487=EDGE_LOOP('',(#2052,#2053,#2054,#2055));
#1488=PLANE('',#1489);
#1489=AXIS2_PLACEMENT_3D('',#1490,#1491,#1492);
#1490=CARTESIAN_POINT('',(3.73358983848622,-0.32,6.12679491924311));
#1491=DIRECTION('',(0.,-0.965925826289068,0.258819045102522));
#1492=DIRECTION('',(1.,0.,0.));
#1493=FACE_BOUND('',#1494,.T.);
#1494=EDGE_LOOP('',(#2056,#2057,#2058,#2059));
#1495=PLANE('',#1496);
#1496=AXIS2_PLACEMENT_3D('',#1497,#1498,#1499);
#1497=CARTESIAN_POINT('',(4.68,1.26641016151378,6.12679491924311));
#1498=DIRECTION('',(-0.965925826289069,1.81518987649839E-016,0.258819045102518));
#1499=DIRECTION('',(3.76053679555885E-032,-1.,7.01335512531312E-016));
#1500=FACE_BOUND('',#1501,.T.);
#1501=EDGE_LOOP('',(#2060,#2061,#2062,#2063));
#1502=PLANE('',#1503);
#1503=AXIS2_PLACEMENT_3D('',#1504,#1505,#1506);
#1504=CARTESIAN_POINT('',(1.26641016151378,0.32,6.12679491924311));
#1505=DIRECTION('',(0.,0.965925826289068,0.258819045102522));
#1506=DIRECTION('',(-1.,0.,0.));
#1507=FACE_BOUND('',#1508,.T.);
#1508=EDGE_LOOP('',(#2064,#2065,#2066,#2067));
#1509=PLANE('',#1510);
#1510=AXIS2_PLACEMENT_3D('',#1511,#1512,#1513);
#1511=CARTESIAN_POINT('',(0.32,-1.26641016151378,6.12679491924311));
#1512=DIRECTION('',(0.965925826289069,-1.8151898764984E-016,0.258819045102519));
#1513=DIRECTION('',(3.76053679555885E-032,1.,7.01335512531312E-016));
#1514=FACE_BOUND('',#1515,.T.);
#1515=EDGE_LOOP('',(#2068,#2069,#2070,#2071));
#1516=PLANE('',#1517);
#1517=AXIS2_PLACEMENT_3D('',#1518,#1519,#1520);
#1518=CARTESIAN_POINT('',(-1.26641016151378,-0.32,6.12679491924311));
#1519=DIRECTION('',(0.,-0.965925826289068,0.258819045102522));
#1520=DIRECTION('',(1.,0.,0.));
#1521=FACE_BOUND('',#1522,.T.);
#1522=EDGE_LOOP('',(#2072,#2073,#2074,#2075));
#1523=PLANE('',#1524);
#1524=AXIS2_PLACEMENT_3D('',#1525,#1526,#1527);
#1525=CARTESIAN_POINT('',(-0.32,1.26641016151378,6.12679491924311));
#1526=DIRECTION('',(-0.965925826289069,1.8151898764984E-016,0.258819045102519));
#1527=DIRECTION('',(-3.76053679555885E-032,-1.,7.01335512531312E-016));
#1528=FACE_BOUND('',#1529,.T.);
#1529=EDGE_LOOP('',(#2076,#2077,#2078,#2079));
#1530=PLANE('',#1531);
#1531=AXIS2_PLACEMENT_3D('',#1532,#1533,#1534);
#1532=CARTESIAN_POINT('',(1.26641016151378,0.32,-3.12679491924311));
#1533=DIRECTION('',(0.,-0.965925826289068,0.258819045102521));
#1534=DIRECTION('',(-1.,0.,0.));
#1535=FACE_BOUND('',#1536,.T.);
#1536=EDGE_LOOP('',(#2080,#2081,#2082,#2083));
#1537=PLANE('',#1538);
#1538=AXIS2_PLACEMENT_3D('',#1539,#1540,#1541);
#1539=CARTESIAN_POINT('',(-0.32,1.26641016151378,-3.12679491924311));
#1540=DIRECTION('',(0.965925826289068,0.,0.258819045102521));
#1541=DIRECTION('',(0.,-1.,0.));
#1542=FACE_BOUND('',#1543,.T.);
#1543=EDGE_LOOP('',(#2084,#2085,#2086,#2087));
#1544=PLANE('',#1545);
#1545=AXIS2_PLACEMENT_3D('',#1546,#1547,#1548);
#1546=CARTESIAN_POINT('',(-1.26641016151378,-0.32,-3.12679491924311));
#1547=DIRECTION('',(-0.,0.965925826289068,0.258819045102521));
#1548=DIRECTION('',(1.,0.,0.));
#1549=FACE_BOUND('',#1550,.T.);
#1550=EDGE_LOOP('',(#2088,#2089,#2090,#2091));
#1551=PLANE('',#1552);
#1552=AXIS2_PLACEMENT_3D('',#1553,#1554,#1555);
#1553=CARTESIAN_POINT('',(0.32,-1.26641016151378,-3.12679491924311));
#1554=DIRECTION('',(-0.965925826289068,0.,0.258819045102521));
#1555=DIRECTION('',(0.,1.,0.));
#1556=FACE_BOUND('',#1557,.T.);
#1557=EDGE_LOOP('',(#2092,#2093,#2094,#2095));
#1558=PLANE('',#1559);
#1559=AXIS2_PLACEMENT_3D('',#1560,#1561,#1562);
#1560=CARTESIAN_POINT('',(3.76641016151378,0.32,-3.12679491924311));
#1561=DIRECTION('',(0.,-0.965925826289068,0.258819045102521));
#1562=DIRECTION('',(-1.,0.,0.));
#1563=FACE_BOUND('',#1564,.T.);
#1564=EDGE_LOOP('',(#2096,#2097,#2098,#2099));
#1565=PLANE('',#1566);
#1566=AXIS2_PLACEMENT_3D('',#1567,#1568,#1569);
#1567=CARTESIAN_POINT('',(2.18,1.26641016151378,-3.12679491924311));
#1568=DIRECTION('',(0.965925826289068,0.,0.258819045102521));
#1569=DIRECTION('',(0.,-1.,0.));
#1570=FACE_BOUND('',#1571,.T.);
#1571=EDGE_LOOP('',(#2100,#2101,#2102,#2103));
#1572=PLANE('',#1573);
#1573=AXIS2_PLACEMENT_3D('',#1574,#1575,#1576);
#1574=CARTESIAN_POINT('',(1.23358983848622,-0.32,-3.12679491924311));
#1575=DIRECTION('',(-0.,0.965925826289068,0.258819045102521));
#1576=DIRECTION('',(1.,0.,0.));
#1577=FACE_BOUND('',#1578,.T.);
#1578=EDGE_LOOP('',(#2104,#2105,#2106,#2107));
#1579=PLANE('',#1580);
#1580=AXIS2_PLACEMENT_3D('',#1581,#1582,#1583);
#1581=CARTESIAN_POINT('',(2.82,-1.26641016151378,-3.12679491924311));
#1582=DIRECTION('',(-0.965925826289068,0.,0.258819045102521));
#1583=DIRECTION('',(0.,1.,0.));
#1584=FACE_BOUND('',#1585,.T.);
#1585=EDGE_LOOP('',(#2108,#2109,#2110,#2111));
#1586=PLANE('',#1587);
#1587=AXIS2_PLACEMENT_3D('',#1588,#1589,#1590);
#1588=CARTESIAN_POINT('',(6.26641016151378,0.32,-3.12679491924311));
#1589=DIRECTION('',(0.,-0.965925826289068,0.258819045102521));
#1590=DIRECTION('',(-1.,0.,0.));
#1591=FACE_BOUND('',#1592,.T.);
#1592=EDGE_LOOP('',(#2112,#2113,#2114,#2115));
#1593=PLANE('',#1594);
#1594=AXIS2_PLACEMENT_3D('',#1595,#1596,#1597);
#1595=CARTESIAN_POINT('',(4.68,1.26641016151378,-3.12679491924311));
#1596=DIRECTION('',(0.965925826289069,0.,0.25881904510252));
#1597=DIRECTION('',(0.,-1.,0.));
#1598=FACE_BOUND('',#1599,.T.);
#1599=EDGE_LOOP('',(#2116,#2117,#2118,#2119));
#1600=PLANE('',#1601);
#1601=AXIS2_PLACEMENT_3D('',#1602,#1603,#1604);
#1602=CARTESIAN_POINT('',(3.73358983848622,-0.32,-3.12679491924311));
#1603=DIRECTION('',(-0.,0.965925826289068,0.258819045102521));
#1604=DIRECTION('',(1.,0.,0.));
#1605=FACE_BOUND('',#1606,.T.);
#1606=EDGE_LOOP('',(#2120,#2121,#2122,#2123));
#1607=PLANE('',#1608);
#1608=AXIS2_PLACEMENT_3D('',#1609,#1610,#1611);
#1609=CARTESIAN_POINT('',(5.32,-1.26641016151378,-3.12679491924311));
#1610=DIRECTION('',(-0.965925826289069,0.,0.25881904510252));
#1611=DIRECTION('',(0.,1.,0.));
#1612=FACE_BOUND('',#1613,.T.);
#1613=EDGE_LOOP('',(#2124,#2125,#2126,#2127));
#1614=PLANE('',#1615);
#1615=AXIS2_PLACEMENT_3D('',#1616,#1617,#1618);
#1616=CARTESIAN_POINT('',(2.5,0.,6.5));
#1617=DIRECTION('',(0.,0.,1.));
#1618=DIRECTION('',(1.,0.,0.));
#1619=FACE_BOUND('',#1620,.T.);
#1620=EDGE_LOOP('',(#2128,#2129,#2130,#2131));
#1621=PLANE('',#1622);
#1622=AXIS2_PLACEMENT_3D('',#1623,#1624,#1625);
#1623=CARTESIAN_POINT('',(5.,0.,6.5));
#1624=DIRECTION('',(0.,0.,1.));
#1625=DIRECTION('',(1.,0.,0.));
#1626=FACE_BOUND('',#1627,.T.);
#1627=EDGE_LOOP('',(#2132,#2133,#2134,#2135));
#1628=PLANE('',#1629);
#1629=AXIS2_PLACEMENT_3D('',#1630,#1631,#1632);
#1630=CARTESIAN_POINT('',(0.,0.,6.5));
#1631=DIRECTION('',(0.,0.,1.));
#1632=DIRECTION('',(1.,0.,0.));
#1633=FACE_BOUND('',#1634,.T.);
#1634=EDGE_LOOP('',(#2136,#2137,#2138,#2139));
#1635=PLANE('',#1636);
#1636=AXIS2_PLACEMENT_3D('',#1637,#1638,#1639);
#1637=CARTESIAN_POINT('',(0.,0.,-3.5));
#1638=DIRECTION('',(0.,0.,1.));
#1639=DIRECTION('',(1.,0.,0.));
#1640=FACE_BOUND('',#1641,.T.);
#1641=EDGE_LOOP('',(#2140,#2141,#2142,#2143));
#1642=PLANE('',#1643);
#1643=AXIS2_PLACEMENT_3D('',#1644,#1645,#1646);
#1644=CARTESIAN_POINT('',(2.5,0.,-3.5));
#1645=DIRECTION('',(0.,0.,1.));
#1646=DIRECTION('',(1.,0.,0.));
#1647=FACE_BOUND('',#1648,.T.);
#1648=EDGE_LOOP('',(#2144,#2145,#2146,#2147));
#1649=PLANE('',#1650);
#1650=AXIS2_PLACEMENT_3D('',#1651,#1652,#1653);
#1651=CARTESIAN_POINT('',(5.,0.,-3.5));
#1652=DIRECTION('',(0.,0.,1.));
#1653=DIRECTION('',(1.,0.,0.));
#1654=ORIENTED_EDGE('',*,*,#2148,.T.);
#1655=ORIENTED_EDGE('',*,*,#2149,.T.);
#1656=ORIENTED_EDGE('',*,*,#2150,.T.);
#1657=ORIENTED_EDGE('',*,*,#2151,.T.);
#1658=ORIENTED_EDGE('',*,*,#2152,.T.);
#1659=ORIENTED_EDGE('',*,*,#2153,.T.);
#1660=ORIENTED_EDGE('',*,*,#2154,.F.);
#1661=ORIENTED_EDGE('',*,*,#2155,.F.);
#1662=ORIENTED_EDGE('',*,*,#2156,.T.);
#1663=ORIENTED_EDGE('',*,*,#2157,.F.);
#1664=ORIENTED_EDGE('',*,*,#2158,.F.);
#1665=ORIENTED_EDGE('',*,*,#2159,.T.);
#1666=ORIENTED_EDGE('',*,*,#2160,.T.);
#1667=ORIENTED_EDGE('',*,*,#2161,.F.);
#1668=ORIENTED_EDGE('',*,*,#2162,.F.);
#1669=ORIENTED_EDGE('',*,*,#2163,.T.);
#1670=ORIENTED_EDGE('',*,*,#2164,.T.);
#1671=ORIENTED_EDGE('',*,*,#2165,.T.);
#1672=ORIENTED_EDGE('',*,*,#2166,.T.);
#1673=ORIENTED_EDGE('',*,*,#2167,.T.);
#1674=ORIENTED_EDGE('',*,*,#2168,.T.);
#1675=ORIENTED_EDGE('',*,*,#2169,.F.);
#1676=ORIENTED_EDGE('',*,*,#2170,.T.);
#1677=ORIENTED_EDGE('',*,*,#2169,.T.);
#1678=ORIENTED_EDGE('',*,*,#2171,.T.);
#1679=ORIENTED_EDGE('',*,*,#2172,.T.);
#1680=ORIENTED_EDGE('',*,*,#2173,.T.);
#1681=ORIENTED_EDGE('',*,*,#2174,.T.);
#1682=ORIENTED_EDGE('',*,*,#2175,.T.);
#1683=ORIENTED_EDGE('',*,*,#2154,.T.);
#1684=ORIENTED_EDGE('',*,*,#2176,.T.);
#1685=ORIENTED_EDGE('',*,*,#2172,.F.);
#1686=ORIENTED_EDGE('',*,*,#2177,.T.);
#1687=ORIENTED_EDGE('',*,*,#2178,.T.);
#1688=ORIENTED_EDGE('',*,*,#2179,.T.);
#1689=ORIENTED_EDGE('',*,*,#2180,.T.);
#1690=ORIENTED_EDGE('',*,*,#2181,.T.);
#1691=ORIENTED_EDGE('',*,*,#2182,.T.);
#1692=ORIENTED_EDGE('',*,*,#2183,.F.);
#1693=ORIENTED_EDGE('',*,*,#2184,.F.);
#1694=ORIENTED_EDGE('',*,*,#2185,.F.);
#1695=ORIENTED_EDGE('',*,*,#2186,.T.);
#1696=ORIENTED_EDGE('',*,*,#2187,.T.);
#1697=ORIENTED_EDGE('',*,*,#2188,.T.);
#1698=ORIENTED_EDGE('',*,*,#2189,.T.);
#1699=ORIENTED_EDGE('',*,*,#2190,.T.);
#1700=ORIENTED_EDGE('',*,*,#2191,.T.);
#1701=ORIENTED_EDGE('',*,*,#2192,.T.);
#1702=ORIENTED_EDGE('',*,*,#2193,.T.);
#1703=ORIENTED_EDGE('',*,*,#2194,.T.);
#1704=ORIENTED_EDGE('',*,*,#2195,.T.);
#1705=ORIENTED_EDGE('',*,*,#2196,.T.);
#1706=ORIENTED_EDGE('',*,*,#2197,.T.);
#1707=ORIENTED_EDGE('',*,*,#2198,.T.);
#1708=ORIENTED_EDGE('',*,*,#2174,.F.);
#1709=ORIENTED_EDGE('',*,*,#2199,.T.);
#1710=ORIENTED_EDGE('',*,*,#2200,.T.);
#1711=ORIENTED_EDGE('',*,*,#2201,.T.);
#1712=ORIENTED_EDGE('',*,*,#2202,.T.);
#1713=ORIENTED_EDGE('',*,*,#2203,.T.);
#1714=ORIENTED_EDGE('',*,*,#2199,.F.);
#1715=ORIENTED_EDGE('',*,*,#2173,.F.);
#1716=ORIENTED_EDGE('',*,*,#2153,.F.);
#1717=ORIENTED_EDGE('',*,*,#2204,.T.);
#1718=ORIENTED_EDGE('',*,*,#2200,.F.);
#1719=ORIENTED_EDGE('',*,*,#2204,.F.);
#1720=ORIENTED_EDGE('',*,*,#2152,.F.);
#1721=ORIENTED_EDGE('',*,*,#2205,.T.);
#1722=ORIENTED_EDGE('',*,*,#2201,.F.);
#1723=ORIENTED_EDGE('',*,*,#2205,.F.);
#1724=ORIENTED_EDGE('',*,*,#2151,.F.);
#1725=ORIENTED_EDGE('',*,*,#2206,.T.);
#1726=ORIENTED_EDGE('',*,*,#2202,.F.);
#1727=ORIENTED_EDGE('',*,*,#2206,.F.);
#1728=ORIENTED_EDGE('',*,*,#2150,.F.);
#1729=ORIENTED_EDGE('',*,*,#2207,.T.);
#1730=ORIENTED_EDGE('',*,*,#2203,.F.);
#1731=ORIENTED_EDGE('',*,*,#2207,.F.);
#1732=ORIENTED_EDGE('',*,*,#2149,.F.);
#1733=ORIENTED_EDGE('',*,*,#2208,.T.);
#1734=ORIENTED_EDGE('',*,*,#2176,.F.);
#1735=ORIENTED_EDGE('',*,*,#2208,.F.);
#1736=ORIENTED_EDGE('',*,*,#2148,.F.);
#1737=ORIENTED_EDGE('',*,*,#2170,.F.);
#1738=ORIENTED_EDGE('',*,*,#2209,.T.);
#1739=ORIENTED_EDGE('',*,*,#2210,.T.);
#1740=ORIENTED_EDGE('',*,*,#2155,.T.);
#1741=ORIENTED_EDGE('',*,*,#2175,.F.);
#1742=ORIENTED_EDGE('',*,*,#2198,.F.);
#1743=ORIENTED_EDGE('',*,*,#2211,.F.);
#1744=ORIENTED_EDGE('',*,*,#2212,.F.);
#1745=ORIENTED_EDGE('',*,*,#2213,.F.);
#1746=ORIENTED_EDGE('',*,*,#2214,.F.);
#1747=ORIENTED_EDGE('',*,*,#2156,.F.);
#1748=ORIENTED_EDGE('',*,*,#2210,.F.);
#1749=ORIENTED_EDGE('',*,*,#2215,.T.);
#1750=ORIENTED_EDGE('',*,*,#2216,.F.);
#1751=ORIENTED_EDGE('',*,*,#2217,.T.);
#1752=ORIENTED_EDGE('',*,*,#2218,.T.);
#1753=ORIENTED_EDGE('',*,*,#2157,.T.);
#1754=ORIENTED_EDGE('',*,*,#2214,.T.);
#1755=ORIENTED_EDGE('',*,*,#2219,.T.);
#1756=ORIENTED_EDGE('',*,*,#2220,.T.);
#1757=ORIENTED_EDGE('',*,*,#2221,.T.);
#1758=ORIENTED_EDGE('',*,*,#2158,.T.);
#1759=ORIENTED_EDGE('',*,*,#2218,.F.);
#1760=ORIENTED_EDGE('',*,*,#2222,.F.);
#1761=ORIENTED_EDGE('',*,*,#2223,.F.);
#1762=ORIENTED_EDGE('',*,*,#2224,.F.);
#1763=ORIENTED_EDGE('',*,*,#2225,.F.);
#1764=ORIENTED_EDGE('',*,*,#2226,.F.);
#1765=ORIENTED_EDGE('',*,*,#2227,.F.);
#1766=ORIENTED_EDGE('',*,*,#2228,.F.);
#1767=ORIENTED_EDGE('',*,*,#2229,.F.);
#1768=ORIENTED_EDGE('',*,*,#2230,.F.);
#1769=ORIENTED_EDGE('',*,*,#2231,.F.);
#1770=ORIENTED_EDGE('',*,*,#2232,.F.);
#1771=ORIENTED_EDGE('',*,*,#2233,.F.);
#1772=ORIENTED_EDGE('',*,*,#2234,.F.);
#1773=ORIENTED_EDGE('',*,*,#2235,.T.);
#1774=ORIENTED_EDGE('',*,*,#2236,.T.);
#1775=ORIENTED_EDGE('',*,*,#2159,.F.);
#1776=ORIENTED_EDGE('',*,*,#2221,.F.);
#1777=ORIENTED_EDGE('',*,*,#2237,.F.);
#1778=ORIENTED_EDGE('',*,*,#2236,.F.);
#1779=ORIENTED_EDGE('',*,*,#2238,.T.);
#1780=ORIENTED_EDGE('',*,*,#2239,.F.);
#1781=ORIENTED_EDGE('',*,*,#2160,.F.);
#1782=ORIENTED_EDGE('',*,*,#2240,.T.);
#1783=ORIENTED_EDGE('',*,*,#2241,.T.);
#1784=ORIENTED_EDGE('',*,*,#2242,.T.);
#1785=ORIENTED_EDGE('',*,*,#2243,.T.);
#1786=ORIENTED_EDGE('',*,*,#2184,.T.);
#1787=ORIENTED_EDGE('',*,*,#2244,.T.);
#1788=ORIENTED_EDGE('',*,*,#2161,.T.);
#1789=ORIENTED_EDGE('',*,*,#2239,.T.);
#1790=ORIENTED_EDGE('',*,*,#2245,.T.);
#1791=ORIENTED_EDGE('',*,*,#2162,.T.);
#1792=ORIENTED_EDGE('',*,*,#2244,.F.);
#1793=ORIENTED_EDGE('',*,*,#2183,.T.);
#1794=ORIENTED_EDGE('',*,*,#2163,.F.);
#1795=ORIENTED_EDGE('',*,*,#2245,.F.);
#1796=ORIENTED_EDGE('',*,*,#2182,.F.);
#1797=ORIENTED_EDGE('',*,*,#2246,.F.);
#1798=ORIENTED_EDGE('',*,*,#2164,.F.);
#1799=ORIENTED_EDGE('',*,*,#2246,.T.);
#1800=ORIENTED_EDGE('',*,*,#2181,.F.);
#1801=ORIENTED_EDGE('',*,*,#2247,.F.);
#1802=ORIENTED_EDGE('',*,*,#2165,.F.);
#1803=ORIENTED_EDGE('',*,*,#2247,.T.);
#1804=ORIENTED_EDGE('',*,*,#2180,.F.);
#1805=ORIENTED_EDGE('',*,*,#2248,.F.);
#1806=ORIENTED_EDGE('',*,*,#2166,.F.);
#1807=ORIENTED_EDGE('',*,*,#2248,.T.);
#1808=ORIENTED_EDGE('',*,*,#2179,.F.);
#1809=ORIENTED_EDGE('',*,*,#2249,.F.);
#1810=ORIENTED_EDGE('',*,*,#2167,.F.);
#1811=ORIENTED_EDGE('',*,*,#2249,.T.);
#1812=ORIENTED_EDGE('',*,*,#2178,.F.);
#1813=ORIENTED_EDGE('',*,*,#2250,.F.);
#1814=ORIENTED_EDGE('',*,*,#2168,.F.);
#1815=ORIENTED_EDGE('',*,*,#2250,.T.);
#1816=ORIENTED_EDGE('',*,*,#2177,.F.);
#1817=ORIENTED_EDGE('',*,*,#2171,.F.);
#1818=ORIENTED_EDGE('',*,*,#2251,.T.);
#1819=ORIENTED_EDGE('',*,*,#2185,.T.);
#1820=ORIENTED_EDGE('',*,*,#2243,.F.);
#1821=ORIENTED_EDGE('',*,*,#2252,.F.);
#1822=ORIENTED_EDGE('',*,*,#2253,.F.);
#1823=ORIENTED_EDGE('',*,*,#2254,.F.);
#1824=ORIENTED_EDGE('',*,*,#2186,.F.);
#1825=ORIENTED_EDGE('',*,*,#2251,.F.);
#1826=ORIENTED_EDGE('',*,*,#2255,.F.);
#1827=ORIENTED_EDGE('',*,*,#2256,.T.);
#1828=ORIENTED_EDGE('',*,*,#2187,.F.);
#1829=ORIENTED_EDGE('',*,*,#2254,.T.);
#1830=ORIENTED_EDGE('',*,*,#2257,.F.);
#1831=ORIENTED_EDGE('',*,*,#2258,.F.);
#1832=ORIENTED_EDGE('',*,*,#2259,.F.);
#1833=ORIENTED_EDGE('',*,*,#2260,.F.);
#1834=ORIENTED_EDGE('',*,*,#2261,.F.);
#1835=ORIENTED_EDGE('',*,*,#2262,.F.);
#1836=ORIENTED_EDGE('',*,*,#2188,.F.);
#1837=ORIENTED_EDGE('',*,*,#2256,.F.);
#1838=ORIENTED_EDGE('',*,*,#2263,.T.);
#1839=ORIENTED_EDGE('',*,*,#2189,.F.);
#1840=ORIENTED_EDGE('',*,*,#2262,.T.);
#1841=ORIENTED_EDGE('',*,*,#2264,.F.);
#1842=ORIENTED_EDGE('',*,*,#2263,.F.);
#1843=ORIENTED_EDGE('',*,*,#2265,.F.);
#1844=ORIENTED_EDGE('',*,*,#2266,.F.);
#1845=ORIENTED_EDGE('',*,*,#2190,.F.);
#1846=ORIENTED_EDGE('',*,*,#2191,.F.);
#1847=ORIENTED_EDGE('',*,*,#2266,.T.);
#1848=ORIENTED_EDGE('',*,*,#2267,.F.);
#1849=ORIENTED_EDGE('',*,*,#2268,.T.);
#1850=ORIENTED_EDGE('',*,*,#2269,.F.);
#1851=ORIENTED_EDGE('',*,*,#2270,.F.);
#1852=ORIENTED_EDGE('',*,*,#2271,.F.);
#1853=ORIENTED_EDGE('',*,*,#2272,.F.);
#1854=ORIENTED_EDGE('',*,*,#2273,.F.);
#1855=ORIENTED_EDGE('',*,*,#2192,.F.);
#1856=ORIENTED_EDGE('',*,*,#2268,.F.);
#1857=ORIENTED_EDGE('',*,*,#2274,.F.);
#1858=ORIENTED_EDGE('',*,*,#2273,.T.);
#1859=ORIENTED_EDGE('',*,*,#2275,.F.);
#1860=ORIENTED_EDGE('',*,*,#2276,.T.);
#1861=ORIENTED_EDGE('',*,*,#2193,.F.);
#1862=ORIENTED_EDGE('',*,*,#2276,.F.);
#1863=ORIENTED_EDGE('',*,*,#2277,.F.);
#1864=ORIENTED_EDGE('',*,*,#2278,.F.);
#1865=ORIENTED_EDGE('',*,*,#2194,.F.);
#1866=ORIENTED_EDGE('',*,*,#2195,.F.);
#1867=ORIENTED_EDGE('',*,*,#2278,.T.);
#1868=ORIENTED_EDGE('',*,*,#2279,.F.);
#1869=ORIENTED_EDGE('',*,*,#2280,.T.);
#1870=ORIENTED_EDGE('',*,*,#2281,.F.);
#1871=ORIENTED_EDGE('',*,*,#2282,.F.);
#1872=ORIENTED_EDGE('',*,*,#2283,.F.);
#1873=ORIENTED_EDGE('',*,*,#2284,.F.);
#1874=ORIENTED_EDGE('',*,*,#2285,.F.);
#1875=ORIENTED_EDGE('',*,*,#2196,.F.);
#1876=ORIENTED_EDGE('',*,*,#2280,.F.);
#1877=ORIENTED_EDGE('',*,*,#2286,.F.);
#1878=ORIENTED_EDGE('',*,*,#2285,.T.);
#1879=ORIENTED_EDGE('',*,*,#2287,.T.);
#1880=ORIENTED_EDGE('',*,*,#2211,.T.);
#1881=ORIENTED_EDGE('',*,*,#2197,.F.);
#1882=ORIENTED_EDGE('',*,*,#2288,.F.);
#1883=ORIENTED_EDGE('',*,*,#2219,.F.);
#1884=ORIENTED_EDGE('',*,*,#2215,.F.);
#1885=ORIENTED_EDGE('',*,*,#2209,.F.);
#1886=ORIENTED_EDGE('',*,*,#2289,.F.);
#1887=ORIENTED_EDGE('',*,*,#2274,.T.);
#1888=ORIENTED_EDGE('',*,*,#2267,.T.);
#1889=ORIENTED_EDGE('',*,*,#2265,.T.);
#1890=ORIENTED_EDGE('',*,*,#2264,.T.);
#1891=ORIENTED_EDGE('',*,*,#2261,.T.);
#1892=ORIENTED_EDGE('',*,*,#2255,.T.);
#1893=ORIENTED_EDGE('',*,*,#2253,.T.);
#1894=ORIENTED_EDGE('',*,*,#2252,.T.);
#1895=ORIENTED_EDGE('',*,*,#2242,.F.);
#1896=ORIENTED_EDGE('',*,*,#2290,.F.);
#1897=ORIENTED_EDGE('',*,*,#2212,.T.);
#1898=ORIENTED_EDGE('',*,*,#2287,.F.);
#1899=ORIENTED_EDGE('',*,*,#2286,.T.);
#1900=ORIENTED_EDGE('',*,*,#2279,.T.);
#1901=ORIENTED_EDGE('',*,*,#2277,.T.);
#1902=ORIENTED_EDGE('',*,*,#2275,.T.);
#1903=ORIENTED_EDGE('',*,*,#2291,.T.);
#1904=ORIENTED_EDGE('',*,*,#2292,.T.);
#1905=ORIENTED_EDGE('',*,*,#2293,.T.);
#1906=ORIENTED_EDGE('',*,*,#2289,.T.);
#1907=ORIENTED_EDGE('',*,*,#2213,.T.);
#1908=ORIENTED_EDGE('',*,*,#2290,.T.);
#1909=ORIENTED_EDGE('',*,*,#2241,.F.);
#1910=ORIENTED_EDGE('',*,*,#2294,.T.);
#1911=ORIENTED_EDGE('',*,*,#2293,.F.);
#1912=ORIENTED_EDGE('',*,*,#2295,.F.);
#1913=ORIENTED_EDGE('',*,*,#2216,.T.);
#1914=ORIENTED_EDGE('',*,*,#2288,.T.);
#1915=ORIENTED_EDGE('',*,*,#2296,.F.);
#1916=ORIENTED_EDGE('',*,*,#2237,.T.);
#1917=ORIENTED_EDGE('',*,*,#2220,.F.);
#1918=ORIENTED_EDGE('',*,*,#2217,.F.);
#1919=ORIENTED_EDGE('',*,*,#2297,.F.);
#1920=ORIENTED_EDGE('',*,*,#2298,.F.);
#1921=ORIENTED_EDGE('',*,*,#2222,.T.);
#1922=ORIENTED_EDGE('',*,*,#2299,.T.);
#1923=ORIENTED_EDGE('',*,*,#2300,.F.);
#1924=ORIENTED_EDGE('',*,*,#2301,.F.);
#1925=ORIENTED_EDGE('',*,*,#2223,.T.);
#1926=ORIENTED_EDGE('',*,*,#2298,.T.);
#1927=ORIENTED_EDGE('',*,*,#2302,.F.);
#1928=ORIENTED_EDGE('',*,*,#2303,.F.);
#1929=ORIENTED_EDGE('',*,*,#2224,.T.);
#1930=ORIENTED_EDGE('',*,*,#2301,.T.);
#1931=ORIENTED_EDGE('',*,*,#2304,.F.);
#1932=ORIENTED_EDGE('',*,*,#2299,.F.);
#1933=ORIENTED_EDGE('',*,*,#2225,.T.);
#1934=ORIENTED_EDGE('',*,*,#2303,.T.);
#1935=ORIENTED_EDGE('',*,*,#2305,.F.);
#1936=ORIENTED_EDGE('',*,*,#2306,.F.);
#1937=ORIENTED_EDGE('',*,*,#2226,.T.);
#1938=ORIENTED_EDGE('',*,*,#2307,.T.);
#1939=ORIENTED_EDGE('',*,*,#2308,.F.);
#1940=ORIENTED_EDGE('',*,*,#2309,.F.);
#1941=ORIENTED_EDGE('',*,*,#2227,.T.);
#1942=ORIENTED_EDGE('',*,*,#2306,.T.);
#1943=ORIENTED_EDGE('',*,*,#2310,.F.);
#1944=ORIENTED_EDGE('',*,*,#2311,.F.);
#1945=ORIENTED_EDGE('',*,*,#2228,.T.);
#1946=ORIENTED_EDGE('',*,*,#2309,.T.);
#1947=ORIENTED_EDGE('',*,*,#2312,.F.);
#1948=ORIENTED_EDGE('',*,*,#2307,.F.);
#1949=ORIENTED_EDGE('',*,*,#2229,.T.);
#1950=ORIENTED_EDGE('',*,*,#2311,.T.);
#1951=ORIENTED_EDGE('',*,*,#2313,.F.);
#1952=ORIENTED_EDGE('',*,*,#2314,.F.);
#1953=ORIENTED_EDGE('',*,*,#2230,.T.);
#1954=ORIENTED_EDGE('',*,*,#2315,.T.);
#1955=ORIENTED_EDGE('',*,*,#2316,.F.);
#1956=ORIENTED_EDGE('',*,*,#2317,.F.);
#1957=ORIENTED_EDGE('',*,*,#2231,.T.);
#1958=ORIENTED_EDGE('',*,*,#2314,.T.);
#1959=ORIENTED_EDGE('',*,*,#2318,.F.);
#1960=ORIENTED_EDGE('',*,*,#2319,.F.);
#1961=ORIENTED_EDGE('',*,*,#2232,.T.);
#1962=ORIENTED_EDGE('',*,*,#2317,.T.);
#1963=ORIENTED_EDGE('',*,*,#2320,.F.);
#1964=ORIENTED_EDGE('',*,*,#2315,.F.);
#1965=ORIENTED_EDGE('',*,*,#2233,.T.);
#1966=ORIENTED_EDGE('',*,*,#2319,.T.);
#1967=ORIENTED_EDGE('',*,*,#2291,.F.);
#1968=ORIENTED_EDGE('',*,*,#2321,.T.);
#1969=ORIENTED_EDGE('',*,*,#2234,.T.);
#1970=ORIENTED_EDGE('',*,*,#2322,.T.);
#1971=ORIENTED_EDGE('',*,*,#2321,.F.);
#1972=ORIENTED_EDGE('',*,*,#2294,.F.);
#1973=ORIENTED_EDGE('',*,*,#2240,.F.);
#1974=ORIENTED_EDGE('',*,*,#2238,.F.);
#1975=ORIENTED_EDGE('',*,*,#2235,.F.);
#1976=ORIENTED_EDGE('',*,*,#2323,.T.);
#1977=ORIENTED_EDGE('',*,*,#2324,.T.);
#1978=ORIENTED_EDGE('',*,*,#2257,.T.);
#1979=ORIENTED_EDGE('',*,*,#2325,.F.);
#1980=ORIENTED_EDGE('',*,*,#2326,.T.);
#1981=ORIENTED_EDGE('',*,*,#2327,.T.);
#1982=ORIENTED_EDGE('',*,*,#2258,.T.);
#1983=ORIENTED_EDGE('',*,*,#2324,.F.);
#1984=ORIENTED_EDGE('',*,*,#2328,.T.);
#1985=ORIENTED_EDGE('',*,*,#2329,.T.);
#1986=ORIENTED_EDGE('',*,*,#2259,.T.);
#1987=ORIENTED_EDGE('',*,*,#2327,.F.);
#1988=ORIENTED_EDGE('',*,*,#2330,.T.);
#1989=ORIENTED_EDGE('',*,*,#2325,.T.);
#1990=ORIENTED_EDGE('',*,*,#2260,.T.);
#1991=ORIENTED_EDGE('',*,*,#2329,.F.);
#1992=ORIENTED_EDGE('',*,*,#2331,.T.);
#1993=ORIENTED_EDGE('',*,*,#2332,.T.);
#1994=ORIENTED_EDGE('',*,*,#2269,.T.);
#1995=ORIENTED_EDGE('',*,*,#2333,.F.);
#1996=ORIENTED_EDGE('',*,*,#2334,.T.);
#1997=ORIENTED_EDGE('',*,*,#2335,.T.);
#1998=ORIENTED_EDGE('',*,*,#2270,.T.);
#1999=ORIENTED_EDGE('',*,*,#2332,.F.);
#2000=ORIENTED_EDGE('',*,*,#2336,.T.);
#2001=ORIENTED_EDGE('',*,*,#2337,.T.);
#2002=ORIENTED_EDGE('',*,*,#2271,.T.);
#2003=ORIENTED_EDGE('',*,*,#2335,.F.);
#2004=ORIENTED_EDGE('',*,*,#2338,.T.);
#2005=ORIENTED_EDGE('',*,*,#2333,.T.);
#2006=ORIENTED_EDGE('',*,*,#2272,.T.);
#2007=ORIENTED_EDGE('',*,*,#2337,.F.);
#2008=ORIENTED_EDGE('',*,*,#2339,.T.);
#2009=ORIENTED_EDGE('',*,*,#2340,.T.);
#2010=ORIENTED_EDGE('',*,*,#2281,.T.);
#2011=ORIENTED_EDGE('',*,*,#2341,.F.);
#2012=ORIENTED_EDGE('',*,*,#2342,.T.);
#2013=ORIENTED_EDGE('',*,*,#2343,.T.);
#2014=ORIENTED_EDGE('',*,*,#2282,.T.);
#2015=ORIENTED_EDGE('',*,*,#2340,.F.);
#2016=ORIENTED_EDGE('',*,*,#2344,.T.);
#2017=ORIENTED_EDGE('',*,*,#2345,.T.);
#2018=ORIENTED_EDGE('',*,*,#2283,.T.);
#2019=ORIENTED_EDGE('',*,*,#2343,.F.);
#2020=ORIENTED_EDGE('',*,*,#2346,.T.);
#2021=ORIENTED_EDGE('',*,*,#2341,.T.);
#2022=ORIENTED_EDGE('',*,*,#2284,.T.);
#2023=ORIENTED_EDGE('',*,*,#2345,.F.);
#2024=ORIENTED_EDGE('',*,*,#2292,.F.);
#2025=ORIENTED_EDGE('',*,*,#2322,.F.);
#2026=ORIENTED_EDGE('',*,*,#2296,.T.);
#2027=ORIENTED_EDGE('',*,*,#2295,.T.);
#2028=ORIENTED_EDGE('',*,*,#2297,.T.);
#2029=ORIENTED_EDGE('',*,*,#2347,.T.);
#2030=ORIENTED_EDGE('',*,*,#2348,.F.);
#2031=ORIENTED_EDGE('',*,*,#2349,.F.);
#2032=ORIENTED_EDGE('',*,*,#2300,.T.);
#2033=ORIENTED_EDGE('',*,*,#2349,.T.);
#2034=ORIENTED_EDGE('',*,*,#2350,.F.);
#2035=ORIENTED_EDGE('',*,*,#2351,.F.);
#2036=ORIENTED_EDGE('',*,*,#2302,.T.);
#2037=ORIENTED_EDGE('',*,*,#2351,.T.);
#2038=ORIENTED_EDGE('',*,*,#2352,.F.);
#2039=ORIENTED_EDGE('',*,*,#2353,.F.);
#2040=ORIENTED_EDGE('',*,*,#2304,.T.);
#2041=ORIENTED_EDGE('',*,*,#2353,.T.);
#2042=ORIENTED_EDGE('',*,*,#2354,.F.);
#2043=ORIENTED_EDGE('',*,*,#2347,.F.);
#2044=ORIENTED_EDGE('',*,*,#2305,.T.);
#2045=ORIENTED_EDGE('',*,*,#2355,.T.);
#2046=ORIENTED_EDGE('',*,*,#2356,.F.);
#2047=ORIENTED_EDGE('',*,*,#2357,.F.);
#2048=ORIENTED_EDGE('',*,*,#2308,.T.);
#2049=ORIENTED_EDGE('',*,*,#2357,.T.);
#2050=ORIENTED_EDGE('',*,*,#2358,.F.);
#2051=ORIENTED_EDGE('',*,*,#2359,.F.);
#2052=ORIENTED_EDGE('',*,*,#2310,.T.);
#2053=ORIENTED_EDGE('',*,*,#2359,.T.);
#2054=ORIENTED_EDGE('',*,*,#2360,.F.);
#2055=ORIENTED_EDGE('',*,*,#2361,.F.);
#2056=ORIENTED_EDGE('',*,*,#2312,.T.);
#2057=ORIENTED_EDGE('',*,*,#2361,.T.);
#2058=ORIENTED_EDGE('',*,*,#2362,.F.);
#2059=ORIENTED_EDGE('',*,*,#2355,.F.);
#2060=ORIENTED_EDGE('',*,*,#2313,.T.);
#2061=ORIENTED_EDGE('',*,*,#2363,.T.);
#2062=ORIENTED_EDGE('',*,*,#2364,.F.);
#2063=ORIENTED_EDGE('',*,*,#2365,.F.);
#2064=ORIENTED_EDGE('',*,*,#2316,.T.);
#2065=ORIENTED_EDGE('',*,*,#2365,.T.);
#2066=ORIENTED_EDGE('',*,*,#2366,.F.);
#2067=ORIENTED_EDGE('',*,*,#2367,.F.);
#2068=ORIENTED_EDGE('',*,*,#2318,.T.);
#2069=ORIENTED_EDGE('',*,*,#2367,.T.);
#2070=ORIENTED_EDGE('',*,*,#2368,.F.);
#2071=ORIENTED_EDGE('',*,*,#2369,.F.);
#2072=ORIENTED_EDGE('',*,*,#2320,.T.);
#2073=ORIENTED_EDGE('',*,*,#2369,.T.);
#2074=ORIENTED_EDGE('',*,*,#2370,.F.);
#2075=ORIENTED_EDGE('',*,*,#2363,.F.);
#2076=ORIENTED_EDGE('',*,*,#2323,.F.);
#2077=ORIENTED_EDGE('',*,*,#2371,.F.);
#2078=ORIENTED_EDGE('',*,*,#2372,.T.);
#2079=ORIENTED_EDGE('',*,*,#2373,.T.);
#2080=ORIENTED_EDGE('',*,*,#2326,.F.);
#2081=ORIENTED_EDGE('',*,*,#2373,.F.);
#2082=ORIENTED_EDGE('',*,*,#2374,.T.);
#2083=ORIENTED_EDGE('',*,*,#2375,.T.);
#2084=ORIENTED_EDGE('',*,*,#2328,.F.);
#2085=ORIENTED_EDGE('',*,*,#2375,.F.);
#2086=ORIENTED_EDGE('',*,*,#2376,.T.);
#2087=ORIENTED_EDGE('',*,*,#2377,.T.);
#2088=ORIENTED_EDGE('',*,*,#2330,.F.);
#2089=ORIENTED_EDGE('',*,*,#2377,.F.);
#2090=ORIENTED_EDGE('',*,*,#2378,.T.);
#2091=ORIENTED_EDGE('',*,*,#2371,.T.);
#2092=ORIENTED_EDGE('',*,*,#2331,.F.);
#2093=ORIENTED_EDGE('',*,*,#2379,.F.);
#2094=ORIENTED_EDGE('',*,*,#2380,.T.);
#2095=ORIENTED_EDGE('',*,*,#2381,.T.);
#2096=ORIENTED_EDGE('',*,*,#2334,.F.);
#2097=ORIENTED_EDGE('',*,*,#2381,.F.);
#2098=ORIENTED_EDGE('',*,*,#2382,.T.);
#2099=ORIENTED_EDGE('',*,*,#2383,.T.);
#2100=ORIENTED_EDGE('',*,*,#2336,.F.);
#2101=ORIENTED_EDGE('',*,*,#2383,.F.);
#2102=ORIENTED_EDGE('',*,*,#2384,.T.);
#2103=ORIENTED_EDGE('',*,*,#2385,.T.);
#2104=ORIENTED_EDGE('',*,*,#2338,.F.);
#2105=ORIENTED_EDGE('',*,*,#2385,.F.);
#2106=ORIENTED_EDGE('',*,*,#2386,.T.);
#2107=ORIENTED_EDGE('',*,*,#2379,.T.);
#2108=ORIENTED_EDGE('',*,*,#2339,.F.);
#2109=ORIENTED_EDGE('',*,*,#2387,.F.);
#2110=ORIENTED_EDGE('',*,*,#2388,.T.);
#2111=ORIENTED_EDGE('',*,*,#2389,.T.);
#2112=ORIENTED_EDGE('',*,*,#2342,.F.);
#2113=ORIENTED_EDGE('',*,*,#2389,.F.);
#2114=ORIENTED_EDGE('',*,*,#2390,.T.);
#2115=ORIENTED_EDGE('',*,*,#2391,.T.);
#2116=ORIENTED_EDGE('',*,*,#2344,.F.);
#2117=ORIENTED_EDGE('',*,*,#2391,.F.);
#2118=ORIENTED_EDGE('',*,*,#2392,.T.);
#2119=ORIENTED_EDGE('',*,*,#2393,.T.);
#2120=ORIENTED_EDGE('',*,*,#2346,.F.);
#2121=ORIENTED_EDGE('',*,*,#2393,.F.);
#2122=ORIENTED_EDGE('',*,*,#2394,.T.);
#2123=ORIENTED_EDGE('',*,*,#2387,.T.);
#2124=ORIENTED_EDGE('',*,*,#2354,.T.);
#2125=ORIENTED_EDGE('',*,*,#2352,.T.);
#2126=ORIENTED_EDGE('',*,*,#2350,.T.);
#2127=ORIENTED_EDGE('',*,*,#2348,.T.);
#2128=ORIENTED_EDGE('',*,*,#2362,.T.);
#2129=ORIENTED_EDGE('',*,*,#2360,.T.);
#2130=ORIENTED_EDGE('',*,*,#2358,.T.);
#2131=ORIENTED_EDGE('',*,*,#2356,.T.);
#2132=ORIENTED_EDGE('',*,*,#2370,.T.);
#2133=ORIENTED_EDGE('',*,*,#2368,.T.);
#2134=ORIENTED_EDGE('',*,*,#2366,.T.);
#2135=ORIENTED_EDGE('',*,*,#2364,.T.);
#2136=ORIENTED_EDGE('',*,*,#2374,.F.);
#2137=ORIENTED_EDGE('',*,*,#2372,.F.);
#2138=ORIENTED_EDGE('',*,*,#2378,.F.);
#2139=ORIENTED_EDGE('',*,*,#2376,.F.);
#2140=ORIENTED_EDGE('',*,*,#2382,.F.);
#2141=ORIENTED_EDGE('',*,*,#2380,.F.);
#2142=ORIENTED_EDGE('',*,*,#2386,.F.);
#2143=ORIENTED_EDGE('',*,*,#2384,.F.);
#2144=ORIENTED_EDGE('',*,*,#2390,.F.);
#2145=ORIENTED_EDGE('',*,*,#2388,.F.);
#2146=ORIENTED_EDGE('',*,*,#2394,.F.);
#2147=ORIENTED_EDGE('',*,*,#2392,.F.);
#2148=EDGE_CURVE('',#2395,#2396,#2397,.T.);
#2149=EDGE_CURVE('',#2396,#2398,#2399,.T.);
#2150=EDGE_CURVE('',#2398,#2400,#2401,.T.);
#2151=EDGE_CURVE('',#2400,#2402,#2403,.T.);
#2152=EDGE_CURVE('',#2402,#2404,#2405,.T.);
#2153=EDGE_CURVE('',#2404,#2406,#2407,.T.);
#2154=EDGE_CURVE('',#2408,#2406,#2409,.F.);
#2155=EDGE_CURVE('',#2410,#2408,#2411,.T.);
#2156=EDGE_CURVE('',#2410,#2412,#2413,.T.);
#2157=EDGE_CURVE('',#2414,#2412,#2415,.T.);
#2158=EDGE_CURVE('',#2416,#2414,#2417,.T.);
#2159=EDGE_CURVE('',#2416,#2418,#2419,.T.);
#2160=EDGE_CURVE('',#2418,#2420,#2421,.T.);
#2161=EDGE_CURVE('',#2422,#2420,#2423,.F.);
#2162=EDGE_CURVE('',#2424,#2422,#2425,.F.);
#2163=EDGE_CURVE('',#2424,#2426,#2427,.T.);
#2164=EDGE_CURVE('',#2426,#2428,#2429,.T.);
#2165=EDGE_CURVE('',#2428,#2430,#2431,.T.);
#2166=EDGE_CURVE('',#2430,#2432,#2433,.T.);
#2167=EDGE_CURVE('',#2432,#2434,#2435,.T.);
#2168=EDGE_CURVE('',#2434,#2436,#2437,.T.);
#2169=EDGE_CURVE('',#2395,#2436,#2438,.F.);
#2170=EDGE_CURVE('',#2439,#2395,#2440,.F.);
#2171=EDGE_CURVE('',#2436,#2441,#2442,.F.);
#2172=EDGE_CURVE('',#2441,#2439,#2443,.T.);
#2173=EDGE_CURVE('',#2406,#2444,#2445,.F.);
#2174=EDGE_CURVE('',#2444,#2446,#2447,.T.);
#2175=EDGE_CURVE('',#2446,#2408,#2448,.T.);
#2176=EDGE_CURVE('',#2449,#2439,#2450,.F.);
#2177=EDGE_CURVE('',#2441,#2451,#2452,.F.);
#2178=EDGE_CURVE('',#2451,#2453,#2454,.F.);
#2179=EDGE_CURVE('',#2453,#2455,#2456,.F.);
#2180=EDGE_CURVE('',#2455,#2457,#2458,.F.);
#2181=EDGE_CURVE('',#2457,#2459,#2460,.F.);
#2182=EDGE_CURVE('',#2459,#2461,#2462,.F.);
#2183=EDGE_CURVE('',#2463,#2461,#2464,.T.);
#2184=EDGE_CURVE('',#2465,#2463,#2466,.T.);
#2185=EDGE_CURVE('',#2467,#2465,#2468,.T.);
#2186=EDGE_CURVE('',#2467,#2469,#2470,.F.);
#2187=EDGE_CURVE('',#2469,#2471,#2472,.T.);
#2188=EDGE_CURVE('',#2471,#2473,#2474,.F.);
#2189=EDGE_CURVE('',#2473,#2475,#2476,.T.);
#2190=EDGE_CURVE('',#2475,#2477,#2478,.F.);
#2191=EDGE_CURVE('',#2477,#2479,#2480,.T.);
#2192=EDGE_CURVE('',#2479,#2481,#2482,.F.);
#2193=EDGE_CURVE('',#2481,#2483,#2484,.T.);
#2194=EDGE_CURVE('',#2483,#2485,#2486,.F.);
#2195=EDGE_CURVE('',#2485,#2487,#2488,.T.);
#2196=EDGE_CURVE('',#2487,#2489,#2490,.F.);
#2197=EDGE_CURVE('',#2489,#2491,#2492,.T.);
#2198=EDGE_CURVE('',#2491,#2446,#2493,.T.);
#2199=EDGE_CURVE('',#2444,#2494,#2495,.F.);
#2200=EDGE_CURVE('',#2494,#2496,#2497,.F.);
#2201=EDGE_CURVE('',#2496,#2498,#2499,.F.);
#2202=EDGE_CURVE('',#2498,#2500,#2501,.F.);
#2203=EDGE_CURVE('',#2500,#2449,#2502,.F.);
#2204=EDGE_CURVE('',#2404,#2494,#2503,.T.);
#2205=EDGE_CURVE('',#2402,#2496,#2504,.T.);
#2206=EDGE_CURVE('',#2400,#2498,#2505,.T.);
#2207=EDGE_CURVE('',#2398,#2500,#2506,.T.);
#2208=EDGE_CURVE('',#2396,#2449,#2507,.T.);
#2209=EDGE_CURVE('',#2508,#2509,#2510,.T.);
#2210=EDGE_CURVE('',#2509,#2410,#2511,.T.);
#2211=EDGE_CURVE('',#2512,#2491,#2513,.T.);
#2212=EDGE_CURVE('',#2514,#2512,#2515,.T.);
#2213=EDGE_CURVE('',#2508,#2514,#2516,.T.);
#2214=EDGE_CURVE('',#2412,#2517,#2518,.F.);
#2215=EDGE_CURVE('',#2509,#2517,#2519,.T.);
#2216=EDGE_CURVE('',#2520,#2521,#2522,.T.);
#2217=EDGE_CURVE('',#2520,#2523,#2524,.T.);
#2218=EDGE_CURVE('',#2523,#2414,#2525,.T.);
#2219=EDGE_CURVE('',#2517,#2521,#2526,.F.);
#2220=EDGE_CURVE('',#2523,#2527,#2528,.T.);
#2221=EDGE_CURVE('',#2527,#2416,#2529,.T.);
#2222=EDGE_CURVE('',#2530,#2531,#2532,.T.);
#2223=EDGE_CURVE('',#2533,#2530,#2534,.T.);
#2224=EDGE_CURVE('',#2535,#2533,#2536,.T.);
#2225=EDGE_CURVE('',#2531,#2535,#2537,.T.);
#2226=EDGE_CURVE('',#2538,#2539,#2540,.T.);
#2227=EDGE_CURVE('',#2541,#2538,#2542,.T.);
#2228=EDGE_CURVE('',#2543,#2541,#2544,.T.);
#2229=EDGE_CURVE('',#2539,#2543,#2545,.T.);
#2230=EDGE_CURVE('',#2546,#2547,#2548,.T.);
#2231=EDGE_CURVE('',#2549,#2546,#2550,.T.);
#2232=EDGE_CURVE('',#2551,#2549,#2552,.T.);
#2233=EDGE_CURVE('',#2547,#2551,#2553,.T.);
#2234=EDGE_CURVE('',#2554,#2555,#2556,.F.);
#2235=EDGE_CURVE('',#2554,#2557,#2558,.T.);
#2236=EDGE_CURVE('',#2557,#2418,#2559,.T.);
#2237=EDGE_CURVE('',#2555,#2527,#2560,.T.);
#2238=EDGE_CURVE('',#2557,#2561,#2562,.T.);
#2239=EDGE_CURVE('',#2420,#2561,#2563,.F.);
#2240=EDGE_CURVE('',#2561,#2564,#2565,.F.);
#2241=EDGE_CURVE('',#2564,#2566,#2567,.T.);
#2242=EDGE_CURVE('',#2566,#2568,#2569,.T.);
#2243=EDGE_CURVE('',#2568,#2465,#2570,.T.);
#2244=EDGE_CURVE('',#2463,#2422,#2571,.T.);
#2245=EDGE_CURVE('',#2461,#2424,#2572,.F.);
#2246=EDGE_CURVE('',#2426,#2459,#2573,.T.);
#2247=EDGE_CURVE('',#2428,#2457,#2574,.T.);
#2248=EDGE_CURVE('',#2430,#2455,#2575,.T.);
#2249=EDGE_CURVE('',#2432,#2453,#2576,.T.);
#2250=EDGE_CURVE('',#2434,#2451,#2577,.T.);
#2251=EDGE_CURVE('',#2578,#2467,#2579,.T.);
#2252=EDGE_CURVE('',#2578,#2568,#2580,.T.);
#2253=EDGE_CURVE('',#2581,#2578,#2582,.F.);
#2254=EDGE_CURVE('',#2469,#2581,#2583,.T.);
#2255=EDGE_CURVE('',#2584,#2581,#2585,.T.);
#2256=EDGE_CURVE('',#2584,#2471,#2586,.T.);
#2257=EDGE_CURVE('',#2587,#2588,#2589,.T.);
#2258=EDGE_CURVE('',#2590,#2587,#2591,.T.);
#2259=EDGE_CURVE('',#2592,#2590,#2593,.T.);
#2260=EDGE_CURVE('',#2588,#2592,#2594,.T.);
#2261=EDGE_CURVE('',#2595,#2584,#2596,.F.);
#2262=EDGE_CURVE('',#2473,#2595,#2597,.T.);
#2263=EDGE_CURVE('',#2598,#2475,#2599,.T.);
#2264=EDGE_CURVE('',#2598,#2595,#2600,.T.);
#2265=EDGE_CURVE('',#2601,#2598,#2602,.F.);
#2266=EDGE_CURVE('',#2477,#2601,#2603,.T.);
#2267=EDGE_CURVE('',#2604,#2601,#2605,.T.);
#2268=EDGE_CURVE('',#2604,#2479,#2606,.T.);
#2269=EDGE_CURVE('',#2607,#2608,#2609,.T.);
#2270=EDGE_CURVE('',#2610,#2607,#2611,.T.);
#2271=EDGE_CURVE('',#2612,#2610,#2613,.T.);
#2272=EDGE_CURVE('',#2608,#2612,#2614,.T.);
#2273=EDGE_CURVE('',#2481,#2615,#2616,.T.);
#2274=EDGE_CURVE('',#2615,#2604,#2617,.F.);
#2275=EDGE_CURVE('',#2618,#2615,#2619,.T.);
#2276=EDGE_CURVE('',#2618,#2483,#2620,.T.);
#2277=EDGE_CURVE('',#2621,#2618,#2622,.F.);
#2278=EDGE_CURVE('',#2485,#2621,#2623,.T.);
#2279=EDGE_CURVE('',#2624,#2621,#2625,.T.);
#2280=EDGE_CURVE('',#2624,#2487,#2626,.T.);
#2281=EDGE_CURVE('',#2627,#2628,#2629,.T.);
#2282=EDGE_CURVE('',#2630,#2627,#2631,.T.);
#2283=EDGE_CURVE('',#2632,#2630,#2633,.T.);
#2284=EDGE_CURVE('',#2628,#2632,#2634,.T.);
#2285=EDGE_CURVE('',#2489,#2635,#2636,.T.);
#2286=EDGE_CURVE('',#2635,#2624,#2637,.F.);
#2287=EDGE_CURVE('',#2635,#2512,#2638,.T.);
#2288=EDGE_CURVE('',#2521,#2639,#2640,.F.);
#2289=EDGE_CURVE('',#2639,#2508,#2641,.F.);
#2290=EDGE_CURVE('',#2514,#2566,#2642,.T.);
#2291=EDGE_CURVE('',#2643,#2644,#2645,.F.);
#2292=EDGE_CURVE('',#2644,#2646,#2647,.F.);
#2293=EDGE_CURVE('',#2646,#2639,#2648,.T.);
#2294=EDGE_CURVE('',#2564,#2643,#2649,.F.);
#2295=EDGE_CURVE('',#2520,#2646,#2650,.F.);
#2296=EDGE_CURVE('',#2555,#2520,#2651,.F.);
#2297=EDGE_CURVE('',#2652,#2653,#2654,.T.);
#2298=EDGE_CURVE('',#2530,#2652,#2655,.T.);
#2299=EDGE_CURVE('',#2531,#2653,#2656,.T.);
#2300=EDGE_CURVE('',#2657,#2652,#2658,.T.);
#2301=EDGE_CURVE('',#2533,#2657,#2659,.T.);
#2302=EDGE_CURVE('',#2660,#2657,#2661,.T.);
#2303=EDGE_CURVE('',#2535,#2660,#2662,.T.);
#2304=EDGE_CURVE('',#2653,#2660,#2663,.T.);
#2305=EDGE_CURVE('',#2664,#2665,#2666,.T.);
#2306=EDGE_CURVE('',#2538,#2664,#2667,.T.);
#2307=EDGE_CURVE('',#2539,#2665,#2668,.T.);
#2308=EDGE_CURVE('',#2669,#2664,#2670,.T.);
#2309=EDGE_CURVE('',#2541,#2669,#2671,.T.);
#2310=EDGE_CURVE('',#2672,#2669,#2673,.T.);
#2311=EDGE_CURVE('',#2543,#2672,#2674,.T.);
#2312=EDGE_CURVE('',#2665,#2672,#2675,.T.);
#2313=EDGE_CURVE('',#2676,#2677,#2678,.T.);
#2314=EDGE_CURVE('',#2546,#2676,#2679,.T.);
#2315=EDGE_CURVE('',#2547,#2677,#2680,.T.);
#2316=EDGE_CURVE('',#2681,#2676,#2682,.T.);
#2317=EDGE_CURVE('',#2549,#2681,#2683,.T.);
#2318=EDGE_CURVE('',#2684,#2681,#2685,.T.);
#2319=EDGE_CURVE('',#2551,#2684,#2686,.T.);
#2320=EDGE_CURVE('',#2677,#2684,#2687,.T.);
#2321=EDGE_CURVE('',#2643,#2554,#2688,.F.);
#2322=EDGE_CURVE('',#2555,#2644,#2689,.F.);
#2323=EDGE_CURVE('',#2690,#2691,#2692,.T.);
#2324=EDGE_CURVE('',#2691,#2587,#2693,.T.);
#2325=EDGE_CURVE('',#2690,#2588,#2694,.T.);
#2326=EDGE_CURVE('',#2691,#2695,#2696,.T.);
#2327=EDGE_CURVE('',#2695,#2590,#2697,.T.);
#2328=EDGE_CURVE('',#2695,#2698,#2699,.T.);
#2329=EDGE_CURVE('',#2698,#2592,#2700,.T.);
#2330=EDGE_CURVE('',#2698,#2690,#2701,.T.);
#2331=EDGE_CURVE('',#2702,#2703,#2704,.T.);
#2332=EDGE_CURVE('',#2703,#2607,#2705,.T.);
#2333=EDGE_CURVE('',#2702,#2608,#2706,.T.);
#2334=EDGE_CURVE('',#2703,#2707,#2708,.T.);
#2335=EDGE_CURVE('',#2707,#2610,#2709,.T.);
#2336=EDGE_CURVE('',#2707,#2710,#2711,.T.);
#2337=EDGE_CURVE('',#2710,#2612,#2712,.T.);
#2338=EDGE_CURVE('',#2710,#2702,#2713,.T.);
#2339=EDGE_CURVE('',#2714,#2715,#2716,.T.);
#2340=EDGE_CURVE('',#2715,#2627,#2717,.T.);
#2341=EDGE_CURVE('',#2714,#2628,#2718,.T.);
#2342=EDGE_CURVE('',#2715,#2719,#2720,.T.);
#2343=EDGE_CURVE('',#2719,#2630,#2721,.T.);
#2344=EDGE_CURVE('',#2719,#2722,#2723,.T.);
#2345=EDGE_CURVE('',#2722,#2632,#2724,.T.);
#2346=EDGE_CURVE('',#2722,#2714,#2725,.T.);
#2347=EDGE_CURVE('',#2653,#2726,#2727,.T.);
#2348=EDGE_CURVE('',#2728,#2726,#2729,.T.);
#2349=EDGE_CURVE('',#2652,#2728,#2730,.T.);
#2350=EDGE_CURVE('',#2731,#2728,#2732,.T.);
#2351=EDGE_CURVE('',#2657,#2731,#2733,.T.);
#2352=EDGE_CURVE('',#2734,#2731,#2735,.T.);
#2353=EDGE_CURVE('',#2660,#2734,#2736,.T.);
#2354=EDGE_CURVE('',#2726,#2734,#2737,.T.);
#2355=EDGE_CURVE('',#2665,#2738,#2739,.T.);
#2356=EDGE_CURVE('',#2740,#2738,#2741,.T.);
#2357=EDGE_CURVE('',#2664,#2740,#2742,.T.);
#2358=EDGE_CURVE('',#2743,#2740,#2744,.T.);
#2359=EDGE_CURVE('',#2669,#2743,#2745,.T.);
#2360=EDGE_CURVE('',#2746,#2743,#2747,.T.);
#2361=EDGE_CURVE('',#2672,#2746,#2748,.T.);
#2362=EDGE_CURVE('',#2738,#2746,#2749,.T.);
#2363=EDGE_CURVE('',#2677,#2750,#2751,.T.);
#2364=EDGE_CURVE('',#2752,#2750,#2753,.T.);
#2365=EDGE_CURVE('',#2676,#2752,#2754,.T.);
#2366=EDGE_CURVE('',#2755,#2752,#2756,.T.);
#2367=EDGE_CURVE('',#2681,#2755,#2757,.T.);
#2368=EDGE_CURVE('',#2758,#2755,#2759,.T.);
#2369=EDGE_CURVE('',#2684,#2758,#2760,.T.);
#2370=EDGE_CURVE('',#2750,#2758,#2761,.T.);
#2371=EDGE_CURVE('',#2762,#2690,#2763,.F.);
#2372=EDGE_CURVE('',#2762,#2764,#2765,.T.);
#2373=EDGE_CURVE('',#2764,#2691,#2766,.F.);
#2374=EDGE_CURVE('',#2764,#2767,#2768,.T.);
#2375=EDGE_CURVE('',#2767,#2695,#2769,.F.);
#2376=EDGE_CURVE('',#2767,#2770,#2771,.T.);
#2377=EDGE_CURVE('',#2770,#2698,#2772,.F.);
#2378=EDGE_CURVE('',#2770,#2762,#2773,.T.);
#2379=EDGE_CURVE('',#2774,#2702,#2775,.F.);
#2380=EDGE_CURVE('',#2774,#2776,#2777,.T.);
#2381=EDGE_CURVE('',#2776,#2703,#2778,.F.);
#2382=EDGE_CURVE('',#2776,#2779,#2780,.T.);
#2383=EDGE_CURVE('',#2779,#2707,#2781,.F.);
#2384=EDGE_CURVE('',#2779,#2782,#2783,.T.);
#2385=EDGE_CURVE('',#2782,#2710,#2784,.F.);
#2386=EDGE_CURVE('',#2782,#2774,#2785,.T.);
#2387=EDGE_CURVE('',#2786,#2714,#2787,.F.);
#2388=EDGE_CURVE('',#2786,#2788,#2789,.T.);
#2389=EDGE_CURVE('',#2788,#2715,#2790,.F.);
#2390=EDGE_CURVE('',#2788,#2791,#2792,.T.);
#2391=EDGE_CURVE('',#2791,#2719,#2793,.F.);
#2392=EDGE_CURVE('',#2791,#2794,#2795,.T.);
#2393=EDGE_CURVE('',#2794,#2722,#2796,.F.);
#2394=EDGE_CURVE('',#2794,#2786,#2797,.T.);
#2395=VERTEX_POINT('',#2798);
#2396=VERTEX_POINT('',#2799);
#2397=LINE('',#2800,#2801);
#2398=VERTEX_POINT('',#2803);
#2399=LINE('',#2804,#2805);
#2400=VERTEX_POINT('',#2807);
#2401=CIRCLE('',#2808,0.6);
#2402=VERTEX_POINT('',#2812);
#2403=LINE('',#2813,#2814);
#2404=VERTEX_POINT('',#2816);
#2405=LINE('',#2817,#2818);
#2406=VERTEX_POINT('',#2820);
#2407=LINE('',#2821,#2822);
#2408=VERTEX_POINT('',#2824);
#2409=LINE('',#2825,#2826);
#2410=VERTEX_POINT('',#2828);
#2411=LINE('',#2829,#2830);
#2412=VERTEX_POINT('',#2832);
#2413=LINE('',#2833,#2834);
#2414=VERTEX_POINT('',#2836);
#2415=LINE('',#2837,#2838);
#2416=VERTEX_POINT('',#2840);
#2417=LINE('',#2841,#2842);
#2418=VERTEX_POINT('',#2844);
#2419=LINE('',#2845,#2846);
#2420=VERTEX_POINT('',#2848);
#2421=LINE('',#2849,#2850);
#2422=VERTEX_POINT('',#2852);
#2423=LINE('',#2853,#2854);
#2424=VERTEX_POINT('',#2856);
#2425=LINE('',#2857,#2858);
#2426=VERTEX_POINT('',#2860);
#2427=LINE('',#2861,#2862);
#2428=VERTEX_POINT('',#2864);
#2429=LINE('',#2865,#2866);
#2430=VERTEX_POINT('',#2868);
#2431=LINE('',#2869,#2870);
#2432=VERTEX_POINT('',#2872);
#2433=CIRCLE('',#2873,0.6);
#2434=VERTEX_POINT('',#2877);
#2435=LINE('',#2878,#2879);
#2436=VERTEX_POINT('',#2881);
#2437=LINE('',#2882,#2883);
#2438=LINE('',#2885,#2886);
#2439=VERTEX_POINT('',#2888);
#2440=LINE('',#2889,#2890);
#2441=VERTEX_POINT('',#2892);
#2442=LINE('',#2893,#2894);
#2443=LINE('',#2896,#2897);
#2444=VERTEX_POINT('',#2899);
#2445=LINE('',#2900,#2901);
#2446=VERTEX_POINT('',#2903);
#2447=LINE('',#2904,#2905);
#2448=LINE('',#2907,#2908);
#2449=VERTEX_POINT('',#2910);
#2450=LINE('',#2911,#2912);
#2451=VERTEX_POINT('',#2914);
#2452=LINE('',#2915,#2916);
#2453=VERTEX_POINT('',#2918);
#2454=LINE('',#2919,#2920);
#2455=VERTEX_POINT('',#2922);
#2456=CIRCLE('',#2923,0.6);
#2457=VERTEX_POINT('',#2927);
#2458=LINE('',#2928,#2929);
#2459=VERTEX_POINT('',#2931);
#2460=LINE('',#2932,#2933);
#2461=VERTEX_POINT('',#2935);
#2462=LINE('',#2936,#2937);
#2463=VERTEX_POINT('',#2939);
#2464=LINE('',#2940,#2941);
#2465=VERTEX_POINT('',#2943);
#2466=LINE('',#2944,#2945);
#2467=VERTEX_POINT('',#2947);
#2468=LINE('',#2948,#2949);
#2469=VERTEX_POINT('',#2951);
#2470=LINE('',#2952,#2953);
#2471=VERTEX_POINT('',#2955);
#2472=LINE('',#2956,#2957);
#2473=VERTEX_POINT('',#2959);
#2474=LINE('',#2960,#2961);
#2475=VERTEX_POINT('',#2963);
#2476=LINE('',#2964,#2965);
#2477=VERTEX_POINT('',#2967);
#2478=LINE('',#2968,#2969);
#2479=VERTEX_POINT('',#2971);
#2480=LINE('',#2972,#2973);
#2481=VERTEX_POINT('',#2975);
#2482=LINE('',#2976,#2977);
#2483=VERTEX_POINT('',#2979);
#2484=LINE('',#2980,#2981);
#2485=VERTEX_POINT('',#2983);
#2486=LINE('',#2984,#2985);
#2487=VERTEX_POINT('',#2987);
#2488=LINE('',#2988,#2989);
#2489=VERTEX_POINT('',#2991);
#2490=LINE('',#2992,#2993);
#2491=VERTEX_POINT('',#2995);
#2492=LINE('',#2996,#2997);
#2493=LINE('',#2999,#3000);
#2494=VERTEX_POINT('',#3002);
#2495=LINE('',#3003,#3004);
#2496=VERTEX_POINT('',#3006);
#2497=LINE('',#3007,#3008);
#2498=VERTEX_POINT('',#3010);
#2499=LINE('',#3011,#3012);
#2500=VERTEX_POINT('',#3014);
#2501=CIRCLE('',#3015,0.6);
#2502=LINE('',#3019,#3020);
#2503=LINE('',#3022,#3023);
#2504=LINE('',#3025,#3026);
#2505=LINE('',#3028,#3029);
#2506=LINE('',#3031,#3032);
#2507=LINE('',#3034,#3035);
#2508=VERTEX_POINT('',#3037);
#2509=VERTEX_POINT('',#3038);
#2510=LINE('',#3039,#3040);
#2511=LINE('',#3042,#3043);
#2512=VERTEX_POINT('',#3045);
#2513=LINE('',#3046,#3047);
#2514=VERTEX_POINT('',#3049);
#2515=LINE('',#3050,#3051);
#2516=LINE('',#3053,#3054);
#2517=VERTEX_POINT('',#3056);
#2518=LINE('',#3057,#3058);
#2519=LINE('',#3060,#3061);
#2520=VERTEX_POINT('',#3063);
#2521=VERTEX_POINT('',#3064);
#2522=LINE('',#3065,#3066);
#2523=VERTEX_POINT('',#3068);
#2524=LINE('',#3069,#3070);
#2525=LINE('',#3072,#3073);
#2526=LINE('',#3075,#3076);
#2527=VERTEX_POINT('',#3078);
#2528=LINE('',#3079,#3080);
#2529=LINE('',#3082,#3083);
#2530=VERTEX_POINT('',#3085);
#2531=VERTEX_POINT('',#3086);
#2532=LINE('',#3087,#3088);
#2533=VERTEX_POINT('',#3090);
#2534=LINE('',#3091,#3092);
#2535=VERTEX_POINT('',#3094);
#2536=LINE('',#3095,#3096);
#2537=LINE('',#3098,#3099);
#2538=VERTEX_POINT('',#3101);
#2539=VERTEX_POINT('',#3102);
#2540=LINE('',#3103,#3104);
#2541=VERTEX_POINT('',#3106);
#2542=LINE('',#3107,#3108);
#2543=VERTEX_POINT('',#3110);
#2544=LINE('',#3111,#3112);
#2545=LINE('',#3114,#3115);
#2546=VERTEX_POINT('',#3117);
#2547=VERTEX_POINT('',#3118);
#2548=LINE('',#3119,#3120);
#2549=VERTEX_POINT('',#3122);
#2550=LINE('',#3123,#3124);
#2551=VERTEX_POINT('',#3126);
#2552=LINE('',#3127,#3128);
#2553=LINE('',#3130,#3131);
#2554=VERTEX_POINT('',#3133);
#2555=VERTEX_POINT('',#3134);
#2556=LINE('',#3135,#3136);
#2557=VERTEX_POINT('',#3138);
#2558=LINE('',#3139,#3140);
#2559=LINE('',#3142,#3143);
#2560=LINE('',#3145,#3146);
#2561=VERTEX_POINT('',#3148);
#2562=LINE('',#3149,#3150);
#2563=LINE('',#3152,#3153);
#2564=VERTEX_POINT('',#3155);
#2565=LINE('',#3156,#3157);
#2566=VERTEX_POINT('',#3159);
#2567=LINE('',#3160,#3161);
#2568=VERTEX_POINT('',#3163);
#2569=LINE('',#3164,#3165);
#2570=LINE('',#3167,#3168);
#2571=LINE('',#3170,#3171);
#2572=LINE('',#3173,#3174);
#2573=LINE('',#3176,#3177);
#2574=LINE('',#3179,#3180);
#2575=LINE('',#3182,#3183);
#2576=LINE('',#3185,#3186);
#2577=LINE('',#3188,#3189);
#2578=VERTEX_POINT('',#3191);
#2579=LINE('',#3192,#3193);
#2580=LINE('',#3195,#3196);
#2581=VERTEX_POINT('',#3198);
#2582=LINE('',#3199,#3200);
#2583=LINE('',#3202,#3203);
#2584=VERTEX_POINT('',#3205);
#2585=LINE('',#3206,#3207);
#2586=LINE('',#3209,#3210);
#2587=VERTEX_POINT('',#3212);
#2588=VERTEX_POINT('',#3213);
#2589=LINE('',#3214,#3215);
#2590=VERTEX_POINT('',#3217);
#2591=LINE('',#3218,#3219);
#2592=VERTEX_POINT('',#3221);
#2593=LINE('',#3222,#3223);
#2594=LINE('',#3225,#3226);
#2595=VERTEX_POINT('',#3228);
#2596=LINE('',#3229,#3230);
#2597=LINE('',#3232,#3233);
#2598=VERTEX_POINT('',#3235);
#2599=LINE('',#3236,#3237);
#2600=LINE('',#3239,#3240);
#2601=VERTEX_POINT('',#3242);
#2602=LINE('',#3243,#3244);
#2603=LINE('',#3246,#3247);
#2604=VERTEX_POINT('',#3249);
#2605=LINE('',#3250,#3251);
#2606=LINE('',#3253,#3254);
#2607=VERTEX_POINT('',#3256);
#2608=VERTEX_POINT('',#3257);
#2609=LINE('',#3258,#3259);
#2610=VERTEX_POINT('',#3261);
#2611=LINE('',#3262,#3263);
#2612=VERTEX_POINT('',#3265);
#2613=LINE('',#3266,#3267);
#2614=LINE('',#3269,#3270);
#2615=VERTEX_POINT('',#3272);
#2616=LINE('',#3273,#3274);
#2617=LINE('',#3276,#3277);
#2618=VERTEX_POINT('',#3279);
#2619=LINE('',#3280,#3281);
#2620=LINE('',#3283,#3284);
#2621=VERTEX_POINT('',#3286);
#2622=LINE('',#3287,#3288);
#2623=LINE('',#3290,#3291);
#2624=VERTEX_POINT('',#3293);
#2625=LINE('',#3294,#3295);
#2626=LINE('',#3297,#3298);
#2627=VERTEX_POINT('',#3300);
#2628=VERTEX_POINT('',#3301);
#2629=LINE('',#3302,#3303);
#2630=VERTEX_POINT('',#3305);
#2631=LINE('',#3306,#3307);
#2632=VERTEX_POINT('',#3309);
#2633=LINE('',#3310,#3311);
#2634=LINE('',#3313,#3314);
#2635=VERTEX_POINT('',#3316);
#2636=LINE('',#3317,#3318);
#2637=LINE('',#3320,#3321);
#2638=LINE('',#3323,#3324);
#2639=VERTEX_POINT('',#3326);
#2640=LINE('',#3327,#3328);
#2641=LINE('',#3330,#3331);
#2642=LINE('',#3333,#3334);
#2643=VERTEX_POINT('',#3336);
#2644=VERTEX_POINT('',#3337);
#2645=LINE('',#3338,#3339);
#2646=VERTEX_POINT('',#3341);
#2647=LINE('',#3342,#3343);
#2648=LINE('',#3345,#3346);
#2649=LINE('',#3348,#3349);
#2650=LINE('',#3351,#3352);
#2651=LINE('',#3354,#3355);
#2652=VERTEX_POINT('',#3357);
#2653=VERTEX_POINT('',#3358);
#2654=LINE('',#3359,#3360);
#2655=LINE('',#3362,#3363);
#2656=LINE('',#3365,#3366);
#2657=VERTEX_POINT('',#3368);
#2658=LINE('',#3369,#3370);
#2659=LINE('',#3372,#3373);
#2660=VERTEX_POINT('',#3375);
#2661=LINE('',#3376,#3377);
#2662=LINE('',#3379,#3380);
#2663=LINE('',#3382,#3383);
#2664=VERTEX_POINT('',#3385);
#2665=VERTEX_POINT('',#3386);
#2666=LINE('',#3387,#3388);
#2667=LINE('',#3390,#3391);
#2668=LINE('',#3393,#3394);
#2669=VERTEX_POINT('',#3396);
#2670=LINE('',#3397,#3398);
#2671=LINE('',#3400,#3401);
#2672=VERTEX_POINT('',#3403);
#2673=LINE('',#3404,#3405);
#2674=LINE('',#3407,#3408);
#2675=LINE('',#3410,#3411);
#2676=VERTEX_POINT('',#3413);
#2677=VERTEX_POINT('',#3414);
#2678=LINE('',#3415,#3416);
#2679=LINE('',#3418,#3419);
#2680=LINE('',#3421,#3422);
#2681=VERTEX_POINT('',#3424);
#2682=LINE('',#3425,#3426);
#2683=LINE('',#3428,#3429);
#2684=VERTEX_POINT('',#3431);
#2685=LINE('',#3432,#3433);
#2686=LINE('',#3435,#3436);
#2687=LINE('',#3438,#3439);
#2688=LINE('',#3441,#3442);
#2689=LINE('',#3444,#3445);
#2690=VERTEX_POINT('',#3447);
#2691=VERTEX_POINT('',#3448);
#2692=LINE('',#3449,#3450);
#2693=LINE('',#3452,#3453);
#2694=LINE('',#3455,#3456);
#2695=VERTEX_POINT('',#3458);
#2696=LINE('',#3459,#3460);
#2697=LINE('',#3462,#3463);
#2698=VERTEX_POINT('',#3465);
#2699=LINE('',#3466,#3467);
#2700=LINE('',#3469,#3470);
#2701=LINE('',#3472,#3473);
#2702=VERTEX_POINT('',#3475);
#2703=VERTEX_POINT('',#3476);
#2704=LINE('',#3477,#3478);
#2705=LINE('',#3480,#3481);
#2706=LINE('',#3483,#3484);
#2707=VERTEX_POINT('',#3486);
#2708=LINE('',#3487,#3488);
#2709=LINE('',#3490,#3491);
#2710=VERTEX_POINT('',#3493);
#2711=LINE('',#3494,#3495);
#2712=LINE('',#3497,#3498);
#2713=LINE('',#3500,#3501);
#2714=VERTEX_POINT('',#3503);
#2715=VERTEX_POINT('',#3504);
#2716=LINE('',#3505,#3506);
#2717=LINE('',#3508,#3509);
#2718=LINE('',#3511,#3512);
#2719=VERTEX_POINT('',#3514);
#2720=LINE('',#3515,#3516);
#2721=LINE('',#3518,#3519);
#2722=VERTEX_POINT('',#3521);
#2723=LINE('',#3522,#3523);
#2724=LINE('',#3525,#3526);
#2725=LINE('',#3528,#3529);
#2726=VERTEX_POINT('',#3531);
#2727=LINE('',#3532,#3533);
#2728=VERTEX_POINT('',#3535);
#2729=LINE('',#3536,#3537);
#2730=LINE('',#3539,#3540);
#2731=VERTEX_POINT('',#3542);
#2732=LINE('',#3543,#3544);
#2733=LINE('',#3546,#3547);
#2734=VERTEX_POINT('',#3549);
#2735=LINE('',#3550,#3551);
#2736=LINE('',#3553,#3554);
#2737=LINE('',#3556,#3557);
#2738=VERTEX_POINT('',#3559);
#2739=LINE('',#3560,#3561);
#2740=VERTEX_POINT('',#3563);
#2741=LINE('',#3564,#3565);
#2742=LINE('',#3567,#3568);
#2743=VERTEX_POINT('',#3570);
#2744=LINE('',#3571,#3572);
#2745=LINE('',#3574,#3575);
#2746=VERTEX_POINT('',#3577);
#2747=LINE('',#3578,#3579);
#2748=LINE('',#3581,#3582);
#2749=LINE('',#3584,#3585);
#2750=VERTEX_POINT('',#3587);
#2751=LINE('',#3588,#3589);
#2752=VERTEX_POINT('',#3591);
#2753=LINE('',#3592,#3593);
#2754=LINE('',#3595,#3596);
#2755=VERTEX_POINT('',#3598);
#2756=LINE('',#3599,#3600);
#2757=LINE('',#3602,#3603);
#2758=VERTEX_POINT('',#3605);
#2759=LINE('',#3606,#3607);
#2760=LINE('',#3609,#3610);
#2761=LINE('',#3612,#3613);
#2762=VERTEX_POINT('',#3615);
#2763=LINE('',#3616,#3617);
#2764=VERTEX_POINT('',#3619);
#2765=LINE('',#3620,#3621);
#2766=LINE('',#3623,#3624);
#2767=VERTEX_POINT('',#3626);
#2768=LINE('',#3627,#3628);
#2769=LINE('',#3630,#3631);
#2770=VERTEX_POINT('',#3633);
#2771=LINE('',#3634,#3635);
#2772=LINE('',#3637,#3638);
#2773=LINE('',#3640,#3641);
#2774=VERTEX_POINT('',#3643);
#2775=LINE('',#3644,#3645);
#2776=VERTEX_POINT('',#3647);
#2777=LINE('',#3648,#3649);
#2778=LINE('',#3651,#3652);
#2779=VERTEX_POINT('',#3654);
#2780=LINE('',#3655,#3656);
#2781=LINE('',#3658,#3659);
#2782=VERTEX_POINT('',#3661);
#2783=LINE('',#3662,#3663);
#2784=LINE('',#3665,#3666);
#2785=LINE('',#3668,#3669);
#2786=VERTEX_POINT('',#3671);
#2787=LINE('',#3672,#3673);
#2788=VERTEX_POINT('',#3675);
#2789=LINE('',#3676,#3677);
#2790=LINE('',#3679,#3680);
#2791=VERTEX_POINT('',#3682);
#2792=LINE('',#3683,#3684);
#2793=LINE('',#3686,#3687);
#2794=VERTEX_POINT('',#3689);
#2795=LINE('',#3690,#3691);
#2796=LINE('',#3693,#3694);
#2797=LINE('',#3696,#3697);
#2798=CARTESIAN_POINT('',(3.75,-1.5,7.));
#2799=CARTESIAN_POINT('',(3.75,-1.5,3.));
#2800=CARTESIAN_POINT('',(3.75,-1.5,7.));
#2801=VECTOR('',#2802,1.);
#2802=DIRECTION('',(0.,0.,-1.));
#2803=CARTESIAN_POINT('',(5.65,-1.5,3.));
#2804=CARTESIAN_POINT('',(3.75,-1.5,3.));
#2805=VECTOR('',#2806,1.);
#2806=DIRECTION('',(1.,0.,0.));
#2807=CARTESIAN_POINT('',(6.25,-1.5,3.6));
#2808=AXIS2_PLACEMENT_3D('',#2809,#2810,#2811);
#2809=CARTESIAN_POINT('',(5.65,-1.5,3.6));
#2810=DIRECTION('',(0.,-1.,0.));
#2811=DIRECTION('',(0.,0.,-1.));
#2812=CARTESIAN_POINT('',(6.25,-1.5,6.2));
#2813=CARTESIAN_POINT('',(6.25,-1.5,3.6));
#2814=VECTOR('',#2815,1.);
#2815=DIRECTION('',(0.,0.,1.));
#2816=CARTESIAN_POINT('',(5.85,-1.5,6.6));
#2817=CARTESIAN_POINT('',(6.25,-1.5,6.2));
#2818=VECTOR('',#2819,1.);
#2819=DIRECTION('',(-0.707106781186547,0.,0.707106781186547));
#2820=CARTESIAN_POINT('',(6.25,-1.5,7.));
#2821=CARTESIAN_POINT('',(5.85,-1.5,6.6));
#2822=VECTOR('',#2823,1.);
#2823=DIRECTION('',(0.707106781186547,0.,0.707106781186547));
#2824=CARTESIAN_POINT('',(7.5,-1.5,7.));
#2825=CARTESIAN_POINT('',(6.25,-1.5,7.));
#2826=VECTOR('',#2827,1.);
#2827=DIRECTION('',(1.,-1.77635683940025E-016,0.));
#2828=CARTESIAN_POINT('',(7.5,-1.5,3.));
#2829=CARTESIAN_POINT('',(7.5,-1.5,3.));
#2830=VECTOR('',#2831,1.);
#2831=DIRECTION('',(0.,0.,1.));
#2832=CARTESIAN_POINT('',(6.8,-1.5,3.));
#2833=CARTESIAN_POINT('',(7.5,-1.5,3.));
#2834=VECTOR('',#2835,1.);
#2835=DIRECTION('',(-1.,0.,0.));
#2836=CARTESIAN_POINT('',(6.8,-1.5,2.));
#2837=CARTESIAN_POINT('',(6.8,-1.5,2.));
#2838=VECTOR('',#2839,1.);
#2839=DIRECTION('',(0.,0.,1.));
#2840=CARTESIAN_POINT('',(-1.8,-1.5,2.));
#2841=CARTESIAN_POINT('',(-1.8,-1.5,2.));
#2842=VECTOR('',#2843,1.);
#2843=DIRECTION('',(1.,0.,0.));
#2844=CARTESIAN_POINT('',(-1.8,-1.5,3.));
#2845=CARTESIAN_POINT('',(-1.8,-1.5,2.));
#2846=VECTOR('',#2847,1.);
#2847=DIRECTION('',(0.,0.,1.));
#2848=CARTESIAN_POINT('',(-2.5,-1.5,3.));
#2849=CARTESIAN_POINT('',(-1.8,-1.5,3.));
#2850=VECTOR('',#2851,1.);
#2851=DIRECTION('',(-1.,0.,0.));
#2852=CARTESIAN_POINT('',(-2.5,-1.5,7.));
#2853=CARTESIAN_POINT('',(-2.5,-1.5,3.));
#2854=VECTOR('',#2855,1.);
#2855=DIRECTION('',(0.,0.,1.));
#2856=CARTESIAN_POINT('',(-1.25,-1.5,7.));
#2857=CARTESIAN_POINT('',(-2.5,-1.5,7.));
#2858=VECTOR('',#2859,1.);
#2859=DIRECTION('',(1.,1.77635683940025E-016,0.));
#2860=CARTESIAN_POINT('',(-0.85,-1.5,6.6));
#2861=CARTESIAN_POINT('',(-1.25,-1.5,7.));
#2862=VECTOR('',#2863,1.);
#2863=DIRECTION('',(0.707106781186547,0.,-0.707106781186548));
#2864=CARTESIAN_POINT('',(-1.25,-1.5,6.2));
#2865=CARTESIAN_POINT('',(-0.85,-1.5,6.6));
#2866=VECTOR('',#2867,1.);
#2867=DIRECTION('',(-0.707106781186547,0.,-0.707106781186548));
#2868=CARTESIAN_POINT('',(-1.25,-1.5,3.6));
#2869=CARTESIAN_POINT('',(-1.25,-1.5,6.2));
#2870=VECTOR('',#2871,1.);
#2871=DIRECTION('',(0.,0.,-1.));
#2872=CARTESIAN_POINT('',(-0.65,-1.5,3.));
#2873=AXIS2_PLACEMENT_3D('',#2874,#2875,#2876);
#2874=CARTESIAN_POINT('',(-0.65,-1.5,3.6));
#2875=DIRECTION('',(0.,-1.,0.));
#2876=DIRECTION('',(-1.,0.,0.));
#2877=CARTESIAN_POINT('',(1.25,-1.5,3.));
#2878=CARTESIAN_POINT('',(-0.65,-1.5,3.));
#2879=VECTOR('',#2880,1.);
#2880=DIRECTION('',(1.,0.,0.));
#2881=CARTESIAN_POINT('',(1.25,-1.5,7.));
#2882=CARTESIAN_POINT('',(1.25,-1.5,3.));
#2883=VECTOR('',#2884,1.);
#2884=DIRECTION('',(0.,0.,1.));
#2885=CARTESIAN_POINT('',(1.25,-1.5,7.));
#2886=VECTOR('',#2887,1.);
#2887=DIRECTION('',(1.,0.,0.));
#2888=CARTESIAN_POINT('',(3.75,-2.2,7.));
#2889=CARTESIAN_POINT('',(3.75,-1.5,7.));
#2890=VECTOR('',#2891,1.);
#2891=DIRECTION('',(0.,-1.,0.));
#2892=CARTESIAN_POINT('',(1.25,-2.2,7.));
#2893=CARTESIAN_POINT('',(1.25,-2.2,7.));
#2894=VECTOR('',#2895,1.);
#2895=DIRECTION('',(0.,1.,0.));
#2896=CARTESIAN_POINT('',(1.25,-2.2,7.));
#2897=VECTOR('',#2898,1.);
#2898=DIRECTION('',(1.,0.,0.));
#2899=CARTESIAN_POINT('',(6.25,-2.2,7.));
#2900=CARTESIAN_POINT('',(6.25,-2.2,7.));
#2901=VECTOR('',#2902,1.);
#2902=DIRECTION('',(0.,1.,0.));
#2903=CARTESIAN_POINT('',(7.5,-2.2,7.));
#2904=CARTESIAN_POINT('',(6.25,-2.2,7.));
#2905=VECTOR('',#2906,1.);
#2906=DIRECTION('',(1.,0.,0.));
#2907=CARTESIAN_POINT('',(7.5,-2.2,7.));
#2908=VECTOR('',#2909,1.);
#2909=DIRECTION('',(0.,1.,0.));
#2910=CARTESIAN_POINT('',(3.75,-2.2,3.));
#2911=CARTESIAN_POINT('',(3.75,-2.2,7.));
#2912=VECTOR('',#2913,1.);
#2913=DIRECTION('',(0.,0.,-1.));
#2914=CARTESIAN_POINT('',(1.25,-2.2,3.));
#2915=CARTESIAN_POINT('',(1.25,-2.2,3.));
#2916=VECTOR('',#2917,1.);
#2917=DIRECTION('',(0.,0.,1.));
#2918=CARTESIAN_POINT('',(-0.65,-2.2,3.));
#2919=CARTESIAN_POINT('',(-0.65,-2.2,3.));
#2920=VECTOR('',#2921,1.);
#2921=DIRECTION('',(1.,0.,0.));
#2922=CARTESIAN_POINT('',(-1.25,-2.2,3.6));
#2923=AXIS2_PLACEMENT_3D('',#2924,#2925,#2926);
#2924=CARTESIAN_POINT('',(-0.65,-2.2,3.6));
#2925=DIRECTION('',(0.,-1.,0.));
#2926=DIRECTION('',(-1.,0.,0.));
#2927=CARTESIAN_POINT('',(-1.25,-2.2,6.2));
#2928=CARTESIAN_POINT('',(-1.25,-2.2,6.2));
#2929=VECTOR('',#2930,1.);
#2930=DIRECTION('',(0.,0.,-1.));
#2931=CARTESIAN_POINT('',(-0.85,-2.2,6.6));
#2932=CARTESIAN_POINT('',(-0.85,-2.2,6.6));
#2933=VECTOR('',#2934,1.);
#2934=DIRECTION('',(-0.707106781186547,0.,-0.707106781186548));
#2935=CARTESIAN_POINT('',(-1.25,-2.2,7.));
#2936=CARTESIAN_POINT('',(-1.25,-2.2,7.));
#2937=VECTOR('',#2938,1.);
#2938=DIRECTION('',(0.707106781186547,0.,-0.707106781186548));
#2939=CARTESIAN_POINT('',(-2.5,-2.2,7.));
#2940=CARTESIAN_POINT('',(-2.5,-2.2,7.));
#2941=VECTOR('',#2942,1.);
#2942=DIRECTION('',(1.,0.,0.));
#2943=CARTESIAN_POINT('',(-2.5,-2.2,0.));
#2944=CARTESIAN_POINT('',(-2.5,-2.2,0.));
#2945=VECTOR('',#2946,1.);
#2946=DIRECTION('',(0.,0.,1.));
#2947=CARTESIAN_POINT('',(-0.85,-2.2,0.));
#2948=CARTESIAN_POINT('',(-0.85,-2.2,0.));
#2949=VECTOR('',#2950,1.);
#2950=DIRECTION('',(-1.,0.,0.));
#2951=CARTESIAN_POINT('',(-0.85,-2.2,0.4));
#2952=CARTESIAN_POINT('',(-0.85,-2.2,0.4));
#2953=VECTOR('',#2954,1.);
#2954=DIRECTION('',(0.,0.,-1.));
#2955=CARTESIAN_POINT('',(0.85,-2.2,0.4));
#2956=CARTESIAN_POINT('',(-0.85,-2.2,0.4));
#2957=VECTOR('',#2958,1.);
#2958=DIRECTION('',(1.,0.,0.));
#2959=CARTESIAN_POINT('',(0.85,-2.2,0.));
#2960=CARTESIAN_POINT('',(0.85,-2.2,0.));
#2961=VECTOR('',#2962,1.);
#2962=DIRECTION('',(0.,0.,1.));
#2963=CARTESIAN_POINT('',(1.65,-2.2,0.));
#2964=CARTESIAN_POINT('',(0.85,-2.2,0.));
#2965=VECTOR('',#2966,1.);
#2966=DIRECTION('',(1.,0.,0.));
#2967=CARTESIAN_POINT('',(1.65,-2.2,0.4));
#2968=CARTESIAN_POINT('',(1.65,-2.2,0.4));
#2969=VECTOR('',#2970,1.);
#2970=DIRECTION('',(0.,0.,-1.));
#2971=CARTESIAN_POINT('',(3.35,-2.2,0.4));
#2972=CARTESIAN_POINT('',(1.65,-2.2,0.4));
#2973=VECTOR('',#2974,1.);
#2974=DIRECTION('',(1.,0.,0.));
#2975=CARTESIAN_POINT('',(3.35,-2.2,0.));
#2976=CARTESIAN_POINT('',(3.35,-2.2,0.));
#2977=VECTOR('',#2978,1.);
#2978=DIRECTION('',(0.,0.,1.));
#2979=CARTESIAN_POINT('',(4.15,-2.2,0.));
#2980=CARTESIAN_POINT('',(3.35,-2.2,0.));
#2981=VECTOR('',#2982,1.);
#2982=DIRECTION('',(1.,0.,0.));
#2983=CARTESIAN_POINT('',(4.15,-2.2,0.4));
#2984=CARTESIAN_POINT('',(4.15,-2.2,0.4));
#2985=VECTOR('',#2986,1.);
#2986=DIRECTION('',(0.,0.,-1.));
#2987=CARTESIAN_POINT('',(5.85,-2.2,0.4));
#2988=CARTESIAN_POINT('',(4.15,-2.2,0.4));
#2989=VECTOR('',#2990,1.);
#2990=DIRECTION('',(1.,0.,0.));
#2991=CARTESIAN_POINT('',(5.85,-2.2,0.));
#2992=CARTESIAN_POINT('',(5.85,-2.2,0.));
#2993=VECTOR('',#2994,1.);
#2994=DIRECTION('',(0.,0.,1.));
#2995=CARTESIAN_POINT('',(7.5,-2.2,0.));
#2996=CARTESIAN_POINT('',(5.85,-2.2,0.));
#2997=VECTOR('',#2998,1.);
#2998=DIRECTION('',(1.,0.,0.));
#2999=CARTESIAN_POINT('',(7.5,-2.2,0.));
#3000=VECTOR('',#3001,1.);
#3001=DIRECTION('',(0.,0.,1.));
#3002=CARTESIAN_POINT('',(5.85,-2.2,6.6));
#3003=CARTESIAN_POINT('',(5.85,-2.2,6.6));
#3004=VECTOR('',#3005,1.);
#3005=DIRECTION('',(0.707106781186547,0.,0.707106781186547));
#3006=CARTESIAN_POINT('',(6.25,-2.2,6.2));
#3007=CARTESIAN_POINT('',(6.25,-2.2,6.2));
#3008=VECTOR('',#3009,1.);
#3009=DIRECTION('',(-0.707106781186547,0.,0.707106781186547));
#3010=CARTESIAN_POINT('',(6.25,-2.2,3.6));
#3011=CARTESIAN_POINT('',(6.25,-2.2,3.6));
#3012=VECTOR('',#3013,1.);
#3013=DIRECTION('',(0.,0.,1.));
#3014=CARTESIAN_POINT('',(5.65,-2.2,3.));
#3015=AXIS2_PLACEMENT_3D('',#3016,#3017,#3018);
#3016=CARTESIAN_POINT('',(5.65,-2.2,3.6));
#3017=DIRECTION('',(0.,-1.,0.));
#3018=DIRECTION('',(0.,0.,-1.));
#3019=CARTESIAN_POINT('',(3.75,-2.2,3.));
#3020=VECTOR('',#3021,1.);
#3021=DIRECTION('',(1.,0.,0.));
#3022=CARTESIAN_POINT('',(5.85,-1.5,6.6));
#3023=VECTOR('',#3024,1.);
#3024=DIRECTION('',(0.,-1.,0.));
#3025=CARTESIAN_POINT('',(6.25,-1.5,6.2));
#3026=VECTOR('',#3027,1.);
#3027=DIRECTION('',(0.,-1.,0.));
#3028=CARTESIAN_POINT('',(6.25,-1.5,3.6));
#3029=VECTOR('',#3030,1.);
#3030=DIRECTION('',(0.,-1.,0.));
#3031=CARTESIAN_POINT('',(5.65,-1.5,3.));
#3032=VECTOR('',#3033,1.);
#3033=DIRECTION('',(0.,-1.,0.));
#3034=CARTESIAN_POINT('',(3.75,-1.5,3.));
#3035=VECTOR('',#3036,1.);
#3036=DIRECTION('',(0.,-1.,0.));
#3037=CARTESIAN_POINT('',(7.5,-0.4,7.));
#3038=CARTESIAN_POINT('',(7.5,-0.4,3.));
#3039=CARTESIAN_POINT('',(7.5,-0.4,7.));
#3040=VECTOR('',#3041,1.);
#3041=DIRECTION('',(0.,0.,-1.));
#3042=CARTESIAN_POINT('',(7.5,-0.4,3.));
#3043=VECTOR('',#3044,1.);
#3044=DIRECTION('',(0.,-1.,0.));
#3045=CARTESIAN_POINT('',(7.5,3.55,0.));
#3046=CARTESIAN_POINT('',(7.5,3.55,0.));
#3047=VECTOR('',#3048,1.);
#3048=DIRECTION('',(0.,-1.,0.));
#3049=CARTESIAN_POINT('',(7.5,3.55,7.));
#3050=CARTESIAN_POINT('',(7.5,3.55,7.));
#3051=VECTOR('',#3052,1.);
#3052=DIRECTION('',(0.,0.,-1.));
#3053=CARTESIAN_POINT('',(7.5,-0.4,7.));
#3054=VECTOR('',#3055,1.);
#3055=DIRECTION('',(0.,1.,0.));
#3056=CARTESIAN_POINT('',(6.8,-0.4,3.));
#3057=CARTESIAN_POINT('',(6.8,-0.4,3.));
#3058=VECTOR('',#3059,1.);
#3059=DIRECTION('',(0.,-1.,0.));
#3060=CARTESIAN_POINT('',(7.5,-0.4,3.));
#3061=VECTOR('',#3062,1.);
#3062=DIRECTION('',(-1.,0.,0.));
#3063=CARTESIAN_POINT('',(6.8,2.85,6.7));
#3064=CARTESIAN_POINT('',(6.8,-0.4,6.7));
#3065=CARTESIAN_POINT('',(6.8,2.85,6.7));
#3066=VECTOR('',#3067,1.);
#3067=DIRECTION('',(0.,-1.,0.));
#3068=CARTESIAN_POINT('',(6.8,2.85,2.));
#3069=CARTESIAN_POINT('',(6.8,2.85,6.7));
#3070=VECTOR('',#3071,1.);
#3071=DIRECTION('',(0.,0.,-1.));
#3072=CARTESIAN_POINT('',(6.8,2.85,2.));
#3073=VECTOR('',#3074,1.);
#3074=DIRECTION('',(0.,-1.,0.));
#3075=CARTESIAN_POINT('',(6.8,-0.4,6.7));
#3076=VECTOR('',#3077,1.);
#3077=DIRECTION('',(0.,0.,-1.));
#3078=CARTESIAN_POINT('',(-1.8,2.85,2.));
#3079=CARTESIAN_POINT('',(6.8,2.85,2.));
#3080=VECTOR('',#3081,1.);
#3081=DIRECTION('',(-1.,0.,0.));
#3082=CARTESIAN_POINT('',(-1.8,2.85,2.));
#3083=VECTOR('',#3084,1.);
#3084=DIRECTION('',(0.,-1.,0.));
#3085=CARTESIAN_POINT('',(2.82,0.32,2.));
#3086=CARTESIAN_POINT('',(2.18,0.32,2.));
#3087=CARTESIAN_POINT('',(2.82,0.32,2.));
#3088=VECTOR('',#3089,1.);
#3089=DIRECTION('',(-1.,0.,0.));
#3090=CARTESIAN_POINT('',(2.82,-0.32,2.));
#3091=CARTESIAN_POINT('',(2.82,-0.32,2.));
#3092=VECTOR('',#3093,1.);
#3093=DIRECTION('',(0.,1.,0.));
#3094=CARTESIAN_POINT('',(2.18,-0.32,2.));
#3095=CARTESIAN_POINT('',(2.18,-0.32,2.));
#3096=VECTOR('',#3097,1.);
#3097=DIRECTION('',(1.,0.,0.));
#3098=CARTESIAN_POINT('',(2.18,0.32,2.));
#3099=VECTOR('',#3100,1.);
#3100=DIRECTION('',(0.,-1.,0.));
#3101=CARTESIAN_POINT('',(5.32,0.32,2.));
#3102=CARTESIAN_POINT('',(4.68,0.32,2.));
#3103=CARTESIAN_POINT('',(5.32,0.32,2.));
#3104=VECTOR('',#3105,1.);
#3105=DIRECTION('',(-1.,0.,0.));
#3106=CARTESIAN_POINT('',(5.32,-0.32,2.));
#3107=CARTESIAN_POINT('',(5.32,-0.32,2.));
#3108=VECTOR('',#3109,1.);
#3109=DIRECTION('',(0.,1.,0.));
#3110=CARTESIAN_POINT('',(4.68,-0.32,2.));
#3111=CARTESIAN_POINT('',(4.68,-0.32,2.));
#3112=VECTOR('',#3113,1.);
#3113=DIRECTION('',(1.,0.,0.));
#3114=CARTESIAN_POINT('',(4.68,0.32,2.));
#3115=VECTOR('',#3116,1.);
#3116=DIRECTION('',(0.,-1.,0.));
#3117=CARTESIAN_POINT('',(0.32,0.32,2.));
#3118=CARTESIAN_POINT('',(-0.32,0.32,2.));
#3119=CARTESIAN_POINT('',(0.32,0.32,2.));
#3120=VECTOR('',#3121,1.);
#3121=DIRECTION('',(-1.,0.,0.));
#3122=CARTESIAN_POINT('',(0.32,-0.32,2.));
#3123=CARTESIAN_POINT('',(0.32,-0.32,2.));
#3124=VECTOR('',#3125,1.);
#3125=DIRECTION('',(0.,1.,0.));
#3126=CARTESIAN_POINT('',(-0.32,-0.32,2.));
#3127=CARTESIAN_POINT('',(-0.32,-0.32,2.));
#3128=VECTOR('',#3129,1.);
#3129=DIRECTION('',(1.,0.,0.));
#3130=CARTESIAN_POINT('',(-0.32,0.32,2.));
#3131=VECTOR('',#3132,1.);
#3132=DIRECTION('',(0.,-1.,0.));
#3133=CARTESIAN_POINT('',(-1.8,-0.4,6.7));
#3134=CARTESIAN_POINT('',(-1.8,2.85,6.7));
#3135=CARTESIAN_POINT('',(-1.8,2.85,6.7));
#3136=VECTOR('',#3137,1.);
#3137=DIRECTION('',(0.,-1.,0.));
#3138=CARTESIAN_POINT('',(-1.8,-0.4,3.));
#3139=CARTESIAN_POINT('',(-1.8,-0.4,6.7));
#3140=VECTOR('',#3141,1.);
#3141=DIRECTION('',(0.,0.,-1.));
#3142=CARTESIAN_POINT('',(-1.8,-0.4,3.));
#3143=VECTOR('',#3144,1.);
#3144=DIRECTION('',(0.,-1.,0.));
#3145=CARTESIAN_POINT('',(-1.8,2.85,6.7));
#3146=VECTOR('',#3147,1.);
#3147=DIRECTION('',(0.,0.,-1.));
#3148=CARTESIAN_POINT('',(-2.5,-0.4,3.));
#3149=CARTESIAN_POINT('',(-1.8,-0.4,3.));
#3150=VECTOR('',#3151,1.);
#3151=DIRECTION('',(-1.,0.,0.));
#3152=CARTESIAN_POINT('',(-2.5,-0.4,3.));
#3153=VECTOR('',#3154,1.);
#3154=DIRECTION('',(0.,-1.,0.));
#3155=CARTESIAN_POINT('',(-2.5,-0.4,7.));
#3156=CARTESIAN_POINT('',(-2.5,-0.4,7.));
#3157=VECTOR('',#3158,1.);
#3158=DIRECTION('',(0.,0.,-1.));
#3159=CARTESIAN_POINT('',(-2.5,3.55,7.));
#3160=CARTESIAN_POINT('',(-2.5,-0.4,7.));
#3161=VECTOR('',#3162,1.);
#3162=DIRECTION('',(0.,1.,0.));
#3163=CARTESIAN_POINT('',(-2.5,3.55,0.));
#3164=CARTESIAN_POINT('',(-2.5,3.55,7.));
#3165=VECTOR('',#3166,1.);
#3166=DIRECTION('',(0.,0.,-1.));
#3167=CARTESIAN_POINT('',(-2.5,3.55,0.));
#3168=VECTOR('',#3169,1.);
#3169=DIRECTION('',(0.,-1.,0.));
#3170=CARTESIAN_POINT('',(-2.5,-2.2,7.));
#3171=VECTOR('',#3172,1.);
#3172=DIRECTION('',(0.,1.,0.));
#3173=CARTESIAN_POINT('',(-1.25,-1.5,7.));
#3174=VECTOR('',#3175,1.);
#3175=DIRECTION('',(0.,-1.,0.));
#3176=CARTESIAN_POINT('',(-0.85,-1.5,6.6));
#3177=VECTOR('',#3178,1.);
#3178=DIRECTION('',(0.,-1.,0.));
#3179=CARTESIAN_POINT('',(-1.25,-1.5,6.2));
#3180=VECTOR('',#3181,1.);
#3181=DIRECTION('',(0.,-1.,0.));
#3182=CARTESIAN_POINT('',(-1.25,-1.5,3.6));
#3183=VECTOR('',#3184,1.);
#3184=DIRECTION('',(0.,-1.,0.));
#3185=CARTESIAN_POINT('',(-0.65,-1.5,3.));
#3186=VECTOR('',#3187,1.);
#3187=DIRECTION('',(0.,-1.,0.));
#3188=CARTESIAN_POINT('',(1.25,-1.5,3.));
#3189=VECTOR('',#3190,1.);
#3190=DIRECTION('',(0.,-1.,0.));
#3191=CARTESIAN_POINT('',(-0.85,3.55,0.));
#3192=CARTESIAN_POINT('',(-0.85,3.55,0.));
#3193=VECTOR('',#3194,1.);
#3194=DIRECTION('',(0.,-1.,0.));
#3195=CARTESIAN_POINT('',(-0.85,3.55,0.));
#3196=VECTOR('',#3197,1.);
#3197=DIRECTION('',(-1.,0.,0.));
#3198=CARTESIAN_POINT('',(-0.85,3.55,0.4));
#3199=CARTESIAN_POINT('',(-0.85,3.55,0.));
#3200=VECTOR('',#3201,1.);
#3201=DIRECTION('',(0.,0.,1.));
#3202=CARTESIAN_POINT('',(-0.85,-2.2,0.4));
#3203=VECTOR('',#3204,1.);
#3204=DIRECTION('',(0.,1.,0.));
#3205=CARTESIAN_POINT('',(0.85,3.55,0.4));
#3206=CARTESIAN_POINT('',(0.85,3.55,0.4));
#3207=VECTOR('',#3208,1.);
#3208=DIRECTION('',(-1.,0.,0.));
#3209=CARTESIAN_POINT('',(0.85,3.55,0.4));
#3210=VECTOR('',#3211,1.);
#3211=DIRECTION('',(0.,-1.,0.));
#3212=CARTESIAN_POINT('',(-0.32,0.32,0.4));
#3213=CARTESIAN_POINT('',(0.32,0.32,0.4));
#3214=CARTESIAN_POINT('',(-0.32,0.32,0.4));
#3215=VECTOR('',#3216,1.);
#3216=DIRECTION('',(1.,0.,0.));
#3217=CARTESIAN_POINT('',(-0.32,-0.32,0.4));
#3218=CARTESIAN_POINT('',(-0.32,-0.32,0.4));
#3219=VECTOR('',#3220,1.);
#3220=DIRECTION('',(0.,1.,0.));
#3221=CARTESIAN_POINT('',(0.32,-0.32,0.4));
#3222=CARTESIAN_POINT('',(0.32,-0.32,0.4));
#3223=VECTOR('',#3224,1.);
#3224=DIRECTION('',(-1.,0.,0.));
#3225=CARTESIAN_POINT('',(0.32,0.32,0.4));
#3226=VECTOR('',#3227,1.);
#3227=DIRECTION('',(0.,-1.,0.));
#3228=CARTESIAN_POINT('',(0.85,3.55,0.));
#3229=CARTESIAN_POINT('',(0.85,3.55,0.4));
#3230=VECTOR('',#3231,1.);
#3231=DIRECTION('',(0.,0.,-1.));
#3232=CARTESIAN_POINT('',(0.85,-2.2,0.));
#3233=VECTOR('',#3234,1.);
#3234=DIRECTION('',(0.,1.,0.));
#3235=CARTESIAN_POINT('',(1.65,3.55,0.));
#3236=CARTESIAN_POINT('',(1.65,3.55,0.));
#3237=VECTOR('',#3238,1.);
#3238=DIRECTION('',(0.,-1.,0.));
#3239=CARTESIAN_POINT('',(1.65,3.55,0.));
#3240=VECTOR('',#3241,1.);
#3241=DIRECTION('',(-1.,0.,0.));
#3242=CARTESIAN_POINT('',(1.65,3.55,0.4));
#3243=CARTESIAN_POINT('',(1.65,3.55,0.));
#3244=VECTOR('',#3245,1.);
#3245=DIRECTION('',(0.,0.,1.));
#3246=CARTESIAN_POINT('',(1.65,-2.2,0.4));
#3247=VECTOR('',#3248,1.);
#3248=DIRECTION('',(0.,1.,0.));
#3249=CARTESIAN_POINT('',(3.35,3.55,0.4));
#3250=CARTESIAN_POINT('',(3.35,3.55,0.4));
#3251=VECTOR('',#3252,1.);
#3252=DIRECTION('',(-1.,0.,0.));
#3253=CARTESIAN_POINT('',(3.35,3.55,0.4));
#3254=VECTOR('',#3255,1.);
#3255=DIRECTION('',(0.,-1.,0.));
#3256=CARTESIAN_POINT('',(2.18,0.32,0.4));
#3257=CARTESIAN_POINT('',(2.82,0.32,0.4));
#3258=CARTESIAN_POINT('',(2.18,0.32,0.4));
#3259=VECTOR('',#3260,1.);
#3260=DIRECTION('',(1.,0.,0.));
#3261=CARTESIAN_POINT('',(2.18,-0.32,0.4));
#3262=CARTESIAN_POINT('',(2.18,-0.32,0.4));
#3263=VECTOR('',#3264,1.);
#3264=DIRECTION('',(0.,1.,0.));
#3265=CARTESIAN_POINT('',(2.82,-0.32,0.4));
#3266=CARTESIAN_POINT('',(2.82,-0.32,0.4));
#3267=VECTOR('',#3268,1.);
#3268=DIRECTION('',(-1.,0.,0.));
#3269=CARTESIAN_POINT('',(2.82,0.32,0.4));
#3270=VECTOR('',#3271,1.);
#3271=DIRECTION('',(0.,-1.,0.));
#3272=CARTESIAN_POINT('',(3.35,3.55,0.));
#3273=CARTESIAN_POINT('',(3.35,-2.2,0.));
#3274=VECTOR('',#3275,1.);
#3275=DIRECTION('',(0.,1.,0.));
#3276=CARTESIAN_POINT('',(3.35,3.55,0.4));
#3277=VECTOR('',#3278,1.);
#3278=DIRECTION('',(0.,0.,-1.));
#3279=CARTESIAN_POINT('',(4.15,3.55,0.));
#3280=CARTESIAN_POINT('',(4.15,3.55,0.));
#3281=VECTOR('',#3282,1.);
#3282=DIRECTION('',(-1.,0.,0.));
#3283=CARTESIAN_POINT('',(4.15,3.55,0.));
#3284=VECTOR('',#3285,1.);
#3285=DIRECTION('',(0.,-1.,0.));
#3286=CARTESIAN_POINT('',(4.15,3.55,0.4));
#3287=CARTESIAN_POINT('',(4.15,3.55,0.));
#3288=VECTOR('',#3289,1.);
#3289=DIRECTION('',(0.,0.,1.));
#3290=CARTESIAN_POINT('',(4.15,-2.2,0.4));
#3291=VECTOR('',#3292,1.);
#3292=DIRECTION('',(0.,1.,0.));
#3293=CARTESIAN_POINT('',(5.85,3.55,0.4));
#3294=CARTESIAN_POINT('',(5.85,3.55,0.4));
#3295=VECTOR('',#3296,1.);
#3296=DIRECTION('',(-1.,0.,0.));
#3297=CARTESIAN_POINT('',(5.85,3.55,0.4));
#3298=VECTOR('',#3299,1.);
#3299=DIRECTION('',(0.,-1.,0.));
#3300=CARTESIAN_POINT('',(4.68,0.32,0.4));
#3301=CARTESIAN_POINT('',(5.32,0.32,0.4));
#3302=CARTESIAN_POINT('',(4.68,0.32,0.4));
#3303=VECTOR('',#3304,1.);
#3304=DIRECTION('',(1.,0.,0.));
#3305=CARTESIAN_POINT('',(4.68,-0.32,0.4));
#3306=CARTESIAN_POINT('',(4.68,-0.32,0.4));
#3307=VECTOR('',#3308,1.);
#3308=DIRECTION('',(0.,1.,0.));
#3309=CARTESIAN_POINT('',(5.32,-0.32,0.4));
#3310=CARTESIAN_POINT('',(5.32,-0.32,0.4));
#3311=VECTOR('',#3312,1.);
#3312=DIRECTION('',(-1.,0.,0.));
#3313=CARTESIAN_POINT('',(5.32,0.32,0.4));
#3314=VECTOR('',#3315,1.);
#3315=DIRECTION('',(0.,-1.,0.));
#3316=CARTESIAN_POINT('',(5.85,3.55,0.));
#3317=CARTESIAN_POINT('',(5.85,-2.2,0.));
#3318=VECTOR('',#3319,1.);
#3319=DIRECTION('',(0.,1.,0.));
#3320=CARTESIAN_POINT('',(5.85,3.55,0.4));
#3321=VECTOR('',#3322,1.);
#3322=DIRECTION('',(0.,0.,-1.));
#3323=CARTESIAN_POINT('',(5.85,3.55,0.));
#3324=VECTOR('',#3325,1.);
#3325=DIRECTION('',(1.,0.,0.));
#3326=CARTESIAN_POINT('',(7.1,-0.4,7.));
#3327=CARTESIAN_POINT('',(7.1,-0.4,7.));
#3328=VECTOR('',#3329,1.);
#3329=DIRECTION('',(-0.707106781186548,0.,-0.707106781186548));
#3330=CARTESIAN_POINT('',(7.5,-0.4,7.));
#3331=VECTOR('',#3332,1.);
#3332=DIRECTION('',(-1.,0.,0.));
#3333=CARTESIAN_POINT('',(7.5,3.55,7.));
#3334=VECTOR('',#3335,1.);
#3335=DIRECTION('',(-1.,0.,0.));
#3336=CARTESIAN_POINT('',(-2.1,-0.4,7.));
#3337=CARTESIAN_POINT('',(-2.1,3.15,7.));
#3338=CARTESIAN_POINT('',(-2.1,3.15,7.));
#3339=VECTOR('',#3340,1.);
#3340=DIRECTION('',(1.2509555207044E-016,-1.,0.));
#3341=CARTESIAN_POINT('',(7.1,3.15,7.));
#3342=CARTESIAN_POINT('',(7.1,3.15,7.));
#3343=VECTOR('',#3344,1.);
#3344=DIRECTION('',(-1.,0.,0.));
#3345=CARTESIAN_POINT('',(7.1,3.15,7.));
#3346=VECTOR('',#3347,1.);
#3347=DIRECTION('',(0.,-1.,0.));
#3348=CARTESIAN_POINT('',(-2.1,-0.4,7.));
#3349=VECTOR('',#3350,1.);
#3350=DIRECTION('',(-1.,0.,0.));
#3351=CARTESIAN_POINT('',(7.1,3.15,7.));
#3352=VECTOR('',#3353,1.);
#3353=DIRECTION('',(-0.577350269189626,-0.577350269189626,-0.577350269189626));
#3354=CARTESIAN_POINT('',(6.8,2.85,6.7));
#3355=VECTOR('',#3356,1.);
#3356=DIRECTION('',(-1.,0.,0.));
#3357=CARTESIAN_POINT('',(2.82,0.32,6.12679491924311));
#3358=CARTESIAN_POINT('',(2.18,0.32,6.12679491924311));
#3359=CARTESIAN_POINT('',(2.82,0.32,6.12679491924311));
#3360=VECTOR('',#3361,1.);
#3361=DIRECTION('',(-1.,0.,0.));
#3362=CARTESIAN_POINT('',(2.82,0.32,2.));
#3363=VECTOR('',#3364,1.);
#3364=DIRECTION('',(0.,0.,1.));
#3365=CARTESIAN_POINT('',(2.18,0.32,2.));
#3366=VECTOR('',#3367,1.);
#3367=DIRECTION('',(0.,0.,1.));
#3368=CARTESIAN_POINT('',(2.82,-0.32,6.12679491924311));
#3369=CARTESIAN_POINT('',(2.82,-0.32,6.12679491924311));
#3370=VECTOR('',#3371,1.);
#3371=DIRECTION('',(0.,1.,0.));
#3372=CARTESIAN_POINT('',(2.82,-0.32,2.));
#3373=VECTOR('',#3374,1.);
#3374=DIRECTION('',(0.,0.,1.));
#3375=CARTESIAN_POINT('',(2.18,-0.32,6.12679491924311));
#3376=CARTESIAN_POINT('',(2.18,-0.32,6.12679491924311));
#3377=VECTOR('',#3378,1.);
#3378=DIRECTION('',(1.,0.,0.));
#3379=CARTESIAN_POINT('',(2.18,-0.32,2.));
#3380=VECTOR('',#3381,1.);
#3381=DIRECTION('',(0.,0.,1.));
#3382=CARTESIAN_POINT('',(2.18,0.32,6.12679491924311));
#3383=VECTOR('',#3384,1.);
#3384=DIRECTION('',(0.,-1.,0.));
#3385=CARTESIAN_POINT('',(5.32,0.32,6.12679491924311));
#3386=CARTESIAN_POINT('',(4.68,0.32,6.12679491924311));
#3387=CARTESIAN_POINT('',(5.32,0.32,6.12679491924311));
#3388=VECTOR('',#3389,1.);
#3389=DIRECTION('',(-1.,0.,0.));
#3390=CARTESIAN_POINT('',(5.32,0.32,2.));
#3391=VECTOR('',#3392,1.);
#3392=DIRECTION('',(0.,0.,1.));
#3393=CARTESIAN_POINT('',(4.68,0.32,2.));
#3394=VECTOR('',#3395,1.);
#3395=DIRECTION('',(0.,0.,1.));
#3396=CARTESIAN_POINT('',(5.32,-0.32,6.12679491924311));
#3397=CARTESIAN_POINT('',(5.32,-0.32,6.12679491924311));
#3398=VECTOR('',#3399,1.);
#3399=DIRECTION('',(0.,1.,0.));
#3400=CARTESIAN_POINT('',(5.32,-0.32,2.));
#3401=VECTOR('',#3402,1.);
#3402=DIRECTION('',(0.,0.,1.));
#3403=CARTESIAN_POINT('',(4.68,-0.32,6.12679491924311));
#3404=CARTESIAN_POINT('',(4.68,-0.32,6.12679491924311));
#3405=VECTOR('',#3406,1.);
#3406=DIRECTION('',(1.,0.,0.));
#3407=CARTESIAN_POINT('',(4.68,-0.32,2.));
#3408=VECTOR('',#3409,1.);
#3409=DIRECTION('',(0.,0.,1.));
#3410=CARTESIAN_POINT('',(4.68,0.32,6.12679491924311));
#3411=VECTOR('',#3412,1.);
#3412=DIRECTION('',(0.,-1.,0.));
#3413=CARTESIAN_POINT('',(0.32,0.32,6.12679491924311));
#3414=CARTESIAN_POINT('',(-0.32,0.32,6.12679491924311));
#3415=CARTESIAN_POINT('',(0.32,0.32,6.12679491924311));
#3416=VECTOR('',#3417,1.);
#3417=DIRECTION('',(-1.,0.,0.));
#3418=CARTESIAN_POINT('',(0.32,0.32,2.));
#3419=VECTOR('',#3420,1.);
#3420=DIRECTION('',(0.,0.,1.));
#3421=CARTESIAN_POINT('',(-0.32,0.32,2.));
#3422=VECTOR('',#3423,1.);
#3423=DIRECTION('',(0.,0.,1.));
#3424=CARTESIAN_POINT('',(0.32,-0.32,6.12679491924311));
#3425=CARTESIAN_POINT('',(0.32,-0.32,6.12679491924311));
#3426=VECTOR('',#3427,1.);
#3427=DIRECTION('',(0.,1.,0.));
#3428=CARTESIAN_POINT('',(0.32,-0.32,2.));
#3429=VECTOR('',#3430,1.);
#3430=DIRECTION('',(0.,0.,1.));
#3431=CARTESIAN_POINT('',(-0.32,-0.32,6.12679491924311));
#3432=CARTESIAN_POINT('',(-0.32,-0.32,6.12679491924311));
#3433=VECTOR('',#3434,1.);
#3434=DIRECTION('',(1.,0.,0.));
#3435=CARTESIAN_POINT('',(-0.32,-0.32,2.));
#3436=VECTOR('',#3437,1.);
#3437=DIRECTION('',(0.,0.,1.));
#3438=CARTESIAN_POINT('',(-0.32,0.32,6.12679491924311));
#3439=VECTOR('',#3440,1.);
#3440=DIRECTION('',(0.,-1.,0.));
#3441=CARTESIAN_POINT('',(-1.8,-0.4,6.7));
#3442=VECTOR('',#3443,1.);
#3443=DIRECTION('',(-0.707106781186546,0.,0.707106781186548));
#3444=CARTESIAN_POINT('',(-2.1,3.15,7.));
#3445=VECTOR('',#3446,1.);
#3446=DIRECTION('',(0.577350269189627,-0.577350269189626,-0.577350269189624));
#3447=CARTESIAN_POINT('',(0.32,0.32,-3.12679491924311));
#3448=CARTESIAN_POINT('',(-0.32,0.32,-3.12679491924311));
#3449=CARTESIAN_POINT('',(0.32,0.32,-3.12679491924311));
#3450=VECTOR('',#3451,1.);
#3451=DIRECTION('',(-1.,0.,0.));
#3452=CARTESIAN_POINT('',(-0.32,0.32,-3.12679491924311));
#3453=VECTOR('',#3454,1.);
#3454=DIRECTION('',(0.,0.,1.));
#3455=CARTESIAN_POINT('',(0.32,0.32,-3.12679491924311));
#3456=VECTOR('',#3457,1.);
#3457=DIRECTION('',(0.,0.,1.));
#3458=CARTESIAN_POINT('',(-0.32,-0.32,-3.12679491924311));
#3459=CARTESIAN_POINT('',(-0.32,0.32,-3.12679491924311));
#3460=VECTOR('',#3461,1.);
#3461=DIRECTION('',(0.,-1.,0.));
#3462=CARTESIAN_POINT('',(-0.32,-0.32,-3.12679491924311));
#3463=VECTOR('',#3464,1.);
#3464=DIRECTION('',(0.,0.,1.));
#3465=CARTESIAN_POINT('',(0.32,-0.32,-3.12679491924311));
#3466=CARTESIAN_POINT('',(-0.32,-0.32,-3.12679491924311));
#3467=VECTOR('',#3468,1.);
#3468=DIRECTION('',(1.,0.,0.));
#3469=CARTESIAN_POINT('',(0.32,-0.32,-3.12679491924311));
#3470=VECTOR('',#3471,1.);
#3471=DIRECTION('',(0.,0.,1.));
#3472=CARTESIAN_POINT('',(0.32,-0.32,-3.12679491924311));
#3473=VECTOR('',#3474,1.);
#3474=DIRECTION('',(0.,1.,0.));
#3475=CARTESIAN_POINT('',(2.82,0.32,-3.12679491924311));
#3476=CARTESIAN_POINT('',(2.18,0.32,-3.12679491924311));
#3477=CARTESIAN_POINT('',(2.82,0.32,-3.12679491924311));
#3478=VECTOR('',#3479,1.);
#3479=DIRECTION('',(-1.,0.,0.));
#3480=CARTESIAN_POINT('',(2.18,0.32,-3.12679491924311));
#3481=VECTOR('',#3482,1.);
#3482=DIRECTION('',(0.,0.,1.));
#3483=CARTESIAN_POINT('',(2.82,0.32,-3.12679491924311));
#3484=VECTOR('',#3485,1.);
#3485=DIRECTION('',(0.,0.,1.));
#3486=CARTESIAN_POINT('',(2.18,-0.32,-3.12679491924311));
#3487=CARTESIAN_POINT('',(2.18,0.32,-3.12679491924311));
#3488=VECTOR('',#3489,1.);
#3489=DIRECTION('',(0.,-1.,0.));
#3490=CARTESIAN_POINT('',(2.18,-0.32,-3.12679491924311));
#3491=VECTOR('',#3492,1.);
#3492=DIRECTION('',(0.,0.,1.));
#3493=CARTESIAN_POINT('',(2.82,-0.32,-3.12679491924311));
#3494=CARTESIAN_POINT('',(2.18,-0.32,-3.12679491924311));
#3495=VECTOR('',#3496,1.);
#3496=DIRECTION('',(1.,0.,0.));
#3497=CARTESIAN_POINT('',(2.82,-0.32,-3.12679491924311));
#3498=VECTOR('',#3499,1.);
#3499=DIRECTION('',(0.,0.,1.));
#3500=CARTESIAN_POINT('',(2.82,-0.32,-3.12679491924311));
#3501=VECTOR('',#3502,1.);
#3502=DIRECTION('',(0.,1.,0.));
#3503=CARTESIAN_POINT('',(5.32,0.32,-3.12679491924311));
#3504=CARTESIAN_POINT('',(4.68,0.32,-3.12679491924311));
#3505=CARTESIAN_POINT('',(5.32,0.32,-3.12679491924311));
#3506=VECTOR('',#3507,1.);
#3507=DIRECTION('',(-1.,0.,0.));
#3508=CARTESIAN_POINT('',(4.68,0.32,-3.12679491924311));
#3509=VECTOR('',#3510,1.);
#3510=DIRECTION('',(0.,0.,1.));
#3511=CARTESIAN_POINT('',(5.32,0.32,-3.12679491924311));
#3512=VECTOR('',#3513,1.);
#3513=DIRECTION('',(0.,0.,1.));
#3514=CARTESIAN_POINT('',(4.68,-0.32,-3.12679491924311));
#3515=CARTESIAN_POINT('',(4.68,0.32,-3.12679491924311));
#3516=VECTOR('',#3517,1.);
#3517=DIRECTION('',(0.,-1.,0.));
#3518=CARTESIAN_POINT('',(4.68,-0.32,-3.12679491924311));
#3519=VECTOR('',#3520,1.);
#3520=DIRECTION('',(0.,0.,1.));
#3521=CARTESIAN_POINT('',(5.32,-0.32,-3.12679491924311));
#3522=CARTESIAN_POINT('',(4.68,-0.32,-3.12679491924311));
#3523=VECTOR('',#3524,1.);
#3524=DIRECTION('',(1.,0.,0.));
#3525=CARTESIAN_POINT('',(5.32,-0.32,-3.12679491924311));
#3526=VECTOR('',#3527,1.);
#3527=DIRECTION('',(0.,0.,1.));
#3528=CARTESIAN_POINT('',(5.32,-0.32,-3.12679491924311));
#3529=VECTOR('',#3530,1.);
#3530=DIRECTION('',(0.,1.,0.));
#3531=CARTESIAN_POINT('',(2.28,0.22,6.5));
#3532=CARTESIAN_POINT('',(2.18,0.32,6.12679491924311));
#3533=VECTOR('',#3534,1.);
#3534=DIRECTION('',(0.250562807085733,-0.250562807085729,0.935113126531029));
#3535=CARTESIAN_POINT('',(2.72,0.22,6.5));
#3536=CARTESIAN_POINT('',(2.72,0.22,6.5));
#3537=VECTOR('',#3538,1.);
#3538=DIRECTION('',(-1.,1.26161707343768E-016,0.));
#3539=CARTESIAN_POINT('',(2.82,0.320000000000001,6.12679491924311));
#3540=VECTOR('',#3541,1.);
#3541=DIRECTION('',(-0.25056280708573,-0.250562807085732,0.93511312653103));
#3542=CARTESIAN_POINT('',(2.72,-0.22,6.5));
#3543=CARTESIAN_POINT('',(2.72,-0.22,6.5));
#3544=VECTOR('',#3545,1.);
#3545=DIRECTION('',(0.,1.,0.));
#3546=CARTESIAN_POINT('',(2.82,-0.32,6.12679491924311));
#3547=VECTOR('',#3548,1.);
#3548=DIRECTION('',(-0.250562807085732,0.250562807085733,0.935113126531029));
#3549=CARTESIAN_POINT('',(2.28,-0.22,6.5));
#3550=CARTESIAN_POINT('',(2.28,-0.22,6.5));
#3551=VECTOR('',#3552,1.);
#3552=DIRECTION('',(1.,0.,0.));
#3553=CARTESIAN_POINT('',(2.18,-0.320000000000001,6.12679491924311));
#3554=VECTOR('',#3555,1.);
#3555=DIRECTION('',(0.25056280708573,0.250562807085732,0.93511312653103));
#3556=CARTESIAN_POINT('',(2.28,0.22,6.5));
#3557=VECTOR('',#3558,1.);
#3558=DIRECTION('',(0.,-1.,0.));
#3559=CARTESIAN_POINT('',(4.78,0.22,6.5));
#3560=CARTESIAN_POINT('',(4.68,0.32,6.12679491924311));
#3561=VECTOR('',#3562,1.);
#3562=DIRECTION('',(0.250562807085732,-0.250562807085733,0.935113126531029));
#3563=CARTESIAN_POINT('',(5.22,0.22,6.5));
#3564=CARTESIAN_POINT('',(5.22,0.22,6.5));
#3565=VECTOR('',#3566,1.);
#3566=DIRECTION('',(-1.,0.,0.));
#3567=CARTESIAN_POINT('',(5.32,0.320000000000001,6.12679491924311));
#3568=VECTOR('',#3569,1.);
#3569=DIRECTION('',(-0.25056280708573,-0.250562807085732,0.93511312653103));
#3570=CARTESIAN_POINT('',(5.22,-0.22,6.5));
#3571=CARTESIAN_POINT('',(5.22,-0.22,6.5));
#3572=VECTOR('',#3573,1.);
#3573=DIRECTION('',(0.,1.,0.));
#3574=CARTESIAN_POINT('',(5.32,-0.32,6.12679491924311));
#3575=VECTOR('',#3576,1.);
#3576=DIRECTION('',(-0.250562807085732,0.250562807085733,0.935113126531029));
#3577=CARTESIAN_POINT('',(4.78,-0.22,6.5));
#3578=CARTESIAN_POINT('',(4.78,-0.22,6.5));
#3579=VECTOR('',#3580,1.);
#3580=DIRECTION('',(1.,0.,0.));
#3581=CARTESIAN_POINT('',(4.68,-0.320000000000001,6.12679491924311));
#3582=VECTOR('',#3583,1.);
#3583=DIRECTION('',(0.25056280708573,0.250562807085732,0.93511312653103));
#3584=CARTESIAN_POINT('',(4.78,0.22,6.5));
#3585=VECTOR('',#3586,1.);
#3586=DIRECTION('',(0.,-1.,0.));
#3587=CARTESIAN_POINT('',(-0.22,0.22,6.5));
#3588=CARTESIAN_POINT('',(-0.32,0.32,6.12679491924311));
#3589=VECTOR('',#3590,1.);
#3590=DIRECTION('',(0.250562807085732,-0.250562807085733,0.935113126531029));
#3591=CARTESIAN_POINT('',(0.22,0.22,6.5));
#3592=CARTESIAN_POINT('',(0.22,0.22,6.5));
#3593=VECTOR('',#3594,1.);
#3594=DIRECTION('',(-1.,0.,0.));
#3595=CARTESIAN_POINT('',(0.32,0.320000000000001,6.12679491924311));
#3596=VECTOR('',#3597,1.);
#3597=DIRECTION('',(-0.25056280708573,-0.250562807085732,0.93511312653103));
#3598=CARTESIAN_POINT('',(0.22,-0.22,6.5));
#3599=CARTESIAN_POINT('',(0.22,-0.22,6.5));
#3600=VECTOR('',#3601,1.);
#3601=DIRECTION('',(0.,1.,0.));
#3602=CARTESIAN_POINT('',(0.32,-0.32,6.12679491924311));
#3603=VECTOR('',#3604,1.);
#3604=DIRECTION('',(-0.250562807085732,0.250562807085733,0.935113126531029));
#3605=CARTESIAN_POINT('',(-0.22,-0.22,6.5));
#3606=CARTESIAN_POINT('',(-0.22,-0.22,6.5));
#3607=VECTOR('',#3608,1.);
#3608=DIRECTION('',(1.,0.,0.));
#3609=CARTESIAN_POINT('',(-0.32,-0.320000000000001,6.12679491924311));
#3610=VECTOR('',#3611,1.);
#3611=DIRECTION('',(0.25056280708573,0.250562807085732,0.93511312653103));
#3612=CARTESIAN_POINT('',(-0.22,0.22,6.5));
#3613=VECTOR('',#3614,1.);
#3614=DIRECTION('',(-1.26161707343768E-016,-1.,0.));
#3615=CARTESIAN_POINT('',(0.22,0.22,-3.5));
#3616=CARTESIAN_POINT('',(0.32,0.32,-3.12679491924311));
#3617=VECTOR('',#3618,1.);
#3618=DIRECTION('',(-0.250562807085732,-0.250562807085732,-0.935113126531029));
#3619=CARTESIAN_POINT('',(-0.22,0.22,-3.5));
#3620=CARTESIAN_POINT('',(0.22,0.22,-3.5));
#3621=VECTOR('',#3622,1.);
#3622=DIRECTION('',(-1.,0.,0.));
#3623=CARTESIAN_POINT('',(-0.32,0.32,-3.12679491924311));
#3624=VECTOR('',#3625,1.);
#3625=DIRECTION('',(0.250562807085731,-0.250562807085732,-0.935113126531029));
#3626=CARTESIAN_POINT('',(-0.22,-0.22,-3.5));
#3627=CARTESIAN_POINT('',(-0.22,0.22,-3.5));
#3628=VECTOR('',#3629,1.);
#3629=DIRECTION('',(-1.26161707343768E-016,-1.,0.));
#3630=CARTESIAN_POINT('',(-0.32,-0.32,-3.12679491924311));
#3631=VECTOR('',#3632,1.);
#3632=DIRECTION('',(0.250562807085732,0.250562807085732,-0.935113126531029));
#3633=CARTESIAN_POINT('',(0.22,-0.22,-3.5));
#3634=CARTESIAN_POINT('',(-0.22,-0.22,-3.5));
#3635=VECTOR('',#3636,1.);
#3636=DIRECTION('',(1.,0.,0.));
#3637=CARTESIAN_POINT('',(0.32,-0.32,-3.12679491924311));
#3638=VECTOR('',#3639,1.);
#3639=DIRECTION('',(-0.250562807085731,0.250562807085732,-0.935113126531029));
#3640=CARTESIAN_POINT('',(0.22,-0.22,-3.5));
#3641=VECTOR('',#3642,1.);
#3642=DIRECTION('',(0.,1.,0.));
#3643=CARTESIAN_POINT('',(2.72,0.22,-3.5));
#3644=CARTESIAN_POINT('',(2.82,0.32,-3.12679491924311));
#3645=VECTOR('',#3646,1.);
#3646=DIRECTION('',(-0.250562807085732,-0.250562807085732,-0.935113126531029));
#3647=CARTESIAN_POINT('',(2.28,0.22,-3.5));
#3648=CARTESIAN_POINT('',(2.72,0.22,-3.5));
#3649=VECTOR('',#3650,1.);
#3650=DIRECTION('',(-1.,1.26161707343768E-016,0.));
#3651=CARTESIAN_POINT('',(2.18,0.32,-3.12679491924311));
#3652=VECTOR('',#3653,1.);
#3653=DIRECTION('',(0.250562807085733,-0.250562807085732,-0.935113126531029));
#3654=CARTESIAN_POINT('',(2.28,-0.22,-3.5));
#3655=CARTESIAN_POINT('',(2.28,0.22,-3.5));
#3656=VECTOR('',#3657,1.);
#3657=DIRECTION('',(0.,-1.,0.));
#3658=CARTESIAN_POINT('',(2.18,-0.32,-3.12679491924311));
#3659=VECTOR('',#3660,1.);
#3660=DIRECTION('',(0.250562807085732,0.250562807085732,-0.935113126531029));
#3661=CARTESIAN_POINT('',(2.72,-0.22,-3.5));
#3662=CARTESIAN_POINT('',(2.28,-0.22,-3.5));
#3663=VECTOR('',#3664,1.);
#3664=DIRECTION('',(1.,0.,0.));
#3665=CARTESIAN_POINT('',(2.82,-0.32,-3.12679491924311));
#3666=VECTOR('',#3667,1.);
#3667=DIRECTION('',(-0.250562807085731,0.250562807085732,-0.93511312653103));
#3668=CARTESIAN_POINT('',(2.72,-0.22,-3.5));
#3669=VECTOR('',#3670,1.);
#3670=DIRECTION('',(0.,1.,0.));
#3671=CARTESIAN_POINT('',(5.22,0.22,-3.5));
#3672=CARTESIAN_POINT('',(5.32,0.32,-3.12679491924311));
#3673=VECTOR('',#3674,1.);
#3674=DIRECTION('',(-0.250562807085731,-0.250562807085732,-0.93511312653103));
#3675=CARTESIAN_POINT('',(4.78,0.22,-3.5));
#3676=CARTESIAN_POINT('',(5.22,0.22,-3.5));
#3677=VECTOR('',#3678,1.);
#3678=DIRECTION('',(-1.,0.,0.));
#3679=CARTESIAN_POINT('',(4.68,0.32,-3.12679491924311));
#3680=VECTOR('',#3681,1.);
#3681=DIRECTION('',(0.250562807085731,-0.250562807085732,-0.93511312653103));
#3682=CARTESIAN_POINT('',(4.78,-0.22,-3.5));
#3683=CARTESIAN_POINT('',(4.78,0.22,-3.5));
#3684=VECTOR('',#3685,1.);
#3685=DIRECTION('',(0.,-1.,0.));
#3686=CARTESIAN_POINT('',(4.68,-0.32,-3.12679491924311));
#3687=VECTOR('',#3688,1.);
#3688=DIRECTION('',(0.250562807085731,0.250562807085732,-0.93511312653103));
#3689=CARTESIAN_POINT('',(5.22,-0.22,-3.5));
#3690=CARTESIAN_POINT('',(4.78,-0.22,-3.5));
#3691=VECTOR('',#3692,1.);
#3692=DIRECTION('',(1.,0.,0.));
#3693=CARTESIAN_POINT('',(5.32,-0.32,-3.12679491924311));
#3694=VECTOR('',#3695,1.);
#3695=DIRECTION('',(-0.250562807085731,0.250562807085732,-0.93511312653103));
#3696=CARTESIAN_POINT('',(5.22,-0.22,-3.5));
#3697=VECTOR('',#3698,1.);
#3698=DIRECTION('',(0.,1.,0.));
ENDSEC;
END-ISO-10303-21;
