ISO-10303-21;
HEADER;
FILE_DESCRIPTION(('STEP AP214'),
    '1');
FILE_NAME('DS1069 (CWF CONNFLY)',
    '2018-04-27T07:34:02',
    ('Chugay'),
    (''),
    'ASCON STEP Converter 1.3',
    'ASCON Math Kernel',
    '');
FILE_SCHEMA(('AUTOMOTIVE_DESIGN { 1 0 10303 214 3 1 1}'));
ENDSEC;

DATA;
#1=SHAPE_REPRESENTATION('NONE',(#2),#6);
#2=AXIS2_PLACEMENT_3D('',#3,#4,#5);
#3=CARTESIAN_POINT('',(0.,0.,0.));
#4=DIRECTION('',(0.,0.,1.));
#5=DIRECTION('',(1.,0.,0.));
#6=(GEOMETRIC_REPRESENTATION_CONTEXT(3)GLOBAL_UNCERTAINTY_ASSIGNED_CONTEXT((#8))
GLOBAL_UNIT_ASSIGNED_CONTEXT((#7,#9,#10))REPRESENTATION_CONTEXT('NONE','NONE'));
#7=(LENGTH_UNIT()NAMED_UNIT(*)SI_UNIT(.MILLI.,.METRE.));
#8=UNCERTAINTY_MEASURE_WITH_UNIT(LENGTH_MEASURE(1.E-005),#7,'NONE','NONE');
#9=(NAMED_UNIT(*)PLANE_ANGLE_UNIT()SI_UNIT($,.RADIAN.));
#10=(NAMED_UNIT(*)SI_UNIT($,.STERADIAN.)SOLID_ANGLE_UNIT());
#11=SHAPE_DEFINITION_REPRESENTATION(#12,#1);
#12=PRODUCT_DEFINITION_SHAPE('NONE','NONE',#13);
#13=PRODUCT_DEFINITION('','UNSPECIFIED',#14,#22);
#14=PRODUCT_DEFINITION_FORMATION_WITH_SPECIFIED_SOURCE('ANY','UNSPECIFIED',#15,.NOT_KNOWN.);
#15=PRODUCT('','CWF-X','NONE',(#25));
#16=PERSON('UNSPECIFIED','Chugay','UNSPECIFIED',('UNSPECIFIED'),('UNSPECIFIED'),
('UNSPECIFIED'));
#17=ORGANIZATION('UNSPECIFIED','UNSPECIFIED','UNSPECIFIED');
#18=PERSON_AND_ORGANIZATION(#16,#17);
#19=PERSON_AND_ORGANIZATION_ROLE('design_owner');
#20=CC_DESIGN_PERSON_AND_ORGANIZATION_ASSIGNMENT(#18,#19,(#15));
#21=PRODUCT_RELATED_PRODUCT_CATEGORY('detail','',(#15));
#22=DESIGN_CONTEXT('detailed design',#23,'design');
#23=APPLICATION_CONTEXT('configuration controlled 3d designs of mechanical parts and assemblies');
#24=APPLICATION_PROTOCOL_DEFINITION('international standard','automotive_design',
2011,#23);
#25=MECHANICAL_CONTEXT('NONE',#23,'mechanical');
#26=CC_DESIGN_DATE_AND_TIME_ASSIGNMENT(#27,#31,(#13));
#27=DATE_AND_TIME(#28,#29);
#28=CALENDAR_DATE(0,1,1);
#29=LOCAL_TIME(0,0,0.,#30);
#30=COORDINATED_UNIVERSAL_TIME_OFFSET(0,0,.AHEAD.);
#31=DATE_TIME_ROLE('creation_date');
#32=CC_DESIGN_APPROVAL(#33,(#13));
#33=APPROVAL(#34,'UNSPECIFIED');
#34=APPROVAL_STATUS('not_yet_approved');
#35=APPROVAL_DATE_TIME(#36,#33);
#36=DATE_AND_TIME(#37,#38);
#37=CALENDAR_DATE(0,1,1);
#38=LOCAL_TIME(0,0,0.,#39);
#39=COORDINATED_UNIVERSAL_TIME_OFFSET(0,0,.AHEAD.);
#40=DERIVED_UNIT((#44,#41));
#41=DERIVED_UNIT_ELEMENT(#42,-1.);
#42=VOLUME_UNIT(#43);
#43=DIMENSIONAL_EXPONENTS(3.,0.,0.,0.,0.,0.,0.);
#44=(NAMED_UNIT($)MASS_UNIT()SI_UNIT($,.GRAM.));
#45=MANIFOLD_SOLID_BREP('',#46);
#46=CLOSED_SHELL('',(#58,#67,#76,#85,#94,#103,#112,#121,#130,#139,#148,#157,#166,
#175,#184,#193,#202,#211,#220,#229,#238,#247,#256,#265,#274,#283,#292,#301,#310,
#319,#328,#337,#346,#355,#364,#373,#382,#391,#400,#409,#418,#427,#436,#445,#454,
#463,#472,#481,#490,#499,#508,#517,#526,#535,#544,#553,#562,#571,#580,#589,#598,
#607,#616,#625,#634,#643,#652,#661,#670,#679,#688,#697,#706,#715,#724,#733,#742,
#751,#760,#769,#778,#787,#796,#805,#814,#823,#832,#841,#850,#859,#868,#877,#886,
#895,#904,#913,#922,#931,#940,#949,#958,#967,#976,#985,#994,#1003,#1012,#1021,#1030,
#1039,#1048,#1057,#1066,#1075,#1084,#1093,#1102,#1111,#1120,#1129,#1138,#1147,#1156,
#1165,#1174,#1183,#1192,#1201,#1210,#1219,#1228,#1237,#1246,#1255,#1264,#1273,#1282,
#1291,#1300,#1309,#1318,#1327,#1336,#1345,#1354,#1363,#1372,#1381,#1390,#1399,#1408,
#1417,#1426,#1435,#1444,#1453,#1462,#1471,#1480,#1489,#1498,#1507,#1516,#1525,#1534,
#1543,#1552,#1561,#1570,#1579,#1588,#1597,#1606,#1615,#1624,#1633,#1642,#1651,#1660,
#1669,#1678,#1687,#1696,#1705,#1714,#1723,#1732,#1741,#1750,#1759,#1768,#1777,#1786,
#1795,#1804,#1813,#1822,#1831,#1840,#1849,#1858,#1867,#1876,#1885,#1894,#1903,#1912,
#1921,#1930,#1939,#1948,#1957,#1966,#1975,#1984,#1993,#2002,#2011,#2020,#2029,#2038,
#2047,#2056,#2065,#2074,#2083,#2092,#2101,#2110,#2119,#2128,#2137,#2146,#2155,#2164,
#2173,#2182,#2191,#2200,#2209,#2218,#2227,#2236,#2245,#2254,#2263,#2272,#2281,#2290,
#2299,#2308,#2317,#2326,#2335,#2344,#2353,#2362,#2371,#2380,#2389,#2398,#2407,#2416,
#2425,#2434,#2443,#2452,#2461,#2470,#2479,#2488,#2497,#2506,#2515,#2524,#2533,#2542,
#2551,#2560,#2569,#2578,#2587,#2596,#2605,#2614,#2623,#2632,#2641,#2650,#2659,#2668,
#2677,#2686,#2695,#2704,#2713,#2722,#2731,#2740,#2749,#2758,#2767,#2776,#2785,#2794,
#2803,#2812,#2821,#2830,#2839,#2848,#2857,#2866,#2875,#2884,#2893,#2902,#2911,#2920,
#2929,#2938,#2947,#2956,#2965,#2974,#2983,#2992,#3001,#3010,#3019,#3028,#3037,#3046,
#3055,#3064,#3073,#3082,#3091,#3100,#3109,#3118));
#47=COLOUR_RGB($,1.,1.,1.);
#48=FILL_AREA_STYLE_COLOUR($,#47);
#49=FILL_AREA_STYLE($,(#48));
#50=SURFACE_STYLE_FILL_AREA(#49);
#51=SURFACE_SIDE_STYLE('',(#50));
#52=SURFACE_STYLE_USAGE(.BOTH.,#51);
#53=PRESENTATION_STYLE_ASSIGNMENT((#52));
#54=MECHANICAL_DESIGN_GEOMETRIC_PRESENTATION_REPRESENTATION('NONE',(#55,#66,#75,
#84,#93,#102,#111,#120,#129,#138,#147,#156,#165,#174,#183,#192,#201,#210,#219,#228,
#237,#246,#255,#264,#273,#282,#291,#300,#309,#318,#327,#336,#345,#354,#363,#372,
#381,#390,#399,#408,#417,#426,#435,#444,#453,#462,#471,#480,#489,#498,#507,#516,
#525,#534,#543,#552,#561,#570,#579,#588,#597,#606,#615,#624,#633,#642,#651,#660,
#669,#678,#687,#696,#705,#714,#723,#732,#741,#750,#759,#768,#777,#786,#795,#804,
#813,#822,#831,#840,#849,#858,#867,#876,#885,#894,#903,#912,#921,#930,#939,#948,
#957,#966,#975,#984,#993,#1002,#1011,#1020,#1029,#1038,#1047,#1056,#1065,#1074,#1083,
#1092,#1101,#1110,#1119,#1128,#1137,#1146,#1155,#1164,#1173,#1182,#1191,#1200,#1209,
#1218,#1227,#1236,#1245,#1254,#1263,#1272,#1281,#1290,#1299,#1308,#1317,#1326,#1335,
#1344,#1353,#1362,#1371,#1380,#1389,#1398,#1407,#1416,#1425,#1434,#1443,#1452,#1461,
#1470,#1479,#1488,#1497,#1506,#1515,#1524,#1533,#1542,#1551,#1560,#1569,#1578,#1587,
#1596,#1605,#1614,#1623,#1632,#1641,#1650,#1659,#1668,#1677,#1686,#1695,#1704,#1713,
#1722,#1731,#1740,#1749,#1758,#1767,#1776,#1785,#1794,#1803,#1812,#1821,#1830,#1839,
#1848,#1857,#1866,#1875,#1884,#1893,#1902,#1911,#1920,#1929,#1938,#1947,#1956,#1965,
#1974,#1983,#1992,#2001,#2010,#2019,#2028,#2037,#2046,#2055,#2064,#2073,#2082,#2091,
#2100,#2109,#2118,#2127,#2136,#2145,#2154,#2163,#2172,#2181,#2190,#2199,#2208,#2217,
#2226,#2235,#2244,#2253,#2262,#2271,#2280,#2289,#2298,#2307,#2316,#2325,#2334,#2343,
#2352,#2361,#2370,#2379,#2388,#2397,#2406,#2415,#2424,#2433,#2442,#2451,#2460,#2469,
#2478,#2487,#2496,#2505,#2514,#2523,#2532,#2541,#2550,#2559,#2568,#2577,#2586,#2595,
#2604,#2613,#2622,#2631,#2640,#2649,#2658,#2667,#2676,#2685,#2694,#2703,#2712,#2721,
#2730,#2739,#2748,#2757,#2766,#2775,#2784,#2793,#2802,#2811,#2820,#2829,#2838,#2847,
#2856,#2865,#2874,#2883,#2892,#2901,#2910,#2919,#2928,#2937,#2946,#2955,#2964,#2973,
#2982,#2991,#3000,#3009,#3018,#3027,#3036,#3045,#3054,#3063,#3072,#3081,#3090,#3099,
#3108,#3117,#3126),#6);
#55=STYLED_ITEM('',(#53),#45);
#56=ADVANCED_BREP_SHAPE_REPRESENTATION('NONE',(#45),#6);
#57=SHAPE_REPRESENTATION_RELATIONSHIP('','',#1,#56);
#58=ADVANCED_FACE('',(#3127),#3129,.F.);
#59=COLOUR_RGB($,1.,1.,1.);
#60=FILL_AREA_STYLE_COLOUR($,#59);
#61=FILL_AREA_STYLE($,(#60));
#62=SURFACE_STYLE_FILL_AREA(#61);
#63=SURFACE_SIDE_STYLE('',(#62));
#64=SURFACE_STYLE_USAGE(.BOTH.,#63);
#65=PRESENTATION_STYLE_ASSIGNMENT((#64));
#66=STYLED_ITEM('',(#65),#58);
#67=ADVANCED_FACE('',(#3134),#3136,.T.);
#68=COLOUR_RGB($,1.,1.,1.);
#69=FILL_AREA_STYLE_COLOUR($,#68);
#70=FILL_AREA_STYLE($,(#69));
#71=SURFACE_STYLE_FILL_AREA(#70);
#72=SURFACE_SIDE_STYLE('',(#71));
#73=SURFACE_STYLE_USAGE(.BOTH.,#72);
#74=PRESENTATION_STYLE_ASSIGNMENT((#73));
#75=STYLED_ITEM('',(#74),#67);
#76=ADVANCED_FACE('',(#3141),#3143,.T.);
#77=COLOUR_RGB($,1.,1.,1.);
#78=FILL_AREA_STYLE_COLOUR($,#77);
#79=FILL_AREA_STYLE($,(#78));
#80=SURFACE_STYLE_FILL_AREA(#79);
#81=SURFACE_SIDE_STYLE('',(#80));
#82=SURFACE_STYLE_USAGE(.BOTH.,#81);
#83=PRESENTATION_STYLE_ASSIGNMENT((#82));
#84=STYLED_ITEM('',(#83),#76);
#85=ADVANCED_FACE('',(#3148),#3150,.T.);
#86=COLOUR_RGB($,1.,1.,1.);
#87=FILL_AREA_STYLE_COLOUR($,#86);
#88=FILL_AREA_STYLE($,(#87));
#89=SURFACE_STYLE_FILL_AREA(#88);
#90=SURFACE_SIDE_STYLE('',(#89));
#91=SURFACE_STYLE_USAGE(.BOTH.,#90);
#92=PRESENTATION_STYLE_ASSIGNMENT((#91));
#93=STYLED_ITEM('',(#92),#85);
#94=ADVANCED_FACE('',(#3155),#3157,.F.);
#95=COLOUR_RGB($,1.,1.,1.);
#96=FILL_AREA_STYLE_COLOUR($,#95);
#97=FILL_AREA_STYLE($,(#96));
#98=SURFACE_STYLE_FILL_AREA(#97);
#99=SURFACE_SIDE_STYLE('',(#98));
#100=SURFACE_STYLE_USAGE(.BOTH.,#99);
#101=PRESENTATION_STYLE_ASSIGNMENT((#100));
#102=STYLED_ITEM('',(#101),#94);
#103=ADVANCED_FACE('',(#3162),#3164,.F.);
#104=COLOUR_RGB($,1.,1.,1.);
#105=FILL_AREA_STYLE_COLOUR($,#104);
#106=FILL_AREA_STYLE($,(#105));
#107=SURFACE_STYLE_FILL_AREA(#106);
#108=SURFACE_SIDE_STYLE('',(#107));
#109=SURFACE_STYLE_USAGE(.BOTH.,#108);
#110=PRESENTATION_STYLE_ASSIGNMENT((#109));
#111=STYLED_ITEM('',(#110),#103);
#112=ADVANCED_FACE('',(#3169),#3171,.F.);
#113=COLOUR_RGB($,1.,1.,1.);
#114=FILL_AREA_STYLE_COLOUR($,#113);
#115=FILL_AREA_STYLE($,(#114));
#116=SURFACE_STYLE_FILL_AREA(#115);
#117=SURFACE_SIDE_STYLE('',(#116));
#118=SURFACE_STYLE_USAGE(.BOTH.,#117);
#119=PRESENTATION_STYLE_ASSIGNMENT((#118));
#120=STYLED_ITEM('',(#119),#112);
#121=ADVANCED_FACE('',(#3176),#3178,.F.);
#122=COLOUR_RGB($,1.,1.,1.);
#123=FILL_AREA_STYLE_COLOUR($,#122);
#124=FILL_AREA_STYLE($,(#123));
#125=SURFACE_STYLE_FILL_AREA(#124);
#126=SURFACE_SIDE_STYLE('',(#125));
#127=SURFACE_STYLE_USAGE(.BOTH.,#126);
#128=PRESENTATION_STYLE_ASSIGNMENT((#127));
#129=STYLED_ITEM('',(#128),#121);
#130=ADVANCED_FACE('',(#3183),#3185,.F.);
#131=COLOUR_RGB($,1.,1.,1.);
#132=FILL_AREA_STYLE_COLOUR($,#131);
#133=FILL_AREA_STYLE($,(#132));
#134=SURFACE_STYLE_FILL_AREA(#133);
#135=SURFACE_SIDE_STYLE('',(#134));
#136=SURFACE_STYLE_USAGE(.BOTH.,#135);
#137=PRESENTATION_STYLE_ASSIGNMENT((#136));
#138=STYLED_ITEM('',(#137),#130);
#139=ADVANCED_FACE('',(#3190),#3192,.F.);
#140=COLOUR_RGB($,1.,1.,1.);
#141=FILL_AREA_STYLE_COLOUR($,#140);
#142=FILL_AREA_STYLE($,(#141));
#143=SURFACE_STYLE_FILL_AREA(#142);
#144=SURFACE_SIDE_STYLE('',(#143));
#145=SURFACE_STYLE_USAGE(.BOTH.,#144);
#146=PRESENTATION_STYLE_ASSIGNMENT((#145));
#147=STYLED_ITEM('',(#146),#139);
#148=ADVANCED_FACE('',(#3197),#3199,.T.);
#149=COLOUR_RGB($,1.,1.,1.);
#150=FILL_AREA_STYLE_COLOUR($,#149);
#151=FILL_AREA_STYLE($,(#150));
#152=SURFACE_STYLE_FILL_AREA(#151);
#153=SURFACE_SIDE_STYLE('',(#152));
#154=SURFACE_STYLE_USAGE(.BOTH.,#153);
#155=PRESENTATION_STYLE_ASSIGNMENT((#154));
#156=STYLED_ITEM('',(#155),#148);
#157=ADVANCED_FACE('',(#3204),#3206,.F.);
#158=COLOUR_RGB($,1.,1.,1.);
#159=FILL_AREA_STYLE_COLOUR($,#158);
#160=FILL_AREA_STYLE($,(#159));
#161=SURFACE_STYLE_FILL_AREA(#160);
#162=SURFACE_SIDE_STYLE('',(#161));
#163=SURFACE_STYLE_USAGE(.BOTH.,#162);
#164=PRESENTATION_STYLE_ASSIGNMENT((#163));
#165=STYLED_ITEM('',(#164),#157);
#166=ADVANCED_FACE('',(#3211),#3213,.F.);
#167=COLOUR_RGB($,1.,1.,1.);
#168=FILL_AREA_STYLE_COLOUR($,#167);
#169=FILL_AREA_STYLE($,(#168));
#170=SURFACE_STYLE_FILL_AREA(#169);
#171=SURFACE_SIDE_STYLE('',(#170));
#172=SURFACE_STYLE_USAGE(.BOTH.,#171);
#173=PRESENTATION_STYLE_ASSIGNMENT((#172));
#174=STYLED_ITEM('',(#173),#166);
#175=ADVANCED_FACE('',(#3218,#3220,#3222,#3224,#3226,#3228,#3230,#3232,#3234,#3236,
#3238,#3240,#3242,#3244,#3246),#3248,.T.);
#176=COLOUR_RGB($,1.,1.,1.);
#177=FILL_AREA_STYLE_COLOUR($,#176);
#178=FILL_AREA_STYLE($,(#177));
#179=SURFACE_STYLE_FILL_AREA(#178);
#180=SURFACE_SIDE_STYLE('',(#179));
#181=SURFACE_STYLE_USAGE(.BOTH.,#180);
#182=PRESENTATION_STYLE_ASSIGNMENT((#181));
#183=STYLED_ITEM('',(#182),#175);
#184=ADVANCED_FACE('',(#3253),#3255,.F.);
#185=COLOUR_RGB($,1.,1.,1.);
#186=FILL_AREA_STYLE_COLOUR($,#185);
#187=FILL_AREA_STYLE($,(#186));
#188=SURFACE_STYLE_FILL_AREA(#187);
#189=SURFACE_SIDE_STYLE('',(#188));
#190=SURFACE_STYLE_USAGE(.BOTH.,#189);
#191=PRESENTATION_STYLE_ASSIGNMENT((#190));
#192=STYLED_ITEM('',(#191),#184);
#193=ADVANCED_FACE('',(#3260),#3262,.F.);
#194=COLOUR_RGB($,1.,1.,1.);
#195=FILL_AREA_STYLE_COLOUR($,#194);
#196=FILL_AREA_STYLE($,(#195));
#197=SURFACE_STYLE_FILL_AREA(#196);
#198=SURFACE_SIDE_STYLE('',(#197));
#199=SURFACE_STYLE_USAGE(.BOTH.,#198);
#200=PRESENTATION_STYLE_ASSIGNMENT((#199));
#201=STYLED_ITEM('',(#200),#193);
#202=ADVANCED_FACE('',(#3267),#3269,.T.);
#203=COLOUR_RGB($,1.,1.,1.);
#204=FILL_AREA_STYLE_COLOUR($,#203);
#205=FILL_AREA_STYLE($,(#204));
#206=SURFACE_STYLE_FILL_AREA(#205);
#207=SURFACE_SIDE_STYLE('',(#206));
#208=SURFACE_STYLE_USAGE(.BOTH.,#207);
#209=PRESENTATION_STYLE_ASSIGNMENT((#208));
#210=STYLED_ITEM('',(#209),#202);
#211=ADVANCED_FACE('',(#3274),#3276,.T.);
#212=COLOUR_RGB($,1.,1.,1.);
#213=FILL_AREA_STYLE_COLOUR($,#212);
#214=FILL_AREA_STYLE($,(#213));
#215=SURFACE_STYLE_FILL_AREA(#214);
#216=SURFACE_SIDE_STYLE('',(#215));
#217=SURFACE_STYLE_USAGE(.BOTH.,#216);
#218=PRESENTATION_STYLE_ASSIGNMENT((#217));
#219=STYLED_ITEM('',(#218),#211);
#220=ADVANCED_FACE('',(#3281),#3283,.F.);
#221=COLOUR_RGB($,1.,1.,1.);
#222=FILL_AREA_STYLE_COLOUR($,#221);
#223=FILL_AREA_STYLE($,(#222));
#224=SURFACE_STYLE_FILL_AREA(#223);
#225=SURFACE_SIDE_STYLE('',(#224));
#226=SURFACE_STYLE_USAGE(.BOTH.,#225);
#227=PRESENTATION_STYLE_ASSIGNMENT((#226));
#228=STYLED_ITEM('',(#227),#220);
#229=ADVANCED_FACE('',(#3288),#3290,.F.);
#230=COLOUR_RGB($,1.,1.,1.);
#231=FILL_AREA_STYLE_COLOUR($,#230);
#232=FILL_AREA_STYLE($,(#231));
#233=SURFACE_STYLE_FILL_AREA(#232);
#234=SURFACE_SIDE_STYLE('',(#233));
#235=SURFACE_STYLE_USAGE(.BOTH.,#234);
#236=PRESENTATION_STYLE_ASSIGNMENT((#235));
#237=STYLED_ITEM('',(#236),#229);
#238=ADVANCED_FACE('',(#3295),#3297,.F.);
#239=COLOUR_RGB($,1.,1.,1.);
#240=FILL_AREA_STYLE_COLOUR($,#239);
#241=FILL_AREA_STYLE($,(#240));
#242=SURFACE_STYLE_FILL_AREA(#241);
#243=SURFACE_SIDE_STYLE('',(#242));
#244=SURFACE_STYLE_USAGE(.BOTH.,#243);
#245=PRESENTATION_STYLE_ASSIGNMENT((#244));
#246=STYLED_ITEM('',(#245),#238);
#247=ADVANCED_FACE('',(#3302),#3304,.F.);
#248=COLOUR_RGB($,1.,1.,1.);
#249=FILL_AREA_STYLE_COLOUR($,#248);
#250=FILL_AREA_STYLE($,(#249));
#251=SURFACE_STYLE_FILL_AREA(#250);
#252=SURFACE_SIDE_STYLE('',(#251));
#253=SURFACE_STYLE_USAGE(.BOTH.,#252);
#254=PRESENTATION_STYLE_ASSIGNMENT((#253));
#255=STYLED_ITEM('',(#254),#247);
#256=ADVANCED_FACE('',(#3309),#3311,.F.);
#257=COLOUR_RGB($,1.,1.,1.);
#258=FILL_AREA_STYLE_COLOUR($,#257);
#259=FILL_AREA_STYLE($,(#258));
#260=SURFACE_STYLE_FILL_AREA(#259);
#261=SURFACE_SIDE_STYLE('',(#260));
#262=SURFACE_STYLE_USAGE(.BOTH.,#261);
#263=PRESENTATION_STYLE_ASSIGNMENT((#262));
#264=STYLED_ITEM('',(#263),#256);
#265=ADVANCED_FACE('',(#3316),#3318,.F.);
#266=COLOUR_RGB($,1.,1.,1.);
#267=FILL_AREA_STYLE_COLOUR($,#266);
#268=FILL_AREA_STYLE($,(#267));
#269=SURFACE_STYLE_FILL_AREA(#268);
#270=SURFACE_SIDE_STYLE('',(#269));
#271=SURFACE_STYLE_USAGE(.BOTH.,#270);
#272=PRESENTATION_STYLE_ASSIGNMENT((#271));
#273=STYLED_ITEM('',(#272),#265);
#274=ADVANCED_FACE('',(#3323),#3325,.F.);
#275=COLOUR_RGB($,1.,1.,1.);
#276=FILL_AREA_STYLE_COLOUR($,#275);
#277=FILL_AREA_STYLE($,(#276));
#278=SURFACE_STYLE_FILL_AREA(#277);
#279=SURFACE_SIDE_STYLE('',(#278));
#280=SURFACE_STYLE_USAGE(.BOTH.,#279);
#281=PRESENTATION_STYLE_ASSIGNMENT((#280));
#282=STYLED_ITEM('',(#281),#274);
#283=ADVANCED_FACE('',(#3330),#3332,.F.);
#284=COLOUR_RGB($,1.,1.,1.);
#285=FILL_AREA_STYLE_COLOUR($,#284);
#286=FILL_AREA_STYLE($,(#285));
#287=SURFACE_STYLE_FILL_AREA(#286);
#288=SURFACE_SIDE_STYLE('',(#287));
#289=SURFACE_STYLE_USAGE(.BOTH.,#288);
#290=PRESENTATION_STYLE_ASSIGNMENT((#289));
#291=STYLED_ITEM('',(#290),#283);
#292=ADVANCED_FACE('',(#3337,#3339),#3341,.T.);
#293=COLOUR_RGB($,1.,1.,1.);
#294=FILL_AREA_STYLE_COLOUR($,#293);
#295=FILL_AREA_STYLE($,(#294));
#296=SURFACE_STYLE_FILL_AREA(#295);
#297=SURFACE_SIDE_STYLE('',(#296));
#298=SURFACE_STYLE_USAGE(.BOTH.,#297);
#299=PRESENTATION_STYLE_ASSIGNMENT((#298));
#300=STYLED_ITEM('',(#299),#292);
#301=ADVANCED_FACE('',(#3346),#3348,.F.);
#302=COLOUR_RGB($,1.,1.,1.);
#303=FILL_AREA_STYLE_COLOUR($,#302);
#304=FILL_AREA_STYLE($,(#303));
#305=SURFACE_STYLE_FILL_AREA(#304);
#306=SURFACE_SIDE_STYLE('',(#305));
#307=SURFACE_STYLE_USAGE(.BOTH.,#306);
#308=PRESENTATION_STYLE_ASSIGNMENT((#307));
#309=STYLED_ITEM('',(#308),#301);
#310=ADVANCED_FACE('',(#3353),#3355,.F.);
#311=COLOUR_RGB($,1.,1.,1.);
#312=FILL_AREA_STYLE_COLOUR($,#311);
#313=FILL_AREA_STYLE($,(#312));
#314=SURFACE_STYLE_FILL_AREA(#313);
#315=SURFACE_SIDE_STYLE('',(#314));
#316=SURFACE_STYLE_USAGE(.BOTH.,#315);
#317=PRESENTATION_STYLE_ASSIGNMENT((#316));
#318=STYLED_ITEM('',(#317),#310);
#319=ADVANCED_FACE('',(#3360),#3362,.F.);
#320=COLOUR_RGB($,1.,1.,1.);
#321=FILL_AREA_STYLE_COLOUR($,#320);
#322=FILL_AREA_STYLE($,(#321));
#323=SURFACE_STYLE_FILL_AREA(#322);
#324=SURFACE_SIDE_STYLE('',(#323));
#325=SURFACE_STYLE_USAGE(.BOTH.,#324);
#326=PRESENTATION_STYLE_ASSIGNMENT((#325));
#327=STYLED_ITEM('',(#326),#319);
#328=ADVANCED_FACE('',(#3367,#3369),#3371,.T.);
#329=COLOUR_RGB($,1.,1.,1.);
#330=FILL_AREA_STYLE_COLOUR($,#329);
#331=FILL_AREA_STYLE($,(#330));
#332=SURFACE_STYLE_FILL_AREA(#331);
#333=SURFACE_SIDE_STYLE('',(#332));
#334=SURFACE_STYLE_USAGE(.BOTH.,#333);
#335=PRESENTATION_STYLE_ASSIGNMENT((#334));
#336=STYLED_ITEM('',(#335),#328);
#337=ADVANCED_FACE('',(#3376),#3378,.F.);
#338=COLOUR_RGB($,1.,1.,1.);
#339=FILL_AREA_STYLE_COLOUR($,#338);
#340=FILL_AREA_STYLE($,(#339));
#341=SURFACE_STYLE_FILL_AREA(#340);
#342=SURFACE_SIDE_STYLE('',(#341));
#343=SURFACE_STYLE_USAGE(.BOTH.,#342);
#344=PRESENTATION_STYLE_ASSIGNMENT((#343));
#345=STYLED_ITEM('',(#344),#337);
#346=ADVANCED_FACE('',(#3383),#3385,.F.);
#347=COLOUR_RGB($,1.,1.,1.);
#348=FILL_AREA_STYLE_COLOUR($,#347);
#349=FILL_AREA_STYLE($,(#348));
#350=SURFACE_STYLE_FILL_AREA(#349);
#351=SURFACE_SIDE_STYLE('',(#350));
#352=SURFACE_STYLE_USAGE(.BOTH.,#351);
#353=PRESENTATION_STYLE_ASSIGNMENT((#352));
#354=STYLED_ITEM('',(#353),#346);
#355=ADVANCED_FACE('',(#3390),#3392,.F.);
#356=COLOUR_RGB($,1.,1.,1.);
#357=FILL_AREA_STYLE_COLOUR($,#356);
#358=FILL_AREA_STYLE($,(#357));
#359=SURFACE_STYLE_FILL_AREA(#358);
#360=SURFACE_SIDE_STYLE('',(#359));
#361=SURFACE_STYLE_USAGE(.BOTH.,#360);
#362=PRESENTATION_STYLE_ASSIGNMENT((#361));
#363=STYLED_ITEM('',(#362),#355);
#364=ADVANCED_FACE('',(#3397,#3399),#3401,.T.);
#365=COLOUR_RGB($,1.,1.,1.);
#366=FILL_AREA_STYLE_COLOUR($,#365);
#367=FILL_AREA_STYLE($,(#366));
#368=SURFACE_STYLE_FILL_AREA(#367);
#369=SURFACE_SIDE_STYLE('',(#368));
#370=SURFACE_STYLE_USAGE(.BOTH.,#369);
#371=PRESENTATION_STYLE_ASSIGNMENT((#370));
#372=STYLED_ITEM('',(#371),#364);
#373=ADVANCED_FACE('',(#3406),#3408,.F.);
#374=COLOUR_RGB($,1.,1.,1.);
#375=FILL_AREA_STYLE_COLOUR($,#374);
#376=FILL_AREA_STYLE($,(#375));
#377=SURFACE_STYLE_FILL_AREA(#376);
#378=SURFACE_SIDE_STYLE('',(#377));
#379=SURFACE_STYLE_USAGE(.BOTH.,#378);
#380=PRESENTATION_STYLE_ASSIGNMENT((#379));
#381=STYLED_ITEM('',(#380),#373);
#382=ADVANCED_FACE('',(#3413),#3415,.F.);
#383=COLOUR_RGB($,1.,1.,1.);
#384=FILL_AREA_STYLE_COLOUR($,#383);
#385=FILL_AREA_STYLE($,(#384));
#386=SURFACE_STYLE_FILL_AREA(#385);
#387=SURFACE_SIDE_STYLE('',(#386));
#388=SURFACE_STYLE_USAGE(.BOTH.,#387);
#389=PRESENTATION_STYLE_ASSIGNMENT((#388));
#390=STYLED_ITEM('',(#389),#382);
#391=ADVANCED_FACE('',(#3420),#3422,.F.);
#392=COLOUR_RGB($,1.,1.,1.);
#393=FILL_AREA_STYLE_COLOUR($,#392);
#394=FILL_AREA_STYLE($,(#393));
#395=SURFACE_STYLE_FILL_AREA(#394);
#396=SURFACE_SIDE_STYLE('',(#395));
#397=SURFACE_STYLE_USAGE(.BOTH.,#396);
#398=PRESENTATION_STYLE_ASSIGNMENT((#397));
#399=STYLED_ITEM('',(#398),#391);
#400=ADVANCED_FACE('',(#3427,#3429),#3431,.T.);
#401=COLOUR_RGB($,1.,1.,1.);
#402=FILL_AREA_STYLE_COLOUR($,#401);
#403=FILL_AREA_STYLE($,(#402));
#404=SURFACE_STYLE_FILL_AREA(#403);
#405=SURFACE_SIDE_STYLE('',(#404));
#406=SURFACE_STYLE_USAGE(.BOTH.,#405);
#407=PRESENTATION_STYLE_ASSIGNMENT((#406));
#408=STYLED_ITEM('',(#407),#400);
#409=ADVANCED_FACE('',(#3436),#3438,.F.);
#410=COLOUR_RGB($,1.,1.,1.);
#411=FILL_AREA_STYLE_COLOUR($,#410);
#412=FILL_AREA_STYLE($,(#411));
#413=SURFACE_STYLE_FILL_AREA(#412);
#414=SURFACE_SIDE_STYLE('',(#413));
#415=SURFACE_STYLE_USAGE(.BOTH.,#414);
#416=PRESENTATION_STYLE_ASSIGNMENT((#415));
#417=STYLED_ITEM('',(#416),#409);
#418=ADVANCED_FACE('',(#3443),#3445,.F.);
#419=COLOUR_RGB($,1.,1.,1.);
#420=FILL_AREA_STYLE_COLOUR($,#419);
#421=FILL_AREA_STYLE($,(#420));
#422=SURFACE_STYLE_FILL_AREA(#421);
#423=SURFACE_SIDE_STYLE('',(#422));
#424=SURFACE_STYLE_USAGE(.BOTH.,#423);
#425=PRESENTATION_STYLE_ASSIGNMENT((#424));
#426=STYLED_ITEM('',(#425),#418);
#427=ADVANCED_FACE('',(#3450),#3452,.F.);
#428=COLOUR_RGB($,1.,1.,1.);
#429=FILL_AREA_STYLE_COLOUR($,#428);
#430=FILL_AREA_STYLE($,(#429));
#431=SURFACE_STYLE_FILL_AREA(#430);
#432=SURFACE_SIDE_STYLE('',(#431));
#433=SURFACE_STYLE_USAGE(.BOTH.,#432);
#434=PRESENTATION_STYLE_ASSIGNMENT((#433));
#435=STYLED_ITEM('',(#434),#427);
#436=ADVANCED_FACE('',(#3457,#3459),#3461,.T.);
#437=COLOUR_RGB($,1.,1.,1.);
#438=FILL_AREA_STYLE_COLOUR($,#437);
#439=FILL_AREA_STYLE($,(#438));
#440=SURFACE_STYLE_FILL_AREA(#439);
#441=SURFACE_SIDE_STYLE('',(#440));
#442=SURFACE_STYLE_USAGE(.BOTH.,#441);
#443=PRESENTATION_STYLE_ASSIGNMENT((#442));
#444=STYLED_ITEM('',(#443),#436);
#445=ADVANCED_FACE('',(#3466),#3468,.F.);
#446=COLOUR_RGB($,1.,1.,1.);
#447=FILL_AREA_STYLE_COLOUR($,#446);
#448=FILL_AREA_STYLE($,(#447));
#449=SURFACE_STYLE_FILL_AREA(#448);
#450=SURFACE_SIDE_STYLE('',(#449));
#451=SURFACE_STYLE_USAGE(.BOTH.,#450);
#452=PRESENTATION_STYLE_ASSIGNMENT((#451));
#453=STYLED_ITEM('',(#452),#445);
#454=ADVANCED_FACE('',(#3473),#3475,.F.);
#455=COLOUR_RGB($,1.,1.,1.);
#456=FILL_AREA_STYLE_COLOUR($,#455);
#457=FILL_AREA_STYLE($,(#456));
#458=SURFACE_STYLE_FILL_AREA(#457);
#459=SURFACE_SIDE_STYLE('',(#458));
#460=SURFACE_STYLE_USAGE(.BOTH.,#459);
#461=PRESENTATION_STYLE_ASSIGNMENT((#460));
#462=STYLED_ITEM('',(#461),#454);
#463=ADVANCED_FACE('',(#3480),#3482,.F.);
#464=COLOUR_RGB($,1.,1.,1.);
#465=FILL_AREA_STYLE_COLOUR($,#464);
#466=FILL_AREA_STYLE($,(#465));
#467=SURFACE_STYLE_FILL_AREA(#466);
#468=SURFACE_SIDE_STYLE('',(#467));
#469=SURFACE_STYLE_USAGE(.BOTH.,#468);
#470=PRESENTATION_STYLE_ASSIGNMENT((#469));
#471=STYLED_ITEM('',(#470),#463);
#472=ADVANCED_FACE('',(#3487,#3489),#3491,.T.);
#473=COLOUR_RGB($,1.,1.,1.);
#474=FILL_AREA_STYLE_COLOUR($,#473);
#475=FILL_AREA_STYLE($,(#474));
#476=SURFACE_STYLE_FILL_AREA(#475);
#477=SURFACE_SIDE_STYLE('',(#476));
#478=SURFACE_STYLE_USAGE(.BOTH.,#477);
#479=PRESENTATION_STYLE_ASSIGNMENT((#478));
#480=STYLED_ITEM('',(#479),#472);
#481=ADVANCED_FACE('',(#3496),#3498,.F.);
#482=COLOUR_RGB($,1.,1.,1.);
#483=FILL_AREA_STYLE_COLOUR($,#482);
#484=FILL_AREA_STYLE($,(#483));
#485=SURFACE_STYLE_FILL_AREA(#484);
#486=SURFACE_SIDE_STYLE('',(#485));
#487=SURFACE_STYLE_USAGE(.BOTH.,#486);
#488=PRESENTATION_STYLE_ASSIGNMENT((#487));
#489=STYLED_ITEM('',(#488),#481);
#490=ADVANCED_FACE('',(#3503),#3505,.F.);
#491=COLOUR_RGB($,1.,1.,1.);
#492=FILL_AREA_STYLE_COLOUR($,#491);
#493=FILL_AREA_STYLE($,(#492));
#494=SURFACE_STYLE_FILL_AREA(#493);
#495=SURFACE_SIDE_STYLE('',(#494));
#496=SURFACE_STYLE_USAGE(.BOTH.,#495);
#497=PRESENTATION_STYLE_ASSIGNMENT((#496));
#498=STYLED_ITEM('',(#497),#490);
#499=ADVANCED_FACE('',(#3510),#3512,.F.);
#500=COLOUR_RGB($,1.,1.,1.);
#501=FILL_AREA_STYLE_COLOUR($,#500);
#502=FILL_AREA_STYLE($,(#501));
#503=SURFACE_STYLE_FILL_AREA(#502);
#504=SURFACE_SIDE_STYLE('',(#503));
#505=SURFACE_STYLE_USAGE(.BOTH.,#504);
#506=PRESENTATION_STYLE_ASSIGNMENT((#505));
#507=STYLED_ITEM('',(#506),#499);
#508=ADVANCED_FACE('',(#3517,#3519),#3521,.T.);
#509=COLOUR_RGB($,1.,1.,1.);
#510=FILL_AREA_STYLE_COLOUR($,#509);
#511=FILL_AREA_STYLE($,(#510));
#512=SURFACE_STYLE_FILL_AREA(#511);
#513=SURFACE_SIDE_STYLE('',(#512));
#514=SURFACE_STYLE_USAGE(.BOTH.,#513);
#515=PRESENTATION_STYLE_ASSIGNMENT((#514));
#516=STYLED_ITEM('',(#515),#508);
#517=ADVANCED_FACE('',(#3526),#3528,.F.);
#518=COLOUR_RGB($,1.,1.,1.);
#519=FILL_AREA_STYLE_COLOUR($,#518);
#520=FILL_AREA_STYLE($,(#519));
#521=SURFACE_STYLE_FILL_AREA(#520);
#522=SURFACE_SIDE_STYLE('',(#521));
#523=SURFACE_STYLE_USAGE(.BOTH.,#522);
#524=PRESENTATION_STYLE_ASSIGNMENT((#523));
#525=STYLED_ITEM('',(#524),#517);
#526=ADVANCED_FACE('',(#3533),#3535,.F.);
#527=COLOUR_RGB($,1.,1.,1.);
#528=FILL_AREA_STYLE_COLOUR($,#527);
#529=FILL_AREA_STYLE($,(#528));
#530=SURFACE_STYLE_FILL_AREA(#529);
#531=SURFACE_SIDE_STYLE('',(#530));
#532=SURFACE_STYLE_USAGE(.BOTH.,#531);
#533=PRESENTATION_STYLE_ASSIGNMENT((#532));
#534=STYLED_ITEM('',(#533),#526);
#535=ADVANCED_FACE('',(#3540),#3542,.F.);
#536=COLOUR_RGB($,1.,1.,1.);
#537=FILL_AREA_STYLE_COLOUR($,#536);
#538=FILL_AREA_STYLE($,(#537));
#539=SURFACE_STYLE_FILL_AREA(#538);
#540=SURFACE_SIDE_STYLE('',(#539));
#541=SURFACE_STYLE_USAGE(.BOTH.,#540);
#542=PRESENTATION_STYLE_ASSIGNMENT((#541));
#543=STYLED_ITEM('',(#542),#535);
#544=ADVANCED_FACE('',(#3547,#3549),#3551,.T.);
#545=COLOUR_RGB($,1.,1.,1.);
#546=FILL_AREA_STYLE_COLOUR($,#545);
#547=FILL_AREA_STYLE($,(#546));
#548=SURFACE_STYLE_FILL_AREA(#547);
#549=SURFACE_SIDE_STYLE('',(#548));
#550=SURFACE_STYLE_USAGE(.BOTH.,#549);
#551=PRESENTATION_STYLE_ASSIGNMENT((#550));
#552=STYLED_ITEM('',(#551),#544);
#553=ADVANCED_FACE('',(#3556),#3558,.F.);
#554=COLOUR_RGB($,1.,1.,1.);
#555=FILL_AREA_STYLE_COLOUR($,#554);
#556=FILL_AREA_STYLE($,(#555));
#557=SURFACE_STYLE_FILL_AREA(#556);
#558=SURFACE_SIDE_STYLE('',(#557));
#559=SURFACE_STYLE_USAGE(.BOTH.,#558);
#560=PRESENTATION_STYLE_ASSIGNMENT((#559));
#561=STYLED_ITEM('',(#560),#553);
#562=ADVANCED_FACE('',(#3563),#3565,.F.);
#563=COLOUR_RGB($,1.,1.,1.);
#564=FILL_AREA_STYLE_COLOUR($,#563);
#565=FILL_AREA_STYLE($,(#564));
#566=SURFACE_STYLE_FILL_AREA(#565);
#567=SURFACE_SIDE_STYLE('',(#566));
#568=SURFACE_STYLE_USAGE(.BOTH.,#567);
#569=PRESENTATION_STYLE_ASSIGNMENT((#568));
#570=STYLED_ITEM('',(#569),#562);
#571=ADVANCED_FACE('',(#3570),#3572,.F.);
#572=COLOUR_RGB($,1.,1.,1.);
#573=FILL_AREA_STYLE_COLOUR($,#572);
#574=FILL_AREA_STYLE($,(#573));
#575=SURFACE_STYLE_FILL_AREA(#574);
#576=SURFACE_SIDE_STYLE('',(#575));
#577=SURFACE_STYLE_USAGE(.BOTH.,#576);
#578=PRESENTATION_STYLE_ASSIGNMENT((#577));
#579=STYLED_ITEM('',(#578),#571);
#580=ADVANCED_FACE('',(#3577,#3579),#3581,.T.);
#581=COLOUR_RGB($,1.,1.,1.);
#582=FILL_AREA_STYLE_COLOUR($,#581);
#583=FILL_AREA_STYLE($,(#582));
#584=SURFACE_STYLE_FILL_AREA(#583);
#585=SURFACE_SIDE_STYLE('',(#584));
#586=SURFACE_STYLE_USAGE(.BOTH.,#585);
#587=PRESENTATION_STYLE_ASSIGNMENT((#586));
#588=STYLED_ITEM('',(#587),#580);
#589=ADVANCED_FACE('',(#3586),#3588,.F.);
#590=COLOUR_RGB($,1.,1.,1.);
#591=FILL_AREA_STYLE_COLOUR($,#590);
#592=FILL_AREA_STYLE($,(#591));
#593=SURFACE_STYLE_FILL_AREA(#592);
#594=SURFACE_SIDE_STYLE('',(#593));
#595=SURFACE_STYLE_USAGE(.BOTH.,#594);
#596=PRESENTATION_STYLE_ASSIGNMENT((#595));
#597=STYLED_ITEM('',(#596),#589);
#598=ADVANCED_FACE('',(#3593),#3595,.F.);
#599=COLOUR_RGB($,1.,1.,1.);
#600=FILL_AREA_STYLE_COLOUR($,#599);
#601=FILL_AREA_STYLE($,(#600));
#602=SURFACE_STYLE_FILL_AREA(#601);
#603=SURFACE_SIDE_STYLE('',(#602));
#604=SURFACE_STYLE_USAGE(.BOTH.,#603);
#605=PRESENTATION_STYLE_ASSIGNMENT((#604));
#606=STYLED_ITEM('',(#605),#598);
#607=ADVANCED_FACE('',(#3600),#3602,.F.);
#608=COLOUR_RGB($,1.,1.,1.);
#609=FILL_AREA_STYLE_COLOUR($,#608);
#610=FILL_AREA_STYLE($,(#609));
#611=SURFACE_STYLE_FILL_AREA(#610);
#612=SURFACE_SIDE_STYLE('',(#611));
#613=SURFACE_STYLE_USAGE(.BOTH.,#612);
#614=PRESENTATION_STYLE_ASSIGNMENT((#613));
#615=STYLED_ITEM('',(#614),#607);
#616=ADVANCED_FACE('',(#3607,#3609),#3611,.T.);
#617=COLOUR_RGB($,1.,1.,1.);
#618=FILL_AREA_STYLE_COLOUR($,#617);
#619=FILL_AREA_STYLE($,(#618));
#620=SURFACE_STYLE_FILL_AREA(#619);
#621=SURFACE_SIDE_STYLE('',(#620));
#622=SURFACE_STYLE_USAGE(.BOTH.,#621);
#623=PRESENTATION_STYLE_ASSIGNMENT((#622));
#624=STYLED_ITEM('',(#623),#616);
#625=ADVANCED_FACE('',(#3616),#3618,.F.);
#626=COLOUR_RGB($,1.,1.,1.);
#627=FILL_AREA_STYLE_COLOUR($,#626);
#628=FILL_AREA_STYLE($,(#627));
#629=SURFACE_STYLE_FILL_AREA(#628);
#630=SURFACE_SIDE_STYLE('',(#629));
#631=SURFACE_STYLE_USAGE(.BOTH.,#630);
#632=PRESENTATION_STYLE_ASSIGNMENT((#631));
#633=STYLED_ITEM('',(#632),#625);
#634=ADVANCED_FACE('',(#3623),#3625,.F.);
#635=COLOUR_RGB($,1.,1.,1.);
#636=FILL_AREA_STYLE_COLOUR($,#635);
#637=FILL_AREA_STYLE($,(#636));
#638=SURFACE_STYLE_FILL_AREA(#637);
#639=SURFACE_SIDE_STYLE('',(#638));
#640=SURFACE_STYLE_USAGE(.BOTH.,#639);
#641=PRESENTATION_STYLE_ASSIGNMENT((#640));
#642=STYLED_ITEM('',(#641),#634);
#643=ADVANCED_FACE('',(#3630),#3632,.F.);
#644=COLOUR_RGB($,1.,1.,1.);
#645=FILL_AREA_STYLE_COLOUR($,#644);
#646=FILL_AREA_STYLE($,(#645));
#647=SURFACE_STYLE_FILL_AREA(#646);
#648=SURFACE_SIDE_STYLE('',(#647));
#649=SURFACE_STYLE_USAGE(.BOTH.,#648);
#650=PRESENTATION_STYLE_ASSIGNMENT((#649));
#651=STYLED_ITEM('',(#650),#643);
#652=ADVANCED_FACE('',(#3637,#3639),#3641,.T.);
#653=COLOUR_RGB($,1.,1.,1.);
#654=FILL_AREA_STYLE_COLOUR($,#653);
#655=FILL_AREA_STYLE($,(#654));
#656=SURFACE_STYLE_FILL_AREA(#655);
#657=SURFACE_SIDE_STYLE('',(#656));
#658=SURFACE_STYLE_USAGE(.BOTH.,#657);
#659=PRESENTATION_STYLE_ASSIGNMENT((#658));
#660=STYLED_ITEM('',(#659),#652);
#661=ADVANCED_FACE('',(#3646),#3648,.F.);
#662=COLOUR_RGB($,1.,1.,1.);
#663=FILL_AREA_STYLE_COLOUR($,#662);
#664=FILL_AREA_STYLE($,(#663));
#665=SURFACE_STYLE_FILL_AREA(#664);
#666=SURFACE_SIDE_STYLE('',(#665));
#667=SURFACE_STYLE_USAGE(.BOTH.,#666);
#668=PRESENTATION_STYLE_ASSIGNMENT((#667));
#669=STYLED_ITEM('',(#668),#661);
#670=ADVANCED_FACE('',(#3653),#3655,.F.);
#671=COLOUR_RGB($,1.,1.,1.);
#672=FILL_AREA_STYLE_COLOUR($,#671);
#673=FILL_AREA_STYLE($,(#672));
#674=SURFACE_STYLE_FILL_AREA(#673);
#675=SURFACE_SIDE_STYLE('',(#674));
#676=SURFACE_STYLE_USAGE(.BOTH.,#675);
#677=PRESENTATION_STYLE_ASSIGNMENT((#676));
#678=STYLED_ITEM('',(#677),#670);
#679=ADVANCED_FACE('',(#3660),#3662,.F.);
#680=COLOUR_RGB($,1.,1.,1.);
#681=FILL_AREA_STYLE_COLOUR($,#680);
#682=FILL_AREA_STYLE($,(#681));
#683=SURFACE_STYLE_FILL_AREA(#682);
#684=SURFACE_SIDE_STYLE('',(#683));
#685=SURFACE_STYLE_USAGE(.BOTH.,#684);
#686=PRESENTATION_STYLE_ASSIGNMENT((#685));
#687=STYLED_ITEM('',(#686),#679);
#688=ADVANCED_FACE('',(#3667,#3669),#3671,.T.);
#689=COLOUR_RGB($,1.,1.,1.);
#690=FILL_AREA_STYLE_COLOUR($,#689);
#691=FILL_AREA_STYLE($,(#690));
#692=SURFACE_STYLE_FILL_AREA(#691);
#693=SURFACE_SIDE_STYLE('',(#692));
#694=SURFACE_STYLE_USAGE(.BOTH.,#693);
#695=PRESENTATION_STYLE_ASSIGNMENT((#694));
#696=STYLED_ITEM('',(#695),#688);
#697=ADVANCED_FACE('',(#3676),#3678,.F.);
#698=COLOUR_RGB($,1.,1.,1.);
#699=FILL_AREA_STYLE_COLOUR($,#698);
#700=FILL_AREA_STYLE($,(#699));
#701=SURFACE_STYLE_FILL_AREA(#700);
#702=SURFACE_SIDE_STYLE('',(#701));
#703=SURFACE_STYLE_USAGE(.BOTH.,#702);
#704=PRESENTATION_STYLE_ASSIGNMENT((#703));
#705=STYLED_ITEM('',(#704),#697);
#706=ADVANCED_FACE('',(#3683),#3685,.F.);
#707=COLOUR_RGB($,1.,1.,1.);
#708=FILL_AREA_STYLE_COLOUR($,#707);
#709=FILL_AREA_STYLE($,(#708));
#710=SURFACE_STYLE_FILL_AREA(#709);
#711=SURFACE_SIDE_STYLE('',(#710));
#712=SURFACE_STYLE_USAGE(.BOTH.,#711);
#713=PRESENTATION_STYLE_ASSIGNMENT((#712));
#714=STYLED_ITEM('',(#713),#706);
#715=ADVANCED_FACE('',(#3690),#3692,.F.);
#716=COLOUR_RGB($,1.,1.,1.);
#717=FILL_AREA_STYLE_COLOUR($,#716);
#718=FILL_AREA_STYLE($,(#717));
#719=SURFACE_STYLE_FILL_AREA(#718);
#720=SURFACE_SIDE_STYLE('',(#719));
#721=SURFACE_STYLE_USAGE(.BOTH.,#720);
#722=PRESENTATION_STYLE_ASSIGNMENT((#721));
#723=STYLED_ITEM('',(#722),#715);
#724=ADVANCED_FACE('',(#3697,#3699),#3701,.T.);
#725=COLOUR_RGB($,1.,1.,1.);
#726=FILL_AREA_STYLE_COLOUR($,#725);
#727=FILL_AREA_STYLE($,(#726));
#728=SURFACE_STYLE_FILL_AREA(#727);
#729=SURFACE_SIDE_STYLE('',(#728));
#730=SURFACE_STYLE_USAGE(.BOTH.,#729);
#731=PRESENTATION_STYLE_ASSIGNMENT((#730));
#732=STYLED_ITEM('',(#731),#724);
#733=ADVANCED_FACE('',(#3706),#3708,.F.);
#734=COLOUR_RGB($,1.,1.,1.);
#735=FILL_AREA_STYLE_COLOUR($,#734);
#736=FILL_AREA_STYLE($,(#735));
#737=SURFACE_STYLE_FILL_AREA(#736);
#738=SURFACE_SIDE_STYLE('',(#737));
#739=SURFACE_STYLE_USAGE(.BOTH.,#738);
#740=PRESENTATION_STYLE_ASSIGNMENT((#739));
#741=STYLED_ITEM('',(#740),#733);
#742=ADVANCED_FACE('',(#3713),#3715,.F.);
#743=COLOUR_RGB($,1.,1.,1.);
#744=FILL_AREA_STYLE_COLOUR($,#743);
#745=FILL_AREA_STYLE($,(#744));
#746=SURFACE_STYLE_FILL_AREA(#745);
#747=SURFACE_SIDE_STYLE('',(#746));
#748=SURFACE_STYLE_USAGE(.BOTH.,#747);
#749=PRESENTATION_STYLE_ASSIGNMENT((#748));
#750=STYLED_ITEM('',(#749),#742);
#751=ADVANCED_FACE('',(#3720),#3722,.F.);
#752=COLOUR_RGB($,1.,1.,1.);
#753=FILL_AREA_STYLE_COLOUR($,#752);
#754=FILL_AREA_STYLE($,(#753));
#755=SURFACE_STYLE_FILL_AREA(#754);
#756=SURFACE_SIDE_STYLE('',(#755));
#757=SURFACE_STYLE_USAGE(.BOTH.,#756);
#758=PRESENTATION_STYLE_ASSIGNMENT((#757));
#759=STYLED_ITEM('',(#758),#751);
#760=ADVANCED_FACE('',(#3727,#3729),#3731,.T.);
#761=COLOUR_RGB($,1.,1.,1.);
#762=FILL_AREA_STYLE_COLOUR($,#761);
#763=FILL_AREA_STYLE($,(#762));
#764=SURFACE_STYLE_FILL_AREA(#763);
#765=SURFACE_SIDE_STYLE('',(#764));
#766=SURFACE_STYLE_USAGE(.BOTH.,#765);
#767=PRESENTATION_STYLE_ASSIGNMENT((#766));
#768=STYLED_ITEM('',(#767),#760);
#769=ADVANCED_FACE('',(#3736),#3738,.F.);
#770=COLOUR_RGB($,1.,1.,1.);
#771=FILL_AREA_STYLE_COLOUR($,#770);
#772=FILL_AREA_STYLE($,(#771));
#773=SURFACE_STYLE_FILL_AREA(#772);
#774=SURFACE_SIDE_STYLE('',(#773));
#775=SURFACE_STYLE_USAGE(.BOTH.,#774);
#776=PRESENTATION_STYLE_ASSIGNMENT((#775));
#777=STYLED_ITEM('',(#776),#769);
#778=ADVANCED_FACE('',(#3743),#3745,.F.);
#779=COLOUR_RGB($,1.,1.,1.);
#780=FILL_AREA_STYLE_COLOUR($,#779);
#781=FILL_AREA_STYLE($,(#780));
#782=SURFACE_STYLE_FILL_AREA(#781);
#783=SURFACE_SIDE_STYLE('',(#782));
#784=SURFACE_STYLE_USAGE(.BOTH.,#783);
#785=PRESENTATION_STYLE_ASSIGNMENT((#784));
#786=STYLED_ITEM('',(#785),#778);
#787=ADVANCED_FACE('',(#3750),#3752,.F.);
#788=COLOUR_RGB($,1.,1.,1.);
#789=FILL_AREA_STYLE_COLOUR($,#788);
#790=FILL_AREA_STYLE($,(#789));
#791=SURFACE_STYLE_FILL_AREA(#790);
#792=SURFACE_SIDE_STYLE('',(#791));
#793=SURFACE_STYLE_USAGE(.BOTH.,#792);
#794=PRESENTATION_STYLE_ASSIGNMENT((#793));
#795=STYLED_ITEM('',(#794),#787);
#796=ADVANCED_FACE('',(#3757),#3759,.T.);
#797=COLOUR_RGB($,1.,1.,1.);
#798=FILL_AREA_STYLE_COLOUR($,#797);
#799=FILL_AREA_STYLE($,(#798));
#800=SURFACE_STYLE_FILL_AREA(#799);
#801=SURFACE_SIDE_STYLE('',(#800));
#802=SURFACE_STYLE_USAGE(.BOTH.,#801);
#803=PRESENTATION_STYLE_ASSIGNMENT((#802));
#804=STYLED_ITEM('',(#803),#796);
#805=ADVANCED_FACE('',(#3764),#3766,.T.);
#806=COLOUR_RGB($,1.,1.,1.);
#807=FILL_AREA_STYLE_COLOUR($,#806);
#808=FILL_AREA_STYLE($,(#807));
#809=SURFACE_STYLE_FILL_AREA(#808);
#810=SURFACE_SIDE_STYLE('',(#809));
#811=SURFACE_STYLE_USAGE(.BOTH.,#810);
#812=PRESENTATION_STYLE_ASSIGNMENT((#811));
#813=STYLED_ITEM('',(#812),#805);
#814=ADVANCED_FACE('',(#3771),#3773,.F.);
#815=COLOUR_RGB($,1.,1.,1.);
#816=FILL_AREA_STYLE_COLOUR($,#815);
#817=FILL_AREA_STYLE($,(#816));
#818=SURFACE_STYLE_FILL_AREA(#817);
#819=SURFACE_SIDE_STYLE('',(#818));
#820=SURFACE_STYLE_USAGE(.BOTH.,#819);
#821=PRESENTATION_STYLE_ASSIGNMENT((#820));
#822=STYLED_ITEM('',(#821),#814);
#823=ADVANCED_FACE('',(#3778),#3780,.F.);
#824=COLOUR_RGB($,1.,1.,1.);
#825=FILL_AREA_STYLE_COLOUR($,#824);
#826=FILL_AREA_STYLE($,(#825));
#827=SURFACE_STYLE_FILL_AREA(#826);
#828=SURFACE_SIDE_STYLE('',(#827));
#829=SURFACE_STYLE_USAGE(.BOTH.,#828);
#830=PRESENTATION_STYLE_ASSIGNMENT((#829));
#831=STYLED_ITEM('',(#830),#823);
#832=ADVANCED_FACE('',(#3785),#3787,.T.);
#833=COLOUR_RGB($,1.,0.843137254901961,0.);
#834=FILL_AREA_STYLE_COLOUR($,#833);
#835=FILL_AREA_STYLE($,(#834));
#836=SURFACE_STYLE_FILL_AREA(#835);
#837=SURFACE_SIDE_STYLE('',(#836));
#838=SURFACE_STYLE_USAGE(.BOTH.,#837);
#839=PRESENTATION_STYLE_ASSIGNMENT((#838));
#840=STYLED_ITEM('',(#839),#832);
#841=ADVANCED_FACE('',(#3792),#3794,.T.);
#842=COLOUR_RGB($,1.,0.843137254901961,0.);
#843=FILL_AREA_STYLE_COLOUR($,#842);
#844=FILL_AREA_STYLE($,(#843));
#845=SURFACE_STYLE_FILL_AREA(#844);
#846=SURFACE_SIDE_STYLE('',(#845));
#847=SURFACE_STYLE_USAGE(.BOTH.,#846);
#848=PRESENTATION_STYLE_ASSIGNMENT((#847));
#849=STYLED_ITEM('',(#848),#841);
#850=ADVANCED_FACE('',(#3799),#3801,.T.);
#851=COLOUR_RGB($,1.,0.843137254901961,0.);
#852=FILL_AREA_STYLE_COLOUR($,#851);
#853=FILL_AREA_STYLE($,(#852));
#854=SURFACE_STYLE_FILL_AREA(#853);
#855=SURFACE_SIDE_STYLE('',(#854));
#856=SURFACE_STYLE_USAGE(.BOTH.,#855);
#857=PRESENTATION_STYLE_ASSIGNMENT((#856));
#858=STYLED_ITEM('',(#857),#850);
#859=ADVANCED_FACE('',(#3806),#3808,.T.);
#860=COLOUR_RGB($,1.,0.843137254901961,0.);
#861=FILL_AREA_STYLE_COLOUR($,#860);
#862=FILL_AREA_STYLE($,(#861));
#863=SURFACE_STYLE_FILL_AREA(#862);
#864=SURFACE_SIDE_STYLE('',(#863));
#865=SURFACE_STYLE_USAGE(.BOTH.,#864);
#866=PRESENTATION_STYLE_ASSIGNMENT((#865));
#867=STYLED_ITEM('',(#866),#859);
#868=ADVANCED_FACE('',(#3813),#3815,.T.);
#869=COLOUR_RGB($,1.,0.843137254901961,0.);
#870=FILL_AREA_STYLE_COLOUR($,#869);
#871=FILL_AREA_STYLE($,(#870));
#872=SURFACE_STYLE_FILL_AREA(#871);
#873=SURFACE_SIDE_STYLE('',(#872));
#874=SURFACE_STYLE_USAGE(.BOTH.,#873);
#875=PRESENTATION_STYLE_ASSIGNMENT((#874));
#876=STYLED_ITEM('',(#875),#868);
#877=ADVANCED_FACE('',(#3820),#3822,.T.);
#878=COLOUR_RGB($,1.,0.843137254901961,0.);
#879=FILL_AREA_STYLE_COLOUR($,#878);
#880=FILL_AREA_STYLE($,(#879));
#881=SURFACE_STYLE_FILL_AREA(#880);
#882=SURFACE_SIDE_STYLE('',(#881));
#883=SURFACE_STYLE_USAGE(.BOTH.,#882);
#884=PRESENTATION_STYLE_ASSIGNMENT((#883));
#885=STYLED_ITEM('',(#884),#877);
#886=ADVANCED_FACE('',(#3827),#3829,.T.);
#887=COLOUR_RGB($,1.,0.843137254901961,0.);
#888=FILL_AREA_STYLE_COLOUR($,#887);
#889=FILL_AREA_STYLE($,(#888));
#890=SURFACE_STYLE_FILL_AREA(#889);
#891=SURFACE_SIDE_STYLE('',(#890));
#892=SURFACE_STYLE_USAGE(.BOTH.,#891);
#893=PRESENTATION_STYLE_ASSIGNMENT((#892));
#894=STYLED_ITEM('',(#893),#886);
#895=ADVANCED_FACE('',(#3834),#3836,.T.);
#896=COLOUR_RGB($,1.,0.843137254901961,0.);
#897=FILL_AREA_STYLE_COLOUR($,#896);
#898=FILL_AREA_STYLE($,(#897));
#899=SURFACE_STYLE_FILL_AREA(#898);
#900=SURFACE_SIDE_STYLE('',(#899));
#901=SURFACE_STYLE_USAGE(.BOTH.,#900);
#902=PRESENTATION_STYLE_ASSIGNMENT((#901));
#903=STYLED_ITEM('',(#902),#895);
#904=ADVANCED_FACE('',(#3841),#3843,.T.);
#905=COLOUR_RGB($,1.,0.843137254901961,0.);
#906=FILL_AREA_STYLE_COLOUR($,#905);
#907=FILL_AREA_STYLE($,(#906));
#908=SURFACE_STYLE_FILL_AREA(#907);
#909=SURFACE_SIDE_STYLE('',(#908));
#910=SURFACE_STYLE_USAGE(.BOTH.,#909);
#911=PRESENTATION_STYLE_ASSIGNMENT((#910));
#912=STYLED_ITEM('',(#911),#904);
#913=ADVANCED_FACE('',(#3848),#3850,.T.);
#914=COLOUR_RGB($,1.,0.843137254901961,0.);
#915=FILL_AREA_STYLE_COLOUR($,#914);
#916=FILL_AREA_STYLE($,(#915));
#917=SURFACE_STYLE_FILL_AREA(#916);
#918=SURFACE_SIDE_STYLE('',(#917));
#919=SURFACE_STYLE_USAGE(.BOTH.,#918);
#920=PRESENTATION_STYLE_ASSIGNMENT((#919));
#921=STYLED_ITEM('',(#920),#913);
#922=ADVANCED_FACE('',(#3855),#3857,.T.);
#923=COLOUR_RGB($,1.,0.843137254901961,0.);
#924=FILL_AREA_STYLE_COLOUR($,#923);
#925=FILL_AREA_STYLE($,(#924));
#926=SURFACE_STYLE_FILL_AREA(#925);
#927=SURFACE_SIDE_STYLE('',(#926));
#928=SURFACE_STYLE_USAGE(.BOTH.,#927);
#929=PRESENTATION_STYLE_ASSIGNMENT((#928));
#930=STYLED_ITEM('',(#929),#922);
#931=ADVANCED_FACE('',(#3862),#3864,.T.);
#932=COLOUR_RGB($,1.,0.843137254901961,0.);
#933=FILL_AREA_STYLE_COLOUR($,#932);
#934=FILL_AREA_STYLE($,(#933));
#935=SURFACE_STYLE_FILL_AREA(#934);
#936=SURFACE_SIDE_STYLE('',(#935));
#937=SURFACE_STYLE_USAGE(.BOTH.,#936);
#938=PRESENTATION_STYLE_ASSIGNMENT((#937));
#939=STYLED_ITEM('',(#938),#931);
#940=ADVANCED_FACE('',(#3869),#3871,.T.);
#941=COLOUR_RGB($,1.,0.843137254901961,0.);
#942=FILL_AREA_STYLE_COLOUR($,#941);
#943=FILL_AREA_STYLE($,(#942));
#944=SURFACE_STYLE_FILL_AREA(#943);
#945=SURFACE_SIDE_STYLE('',(#944));
#946=SURFACE_STYLE_USAGE(.BOTH.,#945);
#947=PRESENTATION_STYLE_ASSIGNMENT((#946));
#948=STYLED_ITEM('',(#947),#940);
#949=ADVANCED_FACE('',(#3876),#3878,.T.);
#950=COLOUR_RGB($,1.,0.843137254901961,0.);
#951=FILL_AREA_STYLE_COLOUR($,#950);
#952=FILL_AREA_STYLE($,(#951));
#953=SURFACE_STYLE_FILL_AREA(#952);
#954=SURFACE_SIDE_STYLE('',(#953));
#955=SURFACE_STYLE_USAGE(.BOTH.,#954);
#956=PRESENTATION_STYLE_ASSIGNMENT((#955));
#957=STYLED_ITEM('',(#956),#949);
#958=ADVANCED_FACE('',(#3883),#3885,.T.);
#959=COLOUR_RGB($,1.,0.843137254901961,0.);
#960=FILL_AREA_STYLE_COLOUR($,#959);
#961=FILL_AREA_STYLE($,(#960));
#962=SURFACE_STYLE_FILL_AREA(#961);
#963=SURFACE_SIDE_STYLE('',(#962));
#964=SURFACE_STYLE_USAGE(.BOTH.,#963);
#965=PRESENTATION_STYLE_ASSIGNMENT((#964));
#966=STYLED_ITEM('',(#965),#958);
#967=ADVANCED_FACE('',(#3890),#3892,.T.);
#968=COLOUR_RGB($,1.,0.843137254901961,0.);
#969=FILL_AREA_STYLE_COLOUR($,#968);
#970=FILL_AREA_STYLE($,(#969));
#971=SURFACE_STYLE_FILL_AREA(#970);
#972=SURFACE_SIDE_STYLE('',(#971));
#973=SURFACE_STYLE_USAGE(.BOTH.,#972);
#974=PRESENTATION_STYLE_ASSIGNMENT((#973));
#975=STYLED_ITEM('',(#974),#967);
#976=ADVANCED_FACE('',(#3897),#3899,.T.);
#977=COLOUR_RGB($,1.,0.843137254901961,0.);
#978=FILL_AREA_STYLE_COLOUR($,#977);
#979=FILL_AREA_STYLE($,(#978));
#980=SURFACE_STYLE_FILL_AREA(#979);
#981=SURFACE_SIDE_STYLE('',(#980));
#982=SURFACE_STYLE_USAGE(.BOTH.,#981);
#983=PRESENTATION_STYLE_ASSIGNMENT((#982));
#984=STYLED_ITEM('',(#983),#976);
#985=ADVANCED_FACE('',(#3904),#3906,.T.);
#986=COLOUR_RGB($,1.,0.843137254901961,0.);
#987=FILL_AREA_STYLE_COLOUR($,#986);
#988=FILL_AREA_STYLE($,(#987));
#989=SURFACE_STYLE_FILL_AREA(#988);
#990=SURFACE_SIDE_STYLE('',(#989));
#991=SURFACE_STYLE_USAGE(.BOTH.,#990);
#992=PRESENTATION_STYLE_ASSIGNMENT((#991));
#993=STYLED_ITEM('',(#992),#985);
#994=ADVANCED_FACE('',(#3911),#3913,.T.);
#995=COLOUR_RGB($,1.,0.843137254901961,0.);
#996=FILL_AREA_STYLE_COLOUR($,#995);
#997=FILL_AREA_STYLE($,(#996));
#998=SURFACE_STYLE_FILL_AREA(#997);
#999=SURFACE_SIDE_STYLE('',(#998));
#1000=SURFACE_STYLE_USAGE(.BOTH.,#999);
#1001=PRESENTATION_STYLE_ASSIGNMENT((#1000));
#1002=STYLED_ITEM('',(#1001),#994);
#1003=ADVANCED_FACE('',(#3918),#3920,.T.);
#1004=COLOUR_RGB($,1.,0.843137254901961,0.);
#1005=FILL_AREA_STYLE_COLOUR($,#1004);
#1006=FILL_AREA_STYLE($,(#1005));
#1007=SURFACE_STYLE_FILL_AREA(#1006);
#1008=SURFACE_SIDE_STYLE('',(#1007));
#1009=SURFACE_STYLE_USAGE(.BOTH.,#1008);
#1010=PRESENTATION_STYLE_ASSIGNMENT((#1009));
#1011=STYLED_ITEM('',(#1010),#1003);
#1012=ADVANCED_FACE('',(#3925),#3927,.T.);
#1013=COLOUR_RGB($,1.,0.843137254901961,0.);
#1014=FILL_AREA_STYLE_COLOUR($,#1013);
#1015=FILL_AREA_STYLE($,(#1014));
#1016=SURFACE_STYLE_FILL_AREA(#1015);
#1017=SURFACE_SIDE_STYLE('',(#1016));
#1018=SURFACE_STYLE_USAGE(.BOTH.,#1017);
#1019=PRESENTATION_STYLE_ASSIGNMENT((#1018));
#1020=STYLED_ITEM('',(#1019),#1012);
#1021=ADVANCED_FACE('',(#3932),#3934,.T.);
#1022=COLOUR_RGB($,1.,0.843137254901961,0.);
#1023=FILL_AREA_STYLE_COLOUR($,#1022);
#1024=FILL_AREA_STYLE($,(#1023));
#1025=SURFACE_STYLE_FILL_AREA(#1024);
#1026=SURFACE_SIDE_STYLE('',(#1025));
#1027=SURFACE_STYLE_USAGE(.BOTH.,#1026);
#1028=PRESENTATION_STYLE_ASSIGNMENT((#1027));
#1029=STYLED_ITEM('',(#1028),#1021);
#1030=ADVANCED_FACE('',(#3939),#3941,.T.);
#1031=COLOUR_RGB($,1.,0.843137254901961,0.);
#1032=FILL_AREA_STYLE_COLOUR($,#1031);
#1033=FILL_AREA_STYLE($,(#1032));
#1034=SURFACE_STYLE_FILL_AREA(#1033);
#1035=SURFACE_SIDE_STYLE('',(#1034));
#1036=SURFACE_STYLE_USAGE(.BOTH.,#1035);
#1037=PRESENTATION_STYLE_ASSIGNMENT((#1036));
#1038=STYLED_ITEM('',(#1037),#1030);
#1039=ADVANCED_FACE('',(#3946),#3948,.T.);
#1040=COLOUR_RGB($,1.,0.843137254901961,0.);
#1041=FILL_AREA_STYLE_COLOUR($,#1040);
#1042=FILL_AREA_STYLE($,(#1041));
#1043=SURFACE_STYLE_FILL_AREA(#1042);
#1044=SURFACE_SIDE_STYLE('',(#1043));
#1045=SURFACE_STYLE_USAGE(.BOTH.,#1044);
#1046=PRESENTATION_STYLE_ASSIGNMENT((#1045));
#1047=STYLED_ITEM('',(#1046),#1039);
#1048=ADVANCED_FACE('',(#3953),#3955,.T.);
#1049=COLOUR_RGB($,1.,0.843137254901961,0.);
#1050=FILL_AREA_STYLE_COLOUR($,#1049);
#1051=FILL_AREA_STYLE($,(#1050));
#1052=SURFACE_STYLE_FILL_AREA(#1051);
#1053=SURFACE_SIDE_STYLE('',(#1052));
#1054=SURFACE_STYLE_USAGE(.BOTH.,#1053);
#1055=PRESENTATION_STYLE_ASSIGNMENT((#1054));
#1056=STYLED_ITEM('',(#1055),#1048);
#1057=ADVANCED_FACE('',(#3960),#3962,.T.);
#1058=COLOUR_RGB($,1.,0.843137254901961,0.);
#1059=FILL_AREA_STYLE_COLOUR($,#1058);
#1060=FILL_AREA_STYLE($,(#1059));
#1061=SURFACE_STYLE_FILL_AREA(#1060);
#1062=SURFACE_SIDE_STYLE('',(#1061));
#1063=SURFACE_STYLE_USAGE(.BOTH.,#1062);
#1064=PRESENTATION_STYLE_ASSIGNMENT((#1063));
#1065=STYLED_ITEM('',(#1064),#1057);
#1066=ADVANCED_FACE('',(#3967),#3969,.T.);
#1067=COLOUR_RGB($,1.,0.843137254901961,0.);
#1068=FILL_AREA_STYLE_COLOUR($,#1067);
#1069=FILL_AREA_STYLE($,(#1068));
#1070=SURFACE_STYLE_FILL_AREA(#1069);
#1071=SURFACE_SIDE_STYLE('',(#1070));
#1072=SURFACE_STYLE_USAGE(.BOTH.,#1071);
#1073=PRESENTATION_STYLE_ASSIGNMENT((#1072));
#1074=STYLED_ITEM('',(#1073),#1066);
#1075=ADVANCED_FACE('',(#3974),#3976,.T.);
#1076=COLOUR_RGB($,1.,0.843137254901961,0.);
#1077=FILL_AREA_STYLE_COLOUR($,#1076);
#1078=FILL_AREA_STYLE($,(#1077));
#1079=SURFACE_STYLE_FILL_AREA(#1078);
#1080=SURFACE_SIDE_STYLE('',(#1079));
#1081=SURFACE_STYLE_USAGE(.BOTH.,#1080);
#1082=PRESENTATION_STYLE_ASSIGNMENT((#1081));
#1083=STYLED_ITEM('',(#1082),#1075);
#1084=ADVANCED_FACE('',(#3981),#3983,.T.);
#1085=COLOUR_RGB($,1.,0.843137254901961,0.);
#1086=FILL_AREA_STYLE_COLOUR($,#1085);
#1087=FILL_AREA_STYLE($,(#1086));
#1088=SURFACE_STYLE_FILL_AREA(#1087);
#1089=SURFACE_SIDE_STYLE('',(#1088));
#1090=SURFACE_STYLE_USAGE(.BOTH.,#1089);
#1091=PRESENTATION_STYLE_ASSIGNMENT((#1090));
#1092=STYLED_ITEM('',(#1091),#1084);
#1093=ADVANCED_FACE('',(#3988),#3990,.T.);
#1094=COLOUR_RGB($,1.,0.843137254901961,0.);
#1095=FILL_AREA_STYLE_COLOUR($,#1094);
#1096=FILL_AREA_STYLE($,(#1095));
#1097=SURFACE_STYLE_FILL_AREA(#1096);
#1098=SURFACE_SIDE_STYLE('',(#1097));
#1099=SURFACE_STYLE_USAGE(.BOTH.,#1098);
#1100=PRESENTATION_STYLE_ASSIGNMENT((#1099));
#1101=STYLED_ITEM('',(#1100),#1093);
#1102=ADVANCED_FACE('',(#3995),#3997,.T.);
#1103=COLOUR_RGB($,1.,0.843137254901961,0.);
#1104=FILL_AREA_STYLE_COLOUR($,#1103);
#1105=FILL_AREA_STYLE($,(#1104));
#1106=SURFACE_STYLE_FILL_AREA(#1105);
#1107=SURFACE_SIDE_STYLE('',(#1106));
#1108=SURFACE_STYLE_USAGE(.BOTH.,#1107);
#1109=PRESENTATION_STYLE_ASSIGNMENT((#1108));
#1110=STYLED_ITEM('',(#1109),#1102);
#1111=ADVANCED_FACE('',(#4002),#4004,.T.);
#1112=COLOUR_RGB($,1.,0.843137254901961,0.);
#1113=FILL_AREA_STYLE_COLOUR($,#1112);
#1114=FILL_AREA_STYLE($,(#1113));
#1115=SURFACE_STYLE_FILL_AREA(#1114);
#1116=SURFACE_SIDE_STYLE('',(#1115));
#1117=SURFACE_STYLE_USAGE(.BOTH.,#1116);
#1118=PRESENTATION_STYLE_ASSIGNMENT((#1117));
#1119=STYLED_ITEM('',(#1118),#1111);
#1120=ADVANCED_FACE('',(#4009),#4011,.T.);
#1121=COLOUR_RGB($,1.,0.843137254901961,0.);
#1122=FILL_AREA_STYLE_COLOUR($,#1121);
#1123=FILL_AREA_STYLE($,(#1122));
#1124=SURFACE_STYLE_FILL_AREA(#1123);
#1125=SURFACE_SIDE_STYLE('',(#1124));
#1126=SURFACE_STYLE_USAGE(.BOTH.,#1125);
#1127=PRESENTATION_STYLE_ASSIGNMENT((#1126));
#1128=STYLED_ITEM('',(#1127),#1120);
#1129=ADVANCED_FACE('',(#4016),#4018,.T.);
#1130=COLOUR_RGB($,1.,0.843137254901961,0.);
#1131=FILL_AREA_STYLE_COLOUR($,#1130);
#1132=FILL_AREA_STYLE($,(#1131));
#1133=SURFACE_STYLE_FILL_AREA(#1132);
#1134=SURFACE_SIDE_STYLE('',(#1133));
#1135=SURFACE_STYLE_USAGE(.BOTH.,#1134);
#1136=PRESENTATION_STYLE_ASSIGNMENT((#1135));
#1137=STYLED_ITEM('',(#1136),#1129);
#1138=ADVANCED_FACE('',(#4023),#4025,.T.);
#1139=COLOUR_RGB($,1.,0.843137254901961,0.);
#1140=FILL_AREA_STYLE_COLOUR($,#1139);
#1141=FILL_AREA_STYLE($,(#1140));
#1142=SURFACE_STYLE_FILL_AREA(#1141);
#1143=SURFACE_SIDE_STYLE('',(#1142));
#1144=SURFACE_STYLE_USAGE(.BOTH.,#1143);
#1145=PRESENTATION_STYLE_ASSIGNMENT((#1144));
#1146=STYLED_ITEM('',(#1145),#1138);
#1147=ADVANCED_FACE('',(#4030),#4032,.T.);
#1148=COLOUR_RGB($,1.,0.843137254901961,0.);
#1149=FILL_AREA_STYLE_COLOUR($,#1148);
#1150=FILL_AREA_STYLE($,(#1149));
#1151=SURFACE_STYLE_FILL_AREA(#1150);
#1152=SURFACE_SIDE_STYLE('',(#1151));
#1153=SURFACE_STYLE_USAGE(.BOTH.,#1152);
#1154=PRESENTATION_STYLE_ASSIGNMENT((#1153));
#1155=STYLED_ITEM('',(#1154),#1147);
#1156=ADVANCED_FACE('',(#4037),#4039,.T.);
#1157=COLOUR_RGB($,1.,0.843137254901961,0.);
#1158=FILL_AREA_STYLE_COLOUR($,#1157);
#1159=FILL_AREA_STYLE($,(#1158));
#1160=SURFACE_STYLE_FILL_AREA(#1159);
#1161=SURFACE_SIDE_STYLE('',(#1160));
#1162=SURFACE_STYLE_USAGE(.BOTH.,#1161);
#1163=PRESENTATION_STYLE_ASSIGNMENT((#1162));
#1164=STYLED_ITEM('',(#1163),#1156);
#1165=ADVANCED_FACE('',(#4044),#4046,.T.);
#1166=COLOUR_RGB($,1.,0.843137254901961,0.);
#1167=FILL_AREA_STYLE_COLOUR($,#1166);
#1168=FILL_AREA_STYLE($,(#1167));
#1169=SURFACE_STYLE_FILL_AREA(#1168);
#1170=SURFACE_SIDE_STYLE('',(#1169));
#1171=SURFACE_STYLE_USAGE(.BOTH.,#1170);
#1172=PRESENTATION_STYLE_ASSIGNMENT((#1171));
#1173=STYLED_ITEM('',(#1172),#1165);
#1174=ADVANCED_FACE('',(#4051),#4053,.T.);
#1175=COLOUR_RGB($,1.,0.843137254901961,0.);
#1176=FILL_AREA_STYLE_COLOUR($,#1175);
#1177=FILL_AREA_STYLE($,(#1176));
#1178=SURFACE_STYLE_FILL_AREA(#1177);
#1179=SURFACE_SIDE_STYLE('',(#1178));
#1180=SURFACE_STYLE_USAGE(.BOTH.,#1179);
#1181=PRESENTATION_STYLE_ASSIGNMENT((#1180));
#1182=STYLED_ITEM('',(#1181),#1174);
#1183=ADVANCED_FACE('',(#4058),#4060,.T.);
#1184=COLOUR_RGB($,1.,0.843137254901961,0.);
#1185=FILL_AREA_STYLE_COLOUR($,#1184);
#1186=FILL_AREA_STYLE($,(#1185));
#1187=SURFACE_STYLE_FILL_AREA(#1186);
#1188=SURFACE_SIDE_STYLE('',(#1187));
#1189=SURFACE_STYLE_USAGE(.BOTH.,#1188);
#1190=PRESENTATION_STYLE_ASSIGNMENT((#1189));
#1191=STYLED_ITEM('',(#1190),#1183);
#1192=ADVANCED_FACE('',(#4065),#4067,.T.);
#1193=COLOUR_RGB($,1.,0.843137254901961,0.);
#1194=FILL_AREA_STYLE_COLOUR($,#1193);
#1195=FILL_AREA_STYLE($,(#1194));
#1196=SURFACE_STYLE_FILL_AREA(#1195);
#1197=SURFACE_SIDE_STYLE('',(#1196));
#1198=SURFACE_STYLE_USAGE(.BOTH.,#1197);
#1199=PRESENTATION_STYLE_ASSIGNMENT((#1198));
#1200=STYLED_ITEM('',(#1199),#1192);
#1201=ADVANCED_FACE('',(#4072),#4074,.T.);
#1202=COLOUR_RGB($,1.,0.843137254901961,0.);
#1203=FILL_AREA_STYLE_COLOUR($,#1202);
#1204=FILL_AREA_STYLE($,(#1203));
#1205=SURFACE_STYLE_FILL_AREA(#1204);
#1206=SURFACE_SIDE_STYLE('',(#1205));
#1207=SURFACE_STYLE_USAGE(.BOTH.,#1206);
#1208=PRESENTATION_STYLE_ASSIGNMENT((#1207));
#1209=STYLED_ITEM('',(#1208),#1201);
#1210=ADVANCED_FACE('',(#4079),#4081,.T.);
#1211=COLOUR_RGB($,1.,0.843137254901961,0.);
#1212=FILL_AREA_STYLE_COLOUR($,#1211);
#1213=FILL_AREA_STYLE($,(#1212));
#1214=SURFACE_STYLE_FILL_AREA(#1213);
#1215=SURFACE_SIDE_STYLE('',(#1214));
#1216=SURFACE_STYLE_USAGE(.BOTH.,#1215);
#1217=PRESENTATION_STYLE_ASSIGNMENT((#1216));
#1218=STYLED_ITEM('',(#1217),#1210);
#1219=ADVANCED_FACE('',(#4086),#4088,.T.);
#1220=COLOUR_RGB($,1.,0.843137254901961,0.);
#1221=FILL_AREA_STYLE_COLOUR($,#1220);
#1222=FILL_AREA_STYLE($,(#1221));
#1223=SURFACE_STYLE_FILL_AREA(#1222);
#1224=SURFACE_SIDE_STYLE('',(#1223));
#1225=SURFACE_STYLE_USAGE(.BOTH.,#1224);
#1226=PRESENTATION_STYLE_ASSIGNMENT((#1225));
#1227=STYLED_ITEM('',(#1226),#1219);
#1228=ADVANCED_FACE('',(#4093),#4095,.T.);
#1229=COLOUR_RGB($,1.,0.843137254901961,0.);
#1230=FILL_AREA_STYLE_COLOUR($,#1229);
#1231=FILL_AREA_STYLE($,(#1230));
#1232=SURFACE_STYLE_FILL_AREA(#1231);
#1233=SURFACE_SIDE_STYLE('',(#1232));
#1234=SURFACE_STYLE_USAGE(.BOTH.,#1233);
#1235=PRESENTATION_STYLE_ASSIGNMENT((#1234));
#1236=STYLED_ITEM('',(#1235),#1228);
#1237=ADVANCED_FACE('',(#4100),#4102,.T.);
#1238=COLOUR_RGB($,1.,0.843137254901961,0.);
#1239=FILL_AREA_STYLE_COLOUR($,#1238);
#1240=FILL_AREA_STYLE($,(#1239));
#1241=SURFACE_STYLE_FILL_AREA(#1240);
#1242=SURFACE_SIDE_STYLE('',(#1241));
#1243=SURFACE_STYLE_USAGE(.BOTH.,#1242);
#1244=PRESENTATION_STYLE_ASSIGNMENT((#1243));
#1245=STYLED_ITEM('',(#1244),#1237);
#1246=ADVANCED_FACE('',(#4107),#4109,.T.);
#1247=COLOUR_RGB($,1.,0.843137254901961,0.);
#1248=FILL_AREA_STYLE_COLOUR($,#1247);
#1249=FILL_AREA_STYLE($,(#1248));
#1250=SURFACE_STYLE_FILL_AREA(#1249);
#1251=SURFACE_SIDE_STYLE('',(#1250));
#1252=SURFACE_STYLE_USAGE(.BOTH.,#1251);
#1253=PRESENTATION_STYLE_ASSIGNMENT((#1252));
#1254=STYLED_ITEM('',(#1253),#1246);
#1255=ADVANCED_FACE('',(#4114),#4116,.T.);
#1256=COLOUR_RGB($,1.,0.843137254901961,0.);
#1257=FILL_AREA_STYLE_COLOUR($,#1256);
#1258=FILL_AREA_STYLE($,(#1257));
#1259=SURFACE_STYLE_FILL_AREA(#1258);
#1260=SURFACE_SIDE_STYLE('',(#1259));
#1261=SURFACE_STYLE_USAGE(.BOTH.,#1260);
#1262=PRESENTATION_STYLE_ASSIGNMENT((#1261));
#1263=STYLED_ITEM('',(#1262),#1255);
#1264=ADVANCED_FACE('',(#4121),#4123,.T.);
#1265=COLOUR_RGB($,1.,0.843137254901961,0.);
#1266=FILL_AREA_STYLE_COLOUR($,#1265);
#1267=FILL_AREA_STYLE($,(#1266));
#1268=SURFACE_STYLE_FILL_AREA(#1267);
#1269=SURFACE_SIDE_STYLE('',(#1268));
#1270=SURFACE_STYLE_USAGE(.BOTH.,#1269);
#1271=PRESENTATION_STYLE_ASSIGNMENT((#1270));
#1272=STYLED_ITEM('',(#1271),#1264);
#1273=ADVANCED_FACE('',(#4128),#4130,.T.);
#1274=COLOUR_RGB($,1.,0.843137254901961,0.);
#1275=FILL_AREA_STYLE_COLOUR($,#1274);
#1276=FILL_AREA_STYLE($,(#1275));
#1277=SURFACE_STYLE_FILL_AREA(#1276);
#1278=SURFACE_SIDE_STYLE('',(#1277));
#1279=SURFACE_STYLE_USAGE(.BOTH.,#1278);
#1280=PRESENTATION_STYLE_ASSIGNMENT((#1279));
#1281=STYLED_ITEM('',(#1280),#1273);
#1282=ADVANCED_FACE('',(#4135),#4137,.T.);
#1283=COLOUR_RGB($,1.,0.843137254901961,0.);
#1284=FILL_AREA_STYLE_COLOUR($,#1283);
#1285=FILL_AREA_STYLE($,(#1284));
#1286=SURFACE_STYLE_FILL_AREA(#1285);
#1287=SURFACE_SIDE_STYLE('',(#1286));
#1288=SURFACE_STYLE_USAGE(.BOTH.,#1287);
#1289=PRESENTATION_STYLE_ASSIGNMENT((#1288));
#1290=STYLED_ITEM('',(#1289),#1282);
#1291=ADVANCED_FACE('',(#4142),#4144,.T.);
#1292=COLOUR_RGB($,1.,0.843137254901961,0.);
#1293=FILL_AREA_STYLE_COLOUR($,#1292);
#1294=FILL_AREA_STYLE($,(#1293));
#1295=SURFACE_STYLE_FILL_AREA(#1294);
#1296=SURFACE_SIDE_STYLE('',(#1295));
#1297=SURFACE_STYLE_USAGE(.BOTH.,#1296);
#1298=PRESENTATION_STYLE_ASSIGNMENT((#1297));
#1299=STYLED_ITEM('',(#1298),#1291);
#1300=ADVANCED_FACE('',(#4149),#4151,.T.);
#1301=COLOUR_RGB($,1.,0.843137254901961,0.);
#1302=FILL_AREA_STYLE_COLOUR($,#1301);
#1303=FILL_AREA_STYLE($,(#1302));
#1304=SURFACE_STYLE_FILL_AREA(#1303);
#1305=SURFACE_SIDE_STYLE('',(#1304));
#1306=SURFACE_STYLE_USAGE(.BOTH.,#1305);
#1307=PRESENTATION_STYLE_ASSIGNMENT((#1306));
#1308=STYLED_ITEM('',(#1307),#1300);
#1309=ADVANCED_FACE('',(#4156),#4158,.T.);
#1310=COLOUR_RGB($,1.,0.843137254901961,0.);
#1311=FILL_AREA_STYLE_COLOUR($,#1310);
#1312=FILL_AREA_STYLE($,(#1311));
#1313=SURFACE_STYLE_FILL_AREA(#1312);
#1314=SURFACE_SIDE_STYLE('',(#1313));
#1315=SURFACE_STYLE_USAGE(.BOTH.,#1314);
#1316=PRESENTATION_STYLE_ASSIGNMENT((#1315));
#1317=STYLED_ITEM('',(#1316),#1309);
#1318=ADVANCED_FACE('',(#4163),#4165,.T.);
#1319=COLOUR_RGB($,1.,0.843137254901961,0.);
#1320=FILL_AREA_STYLE_COLOUR($,#1319);
#1321=FILL_AREA_STYLE($,(#1320));
#1322=SURFACE_STYLE_FILL_AREA(#1321);
#1323=SURFACE_SIDE_STYLE('',(#1322));
#1324=SURFACE_STYLE_USAGE(.BOTH.,#1323);
#1325=PRESENTATION_STYLE_ASSIGNMENT((#1324));
#1326=STYLED_ITEM('',(#1325),#1318);
#1327=ADVANCED_FACE('',(#4170),#4172,.T.);
#1328=COLOUR_RGB($,1.,0.843137254901961,0.);
#1329=FILL_AREA_STYLE_COLOUR($,#1328);
#1330=FILL_AREA_STYLE($,(#1329));
#1331=SURFACE_STYLE_FILL_AREA(#1330);
#1332=SURFACE_SIDE_STYLE('',(#1331));
#1333=SURFACE_STYLE_USAGE(.BOTH.,#1332);
#1334=PRESENTATION_STYLE_ASSIGNMENT((#1333));
#1335=STYLED_ITEM('',(#1334),#1327);
#1336=ADVANCED_FACE('',(#4177),#4179,.T.);
#1337=COLOUR_RGB($,1.,1.,1.);
#1338=FILL_AREA_STYLE_COLOUR($,#1337);
#1339=FILL_AREA_STYLE($,(#1338));
#1340=SURFACE_STYLE_FILL_AREA(#1339);
#1341=SURFACE_SIDE_STYLE('',(#1340));
#1342=SURFACE_STYLE_USAGE(.BOTH.,#1341);
#1343=PRESENTATION_STYLE_ASSIGNMENT((#1342));
#1344=STYLED_ITEM('',(#1343),#1336);
#1345=ADVANCED_FACE('',(#4184),#4186,.F.);
#1346=COLOUR_RGB($,1.,1.,1.);
#1347=FILL_AREA_STYLE_COLOUR($,#1346);
#1348=FILL_AREA_STYLE($,(#1347));
#1349=SURFACE_STYLE_FILL_AREA(#1348);
#1350=SURFACE_SIDE_STYLE('',(#1349));
#1351=SURFACE_STYLE_USAGE(.BOTH.,#1350);
#1352=PRESENTATION_STYLE_ASSIGNMENT((#1351));
#1353=STYLED_ITEM('',(#1352),#1345);
#1354=ADVANCED_FACE('',(#4191),#4193,.T.);
#1355=COLOUR_RGB($,1.,0.843137254901961,0.);
#1356=FILL_AREA_STYLE_COLOUR($,#1355);
#1357=FILL_AREA_STYLE($,(#1356));
#1358=SURFACE_STYLE_FILL_AREA(#1357);
#1359=SURFACE_SIDE_STYLE('',(#1358));
#1360=SURFACE_STYLE_USAGE(.BOTH.,#1359);
#1361=PRESENTATION_STYLE_ASSIGNMENT((#1360));
#1362=STYLED_ITEM('',(#1361),#1354);
#1363=ADVANCED_FACE('',(#4198),#4200,.T.);
#1364=COLOUR_RGB($,1.,0.843137254901961,0.);
#1365=FILL_AREA_STYLE_COLOUR($,#1364);
#1366=FILL_AREA_STYLE($,(#1365));
#1367=SURFACE_STYLE_FILL_AREA(#1366);
#1368=SURFACE_SIDE_STYLE('',(#1367));
#1369=SURFACE_STYLE_USAGE(.BOTH.,#1368);
#1370=PRESENTATION_STYLE_ASSIGNMENT((#1369));
#1371=STYLED_ITEM('',(#1370),#1363);
#1372=ADVANCED_FACE('',(#4205),#4207,.T.);
#1373=COLOUR_RGB($,1.,0.843137254901961,0.);
#1374=FILL_AREA_STYLE_COLOUR($,#1373);
#1375=FILL_AREA_STYLE($,(#1374));
#1376=SURFACE_STYLE_FILL_AREA(#1375);
#1377=SURFACE_SIDE_STYLE('',(#1376));
#1378=SURFACE_STYLE_USAGE(.BOTH.,#1377);
#1379=PRESENTATION_STYLE_ASSIGNMENT((#1378));
#1380=STYLED_ITEM('',(#1379),#1372);
#1381=ADVANCED_FACE('',(#4212),#4214,.T.);
#1382=COLOUR_RGB($,1.,0.843137254901961,0.);
#1383=FILL_AREA_STYLE_COLOUR($,#1382);
#1384=FILL_AREA_STYLE($,(#1383));
#1385=SURFACE_STYLE_FILL_AREA(#1384);
#1386=SURFACE_SIDE_STYLE('',(#1385));
#1387=SURFACE_STYLE_USAGE(.BOTH.,#1386);
#1388=PRESENTATION_STYLE_ASSIGNMENT((#1387));
#1389=STYLED_ITEM('',(#1388),#1381);
#1390=ADVANCED_FACE('',(#4219),#4221,.T.);
#1391=COLOUR_RGB($,1.,0.843137254901961,0.);
#1392=FILL_AREA_STYLE_COLOUR($,#1391);
#1393=FILL_AREA_STYLE($,(#1392));
#1394=SURFACE_STYLE_FILL_AREA(#1393);
#1395=SURFACE_SIDE_STYLE('',(#1394));
#1396=SURFACE_STYLE_USAGE(.BOTH.,#1395);
#1397=PRESENTATION_STYLE_ASSIGNMENT((#1396));
#1398=STYLED_ITEM('',(#1397),#1390);
#1399=ADVANCED_FACE('',(#4226),#4228,.T.);
#1400=COLOUR_RGB($,1.,0.843137254901961,0.);
#1401=FILL_AREA_STYLE_COLOUR($,#1400);
#1402=FILL_AREA_STYLE($,(#1401));
#1403=SURFACE_STYLE_FILL_AREA(#1402);
#1404=SURFACE_SIDE_STYLE('',(#1403));
#1405=SURFACE_STYLE_USAGE(.BOTH.,#1404);
#1406=PRESENTATION_STYLE_ASSIGNMENT((#1405));
#1407=STYLED_ITEM('',(#1406),#1399);
#1408=ADVANCED_FACE('',(#4233),#4235,.T.);
#1409=COLOUR_RGB($,1.,0.843137254901961,0.);
#1410=FILL_AREA_STYLE_COLOUR($,#1409);
#1411=FILL_AREA_STYLE($,(#1410));
#1412=SURFACE_STYLE_FILL_AREA(#1411);
#1413=SURFACE_SIDE_STYLE('',(#1412));
#1414=SURFACE_STYLE_USAGE(.BOTH.,#1413);
#1415=PRESENTATION_STYLE_ASSIGNMENT((#1414));
#1416=STYLED_ITEM('',(#1415),#1408);
#1417=ADVANCED_FACE('',(#4240),#4242,.T.);
#1418=COLOUR_RGB($,1.,0.843137254901961,0.);
#1419=FILL_AREA_STYLE_COLOUR($,#1418);
#1420=FILL_AREA_STYLE($,(#1419));
#1421=SURFACE_STYLE_FILL_AREA(#1420);
#1422=SURFACE_SIDE_STYLE('',(#1421));
#1423=SURFACE_STYLE_USAGE(.BOTH.,#1422);
#1424=PRESENTATION_STYLE_ASSIGNMENT((#1423));
#1425=STYLED_ITEM('',(#1424),#1417);
#1426=ADVANCED_FACE('',(#4247),#4249,.T.);
#1427=COLOUR_RGB($,1.,0.843137254901961,0.);
#1428=FILL_AREA_STYLE_COLOUR($,#1427);
#1429=FILL_AREA_STYLE($,(#1428));
#1430=SURFACE_STYLE_FILL_AREA(#1429);
#1431=SURFACE_SIDE_STYLE('',(#1430));
#1432=SURFACE_STYLE_USAGE(.BOTH.,#1431);
#1433=PRESENTATION_STYLE_ASSIGNMENT((#1432));
#1434=STYLED_ITEM('',(#1433),#1426);
#1435=ADVANCED_FACE('',(#4254),#4256,.T.);
#1436=COLOUR_RGB($,1.,0.843137254901961,0.);
#1437=FILL_AREA_STYLE_COLOUR($,#1436);
#1438=FILL_AREA_STYLE($,(#1437));
#1439=SURFACE_STYLE_FILL_AREA(#1438);
#1440=SURFACE_SIDE_STYLE('',(#1439));
#1441=SURFACE_STYLE_USAGE(.BOTH.,#1440);
#1442=PRESENTATION_STYLE_ASSIGNMENT((#1441));
#1443=STYLED_ITEM('',(#1442),#1435);
#1444=ADVANCED_FACE('',(#4261),#4263,.T.);
#1445=COLOUR_RGB($,1.,0.843137254901961,0.);
#1446=FILL_AREA_STYLE_COLOUR($,#1445);
#1447=FILL_AREA_STYLE($,(#1446));
#1448=SURFACE_STYLE_FILL_AREA(#1447);
#1449=SURFACE_SIDE_STYLE('',(#1448));
#1450=SURFACE_STYLE_USAGE(.BOTH.,#1449);
#1451=PRESENTATION_STYLE_ASSIGNMENT((#1450));
#1452=STYLED_ITEM('',(#1451),#1444);
#1453=ADVANCED_FACE('',(#4268),#4270,.T.);
#1454=COLOUR_RGB($,1.,0.843137254901961,0.);
#1455=FILL_AREA_STYLE_COLOUR($,#1454);
#1456=FILL_AREA_STYLE($,(#1455));
#1457=SURFACE_STYLE_FILL_AREA(#1456);
#1458=SURFACE_SIDE_STYLE('',(#1457));
#1459=SURFACE_STYLE_USAGE(.BOTH.,#1458);
#1460=PRESENTATION_STYLE_ASSIGNMENT((#1459));
#1461=STYLED_ITEM('',(#1460),#1453);
#1462=ADVANCED_FACE('',(#4275),#4277,.T.);
#1463=COLOUR_RGB($,1.,0.843137254901961,0.);
#1464=FILL_AREA_STYLE_COLOUR($,#1463);
#1465=FILL_AREA_STYLE($,(#1464));
#1466=SURFACE_STYLE_FILL_AREA(#1465);
#1467=SURFACE_SIDE_STYLE('',(#1466));
#1468=SURFACE_STYLE_USAGE(.BOTH.,#1467);
#1469=PRESENTATION_STYLE_ASSIGNMENT((#1468));
#1470=STYLED_ITEM('',(#1469),#1462);
#1471=ADVANCED_FACE('',(#4282),#4284,.T.);
#1472=COLOUR_RGB($,1.,0.843137254901961,0.);
#1473=FILL_AREA_STYLE_COLOUR($,#1472);
#1474=FILL_AREA_STYLE($,(#1473));
#1475=SURFACE_STYLE_FILL_AREA(#1474);
#1476=SURFACE_SIDE_STYLE('',(#1475));
#1477=SURFACE_STYLE_USAGE(.BOTH.,#1476);
#1478=PRESENTATION_STYLE_ASSIGNMENT((#1477));
#1479=STYLED_ITEM('',(#1478),#1471);
#1480=ADVANCED_FACE('',(#4289),#4291,.T.);
#1481=COLOUR_RGB($,1.,0.843137254901961,0.);
#1482=FILL_AREA_STYLE_COLOUR($,#1481);
#1483=FILL_AREA_STYLE($,(#1482));
#1484=SURFACE_STYLE_FILL_AREA(#1483);
#1485=SURFACE_SIDE_STYLE('',(#1484));
#1486=SURFACE_STYLE_USAGE(.BOTH.,#1485);
#1487=PRESENTATION_STYLE_ASSIGNMENT((#1486));
#1488=STYLED_ITEM('',(#1487),#1480);
#1489=ADVANCED_FACE('',(#4296),#4298,.T.);
#1490=COLOUR_RGB($,1.,0.843137254901961,0.);
#1491=FILL_AREA_STYLE_COLOUR($,#1490);
#1492=FILL_AREA_STYLE($,(#1491));
#1493=SURFACE_STYLE_FILL_AREA(#1492);
#1494=SURFACE_SIDE_STYLE('',(#1493));
#1495=SURFACE_STYLE_USAGE(.BOTH.,#1494);
#1496=PRESENTATION_STYLE_ASSIGNMENT((#1495));
#1497=STYLED_ITEM('',(#1496),#1489);
#1498=ADVANCED_FACE('',(#4303),#4305,.T.);
#1499=COLOUR_RGB($,1.,0.843137254901961,0.);
#1500=FILL_AREA_STYLE_COLOUR($,#1499);
#1501=FILL_AREA_STYLE($,(#1500));
#1502=SURFACE_STYLE_FILL_AREA(#1501);
#1503=SURFACE_SIDE_STYLE('',(#1502));
#1504=SURFACE_STYLE_USAGE(.BOTH.,#1503);
#1505=PRESENTATION_STYLE_ASSIGNMENT((#1504));
#1506=STYLED_ITEM('',(#1505),#1498);
#1507=ADVANCED_FACE('',(#4310),#4312,.T.);
#1508=COLOUR_RGB($,1.,0.843137254901961,0.);
#1509=FILL_AREA_STYLE_COLOUR($,#1508);
#1510=FILL_AREA_STYLE($,(#1509));
#1511=SURFACE_STYLE_FILL_AREA(#1510);
#1512=SURFACE_SIDE_STYLE('',(#1511));
#1513=SURFACE_STYLE_USAGE(.BOTH.,#1512);
#1514=PRESENTATION_STYLE_ASSIGNMENT((#1513));
#1515=STYLED_ITEM('',(#1514),#1507);
#1516=ADVANCED_FACE('',(#4317),#4319,.T.);
#1517=COLOUR_RGB($,1.,0.843137254901961,0.);
#1518=FILL_AREA_STYLE_COLOUR($,#1517);
#1519=FILL_AREA_STYLE($,(#1518));
#1520=SURFACE_STYLE_FILL_AREA(#1519);
#1521=SURFACE_SIDE_STYLE('',(#1520));
#1522=SURFACE_STYLE_USAGE(.BOTH.,#1521);
#1523=PRESENTATION_STYLE_ASSIGNMENT((#1522));
#1524=STYLED_ITEM('',(#1523),#1516);
#1525=ADVANCED_FACE('',(#4324),#4326,.T.);
#1526=COLOUR_RGB($,1.,0.843137254901961,0.);
#1527=FILL_AREA_STYLE_COLOUR($,#1526);
#1528=FILL_AREA_STYLE($,(#1527));
#1529=SURFACE_STYLE_FILL_AREA(#1528);
#1530=SURFACE_SIDE_STYLE('',(#1529));
#1531=SURFACE_STYLE_USAGE(.BOTH.,#1530);
#1532=PRESENTATION_STYLE_ASSIGNMENT((#1531));
#1533=STYLED_ITEM('',(#1532),#1525);
#1534=ADVANCED_FACE('',(#4331),#4333,.T.);
#1535=COLOUR_RGB($,1.,0.843137254901961,0.);
#1536=FILL_AREA_STYLE_COLOUR($,#1535);
#1537=FILL_AREA_STYLE($,(#1536));
#1538=SURFACE_STYLE_FILL_AREA(#1537);
#1539=SURFACE_SIDE_STYLE('',(#1538));
#1540=SURFACE_STYLE_USAGE(.BOTH.,#1539);
#1541=PRESENTATION_STYLE_ASSIGNMENT((#1540));
#1542=STYLED_ITEM('',(#1541),#1534);
#1543=ADVANCED_FACE('',(#4338),#4340,.T.);
#1544=COLOUR_RGB($,1.,0.843137254901961,0.);
#1545=FILL_AREA_STYLE_COLOUR($,#1544);
#1546=FILL_AREA_STYLE($,(#1545));
#1547=SURFACE_STYLE_FILL_AREA(#1546);
#1548=SURFACE_SIDE_STYLE('',(#1547));
#1549=SURFACE_STYLE_USAGE(.BOTH.,#1548);
#1550=PRESENTATION_STYLE_ASSIGNMENT((#1549));
#1551=STYLED_ITEM('',(#1550),#1543);
#1552=ADVANCED_FACE('',(#4345),#4347,.T.);
#1553=COLOUR_RGB($,1.,0.843137254901961,0.);
#1554=FILL_AREA_STYLE_COLOUR($,#1553);
#1555=FILL_AREA_STYLE($,(#1554));
#1556=SURFACE_STYLE_FILL_AREA(#1555);
#1557=SURFACE_SIDE_STYLE('',(#1556));
#1558=SURFACE_STYLE_USAGE(.BOTH.,#1557);
#1559=PRESENTATION_STYLE_ASSIGNMENT((#1558));
#1560=STYLED_ITEM('',(#1559),#1552);
#1561=ADVANCED_FACE('',(#4352),#4354,.T.);
#1562=COLOUR_RGB($,1.,0.843137254901961,0.);
#1563=FILL_AREA_STYLE_COLOUR($,#1562);
#1564=FILL_AREA_STYLE($,(#1563));
#1565=SURFACE_STYLE_FILL_AREA(#1564);
#1566=SURFACE_SIDE_STYLE('',(#1565));
#1567=SURFACE_STYLE_USAGE(.BOTH.,#1566);
#1568=PRESENTATION_STYLE_ASSIGNMENT((#1567));
#1569=STYLED_ITEM('',(#1568),#1561);
#1570=ADVANCED_FACE('',(#4359),#4361,.T.);
#1571=COLOUR_RGB($,1.,0.843137254901961,0.);
#1572=FILL_AREA_STYLE_COLOUR($,#1571);
#1573=FILL_AREA_STYLE($,(#1572));
#1574=SURFACE_STYLE_FILL_AREA(#1573);
#1575=SURFACE_SIDE_STYLE('',(#1574));
#1576=SURFACE_STYLE_USAGE(.BOTH.,#1575);
#1577=PRESENTATION_STYLE_ASSIGNMENT((#1576));
#1578=STYLED_ITEM('',(#1577),#1570);
#1579=ADVANCED_FACE('',(#4366),#4368,.T.);
#1580=COLOUR_RGB($,1.,0.843137254901961,0.);
#1581=FILL_AREA_STYLE_COLOUR($,#1580);
#1582=FILL_AREA_STYLE($,(#1581));
#1583=SURFACE_STYLE_FILL_AREA(#1582);
#1584=SURFACE_SIDE_STYLE('',(#1583));
#1585=SURFACE_STYLE_USAGE(.BOTH.,#1584);
#1586=PRESENTATION_STYLE_ASSIGNMENT((#1585));
#1587=STYLED_ITEM('',(#1586),#1579);
#1588=ADVANCED_FACE('',(#4373),#4375,.T.);
#1589=COLOUR_RGB($,1.,0.843137254901961,0.);
#1590=FILL_AREA_STYLE_COLOUR($,#1589);
#1591=FILL_AREA_STYLE($,(#1590));
#1592=SURFACE_STYLE_FILL_AREA(#1591);
#1593=SURFACE_SIDE_STYLE('',(#1592));
#1594=SURFACE_STYLE_USAGE(.BOTH.,#1593);
#1595=PRESENTATION_STYLE_ASSIGNMENT((#1594));
#1596=STYLED_ITEM('',(#1595),#1588);
#1597=ADVANCED_FACE('',(#4380),#4382,.T.);
#1598=COLOUR_RGB($,1.,0.843137254901961,0.);
#1599=FILL_AREA_STYLE_COLOUR($,#1598);
#1600=FILL_AREA_STYLE($,(#1599));
#1601=SURFACE_STYLE_FILL_AREA(#1600);
#1602=SURFACE_SIDE_STYLE('',(#1601));
#1603=SURFACE_STYLE_USAGE(.BOTH.,#1602);
#1604=PRESENTATION_STYLE_ASSIGNMENT((#1603));
#1605=STYLED_ITEM('',(#1604),#1597);
#1606=ADVANCED_FACE('',(#4387),#4389,.T.);
#1607=COLOUR_RGB($,1.,0.843137254901961,0.);
#1608=FILL_AREA_STYLE_COLOUR($,#1607);
#1609=FILL_AREA_STYLE($,(#1608));
#1610=SURFACE_STYLE_FILL_AREA(#1609);
#1611=SURFACE_SIDE_STYLE('',(#1610));
#1612=SURFACE_STYLE_USAGE(.BOTH.,#1611);
#1613=PRESENTATION_STYLE_ASSIGNMENT((#1612));
#1614=STYLED_ITEM('',(#1613),#1606);
#1615=ADVANCED_FACE('',(#4394),#4396,.T.);
#1616=COLOUR_RGB($,1.,0.843137254901961,0.);
#1617=FILL_AREA_STYLE_COLOUR($,#1616);
#1618=FILL_AREA_STYLE($,(#1617));
#1619=SURFACE_STYLE_FILL_AREA(#1618);
#1620=SURFACE_SIDE_STYLE('',(#1619));
#1621=SURFACE_STYLE_USAGE(.BOTH.,#1620);
#1622=PRESENTATION_STYLE_ASSIGNMENT((#1621));
#1623=STYLED_ITEM('',(#1622),#1615);
#1624=ADVANCED_FACE('',(#4401),#4403,.T.);
#1625=COLOUR_RGB($,1.,0.843137254901961,0.);
#1626=FILL_AREA_STYLE_COLOUR($,#1625);
#1627=FILL_AREA_STYLE($,(#1626));
#1628=SURFACE_STYLE_FILL_AREA(#1627);
#1629=SURFACE_SIDE_STYLE('',(#1628));
#1630=SURFACE_STYLE_USAGE(.BOTH.,#1629);
#1631=PRESENTATION_STYLE_ASSIGNMENT((#1630));
#1632=STYLED_ITEM('',(#1631),#1624);
#1633=ADVANCED_FACE('',(#4408),#4410,.T.);
#1634=COLOUR_RGB($,1.,0.843137254901961,0.);
#1635=FILL_AREA_STYLE_COLOUR($,#1634);
#1636=FILL_AREA_STYLE($,(#1635));
#1637=SURFACE_STYLE_FILL_AREA(#1636);
#1638=SURFACE_SIDE_STYLE('',(#1637));
#1639=SURFACE_STYLE_USAGE(.BOTH.,#1638);
#1640=PRESENTATION_STYLE_ASSIGNMENT((#1639));
#1641=STYLED_ITEM('',(#1640),#1633);
#1642=ADVANCED_FACE('',(#4415),#4417,.T.);
#1643=COLOUR_RGB($,1.,0.843137254901961,0.);
#1644=FILL_AREA_STYLE_COLOUR($,#1643);
#1645=FILL_AREA_STYLE($,(#1644));
#1646=SURFACE_STYLE_FILL_AREA(#1645);
#1647=SURFACE_SIDE_STYLE('',(#1646));
#1648=SURFACE_STYLE_USAGE(.BOTH.,#1647);
#1649=PRESENTATION_STYLE_ASSIGNMENT((#1648));
#1650=STYLED_ITEM('',(#1649),#1642);
#1651=ADVANCED_FACE('',(#4422),#4424,.T.);
#1652=COLOUR_RGB($,1.,0.843137254901961,0.);
#1653=FILL_AREA_STYLE_COLOUR($,#1652);
#1654=FILL_AREA_STYLE($,(#1653));
#1655=SURFACE_STYLE_FILL_AREA(#1654);
#1656=SURFACE_SIDE_STYLE('',(#1655));
#1657=SURFACE_STYLE_USAGE(.BOTH.,#1656);
#1658=PRESENTATION_STYLE_ASSIGNMENT((#1657));
#1659=STYLED_ITEM('',(#1658),#1651);
#1660=ADVANCED_FACE('',(#4429),#4431,.T.);
#1661=COLOUR_RGB($,1.,0.843137254901961,0.);
#1662=FILL_AREA_STYLE_COLOUR($,#1661);
#1663=FILL_AREA_STYLE($,(#1662));
#1664=SURFACE_STYLE_FILL_AREA(#1663);
#1665=SURFACE_SIDE_STYLE('',(#1664));
#1666=SURFACE_STYLE_USAGE(.BOTH.,#1665);
#1667=PRESENTATION_STYLE_ASSIGNMENT((#1666));
#1668=STYLED_ITEM('',(#1667),#1660);
#1669=ADVANCED_FACE('',(#4436),#4438,.T.);
#1670=COLOUR_RGB($,1.,0.843137254901961,0.);
#1671=FILL_AREA_STYLE_COLOUR($,#1670);
#1672=FILL_AREA_STYLE($,(#1671));
#1673=SURFACE_STYLE_FILL_AREA(#1672);
#1674=SURFACE_SIDE_STYLE('',(#1673));
#1675=SURFACE_STYLE_USAGE(.BOTH.,#1674);
#1676=PRESENTATION_STYLE_ASSIGNMENT((#1675));
#1677=STYLED_ITEM('',(#1676),#1669);
#1678=ADVANCED_FACE('',(#4443),#4445,.T.);
#1679=COLOUR_RGB($,1.,0.843137254901961,0.);
#1680=FILL_AREA_STYLE_COLOUR($,#1679);
#1681=FILL_AREA_STYLE($,(#1680));
#1682=SURFACE_STYLE_FILL_AREA(#1681);
#1683=SURFACE_SIDE_STYLE('',(#1682));
#1684=SURFACE_STYLE_USAGE(.BOTH.,#1683);
#1685=PRESENTATION_STYLE_ASSIGNMENT((#1684));
#1686=STYLED_ITEM('',(#1685),#1678);
#1687=ADVANCED_FACE('',(#4450),#4452,.T.);
#1688=COLOUR_RGB($,1.,0.843137254901961,0.);
#1689=FILL_AREA_STYLE_COLOUR($,#1688);
#1690=FILL_AREA_STYLE($,(#1689));
#1691=SURFACE_STYLE_FILL_AREA(#1690);
#1692=SURFACE_SIDE_STYLE('',(#1691));
#1693=SURFACE_STYLE_USAGE(.BOTH.,#1692);
#1694=PRESENTATION_STYLE_ASSIGNMENT((#1693));
#1695=STYLED_ITEM('',(#1694),#1687);
#1696=ADVANCED_FACE('',(#4457),#4459,.T.);
#1697=COLOUR_RGB($,1.,0.843137254901961,0.);
#1698=FILL_AREA_STYLE_COLOUR($,#1697);
#1699=FILL_AREA_STYLE($,(#1698));
#1700=SURFACE_STYLE_FILL_AREA(#1699);
#1701=SURFACE_SIDE_STYLE('',(#1700));
#1702=SURFACE_STYLE_USAGE(.BOTH.,#1701);
#1703=PRESENTATION_STYLE_ASSIGNMENT((#1702));
#1704=STYLED_ITEM('',(#1703),#1696);
#1705=ADVANCED_FACE('',(#4464),#4466,.T.);
#1706=COLOUR_RGB($,1.,0.843137254901961,0.);
#1707=FILL_AREA_STYLE_COLOUR($,#1706);
#1708=FILL_AREA_STYLE($,(#1707));
#1709=SURFACE_STYLE_FILL_AREA(#1708);
#1710=SURFACE_SIDE_STYLE('',(#1709));
#1711=SURFACE_STYLE_USAGE(.BOTH.,#1710);
#1712=PRESENTATION_STYLE_ASSIGNMENT((#1711));
#1713=STYLED_ITEM('',(#1712),#1705);
#1714=ADVANCED_FACE('',(#4471),#4473,.T.);
#1715=COLOUR_RGB($,1.,0.843137254901961,0.);
#1716=FILL_AREA_STYLE_COLOUR($,#1715);
#1717=FILL_AREA_STYLE($,(#1716));
#1718=SURFACE_STYLE_FILL_AREA(#1717);
#1719=SURFACE_SIDE_STYLE('',(#1718));
#1720=SURFACE_STYLE_USAGE(.BOTH.,#1719);
#1721=PRESENTATION_STYLE_ASSIGNMENT((#1720));
#1722=STYLED_ITEM('',(#1721),#1714);
#1723=ADVANCED_FACE('',(#4478),#4480,.T.);
#1724=COLOUR_RGB($,1.,0.843137254901961,0.);
#1725=FILL_AREA_STYLE_COLOUR($,#1724);
#1726=FILL_AREA_STYLE($,(#1725));
#1727=SURFACE_STYLE_FILL_AREA(#1726);
#1728=SURFACE_SIDE_STYLE('',(#1727));
#1729=SURFACE_STYLE_USAGE(.BOTH.,#1728);
#1730=PRESENTATION_STYLE_ASSIGNMENT((#1729));
#1731=STYLED_ITEM('',(#1730),#1723);
#1732=ADVANCED_FACE('',(#4485),#4487,.T.);
#1733=COLOUR_RGB($,1.,0.843137254901961,0.);
#1734=FILL_AREA_STYLE_COLOUR($,#1733);
#1735=FILL_AREA_STYLE($,(#1734));
#1736=SURFACE_STYLE_FILL_AREA(#1735);
#1737=SURFACE_SIDE_STYLE('',(#1736));
#1738=SURFACE_STYLE_USAGE(.BOTH.,#1737);
#1739=PRESENTATION_STYLE_ASSIGNMENT((#1738));
#1740=STYLED_ITEM('',(#1739),#1732);
#1741=ADVANCED_FACE('',(#4492),#4494,.T.);
#1742=COLOUR_RGB($,1.,0.843137254901961,0.);
#1743=FILL_AREA_STYLE_COLOUR($,#1742);
#1744=FILL_AREA_STYLE($,(#1743));
#1745=SURFACE_STYLE_FILL_AREA(#1744);
#1746=SURFACE_SIDE_STYLE('',(#1745));
#1747=SURFACE_STYLE_USAGE(.BOTH.,#1746);
#1748=PRESENTATION_STYLE_ASSIGNMENT((#1747));
#1749=STYLED_ITEM('',(#1748),#1741);
#1750=ADVANCED_FACE('',(#4499),#4501,.T.);
#1751=COLOUR_RGB($,1.,0.843137254901961,0.);
#1752=FILL_AREA_STYLE_COLOUR($,#1751);
#1753=FILL_AREA_STYLE($,(#1752));
#1754=SURFACE_STYLE_FILL_AREA(#1753);
#1755=SURFACE_SIDE_STYLE('',(#1754));
#1756=SURFACE_STYLE_USAGE(.BOTH.,#1755);
#1757=PRESENTATION_STYLE_ASSIGNMENT((#1756));
#1758=STYLED_ITEM('',(#1757),#1750);
#1759=ADVANCED_FACE('',(#4506),#4508,.T.);
#1760=COLOUR_RGB($,1.,0.843137254901961,0.);
#1761=FILL_AREA_STYLE_COLOUR($,#1760);
#1762=FILL_AREA_STYLE($,(#1761));
#1763=SURFACE_STYLE_FILL_AREA(#1762);
#1764=SURFACE_SIDE_STYLE('',(#1763));
#1765=SURFACE_STYLE_USAGE(.BOTH.,#1764);
#1766=PRESENTATION_STYLE_ASSIGNMENT((#1765));
#1767=STYLED_ITEM('',(#1766),#1759);
#1768=ADVANCED_FACE('',(#4513),#4515,.T.);
#1769=COLOUR_RGB($,1.,0.843137254901961,0.);
#1770=FILL_AREA_STYLE_COLOUR($,#1769);
#1771=FILL_AREA_STYLE($,(#1770));
#1772=SURFACE_STYLE_FILL_AREA(#1771);
#1773=SURFACE_SIDE_STYLE('',(#1772));
#1774=SURFACE_STYLE_USAGE(.BOTH.,#1773);
#1775=PRESENTATION_STYLE_ASSIGNMENT((#1774));
#1776=STYLED_ITEM('',(#1775),#1768);
#1777=ADVANCED_FACE('',(#4520),#4522,.T.);
#1778=COLOUR_RGB($,1.,0.843137254901961,0.);
#1779=FILL_AREA_STYLE_COLOUR($,#1778);
#1780=FILL_AREA_STYLE($,(#1779));
#1781=SURFACE_STYLE_FILL_AREA(#1780);
#1782=SURFACE_SIDE_STYLE('',(#1781));
#1783=SURFACE_STYLE_USAGE(.BOTH.,#1782);
#1784=PRESENTATION_STYLE_ASSIGNMENT((#1783));
#1785=STYLED_ITEM('',(#1784),#1777);
#1786=ADVANCED_FACE('',(#4527),#4529,.T.);
#1787=COLOUR_RGB($,1.,0.843137254901961,0.);
#1788=FILL_AREA_STYLE_COLOUR($,#1787);
#1789=FILL_AREA_STYLE($,(#1788));
#1790=SURFACE_STYLE_FILL_AREA(#1789);
#1791=SURFACE_SIDE_STYLE('',(#1790));
#1792=SURFACE_STYLE_USAGE(.BOTH.,#1791);
#1793=PRESENTATION_STYLE_ASSIGNMENT((#1792));
#1794=STYLED_ITEM('',(#1793),#1786);
#1795=ADVANCED_FACE('',(#4534),#4536,.T.);
#1796=COLOUR_RGB($,1.,0.843137254901961,0.);
#1797=FILL_AREA_STYLE_COLOUR($,#1796);
#1798=FILL_AREA_STYLE($,(#1797));
#1799=SURFACE_STYLE_FILL_AREA(#1798);
#1800=SURFACE_SIDE_STYLE('',(#1799));
#1801=SURFACE_STYLE_USAGE(.BOTH.,#1800);
#1802=PRESENTATION_STYLE_ASSIGNMENT((#1801));
#1803=STYLED_ITEM('',(#1802),#1795);
#1804=ADVANCED_FACE('',(#4541),#4543,.T.);
#1805=COLOUR_RGB($,1.,0.843137254901961,0.);
#1806=FILL_AREA_STYLE_COLOUR($,#1805);
#1807=FILL_AREA_STYLE($,(#1806));
#1808=SURFACE_STYLE_FILL_AREA(#1807);
#1809=SURFACE_SIDE_STYLE('',(#1808));
#1810=SURFACE_STYLE_USAGE(.BOTH.,#1809);
#1811=PRESENTATION_STYLE_ASSIGNMENT((#1810));
#1812=STYLED_ITEM('',(#1811),#1804);
#1813=ADVANCED_FACE('',(#4548),#4550,.T.);
#1814=COLOUR_RGB($,1.,0.843137254901961,0.);
#1815=FILL_AREA_STYLE_COLOUR($,#1814);
#1816=FILL_AREA_STYLE($,(#1815));
#1817=SURFACE_STYLE_FILL_AREA(#1816);
#1818=SURFACE_SIDE_STYLE('',(#1817));
#1819=SURFACE_STYLE_USAGE(.BOTH.,#1818);
#1820=PRESENTATION_STYLE_ASSIGNMENT((#1819));
#1821=STYLED_ITEM('',(#1820),#1813);
#1822=ADVANCED_FACE('',(#4555),#4557,.T.);
#1823=COLOUR_RGB($,1.,0.843137254901961,0.);
#1824=FILL_AREA_STYLE_COLOUR($,#1823);
#1825=FILL_AREA_STYLE($,(#1824));
#1826=SURFACE_STYLE_FILL_AREA(#1825);
#1827=SURFACE_SIDE_STYLE('',(#1826));
#1828=SURFACE_STYLE_USAGE(.BOTH.,#1827);
#1829=PRESENTATION_STYLE_ASSIGNMENT((#1828));
#1830=STYLED_ITEM('',(#1829),#1822);
#1831=ADVANCED_FACE('',(#4562),#4564,.T.);
#1832=COLOUR_RGB($,1.,0.843137254901961,0.);
#1833=FILL_AREA_STYLE_COLOUR($,#1832);
#1834=FILL_AREA_STYLE($,(#1833));
#1835=SURFACE_STYLE_FILL_AREA(#1834);
#1836=SURFACE_SIDE_STYLE('',(#1835));
#1837=SURFACE_STYLE_USAGE(.BOTH.,#1836);
#1838=PRESENTATION_STYLE_ASSIGNMENT((#1837));
#1839=STYLED_ITEM('',(#1838),#1831);
#1840=ADVANCED_FACE('',(#4569),#4571,.T.);
#1841=COLOUR_RGB($,1.,0.843137254901961,0.);
#1842=FILL_AREA_STYLE_COLOUR($,#1841);
#1843=FILL_AREA_STYLE($,(#1842));
#1844=SURFACE_STYLE_FILL_AREA(#1843);
#1845=SURFACE_SIDE_STYLE('',(#1844));
#1846=SURFACE_STYLE_USAGE(.BOTH.,#1845);
#1847=PRESENTATION_STYLE_ASSIGNMENT((#1846));
#1848=STYLED_ITEM('',(#1847),#1840);
#1849=ADVANCED_FACE('',(#4576),#4578,.T.);
#1850=COLOUR_RGB($,1.,0.843137254901961,0.);
#1851=FILL_AREA_STYLE_COLOUR($,#1850);
#1852=FILL_AREA_STYLE($,(#1851));
#1853=SURFACE_STYLE_FILL_AREA(#1852);
#1854=SURFACE_SIDE_STYLE('',(#1853));
#1855=SURFACE_STYLE_USAGE(.BOTH.,#1854);
#1856=PRESENTATION_STYLE_ASSIGNMENT((#1855));
#1857=STYLED_ITEM('',(#1856),#1849);
#1858=ADVANCED_FACE('',(#4583),#4585,.T.);
#1859=COLOUR_RGB($,1.,1.,1.);
#1860=FILL_AREA_STYLE_COLOUR($,#1859);
#1861=FILL_AREA_STYLE($,(#1860));
#1862=SURFACE_STYLE_FILL_AREA(#1861);
#1863=SURFACE_SIDE_STYLE('',(#1862));
#1864=SURFACE_STYLE_USAGE(.BOTH.,#1863);
#1865=PRESENTATION_STYLE_ASSIGNMENT((#1864));
#1866=STYLED_ITEM('',(#1865),#1858);
#1867=ADVANCED_FACE('',(#4590),#4592,.T.);
#1868=COLOUR_RGB($,1.,0.843137254901961,0.);
#1869=FILL_AREA_STYLE_COLOUR($,#1868);
#1870=FILL_AREA_STYLE($,(#1869));
#1871=SURFACE_STYLE_FILL_AREA(#1870);
#1872=SURFACE_SIDE_STYLE('',(#1871));
#1873=SURFACE_STYLE_USAGE(.BOTH.,#1872);
#1874=PRESENTATION_STYLE_ASSIGNMENT((#1873));
#1875=STYLED_ITEM('',(#1874),#1867);
#1876=ADVANCED_FACE('',(#4597),#4599,.T.);
#1877=COLOUR_RGB($,1.,0.843137254901961,0.);
#1878=FILL_AREA_STYLE_COLOUR($,#1877);
#1879=FILL_AREA_STYLE($,(#1878));
#1880=SURFACE_STYLE_FILL_AREA(#1879);
#1881=SURFACE_SIDE_STYLE('',(#1880));
#1882=SURFACE_STYLE_USAGE(.BOTH.,#1881);
#1883=PRESENTATION_STYLE_ASSIGNMENT((#1882));
#1884=STYLED_ITEM('',(#1883),#1876);
#1885=ADVANCED_FACE('',(#4604),#4606,.T.);
#1886=COLOUR_RGB($,1.,0.843137254901961,0.);
#1887=FILL_AREA_STYLE_COLOUR($,#1886);
#1888=FILL_AREA_STYLE($,(#1887));
#1889=SURFACE_STYLE_FILL_AREA(#1888);
#1890=SURFACE_SIDE_STYLE('',(#1889));
#1891=SURFACE_STYLE_USAGE(.BOTH.,#1890);
#1892=PRESENTATION_STYLE_ASSIGNMENT((#1891));
#1893=STYLED_ITEM('',(#1892),#1885);
#1894=ADVANCED_FACE('',(#4611),#4613,.T.);
#1895=COLOUR_RGB($,1.,0.843137254901961,0.);
#1896=FILL_AREA_STYLE_COLOUR($,#1895);
#1897=FILL_AREA_STYLE($,(#1896));
#1898=SURFACE_STYLE_FILL_AREA(#1897);
#1899=SURFACE_SIDE_STYLE('',(#1898));
#1900=SURFACE_STYLE_USAGE(.BOTH.,#1899);
#1901=PRESENTATION_STYLE_ASSIGNMENT((#1900));
#1902=STYLED_ITEM('',(#1901),#1894);
#1903=ADVANCED_FACE('',(#4618),#4620,.T.);
#1904=COLOUR_RGB($,1.,0.843137254901961,0.);
#1905=FILL_AREA_STYLE_COLOUR($,#1904);
#1906=FILL_AREA_STYLE($,(#1905));
#1907=SURFACE_STYLE_FILL_AREA(#1906);
#1908=SURFACE_SIDE_STYLE('',(#1907));
#1909=SURFACE_STYLE_USAGE(.BOTH.,#1908);
#1910=PRESENTATION_STYLE_ASSIGNMENT((#1909));
#1911=STYLED_ITEM('',(#1910),#1903);
#1912=ADVANCED_FACE('',(#4625),#4627,.T.);
#1913=COLOUR_RGB($,1.,0.843137254901961,0.);
#1914=FILL_AREA_STYLE_COLOUR($,#1913);
#1915=FILL_AREA_STYLE($,(#1914));
#1916=SURFACE_STYLE_FILL_AREA(#1915);
#1917=SURFACE_SIDE_STYLE('',(#1916));
#1918=SURFACE_STYLE_USAGE(.BOTH.,#1917);
#1919=PRESENTATION_STYLE_ASSIGNMENT((#1918));
#1920=STYLED_ITEM('',(#1919),#1912);
#1921=ADVANCED_FACE('',(#4632),#4634,.T.);
#1922=COLOUR_RGB($,1.,0.843137254901961,0.);
#1923=FILL_AREA_STYLE_COLOUR($,#1922);
#1924=FILL_AREA_STYLE($,(#1923));
#1925=SURFACE_STYLE_FILL_AREA(#1924);
#1926=SURFACE_SIDE_STYLE('',(#1925));
#1927=SURFACE_STYLE_USAGE(.BOTH.,#1926);
#1928=PRESENTATION_STYLE_ASSIGNMENT((#1927));
#1929=STYLED_ITEM('',(#1928),#1921);
#1930=ADVANCED_FACE('',(#4639),#4641,.T.);
#1931=COLOUR_RGB($,1.,0.843137254901961,0.);
#1932=FILL_AREA_STYLE_COLOUR($,#1931);
#1933=FILL_AREA_STYLE($,(#1932));
#1934=SURFACE_STYLE_FILL_AREA(#1933);
#1935=SURFACE_SIDE_STYLE('',(#1934));
#1936=SURFACE_STYLE_USAGE(.BOTH.,#1935);
#1937=PRESENTATION_STYLE_ASSIGNMENT((#1936));
#1938=STYLED_ITEM('',(#1937),#1930);
#1939=ADVANCED_FACE('',(#4646),#4648,.T.);
#1940=COLOUR_RGB($,1.,0.843137254901961,0.);
#1941=FILL_AREA_STYLE_COLOUR($,#1940);
#1942=FILL_AREA_STYLE($,(#1941));
#1943=SURFACE_STYLE_FILL_AREA(#1942);
#1944=SURFACE_SIDE_STYLE('',(#1943));
#1945=SURFACE_STYLE_USAGE(.BOTH.,#1944);
#1946=PRESENTATION_STYLE_ASSIGNMENT((#1945));
#1947=STYLED_ITEM('',(#1946),#1939);
#1948=ADVANCED_FACE('',(#4653),#4655,.T.);
#1949=COLOUR_RGB($,1.,0.843137254901961,0.);
#1950=FILL_AREA_STYLE_COLOUR($,#1949);
#1951=FILL_AREA_STYLE($,(#1950));
#1952=SURFACE_STYLE_FILL_AREA(#1951);
#1953=SURFACE_SIDE_STYLE('',(#1952));
#1954=SURFACE_STYLE_USAGE(.BOTH.,#1953);
#1955=PRESENTATION_STYLE_ASSIGNMENT((#1954));
#1956=STYLED_ITEM('',(#1955),#1948);
#1957=ADVANCED_FACE('',(#4660),#4662,.T.);
#1958=COLOUR_RGB($,1.,0.843137254901961,0.);
#1959=FILL_AREA_STYLE_COLOUR($,#1958);
#1960=FILL_AREA_STYLE($,(#1959));
#1961=SURFACE_STYLE_FILL_AREA(#1960);
#1962=SURFACE_SIDE_STYLE('',(#1961));
#1963=SURFACE_STYLE_USAGE(.BOTH.,#1962);
#1964=PRESENTATION_STYLE_ASSIGNMENT((#1963));
#1965=STYLED_ITEM('',(#1964),#1957);
#1966=ADVANCED_FACE('',(#4667),#4669,.T.);
#1967=COLOUR_RGB($,1.,0.843137254901961,0.);
#1968=FILL_AREA_STYLE_COLOUR($,#1967);
#1969=FILL_AREA_STYLE($,(#1968));
#1970=SURFACE_STYLE_FILL_AREA(#1969);
#1971=SURFACE_SIDE_STYLE('',(#1970));
#1972=SURFACE_STYLE_USAGE(.BOTH.,#1971);
#1973=PRESENTATION_STYLE_ASSIGNMENT((#1972));
#1974=STYLED_ITEM('',(#1973),#1966);
#1975=ADVANCED_FACE('',(#4674),#4676,.T.);
#1976=COLOUR_RGB($,1.,0.843137254901961,0.);
#1977=FILL_AREA_STYLE_COLOUR($,#1976);
#1978=FILL_AREA_STYLE($,(#1977));
#1979=SURFACE_STYLE_FILL_AREA(#1978);
#1980=SURFACE_SIDE_STYLE('',(#1979));
#1981=SURFACE_STYLE_USAGE(.BOTH.,#1980);
#1982=PRESENTATION_STYLE_ASSIGNMENT((#1981));
#1983=STYLED_ITEM('',(#1982),#1975);
#1984=ADVANCED_FACE('',(#4681),#4683,.T.);
#1985=COLOUR_RGB($,1.,0.843137254901961,0.);
#1986=FILL_AREA_STYLE_COLOUR($,#1985);
#1987=FILL_AREA_STYLE($,(#1986));
#1988=SURFACE_STYLE_FILL_AREA(#1987);
#1989=SURFACE_SIDE_STYLE('',(#1988));
#1990=SURFACE_STYLE_USAGE(.BOTH.,#1989);
#1991=PRESENTATION_STYLE_ASSIGNMENT((#1990));
#1992=STYLED_ITEM('',(#1991),#1984);
#1993=ADVANCED_FACE('',(#4688),#4690,.T.);
#1994=COLOUR_RGB($,1.,0.843137254901961,0.);
#1995=FILL_AREA_STYLE_COLOUR($,#1994);
#1996=FILL_AREA_STYLE($,(#1995));
#1997=SURFACE_STYLE_FILL_AREA(#1996);
#1998=SURFACE_SIDE_STYLE('',(#1997));
#1999=SURFACE_STYLE_USAGE(.BOTH.,#1998);
#2000=PRESENTATION_STYLE_ASSIGNMENT((#1999));
#2001=STYLED_ITEM('',(#2000),#1993);
#2002=ADVANCED_FACE('',(#4695),#4697,.T.);
#2003=COLOUR_RGB($,1.,0.843137254901961,0.);
#2004=FILL_AREA_STYLE_COLOUR($,#2003);
#2005=FILL_AREA_STYLE($,(#2004));
#2006=SURFACE_STYLE_FILL_AREA(#2005);
#2007=SURFACE_SIDE_STYLE('',(#2006));
#2008=SURFACE_STYLE_USAGE(.BOTH.,#2007);
#2009=PRESENTATION_STYLE_ASSIGNMENT((#2008));
#2010=STYLED_ITEM('',(#2009),#2002);
#2011=ADVANCED_FACE('',(#4702),#4704,.T.);
#2012=COLOUR_RGB($,1.,0.843137254901961,0.);
#2013=FILL_AREA_STYLE_COLOUR($,#2012);
#2014=FILL_AREA_STYLE($,(#2013));
#2015=SURFACE_STYLE_FILL_AREA(#2014);
#2016=SURFACE_SIDE_STYLE('',(#2015));
#2017=SURFACE_STYLE_USAGE(.BOTH.,#2016);
#2018=PRESENTATION_STYLE_ASSIGNMENT((#2017));
#2019=STYLED_ITEM('',(#2018),#2011);
#2020=ADVANCED_FACE('',(#4709),#4711,.T.);
#2021=COLOUR_RGB($,1.,0.843137254901961,0.);
#2022=FILL_AREA_STYLE_COLOUR($,#2021);
#2023=FILL_AREA_STYLE($,(#2022));
#2024=SURFACE_STYLE_FILL_AREA(#2023);
#2025=SURFACE_SIDE_STYLE('',(#2024));
#2026=SURFACE_STYLE_USAGE(.BOTH.,#2025);
#2027=PRESENTATION_STYLE_ASSIGNMENT((#2026));
#2028=STYLED_ITEM('',(#2027),#2020);
#2029=ADVANCED_FACE('',(#4716),#4718,.T.);
#2030=COLOUR_RGB($,1.,0.843137254901961,0.);
#2031=FILL_AREA_STYLE_COLOUR($,#2030);
#2032=FILL_AREA_STYLE($,(#2031));
#2033=SURFACE_STYLE_FILL_AREA(#2032);
#2034=SURFACE_SIDE_STYLE('',(#2033));
#2035=SURFACE_STYLE_USAGE(.BOTH.,#2034);
#2036=PRESENTATION_STYLE_ASSIGNMENT((#2035));
#2037=STYLED_ITEM('',(#2036),#2029);
#2038=ADVANCED_FACE('',(#4723),#4725,.T.);
#2039=COLOUR_RGB($,1.,0.843137254901961,0.);
#2040=FILL_AREA_STYLE_COLOUR($,#2039);
#2041=FILL_AREA_STYLE($,(#2040));
#2042=SURFACE_STYLE_FILL_AREA(#2041);
#2043=SURFACE_SIDE_STYLE('',(#2042));
#2044=SURFACE_STYLE_USAGE(.BOTH.,#2043);
#2045=PRESENTATION_STYLE_ASSIGNMENT((#2044));
#2046=STYLED_ITEM('',(#2045),#2038);
#2047=ADVANCED_FACE('',(#4730),#4732,.T.);
#2048=COLOUR_RGB($,1.,0.843137254901961,0.);
#2049=FILL_AREA_STYLE_COLOUR($,#2048);
#2050=FILL_AREA_STYLE($,(#2049));
#2051=SURFACE_STYLE_FILL_AREA(#2050);
#2052=SURFACE_SIDE_STYLE('',(#2051));
#2053=SURFACE_STYLE_USAGE(.BOTH.,#2052);
#2054=PRESENTATION_STYLE_ASSIGNMENT((#2053));
#2055=STYLED_ITEM('',(#2054),#2047);
#2056=ADVANCED_FACE('',(#4737),#4739,.T.);
#2057=COLOUR_RGB($,1.,0.843137254901961,0.);
#2058=FILL_AREA_STYLE_COLOUR($,#2057);
#2059=FILL_AREA_STYLE($,(#2058));
#2060=SURFACE_STYLE_FILL_AREA(#2059);
#2061=SURFACE_SIDE_STYLE('',(#2060));
#2062=SURFACE_STYLE_USAGE(.BOTH.,#2061);
#2063=PRESENTATION_STYLE_ASSIGNMENT((#2062));
#2064=STYLED_ITEM('',(#2063),#2056);
#2065=ADVANCED_FACE('',(#4744),#4746,.T.);
#2066=COLOUR_RGB($,1.,0.843137254901961,0.);
#2067=FILL_AREA_STYLE_COLOUR($,#2066);
#2068=FILL_AREA_STYLE($,(#2067));
#2069=SURFACE_STYLE_FILL_AREA(#2068);
#2070=SURFACE_SIDE_STYLE('',(#2069));
#2071=SURFACE_STYLE_USAGE(.BOTH.,#2070);
#2072=PRESENTATION_STYLE_ASSIGNMENT((#2071));
#2073=STYLED_ITEM('',(#2072),#2065);
#2074=ADVANCED_FACE('',(#4751),#4753,.T.);
#2075=COLOUR_RGB($,1.,0.843137254901961,0.);
#2076=FILL_AREA_STYLE_COLOUR($,#2075);
#2077=FILL_AREA_STYLE($,(#2076));
#2078=SURFACE_STYLE_FILL_AREA(#2077);
#2079=SURFACE_SIDE_STYLE('',(#2078));
#2080=SURFACE_STYLE_USAGE(.BOTH.,#2079);
#2081=PRESENTATION_STYLE_ASSIGNMENT((#2080));
#2082=STYLED_ITEM('',(#2081),#2074);
#2083=ADVANCED_FACE('',(#4758),#4760,.T.);
#2084=COLOUR_RGB($,1.,0.843137254901961,0.);
#2085=FILL_AREA_STYLE_COLOUR($,#2084);
#2086=FILL_AREA_STYLE($,(#2085));
#2087=SURFACE_STYLE_FILL_AREA(#2086);
#2088=SURFACE_SIDE_STYLE('',(#2087));
#2089=SURFACE_STYLE_USAGE(.BOTH.,#2088);
#2090=PRESENTATION_STYLE_ASSIGNMENT((#2089));
#2091=STYLED_ITEM('',(#2090),#2083);
#2092=ADVANCED_FACE('',(#4765),#4767,.T.);
#2093=COLOUR_RGB($,1.,0.843137254901961,0.);
#2094=FILL_AREA_STYLE_COLOUR($,#2093);
#2095=FILL_AREA_STYLE($,(#2094));
#2096=SURFACE_STYLE_FILL_AREA(#2095);
#2097=SURFACE_SIDE_STYLE('',(#2096));
#2098=SURFACE_STYLE_USAGE(.BOTH.,#2097);
#2099=PRESENTATION_STYLE_ASSIGNMENT((#2098));
#2100=STYLED_ITEM('',(#2099),#2092);
#2101=ADVANCED_FACE('',(#4772),#4774,.T.);
#2102=COLOUR_RGB($,1.,0.843137254901961,0.);
#2103=FILL_AREA_STYLE_COLOUR($,#2102);
#2104=FILL_AREA_STYLE($,(#2103));
#2105=SURFACE_STYLE_FILL_AREA(#2104);
#2106=SURFACE_SIDE_STYLE('',(#2105));
#2107=SURFACE_STYLE_USAGE(.BOTH.,#2106);
#2108=PRESENTATION_STYLE_ASSIGNMENT((#2107));
#2109=STYLED_ITEM('',(#2108),#2101);
#2110=ADVANCED_FACE('',(#4779),#4781,.T.);
#2111=COLOUR_RGB($,1.,0.843137254901961,0.);
#2112=FILL_AREA_STYLE_COLOUR($,#2111);
#2113=FILL_AREA_STYLE($,(#2112));
#2114=SURFACE_STYLE_FILL_AREA(#2113);
#2115=SURFACE_SIDE_STYLE('',(#2114));
#2116=SURFACE_STYLE_USAGE(.BOTH.,#2115);
#2117=PRESENTATION_STYLE_ASSIGNMENT((#2116));
#2118=STYLED_ITEM('',(#2117),#2110);
#2119=ADVANCED_FACE('',(#4786),#4788,.T.);
#2120=COLOUR_RGB($,1.,0.843137254901961,0.);
#2121=FILL_AREA_STYLE_COLOUR($,#2120);
#2122=FILL_AREA_STYLE($,(#2121));
#2123=SURFACE_STYLE_FILL_AREA(#2122);
#2124=SURFACE_SIDE_STYLE('',(#2123));
#2125=SURFACE_STYLE_USAGE(.BOTH.,#2124);
#2126=PRESENTATION_STYLE_ASSIGNMENT((#2125));
#2127=STYLED_ITEM('',(#2126),#2119);
#2128=ADVANCED_FACE('',(#4793),#4795,.T.);
#2129=COLOUR_RGB($,1.,0.843137254901961,0.);
#2130=FILL_AREA_STYLE_COLOUR($,#2129);
#2131=FILL_AREA_STYLE($,(#2130));
#2132=SURFACE_STYLE_FILL_AREA(#2131);
#2133=SURFACE_SIDE_STYLE('',(#2132));
#2134=SURFACE_STYLE_USAGE(.BOTH.,#2133);
#2135=PRESENTATION_STYLE_ASSIGNMENT((#2134));
#2136=STYLED_ITEM('',(#2135),#2128);
#2137=ADVANCED_FACE('',(#4800),#4802,.T.);
#2138=COLOUR_RGB($,1.,0.843137254901961,0.);
#2139=FILL_AREA_STYLE_COLOUR($,#2138);
#2140=FILL_AREA_STYLE($,(#2139));
#2141=SURFACE_STYLE_FILL_AREA(#2140);
#2142=SURFACE_SIDE_STYLE('',(#2141));
#2143=SURFACE_STYLE_USAGE(.BOTH.,#2142);
#2144=PRESENTATION_STYLE_ASSIGNMENT((#2143));
#2145=STYLED_ITEM('',(#2144),#2137);
#2146=ADVANCED_FACE('',(#4807),#4809,.T.);
#2147=COLOUR_RGB($,1.,0.843137254901961,0.);
#2148=FILL_AREA_STYLE_COLOUR($,#2147);
#2149=FILL_AREA_STYLE($,(#2148));
#2150=SURFACE_STYLE_FILL_AREA(#2149);
#2151=SURFACE_SIDE_STYLE('',(#2150));
#2152=SURFACE_STYLE_USAGE(.BOTH.,#2151);
#2153=PRESENTATION_STYLE_ASSIGNMENT((#2152));
#2154=STYLED_ITEM('',(#2153),#2146);
#2155=ADVANCED_FACE('',(#4814),#4816,.T.);
#2156=COLOUR_RGB($,1.,0.843137254901961,0.);
#2157=FILL_AREA_STYLE_COLOUR($,#2156);
#2158=FILL_AREA_STYLE($,(#2157));
#2159=SURFACE_STYLE_FILL_AREA(#2158);
#2160=SURFACE_SIDE_STYLE('',(#2159));
#2161=SURFACE_STYLE_USAGE(.BOTH.,#2160);
#2162=PRESENTATION_STYLE_ASSIGNMENT((#2161));
#2163=STYLED_ITEM('',(#2162),#2155);
#2164=ADVANCED_FACE('',(#4821),#4823,.T.);
#2165=COLOUR_RGB($,1.,0.843137254901961,0.);
#2166=FILL_AREA_STYLE_COLOUR($,#2165);
#2167=FILL_AREA_STYLE($,(#2166));
#2168=SURFACE_STYLE_FILL_AREA(#2167);
#2169=SURFACE_SIDE_STYLE('',(#2168));
#2170=SURFACE_STYLE_USAGE(.BOTH.,#2169);
#2171=PRESENTATION_STYLE_ASSIGNMENT((#2170));
#2172=STYLED_ITEM('',(#2171),#2164);
#2173=ADVANCED_FACE('',(#4828),#4830,.T.);
#2174=COLOUR_RGB($,1.,0.843137254901961,0.);
#2175=FILL_AREA_STYLE_COLOUR($,#2174);
#2176=FILL_AREA_STYLE($,(#2175));
#2177=SURFACE_STYLE_FILL_AREA(#2176);
#2178=SURFACE_SIDE_STYLE('',(#2177));
#2179=SURFACE_STYLE_USAGE(.BOTH.,#2178);
#2180=PRESENTATION_STYLE_ASSIGNMENT((#2179));
#2181=STYLED_ITEM('',(#2180),#2173);
#2182=ADVANCED_FACE('',(#4835),#4837,.T.);
#2183=COLOUR_RGB($,1.,0.843137254901961,0.);
#2184=FILL_AREA_STYLE_COLOUR($,#2183);
#2185=FILL_AREA_STYLE($,(#2184));
#2186=SURFACE_STYLE_FILL_AREA(#2185);
#2187=SURFACE_SIDE_STYLE('',(#2186));
#2188=SURFACE_STYLE_USAGE(.BOTH.,#2187);
#2189=PRESENTATION_STYLE_ASSIGNMENT((#2188));
#2190=STYLED_ITEM('',(#2189),#2182);
#2191=ADVANCED_FACE('',(#4842),#4844,.T.);
#2192=COLOUR_RGB($,1.,0.843137254901961,0.);
#2193=FILL_AREA_STYLE_COLOUR($,#2192);
#2194=FILL_AREA_STYLE($,(#2193));
#2195=SURFACE_STYLE_FILL_AREA(#2194);
#2196=SURFACE_SIDE_STYLE('',(#2195));
#2197=SURFACE_STYLE_USAGE(.BOTH.,#2196);
#2198=PRESENTATION_STYLE_ASSIGNMENT((#2197));
#2199=STYLED_ITEM('',(#2198),#2191);
#2200=ADVANCED_FACE('',(#4849),#4851,.T.);
#2201=COLOUR_RGB($,1.,0.843137254901961,0.);
#2202=FILL_AREA_STYLE_COLOUR($,#2201);
#2203=FILL_AREA_STYLE($,(#2202));
#2204=SURFACE_STYLE_FILL_AREA(#2203);
#2205=SURFACE_SIDE_STYLE('',(#2204));
#2206=SURFACE_STYLE_USAGE(.BOTH.,#2205);
#2207=PRESENTATION_STYLE_ASSIGNMENT((#2206));
#2208=STYLED_ITEM('',(#2207),#2200);
#2209=ADVANCED_FACE('',(#4856),#4858,.T.);
#2210=COLOUR_RGB($,1.,0.843137254901961,0.);
#2211=FILL_AREA_STYLE_COLOUR($,#2210);
#2212=FILL_AREA_STYLE($,(#2211));
#2213=SURFACE_STYLE_FILL_AREA(#2212);
#2214=SURFACE_SIDE_STYLE('',(#2213));
#2215=SURFACE_STYLE_USAGE(.BOTH.,#2214);
#2216=PRESENTATION_STYLE_ASSIGNMENT((#2215));
#2217=STYLED_ITEM('',(#2216),#2209);
#2218=ADVANCED_FACE('',(#4863),#4865,.T.);
#2219=COLOUR_RGB($,1.,0.843137254901961,0.);
#2220=FILL_AREA_STYLE_COLOUR($,#2219);
#2221=FILL_AREA_STYLE($,(#2220));
#2222=SURFACE_STYLE_FILL_AREA(#2221);
#2223=SURFACE_SIDE_STYLE('',(#2222));
#2224=SURFACE_STYLE_USAGE(.BOTH.,#2223);
#2225=PRESENTATION_STYLE_ASSIGNMENT((#2224));
#2226=STYLED_ITEM('',(#2225),#2218);
#2227=ADVANCED_FACE('',(#4870),#4872,.T.);
#2228=COLOUR_RGB($,1.,0.843137254901961,0.);
#2229=FILL_AREA_STYLE_COLOUR($,#2228);
#2230=FILL_AREA_STYLE($,(#2229));
#2231=SURFACE_STYLE_FILL_AREA(#2230);
#2232=SURFACE_SIDE_STYLE('',(#2231));
#2233=SURFACE_STYLE_USAGE(.BOTH.,#2232);
#2234=PRESENTATION_STYLE_ASSIGNMENT((#2233));
#2235=STYLED_ITEM('',(#2234),#2227);
#2236=ADVANCED_FACE('',(#4877),#4879,.T.);
#2237=COLOUR_RGB($,1.,0.843137254901961,0.);
#2238=FILL_AREA_STYLE_COLOUR($,#2237);
#2239=FILL_AREA_STYLE($,(#2238));
#2240=SURFACE_STYLE_FILL_AREA(#2239);
#2241=SURFACE_SIDE_STYLE('',(#2240));
#2242=SURFACE_STYLE_USAGE(.BOTH.,#2241);
#2243=PRESENTATION_STYLE_ASSIGNMENT((#2242));
#2244=STYLED_ITEM('',(#2243),#2236);
#2245=ADVANCED_FACE('',(#4884),#4886,.T.);
#2246=COLOUR_RGB($,1.,0.843137254901961,0.);
#2247=FILL_AREA_STYLE_COLOUR($,#2246);
#2248=FILL_AREA_STYLE($,(#2247));
#2249=SURFACE_STYLE_FILL_AREA(#2248);
#2250=SURFACE_SIDE_STYLE('',(#2249));
#2251=SURFACE_STYLE_USAGE(.BOTH.,#2250);
#2252=PRESENTATION_STYLE_ASSIGNMENT((#2251));
#2253=STYLED_ITEM('',(#2252),#2245);
#2254=ADVANCED_FACE('',(#4891),#4893,.T.);
#2255=COLOUR_RGB($,1.,0.843137254901961,0.);
#2256=FILL_AREA_STYLE_COLOUR($,#2255);
#2257=FILL_AREA_STYLE($,(#2256));
#2258=SURFACE_STYLE_FILL_AREA(#2257);
#2259=SURFACE_SIDE_STYLE('',(#2258));
#2260=SURFACE_STYLE_USAGE(.BOTH.,#2259);
#2261=PRESENTATION_STYLE_ASSIGNMENT((#2260));
#2262=STYLED_ITEM('',(#2261),#2254);
#2263=ADVANCED_FACE('',(#4898),#4900,.T.);
#2264=COLOUR_RGB($,1.,0.843137254901961,0.);
#2265=FILL_AREA_STYLE_COLOUR($,#2264);
#2266=FILL_AREA_STYLE($,(#2265));
#2267=SURFACE_STYLE_FILL_AREA(#2266);
#2268=SURFACE_SIDE_STYLE('',(#2267));
#2269=SURFACE_STYLE_USAGE(.BOTH.,#2268);
#2270=PRESENTATION_STYLE_ASSIGNMENT((#2269));
#2271=STYLED_ITEM('',(#2270),#2263);
#2272=ADVANCED_FACE('',(#4905),#4907,.T.);
#2273=COLOUR_RGB($,1.,0.843137254901961,0.);
#2274=FILL_AREA_STYLE_COLOUR($,#2273);
#2275=FILL_AREA_STYLE($,(#2274));
#2276=SURFACE_STYLE_FILL_AREA(#2275);
#2277=SURFACE_SIDE_STYLE('',(#2276));
#2278=SURFACE_STYLE_USAGE(.BOTH.,#2277);
#2279=PRESENTATION_STYLE_ASSIGNMENT((#2278));
#2280=STYLED_ITEM('',(#2279),#2272);
#2281=ADVANCED_FACE('',(#4912),#4914,.T.);
#2282=COLOUR_RGB($,1.,0.843137254901961,0.);
#2283=FILL_AREA_STYLE_COLOUR($,#2282);
#2284=FILL_AREA_STYLE($,(#2283));
#2285=SURFACE_STYLE_FILL_AREA(#2284);
#2286=SURFACE_SIDE_STYLE('',(#2285));
#2287=SURFACE_STYLE_USAGE(.BOTH.,#2286);
#2288=PRESENTATION_STYLE_ASSIGNMENT((#2287));
#2289=STYLED_ITEM('',(#2288),#2281);
#2290=ADVANCED_FACE('',(#4919),#4921,.T.);
#2291=COLOUR_RGB($,1.,0.843137254901961,0.);
#2292=FILL_AREA_STYLE_COLOUR($,#2291);
#2293=FILL_AREA_STYLE($,(#2292));
#2294=SURFACE_STYLE_FILL_AREA(#2293);
#2295=SURFACE_SIDE_STYLE('',(#2294));
#2296=SURFACE_STYLE_USAGE(.BOTH.,#2295);
#2297=PRESENTATION_STYLE_ASSIGNMENT((#2296));
#2298=STYLED_ITEM('',(#2297),#2290);
#2299=ADVANCED_FACE('',(#4926),#4928,.T.);
#2300=COLOUR_RGB($,1.,0.843137254901961,0.);
#2301=FILL_AREA_STYLE_COLOUR($,#2300);
#2302=FILL_AREA_STYLE($,(#2301));
#2303=SURFACE_STYLE_FILL_AREA(#2302);
#2304=SURFACE_SIDE_STYLE('',(#2303));
#2305=SURFACE_STYLE_USAGE(.BOTH.,#2304);
#2306=PRESENTATION_STYLE_ASSIGNMENT((#2305));
#2307=STYLED_ITEM('',(#2306),#2299);
#2308=ADVANCED_FACE('',(#4933),#4935,.T.);
#2309=COLOUR_RGB($,1.,0.843137254901961,0.);
#2310=FILL_AREA_STYLE_COLOUR($,#2309);
#2311=FILL_AREA_STYLE($,(#2310));
#2312=SURFACE_STYLE_FILL_AREA(#2311);
#2313=SURFACE_SIDE_STYLE('',(#2312));
#2314=SURFACE_STYLE_USAGE(.BOTH.,#2313);
#2315=PRESENTATION_STYLE_ASSIGNMENT((#2314));
#2316=STYLED_ITEM('',(#2315),#2308);
#2317=ADVANCED_FACE('',(#4940),#4942,.T.);
#2318=COLOUR_RGB($,1.,0.843137254901961,0.);
#2319=FILL_AREA_STYLE_COLOUR($,#2318);
#2320=FILL_AREA_STYLE($,(#2319));
#2321=SURFACE_STYLE_FILL_AREA(#2320);
#2322=SURFACE_SIDE_STYLE('',(#2321));
#2323=SURFACE_STYLE_USAGE(.BOTH.,#2322);
#2324=PRESENTATION_STYLE_ASSIGNMENT((#2323));
#2325=STYLED_ITEM('',(#2324),#2317);
#2326=ADVANCED_FACE('',(#4947),#4949,.T.);
#2327=COLOUR_RGB($,1.,0.843137254901961,0.);
#2328=FILL_AREA_STYLE_COLOUR($,#2327);
#2329=FILL_AREA_STYLE($,(#2328));
#2330=SURFACE_STYLE_FILL_AREA(#2329);
#2331=SURFACE_SIDE_STYLE('',(#2330));
#2332=SURFACE_STYLE_USAGE(.BOTH.,#2331);
#2333=PRESENTATION_STYLE_ASSIGNMENT((#2332));
#2334=STYLED_ITEM('',(#2333),#2326);
#2335=ADVANCED_FACE('',(#4954),#4956,.T.);
#2336=COLOUR_RGB($,1.,0.843137254901961,0.);
#2337=FILL_AREA_STYLE_COLOUR($,#2336);
#2338=FILL_AREA_STYLE($,(#2337));
#2339=SURFACE_STYLE_FILL_AREA(#2338);
#2340=SURFACE_SIDE_STYLE('',(#2339));
#2341=SURFACE_STYLE_USAGE(.BOTH.,#2340);
#2342=PRESENTATION_STYLE_ASSIGNMENT((#2341));
#2343=STYLED_ITEM('',(#2342),#2335);
#2344=ADVANCED_FACE('',(#4961),#4963,.T.);
#2345=COLOUR_RGB($,1.,0.843137254901961,0.);
#2346=FILL_AREA_STYLE_COLOUR($,#2345);
#2347=FILL_AREA_STYLE($,(#2346));
#2348=SURFACE_STYLE_FILL_AREA(#2347);
#2349=SURFACE_SIDE_STYLE('',(#2348));
#2350=SURFACE_STYLE_USAGE(.BOTH.,#2349);
#2351=PRESENTATION_STYLE_ASSIGNMENT((#2350));
#2352=STYLED_ITEM('',(#2351),#2344);
#2353=ADVANCED_FACE('',(#4968),#4970,.T.);
#2354=COLOUR_RGB($,1.,0.843137254901961,0.);
#2355=FILL_AREA_STYLE_COLOUR($,#2354);
#2356=FILL_AREA_STYLE($,(#2355));
#2357=SURFACE_STYLE_FILL_AREA(#2356);
#2358=SURFACE_SIDE_STYLE('',(#2357));
#2359=SURFACE_STYLE_USAGE(.BOTH.,#2358);
#2360=PRESENTATION_STYLE_ASSIGNMENT((#2359));
#2361=STYLED_ITEM('',(#2360),#2353);
#2362=ADVANCED_FACE('',(#4975),#4977,.T.);
#2363=COLOUR_RGB($,1.,0.843137254901961,0.);
#2364=FILL_AREA_STYLE_COLOUR($,#2363);
#2365=FILL_AREA_STYLE($,(#2364));
#2366=SURFACE_STYLE_FILL_AREA(#2365);
#2367=SURFACE_SIDE_STYLE('',(#2366));
#2368=SURFACE_STYLE_USAGE(.BOTH.,#2367);
#2369=PRESENTATION_STYLE_ASSIGNMENT((#2368));
#2370=STYLED_ITEM('',(#2369),#2362);
#2371=ADVANCED_FACE('',(#4982),#4984,.F.);
#2372=COLOUR_RGB($,1.,0.843137254901961,0.);
#2373=FILL_AREA_STYLE_COLOUR($,#2372);
#2374=FILL_AREA_STYLE($,(#2373));
#2375=SURFACE_STYLE_FILL_AREA(#2374);
#2376=SURFACE_SIDE_STYLE('',(#2375));
#2377=SURFACE_STYLE_USAGE(.BOTH.,#2376);
#2378=PRESENTATION_STYLE_ASSIGNMENT((#2377));
#2379=STYLED_ITEM('',(#2378),#2371);
#2380=ADVANCED_FACE('',(#4989),#4991,.F.);
#2381=COLOUR_RGB($,1.,0.843137254901961,0.);
#2382=FILL_AREA_STYLE_COLOUR($,#2381);
#2383=FILL_AREA_STYLE($,(#2382));
#2384=SURFACE_STYLE_FILL_AREA(#2383);
#2385=SURFACE_SIDE_STYLE('',(#2384));
#2386=SURFACE_STYLE_USAGE(.BOTH.,#2385);
#2387=PRESENTATION_STYLE_ASSIGNMENT((#2386));
#2388=STYLED_ITEM('',(#2387),#2380);
#2389=ADVANCED_FACE('',(#4996),#4998,.F.);
#2390=COLOUR_RGB($,1.,0.843137254901961,0.);
#2391=FILL_AREA_STYLE_COLOUR($,#2390);
#2392=FILL_AREA_STYLE($,(#2391));
#2393=SURFACE_STYLE_FILL_AREA(#2392);
#2394=SURFACE_SIDE_STYLE('',(#2393));
#2395=SURFACE_STYLE_USAGE(.BOTH.,#2394);
#2396=PRESENTATION_STYLE_ASSIGNMENT((#2395));
#2397=STYLED_ITEM('',(#2396),#2389);
#2398=ADVANCED_FACE('',(#5003),#5005,.F.);
#2399=COLOUR_RGB($,1.,0.843137254901961,0.);
#2400=FILL_AREA_STYLE_COLOUR($,#2399);
#2401=FILL_AREA_STYLE($,(#2400));
#2402=SURFACE_STYLE_FILL_AREA(#2401);
#2403=SURFACE_SIDE_STYLE('',(#2402));
#2404=SURFACE_STYLE_USAGE(.BOTH.,#2403);
#2405=PRESENTATION_STYLE_ASSIGNMENT((#2404));
#2406=STYLED_ITEM('',(#2405),#2398);
#2407=ADVANCED_FACE('',(#5010),#5012,.F.);
#2408=COLOUR_RGB($,1.,0.843137254901961,0.);
#2409=FILL_AREA_STYLE_COLOUR($,#2408);
#2410=FILL_AREA_STYLE($,(#2409));
#2411=SURFACE_STYLE_FILL_AREA(#2410);
#2412=SURFACE_SIDE_STYLE('',(#2411));
#2413=SURFACE_STYLE_USAGE(.BOTH.,#2412);
#2414=PRESENTATION_STYLE_ASSIGNMENT((#2413));
#2415=STYLED_ITEM('',(#2414),#2407);
#2416=ADVANCED_FACE('',(#5017),#5019,.F.);
#2417=COLOUR_RGB($,1.,0.843137254901961,0.);
#2418=FILL_AREA_STYLE_COLOUR($,#2417);
#2419=FILL_AREA_STYLE($,(#2418));
#2420=SURFACE_STYLE_FILL_AREA(#2419);
#2421=SURFACE_SIDE_STYLE('',(#2420));
#2422=SURFACE_STYLE_USAGE(.BOTH.,#2421);
#2423=PRESENTATION_STYLE_ASSIGNMENT((#2422));
#2424=STYLED_ITEM('',(#2423),#2416);
#2425=ADVANCED_FACE('',(#5024),#5026,.F.);
#2426=COLOUR_RGB($,1.,0.843137254901961,0.);
#2427=FILL_AREA_STYLE_COLOUR($,#2426);
#2428=FILL_AREA_STYLE($,(#2427));
#2429=SURFACE_STYLE_FILL_AREA(#2428);
#2430=SURFACE_SIDE_STYLE('',(#2429));
#2431=SURFACE_STYLE_USAGE(.BOTH.,#2430);
#2432=PRESENTATION_STYLE_ASSIGNMENT((#2431));
#2433=STYLED_ITEM('',(#2432),#2425);
#2434=ADVANCED_FACE('',(#5031),#5033,.F.);
#2435=COLOUR_RGB($,1.,0.843137254901961,0.);
#2436=FILL_AREA_STYLE_COLOUR($,#2435);
#2437=FILL_AREA_STYLE($,(#2436));
#2438=SURFACE_STYLE_FILL_AREA(#2437);
#2439=SURFACE_SIDE_STYLE('',(#2438));
#2440=SURFACE_STYLE_USAGE(.BOTH.,#2439);
#2441=PRESENTATION_STYLE_ASSIGNMENT((#2440));
#2442=STYLED_ITEM('',(#2441),#2434);
#2443=ADVANCED_FACE('',(#5038),#5040,.F.);
#2444=COLOUR_RGB($,1.,0.843137254901961,0.);
#2445=FILL_AREA_STYLE_COLOUR($,#2444);
#2446=FILL_AREA_STYLE($,(#2445));
#2447=SURFACE_STYLE_FILL_AREA(#2446);
#2448=SURFACE_SIDE_STYLE('',(#2447));
#2449=SURFACE_STYLE_USAGE(.BOTH.,#2448);
#2450=PRESENTATION_STYLE_ASSIGNMENT((#2449));
#2451=STYLED_ITEM('',(#2450),#2443);
#2452=ADVANCED_FACE('',(#5045),#5047,.F.);
#2453=COLOUR_RGB($,1.,0.843137254901961,0.);
#2454=FILL_AREA_STYLE_COLOUR($,#2453);
#2455=FILL_AREA_STYLE($,(#2454));
#2456=SURFACE_STYLE_FILL_AREA(#2455);
#2457=SURFACE_SIDE_STYLE('',(#2456));
#2458=SURFACE_STYLE_USAGE(.BOTH.,#2457);
#2459=PRESENTATION_STYLE_ASSIGNMENT((#2458));
#2460=STYLED_ITEM('',(#2459),#2452);
#2461=ADVANCED_FACE('',(#5052),#5054,.F.);
#2462=COLOUR_RGB($,1.,0.843137254901961,0.);
#2463=FILL_AREA_STYLE_COLOUR($,#2462);
#2464=FILL_AREA_STYLE($,(#2463));
#2465=SURFACE_STYLE_FILL_AREA(#2464);
#2466=SURFACE_SIDE_STYLE('',(#2465));
#2467=SURFACE_STYLE_USAGE(.BOTH.,#2466);
#2468=PRESENTATION_STYLE_ASSIGNMENT((#2467));
#2469=STYLED_ITEM('',(#2468),#2461);
#2470=ADVANCED_FACE('',(#5059),#5061,.F.);
#2471=COLOUR_RGB($,1.,0.843137254901961,0.);
#2472=FILL_AREA_STYLE_COLOUR($,#2471);
#2473=FILL_AREA_STYLE($,(#2472));
#2474=SURFACE_STYLE_FILL_AREA(#2473);
#2475=SURFACE_SIDE_STYLE('',(#2474));
#2476=SURFACE_STYLE_USAGE(.BOTH.,#2475);
#2477=PRESENTATION_STYLE_ASSIGNMENT((#2476));
#2478=STYLED_ITEM('',(#2477),#2470);
#2479=ADVANCED_FACE('',(#5066),#5068,.F.);
#2480=COLOUR_RGB($,1.,0.843137254901961,0.);
#2481=FILL_AREA_STYLE_COLOUR($,#2480);
#2482=FILL_AREA_STYLE($,(#2481));
#2483=SURFACE_STYLE_FILL_AREA(#2482);
#2484=SURFACE_SIDE_STYLE('',(#2483));
#2485=SURFACE_STYLE_USAGE(.BOTH.,#2484);
#2486=PRESENTATION_STYLE_ASSIGNMENT((#2485));
#2487=STYLED_ITEM('',(#2486),#2479);
#2488=ADVANCED_FACE('',(#5073),#5075,.F.);
#2489=COLOUR_RGB($,1.,0.843137254901961,0.);
#2490=FILL_AREA_STYLE_COLOUR($,#2489);
#2491=FILL_AREA_STYLE($,(#2490));
#2492=SURFACE_STYLE_FILL_AREA(#2491);
#2493=SURFACE_SIDE_STYLE('',(#2492));
#2494=SURFACE_STYLE_USAGE(.BOTH.,#2493);
#2495=PRESENTATION_STYLE_ASSIGNMENT((#2494));
#2496=STYLED_ITEM('',(#2495),#2488);
#2497=ADVANCED_FACE('',(#5080),#5082,.F.);
#2498=COLOUR_RGB($,1.,0.843137254901961,0.);
#2499=FILL_AREA_STYLE_COLOUR($,#2498);
#2500=FILL_AREA_STYLE($,(#2499));
#2501=SURFACE_STYLE_FILL_AREA(#2500);
#2502=SURFACE_SIDE_STYLE('',(#2501));
#2503=SURFACE_STYLE_USAGE(.BOTH.,#2502);
#2504=PRESENTATION_STYLE_ASSIGNMENT((#2503));
#2505=STYLED_ITEM('',(#2504),#2497);
#2506=ADVANCED_FACE('',(#5087),#5089,.F.);
#2507=COLOUR_RGB($,1.,0.843137254901961,0.);
#2508=FILL_AREA_STYLE_COLOUR($,#2507);
#2509=FILL_AREA_STYLE($,(#2508));
#2510=SURFACE_STYLE_FILL_AREA(#2509);
#2511=SURFACE_SIDE_STYLE('',(#2510));
#2512=SURFACE_STYLE_USAGE(.BOTH.,#2511);
#2513=PRESENTATION_STYLE_ASSIGNMENT((#2512));
#2514=STYLED_ITEM('',(#2513),#2506);
#2515=ADVANCED_FACE('',(#5094),#5096,.F.);
#2516=COLOUR_RGB($,1.,0.843137254901961,0.);
#2517=FILL_AREA_STYLE_COLOUR($,#2516);
#2518=FILL_AREA_STYLE($,(#2517));
#2519=SURFACE_STYLE_FILL_AREA(#2518);
#2520=SURFACE_SIDE_STYLE('',(#2519));
#2521=SURFACE_STYLE_USAGE(.BOTH.,#2520);
#2522=PRESENTATION_STYLE_ASSIGNMENT((#2521));
#2523=STYLED_ITEM('',(#2522),#2515);
#2524=ADVANCED_FACE('',(#5101),#5103,.F.);
#2525=COLOUR_RGB($,1.,0.843137254901961,0.);
#2526=FILL_AREA_STYLE_COLOUR($,#2525);
#2527=FILL_AREA_STYLE($,(#2526));
#2528=SURFACE_STYLE_FILL_AREA(#2527);
#2529=SURFACE_SIDE_STYLE('',(#2528));
#2530=SURFACE_STYLE_USAGE(.BOTH.,#2529);
#2531=PRESENTATION_STYLE_ASSIGNMENT((#2530));
#2532=STYLED_ITEM('',(#2531),#2524);
#2533=ADVANCED_FACE('',(#5108),#5110,.F.);
#2534=COLOUR_RGB($,1.,0.843137254901961,0.);
#2535=FILL_AREA_STYLE_COLOUR($,#2534);
#2536=FILL_AREA_STYLE($,(#2535));
#2537=SURFACE_STYLE_FILL_AREA(#2536);
#2538=SURFACE_SIDE_STYLE('',(#2537));
#2539=SURFACE_STYLE_USAGE(.BOTH.,#2538);
#2540=PRESENTATION_STYLE_ASSIGNMENT((#2539));
#2541=STYLED_ITEM('',(#2540),#2533);
#2542=ADVANCED_FACE('',(#5115),#5117,.F.);
#2543=COLOUR_RGB($,1.,0.843137254901961,0.);
#2544=FILL_AREA_STYLE_COLOUR($,#2543);
#2545=FILL_AREA_STYLE($,(#2544));
#2546=SURFACE_STYLE_FILL_AREA(#2545);
#2547=SURFACE_SIDE_STYLE('',(#2546));
#2548=SURFACE_STYLE_USAGE(.BOTH.,#2547);
#2549=PRESENTATION_STYLE_ASSIGNMENT((#2548));
#2550=STYLED_ITEM('',(#2549),#2542);
#2551=ADVANCED_FACE('',(#5122),#5124,.F.);
#2552=COLOUR_RGB($,1.,0.843137254901961,0.);
#2553=FILL_AREA_STYLE_COLOUR($,#2552);
#2554=FILL_AREA_STYLE($,(#2553));
#2555=SURFACE_STYLE_FILL_AREA(#2554);
#2556=SURFACE_SIDE_STYLE('',(#2555));
#2557=SURFACE_STYLE_USAGE(.BOTH.,#2556);
#2558=PRESENTATION_STYLE_ASSIGNMENT((#2557));
#2559=STYLED_ITEM('',(#2558),#2551);
#2560=ADVANCED_FACE('',(#5129),#5131,.F.);
#2561=COLOUR_RGB($,1.,0.843137254901961,0.);
#2562=FILL_AREA_STYLE_COLOUR($,#2561);
#2563=FILL_AREA_STYLE($,(#2562));
#2564=SURFACE_STYLE_FILL_AREA(#2563);
#2565=SURFACE_SIDE_STYLE('',(#2564));
#2566=SURFACE_STYLE_USAGE(.BOTH.,#2565);
#2567=PRESENTATION_STYLE_ASSIGNMENT((#2566));
#2568=STYLED_ITEM('',(#2567),#2560);
#2569=ADVANCED_FACE('',(#5136),#5138,.F.);
#2570=COLOUR_RGB($,1.,0.843137254901961,0.);
#2571=FILL_AREA_STYLE_COLOUR($,#2570);
#2572=FILL_AREA_STYLE($,(#2571));
#2573=SURFACE_STYLE_FILL_AREA(#2572);
#2574=SURFACE_SIDE_STYLE('',(#2573));
#2575=SURFACE_STYLE_USAGE(.BOTH.,#2574);
#2576=PRESENTATION_STYLE_ASSIGNMENT((#2575));
#2577=STYLED_ITEM('',(#2576),#2569);
#2578=ADVANCED_FACE('',(#5143),#5145,.F.);
#2579=COLOUR_RGB($,1.,0.843137254901961,0.);
#2580=FILL_AREA_STYLE_COLOUR($,#2579);
#2581=FILL_AREA_STYLE($,(#2580));
#2582=SURFACE_STYLE_FILL_AREA(#2581);
#2583=SURFACE_SIDE_STYLE('',(#2582));
#2584=SURFACE_STYLE_USAGE(.BOTH.,#2583);
#2585=PRESENTATION_STYLE_ASSIGNMENT((#2584));
#2586=STYLED_ITEM('',(#2585),#2578);
#2587=ADVANCED_FACE('',(#5150),#5152,.F.);
#2588=COLOUR_RGB($,1.,0.843137254901961,0.);
#2589=FILL_AREA_STYLE_COLOUR($,#2588);
#2590=FILL_AREA_STYLE($,(#2589));
#2591=SURFACE_STYLE_FILL_AREA(#2590);
#2592=SURFACE_SIDE_STYLE('',(#2591));
#2593=SURFACE_STYLE_USAGE(.BOTH.,#2592);
#2594=PRESENTATION_STYLE_ASSIGNMENT((#2593));
#2595=STYLED_ITEM('',(#2594),#2587);
#2596=ADVANCED_FACE('',(#5157),#5159,.F.);
#2597=COLOUR_RGB($,1.,0.843137254901961,0.);
#2598=FILL_AREA_STYLE_COLOUR($,#2597);
#2599=FILL_AREA_STYLE($,(#2598));
#2600=SURFACE_STYLE_FILL_AREA(#2599);
#2601=SURFACE_SIDE_STYLE('',(#2600));
#2602=SURFACE_STYLE_USAGE(.BOTH.,#2601);
#2603=PRESENTATION_STYLE_ASSIGNMENT((#2602));
#2604=STYLED_ITEM('',(#2603),#2596);
#2605=ADVANCED_FACE('',(#5164),#5166,.F.);
#2606=COLOUR_RGB($,1.,0.843137254901961,0.);
#2607=FILL_AREA_STYLE_COLOUR($,#2606);
#2608=FILL_AREA_STYLE($,(#2607));
#2609=SURFACE_STYLE_FILL_AREA(#2608);
#2610=SURFACE_SIDE_STYLE('',(#2609));
#2611=SURFACE_STYLE_USAGE(.BOTH.,#2610);
#2612=PRESENTATION_STYLE_ASSIGNMENT((#2611));
#2613=STYLED_ITEM('',(#2612),#2605);
#2614=ADVANCED_FACE('',(#5171),#5173,.F.);
#2615=COLOUR_RGB($,1.,0.843137254901961,0.);
#2616=FILL_AREA_STYLE_COLOUR($,#2615);
#2617=FILL_AREA_STYLE($,(#2616));
#2618=SURFACE_STYLE_FILL_AREA(#2617);
#2619=SURFACE_SIDE_STYLE('',(#2618));
#2620=SURFACE_STYLE_USAGE(.BOTH.,#2619);
#2621=PRESENTATION_STYLE_ASSIGNMENT((#2620));
#2622=STYLED_ITEM('',(#2621),#2614);
#2623=ADVANCED_FACE('',(#5178),#5180,.F.);
#2624=COLOUR_RGB($,1.,0.843137254901961,0.);
#2625=FILL_AREA_STYLE_COLOUR($,#2624);
#2626=FILL_AREA_STYLE($,(#2625));
#2627=SURFACE_STYLE_FILL_AREA(#2626);
#2628=SURFACE_SIDE_STYLE('',(#2627));
#2629=SURFACE_STYLE_USAGE(.BOTH.,#2628);
#2630=PRESENTATION_STYLE_ASSIGNMENT((#2629));
#2631=STYLED_ITEM('',(#2630),#2623);
#2632=ADVANCED_FACE('',(#5185),#5187,.F.);
#2633=COLOUR_RGB($,1.,0.843137254901961,0.);
#2634=FILL_AREA_STYLE_COLOUR($,#2633);
#2635=FILL_AREA_STYLE($,(#2634));
#2636=SURFACE_STYLE_FILL_AREA(#2635);
#2637=SURFACE_SIDE_STYLE('',(#2636));
#2638=SURFACE_STYLE_USAGE(.BOTH.,#2637);
#2639=PRESENTATION_STYLE_ASSIGNMENT((#2638));
#2640=STYLED_ITEM('',(#2639),#2632);
#2641=ADVANCED_FACE('',(#5192),#5194,.F.);
#2642=COLOUR_RGB($,1.,0.843137254901961,0.);
#2643=FILL_AREA_STYLE_COLOUR($,#2642);
#2644=FILL_AREA_STYLE($,(#2643));
#2645=SURFACE_STYLE_FILL_AREA(#2644);
#2646=SURFACE_SIDE_STYLE('',(#2645));
#2647=SURFACE_STYLE_USAGE(.BOTH.,#2646);
#2648=PRESENTATION_STYLE_ASSIGNMENT((#2647));
#2649=STYLED_ITEM('',(#2648),#2641);
#2650=ADVANCED_FACE('',(#5199),#5201,.F.);
#2651=COLOUR_RGB($,1.,0.843137254901961,0.);
#2652=FILL_AREA_STYLE_COLOUR($,#2651);
#2653=FILL_AREA_STYLE($,(#2652));
#2654=SURFACE_STYLE_FILL_AREA(#2653);
#2655=SURFACE_SIDE_STYLE('',(#2654));
#2656=SURFACE_STYLE_USAGE(.BOTH.,#2655);
#2657=PRESENTATION_STYLE_ASSIGNMENT((#2656));
#2658=STYLED_ITEM('',(#2657),#2650);
#2659=ADVANCED_FACE('',(#5206),#5208,.F.);
#2660=COLOUR_RGB($,1.,0.843137254901961,0.);
#2661=FILL_AREA_STYLE_COLOUR($,#2660);
#2662=FILL_AREA_STYLE($,(#2661));
#2663=SURFACE_STYLE_FILL_AREA(#2662);
#2664=SURFACE_SIDE_STYLE('',(#2663));
#2665=SURFACE_STYLE_USAGE(.BOTH.,#2664);
#2666=PRESENTATION_STYLE_ASSIGNMENT((#2665));
#2667=STYLED_ITEM('',(#2666),#2659);
#2668=ADVANCED_FACE('',(#5213),#5215,.F.);
#2669=COLOUR_RGB($,1.,0.843137254901961,0.);
#2670=FILL_AREA_STYLE_COLOUR($,#2669);
#2671=FILL_AREA_STYLE($,(#2670));
#2672=SURFACE_STYLE_FILL_AREA(#2671);
#2673=SURFACE_SIDE_STYLE('',(#2672));
#2674=SURFACE_STYLE_USAGE(.BOTH.,#2673);
#2675=PRESENTATION_STYLE_ASSIGNMENT((#2674));
#2676=STYLED_ITEM('',(#2675),#2668);
#2677=ADVANCED_FACE('',(#5220),#5222,.F.);
#2678=COLOUR_RGB($,1.,0.843137254901961,0.);
#2679=FILL_AREA_STYLE_COLOUR($,#2678);
#2680=FILL_AREA_STYLE($,(#2679));
#2681=SURFACE_STYLE_FILL_AREA(#2680);
#2682=SURFACE_SIDE_STYLE('',(#2681));
#2683=SURFACE_STYLE_USAGE(.BOTH.,#2682);
#2684=PRESENTATION_STYLE_ASSIGNMENT((#2683));
#2685=STYLED_ITEM('',(#2684),#2677);
#2686=ADVANCED_FACE('',(#5227),#5229,.F.);
#2687=COLOUR_RGB($,1.,0.843137254901961,0.);
#2688=FILL_AREA_STYLE_COLOUR($,#2687);
#2689=FILL_AREA_STYLE($,(#2688));
#2690=SURFACE_STYLE_FILL_AREA(#2689);
#2691=SURFACE_SIDE_STYLE('',(#2690));
#2692=SURFACE_STYLE_USAGE(.BOTH.,#2691);
#2693=PRESENTATION_STYLE_ASSIGNMENT((#2692));
#2694=STYLED_ITEM('',(#2693),#2686);
#2695=ADVANCED_FACE('',(#5234),#5236,.F.);
#2696=COLOUR_RGB($,1.,0.843137254901961,0.);
#2697=FILL_AREA_STYLE_COLOUR($,#2696);
#2698=FILL_AREA_STYLE($,(#2697));
#2699=SURFACE_STYLE_FILL_AREA(#2698);
#2700=SURFACE_SIDE_STYLE('',(#2699));
#2701=SURFACE_STYLE_USAGE(.BOTH.,#2700);
#2702=PRESENTATION_STYLE_ASSIGNMENT((#2701));
#2703=STYLED_ITEM('',(#2702),#2695);
#2704=ADVANCED_FACE('',(#5241),#5243,.F.);
#2705=COLOUR_RGB($,1.,0.843137254901961,0.);
#2706=FILL_AREA_STYLE_COLOUR($,#2705);
#2707=FILL_AREA_STYLE($,(#2706));
#2708=SURFACE_STYLE_FILL_AREA(#2707);
#2709=SURFACE_SIDE_STYLE('',(#2708));
#2710=SURFACE_STYLE_USAGE(.BOTH.,#2709);
#2711=PRESENTATION_STYLE_ASSIGNMENT((#2710));
#2712=STYLED_ITEM('',(#2711),#2704);
#2713=ADVANCED_FACE('',(#5248),#5250,.F.);
#2714=COLOUR_RGB($,1.,0.843137254901961,0.);
#2715=FILL_AREA_STYLE_COLOUR($,#2714);
#2716=FILL_AREA_STYLE($,(#2715));
#2717=SURFACE_STYLE_FILL_AREA(#2716);
#2718=SURFACE_SIDE_STYLE('',(#2717));
#2719=SURFACE_STYLE_USAGE(.BOTH.,#2718);
#2720=PRESENTATION_STYLE_ASSIGNMENT((#2719));
#2721=STYLED_ITEM('',(#2720),#2713);
#2722=ADVANCED_FACE('',(#5255),#5257,.F.);
#2723=COLOUR_RGB($,1.,0.843137254901961,0.);
#2724=FILL_AREA_STYLE_COLOUR($,#2723);
#2725=FILL_AREA_STYLE($,(#2724));
#2726=SURFACE_STYLE_FILL_AREA(#2725);
#2727=SURFACE_SIDE_STYLE('',(#2726));
#2728=SURFACE_STYLE_USAGE(.BOTH.,#2727);
#2729=PRESENTATION_STYLE_ASSIGNMENT((#2728));
#2730=STYLED_ITEM('',(#2729),#2722);
#2731=ADVANCED_FACE('',(#5262),#5264,.F.);
#2732=COLOUR_RGB($,1.,0.843137254901961,0.);
#2733=FILL_AREA_STYLE_COLOUR($,#2732);
#2734=FILL_AREA_STYLE($,(#2733));
#2735=SURFACE_STYLE_FILL_AREA(#2734);
#2736=SURFACE_SIDE_STYLE('',(#2735));
#2737=SURFACE_STYLE_USAGE(.BOTH.,#2736);
#2738=PRESENTATION_STYLE_ASSIGNMENT((#2737));
#2739=STYLED_ITEM('',(#2738),#2731);
#2740=ADVANCED_FACE('',(#5269),#5271,.F.);
#2741=COLOUR_RGB($,1.,0.843137254901961,0.);
#2742=FILL_AREA_STYLE_COLOUR($,#2741);
#2743=FILL_AREA_STYLE($,(#2742));
#2744=SURFACE_STYLE_FILL_AREA(#2743);
#2745=SURFACE_SIDE_STYLE('',(#2744));
#2746=SURFACE_STYLE_USAGE(.BOTH.,#2745);
#2747=PRESENTATION_STYLE_ASSIGNMENT((#2746));
#2748=STYLED_ITEM('',(#2747),#2740);
#2749=ADVANCED_FACE('',(#5276),#5278,.F.);
#2750=COLOUR_RGB($,1.,0.843137254901961,0.);
#2751=FILL_AREA_STYLE_COLOUR($,#2750);
#2752=FILL_AREA_STYLE($,(#2751));
#2753=SURFACE_STYLE_FILL_AREA(#2752);
#2754=SURFACE_SIDE_STYLE('',(#2753));
#2755=SURFACE_STYLE_USAGE(.BOTH.,#2754);
#2756=PRESENTATION_STYLE_ASSIGNMENT((#2755));
#2757=STYLED_ITEM('',(#2756),#2749);
#2758=ADVANCED_FACE('',(#5283),#5285,.F.);
#2759=COLOUR_RGB($,1.,0.843137254901961,0.);
#2760=FILL_AREA_STYLE_COLOUR($,#2759);
#2761=FILL_AREA_STYLE($,(#2760));
#2762=SURFACE_STYLE_FILL_AREA(#2761);
#2763=SURFACE_SIDE_STYLE('',(#2762));
#2764=SURFACE_STYLE_USAGE(.BOTH.,#2763);
#2765=PRESENTATION_STYLE_ASSIGNMENT((#2764));
#2766=STYLED_ITEM('',(#2765),#2758);
#2767=ADVANCED_FACE('',(#5290),#5292,.F.);
#2768=COLOUR_RGB($,1.,0.843137254901961,0.);
#2769=FILL_AREA_STYLE_COLOUR($,#2768);
#2770=FILL_AREA_STYLE($,(#2769));
#2771=SURFACE_STYLE_FILL_AREA(#2770);
#2772=SURFACE_SIDE_STYLE('',(#2771));
#2773=SURFACE_STYLE_USAGE(.BOTH.,#2772);
#2774=PRESENTATION_STYLE_ASSIGNMENT((#2773));
#2775=STYLED_ITEM('',(#2774),#2767);
#2776=ADVANCED_FACE('',(#5297),#5299,.F.);
#2777=COLOUR_RGB($,1.,0.843137254901961,0.);
#2778=FILL_AREA_STYLE_COLOUR($,#2777);
#2779=FILL_AREA_STYLE($,(#2778));
#2780=SURFACE_STYLE_FILL_AREA(#2779);
#2781=SURFACE_SIDE_STYLE('',(#2780));
#2782=SURFACE_STYLE_USAGE(.BOTH.,#2781);
#2783=PRESENTATION_STYLE_ASSIGNMENT((#2782));
#2784=STYLED_ITEM('',(#2783),#2776);
#2785=ADVANCED_FACE('',(#5304),#5306,.F.);
#2786=COLOUR_RGB($,1.,0.843137254901961,0.);
#2787=FILL_AREA_STYLE_COLOUR($,#2786);
#2788=FILL_AREA_STYLE($,(#2787));
#2789=SURFACE_STYLE_FILL_AREA(#2788);
#2790=SURFACE_SIDE_STYLE('',(#2789));
#2791=SURFACE_STYLE_USAGE(.BOTH.,#2790);
#2792=PRESENTATION_STYLE_ASSIGNMENT((#2791));
#2793=STYLED_ITEM('',(#2792),#2785);
#2794=ADVANCED_FACE('',(#5311),#5313,.F.);
#2795=COLOUR_RGB($,1.,0.843137254901961,0.);
#2796=FILL_AREA_STYLE_COLOUR($,#2795);
#2797=FILL_AREA_STYLE($,(#2796));
#2798=SURFACE_STYLE_FILL_AREA(#2797);
#2799=SURFACE_SIDE_STYLE('',(#2798));
#2800=SURFACE_STYLE_USAGE(.BOTH.,#2799);
#2801=PRESENTATION_STYLE_ASSIGNMENT((#2800));
#2802=STYLED_ITEM('',(#2801),#2794);
#2803=ADVANCED_FACE('',(#5318),#5320,.F.);
#2804=COLOUR_RGB($,1.,0.843137254901961,0.);
#2805=FILL_AREA_STYLE_COLOUR($,#2804);
#2806=FILL_AREA_STYLE($,(#2805));
#2807=SURFACE_STYLE_FILL_AREA(#2806);
#2808=SURFACE_SIDE_STYLE('',(#2807));
#2809=SURFACE_STYLE_USAGE(.BOTH.,#2808);
#2810=PRESENTATION_STYLE_ASSIGNMENT((#2809));
#2811=STYLED_ITEM('',(#2810),#2803);
#2812=ADVANCED_FACE('',(#5325),#5327,.F.);
#2813=COLOUR_RGB($,1.,0.843137254901961,0.);
#2814=FILL_AREA_STYLE_COLOUR($,#2813);
#2815=FILL_AREA_STYLE($,(#2814));
#2816=SURFACE_STYLE_FILL_AREA(#2815);
#2817=SURFACE_SIDE_STYLE('',(#2816));
#2818=SURFACE_STYLE_USAGE(.BOTH.,#2817);
#2819=PRESENTATION_STYLE_ASSIGNMENT((#2818));
#2820=STYLED_ITEM('',(#2819),#2812);
#2821=ADVANCED_FACE('',(#5332),#5334,.F.);
#2822=COLOUR_RGB($,1.,0.843137254901961,0.);
#2823=FILL_AREA_STYLE_COLOUR($,#2822);
#2824=FILL_AREA_STYLE($,(#2823));
#2825=SURFACE_STYLE_FILL_AREA(#2824);
#2826=SURFACE_SIDE_STYLE('',(#2825));
#2827=SURFACE_STYLE_USAGE(.BOTH.,#2826);
#2828=PRESENTATION_STYLE_ASSIGNMENT((#2827));
#2829=STYLED_ITEM('',(#2828),#2821);
#2830=ADVANCED_FACE('',(#5339),#5341,.F.);
#2831=COLOUR_RGB($,1.,0.843137254901961,0.);
#2832=FILL_AREA_STYLE_COLOUR($,#2831);
#2833=FILL_AREA_STYLE($,(#2832));
#2834=SURFACE_STYLE_FILL_AREA(#2833);
#2835=SURFACE_SIDE_STYLE('',(#2834));
#2836=SURFACE_STYLE_USAGE(.BOTH.,#2835);
#2837=PRESENTATION_STYLE_ASSIGNMENT((#2836));
#2838=STYLED_ITEM('',(#2837),#2830);
#2839=ADVANCED_FACE('',(#5346),#5348,.F.);
#2840=COLOUR_RGB($,1.,0.843137254901961,0.);
#2841=FILL_AREA_STYLE_COLOUR($,#2840);
#2842=FILL_AREA_STYLE($,(#2841));
#2843=SURFACE_STYLE_FILL_AREA(#2842);
#2844=SURFACE_SIDE_STYLE('',(#2843));
#2845=SURFACE_STYLE_USAGE(.BOTH.,#2844);
#2846=PRESENTATION_STYLE_ASSIGNMENT((#2845));
#2847=STYLED_ITEM('',(#2846),#2839);
#2848=ADVANCED_FACE('',(#5353),#5355,.F.);
#2849=COLOUR_RGB($,1.,0.843137254901961,0.);
#2850=FILL_AREA_STYLE_COLOUR($,#2849);
#2851=FILL_AREA_STYLE($,(#2850));
#2852=SURFACE_STYLE_FILL_AREA(#2851);
#2853=SURFACE_SIDE_STYLE('',(#2852));
#2854=SURFACE_STYLE_USAGE(.BOTH.,#2853);
#2855=PRESENTATION_STYLE_ASSIGNMENT((#2854));
#2856=STYLED_ITEM('',(#2855),#2848);
#2857=ADVANCED_FACE('',(#5360),#5362,.F.);
#2858=COLOUR_RGB($,1.,0.843137254901961,0.);
#2859=FILL_AREA_STYLE_COLOUR($,#2858);
#2860=FILL_AREA_STYLE($,(#2859));
#2861=SURFACE_STYLE_FILL_AREA(#2860);
#2862=SURFACE_SIDE_STYLE('',(#2861));
#2863=SURFACE_STYLE_USAGE(.BOTH.,#2862);
#2864=PRESENTATION_STYLE_ASSIGNMENT((#2863));
#2865=STYLED_ITEM('',(#2864),#2857);
#2866=ADVANCED_FACE('',(#5367),#5369,.F.);
#2867=COLOUR_RGB($,1.,0.843137254901961,0.);
#2868=FILL_AREA_STYLE_COLOUR($,#2867);
#2869=FILL_AREA_STYLE($,(#2868));
#2870=SURFACE_STYLE_FILL_AREA(#2869);
#2871=SURFACE_SIDE_STYLE('',(#2870));
#2872=SURFACE_STYLE_USAGE(.BOTH.,#2871);
#2873=PRESENTATION_STYLE_ASSIGNMENT((#2872));
#2874=STYLED_ITEM('',(#2873),#2866);
#2875=ADVANCED_FACE('',(#5374),#5376,.T.);
#2876=COLOUR_RGB($,1.,0.843137254901961,0.);
#2877=FILL_AREA_STYLE_COLOUR($,#2876);
#2878=FILL_AREA_STYLE($,(#2877));
#2879=SURFACE_STYLE_FILL_AREA(#2878);
#2880=SURFACE_SIDE_STYLE('',(#2879));
#2881=SURFACE_STYLE_USAGE(.BOTH.,#2880);
#2882=PRESENTATION_STYLE_ASSIGNMENT((#2881));
#2883=STYLED_ITEM('',(#2882),#2875);
#2884=ADVANCED_FACE('',(#5381),#5383,.T.);
#2885=COLOUR_RGB($,1.,0.843137254901961,0.);
#2886=FILL_AREA_STYLE_COLOUR($,#2885);
#2887=FILL_AREA_STYLE($,(#2886));
#2888=SURFACE_STYLE_FILL_AREA(#2887);
#2889=SURFACE_SIDE_STYLE('',(#2888));
#2890=SURFACE_STYLE_USAGE(.BOTH.,#2889);
#2891=PRESENTATION_STYLE_ASSIGNMENT((#2890));
#2892=STYLED_ITEM('',(#2891),#2884);
#2893=ADVANCED_FACE('',(#5388),#5390,.T.);
#2894=COLOUR_RGB($,1.,0.843137254901961,0.);
#2895=FILL_AREA_STYLE_COLOUR($,#2894);
#2896=FILL_AREA_STYLE($,(#2895));
#2897=SURFACE_STYLE_FILL_AREA(#2896);
#2898=SURFACE_SIDE_STYLE('',(#2897));
#2899=SURFACE_STYLE_USAGE(.BOTH.,#2898);
#2900=PRESENTATION_STYLE_ASSIGNMENT((#2899));
#2901=STYLED_ITEM('',(#2900),#2893);
#2902=ADVANCED_FACE('',(#5395),#5397,.T.);
#2903=COLOUR_RGB($,1.,0.843137254901961,0.);
#2904=FILL_AREA_STYLE_COLOUR($,#2903);
#2905=FILL_AREA_STYLE($,(#2904));
#2906=SURFACE_STYLE_FILL_AREA(#2905);
#2907=SURFACE_SIDE_STYLE('',(#2906));
#2908=SURFACE_STYLE_USAGE(.BOTH.,#2907);
#2909=PRESENTATION_STYLE_ASSIGNMENT((#2908));
#2910=STYLED_ITEM('',(#2909),#2902);
#2911=ADVANCED_FACE('',(#5402),#5404,.T.);
#2912=COLOUR_RGB($,1.,0.843137254901961,0.);
#2913=FILL_AREA_STYLE_COLOUR($,#2912);
#2914=FILL_AREA_STYLE($,(#2913));
#2915=SURFACE_STYLE_FILL_AREA(#2914);
#2916=SURFACE_SIDE_STYLE('',(#2915));
#2917=SURFACE_STYLE_USAGE(.BOTH.,#2916);
#2918=PRESENTATION_STYLE_ASSIGNMENT((#2917));
#2919=STYLED_ITEM('',(#2918),#2911);
#2920=ADVANCED_FACE('',(#5409),#5411,.T.);
#2921=COLOUR_RGB($,1.,0.843137254901961,0.);
#2922=FILL_AREA_STYLE_COLOUR($,#2921);
#2923=FILL_AREA_STYLE($,(#2922));
#2924=SURFACE_STYLE_FILL_AREA(#2923);
#2925=SURFACE_SIDE_STYLE('',(#2924));
#2926=SURFACE_STYLE_USAGE(.BOTH.,#2925);
#2927=PRESENTATION_STYLE_ASSIGNMENT((#2926));
#2928=STYLED_ITEM('',(#2927),#2920);
#2929=ADVANCED_FACE('',(#5416),#5418,.T.);
#2930=COLOUR_RGB($,1.,0.843137254901961,0.);
#2931=FILL_AREA_STYLE_COLOUR($,#2930);
#2932=FILL_AREA_STYLE($,(#2931));
#2933=SURFACE_STYLE_FILL_AREA(#2932);
#2934=SURFACE_SIDE_STYLE('',(#2933));
#2935=SURFACE_STYLE_USAGE(.BOTH.,#2934);
#2936=PRESENTATION_STYLE_ASSIGNMENT((#2935));
#2937=STYLED_ITEM('',(#2936),#2929);
#2938=ADVANCED_FACE('',(#5423),#5425,.T.);
#2939=COLOUR_RGB($,1.,0.843137254901961,0.);
#2940=FILL_AREA_STYLE_COLOUR($,#2939);
#2941=FILL_AREA_STYLE($,(#2940));
#2942=SURFACE_STYLE_FILL_AREA(#2941);
#2943=SURFACE_SIDE_STYLE('',(#2942));
#2944=SURFACE_STYLE_USAGE(.BOTH.,#2943);
#2945=PRESENTATION_STYLE_ASSIGNMENT((#2944));
#2946=STYLED_ITEM('',(#2945),#2938);
#2947=ADVANCED_FACE('',(#5430),#5432,.T.);
#2948=COLOUR_RGB($,1.,0.843137254901961,0.);
#2949=FILL_AREA_STYLE_COLOUR($,#2948);
#2950=FILL_AREA_STYLE($,(#2949));
#2951=SURFACE_STYLE_FILL_AREA(#2950);
#2952=SURFACE_SIDE_STYLE('',(#2951));
#2953=SURFACE_STYLE_USAGE(.BOTH.,#2952);
#2954=PRESENTATION_STYLE_ASSIGNMENT((#2953));
#2955=STYLED_ITEM('',(#2954),#2947);
#2956=ADVANCED_FACE('',(#5437),#5439,.T.);
#2957=COLOUR_RGB($,1.,0.843137254901961,0.);
#2958=FILL_AREA_STYLE_COLOUR($,#2957);
#2959=FILL_AREA_STYLE($,(#2958));
#2960=SURFACE_STYLE_FILL_AREA(#2959);
#2961=SURFACE_SIDE_STYLE('',(#2960));
#2962=SURFACE_STYLE_USAGE(.BOTH.,#2961);
#2963=PRESENTATION_STYLE_ASSIGNMENT((#2962));
#2964=STYLED_ITEM('',(#2963),#2956);
#2965=ADVANCED_FACE('',(#5444),#5446,.T.);
#2966=COLOUR_RGB($,1.,0.843137254901961,0.);
#2967=FILL_AREA_STYLE_COLOUR($,#2966);
#2968=FILL_AREA_STYLE($,(#2967));
#2969=SURFACE_STYLE_FILL_AREA(#2968);
#2970=SURFACE_SIDE_STYLE('',(#2969));
#2971=SURFACE_STYLE_USAGE(.BOTH.,#2970);
#2972=PRESENTATION_STYLE_ASSIGNMENT((#2971));
#2973=STYLED_ITEM('',(#2972),#2965);
#2974=ADVANCED_FACE('',(#5451),#5453,.T.);
#2975=COLOUR_RGB($,1.,0.843137254901961,0.);
#2976=FILL_AREA_STYLE_COLOUR($,#2975);
#2977=FILL_AREA_STYLE($,(#2976));
#2978=SURFACE_STYLE_FILL_AREA(#2977);
#2979=SURFACE_SIDE_STYLE('',(#2978));
#2980=SURFACE_STYLE_USAGE(.BOTH.,#2979);
#2981=PRESENTATION_STYLE_ASSIGNMENT((#2980));
#2982=STYLED_ITEM('',(#2981),#2974);
#2983=ADVANCED_FACE('',(#5458),#5460,.T.);
#2984=COLOUR_RGB($,1.,0.843137254901961,0.);
#2985=FILL_AREA_STYLE_COLOUR($,#2984);
#2986=FILL_AREA_STYLE($,(#2985));
#2987=SURFACE_STYLE_FILL_AREA(#2986);
#2988=SURFACE_SIDE_STYLE('',(#2987));
#2989=SURFACE_STYLE_USAGE(.BOTH.,#2988);
#2990=PRESENTATION_STYLE_ASSIGNMENT((#2989));
#2991=STYLED_ITEM('',(#2990),#2983);
#2992=ADVANCED_FACE('',(#5465),#5467,.T.);
#2993=COLOUR_RGB($,1.,0.843137254901961,0.);
#2994=FILL_AREA_STYLE_COLOUR($,#2993);
#2995=FILL_AREA_STYLE($,(#2994));
#2996=SURFACE_STYLE_FILL_AREA(#2995);
#2997=SURFACE_SIDE_STYLE('',(#2996));
#2998=SURFACE_STYLE_USAGE(.BOTH.,#2997);
#2999=PRESENTATION_STYLE_ASSIGNMENT((#2998));
#3000=STYLED_ITEM('',(#2999),#2992);
#3001=ADVANCED_FACE('',(#5472),#5474,.F.);
#3002=COLOUR_RGB($,1.,0.843137254901961,0.);
#3003=FILL_AREA_STYLE_COLOUR($,#3002);
#3004=FILL_AREA_STYLE($,(#3003));
#3005=SURFACE_STYLE_FILL_AREA(#3004);
#3006=SURFACE_SIDE_STYLE('',(#3005));
#3007=SURFACE_STYLE_USAGE(.BOTH.,#3006);
#3008=PRESENTATION_STYLE_ASSIGNMENT((#3007));
#3009=STYLED_ITEM('',(#3008),#3001);
#3010=ADVANCED_FACE('',(#5479),#5481,.F.);
#3011=COLOUR_RGB($,1.,0.843137254901961,0.);
#3012=FILL_AREA_STYLE_COLOUR($,#3011);
#3013=FILL_AREA_STYLE($,(#3012));
#3014=SURFACE_STYLE_FILL_AREA(#3013);
#3015=SURFACE_SIDE_STYLE('',(#3014));
#3016=SURFACE_STYLE_USAGE(.BOTH.,#3015);
#3017=PRESENTATION_STYLE_ASSIGNMENT((#3016));
#3018=STYLED_ITEM('',(#3017),#3010);
#3019=ADVANCED_FACE('',(#5486),#5488,.F.);
#3020=COLOUR_RGB($,1.,0.843137254901961,0.);
#3021=FILL_AREA_STYLE_COLOUR($,#3020);
#3022=FILL_AREA_STYLE($,(#3021));
#3023=SURFACE_STYLE_FILL_AREA(#3022);
#3024=SURFACE_SIDE_STYLE('',(#3023));
#3025=SURFACE_STYLE_USAGE(.BOTH.,#3024);
#3026=PRESENTATION_STYLE_ASSIGNMENT((#3025));
#3027=STYLED_ITEM('',(#3026),#3019);
#3028=ADVANCED_FACE('',(#5493),#5495,.F.);
#3029=COLOUR_RGB($,1.,0.843137254901961,0.);
#3030=FILL_AREA_STYLE_COLOUR($,#3029);
#3031=FILL_AREA_STYLE($,(#3030));
#3032=SURFACE_STYLE_FILL_AREA(#3031);
#3033=SURFACE_SIDE_STYLE('',(#3032));
#3034=SURFACE_STYLE_USAGE(.BOTH.,#3033);
#3035=PRESENTATION_STYLE_ASSIGNMENT((#3034));
#3036=STYLED_ITEM('',(#3035),#3028);
#3037=ADVANCED_FACE('',(#5500),#5502,.F.);
#3038=COLOUR_RGB($,1.,0.843137254901961,0.);
#3039=FILL_AREA_STYLE_COLOUR($,#3038);
#3040=FILL_AREA_STYLE($,(#3039));
#3041=SURFACE_STYLE_FILL_AREA(#3040);
#3042=SURFACE_SIDE_STYLE('',(#3041));
#3043=SURFACE_STYLE_USAGE(.BOTH.,#3042);
#3044=PRESENTATION_STYLE_ASSIGNMENT((#3043));
#3045=STYLED_ITEM('',(#3044),#3037);
#3046=ADVANCED_FACE('',(#5507),#5509,.F.);
#3047=COLOUR_RGB($,1.,0.843137254901961,0.);
#3048=FILL_AREA_STYLE_COLOUR($,#3047);
#3049=FILL_AREA_STYLE($,(#3048));
#3050=SURFACE_STYLE_FILL_AREA(#3049);
#3051=SURFACE_SIDE_STYLE('',(#3050));
#3052=SURFACE_STYLE_USAGE(.BOTH.,#3051);
#3053=PRESENTATION_STYLE_ASSIGNMENT((#3052));
#3054=STYLED_ITEM('',(#3053),#3046);
#3055=ADVANCED_FACE('',(#5514),#5516,.F.);
#3056=COLOUR_RGB($,1.,0.843137254901961,0.);
#3057=FILL_AREA_STYLE_COLOUR($,#3056);
#3058=FILL_AREA_STYLE($,(#3057));
#3059=SURFACE_STYLE_FILL_AREA(#3058);
#3060=SURFACE_SIDE_STYLE('',(#3059));
#3061=SURFACE_STYLE_USAGE(.BOTH.,#3060);
#3062=PRESENTATION_STYLE_ASSIGNMENT((#3061));
#3063=STYLED_ITEM('',(#3062),#3055);
#3064=ADVANCED_FACE('',(#5521),#5523,.F.);
#3065=COLOUR_RGB($,1.,0.843137254901961,0.);
#3066=FILL_AREA_STYLE_COLOUR($,#3065);
#3067=FILL_AREA_STYLE($,(#3066));
#3068=SURFACE_STYLE_FILL_AREA(#3067);
#3069=SURFACE_SIDE_STYLE('',(#3068));
#3070=SURFACE_STYLE_USAGE(.BOTH.,#3069);
#3071=PRESENTATION_STYLE_ASSIGNMENT((#3070));
#3072=STYLED_ITEM('',(#3071),#3064);
#3073=ADVANCED_FACE('',(#5528),#5530,.F.);
#3074=COLOUR_RGB($,1.,0.843137254901961,0.);
#3075=FILL_AREA_STYLE_COLOUR($,#3074);
#3076=FILL_AREA_STYLE($,(#3075));
#3077=SURFACE_STYLE_FILL_AREA(#3076);
#3078=SURFACE_SIDE_STYLE('',(#3077));
#3079=SURFACE_STYLE_USAGE(.BOTH.,#3078);
#3080=PRESENTATION_STYLE_ASSIGNMENT((#3079));
#3081=STYLED_ITEM('',(#3080),#3073);
#3082=ADVANCED_FACE('',(#5535),#5537,.F.);
#3083=COLOUR_RGB($,1.,0.843137254901961,0.);
#3084=FILL_AREA_STYLE_COLOUR($,#3083);
#3085=FILL_AREA_STYLE($,(#3084));
#3086=SURFACE_STYLE_FILL_AREA(#3085);
#3087=SURFACE_SIDE_STYLE('',(#3086));
#3088=SURFACE_STYLE_USAGE(.BOTH.,#3087);
#3089=PRESENTATION_STYLE_ASSIGNMENT((#3088));
#3090=STYLED_ITEM('',(#3089),#3082);
#3091=ADVANCED_FACE('',(#5542),#5544,.F.);
#3092=COLOUR_RGB($,1.,0.843137254901961,0.);
#3093=FILL_AREA_STYLE_COLOUR($,#3092);
#3094=FILL_AREA_STYLE($,(#3093));
#3095=SURFACE_STYLE_FILL_AREA(#3094);
#3096=SURFACE_SIDE_STYLE('',(#3095));
#3097=SURFACE_STYLE_USAGE(.BOTH.,#3096);
#3098=PRESENTATION_STYLE_ASSIGNMENT((#3097));
#3099=STYLED_ITEM('',(#3098),#3091);
#3100=ADVANCED_FACE('',(#5549),#5551,.F.);
#3101=COLOUR_RGB($,1.,0.843137254901961,0.);
#3102=FILL_AREA_STYLE_COLOUR($,#3101);
#3103=FILL_AREA_STYLE($,(#3102));
#3104=SURFACE_STYLE_FILL_AREA(#3103);
#3105=SURFACE_SIDE_STYLE('',(#3104));
#3106=SURFACE_STYLE_USAGE(.BOTH.,#3105);
#3107=PRESENTATION_STYLE_ASSIGNMENT((#3106));
#3108=STYLED_ITEM('',(#3107),#3100);
#3109=ADVANCED_FACE('',(#5556),#5558,.F.);
#3110=COLOUR_RGB($,1.,0.843137254901961,0.);
#3111=FILL_AREA_STYLE_COLOUR($,#3110);
#3112=FILL_AREA_STYLE($,(#3111));
#3113=SURFACE_STYLE_FILL_AREA(#3112);
#3114=SURFACE_SIDE_STYLE('',(#3113));
#3115=SURFACE_STYLE_USAGE(.BOTH.,#3114);
#3116=PRESENTATION_STYLE_ASSIGNMENT((#3115));
#3117=STYLED_ITEM('',(#3116),#3109);
#3118=ADVANCED_FACE('',(#5563),#5565,.F.);
#3119=COLOUR_RGB($,1.,0.843137254901961,0.);
#3120=FILL_AREA_STYLE_COLOUR($,#3119);
#3121=FILL_AREA_STYLE($,(#3120));
#3122=SURFACE_STYLE_FILL_AREA(#3121);
#3123=SURFACE_SIDE_STYLE('',(#3122));
#3124=SURFACE_STYLE_USAGE(.BOTH.,#3123);
#3125=PRESENTATION_STYLE_ASSIGNMENT((#3124));
#3126=STYLED_ITEM('',(#3125),#3118);
#3127=FACE_BOUND('',#3128,.T.);
#3128=EDGE_LOOP('',(#5570,#5571,#5572,#5573,#5574,#5575,#5576,#5577,#5578,#5579,
#5580,#5581,#5582,#5583,#5584,#5585,#5586,#5587,#5588,#5589,#5590,#5591));
#3129=PLANE('',#3130);
#3130=AXIS2_PLACEMENT_3D('',#3131,#3132,#3133);
#3131=CARTESIAN_POINT('',(-1.25,-1.5,2.));
#3132=DIRECTION('',(0.,-1.,0.));
#3133=DIRECTION('',(1.,0.,0.));
#3134=FACE_BOUND('',#3135,.T.);
#3135=EDGE_LOOP('',(#5592,#5593,#5594,#5595));
#3136=PLANE('',#3137);
#3137=AXIS2_PLACEMENT_3D('',#3138,#3139,#3140);
#3138=CARTESIAN_POINT('',(0.,0.,7.));
#3139=DIRECTION('',(0.,0.,1.));
#3140=DIRECTION('',(1.,0.,0.));
#3141=FACE_BOUND('',#3142,.T.);
#3142=EDGE_LOOP('',(#5596,#5597,#5598,#5599));
#3143=PLANE('',#3144);
#3144=AXIS2_PLACEMENT_3D('',#3145,#3146,#3147);
#3145=CARTESIAN_POINT('',(0.,0.,7.));
#3146=DIRECTION('',(0.,0.,1.));
#3147=DIRECTION('',(1.,0.,0.));
#3148=FACE_BOUND('',#3149,.T.);
#3149=EDGE_LOOP('',(#5600,#5601,#5602,#5603,#5604,#5605,#5606,#5607,#5608,#5609,
#5610,#5611,#5612,#5613,#5614,#5615,#5616,#5617,#5618,#5619,#5620,#5621,#5622,#5623,
#5624,#5625,#5626,#5627,#5628,#5629,#5630,#5631,#5632,#5633,#5634,#5635,#5636,#5637,
#5638,#5639,#5640,#5641,#5642,#5643,#5644,#5645,#5646,#5647,#5648,#5649,#5650,#5651,
#5652,#5653,#5654,#5655,#5656,#5657,#5658,#5659,#5660,#5661,#5662,#5663,#5664,#5665,
#5666,#5667,#5668,#5669,#5670,#5671,#5672,#5673));
#3150=PLANE('',#3151);
#3151=AXIS2_PLACEMENT_3D('',#3152,#3153,#3154);
#3152=CARTESIAN_POINT('',(-1.25,-2.2,0.));
#3153=DIRECTION('',(0.,-1.,0.));
#3154=DIRECTION('',(1.,0.,0.));
#3155=FACE_BOUND('',#3156,.T.);
#3156=EDGE_LOOP('',(#5674,#5675,#5676,#5677));
#3157=PLANE('',#3158);
#3158=AXIS2_PLACEMENT_3D('',#3159,#3160,#3161);
#3159=CARTESIAN_POINT('',(33.35,-1.5,6.6));
#3160=DIRECTION('',(0.707106781186549,0.,-0.707106781186546));
#3161=DIRECTION('',(0.707106781186546,0.,0.707106781186549));
#3162=FACE_BOUND('',#3163,.T.);
#3163=EDGE_LOOP('',(#5678,#5679,#5680,#5681));
#3164=PLANE('',#3165);
#3165=AXIS2_PLACEMENT_3D('',#3166,#3167,#3168);
#3166=CARTESIAN_POINT('',(33.75,-1.5,6.2));
#3167=DIRECTION('',(0.707106781186549,0.,0.707106781186546));
#3168=DIRECTION('',(-0.707106781186546,0.,0.707106781186549));
#3169=FACE_BOUND('',#3170,.T.);
#3170=EDGE_LOOP('',(#5682,#5683,#5684,#5685));
#3171=PLANE('',#3172);
#3172=AXIS2_PLACEMENT_3D('',#3173,#3174,#3175);
#3173=CARTESIAN_POINT('',(33.75,-1.5,3.6));
#3174=DIRECTION('',(1.,0.,-0.));
#3175=DIRECTION('',(0.,0.,1.));
#3176=FACE_BOUND('',#3177,.T.);
#3177=EDGE_LOOP('',(#5686,#5687,#5688,#5689));
#3178=CYLINDRICAL_SURFACE('',#3179,0.6);
#3179=AXIS2_PLACEMENT_3D('',#3180,#3181,#3182);
#3180=CARTESIAN_POINT('',(33.15,-1.5,3.6));
#3181=DIRECTION('',(0.,-1.,0.));
#3182=DIRECTION('',(1.85037170770859E-016,0.,-1.));
#3183=FACE_BOUND('',#3184,.T.);
#3184=EDGE_LOOP('',(#5690,#5691,#5692,#5693));
#3185=PLANE('',#3186);
#3186=AXIS2_PLACEMENT_3D('',#3187,#3188,#3189);
#3187=CARTESIAN_POINT('',(31.25,-1.5,3.));
#3188=DIRECTION('',(0.,0.,-1.));
#3189=DIRECTION('',(1.,0.,0.));
#3190=FACE_BOUND('',#3191,.T.);
#3191=EDGE_LOOP('',(#5694,#5695,#5696,#5697));
#3192=PLANE('',#3193);
#3193=AXIS2_PLACEMENT_3D('',#3194,#3195,#3196);
#3194=CARTESIAN_POINT('',(31.25,-1.5,7.));
#3195=DIRECTION('',(-1.,-0.,-0.));
#3196=DIRECTION('',(0.,0.,-1.));
#3197=FACE_BOUND('',#3198,.T.);
#3198=EDGE_LOOP('',(#5698,#5699,#5700,#5701,#5702,#5703,#5704,#5705));
#3199=PLANE('',#3200);
#3200=AXIS2_PLACEMENT_3D('',#3201,#3202,#3203);
#3201=CARTESIAN_POINT('',(35.,0.,0.));
#3202=DIRECTION('',(-1.,-0.,-0.));
#3203=DIRECTION('',(0.,0.,1.));
#3204=FACE_BOUND('',#3205,.T.);
#3205=EDGE_LOOP('',(#5706,#5707,#5708,#5709));
#3206=PLANE('',#3207);
#3207=AXIS2_PLACEMENT_3D('',#3208,#3209,#3210);
#3208=CARTESIAN_POINT('',(35.,-0.4,3.));
#3209=DIRECTION('',(-0.,-0.,-1.));
#3210=DIRECTION('',(0.,-1.,0.));
#3211=FACE_BOUND('',#3212,.T.);
#3212=EDGE_LOOP('',(#5710,#5711,#5712,#5713,#5714,#5715));
#3213=PLANE('',#3214);
#3214=AXIS2_PLACEMENT_3D('',#3215,#3216,#3217);
#3215=CARTESIAN_POINT('',(34.3,0.,0.));
#3216=DIRECTION('',(-1.,-0.,-0.));
#3217=DIRECTION('',(0.,0.,1.));
#3218=FACE_BOUND('',#3219,.T.);
#3219=EDGE_LOOP('',(#5716,#5717,#5718,#5719));
#3220=FACE_BOUND('',#3221,.T.);
#3221=EDGE_LOOP('',(#5720,#5721,#5722,#5723));
#3222=FACE_BOUND('',#3223,.T.);
#3223=EDGE_LOOP('',(#5724,#5725,#5726,#5727));
#3224=FACE_BOUND('',#3225,.T.);
#3225=EDGE_LOOP('',(#5728,#5729,#5730,#5731));
#3226=FACE_BOUND('',#3227,.T.);
#3227=EDGE_LOOP('',(#5732,#5733,#5734,#5735));
#3228=FACE_BOUND('',#3229,.T.);
#3229=EDGE_LOOP('',(#5736,#5737,#5738,#5739));
#3230=FACE_BOUND('',#3231,.T.);
#3231=EDGE_LOOP('',(#5740,#5741,#5742,#5743));
#3232=FACE_BOUND('',#3233,.T.);
#3233=EDGE_LOOP('',(#5744,#5745,#5746,#5747));
#3234=FACE_BOUND('',#3235,.T.);
#3235=EDGE_LOOP('',(#5748,#5749,#5750,#5751));
#3236=FACE_BOUND('',#3237,.T.);
#3237=EDGE_LOOP('',(#5752,#5753,#5754,#5755));
#3238=FACE_BOUND('',#3239,.T.);
#3239=EDGE_LOOP('',(#5756,#5757,#5758,#5759));
#3240=FACE_BOUND('',#3241,.T.);
#3241=EDGE_LOOP('',(#5760,#5761,#5762,#5763));
#3242=FACE_BOUND('',#3243,.T.);
#3243=EDGE_LOOP('',(#5764,#5765,#5766,#5767));
#3244=FACE_BOUND('',#3245,.T.);
#3245=EDGE_LOOP('',(#5768,#5769,#5770,#5771));
#3246=FACE_BOUND('',#3247,.T.);
#3247=EDGE_LOOP('',(#5772,#5773,#5774,#5775));
#3248=PLANE('',#3249);
#3249=AXIS2_PLACEMENT_3D('',#3250,#3251,#3252);
#3250=CARTESIAN_POINT('',(0.,0.,2.));
#3251=DIRECTION('',(0.,0.,1.));
#3252=DIRECTION('',(1.,0.,0.));
#3253=FACE_BOUND('',#3254,.T.);
#3254=EDGE_LOOP('',(#5776,#5777,#5778,#5779,#5780,#5781));
#3255=PLANE('',#3256);
#3256=AXIS2_PLACEMENT_3D('',#3257,#3258,#3259);
#3257=CARTESIAN_POINT('',(-1.8,0.,0.));
#3258=DIRECTION('',(-1.,0.,0.));
#3259=DIRECTION('',(0.,0.,1.));
#3260=FACE_BOUND('',#3261,.T.);
#3261=EDGE_LOOP('',(#5782,#5783,#5784,#5785));
#3262=PLANE('',#3263);
#3263=AXIS2_PLACEMENT_3D('',#3264,#3265,#3266);
#3264=CARTESIAN_POINT('',(35.,-0.4,3.));
#3265=DIRECTION('',(-0.,-0.,-1.));
#3266=DIRECTION('',(0.,-1.,0.));
#3267=FACE_BOUND('',#3268,.T.);
#3268=EDGE_LOOP('',(#5786,#5787,#5788,#5789,#5790,#5791,#5792,#5793));
#3269=PLANE('',#3270);
#3270=AXIS2_PLACEMENT_3D('',#3271,#3272,#3273);
#3271=CARTESIAN_POINT('',(-2.5,0.,0.));
#3272=DIRECTION('',(-1.,0.,0.));
#3273=DIRECTION('',(0.,0.,1.));
#3274=FACE_BOUND('',#3275,.T.);
#3275=EDGE_LOOP('',(#5794,#5795,#5796,#5797));
#3276=PLANE('',#3277);
#3277=AXIS2_PLACEMENT_3D('',#3278,#3279,#3280);
#3278=CARTESIAN_POINT('',(0.,0.,7.));
#3279=DIRECTION('',(0.,0.,1.));
#3280=DIRECTION('',(1.,0.,0.));
#3281=FACE_BOUND('',#3282,.T.);
#3282=EDGE_LOOP('',(#5798,#5799,#5800,#5801));
#3283=PLANE('',#3284);
#3284=AXIS2_PLACEMENT_3D('',#3285,#3286,#3287);
#3285=CARTESIAN_POINT('',(-1.25,-1.5,7.));
#3286=DIRECTION('',(-0.707106781186548,-0.,-0.707106781186547));
#3287=DIRECTION('',(0.707106781186547,0.,-0.707106781186548));
#3288=FACE_BOUND('',#3289,.T.);
#3289=EDGE_LOOP('',(#5802,#5803,#5804,#5805));
#3290=PLANE('',#3291);
#3291=AXIS2_PLACEMENT_3D('',#3292,#3293,#3294);
#3292=CARTESIAN_POINT('',(-0.85,-1.5,6.6));
#3293=DIRECTION('',(-0.707106781186548,0.,0.707106781186547));
#3294=DIRECTION('',(-0.707106781186547,0.,-0.707106781186548));
#3295=FACE_BOUND('',#3296,.T.);
#3296=EDGE_LOOP('',(#5806,#5807,#5808,#5809));
#3297=PLANE('',#3298);
#3298=AXIS2_PLACEMENT_3D('',#3299,#3300,#3301);
#3299=CARTESIAN_POINT('',(-1.25,-1.5,6.2));
#3300=DIRECTION('',(-1.,-0.,-0.));
#3301=DIRECTION('',(0.,0.,-1.));
#3302=FACE_BOUND('',#3303,.T.);
#3303=EDGE_LOOP('',(#5810,#5811,#5812,#5813));
#3304=CYLINDRICAL_SURFACE('',#3305,0.6);
#3305=AXIS2_PLACEMENT_3D('',#3306,#3307,#3308);
#3306=CARTESIAN_POINT('',(-0.65,-1.5,3.6));
#3307=DIRECTION('',(0.,-1.,0.));
#3308=DIRECTION('',(-1.,0.,0.));
#3309=FACE_BOUND('',#3310,.T.);
#3310=EDGE_LOOP('',(#5814,#5815,#5816,#5817));
#3311=PLANE('',#3312);
#3312=AXIS2_PLACEMENT_3D('',#3313,#3314,#3315);
#3313=CARTESIAN_POINT('',(-0.65,-1.5,3.));
#3314=DIRECTION('',(0.,0.,-1.));
#3315=DIRECTION('',(1.,0.,0.));
#3316=FACE_BOUND('',#3317,.T.);
#3317=EDGE_LOOP('',(#5818,#5819,#5820,#5821));
#3318=PLANE('',#3319);
#3319=AXIS2_PLACEMENT_3D('',#3320,#3321,#3322);
#3320=CARTESIAN_POINT('',(1.25,-1.5,3.));
#3321=DIRECTION('',(1.,0.,-0.));
#3322=DIRECTION('',(0.,0.,1.));
#3323=FACE_BOUND('',#3324,.T.);
#3324=EDGE_LOOP('',(#5822,#5823,#5824,#5825));
#3325=PLANE('',#3326);
#3326=AXIS2_PLACEMENT_3D('',#3327,#3328,#3329);
#3327=CARTESIAN_POINT('',(0.,0.,0.));
#3328=DIRECTION('',(0.,0.,1.));
#3329=DIRECTION('',(1.,0.,0.));
#3330=FACE_BOUND('',#3331,.T.);
#3331=EDGE_LOOP('',(#5826,#5827,#5828,#5829));
#3332=PLANE('',#3333);
#3333=AXIS2_PLACEMENT_3D('',#3334,#3335,#3336);
#3334=CARTESIAN_POINT('',(-0.85,-2.2,0.4));
#3335=DIRECTION('',(-1.,0.,0.));
#3336=DIRECTION('',(0.,1.,0.));
#3337=FACE_BOUND('',#3338,.T.);
#3338=EDGE_LOOP('',(#5830,#5831,#5832,#5833));
#3339=FACE_BOUND('',#3340,.T.);
#3340=EDGE_LOOP('',(#5834,#5835,#5836,#5837));
#3341=PLANE('',#3342);
#3342=AXIS2_PLACEMENT_3D('',#3343,#3344,#3345);
#3343=CARTESIAN_POINT('',(0.,0.,0.4));
#3344=DIRECTION('',(-0.,0.,-1.));
#3345=DIRECTION('',(-1.,0.,0.));
#3346=FACE_BOUND('',#3347,.T.);
#3347=EDGE_LOOP('',(#5838,#5839,#5840,#5841));
#3348=PLANE('',#3349);
#3349=AXIS2_PLACEMENT_3D('',#3350,#3351,#3352);
#3350=CARTESIAN_POINT('',(0.85,3.55,0.4));
#3351=DIRECTION('',(1.,0.,0.));
#3352=DIRECTION('',(0.,-1.,0.));
#3353=FACE_BOUND('',#3354,.T.);
#3354=EDGE_LOOP('',(#5842,#5843,#5844,#5845));
#3355=PLANE('',#3356);
#3356=AXIS2_PLACEMENT_3D('',#3357,#3358,#3359);
#3357=CARTESIAN_POINT('',(0.,0.,0.));
#3358=DIRECTION('',(0.,0.,1.));
#3359=DIRECTION('',(1.,0.,0.));
#3360=FACE_BOUND('',#3361,.T.);
#3361=EDGE_LOOP('',(#5846,#5847,#5848,#5849));
#3362=PLANE('',#3363);
#3363=AXIS2_PLACEMENT_3D('',#3364,#3365,#3366);
#3364=CARTESIAN_POINT('',(1.65,-2.2,0.4));
#3365=DIRECTION('',(-1.,0.,0.));
#3366=DIRECTION('',(0.,1.,0.));
#3367=FACE_BOUND('',#3368,.T.);
#3368=EDGE_LOOP('',(#5850,#5851,#5852,#5853));
#3369=FACE_BOUND('',#3370,.T.);
#3370=EDGE_LOOP('',(#5854,#5855,#5856,#5857));
#3371=PLANE('',#3372);
#3372=AXIS2_PLACEMENT_3D('',#3373,#3374,#3375);
#3373=CARTESIAN_POINT('',(2.5,0.,0.4));
#3374=DIRECTION('',(-0.,0.,-1.));
#3375=DIRECTION('',(-1.,0.,0.));
#3376=FACE_BOUND('',#3377,.T.);
#3377=EDGE_LOOP('',(#5858,#5859,#5860,#5861));
#3378=PLANE('',#3379);
#3379=AXIS2_PLACEMENT_3D('',#3380,#3381,#3382);
#3380=CARTESIAN_POINT('',(3.35,3.55,0.4));
#3381=DIRECTION('',(1.,0.,0.));
#3382=DIRECTION('',(0.,-1.,0.));
#3383=FACE_BOUND('',#3384,.T.);
#3384=EDGE_LOOP('',(#5862,#5863,#5864,#5865));
#3385=PLANE('',#3386);
#3386=AXIS2_PLACEMENT_3D('',#3387,#3388,#3389);
#3387=CARTESIAN_POINT('',(0.,0.,0.));
#3388=DIRECTION('',(0.,0.,1.));
#3389=DIRECTION('',(1.,0.,0.));
#3390=FACE_BOUND('',#3391,.T.);
#3391=EDGE_LOOP('',(#5866,#5867,#5868,#5869));
#3392=PLANE('',#3393);
#3393=AXIS2_PLACEMENT_3D('',#3394,#3395,#3396);
#3394=CARTESIAN_POINT('',(4.15,-2.2,0.4));
#3395=DIRECTION('',(-1.,0.,0.));
#3396=DIRECTION('',(0.,1.,0.));
#3397=FACE_BOUND('',#3398,.T.);
#3398=EDGE_LOOP('',(#5870,#5871,#5872,#5873));
#3399=FACE_BOUND('',#3400,.T.);
#3400=EDGE_LOOP('',(#5874,#5875,#5876,#5877));
#3401=PLANE('',#3402);
#3402=AXIS2_PLACEMENT_3D('',#3403,#3404,#3405);
#3403=CARTESIAN_POINT('',(5.,0.,0.4));
#3404=DIRECTION('',(-0.,0.,-1.));
#3405=DIRECTION('',(-1.,0.,0.));
#3406=FACE_BOUND('',#3407,.T.);
#3407=EDGE_LOOP('',(#5878,#5879,#5880,#5881));
#3408=PLANE('',#3409);
#3409=AXIS2_PLACEMENT_3D('',#3410,#3411,#3412);
#3410=CARTESIAN_POINT('',(5.85,3.55,0.4));
#3411=DIRECTION('',(1.,0.,0.));
#3412=DIRECTION('',(0.,-1.,0.));
#3413=FACE_BOUND('',#3414,.T.);
#3414=EDGE_LOOP('',(#5882,#5883,#5884,#5885));
#3415=PLANE('',#3416);
#3416=AXIS2_PLACEMENT_3D('',#3417,#3418,#3419);
#3417=CARTESIAN_POINT('',(0.,0.,0.));
#3418=DIRECTION('',(0.,0.,1.));
#3419=DIRECTION('',(1.,0.,0.));
#3420=FACE_BOUND('',#3421,.T.);
#3421=EDGE_LOOP('',(#5886,#5887,#5888,#5889));
#3422=PLANE('',#3423);
#3423=AXIS2_PLACEMENT_3D('',#3424,#3425,#3426);
#3424=CARTESIAN_POINT('',(6.65,-2.2,0.4));
#3425=DIRECTION('',(-1.,0.,0.));
#3426=DIRECTION('',(0.,1.,0.));
#3427=FACE_BOUND('',#3428,.T.);
#3428=EDGE_LOOP('',(#5890,#5891,#5892,#5893));
#3429=FACE_BOUND('',#3430,.T.);
#3430=EDGE_LOOP('',(#5894,#5895,#5896,#5897));
#3431=PLANE('',#3432);
#3432=AXIS2_PLACEMENT_3D('',#3433,#3434,#3435);
#3433=CARTESIAN_POINT('',(7.5,0.,0.4));
#3434=DIRECTION('',(-0.,0.,-1.));
#3435=DIRECTION('',(-1.,0.,0.));
#3436=FACE_BOUND('',#3437,.T.);
#3437=EDGE_LOOP('',(#5898,#5899,#5900,#5901));
#3438=PLANE('',#3439);
#3439=AXIS2_PLACEMENT_3D('',#3440,#3441,#3442);
#3440=CARTESIAN_POINT('',(8.35,3.55,0.4));
#3441=DIRECTION('',(1.,0.,0.));
#3442=DIRECTION('',(0.,-1.,0.));
#3443=FACE_BOUND('',#3444,.T.);
#3444=EDGE_LOOP('',(#5902,#5903,#5904,#5905));
#3445=PLANE('',#3446);
#3446=AXIS2_PLACEMENT_3D('',#3447,#3448,#3449);
#3447=CARTESIAN_POINT('',(0.,0.,0.));
#3448=DIRECTION('',(0.,0.,1.));
#3449=DIRECTION('',(1.,0.,0.));
#3450=FACE_BOUND('',#3451,.T.);
#3451=EDGE_LOOP('',(#5906,#5907,#5908,#5909));
#3452=PLANE('',#3453);
#3453=AXIS2_PLACEMENT_3D('',#3454,#3455,#3456);
#3454=CARTESIAN_POINT('',(9.15,-2.2,0.4));
#3455=DIRECTION('',(-1.,0.,0.));
#3456=DIRECTION('',(0.,1.,0.));
#3457=FACE_BOUND('',#3458,.T.);
#3458=EDGE_LOOP('',(#5910,#5911,#5912,#5913));
#3459=FACE_BOUND('',#3460,.T.);
#3460=EDGE_LOOP('',(#5914,#5915,#5916,#5917));
#3461=PLANE('',#3462);
#3462=AXIS2_PLACEMENT_3D('',#3463,#3464,#3465);
#3463=CARTESIAN_POINT('',(10.,0.,0.4));
#3464=DIRECTION('',(-0.,0.,-1.));
#3465=DIRECTION('',(-1.,0.,0.));
#3466=FACE_BOUND('',#3467,.T.);
#3467=EDGE_LOOP('',(#5918,#5919,#5920,#5921));
#3468=PLANE('',#3469);
#3469=AXIS2_PLACEMENT_3D('',#3470,#3471,#3472);
#3470=CARTESIAN_POINT('',(10.85,3.55,0.4));
#3471=DIRECTION('',(1.,0.,0.));
#3472=DIRECTION('',(0.,-1.,0.));
#3473=FACE_BOUND('',#3474,.T.);
#3474=EDGE_LOOP('',(#5922,#5923,#5924,#5925));
#3475=PLANE('',#3476);
#3476=AXIS2_PLACEMENT_3D('',#3477,#3478,#3479);
#3477=CARTESIAN_POINT('',(0.,0.,0.));
#3478=DIRECTION('',(0.,0.,1.));
#3479=DIRECTION('',(1.,0.,0.));
#3480=FACE_BOUND('',#3481,.T.);
#3481=EDGE_LOOP('',(#5926,#5927,#5928,#5929));
#3482=PLANE('',#3483);
#3483=AXIS2_PLACEMENT_3D('',#3484,#3485,#3486);
#3484=CARTESIAN_POINT('',(11.65,-2.2,0.4));
#3485=DIRECTION('',(-1.,0.,0.));
#3486=DIRECTION('',(0.,1.,0.));
#3487=FACE_BOUND('',#3488,.T.);
#3488=EDGE_LOOP('',(#5930,#5931,#5932,#5933));
#3489=FACE_BOUND('',#3490,.T.);
#3490=EDGE_LOOP('',(#5934,#5935,#5936,#5937));
#3491=PLANE('',#3492);
#3492=AXIS2_PLACEMENT_3D('',#3493,#3494,#3495);
#3493=CARTESIAN_POINT('',(12.5,0.,0.4));
#3494=DIRECTION('',(-0.,0.,-1.));
#3495=DIRECTION('',(-1.,0.,0.));
#3496=FACE_BOUND('',#3497,.T.);
#3497=EDGE_LOOP('',(#5938,#5939,#5940,#5941));
#3498=PLANE('',#3499);
#3499=AXIS2_PLACEMENT_3D('',#3500,#3501,#3502);
#3500=CARTESIAN_POINT('',(13.35,3.55,0.4));
#3501=DIRECTION('',(1.,0.,0.));
#3502=DIRECTION('',(0.,-1.,0.));
#3503=FACE_BOUND('',#3504,.T.);
#3504=EDGE_LOOP('',(#5942,#5943,#5944,#5945));
#3505=PLANE('',#3506);
#3506=AXIS2_PLACEMENT_3D('',#3507,#3508,#3509);
#3507=CARTESIAN_POINT('',(0.,0.,0.));
#3508=DIRECTION('',(0.,0.,1.));
#3509=DIRECTION('',(1.,0.,0.));
#3510=FACE_BOUND('',#3511,.T.);
#3511=EDGE_LOOP('',(#5946,#5947,#5948,#5949));
#3512=PLANE('',#3513);
#3513=AXIS2_PLACEMENT_3D('',#3514,#3515,#3516);
#3514=CARTESIAN_POINT('',(14.15,-2.2,0.4));
#3515=DIRECTION('',(-1.,0.,0.));
#3516=DIRECTION('',(0.,1.,0.));
#3517=FACE_BOUND('',#3518,.T.);
#3518=EDGE_LOOP('',(#5950,#5951,#5952,#5953));
#3519=FACE_BOUND('',#3520,.T.);
#3520=EDGE_LOOP('',(#5954,#5955,#5956,#5957));
#3521=PLANE('',#3522);
#3522=AXIS2_PLACEMENT_3D('',#3523,#3524,#3525);
#3523=CARTESIAN_POINT('',(15.,0.,0.4));
#3524=DIRECTION('',(-0.,0.,-1.));
#3525=DIRECTION('',(-1.,0.,0.));
#3526=FACE_BOUND('',#3527,.T.);
#3527=EDGE_LOOP('',(#5958,#5959,#5960,#5961));
#3528=PLANE('',#3529);
#3529=AXIS2_PLACEMENT_3D('',#3530,#3531,#3532);
#3530=CARTESIAN_POINT('',(15.85,3.55,0.4));
#3531=DIRECTION('',(1.,0.,0.));
#3532=DIRECTION('',(0.,-1.,0.));
#3533=FACE_BOUND('',#3534,.T.);
#3534=EDGE_LOOP('',(#5962,#5963,#5964,#5965));
#3535=PLANE('',#3536);
#3536=AXIS2_PLACEMENT_3D('',#3537,#3538,#3539);
#3537=CARTESIAN_POINT('',(0.,0.,0.));
#3538=DIRECTION('',(0.,0.,1.));
#3539=DIRECTION('',(1.,0.,0.));
#3540=FACE_BOUND('',#3541,.T.);
#3541=EDGE_LOOP('',(#5966,#5967,#5968,#5969));
#3542=PLANE('',#3543);
#3543=AXIS2_PLACEMENT_3D('',#3544,#3545,#3546);
#3544=CARTESIAN_POINT('',(16.65,-2.2,0.4));
#3545=DIRECTION('',(-1.,0.,0.));
#3546=DIRECTION('',(0.,1.,0.));
#3547=FACE_BOUND('',#3548,.T.);
#3548=EDGE_LOOP('',(#5970,#5971,#5972,#5973));
#3549=FACE_BOUND('',#3550,.T.);
#3550=EDGE_LOOP('',(#5974,#5975,#5976,#5977));
#3551=PLANE('',#3552);
#3552=AXIS2_PLACEMENT_3D('',#3553,#3554,#3555);
#3553=CARTESIAN_POINT('',(17.5,0.,0.4));
#3554=DIRECTION('',(-0.,0.,-1.));
#3555=DIRECTION('',(-1.,0.,0.));
#3556=FACE_BOUND('',#3557,.T.);
#3557=EDGE_LOOP('',(#5978,#5979,#5980,#5981));
#3558=PLANE('',#3559);
#3559=AXIS2_PLACEMENT_3D('',#3560,#3561,#3562);
#3560=CARTESIAN_POINT('',(18.35,3.55,0.4));
#3561=DIRECTION('',(1.,0.,0.));
#3562=DIRECTION('',(0.,-1.,0.));
#3563=FACE_BOUND('',#3564,.T.);
#3564=EDGE_LOOP('',(#5982,#5983,#5984,#5985));
#3565=PLANE('',#3566);
#3566=AXIS2_PLACEMENT_3D('',#3567,#3568,#3569);
#3567=CARTESIAN_POINT('',(0.,0.,0.));
#3568=DIRECTION('',(0.,0.,1.));
#3569=DIRECTION('',(1.,0.,0.));
#3570=FACE_BOUND('',#3571,.T.);
#3571=EDGE_LOOP('',(#5986,#5987,#5988,#5989));
#3572=PLANE('',#3573);
#3573=AXIS2_PLACEMENT_3D('',#3574,#3575,#3576);
#3574=CARTESIAN_POINT('',(19.15,-2.2,0.4));
#3575=DIRECTION('',(-1.,0.,0.));
#3576=DIRECTION('',(0.,1.,0.));
#3577=FACE_BOUND('',#3578,.T.);
#3578=EDGE_LOOP('',(#5990,#5991,#5992,#5993));
#3579=FACE_BOUND('',#3580,.T.);
#3580=EDGE_LOOP('',(#5994,#5995,#5996,#5997));
#3581=PLANE('',#3582);
#3582=AXIS2_PLACEMENT_3D('',#3583,#3584,#3585);
#3583=CARTESIAN_POINT('',(20.,0.,0.4));
#3584=DIRECTION('',(-0.,0.,-1.));
#3585=DIRECTION('',(-1.,0.,0.));
#3586=FACE_BOUND('',#3587,.T.);
#3587=EDGE_LOOP('',(#5998,#5999,#6000,#6001));
#3588=PLANE('',#3589);
#3589=AXIS2_PLACEMENT_3D('',#3590,#3591,#3592);
#3590=CARTESIAN_POINT('',(20.85,3.55,0.4));
#3591=DIRECTION('',(1.,0.,0.));
#3592=DIRECTION('',(0.,-1.,0.));
#3593=FACE_BOUND('',#3594,.T.);
#3594=EDGE_LOOP('',(#6002,#6003,#6004,#6005));
#3595=PLANE('',#3596);
#3596=AXIS2_PLACEMENT_3D('',#3597,#3598,#3599);
#3597=CARTESIAN_POINT('',(0.,0.,0.));
#3598=DIRECTION('',(0.,0.,1.));
#3599=DIRECTION('',(1.,0.,0.));
#3600=FACE_BOUND('',#3601,.T.);
#3601=EDGE_LOOP('',(#6006,#6007,#6008,#6009));
#3602=PLANE('',#3603);
#3603=AXIS2_PLACEMENT_3D('',#3604,#3605,#3606);
#3604=CARTESIAN_POINT('',(21.65,-2.2,0.4));
#3605=DIRECTION('',(-1.,0.,0.));
#3606=DIRECTION('',(0.,1.,0.));
#3607=FACE_BOUND('',#3608,.T.);
#3608=EDGE_LOOP('',(#6010,#6011,#6012,#6013));
#3609=FACE_BOUND('',#3610,.T.);
#3610=EDGE_LOOP('',(#6014,#6015,#6016,#6017));
#3611=PLANE('',#3612);
#3612=AXIS2_PLACEMENT_3D('',#3613,#3614,#3615);
#3613=CARTESIAN_POINT('',(22.5,0.,0.4));
#3614=DIRECTION('',(-0.,0.,-1.));
#3615=DIRECTION('',(-1.,0.,0.));
#3616=FACE_BOUND('',#3617,.T.);
#3617=EDGE_LOOP('',(#6018,#6019,#6020,#6021));
#3618=PLANE('',#3619);
#3619=AXIS2_PLACEMENT_3D('',#3620,#3621,#3622);
#3620=CARTESIAN_POINT('',(23.35,3.55,0.4));
#3621=DIRECTION('',(1.,0.,0.));
#3622=DIRECTION('',(0.,-1.,0.));
#3623=FACE_BOUND('',#3624,.T.);
#3624=EDGE_LOOP('',(#6022,#6023,#6024,#6025));
#3625=PLANE('',#3626);
#3626=AXIS2_PLACEMENT_3D('',#3627,#3628,#3629);
#3627=CARTESIAN_POINT('',(0.,0.,0.));
#3628=DIRECTION('',(0.,0.,1.));
#3629=DIRECTION('',(1.,0.,0.));
#3630=FACE_BOUND('',#3631,.T.);
#3631=EDGE_LOOP('',(#6026,#6027,#6028,#6029));
#3632=PLANE('',#3633);
#3633=AXIS2_PLACEMENT_3D('',#3634,#3635,#3636);
#3634=CARTESIAN_POINT('',(24.15,-2.2,0.4));
#3635=DIRECTION('',(-1.,0.,0.));
#3636=DIRECTION('',(0.,1.,0.));
#3637=FACE_BOUND('',#3638,.T.);
#3638=EDGE_LOOP('',(#6030,#6031,#6032,#6033));
#3639=FACE_BOUND('',#3640,.T.);
#3640=EDGE_LOOP('',(#6034,#6035,#6036,#6037));
#3641=PLANE('',#3642);
#3642=AXIS2_PLACEMENT_3D('',#3643,#3644,#3645);
#3643=CARTESIAN_POINT('',(25.,0.,0.4));
#3644=DIRECTION('',(-0.,0.,-1.));
#3645=DIRECTION('',(-1.,0.,0.));
#3646=FACE_BOUND('',#3647,.T.);
#3647=EDGE_LOOP('',(#6038,#6039,#6040,#6041));
#3648=PLANE('',#3649);
#3649=AXIS2_PLACEMENT_3D('',#3650,#3651,#3652);
#3650=CARTESIAN_POINT('',(25.85,3.55,0.4));
#3651=DIRECTION('',(1.,0.,0.));
#3652=DIRECTION('',(0.,-1.,0.));
#3653=FACE_BOUND('',#3654,.T.);
#3654=EDGE_LOOP('',(#6042,#6043,#6044,#6045));
#3655=PLANE('',#3656);
#3656=AXIS2_PLACEMENT_3D('',#3657,#3658,#3659);
#3657=CARTESIAN_POINT('',(0.,0.,0.));
#3658=DIRECTION('',(0.,0.,1.));
#3659=DIRECTION('',(1.,0.,0.));
#3660=FACE_BOUND('',#3661,.T.);
#3661=EDGE_LOOP('',(#6046,#6047,#6048,#6049));
#3662=PLANE('',#3663);
#3663=AXIS2_PLACEMENT_3D('',#3664,#3665,#3666);
#3664=CARTESIAN_POINT('',(26.65,-2.2,0.4));
#3665=DIRECTION('',(-1.,0.,0.));
#3666=DIRECTION('',(0.,1.,0.));
#3667=FACE_BOUND('',#3668,.T.);
#3668=EDGE_LOOP('',(#6050,#6051,#6052,#6053));
#3669=FACE_BOUND('',#3670,.T.);
#3670=EDGE_LOOP('',(#6054,#6055,#6056,#6057));
#3671=PLANE('',#3672);
#3672=AXIS2_PLACEMENT_3D('',#3673,#3674,#3675);
#3673=CARTESIAN_POINT('',(27.5,0.,0.4));
#3674=DIRECTION('',(-0.,0.,-1.));
#3675=DIRECTION('',(-1.,0.,0.));
#3676=FACE_BOUND('',#3677,.T.);
#3677=EDGE_LOOP('',(#6058,#6059,#6060,#6061));
#3678=PLANE('',#3679);
#3679=AXIS2_PLACEMENT_3D('',#3680,#3681,#3682);
#3680=CARTESIAN_POINT('',(28.35,3.55,0.4));
#3681=DIRECTION('',(1.,0.,0.));
#3682=DIRECTION('',(0.,-1.,0.));
#3683=FACE_BOUND('',#3684,.T.);
#3684=EDGE_LOOP('',(#6062,#6063,#6064,#6065));
#3685=PLANE('',#3686);
#3686=AXIS2_PLACEMENT_3D('',#3687,#3688,#3689);
#3687=CARTESIAN_POINT('',(0.,0.,0.));
#3688=DIRECTION('',(0.,0.,1.));
#3689=DIRECTION('',(1.,0.,0.));
#3690=FACE_BOUND('',#3691,.T.);
#3691=EDGE_LOOP('',(#6066,#6067,#6068,#6069));
#3692=PLANE('',#3693);
#3693=AXIS2_PLACEMENT_3D('',#3694,#3695,#3696);
#3694=CARTESIAN_POINT('',(29.15,-2.2,0.4));
#3695=DIRECTION('',(-1.,0.,0.));
#3696=DIRECTION('',(0.,1.,0.));
#3697=FACE_BOUND('',#3698,.T.);
#3698=EDGE_LOOP('',(#6070,#6071,#6072,#6073));
#3699=FACE_BOUND('',#3700,.T.);
#3700=EDGE_LOOP('',(#6074,#6075,#6076,#6077));
#3701=PLANE('',#3702);
#3702=AXIS2_PLACEMENT_3D('',#3703,#3704,#3705);
#3703=CARTESIAN_POINT('',(30.,0.,0.4));
#3704=DIRECTION('',(-0.,0.,-1.));
#3705=DIRECTION('',(-1.,0.,0.));
#3706=FACE_BOUND('',#3707,.T.);
#3707=EDGE_LOOP('',(#6078,#6079,#6080,#6081));
#3708=PLANE('',#3709);
#3709=AXIS2_PLACEMENT_3D('',#3710,#3711,#3712);
#3710=CARTESIAN_POINT('',(30.85,3.55,0.4));
#3711=DIRECTION('',(1.,0.,0.));
#3712=DIRECTION('',(0.,-1.,0.));
#3713=FACE_BOUND('',#3714,.T.);
#3714=EDGE_LOOP('',(#6082,#6083,#6084,#6085));
#3715=PLANE('',#3716);
#3716=AXIS2_PLACEMENT_3D('',#3717,#3718,#3719);
#3717=CARTESIAN_POINT('',(0.,0.,0.));
#3718=DIRECTION('',(0.,0.,1.));
#3719=DIRECTION('',(1.,0.,0.));
#3720=FACE_BOUND('',#3721,.T.);
#3721=EDGE_LOOP('',(#6086,#6087,#6088,#6089));
#3722=PLANE('',#3723);
#3723=AXIS2_PLACEMENT_3D('',#3724,#3725,#3726);
#3724=CARTESIAN_POINT('',(31.65,-2.2,0.4));
#3725=DIRECTION('',(-1.,0.,0.));
#3726=DIRECTION('',(0.,1.,0.));
#3727=FACE_BOUND('',#3728,.T.);
#3728=EDGE_LOOP('',(#6090,#6091,#6092,#6093));
#3729=FACE_BOUND('',#3730,.T.);
#3730=EDGE_LOOP('',(#6094,#6095,#6096,#6097));
#3731=PLANE('',#3732);
#3732=AXIS2_PLACEMENT_3D('',#3733,#3734,#3735);
#3733=CARTESIAN_POINT('',(32.5,0.,0.4));
#3734=DIRECTION('',(-0.,0.,-1.));
#3735=DIRECTION('',(-1.,0.,0.));
#3736=FACE_BOUND('',#3737,.T.);
#3737=EDGE_LOOP('',(#6098,#6099,#6100,#6101));
#3738=PLANE('',#3739);
#3739=AXIS2_PLACEMENT_3D('',#3740,#3741,#3742);
#3740=CARTESIAN_POINT('',(33.35,3.55,0.4));
#3741=DIRECTION('',(1.,0.,0.));
#3742=DIRECTION('',(0.,-1.,0.));
#3743=FACE_BOUND('',#3744,.T.);
#3744=EDGE_LOOP('',(#6102,#6103,#6104,#6105));
#3745=PLANE('',#3746);
#3746=AXIS2_PLACEMENT_3D('',#3747,#3748,#3749);
#3747=CARTESIAN_POINT('',(0.,0.,0.));
#3748=DIRECTION('',(0.,0.,1.));
#3749=DIRECTION('',(1.,0.,0.));
#3750=FACE_BOUND('',#3751,.T.);
#3751=EDGE_LOOP('',(#6106,#6107,#6108,#6109,#6110));
#3752=PLANE('',#3753);
#3753=AXIS2_PLACEMENT_3D('',#3754,#3755,#3756);
#3754=CARTESIAN_POINT('',(35.,-0.4,7.));
#3755=DIRECTION('',(0.,1.,0.));
#3756=DIRECTION('',(0.,0.,-1.));
#3757=FACE_BOUND('',#3758,.T.);
#3758=EDGE_LOOP('',(#6111,#6112,#6113,#6114,#6115,#6116,#6117,#6118,#6119,#6120,
#6121,#6122,#6123,#6124,#6125,#6126,#6127,#6128,#6129,#6130,#6131,#6132,#6133,#6134,
#6135,#6136,#6137,#6138,#6139,#6140,#6141,#6142,#6143,#6144,#6145,#6146,#6147,#6148,
#6149,#6150,#6151,#6152,#6153,#6154,#6155,#6156,#6157,#6158,#6159,#6160,#6161,#6162,
#6163,#6164,#6165,#6166,#6167,#6168,#6169,#6170));
#3759=PLANE('',#3760);
#3760=AXIS2_PLACEMENT_3D('',#3761,#3762,#3763);
#3761=CARTESIAN_POINT('',(1.25,3.55,0.));
#3762=DIRECTION('',(0.,1.,-0.));
#3763=DIRECTION('',(-1.,0.,0.));
#3764=FACE_BOUND('',#3765,.T.);
#3765=EDGE_LOOP('',(#6171,#6172,#6173,#6174,#6175,#6176,#6177,#6178));
#3766=PLANE('',#3767);
#3767=AXIS2_PLACEMENT_3D('',#3768,#3769,#3770);
#3768=CARTESIAN_POINT('',(0.,0.,7.));
#3769=DIRECTION('',(0.,0.,1.));
#3770=DIRECTION('',(1.,0.,0.));
#3771=FACE_BOUND('',#3772,.T.);
#3772=EDGE_LOOP('',(#6179,#6180,#6181,#6182));
#3773=PLANE('',#3774);
#3774=AXIS2_PLACEMENT_3D('',#3775,#3776,#3777);
#3775=CARTESIAN_POINT('',(34.6,4.05,7.));
#3776=DIRECTION('',(0.707106781186541,-8.89255905803192E-016,-0.707106781186554));
#3777=DIRECTION('',(-1.25759776240726E-015,-1.,0.));
#3778=FACE_BOUND('',#3779,.T.);
#3779=EDGE_LOOP('',(#6183,#6184,#6185,#6186));
#3780=PLANE('',#3781);
#3781=AXIS2_PLACEMENT_3D('',#3782,#3783,#3784);
#3782=CARTESIAN_POINT('',(1.25,2.85,2.));
#3783=DIRECTION('',(0.,1.,-0.));
#3784=DIRECTION('',(-1.,0.,0.));
#3785=FACE_BOUND('',#3786,.T.);
#3786=EDGE_LOOP('',(#6187,#6188,#6189,#6190));
#3787=PLANE('',#3788);
#3788=AXIS2_PLACEMENT_3D('',#3789,#3790,#3791);
#3789=CARTESIAN_POINT('',(2.82,0.32,-3.5));
#3790=DIRECTION('',(0.,1.,-0.));
#3791=DIRECTION('',(-1.,0.,0.));
#3792=FACE_BOUND('',#3793,.T.);
#3793=EDGE_LOOP('',(#6191,#6192,#6193,#6194));
#3794=PLANE('',#3795);
#3795=AXIS2_PLACEMENT_3D('',#3796,#3797,#3798);
#3796=CARTESIAN_POINT('',(2.82,-0.32,-3.5));
#3797=DIRECTION('',(1.,0.,0.));
#3798=DIRECTION('',(0.,1.,0.));
#3799=FACE_BOUND('',#3800,.T.);
#3800=EDGE_LOOP('',(#6195,#6196,#6197,#6198));
#3801=PLANE('',#3802);
#3802=AXIS2_PLACEMENT_3D('',#3803,#3804,#3805);
#3803=CARTESIAN_POINT('',(2.18,-0.32,-3.5));
#3804=DIRECTION('',(0.,-1.,0.));
#3805=DIRECTION('',(1.,0.,0.));
#3806=FACE_BOUND('',#3807,.T.);
#3807=EDGE_LOOP('',(#6199,#6200,#6201,#6202));
#3808=PLANE('',#3809);
#3809=AXIS2_PLACEMENT_3D('',#3810,#3811,#3812);
#3810=CARTESIAN_POINT('',(2.18,0.32,-3.5));
#3811=DIRECTION('',(-1.,0.,0.));
#3812=DIRECTION('',(0.,-1.,0.));
#3813=FACE_BOUND('',#3814,.T.);
#3814=EDGE_LOOP('',(#6203,#6204,#6205,#6206));
#3815=PLANE('',#3816);
#3816=AXIS2_PLACEMENT_3D('',#3817,#3818,#3819);
#3817=CARTESIAN_POINT('',(5.32,0.32,-3.5));
#3818=DIRECTION('',(0.,1.,-0.));
#3819=DIRECTION('',(-1.,0.,0.));
#3820=FACE_BOUND('',#3821,.T.);
#3821=EDGE_LOOP('',(#6207,#6208,#6209,#6210));
#3822=PLANE('',#3823);
#3823=AXIS2_PLACEMENT_3D('',#3824,#3825,#3826);
#3824=CARTESIAN_POINT('',(5.32,-0.32,-3.5));
#3825=DIRECTION('',(1.,0.,0.));
#3826=DIRECTION('',(0.,1.,0.));
#3827=FACE_BOUND('',#3828,.T.);
#3828=EDGE_LOOP('',(#6211,#6212,#6213,#6214));
#3829=PLANE('',#3830);
#3830=AXIS2_PLACEMENT_3D('',#3831,#3832,#3833);
#3831=CARTESIAN_POINT('',(4.68,-0.32,-3.5));
#3832=DIRECTION('',(0.,-1.,0.));
#3833=DIRECTION('',(1.,0.,0.));
#3834=FACE_BOUND('',#3835,.T.);
#3835=EDGE_LOOP('',(#6215,#6216,#6217,#6218));
#3836=PLANE('',#3837);
#3837=AXIS2_PLACEMENT_3D('',#3838,#3839,#3840);
#3838=CARTESIAN_POINT('',(4.68,0.32,-3.5));
#3839=DIRECTION('',(-1.,0.,0.));
#3840=DIRECTION('',(0.,-1.,0.));
#3841=FACE_BOUND('',#3842,.T.);
#3842=EDGE_LOOP('',(#6219,#6220,#6221,#6222));
#3843=PLANE('',#3844);
#3844=AXIS2_PLACEMENT_3D('',#3845,#3846,#3847);
#3845=CARTESIAN_POINT('',(7.82,0.32,-3.5));
#3846=DIRECTION('',(0.,1.,-0.));
#3847=DIRECTION('',(-1.,0.,0.));
#3848=FACE_BOUND('',#3849,.T.);
#3849=EDGE_LOOP('',(#6223,#6224,#6225,#6226));
#3850=PLANE('',#3851);
#3851=AXIS2_PLACEMENT_3D('',#3852,#3853,#3854);
#3852=CARTESIAN_POINT('',(7.82,-0.32,-3.5));
#3853=DIRECTION('',(1.,0.,0.));
#3854=DIRECTION('',(0.,1.,0.));
#3855=FACE_BOUND('',#3856,.T.);
#3856=EDGE_LOOP('',(#6227,#6228,#6229,#6230));
#3857=PLANE('',#3858);
#3858=AXIS2_PLACEMENT_3D('',#3859,#3860,#3861);
#3859=CARTESIAN_POINT('',(7.18,-0.32,-3.5));
#3860=DIRECTION('',(0.,-1.,0.));
#3861=DIRECTION('',(1.,0.,0.));
#3862=FACE_BOUND('',#3863,.T.);
#3863=EDGE_LOOP('',(#6231,#6232,#6233,#6234));
#3864=PLANE('',#3865);
#3865=AXIS2_PLACEMENT_3D('',#3866,#3867,#3868);
#3866=CARTESIAN_POINT('',(7.18,0.32,-3.5));
#3867=DIRECTION('',(-1.,0.,0.));
#3868=DIRECTION('',(0.,-1.,0.));
#3869=FACE_BOUND('',#3870,.T.);
#3870=EDGE_LOOP('',(#6235,#6236,#6237,#6238));
#3871=PLANE('',#3872);
#3872=AXIS2_PLACEMENT_3D('',#3873,#3874,#3875);
#3873=CARTESIAN_POINT('',(10.32,0.32,-3.5));
#3874=DIRECTION('',(0.,1.,-0.));
#3875=DIRECTION('',(-1.,0.,0.));
#3876=FACE_BOUND('',#3877,.T.);
#3877=EDGE_LOOP('',(#6239,#6240,#6241,#6242));
#3878=PLANE('',#3879);
#3879=AXIS2_PLACEMENT_3D('',#3880,#3881,#3882);
#3880=CARTESIAN_POINT('',(10.32,-0.32,-3.5));
#3881=DIRECTION('',(1.,0.,0.));
#3882=DIRECTION('',(0.,1.,0.));
#3883=FACE_BOUND('',#3884,.T.);
#3884=EDGE_LOOP('',(#6243,#6244,#6245,#6246));
#3885=PLANE('',#3886);
#3886=AXIS2_PLACEMENT_3D('',#3887,#3888,#3889);
#3887=CARTESIAN_POINT('',(9.68,-0.32,-3.5));
#3888=DIRECTION('',(0.,-1.,0.));
#3889=DIRECTION('',(1.,0.,0.));
#3890=FACE_BOUND('',#3891,.T.);
#3891=EDGE_LOOP('',(#6247,#6248,#6249,#6250));
#3892=PLANE('',#3893);
#3893=AXIS2_PLACEMENT_3D('',#3894,#3895,#3896);
#3894=CARTESIAN_POINT('',(9.68,0.32,-3.5));
#3895=DIRECTION('',(-1.,0.,0.));
#3896=DIRECTION('',(0.,-1.,0.));
#3897=FACE_BOUND('',#3898,.T.);
#3898=EDGE_LOOP('',(#6251,#6252,#6253,#6254));
#3899=PLANE('',#3900);
#3900=AXIS2_PLACEMENT_3D('',#3901,#3902,#3903);
#3901=CARTESIAN_POINT('',(12.82,0.32,-3.5));
#3902=DIRECTION('',(0.,1.,-0.));
#3903=DIRECTION('',(-1.,0.,0.));
#3904=FACE_BOUND('',#3905,.T.);
#3905=EDGE_LOOP('',(#6255,#6256,#6257,#6258));
#3906=PLANE('',#3907);
#3907=AXIS2_PLACEMENT_3D('',#3908,#3909,#3910);
#3908=CARTESIAN_POINT('',(12.82,-0.32,-3.5));
#3909=DIRECTION('',(1.,0.,0.));
#3910=DIRECTION('',(0.,1.,0.));
#3911=FACE_BOUND('',#3912,.T.);
#3912=EDGE_LOOP('',(#6259,#6260,#6261,#6262));
#3913=PLANE('',#3914);
#3914=AXIS2_PLACEMENT_3D('',#3915,#3916,#3917);
#3915=CARTESIAN_POINT('',(12.18,-0.32,-3.5));
#3916=DIRECTION('',(0.,-1.,0.));
#3917=DIRECTION('',(1.,0.,0.));
#3918=FACE_BOUND('',#3919,.T.);
#3919=EDGE_LOOP('',(#6263,#6264,#6265,#6266));
#3920=PLANE('',#3921);
#3921=AXIS2_PLACEMENT_3D('',#3922,#3923,#3924);
#3922=CARTESIAN_POINT('',(12.18,0.32,-3.5));
#3923=DIRECTION('',(-1.,0.,0.));
#3924=DIRECTION('',(0.,-1.,0.));
#3925=FACE_BOUND('',#3926,.T.);
#3926=EDGE_LOOP('',(#6267,#6268,#6269,#6270));
#3927=PLANE('',#3928);
#3928=AXIS2_PLACEMENT_3D('',#3929,#3930,#3931);
#3929=CARTESIAN_POINT('',(15.32,0.32,-3.5));
#3930=DIRECTION('',(0.,1.,-0.));
#3931=DIRECTION('',(-1.,0.,0.));
#3932=FACE_BOUND('',#3933,.T.);
#3933=EDGE_LOOP('',(#6271,#6272,#6273,#6274));
#3934=PLANE('',#3935);
#3935=AXIS2_PLACEMENT_3D('',#3936,#3937,#3938);
#3936=CARTESIAN_POINT('',(15.32,-0.32,-3.5));
#3937=DIRECTION('',(1.,0.,0.));
#3938=DIRECTION('',(0.,1.,0.));
#3939=FACE_BOUND('',#3940,.T.);
#3940=EDGE_LOOP('',(#6275,#6276,#6277,#6278));
#3941=PLANE('',#3942);
#3942=AXIS2_PLACEMENT_3D('',#3943,#3944,#3945);
#3943=CARTESIAN_POINT('',(14.68,-0.32,-3.5));
#3944=DIRECTION('',(0.,-1.,0.));
#3945=DIRECTION('',(1.,0.,0.));
#3946=FACE_BOUND('',#3947,.T.);
#3947=EDGE_LOOP('',(#6279,#6280,#6281,#6282));
#3948=PLANE('',#3949);
#3949=AXIS2_PLACEMENT_3D('',#3950,#3951,#3952);
#3950=CARTESIAN_POINT('',(14.68,0.32,-3.5));
#3951=DIRECTION('',(-1.,0.,0.));
#3952=DIRECTION('',(0.,-1.,0.));
#3953=FACE_BOUND('',#3954,.T.);
#3954=EDGE_LOOP('',(#6283,#6284,#6285,#6286));
#3955=PLANE('',#3956);
#3956=AXIS2_PLACEMENT_3D('',#3957,#3958,#3959);
#3957=CARTESIAN_POINT('',(17.82,0.32,-3.5));
#3958=DIRECTION('',(0.,1.,-0.));
#3959=DIRECTION('',(-1.,0.,0.));
#3960=FACE_BOUND('',#3961,.T.);
#3961=EDGE_LOOP('',(#6287,#6288,#6289,#6290));
#3962=PLANE('',#3963);
#3963=AXIS2_PLACEMENT_3D('',#3964,#3965,#3966);
#3964=CARTESIAN_POINT('',(17.82,-0.32,-3.5));
#3965=DIRECTION('',(1.,0.,0.));
#3966=DIRECTION('',(0.,1.,0.));
#3967=FACE_BOUND('',#3968,.T.);
#3968=EDGE_LOOP('',(#6291,#6292,#6293,#6294));
#3969=PLANE('',#3970);
#3970=AXIS2_PLACEMENT_3D('',#3971,#3972,#3973);
#3971=CARTESIAN_POINT('',(17.18,-0.32,-3.5));
#3972=DIRECTION('',(0.,-1.,0.));
#3973=DIRECTION('',(1.,0.,0.));
#3974=FACE_BOUND('',#3975,.T.);
#3975=EDGE_LOOP('',(#6295,#6296,#6297,#6298));
#3976=PLANE('',#3977);
#3977=AXIS2_PLACEMENT_3D('',#3978,#3979,#3980);
#3978=CARTESIAN_POINT('',(17.18,0.32,-3.5));
#3979=DIRECTION('',(-1.,0.,0.));
#3980=DIRECTION('',(0.,-1.,0.));
#3981=FACE_BOUND('',#3982,.T.);
#3982=EDGE_LOOP('',(#6299,#6300,#6301,#6302));
#3983=PLANE('',#3984);
#3984=AXIS2_PLACEMENT_3D('',#3985,#3986,#3987);
#3985=CARTESIAN_POINT('',(20.32,0.32,-3.5));
#3986=DIRECTION('',(0.,1.,-0.));
#3987=DIRECTION('',(-1.,0.,0.));
#3988=FACE_BOUND('',#3989,.T.);
#3989=EDGE_LOOP('',(#6303,#6304,#6305,#6306));
#3990=PLANE('',#3991);
#3991=AXIS2_PLACEMENT_3D('',#3992,#3993,#3994);
#3992=CARTESIAN_POINT('',(20.32,-0.32,-3.5));
#3993=DIRECTION('',(1.,0.,0.));
#3994=DIRECTION('',(0.,1.,0.));
#3995=FACE_BOUND('',#3996,.T.);
#3996=EDGE_LOOP('',(#6307,#6308,#6309,#6310));
#3997=PLANE('',#3998);
#3998=AXIS2_PLACEMENT_3D('',#3999,#4000,#4001);
#3999=CARTESIAN_POINT('',(19.68,-0.32,-3.5));
#4000=DIRECTION('',(0.,-1.,0.));
#4001=DIRECTION('',(1.,0.,0.));
#4002=FACE_BOUND('',#4003,.T.);
#4003=EDGE_LOOP('',(#6311,#6312,#6313,#6314));
#4004=PLANE('',#4005);
#4005=AXIS2_PLACEMENT_3D('',#4006,#4007,#4008);
#4006=CARTESIAN_POINT('',(19.68,0.32,-3.5));
#4007=DIRECTION('',(-1.,0.,0.));
#4008=DIRECTION('',(0.,-1.,0.));
#4009=FACE_BOUND('',#4010,.T.);
#4010=EDGE_LOOP('',(#6315,#6316,#6317,#6318));
#4011=PLANE('',#4012);
#4012=AXIS2_PLACEMENT_3D('',#4013,#4014,#4015);
#4013=CARTESIAN_POINT('',(22.82,0.32,-3.5));
#4014=DIRECTION('',(0.,1.,-0.));
#4015=DIRECTION('',(-1.,0.,0.));
#4016=FACE_BOUND('',#4017,.T.);
#4017=EDGE_LOOP('',(#6319,#6320,#6321,#6322));
#4018=PLANE('',#4019);
#4019=AXIS2_PLACEMENT_3D('',#4020,#4021,#4022);
#4020=CARTESIAN_POINT('',(22.82,-0.32,-3.5));
#4021=DIRECTION('',(1.,0.,0.));
#4022=DIRECTION('',(0.,1.,0.));
#4023=FACE_BOUND('',#4024,.T.);
#4024=EDGE_LOOP('',(#6323,#6324,#6325,#6326));
#4025=PLANE('',#4026);
#4026=AXIS2_PLACEMENT_3D('',#4027,#4028,#4029);
#4027=CARTESIAN_POINT('',(22.18,-0.32,-3.5));
#4028=DIRECTION('',(0.,-1.,0.));
#4029=DIRECTION('',(1.,0.,0.));
#4030=FACE_BOUND('',#4031,.T.);
#4031=EDGE_LOOP('',(#6327,#6328,#6329,#6330));
#4032=PLANE('',#4033);
#4033=AXIS2_PLACEMENT_3D('',#4034,#4035,#4036);
#4034=CARTESIAN_POINT('',(22.18,0.32,-3.5));
#4035=DIRECTION('',(-1.,0.,0.));
#4036=DIRECTION('',(0.,-1.,0.));
#4037=FACE_BOUND('',#4038,.T.);
#4038=EDGE_LOOP('',(#6331,#6332,#6333,#6334));
#4039=PLANE('',#4040);
#4040=AXIS2_PLACEMENT_3D('',#4041,#4042,#4043);
#4041=CARTESIAN_POINT('',(25.32,0.32,-3.5));
#4042=DIRECTION('',(0.,1.,-0.));
#4043=DIRECTION('',(-1.,0.,0.));
#4044=FACE_BOUND('',#4045,.T.);
#4045=EDGE_LOOP('',(#6335,#6336,#6337,#6338));
#4046=PLANE('',#4047);
#4047=AXIS2_PLACEMENT_3D('',#4048,#4049,#4050);
#4048=CARTESIAN_POINT('',(25.32,-0.32,-3.5));
#4049=DIRECTION('',(1.,0.,0.));
#4050=DIRECTION('',(0.,1.,0.));
#4051=FACE_BOUND('',#4052,.T.);
#4052=EDGE_LOOP('',(#6339,#6340,#6341,#6342));
#4053=PLANE('',#4054);
#4054=AXIS2_PLACEMENT_3D('',#4055,#4056,#4057);
#4055=CARTESIAN_POINT('',(24.68,-0.32,-3.5));
#4056=DIRECTION('',(0.,-1.,0.));
#4057=DIRECTION('',(1.,0.,0.));
#4058=FACE_BOUND('',#4059,.T.);
#4059=EDGE_LOOP('',(#6343,#6344,#6345,#6346));
#4060=PLANE('',#4061);
#4061=AXIS2_PLACEMENT_3D('',#4062,#4063,#4064);
#4062=CARTESIAN_POINT('',(24.68,0.32,-3.5));
#4063=DIRECTION('',(-1.,0.,0.));
#4064=DIRECTION('',(0.,-1.,0.));
#4065=FACE_BOUND('',#4066,.T.);
#4066=EDGE_LOOP('',(#6347,#6348,#6349,#6350));
#4067=PLANE('',#4068);
#4068=AXIS2_PLACEMENT_3D('',#4069,#4070,#4071);
#4069=CARTESIAN_POINT('',(27.82,0.32,-3.5));
#4070=DIRECTION('',(0.,1.,-0.));
#4071=DIRECTION('',(-1.,0.,0.));
#4072=FACE_BOUND('',#4073,.T.);
#4073=EDGE_LOOP('',(#6351,#6352,#6353,#6354));
#4074=PLANE('',#4075);
#4075=AXIS2_PLACEMENT_3D('',#4076,#4077,#4078);
#4076=CARTESIAN_POINT('',(27.82,-0.32,-3.5));
#4077=DIRECTION('',(1.,0.,0.));
#4078=DIRECTION('',(0.,1.,0.));
#4079=FACE_BOUND('',#4080,.T.);
#4080=EDGE_LOOP('',(#6355,#6356,#6357,#6358));
#4081=PLANE('',#4082);
#4082=AXIS2_PLACEMENT_3D('',#4083,#4084,#4085);
#4083=CARTESIAN_POINT('',(27.18,-0.32,-3.5));
#4084=DIRECTION('',(0.,-1.,0.));
#4085=DIRECTION('',(1.,0.,0.));
#4086=FACE_BOUND('',#4087,.T.);
#4087=EDGE_LOOP('',(#6359,#6360,#6361,#6362));
#4088=PLANE('',#4089);
#4089=AXIS2_PLACEMENT_3D('',#4090,#4091,#4092);
#4090=CARTESIAN_POINT('',(27.18,0.32,-3.5));
#4091=DIRECTION('',(-1.,0.,0.));
#4092=DIRECTION('',(0.,-1.,0.));
#4093=FACE_BOUND('',#4094,.T.);
#4094=EDGE_LOOP('',(#6363,#6364,#6365,#6366));
#4095=PLANE('',#4096);
#4096=AXIS2_PLACEMENT_3D('',#4097,#4098,#4099);
#4097=CARTESIAN_POINT('',(30.32,0.32,-3.5));
#4098=DIRECTION('',(0.,1.,-0.));
#4099=DIRECTION('',(-1.,0.,0.));
#4100=FACE_BOUND('',#4101,.T.);
#4101=EDGE_LOOP('',(#6367,#6368,#6369,#6370));
#4102=PLANE('',#4103);
#4103=AXIS2_PLACEMENT_3D('',#4104,#4105,#4106);
#4104=CARTESIAN_POINT('',(30.32,-0.32,-3.5));
#4105=DIRECTION('',(1.,0.,0.));
#4106=DIRECTION('',(0.,1.,0.));
#4107=FACE_BOUND('',#4108,.T.);
#4108=EDGE_LOOP('',(#6371,#6372,#6373,#6374));
#4109=PLANE('',#4110);
#4110=AXIS2_PLACEMENT_3D('',#4111,#4112,#4113);
#4111=CARTESIAN_POINT('',(29.68,-0.32,-3.5));
#4112=DIRECTION('',(0.,-1.,0.));
#4113=DIRECTION('',(1.,0.,0.));
#4114=FACE_BOUND('',#4115,.T.);
#4115=EDGE_LOOP('',(#6375,#6376,#6377,#6378));
#4116=PLANE('',#4117);
#4117=AXIS2_PLACEMENT_3D('',#4118,#4119,#4120);
#4118=CARTESIAN_POINT('',(29.68,0.32,-3.5));
#4119=DIRECTION('',(-1.,0.,0.));
#4120=DIRECTION('',(0.,-1.,0.));
#4121=FACE_BOUND('',#4122,.T.);
#4122=EDGE_LOOP('',(#6379,#6380,#6381,#6382));
#4123=PLANE('',#4124);
#4124=AXIS2_PLACEMENT_3D('',#4125,#4126,#4127);
#4125=CARTESIAN_POINT('',(32.82,0.32,-3.5));
#4126=DIRECTION('',(0.,1.,-0.));
#4127=DIRECTION('',(-1.,0.,0.));
#4128=FACE_BOUND('',#4129,.T.);
#4129=EDGE_LOOP('',(#6383,#6384,#6385,#6386));
#4130=PLANE('',#4131);
#4131=AXIS2_PLACEMENT_3D('',#4132,#4133,#4134);
#4132=CARTESIAN_POINT('',(32.82,-0.32,-3.5));
#4133=DIRECTION('',(1.,0.,0.));
#4134=DIRECTION('',(0.,1.,0.));
#4135=FACE_BOUND('',#4136,.T.);
#4136=EDGE_LOOP('',(#6387,#6388,#6389,#6390));
#4137=PLANE('',#4138);
#4138=AXIS2_PLACEMENT_3D('',#4139,#4140,#4141);
#4139=CARTESIAN_POINT('',(32.18,-0.32,-3.5));
#4140=DIRECTION('',(0.,-1.,0.));
#4141=DIRECTION('',(1.,0.,0.));
#4142=FACE_BOUND('',#4143,.T.);
#4143=EDGE_LOOP('',(#6391,#6392,#6393,#6394));
#4144=PLANE('',#4145);
#4145=AXIS2_PLACEMENT_3D('',#4146,#4147,#4148);
#4146=CARTESIAN_POINT('',(32.18,0.32,-3.5));
#4147=DIRECTION('',(-1.,0.,0.));
#4148=DIRECTION('',(0.,-1.,0.));
#4149=FACE_BOUND('',#4150,.T.);
#4150=EDGE_LOOP('',(#6395,#6396,#6397,#6398));
#4151=PLANE('',#4152);
#4152=AXIS2_PLACEMENT_3D('',#4153,#4154,#4155);
#4153=CARTESIAN_POINT('',(0.32,0.32,-3.5));
#4154=DIRECTION('',(0.,1.,-0.));
#4155=DIRECTION('',(-1.,0.,0.));
#4156=FACE_BOUND('',#4157,.T.);
#4157=EDGE_LOOP('',(#6399,#6400,#6401,#6402));
#4158=PLANE('',#4159);
#4159=AXIS2_PLACEMENT_3D('',#4160,#4161,#4162);
#4160=CARTESIAN_POINT('',(0.32,-0.32,-3.5));
#4161=DIRECTION('',(1.,0.,0.));
#4162=DIRECTION('',(0.,1.,0.));
#4163=FACE_BOUND('',#4164,.T.);
#4164=EDGE_LOOP('',(#6403,#6404,#6405,#6406));
#4165=PLANE('',#4166);
#4166=AXIS2_PLACEMENT_3D('',#4167,#4168,#4169);
#4167=CARTESIAN_POINT('',(-0.32,-0.32,-3.5));
#4168=DIRECTION('',(0.,-1.,0.));
#4169=DIRECTION('',(1.,0.,0.));
#4170=FACE_BOUND('',#4171,.T.);
#4171=EDGE_LOOP('',(#6407,#6408,#6409,#6410));
#4172=PLANE('',#4173);
#4173=AXIS2_PLACEMENT_3D('',#4174,#4175,#4176);
#4174=CARTESIAN_POINT('',(-0.32,0.32,-3.5));
#4175=DIRECTION('',(-1.,0.,0.));
#4176=DIRECTION('',(0.,-1.,0.));
#4177=FACE_BOUND('',#4178,.T.);
#4178=EDGE_LOOP('',(#6411,#6412,#6413,#6414));
#4179=PLANE('',#4180);
#4180=AXIS2_PLACEMENT_3D('',#4181,#4182,#4183);
#4181=CARTESIAN_POINT('',(-2.1,4.05,7.));
#4182=DIRECTION('',(0.707106781186546,5.55784941126999E-017,0.707106781186549));
#4183=DIRECTION('',(7.85998601504536E-017,-1.,6.17045238379134E-033));
#4184=FACE_BOUND('',#4185,.T.);
#4185=EDGE_LOOP('',(#6415,#6416,#6417,#6418,#6419));
#4186=PLANE('',#4187);
#4187=AXIS2_PLACEMENT_3D('',#4188,#4189,#4190);
#4188=CARTESIAN_POINT('',(35.,-0.4,7.));
#4189=DIRECTION('',(0.,1.,0.));
#4190=DIRECTION('',(0.,0.,-1.));
#4191=FACE_BOUND('',#4192,.T.);
#4192=EDGE_LOOP('',(#6420,#6421,#6422,#6423));
#4193=PLANE('',#4194);
#4194=AXIS2_PLACEMENT_3D('',#4195,#4196,#4197);
#4195=CARTESIAN_POINT('',(0.32,0.32,-3.5));
#4196=DIRECTION('',(0.,1.,-0.));
#4197=DIRECTION('',(-1.,0.,0.));
#4198=FACE_BOUND('',#4199,.T.);
#4199=EDGE_LOOP('',(#6424,#6425,#6426,#6427));
#4200=PLANE('',#4201);
#4201=AXIS2_PLACEMENT_3D('',#4202,#4203,#4204);
#4202=CARTESIAN_POINT('',(-0.32,0.32,-3.5));
#4203=DIRECTION('',(-1.,0.,0.));
#4204=DIRECTION('',(0.,-1.,0.));
#4205=FACE_BOUND('',#4206,.T.);
#4206=EDGE_LOOP('',(#6428,#6429,#6430,#6431));
#4207=PLANE('',#4208);
#4208=AXIS2_PLACEMENT_3D('',#4209,#4210,#4211);
#4209=CARTESIAN_POINT('',(-0.32,-0.32,-3.5));
#4210=DIRECTION('',(0.,-1.,0.));
#4211=DIRECTION('',(1.,0.,0.));
#4212=FACE_BOUND('',#4213,.T.);
#4213=EDGE_LOOP('',(#6432,#6433,#6434,#6435));
#4214=PLANE('',#4215);
#4215=AXIS2_PLACEMENT_3D('',#4216,#4217,#4218);
#4216=CARTESIAN_POINT('',(0.32,-0.32,-3.5));
#4217=DIRECTION('',(1.,0.,0.));
#4218=DIRECTION('',(0.,1.,0.));
#4219=FACE_BOUND('',#4220,.T.);
#4220=EDGE_LOOP('',(#6436,#6437,#6438,#6439));
#4221=PLANE('',#4222);
#4222=AXIS2_PLACEMENT_3D('',#4223,#4224,#4225);
#4223=CARTESIAN_POINT('',(2.82,0.32,-3.5));
#4224=DIRECTION('',(0.,1.,-0.));
#4225=DIRECTION('',(-1.,0.,0.));
#4226=FACE_BOUND('',#4227,.T.);
#4227=EDGE_LOOP('',(#6440,#6441,#6442,#6443));
#4228=PLANE('',#4229);
#4229=AXIS2_PLACEMENT_3D('',#4230,#4231,#4232);
#4230=CARTESIAN_POINT('',(2.18,0.32,-3.5));
#4231=DIRECTION('',(-1.,0.,0.));
#4232=DIRECTION('',(0.,-1.,0.));
#4233=FACE_BOUND('',#4234,.T.);
#4234=EDGE_LOOP('',(#6444,#6445,#6446,#6447));
#4235=PLANE('',#4236);
#4236=AXIS2_PLACEMENT_3D('',#4237,#4238,#4239);
#4237=CARTESIAN_POINT('',(2.18,-0.32,-3.5));
#4238=DIRECTION('',(0.,-1.,0.));
#4239=DIRECTION('',(1.,0.,0.));
#4240=FACE_BOUND('',#4241,.T.);
#4241=EDGE_LOOP('',(#6448,#6449,#6450,#6451));
#4242=PLANE('',#4243);
#4243=AXIS2_PLACEMENT_3D('',#4244,#4245,#4246);
#4244=CARTESIAN_POINT('',(2.82,-0.32,-3.5));
#4245=DIRECTION('',(1.,0.,0.));
#4246=DIRECTION('',(0.,1.,0.));
#4247=FACE_BOUND('',#4248,.T.);
#4248=EDGE_LOOP('',(#6452,#6453,#6454,#6455));
#4249=PLANE('',#4250);
#4250=AXIS2_PLACEMENT_3D('',#4251,#4252,#4253);
#4251=CARTESIAN_POINT('',(5.32,0.32,-3.5));
#4252=DIRECTION('',(0.,1.,-0.));
#4253=DIRECTION('',(-1.,0.,0.));
#4254=FACE_BOUND('',#4255,.T.);
#4255=EDGE_LOOP('',(#6456,#6457,#6458,#6459));
#4256=PLANE('',#4257);
#4257=AXIS2_PLACEMENT_3D('',#4258,#4259,#4260);
#4258=CARTESIAN_POINT('',(4.68,0.32,-3.5));
#4259=DIRECTION('',(-1.,0.,0.));
#4260=DIRECTION('',(0.,-1.,0.));
#4261=FACE_BOUND('',#4262,.T.);
#4262=EDGE_LOOP('',(#6460,#6461,#6462,#6463));
#4263=PLANE('',#4264);
#4264=AXIS2_PLACEMENT_3D('',#4265,#4266,#4267);
#4265=CARTESIAN_POINT('',(4.68,-0.32,-3.5));
#4266=DIRECTION('',(0.,-1.,0.));
#4267=DIRECTION('',(1.,0.,0.));
#4268=FACE_BOUND('',#4269,.T.);
#4269=EDGE_LOOP('',(#6464,#6465,#6466,#6467));
#4270=PLANE('',#4271);
#4271=AXIS2_PLACEMENT_3D('',#4272,#4273,#4274);
#4272=CARTESIAN_POINT('',(5.32,-0.32,-3.5));
#4273=DIRECTION('',(1.,0.,0.));
#4274=DIRECTION('',(0.,1.,0.));
#4275=FACE_BOUND('',#4276,.T.);
#4276=EDGE_LOOP('',(#6468,#6469,#6470,#6471));
#4277=PLANE('',#4278);
#4278=AXIS2_PLACEMENT_3D('',#4279,#4280,#4281);
#4279=CARTESIAN_POINT('',(7.82,0.32,-3.5));
#4280=DIRECTION('',(0.,1.,-0.));
#4281=DIRECTION('',(-1.,0.,0.));
#4282=FACE_BOUND('',#4283,.T.);
#4283=EDGE_LOOP('',(#6472,#6473,#6474,#6475));
#4284=PLANE('',#4285);
#4285=AXIS2_PLACEMENT_3D('',#4286,#4287,#4288);
#4286=CARTESIAN_POINT('',(7.18,0.32,-3.5));
#4287=DIRECTION('',(-1.,0.,0.));
#4288=DIRECTION('',(0.,-1.,0.));
#4289=FACE_BOUND('',#4290,.T.);
#4290=EDGE_LOOP('',(#6476,#6477,#6478,#6479));
#4291=PLANE('',#4292);
#4292=AXIS2_PLACEMENT_3D('',#4293,#4294,#4295);
#4293=CARTESIAN_POINT('',(7.18,-0.32,-3.5));
#4294=DIRECTION('',(0.,-1.,0.));
#4295=DIRECTION('',(1.,0.,0.));
#4296=FACE_BOUND('',#4297,.T.);
#4297=EDGE_LOOP('',(#6480,#6481,#6482,#6483));
#4298=PLANE('',#4299);
#4299=AXIS2_PLACEMENT_3D('',#4300,#4301,#4302);
#4300=CARTESIAN_POINT('',(7.82,-0.32,-3.5));
#4301=DIRECTION('',(1.,0.,0.));
#4302=DIRECTION('',(0.,1.,0.));
#4303=FACE_BOUND('',#4304,.T.);
#4304=EDGE_LOOP('',(#6484,#6485,#6486,#6487));
#4305=PLANE('',#4306);
#4306=AXIS2_PLACEMENT_3D('',#4307,#4308,#4309);
#4307=CARTESIAN_POINT('',(10.32,0.32,-3.5));
#4308=DIRECTION('',(0.,1.,-0.));
#4309=DIRECTION('',(-1.,0.,0.));
#4310=FACE_BOUND('',#4311,.T.);
#4311=EDGE_LOOP('',(#6488,#6489,#6490,#6491));
#4312=PLANE('',#4313);
#4313=AXIS2_PLACEMENT_3D('',#4314,#4315,#4316);
#4314=CARTESIAN_POINT('',(9.68,0.32,-3.5));
#4315=DIRECTION('',(-1.,0.,0.));
#4316=DIRECTION('',(0.,-1.,0.));
#4317=FACE_BOUND('',#4318,.T.);
#4318=EDGE_LOOP('',(#6492,#6493,#6494,#6495));
#4319=PLANE('',#4320);
#4320=AXIS2_PLACEMENT_3D('',#4321,#4322,#4323);
#4321=CARTESIAN_POINT('',(9.68,-0.32,-3.5));
#4322=DIRECTION('',(0.,-1.,0.));
#4323=DIRECTION('',(1.,0.,0.));
#4324=FACE_BOUND('',#4325,.T.);
#4325=EDGE_LOOP('',(#6496,#6497,#6498,#6499));
#4326=PLANE('',#4327);
#4327=AXIS2_PLACEMENT_3D('',#4328,#4329,#4330);
#4328=CARTESIAN_POINT('',(10.32,-0.32,-3.5));
#4329=DIRECTION('',(1.,0.,0.));
#4330=DIRECTION('',(0.,1.,0.));
#4331=FACE_BOUND('',#4332,.T.);
#4332=EDGE_LOOP('',(#6500,#6501,#6502,#6503));
#4333=PLANE('',#4334);
#4334=AXIS2_PLACEMENT_3D('',#4335,#4336,#4337);
#4335=CARTESIAN_POINT('',(12.82,0.32,-3.5));
#4336=DIRECTION('',(0.,1.,-0.));
#4337=DIRECTION('',(-1.,0.,0.));
#4338=FACE_BOUND('',#4339,.T.);
#4339=EDGE_LOOP('',(#6504,#6505,#6506,#6507));
#4340=PLANE('',#4341);
#4341=AXIS2_PLACEMENT_3D('',#4342,#4343,#4344);
#4342=CARTESIAN_POINT('',(12.18,0.32,-3.5));
#4343=DIRECTION('',(-1.,0.,0.));
#4344=DIRECTION('',(0.,-1.,0.));
#4345=FACE_BOUND('',#4346,.T.);
#4346=EDGE_LOOP('',(#6508,#6509,#6510,#6511));
#4347=PLANE('',#4348);
#4348=AXIS2_PLACEMENT_3D('',#4349,#4350,#4351);
#4349=CARTESIAN_POINT('',(12.18,-0.32,-3.5));
#4350=DIRECTION('',(0.,-1.,0.));
#4351=DIRECTION('',(1.,0.,0.));
#4352=FACE_BOUND('',#4353,.T.);
#4353=EDGE_LOOP('',(#6512,#6513,#6514,#6515));
#4354=PLANE('',#4355);
#4355=AXIS2_PLACEMENT_3D('',#4356,#4357,#4358);
#4356=CARTESIAN_POINT('',(12.82,-0.32,-3.5));
#4357=DIRECTION('',(1.,0.,0.));
#4358=DIRECTION('',(0.,1.,0.));
#4359=FACE_BOUND('',#4360,.T.);
#4360=EDGE_LOOP('',(#6516,#6517,#6518,#6519));
#4361=PLANE('',#4362);
#4362=AXIS2_PLACEMENT_3D('',#4363,#4364,#4365);
#4363=CARTESIAN_POINT('',(15.32,0.32,-3.5));
#4364=DIRECTION('',(0.,1.,-0.));
#4365=DIRECTION('',(-1.,0.,0.));
#4366=FACE_BOUND('',#4367,.T.);
#4367=EDGE_LOOP('',(#6520,#6521,#6522,#6523));
#4368=PLANE('',#4369);
#4369=AXIS2_PLACEMENT_3D('',#4370,#4371,#4372);
#4370=CARTESIAN_POINT('',(14.68,0.32,-3.5));
#4371=DIRECTION('',(-1.,0.,0.));
#4372=DIRECTION('',(0.,-1.,0.));
#4373=FACE_BOUND('',#4374,.T.);
#4374=EDGE_LOOP('',(#6524,#6525,#6526,#6527));
#4375=PLANE('',#4376);
#4376=AXIS2_PLACEMENT_3D('',#4377,#4378,#4379);
#4377=CARTESIAN_POINT('',(14.68,-0.32,-3.5));
#4378=DIRECTION('',(0.,-1.,0.));
#4379=DIRECTION('',(1.,0.,0.));
#4380=FACE_BOUND('',#4381,.T.);
#4381=EDGE_LOOP('',(#6528,#6529,#6530,#6531));
#4382=PLANE('',#4383);
#4383=AXIS2_PLACEMENT_3D('',#4384,#4385,#4386);
#4384=CARTESIAN_POINT('',(15.32,-0.32,-3.5));
#4385=DIRECTION('',(1.,0.,0.));
#4386=DIRECTION('',(0.,1.,0.));
#4387=FACE_BOUND('',#4388,.T.);
#4388=EDGE_LOOP('',(#6532,#6533,#6534,#6535));
#4389=PLANE('',#4390);
#4390=AXIS2_PLACEMENT_3D('',#4391,#4392,#4393);
#4391=CARTESIAN_POINT('',(17.82,0.32,-3.5));
#4392=DIRECTION('',(0.,1.,-0.));
#4393=DIRECTION('',(-1.,0.,0.));
#4394=FACE_BOUND('',#4395,.T.);
#4395=EDGE_LOOP('',(#6536,#6537,#6538,#6539));
#4396=PLANE('',#4397);
#4397=AXIS2_PLACEMENT_3D('',#4398,#4399,#4400);
#4398=CARTESIAN_POINT('',(17.18,0.32,-3.5));
#4399=DIRECTION('',(-1.,0.,0.));
#4400=DIRECTION('',(0.,-1.,0.));
#4401=FACE_BOUND('',#4402,.T.);
#4402=EDGE_LOOP('',(#6540,#6541,#6542,#6543));
#4403=PLANE('',#4404);
#4404=AXIS2_PLACEMENT_3D('',#4405,#4406,#4407);
#4405=CARTESIAN_POINT('',(17.18,-0.32,-3.5));
#4406=DIRECTION('',(0.,-1.,0.));
#4407=DIRECTION('',(1.,0.,0.));
#4408=FACE_BOUND('',#4409,.T.);
#4409=EDGE_LOOP('',(#6544,#6545,#6546,#6547));
#4410=PLANE('',#4411);
#4411=AXIS2_PLACEMENT_3D('',#4412,#4413,#4414);
#4412=CARTESIAN_POINT('',(17.82,-0.32,-3.5));
#4413=DIRECTION('',(1.,0.,0.));
#4414=DIRECTION('',(0.,1.,0.));
#4415=FACE_BOUND('',#4416,.T.);
#4416=EDGE_LOOP('',(#6548,#6549,#6550,#6551));
#4417=PLANE('',#4418);
#4418=AXIS2_PLACEMENT_3D('',#4419,#4420,#4421);
#4419=CARTESIAN_POINT('',(20.32,0.32,-3.5));
#4420=DIRECTION('',(0.,1.,-0.));
#4421=DIRECTION('',(-1.,0.,0.));
#4422=FACE_BOUND('',#4423,.T.);
#4423=EDGE_LOOP('',(#6552,#6553,#6554,#6555));
#4424=PLANE('',#4425);
#4425=AXIS2_PLACEMENT_3D('',#4426,#4427,#4428);
#4426=CARTESIAN_POINT('',(19.68,0.32,-3.5));
#4427=DIRECTION('',(-1.,0.,0.));
#4428=DIRECTION('',(0.,-1.,0.));
#4429=FACE_BOUND('',#4430,.T.);
#4430=EDGE_LOOP('',(#6556,#6557,#6558,#6559));
#4431=PLANE('',#4432);
#4432=AXIS2_PLACEMENT_3D('',#4433,#4434,#4435);
#4433=CARTESIAN_POINT('',(19.68,-0.32,-3.5));
#4434=DIRECTION('',(0.,-1.,0.));
#4435=DIRECTION('',(1.,0.,0.));
#4436=FACE_BOUND('',#4437,.T.);
#4437=EDGE_LOOP('',(#6560,#6561,#6562,#6563));
#4438=PLANE('',#4439);
#4439=AXIS2_PLACEMENT_3D('',#4440,#4441,#4442);
#4440=CARTESIAN_POINT('',(20.32,-0.32,-3.5));
#4441=DIRECTION('',(1.,0.,0.));
#4442=DIRECTION('',(0.,1.,0.));
#4443=FACE_BOUND('',#4444,.T.);
#4444=EDGE_LOOP('',(#6564,#6565,#6566,#6567));
#4445=PLANE('',#4446);
#4446=AXIS2_PLACEMENT_3D('',#4447,#4448,#4449);
#4447=CARTESIAN_POINT('',(22.82,0.32,-3.5));
#4448=DIRECTION('',(0.,1.,-0.));
#4449=DIRECTION('',(-1.,0.,0.));
#4450=FACE_BOUND('',#4451,.T.);
#4451=EDGE_LOOP('',(#6568,#6569,#6570,#6571));
#4452=PLANE('',#4453);
#4453=AXIS2_PLACEMENT_3D('',#4454,#4455,#4456);
#4454=CARTESIAN_POINT('',(22.18,0.32,-3.5));
#4455=DIRECTION('',(-1.,0.,0.));
#4456=DIRECTION('',(0.,-1.,0.));
#4457=FACE_BOUND('',#4458,.T.);
#4458=EDGE_LOOP('',(#6572,#6573,#6574,#6575));
#4459=PLANE('',#4460);
#4460=AXIS2_PLACEMENT_3D('',#4461,#4462,#4463);
#4461=CARTESIAN_POINT('',(22.18,-0.32,-3.5));
#4462=DIRECTION('',(0.,-1.,0.));
#4463=DIRECTION('',(1.,0.,0.));
#4464=FACE_BOUND('',#4465,.T.);
#4465=EDGE_LOOP('',(#6576,#6577,#6578,#6579));
#4466=PLANE('',#4467);
#4467=AXIS2_PLACEMENT_3D('',#4468,#4469,#4470);
#4468=CARTESIAN_POINT('',(22.82,-0.32,-3.5));
#4469=DIRECTION('',(1.,0.,0.));
#4470=DIRECTION('',(0.,1.,0.));
#4471=FACE_BOUND('',#4472,.T.);
#4472=EDGE_LOOP('',(#6580,#6581,#6582,#6583));
#4473=PLANE('',#4474);
#4474=AXIS2_PLACEMENT_3D('',#4475,#4476,#4477);
#4475=CARTESIAN_POINT('',(25.32,0.32,-3.5));
#4476=DIRECTION('',(0.,1.,-0.));
#4477=DIRECTION('',(-1.,0.,0.));
#4478=FACE_BOUND('',#4479,.T.);
#4479=EDGE_LOOP('',(#6584,#6585,#6586,#6587));
#4480=PLANE('',#4481);
#4481=AXIS2_PLACEMENT_3D('',#4482,#4483,#4484);
#4482=CARTESIAN_POINT('',(24.68,0.32,-3.5));
#4483=DIRECTION('',(-1.,0.,0.));
#4484=DIRECTION('',(0.,-1.,0.));
#4485=FACE_BOUND('',#4486,.T.);
#4486=EDGE_LOOP('',(#6588,#6589,#6590,#6591));
#4487=PLANE('',#4488);
#4488=AXIS2_PLACEMENT_3D('',#4489,#4490,#4491);
#4489=CARTESIAN_POINT('',(24.68,-0.32,-3.5));
#4490=DIRECTION('',(0.,-1.,0.));
#4491=DIRECTION('',(1.,0.,0.));
#4492=FACE_BOUND('',#4493,.T.);
#4493=EDGE_LOOP('',(#6592,#6593,#6594,#6595));
#4494=PLANE('',#4495);
#4495=AXIS2_PLACEMENT_3D('',#4496,#4497,#4498);
#4496=CARTESIAN_POINT('',(25.32,-0.32,-3.5));
#4497=DIRECTION('',(1.,0.,0.));
#4498=DIRECTION('',(0.,1.,0.));
#4499=FACE_BOUND('',#4500,.T.);
#4500=EDGE_LOOP('',(#6596,#6597,#6598,#6599));
#4501=PLANE('',#4502);
#4502=AXIS2_PLACEMENT_3D('',#4503,#4504,#4505);
#4503=CARTESIAN_POINT('',(27.82,0.32,-3.5));
#4504=DIRECTION('',(0.,1.,-0.));
#4505=DIRECTION('',(-1.,0.,0.));
#4506=FACE_BOUND('',#4507,.T.);
#4507=EDGE_LOOP('',(#6600,#6601,#6602,#6603));
#4508=PLANE('',#4509);
#4509=AXIS2_PLACEMENT_3D('',#4510,#4511,#4512);
#4510=CARTESIAN_POINT('',(27.18,0.32,-3.5));
#4511=DIRECTION('',(-1.,0.,0.));
#4512=DIRECTION('',(0.,-1.,0.));
#4513=FACE_BOUND('',#4514,.T.);
#4514=EDGE_LOOP('',(#6604,#6605,#6606,#6607));
#4515=PLANE('',#4516);
#4516=AXIS2_PLACEMENT_3D('',#4517,#4518,#4519);
#4517=CARTESIAN_POINT('',(27.18,-0.32,-3.5));
#4518=DIRECTION('',(0.,-1.,0.));
#4519=DIRECTION('',(1.,0.,0.));
#4520=FACE_BOUND('',#4521,.T.);
#4521=EDGE_LOOP('',(#6608,#6609,#6610,#6611));
#4522=PLANE('',#4523);
#4523=AXIS2_PLACEMENT_3D('',#4524,#4525,#4526);
#4524=CARTESIAN_POINT('',(27.82,-0.32,-3.5));
#4525=DIRECTION('',(1.,0.,0.));
#4526=DIRECTION('',(0.,1.,0.));
#4527=FACE_BOUND('',#4528,.T.);
#4528=EDGE_LOOP('',(#6612,#6613,#6614,#6615));
#4529=PLANE('',#4530);
#4530=AXIS2_PLACEMENT_3D('',#4531,#4532,#4533);
#4531=CARTESIAN_POINT('',(30.32,0.32,-3.5));
#4532=DIRECTION('',(0.,1.,-0.));
#4533=DIRECTION('',(-1.,0.,0.));
#4534=FACE_BOUND('',#4535,.T.);
#4535=EDGE_LOOP('',(#6616,#6617,#6618,#6619));
#4536=PLANE('',#4537);
#4537=AXIS2_PLACEMENT_3D('',#4538,#4539,#4540);
#4538=CARTESIAN_POINT('',(29.68,0.32,-3.5));
#4539=DIRECTION('',(-1.,0.,0.));
#4540=DIRECTION('',(0.,-1.,0.));
#4541=FACE_BOUND('',#4542,.T.);
#4542=EDGE_LOOP('',(#6620,#6621,#6622,#6623));
#4543=PLANE('',#4544);
#4544=AXIS2_PLACEMENT_3D('',#4545,#4546,#4547);
#4545=CARTESIAN_POINT('',(29.68,-0.32,-3.5));
#4546=DIRECTION('',(0.,-1.,0.));
#4547=DIRECTION('',(1.,0.,0.));
#4548=FACE_BOUND('',#4549,.T.);
#4549=EDGE_LOOP('',(#6624,#6625,#6626,#6627));
#4550=PLANE('',#4551);
#4551=AXIS2_PLACEMENT_3D('',#4552,#4553,#4554);
#4552=CARTESIAN_POINT('',(30.32,-0.32,-3.5));
#4553=DIRECTION('',(1.,0.,0.));
#4554=DIRECTION('',(0.,1.,0.));
#4555=FACE_BOUND('',#4556,.T.);
#4556=EDGE_LOOP('',(#6628,#6629,#6630,#6631));
#4557=PLANE('',#4558);
#4558=AXIS2_PLACEMENT_3D('',#4559,#4560,#4561);
#4559=CARTESIAN_POINT('',(32.82,0.32,-3.5));
#4560=DIRECTION('',(0.,1.,-0.));
#4561=DIRECTION('',(-1.,0.,0.));
#4562=FACE_BOUND('',#4563,.T.);
#4563=EDGE_LOOP('',(#6632,#6633,#6634,#6635));
#4564=PLANE('',#4565);
#4565=AXIS2_PLACEMENT_3D('',#4566,#4567,#4568);
#4566=CARTESIAN_POINT('',(32.18,0.32,-3.5));
#4567=DIRECTION('',(-1.,0.,0.));
#4568=DIRECTION('',(0.,-1.,0.));
#4569=FACE_BOUND('',#4570,.T.);
#4570=EDGE_LOOP('',(#6636,#6637,#6638,#6639));
#4571=PLANE('',#4572);
#4572=AXIS2_PLACEMENT_3D('',#4573,#4574,#4575);
#4573=CARTESIAN_POINT('',(32.18,-0.32,-3.5));
#4574=DIRECTION('',(0.,-1.,0.));
#4575=DIRECTION('',(1.,0.,0.));
#4576=FACE_BOUND('',#4577,.T.);
#4577=EDGE_LOOP('',(#6640,#6641,#6642,#6643));
#4578=PLANE('',#4579);
#4579=AXIS2_PLACEMENT_3D('',#4580,#4581,#4582);
#4580=CARTESIAN_POINT('',(32.82,-0.32,-3.5));
#4581=DIRECTION('',(1.,0.,0.));
#4582=DIRECTION('',(0.,1.,0.));
#4583=FACE_BOUND('',#4584,.T.);
#4584=EDGE_LOOP('',(#6644,#6645,#6646,#6647));
#4585=PLANE('',#4586);
#4586=AXIS2_PLACEMENT_3D('',#4587,#4588,#4589);
#4587=CARTESIAN_POINT('',(35.5,3.15,7.));
#4588=DIRECTION('',(-8.15632446069496E-018,-0.707106781186549,0.707106781186546));
#4589=DIRECTION('',(-1.,1.15347846714302E-017,9.05533921257686E-034));
#4590=FACE_BOUND('',#4591,.T.);
#4591=EDGE_LOOP('',(#6648,#6649,#6650,#6651));
#4592=PLANE('',#4593);
#4593=AXIS2_PLACEMENT_3D('',#4594,#4595,#4596);
#4594=CARTESIAN_POINT('',(3.76641016151378,0.32,6.12679491924311));
#4595=DIRECTION('',(1.8151898764984E-016,0.965925826289069,0.258819045102519));
#4596=DIRECTION('',(-1.,3.76053679555885E-032,7.01335512531312E-016));
#4597=FACE_BOUND('',#4598,.T.);
#4598=EDGE_LOOP('',(#6652,#6653,#6654,#6655));
#4599=PLANE('',#4600);
#4600=AXIS2_PLACEMENT_3D('',#4601,#4602,#4603);
#4601=CARTESIAN_POINT('',(2.82,-1.26641016151378,6.12679491924311));
#4602=DIRECTION('',(0.965925826289069,-1.8151898764984E-016,0.258819045102519));
#4603=DIRECTION('',(3.76053679555885E-032,1.,7.01335512531312E-016));
#4604=FACE_BOUND('',#4605,.T.);
#4605=EDGE_LOOP('',(#6656,#6657,#6658,#6659));
#4606=PLANE('',#4607);
#4607=AXIS2_PLACEMENT_3D('',#4608,#4609,#4610);
#4608=CARTESIAN_POINT('',(1.23358983848622,-0.32,6.12679491924311));
#4609=DIRECTION('',(0.,-0.965925826289068,0.258819045102522));
#4610=DIRECTION('',(1.,0.,0.));
#4611=FACE_BOUND('',#4612,.T.);
#4612=EDGE_LOOP('',(#6660,#6661,#6662,#6663));
#4613=PLANE('',#4614);
#4614=AXIS2_PLACEMENT_3D('',#4615,#4616,#4617);
#4615=CARTESIAN_POINT('',(2.18,1.26641016151378,6.12679491924311));
#4616=DIRECTION('',(-0.965925826289069,1.8151898764984E-016,0.258819045102519));
#4617=DIRECTION('',(-3.76053679555885E-032,-1.,7.01335512531312E-016));
#4618=FACE_BOUND('',#4619,.T.);
#4619=EDGE_LOOP('',(#6664,#6665,#6666,#6667));
#4620=PLANE('',#4621);
#4621=AXIS2_PLACEMENT_3D('',#4622,#4623,#4624);
#4622=CARTESIAN_POINT('',(6.26641016151378,0.32,6.12679491924311));
#4623=DIRECTION('',(0.,0.965925826289068,0.258819045102522));
#4624=DIRECTION('',(-1.,0.,0.));
#4625=FACE_BOUND('',#4626,.T.);
#4626=EDGE_LOOP('',(#6668,#6669,#6670,#6671));
#4627=PLANE('',#4628);
#4628=AXIS2_PLACEMENT_3D('',#4629,#4630,#4631);
#4629=CARTESIAN_POINT('',(5.32,-1.26641016151378,6.12679491924311));
#4630=DIRECTION('',(0.965925826289069,-1.81518987649839E-016,0.258819045102518));
#4631=DIRECTION('',(-3.76053679555885E-032,1.,7.01335512531312E-016));
#4632=FACE_BOUND('',#4633,.T.);
#4633=EDGE_LOOP('',(#6672,#6673,#6674,#6675));
#4634=PLANE('',#4635);
#4635=AXIS2_PLACEMENT_3D('',#4636,#4637,#4638);
#4636=CARTESIAN_POINT('',(3.73358983848622,-0.32,6.12679491924311));
#4637=DIRECTION('',(0.,-0.965925826289068,0.258819045102522));
#4638=DIRECTION('',(1.,0.,0.));
#4639=FACE_BOUND('',#4640,.T.);
#4640=EDGE_LOOP('',(#6676,#6677,#6678,#6679));
#4641=PLANE('',#4642);
#4642=AXIS2_PLACEMENT_3D('',#4643,#4644,#4645);
#4643=CARTESIAN_POINT('',(4.68,1.26641016151378,6.12679491924311));
#4644=DIRECTION('',(-0.965925826289069,1.81518987649839E-016,0.258819045102518));
#4645=DIRECTION('',(3.76053679555885E-032,-1.,7.01335512531312E-016));
#4646=FACE_BOUND('',#4647,.T.);
#4647=EDGE_LOOP('',(#6680,#6681,#6682,#6683));
#4648=PLANE('',#4649);
#4649=AXIS2_PLACEMENT_3D('',#4650,#4651,#4652);
#4650=CARTESIAN_POINT('',(8.76641016151378,0.32,6.12679491924311));
#4651=DIRECTION('',(0.,0.965925826289068,0.258819045102522));
#4652=DIRECTION('',(-1.,0.,0.));
#4653=FACE_BOUND('',#4654,.T.);
#4654=EDGE_LOOP('',(#6684,#6685,#6686,#6687));
#4655=PLANE('',#4656);
#4656=AXIS2_PLACEMENT_3D('',#4657,#4658,#4659);
#4657=CARTESIAN_POINT('',(7.82,-1.26641016151378,6.12679491924311));
#4658=DIRECTION('',(0.965925826289069,-1.81518987649839E-016,0.258819045102518));
#4659=DIRECTION('',(-3.76053679555885E-032,1.,7.01335512531312E-016));
#4660=FACE_BOUND('',#4661,.T.);
#4661=EDGE_LOOP('',(#6688,#6689,#6690,#6691));
#4662=PLANE('',#4663);
#4663=AXIS2_PLACEMENT_3D('',#4664,#4665,#4666);
#4664=CARTESIAN_POINT('',(6.23358983848622,-0.32,6.12679491924311));
#4665=DIRECTION('',(0.,-0.965925826289068,0.258819045102522));
#4666=DIRECTION('',(1.,0.,0.));
#4667=FACE_BOUND('',#4668,.T.);
#4668=EDGE_LOOP('',(#6692,#6693,#6694,#6695));
#4669=PLANE('',#4670);
#4670=AXIS2_PLACEMENT_3D('',#4671,#4672,#4673);
#4671=CARTESIAN_POINT('',(7.18,1.26641016151378,6.12679491924311));
#4672=DIRECTION('',(-0.965925826289069,1.81518987649839E-016,0.258819045102518));
#4673=DIRECTION('',(3.76053679555885E-032,-1.,7.01335512531312E-016));
#4674=FACE_BOUND('',#4675,.T.);
#4675=EDGE_LOOP('',(#6696,#6697,#6698,#6699));
#4676=PLANE('',#4677);
#4677=AXIS2_PLACEMENT_3D('',#4678,#4679,#4680);
#4678=CARTESIAN_POINT('',(11.2664101615138,0.32,6.12679491924311));
#4679=DIRECTION('',(1.8151898764984E-016,0.965925826289069,0.25881904510252));
#4680=DIRECTION('',(-1.,0.,7.01335512531312E-016));
#4681=FACE_BOUND('',#4682,.T.);
#4682=EDGE_LOOP('',(#6700,#6701,#6702,#6703));
#4683=PLANE('',#4684);
#4684=AXIS2_PLACEMENT_3D('',#4685,#4686,#4687);
#4685=CARTESIAN_POINT('',(10.32,-1.26641016151378,6.12679491924311));
#4686=DIRECTION('',(0.965925826289069,-1.81518987649839E-016,0.258819045102518));
#4687=DIRECTION('',(-3.76053679555885E-032,1.,7.01335512531312E-016));
#4688=FACE_BOUND('',#4689,.T.);
#4689=EDGE_LOOP('',(#6704,#6705,#6706,#6707));
#4690=PLANE('',#4691);
#4691=AXIS2_PLACEMENT_3D('',#4692,#4693,#4694);
#4692=CARTESIAN_POINT('',(8.73358983848622,-0.32,6.12679491924311));
#4693=DIRECTION('',(-1.8151898764984E-016,-0.965925826289069,0.25881904510252));
#4694=DIRECTION('',(1.,0.,7.01335512531312E-016));
#4695=FACE_BOUND('',#4696,.T.);
#4696=EDGE_LOOP('',(#6708,#6709,#6710,#6711));
#4697=PLANE('',#4698);
#4698=AXIS2_PLACEMENT_3D('',#4699,#4700,#4701);
#4699=CARTESIAN_POINT('',(9.68,1.26641016151378,6.12679491924311));
#4700=DIRECTION('',(-0.965925826289069,1.81518987649839E-016,0.258819045102518));
#4701=DIRECTION('',(3.76053679555885E-032,-1.,7.01335512531312E-016));
#4702=FACE_BOUND('',#4703,.T.);
#4703=EDGE_LOOP('',(#6712,#6713,#6714,#6715));
#4704=PLANE('',#4705);
#4705=AXIS2_PLACEMENT_3D('',#4706,#4707,#4708);
#4706=CARTESIAN_POINT('',(13.7664101615138,0.32,6.12679491924311));
#4707=DIRECTION('',(1.8151898764984E-016,0.965925826289069,0.25881904510252));
#4708=DIRECTION('',(-1.,0.,7.01335512531312E-016));
#4709=FACE_BOUND('',#4710,.T.);
#4710=EDGE_LOOP('',(#6716,#6717,#6718,#6719));
#4711=PLANE('',#4712);
#4712=AXIS2_PLACEMENT_3D('',#4713,#4714,#4715);
#4713=CARTESIAN_POINT('',(12.82,-1.26641016151378,6.12679491924311));
#4714=DIRECTION('',(0.965925826289069,-1.81518987649839E-016,0.258819045102518));
#4715=DIRECTION('',(-3.76053679555885E-032,1.,7.01335512531312E-016));
#4716=FACE_BOUND('',#4717,.T.);
#4717=EDGE_LOOP('',(#6720,#6721,#6722,#6723));
#4718=PLANE('',#4719);
#4719=AXIS2_PLACEMENT_3D('',#4720,#4721,#4722);
#4720=CARTESIAN_POINT('',(11.2335898384862,-0.32,6.12679491924311));
#4721=DIRECTION('',(-1.8151898764984E-016,-0.965925826289069,0.25881904510252));
#4722=DIRECTION('',(1.,0.,7.01335512531312E-016));
#4723=FACE_BOUND('',#4724,.T.);
#4724=EDGE_LOOP('',(#6724,#6725,#6726,#6727));
#4725=PLANE('',#4726);
#4726=AXIS2_PLACEMENT_3D('',#4727,#4728,#4729);
#4727=CARTESIAN_POINT('',(12.18,1.26641016151378,6.12679491924311));
#4728=DIRECTION('',(-0.965925826289069,1.81518987649839E-016,0.258819045102518));
#4729=DIRECTION('',(3.76053679555885E-032,-1.,7.01335512531312E-016));
#4730=FACE_BOUND('',#4731,.T.);
#4731=EDGE_LOOP('',(#6728,#6729,#6730,#6731));
#4732=PLANE('',#4733);
#4733=AXIS2_PLACEMENT_3D('',#4734,#4735,#4736);
#4734=CARTESIAN_POINT('',(16.2664101615138,0.32,6.12679491924311));
#4735=DIRECTION('',(1.8151898764984E-016,0.965925826289069,0.25881904510252));
#4736=DIRECTION('',(-1.,0.,7.01335512531312E-016));
#4737=FACE_BOUND('',#4738,.T.);
#4738=EDGE_LOOP('',(#6732,#6733,#6734,#6735));
#4739=PLANE('',#4740);
#4740=AXIS2_PLACEMENT_3D('',#4741,#4742,#4743);
#4741=CARTESIAN_POINT('',(15.32,-1.26641016151378,6.12679491924311));
#4742=DIRECTION('',(0.965925826289069,-1.81518987649839E-016,0.258819045102518));
#4743=DIRECTION('',(-3.76053679555885E-032,1.,7.01335512531312E-016));
#4744=FACE_BOUND('',#4745,.T.);
#4745=EDGE_LOOP('',(#6736,#6737,#6738,#6739));
#4746=PLANE('',#4747);
#4747=AXIS2_PLACEMENT_3D('',#4748,#4749,#4750);
#4748=CARTESIAN_POINT('',(13.7335898384862,-0.32,6.12679491924311));
#4749=DIRECTION('',(-1.8151898764984E-016,-0.965925826289069,0.25881904510252));
#4750=DIRECTION('',(1.,0.,7.01335512531312E-016));
#4751=FACE_BOUND('',#4752,.T.);
#4752=EDGE_LOOP('',(#6740,#6741,#6742,#6743));
#4753=PLANE('',#4754);
#4754=AXIS2_PLACEMENT_3D('',#4755,#4756,#4757);
#4755=CARTESIAN_POINT('',(14.68,1.26641016151378,6.12679491924311));
#4756=DIRECTION('',(-0.965925826289069,1.81518987649839E-016,0.258819045102518));
#4757=DIRECTION('',(3.76053679555885E-032,-1.,7.01335512531312E-016));
#4758=FACE_BOUND('',#4759,.T.);
#4759=EDGE_LOOP('',(#6744,#6745,#6746,#6747));
#4760=PLANE('',#4761);
#4761=AXIS2_PLACEMENT_3D('',#4762,#4763,#4764);
#4762=CARTESIAN_POINT('',(18.7664101615138,0.32,6.12679491924311));
#4763=DIRECTION('',(1.8151898764984E-016,0.965925826289069,0.25881904510252));
#4764=DIRECTION('',(-1.,0.,7.01335512531312E-016));
#4765=FACE_BOUND('',#4766,.T.);
#4766=EDGE_LOOP('',(#6748,#6749,#6750,#6751));
#4767=PLANE('',#4768);
#4768=AXIS2_PLACEMENT_3D('',#4769,#4770,#4771);
#4769=CARTESIAN_POINT('',(17.82,-1.26641016151378,6.12679491924311));
#4770=DIRECTION('',(0.965925826289068,-1.81518987649842E-016,0.258819045102522));
#4771=DIRECTION('',(-3.76053679555885E-032,1.,7.01335512531312E-016));
#4772=FACE_BOUND('',#4773,.T.);
#4773=EDGE_LOOP('',(#6752,#6753,#6754,#6755));
#4774=PLANE('',#4775);
#4775=AXIS2_PLACEMENT_3D('',#4776,#4777,#4778);
#4776=CARTESIAN_POINT('',(16.2335898384862,-0.32,6.12679491924311));
#4777=DIRECTION('',(-1.8151898764984E-016,-0.965925826289069,0.25881904510252));
#4778=DIRECTION('',(1.,0.,7.01335512531312E-016));
#4779=FACE_BOUND('',#4780,.T.);
#4780=EDGE_LOOP('',(#6756,#6757,#6758,#6759));
#4781=PLANE('',#4782);
#4782=AXIS2_PLACEMENT_3D('',#4783,#4784,#4785);
#4783=CARTESIAN_POINT('',(17.18,1.26641016151378,6.12679491924311));
#4784=DIRECTION('',(-0.965925826289068,1.81518987649842E-016,0.258819045102522));
#4785=DIRECTION('',(3.76053679555885E-032,-1.,7.01335512531312E-016));
#4786=FACE_BOUND('',#4787,.T.);
#4787=EDGE_LOOP('',(#6760,#6761,#6762,#6763));
#4788=PLANE('',#4789);
#4789=AXIS2_PLACEMENT_3D('',#4790,#4791,#4792);
#4790=CARTESIAN_POINT('',(21.2664101615138,0.32,6.12679491924311));
#4791=DIRECTION('',(1.8151898764984E-016,0.965925826289069,0.25881904510252));
#4792=DIRECTION('',(-1.,0.,7.01335512531312E-016));
#4793=FACE_BOUND('',#4794,.T.);
#4794=EDGE_LOOP('',(#6764,#6765,#6766,#6767));
#4795=PLANE('',#4796);
#4796=AXIS2_PLACEMENT_3D('',#4797,#4798,#4799);
#4797=CARTESIAN_POINT('',(20.32,-1.26641016151378,6.12679491924311));
#4798=DIRECTION('',(0.965925826289068,-1.81518987649842E-016,0.258819045102522));
#4799=DIRECTION('',(-3.76053679555885E-032,1.,7.01335512531312E-016));
#4800=FACE_BOUND('',#4801,.T.);
#4801=EDGE_LOOP('',(#6768,#6769,#6770,#6771));
#4802=PLANE('',#4803);
#4803=AXIS2_PLACEMENT_3D('',#4804,#4805,#4806);
#4804=CARTESIAN_POINT('',(18.7335898384862,-0.32,6.12679491924311));
#4805=DIRECTION('',(-1.8151898764984E-016,-0.965925826289069,0.25881904510252));
#4806=DIRECTION('',(1.,0.,7.01335512531312E-016));
#4807=FACE_BOUND('',#4808,.T.);
#4808=EDGE_LOOP('',(#6772,#6773,#6774,#6775));
#4809=PLANE('',#4810);
#4810=AXIS2_PLACEMENT_3D('',#4811,#4812,#4813);
#4811=CARTESIAN_POINT('',(19.68,1.26641016151378,6.12679491924311));
#4812=DIRECTION('',(-0.965925826289068,1.81518987649842E-016,0.258819045102522));
#4813=DIRECTION('',(3.76053679555885E-032,-1.,7.01335512531312E-016));
#4814=FACE_BOUND('',#4815,.T.);
#4815=EDGE_LOOP('',(#6776,#6777,#6778,#6779));
#4816=PLANE('',#4817);
#4817=AXIS2_PLACEMENT_3D('',#4818,#4819,#4820);
#4818=CARTESIAN_POINT('',(23.7664101615138,0.32,6.12679491924311));
#4819=DIRECTION('',(1.8151898764984E-016,0.965925826289069,0.25881904510252));
#4820=DIRECTION('',(-1.,0.,7.01335512531312E-016));
#4821=FACE_BOUND('',#4822,.T.);
#4822=EDGE_LOOP('',(#6780,#6781,#6782,#6783));
#4823=PLANE('',#4824);
#4824=AXIS2_PLACEMENT_3D('',#4825,#4826,#4827);
#4825=CARTESIAN_POINT('',(22.82,-1.26641016151378,6.12679491924311));
#4826=DIRECTION('',(0.965925826289068,-1.81518987649842E-016,0.258819045102522));
#4827=DIRECTION('',(-3.76053679555885E-032,1.,7.01335512531312E-016));
#4828=FACE_BOUND('',#4829,.T.);
#4829=EDGE_LOOP('',(#6784,#6785,#6786,#6787));
#4830=PLANE('',#4831);
#4831=AXIS2_PLACEMENT_3D('',#4832,#4833,#4834);
#4832=CARTESIAN_POINT('',(21.2335898384862,-0.32,6.12679491924311));
#4833=DIRECTION('',(-1.8151898764984E-016,-0.965925826289069,0.25881904510252));
#4834=DIRECTION('',(1.,0.,7.01335512531312E-016));
#4835=FACE_BOUND('',#4836,.T.);
#4836=EDGE_LOOP('',(#6788,#6789,#6790,#6791));
#4837=PLANE('',#4838);
#4838=AXIS2_PLACEMENT_3D('',#4839,#4840,#4841);
#4839=CARTESIAN_POINT('',(22.18,1.26641016151378,6.12679491924311));
#4840=DIRECTION('',(-0.965925826289068,1.81518987649842E-016,0.258819045102522));
#4841=DIRECTION('',(3.76053679555885E-032,-1.,7.01335512531312E-016));
#4842=FACE_BOUND('',#4843,.T.);
#4843=EDGE_LOOP('',(#6792,#6793,#6794,#6795));
#4844=PLANE('',#4845);
#4845=AXIS2_PLACEMENT_3D('',#4846,#4847,#4848);
#4846=CARTESIAN_POINT('',(26.2664101615138,0.32,6.12679491924311));
#4847=DIRECTION('',(1.8151898764984E-016,0.965925826289069,0.25881904510252));
#4848=DIRECTION('',(-1.,0.,7.01335512531312E-016));
#4849=FACE_BOUND('',#4850,.T.);
#4850=EDGE_LOOP('',(#6796,#6797,#6798,#6799));
#4851=PLANE('',#4852);
#4852=AXIS2_PLACEMENT_3D('',#4853,#4854,#4855);
#4853=CARTESIAN_POINT('',(25.32,-1.26641016151378,6.12679491924311));
#4854=DIRECTION('',(0.965925826289068,-1.81518987649842E-016,0.258819045102522));
#4855=DIRECTION('',(-3.76053679555885E-032,1.,7.01335512531312E-016));
#4856=FACE_BOUND('',#4857,.T.);
#4857=EDGE_LOOP('',(#6800,#6801,#6802,#6803));
#4858=PLANE('',#4859);
#4859=AXIS2_PLACEMENT_3D('',#4860,#4861,#4862);
#4860=CARTESIAN_POINT('',(23.7335898384862,-0.32,6.12679491924311));
#4861=DIRECTION('',(-1.8151898764984E-016,-0.965925826289069,0.25881904510252));
#4862=DIRECTION('',(1.,0.,7.01335512531312E-016));
#4863=FACE_BOUND('',#4864,.T.);
#4864=EDGE_LOOP('',(#6804,#6805,#6806,#6807));
#4865=PLANE('',#4866);
#4866=AXIS2_PLACEMENT_3D('',#4867,#4868,#4869);
#4867=CARTESIAN_POINT('',(24.68,1.26641016151378,6.12679491924311));
#4868=DIRECTION('',(-0.965925826289068,1.81518987649842E-016,0.258819045102522));
#4869=DIRECTION('',(3.76053679555885E-032,-1.,7.01335512531312E-016));
#4870=FACE_BOUND('',#4871,.T.);
#4871=EDGE_LOOP('',(#6808,#6809,#6810,#6811));
#4872=PLANE('',#4873);
#4873=AXIS2_PLACEMENT_3D('',#4874,#4875,#4876);
#4874=CARTESIAN_POINT('',(28.7664101615138,0.32,6.12679491924311));
#4875=DIRECTION('',(1.8151898764984E-016,0.965925826289069,0.25881904510252));
#4876=DIRECTION('',(-1.,0.,7.01335512531312E-016));
#4877=FACE_BOUND('',#4878,.T.);
#4878=EDGE_LOOP('',(#6812,#6813,#6814,#6815));
#4879=PLANE('',#4880);
#4880=AXIS2_PLACEMENT_3D('',#4881,#4882,#4883);
#4881=CARTESIAN_POINT('',(27.82,-1.26641016151378,6.12679491924311));
#4882=DIRECTION('',(0.965925826289068,-1.81518987649842E-016,0.258819045102522));
#4883=DIRECTION('',(-3.76053679555885E-032,1.,7.01335512531312E-016));
#4884=FACE_BOUND('',#4885,.T.);
#4885=EDGE_LOOP('',(#6816,#6817,#6818,#6819));
#4886=PLANE('',#4887);
#4887=AXIS2_PLACEMENT_3D('',#4888,#4889,#4890);
#4888=CARTESIAN_POINT('',(26.2335898384862,-0.32,6.12679491924311));
#4889=DIRECTION('',(-1.8151898764984E-016,-0.965925826289069,0.25881904510252));
#4890=DIRECTION('',(1.,0.,7.01335512531312E-016));
#4891=FACE_BOUND('',#4892,.T.);
#4892=EDGE_LOOP('',(#6820,#6821,#6822,#6823));
#4893=PLANE('',#4894);
#4894=AXIS2_PLACEMENT_3D('',#4895,#4896,#4897);
#4895=CARTESIAN_POINT('',(27.18,1.26641016151378,6.12679491924311));
#4896=DIRECTION('',(-0.965925826289068,1.81518987649842E-016,0.258819045102522));
#4897=DIRECTION('',(3.76053679555885E-032,-1.,7.01335512531312E-016));
#4898=FACE_BOUND('',#4899,.T.);
#4899=EDGE_LOOP('',(#6824,#6825,#6826,#6827));
#4900=PLANE('',#4901);
#4901=AXIS2_PLACEMENT_3D('',#4902,#4903,#4904);
#4902=CARTESIAN_POINT('',(31.2664101615138,0.32,6.12679491924311));
#4903=DIRECTION('',(1.8151898764984E-016,0.965925826289069,0.25881904510252));
#4904=DIRECTION('',(-1.,0.,7.01335512531312E-016));
#4905=FACE_BOUND('',#4906,.T.);
#4906=EDGE_LOOP('',(#6828,#6829,#6830,#6831));
#4907=PLANE('',#4908);
#4908=AXIS2_PLACEMENT_3D('',#4909,#4910,#4911);
#4909=CARTESIAN_POINT('',(30.32,-1.26641016151378,6.12679491924311));
#4910=DIRECTION('',(0.965925826289068,-1.81518987649842E-016,0.258819045102522));
#4911=DIRECTION('',(-3.76053679555885E-032,1.,7.01335512531312E-016));
#4912=FACE_BOUND('',#4913,.T.);
#4913=EDGE_LOOP('',(#6832,#6833,#6834,#6835));
#4914=PLANE('',#4915);
#4915=AXIS2_PLACEMENT_3D('',#4916,#4917,#4918);
#4916=CARTESIAN_POINT('',(28.7335898384862,-0.32,6.12679491924311));
#4917=DIRECTION('',(-1.8151898764984E-016,-0.965925826289069,0.25881904510252));
#4918=DIRECTION('',(1.,0.,7.01335512531312E-016));
#4919=FACE_BOUND('',#4920,.T.);
#4920=EDGE_LOOP('',(#6836,#6837,#6838,#6839));
#4921=PLANE('',#4922);
#4922=AXIS2_PLACEMENT_3D('',#4923,#4924,#4925);
#4923=CARTESIAN_POINT('',(29.68,1.26641016151378,6.12679491924311));
#4924=DIRECTION('',(-0.965925826289068,1.81518987649842E-016,0.258819045102522));
#4925=DIRECTION('',(3.76053679555885E-032,-1.,7.01335512531312E-016));
#4926=FACE_BOUND('',#4927,.T.);
#4927=EDGE_LOOP('',(#6840,#6841,#6842,#6843));
#4928=PLANE('',#4929);
#4929=AXIS2_PLACEMENT_3D('',#4930,#4931,#4932);
#4930=CARTESIAN_POINT('',(33.7664101615138,0.32,6.12679491924311));
#4931=DIRECTION('',(1.8151898764984E-016,0.965925826289069,0.25881904510252));
#4932=DIRECTION('',(-1.,0.,7.01335512531312E-016));
#4933=FACE_BOUND('',#4934,.T.);
#4934=EDGE_LOOP('',(#6844,#6845,#6846,#6847));
#4935=PLANE('',#4936);
#4936=AXIS2_PLACEMENT_3D('',#4937,#4938,#4939);
#4937=CARTESIAN_POINT('',(32.82,-1.26641016151378,6.12679491924311));
#4938=DIRECTION('',(0.965925826289068,-1.81518987649842E-016,0.258819045102522));
#4939=DIRECTION('',(-3.76053679555885E-032,1.,7.01335512531312E-016));
#4940=FACE_BOUND('',#4941,.T.);
#4941=EDGE_LOOP('',(#6848,#6849,#6850,#6851));
#4942=PLANE('',#4943);
#4943=AXIS2_PLACEMENT_3D('',#4944,#4945,#4946);
#4944=CARTESIAN_POINT('',(31.2335898384862,-0.32,6.12679491924311));
#4945=DIRECTION('',(-1.8151898764984E-016,-0.965925826289069,0.25881904510252));
#4946=DIRECTION('',(1.,0.,7.01335512531312E-016));
#4947=FACE_BOUND('',#4948,.T.);
#4948=EDGE_LOOP('',(#6852,#6853,#6854,#6855));
#4949=PLANE('',#4950);
#4950=AXIS2_PLACEMENT_3D('',#4951,#4952,#4953);
#4951=CARTESIAN_POINT('',(32.18,1.26641016151378,6.12679491924311));
#4952=DIRECTION('',(-0.965925826289068,1.81518987649842E-016,0.258819045102522));
#4953=DIRECTION('',(3.76053679555885E-032,-1.,7.01335512531312E-016));
#4954=FACE_BOUND('',#4955,.T.);
#4955=EDGE_LOOP('',(#6856,#6857,#6858,#6859));
#4956=PLANE('',#4957);
#4957=AXIS2_PLACEMENT_3D('',#4958,#4959,#4960);
#4958=CARTESIAN_POINT('',(1.26641016151378,0.32,6.12679491924311));
#4959=DIRECTION('',(0.,0.965925826289068,0.258819045102522));
#4960=DIRECTION('',(-1.,0.,0.));
#4961=FACE_BOUND('',#4962,.T.);
#4962=EDGE_LOOP('',(#6860,#6861,#6862,#6863));
#4963=PLANE('',#4964);
#4964=AXIS2_PLACEMENT_3D('',#4965,#4966,#4967);
#4965=CARTESIAN_POINT('',(0.32,-1.26641016151378,6.12679491924311));
#4966=DIRECTION('',(0.965925826289069,-1.8151898764984E-016,0.258819045102519));
#4967=DIRECTION('',(3.76053679555885E-032,1.,7.01335512531312E-016));
#4968=FACE_BOUND('',#4969,.T.);
#4969=EDGE_LOOP('',(#6864,#6865,#6866,#6867));
#4970=PLANE('',#4971);
#4971=AXIS2_PLACEMENT_3D('',#4972,#4973,#4974);
#4972=CARTESIAN_POINT('',(-1.26641016151378,-0.32,6.12679491924311));
#4973=DIRECTION('',(0.,-0.965925826289068,0.258819045102522));
#4974=DIRECTION('',(1.,0.,0.));
#4975=FACE_BOUND('',#4976,.T.);
#4976=EDGE_LOOP('',(#6868,#6869,#6870,#6871));
#4977=PLANE('',#4978);
#4978=AXIS2_PLACEMENT_3D('',#4979,#4980,#4981);
#4979=CARTESIAN_POINT('',(-0.32,1.26641016151378,6.12679491924311));
#4980=DIRECTION('',(-0.965925826289069,1.8151898764984E-016,0.258819045102519));
#4981=DIRECTION('',(-3.76053679555885E-032,-1.,7.01335512531312E-016));
#4982=FACE_BOUND('',#4983,.T.);
#4983=EDGE_LOOP('',(#6872,#6873,#6874,#6875));
#4984=PLANE('',#4985);
#4985=AXIS2_PLACEMENT_3D('',#4986,#4987,#4988);
#4986=CARTESIAN_POINT('',(1.26641016151378,0.32,-3.12679491924311));
#4987=DIRECTION('',(0.,-0.965925826289068,0.258819045102521));
#4988=DIRECTION('',(-1.,0.,0.));
#4989=FACE_BOUND('',#4990,.T.);
#4990=EDGE_LOOP('',(#6876,#6877,#6878,#6879));
#4991=PLANE('',#4992);
#4992=AXIS2_PLACEMENT_3D('',#4993,#4994,#4995);
#4993=CARTESIAN_POINT('',(-0.32,1.26641016151378,-3.12679491924311));
#4994=DIRECTION('',(0.965925826289068,0.,0.258819045102521));
#4995=DIRECTION('',(0.,-1.,0.));
#4996=FACE_BOUND('',#4997,.T.);
#4997=EDGE_LOOP('',(#6880,#6881,#6882,#6883));
#4998=PLANE('',#4999);
#4999=AXIS2_PLACEMENT_3D('',#5000,#5001,#5002);
#5000=CARTESIAN_POINT('',(-1.26641016151378,-0.32,-3.12679491924311));
#5001=DIRECTION('',(-0.,0.965925826289068,0.258819045102521));
#5002=DIRECTION('',(1.,0.,0.));
#5003=FACE_BOUND('',#5004,.T.);
#5004=EDGE_LOOP('',(#6884,#6885,#6886,#6887));
#5005=PLANE('',#5006);
#5006=AXIS2_PLACEMENT_3D('',#5007,#5008,#5009);
#5007=CARTESIAN_POINT('',(0.32,-1.26641016151378,-3.12679491924311));
#5008=DIRECTION('',(-0.965925826289068,0.,0.258819045102521));
#5009=DIRECTION('',(0.,1.,0.));
#5010=FACE_BOUND('',#5011,.T.);
#5011=EDGE_LOOP('',(#6888,#6889,#6890,#6891));
#5012=PLANE('',#5013);
#5013=AXIS2_PLACEMENT_3D('',#5014,#5015,#5016);
#5014=CARTESIAN_POINT('',(3.76641016151378,0.32,-3.12679491924311));
#5015=DIRECTION('',(0.,-0.965925826289068,0.258819045102521));
#5016=DIRECTION('',(-1.,0.,0.));
#5017=FACE_BOUND('',#5018,.T.);
#5018=EDGE_LOOP('',(#6892,#6893,#6894,#6895));
#5019=PLANE('',#5020);
#5020=AXIS2_PLACEMENT_3D('',#5021,#5022,#5023);
#5021=CARTESIAN_POINT('',(2.18,1.26641016151378,-3.12679491924311));
#5022=DIRECTION('',(0.965925826289068,0.,0.258819045102521));
#5023=DIRECTION('',(0.,-1.,0.));
#5024=FACE_BOUND('',#5025,.T.);
#5025=EDGE_LOOP('',(#6896,#6897,#6898,#6899));
#5026=PLANE('',#5027);
#5027=AXIS2_PLACEMENT_3D('',#5028,#5029,#5030);
#5028=CARTESIAN_POINT('',(1.23358983848622,-0.32,-3.12679491924311));
#5029=DIRECTION('',(-0.,0.965925826289068,0.258819045102521));
#5030=DIRECTION('',(1.,0.,0.));
#5031=FACE_BOUND('',#5032,.T.);
#5032=EDGE_LOOP('',(#6900,#6901,#6902,#6903));
#5033=PLANE('',#5034);
#5034=AXIS2_PLACEMENT_3D('',#5035,#5036,#5037);
#5035=CARTESIAN_POINT('',(2.82,-1.26641016151378,-3.12679491924311));
#5036=DIRECTION('',(-0.965925826289068,0.,0.258819045102521));
#5037=DIRECTION('',(0.,1.,0.));
#5038=FACE_BOUND('',#5039,.T.);
#5039=EDGE_LOOP('',(#6904,#6905,#6906,#6907));
#5040=PLANE('',#5041);
#5041=AXIS2_PLACEMENT_3D('',#5042,#5043,#5044);
#5042=CARTESIAN_POINT('',(6.26641016151378,0.32,-3.12679491924311));
#5043=DIRECTION('',(0.,-0.965925826289068,0.258819045102521));
#5044=DIRECTION('',(-1.,0.,0.));
#5045=FACE_BOUND('',#5046,.T.);
#5046=EDGE_LOOP('',(#6908,#6909,#6910,#6911));
#5047=PLANE('',#5048);
#5048=AXIS2_PLACEMENT_3D('',#5049,#5050,#5051);
#5049=CARTESIAN_POINT('',(4.68,1.26641016151378,-3.12679491924311));
#5050=DIRECTION('',(0.965925826289069,0.,0.25881904510252));
#5051=DIRECTION('',(0.,-1.,0.));
#5052=FACE_BOUND('',#5053,.T.);
#5053=EDGE_LOOP('',(#6912,#6913,#6914,#6915));
#5054=PLANE('',#5055);
#5055=AXIS2_PLACEMENT_3D('',#5056,#5057,#5058);
#5056=CARTESIAN_POINT('',(3.73358983848622,-0.32,-3.12679491924311));
#5057=DIRECTION('',(-0.,0.965925826289068,0.258819045102521));
#5058=DIRECTION('',(1.,0.,0.));
#5059=FACE_BOUND('',#5060,.T.);
#5060=EDGE_LOOP('',(#6916,#6917,#6918,#6919));
#5061=PLANE('',#5062);
#5062=AXIS2_PLACEMENT_3D('',#5063,#5064,#5065);
#5063=CARTESIAN_POINT('',(5.32,-1.26641016151378,-3.12679491924311));
#5064=DIRECTION('',(-0.965925826289069,0.,0.25881904510252));
#5065=DIRECTION('',(0.,1.,0.));
#5066=FACE_BOUND('',#5067,.T.);
#5067=EDGE_LOOP('',(#6920,#6921,#6922,#6923));
#5068=PLANE('',#5069);
#5069=AXIS2_PLACEMENT_3D('',#5070,#5071,#5072);
#5070=CARTESIAN_POINT('',(8.76641016151378,0.32,-3.12679491924311));
#5071=DIRECTION('',(0.,-0.965925826289068,0.258819045102521));
#5072=DIRECTION('',(-1.,0.,0.));
#5073=FACE_BOUND('',#5074,.T.);
#5074=EDGE_LOOP('',(#6924,#6925,#6926,#6927));
#5075=PLANE('',#5076);
#5076=AXIS2_PLACEMENT_3D('',#5077,#5078,#5079);
#5077=CARTESIAN_POINT('',(7.18,1.26641016151378,-3.12679491924311));
#5078=DIRECTION('',(0.965925826289069,0.,0.25881904510252));
#5079=DIRECTION('',(0.,-1.,0.));
#5080=FACE_BOUND('',#5081,.T.);
#5081=EDGE_LOOP('',(#6928,#6929,#6930,#6931));
#5082=PLANE('',#5083);
#5083=AXIS2_PLACEMENT_3D('',#5084,#5085,#5086);
#5084=CARTESIAN_POINT('',(6.23358983848622,-0.32,-3.12679491924311));
#5085=DIRECTION('',(-0.,0.965925826289068,0.258819045102521));
#5086=DIRECTION('',(1.,0.,0.));
#5087=FACE_BOUND('',#5088,.T.);
#5088=EDGE_LOOP('',(#6932,#6933,#6934,#6935));
#5089=PLANE('',#5090);
#5090=AXIS2_PLACEMENT_3D('',#5091,#5092,#5093);
#5091=CARTESIAN_POINT('',(7.82,-1.26641016151378,-3.12679491924311));
#5092=DIRECTION('',(-0.965925826289069,0.,0.25881904510252));
#5093=DIRECTION('',(0.,1.,0.));
#5094=FACE_BOUND('',#5095,.T.);
#5095=EDGE_LOOP('',(#6936,#6937,#6938,#6939));
#5096=PLANE('',#5097);
#5097=AXIS2_PLACEMENT_3D('',#5098,#5099,#5100);
#5098=CARTESIAN_POINT('',(11.2664101615138,0.32,-3.12679491924311));
#5099=DIRECTION('',(0.,-0.965925826289068,0.258819045102521));
#5100=DIRECTION('',(-1.,0.,0.));
#5101=FACE_BOUND('',#5102,.T.);
#5102=EDGE_LOOP('',(#6940,#6941,#6942,#6943));
#5103=PLANE('',#5104);
#5104=AXIS2_PLACEMENT_3D('',#5105,#5106,#5107);
#5105=CARTESIAN_POINT('',(9.68,1.26641016151378,-3.12679491924311));
#5106=DIRECTION('',(0.965925826289069,0.,0.25881904510252));
#5107=DIRECTION('',(0.,-1.,0.));
#5108=FACE_BOUND('',#5109,.T.);
#5109=EDGE_LOOP('',(#6944,#6945,#6946,#6947));
#5110=PLANE('',#5111);
#5111=AXIS2_PLACEMENT_3D('',#5112,#5113,#5114);
#5112=CARTESIAN_POINT('',(8.73358983848622,-0.32,-3.12679491924311));
#5113=DIRECTION('',(-0.,0.965925826289068,0.258819045102521));
#5114=DIRECTION('',(1.,0.,0.));
#5115=FACE_BOUND('',#5116,.T.);
#5116=EDGE_LOOP('',(#6948,#6949,#6950,#6951));
#5117=PLANE('',#5118);
#5118=AXIS2_PLACEMENT_3D('',#5119,#5120,#5121);
#5119=CARTESIAN_POINT('',(10.32,-1.26641016151378,-3.12679491924311));
#5120=DIRECTION('',(-0.965925826289069,0.,0.25881904510252));
#5121=DIRECTION('',(0.,1.,0.));
#5122=FACE_BOUND('',#5123,.T.);
#5123=EDGE_LOOP('',(#6952,#6953,#6954,#6955));
#5124=PLANE('',#5125);
#5125=AXIS2_PLACEMENT_3D('',#5126,#5127,#5128);
#5126=CARTESIAN_POINT('',(13.7664101615138,0.32,-3.12679491924311));
#5127=DIRECTION('',(0.,-0.965925826289068,0.258819045102521));
#5128=DIRECTION('',(-1.,0.,0.));
#5129=FACE_BOUND('',#5130,.T.);
#5130=EDGE_LOOP('',(#6956,#6957,#6958,#6959));
#5131=PLANE('',#5132);
#5132=AXIS2_PLACEMENT_3D('',#5133,#5134,#5135);
#5133=CARTESIAN_POINT('',(12.18,1.26641016151378,-3.12679491924311));
#5134=DIRECTION('',(0.965925826289069,0.,0.25881904510252));
#5135=DIRECTION('',(0.,-1.,0.));
#5136=FACE_BOUND('',#5137,.T.);
#5137=EDGE_LOOP('',(#6960,#6961,#6962,#6963));
#5138=PLANE('',#5139);
#5139=AXIS2_PLACEMENT_3D('',#5140,#5141,#5142);
#5140=CARTESIAN_POINT('',(11.2335898384862,-0.32,-3.12679491924311));
#5141=DIRECTION('',(-0.,0.965925826289068,0.258819045102521));
#5142=DIRECTION('',(1.,0.,0.));
#5143=FACE_BOUND('',#5144,.T.);
#5144=EDGE_LOOP('',(#6964,#6965,#6966,#6967));
#5145=PLANE('',#5146);
#5146=AXIS2_PLACEMENT_3D('',#5147,#5148,#5149);
#5147=CARTESIAN_POINT('',(12.82,-1.26641016151378,-3.12679491924311));
#5148=DIRECTION('',(-0.965925826289069,0.,0.25881904510252));
#5149=DIRECTION('',(0.,1.,0.));
#5150=FACE_BOUND('',#5151,.T.);
#5151=EDGE_LOOP('',(#6968,#6969,#6970,#6971));
#5152=PLANE('',#5153);
#5153=AXIS2_PLACEMENT_3D('',#5154,#5155,#5156);
#5154=CARTESIAN_POINT('',(16.2664101615138,0.32,-3.12679491924311));
#5155=DIRECTION('',(0.,-0.965925826289068,0.258819045102521));
#5156=DIRECTION('',(-1.,0.,0.));
#5157=FACE_BOUND('',#5158,.T.);
#5158=EDGE_LOOP('',(#6972,#6973,#6974,#6975));
#5159=PLANE('',#5160);
#5160=AXIS2_PLACEMENT_3D('',#5161,#5162,#5163);
#5161=CARTESIAN_POINT('',(14.68,1.26641016151378,-3.12679491924311));
#5162=DIRECTION('',(0.965925826289069,0.,0.25881904510252));
#5163=DIRECTION('',(0.,-1.,0.));
#5164=FACE_BOUND('',#5165,.T.);
#5165=EDGE_LOOP('',(#6976,#6977,#6978,#6979));
#5166=PLANE('',#5167);
#5167=AXIS2_PLACEMENT_3D('',#5168,#5169,#5170);
#5168=CARTESIAN_POINT('',(13.7335898384862,-0.32,-3.12679491924311));
#5169=DIRECTION('',(-0.,0.965925826289068,0.258819045102521));
#5170=DIRECTION('',(1.,0.,0.));
#5171=FACE_BOUND('',#5172,.T.);
#5172=EDGE_LOOP('',(#6980,#6981,#6982,#6983));
#5173=PLANE('',#5174);
#5174=AXIS2_PLACEMENT_3D('',#5175,#5176,#5177);
#5175=CARTESIAN_POINT('',(15.32,-1.26641016151378,-3.12679491924311));
#5176=DIRECTION('',(-0.965925826289069,0.,0.25881904510252));
#5177=DIRECTION('',(0.,1.,0.));
#5178=FACE_BOUND('',#5179,.T.);
#5179=EDGE_LOOP('',(#6984,#6985,#6986,#6987));
#5180=PLANE('',#5181);
#5181=AXIS2_PLACEMENT_3D('',#5182,#5183,#5184);
#5182=CARTESIAN_POINT('',(18.7664101615138,0.32,-3.12679491924311));
#5183=DIRECTION('',(0.,-0.965925826289068,0.258819045102521));
#5184=DIRECTION('',(-1.,0.,0.));
#5185=FACE_BOUND('',#5186,.T.);
#5186=EDGE_LOOP('',(#6988,#6989,#6990,#6991));
#5187=PLANE('',#5188);
#5188=AXIS2_PLACEMENT_3D('',#5189,#5190,#5191);
#5189=CARTESIAN_POINT('',(17.18,1.26641016151378,-3.12679491924311));
#5190=DIRECTION('',(0.965925826289067,0.,0.258819045102524));
#5191=DIRECTION('',(0.,-1.,0.));
#5192=FACE_BOUND('',#5193,.T.);
#5193=EDGE_LOOP('',(#6992,#6993,#6994,#6995));
#5194=PLANE('',#5195);
#5195=AXIS2_PLACEMENT_3D('',#5196,#5197,#5198);
#5196=CARTESIAN_POINT('',(16.2335898384862,-0.32,-3.12679491924311));
#5197=DIRECTION('',(-0.,0.965925826289068,0.258819045102521));
#5198=DIRECTION('',(1.,0.,0.));
#5199=FACE_BOUND('',#5200,.T.);
#5200=EDGE_LOOP('',(#6996,#6997,#6998,#6999));
#5201=PLANE('',#5202);
#5202=AXIS2_PLACEMENT_3D('',#5203,#5204,#5205);
#5203=CARTESIAN_POINT('',(17.82,-1.26641016151378,-3.12679491924311));
#5204=DIRECTION('',(-0.965925826289067,0.,0.258819045102524));
#5205=DIRECTION('',(0.,1.,0.));
#5206=FACE_BOUND('',#5207,.T.);
#5207=EDGE_LOOP('',(#7000,#7001,#7002,#7003));
#5208=PLANE('',#5209);
#5209=AXIS2_PLACEMENT_3D('',#5210,#5211,#5212);
#5210=CARTESIAN_POINT('',(21.2664101615138,0.32,-3.12679491924311));
#5211=DIRECTION('',(0.,-0.965925826289068,0.258819045102521));
#5212=DIRECTION('',(-1.,0.,0.));
#5213=FACE_BOUND('',#5214,.T.);
#5214=EDGE_LOOP('',(#7004,#7005,#7006,#7007));
#5215=PLANE('',#5216);
#5216=AXIS2_PLACEMENT_3D('',#5217,#5218,#5219);
#5217=CARTESIAN_POINT('',(19.68,1.26641016151378,-3.12679491924311));
#5218=DIRECTION('',(0.965925826289067,0.,0.258819045102524));
#5219=DIRECTION('',(0.,-1.,0.));
#5220=FACE_BOUND('',#5221,.T.);
#5221=EDGE_LOOP('',(#7008,#7009,#7010,#7011));
#5222=PLANE('',#5223);
#5223=AXIS2_PLACEMENT_3D('',#5224,#5225,#5226);
#5224=CARTESIAN_POINT('',(18.7335898384862,-0.32,-3.12679491924311));
#5225=DIRECTION('',(-0.,0.965925826289068,0.258819045102521));
#5226=DIRECTION('',(1.,0.,0.));
#5227=FACE_BOUND('',#5228,.T.);
#5228=EDGE_LOOP('',(#7012,#7013,#7014,#7015));
#5229=PLANE('',#5230);
#5230=AXIS2_PLACEMENT_3D('',#5231,#5232,#5233);
#5231=CARTESIAN_POINT('',(20.32,-1.26641016151378,-3.12679491924311));
#5232=DIRECTION('',(-0.965925826289067,0.,0.258819045102524));
#5233=DIRECTION('',(0.,1.,0.));
#5234=FACE_BOUND('',#5235,.T.);
#5235=EDGE_LOOP('',(#7016,#7017,#7018,#7019));
#5236=PLANE('',#5237);
#5237=AXIS2_PLACEMENT_3D('',#5238,#5239,#5240);
#5238=CARTESIAN_POINT('',(23.7664101615138,0.32,-3.12679491924311));
#5239=DIRECTION('',(0.,-0.965925826289068,0.258819045102521));
#5240=DIRECTION('',(-1.,0.,0.));
#5241=FACE_BOUND('',#5242,.T.);
#5242=EDGE_LOOP('',(#7020,#7021,#7022,#7023));
#5243=PLANE('',#5244);
#5244=AXIS2_PLACEMENT_3D('',#5245,#5246,#5247);
#5245=CARTESIAN_POINT('',(22.18,1.26641016151378,-3.12679491924311));
#5246=DIRECTION('',(0.965925826289067,0.,0.258819045102524));
#5247=DIRECTION('',(0.,-1.,0.));
#5248=FACE_BOUND('',#5249,.T.);
#5249=EDGE_LOOP('',(#7024,#7025,#7026,#7027));
#5250=PLANE('',#5251);
#5251=AXIS2_PLACEMENT_3D('',#5252,#5253,#5254);
#5252=CARTESIAN_POINT('',(21.2335898384862,-0.32,-3.12679491924311));
#5253=DIRECTION('',(-0.,0.965925826289068,0.258819045102521));
#5254=DIRECTION('',(1.,0.,0.));
#5255=FACE_BOUND('',#5256,.T.);
#5256=EDGE_LOOP('',(#7028,#7029,#7030,#7031));
#5257=PLANE('',#5258);
#5258=AXIS2_PLACEMENT_3D('',#5259,#5260,#5261);
#5259=CARTESIAN_POINT('',(22.82,-1.26641016151378,-3.12679491924311));
#5260=DIRECTION('',(-0.965925826289067,0.,0.258819045102524));
#5261=DIRECTION('',(0.,1.,0.));
#5262=FACE_BOUND('',#5263,.T.);
#5263=EDGE_LOOP('',(#7032,#7033,#7034,#7035));
#5264=PLANE('',#5265);
#5265=AXIS2_PLACEMENT_3D('',#5266,#5267,#5268);
#5266=CARTESIAN_POINT('',(26.2664101615138,0.32,-3.12679491924311));
#5267=DIRECTION('',(0.,-0.965925826289068,0.258819045102521));
#5268=DIRECTION('',(-1.,0.,0.));
#5269=FACE_BOUND('',#5270,.T.);
#5270=EDGE_LOOP('',(#7036,#7037,#7038,#7039));
#5271=PLANE('',#5272);
#5272=AXIS2_PLACEMENT_3D('',#5273,#5274,#5275);
#5273=CARTESIAN_POINT('',(24.68,1.26641016151378,-3.12679491924311));
#5274=DIRECTION('',(0.965925826289067,0.,0.258819045102524));
#5275=DIRECTION('',(0.,-1.,0.));
#5276=FACE_BOUND('',#5277,.T.);
#5277=EDGE_LOOP('',(#7040,#7041,#7042,#7043));
#5278=PLANE('',#5279);
#5279=AXIS2_PLACEMENT_3D('',#5280,#5281,#5282);
#5280=CARTESIAN_POINT('',(23.7335898384862,-0.32,-3.12679491924311));
#5281=DIRECTION('',(-0.,0.965925826289068,0.258819045102521));
#5282=DIRECTION('',(1.,0.,0.));
#5283=FACE_BOUND('',#5284,.T.);
#5284=EDGE_LOOP('',(#7044,#7045,#7046,#7047));
#5285=PLANE('',#5286);
#5286=AXIS2_PLACEMENT_3D('',#5287,#5288,#5289);
#5287=CARTESIAN_POINT('',(25.32,-1.26641016151378,-3.12679491924311));
#5288=DIRECTION('',(-0.965925826289067,0.,0.258819045102524));
#5289=DIRECTION('',(0.,1.,0.));
#5290=FACE_BOUND('',#5291,.T.);
#5291=EDGE_LOOP('',(#7048,#7049,#7050,#7051));
#5292=PLANE('',#5293);
#5293=AXIS2_PLACEMENT_3D('',#5294,#5295,#5296);
#5294=CARTESIAN_POINT('',(28.7664101615138,0.32,-3.12679491924311));
#5295=DIRECTION('',(0.,-0.965925826289068,0.258819045102521));
#5296=DIRECTION('',(-1.,0.,0.));
#5297=FACE_BOUND('',#5298,.T.);
#5298=EDGE_LOOP('',(#7052,#7053,#7054,#7055));
#5299=PLANE('',#5300);
#5300=AXIS2_PLACEMENT_3D('',#5301,#5302,#5303);
#5301=CARTESIAN_POINT('',(27.18,1.26641016151378,-3.12679491924311));
#5302=DIRECTION('',(0.965925826289067,0.,0.258819045102524));
#5303=DIRECTION('',(0.,-1.,0.));
#5304=FACE_BOUND('',#5305,.T.);
#5305=EDGE_LOOP('',(#7056,#7057,#7058,#7059));
#5306=PLANE('',#5307);
#5307=AXIS2_PLACEMENT_3D('',#5308,#5309,#5310);
#5308=CARTESIAN_POINT('',(26.2335898384862,-0.32,-3.12679491924311));
#5309=DIRECTION('',(-0.,0.965925826289068,0.258819045102521));
#5310=DIRECTION('',(1.,0.,0.));
#5311=FACE_BOUND('',#5312,.T.);
#5312=EDGE_LOOP('',(#7060,#7061,#7062,#7063));
#5313=PLANE('',#5314);
#5314=AXIS2_PLACEMENT_3D('',#5315,#5316,#5317);
#5315=CARTESIAN_POINT('',(27.82,-1.26641016151378,-3.12679491924311));
#5316=DIRECTION('',(-0.965925826289067,0.,0.258819045102524));
#5317=DIRECTION('',(0.,1.,0.));
#5318=FACE_BOUND('',#5319,.T.);
#5319=EDGE_LOOP('',(#7064,#7065,#7066,#7067));
#5320=PLANE('',#5321);
#5321=AXIS2_PLACEMENT_3D('',#5322,#5323,#5324);
#5322=CARTESIAN_POINT('',(31.2664101615138,0.32,-3.12679491924311));
#5323=DIRECTION('',(0.,-0.965925826289068,0.258819045102521));
#5324=DIRECTION('',(-1.,0.,0.));
#5325=FACE_BOUND('',#5326,.T.);
#5326=EDGE_LOOP('',(#7068,#7069,#7070,#7071));
#5327=PLANE('',#5328);
#5328=AXIS2_PLACEMENT_3D('',#5329,#5330,#5331);
#5329=CARTESIAN_POINT('',(29.68,1.26641016151378,-3.12679491924311));
#5330=DIRECTION('',(0.965925826289067,0.,0.258819045102524));
#5331=DIRECTION('',(0.,-1.,0.));
#5332=FACE_BOUND('',#5333,.T.);
#5333=EDGE_LOOP('',(#7072,#7073,#7074,#7075));
#5334=PLANE('',#5335);
#5335=AXIS2_PLACEMENT_3D('',#5336,#5337,#5338);
#5336=CARTESIAN_POINT('',(28.7335898384862,-0.32,-3.12679491924311));
#5337=DIRECTION('',(-0.,0.965925826289068,0.258819045102521));
#5338=DIRECTION('',(1.,0.,0.));
#5339=FACE_BOUND('',#5340,.T.);
#5340=EDGE_LOOP('',(#7076,#7077,#7078,#7079));
#5341=PLANE('',#5342);
#5342=AXIS2_PLACEMENT_3D('',#5343,#5344,#5345);
#5343=CARTESIAN_POINT('',(30.32,-1.26641016151378,-3.12679491924311));
#5344=DIRECTION('',(-0.965925826289067,0.,0.258819045102524));
#5345=DIRECTION('',(0.,1.,0.));
#5346=FACE_BOUND('',#5347,.T.);
#5347=EDGE_LOOP('',(#7080,#7081,#7082,#7083));
#5348=PLANE('',#5349);
#5349=AXIS2_PLACEMENT_3D('',#5350,#5351,#5352);
#5350=CARTESIAN_POINT('',(33.7664101615138,0.32,-3.12679491924311));
#5351=DIRECTION('',(0.,-0.965925826289068,0.258819045102521));
#5352=DIRECTION('',(-1.,0.,0.));
#5353=FACE_BOUND('',#5354,.T.);
#5354=EDGE_LOOP('',(#7084,#7085,#7086,#7087));
#5355=PLANE('',#5356);
#5356=AXIS2_PLACEMENT_3D('',#5357,#5358,#5359);
#5357=CARTESIAN_POINT('',(32.18,1.26641016151378,-3.12679491924311));
#5358=DIRECTION('',(0.965925826289067,0.,0.258819045102524));
#5359=DIRECTION('',(0.,-1.,0.));
#5360=FACE_BOUND('',#5361,.T.);
#5361=EDGE_LOOP('',(#7088,#7089,#7090,#7091));
#5362=PLANE('',#5363);
#5363=AXIS2_PLACEMENT_3D('',#5364,#5365,#5366);
#5364=CARTESIAN_POINT('',(31.2335898384862,-0.32,-3.12679491924311));
#5365=DIRECTION('',(-0.,0.965925826289068,0.258819045102521));
#5366=DIRECTION('',(1.,0.,0.));
#5367=FACE_BOUND('',#5368,.T.);
#5368=EDGE_LOOP('',(#7092,#7093,#7094,#7095));
#5369=PLANE('',#5370);
#5370=AXIS2_PLACEMENT_3D('',#5371,#5372,#5373);
#5371=CARTESIAN_POINT('',(32.82,-1.26641016151378,-3.12679491924311));
#5372=DIRECTION('',(-0.965925826289067,0.,0.258819045102524));
#5373=DIRECTION('',(0.,1.,0.));
#5374=FACE_BOUND('',#5375,.T.);
#5375=EDGE_LOOP('',(#7096,#7097,#7098,#7099));
#5376=PLANE('',#5377);
#5377=AXIS2_PLACEMENT_3D('',#5378,#5379,#5380);
#5378=CARTESIAN_POINT('',(2.5,0.,6.5));
#5379=DIRECTION('',(0.,0.,1.));
#5380=DIRECTION('',(1.,0.,0.));
#5381=FACE_BOUND('',#5382,.T.);
#5382=EDGE_LOOP('',(#7100,#7101,#7102,#7103));
#5383=PLANE('',#5384);
#5384=AXIS2_PLACEMENT_3D('',#5385,#5386,#5387);
#5385=CARTESIAN_POINT('',(5.,0.,6.5));
#5386=DIRECTION('',(0.,0.,1.));
#5387=DIRECTION('',(1.,0.,0.));
#5388=FACE_BOUND('',#5389,.T.);
#5389=EDGE_LOOP('',(#7104,#7105,#7106,#7107));
#5390=PLANE('',#5391);
#5391=AXIS2_PLACEMENT_3D('',#5392,#5393,#5394);
#5392=CARTESIAN_POINT('',(7.5,0.,6.5));
#5393=DIRECTION('',(0.,0.,1.));
#5394=DIRECTION('',(1.,0.,0.));
#5395=FACE_BOUND('',#5396,.T.);
#5396=EDGE_LOOP('',(#7108,#7109,#7110,#7111));
#5397=PLANE('',#5398);
#5398=AXIS2_PLACEMENT_3D('',#5399,#5400,#5401);
#5399=CARTESIAN_POINT('',(10.,0.,6.5));
#5400=DIRECTION('',(0.,0.,1.));
#5401=DIRECTION('',(1.,0.,0.));
#5402=FACE_BOUND('',#5403,.T.);
#5403=EDGE_LOOP('',(#7112,#7113,#7114,#7115));
#5404=PLANE('',#5405);
#5405=AXIS2_PLACEMENT_3D('',#5406,#5407,#5408);
#5406=CARTESIAN_POINT('',(12.5,0.,6.5));
#5407=DIRECTION('',(0.,0.,1.));
#5408=DIRECTION('',(1.,0.,0.));
#5409=FACE_BOUND('',#5410,.T.);
#5410=EDGE_LOOP('',(#7116,#7117,#7118,#7119));
#5411=PLANE('',#5412);
#5412=AXIS2_PLACEMENT_3D('',#5413,#5414,#5415);
#5413=CARTESIAN_POINT('',(15.,0.,6.5));
#5414=DIRECTION('',(0.,0.,1.));
#5415=DIRECTION('',(1.,0.,0.));
#5416=FACE_BOUND('',#5417,.T.);
#5417=EDGE_LOOP('',(#7120,#7121,#7122,#7123));
#5418=PLANE('',#5419);
#5419=AXIS2_PLACEMENT_3D('',#5420,#5421,#5422);
#5420=CARTESIAN_POINT('',(17.5,0.,6.5));
#5421=DIRECTION('',(0.,0.,1.));
#5422=DIRECTION('',(1.,0.,0.));
#5423=FACE_BOUND('',#5424,.T.);
#5424=EDGE_LOOP('',(#7124,#7125,#7126,#7127));
#5425=PLANE('',#5426);
#5426=AXIS2_PLACEMENT_3D('',#5427,#5428,#5429);
#5427=CARTESIAN_POINT('',(20.,0.,6.5));
#5428=DIRECTION('',(0.,0.,1.));
#5429=DIRECTION('',(1.,0.,0.));
#5430=FACE_BOUND('',#5431,.T.);
#5431=EDGE_LOOP('',(#7128,#7129,#7130,#7131));
#5432=PLANE('',#5433);
#5433=AXIS2_PLACEMENT_3D('',#5434,#5435,#5436);
#5434=CARTESIAN_POINT('',(22.5,0.,6.5));
#5435=DIRECTION('',(0.,0.,1.));
#5436=DIRECTION('',(1.,0.,0.));
#5437=FACE_BOUND('',#5438,.T.);
#5438=EDGE_LOOP('',(#7132,#7133,#7134,#7135));
#5439=PLANE('',#5440);
#5440=AXIS2_PLACEMENT_3D('',#5441,#5442,#5443);
#5441=CARTESIAN_POINT('',(25.,0.,6.5));
#5442=DIRECTION('',(0.,0.,1.));
#5443=DIRECTION('',(1.,0.,0.));
#5444=FACE_BOUND('',#5445,.T.);
#5445=EDGE_LOOP('',(#7136,#7137,#7138,#7139));
#5446=PLANE('',#5447);
#5447=AXIS2_PLACEMENT_3D('',#5448,#5449,#5450);
#5448=CARTESIAN_POINT('',(27.5,0.,6.5));
#5449=DIRECTION('',(0.,0.,1.));
#5450=DIRECTION('',(1.,0.,0.));
#5451=FACE_BOUND('',#5452,.T.);
#5452=EDGE_LOOP('',(#7140,#7141,#7142,#7143));
#5453=PLANE('',#5454);
#5454=AXIS2_PLACEMENT_3D('',#5455,#5456,#5457);
#5455=CARTESIAN_POINT('',(30.,0.,6.5));
#5456=DIRECTION('',(0.,0.,1.));
#5457=DIRECTION('',(1.,0.,0.));
#5458=FACE_BOUND('',#5459,.T.);
#5459=EDGE_LOOP('',(#7144,#7145,#7146,#7147));
#5460=PLANE('',#5461);
#5461=AXIS2_PLACEMENT_3D('',#5462,#5463,#5464);
#5462=CARTESIAN_POINT('',(32.5,0.,6.5));
#5463=DIRECTION('',(0.,0.,1.));
#5464=DIRECTION('',(1.,0.,0.));
#5465=FACE_BOUND('',#5466,.T.);
#5466=EDGE_LOOP('',(#7148,#7149,#7150,#7151));
#5467=PLANE('',#5468);
#5468=AXIS2_PLACEMENT_3D('',#5469,#5470,#5471);
#5469=CARTESIAN_POINT('',(0.,0.,6.5));
#5470=DIRECTION('',(0.,0.,1.));
#5471=DIRECTION('',(1.,0.,0.));
#5472=FACE_BOUND('',#5473,.T.);
#5473=EDGE_LOOP('',(#7152,#7153,#7154,#7155));
#5474=PLANE('',#5475);
#5475=AXIS2_PLACEMENT_3D('',#5476,#5477,#5478);
#5476=CARTESIAN_POINT('',(0.,0.,-3.5));
#5477=DIRECTION('',(0.,0.,1.));
#5478=DIRECTION('',(1.,0.,0.));
#5479=FACE_BOUND('',#5480,.T.);
#5480=EDGE_LOOP('',(#7156,#7157,#7158,#7159));
#5481=PLANE('',#5482);
#5482=AXIS2_PLACEMENT_3D('',#5483,#5484,#5485);
#5483=CARTESIAN_POINT('',(2.5,0.,-3.5));
#5484=DIRECTION('',(0.,0.,1.));
#5485=DIRECTION('',(1.,0.,0.));
#5486=FACE_BOUND('',#5487,.T.);
#5487=EDGE_LOOP('',(#7160,#7161,#7162,#7163));
#5488=PLANE('',#5489);
#5489=AXIS2_PLACEMENT_3D('',#5490,#5491,#5492);
#5490=CARTESIAN_POINT('',(5.,0.,-3.5));
#5491=DIRECTION('',(0.,0.,1.));
#5492=DIRECTION('',(1.,0.,0.));
#5493=FACE_BOUND('',#5494,.T.);
#5494=EDGE_LOOP('',(#7164,#7165,#7166,#7167));
#5495=PLANE('',#5496);
#5496=AXIS2_PLACEMENT_3D('',#5497,#5498,#5499);
#5497=CARTESIAN_POINT('',(7.5,0.,-3.5));
#5498=DIRECTION('',(0.,0.,1.));
#5499=DIRECTION('',(1.,0.,0.));
#5500=FACE_BOUND('',#5501,.T.);
#5501=EDGE_LOOP('',(#7168,#7169,#7170,#7171));
#5502=PLANE('',#5503);
#5503=AXIS2_PLACEMENT_3D('',#5504,#5505,#5506);
#5504=CARTESIAN_POINT('',(10.,0.,-3.5));
#5505=DIRECTION('',(0.,0.,1.));
#5506=DIRECTION('',(1.,0.,0.));
#5507=FACE_BOUND('',#5508,.T.);
#5508=EDGE_LOOP('',(#7172,#7173,#7174,#7175));
#5509=PLANE('',#5510);
#5510=AXIS2_PLACEMENT_3D('',#5511,#5512,#5513);
#5511=CARTESIAN_POINT('',(12.5,0.,-3.5));
#5512=DIRECTION('',(0.,0.,1.));
#5513=DIRECTION('',(1.,0.,0.));
#5514=FACE_BOUND('',#5515,.T.);
#5515=EDGE_LOOP('',(#7176,#7177,#7178,#7179));
#5516=PLANE('',#5517);
#5517=AXIS2_PLACEMENT_3D('',#5518,#5519,#5520);
#5518=CARTESIAN_POINT('',(15.,0.,-3.5));
#5519=DIRECTION('',(0.,0.,1.));
#5520=DIRECTION('',(1.,0.,0.));
#5521=FACE_BOUND('',#5522,.T.);
#5522=EDGE_LOOP('',(#7180,#7181,#7182,#7183));
#5523=PLANE('',#5524);
#5524=AXIS2_PLACEMENT_3D('',#5525,#5526,#5527);
#5525=CARTESIAN_POINT('',(17.5,0.,-3.5));
#5526=DIRECTION('',(0.,0.,1.));
#5527=DIRECTION('',(1.,0.,0.));
#5528=FACE_BOUND('',#5529,.T.);
#5529=EDGE_LOOP('',(#7184,#7185,#7186,#7187));
#5530=PLANE('',#5531);
#5531=AXIS2_PLACEMENT_3D('',#5532,#5533,#5534);
#5532=CARTESIAN_POINT('',(20.,0.,-3.5));
#5533=DIRECTION('',(0.,0.,1.));
#5534=DIRECTION('',(1.,0.,0.));
#5535=FACE_BOUND('',#5536,.T.);
#5536=EDGE_LOOP('',(#7188,#7189,#7190,#7191));
#5537=PLANE('',#5538);
#5538=AXIS2_PLACEMENT_3D('',#5539,#5540,#5541);
#5539=CARTESIAN_POINT('',(22.5,0.,-3.5));
#5540=DIRECTION('',(0.,0.,1.));
#5541=DIRECTION('',(1.,0.,0.));
#5542=FACE_BOUND('',#5543,.T.);
#5543=EDGE_LOOP('',(#7192,#7193,#7194,#7195));
#5544=PLANE('',#5545);
#5545=AXIS2_PLACEMENT_3D('',#5546,#5547,#5548);
#5546=CARTESIAN_POINT('',(25.,0.,-3.5));
#5547=DIRECTION('',(0.,0.,1.));
#5548=DIRECTION('',(1.,0.,0.));
#5549=FACE_BOUND('',#5550,.T.);
#5550=EDGE_LOOP('',(#7196,#7197,#7198,#7199));
#5551=PLANE('',#5552);
#5552=AXIS2_PLACEMENT_3D('',#5553,#5554,#5555);
#5553=CARTESIAN_POINT('',(27.5,0.,-3.5));
#5554=DIRECTION('',(0.,0.,1.));
#5555=DIRECTION('',(1.,0.,0.));
#5556=FACE_BOUND('',#5557,.T.);
#5557=EDGE_LOOP('',(#7200,#7201,#7202,#7203));
#5558=PLANE('',#5559);
#5559=AXIS2_PLACEMENT_3D('',#5560,#5561,#5562);
#5560=CARTESIAN_POINT('',(30.,0.,-3.5));
#5561=DIRECTION('',(0.,0.,1.));
#5562=DIRECTION('',(1.,0.,0.));
#5563=FACE_BOUND('',#5564,.T.);
#5564=EDGE_LOOP('',(#7204,#7205,#7206,#7207));
#5565=PLANE('',#5566);
#5566=AXIS2_PLACEMENT_3D('',#5567,#5568,#5569);
#5567=CARTESIAN_POINT('',(32.5,0.,-3.5));
#5568=DIRECTION('',(0.,0.,1.));
#5569=DIRECTION('',(1.,0.,0.));
#5570=ORIENTED_EDGE('',*,*,#7208,.T.);
#5571=ORIENTED_EDGE('',*,*,#7209,.T.);
#5572=ORIENTED_EDGE('',*,*,#7210,.T.);
#5573=ORIENTED_EDGE('',*,*,#7211,.T.);
#5574=ORIENTED_EDGE('',*,*,#7212,.T.);
#5575=ORIENTED_EDGE('',*,*,#7213,.T.);
#5576=ORIENTED_EDGE('',*,*,#7214,.F.);
#5577=ORIENTED_EDGE('',*,*,#7215,.F.);
#5578=ORIENTED_EDGE('',*,*,#7216,.T.);
#5579=ORIENTED_EDGE('',*,*,#7217,.F.);
#5580=ORIENTED_EDGE('',*,*,#7218,.F.);
#5581=ORIENTED_EDGE('',*,*,#7219,.T.);
#5582=ORIENTED_EDGE('',*,*,#7220,.T.);
#5583=ORIENTED_EDGE('',*,*,#7221,.F.);
#5584=ORIENTED_EDGE('',*,*,#7222,.F.);
#5585=ORIENTED_EDGE('',*,*,#7223,.T.);
#5586=ORIENTED_EDGE('',*,*,#7224,.T.);
#5587=ORIENTED_EDGE('',*,*,#7225,.T.);
#5588=ORIENTED_EDGE('',*,*,#7226,.T.);
#5589=ORIENTED_EDGE('',*,*,#7227,.T.);
#5590=ORIENTED_EDGE('',*,*,#7228,.T.);
#5591=ORIENTED_EDGE('',*,*,#7229,.F.);
#5592=ORIENTED_EDGE('',*,*,#7230,.T.);
#5593=ORIENTED_EDGE('',*,*,#7229,.T.);
#5594=ORIENTED_EDGE('',*,*,#7231,.T.);
#5595=ORIENTED_EDGE('',*,*,#7232,.T.);
#5596=ORIENTED_EDGE('',*,*,#7233,.T.);
#5597=ORIENTED_EDGE('',*,*,#7234,.T.);
#5598=ORIENTED_EDGE('',*,*,#7235,.T.);
#5599=ORIENTED_EDGE('',*,*,#7214,.T.);
#5600=ORIENTED_EDGE('',*,*,#7236,.T.);
#5601=ORIENTED_EDGE('',*,*,#7232,.F.);
#5602=ORIENTED_EDGE('',*,*,#7237,.T.);
#5603=ORIENTED_EDGE('',*,*,#7238,.T.);
#5604=ORIENTED_EDGE('',*,*,#7239,.T.);
#5605=ORIENTED_EDGE('',*,*,#7240,.T.);
#5606=ORIENTED_EDGE('',*,*,#7241,.T.);
#5607=ORIENTED_EDGE('',*,*,#7242,.T.);
#5608=ORIENTED_EDGE('',*,*,#7243,.F.);
#5609=ORIENTED_EDGE('',*,*,#7244,.F.);
#5610=ORIENTED_EDGE('',*,*,#7245,.F.);
#5611=ORIENTED_EDGE('',*,*,#7246,.T.);
#5612=ORIENTED_EDGE('',*,*,#7247,.T.);
#5613=ORIENTED_EDGE('',*,*,#7248,.T.);
#5614=ORIENTED_EDGE('',*,*,#7249,.T.);
#5615=ORIENTED_EDGE('',*,*,#7250,.T.);
#5616=ORIENTED_EDGE('',*,*,#7251,.T.);
#5617=ORIENTED_EDGE('',*,*,#7252,.T.);
#5618=ORIENTED_EDGE('',*,*,#7253,.T.);
#5619=ORIENTED_EDGE('',*,*,#7254,.T.);
#5620=ORIENTED_EDGE('',*,*,#7255,.T.);
#5621=ORIENTED_EDGE('',*,*,#7256,.T.);
#5622=ORIENTED_EDGE('',*,*,#7257,.T.);
#5623=ORIENTED_EDGE('',*,*,#7258,.T.);
#5624=ORIENTED_EDGE('',*,*,#7259,.T.);
#5625=ORIENTED_EDGE('',*,*,#7260,.T.);
#5626=ORIENTED_EDGE('',*,*,#7261,.T.);
#5627=ORIENTED_EDGE('',*,*,#7262,.T.);
#5628=ORIENTED_EDGE('',*,*,#7263,.T.);
#5629=ORIENTED_EDGE('',*,*,#7264,.T.);
#5630=ORIENTED_EDGE('',*,*,#7265,.T.);
#5631=ORIENTED_EDGE('',*,*,#7266,.T.);
#5632=ORIENTED_EDGE('',*,*,#7267,.T.);
#5633=ORIENTED_EDGE('',*,*,#7268,.T.);
#5634=ORIENTED_EDGE('',*,*,#7269,.T.);
#5635=ORIENTED_EDGE('',*,*,#7270,.T.);
#5636=ORIENTED_EDGE('',*,*,#7271,.T.);
#5637=ORIENTED_EDGE('',*,*,#7272,.T.);
#5638=ORIENTED_EDGE('',*,*,#7273,.T.);
#5639=ORIENTED_EDGE('',*,*,#7274,.T.);
#5640=ORIENTED_EDGE('',*,*,#7275,.T.);
#5641=ORIENTED_EDGE('',*,*,#7276,.T.);
#5642=ORIENTED_EDGE('',*,*,#7277,.T.);
#5643=ORIENTED_EDGE('',*,*,#7278,.T.);
#5644=ORIENTED_EDGE('',*,*,#7279,.T.);
#5645=ORIENTED_EDGE('',*,*,#7280,.T.);
#5646=ORIENTED_EDGE('',*,*,#7281,.T.);
#5647=ORIENTED_EDGE('',*,*,#7282,.T.);
#5648=ORIENTED_EDGE('',*,*,#7283,.T.);
#5649=ORIENTED_EDGE('',*,*,#7284,.T.);
#5650=ORIENTED_EDGE('',*,*,#7285,.T.);
#5651=ORIENTED_EDGE('',*,*,#7286,.T.);
#5652=ORIENTED_EDGE('',*,*,#7287,.T.);
#5653=ORIENTED_EDGE('',*,*,#7288,.T.);
#5654=ORIENTED_EDGE('',*,*,#7289,.T.);
#5655=ORIENTED_EDGE('',*,*,#7290,.T.);
#5656=ORIENTED_EDGE('',*,*,#7291,.T.);
#5657=ORIENTED_EDGE('',*,*,#7292,.T.);
#5658=ORIENTED_EDGE('',*,*,#7293,.T.);
#5659=ORIENTED_EDGE('',*,*,#7294,.T.);
#5660=ORIENTED_EDGE('',*,*,#7295,.T.);
#5661=ORIENTED_EDGE('',*,*,#7296,.T.);
#5662=ORIENTED_EDGE('',*,*,#7297,.T.);
#5663=ORIENTED_EDGE('',*,*,#7298,.T.);
#5664=ORIENTED_EDGE('',*,*,#7299,.T.);
#5665=ORIENTED_EDGE('',*,*,#7300,.T.);
#5666=ORIENTED_EDGE('',*,*,#7301,.T.);
#5667=ORIENTED_EDGE('',*,*,#7302,.T.);
#5668=ORIENTED_EDGE('',*,*,#7234,.F.);
#5669=ORIENTED_EDGE('',*,*,#7303,.T.);
#5670=ORIENTED_EDGE('',*,*,#7304,.T.);
#5671=ORIENTED_EDGE('',*,*,#7305,.T.);
#5672=ORIENTED_EDGE('',*,*,#7306,.T.);
#5673=ORIENTED_EDGE('',*,*,#7307,.T.);
#5674=ORIENTED_EDGE('',*,*,#7303,.F.);
#5675=ORIENTED_EDGE('',*,*,#7233,.F.);
#5676=ORIENTED_EDGE('',*,*,#7213,.F.);
#5677=ORIENTED_EDGE('',*,*,#7308,.T.);
#5678=ORIENTED_EDGE('',*,*,#7304,.F.);
#5679=ORIENTED_EDGE('',*,*,#7308,.F.);
#5680=ORIENTED_EDGE('',*,*,#7212,.F.);
#5681=ORIENTED_EDGE('',*,*,#7309,.T.);
#5682=ORIENTED_EDGE('',*,*,#7305,.F.);
#5683=ORIENTED_EDGE('',*,*,#7309,.F.);
#5684=ORIENTED_EDGE('',*,*,#7211,.F.);
#5685=ORIENTED_EDGE('',*,*,#7310,.T.);
#5686=ORIENTED_EDGE('',*,*,#7306,.F.);
#5687=ORIENTED_EDGE('',*,*,#7310,.F.);
#5688=ORIENTED_EDGE('',*,*,#7210,.F.);
#5689=ORIENTED_EDGE('',*,*,#7311,.T.);
#5690=ORIENTED_EDGE('',*,*,#7307,.F.);
#5691=ORIENTED_EDGE('',*,*,#7311,.F.);
#5692=ORIENTED_EDGE('',*,*,#7209,.F.);
#5693=ORIENTED_EDGE('',*,*,#7312,.T.);
#5694=ORIENTED_EDGE('',*,*,#7236,.F.);
#5695=ORIENTED_EDGE('',*,*,#7312,.F.);
#5696=ORIENTED_EDGE('',*,*,#7208,.F.);
#5697=ORIENTED_EDGE('',*,*,#7230,.F.);
#5698=ORIENTED_EDGE('',*,*,#7313,.T.);
#5699=ORIENTED_EDGE('',*,*,#7314,.T.);
#5700=ORIENTED_EDGE('',*,*,#7215,.T.);
#5701=ORIENTED_EDGE('',*,*,#7235,.F.);
#5702=ORIENTED_EDGE('',*,*,#7302,.F.);
#5703=ORIENTED_EDGE('',*,*,#7315,.F.);
#5704=ORIENTED_EDGE('',*,*,#7316,.F.);
#5705=ORIENTED_EDGE('',*,*,#7317,.F.);
#5706=ORIENTED_EDGE('',*,*,#7318,.F.);
#5707=ORIENTED_EDGE('',*,*,#7216,.F.);
#5708=ORIENTED_EDGE('',*,*,#7314,.F.);
#5709=ORIENTED_EDGE('',*,*,#7319,.T.);
#5710=ORIENTED_EDGE('',*,*,#7320,.F.);
#5711=ORIENTED_EDGE('',*,*,#7321,.T.);
#5712=ORIENTED_EDGE('',*,*,#7322,.T.);
#5713=ORIENTED_EDGE('',*,*,#7217,.T.);
#5714=ORIENTED_EDGE('',*,*,#7318,.T.);
#5715=ORIENTED_EDGE('',*,*,#7323,.T.);
#5716=ORIENTED_EDGE('',*,*,#7324,.T.);
#5717=ORIENTED_EDGE('',*,*,#7325,.T.);
#5718=ORIENTED_EDGE('',*,*,#7218,.T.);
#5719=ORIENTED_EDGE('',*,*,#7322,.F.);
#5720=ORIENTED_EDGE('',*,*,#7326,.F.);
#5721=ORIENTED_EDGE('',*,*,#7327,.F.);
#5722=ORIENTED_EDGE('',*,*,#7328,.F.);
#5723=ORIENTED_EDGE('',*,*,#7329,.F.);
#5724=ORIENTED_EDGE('',*,*,#7330,.F.);
#5725=ORIENTED_EDGE('',*,*,#7331,.F.);
#5726=ORIENTED_EDGE('',*,*,#7332,.F.);
#5727=ORIENTED_EDGE('',*,*,#7333,.F.);
#5728=ORIENTED_EDGE('',*,*,#7334,.F.);
#5729=ORIENTED_EDGE('',*,*,#7335,.F.);
#5730=ORIENTED_EDGE('',*,*,#7336,.F.);
#5731=ORIENTED_EDGE('',*,*,#7337,.F.);
#5732=ORIENTED_EDGE('',*,*,#7338,.F.);
#5733=ORIENTED_EDGE('',*,*,#7339,.F.);
#5734=ORIENTED_EDGE('',*,*,#7340,.F.);
#5735=ORIENTED_EDGE('',*,*,#7341,.F.);
#5736=ORIENTED_EDGE('',*,*,#7342,.F.);
#5737=ORIENTED_EDGE('',*,*,#7343,.F.);
#5738=ORIENTED_EDGE('',*,*,#7344,.F.);
#5739=ORIENTED_EDGE('',*,*,#7345,.F.);
#5740=ORIENTED_EDGE('',*,*,#7346,.F.);
#5741=ORIENTED_EDGE('',*,*,#7347,.F.);
#5742=ORIENTED_EDGE('',*,*,#7348,.F.);
#5743=ORIENTED_EDGE('',*,*,#7349,.F.);
#5744=ORIENTED_EDGE('',*,*,#7350,.F.);
#5745=ORIENTED_EDGE('',*,*,#7351,.F.);
#5746=ORIENTED_EDGE('',*,*,#7352,.F.);
#5747=ORIENTED_EDGE('',*,*,#7353,.F.);
#5748=ORIENTED_EDGE('',*,*,#7354,.F.);
#5749=ORIENTED_EDGE('',*,*,#7355,.F.);
#5750=ORIENTED_EDGE('',*,*,#7356,.F.);
#5751=ORIENTED_EDGE('',*,*,#7357,.F.);
#5752=ORIENTED_EDGE('',*,*,#7358,.F.);
#5753=ORIENTED_EDGE('',*,*,#7359,.F.);
#5754=ORIENTED_EDGE('',*,*,#7360,.F.);
#5755=ORIENTED_EDGE('',*,*,#7361,.F.);
#5756=ORIENTED_EDGE('',*,*,#7362,.F.);
#5757=ORIENTED_EDGE('',*,*,#7363,.F.);
#5758=ORIENTED_EDGE('',*,*,#7364,.F.);
#5759=ORIENTED_EDGE('',*,*,#7365,.F.);
#5760=ORIENTED_EDGE('',*,*,#7366,.F.);
#5761=ORIENTED_EDGE('',*,*,#7367,.F.);
#5762=ORIENTED_EDGE('',*,*,#7368,.F.);
#5763=ORIENTED_EDGE('',*,*,#7369,.F.);
#5764=ORIENTED_EDGE('',*,*,#7370,.F.);
#5765=ORIENTED_EDGE('',*,*,#7371,.F.);
#5766=ORIENTED_EDGE('',*,*,#7372,.F.);
#5767=ORIENTED_EDGE('',*,*,#7373,.F.);
#5768=ORIENTED_EDGE('',*,*,#7374,.F.);
#5769=ORIENTED_EDGE('',*,*,#7375,.F.);
#5770=ORIENTED_EDGE('',*,*,#7376,.F.);
#5771=ORIENTED_EDGE('',*,*,#7377,.F.);
#5772=ORIENTED_EDGE('',*,*,#7378,.F.);
#5773=ORIENTED_EDGE('',*,*,#7379,.F.);
#5774=ORIENTED_EDGE('',*,*,#7380,.F.);
#5775=ORIENTED_EDGE('',*,*,#7381,.F.);
#5776=ORIENTED_EDGE('',*,*,#7382,.F.);
#5777=ORIENTED_EDGE('',*,*,#7383,.T.);
#5778=ORIENTED_EDGE('',*,*,#7384,.T.);
#5779=ORIENTED_EDGE('',*,*,#7219,.F.);
#5780=ORIENTED_EDGE('',*,*,#7325,.F.);
#5781=ORIENTED_EDGE('',*,*,#7385,.F.);
#5782=ORIENTED_EDGE('',*,*,#7384,.F.);
#5783=ORIENTED_EDGE('',*,*,#7386,.T.);
#5784=ORIENTED_EDGE('',*,*,#7387,.F.);
#5785=ORIENTED_EDGE('',*,*,#7220,.F.);
#5786=ORIENTED_EDGE('',*,*,#7388,.T.);
#5787=ORIENTED_EDGE('',*,*,#7389,.T.);
#5788=ORIENTED_EDGE('',*,*,#7390,.T.);
#5789=ORIENTED_EDGE('',*,*,#7391,.T.);
#5790=ORIENTED_EDGE('',*,*,#7244,.T.);
#5791=ORIENTED_EDGE('',*,*,#7392,.T.);
#5792=ORIENTED_EDGE('',*,*,#7221,.T.);
#5793=ORIENTED_EDGE('',*,*,#7387,.T.);
#5794=ORIENTED_EDGE('',*,*,#7393,.T.);
#5795=ORIENTED_EDGE('',*,*,#7222,.T.);
#5796=ORIENTED_EDGE('',*,*,#7392,.F.);
#5797=ORIENTED_EDGE('',*,*,#7243,.T.);
#5798=ORIENTED_EDGE('',*,*,#7223,.F.);
#5799=ORIENTED_EDGE('',*,*,#7393,.F.);
#5800=ORIENTED_EDGE('',*,*,#7242,.F.);
#5801=ORIENTED_EDGE('',*,*,#7394,.F.);
#5802=ORIENTED_EDGE('',*,*,#7224,.F.);
#5803=ORIENTED_EDGE('',*,*,#7394,.T.);
#5804=ORIENTED_EDGE('',*,*,#7241,.F.);
#5805=ORIENTED_EDGE('',*,*,#7395,.F.);
#5806=ORIENTED_EDGE('',*,*,#7225,.F.);
#5807=ORIENTED_EDGE('',*,*,#7395,.T.);
#5808=ORIENTED_EDGE('',*,*,#7240,.F.);
#5809=ORIENTED_EDGE('',*,*,#7396,.F.);
#5810=ORIENTED_EDGE('',*,*,#7226,.F.);
#5811=ORIENTED_EDGE('',*,*,#7396,.T.);
#5812=ORIENTED_EDGE('',*,*,#7239,.F.);
#5813=ORIENTED_EDGE('',*,*,#7397,.F.);
#5814=ORIENTED_EDGE('',*,*,#7227,.F.);
#5815=ORIENTED_EDGE('',*,*,#7397,.T.);
#5816=ORIENTED_EDGE('',*,*,#7238,.F.);
#5817=ORIENTED_EDGE('',*,*,#7398,.F.);
#5818=ORIENTED_EDGE('',*,*,#7228,.F.);
#5819=ORIENTED_EDGE('',*,*,#7398,.T.);
#5820=ORIENTED_EDGE('',*,*,#7237,.F.);
#5821=ORIENTED_EDGE('',*,*,#7231,.F.);
#5822=ORIENTED_EDGE('',*,*,#7399,.T.);
#5823=ORIENTED_EDGE('',*,*,#7245,.T.);
#5824=ORIENTED_EDGE('',*,*,#7391,.F.);
#5825=ORIENTED_EDGE('',*,*,#7400,.F.);
#5826=ORIENTED_EDGE('',*,*,#7401,.F.);
#5827=ORIENTED_EDGE('',*,*,#7402,.F.);
#5828=ORIENTED_EDGE('',*,*,#7246,.F.);
#5829=ORIENTED_EDGE('',*,*,#7399,.F.);
#5830=ORIENTED_EDGE('',*,*,#7403,.F.);
#5831=ORIENTED_EDGE('',*,*,#7404,.T.);
#5832=ORIENTED_EDGE('',*,*,#7247,.F.);
#5833=ORIENTED_EDGE('',*,*,#7402,.T.);
#5834=ORIENTED_EDGE('',*,*,#7405,.F.);
#5835=ORIENTED_EDGE('',*,*,#7406,.F.);
#5836=ORIENTED_EDGE('',*,*,#7407,.F.);
#5837=ORIENTED_EDGE('',*,*,#7408,.F.);
#5838=ORIENTED_EDGE('',*,*,#7409,.F.);
#5839=ORIENTED_EDGE('',*,*,#7410,.F.);
#5840=ORIENTED_EDGE('',*,*,#7248,.F.);
#5841=ORIENTED_EDGE('',*,*,#7404,.F.);
#5842=ORIENTED_EDGE('',*,*,#7411,.T.);
#5843=ORIENTED_EDGE('',*,*,#7249,.F.);
#5844=ORIENTED_EDGE('',*,*,#7410,.T.);
#5845=ORIENTED_EDGE('',*,*,#7412,.F.);
#5846=ORIENTED_EDGE('',*,*,#7411,.F.);
#5847=ORIENTED_EDGE('',*,*,#7413,.F.);
#5848=ORIENTED_EDGE('',*,*,#7414,.F.);
#5849=ORIENTED_EDGE('',*,*,#7250,.F.);
#5850=ORIENTED_EDGE('',*,*,#7251,.F.);
#5851=ORIENTED_EDGE('',*,*,#7414,.T.);
#5852=ORIENTED_EDGE('',*,*,#7415,.F.);
#5853=ORIENTED_EDGE('',*,*,#7416,.T.);
#5854=ORIENTED_EDGE('',*,*,#7417,.F.);
#5855=ORIENTED_EDGE('',*,*,#7418,.F.);
#5856=ORIENTED_EDGE('',*,*,#7419,.F.);
#5857=ORIENTED_EDGE('',*,*,#7420,.F.);
#5858=ORIENTED_EDGE('',*,*,#7421,.F.);
#5859=ORIENTED_EDGE('',*,*,#7252,.F.);
#5860=ORIENTED_EDGE('',*,*,#7416,.F.);
#5861=ORIENTED_EDGE('',*,*,#7422,.F.);
#5862=ORIENTED_EDGE('',*,*,#7421,.T.);
#5863=ORIENTED_EDGE('',*,*,#7423,.F.);
#5864=ORIENTED_EDGE('',*,*,#7424,.T.);
#5865=ORIENTED_EDGE('',*,*,#7253,.F.);
#5866=ORIENTED_EDGE('',*,*,#7424,.F.);
#5867=ORIENTED_EDGE('',*,*,#7425,.F.);
#5868=ORIENTED_EDGE('',*,*,#7426,.F.);
#5869=ORIENTED_EDGE('',*,*,#7254,.F.);
#5870=ORIENTED_EDGE('',*,*,#7255,.F.);
#5871=ORIENTED_EDGE('',*,*,#7426,.T.);
#5872=ORIENTED_EDGE('',*,*,#7427,.F.);
#5873=ORIENTED_EDGE('',*,*,#7428,.T.);
#5874=ORIENTED_EDGE('',*,*,#7429,.F.);
#5875=ORIENTED_EDGE('',*,*,#7430,.F.);
#5876=ORIENTED_EDGE('',*,*,#7431,.F.);
#5877=ORIENTED_EDGE('',*,*,#7432,.F.);
#5878=ORIENTED_EDGE('',*,*,#7433,.F.);
#5879=ORIENTED_EDGE('',*,*,#7256,.F.);
#5880=ORIENTED_EDGE('',*,*,#7428,.F.);
#5881=ORIENTED_EDGE('',*,*,#7434,.F.);
#5882=ORIENTED_EDGE('',*,*,#7433,.T.);
#5883=ORIENTED_EDGE('',*,*,#7435,.F.);
#5884=ORIENTED_EDGE('',*,*,#7436,.T.);
#5885=ORIENTED_EDGE('',*,*,#7257,.F.);
#5886=ORIENTED_EDGE('',*,*,#7436,.F.);
#5887=ORIENTED_EDGE('',*,*,#7437,.F.);
#5888=ORIENTED_EDGE('',*,*,#7438,.F.);
#5889=ORIENTED_EDGE('',*,*,#7258,.F.);
#5890=ORIENTED_EDGE('',*,*,#7259,.F.);
#5891=ORIENTED_EDGE('',*,*,#7438,.T.);
#5892=ORIENTED_EDGE('',*,*,#7439,.F.);
#5893=ORIENTED_EDGE('',*,*,#7440,.T.);
#5894=ORIENTED_EDGE('',*,*,#7441,.F.);
#5895=ORIENTED_EDGE('',*,*,#7442,.F.);
#5896=ORIENTED_EDGE('',*,*,#7443,.F.);
#5897=ORIENTED_EDGE('',*,*,#7444,.F.);
#5898=ORIENTED_EDGE('',*,*,#7445,.F.);
#5899=ORIENTED_EDGE('',*,*,#7260,.F.);
#5900=ORIENTED_EDGE('',*,*,#7440,.F.);
#5901=ORIENTED_EDGE('',*,*,#7446,.F.);
#5902=ORIENTED_EDGE('',*,*,#7445,.T.);
#5903=ORIENTED_EDGE('',*,*,#7447,.F.);
#5904=ORIENTED_EDGE('',*,*,#7448,.T.);
#5905=ORIENTED_EDGE('',*,*,#7261,.F.);
#5906=ORIENTED_EDGE('',*,*,#7448,.F.);
#5907=ORIENTED_EDGE('',*,*,#7449,.F.);
#5908=ORIENTED_EDGE('',*,*,#7450,.F.);
#5909=ORIENTED_EDGE('',*,*,#7262,.F.);
#5910=ORIENTED_EDGE('',*,*,#7263,.F.);
#5911=ORIENTED_EDGE('',*,*,#7450,.T.);
#5912=ORIENTED_EDGE('',*,*,#7451,.F.);
#5913=ORIENTED_EDGE('',*,*,#7452,.T.);
#5914=ORIENTED_EDGE('',*,*,#7453,.F.);
#5915=ORIENTED_EDGE('',*,*,#7454,.F.);
#5916=ORIENTED_EDGE('',*,*,#7455,.F.);
#5917=ORIENTED_EDGE('',*,*,#7456,.F.);
#5918=ORIENTED_EDGE('',*,*,#7457,.F.);
#5919=ORIENTED_EDGE('',*,*,#7264,.F.);
#5920=ORIENTED_EDGE('',*,*,#7452,.F.);
#5921=ORIENTED_EDGE('',*,*,#7458,.F.);
#5922=ORIENTED_EDGE('',*,*,#7457,.T.);
#5923=ORIENTED_EDGE('',*,*,#7459,.F.);
#5924=ORIENTED_EDGE('',*,*,#7460,.T.);
#5925=ORIENTED_EDGE('',*,*,#7265,.F.);
#5926=ORIENTED_EDGE('',*,*,#7460,.F.);
#5927=ORIENTED_EDGE('',*,*,#7461,.F.);
#5928=ORIENTED_EDGE('',*,*,#7462,.F.);
#5929=ORIENTED_EDGE('',*,*,#7266,.F.);
#5930=ORIENTED_EDGE('',*,*,#7267,.F.);
#5931=ORIENTED_EDGE('',*,*,#7462,.T.);
#5932=ORIENTED_EDGE('',*,*,#7463,.F.);
#5933=ORIENTED_EDGE('',*,*,#7464,.T.);
#5934=ORIENTED_EDGE('',*,*,#7465,.F.);
#5935=ORIENTED_EDGE('',*,*,#7466,.F.);
#5936=ORIENTED_EDGE('',*,*,#7467,.F.);
#5937=ORIENTED_EDGE('',*,*,#7468,.F.);
#5938=ORIENTED_EDGE('',*,*,#7469,.F.);
#5939=ORIENTED_EDGE('',*,*,#7268,.F.);
#5940=ORIENTED_EDGE('',*,*,#7464,.F.);
#5941=ORIENTED_EDGE('',*,*,#7470,.F.);
#5942=ORIENTED_EDGE('',*,*,#7469,.T.);
#5943=ORIENTED_EDGE('',*,*,#7471,.F.);
#5944=ORIENTED_EDGE('',*,*,#7472,.T.);
#5945=ORIENTED_EDGE('',*,*,#7269,.F.);
#5946=ORIENTED_EDGE('',*,*,#7472,.F.);
#5947=ORIENTED_EDGE('',*,*,#7473,.F.);
#5948=ORIENTED_EDGE('',*,*,#7474,.F.);
#5949=ORIENTED_EDGE('',*,*,#7270,.F.);
#5950=ORIENTED_EDGE('',*,*,#7271,.F.);
#5951=ORIENTED_EDGE('',*,*,#7474,.T.);
#5952=ORIENTED_EDGE('',*,*,#7475,.F.);
#5953=ORIENTED_EDGE('',*,*,#7476,.T.);
#5954=ORIENTED_EDGE('',*,*,#7477,.F.);
#5955=ORIENTED_EDGE('',*,*,#7478,.F.);
#5956=ORIENTED_EDGE('',*,*,#7479,.F.);
#5957=ORIENTED_EDGE('',*,*,#7480,.F.);
#5958=ORIENTED_EDGE('',*,*,#7481,.F.);
#5959=ORIENTED_EDGE('',*,*,#7272,.F.);
#5960=ORIENTED_EDGE('',*,*,#7476,.F.);
#5961=ORIENTED_EDGE('',*,*,#7482,.F.);
#5962=ORIENTED_EDGE('',*,*,#7481,.T.);
#5963=ORIENTED_EDGE('',*,*,#7483,.F.);
#5964=ORIENTED_EDGE('',*,*,#7484,.T.);
#5965=ORIENTED_EDGE('',*,*,#7273,.F.);
#5966=ORIENTED_EDGE('',*,*,#7484,.F.);
#5967=ORIENTED_EDGE('',*,*,#7485,.F.);
#5968=ORIENTED_EDGE('',*,*,#7486,.F.);
#5969=ORIENTED_EDGE('',*,*,#7274,.F.);
#5970=ORIENTED_EDGE('',*,*,#7275,.F.);
#5971=ORIENTED_EDGE('',*,*,#7486,.T.);
#5972=ORIENTED_EDGE('',*,*,#7487,.F.);
#5973=ORIENTED_EDGE('',*,*,#7488,.T.);
#5974=ORIENTED_EDGE('',*,*,#7489,.F.);
#5975=ORIENTED_EDGE('',*,*,#7490,.F.);
#5976=ORIENTED_EDGE('',*,*,#7491,.F.);
#5977=ORIENTED_EDGE('',*,*,#7492,.F.);
#5978=ORIENTED_EDGE('',*,*,#7493,.F.);
#5979=ORIENTED_EDGE('',*,*,#7276,.F.);
#5980=ORIENTED_EDGE('',*,*,#7488,.F.);
#5981=ORIENTED_EDGE('',*,*,#7494,.F.);
#5982=ORIENTED_EDGE('',*,*,#7493,.T.);
#5983=ORIENTED_EDGE('',*,*,#7495,.F.);
#5984=ORIENTED_EDGE('',*,*,#7496,.T.);
#5985=ORIENTED_EDGE('',*,*,#7277,.F.);
#5986=ORIENTED_EDGE('',*,*,#7496,.F.);
#5987=ORIENTED_EDGE('',*,*,#7497,.F.);
#5988=ORIENTED_EDGE('',*,*,#7498,.F.);
#5989=ORIENTED_EDGE('',*,*,#7278,.F.);
#5990=ORIENTED_EDGE('',*,*,#7279,.F.);
#5991=ORIENTED_EDGE('',*,*,#7498,.T.);
#5992=ORIENTED_EDGE('',*,*,#7499,.F.);
#5993=ORIENTED_EDGE('',*,*,#7500,.T.);
#5994=ORIENTED_EDGE('',*,*,#7501,.F.);
#5995=ORIENTED_EDGE('',*,*,#7502,.F.);
#5996=ORIENTED_EDGE('',*,*,#7503,.F.);
#5997=ORIENTED_EDGE('',*,*,#7504,.F.);
#5998=ORIENTED_EDGE('',*,*,#7505,.F.);
#5999=ORIENTED_EDGE('',*,*,#7280,.F.);
#6000=ORIENTED_EDGE('',*,*,#7500,.F.);
#6001=ORIENTED_EDGE('',*,*,#7506,.F.);
#6002=ORIENTED_EDGE('',*,*,#7505,.T.);
#6003=ORIENTED_EDGE('',*,*,#7507,.F.);
#6004=ORIENTED_EDGE('',*,*,#7508,.T.);
#6005=ORIENTED_EDGE('',*,*,#7281,.F.);
#6006=ORIENTED_EDGE('',*,*,#7508,.F.);
#6007=ORIENTED_EDGE('',*,*,#7509,.F.);
#6008=ORIENTED_EDGE('',*,*,#7510,.F.);
#6009=ORIENTED_EDGE('',*,*,#7282,.F.);
#6010=ORIENTED_EDGE('',*,*,#7283,.F.);
#6011=ORIENTED_EDGE('',*,*,#7510,.T.);
#6012=ORIENTED_EDGE('',*,*,#7511,.F.);
#6013=ORIENTED_EDGE('',*,*,#7512,.T.);
#6014=ORIENTED_EDGE('',*,*,#7513,.F.);
#6015=ORIENTED_EDGE('',*,*,#7514,.F.);
#6016=ORIENTED_EDGE('',*,*,#7515,.F.);
#6017=ORIENTED_EDGE('',*,*,#7516,.F.);
#6018=ORIENTED_EDGE('',*,*,#7517,.F.);
#6019=ORIENTED_EDGE('',*,*,#7284,.F.);
#6020=ORIENTED_EDGE('',*,*,#7512,.F.);
#6021=ORIENTED_EDGE('',*,*,#7518,.F.);
#6022=ORIENTED_EDGE('',*,*,#7517,.T.);
#6023=ORIENTED_EDGE('',*,*,#7519,.F.);
#6024=ORIENTED_EDGE('',*,*,#7520,.T.);
#6025=ORIENTED_EDGE('',*,*,#7285,.F.);
#6026=ORIENTED_EDGE('',*,*,#7520,.F.);
#6027=ORIENTED_EDGE('',*,*,#7521,.F.);
#6028=ORIENTED_EDGE('',*,*,#7522,.F.);
#6029=ORIENTED_EDGE('',*,*,#7286,.F.);
#6030=ORIENTED_EDGE('',*,*,#7287,.F.);
#6031=ORIENTED_EDGE('',*,*,#7522,.T.);
#6032=ORIENTED_EDGE('',*,*,#7523,.F.);
#6033=ORIENTED_EDGE('',*,*,#7524,.T.);
#6034=ORIENTED_EDGE('',*,*,#7525,.F.);
#6035=ORIENTED_EDGE('',*,*,#7526,.F.);
#6036=ORIENTED_EDGE('',*,*,#7527,.F.);
#6037=ORIENTED_EDGE('',*,*,#7528,.F.);
#6038=ORIENTED_EDGE('',*,*,#7529,.F.);
#6039=ORIENTED_EDGE('',*,*,#7288,.F.);
#6040=ORIENTED_EDGE('',*,*,#7524,.F.);
#6041=ORIENTED_EDGE('',*,*,#7530,.F.);
#6042=ORIENTED_EDGE('',*,*,#7529,.T.);
#6043=ORIENTED_EDGE('',*,*,#7531,.F.);
#6044=ORIENTED_EDGE('',*,*,#7532,.T.);
#6045=ORIENTED_EDGE('',*,*,#7289,.F.);
#6046=ORIENTED_EDGE('',*,*,#7532,.F.);
#6047=ORIENTED_EDGE('',*,*,#7533,.F.);
#6048=ORIENTED_EDGE('',*,*,#7534,.F.);
#6049=ORIENTED_EDGE('',*,*,#7290,.F.);
#6050=ORIENTED_EDGE('',*,*,#7291,.F.);
#6051=ORIENTED_EDGE('',*,*,#7534,.T.);
#6052=ORIENTED_EDGE('',*,*,#7535,.F.);
#6053=ORIENTED_EDGE('',*,*,#7536,.T.);
#6054=ORIENTED_EDGE('',*,*,#7537,.F.);
#6055=ORIENTED_EDGE('',*,*,#7538,.F.);
#6056=ORIENTED_EDGE('',*,*,#7539,.F.);
#6057=ORIENTED_EDGE('',*,*,#7540,.F.);
#6058=ORIENTED_EDGE('',*,*,#7541,.F.);
#6059=ORIENTED_EDGE('',*,*,#7292,.F.);
#6060=ORIENTED_EDGE('',*,*,#7536,.F.);
#6061=ORIENTED_EDGE('',*,*,#7542,.F.);
#6062=ORIENTED_EDGE('',*,*,#7541,.T.);
#6063=ORIENTED_EDGE('',*,*,#7543,.F.);
#6064=ORIENTED_EDGE('',*,*,#7544,.T.);
#6065=ORIENTED_EDGE('',*,*,#7293,.F.);
#6066=ORIENTED_EDGE('',*,*,#7544,.F.);
#6067=ORIENTED_EDGE('',*,*,#7545,.F.);
#6068=ORIENTED_EDGE('',*,*,#7546,.F.);
#6069=ORIENTED_EDGE('',*,*,#7294,.F.);
#6070=ORIENTED_EDGE('',*,*,#7295,.F.);
#6071=ORIENTED_EDGE('',*,*,#7546,.T.);
#6072=ORIENTED_EDGE('',*,*,#7547,.F.);
#6073=ORIENTED_EDGE('',*,*,#7548,.T.);
#6074=ORIENTED_EDGE('',*,*,#7549,.F.);
#6075=ORIENTED_EDGE('',*,*,#7550,.F.);
#6076=ORIENTED_EDGE('',*,*,#7551,.F.);
#6077=ORIENTED_EDGE('',*,*,#7552,.F.);
#6078=ORIENTED_EDGE('',*,*,#7553,.F.);
#6079=ORIENTED_EDGE('',*,*,#7296,.F.);
#6080=ORIENTED_EDGE('',*,*,#7548,.F.);
#6081=ORIENTED_EDGE('',*,*,#7554,.F.);
#6082=ORIENTED_EDGE('',*,*,#7553,.T.);
#6083=ORIENTED_EDGE('',*,*,#7555,.F.);
#6084=ORIENTED_EDGE('',*,*,#7556,.T.);
#6085=ORIENTED_EDGE('',*,*,#7297,.F.);
#6086=ORIENTED_EDGE('',*,*,#7556,.F.);
#6087=ORIENTED_EDGE('',*,*,#7557,.F.);
#6088=ORIENTED_EDGE('',*,*,#7558,.F.);
#6089=ORIENTED_EDGE('',*,*,#7298,.F.);
#6090=ORIENTED_EDGE('',*,*,#7299,.F.);
#6091=ORIENTED_EDGE('',*,*,#7558,.T.);
#6092=ORIENTED_EDGE('',*,*,#7559,.F.);
#6093=ORIENTED_EDGE('',*,*,#7560,.T.);
#6094=ORIENTED_EDGE('',*,*,#7561,.F.);
#6095=ORIENTED_EDGE('',*,*,#7562,.F.);
#6096=ORIENTED_EDGE('',*,*,#7563,.F.);
#6097=ORIENTED_EDGE('',*,*,#7564,.F.);
#6098=ORIENTED_EDGE('',*,*,#7565,.F.);
#6099=ORIENTED_EDGE('',*,*,#7300,.F.);
#6100=ORIENTED_EDGE('',*,*,#7560,.F.);
#6101=ORIENTED_EDGE('',*,*,#7566,.F.);
#6102=ORIENTED_EDGE('',*,*,#7565,.T.);
#6103=ORIENTED_EDGE('',*,*,#7567,.T.);
#6104=ORIENTED_EDGE('',*,*,#7315,.T.);
#6105=ORIENTED_EDGE('',*,*,#7301,.F.);
#6106=ORIENTED_EDGE('',*,*,#7568,.F.);
#6107=ORIENTED_EDGE('',*,*,#7323,.F.);
#6108=ORIENTED_EDGE('',*,*,#7319,.F.);
#6109=ORIENTED_EDGE('',*,*,#7313,.F.);
#6110=ORIENTED_EDGE('',*,*,#7569,.F.);
#6111=ORIENTED_EDGE('',*,*,#7422,.T.);
#6112=ORIENTED_EDGE('',*,*,#7415,.T.);
#6113=ORIENTED_EDGE('',*,*,#7413,.T.);
#6114=ORIENTED_EDGE('',*,*,#7412,.T.);
#6115=ORIENTED_EDGE('',*,*,#7409,.T.);
#6116=ORIENTED_EDGE('',*,*,#7403,.T.);
#6117=ORIENTED_EDGE('',*,*,#7401,.T.);
#6118=ORIENTED_EDGE('',*,*,#7400,.T.);
#6119=ORIENTED_EDGE('',*,*,#7390,.F.);
#6120=ORIENTED_EDGE('',*,*,#7570,.F.);
#6121=ORIENTED_EDGE('',*,*,#7316,.T.);
#6122=ORIENTED_EDGE('',*,*,#7567,.F.);
#6123=ORIENTED_EDGE('',*,*,#7566,.T.);
#6124=ORIENTED_EDGE('',*,*,#7559,.T.);
#6125=ORIENTED_EDGE('',*,*,#7557,.T.);
#6126=ORIENTED_EDGE('',*,*,#7555,.T.);
#6127=ORIENTED_EDGE('',*,*,#7554,.T.);
#6128=ORIENTED_EDGE('',*,*,#7547,.T.);
#6129=ORIENTED_EDGE('',*,*,#7545,.T.);
#6130=ORIENTED_EDGE('',*,*,#7543,.T.);
#6131=ORIENTED_EDGE('',*,*,#7542,.T.);
#6132=ORIENTED_EDGE('',*,*,#7535,.T.);
#6133=ORIENTED_EDGE('',*,*,#7533,.T.);
#6134=ORIENTED_EDGE('',*,*,#7531,.T.);
#6135=ORIENTED_EDGE('',*,*,#7530,.T.);
#6136=ORIENTED_EDGE('',*,*,#7523,.T.);
#6137=ORIENTED_EDGE('',*,*,#7521,.T.);
#6138=ORIENTED_EDGE('',*,*,#7519,.T.);
#6139=ORIENTED_EDGE('',*,*,#7518,.T.);
#6140=ORIENTED_EDGE('',*,*,#7511,.T.);
#6141=ORIENTED_EDGE('',*,*,#7509,.T.);
#6142=ORIENTED_EDGE('',*,*,#7507,.T.);
#6143=ORIENTED_EDGE('',*,*,#7506,.T.);
#6144=ORIENTED_EDGE('',*,*,#7499,.T.);
#6145=ORIENTED_EDGE('',*,*,#7497,.T.);
#6146=ORIENTED_EDGE('',*,*,#7495,.T.);
#6147=ORIENTED_EDGE('',*,*,#7494,.T.);
#6148=ORIENTED_EDGE('',*,*,#7487,.T.);
#6149=ORIENTED_EDGE('',*,*,#7485,.T.);
#6150=ORIENTED_EDGE('',*,*,#7483,.T.);
#6151=ORIENTED_EDGE('',*,*,#7482,.T.);
#6152=ORIENTED_EDGE('',*,*,#7475,.T.);
#6153=ORIENTED_EDGE('',*,*,#7473,.T.);
#6154=ORIENTED_EDGE('',*,*,#7471,.T.);
#6155=ORIENTED_EDGE('',*,*,#7470,.T.);
#6156=ORIENTED_EDGE('',*,*,#7463,.T.);
#6157=ORIENTED_EDGE('',*,*,#7461,.T.);
#6158=ORIENTED_EDGE('',*,*,#7459,.T.);
#6159=ORIENTED_EDGE('',*,*,#7458,.T.);
#6160=ORIENTED_EDGE('',*,*,#7451,.T.);
#6161=ORIENTED_EDGE('',*,*,#7449,.T.);
#6162=ORIENTED_EDGE('',*,*,#7447,.T.);
#6163=ORIENTED_EDGE('',*,*,#7446,.T.);
#6164=ORIENTED_EDGE('',*,*,#7439,.T.);
#6165=ORIENTED_EDGE('',*,*,#7437,.T.);
#6166=ORIENTED_EDGE('',*,*,#7435,.T.);
#6167=ORIENTED_EDGE('',*,*,#7434,.T.);
#6168=ORIENTED_EDGE('',*,*,#7427,.T.);
#6169=ORIENTED_EDGE('',*,*,#7425,.T.);
#6170=ORIENTED_EDGE('',*,*,#7423,.T.);
#6171=ORIENTED_EDGE('',*,*,#7571,.T.);
#6172=ORIENTED_EDGE('',*,*,#7572,.T.);
#6173=ORIENTED_EDGE('',*,*,#7573,.T.);
#6174=ORIENTED_EDGE('',*,*,#7569,.T.);
#6175=ORIENTED_EDGE('',*,*,#7317,.T.);
#6176=ORIENTED_EDGE('',*,*,#7570,.T.);
#6177=ORIENTED_EDGE('',*,*,#7389,.F.);
#6178=ORIENTED_EDGE('',*,*,#7574,.T.);
#6179=ORIENTED_EDGE('',*,*,#7573,.F.);
#6180=ORIENTED_EDGE('',*,*,#7575,.F.);
#6181=ORIENTED_EDGE('',*,*,#7320,.T.);
#6182=ORIENTED_EDGE('',*,*,#7568,.T.);
#6183=ORIENTED_EDGE('',*,*,#7576,.F.);
#6184=ORIENTED_EDGE('',*,*,#7385,.T.);
#6185=ORIENTED_EDGE('',*,*,#7324,.F.);
#6186=ORIENTED_EDGE('',*,*,#7321,.F.);
#6187=ORIENTED_EDGE('',*,*,#7577,.F.);
#6188=ORIENTED_EDGE('',*,*,#7578,.F.);
#6189=ORIENTED_EDGE('',*,*,#7326,.T.);
#6190=ORIENTED_EDGE('',*,*,#7579,.T.);
#6191=ORIENTED_EDGE('',*,*,#7580,.F.);
#6192=ORIENTED_EDGE('',*,*,#7581,.F.);
#6193=ORIENTED_EDGE('',*,*,#7327,.T.);
#6194=ORIENTED_EDGE('',*,*,#7578,.T.);
#6195=ORIENTED_EDGE('',*,*,#7582,.F.);
#6196=ORIENTED_EDGE('',*,*,#7583,.F.);
#6197=ORIENTED_EDGE('',*,*,#7328,.T.);
#6198=ORIENTED_EDGE('',*,*,#7581,.T.);
#6199=ORIENTED_EDGE('',*,*,#7584,.F.);
#6200=ORIENTED_EDGE('',*,*,#7579,.F.);
#6201=ORIENTED_EDGE('',*,*,#7329,.T.);
#6202=ORIENTED_EDGE('',*,*,#7583,.T.);
#6203=ORIENTED_EDGE('',*,*,#7585,.F.);
#6204=ORIENTED_EDGE('',*,*,#7586,.F.);
#6205=ORIENTED_EDGE('',*,*,#7330,.T.);
#6206=ORIENTED_EDGE('',*,*,#7587,.T.);
#6207=ORIENTED_EDGE('',*,*,#7588,.F.);
#6208=ORIENTED_EDGE('',*,*,#7589,.F.);
#6209=ORIENTED_EDGE('',*,*,#7331,.T.);
#6210=ORIENTED_EDGE('',*,*,#7586,.T.);
#6211=ORIENTED_EDGE('',*,*,#7590,.F.);
#6212=ORIENTED_EDGE('',*,*,#7591,.F.);
#6213=ORIENTED_EDGE('',*,*,#7332,.T.);
#6214=ORIENTED_EDGE('',*,*,#7589,.T.);
#6215=ORIENTED_EDGE('',*,*,#7592,.F.);
#6216=ORIENTED_EDGE('',*,*,#7587,.F.);
#6217=ORIENTED_EDGE('',*,*,#7333,.T.);
#6218=ORIENTED_EDGE('',*,*,#7591,.T.);
#6219=ORIENTED_EDGE('',*,*,#7593,.F.);
#6220=ORIENTED_EDGE('',*,*,#7594,.F.);
#6221=ORIENTED_EDGE('',*,*,#7334,.T.);
#6222=ORIENTED_EDGE('',*,*,#7595,.T.);
#6223=ORIENTED_EDGE('',*,*,#7596,.F.);
#6224=ORIENTED_EDGE('',*,*,#7597,.F.);
#6225=ORIENTED_EDGE('',*,*,#7335,.T.);
#6226=ORIENTED_EDGE('',*,*,#7594,.T.);
#6227=ORIENTED_EDGE('',*,*,#7598,.F.);
#6228=ORIENTED_EDGE('',*,*,#7599,.F.);
#6229=ORIENTED_EDGE('',*,*,#7336,.T.);
#6230=ORIENTED_EDGE('',*,*,#7597,.T.);
#6231=ORIENTED_EDGE('',*,*,#7600,.F.);
#6232=ORIENTED_EDGE('',*,*,#7595,.F.);
#6233=ORIENTED_EDGE('',*,*,#7337,.T.);
#6234=ORIENTED_EDGE('',*,*,#7599,.T.);
#6235=ORIENTED_EDGE('',*,*,#7601,.F.);
#6236=ORIENTED_EDGE('',*,*,#7602,.F.);
#6237=ORIENTED_EDGE('',*,*,#7338,.T.);
#6238=ORIENTED_EDGE('',*,*,#7603,.T.);
#6239=ORIENTED_EDGE('',*,*,#7604,.F.);
#6240=ORIENTED_EDGE('',*,*,#7605,.F.);
#6241=ORIENTED_EDGE('',*,*,#7339,.T.);
#6242=ORIENTED_EDGE('',*,*,#7602,.T.);
#6243=ORIENTED_EDGE('',*,*,#7606,.F.);
#6244=ORIENTED_EDGE('',*,*,#7607,.F.);
#6245=ORIENTED_EDGE('',*,*,#7340,.T.);
#6246=ORIENTED_EDGE('',*,*,#7605,.T.);
#6247=ORIENTED_EDGE('',*,*,#7608,.F.);
#6248=ORIENTED_EDGE('',*,*,#7603,.F.);
#6249=ORIENTED_EDGE('',*,*,#7341,.T.);
#6250=ORIENTED_EDGE('',*,*,#7607,.T.);
#6251=ORIENTED_EDGE('',*,*,#7609,.F.);
#6252=ORIENTED_EDGE('',*,*,#7610,.F.);
#6253=ORIENTED_EDGE('',*,*,#7342,.T.);
#6254=ORIENTED_EDGE('',*,*,#7611,.T.);
#6255=ORIENTED_EDGE('',*,*,#7612,.F.);
#6256=ORIENTED_EDGE('',*,*,#7613,.F.);
#6257=ORIENTED_EDGE('',*,*,#7343,.T.);
#6258=ORIENTED_EDGE('',*,*,#7610,.T.);
#6259=ORIENTED_EDGE('',*,*,#7614,.F.);
#6260=ORIENTED_EDGE('',*,*,#7615,.F.);
#6261=ORIENTED_EDGE('',*,*,#7344,.T.);
#6262=ORIENTED_EDGE('',*,*,#7613,.T.);
#6263=ORIENTED_EDGE('',*,*,#7616,.F.);
#6264=ORIENTED_EDGE('',*,*,#7611,.F.);
#6265=ORIENTED_EDGE('',*,*,#7345,.T.);
#6266=ORIENTED_EDGE('',*,*,#7615,.T.);
#6267=ORIENTED_EDGE('',*,*,#7617,.F.);
#6268=ORIENTED_EDGE('',*,*,#7618,.F.);
#6269=ORIENTED_EDGE('',*,*,#7346,.T.);
#6270=ORIENTED_EDGE('',*,*,#7619,.T.);
#6271=ORIENTED_EDGE('',*,*,#7620,.F.);
#6272=ORIENTED_EDGE('',*,*,#7621,.F.);
#6273=ORIENTED_EDGE('',*,*,#7347,.T.);
#6274=ORIENTED_EDGE('',*,*,#7618,.T.);
#6275=ORIENTED_EDGE('',*,*,#7622,.F.);
#6276=ORIENTED_EDGE('',*,*,#7623,.F.);
#6277=ORIENTED_EDGE('',*,*,#7348,.T.);
#6278=ORIENTED_EDGE('',*,*,#7621,.T.);
#6279=ORIENTED_EDGE('',*,*,#7624,.F.);
#6280=ORIENTED_EDGE('',*,*,#7619,.F.);
#6281=ORIENTED_EDGE('',*,*,#7349,.T.);
#6282=ORIENTED_EDGE('',*,*,#7623,.T.);
#6283=ORIENTED_EDGE('',*,*,#7625,.F.);
#6284=ORIENTED_EDGE('',*,*,#7626,.F.);
#6285=ORIENTED_EDGE('',*,*,#7350,.T.);
#6286=ORIENTED_EDGE('',*,*,#7627,.T.);
#6287=ORIENTED_EDGE('',*,*,#7628,.F.);
#6288=ORIENTED_EDGE('',*,*,#7629,.F.);
#6289=ORIENTED_EDGE('',*,*,#7351,.T.);
#6290=ORIENTED_EDGE('',*,*,#7626,.T.);
#6291=ORIENTED_EDGE('',*,*,#7630,.F.);
#6292=ORIENTED_EDGE('',*,*,#7631,.F.);
#6293=ORIENTED_EDGE('',*,*,#7352,.T.);
#6294=ORIENTED_EDGE('',*,*,#7629,.T.);
#6295=ORIENTED_EDGE('',*,*,#7632,.F.);
#6296=ORIENTED_EDGE('',*,*,#7627,.F.);
#6297=ORIENTED_EDGE('',*,*,#7353,.T.);
#6298=ORIENTED_EDGE('',*,*,#7631,.T.);
#6299=ORIENTED_EDGE('',*,*,#7633,.F.);
#6300=ORIENTED_EDGE('',*,*,#7634,.F.);
#6301=ORIENTED_EDGE('',*,*,#7354,.T.);
#6302=ORIENTED_EDGE('',*,*,#7635,.T.);
#6303=ORIENTED_EDGE('',*,*,#7636,.F.);
#6304=ORIENTED_EDGE('',*,*,#7637,.F.);
#6305=ORIENTED_EDGE('',*,*,#7355,.T.);
#6306=ORIENTED_EDGE('',*,*,#7634,.T.);
#6307=ORIENTED_EDGE('',*,*,#7638,.F.);
#6308=ORIENTED_EDGE('',*,*,#7639,.F.);
#6309=ORIENTED_EDGE('',*,*,#7356,.T.);
#6310=ORIENTED_EDGE('',*,*,#7637,.T.);
#6311=ORIENTED_EDGE('',*,*,#7640,.F.);
#6312=ORIENTED_EDGE('',*,*,#7635,.F.);
#6313=ORIENTED_EDGE('',*,*,#7357,.T.);
#6314=ORIENTED_EDGE('',*,*,#7639,.T.);
#6315=ORIENTED_EDGE('',*,*,#7641,.F.);
#6316=ORIENTED_EDGE('',*,*,#7642,.F.);
#6317=ORIENTED_EDGE('',*,*,#7358,.T.);
#6318=ORIENTED_EDGE('',*,*,#7643,.T.);
#6319=ORIENTED_EDGE('',*,*,#7644,.F.);
#6320=ORIENTED_EDGE('',*,*,#7645,.F.);
#6321=ORIENTED_EDGE('',*,*,#7359,.T.);
#6322=ORIENTED_EDGE('',*,*,#7642,.T.);
#6323=ORIENTED_EDGE('',*,*,#7646,.F.);
#6324=ORIENTED_EDGE('',*,*,#7647,.F.);
#6325=ORIENTED_EDGE('',*,*,#7360,.T.);
#6326=ORIENTED_EDGE('',*,*,#7645,.T.);
#6327=ORIENTED_EDGE('',*,*,#7648,.F.);
#6328=ORIENTED_EDGE('',*,*,#7643,.F.);
#6329=ORIENTED_EDGE('',*,*,#7361,.T.);
#6330=ORIENTED_EDGE('',*,*,#7647,.T.);
#6331=ORIENTED_EDGE('',*,*,#7649,.F.);
#6332=ORIENTED_EDGE('',*,*,#7650,.F.);
#6333=ORIENTED_EDGE('',*,*,#7362,.T.);
#6334=ORIENTED_EDGE('',*,*,#7651,.T.);
#6335=ORIENTED_EDGE('',*,*,#7652,.F.);
#6336=ORIENTED_EDGE('',*,*,#7653,.F.);
#6337=ORIENTED_EDGE('',*,*,#7363,.T.);
#6338=ORIENTED_EDGE('',*,*,#7650,.T.);
#6339=ORIENTED_EDGE('',*,*,#7654,.F.);
#6340=ORIENTED_EDGE('',*,*,#7655,.F.);
#6341=ORIENTED_EDGE('',*,*,#7364,.T.);
#6342=ORIENTED_EDGE('',*,*,#7653,.T.);
#6343=ORIENTED_EDGE('',*,*,#7656,.F.);
#6344=ORIENTED_EDGE('',*,*,#7651,.F.);
#6345=ORIENTED_EDGE('',*,*,#7365,.T.);
#6346=ORIENTED_EDGE('',*,*,#7655,.T.);
#6347=ORIENTED_EDGE('',*,*,#7657,.F.);
#6348=ORIENTED_EDGE('',*,*,#7658,.F.);
#6349=ORIENTED_EDGE('',*,*,#7366,.T.);
#6350=ORIENTED_EDGE('',*,*,#7659,.T.);
#6351=ORIENTED_EDGE('',*,*,#7660,.F.);
#6352=ORIENTED_EDGE('',*,*,#7661,.F.);
#6353=ORIENTED_EDGE('',*,*,#7367,.T.);
#6354=ORIENTED_EDGE('',*,*,#7658,.T.);
#6355=ORIENTED_EDGE('',*,*,#7662,.F.);
#6356=ORIENTED_EDGE('',*,*,#7663,.F.);
#6357=ORIENTED_EDGE('',*,*,#7368,.T.);
#6358=ORIENTED_EDGE('',*,*,#7661,.T.);
#6359=ORIENTED_EDGE('',*,*,#7664,.F.);
#6360=ORIENTED_EDGE('',*,*,#7659,.F.);
#6361=ORIENTED_EDGE('',*,*,#7369,.T.);
#6362=ORIENTED_EDGE('',*,*,#7663,.T.);
#6363=ORIENTED_EDGE('',*,*,#7665,.F.);
#6364=ORIENTED_EDGE('',*,*,#7666,.F.);
#6365=ORIENTED_EDGE('',*,*,#7370,.T.);
#6366=ORIENTED_EDGE('',*,*,#7667,.T.);
#6367=ORIENTED_EDGE('',*,*,#7668,.F.);
#6368=ORIENTED_EDGE('',*,*,#7669,.F.);
#6369=ORIENTED_EDGE('',*,*,#7371,.T.);
#6370=ORIENTED_EDGE('',*,*,#7666,.T.);
#6371=ORIENTED_EDGE('',*,*,#7670,.F.);
#6372=ORIENTED_EDGE('',*,*,#7671,.F.);
#6373=ORIENTED_EDGE('',*,*,#7372,.T.);
#6374=ORIENTED_EDGE('',*,*,#7669,.T.);
#6375=ORIENTED_EDGE('',*,*,#7672,.F.);
#6376=ORIENTED_EDGE('',*,*,#7667,.F.);
#6377=ORIENTED_EDGE('',*,*,#7373,.T.);
#6378=ORIENTED_EDGE('',*,*,#7671,.T.);
#6379=ORIENTED_EDGE('',*,*,#7673,.F.);
#6380=ORIENTED_EDGE('',*,*,#7674,.F.);
#6381=ORIENTED_EDGE('',*,*,#7374,.T.);
#6382=ORIENTED_EDGE('',*,*,#7675,.T.);
#6383=ORIENTED_EDGE('',*,*,#7676,.F.);
#6384=ORIENTED_EDGE('',*,*,#7677,.F.);
#6385=ORIENTED_EDGE('',*,*,#7375,.T.);
#6386=ORIENTED_EDGE('',*,*,#7674,.T.);
#6387=ORIENTED_EDGE('',*,*,#7678,.F.);
#6388=ORIENTED_EDGE('',*,*,#7679,.F.);
#6389=ORIENTED_EDGE('',*,*,#7376,.T.);
#6390=ORIENTED_EDGE('',*,*,#7677,.T.);
#6391=ORIENTED_EDGE('',*,*,#7680,.F.);
#6392=ORIENTED_EDGE('',*,*,#7675,.F.);
#6393=ORIENTED_EDGE('',*,*,#7377,.T.);
#6394=ORIENTED_EDGE('',*,*,#7679,.T.);
#6395=ORIENTED_EDGE('',*,*,#7681,.F.);
#6396=ORIENTED_EDGE('',*,*,#7682,.F.);
#6397=ORIENTED_EDGE('',*,*,#7378,.T.);
#6398=ORIENTED_EDGE('',*,*,#7683,.T.);
#6399=ORIENTED_EDGE('',*,*,#7684,.F.);
#6400=ORIENTED_EDGE('',*,*,#7685,.F.);
#6401=ORIENTED_EDGE('',*,*,#7379,.T.);
#6402=ORIENTED_EDGE('',*,*,#7682,.T.);
#6403=ORIENTED_EDGE('',*,*,#7686,.F.);
#6404=ORIENTED_EDGE('',*,*,#7687,.F.);
#6405=ORIENTED_EDGE('',*,*,#7380,.T.);
#6406=ORIENTED_EDGE('',*,*,#7685,.T.);
#6407=ORIENTED_EDGE('',*,*,#7688,.F.);
#6408=ORIENTED_EDGE('',*,*,#7683,.F.);
#6409=ORIENTED_EDGE('',*,*,#7381,.T.);
#6410=ORIENTED_EDGE('',*,*,#7687,.T.);
#6411=ORIENTED_EDGE('',*,*,#7571,.F.);
#6412=ORIENTED_EDGE('',*,*,#7689,.T.);
#6413=ORIENTED_EDGE('',*,*,#7382,.T.);
#6414=ORIENTED_EDGE('',*,*,#7690,.T.);
#6415=ORIENTED_EDGE('',*,*,#7689,.F.);
#6416=ORIENTED_EDGE('',*,*,#7574,.F.);
#6417=ORIENTED_EDGE('',*,*,#7388,.F.);
#6418=ORIENTED_EDGE('',*,*,#7386,.F.);
#6419=ORIENTED_EDGE('',*,*,#7383,.F.);
#6420=ORIENTED_EDGE('',*,*,#7691,.T.);
#6421=ORIENTED_EDGE('',*,*,#7692,.T.);
#6422=ORIENTED_EDGE('',*,*,#7405,.T.);
#6423=ORIENTED_EDGE('',*,*,#7693,.F.);
#6424=ORIENTED_EDGE('',*,*,#7694,.T.);
#6425=ORIENTED_EDGE('',*,*,#7695,.T.);
#6426=ORIENTED_EDGE('',*,*,#7406,.T.);
#6427=ORIENTED_EDGE('',*,*,#7692,.F.);
#6428=ORIENTED_EDGE('',*,*,#7696,.T.);
#6429=ORIENTED_EDGE('',*,*,#7697,.T.);
#6430=ORIENTED_EDGE('',*,*,#7407,.T.);
#6431=ORIENTED_EDGE('',*,*,#7695,.F.);
#6432=ORIENTED_EDGE('',*,*,#7698,.T.);
#6433=ORIENTED_EDGE('',*,*,#7693,.T.);
#6434=ORIENTED_EDGE('',*,*,#7408,.T.);
#6435=ORIENTED_EDGE('',*,*,#7697,.F.);
#6436=ORIENTED_EDGE('',*,*,#7699,.T.);
#6437=ORIENTED_EDGE('',*,*,#7700,.T.);
#6438=ORIENTED_EDGE('',*,*,#7417,.T.);
#6439=ORIENTED_EDGE('',*,*,#7701,.F.);
#6440=ORIENTED_EDGE('',*,*,#7702,.T.);
#6441=ORIENTED_EDGE('',*,*,#7703,.T.);
#6442=ORIENTED_EDGE('',*,*,#7418,.T.);
#6443=ORIENTED_EDGE('',*,*,#7700,.F.);
#6444=ORIENTED_EDGE('',*,*,#7704,.T.);
#6445=ORIENTED_EDGE('',*,*,#7705,.T.);
#6446=ORIENTED_EDGE('',*,*,#7419,.T.);
#6447=ORIENTED_EDGE('',*,*,#7703,.F.);
#6448=ORIENTED_EDGE('',*,*,#7706,.T.);
#6449=ORIENTED_EDGE('',*,*,#7701,.T.);
#6450=ORIENTED_EDGE('',*,*,#7420,.T.);
#6451=ORIENTED_EDGE('',*,*,#7705,.F.);
#6452=ORIENTED_EDGE('',*,*,#7707,.T.);
#6453=ORIENTED_EDGE('',*,*,#7708,.T.);
#6454=ORIENTED_EDGE('',*,*,#7429,.T.);
#6455=ORIENTED_EDGE('',*,*,#7709,.F.);
#6456=ORIENTED_EDGE('',*,*,#7710,.T.);
#6457=ORIENTED_EDGE('',*,*,#7711,.T.);
#6458=ORIENTED_EDGE('',*,*,#7430,.T.);
#6459=ORIENTED_EDGE('',*,*,#7708,.F.);
#6460=ORIENTED_EDGE('',*,*,#7712,.T.);
#6461=ORIENTED_EDGE('',*,*,#7713,.T.);
#6462=ORIENTED_EDGE('',*,*,#7431,.T.);
#6463=ORIENTED_EDGE('',*,*,#7711,.F.);
#6464=ORIENTED_EDGE('',*,*,#7714,.T.);
#6465=ORIENTED_EDGE('',*,*,#7709,.T.);
#6466=ORIENTED_EDGE('',*,*,#7432,.T.);
#6467=ORIENTED_EDGE('',*,*,#7713,.F.);
#6468=ORIENTED_EDGE('',*,*,#7715,.T.);
#6469=ORIENTED_EDGE('',*,*,#7716,.T.);
#6470=ORIENTED_EDGE('',*,*,#7441,.T.);
#6471=ORIENTED_EDGE('',*,*,#7717,.F.);
#6472=ORIENTED_EDGE('',*,*,#7718,.T.);
#6473=ORIENTED_EDGE('',*,*,#7719,.T.);
#6474=ORIENTED_EDGE('',*,*,#7442,.T.);
#6475=ORIENTED_EDGE('',*,*,#7716,.F.);
#6476=ORIENTED_EDGE('',*,*,#7720,.T.);
#6477=ORIENTED_EDGE('',*,*,#7721,.T.);
#6478=ORIENTED_EDGE('',*,*,#7443,.T.);
#6479=ORIENTED_EDGE('',*,*,#7719,.F.);
#6480=ORIENTED_EDGE('',*,*,#7722,.T.);
#6481=ORIENTED_EDGE('',*,*,#7717,.T.);
#6482=ORIENTED_EDGE('',*,*,#7444,.T.);
#6483=ORIENTED_EDGE('',*,*,#7721,.F.);
#6484=ORIENTED_EDGE('',*,*,#7723,.T.);
#6485=ORIENTED_EDGE('',*,*,#7724,.T.);
#6486=ORIENTED_EDGE('',*,*,#7453,.T.);
#6487=ORIENTED_EDGE('',*,*,#7725,.F.);
#6488=ORIENTED_EDGE('',*,*,#7726,.T.);
#6489=ORIENTED_EDGE('',*,*,#7727,.T.);
#6490=ORIENTED_EDGE('',*,*,#7454,.T.);
#6491=ORIENTED_EDGE('',*,*,#7724,.F.);
#6492=ORIENTED_EDGE('',*,*,#7728,.T.);
#6493=ORIENTED_EDGE('',*,*,#7729,.T.);
#6494=ORIENTED_EDGE('',*,*,#7455,.T.);
#6495=ORIENTED_EDGE('',*,*,#7727,.F.);
#6496=ORIENTED_EDGE('',*,*,#7730,.T.);
#6497=ORIENTED_EDGE('',*,*,#7725,.T.);
#6498=ORIENTED_EDGE('',*,*,#7456,.T.);
#6499=ORIENTED_EDGE('',*,*,#7729,.F.);
#6500=ORIENTED_EDGE('',*,*,#7731,.T.);
#6501=ORIENTED_EDGE('',*,*,#7732,.T.);
#6502=ORIENTED_EDGE('',*,*,#7465,.T.);
#6503=ORIENTED_EDGE('',*,*,#7733,.F.);
#6504=ORIENTED_EDGE('',*,*,#7734,.T.);
#6505=ORIENTED_EDGE('',*,*,#7735,.T.);
#6506=ORIENTED_EDGE('',*,*,#7466,.T.);
#6507=ORIENTED_EDGE('',*,*,#7732,.F.);
#6508=ORIENTED_EDGE('',*,*,#7736,.T.);
#6509=ORIENTED_EDGE('',*,*,#7737,.T.);
#6510=ORIENTED_EDGE('',*,*,#7467,.T.);
#6511=ORIENTED_EDGE('',*,*,#7735,.F.);
#6512=ORIENTED_EDGE('',*,*,#7738,.T.);
#6513=ORIENTED_EDGE('',*,*,#7733,.T.);
#6514=ORIENTED_EDGE('',*,*,#7468,.T.);
#6515=ORIENTED_EDGE('',*,*,#7737,.F.);
#6516=ORIENTED_EDGE('',*,*,#7739,.T.);
#6517=ORIENTED_EDGE('',*,*,#7740,.T.);
#6518=ORIENTED_EDGE('',*,*,#7477,.T.);
#6519=ORIENTED_EDGE('',*,*,#7741,.F.);
#6520=ORIENTED_EDGE('',*,*,#7742,.T.);
#6521=ORIENTED_EDGE('',*,*,#7743,.T.);
#6522=ORIENTED_EDGE('',*,*,#7478,.T.);
#6523=ORIENTED_EDGE('',*,*,#7740,.F.);
#6524=ORIENTED_EDGE('',*,*,#7744,.T.);
#6525=ORIENTED_EDGE('',*,*,#7745,.T.);
#6526=ORIENTED_EDGE('',*,*,#7479,.T.);
#6527=ORIENTED_EDGE('',*,*,#7743,.F.);
#6528=ORIENTED_EDGE('',*,*,#7746,.T.);
#6529=ORIENTED_EDGE('',*,*,#7741,.T.);
#6530=ORIENTED_EDGE('',*,*,#7480,.T.);
#6531=ORIENTED_EDGE('',*,*,#7745,.F.);
#6532=ORIENTED_EDGE('',*,*,#7747,.T.);
#6533=ORIENTED_EDGE('',*,*,#7748,.T.);
#6534=ORIENTED_EDGE('',*,*,#7489,.T.);
#6535=ORIENTED_EDGE('',*,*,#7749,.F.);
#6536=ORIENTED_EDGE('',*,*,#7750,.T.);
#6537=ORIENTED_EDGE('',*,*,#7751,.T.);
#6538=ORIENTED_EDGE('',*,*,#7490,.T.);
#6539=ORIENTED_EDGE('',*,*,#7748,.F.);
#6540=ORIENTED_EDGE('',*,*,#7752,.T.);
#6541=ORIENTED_EDGE('',*,*,#7753,.T.);
#6542=ORIENTED_EDGE('',*,*,#7491,.T.);
#6543=ORIENTED_EDGE('',*,*,#7751,.F.);
#6544=ORIENTED_EDGE('',*,*,#7754,.T.);
#6545=ORIENTED_EDGE('',*,*,#7749,.T.);
#6546=ORIENTED_EDGE('',*,*,#7492,.T.);
#6547=ORIENTED_EDGE('',*,*,#7753,.F.);
#6548=ORIENTED_EDGE('',*,*,#7755,.T.);
#6549=ORIENTED_EDGE('',*,*,#7756,.T.);
#6550=ORIENTED_EDGE('',*,*,#7501,.T.);
#6551=ORIENTED_EDGE('',*,*,#7757,.F.);
#6552=ORIENTED_EDGE('',*,*,#7758,.T.);
#6553=ORIENTED_EDGE('',*,*,#7759,.T.);
#6554=ORIENTED_EDGE('',*,*,#7502,.T.);
#6555=ORIENTED_EDGE('',*,*,#7756,.F.);
#6556=ORIENTED_EDGE('',*,*,#7760,.T.);
#6557=ORIENTED_EDGE('',*,*,#7761,.T.);
#6558=ORIENTED_EDGE('',*,*,#7503,.T.);
#6559=ORIENTED_EDGE('',*,*,#7759,.F.);
#6560=ORIENTED_EDGE('',*,*,#7762,.T.);
#6561=ORIENTED_EDGE('',*,*,#7757,.T.);
#6562=ORIENTED_EDGE('',*,*,#7504,.T.);
#6563=ORIENTED_EDGE('',*,*,#7761,.F.);
#6564=ORIENTED_EDGE('',*,*,#7763,.T.);
#6565=ORIENTED_EDGE('',*,*,#7764,.T.);
#6566=ORIENTED_EDGE('',*,*,#7513,.T.);
#6567=ORIENTED_EDGE('',*,*,#7765,.F.);
#6568=ORIENTED_EDGE('',*,*,#7766,.T.);
#6569=ORIENTED_EDGE('',*,*,#7767,.T.);
#6570=ORIENTED_EDGE('',*,*,#7514,.T.);
#6571=ORIENTED_EDGE('',*,*,#7764,.F.);
#6572=ORIENTED_EDGE('',*,*,#7768,.T.);
#6573=ORIENTED_EDGE('',*,*,#7769,.T.);
#6574=ORIENTED_EDGE('',*,*,#7515,.T.);
#6575=ORIENTED_EDGE('',*,*,#7767,.F.);
#6576=ORIENTED_EDGE('',*,*,#7770,.T.);
#6577=ORIENTED_EDGE('',*,*,#7765,.T.);
#6578=ORIENTED_EDGE('',*,*,#7516,.T.);
#6579=ORIENTED_EDGE('',*,*,#7769,.F.);
#6580=ORIENTED_EDGE('',*,*,#7771,.T.);
#6581=ORIENTED_EDGE('',*,*,#7772,.T.);
#6582=ORIENTED_EDGE('',*,*,#7525,.T.);
#6583=ORIENTED_EDGE('',*,*,#7773,.F.);
#6584=ORIENTED_EDGE('',*,*,#7774,.T.);
#6585=ORIENTED_EDGE('',*,*,#7775,.T.);
#6586=ORIENTED_EDGE('',*,*,#7526,.T.);
#6587=ORIENTED_EDGE('',*,*,#7772,.F.);
#6588=ORIENTED_EDGE('',*,*,#7776,.T.);
#6589=ORIENTED_EDGE('',*,*,#7777,.T.);
#6590=ORIENTED_EDGE('',*,*,#7527,.T.);
#6591=ORIENTED_EDGE('',*,*,#7775,.F.);
#6592=ORIENTED_EDGE('',*,*,#7778,.T.);
#6593=ORIENTED_EDGE('',*,*,#7773,.T.);
#6594=ORIENTED_EDGE('',*,*,#7528,.T.);
#6595=ORIENTED_EDGE('',*,*,#7777,.F.);
#6596=ORIENTED_EDGE('',*,*,#7779,.T.);
#6597=ORIENTED_EDGE('',*,*,#7780,.T.);
#6598=ORIENTED_EDGE('',*,*,#7537,.T.);
#6599=ORIENTED_EDGE('',*,*,#7781,.F.);
#6600=ORIENTED_EDGE('',*,*,#7782,.T.);
#6601=ORIENTED_EDGE('',*,*,#7783,.T.);
#6602=ORIENTED_EDGE('',*,*,#7538,.T.);
#6603=ORIENTED_EDGE('',*,*,#7780,.F.);
#6604=ORIENTED_EDGE('',*,*,#7784,.T.);
#6605=ORIENTED_EDGE('',*,*,#7785,.T.);
#6606=ORIENTED_EDGE('',*,*,#7539,.T.);
#6607=ORIENTED_EDGE('',*,*,#7783,.F.);
#6608=ORIENTED_EDGE('',*,*,#7786,.T.);
#6609=ORIENTED_EDGE('',*,*,#7781,.T.);
#6610=ORIENTED_EDGE('',*,*,#7540,.T.);
#6611=ORIENTED_EDGE('',*,*,#7785,.F.);
#6612=ORIENTED_EDGE('',*,*,#7787,.T.);
#6613=ORIENTED_EDGE('',*,*,#7788,.T.);
#6614=ORIENTED_EDGE('',*,*,#7549,.T.);
#6615=ORIENTED_EDGE('',*,*,#7789,.F.);
#6616=ORIENTED_EDGE('',*,*,#7790,.T.);
#6617=ORIENTED_EDGE('',*,*,#7791,.T.);
#6618=ORIENTED_EDGE('',*,*,#7550,.T.);
#6619=ORIENTED_EDGE('',*,*,#7788,.F.);
#6620=ORIENTED_EDGE('',*,*,#7792,.T.);
#6621=ORIENTED_EDGE('',*,*,#7793,.T.);
#6622=ORIENTED_EDGE('',*,*,#7551,.T.);
#6623=ORIENTED_EDGE('',*,*,#7791,.F.);
#6624=ORIENTED_EDGE('',*,*,#7794,.T.);
#6625=ORIENTED_EDGE('',*,*,#7789,.T.);
#6626=ORIENTED_EDGE('',*,*,#7552,.T.);
#6627=ORIENTED_EDGE('',*,*,#7793,.F.);
#6628=ORIENTED_EDGE('',*,*,#7795,.T.);
#6629=ORIENTED_EDGE('',*,*,#7796,.T.);
#6630=ORIENTED_EDGE('',*,*,#7561,.T.);
#6631=ORIENTED_EDGE('',*,*,#7797,.F.);
#6632=ORIENTED_EDGE('',*,*,#7798,.T.);
#6633=ORIENTED_EDGE('',*,*,#7799,.T.);
#6634=ORIENTED_EDGE('',*,*,#7562,.T.);
#6635=ORIENTED_EDGE('',*,*,#7796,.F.);
#6636=ORIENTED_EDGE('',*,*,#7800,.T.);
#6637=ORIENTED_EDGE('',*,*,#7801,.T.);
#6638=ORIENTED_EDGE('',*,*,#7563,.T.);
#6639=ORIENTED_EDGE('',*,*,#7799,.F.);
#6640=ORIENTED_EDGE('',*,*,#7802,.T.);
#6641=ORIENTED_EDGE('',*,*,#7797,.T.);
#6642=ORIENTED_EDGE('',*,*,#7564,.T.);
#6643=ORIENTED_EDGE('',*,*,#7801,.F.);
#6644=ORIENTED_EDGE('',*,*,#7572,.F.);
#6645=ORIENTED_EDGE('',*,*,#7690,.F.);
#6646=ORIENTED_EDGE('',*,*,#7576,.T.);
#6647=ORIENTED_EDGE('',*,*,#7575,.T.);
#6648=ORIENTED_EDGE('',*,*,#7577,.T.);
#6649=ORIENTED_EDGE('',*,*,#7803,.T.);
#6650=ORIENTED_EDGE('',*,*,#7804,.F.);
#6651=ORIENTED_EDGE('',*,*,#7805,.F.);
#6652=ORIENTED_EDGE('',*,*,#7580,.T.);
#6653=ORIENTED_EDGE('',*,*,#7805,.T.);
#6654=ORIENTED_EDGE('',*,*,#7806,.F.);
#6655=ORIENTED_EDGE('',*,*,#7807,.F.);
#6656=ORIENTED_EDGE('',*,*,#7582,.T.);
#6657=ORIENTED_EDGE('',*,*,#7807,.T.);
#6658=ORIENTED_EDGE('',*,*,#7808,.F.);
#6659=ORIENTED_EDGE('',*,*,#7809,.F.);
#6660=ORIENTED_EDGE('',*,*,#7584,.T.);
#6661=ORIENTED_EDGE('',*,*,#7809,.T.);
#6662=ORIENTED_EDGE('',*,*,#7810,.F.);
#6663=ORIENTED_EDGE('',*,*,#7803,.F.);
#6664=ORIENTED_EDGE('',*,*,#7585,.T.);
#6665=ORIENTED_EDGE('',*,*,#7811,.T.);
#6666=ORIENTED_EDGE('',*,*,#7812,.F.);
#6667=ORIENTED_EDGE('',*,*,#7813,.F.);
#6668=ORIENTED_EDGE('',*,*,#7588,.T.);
#6669=ORIENTED_EDGE('',*,*,#7813,.T.);
#6670=ORIENTED_EDGE('',*,*,#7814,.F.);
#6671=ORIENTED_EDGE('',*,*,#7815,.F.);
#6672=ORIENTED_EDGE('',*,*,#7590,.T.);
#6673=ORIENTED_EDGE('',*,*,#7815,.T.);
#6674=ORIENTED_EDGE('',*,*,#7816,.F.);
#6675=ORIENTED_EDGE('',*,*,#7817,.F.);
#6676=ORIENTED_EDGE('',*,*,#7592,.T.);
#6677=ORIENTED_EDGE('',*,*,#7817,.T.);
#6678=ORIENTED_EDGE('',*,*,#7818,.F.);
#6679=ORIENTED_EDGE('',*,*,#7811,.F.);
#6680=ORIENTED_EDGE('',*,*,#7593,.T.);
#6681=ORIENTED_EDGE('',*,*,#7819,.T.);
#6682=ORIENTED_EDGE('',*,*,#7820,.F.);
#6683=ORIENTED_EDGE('',*,*,#7821,.F.);
#6684=ORIENTED_EDGE('',*,*,#7596,.T.);
#6685=ORIENTED_EDGE('',*,*,#7821,.T.);
#6686=ORIENTED_EDGE('',*,*,#7822,.F.);
#6687=ORIENTED_EDGE('',*,*,#7823,.F.);
#6688=ORIENTED_EDGE('',*,*,#7598,.T.);
#6689=ORIENTED_EDGE('',*,*,#7823,.T.);
#6690=ORIENTED_EDGE('',*,*,#7824,.F.);
#6691=ORIENTED_EDGE('',*,*,#7825,.F.);
#6692=ORIENTED_EDGE('',*,*,#7600,.T.);
#6693=ORIENTED_EDGE('',*,*,#7825,.T.);
#6694=ORIENTED_EDGE('',*,*,#7826,.F.);
#6695=ORIENTED_EDGE('',*,*,#7819,.F.);
#6696=ORIENTED_EDGE('',*,*,#7601,.T.);
#6697=ORIENTED_EDGE('',*,*,#7827,.T.);
#6698=ORIENTED_EDGE('',*,*,#7828,.F.);
#6699=ORIENTED_EDGE('',*,*,#7829,.F.);
#6700=ORIENTED_EDGE('',*,*,#7604,.T.);
#6701=ORIENTED_EDGE('',*,*,#7829,.T.);
#6702=ORIENTED_EDGE('',*,*,#7830,.F.);
#6703=ORIENTED_EDGE('',*,*,#7831,.F.);
#6704=ORIENTED_EDGE('',*,*,#7606,.T.);
#6705=ORIENTED_EDGE('',*,*,#7831,.T.);
#6706=ORIENTED_EDGE('',*,*,#7832,.F.);
#6707=ORIENTED_EDGE('',*,*,#7833,.F.);
#6708=ORIENTED_EDGE('',*,*,#7608,.T.);
#6709=ORIENTED_EDGE('',*,*,#7833,.T.);
#6710=ORIENTED_EDGE('',*,*,#7834,.F.);
#6711=ORIENTED_EDGE('',*,*,#7827,.F.);
#6712=ORIENTED_EDGE('',*,*,#7609,.T.);
#6713=ORIENTED_EDGE('',*,*,#7835,.T.);
#6714=ORIENTED_EDGE('',*,*,#7836,.F.);
#6715=ORIENTED_EDGE('',*,*,#7837,.F.);
#6716=ORIENTED_EDGE('',*,*,#7612,.T.);
#6717=ORIENTED_EDGE('',*,*,#7837,.T.);
#6718=ORIENTED_EDGE('',*,*,#7838,.F.);
#6719=ORIENTED_EDGE('',*,*,#7839,.F.);
#6720=ORIENTED_EDGE('',*,*,#7614,.T.);
#6721=ORIENTED_EDGE('',*,*,#7839,.T.);
#6722=ORIENTED_EDGE('',*,*,#7840,.F.);
#6723=ORIENTED_EDGE('',*,*,#7841,.F.);
#6724=ORIENTED_EDGE('',*,*,#7616,.T.);
#6725=ORIENTED_EDGE('',*,*,#7841,.T.);
#6726=ORIENTED_EDGE('',*,*,#7842,.F.);
#6727=ORIENTED_EDGE('',*,*,#7835,.F.);
#6728=ORIENTED_EDGE('',*,*,#7617,.T.);
#6729=ORIENTED_EDGE('',*,*,#7843,.T.);
#6730=ORIENTED_EDGE('',*,*,#7844,.F.);
#6731=ORIENTED_EDGE('',*,*,#7845,.F.);
#6732=ORIENTED_EDGE('',*,*,#7620,.T.);
#6733=ORIENTED_EDGE('',*,*,#7845,.T.);
#6734=ORIENTED_EDGE('',*,*,#7846,.F.);
#6735=ORIENTED_EDGE('',*,*,#7847,.F.);
#6736=ORIENTED_EDGE('',*,*,#7622,.T.);
#6737=ORIENTED_EDGE('',*,*,#7847,.T.);
#6738=ORIENTED_EDGE('',*,*,#7848,.F.);
#6739=ORIENTED_EDGE('',*,*,#7849,.F.);
#6740=ORIENTED_EDGE('',*,*,#7624,.T.);
#6741=ORIENTED_EDGE('',*,*,#7849,.T.);
#6742=ORIENTED_EDGE('',*,*,#7850,.F.);
#6743=ORIENTED_EDGE('',*,*,#7843,.F.);
#6744=ORIENTED_EDGE('',*,*,#7625,.T.);
#6745=ORIENTED_EDGE('',*,*,#7851,.T.);
#6746=ORIENTED_EDGE('',*,*,#7852,.F.);
#6747=ORIENTED_EDGE('',*,*,#7853,.F.);
#6748=ORIENTED_EDGE('',*,*,#7628,.T.);
#6749=ORIENTED_EDGE('',*,*,#7853,.T.);
#6750=ORIENTED_EDGE('',*,*,#7854,.F.);
#6751=ORIENTED_EDGE('',*,*,#7855,.F.);
#6752=ORIENTED_EDGE('',*,*,#7630,.T.);
#6753=ORIENTED_EDGE('',*,*,#7855,.T.);
#6754=ORIENTED_EDGE('',*,*,#7856,.F.);
#6755=ORIENTED_EDGE('',*,*,#7857,.F.);
#6756=ORIENTED_EDGE('',*,*,#7632,.T.);
#6757=ORIENTED_EDGE('',*,*,#7857,.T.);
#6758=ORIENTED_EDGE('',*,*,#7858,.F.);
#6759=ORIENTED_EDGE('',*,*,#7851,.F.);
#6760=ORIENTED_EDGE('',*,*,#7633,.T.);
#6761=ORIENTED_EDGE('',*,*,#7859,.T.);
#6762=ORIENTED_EDGE('',*,*,#7860,.F.);
#6763=ORIENTED_EDGE('',*,*,#7861,.F.);
#6764=ORIENTED_EDGE('',*,*,#7636,.T.);
#6765=ORIENTED_EDGE('',*,*,#7861,.T.);
#6766=ORIENTED_EDGE('',*,*,#7862,.F.);
#6767=ORIENTED_EDGE('',*,*,#7863,.F.);
#6768=ORIENTED_EDGE('',*,*,#7638,.T.);
#6769=ORIENTED_EDGE('',*,*,#7863,.T.);
#6770=ORIENTED_EDGE('',*,*,#7864,.F.);
#6771=ORIENTED_EDGE('',*,*,#7865,.F.);
#6772=ORIENTED_EDGE('',*,*,#7640,.T.);
#6773=ORIENTED_EDGE('',*,*,#7865,.T.);
#6774=ORIENTED_EDGE('',*,*,#7866,.F.);
#6775=ORIENTED_EDGE('',*,*,#7859,.F.);
#6776=ORIENTED_EDGE('',*,*,#7641,.T.);
#6777=ORIENTED_EDGE('',*,*,#7867,.T.);
#6778=ORIENTED_EDGE('',*,*,#7868,.F.);
#6779=ORIENTED_EDGE('',*,*,#7869,.F.);
#6780=ORIENTED_EDGE('',*,*,#7644,.T.);
#6781=ORIENTED_EDGE('',*,*,#7869,.T.);
#6782=ORIENTED_EDGE('',*,*,#7870,.F.);
#6783=ORIENTED_EDGE('',*,*,#7871,.F.);
#6784=ORIENTED_EDGE('',*,*,#7646,.T.);
#6785=ORIENTED_EDGE('',*,*,#7871,.T.);
#6786=ORIENTED_EDGE('',*,*,#7872,.F.);
#6787=ORIENTED_EDGE('',*,*,#7873,.F.);
#6788=ORIENTED_EDGE('',*,*,#7648,.T.);
#6789=ORIENTED_EDGE('',*,*,#7873,.T.);
#6790=ORIENTED_EDGE('',*,*,#7874,.F.);
#6791=ORIENTED_EDGE('',*,*,#7867,.F.);
#6792=ORIENTED_EDGE('',*,*,#7649,.T.);
#6793=ORIENTED_EDGE('',*,*,#7875,.T.);
#6794=ORIENTED_EDGE('',*,*,#7876,.F.);
#6795=ORIENTED_EDGE('',*,*,#7877,.F.);
#6796=ORIENTED_EDGE('',*,*,#7652,.T.);
#6797=ORIENTED_EDGE('',*,*,#7877,.T.);
#6798=ORIENTED_EDGE('',*,*,#7878,.F.);
#6799=ORIENTED_EDGE('',*,*,#7879,.F.);
#6800=ORIENTED_EDGE('',*,*,#7654,.T.);
#6801=ORIENTED_EDGE('',*,*,#7879,.T.);
#6802=ORIENTED_EDGE('',*,*,#7880,.F.);
#6803=ORIENTED_EDGE('',*,*,#7881,.F.);
#6804=ORIENTED_EDGE('',*,*,#7656,.T.);
#6805=ORIENTED_EDGE('',*,*,#7881,.T.);
#6806=ORIENTED_EDGE('',*,*,#7882,.F.);
#6807=ORIENTED_EDGE('',*,*,#7875,.F.);
#6808=ORIENTED_EDGE('',*,*,#7657,.T.);
#6809=ORIENTED_EDGE('',*,*,#7883,.T.);
#6810=ORIENTED_EDGE('',*,*,#7884,.F.);
#6811=ORIENTED_EDGE('',*,*,#7885,.F.);
#6812=ORIENTED_EDGE('',*,*,#7660,.T.);
#6813=ORIENTED_EDGE('',*,*,#7885,.T.);
#6814=ORIENTED_EDGE('',*,*,#7886,.F.);
#6815=ORIENTED_EDGE('',*,*,#7887,.F.);
#6816=ORIENTED_EDGE('',*,*,#7662,.T.);
#6817=ORIENTED_EDGE('',*,*,#7887,.T.);
#6818=ORIENTED_EDGE('',*,*,#7888,.F.);
#6819=ORIENTED_EDGE('',*,*,#7889,.F.);
#6820=ORIENTED_EDGE('',*,*,#7664,.T.);
#6821=ORIENTED_EDGE('',*,*,#7889,.T.);
#6822=ORIENTED_EDGE('',*,*,#7890,.F.);
#6823=ORIENTED_EDGE('',*,*,#7883,.F.);
#6824=ORIENTED_EDGE('',*,*,#7665,.T.);
#6825=ORIENTED_EDGE('',*,*,#7891,.T.);
#6826=ORIENTED_EDGE('',*,*,#7892,.F.);
#6827=ORIENTED_EDGE('',*,*,#7893,.F.);
#6828=ORIENTED_EDGE('',*,*,#7668,.T.);
#6829=ORIENTED_EDGE('',*,*,#7893,.T.);
#6830=ORIENTED_EDGE('',*,*,#7894,.F.);
#6831=ORIENTED_EDGE('',*,*,#7895,.F.);
#6832=ORIENTED_EDGE('',*,*,#7670,.T.);
#6833=ORIENTED_EDGE('',*,*,#7895,.T.);
#6834=ORIENTED_EDGE('',*,*,#7896,.F.);
#6835=ORIENTED_EDGE('',*,*,#7897,.F.);
#6836=ORIENTED_EDGE('',*,*,#7672,.T.);
#6837=ORIENTED_EDGE('',*,*,#7897,.T.);
#6838=ORIENTED_EDGE('',*,*,#7898,.F.);
#6839=ORIENTED_EDGE('',*,*,#7891,.F.);
#6840=ORIENTED_EDGE('',*,*,#7673,.T.);
#6841=ORIENTED_EDGE('',*,*,#7899,.T.);
#6842=ORIENTED_EDGE('',*,*,#7900,.F.);
#6843=ORIENTED_EDGE('',*,*,#7901,.F.);
#6844=ORIENTED_EDGE('',*,*,#7676,.T.);
#6845=ORIENTED_EDGE('',*,*,#7901,.T.);
#6846=ORIENTED_EDGE('',*,*,#7902,.F.);
#6847=ORIENTED_EDGE('',*,*,#7903,.F.);
#6848=ORIENTED_EDGE('',*,*,#7678,.T.);
#6849=ORIENTED_EDGE('',*,*,#7903,.T.);
#6850=ORIENTED_EDGE('',*,*,#7904,.F.);
#6851=ORIENTED_EDGE('',*,*,#7905,.F.);
#6852=ORIENTED_EDGE('',*,*,#7680,.T.);
#6853=ORIENTED_EDGE('',*,*,#7905,.T.);
#6854=ORIENTED_EDGE('',*,*,#7906,.F.);
#6855=ORIENTED_EDGE('',*,*,#7899,.F.);
#6856=ORIENTED_EDGE('',*,*,#7681,.T.);
#6857=ORIENTED_EDGE('',*,*,#7907,.T.);
#6858=ORIENTED_EDGE('',*,*,#7908,.F.);
#6859=ORIENTED_EDGE('',*,*,#7909,.F.);
#6860=ORIENTED_EDGE('',*,*,#7684,.T.);
#6861=ORIENTED_EDGE('',*,*,#7909,.T.);
#6862=ORIENTED_EDGE('',*,*,#7910,.F.);
#6863=ORIENTED_EDGE('',*,*,#7911,.F.);
#6864=ORIENTED_EDGE('',*,*,#7686,.T.);
#6865=ORIENTED_EDGE('',*,*,#7911,.T.);
#6866=ORIENTED_EDGE('',*,*,#7912,.F.);
#6867=ORIENTED_EDGE('',*,*,#7913,.F.);
#6868=ORIENTED_EDGE('',*,*,#7688,.T.);
#6869=ORIENTED_EDGE('',*,*,#7913,.T.);
#6870=ORIENTED_EDGE('',*,*,#7914,.F.);
#6871=ORIENTED_EDGE('',*,*,#7907,.F.);
#6872=ORIENTED_EDGE('',*,*,#7691,.F.);
#6873=ORIENTED_EDGE('',*,*,#7915,.F.);
#6874=ORIENTED_EDGE('',*,*,#7916,.T.);
#6875=ORIENTED_EDGE('',*,*,#7917,.T.);
#6876=ORIENTED_EDGE('',*,*,#7694,.F.);
#6877=ORIENTED_EDGE('',*,*,#7917,.F.);
#6878=ORIENTED_EDGE('',*,*,#7918,.T.);
#6879=ORIENTED_EDGE('',*,*,#7919,.T.);
#6880=ORIENTED_EDGE('',*,*,#7696,.F.);
#6881=ORIENTED_EDGE('',*,*,#7919,.F.);
#6882=ORIENTED_EDGE('',*,*,#7920,.T.);
#6883=ORIENTED_EDGE('',*,*,#7921,.T.);
#6884=ORIENTED_EDGE('',*,*,#7698,.F.);
#6885=ORIENTED_EDGE('',*,*,#7921,.F.);
#6886=ORIENTED_EDGE('',*,*,#7922,.T.);
#6887=ORIENTED_EDGE('',*,*,#7915,.T.);
#6888=ORIENTED_EDGE('',*,*,#7699,.F.);
#6889=ORIENTED_EDGE('',*,*,#7923,.F.);
#6890=ORIENTED_EDGE('',*,*,#7924,.T.);
#6891=ORIENTED_EDGE('',*,*,#7925,.T.);
#6892=ORIENTED_EDGE('',*,*,#7702,.F.);
#6893=ORIENTED_EDGE('',*,*,#7925,.F.);
#6894=ORIENTED_EDGE('',*,*,#7926,.T.);
#6895=ORIENTED_EDGE('',*,*,#7927,.T.);
#6896=ORIENTED_EDGE('',*,*,#7704,.F.);
#6897=ORIENTED_EDGE('',*,*,#7927,.F.);
#6898=ORIENTED_EDGE('',*,*,#7928,.T.);
#6899=ORIENTED_EDGE('',*,*,#7929,.T.);
#6900=ORIENTED_EDGE('',*,*,#7706,.F.);
#6901=ORIENTED_EDGE('',*,*,#7929,.F.);
#6902=ORIENTED_EDGE('',*,*,#7930,.T.);
#6903=ORIENTED_EDGE('',*,*,#7923,.T.);
#6904=ORIENTED_EDGE('',*,*,#7707,.F.);
#6905=ORIENTED_EDGE('',*,*,#7931,.F.);
#6906=ORIENTED_EDGE('',*,*,#7932,.T.);
#6907=ORIENTED_EDGE('',*,*,#7933,.T.);
#6908=ORIENTED_EDGE('',*,*,#7710,.F.);
#6909=ORIENTED_EDGE('',*,*,#7933,.F.);
#6910=ORIENTED_EDGE('',*,*,#7934,.T.);
#6911=ORIENTED_EDGE('',*,*,#7935,.T.);
#6912=ORIENTED_EDGE('',*,*,#7712,.F.);
#6913=ORIENTED_EDGE('',*,*,#7935,.F.);
#6914=ORIENTED_EDGE('',*,*,#7936,.T.);
#6915=ORIENTED_EDGE('',*,*,#7937,.T.);
#6916=ORIENTED_EDGE('',*,*,#7714,.F.);
#6917=ORIENTED_EDGE('',*,*,#7937,.F.);
#6918=ORIENTED_EDGE('',*,*,#7938,.T.);
#6919=ORIENTED_EDGE('',*,*,#7931,.T.);
#6920=ORIENTED_EDGE('',*,*,#7715,.F.);
#6921=ORIENTED_EDGE('',*,*,#7939,.F.);
#6922=ORIENTED_EDGE('',*,*,#7940,.T.);
#6923=ORIENTED_EDGE('',*,*,#7941,.T.);
#6924=ORIENTED_EDGE('',*,*,#7718,.F.);
#6925=ORIENTED_EDGE('',*,*,#7941,.F.);
#6926=ORIENTED_EDGE('',*,*,#7942,.T.);
#6927=ORIENTED_EDGE('',*,*,#7943,.T.);
#6928=ORIENTED_EDGE('',*,*,#7720,.F.);
#6929=ORIENTED_EDGE('',*,*,#7943,.F.);
#6930=ORIENTED_EDGE('',*,*,#7944,.T.);
#6931=ORIENTED_EDGE('',*,*,#7945,.T.);
#6932=ORIENTED_EDGE('',*,*,#7722,.F.);
#6933=ORIENTED_EDGE('',*,*,#7945,.F.);
#6934=ORIENTED_EDGE('',*,*,#7946,.T.);
#6935=ORIENTED_EDGE('',*,*,#7939,.T.);
#6936=ORIENTED_EDGE('',*,*,#7723,.F.);
#6937=ORIENTED_EDGE('',*,*,#7947,.F.);
#6938=ORIENTED_EDGE('',*,*,#7948,.T.);
#6939=ORIENTED_EDGE('',*,*,#7949,.T.);
#6940=ORIENTED_EDGE('',*,*,#7726,.F.);
#6941=ORIENTED_EDGE('',*,*,#7949,.F.);
#6942=ORIENTED_EDGE('',*,*,#7950,.T.);
#6943=ORIENTED_EDGE('',*,*,#7951,.T.);
#6944=ORIENTED_EDGE('',*,*,#7728,.F.);
#6945=ORIENTED_EDGE('',*,*,#7951,.F.);
#6946=ORIENTED_EDGE('',*,*,#7952,.T.);
#6947=ORIENTED_EDGE('',*,*,#7953,.T.);
#6948=ORIENTED_EDGE('',*,*,#7730,.F.);
#6949=ORIENTED_EDGE('',*,*,#7953,.F.);
#6950=ORIENTED_EDGE('',*,*,#7954,.T.);
#6951=ORIENTED_EDGE('',*,*,#7947,.T.);
#6952=ORIENTED_EDGE('',*,*,#7731,.F.);
#6953=ORIENTED_EDGE('',*,*,#7955,.F.);
#6954=ORIENTED_EDGE('',*,*,#7956,.T.);
#6955=ORIENTED_EDGE('',*,*,#7957,.T.);
#6956=ORIENTED_EDGE('',*,*,#7734,.F.);
#6957=ORIENTED_EDGE('',*,*,#7957,.F.);
#6958=ORIENTED_EDGE('',*,*,#7958,.T.);
#6959=ORIENTED_EDGE('',*,*,#7959,.T.);
#6960=ORIENTED_EDGE('',*,*,#7736,.F.);
#6961=ORIENTED_EDGE('',*,*,#7959,.F.);
#6962=ORIENTED_EDGE('',*,*,#7960,.T.);
#6963=ORIENTED_EDGE('',*,*,#7961,.T.);
#6964=ORIENTED_EDGE('',*,*,#7738,.F.);
#6965=ORIENTED_EDGE('',*,*,#7961,.F.);
#6966=ORIENTED_EDGE('',*,*,#7962,.T.);
#6967=ORIENTED_EDGE('',*,*,#7955,.T.);
#6968=ORIENTED_EDGE('',*,*,#7739,.F.);
#6969=ORIENTED_EDGE('',*,*,#7963,.F.);
#6970=ORIENTED_EDGE('',*,*,#7964,.T.);
#6971=ORIENTED_EDGE('',*,*,#7965,.T.);
#6972=ORIENTED_EDGE('',*,*,#7742,.F.);
#6973=ORIENTED_EDGE('',*,*,#7965,.F.);
#6974=ORIENTED_EDGE('',*,*,#7966,.T.);
#6975=ORIENTED_EDGE('',*,*,#7967,.T.);
#6976=ORIENTED_EDGE('',*,*,#7744,.F.);
#6977=ORIENTED_EDGE('',*,*,#7967,.F.);
#6978=ORIENTED_EDGE('',*,*,#7968,.T.);
#6979=ORIENTED_EDGE('',*,*,#7969,.T.);
#6980=ORIENTED_EDGE('',*,*,#7746,.F.);
#6981=ORIENTED_EDGE('',*,*,#7969,.F.);
#6982=ORIENTED_EDGE('',*,*,#7970,.T.);
#6983=ORIENTED_EDGE('',*,*,#7963,.T.);
#6984=ORIENTED_EDGE('',*,*,#7747,.F.);
#6985=ORIENTED_EDGE('',*,*,#7971,.F.);
#6986=ORIENTED_EDGE('',*,*,#7972,.T.);
#6987=ORIENTED_EDGE('',*,*,#7973,.T.);
#6988=ORIENTED_EDGE('',*,*,#7750,.F.);
#6989=ORIENTED_EDGE('',*,*,#7973,.F.);
#6990=ORIENTED_EDGE('',*,*,#7974,.T.);
#6991=ORIENTED_EDGE('',*,*,#7975,.T.);
#6992=ORIENTED_EDGE('',*,*,#7752,.F.);
#6993=ORIENTED_EDGE('',*,*,#7975,.F.);
#6994=ORIENTED_EDGE('',*,*,#7976,.T.);
#6995=ORIENTED_EDGE('',*,*,#7977,.T.);
#6996=ORIENTED_EDGE('',*,*,#7754,.F.);
#6997=ORIENTED_EDGE('',*,*,#7977,.F.);
#6998=ORIENTED_EDGE('',*,*,#7978,.T.);
#6999=ORIENTED_EDGE('',*,*,#7971,.T.);
#7000=ORIENTED_EDGE('',*,*,#7755,.F.);
#7001=ORIENTED_EDGE('',*,*,#7979,.F.);
#7002=ORIENTED_EDGE('',*,*,#7980,.T.);
#7003=ORIENTED_EDGE('',*,*,#7981,.T.);
#7004=ORIENTED_EDGE('',*,*,#7758,.F.);
#7005=ORIENTED_EDGE('',*,*,#7981,.F.);
#7006=ORIENTED_EDGE('',*,*,#7982,.T.);
#7007=ORIENTED_EDGE('',*,*,#7983,.T.);
#7008=ORIENTED_EDGE('',*,*,#7760,.F.);
#7009=ORIENTED_EDGE('',*,*,#7983,.F.);
#7010=ORIENTED_EDGE('',*,*,#7984,.T.);
#7011=ORIENTED_EDGE('',*,*,#7985,.T.);
#7012=ORIENTED_EDGE('',*,*,#7762,.F.);
#7013=ORIENTED_EDGE('',*,*,#7985,.F.);
#7014=ORIENTED_EDGE('',*,*,#7986,.T.);
#7015=ORIENTED_EDGE('',*,*,#7979,.T.);
#7016=ORIENTED_EDGE('',*,*,#7763,.F.);
#7017=ORIENTED_EDGE('',*,*,#7987,.F.);
#7018=ORIENTED_EDGE('',*,*,#7988,.T.);
#7019=ORIENTED_EDGE('',*,*,#7989,.T.);
#7020=ORIENTED_EDGE('',*,*,#7766,.F.);
#7021=ORIENTED_EDGE('',*,*,#7989,.F.);
#7022=ORIENTED_EDGE('',*,*,#7990,.T.);
#7023=ORIENTED_EDGE('',*,*,#7991,.T.);
#7024=ORIENTED_EDGE('',*,*,#7768,.F.);
#7025=ORIENTED_EDGE('',*,*,#7991,.F.);
#7026=ORIENTED_EDGE('',*,*,#7992,.T.);
#7027=ORIENTED_EDGE('',*,*,#7993,.T.);
#7028=ORIENTED_EDGE('',*,*,#7770,.F.);
#7029=ORIENTED_EDGE('',*,*,#7993,.F.);
#7030=ORIENTED_EDGE('',*,*,#7994,.T.);
#7031=ORIENTED_EDGE('',*,*,#7987,.T.);
#7032=ORIENTED_EDGE('',*,*,#7771,.F.);
#7033=ORIENTED_EDGE('',*,*,#7995,.F.);
#7034=ORIENTED_EDGE('',*,*,#7996,.T.);
#7035=ORIENTED_EDGE('',*,*,#7997,.T.);
#7036=ORIENTED_EDGE('',*,*,#7774,.F.);
#7037=ORIENTED_EDGE('',*,*,#7997,.F.);
#7038=ORIENTED_EDGE('',*,*,#7998,.T.);
#7039=ORIENTED_EDGE('',*,*,#7999,.T.);
#7040=ORIENTED_EDGE('',*,*,#7776,.F.);
#7041=ORIENTED_EDGE('',*,*,#7999,.F.);
#7042=ORIENTED_EDGE('',*,*,#8000,.T.);
#7043=ORIENTED_EDGE('',*,*,#8001,.T.);
#7044=ORIENTED_EDGE('',*,*,#7778,.F.);
#7045=ORIENTED_EDGE('',*,*,#8001,.F.);
#7046=ORIENTED_EDGE('',*,*,#8002,.T.);
#7047=ORIENTED_EDGE('',*,*,#7995,.T.);
#7048=ORIENTED_EDGE('',*,*,#7779,.F.);
#7049=ORIENTED_EDGE('',*,*,#8003,.F.);
#7050=ORIENTED_EDGE('',*,*,#8004,.T.);
#7051=ORIENTED_EDGE('',*,*,#8005,.T.);
#7052=ORIENTED_EDGE('',*,*,#7782,.F.);
#7053=ORIENTED_EDGE('',*,*,#8005,.F.);
#7054=ORIENTED_EDGE('',*,*,#8006,.T.);
#7055=ORIENTED_EDGE('',*,*,#8007,.T.);
#7056=ORIENTED_EDGE('',*,*,#7784,.F.);
#7057=ORIENTED_EDGE('',*,*,#8007,.F.);
#7058=ORIENTED_EDGE('',*,*,#8008,.T.);
#7059=ORIENTED_EDGE('',*,*,#8009,.T.);
#7060=ORIENTED_EDGE('',*,*,#7786,.F.);
#7061=ORIENTED_EDGE('',*,*,#8009,.F.);
#7062=ORIENTED_EDGE('',*,*,#8010,.T.);
#7063=ORIENTED_EDGE('',*,*,#8003,.T.);
#7064=ORIENTED_EDGE('',*,*,#7787,.F.);
#7065=ORIENTED_EDGE('',*,*,#8011,.F.);
#7066=ORIENTED_EDGE('',*,*,#8012,.T.);
#7067=ORIENTED_EDGE('',*,*,#8013,.T.);
#7068=ORIENTED_EDGE('',*,*,#7790,.F.);
#7069=ORIENTED_EDGE('',*,*,#8013,.F.);
#7070=ORIENTED_EDGE('',*,*,#8014,.T.);
#7071=ORIENTED_EDGE('',*,*,#8015,.T.);
#7072=ORIENTED_EDGE('',*,*,#7792,.F.);
#7073=ORIENTED_EDGE('',*,*,#8015,.F.);
#7074=ORIENTED_EDGE('',*,*,#8016,.T.);
#7075=ORIENTED_EDGE('',*,*,#8017,.T.);
#7076=ORIENTED_EDGE('',*,*,#7794,.F.);
#7077=ORIENTED_EDGE('',*,*,#8017,.F.);
#7078=ORIENTED_EDGE('',*,*,#8018,.T.);
#7079=ORIENTED_EDGE('',*,*,#8011,.T.);
#7080=ORIENTED_EDGE('',*,*,#7795,.F.);
#7081=ORIENTED_EDGE('',*,*,#8019,.F.);
#7082=ORIENTED_EDGE('',*,*,#8020,.T.);
#7083=ORIENTED_EDGE('',*,*,#8021,.T.);
#7084=ORIENTED_EDGE('',*,*,#7798,.F.);
#7085=ORIENTED_EDGE('',*,*,#8021,.F.);
#7086=ORIENTED_EDGE('',*,*,#8022,.T.);
#7087=ORIENTED_EDGE('',*,*,#8023,.T.);
#7088=ORIENTED_EDGE('',*,*,#7800,.F.);
#7089=ORIENTED_EDGE('',*,*,#8023,.F.);
#7090=ORIENTED_EDGE('',*,*,#8024,.T.);
#7091=ORIENTED_EDGE('',*,*,#8025,.T.);
#7092=ORIENTED_EDGE('',*,*,#7802,.F.);
#7093=ORIENTED_EDGE('',*,*,#8025,.F.);
#7094=ORIENTED_EDGE('',*,*,#8026,.T.);
#7095=ORIENTED_EDGE('',*,*,#8019,.T.);
#7096=ORIENTED_EDGE('',*,*,#7810,.T.);
#7097=ORIENTED_EDGE('',*,*,#7808,.T.);
#7098=ORIENTED_EDGE('',*,*,#7806,.T.);
#7099=ORIENTED_EDGE('',*,*,#7804,.T.);
#7100=ORIENTED_EDGE('',*,*,#7818,.T.);
#7101=ORIENTED_EDGE('',*,*,#7816,.T.);
#7102=ORIENTED_EDGE('',*,*,#7814,.T.);
#7103=ORIENTED_EDGE('',*,*,#7812,.T.);
#7104=ORIENTED_EDGE('',*,*,#7826,.T.);
#7105=ORIENTED_EDGE('',*,*,#7824,.T.);
#7106=ORIENTED_EDGE('',*,*,#7822,.T.);
#7107=ORIENTED_EDGE('',*,*,#7820,.T.);
#7108=ORIENTED_EDGE('',*,*,#7834,.T.);
#7109=ORIENTED_EDGE('',*,*,#7832,.T.);
#7110=ORIENTED_EDGE('',*,*,#7830,.T.);
#7111=ORIENTED_EDGE('',*,*,#7828,.T.);
#7112=ORIENTED_EDGE('',*,*,#7842,.T.);
#7113=ORIENTED_EDGE('',*,*,#7840,.T.);
#7114=ORIENTED_EDGE('',*,*,#7838,.T.);
#7115=ORIENTED_EDGE('',*,*,#7836,.T.);
#7116=ORIENTED_EDGE('',*,*,#7850,.T.);
#7117=ORIENTED_EDGE('',*,*,#7848,.T.);
#7118=ORIENTED_EDGE('',*,*,#7846,.T.);
#7119=ORIENTED_EDGE('',*,*,#7844,.T.);
#7120=ORIENTED_EDGE('',*,*,#7858,.T.);
#7121=ORIENTED_EDGE('',*,*,#7856,.T.);
#7122=ORIENTED_EDGE('',*,*,#7854,.T.);
#7123=ORIENTED_EDGE('',*,*,#7852,.T.);
#7124=ORIENTED_EDGE('',*,*,#7866,.T.);
#7125=ORIENTED_EDGE('',*,*,#7864,.T.);
#7126=ORIENTED_EDGE('',*,*,#7862,.T.);
#7127=ORIENTED_EDGE('',*,*,#7860,.T.);
#7128=ORIENTED_EDGE('',*,*,#7874,.T.);
#7129=ORIENTED_EDGE('',*,*,#7872,.T.);
#7130=ORIENTED_EDGE('',*,*,#7870,.T.);
#7131=ORIENTED_EDGE('',*,*,#7868,.T.);
#7132=ORIENTED_EDGE('',*,*,#7882,.T.);
#7133=ORIENTED_EDGE('',*,*,#7880,.T.);
#7134=ORIENTED_EDGE('',*,*,#7878,.T.);
#7135=ORIENTED_EDGE('',*,*,#7876,.T.);
#7136=ORIENTED_EDGE('',*,*,#7890,.T.);
#7137=ORIENTED_EDGE('',*,*,#7888,.T.);
#7138=ORIENTED_EDGE('',*,*,#7886,.T.);
#7139=ORIENTED_EDGE('',*,*,#7884,.T.);
#7140=ORIENTED_EDGE('',*,*,#7898,.T.);
#7141=ORIENTED_EDGE('',*,*,#7896,.T.);
#7142=ORIENTED_EDGE('',*,*,#7894,.T.);
#7143=ORIENTED_EDGE('',*,*,#7892,.T.);
#7144=ORIENTED_EDGE('',*,*,#7906,.T.);
#7145=ORIENTED_EDGE('',*,*,#7904,.T.);
#7146=ORIENTED_EDGE('',*,*,#7902,.T.);
#7147=ORIENTED_EDGE('',*,*,#7900,.T.);
#7148=ORIENTED_EDGE('',*,*,#7914,.T.);
#7149=ORIENTED_EDGE('',*,*,#7912,.T.);
#7150=ORIENTED_EDGE('',*,*,#7910,.T.);
#7151=ORIENTED_EDGE('',*,*,#7908,.T.);
#7152=ORIENTED_EDGE('',*,*,#7918,.F.);
#7153=ORIENTED_EDGE('',*,*,#7916,.F.);
#7154=ORIENTED_EDGE('',*,*,#7922,.F.);
#7155=ORIENTED_EDGE('',*,*,#7920,.F.);
#7156=ORIENTED_EDGE('',*,*,#7926,.F.);
#7157=ORIENTED_EDGE('',*,*,#7924,.F.);
#7158=ORIENTED_EDGE('',*,*,#7930,.F.);
#7159=ORIENTED_EDGE('',*,*,#7928,.F.);
#7160=ORIENTED_EDGE('',*,*,#7934,.F.);
#7161=ORIENTED_EDGE('',*,*,#7932,.F.);
#7162=ORIENTED_EDGE('',*,*,#7938,.F.);
#7163=ORIENTED_EDGE('',*,*,#7936,.F.);
#7164=ORIENTED_EDGE('',*,*,#7942,.F.);
#7165=ORIENTED_EDGE('',*,*,#7940,.F.);
#7166=ORIENTED_EDGE('',*,*,#7946,.F.);
#7167=ORIENTED_EDGE('',*,*,#7944,.F.);
#7168=ORIENTED_EDGE('',*,*,#7950,.F.);
#7169=ORIENTED_EDGE('',*,*,#7948,.F.);
#7170=ORIENTED_EDGE('',*,*,#7954,.F.);
#7171=ORIENTED_EDGE('',*,*,#7952,.F.);
#7172=ORIENTED_EDGE('',*,*,#7958,.F.);
#7173=ORIENTED_EDGE('',*,*,#7956,.F.);
#7174=ORIENTED_EDGE('',*,*,#7962,.F.);
#7175=ORIENTED_EDGE('',*,*,#7960,.F.);
#7176=ORIENTED_EDGE('',*,*,#7966,.F.);
#7177=ORIENTED_EDGE('',*,*,#7964,.F.);
#7178=ORIENTED_EDGE('',*,*,#7970,.F.);
#7179=ORIENTED_EDGE('',*,*,#7968,.F.);
#7180=ORIENTED_EDGE('',*,*,#7974,.F.);
#7181=ORIENTED_EDGE('',*,*,#7972,.F.);
#7182=ORIENTED_EDGE('',*,*,#7978,.F.);
#7183=ORIENTED_EDGE('',*,*,#7976,.F.);
#7184=ORIENTED_EDGE('',*,*,#7982,.F.);
#7185=ORIENTED_EDGE('',*,*,#7980,.F.);
#7186=ORIENTED_EDGE('',*,*,#7986,.F.);
#7187=ORIENTED_EDGE('',*,*,#7984,.F.);
#7188=ORIENTED_EDGE('',*,*,#7990,.F.);
#7189=ORIENTED_EDGE('',*,*,#7988,.F.);
#7190=ORIENTED_EDGE('',*,*,#7994,.F.);
#7191=ORIENTED_EDGE('',*,*,#7992,.F.);
#7192=ORIENTED_EDGE('',*,*,#7998,.F.);
#7193=ORIENTED_EDGE('',*,*,#7996,.F.);
#7194=ORIENTED_EDGE('',*,*,#8002,.F.);
#7195=ORIENTED_EDGE('',*,*,#8000,.F.);
#7196=ORIENTED_EDGE('',*,*,#8006,.F.);
#7197=ORIENTED_EDGE('',*,*,#8004,.F.);
#7198=ORIENTED_EDGE('',*,*,#8010,.F.);
#7199=ORIENTED_EDGE('',*,*,#8008,.F.);
#7200=ORIENTED_EDGE('',*,*,#8014,.F.);
#7201=ORIENTED_EDGE('',*,*,#8012,.F.);
#7202=ORIENTED_EDGE('',*,*,#8018,.F.);
#7203=ORIENTED_EDGE('',*,*,#8016,.F.);
#7204=ORIENTED_EDGE('',*,*,#8022,.F.);
#7205=ORIENTED_EDGE('',*,*,#8020,.F.);
#7206=ORIENTED_EDGE('',*,*,#8026,.F.);
#7207=ORIENTED_EDGE('',*,*,#8024,.F.);
#7208=EDGE_CURVE('',#8027,#8028,#8029,.T.);
#7209=EDGE_CURVE('',#8028,#8030,#8031,.T.);
#7210=EDGE_CURVE('',#8030,#8032,#8033,.T.);
#7211=EDGE_CURVE('',#8032,#8034,#8035,.T.);
#7212=EDGE_CURVE('',#8034,#8036,#8037,.T.);
#7213=EDGE_CURVE('',#8036,#8038,#8039,.T.);
#7214=EDGE_CURVE('',#8040,#8038,#8041,.F.);
#7215=EDGE_CURVE('',#8042,#8040,#8043,.T.);
#7216=EDGE_CURVE('',#8042,#8044,#8045,.T.);
#7217=EDGE_CURVE('',#8046,#8044,#8047,.T.);
#7218=EDGE_CURVE('',#8048,#8046,#8049,.T.);
#7219=EDGE_CURVE('',#8048,#8050,#8051,.T.);
#7220=EDGE_CURVE('',#8050,#8052,#8053,.T.);
#7221=EDGE_CURVE('',#8054,#8052,#8055,.F.);
#7222=EDGE_CURVE('',#8056,#8054,#8057,.F.);
#7223=EDGE_CURVE('',#8056,#8058,#8059,.T.);
#7224=EDGE_CURVE('',#8058,#8060,#8061,.T.);
#7225=EDGE_CURVE('',#8060,#8062,#8063,.T.);
#7226=EDGE_CURVE('',#8062,#8064,#8065,.T.);
#7227=EDGE_CURVE('',#8064,#8066,#8067,.T.);
#7228=EDGE_CURVE('',#8066,#8068,#8069,.T.);
#7229=EDGE_CURVE('',#8027,#8068,#8070,.F.);
#7230=EDGE_CURVE('',#8071,#8027,#8072,.F.);
#7231=EDGE_CURVE('',#8068,#8073,#8074,.F.);
#7232=EDGE_CURVE('',#8073,#8071,#8075,.T.);
#7233=EDGE_CURVE('',#8038,#8076,#8077,.F.);
#7234=EDGE_CURVE('',#8076,#8078,#8079,.T.);
#7235=EDGE_CURVE('',#8078,#8040,#8080,.T.);
#7236=EDGE_CURVE('',#8081,#8071,#8082,.F.);
#7237=EDGE_CURVE('',#8073,#8083,#8084,.F.);
#7238=EDGE_CURVE('',#8083,#8085,#8086,.F.);
#7239=EDGE_CURVE('',#8085,#8087,#8088,.F.);
#7240=EDGE_CURVE('',#8087,#8089,#8090,.F.);
#7241=EDGE_CURVE('',#8089,#8091,#8092,.F.);
#7242=EDGE_CURVE('',#8091,#8093,#8094,.F.);
#7243=EDGE_CURVE('',#8095,#8093,#8096,.T.);
#7244=EDGE_CURVE('',#8097,#8095,#8098,.T.);
#7245=EDGE_CURVE('',#8099,#8097,#8100,.T.);
#7246=EDGE_CURVE('',#8099,#8101,#8102,.F.);
#7247=EDGE_CURVE('',#8101,#8103,#8104,.T.);
#7248=EDGE_CURVE('',#8103,#8105,#8106,.F.);
#7249=EDGE_CURVE('',#8105,#8107,#8108,.T.);
#7250=EDGE_CURVE('',#8107,#8109,#8110,.F.);
#7251=EDGE_CURVE('',#8109,#8111,#8112,.T.);
#7252=EDGE_CURVE('',#8111,#8113,#8114,.F.);
#7253=EDGE_CURVE('',#8113,#8115,#8116,.T.);
#7254=EDGE_CURVE('',#8115,#8117,#8118,.F.);
#7255=EDGE_CURVE('',#8117,#8119,#8120,.T.);
#7256=EDGE_CURVE('',#8119,#8121,#8122,.F.);
#7257=EDGE_CURVE('',#8121,#8123,#8124,.T.);
#7258=EDGE_CURVE('',#8123,#8125,#8126,.F.);
#7259=EDGE_CURVE('',#8125,#8127,#8128,.T.);
#7260=EDGE_CURVE('',#8127,#8129,#8130,.F.);
#7261=EDGE_CURVE('',#8129,#8131,#8132,.T.);
#7262=EDGE_CURVE('',#8131,#8133,#8134,.F.);
#7263=EDGE_CURVE('',#8133,#8135,#8136,.T.);
#7264=EDGE_CURVE('',#8135,#8137,#8138,.F.);
#7265=EDGE_CURVE('',#8137,#8139,#8140,.T.);
#7266=EDGE_CURVE('',#8139,#8141,#8142,.F.);
#7267=EDGE_CURVE('',#8141,#8143,#8144,.T.);
#7268=EDGE_CURVE('',#8143,#8145,#8146,.F.);
#7269=EDGE_CURVE('',#8145,#8147,#8148,.T.);
#7270=EDGE_CURVE('',#8147,#8149,#8150,.F.);
#7271=EDGE_CURVE('',#8149,#8151,#8152,.T.);
#7272=EDGE_CURVE('',#8151,#8153,#8154,.F.);
#7273=EDGE_CURVE('',#8153,#8155,#8156,.T.);
#7274=EDGE_CURVE('',#8155,#8157,#8158,.F.);
#7275=EDGE_CURVE('',#8157,#8159,#8160,.T.);
#7276=EDGE_CURVE('',#8159,#8161,#8162,.F.);
#7277=EDGE_CURVE('',#8161,#8163,#8164,.T.);
#7278=EDGE_CURVE('',#8163,#8165,#8166,.F.);
#7279=EDGE_CURVE('',#8165,#8167,#8168,.T.);
#7280=EDGE_CURVE('',#8167,#8169,#8170,.F.);
#7281=EDGE_CURVE('',#8169,#8171,#8172,.T.);
#7282=EDGE_CURVE('',#8171,#8173,#8174,.F.);
#7283=EDGE_CURVE('',#8173,#8175,#8176,.T.);
#7284=EDGE_CURVE('',#8175,#8177,#8178,.F.);
#7285=EDGE_CURVE('',#8177,#8179,#8180,.T.);
#7286=EDGE_CURVE('',#8179,#8181,#8182,.F.);
#7287=EDGE_CURVE('',#8181,#8183,#8184,.T.);
#7288=EDGE_CURVE('',#8183,#8185,#8186,.F.);
#7289=EDGE_CURVE('',#8185,#8187,#8188,.T.);
#7290=EDGE_CURVE('',#8187,#8189,#8190,.F.);
#7291=EDGE_CURVE('',#8189,#8191,#8192,.T.);
#7292=EDGE_CURVE('',#8191,#8193,#8194,.F.);
#7293=EDGE_CURVE('',#8193,#8195,#8196,.T.);
#7294=EDGE_CURVE('',#8195,#8197,#8198,.F.);
#7295=EDGE_CURVE('',#8197,#8199,#8200,.T.);
#7296=EDGE_CURVE('',#8199,#8201,#8202,.F.);
#7297=EDGE_CURVE('',#8201,#8203,#8204,.T.);
#7298=EDGE_CURVE('',#8203,#8205,#8206,.F.);
#7299=EDGE_CURVE('',#8205,#8207,#8208,.T.);
#7300=EDGE_CURVE('',#8207,#8209,#8210,.F.);
#7301=EDGE_CURVE('',#8209,#8211,#8212,.T.);
#7302=EDGE_CURVE('',#8211,#8078,#8213,.T.);
#7303=EDGE_CURVE('',#8076,#8214,#8215,.F.);
#7304=EDGE_CURVE('',#8214,#8216,#8217,.F.);
#7305=EDGE_CURVE('',#8216,#8218,#8219,.F.);
#7306=EDGE_CURVE('',#8218,#8220,#8221,.F.);
#7307=EDGE_CURVE('',#8220,#8081,#8222,.F.);
#7308=EDGE_CURVE('',#8036,#8214,#8223,.T.);
#7309=EDGE_CURVE('',#8034,#8216,#8224,.T.);
#7310=EDGE_CURVE('',#8032,#8218,#8225,.T.);
#7311=EDGE_CURVE('',#8030,#8220,#8226,.T.);
#7312=EDGE_CURVE('',#8028,#8081,#8227,.T.);
#7313=EDGE_CURVE('',#8228,#8229,#8230,.T.);
#7314=EDGE_CURVE('',#8229,#8042,#8231,.T.);
#7315=EDGE_CURVE('',#8232,#8211,#8233,.T.);
#7316=EDGE_CURVE('',#8234,#8232,#8235,.T.);
#7317=EDGE_CURVE('',#8228,#8234,#8236,.T.);
#7318=EDGE_CURVE('',#8044,#8237,#8238,.F.);
#7319=EDGE_CURVE('',#8229,#8237,#8239,.T.);
#7320=EDGE_CURVE('',#8240,#8241,#8242,.T.);
#7321=EDGE_CURVE('',#8240,#8243,#8244,.T.);
#7322=EDGE_CURVE('',#8243,#8046,#8245,.T.);
#7323=EDGE_CURVE('',#8237,#8241,#8246,.F.);
#7324=EDGE_CURVE('',#8243,#8247,#8248,.T.);
#7325=EDGE_CURVE('',#8247,#8048,#8249,.T.);
#7326=EDGE_CURVE('',#8250,#8251,#8252,.T.);
#7327=EDGE_CURVE('',#8253,#8250,#8254,.T.);
#7328=EDGE_CURVE('',#8255,#8253,#8256,.T.);
#7329=EDGE_CURVE('',#8251,#8255,#8257,.T.);
#7330=EDGE_CURVE('',#8258,#8259,#8260,.T.);
#7331=EDGE_CURVE('',#8261,#8258,#8262,.T.);
#7332=EDGE_CURVE('',#8263,#8261,#8264,.T.);
#7333=EDGE_CURVE('',#8259,#8263,#8265,.T.);
#7334=EDGE_CURVE('',#8266,#8267,#8268,.T.);
#7335=EDGE_CURVE('',#8269,#8266,#8270,.T.);
#7336=EDGE_CURVE('',#8271,#8269,#8272,.T.);
#7337=EDGE_CURVE('',#8267,#8271,#8273,.T.);
#7338=EDGE_CURVE('',#8274,#8275,#8276,.T.);
#7339=EDGE_CURVE('',#8277,#8274,#8278,.T.);
#7340=EDGE_CURVE('',#8279,#8277,#8280,.T.);
#7341=EDGE_CURVE('',#8275,#8279,#8281,.T.);
#7342=EDGE_CURVE('',#8282,#8283,#8284,.T.);
#7343=EDGE_CURVE('',#8285,#8282,#8286,.T.);
#7344=EDGE_CURVE('',#8287,#8285,#8288,.T.);
#7345=EDGE_CURVE('',#8283,#8287,#8289,.T.);
#7346=EDGE_CURVE('',#8290,#8291,#8292,.T.);
#7347=EDGE_CURVE('',#8293,#8290,#8294,.T.);
#7348=EDGE_CURVE('',#8295,#8293,#8296,.T.);
#7349=EDGE_CURVE('',#8291,#8295,#8297,.T.);
#7350=EDGE_CURVE('',#8298,#8299,#8300,.T.);
#7351=EDGE_CURVE('',#8301,#8298,#8302,.T.);
#7352=EDGE_CURVE('',#8303,#8301,#8304,.T.);
#7353=EDGE_CURVE('',#8299,#8303,#8305,.T.);
#7354=EDGE_CURVE('',#8306,#8307,#8308,.T.);
#7355=EDGE_CURVE('',#8309,#8306,#8310,.T.);
#7356=EDGE_CURVE('',#8311,#8309,#8312,.T.);
#7357=EDGE_CURVE('',#8307,#8311,#8313,.T.);
#7358=EDGE_CURVE('',#8314,#8315,#8316,.T.);
#7359=EDGE_CURVE('',#8317,#8314,#8318,.T.);
#7360=EDGE_CURVE('',#8319,#8317,#8320,.T.);
#7361=EDGE_CURVE('',#8315,#8319,#8321,.T.);
#7362=EDGE_CURVE('',#8322,#8323,#8324,.T.);
#7363=EDGE_CURVE('',#8325,#8322,#8326,.T.);
#7364=EDGE_CURVE('',#8327,#8325,#8328,.T.);
#7365=EDGE_CURVE('',#8323,#8327,#8329,.T.);
#7366=EDGE_CURVE('',#8330,#8331,#8332,.T.);
#7367=EDGE_CURVE('',#8333,#8330,#8334,.T.);
#7368=EDGE_CURVE('',#8335,#8333,#8336,.T.);
#7369=EDGE_CURVE('',#8331,#8335,#8337,.T.);
#7370=EDGE_CURVE('',#8338,#8339,#8340,.T.);
#7371=EDGE_CURVE('',#8341,#8338,#8342,.T.);
#7372=EDGE_CURVE('',#8343,#8341,#8344,.T.);
#7373=EDGE_CURVE('',#8339,#8343,#8345,.T.);
#7374=EDGE_CURVE('',#8346,#8347,#8348,.T.);
#7375=EDGE_CURVE('',#8349,#8346,#8350,.T.);
#7376=EDGE_CURVE('',#8351,#8349,#8352,.T.);
#7377=EDGE_CURVE('',#8347,#8351,#8353,.T.);
#7378=EDGE_CURVE('',#8354,#8355,#8356,.T.);
#7379=EDGE_CURVE('',#8357,#8354,#8358,.T.);
#7380=EDGE_CURVE('',#8359,#8357,#8360,.T.);
#7381=EDGE_CURVE('',#8355,#8359,#8361,.T.);
#7382=EDGE_CURVE('',#8362,#8363,#8364,.F.);
#7383=EDGE_CURVE('',#8362,#8365,#8366,.T.);
#7384=EDGE_CURVE('',#8365,#8050,#8367,.T.);
#7385=EDGE_CURVE('',#8363,#8247,#8368,.T.);
#7386=EDGE_CURVE('',#8365,#8369,#8370,.T.);
#7387=EDGE_CURVE('',#8052,#8369,#8371,.F.);
#7388=EDGE_CURVE('',#8369,#8372,#8373,.F.);
#7389=EDGE_CURVE('',#8372,#8374,#8375,.T.);
#7390=EDGE_CURVE('',#8374,#8376,#8377,.T.);
#7391=EDGE_CURVE('',#8376,#8097,#8378,.T.);
#7392=EDGE_CURVE('',#8095,#8054,#8379,.T.);
#7393=EDGE_CURVE('',#8093,#8056,#8380,.F.);
#7394=EDGE_CURVE('',#8058,#8091,#8381,.T.);
#7395=EDGE_CURVE('',#8060,#8089,#8382,.T.);
#7396=EDGE_CURVE('',#8062,#8087,#8383,.T.);
#7397=EDGE_CURVE('',#8064,#8085,#8384,.T.);
#7398=EDGE_CURVE('',#8066,#8083,#8385,.T.);
#7399=EDGE_CURVE('',#8386,#8099,#8387,.T.);
#7400=EDGE_CURVE('',#8386,#8376,#8388,.T.);
#7401=EDGE_CURVE('',#8389,#8386,#8390,.F.);
#7402=EDGE_CURVE('',#8101,#8389,#8391,.T.);
#7403=EDGE_CURVE('',#8392,#8389,#8393,.T.);
#7404=EDGE_CURVE('',#8392,#8103,#8394,.T.);
#7405=EDGE_CURVE('',#8395,#8396,#8397,.T.);
#7406=EDGE_CURVE('',#8398,#8395,#8399,.T.);
#7407=EDGE_CURVE('',#8400,#8398,#8401,.T.);
#7408=EDGE_CURVE('',#8396,#8400,#8402,.T.);
#7409=EDGE_CURVE('',#8403,#8392,#8404,.F.);
#7410=EDGE_CURVE('',#8105,#8403,#8405,.T.);
#7411=EDGE_CURVE('',#8406,#8107,#8407,.T.);
#7412=EDGE_CURVE('',#8406,#8403,#8408,.T.);
#7413=EDGE_CURVE('',#8409,#8406,#8410,.F.);
#7414=EDGE_CURVE('',#8109,#8409,#8411,.T.);
#7415=EDGE_CURVE('',#8412,#8409,#8413,.T.);
#7416=EDGE_CURVE('',#8412,#8111,#8414,.T.);
#7417=EDGE_CURVE('',#8415,#8416,#8417,.T.);
#7418=EDGE_CURVE('',#8418,#8415,#8419,.T.);
#7419=EDGE_CURVE('',#8420,#8418,#8421,.T.);
#7420=EDGE_CURVE('',#8416,#8420,#8422,.T.);
#7421=EDGE_CURVE('',#8113,#8423,#8424,.T.);
#7422=EDGE_CURVE('',#8423,#8412,#8425,.F.);
#7423=EDGE_CURVE('',#8426,#8423,#8427,.T.);
#7424=EDGE_CURVE('',#8426,#8115,#8428,.T.);
#7425=EDGE_CURVE('',#8429,#8426,#8430,.F.);
#7426=EDGE_CURVE('',#8117,#8429,#8431,.T.);
#7427=EDGE_CURVE('',#8432,#8429,#8433,.T.);
#7428=EDGE_CURVE('',#8432,#8119,#8434,.T.);
#7429=EDGE_CURVE('',#8435,#8436,#8437,.T.);
#7430=EDGE_CURVE('',#8438,#8435,#8439,.T.);
#7431=EDGE_CURVE('',#8440,#8438,#8441,.T.);
#7432=EDGE_CURVE('',#8436,#8440,#8442,.T.);
#7433=EDGE_CURVE('',#8121,#8443,#8444,.T.);
#7434=EDGE_CURVE('',#8443,#8432,#8445,.F.);
#7435=EDGE_CURVE('',#8446,#8443,#8447,.T.);
#7436=EDGE_CURVE('',#8446,#8123,#8448,.T.);
#7437=EDGE_CURVE('',#8449,#8446,#8450,.F.);
#7438=EDGE_CURVE('',#8125,#8449,#8451,.T.);
#7439=EDGE_CURVE('',#8452,#8449,#8453,.T.);
#7440=EDGE_CURVE('',#8452,#8127,#8454,.T.);
#7441=EDGE_CURVE('',#8455,#8456,#8457,.T.);
#7442=EDGE_CURVE('',#8458,#8455,#8459,.T.);
#7443=EDGE_CURVE('',#8460,#8458,#8461,.T.);
#7444=EDGE_CURVE('',#8456,#8460,#8462,.T.);
#7445=EDGE_CURVE('',#8129,#8463,#8464,.T.);
#7446=EDGE_CURVE('',#8463,#8452,#8465,.F.);
#7447=EDGE_CURVE('',#8466,#8463,#8467,.T.);
#7448=EDGE_CURVE('',#8466,#8131,#8468,.T.);
#7449=EDGE_CURVE('',#8469,#8466,#8470,.F.);
#7450=EDGE_CURVE('',#8133,#8469,#8471,.T.);
#7451=EDGE_CURVE('',#8472,#8469,#8473,.T.);
#7452=EDGE_CURVE('',#8472,#8135,#8474,.T.);
#7453=EDGE_CURVE('',#8475,#8476,#8477,.T.);
#7454=EDGE_CURVE('',#8478,#8475,#8479,.T.);
#7455=EDGE_CURVE('',#8480,#8478,#8481,.T.);
#7456=EDGE_CURVE('',#8476,#8480,#8482,.T.);
#7457=EDGE_CURVE('',#8137,#8483,#8484,.T.);
#7458=EDGE_CURVE('',#8483,#8472,#8485,.F.);
#7459=EDGE_CURVE('',#8486,#8483,#8487,.T.);
#7460=EDGE_CURVE('',#8486,#8139,#8488,.T.);
#7461=EDGE_CURVE('',#8489,#8486,#8490,.F.);
#7462=EDGE_CURVE('',#8141,#8489,#8491,.T.);
#7463=EDGE_CURVE('',#8492,#8489,#8493,.T.);
#7464=EDGE_CURVE('',#8492,#8143,#8494,.T.);
#7465=EDGE_CURVE('',#8495,#8496,#8497,.T.);
#7466=EDGE_CURVE('',#8498,#8495,#8499,.T.);
#7467=EDGE_CURVE('',#8500,#8498,#8501,.T.);
#7468=EDGE_CURVE('',#8496,#8500,#8502,.T.);
#7469=EDGE_CURVE('',#8145,#8503,#8504,.T.);
#7470=EDGE_CURVE('',#8503,#8492,#8505,.F.);
#7471=EDGE_CURVE('',#8506,#8503,#8507,.T.);
#7472=EDGE_CURVE('',#8506,#8147,#8508,.T.);
#7473=EDGE_CURVE('',#8509,#8506,#8510,.F.);
#7474=EDGE_CURVE('',#8149,#8509,#8511,.T.);
#7475=EDGE_CURVE('',#8512,#8509,#8513,.T.);
#7476=EDGE_CURVE('',#8512,#8151,#8514,.T.);
#7477=EDGE_CURVE('',#8515,#8516,#8517,.T.);
#7478=EDGE_CURVE('',#8518,#8515,#8519,.T.);
#7479=EDGE_CURVE('',#8520,#8518,#8521,.T.);
#7480=EDGE_CURVE('',#8516,#8520,#8522,.T.);
#7481=EDGE_CURVE('',#8153,#8523,#8524,.T.);
#7482=EDGE_CURVE('',#8523,#8512,#8525,.F.);
#7483=EDGE_CURVE('',#8526,#8523,#8527,.T.);
#7484=EDGE_CURVE('',#8526,#8155,#8528,.T.);
#7485=EDGE_CURVE('',#8529,#8526,#8530,.F.);
#7486=EDGE_CURVE('',#8157,#8529,#8531,.T.);
#7487=EDGE_CURVE('',#8532,#8529,#8533,.T.);
#7488=EDGE_CURVE('',#8532,#8159,#8534,.T.);
#7489=EDGE_CURVE('',#8535,#8536,#8537,.T.);
#7490=EDGE_CURVE('',#8538,#8535,#8539,.T.);
#7491=EDGE_CURVE('',#8540,#8538,#8541,.T.);
#7492=EDGE_CURVE('',#8536,#8540,#8542,.T.);
#7493=EDGE_CURVE('',#8161,#8543,#8544,.T.);
#7494=EDGE_CURVE('',#8543,#8532,#8545,.F.);
#7495=EDGE_CURVE('',#8546,#8543,#8547,.T.);
#7496=EDGE_CURVE('',#8546,#8163,#8548,.T.);
#7497=EDGE_CURVE('',#8549,#8546,#8550,.F.);
#7498=EDGE_CURVE('',#8165,#8549,#8551,.T.);
#7499=EDGE_CURVE('',#8552,#8549,#8553,.T.);
#7500=EDGE_CURVE('',#8552,#8167,#8554,.T.);
#7501=EDGE_CURVE('',#8555,#8556,#8557,.T.);
#7502=EDGE_CURVE('',#8558,#8555,#8559,.T.);
#7503=EDGE_CURVE('',#8560,#8558,#8561,.T.);
#7504=EDGE_CURVE('',#8556,#8560,#8562,.T.);
#7505=EDGE_CURVE('',#8169,#8563,#8564,.T.);
#7506=EDGE_CURVE('',#8563,#8552,#8565,.F.);
#7507=EDGE_CURVE('',#8566,#8563,#8567,.T.);
#7508=EDGE_CURVE('',#8566,#8171,#8568,.T.);
#7509=EDGE_CURVE('',#8569,#8566,#8570,.F.);
#7510=EDGE_CURVE('',#8173,#8569,#8571,.T.);
#7511=EDGE_CURVE('',#8572,#8569,#8573,.T.);
#7512=EDGE_CURVE('',#8572,#8175,#8574,.T.);
#7513=EDGE_CURVE('',#8575,#8576,#8577,.T.);
#7514=EDGE_CURVE('',#8578,#8575,#8579,.T.);
#7515=EDGE_CURVE('',#8580,#8578,#8581,.T.);
#7516=EDGE_CURVE('',#8576,#8580,#8582,.T.);
#7517=EDGE_CURVE('',#8177,#8583,#8584,.T.);
#7518=EDGE_CURVE('',#8583,#8572,#8585,.F.);
#7519=EDGE_CURVE('',#8586,#8583,#8587,.T.);
#7520=EDGE_CURVE('',#8586,#8179,#8588,.T.);
#7521=EDGE_CURVE('',#8589,#8586,#8590,.F.);
#7522=EDGE_CURVE('',#8181,#8589,#8591,.T.);
#7523=EDGE_CURVE('',#8592,#8589,#8593,.T.);
#7524=EDGE_CURVE('',#8592,#8183,#8594,.T.);
#7525=EDGE_CURVE('',#8595,#8596,#8597,.T.);
#7526=EDGE_CURVE('',#8598,#8595,#8599,.T.);
#7527=EDGE_CURVE('',#8600,#8598,#8601,.T.);
#7528=EDGE_CURVE('',#8596,#8600,#8602,.T.);
#7529=EDGE_CURVE('',#8185,#8603,#8604,.T.);
#7530=EDGE_CURVE('',#8603,#8592,#8605,.F.);
#7531=EDGE_CURVE('',#8606,#8603,#8607,.T.);
#7532=EDGE_CURVE('',#8606,#8187,#8608,.T.);
#7533=EDGE_CURVE('',#8609,#8606,#8610,.F.);
#7534=EDGE_CURVE('',#8189,#8609,#8611,.T.);
#7535=EDGE_CURVE('',#8612,#8609,#8613,.T.);
#7536=EDGE_CURVE('',#8612,#8191,#8614,.T.);
#7537=EDGE_CURVE('',#8615,#8616,#8617,.T.);
#7538=EDGE_CURVE('',#8618,#8615,#8619,.T.);
#7539=EDGE_CURVE('',#8620,#8618,#8621,.T.);
#7540=EDGE_CURVE('',#8616,#8620,#8622,.T.);
#7541=EDGE_CURVE('',#8193,#8623,#8624,.T.);
#7542=EDGE_CURVE('',#8623,#8612,#8625,.F.);
#7543=EDGE_CURVE('',#8626,#8623,#8627,.T.);
#7544=EDGE_CURVE('',#8626,#8195,#8628,.T.);
#7545=EDGE_CURVE('',#8629,#8626,#8630,.F.);
#7546=EDGE_CURVE('',#8197,#8629,#8631,.T.);
#7547=EDGE_CURVE('',#8632,#8629,#8633,.T.);
#7548=EDGE_CURVE('',#8632,#8199,#8634,.T.);
#7549=EDGE_CURVE('',#8635,#8636,#8637,.T.);
#7550=EDGE_CURVE('',#8638,#8635,#8639,.T.);
#7551=EDGE_CURVE('',#8640,#8638,#8641,.T.);
#7552=EDGE_CURVE('',#8636,#8640,#8642,.T.);
#7553=EDGE_CURVE('',#8201,#8643,#8644,.T.);
#7554=EDGE_CURVE('',#8643,#8632,#8645,.F.);
#7555=EDGE_CURVE('',#8646,#8643,#8647,.T.);
#7556=EDGE_CURVE('',#8646,#8203,#8648,.T.);
#7557=EDGE_CURVE('',#8649,#8646,#8650,.F.);
#7558=EDGE_CURVE('',#8205,#8649,#8651,.T.);
#7559=EDGE_CURVE('',#8652,#8649,#8653,.T.);
#7560=EDGE_CURVE('',#8652,#8207,#8654,.T.);
#7561=EDGE_CURVE('',#8655,#8656,#8657,.T.);
#7562=EDGE_CURVE('',#8658,#8655,#8659,.T.);
#7563=EDGE_CURVE('',#8660,#8658,#8661,.T.);
#7564=EDGE_CURVE('',#8656,#8660,#8662,.T.);
#7565=EDGE_CURVE('',#8209,#8663,#8664,.T.);
#7566=EDGE_CURVE('',#8663,#8652,#8665,.F.);
#7567=EDGE_CURVE('',#8663,#8232,#8666,.T.);
#7568=EDGE_CURVE('',#8241,#8667,#8668,.F.);
#7569=EDGE_CURVE('',#8667,#8228,#8669,.F.);
#7570=EDGE_CURVE('',#8234,#8374,#8670,.T.);
#7571=EDGE_CURVE('',#8671,#8672,#8673,.F.);
#7572=EDGE_CURVE('',#8672,#8674,#8675,.F.);
#7573=EDGE_CURVE('',#8674,#8667,#8676,.T.);
#7574=EDGE_CURVE('',#8372,#8671,#8677,.F.);
#7575=EDGE_CURVE('',#8240,#8674,#8678,.F.);
#7576=EDGE_CURVE('',#8363,#8240,#8679,.F.);
#7577=EDGE_CURVE('',#8680,#8681,#8682,.T.);
#7578=EDGE_CURVE('',#8250,#8680,#8683,.T.);
#7579=EDGE_CURVE('',#8251,#8681,#8684,.T.);
#7580=EDGE_CURVE('',#8685,#8680,#8686,.T.);
#7581=EDGE_CURVE('',#8253,#8685,#8687,.T.);
#7582=EDGE_CURVE('',#8688,#8685,#8689,.T.);
#7583=EDGE_CURVE('',#8255,#8688,#8690,.T.);
#7584=EDGE_CURVE('',#8681,#8688,#8691,.T.);
#7585=EDGE_CURVE('',#8692,#8693,#8694,.T.);
#7586=EDGE_CURVE('',#8258,#8692,#8695,.T.);
#7587=EDGE_CURVE('',#8259,#8693,#8696,.T.);
#7588=EDGE_CURVE('',#8697,#8692,#8698,.T.);
#7589=EDGE_CURVE('',#8261,#8697,#8699,.T.);
#7590=EDGE_CURVE('',#8700,#8697,#8701,.T.);
#7591=EDGE_CURVE('',#8263,#8700,#8702,.T.);
#7592=EDGE_CURVE('',#8693,#8700,#8703,.T.);
#7593=EDGE_CURVE('',#8704,#8705,#8706,.T.);
#7594=EDGE_CURVE('',#8266,#8704,#8707,.T.);
#7595=EDGE_CURVE('',#8267,#8705,#8708,.T.);
#7596=EDGE_CURVE('',#8709,#8704,#8710,.T.);
#7597=EDGE_CURVE('',#8269,#8709,#8711,.T.);
#7598=EDGE_CURVE('',#8712,#8709,#8713,.T.);
#7599=EDGE_CURVE('',#8271,#8712,#8714,.T.);
#7600=EDGE_CURVE('',#8705,#8712,#8715,.T.);
#7601=EDGE_CURVE('',#8716,#8717,#8718,.T.);
#7602=EDGE_CURVE('',#8274,#8716,#8719,.T.);
#7603=EDGE_CURVE('',#8275,#8717,#8720,.T.);
#7604=EDGE_CURVE('',#8721,#8716,#8722,.T.);
#7605=EDGE_CURVE('',#8277,#8721,#8723,.T.);
#7606=EDGE_CURVE('',#8724,#8721,#8725,.T.);
#7607=EDGE_CURVE('',#8279,#8724,#8726,.T.);
#7608=EDGE_CURVE('',#8717,#8724,#8727,.T.);
#7609=EDGE_CURVE('',#8728,#8729,#8730,.T.);
#7610=EDGE_CURVE('',#8282,#8728,#8731,.T.);
#7611=EDGE_CURVE('',#8283,#8729,#8732,.T.);
#7612=EDGE_CURVE('',#8733,#8728,#8734,.T.);
#7613=EDGE_CURVE('',#8285,#8733,#8735,.T.);
#7614=EDGE_CURVE('',#8736,#8733,#8737,.T.);
#7615=EDGE_CURVE('',#8287,#8736,#8738,.T.);
#7616=EDGE_CURVE('',#8729,#8736,#8739,.T.);
#7617=EDGE_CURVE('',#8740,#8741,#8742,.T.);
#7618=EDGE_CURVE('',#8290,#8740,#8743,.T.);
#7619=EDGE_CURVE('',#8291,#8741,#8744,.T.);
#7620=EDGE_CURVE('',#8745,#8740,#8746,.T.);
#7621=EDGE_CURVE('',#8293,#8745,#8747,.T.);
#7622=EDGE_CURVE('',#8748,#8745,#8749,.T.);
#7623=EDGE_CURVE('',#8295,#8748,#8750,.T.);
#7624=EDGE_CURVE('',#8741,#8748,#8751,.T.);
#7625=EDGE_CURVE('',#8752,#8753,#8754,.T.);
#7626=EDGE_CURVE('',#8298,#8752,#8755,.T.);
#7627=EDGE_CURVE('',#8299,#8753,#8756,.T.);
#7628=EDGE_CURVE('',#8757,#8752,#8758,.T.);
#7629=EDGE_CURVE('',#8301,#8757,#8759,.T.);
#7630=EDGE_CURVE('',#8760,#8757,#8761,.T.);
#7631=EDGE_CURVE('',#8303,#8760,#8762,.T.);
#7632=EDGE_CURVE('',#8753,#8760,#8763,.T.);
#7633=EDGE_CURVE('',#8764,#8765,#8766,.T.);
#7634=EDGE_CURVE('',#8306,#8764,#8767,.T.);
#7635=EDGE_CURVE('',#8307,#8765,#8768,.T.);
#7636=EDGE_CURVE('',#8769,#8764,#8770,.T.);
#7637=EDGE_CURVE('',#8309,#8769,#8771,.T.);
#7638=EDGE_CURVE('',#8772,#8769,#8773,.T.);
#7639=EDGE_CURVE('',#8311,#8772,#8774,.T.);
#7640=EDGE_CURVE('',#8765,#8772,#8775,.T.);
#7641=EDGE_CURVE('',#8776,#8777,#8778,.T.);
#7642=EDGE_CURVE('',#8314,#8776,#8779,.T.);
#7643=EDGE_CURVE('',#8315,#8777,#8780,.T.);
#7644=EDGE_CURVE('',#8781,#8776,#8782,.T.);
#7645=EDGE_CURVE('',#8317,#8781,#8783,.T.);
#7646=EDGE_CURVE('',#8784,#8781,#8785,.T.);
#7647=EDGE_CURVE('',#8319,#8784,#8786,.T.);
#7648=EDGE_CURVE('',#8777,#8784,#8787,.T.);
#7649=EDGE_CURVE('',#8788,#8789,#8790,.T.);
#7650=EDGE_CURVE('',#8322,#8788,#8791,.T.);
#7651=EDGE_CURVE('',#8323,#8789,#8792,.T.);
#7652=EDGE_CURVE('',#8793,#8788,#8794,.T.);
#7653=EDGE_CURVE('',#8325,#8793,#8795,.T.);
#7654=EDGE_CURVE('',#8796,#8793,#8797,.T.);
#7655=EDGE_CURVE('',#8327,#8796,#8798,.T.);
#7656=EDGE_CURVE('',#8789,#8796,#8799,.T.);
#7657=EDGE_CURVE('',#8800,#8801,#8802,.T.);
#7658=EDGE_CURVE('',#8330,#8800,#8803,.T.);
#7659=EDGE_CURVE('',#8331,#8801,#8804,.T.);
#7660=EDGE_CURVE('',#8805,#8800,#8806,.T.);
#7661=EDGE_CURVE('',#8333,#8805,#8807,.T.);
#7662=EDGE_CURVE('',#8808,#8805,#8809,.T.);
#7663=EDGE_CURVE('',#8335,#8808,#8810,.T.);
#7664=EDGE_CURVE('',#8801,#8808,#8811,.T.);
#7665=EDGE_CURVE('',#8812,#8813,#8814,.T.);
#7666=EDGE_CURVE('',#8338,#8812,#8815,.T.);
#7667=EDGE_CURVE('',#8339,#8813,#8816,.T.);
#7668=EDGE_CURVE('',#8817,#8812,#8818,.T.);
#7669=EDGE_CURVE('',#8341,#8817,#8819,.T.);
#7670=EDGE_CURVE('',#8820,#8817,#8821,.T.);
#7671=EDGE_CURVE('',#8343,#8820,#8822,.T.);
#7672=EDGE_CURVE('',#8813,#8820,#8823,.T.);
#7673=EDGE_CURVE('',#8824,#8825,#8826,.T.);
#7674=EDGE_CURVE('',#8346,#8824,#8827,.T.);
#7675=EDGE_CURVE('',#8347,#8825,#8828,.T.);
#7676=EDGE_CURVE('',#8829,#8824,#8830,.T.);
#7677=EDGE_CURVE('',#8349,#8829,#8831,.T.);
#7678=EDGE_CURVE('',#8832,#8829,#8833,.T.);
#7679=EDGE_CURVE('',#8351,#8832,#8834,.T.);
#7680=EDGE_CURVE('',#8825,#8832,#8835,.T.);
#7681=EDGE_CURVE('',#8836,#8837,#8838,.T.);
#7682=EDGE_CURVE('',#8354,#8836,#8839,.T.);
#7683=EDGE_CURVE('',#8355,#8837,#8840,.T.);
#7684=EDGE_CURVE('',#8841,#8836,#8842,.T.);
#7685=EDGE_CURVE('',#8357,#8841,#8843,.T.);
#7686=EDGE_CURVE('',#8844,#8841,#8845,.T.);
#7687=EDGE_CURVE('',#8359,#8844,#8846,.T.);
#7688=EDGE_CURVE('',#8837,#8844,#8847,.T.);
#7689=EDGE_CURVE('',#8671,#8362,#8848,.F.);
#7690=EDGE_CURVE('',#8363,#8672,#8849,.F.);
#7691=EDGE_CURVE('',#8850,#8851,#8852,.T.);
#7692=EDGE_CURVE('',#8851,#8395,#8853,.T.);
#7693=EDGE_CURVE('',#8850,#8396,#8854,.T.);
#7694=EDGE_CURVE('',#8851,#8855,#8856,.T.);
#7695=EDGE_CURVE('',#8855,#8398,#8857,.T.);
#7696=EDGE_CURVE('',#8855,#8858,#8859,.T.);
#7697=EDGE_CURVE('',#8858,#8400,#8860,.T.);
#7698=EDGE_CURVE('',#8858,#8850,#8861,.T.);
#7699=EDGE_CURVE('',#8862,#8863,#8864,.T.);
#7700=EDGE_CURVE('',#8863,#8415,#8865,.T.);
#7701=EDGE_CURVE('',#8862,#8416,#8866,.T.);
#7702=EDGE_CURVE('',#8863,#8867,#8868,.T.);
#7703=EDGE_CURVE('',#8867,#8418,#8869,.T.);
#7704=EDGE_CURVE('',#8867,#8870,#8871,.T.);
#7705=EDGE_CURVE('',#8870,#8420,#8872,.T.);
#7706=EDGE_CURVE('',#8870,#8862,#8873,.T.);
#7707=EDGE_CURVE('',#8874,#8875,#8876,.T.);
#7708=EDGE_CURVE('',#8875,#8435,#8877,.T.);
#7709=EDGE_CURVE('',#8874,#8436,#8878,.T.);
#7710=EDGE_CURVE('',#8875,#8879,#8880,.T.);
#7711=EDGE_CURVE('',#8879,#8438,#8881,.T.);
#7712=EDGE_CURVE('',#8879,#8882,#8883,.T.);
#7713=EDGE_CURVE('',#8882,#8440,#8884,.T.);
#7714=EDGE_CURVE('',#8882,#8874,#8885,.T.);
#7715=EDGE_CURVE('',#8886,#8887,#8888,.T.);
#7716=EDGE_CURVE('',#8887,#8455,#8889,.T.);
#7717=EDGE_CURVE('',#8886,#8456,#8890,.T.);
#7718=EDGE_CURVE('',#8887,#8891,#8892,.T.);
#7719=EDGE_CURVE('',#8891,#8458,#8893,.T.);
#7720=EDGE_CURVE('',#8891,#8894,#8895,.T.);
#7721=EDGE_CURVE('',#8894,#8460,#8896,.T.);
#7722=EDGE_CURVE('',#8894,#8886,#8897,.T.);
#7723=EDGE_CURVE('',#8898,#8899,#8900,.T.);
#7724=EDGE_CURVE('',#8899,#8475,#8901,.T.);
#7725=EDGE_CURVE('',#8898,#8476,#8902,.T.);
#7726=EDGE_CURVE('',#8899,#8903,#8904,.T.);
#7727=EDGE_CURVE('',#8903,#8478,#8905,.T.);
#7728=EDGE_CURVE('',#8903,#8906,#8907,.T.);
#7729=EDGE_CURVE('',#8906,#8480,#8908,.T.);
#7730=EDGE_CURVE('',#8906,#8898,#8909,.T.);
#7731=EDGE_CURVE('',#8910,#8911,#8912,.T.);
#7732=EDGE_CURVE('',#8911,#8495,#8913,.T.);
#7733=EDGE_CURVE('',#8910,#8496,#8914,.T.);
#7734=EDGE_CURVE('',#8911,#8915,#8916,.T.);
#7735=EDGE_CURVE('',#8915,#8498,#8917,.T.);
#7736=EDGE_CURVE('',#8915,#8918,#8919,.T.);
#7737=EDGE_CURVE('',#8918,#8500,#8920,.T.);
#7738=EDGE_CURVE('',#8918,#8910,#8921,.T.);
#7739=EDGE_CURVE('',#8922,#8923,#8924,.T.);
#7740=EDGE_CURVE('',#8923,#8515,#8925,.T.);
#7741=EDGE_CURVE('',#8922,#8516,#8926,.T.);
#7742=EDGE_CURVE('',#8923,#8927,#8928,.T.);
#7743=EDGE_CURVE('',#8927,#8518,#8929,.T.);
#7744=EDGE_CURVE('',#8927,#8930,#8931,.T.);
#7745=EDGE_CURVE('',#8930,#8520,#8932,.T.);
#7746=EDGE_CURVE('',#8930,#8922,#8933,.T.);
#7747=EDGE_CURVE('',#8934,#8935,#8936,.T.);
#7748=EDGE_CURVE('',#8935,#8535,#8937,.T.);
#7749=EDGE_CURVE('',#8934,#8536,#8938,.T.);
#7750=EDGE_CURVE('',#8935,#8939,#8940,.T.);
#7751=EDGE_CURVE('',#8939,#8538,#8941,.T.);
#7752=EDGE_CURVE('',#8939,#8942,#8943,.T.);
#7753=EDGE_CURVE('',#8942,#8540,#8944,.T.);
#7754=EDGE_CURVE('',#8942,#8934,#8945,.T.);
#7755=EDGE_CURVE('',#8946,#8947,#8948,.T.);
#7756=EDGE_CURVE('',#8947,#8555,#8949,.T.);
#7757=EDGE_CURVE('',#8946,#8556,#8950,.T.);
#7758=EDGE_CURVE('',#8947,#8951,#8952,.T.);
#7759=EDGE_CURVE('',#8951,#8558,#8953,.T.);
#7760=EDGE_CURVE('',#8951,#8954,#8955,.T.);
#7761=EDGE_CURVE('',#8954,#8560,#8956,.T.);
#7762=EDGE_CURVE('',#8954,#8946,#8957,.T.);
#7763=EDGE_CURVE('',#8958,#8959,#8960,.T.);
#7764=EDGE_CURVE('',#8959,#8575,#8961,.T.);
#7765=EDGE_CURVE('',#8958,#8576,#8962,.T.);
#7766=EDGE_CURVE('',#8959,#8963,#8964,.T.);
#7767=EDGE_CURVE('',#8963,#8578,#8965,.T.);
#7768=EDGE_CURVE('',#8963,#8966,#8967,.T.);
#7769=EDGE_CURVE('',#8966,#8580,#8968,.T.);
#7770=EDGE_CURVE('',#8966,#8958,#8969,.T.);
#7771=EDGE_CURVE('',#8970,#8971,#8972,.T.);
#7772=EDGE_CURVE('',#8971,#8595,#8973,.T.);
#7773=EDGE_CURVE('',#8970,#8596,#8974,.T.);
#7774=EDGE_CURVE('',#8971,#8975,#8976,.T.);
#7775=EDGE_CURVE('',#8975,#8598,#8977,.T.);
#7776=EDGE_CURVE('',#8975,#8978,#8979,.T.);
#7777=EDGE_CURVE('',#8978,#8600,#8980,.T.);
#7778=EDGE_CURVE('',#8978,#8970,#8981,.T.);
#7779=EDGE_CURVE('',#8982,#8983,#8984,.T.);
#7780=EDGE_CURVE('',#8983,#8615,#8985,.T.);
#7781=EDGE_CURVE('',#8982,#8616,#8986,.T.);
#7782=EDGE_CURVE('',#8983,#8987,#8988,.T.);
#7783=EDGE_CURVE('',#8987,#8618,#8989,.T.);
#7784=EDGE_CURVE('',#8987,#8990,#8991,.T.);
#7785=EDGE_CURVE('',#8990,#8620,#8992,.T.);
#7786=EDGE_CURVE('',#8990,#8982,#8993,.T.);
#7787=EDGE_CURVE('',#8994,#8995,#8996,.T.);
#7788=EDGE_CURVE('',#8995,#8635,#8997,.T.);
#7789=EDGE_CURVE('',#8994,#8636,#8998,.T.);
#7790=EDGE_CURVE('',#8995,#8999,#9000,.T.);
#7791=EDGE_CURVE('',#8999,#8638,#9001,.T.);
#7792=EDGE_CURVE('',#8999,#9002,#9003,.T.);
#7793=EDGE_CURVE('',#9002,#8640,#9004,.T.);
#7794=EDGE_CURVE('',#9002,#8994,#9005,.T.);
#7795=EDGE_CURVE('',#9006,#9007,#9008,.T.);
#7796=EDGE_CURVE('',#9007,#8655,#9009,.T.);
#7797=EDGE_CURVE('',#9006,#8656,#9010,.T.);
#7798=EDGE_CURVE('',#9007,#9011,#9012,.T.);
#7799=EDGE_CURVE('',#9011,#8658,#9013,.T.);
#7800=EDGE_CURVE('',#9011,#9014,#9015,.T.);
#7801=EDGE_CURVE('',#9014,#8660,#9016,.T.);
#7802=EDGE_CURVE('',#9014,#9006,#9017,.T.);
#7803=EDGE_CURVE('',#8681,#9018,#9019,.T.);
#7804=EDGE_CURVE('',#9020,#9018,#9021,.T.);
#7805=EDGE_CURVE('',#8680,#9020,#9022,.T.);
#7806=EDGE_CURVE('',#9023,#9020,#9024,.T.);
#7807=EDGE_CURVE('',#8685,#9023,#9025,.T.);
#7808=EDGE_CURVE('',#9026,#9023,#9027,.T.);
#7809=EDGE_CURVE('',#8688,#9026,#9028,.T.);
#7810=EDGE_CURVE('',#9018,#9026,#9029,.T.);
#7811=EDGE_CURVE('',#8693,#9030,#9031,.T.);
#7812=EDGE_CURVE('',#9032,#9030,#9033,.T.);
#7813=EDGE_CURVE('',#8692,#9032,#9034,.T.);
#7814=EDGE_CURVE('',#9035,#9032,#9036,.T.);
#7815=EDGE_CURVE('',#8697,#9035,#9037,.T.);
#7816=EDGE_CURVE('',#9038,#9035,#9039,.T.);
#7817=EDGE_CURVE('',#8700,#9038,#9040,.T.);
#7818=EDGE_CURVE('',#9030,#9038,#9041,.T.);
#7819=EDGE_CURVE('',#8705,#9042,#9043,.T.);
#7820=EDGE_CURVE('',#9044,#9042,#9045,.T.);
#7821=EDGE_CURVE('',#8704,#9044,#9046,.T.);
#7822=EDGE_CURVE('',#9047,#9044,#9048,.T.);
#7823=EDGE_CURVE('',#8709,#9047,#9049,.T.);
#7824=EDGE_CURVE('',#9050,#9047,#9051,.T.);
#7825=EDGE_CURVE('',#8712,#9050,#9052,.T.);
#7826=EDGE_CURVE('',#9042,#9050,#9053,.T.);
#7827=EDGE_CURVE('',#8717,#9054,#9055,.T.);
#7828=EDGE_CURVE('',#9056,#9054,#9057,.T.);
#7829=EDGE_CURVE('',#8716,#9056,#9058,.T.);
#7830=EDGE_CURVE('',#9059,#9056,#9060,.T.);
#7831=EDGE_CURVE('',#8721,#9059,#9061,.T.);
#7832=EDGE_CURVE('',#9062,#9059,#9063,.T.);
#7833=EDGE_CURVE('',#8724,#9062,#9064,.T.);
#7834=EDGE_CURVE('',#9054,#9062,#9065,.T.);
#7835=EDGE_CURVE('',#8729,#9066,#9067,.T.);
#7836=EDGE_CURVE('',#9068,#9066,#9069,.T.);
#7837=EDGE_CURVE('',#8728,#9068,#9070,.T.);
#7838=EDGE_CURVE('',#9071,#9068,#9072,.T.);
#7839=EDGE_CURVE('',#8733,#9071,#9073,.T.);
#7840=EDGE_CURVE('',#9074,#9071,#9075,.T.);
#7841=EDGE_CURVE('',#8736,#9074,#9076,.T.);
#7842=EDGE_CURVE('',#9066,#9074,#9077,.T.);
#7843=EDGE_CURVE('',#8741,#9078,#9079,.T.);
#7844=EDGE_CURVE('',#9080,#9078,#9081,.T.);
#7845=EDGE_CURVE('',#8740,#9080,#9082,.T.);
#7846=EDGE_CURVE('',#9083,#9080,#9084,.T.);
#7847=EDGE_CURVE('',#8745,#9083,#9085,.T.);
#7848=EDGE_CURVE('',#9086,#9083,#9087,.T.);
#7849=EDGE_CURVE('',#8748,#9086,#9088,.T.);
#7850=EDGE_CURVE('',#9078,#9086,#9089,.T.);
#7851=EDGE_CURVE('',#8753,#9090,#9091,.T.);
#7852=EDGE_CURVE('',#9092,#9090,#9093,.T.);
#7853=EDGE_CURVE('',#8752,#9092,#9094,.T.);
#7854=EDGE_CURVE('',#9095,#9092,#9096,.T.);
#7855=EDGE_CURVE('',#8757,#9095,#9097,.T.);
#7856=EDGE_CURVE('',#9098,#9095,#9099,.T.);
#7857=EDGE_CURVE('',#8760,#9098,#9100,.T.);
#7858=EDGE_CURVE('',#9090,#9098,#9101,.T.);
#7859=EDGE_CURVE('',#8765,#9102,#9103,.T.);
#7860=EDGE_CURVE('',#9104,#9102,#9105,.T.);
#7861=EDGE_CURVE('',#8764,#9104,#9106,.T.);
#7862=EDGE_CURVE('',#9107,#9104,#9108,.T.);
#7863=EDGE_CURVE('',#8769,#9107,#9109,.T.);
#7864=EDGE_CURVE('',#9110,#9107,#9111,.T.);
#7865=EDGE_CURVE('',#8772,#9110,#9112,.T.);
#7866=EDGE_CURVE('',#9102,#9110,#9113,.T.);
#7867=EDGE_CURVE('',#8777,#9114,#9115,.T.);
#7868=EDGE_CURVE('',#9116,#9114,#9117,.T.);
#7869=EDGE_CURVE('',#8776,#9116,#9118,.T.);
#7870=EDGE_CURVE('',#9119,#9116,#9120,.T.);
#7871=EDGE_CURVE('',#8781,#9119,#9121,.T.);
#7872=EDGE_CURVE('',#9122,#9119,#9123,.T.);
#7873=EDGE_CURVE('',#8784,#9122,#9124,.T.);
#7874=EDGE_CURVE('',#9114,#9122,#9125,.T.);
#7875=EDGE_CURVE('',#8789,#9126,#9127,.T.);
#7876=EDGE_CURVE('',#9128,#9126,#9129,.T.);
#7877=EDGE_CURVE('',#8788,#9128,#9130,.T.);
#7878=EDGE_CURVE('',#9131,#9128,#9132,.T.);
#7879=EDGE_CURVE('',#8793,#9131,#9133,.T.);
#7880=EDGE_CURVE('',#9134,#9131,#9135,.T.);
#7881=EDGE_CURVE('',#8796,#9134,#9136,.T.);
#7882=EDGE_CURVE('',#9126,#9134,#9137,.T.);
#7883=EDGE_CURVE('',#8801,#9138,#9139,.T.);
#7884=EDGE_CURVE('',#9140,#9138,#9141,.T.);
#7885=EDGE_CURVE('',#8800,#9140,#9142,.T.);
#7886=EDGE_CURVE('',#9143,#9140,#9144,.T.);
#7887=EDGE_CURVE('',#8805,#9143,#9145,.T.);
#7888=EDGE_CURVE('',#9146,#9143,#9147,.T.);
#7889=EDGE_CURVE('',#8808,#9146,#9148,.T.);
#7890=EDGE_CURVE('',#9138,#9146,#9149,.T.);
#7891=EDGE_CURVE('',#8813,#9150,#9151,.T.);
#7892=EDGE_CURVE('',#9152,#9150,#9153,.T.);
#7893=EDGE_CURVE('',#8812,#9152,#9154,.T.);
#7894=EDGE_CURVE('',#9155,#9152,#9156,.T.);
#7895=EDGE_CURVE('',#8817,#9155,#9157,.T.);
#7896=EDGE_CURVE('',#9158,#9155,#9159,.T.);
#7897=EDGE_CURVE('',#8820,#9158,#9160,.T.);
#7898=EDGE_CURVE('',#9150,#9158,#9161,.T.);
#7899=EDGE_CURVE('',#8825,#9162,#9163,.T.);
#7900=EDGE_CURVE('',#9164,#9162,#9165,.T.);
#7901=EDGE_CURVE('',#8824,#9164,#9166,.T.);
#7902=EDGE_CURVE('',#9167,#9164,#9168,.T.);
#7903=EDGE_CURVE('',#8829,#9167,#9169,.T.);
#7904=EDGE_CURVE('',#9170,#9167,#9171,.T.);
#7905=EDGE_CURVE('',#8832,#9170,#9172,.T.);
#7906=EDGE_CURVE('',#9162,#9170,#9173,.T.);
#7907=EDGE_CURVE('',#8837,#9174,#9175,.T.);
#7908=EDGE_CURVE('',#9176,#9174,#9177,.T.);
#7909=EDGE_CURVE('',#8836,#9176,#9178,.T.);
#7910=EDGE_CURVE('',#9179,#9176,#9180,.T.);
#7911=EDGE_CURVE('',#8841,#9179,#9181,.T.);
#7912=EDGE_CURVE('',#9182,#9179,#9183,.T.);
#7913=EDGE_CURVE('',#8844,#9182,#9184,.T.);
#7914=EDGE_CURVE('',#9174,#9182,#9185,.T.);
#7915=EDGE_CURVE('',#9186,#8850,#9187,.F.);
#7916=EDGE_CURVE('',#9186,#9188,#9189,.T.);
#7917=EDGE_CURVE('',#9188,#8851,#9190,.F.);
#7918=EDGE_CURVE('',#9188,#9191,#9192,.T.);
#7919=EDGE_CURVE('',#9191,#8855,#9193,.F.);
#7920=EDGE_CURVE('',#9191,#9194,#9195,.T.);
#7921=EDGE_CURVE('',#9194,#8858,#9196,.F.);
#7922=EDGE_CURVE('',#9194,#9186,#9197,.T.);
#7923=EDGE_CURVE('',#9198,#8862,#9199,.F.);
#7924=EDGE_CURVE('',#9198,#9200,#9201,.T.);
#7925=EDGE_CURVE('',#9200,#8863,#9202,.F.);
#7926=EDGE_CURVE('',#9200,#9203,#9204,.T.);
#7927=EDGE_CURVE('',#9203,#8867,#9205,.F.);
#7928=EDGE_CURVE('',#9203,#9206,#9207,.T.);
#7929=EDGE_CURVE('',#9206,#8870,#9208,.F.);
#7930=EDGE_CURVE('',#9206,#9198,#9209,.T.);
#7931=EDGE_CURVE('',#9210,#8874,#9211,.F.);
#7932=EDGE_CURVE('',#9210,#9212,#9213,.T.);
#7933=EDGE_CURVE('',#9212,#8875,#9214,.F.);
#7934=EDGE_CURVE('',#9212,#9215,#9216,.T.);
#7935=EDGE_CURVE('',#9215,#8879,#9217,.F.);
#7936=EDGE_CURVE('',#9215,#9218,#9219,.T.);
#7937=EDGE_CURVE('',#9218,#8882,#9220,.F.);
#7938=EDGE_CURVE('',#9218,#9210,#9221,.T.);
#7939=EDGE_CURVE('',#9222,#8886,#9223,.F.);
#7940=EDGE_CURVE('',#9222,#9224,#9225,.T.);
#7941=EDGE_CURVE('',#9224,#8887,#9226,.F.);
#7942=EDGE_CURVE('',#9224,#9227,#9228,.T.);
#7943=EDGE_CURVE('',#9227,#8891,#9229,.F.);
#7944=EDGE_CURVE('',#9227,#9230,#9231,.T.);
#7945=EDGE_CURVE('',#9230,#8894,#9232,.F.);
#7946=EDGE_CURVE('',#9230,#9222,#9233,.T.);
#7947=EDGE_CURVE('',#9234,#8898,#9235,.F.);
#7948=EDGE_CURVE('',#9234,#9236,#9237,.T.);
#7949=EDGE_CURVE('',#9236,#8899,#9238,.F.);
#7950=EDGE_CURVE('',#9236,#9239,#9240,.T.);
#7951=EDGE_CURVE('',#9239,#8903,#9241,.F.);
#7952=EDGE_CURVE('',#9239,#9242,#9243,.T.);
#7953=EDGE_CURVE('',#9242,#8906,#9244,.F.);
#7954=EDGE_CURVE('',#9242,#9234,#9245,.T.);
#7955=EDGE_CURVE('',#9246,#8910,#9247,.F.);
#7956=EDGE_CURVE('',#9246,#9248,#9249,.T.);
#7957=EDGE_CURVE('',#9248,#8911,#9250,.F.);
#7958=EDGE_CURVE('',#9248,#9251,#9252,.T.);
#7959=EDGE_CURVE('',#9251,#8915,#9253,.F.);
#7960=EDGE_CURVE('',#9251,#9254,#9255,.T.);
#7961=EDGE_CURVE('',#9254,#8918,#9256,.F.);
#7962=EDGE_CURVE('',#9254,#9246,#9257,.T.);
#7963=EDGE_CURVE('',#9258,#8922,#9259,.F.);
#7964=EDGE_CURVE('',#9258,#9260,#9261,.T.);
#7965=EDGE_CURVE('',#9260,#8923,#9262,.F.);
#7966=EDGE_CURVE('',#9260,#9263,#9264,.T.);
#7967=EDGE_CURVE('',#9263,#8927,#9265,.F.);
#7968=EDGE_CURVE('',#9263,#9266,#9267,.T.);
#7969=EDGE_CURVE('',#9266,#8930,#9268,.F.);
#7970=EDGE_CURVE('',#9266,#9258,#9269,.T.);
#7971=EDGE_CURVE('',#9270,#8934,#9271,.F.);
#7972=EDGE_CURVE('',#9270,#9272,#9273,.T.);
#7973=EDGE_CURVE('',#9272,#8935,#9274,.F.);
#7974=EDGE_CURVE('',#9272,#9275,#9276,.T.);
#7975=EDGE_CURVE('',#9275,#8939,#9277,.F.);
#7976=EDGE_CURVE('',#9275,#9278,#9279,.T.);
#7977=EDGE_CURVE('',#9278,#8942,#9280,.F.);
#7978=EDGE_CURVE('',#9278,#9270,#9281,.T.);
#7979=EDGE_CURVE('',#9282,#8946,#9283,.F.);
#7980=EDGE_CURVE('',#9282,#9284,#9285,.T.);
#7981=EDGE_CURVE('',#9284,#8947,#9286,.F.);
#7982=EDGE_CURVE('',#9284,#9287,#9288,.T.);
#7983=EDGE_CURVE('',#9287,#8951,#9289,.F.);
#7984=EDGE_CURVE('',#9287,#9290,#9291,.T.);
#7985=EDGE_CURVE('',#9290,#8954,#9292,.F.);
#7986=EDGE_CURVE('',#9290,#9282,#9293,.T.);
#7987=EDGE_CURVE('',#9294,#8958,#9295,.F.);
#7988=EDGE_CURVE('',#9294,#9296,#9297,.T.);
#7989=EDGE_CURVE('',#9296,#8959,#9298,.F.);
#7990=EDGE_CURVE('',#9296,#9299,#9300,.T.);
#7991=EDGE_CURVE('',#9299,#8963,#9301,.F.);
#7992=EDGE_CURVE('',#9299,#9302,#9303,.T.);
#7993=EDGE_CURVE('',#9302,#8966,#9304,.F.);
#7994=EDGE_CURVE('',#9302,#9294,#9305,.T.);
#7995=EDGE_CURVE('',#9306,#8970,#9307,.F.);
#7996=EDGE_CURVE('',#9306,#9308,#9309,.T.);
#7997=EDGE_CURVE('',#9308,#8971,#9310,.F.);
#7998=EDGE_CURVE('',#9308,#9311,#9312,.T.);
#7999=EDGE_CURVE('',#9311,#8975,#9313,.F.);
#8000=EDGE_CURVE('',#9311,#9314,#9315,.T.);
#8001=EDGE_CURVE('',#9314,#8978,#9316,.F.);
#8002=EDGE_CURVE('',#9314,#9306,#9317,.T.);
#8003=EDGE_CURVE('',#9318,#8982,#9319,.F.);
#8004=EDGE_CURVE('',#9318,#9320,#9321,.T.);
#8005=EDGE_CURVE('',#9320,#8983,#9322,.F.);
#8006=EDGE_CURVE('',#9320,#9323,#9324,.T.);
#8007=EDGE_CURVE('',#9323,#8987,#9325,.F.);
#8008=EDGE_CURVE('',#9323,#9326,#9327,.T.);
#8009=EDGE_CURVE('',#9326,#8990,#9328,.F.);
#8010=EDGE_CURVE('',#9326,#9318,#9329,.T.);
#8011=EDGE_CURVE('',#9330,#8994,#9331,.F.);
#8012=EDGE_CURVE('',#9330,#9332,#9333,.T.);
#8013=EDGE_CURVE('',#9332,#8995,#9334,.F.);
#8014=EDGE_CURVE('',#9332,#9335,#9336,.T.);
#8015=EDGE_CURVE('',#9335,#8999,#9337,.F.);
#8016=EDGE_CURVE('',#9335,#9338,#9339,.T.);
#8017=EDGE_CURVE('',#9338,#9002,#9340,.F.);
#8018=EDGE_CURVE('',#9338,#9330,#9341,.T.);
#8019=EDGE_CURVE('',#9342,#9006,#9343,.F.);
#8020=EDGE_CURVE('',#9342,#9344,#9345,.T.);
#8021=EDGE_CURVE('',#9344,#9007,#9346,.F.);
#8022=EDGE_CURVE('',#9344,#9347,#9348,.T.);
#8023=EDGE_CURVE('',#9347,#9011,#9349,.F.);
#8024=EDGE_CURVE('',#9347,#9350,#9351,.T.);
#8025=EDGE_CURVE('',#9350,#9014,#9352,.F.);
#8026=EDGE_CURVE('',#9350,#9342,#9353,.T.);
#8027=VERTEX_POINT('',#9354);
#8028=VERTEX_POINT('',#9355);
#8029=LINE('',#9356,#9357);
#8030=VERTEX_POINT('',#9359);
#8031=LINE('',#9360,#9361);
#8032=VERTEX_POINT('',#9363);
#8033=CIRCLE('',#9364,0.6);
#8034=VERTEX_POINT('',#9368);
#8035=LINE('',#9369,#9370);
#8036=VERTEX_POINT('',#9372);
#8037=LINE('',#9373,#9374);
#8038=VERTEX_POINT('',#9376);
#8039=LINE('',#9377,#9378);
#8040=VERTEX_POINT('',#9380);
#8041=LINE('',#9381,#9382);
#8042=VERTEX_POINT('',#9384);
#8043=LINE('',#9385,#9386);
#8044=VERTEX_POINT('',#9388);
#8045=LINE('',#9389,#9390);
#8046=VERTEX_POINT('',#9392);
#8047=LINE('',#9393,#9394);
#8048=VERTEX_POINT('',#9396);
#8049=LINE('',#9397,#9398);
#8050=VERTEX_POINT('',#9400);
#8051=LINE('',#9401,#9402);
#8052=VERTEX_POINT('',#9404);
#8053=LINE('',#9405,#9406);
#8054=VERTEX_POINT('',#9408);
#8055=LINE('',#9409,#9410);
#8056=VERTEX_POINT('',#9412);
#8057=LINE('',#9413,#9414);
#8058=VERTEX_POINT('',#9416);
#8059=LINE('',#9417,#9418);
#8060=VERTEX_POINT('',#9420);
#8061=LINE('',#9421,#9422);
#8062=VERTEX_POINT('',#9424);
#8063=LINE('',#9425,#9426);
#8064=VERTEX_POINT('',#9428);
#8065=CIRCLE('',#9429,0.6);
#8066=VERTEX_POINT('',#9433);
#8067=LINE('',#9434,#9435);
#8068=VERTEX_POINT('',#9437);
#8069=LINE('',#9438,#9439);
#8070=LINE('',#9441,#9442);
#8071=VERTEX_POINT('',#9444);
#8072=LINE('',#9445,#9446);
#8073=VERTEX_POINT('',#9448);
#8074=LINE('',#9449,#9450);
#8075=LINE('',#9452,#9453);
#8076=VERTEX_POINT('',#9455);
#8077=LINE('',#9456,#9457);
#8078=VERTEX_POINT('',#9459);
#8079=LINE('',#9460,#9461);
#8080=LINE('',#9463,#9464);
#8081=VERTEX_POINT('',#9466);
#8082=LINE('',#9467,#9468);
#8083=VERTEX_POINT('',#9470);
#8084=LINE('',#9471,#9472);
#8085=VERTEX_POINT('',#9474);
#8086=LINE('',#9475,#9476);
#8087=VERTEX_POINT('',#9478);
#8088=CIRCLE('',#9479,0.6);
#8089=VERTEX_POINT('',#9483);
#8090=LINE('',#9484,#9485);
#8091=VERTEX_POINT('',#9487);
#8092=LINE('',#9488,#9489);
#8093=VERTEX_POINT('',#9491);
#8094=LINE('',#9492,#9493);
#8095=VERTEX_POINT('',#9495);
#8096=LINE('',#9496,#9497);
#8097=VERTEX_POINT('',#9499);
#8098=LINE('',#9500,#9501);
#8099=VERTEX_POINT('',#9503);
#8100=LINE('',#9504,#9505);
#8101=VERTEX_POINT('',#9507);
#8102=LINE('',#9508,#9509);
#8103=VERTEX_POINT('',#9511);
#8104=LINE('',#9512,#9513);
#8105=VERTEX_POINT('',#9515);
#8106=LINE('',#9516,#9517);
#8107=VERTEX_POINT('',#9519);
#8108=LINE('',#9520,#9521);
#8109=VERTEX_POINT('',#9523);
#8110=LINE('',#9524,#9525);
#8111=VERTEX_POINT('',#9527);
#8112=LINE('',#9528,#9529);
#8113=VERTEX_POINT('',#9531);
#8114=LINE('',#9532,#9533);
#8115=VERTEX_POINT('',#9535);
#8116=LINE('',#9536,#9537);
#8117=VERTEX_POINT('',#9539);
#8118=LINE('',#9540,#9541);
#8119=VERTEX_POINT('',#9543);
#8120=LINE('',#9544,#9545);
#8121=VERTEX_POINT('',#9547);
#8122=LINE('',#9548,#9549);
#8123=VERTEX_POINT('',#9551);
#8124=LINE('',#9552,#9553);
#8125=VERTEX_POINT('',#9555);
#8126=LINE('',#9556,#9557);
#8127=VERTEX_POINT('',#9559);
#8128=LINE('',#9560,#9561);
#8129=VERTEX_POINT('',#9563);
#8130=LINE('',#9564,#9565);
#8131=VERTEX_POINT('',#9567);
#8132=LINE('',#9568,#9569);
#8133=VERTEX_POINT('',#9571);
#8134=LINE('',#9572,#9573);
#8135=VERTEX_POINT('',#9575);
#8136=LINE('',#9576,#9577);
#8137=VERTEX_POINT('',#9579);
#8138=LINE('',#9580,#9581);
#8139=VERTEX_POINT('',#9583);
#8140=LINE('',#9584,#9585);
#8141=VERTEX_POINT('',#9587);
#8142=LINE('',#9588,#9589);
#8143=VERTEX_POINT('',#9591);
#8144=LINE('',#9592,#9593);
#8145=VERTEX_POINT('',#9595);
#8146=LINE('',#9596,#9597);
#8147=VERTEX_POINT('',#9599);
#8148=LINE('',#9600,#9601);
#8149=VERTEX_POINT('',#9603);
#8150=LINE('',#9604,#9605);
#8151=VERTEX_POINT('',#9607);
#8152=LINE('',#9608,#9609);
#8153=VERTEX_POINT('',#9611);
#8154=LINE('',#9612,#9613);
#8155=VERTEX_POINT('',#9615);
#8156=LINE('',#9616,#9617);
#8157=VERTEX_POINT('',#9619);
#8158=LINE('',#9620,#9621);
#8159=VERTEX_POINT('',#9623);
#8160=LINE('',#9624,#9625);
#8161=VERTEX_POINT('',#9627);
#8162=LINE('',#9628,#9629);
#8163=VERTEX_POINT('',#9631);
#8164=LINE('',#9632,#9633);
#8165=VERTEX_POINT('',#9635);
#8166=LINE('',#9636,#9637);
#8167=VERTEX_POINT('',#9639);
#8168=LINE('',#9640,#9641);
#8169=VERTEX_POINT('',#9643);
#8170=LINE('',#9644,#9645);
#8171=VERTEX_POINT('',#9647);
#8172=LINE('',#9648,#9649);
#8173=VERTEX_POINT('',#9651);
#8174=LINE('',#9652,#9653);
#8175=VERTEX_POINT('',#9655);
#8176=LINE('',#9656,#9657);
#8177=VERTEX_POINT('',#9659);
#8178=LINE('',#9660,#9661);
#8179=VERTEX_POINT('',#9663);
#8180=LINE('',#9664,#9665);
#8181=VERTEX_POINT('',#9667);
#8182=LINE('',#9668,#9669);
#8183=VERTEX_POINT('',#9671);
#8184=LINE('',#9672,#9673);
#8185=VERTEX_POINT('',#9675);
#8186=LINE('',#9676,#9677);
#8187=VERTEX_POINT('',#9679);
#8188=LINE('',#9680,#9681);
#8189=VERTEX_POINT('',#9683);
#8190=LINE('',#9684,#9685);
#8191=VERTEX_POINT('',#9687);
#8192=LINE('',#9688,#9689);
#8193=VERTEX_POINT('',#9691);
#8194=LINE('',#9692,#9693);
#8195=VERTEX_POINT('',#9695);
#8196=LINE('',#9696,#9697);
#8197=VERTEX_POINT('',#9699);
#8198=LINE('',#9700,#9701);
#8199=VERTEX_POINT('',#9703);
#8200=LINE('',#9704,#9705);
#8201=VERTEX_POINT('',#9707);
#8202=LINE('',#9708,#9709);
#8203=VERTEX_POINT('',#9711);
#8204=LINE('',#9712,#9713);
#8205=VERTEX_POINT('',#9715);
#8206=LINE('',#9716,#9717);
#8207=VERTEX_POINT('',#9719);
#8208=LINE('',#9720,#9721);
#8209=VERTEX_POINT('',#9723);
#8210=LINE('',#9724,#9725);
#8211=VERTEX_POINT('',#9727);
#8212=LINE('',#9728,#9729);
#8213=LINE('',#9731,#9732);
#8214=VERTEX_POINT('',#9734);
#8215=LINE('',#9735,#9736);
#8216=VERTEX_POINT('',#9738);
#8217=LINE('',#9739,#9740);
#8218=VERTEX_POINT('',#9742);
#8219=LINE('',#9743,#9744);
#8220=VERTEX_POINT('',#9746);
#8221=CIRCLE('',#9747,0.6);
#8222=LINE('',#9751,#9752);
#8223=LINE('',#9754,#9755);
#8224=LINE('',#9757,#9758);
#8225=LINE('',#9760,#9761);
#8226=LINE('',#9763,#9764);
#8227=LINE('',#9766,#9767);
#8228=VERTEX_POINT('',#9769);
#8229=VERTEX_POINT('',#9770);
#8230=LINE('',#9771,#9772);
#8231=LINE('',#9774,#9775);
#8232=VERTEX_POINT('',#9777);
#8233=LINE('',#9778,#9779);
#8234=VERTEX_POINT('',#9781);
#8235=LINE('',#9782,#9783);
#8236=LINE('',#9785,#9786);
#8237=VERTEX_POINT('',#9788);
#8238=LINE('',#9789,#9790);
#8239=LINE('',#9792,#9793);
#8240=VERTEX_POINT('',#9795);
#8241=VERTEX_POINT('',#9796);
#8242=LINE('',#9797,#9798);
#8243=VERTEX_POINT('',#9800);
#8244=LINE('',#9801,#9802);
#8245=LINE('',#9804,#9805);
#8246=LINE('',#9807,#9808);
#8247=VERTEX_POINT('',#9810);
#8248=LINE('',#9811,#9812);
#8249=LINE('',#9814,#9815);
#8250=VERTEX_POINT('',#9817);
#8251=VERTEX_POINT('',#9818);
#8252=LINE('',#9819,#9820);
#8253=VERTEX_POINT('',#9822);
#8254=LINE('',#9823,#9824);
#8255=VERTEX_POINT('',#9826);
#8256=LINE('',#9827,#9828);
#8257=LINE('',#9830,#9831);
#8258=VERTEX_POINT('',#9833);
#8259=VERTEX_POINT('',#9834);
#8260=LINE('',#9835,#9836);
#8261=VERTEX_POINT('',#9838);
#8262=LINE('',#9839,#9840);
#8263=VERTEX_POINT('',#9842);
#8264=LINE('',#9843,#9844);
#8265=LINE('',#9846,#9847);
#8266=VERTEX_POINT('',#9849);
#8267=VERTEX_POINT('',#9850);
#8268=LINE('',#9851,#9852);
#8269=VERTEX_POINT('',#9854);
#8270=LINE('',#9855,#9856);
#8271=VERTEX_POINT('',#9858);
#8272=LINE('',#9859,#9860);
#8273=LINE('',#9862,#9863);
#8274=VERTEX_POINT('',#9865);
#8275=VERTEX_POINT('',#9866);
#8276=LINE('',#9867,#9868);
#8277=VERTEX_POINT('',#9870);
#8278=LINE('',#9871,#9872);
#8279=VERTEX_POINT('',#9874);
#8280=LINE('',#9875,#9876);
#8281=LINE('',#9878,#9879);
#8282=VERTEX_POINT('',#9881);
#8283=VERTEX_POINT('',#9882);
#8284=LINE('',#9883,#9884);
#8285=VERTEX_POINT('',#9886);
#8286=LINE('',#9887,#9888);
#8287=VERTEX_POINT('',#9890);
#8288=LINE('',#9891,#9892);
#8289=LINE('',#9894,#9895);
#8290=VERTEX_POINT('',#9897);
#8291=VERTEX_POINT('',#9898);
#8292=LINE('',#9899,#9900);
#8293=VERTEX_POINT('',#9902);
#8294=LINE('',#9903,#9904);
#8295=VERTEX_POINT('',#9906);
#8296=LINE('',#9907,#9908);
#8297=LINE('',#9910,#9911);
#8298=VERTEX_POINT('',#9913);
#8299=VERTEX_POINT('',#9914);
#8300=LINE('',#9915,#9916);
#8301=VERTEX_POINT('',#9918);
#8302=LINE('',#9919,#9920);
#8303=VERTEX_POINT('',#9922);
#8304=LINE('',#9923,#9924);
#8305=LINE('',#9926,#9927);
#8306=VERTEX_POINT('',#9929);
#8307=VERTEX_POINT('',#9930);
#8308=LINE('',#9931,#9932);
#8309=VERTEX_POINT('',#9934);
#8310=LINE('',#9935,#9936);
#8311=VERTEX_POINT('',#9938);
#8312=LINE('',#9939,#9940);
#8313=LINE('',#9942,#9943);
#8314=VERTEX_POINT('',#9945);
#8315=VERTEX_POINT('',#9946);
#8316=LINE('',#9947,#9948);
#8317=VERTEX_POINT('',#9950);
#8318=LINE('',#9951,#9952);
#8319=VERTEX_POINT('',#9954);
#8320=LINE('',#9955,#9956);
#8321=LINE('',#9958,#9959);
#8322=VERTEX_POINT('',#9961);
#8323=VERTEX_POINT('',#9962);
#8324=LINE('',#9963,#9964);
#8325=VERTEX_POINT('',#9966);
#8326=LINE('',#9967,#9968);
#8327=VERTEX_POINT('',#9970);
#8328=LINE('',#9971,#9972);
#8329=LINE('',#9974,#9975);
#8330=VERTEX_POINT('',#9977);
#8331=VERTEX_POINT('',#9978);
#8332=LINE('',#9979,#9980);
#8333=VERTEX_POINT('',#9982);
#8334=LINE('',#9983,#9984);
#8335=VERTEX_POINT('',#9986);
#8336=LINE('',#9987,#9988);
#8337=LINE('',#9990,#9991);
#8338=VERTEX_POINT('',#9993);
#8339=VERTEX_POINT('',#9994);
#8340=LINE('',#9995,#9996);
#8341=VERTEX_POINT('',#9998);
#8342=LINE('',#9999,#10000);
#8343=VERTEX_POINT('',#10002);
#8344=LINE('',#10003,#10004);
#8345=LINE('',#10006,#10007);
#8346=VERTEX_POINT('',#10009);
#8347=VERTEX_POINT('',#10010);
#8348=LINE('',#10011,#10012);
#8349=VERTEX_POINT('',#10014);
#8350=LINE('',#10015,#10016);
#8351=VERTEX_POINT('',#10018);
#8352=LINE('',#10019,#10020);
#8353=LINE('',#10022,#10023);
#8354=VERTEX_POINT('',#10025);
#8355=VERTEX_POINT('',#10026);
#8356=LINE('',#10027,#10028);
#8357=VERTEX_POINT('',#10030);
#8358=LINE('',#10031,#10032);
#8359=VERTEX_POINT('',#10034);
#8360=LINE('',#10035,#10036);
#8361=LINE('',#10038,#10039);
#8362=VERTEX_POINT('',#10041);
#8363=VERTEX_POINT('',#10042);
#8364=LINE('',#10043,#10044);
#8365=VERTEX_POINT('',#10046);
#8366=LINE('',#10047,#10048);
#8367=LINE('',#10050,#10051);
#8368=LINE('',#10053,#10054);
#8369=VERTEX_POINT('',#10056);
#8370=LINE('',#10057,#10058);
#8371=LINE('',#10060,#10061);
#8372=VERTEX_POINT('',#10063);
#8373=LINE('',#10064,#10065);
#8374=VERTEX_POINT('',#10067);
#8375=LINE('',#10068,#10069);
#8376=VERTEX_POINT('',#10071);
#8377=LINE('',#10072,#10073);
#8378=LINE('',#10075,#10076);
#8379=LINE('',#10078,#10079);
#8380=LINE('',#10081,#10082);
#8381=LINE('',#10084,#10085);
#8382=LINE('',#10087,#10088);
#8383=LINE('',#10090,#10091);
#8384=LINE('',#10093,#10094);
#8385=LINE('',#10096,#10097);
#8386=VERTEX_POINT('',#10099);
#8387=LINE('',#10100,#10101);
#8388=LINE('',#10103,#10104);
#8389=VERTEX_POINT('',#10106);
#8390=LINE('',#10107,#10108);
#8391=LINE('',#10110,#10111);
#8392=VERTEX_POINT('',#10113);
#8393=LINE('',#10114,#10115);
#8394=LINE('',#10117,#10118);
#8395=VERTEX_POINT('',#10120);
#8396=VERTEX_POINT('',#10121);
#8397=LINE('',#10122,#10123);
#8398=VERTEX_POINT('',#10125);
#8399=LINE('',#10126,#10127);
#8400=VERTEX_POINT('',#10129);
#8401=LINE('',#10130,#10131);
#8402=LINE('',#10133,#10134);
#8403=VERTEX_POINT('',#10136);
#8404=LINE('',#10137,#10138);
#8405=LINE('',#10140,#10141);
#8406=VERTEX_POINT('',#10143);
#8407=LINE('',#10144,#10145);
#8408=LINE('',#10147,#10148);
#8409=VERTEX_POINT('',#10150);
#8410=LINE('',#10151,#10152);
#8411=LINE('',#10154,#10155);
#8412=VERTEX_POINT('',#10157);
#8413=LINE('',#10158,#10159);
#8414=LINE('',#10161,#10162);
#8415=VERTEX_POINT('',#10164);
#8416=VERTEX_POINT('',#10165);
#8417=LINE('',#10166,#10167);
#8418=VERTEX_POINT('',#10169);
#8419=LINE('',#10170,#10171);
#8420=VERTEX_POINT('',#10173);
#8421=LINE('',#10174,#10175);
#8422=LINE('',#10177,#10178);
#8423=VERTEX_POINT('',#10180);
#8424=LINE('',#10181,#10182);
#8425=LINE('',#10184,#10185);
#8426=VERTEX_POINT('',#10187);
#8427=LINE('',#10188,#10189);
#8428=LINE('',#10191,#10192);
#8429=VERTEX_POINT('',#10194);
#8430=LINE('',#10195,#10196);
#8431=LINE('',#10198,#10199);
#8432=VERTEX_POINT('',#10201);
#8433=LINE('',#10202,#10203);
#8434=LINE('',#10205,#10206);
#8435=VERTEX_POINT('',#10208);
#8436=VERTEX_POINT('',#10209);
#8437=LINE('',#10210,#10211);
#8438=VERTEX_POINT('',#10213);
#8439=LINE('',#10214,#10215);
#8440=VERTEX_POINT('',#10217);
#8441=LINE('',#10218,#10219);
#8442=LINE('',#10221,#10222);
#8443=VERTEX_POINT('',#10224);
#8444=LINE('',#10225,#10226);
#8445=LINE('',#10228,#10229);
#8446=VERTEX_POINT('',#10231);
#8447=LINE('',#10232,#10233);
#8448=LINE('',#10235,#10236);
#8449=VERTEX_POINT('',#10238);
#8450=LINE('',#10239,#10240);
#8451=LINE('',#10242,#10243);
#8452=VERTEX_POINT('',#10245);
#8453=LINE('',#10246,#10247);
#8454=LINE('',#10249,#10250);
#8455=VERTEX_POINT('',#10252);
#8456=VERTEX_POINT('',#10253);
#8457=LINE('',#10254,#10255);
#8458=VERTEX_POINT('',#10257);
#8459=LINE('',#10258,#10259);
#8460=VERTEX_POINT('',#10261);
#8461=LINE('',#10262,#10263);
#8462=LINE('',#10265,#10266);
#8463=VERTEX_POINT('',#10268);
#8464=LINE('',#10269,#10270);
#8465=LINE('',#10272,#10273);
#8466=VERTEX_POINT('',#10275);
#8467=LINE('',#10276,#10277);
#8468=LINE('',#10279,#10280);
#8469=VERTEX_POINT('',#10282);
#8470=LINE('',#10283,#10284);
#8471=LINE('',#10286,#10287);
#8472=VERTEX_POINT('',#10289);
#8473=LINE('',#10290,#10291);
#8474=LINE('',#10293,#10294);
#8475=VERTEX_POINT('',#10296);
#8476=VERTEX_POINT('',#10297);
#8477=LINE('',#10298,#10299);
#8478=VERTEX_POINT('',#10301);
#8479=LINE('',#10302,#10303);
#8480=VERTEX_POINT('',#10305);
#8481=LINE('',#10306,#10307);
#8482=LINE('',#10309,#10310);
#8483=VERTEX_POINT('',#10312);
#8484=LINE('',#10313,#10314);
#8485=LINE('',#10316,#10317);
#8486=VERTEX_POINT('',#10319);
#8487=LINE('',#10320,#10321);
#8488=LINE('',#10323,#10324);
#8489=VERTEX_POINT('',#10326);
#8490=LINE('',#10327,#10328);
#8491=LINE('',#10330,#10331);
#8492=VERTEX_POINT('',#10333);
#8493=LINE('',#10334,#10335);
#8494=LINE('',#10337,#10338);
#8495=VERTEX_POINT('',#10340);
#8496=VERTEX_POINT('',#10341);
#8497=LINE('',#10342,#10343);
#8498=VERTEX_POINT('',#10345);
#8499=LINE('',#10346,#10347);
#8500=VERTEX_POINT('',#10349);
#8501=LINE('',#10350,#10351);
#8502=LINE('',#10353,#10354);
#8503=VERTEX_POINT('',#10356);
#8504=LINE('',#10357,#10358);
#8505=LINE('',#10360,#10361);
#8506=VERTEX_POINT('',#10363);
#8507=LINE('',#10364,#10365);
#8508=LINE('',#10367,#10368);
#8509=VERTEX_POINT('',#10370);
#8510=LINE('',#10371,#10372);
#8511=LINE('',#10374,#10375);
#8512=VERTEX_POINT('',#10377);
#8513=LINE('',#10378,#10379);
#8514=LINE('',#10381,#10382);
#8515=VERTEX_POINT('',#10384);
#8516=VERTEX_POINT('',#10385);
#8517=LINE('',#10386,#10387);
#8518=VERTEX_POINT('',#10389);
#8519=LINE('',#10390,#10391);
#8520=VERTEX_POINT('',#10393);
#8521=LINE('',#10394,#10395);
#8522=LINE('',#10397,#10398);
#8523=VERTEX_POINT('',#10400);
#8524=LINE('',#10401,#10402);
#8525=LINE('',#10404,#10405);
#8526=VERTEX_POINT('',#10407);
#8527=LINE('',#10408,#10409);
#8528=LINE('',#10411,#10412);
#8529=VERTEX_POINT('',#10414);
#8530=LINE('',#10415,#10416);
#8531=LINE('',#10418,#10419);
#8532=VERTEX_POINT('',#10421);
#8533=LINE('',#10422,#10423);
#8534=LINE('',#10425,#10426);
#8535=VERTEX_POINT('',#10428);
#8536=VERTEX_POINT('',#10429);
#8537=LINE('',#10430,#10431);
#8538=VERTEX_POINT('',#10433);
#8539=LINE('',#10434,#10435);
#8540=VERTEX_POINT('',#10437);
#8541=LINE('',#10438,#10439);
#8542=LINE('',#10441,#10442);
#8543=VERTEX_POINT('',#10444);
#8544=LINE('',#10445,#10446);
#8545=LINE('',#10448,#10449);
#8546=VERTEX_POINT('',#10451);
#8547=LINE('',#10452,#10453);
#8548=LINE('',#10455,#10456);
#8549=VERTEX_POINT('',#10458);
#8550=LINE('',#10459,#10460);
#8551=LINE('',#10462,#10463);
#8552=VERTEX_POINT('',#10465);
#8553=LINE('',#10466,#10467);
#8554=LINE('',#10469,#10470);
#8555=VERTEX_POINT('',#10472);
#8556=VERTEX_POINT('',#10473);
#8557=LINE('',#10474,#10475);
#8558=VERTEX_POINT('',#10477);
#8559=LINE('',#10478,#10479);
#8560=VERTEX_POINT('',#10481);
#8561=LINE('',#10482,#10483);
#8562=LINE('',#10485,#10486);
#8563=VERTEX_POINT('',#10488);
#8564=LINE('',#10489,#10490);
#8565=LINE('',#10492,#10493);
#8566=VERTEX_POINT('',#10495);
#8567=LINE('',#10496,#10497);
#8568=LINE('',#10499,#10500);
#8569=VERTEX_POINT('',#10502);
#8570=LINE('',#10503,#10504);
#8571=LINE('',#10506,#10507);
#8572=VERTEX_POINT('',#10509);
#8573=LINE('',#10510,#10511);
#8574=LINE('',#10513,#10514);
#8575=VERTEX_POINT('',#10516);
#8576=VERTEX_POINT('',#10517);
#8577=LINE('',#10518,#10519);
#8578=VERTEX_POINT('',#10521);
#8579=LINE('',#10522,#10523);
#8580=VERTEX_POINT('',#10525);
#8581=LINE('',#10526,#10527);
#8582=LINE('',#10529,#10530);
#8583=VERTEX_POINT('',#10532);
#8584=LINE('',#10533,#10534);
#8585=LINE('',#10536,#10537);
#8586=VERTEX_POINT('',#10539);
#8587=LINE('',#10540,#10541);
#8588=LINE('',#10543,#10544);
#8589=VERTEX_POINT('',#10546);
#8590=LINE('',#10547,#10548);
#8591=LINE('',#10550,#10551);
#8592=VERTEX_POINT('',#10553);
#8593=LINE('',#10554,#10555);
#8594=LINE('',#10557,#10558);
#8595=VERTEX_POINT('',#10560);
#8596=VERTEX_POINT('',#10561);
#8597=LINE('',#10562,#10563);
#8598=VERTEX_POINT('',#10565);
#8599=LINE('',#10566,#10567);
#8600=VERTEX_POINT('',#10569);
#8601=LINE('',#10570,#10571);
#8602=LINE('',#10573,#10574);
#8603=VERTEX_POINT('',#10576);
#8604=LINE('',#10577,#10578);
#8605=LINE('',#10580,#10581);
#8606=VERTEX_POINT('',#10583);
#8607=LINE('',#10584,#10585);
#8608=LINE('',#10587,#10588);
#8609=VERTEX_POINT('',#10590);
#8610=LINE('',#10591,#10592);
#8611=LINE('',#10594,#10595);
#8612=VERTEX_POINT('',#10597);
#8613=LINE('',#10598,#10599);
#8614=LINE('',#10601,#10602);
#8615=VERTEX_POINT('',#10604);
#8616=VERTEX_POINT('',#10605);
#8617=LINE('',#10606,#10607);
#8618=VERTEX_POINT('',#10609);
#8619=LINE('',#10610,#10611);
#8620=VERTEX_POINT('',#10613);
#8621=LINE('',#10614,#10615);
#8622=LINE('',#10617,#10618);
#8623=VERTEX_POINT('',#10620);
#8624=LINE('',#10621,#10622);
#8625=LINE('',#10624,#10625);
#8626=VERTEX_POINT('',#10627);
#8627=LINE('',#10628,#10629);
#8628=LINE('',#10631,#10632);
#8629=VERTEX_POINT('',#10634);
#8630=LINE('',#10635,#10636);
#8631=LINE('',#10638,#10639);
#8632=VERTEX_POINT('',#10641);
#8633=LINE('',#10642,#10643);
#8634=LINE('',#10645,#10646);
#8635=VERTEX_POINT('',#10648);
#8636=VERTEX_POINT('',#10649);
#8637=LINE('',#10650,#10651);
#8638=VERTEX_POINT('',#10653);
#8639=LINE('',#10654,#10655);
#8640=VERTEX_POINT('',#10657);
#8641=LINE('',#10658,#10659);
#8642=LINE('',#10661,#10662);
#8643=VERTEX_POINT('',#10664);
#8644=LINE('',#10665,#10666);
#8645=LINE('',#10668,#10669);
#8646=VERTEX_POINT('',#10671);
#8647=LINE('',#10672,#10673);
#8648=LINE('',#10675,#10676);
#8649=VERTEX_POINT('',#10678);
#8650=LINE('',#10679,#10680);
#8651=LINE('',#10682,#10683);
#8652=VERTEX_POINT('',#10685);
#8653=LINE('',#10686,#10687);
#8654=LINE('',#10689,#10690);
#8655=VERTEX_POINT('',#10692);
#8656=VERTEX_POINT('',#10693);
#8657=LINE('',#10694,#10695);
#8658=VERTEX_POINT('',#10697);
#8659=LINE('',#10698,#10699);
#8660=VERTEX_POINT('',#10701);
#8661=LINE('',#10702,#10703);
#8662=LINE('',#10705,#10706);
#8663=VERTEX_POINT('',#10708);
#8664=LINE('',#10709,#10710);
#8665=LINE('',#10712,#10713);
#8666=LINE('',#10715,#10716);
#8667=VERTEX_POINT('',#10718);
#8668=LINE('',#10719,#10720);
#8669=LINE('',#10722,#10723);
#8670=LINE('',#10725,#10726);
#8671=VERTEX_POINT('',#10728);
#8672=VERTEX_POINT('',#10729);
#8673=LINE('',#10730,#10731);
#8674=VERTEX_POINT('',#10733);
#8675=LINE('',#10734,#10735);
#8676=LINE('',#10737,#10738);
#8677=LINE('',#10740,#10741);
#8678=LINE('',#10743,#10744);
#8679=LINE('',#10746,#10747);
#8680=VERTEX_POINT('',#10749);
#8681=VERTEX_POINT('',#10750);
#8682=LINE('',#10751,#10752);
#8683=LINE('',#10754,#10755);
#8684=LINE('',#10757,#10758);
#8685=VERTEX_POINT('',#10760);
#8686=LINE('',#10761,#10762);
#8687=LINE('',#10764,#10765);
#8688=VERTEX_POINT('',#10767);
#8689=LINE('',#10768,#10769);
#8690=LINE('',#10771,#10772);
#8691=LINE('',#10774,#10775);
#8692=VERTEX_POINT('',#10777);
#8693=VERTEX_POINT('',#10778);
#8694=LINE('',#10779,#10780);
#8695=LINE('',#10782,#10783);
#8696=LINE('',#10785,#10786);
#8697=VERTEX_POINT('',#10788);
#8698=LINE('',#10789,#10790);
#8699=LINE('',#10792,#10793);
#8700=VERTEX_POINT('',#10795);
#8701=LINE('',#10796,#10797);
#8702=LINE('',#10799,#10800);
#8703=LINE('',#10802,#10803);
#8704=VERTEX_POINT('',#10805);
#8705=VERTEX_POINT('',#10806);
#8706=LINE('',#10807,#10808);
#8707=LINE('',#10810,#10811);
#8708=LINE('',#10813,#10814);
#8709=VERTEX_POINT('',#10816);
#8710=LINE('',#10817,#10818);
#8711=LINE('',#10820,#10821);
#8712=VERTEX_POINT('',#10823);
#8713=LINE('',#10824,#10825);
#8714=LINE('',#10827,#10828);
#8715=LINE('',#10830,#10831);
#8716=VERTEX_POINT('',#10833);
#8717=VERTEX_POINT('',#10834);
#8718=LINE('',#10835,#10836);
#8719=LINE('',#10838,#10839);
#8720=LINE('',#10841,#10842);
#8721=VERTEX_POINT('',#10844);
#8722=LINE('',#10845,#10846);
#8723=LINE('',#10848,#10849);
#8724=VERTEX_POINT('',#10851);
#8725=LINE('',#10852,#10853);
#8726=LINE('',#10855,#10856);
#8727=LINE('',#10858,#10859);
#8728=VERTEX_POINT('',#10861);
#8729=VERTEX_POINT('',#10862);
#8730=LINE('',#10863,#10864);
#8731=LINE('',#10866,#10867);
#8732=LINE('',#10869,#10870);
#8733=VERTEX_POINT('',#10872);
#8734=LINE('',#10873,#10874);
#8735=LINE('',#10876,#10877);
#8736=VERTEX_POINT('',#10879);
#8737=LINE('',#10880,#10881);
#8738=LINE('',#10883,#10884);
#8739=LINE('',#10886,#10887);
#8740=VERTEX_POINT('',#10889);
#8741=VERTEX_POINT('',#10890);
#8742=LINE('',#10891,#10892);
#8743=LINE('',#10894,#10895);
#8744=LINE('',#10897,#10898);
#8745=VERTEX_POINT('',#10900);
#8746=LINE('',#10901,#10902);
#8747=LINE('',#10904,#10905);
#8748=VERTEX_POINT('',#10907);
#8749=LINE('',#10908,#10909);
#8750=LINE('',#10911,#10912);
#8751=LINE('',#10914,#10915);
#8752=VERTEX_POINT('',#10917);
#8753=VERTEX_POINT('',#10918);
#8754=LINE('',#10919,#10920);
#8755=LINE('',#10922,#10923);
#8756=LINE('',#10925,#10926);
#8757=VERTEX_POINT('',#10928);
#8758=LINE('',#10929,#10930);
#8759=LINE('',#10932,#10933);
#8760=VERTEX_POINT('',#10935);
#8761=LINE('',#10936,#10937);
#8762=LINE('',#10939,#10940);
#8763=LINE('',#10942,#10943);
#8764=VERTEX_POINT('',#10945);
#8765=VERTEX_POINT('',#10946);
#8766=LINE('',#10947,#10948);
#8767=LINE('',#10950,#10951);
#8768=LINE('',#10953,#10954);
#8769=VERTEX_POINT('',#10956);
#8770=LINE('',#10957,#10958);
#8771=LINE('',#10960,#10961);
#8772=VERTEX_POINT('',#10963);
#8773=LINE('',#10964,#10965);
#8774=LINE('',#10967,#10968);
#8775=LINE('',#10970,#10971);
#8776=VERTEX_POINT('',#10973);
#8777=VERTEX_POINT('',#10974);
#8778=LINE('',#10975,#10976);
#8779=LINE('',#10978,#10979);
#8780=LINE('',#10981,#10982);
#8781=VERTEX_POINT('',#10984);
#8782=LINE('',#10985,#10986);
#8783=LINE('',#10988,#10989);
#8784=VERTEX_POINT('',#10991);
#8785=LINE('',#10992,#10993);
#8786=LINE('',#10995,#10996);
#8787=LINE('',#10998,#10999);
#8788=VERTEX_POINT('',#11001);
#8789=VERTEX_POINT('',#11002);
#8790=LINE('',#11003,#11004);
#8791=LINE('',#11006,#11007);
#8792=LINE('',#11009,#11010);
#8793=VERTEX_POINT('',#11012);
#8794=LINE('',#11013,#11014);
#8795=LINE('',#11016,#11017);
#8796=VERTEX_POINT('',#11019);
#8797=LINE('',#11020,#11021);
#8798=LINE('',#11023,#11024);
#8799=LINE('',#11026,#11027);
#8800=VERTEX_POINT('',#11029);
#8801=VERTEX_POINT('',#11030);
#8802=LINE('',#11031,#11032);
#8803=LINE('',#11034,#11035);
#8804=LINE('',#11037,#11038);
#8805=VERTEX_POINT('',#11040);
#8806=LINE('',#11041,#11042);
#8807=LINE('',#11044,#11045);
#8808=VERTEX_POINT('',#11047);
#8809=LINE('',#11048,#11049);
#8810=LINE('',#11051,#11052);
#8811=LINE('',#11054,#11055);
#8812=VERTEX_POINT('',#11057);
#8813=VERTEX_POINT('',#11058);
#8814=LINE('',#11059,#11060);
#8815=LINE('',#11062,#11063);
#8816=LINE('',#11065,#11066);
#8817=VERTEX_POINT('',#11068);
#8818=LINE('',#11069,#11070);
#8819=LINE('',#11072,#11073);
#8820=VERTEX_POINT('',#11075);
#8821=LINE('',#11076,#11077);
#8822=LINE('',#11079,#11080);
#8823=LINE('',#11082,#11083);
#8824=VERTEX_POINT('',#11085);
#8825=VERTEX_POINT('',#11086);
#8826=LINE('',#11087,#11088);
#8827=LINE('',#11090,#11091);
#8828=LINE('',#11093,#11094);
#8829=VERTEX_POINT('',#11096);
#8830=LINE('',#11097,#11098);
#8831=LINE('',#11100,#11101);
#8832=VERTEX_POINT('',#11103);
#8833=LINE('',#11104,#11105);
#8834=LINE('',#11107,#11108);
#8835=LINE('',#11110,#11111);
#8836=VERTEX_POINT('',#11113);
#8837=VERTEX_POINT('',#11114);
#8838=LINE('',#11115,#11116);
#8839=LINE('',#11118,#11119);
#8840=LINE('',#11121,#11122);
#8841=VERTEX_POINT('',#11124);
#8842=LINE('',#11125,#11126);
#8843=LINE('',#11128,#11129);
#8844=VERTEX_POINT('',#11131);
#8845=LINE('',#11132,#11133);
#8846=LINE('',#11135,#11136);
#8847=LINE('',#11138,#11139);
#8848=LINE('',#11141,#11142);
#8849=LINE('',#11144,#11145);
#8850=VERTEX_POINT('',#11147);
#8851=VERTEX_POINT('',#11148);
#8852=LINE('',#11149,#11150);
#8853=LINE('',#11152,#11153);
#8854=LINE('',#11155,#11156);
#8855=VERTEX_POINT('',#11158);
#8856=LINE('',#11159,#11160);
#8857=LINE('',#11162,#11163);
#8858=VERTEX_POINT('',#11165);
#8859=LINE('',#11166,#11167);
#8860=LINE('',#11169,#11170);
#8861=LINE('',#11172,#11173);
#8862=VERTEX_POINT('',#11175);
#8863=VERTEX_POINT('',#11176);
#8864=LINE('',#11177,#11178);
#8865=LINE('',#11180,#11181);
#8866=LINE('',#11183,#11184);
#8867=VERTEX_POINT('',#11186);
#8868=LINE('',#11187,#11188);
#8869=LINE('',#11190,#11191);
#8870=VERTEX_POINT('',#11193);
#8871=LINE('',#11194,#11195);
#8872=LINE('',#11197,#11198);
#8873=LINE('',#11200,#11201);
#8874=VERTEX_POINT('',#11203);
#8875=VERTEX_POINT('',#11204);
#8876=LINE('',#11205,#11206);
#8877=LINE('',#11208,#11209);
#8878=LINE('',#11211,#11212);
#8879=VERTEX_POINT('',#11214);
#8880=LINE('',#11215,#11216);
#8881=LINE('',#11218,#11219);
#8882=VERTEX_POINT('',#11221);
#8883=LINE('',#11222,#11223);
#8884=LINE('',#11225,#11226);
#8885=LINE('',#11228,#11229);
#8886=VERTEX_POINT('',#11231);
#8887=VERTEX_POINT('',#11232);
#8888=LINE('',#11233,#11234);
#8889=LINE('',#11236,#11237);
#8890=LINE('',#11239,#11240);
#8891=VERTEX_POINT('',#11242);
#8892=LINE('',#11243,#11244);
#8893=LINE('',#11246,#11247);
#8894=VERTEX_POINT('',#11249);
#8895=LINE('',#11250,#11251);
#8896=LINE('',#11253,#11254);
#8897=LINE('',#11256,#11257);
#8898=VERTEX_POINT('',#11259);
#8899=VERTEX_POINT('',#11260);
#8900=LINE('',#11261,#11262);
#8901=LINE('',#11264,#11265);
#8902=LINE('',#11267,#11268);
#8903=VERTEX_POINT('',#11270);
#8904=LINE('',#11271,#11272);
#8905=LINE('',#11274,#11275);
#8906=VERTEX_POINT('',#11277);
#8907=LINE('',#11278,#11279);
#8908=LINE('',#11281,#11282);
#8909=LINE('',#11284,#11285);
#8910=VERTEX_POINT('',#11287);
#8911=VERTEX_POINT('',#11288);
#8912=LINE('',#11289,#11290);
#8913=LINE('',#11292,#11293);
#8914=LINE('',#11295,#11296);
#8915=VERTEX_POINT('',#11298);
#8916=LINE('',#11299,#11300);
#8917=LINE('',#11302,#11303);
#8918=VERTEX_POINT('',#11305);
#8919=LINE('',#11306,#11307);
#8920=LINE('',#11309,#11310);
#8921=LINE('',#11312,#11313);
#8922=VERTEX_POINT('',#11315);
#8923=VERTEX_POINT('',#11316);
#8924=LINE('',#11317,#11318);
#8925=LINE('',#11320,#11321);
#8926=LINE('',#11323,#11324);
#8927=VERTEX_POINT('',#11326);
#8928=LINE('',#11327,#11328);
#8929=LINE('',#11330,#11331);
#8930=VERTEX_POINT('',#11333);
#8931=LINE('',#11334,#11335);
#8932=LINE('',#11337,#11338);
#8933=LINE('',#11340,#11341);
#8934=VERTEX_POINT('',#11343);
#8935=VERTEX_POINT('',#11344);
#8936=LINE('',#11345,#11346);
#8937=LINE('',#11348,#11349);
#8938=LINE('',#11351,#11352);
#8939=VERTEX_POINT('',#11354);
#8940=LINE('',#11355,#11356);
#8941=LINE('',#11358,#11359);
#8942=VERTEX_POINT('',#11361);
#8943=LINE('',#11362,#11363);
#8944=LINE('',#11365,#11366);
#8945=LINE('',#11368,#11369);
#8946=VERTEX_POINT('',#11371);
#8947=VERTEX_POINT('',#11372);
#8948=LINE('',#11373,#11374);
#8949=LINE('',#11376,#11377);
#8950=LINE('',#11379,#11380);
#8951=VERTEX_POINT('',#11382);
#8952=LINE('',#11383,#11384);
#8953=LINE('',#11386,#11387);
#8954=VERTEX_POINT('',#11389);
#8955=LINE('',#11390,#11391);
#8956=LINE('',#11393,#11394);
#8957=LINE('',#11396,#11397);
#8958=VERTEX_POINT('',#11399);
#8959=VERTEX_POINT('',#11400);
#8960=LINE('',#11401,#11402);
#8961=LINE('',#11404,#11405);
#8962=LINE('',#11407,#11408);
#8963=VERTEX_POINT('',#11410);
#8964=LINE('',#11411,#11412);
#8965=LINE('',#11414,#11415);
#8966=VERTEX_POINT('',#11417);
#8967=LINE('',#11418,#11419);
#8968=LINE('',#11421,#11422);
#8969=LINE('',#11424,#11425);
#8970=VERTEX_POINT('',#11427);
#8971=VERTEX_POINT('',#11428);
#8972=LINE('',#11429,#11430);
#8973=LINE('',#11432,#11433);
#8974=LINE('',#11435,#11436);
#8975=VERTEX_POINT('',#11438);
#8976=LINE('',#11439,#11440);
#8977=LINE('',#11442,#11443);
#8978=VERTEX_POINT('',#11445);
#8979=LINE('',#11446,#11447);
#8980=LINE('',#11449,#11450);
#8981=LINE('',#11452,#11453);
#8982=VERTEX_POINT('',#11455);
#8983=VERTEX_POINT('',#11456);
#8984=LINE('',#11457,#11458);
#8985=LINE('',#11460,#11461);
#8986=LINE('',#11463,#11464);
#8987=VERTEX_POINT('',#11466);
#8988=LINE('',#11467,#11468);
#8989=LINE('',#11470,#11471);
#8990=VERTEX_POINT('',#11473);
#8991=LINE('',#11474,#11475);
#8992=LINE('',#11477,#11478);
#8993=LINE('',#11480,#11481);
#8994=VERTEX_POINT('',#11483);
#8995=VERTEX_POINT('',#11484);
#8996=LINE('',#11485,#11486);
#8997=LINE('',#11488,#11489);
#8998=LINE('',#11491,#11492);
#8999=VERTEX_POINT('',#11494);
#9000=LINE('',#11495,#11496);
#9001=LINE('',#11498,#11499);
#9002=VERTEX_POINT('',#11501);
#9003=LINE('',#11502,#11503);
#9004=LINE('',#11505,#11506);
#9005=LINE('',#11508,#11509);
#9006=VERTEX_POINT('',#11511);
#9007=VERTEX_POINT('',#11512);
#9008=LINE('',#11513,#11514);
#9009=LINE('',#11516,#11517);
#9010=LINE('',#11519,#11520);
#9011=VERTEX_POINT('',#11522);
#9012=LINE('',#11523,#11524);
#9013=LINE('',#11526,#11527);
#9014=VERTEX_POINT('',#11529);
#9015=LINE('',#11530,#11531);
#9016=LINE('',#11533,#11534);
#9017=LINE('',#11536,#11537);
#9018=VERTEX_POINT('',#11539);
#9019=LINE('',#11540,#11541);
#9020=VERTEX_POINT('',#11543);
#9021=LINE('',#11544,#11545);
#9022=LINE('',#11547,#11548);
#9023=VERTEX_POINT('',#11550);
#9024=LINE('',#11551,#11552);
#9025=LINE('',#11554,#11555);
#9026=VERTEX_POINT('',#11557);
#9027=LINE('',#11558,#11559);
#9028=LINE('',#11561,#11562);
#9029=LINE('',#11564,#11565);
#9030=VERTEX_POINT('',#11567);
#9031=LINE('',#11568,#11569);
#9032=VERTEX_POINT('',#11571);
#9033=LINE('',#11572,#11573);
#9034=LINE('',#11575,#11576);
#9035=VERTEX_POINT('',#11578);
#9036=LINE('',#11579,#11580);
#9037=LINE('',#11582,#11583);
#9038=VERTEX_POINT('',#11585);
#9039=LINE('',#11586,#11587);
#9040=LINE('',#11589,#11590);
#9041=LINE('',#11592,#11593);
#9042=VERTEX_POINT('',#11595);
#9043=LINE('',#11596,#11597);
#9044=VERTEX_POINT('',#11599);
#9045=LINE('',#11600,#11601);
#9046=LINE('',#11603,#11604);
#9047=VERTEX_POINT('',#11606);
#9048=LINE('',#11607,#11608);
#9049=LINE('',#11610,#11611);
#9050=VERTEX_POINT('',#11613);
#9051=LINE('',#11614,#11615);
#9052=LINE('',#11617,#11618);
#9053=LINE('',#11620,#11621);
#9054=VERTEX_POINT('',#11623);
#9055=LINE('',#11624,#11625);
#9056=VERTEX_POINT('',#11627);
#9057=LINE('',#11628,#11629);
#9058=LINE('',#11631,#11632);
#9059=VERTEX_POINT('',#11634);
#9060=LINE('',#11635,#11636);
#9061=LINE('',#11638,#11639);
#9062=VERTEX_POINT('',#11641);
#9063=LINE('',#11642,#11643);
#9064=LINE('',#11645,#11646);
#9065=LINE('',#11648,#11649);
#9066=VERTEX_POINT('',#11651);
#9067=LINE('',#11652,#11653);
#9068=VERTEX_POINT('',#11655);
#9069=LINE('',#11656,#11657);
#9070=LINE('',#11659,#11660);
#9071=VERTEX_POINT('',#11662);
#9072=LINE('',#11663,#11664);
#9073=LINE('',#11666,#11667);
#9074=VERTEX_POINT('',#11669);
#9075=LINE('',#11670,#11671);
#9076=LINE('',#11673,#11674);
#9077=LINE('',#11676,#11677);
#9078=VERTEX_POINT('',#11679);
#9079=LINE('',#11680,#11681);
#9080=VERTEX_POINT('',#11683);
#9081=LINE('',#11684,#11685);
#9082=LINE('',#11687,#11688);
#9083=VERTEX_POINT('',#11690);
#9084=LINE('',#11691,#11692);
#9085=LINE('',#11694,#11695);
#9086=VERTEX_POINT('',#11697);
#9087=LINE('',#11698,#11699);
#9088=LINE('',#11701,#11702);
#9089=LINE('',#11704,#11705);
#9090=VERTEX_POINT('',#11707);
#9091=LINE('',#11708,#11709);
#9092=VERTEX_POINT('',#11711);
#9093=LINE('',#11712,#11713);
#9094=LINE('',#11715,#11716);
#9095=VERTEX_POINT('',#11718);
#9096=LINE('',#11719,#11720);
#9097=LINE('',#11722,#11723);
#9098=VERTEX_POINT('',#11725);
#9099=LINE('',#11726,#11727);
#9100=LINE('',#11729,#11730);
#9101=LINE('',#11732,#11733);
#9102=VERTEX_POINT('',#11735);
#9103=LINE('',#11736,#11737);
#9104=VERTEX_POINT('',#11739);
#9105=LINE('',#11740,#11741);
#9106=LINE('',#11743,#11744);
#9107=VERTEX_POINT('',#11746);
#9108=LINE('',#11747,#11748);
#9109=LINE('',#11750,#11751);
#9110=VERTEX_POINT('',#11753);
#9111=LINE('',#11754,#11755);
#9112=LINE('',#11757,#11758);
#9113=LINE('',#11760,#11761);
#9114=VERTEX_POINT('',#11763);
#9115=LINE('',#11764,#11765);
#9116=VERTEX_POINT('',#11767);
#9117=LINE('',#11768,#11769);
#9118=LINE('',#11771,#11772);
#9119=VERTEX_POINT('',#11774);
#9120=LINE('',#11775,#11776);
#9121=LINE('',#11778,#11779);
#9122=VERTEX_POINT('',#11781);
#9123=LINE('',#11782,#11783);
#9124=LINE('',#11785,#11786);
#9125=LINE('',#11788,#11789);
#9126=VERTEX_POINT('',#11791);
#9127=LINE('',#11792,#11793);
#9128=VERTEX_POINT('',#11795);
#9129=LINE('',#11796,#11797);
#9130=LINE('',#11799,#11800);
#9131=VERTEX_POINT('',#11802);
#9132=LINE('',#11803,#11804);
#9133=LINE('',#11806,#11807);
#9134=VERTEX_POINT('',#11809);
#9135=LINE('',#11810,#11811);
#9136=LINE('',#11813,#11814);
#9137=LINE('',#11816,#11817);
#9138=VERTEX_POINT('',#11819);
#9139=LINE('',#11820,#11821);
#9140=VERTEX_POINT('',#11823);
#9141=LINE('',#11824,#11825);
#9142=LINE('',#11827,#11828);
#9143=VERTEX_POINT('',#11830);
#9144=LINE('',#11831,#11832);
#9145=LINE('',#11834,#11835);
#9146=VERTEX_POINT('',#11837);
#9147=LINE('',#11838,#11839);
#9148=LINE('',#11841,#11842);
#9149=LINE('',#11844,#11845);
#9150=VERTEX_POINT('',#11847);
#9151=LINE('',#11848,#11849);
#9152=VERTEX_POINT('',#11851);
#9153=LINE('',#11852,#11853);
#9154=LINE('',#11855,#11856);
#9155=VERTEX_POINT('',#11858);
#9156=LINE('',#11859,#11860);
#9157=LINE('',#11862,#11863);
#9158=VERTEX_POINT('',#11865);
#9159=LINE('',#11866,#11867);
#9160=LINE('',#11869,#11870);
#9161=LINE('',#11872,#11873);
#9162=VERTEX_POINT('',#11875);
#9163=LINE('',#11876,#11877);
#9164=VERTEX_POINT('',#11879);
#9165=LINE('',#11880,#11881);
#9166=LINE('',#11883,#11884);
#9167=VERTEX_POINT('',#11886);
#9168=LINE('',#11887,#11888);
#9169=LINE('',#11890,#11891);
#9170=VERTEX_POINT('',#11893);
#9171=LINE('',#11894,#11895);
#9172=LINE('',#11897,#11898);
#9173=LINE('',#11900,#11901);
#9174=VERTEX_POINT('',#11903);
#9175=LINE('',#11904,#11905);
#9176=VERTEX_POINT('',#11907);
#9177=LINE('',#11908,#11909);
#9178=LINE('',#11911,#11912);
#9179=VERTEX_POINT('',#11914);
#9180=LINE('',#11915,#11916);
#9181=LINE('',#11918,#11919);
#9182=VERTEX_POINT('',#11921);
#9183=LINE('',#11922,#11923);
#9184=LINE('',#11925,#11926);
#9185=LINE('',#11928,#11929);
#9186=VERTEX_POINT('',#11931);
#9187=LINE('',#11932,#11933);
#9188=VERTEX_POINT('',#11935);
#9189=LINE('',#11936,#11937);
#9190=LINE('',#11939,#11940);
#9191=VERTEX_POINT('',#11942);
#9192=LINE('',#11943,#11944);
#9193=LINE('',#11946,#11947);
#9194=VERTEX_POINT('',#11949);
#9195=LINE('',#11950,#11951);
#9196=LINE('',#11953,#11954);
#9197=LINE('',#11956,#11957);
#9198=VERTEX_POINT('',#11959);
#9199=LINE('',#11960,#11961);
#9200=VERTEX_POINT('',#11963);
#9201=LINE('',#11964,#11965);
#9202=LINE('',#11967,#11968);
#9203=VERTEX_POINT('',#11970);
#9204=LINE('',#11971,#11972);
#9205=LINE('',#11974,#11975);
#9206=VERTEX_POINT('',#11977);
#9207=LINE('',#11978,#11979);
#9208=LINE('',#11981,#11982);
#9209=LINE('',#11984,#11985);
#9210=VERTEX_POINT('',#11987);
#9211=LINE('',#11988,#11989);
#9212=VERTEX_POINT('',#11991);
#9213=LINE('',#11992,#11993);
#9214=LINE('',#11995,#11996);
#9215=VERTEX_POINT('',#11998);
#9216=LINE('',#11999,#12000);
#9217=LINE('',#12002,#12003);
#9218=VERTEX_POINT('',#12005);
#9219=LINE('',#12006,#12007);
#9220=LINE('',#12009,#12010);
#9221=LINE('',#12012,#12013);
#9222=VERTEX_POINT('',#12015);
#9223=LINE('',#12016,#12017);
#9224=VERTEX_POINT('',#12019);
#9225=LINE('',#12020,#12021);
#9226=LINE('',#12023,#12024);
#9227=VERTEX_POINT('',#12026);
#9228=LINE('',#12027,#12028);
#9229=LINE('',#12030,#12031);
#9230=VERTEX_POINT('',#12033);
#9231=LINE('',#12034,#12035);
#9232=LINE('',#12037,#12038);
#9233=LINE('',#12040,#12041);
#9234=VERTEX_POINT('',#12043);
#9235=LINE('',#12044,#12045);
#9236=VERTEX_POINT('',#12047);
#9237=LINE('',#12048,#12049);
#9238=LINE('',#12051,#12052);
#9239=VERTEX_POINT('',#12054);
#9240=LINE('',#12055,#12056);
#9241=LINE('',#12058,#12059);
#9242=VERTEX_POINT('',#12061);
#9243=LINE('',#12062,#12063);
#9244=LINE('',#12065,#12066);
#9245=LINE('',#12068,#12069);
#9246=VERTEX_POINT('',#12071);
#9247=LINE('',#12072,#12073);
#9248=VERTEX_POINT('',#12075);
#9249=LINE('',#12076,#12077);
#9250=LINE('',#12079,#12080);
#9251=VERTEX_POINT('',#12082);
#9252=LINE('',#12083,#12084);
#9253=LINE('',#12086,#12087);
#9254=VERTEX_POINT('',#12089);
#9255=LINE('',#12090,#12091);
#9256=LINE('',#12093,#12094);
#9257=LINE('',#12096,#12097);
#9258=VERTEX_POINT('',#12099);
#9259=LINE('',#12100,#12101);
#9260=VERTEX_POINT('',#12103);
#9261=LINE('',#12104,#12105);
#9262=LINE('',#12107,#12108);
#9263=VERTEX_POINT('',#12110);
#9264=LINE('',#12111,#12112);
#9265=LINE('',#12114,#12115);
#9266=VERTEX_POINT('',#12117);
#9267=LINE('',#12118,#12119);
#9268=LINE('',#12121,#12122);
#9269=LINE('',#12124,#12125);
#9270=VERTEX_POINT('',#12127);
#9271=LINE('',#12128,#12129);
#9272=VERTEX_POINT('',#12131);
#9273=LINE('',#12132,#12133);
#9274=LINE('',#12135,#12136);
#9275=VERTEX_POINT('',#12138);
#9276=LINE('',#12139,#12140);
#9277=LINE('',#12142,#12143);
#9278=VERTEX_POINT('',#12145);
#9279=LINE('',#12146,#12147);
#9280=LINE('',#12149,#12150);
#9281=LINE('',#12152,#12153);
#9282=VERTEX_POINT('',#12155);
#9283=LINE('',#12156,#12157);
#9284=VERTEX_POINT('',#12159);
#9285=LINE('',#12160,#12161);
#9286=LINE('',#12163,#12164);
#9287=VERTEX_POINT('',#12166);
#9288=LINE('',#12167,#12168);
#9289=LINE('',#12170,#12171);
#9290=VERTEX_POINT('',#12173);
#9291=LINE('',#12174,#12175);
#9292=LINE('',#12177,#12178);
#9293=LINE('',#12180,#12181);
#9294=VERTEX_POINT('',#12183);
#9295=LINE('',#12184,#12185);
#9296=VERTEX_POINT('',#12187);
#9297=LINE('',#12188,#12189);
#9298=LINE('',#12191,#12192);
#9299=VERTEX_POINT('',#12194);
#9300=LINE('',#12195,#12196);
#9301=LINE('',#12198,#12199);
#9302=VERTEX_POINT('',#12201);
#9303=LINE('',#12202,#12203);
#9304=LINE('',#12205,#12206);
#9305=LINE('',#12208,#12209);
#9306=VERTEX_POINT('',#12211);
#9307=LINE('',#12212,#12213);
#9308=VERTEX_POINT('',#12215);
#9309=LINE('',#12216,#12217);
#9310=LINE('',#12219,#12220);
#9311=VERTEX_POINT('',#12222);
#9312=LINE('',#12223,#12224);
#9313=LINE('',#12226,#12227);
#9314=VERTEX_POINT('',#12229);
#9315=LINE('',#12230,#12231);
#9316=LINE('',#12233,#12234);
#9317=LINE('',#12236,#12237);
#9318=VERTEX_POINT('',#12239);
#9319=LINE('',#12240,#12241);
#9320=VERTEX_POINT('',#12243);
#9321=LINE('',#12244,#12245);
#9322=LINE('',#12247,#12248);
#9323=VERTEX_POINT('',#12250);
#9324=LINE('',#12251,#12252);
#9325=LINE('',#12254,#12255);
#9326=VERTEX_POINT('',#12257);
#9327=LINE('',#12258,#12259);
#9328=LINE('',#12261,#12262);
#9329=LINE('',#12264,#12265);
#9330=VERTEX_POINT('',#12267);
#9331=LINE('',#12268,#12269);
#9332=VERTEX_POINT('',#12271);
#9333=LINE('',#12272,#12273);
#9334=LINE('',#12275,#12276);
#9335=VERTEX_POINT('',#12278);
#9336=LINE('',#12279,#12280);
#9337=LINE('',#12282,#12283);
#9338=VERTEX_POINT('',#12285);
#9339=LINE('',#12286,#12287);
#9340=LINE('',#12289,#12290);
#9341=LINE('',#12292,#12293);
#9342=VERTEX_POINT('',#12295);
#9343=LINE('',#12296,#12297);
#9344=VERTEX_POINT('',#12299);
#9345=LINE('',#12300,#12301);
#9346=LINE('',#12303,#12304);
#9347=VERTEX_POINT('',#12306);
#9348=LINE('',#12307,#12308);
#9349=LINE('',#12310,#12311);
#9350=VERTEX_POINT('',#12313);
#9351=LINE('',#12314,#12315);
#9352=LINE('',#12317,#12318);
#9353=LINE('',#12320,#12321);
#9354=CARTESIAN_POINT('',(31.25,-1.5,7.));
#9355=CARTESIAN_POINT('',(31.25,-1.5,3.));
#9356=CARTESIAN_POINT('',(31.25,-1.5,7.));
#9357=VECTOR('',#9358,1.);
#9358=DIRECTION('',(0.,0.,-1.));
#9359=CARTESIAN_POINT('',(33.15,-1.5,3.));
#9360=CARTESIAN_POINT('',(31.25,-1.5,3.));
#9361=VECTOR('',#9362,1.);
#9362=DIRECTION('',(1.,0.,0.));
#9363=CARTESIAN_POINT('',(33.75,-1.5,3.6));
#9364=AXIS2_PLACEMENT_3D('',#9365,#9366,#9367);
#9365=CARTESIAN_POINT('',(33.15,-1.5,3.6));
#9366=DIRECTION('',(0.,-1.,0.));
#9367=DIRECTION('',(0.,0.,-1.));
#9368=CARTESIAN_POINT('',(33.75,-1.5,6.2));
#9369=CARTESIAN_POINT('',(33.75,-1.5,3.6));
#9370=VECTOR('',#9371,1.);
#9371=DIRECTION('',(0.,0.,1.));
#9372=CARTESIAN_POINT('',(33.35,-1.5,6.6));
#9373=CARTESIAN_POINT('',(33.75,-1.5,6.2));
#9374=VECTOR('',#9375,1.);
#9375=DIRECTION('',(-0.707106781186546,0.,0.707106781186549));
#9376=CARTESIAN_POINT('',(33.75,-1.5,7.));
#9377=CARTESIAN_POINT('',(33.35,-1.5,6.6));
#9378=VECTOR('',#9379,1.);
#9379=DIRECTION('',(0.707106781186548,0.,0.707106781186548));
#9380=CARTESIAN_POINT('',(35.,-1.5,7.));
#9381=CARTESIAN_POINT('',(33.75,-1.5,7.));
#9382=VECTOR('',#9383,1.);
#9383=DIRECTION('',(1.,-1.77635683940025E-016,0.));
#9384=CARTESIAN_POINT('',(35.,-1.5,3.));
#9385=CARTESIAN_POINT('',(35.,-1.5,3.));
#9386=VECTOR('',#9387,1.);
#9387=DIRECTION('',(0.,0.,1.));
#9388=CARTESIAN_POINT('',(34.3,-1.5,3.));
#9389=CARTESIAN_POINT('',(35.,-1.5,3.));
#9390=VECTOR('',#9391,1.);
#9391=DIRECTION('',(-1.,0.,0.));
#9392=CARTESIAN_POINT('',(34.3,-1.5,2.));
#9393=CARTESIAN_POINT('',(34.3,-1.5,2.));
#9394=VECTOR('',#9395,1.);
#9395=DIRECTION('',(0.,0.,1.));
#9396=CARTESIAN_POINT('',(-1.8,-1.5,2.));
#9397=CARTESIAN_POINT('',(-1.8,-1.5,2.));
#9398=VECTOR('',#9399,1.);
#9399=DIRECTION('',(1.,0.,0.));
#9400=CARTESIAN_POINT('',(-1.8,-1.5,3.));
#9401=CARTESIAN_POINT('',(-1.8,-1.5,2.));
#9402=VECTOR('',#9403,1.);
#9403=DIRECTION('',(0.,0.,1.));
#9404=CARTESIAN_POINT('',(-2.5,-1.5,3.));
#9405=CARTESIAN_POINT('',(-1.8,-1.5,3.));
#9406=VECTOR('',#9407,1.);
#9407=DIRECTION('',(-1.,0.,0.));
#9408=CARTESIAN_POINT('',(-2.5,-1.5,7.));
#9409=CARTESIAN_POINT('',(-2.5,-1.5,3.));
#9410=VECTOR('',#9411,1.);
#9411=DIRECTION('',(0.,0.,1.));
#9412=CARTESIAN_POINT('',(-1.25,-1.5,7.));
#9413=CARTESIAN_POINT('',(-2.5,-1.5,7.));
#9414=VECTOR('',#9415,1.);
#9415=DIRECTION('',(1.,0.,0.));
#9416=CARTESIAN_POINT('',(-0.85,-1.5,6.6));
#9417=CARTESIAN_POINT('',(-1.25,-1.5,7.));
#9418=VECTOR('',#9419,1.);
#9419=DIRECTION('',(0.707106781186547,0.,-0.707106781186548));
#9420=CARTESIAN_POINT('',(-1.25,-1.5,6.2));
#9421=CARTESIAN_POINT('',(-0.85,-1.5,6.6));
#9422=VECTOR('',#9423,1.);
#9423=DIRECTION('',(-0.707106781186547,0.,-0.707106781186548));
#9424=CARTESIAN_POINT('',(-1.25,-1.5,3.6));
#9425=CARTESIAN_POINT('',(-1.25,-1.5,6.2));
#9426=VECTOR('',#9427,1.);
#9427=DIRECTION('',(0.,0.,-1.));
#9428=CARTESIAN_POINT('',(-0.65,-1.5,3.));
#9429=AXIS2_PLACEMENT_3D('',#9430,#9431,#9432);
#9430=CARTESIAN_POINT('',(-0.65,-1.5,3.6));
#9431=DIRECTION('',(0.,-1.,0.));
#9432=DIRECTION('',(-1.,0.,0.));
#9433=CARTESIAN_POINT('',(1.25,-1.5,3.));
#9434=CARTESIAN_POINT('',(-0.65,-1.5,3.));
#9435=VECTOR('',#9436,1.);
#9436=DIRECTION('',(1.,0.,0.));
#9437=CARTESIAN_POINT('',(1.25,-1.5,7.));
#9438=CARTESIAN_POINT('',(1.25,-1.5,3.));
#9439=VECTOR('',#9440,1.);
#9440=DIRECTION('',(0.,0.,1.));
#9441=CARTESIAN_POINT('',(1.25,-1.5,7.));
#9442=VECTOR('',#9443,1.);
#9443=DIRECTION('',(1.,7.40148683083438E-018,0.));
#9444=CARTESIAN_POINT('',(31.25,-2.2,7.));
#9445=CARTESIAN_POINT('',(31.25,-1.5,7.));
#9446=VECTOR('',#9447,1.);
#9447=DIRECTION('',(0.,-1.,0.));
#9448=CARTESIAN_POINT('',(1.25,-2.2,7.));
#9449=CARTESIAN_POINT('',(1.25,-2.2,7.));
#9450=VECTOR('',#9451,1.);
#9451=DIRECTION('',(0.,1.,0.));
#9452=CARTESIAN_POINT('',(1.25,-2.2,7.));
#9453=VECTOR('',#9454,1.);
#9454=DIRECTION('',(1.,0.,0.));
#9455=CARTESIAN_POINT('',(33.75,-2.2,7.));
#9456=CARTESIAN_POINT('',(33.75,-2.2,7.));
#9457=VECTOR('',#9458,1.);
#9458=DIRECTION('',(0.,1.,0.));
#9459=CARTESIAN_POINT('',(35.,-2.2,7.));
#9460=CARTESIAN_POINT('',(33.75,-2.2,7.));
#9461=VECTOR('',#9462,1.);
#9462=DIRECTION('',(1.,0.,0.));
#9463=CARTESIAN_POINT('',(35.,-2.2,7.));
#9464=VECTOR('',#9465,1.);
#9465=DIRECTION('',(0.,1.,0.));
#9466=CARTESIAN_POINT('',(31.25,-2.2,3.));
#9467=CARTESIAN_POINT('',(31.25,-2.2,7.));
#9468=VECTOR('',#9469,1.);
#9469=DIRECTION('',(0.,0.,-1.));
#9470=CARTESIAN_POINT('',(1.25,-2.2,3.));
#9471=CARTESIAN_POINT('',(1.25,-2.2,3.));
#9472=VECTOR('',#9473,1.);
#9473=DIRECTION('',(0.,0.,1.));
#9474=CARTESIAN_POINT('',(-0.65,-2.2,3.));
#9475=CARTESIAN_POINT('',(-0.65,-2.2,3.));
#9476=VECTOR('',#9477,1.);
#9477=DIRECTION('',(1.,0.,0.));
#9478=CARTESIAN_POINT('',(-1.25,-2.2,3.6));
#9479=AXIS2_PLACEMENT_3D('',#9480,#9481,#9482);
#9480=CARTESIAN_POINT('',(-0.65,-2.2,3.6));
#9481=DIRECTION('',(0.,-1.,0.));
#9482=DIRECTION('',(-1.,0.,0.));
#9483=CARTESIAN_POINT('',(-1.25,-2.2,6.2));
#9484=CARTESIAN_POINT('',(-1.25,-2.2,6.2));
#9485=VECTOR('',#9486,1.);
#9486=DIRECTION('',(0.,0.,-1.));
#9487=CARTESIAN_POINT('',(-0.85,-2.2,6.6));
#9488=CARTESIAN_POINT('',(-0.85,-2.2,6.6));
#9489=VECTOR('',#9490,1.);
#9490=DIRECTION('',(-0.707106781186547,0.,-0.707106781186548));
#9491=CARTESIAN_POINT('',(-1.25,-2.2,7.));
#9492=CARTESIAN_POINT('',(-1.25,-2.2,7.));
#9493=VECTOR('',#9494,1.);
#9494=DIRECTION('',(0.707106781186547,0.,-0.707106781186548));
#9495=CARTESIAN_POINT('',(-2.5,-2.2,7.));
#9496=CARTESIAN_POINT('',(-2.5,-2.2,7.));
#9497=VECTOR('',#9498,1.);
#9498=DIRECTION('',(1.,0.,0.));
#9499=CARTESIAN_POINT('',(-2.5,-2.2,0.));
#9500=CARTESIAN_POINT('',(-2.5,-2.2,0.));
#9501=VECTOR('',#9502,1.);
#9502=DIRECTION('',(0.,0.,1.));
#9503=CARTESIAN_POINT('',(-0.85,-2.2,0.));
#9504=CARTESIAN_POINT('',(-0.85,-2.2,0.));
#9505=VECTOR('',#9506,1.);
#9506=DIRECTION('',(-1.,0.,0.));
#9507=CARTESIAN_POINT('',(-0.85,-2.2,0.4));
#9508=CARTESIAN_POINT('',(-0.85,-2.2,0.4));
#9509=VECTOR('',#9510,1.);
#9510=DIRECTION('',(0.,0.,-1.));
#9511=CARTESIAN_POINT('',(0.85,-2.2,0.4));
#9512=CARTESIAN_POINT('',(-0.85,-2.2,0.4));
#9513=VECTOR('',#9514,1.);
#9514=DIRECTION('',(1.,0.,0.));
#9515=CARTESIAN_POINT('',(0.85,-2.2,0.));
#9516=CARTESIAN_POINT('',(0.85,-2.2,0.));
#9517=VECTOR('',#9518,1.);
#9518=DIRECTION('',(0.,0.,1.));
#9519=CARTESIAN_POINT('',(1.65,-2.2,0.));
#9520=CARTESIAN_POINT('',(0.85,-2.2,0.));
#9521=VECTOR('',#9522,1.);
#9522=DIRECTION('',(1.,0.,0.));
#9523=CARTESIAN_POINT('',(1.65,-2.2,0.4));
#9524=CARTESIAN_POINT('',(1.65,-2.2,0.4));
#9525=VECTOR('',#9526,1.);
#9526=DIRECTION('',(0.,0.,-1.));
#9527=CARTESIAN_POINT('',(3.35,-2.2,0.4));
#9528=CARTESIAN_POINT('',(1.65,-2.2,0.4));
#9529=VECTOR('',#9530,1.);
#9530=DIRECTION('',(1.,0.,0.));
#9531=CARTESIAN_POINT('',(3.35,-2.2,0.));
#9532=CARTESIAN_POINT('',(3.35,-2.2,0.));
#9533=VECTOR('',#9534,1.);
#9534=DIRECTION('',(0.,0.,1.));
#9535=CARTESIAN_POINT('',(4.15,-2.2,0.));
#9536=CARTESIAN_POINT('',(3.35,-2.2,0.));
#9537=VECTOR('',#9538,1.);
#9538=DIRECTION('',(1.,0.,0.));
#9539=CARTESIAN_POINT('',(4.15,-2.2,0.4));
#9540=CARTESIAN_POINT('',(4.15,-2.2,0.4));
#9541=VECTOR('',#9542,1.);
#9542=DIRECTION('',(0.,0.,-1.));
#9543=CARTESIAN_POINT('',(5.85,-2.2,0.4));
#9544=CARTESIAN_POINT('',(4.15,-2.2,0.4));
#9545=VECTOR('',#9546,1.);
#9546=DIRECTION('',(1.,0.,0.));
#9547=CARTESIAN_POINT('',(5.85,-2.2,0.));
#9548=CARTESIAN_POINT('',(5.85,-2.2,0.));
#9549=VECTOR('',#9550,1.);
#9550=DIRECTION('',(0.,0.,1.));
#9551=CARTESIAN_POINT('',(6.65,-2.2,0.));
#9552=CARTESIAN_POINT('',(5.85,-2.2,0.));
#9553=VECTOR('',#9554,1.);
#9554=DIRECTION('',(1.,0.,0.));
#9555=CARTESIAN_POINT('',(6.65,-2.2,0.4));
#9556=CARTESIAN_POINT('',(6.65,-2.2,0.4));
#9557=VECTOR('',#9558,1.);
#9558=DIRECTION('',(0.,0.,-1.));
#9559=CARTESIAN_POINT('',(8.35,-2.2,0.4));
#9560=CARTESIAN_POINT('',(6.65,-2.2,0.4));
#9561=VECTOR('',#9562,1.);
#9562=DIRECTION('',(1.,0.,0.));
#9563=CARTESIAN_POINT('',(8.35,-2.2,0.));
#9564=CARTESIAN_POINT('',(8.35,-2.2,0.));
#9565=VECTOR('',#9566,1.);
#9566=DIRECTION('',(0.,0.,1.));
#9567=CARTESIAN_POINT('',(9.15,-2.2,0.));
#9568=CARTESIAN_POINT('',(8.35,-2.2,0.));
#9569=VECTOR('',#9570,1.);
#9570=DIRECTION('',(1.,0.,0.));
#9571=CARTESIAN_POINT('',(9.15,-2.2,0.4));
#9572=CARTESIAN_POINT('',(9.15,-2.2,0.4));
#9573=VECTOR('',#9574,1.);
#9574=DIRECTION('',(0.,0.,-1.));
#9575=CARTESIAN_POINT('',(10.85,-2.2,0.4));
#9576=CARTESIAN_POINT('',(9.15,-2.2,0.4));
#9577=VECTOR('',#9578,1.);
#9578=DIRECTION('',(1.,0.,0.));
#9579=CARTESIAN_POINT('',(10.85,-2.2,0.));
#9580=CARTESIAN_POINT('',(10.85,-2.2,0.));
#9581=VECTOR('',#9582,1.);
#9582=DIRECTION('',(0.,0.,1.));
#9583=CARTESIAN_POINT('',(11.65,-2.2,0.));
#9584=CARTESIAN_POINT('',(10.85,-2.2,0.));
#9585=VECTOR('',#9586,1.);
#9586=DIRECTION('',(1.,0.,0.));
#9587=CARTESIAN_POINT('',(11.65,-2.2,0.4));
#9588=CARTESIAN_POINT('',(11.65,-2.2,0.4));
#9589=VECTOR('',#9590,1.);
#9590=DIRECTION('',(0.,0.,-1.));
#9591=CARTESIAN_POINT('',(13.35,-2.2,0.4));
#9592=CARTESIAN_POINT('',(11.65,-2.2,0.4));
#9593=VECTOR('',#9594,1.);
#9594=DIRECTION('',(1.,0.,0.));
#9595=CARTESIAN_POINT('',(13.35,-2.2,0.));
#9596=CARTESIAN_POINT('',(13.35,-2.2,0.));
#9597=VECTOR('',#9598,1.);
#9598=DIRECTION('',(0.,0.,1.));
#9599=CARTESIAN_POINT('',(14.15,-2.2,0.));
#9600=CARTESIAN_POINT('',(13.35,-2.2,0.));
#9601=VECTOR('',#9602,1.);
#9602=DIRECTION('',(1.,0.,0.));
#9603=CARTESIAN_POINT('',(14.15,-2.2,0.4));
#9604=CARTESIAN_POINT('',(14.15,-2.2,0.4));
#9605=VECTOR('',#9606,1.);
#9606=DIRECTION('',(0.,0.,-1.));
#9607=CARTESIAN_POINT('',(15.85,-2.2,0.4));
#9608=CARTESIAN_POINT('',(14.15,-2.2,0.4));
#9609=VECTOR('',#9610,1.);
#9610=DIRECTION('',(1.,0.,0.));
#9611=CARTESIAN_POINT('',(15.85,-2.2,0.));
#9612=CARTESIAN_POINT('',(15.85,-2.2,0.));
#9613=VECTOR('',#9614,1.);
#9614=DIRECTION('',(0.,0.,1.));
#9615=CARTESIAN_POINT('',(16.65,-2.2,0.));
#9616=CARTESIAN_POINT('',(15.85,-2.2,0.));
#9617=VECTOR('',#9618,1.);
#9618=DIRECTION('',(1.,0.,0.));
#9619=CARTESIAN_POINT('',(16.65,-2.2,0.4));
#9620=CARTESIAN_POINT('',(16.65,-2.2,0.4));
#9621=VECTOR('',#9622,1.);
#9622=DIRECTION('',(0.,0.,-1.));
#9623=CARTESIAN_POINT('',(18.35,-2.2,0.4));
#9624=CARTESIAN_POINT('',(16.65,-2.2,0.4));
#9625=VECTOR('',#9626,1.);
#9626=DIRECTION('',(1.,0.,0.));
#9627=CARTESIAN_POINT('',(18.35,-2.2,0.));
#9628=CARTESIAN_POINT('',(18.35,-2.2,0.));
#9629=VECTOR('',#9630,1.);
#9630=DIRECTION('',(0.,0.,1.));
#9631=CARTESIAN_POINT('',(19.15,-2.2,0.));
#9632=CARTESIAN_POINT('',(18.35,-2.2,0.));
#9633=VECTOR('',#9634,1.);
#9634=DIRECTION('',(1.,0.,0.));
#9635=CARTESIAN_POINT('',(19.15,-2.2,0.4));
#9636=CARTESIAN_POINT('',(19.15,-2.2,0.4));
#9637=VECTOR('',#9638,1.);
#9638=DIRECTION('',(0.,0.,-1.));
#9639=CARTESIAN_POINT('',(20.85,-2.2,0.4));
#9640=CARTESIAN_POINT('',(19.15,-2.2,0.4));
#9641=VECTOR('',#9642,1.);
#9642=DIRECTION('',(1.,0.,0.));
#9643=CARTESIAN_POINT('',(20.85,-2.2,0.));
#9644=CARTESIAN_POINT('',(20.85,-2.2,0.));
#9645=VECTOR('',#9646,1.);
#9646=DIRECTION('',(0.,0.,1.));
#9647=CARTESIAN_POINT('',(21.65,-2.2,0.));
#9648=CARTESIAN_POINT('',(20.85,-2.2,0.));
#9649=VECTOR('',#9650,1.);
#9650=DIRECTION('',(1.,0.,0.));
#9651=CARTESIAN_POINT('',(21.65,-2.2,0.4));
#9652=CARTESIAN_POINT('',(21.65,-2.2,0.4));
#9653=VECTOR('',#9654,1.);
#9654=DIRECTION('',(0.,0.,-1.));
#9655=CARTESIAN_POINT('',(23.35,-2.2,0.4));
#9656=CARTESIAN_POINT('',(21.65,-2.2,0.4));
#9657=VECTOR('',#9658,1.);
#9658=DIRECTION('',(1.,0.,0.));
#9659=CARTESIAN_POINT('',(23.35,-2.2,0.));
#9660=CARTESIAN_POINT('',(23.35,-2.2,0.));
#9661=VECTOR('',#9662,1.);
#9662=DIRECTION('',(0.,0.,1.));
#9663=CARTESIAN_POINT('',(24.15,-2.2,0.));
#9664=CARTESIAN_POINT('',(23.35,-2.2,0.));
#9665=VECTOR('',#9666,1.);
#9666=DIRECTION('',(1.,0.,0.));
#9667=CARTESIAN_POINT('',(24.15,-2.2,0.4));
#9668=CARTESIAN_POINT('',(24.15,-2.2,0.4));
#9669=VECTOR('',#9670,1.);
#9670=DIRECTION('',(0.,0.,-1.));
#9671=CARTESIAN_POINT('',(25.85,-2.2,0.4));
#9672=CARTESIAN_POINT('',(24.15,-2.2,0.4));
#9673=VECTOR('',#9674,1.);
#9674=DIRECTION('',(1.,0.,0.));
#9675=CARTESIAN_POINT('',(25.85,-2.2,0.));
#9676=CARTESIAN_POINT('',(25.85,-2.2,0.));
#9677=VECTOR('',#9678,1.);
#9678=DIRECTION('',(0.,0.,1.));
#9679=CARTESIAN_POINT('',(26.65,-2.2,0.));
#9680=CARTESIAN_POINT('',(25.85,-2.2,0.));
#9681=VECTOR('',#9682,1.);
#9682=DIRECTION('',(1.,0.,0.));
#9683=CARTESIAN_POINT('',(26.65,-2.2,0.4));
#9684=CARTESIAN_POINT('',(26.65,-2.2,0.4));
#9685=VECTOR('',#9686,1.);
#9686=DIRECTION('',(0.,0.,-1.));
#9687=CARTESIAN_POINT('',(28.35,-2.2,0.4));
#9688=CARTESIAN_POINT('',(26.65,-2.2,0.4));
#9689=VECTOR('',#9690,1.);
#9690=DIRECTION('',(1.,0.,0.));
#9691=CARTESIAN_POINT('',(28.35,-2.2,0.));
#9692=CARTESIAN_POINT('',(28.35,-2.2,0.));
#9693=VECTOR('',#9694,1.);
#9694=DIRECTION('',(0.,0.,1.));
#9695=CARTESIAN_POINT('',(29.15,-2.2,0.));
#9696=CARTESIAN_POINT('',(28.35,-2.2,0.));
#9697=VECTOR('',#9698,1.);
#9698=DIRECTION('',(1.,0.,0.));
#9699=CARTESIAN_POINT('',(29.15,-2.2,0.4));
#9700=CARTESIAN_POINT('',(29.15,-2.2,0.4));
#9701=VECTOR('',#9702,1.);
#9702=DIRECTION('',(0.,0.,-1.));
#9703=CARTESIAN_POINT('',(30.85,-2.2,0.4));
#9704=CARTESIAN_POINT('',(29.15,-2.2,0.4));
#9705=VECTOR('',#9706,1.);
#9706=DIRECTION('',(1.,0.,0.));
#9707=CARTESIAN_POINT('',(30.85,-2.2,0.));
#9708=CARTESIAN_POINT('',(30.85,-2.2,0.));
#9709=VECTOR('',#9710,1.);
#9710=DIRECTION('',(0.,0.,1.));
#9711=CARTESIAN_POINT('',(31.65,-2.2,0.));
#9712=CARTESIAN_POINT('',(30.85,-2.2,0.));
#9713=VECTOR('',#9714,1.);
#9714=DIRECTION('',(1.,0.,0.));
#9715=CARTESIAN_POINT('',(31.65,-2.2,0.4));
#9716=CARTESIAN_POINT('',(31.65,-2.2,0.4));
#9717=VECTOR('',#9718,1.);
#9718=DIRECTION('',(0.,0.,-1.));
#9719=CARTESIAN_POINT('',(33.35,-2.2,0.4));
#9720=CARTESIAN_POINT('',(31.65,-2.2,0.4));
#9721=VECTOR('',#9722,1.);
#9722=DIRECTION('',(1.,0.,0.));
#9723=CARTESIAN_POINT('',(33.35,-2.2,0.));
#9724=CARTESIAN_POINT('',(33.35,-2.2,0.));
#9725=VECTOR('',#9726,1.);
#9726=DIRECTION('',(0.,0.,1.));
#9727=CARTESIAN_POINT('',(35.,-2.2,0.));
#9728=CARTESIAN_POINT('',(33.35,-2.2,0.));
#9729=VECTOR('',#9730,1.);
#9730=DIRECTION('',(1.,0.,0.));
#9731=CARTESIAN_POINT('',(35.,-2.2,0.));
#9732=VECTOR('',#9733,1.);
#9733=DIRECTION('',(0.,0.,1.));
#9734=CARTESIAN_POINT('',(33.35,-2.2,6.6));
#9735=CARTESIAN_POINT('',(33.35,-2.2,6.6));
#9736=VECTOR('',#9737,1.);
#9737=DIRECTION('',(0.707106781186546,0.,0.707106781186549));
#9738=CARTESIAN_POINT('',(33.75,-2.2,6.2));
#9739=CARTESIAN_POINT('',(33.75,-2.2,6.2));
#9740=VECTOR('',#9741,1.);
#9741=DIRECTION('',(-0.707106781186546,0.,0.707106781186549));
#9742=CARTESIAN_POINT('',(33.75,-2.2,3.6));
#9743=CARTESIAN_POINT('',(33.75,-2.2,3.6));
#9744=VECTOR('',#9745,1.);
#9745=DIRECTION('',(0.,0.,1.));
#9746=CARTESIAN_POINT('',(33.15,-2.2,3.));
#9747=AXIS2_PLACEMENT_3D('',#9748,#9749,#9750);
#9748=CARTESIAN_POINT('',(33.15,-2.2,3.6));
#9749=DIRECTION('',(0.,-1.,0.));
#9750=DIRECTION('',(0.,0.,-1.));
#9751=CARTESIAN_POINT('',(31.25,-2.2,3.));
#9752=VECTOR('',#9753,1.);
#9753=DIRECTION('',(1.,0.,0.));
#9754=CARTESIAN_POINT('',(33.35,-1.5,6.6));
#9755=VECTOR('',#9756,1.);
#9756=DIRECTION('',(0.,-1.,0.));
#9757=CARTESIAN_POINT('',(33.75,-1.5,6.2));
#9758=VECTOR('',#9759,1.);
#9759=DIRECTION('',(0.,-1.,0.));
#9760=CARTESIAN_POINT('',(33.75,-1.5,3.6));
#9761=VECTOR('',#9762,1.);
#9762=DIRECTION('',(0.,-1.,0.));
#9763=CARTESIAN_POINT('',(33.15,-1.5,3.));
#9764=VECTOR('',#9765,1.);
#9765=DIRECTION('',(0.,-1.,0.));
#9766=CARTESIAN_POINT('',(31.25,-1.5,3.));
#9767=VECTOR('',#9768,1.);
#9768=DIRECTION('',(0.,-1.,0.));
#9769=CARTESIAN_POINT('',(35.,-0.4,7.));
#9770=CARTESIAN_POINT('',(35.,-0.4,3.));
#9771=CARTESIAN_POINT('',(35.,-0.4,7.));
#9772=VECTOR('',#9773,1.);
#9773=DIRECTION('',(0.,0.,-1.));
#9774=CARTESIAN_POINT('',(35.,-0.4,3.));
#9775=VECTOR('',#9776,1.);
#9776=DIRECTION('',(0.,-1.,0.));
#9777=CARTESIAN_POINT('',(35.,3.55,0.));
#9778=CARTESIAN_POINT('',(35.,3.55,0.));
#9779=VECTOR('',#9780,1.);
#9780=DIRECTION('',(0.,-1.,0.));
#9781=CARTESIAN_POINT('',(35.,3.55,7.));
#9782=CARTESIAN_POINT('',(35.,3.55,7.));
#9783=VECTOR('',#9784,1.);
#9784=DIRECTION('',(0.,0.,-1.));
#9785=CARTESIAN_POINT('',(35.,-0.4,7.));
#9786=VECTOR('',#9787,1.);
#9787=DIRECTION('',(0.,1.,0.));
#9788=CARTESIAN_POINT('',(34.3,-0.4,3.));
#9789=CARTESIAN_POINT('',(34.3,-0.4,3.));
#9790=VECTOR('',#9791,1.);
#9791=DIRECTION('',(0.,-1.,0.));
#9792=CARTESIAN_POINT('',(35.,-0.4,3.));
#9793=VECTOR('',#9794,1.);
#9794=DIRECTION('',(-1.,0.,0.));
#9795=CARTESIAN_POINT('',(34.3,2.85,6.7));
#9796=CARTESIAN_POINT('',(34.3,-0.4,6.7));
#9797=CARTESIAN_POINT('',(34.3,2.85,6.7));
#9798=VECTOR('',#9799,1.);
#9799=DIRECTION('',(0.,-1.,0.));
#9800=CARTESIAN_POINT('',(34.3,2.85,2.));
#9801=CARTESIAN_POINT('',(34.3,2.85,6.7));
#9802=VECTOR('',#9803,1.);
#9803=DIRECTION('',(0.,0.,-1.));
#9804=CARTESIAN_POINT('',(34.3,2.85,2.));
#9805=VECTOR('',#9806,1.);
#9806=DIRECTION('',(0.,-1.,0.));
#9807=CARTESIAN_POINT('',(34.3,-0.4,6.7));
#9808=VECTOR('',#9809,1.);
#9809=DIRECTION('',(0.,0.,-1.));
#9810=CARTESIAN_POINT('',(-1.8,2.85,2.));
#9811=CARTESIAN_POINT('',(34.3,2.85,2.));
#9812=VECTOR('',#9813,1.);
#9813=DIRECTION('',(-1.,0.,0.));
#9814=CARTESIAN_POINT('',(-1.8,2.85,2.));
#9815=VECTOR('',#9816,1.);
#9816=DIRECTION('',(0.,-1.,0.));
#9817=CARTESIAN_POINT('',(2.82,0.32,2.));
#9818=CARTESIAN_POINT('',(2.18,0.32,2.));
#9819=CARTESIAN_POINT('',(2.82,0.32,2.));
#9820=VECTOR('',#9821,1.);
#9821=DIRECTION('',(-1.,0.,0.));
#9822=CARTESIAN_POINT('',(2.82,-0.32,2.));
#9823=CARTESIAN_POINT('',(2.82,-0.32,2.));
#9824=VECTOR('',#9825,1.);
#9825=DIRECTION('',(0.,1.,0.));
#9826=CARTESIAN_POINT('',(2.18,-0.32,2.));
#9827=CARTESIAN_POINT('',(2.18,-0.32,2.));
#9828=VECTOR('',#9829,1.);
#9829=DIRECTION('',(1.,0.,0.));
#9830=CARTESIAN_POINT('',(2.18,0.32,2.));
#9831=VECTOR('',#9832,1.);
#9832=DIRECTION('',(0.,-1.,0.));
#9833=CARTESIAN_POINT('',(5.32,0.32,2.));
#9834=CARTESIAN_POINT('',(4.68,0.32,2.));
#9835=CARTESIAN_POINT('',(5.32,0.32,2.));
#9836=VECTOR('',#9837,1.);
#9837=DIRECTION('',(-1.,0.,0.));
#9838=CARTESIAN_POINT('',(5.32,-0.32,2.));
#9839=CARTESIAN_POINT('',(5.32,-0.32,2.));
#9840=VECTOR('',#9841,1.);
#9841=DIRECTION('',(0.,1.,0.));
#9842=CARTESIAN_POINT('',(4.68,-0.32,2.));
#9843=CARTESIAN_POINT('',(4.68,-0.32,2.));
#9844=VECTOR('',#9845,1.);
#9845=DIRECTION('',(1.,0.,0.));
#9846=CARTESIAN_POINT('',(4.68,0.32,2.));
#9847=VECTOR('',#9848,1.);
#9848=DIRECTION('',(0.,-1.,0.));
#9849=CARTESIAN_POINT('',(7.82,0.32,2.));
#9850=CARTESIAN_POINT('',(7.18,0.32,2.));
#9851=CARTESIAN_POINT('',(7.82,0.32,2.));
#9852=VECTOR('',#9853,1.);
#9853=DIRECTION('',(-1.,0.,0.));
#9854=CARTESIAN_POINT('',(7.82,-0.32,2.));
#9855=CARTESIAN_POINT('',(7.82,-0.32,2.));
#9856=VECTOR('',#9857,1.);
#9857=DIRECTION('',(0.,1.,0.));
#9858=CARTESIAN_POINT('',(7.18,-0.32,2.));
#9859=CARTESIAN_POINT('',(7.18,-0.32,2.));
#9860=VECTOR('',#9861,1.);
#9861=DIRECTION('',(1.,0.,0.));
#9862=CARTESIAN_POINT('',(7.18,0.32,2.));
#9863=VECTOR('',#9864,1.);
#9864=DIRECTION('',(0.,-1.,0.));
#9865=CARTESIAN_POINT('',(10.32,0.32,2.));
#9866=CARTESIAN_POINT('',(9.68,0.32,2.));
#9867=CARTESIAN_POINT('',(10.32,0.32,2.));
#9868=VECTOR('',#9869,1.);
#9869=DIRECTION('',(-1.,0.,0.));
#9870=CARTESIAN_POINT('',(10.32,-0.32,2.));
#9871=CARTESIAN_POINT('',(10.32,-0.32,2.));
#9872=VECTOR('',#9873,1.);
#9873=DIRECTION('',(0.,1.,0.));
#9874=CARTESIAN_POINT('',(9.68,-0.32,2.));
#9875=CARTESIAN_POINT('',(9.68,-0.32,2.));
#9876=VECTOR('',#9877,1.);
#9877=DIRECTION('',(1.,0.,0.));
#9878=CARTESIAN_POINT('',(9.68,0.32,2.));
#9879=VECTOR('',#9880,1.);
#9880=DIRECTION('',(0.,-1.,0.));
#9881=CARTESIAN_POINT('',(12.82,0.32,2.));
#9882=CARTESIAN_POINT('',(12.18,0.32,2.));
#9883=CARTESIAN_POINT('',(12.82,0.32,2.));
#9884=VECTOR('',#9885,1.);
#9885=DIRECTION('',(-1.,0.,0.));
#9886=CARTESIAN_POINT('',(12.82,-0.32,2.));
#9887=CARTESIAN_POINT('',(12.82,-0.32,2.));
#9888=VECTOR('',#9889,1.);
#9889=DIRECTION('',(0.,1.,0.));
#9890=CARTESIAN_POINT('',(12.18,-0.32,2.));
#9891=CARTESIAN_POINT('',(12.18,-0.32,2.));
#9892=VECTOR('',#9893,1.);
#9893=DIRECTION('',(1.,0.,0.));
#9894=CARTESIAN_POINT('',(12.18,0.32,2.));
#9895=VECTOR('',#9896,1.);
#9896=DIRECTION('',(0.,-1.,0.));
#9897=CARTESIAN_POINT('',(15.32,0.32,2.));
#9898=CARTESIAN_POINT('',(14.68,0.32,2.));
#9899=CARTESIAN_POINT('',(15.32,0.32,2.));
#9900=VECTOR('',#9901,1.);
#9901=DIRECTION('',(-1.,0.,0.));
#9902=CARTESIAN_POINT('',(15.32,-0.32,2.));
#9903=CARTESIAN_POINT('',(15.32,-0.32,2.));
#9904=VECTOR('',#9905,1.);
#9905=DIRECTION('',(0.,1.,0.));
#9906=CARTESIAN_POINT('',(14.68,-0.32,2.));
#9907=CARTESIAN_POINT('',(14.68,-0.32,2.));
#9908=VECTOR('',#9909,1.);
#9909=DIRECTION('',(1.,0.,0.));
#9910=CARTESIAN_POINT('',(14.68,0.32,2.));
#9911=VECTOR('',#9912,1.);
#9912=DIRECTION('',(0.,-1.,0.));
#9913=CARTESIAN_POINT('',(17.82,0.32,2.));
#9914=CARTESIAN_POINT('',(17.18,0.32,2.));
#9915=CARTESIAN_POINT('',(17.82,0.32,2.));
#9916=VECTOR('',#9917,1.);
#9917=DIRECTION('',(-1.,0.,0.));
#9918=CARTESIAN_POINT('',(17.82,-0.32,2.));
#9919=CARTESIAN_POINT('',(17.82,-0.32,2.));
#9920=VECTOR('',#9921,1.);
#9921=DIRECTION('',(0.,1.,0.));
#9922=CARTESIAN_POINT('',(17.18,-0.32,2.));
#9923=CARTESIAN_POINT('',(17.18,-0.32,2.));
#9924=VECTOR('',#9925,1.);
#9925=DIRECTION('',(1.,0.,0.));
#9926=CARTESIAN_POINT('',(17.18,0.32,2.));
#9927=VECTOR('',#9928,1.);
#9928=DIRECTION('',(0.,-1.,0.));
#9929=CARTESIAN_POINT('',(20.32,0.32,2.));
#9930=CARTESIAN_POINT('',(19.68,0.32,2.));
#9931=CARTESIAN_POINT('',(20.32,0.32,2.));
#9932=VECTOR('',#9933,1.);
#9933=DIRECTION('',(-1.,0.,0.));
#9934=CARTESIAN_POINT('',(20.32,-0.32,2.));
#9935=CARTESIAN_POINT('',(20.32,-0.32,2.));
#9936=VECTOR('',#9937,1.);
#9937=DIRECTION('',(0.,1.,0.));
#9938=CARTESIAN_POINT('',(19.68,-0.32,2.));
#9939=CARTESIAN_POINT('',(19.68,-0.32,2.));
#9940=VECTOR('',#9941,1.);
#9941=DIRECTION('',(1.,0.,0.));
#9942=CARTESIAN_POINT('',(19.68,0.32,2.));
#9943=VECTOR('',#9944,1.);
#9944=DIRECTION('',(0.,-1.,0.));
#9945=CARTESIAN_POINT('',(22.82,0.32,2.));
#9946=CARTESIAN_POINT('',(22.18,0.32,2.));
#9947=CARTESIAN_POINT('',(22.82,0.32,2.));
#9948=VECTOR('',#9949,1.);
#9949=DIRECTION('',(-1.,0.,0.));
#9950=CARTESIAN_POINT('',(22.82,-0.32,2.));
#9951=CARTESIAN_POINT('',(22.82,-0.32,2.));
#9952=VECTOR('',#9953,1.);
#9953=DIRECTION('',(0.,1.,0.));
#9954=CARTESIAN_POINT('',(22.18,-0.32,2.));
#9955=CARTESIAN_POINT('',(22.18,-0.32,2.));
#9956=VECTOR('',#9957,1.);
#9957=DIRECTION('',(1.,0.,0.));
#9958=CARTESIAN_POINT('',(22.18,0.32,2.));
#9959=VECTOR('',#9960,1.);
#9960=DIRECTION('',(0.,-1.,0.));
#9961=CARTESIAN_POINT('',(25.32,0.32,2.));
#9962=CARTESIAN_POINT('',(24.68,0.32,2.));
#9963=CARTESIAN_POINT('',(25.32,0.32,2.));
#9964=VECTOR('',#9965,1.);
#9965=DIRECTION('',(-1.,0.,0.));
#9966=CARTESIAN_POINT('',(25.32,-0.32,2.));
#9967=CARTESIAN_POINT('',(25.32,-0.32,2.));
#9968=VECTOR('',#9969,1.);
#9969=DIRECTION('',(0.,1.,0.));
#9970=CARTESIAN_POINT('',(24.68,-0.32,2.));
#9971=CARTESIAN_POINT('',(24.68,-0.32,2.));
#9972=VECTOR('',#9973,1.);
#9973=DIRECTION('',(1.,0.,0.));
#9974=CARTESIAN_POINT('',(24.68,0.32,2.));
#9975=VECTOR('',#9976,1.);
#9976=DIRECTION('',(0.,-1.,0.));
#9977=CARTESIAN_POINT('',(27.82,0.32,2.));
#9978=CARTESIAN_POINT('',(27.18,0.32,2.));
#9979=CARTESIAN_POINT('',(27.82,0.32,2.));
#9980=VECTOR('',#9981,1.);
#9981=DIRECTION('',(-1.,0.,0.));
#9982=CARTESIAN_POINT('',(27.82,-0.32,2.));
#9983=CARTESIAN_POINT('',(27.82,-0.32,2.));
#9984=VECTOR('',#9985,1.);
#9985=DIRECTION('',(0.,1.,0.));
#9986=CARTESIAN_POINT('',(27.18,-0.32,2.));
#9987=CARTESIAN_POINT('',(27.18,-0.32,2.));
#9988=VECTOR('',#9989,1.);
#9989=DIRECTION('',(1.,0.,0.));
#9990=CARTESIAN_POINT('',(27.18,0.32,2.));
#9991=VECTOR('',#9992,1.);
#9992=DIRECTION('',(0.,-1.,0.));
#9993=CARTESIAN_POINT('',(30.32,0.32,2.));
#9994=CARTESIAN_POINT('',(29.68,0.32,2.));
#9995=CARTESIAN_POINT('',(30.32,0.32,2.));
#9996=VECTOR('',#9997,1.);
#9997=DIRECTION('',(-1.,0.,0.));
#9998=CARTESIAN_POINT('',(30.32,-0.32,2.));
#9999=CARTESIAN_POINT('',(30.32,-0.32,2.));
#10000=VECTOR('',#10001,1.);
#10001=DIRECTION('',(0.,1.,0.));
#10002=CARTESIAN_POINT('',(29.68,-0.32,2.));
#10003=CARTESIAN_POINT('',(29.68,-0.32,2.));
#10004=VECTOR('',#10005,1.);
#10005=DIRECTION('',(1.,0.,0.));
#10006=CARTESIAN_POINT('',(29.68,0.32,2.));
#10007=VECTOR('',#10008,1.);
#10008=DIRECTION('',(0.,-1.,0.));
#10009=CARTESIAN_POINT('',(32.82,0.32,2.));
#10010=CARTESIAN_POINT('',(32.18,0.32,2.));
#10011=CARTESIAN_POINT('',(32.82,0.32,2.));
#10012=VECTOR('',#10013,1.);
#10013=DIRECTION('',(-1.,0.,0.));
#10014=CARTESIAN_POINT('',(32.82,-0.32,2.));
#10015=CARTESIAN_POINT('',(32.82,-0.32,2.));
#10016=VECTOR('',#10017,1.);
#10017=DIRECTION('',(0.,1.,0.));
#10018=CARTESIAN_POINT('',(32.18,-0.32,2.));
#10019=CARTESIAN_POINT('',(32.18,-0.32,2.));
#10020=VECTOR('',#10021,1.);
#10021=DIRECTION('',(1.,0.,0.));
#10022=CARTESIAN_POINT('',(32.18,0.32,2.));
#10023=VECTOR('',#10024,1.);
#10024=DIRECTION('',(0.,-1.,0.));
#10025=CARTESIAN_POINT('',(0.32,0.32,2.));
#10026=CARTESIAN_POINT('',(-0.32,0.32,2.));
#10027=CARTESIAN_POINT('',(0.32,0.32,2.));
#10028=VECTOR('',#10029,1.);
#10029=DIRECTION('',(-1.,0.,0.));
#10030=CARTESIAN_POINT('',(0.32,-0.32,2.));
#10031=CARTESIAN_POINT('',(0.32,-0.32,2.));
#10032=VECTOR('',#10033,1.);
#10033=DIRECTION('',(0.,1.,0.));
#10034=CARTESIAN_POINT('',(-0.32,-0.32,2.));
#10035=CARTESIAN_POINT('',(-0.32,-0.32,2.));
#10036=VECTOR('',#10037,1.);
#10037=DIRECTION('',(1.,0.,0.));
#10038=CARTESIAN_POINT('',(-0.32,0.32,2.));
#10039=VECTOR('',#10040,1.);
#10040=DIRECTION('',(0.,-1.,0.));
#10041=CARTESIAN_POINT('',(-1.8,-0.4,6.7));
#10042=CARTESIAN_POINT('',(-1.8,2.85,6.7));
#10043=CARTESIAN_POINT('',(-1.8,2.85,6.7));
#10044=VECTOR('',#10045,1.);
#10045=DIRECTION('',(0.,-1.,0.));
#10046=CARTESIAN_POINT('',(-1.8,-0.4,3.));
#10047=CARTESIAN_POINT('',(-1.8,-0.4,6.7));
#10048=VECTOR('',#10049,1.);
#10049=DIRECTION('',(0.,0.,-1.));
#10050=CARTESIAN_POINT('',(-1.8,-0.4,3.));
#10051=VECTOR('',#10052,1.);
#10052=DIRECTION('',(0.,-1.,0.));
#10053=CARTESIAN_POINT('',(-1.8,2.85,6.7));
#10054=VECTOR('',#10055,1.);
#10055=DIRECTION('',(9.44870659255452E-017,0.,-1.));
#10056=CARTESIAN_POINT('',(-2.5,-0.4,3.));
#10057=CARTESIAN_POINT('',(-1.8,-0.4,3.));
#10058=VECTOR('',#10059,1.);
#10059=DIRECTION('',(-1.,0.,0.));
#10060=CARTESIAN_POINT('',(-2.5,-0.4,3.));
#10061=VECTOR('',#10062,1.);
#10062=DIRECTION('',(0.,-1.,0.));
#10063=CARTESIAN_POINT('',(-2.5,-0.4,7.));
#10064=CARTESIAN_POINT('',(-2.5,-0.4,7.));
#10065=VECTOR('',#10066,1.);
#10066=DIRECTION('',(0.,0.,-1.));
#10067=CARTESIAN_POINT('',(-2.5,3.55,7.));
#10068=CARTESIAN_POINT('',(-2.5,-0.4,7.));
#10069=VECTOR('',#10070,1.);
#10070=DIRECTION('',(0.,1.,0.));
#10071=CARTESIAN_POINT('',(-2.5,3.55,0.));
#10072=CARTESIAN_POINT('',(-2.5,3.55,7.));
#10073=VECTOR('',#10074,1.);
#10074=DIRECTION('',(0.,0.,-1.));
#10075=CARTESIAN_POINT('',(-2.5,3.55,0.));
#10076=VECTOR('',#10077,1.);
#10077=DIRECTION('',(0.,-1.,0.));
#10078=CARTESIAN_POINT('',(-2.5,-2.2,7.));
#10079=VECTOR('',#10080,1.);
#10080=DIRECTION('',(0.,1.,0.));
#10081=CARTESIAN_POINT('',(-1.25,-1.5,7.));
#10082=VECTOR('',#10083,1.);
#10083=DIRECTION('',(0.,-1.,0.));
#10084=CARTESIAN_POINT('',(-0.85,-1.5,6.6));
#10085=VECTOR('',#10086,1.);
#10086=DIRECTION('',(0.,-1.,0.));
#10087=CARTESIAN_POINT('',(-1.25,-1.5,6.2));
#10088=VECTOR('',#10089,1.);
#10089=DIRECTION('',(0.,-1.,0.));
#10090=CARTESIAN_POINT('',(-1.25,-1.5,3.6));
#10091=VECTOR('',#10092,1.);
#10092=DIRECTION('',(0.,-1.,0.));
#10093=CARTESIAN_POINT('',(-0.65,-1.5,3.));
#10094=VECTOR('',#10095,1.);
#10095=DIRECTION('',(0.,-1.,0.));
#10096=CARTESIAN_POINT('',(1.25,-1.5,3.));
#10097=VECTOR('',#10098,1.);
#10098=DIRECTION('',(0.,-1.,0.));
#10099=CARTESIAN_POINT('',(-0.85,3.55,0.));
#10100=CARTESIAN_POINT('',(-0.85,3.55,0.));
#10101=VECTOR('',#10102,1.);
#10102=DIRECTION('',(0.,-1.,0.));
#10103=CARTESIAN_POINT('',(-0.85,3.55,0.));
#10104=VECTOR('',#10105,1.);
#10105=DIRECTION('',(-1.,0.,0.));
#10106=CARTESIAN_POINT('',(-0.85,3.55,0.4));
#10107=CARTESIAN_POINT('',(-0.85,3.55,0.));
#10108=VECTOR('',#10109,1.);
#10109=DIRECTION('',(0.,0.,1.));
#10110=CARTESIAN_POINT('',(-0.85,-2.2,0.4));
#10111=VECTOR('',#10112,1.);
#10112=DIRECTION('',(0.,1.,0.));
#10113=CARTESIAN_POINT('',(0.85,3.55,0.4));
#10114=CARTESIAN_POINT('',(0.85,3.55,0.4));
#10115=VECTOR('',#10116,1.);
#10116=DIRECTION('',(-1.,0.,0.));
#10117=CARTESIAN_POINT('',(0.85,3.55,0.4));
#10118=VECTOR('',#10119,1.);
#10119=DIRECTION('',(0.,-1.,0.));
#10120=CARTESIAN_POINT('',(-0.32,0.32,0.4));
#10121=CARTESIAN_POINT('',(0.32,0.32,0.4));
#10122=CARTESIAN_POINT('',(-0.32,0.32,0.4));
#10123=VECTOR('',#10124,1.);
#10124=DIRECTION('',(1.,0.,0.));
#10125=CARTESIAN_POINT('',(-0.32,-0.32,0.4));
#10126=CARTESIAN_POINT('',(-0.32,-0.32,0.4));
#10127=VECTOR('',#10128,1.);
#10128=DIRECTION('',(0.,1.,0.));
#10129=CARTESIAN_POINT('',(0.32,-0.32,0.4));
#10130=CARTESIAN_POINT('',(0.32,-0.32,0.4));
#10131=VECTOR('',#10132,1.);
#10132=DIRECTION('',(-1.,0.,0.));
#10133=CARTESIAN_POINT('',(0.32,0.32,0.4));
#10134=VECTOR('',#10135,1.);
#10135=DIRECTION('',(0.,-1.,0.));
#10136=CARTESIAN_POINT('',(0.85,3.55,0.));
#10137=CARTESIAN_POINT('',(0.85,3.55,0.4));
#10138=VECTOR('',#10139,1.);
#10139=DIRECTION('',(0.,0.,-1.));
#10140=CARTESIAN_POINT('',(0.85,-2.2,0.));
#10141=VECTOR('',#10142,1.);
#10142=DIRECTION('',(0.,1.,0.));
#10143=CARTESIAN_POINT('',(1.65,3.55,0.));
#10144=CARTESIAN_POINT('',(1.65,3.55,0.));
#10145=VECTOR('',#10146,1.);
#10146=DIRECTION('',(0.,-1.,0.));
#10147=CARTESIAN_POINT('',(1.65,3.55,0.));
#10148=VECTOR('',#10149,1.);
#10149=DIRECTION('',(-1.,0.,0.));
#10150=CARTESIAN_POINT('',(1.65,3.55,0.4));
#10151=CARTESIAN_POINT('',(1.65,3.55,0.));
#10152=VECTOR('',#10153,1.);
#10153=DIRECTION('',(0.,0.,1.));
#10154=CARTESIAN_POINT('',(1.65,-2.2,0.4));
#10155=VECTOR('',#10156,1.);
#10156=DIRECTION('',(0.,1.,0.));
#10157=CARTESIAN_POINT('',(3.35,3.55,0.4));
#10158=CARTESIAN_POINT('',(3.35,3.55,0.4));
#10159=VECTOR('',#10160,1.);
#10160=DIRECTION('',(-1.,0.,0.));
#10161=CARTESIAN_POINT('',(3.35,3.55,0.4));
#10162=VECTOR('',#10163,1.);
#10163=DIRECTION('',(0.,-1.,0.));
#10164=CARTESIAN_POINT('',(2.18,0.32,0.4));
#10165=CARTESIAN_POINT('',(2.82,0.32,0.4));
#10166=CARTESIAN_POINT('',(2.18,0.32,0.4));
#10167=VECTOR('',#10168,1.);
#10168=DIRECTION('',(1.,0.,0.));
#10169=CARTESIAN_POINT('',(2.18,-0.32,0.4));
#10170=CARTESIAN_POINT('',(2.18,-0.32,0.4));
#10171=VECTOR('',#10172,1.);
#10172=DIRECTION('',(0.,1.,0.));
#10173=CARTESIAN_POINT('',(2.82,-0.32,0.4));
#10174=CARTESIAN_POINT('',(2.82,-0.32,0.4));
#10175=VECTOR('',#10176,1.);
#10176=DIRECTION('',(-1.,0.,0.));
#10177=CARTESIAN_POINT('',(2.82,0.32,0.4));
#10178=VECTOR('',#10179,1.);
#10179=DIRECTION('',(0.,-1.,0.));
#10180=CARTESIAN_POINT('',(3.35,3.55,0.));
#10181=CARTESIAN_POINT('',(3.35,-2.2,0.));
#10182=VECTOR('',#10183,1.);
#10183=DIRECTION('',(0.,1.,0.));
#10184=CARTESIAN_POINT('',(3.35,3.55,0.4));
#10185=VECTOR('',#10186,1.);
#10186=DIRECTION('',(0.,0.,-1.));
#10187=CARTESIAN_POINT('',(4.15,3.55,0.));
#10188=CARTESIAN_POINT('',(4.15,3.55,0.));
#10189=VECTOR('',#10190,1.);
#10190=DIRECTION('',(-1.,0.,0.));
#10191=CARTESIAN_POINT('',(4.15,3.55,0.));
#10192=VECTOR('',#10193,1.);
#10193=DIRECTION('',(0.,-1.,0.));
#10194=CARTESIAN_POINT('',(4.15,3.55,0.4));
#10195=CARTESIAN_POINT('',(4.15,3.55,0.));
#10196=VECTOR('',#10197,1.);
#10197=DIRECTION('',(0.,0.,1.));
#10198=CARTESIAN_POINT('',(4.15,-2.2,0.4));
#10199=VECTOR('',#10200,1.);
#10200=DIRECTION('',(0.,1.,0.));
#10201=CARTESIAN_POINT('',(5.85,3.55,0.4));
#10202=CARTESIAN_POINT('',(5.85,3.55,0.4));
#10203=VECTOR('',#10204,1.);
#10204=DIRECTION('',(-1.,0.,0.));
#10205=CARTESIAN_POINT('',(5.85,3.55,0.4));
#10206=VECTOR('',#10207,1.);
#10207=DIRECTION('',(0.,-1.,0.));
#10208=CARTESIAN_POINT('',(4.68,0.32,0.4));
#10209=CARTESIAN_POINT('',(5.32,0.32,0.4));
#10210=CARTESIAN_POINT('',(4.68,0.32,0.4));
#10211=VECTOR('',#10212,1.);
#10212=DIRECTION('',(1.,0.,0.));
#10213=CARTESIAN_POINT('',(4.68,-0.32,0.4));
#10214=CARTESIAN_POINT('',(4.68,-0.32,0.4));
#10215=VECTOR('',#10216,1.);
#10216=DIRECTION('',(0.,1.,0.));
#10217=CARTESIAN_POINT('',(5.32,-0.32,0.4));
#10218=CARTESIAN_POINT('',(5.32,-0.32,0.4));
#10219=VECTOR('',#10220,1.);
#10220=DIRECTION('',(-1.,0.,0.));
#10221=CARTESIAN_POINT('',(5.32,0.32,0.4));
#10222=VECTOR('',#10223,1.);
#10223=DIRECTION('',(0.,-1.,0.));
#10224=CARTESIAN_POINT('',(5.85,3.55,0.));
#10225=CARTESIAN_POINT('',(5.85,-2.2,0.));
#10226=VECTOR('',#10227,1.);
#10227=DIRECTION('',(0.,1.,0.));
#10228=CARTESIAN_POINT('',(5.85,3.55,0.4));
#10229=VECTOR('',#10230,1.);
#10230=DIRECTION('',(0.,0.,-1.));
#10231=CARTESIAN_POINT('',(6.65,3.55,0.));
#10232=CARTESIAN_POINT('',(6.65,3.55,0.));
#10233=VECTOR('',#10234,1.);
#10234=DIRECTION('',(-1.,0.,0.));
#10235=CARTESIAN_POINT('',(6.65,3.55,0.));
#10236=VECTOR('',#10237,1.);
#10237=DIRECTION('',(0.,-1.,0.));
#10238=CARTESIAN_POINT('',(6.65,3.55,0.4));
#10239=CARTESIAN_POINT('',(6.65,3.55,0.));
#10240=VECTOR('',#10241,1.);
#10241=DIRECTION('',(0.,0.,1.));
#10242=CARTESIAN_POINT('',(6.65,-2.2,0.4));
#10243=VECTOR('',#10244,1.);
#10244=DIRECTION('',(0.,1.,0.));
#10245=CARTESIAN_POINT('',(8.35,3.55,0.4));
#10246=CARTESIAN_POINT('',(8.35,3.55,0.4));
#10247=VECTOR('',#10248,1.);
#10248=DIRECTION('',(-1.,0.,0.));
#10249=CARTESIAN_POINT('',(8.35,3.55,0.4));
#10250=VECTOR('',#10251,1.);
#10251=DIRECTION('',(0.,-1.,0.));
#10252=CARTESIAN_POINT('',(7.18,0.32,0.4));
#10253=CARTESIAN_POINT('',(7.82,0.32,0.4));
#10254=CARTESIAN_POINT('',(7.18,0.32,0.4));
#10255=VECTOR('',#10256,1.);
#10256=DIRECTION('',(1.,0.,0.));
#10257=CARTESIAN_POINT('',(7.18,-0.32,0.4));
#10258=CARTESIAN_POINT('',(7.18,-0.32,0.4));
#10259=VECTOR('',#10260,1.);
#10260=DIRECTION('',(0.,1.,0.));
#10261=CARTESIAN_POINT('',(7.82,-0.32,0.4));
#10262=CARTESIAN_POINT('',(7.82,-0.32,0.4));
#10263=VECTOR('',#10264,1.);
#10264=DIRECTION('',(-1.,0.,0.));
#10265=CARTESIAN_POINT('',(7.82,0.32,0.4));
#10266=VECTOR('',#10267,1.);
#10267=DIRECTION('',(0.,-1.,0.));
#10268=CARTESIAN_POINT('',(8.35,3.55,0.));
#10269=CARTESIAN_POINT('',(8.35,-2.2,0.));
#10270=VECTOR('',#10271,1.);
#10271=DIRECTION('',(0.,1.,0.));
#10272=CARTESIAN_POINT('',(8.35,3.55,0.4));
#10273=VECTOR('',#10274,1.);
#10274=DIRECTION('',(0.,0.,-1.));
#10275=CARTESIAN_POINT('',(9.15,3.55,0.));
#10276=CARTESIAN_POINT('',(9.15,3.55,0.));
#10277=VECTOR('',#10278,1.);
#10278=DIRECTION('',(-1.,0.,0.));
#10279=CARTESIAN_POINT('',(9.15,3.55,0.));
#10280=VECTOR('',#10281,1.);
#10281=DIRECTION('',(0.,-1.,0.));
#10282=CARTESIAN_POINT('',(9.15,3.55,0.4));
#10283=CARTESIAN_POINT('',(9.15,3.55,0.));
#10284=VECTOR('',#10285,1.);
#10285=DIRECTION('',(0.,0.,1.));
#10286=CARTESIAN_POINT('',(9.15,-2.2,0.4));
#10287=VECTOR('',#10288,1.);
#10288=DIRECTION('',(0.,1.,0.));
#10289=CARTESIAN_POINT('',(10.85,3.55,0.4));
#10290=CARTESIAN_POINT('',(10.85,3.55,0.4));
#10291=VECTOR('',#10292,1.);
#10292=DIRECTION('',(-1.,0.,0.));
#10293=CARTESIAN_POINT('',(10.85,3.55,0.4));
#10294=VECTOR('',#10295,1.);
#10295=DIRECTION('',(0.,-1.,0.));
#10296=CARTESIAN_POINT('',(9.68,0.32,0.4));
#10297=CARTESIAN_POINT('',(10.32,0.32,0.4));
#10298=CARTESIAN_POINT('',(9.68,0.32,0.4));
#10299=VECTOR('',#10300,1.);
#10300=DIRECTION('',(1.,0.,0.));
#10301=CARTESIAN_POINT('',(9.68,-0.32,0.4));
#10302=CARTESIAN_POINT('',(9.68,-0.32,0.4));
#10303=VECTOR('',#10304,1.);
#10304=DIRECTION('',(0.,1.,0.));
#10305=CARTESIAN_POINT('',(10.32,-0.32,0.4));
#10306=CARTESIAN_POINT('',(10.32,-0.32,0.4));
#10307=VECTOR('',#10308,1.);
#10308=DIRECTION('',(-1.,0.,0.));
#10309=CARTESIAN_POINT('',(10.32,0.32,0.4));
#10310=VECTOR('',#10311,1.);
#10311=DIRECTION('',(0.,-1.,0.));
#10312=CARTESIAN_POINT('',(10.85,3.55,0.));
#10313=CARTESIAN_POINT('',(10.85,-2.2,0.));
#10314=VECTOR('',#10315,1.);
#10315=DIRECTION('',(0.,1.,0.));
#10316=CARTESIAN_POINT('',(10.85,3.55,0.4));
#10317=VECTOR('',#10318,1.);
#10318=DIRECTION('',(0.,0.,-1.));
#10319=CARTESIAN_POINT('',(11.65,3.55,0.));
#10320=CARTESIAN_POINT('',(11.65,3.55,0.));
#10321=VECTOR('',#10322,1.);
#10322=DIRECTION('',(-1.,0.,0.));
#10323=CARTESIAN_POINT('',(11.65,3.55,0.));
#10324=VECTOR('',#10325,1.);
#10325=DIRECTION('',(0.,-1.,0.));
#10326=CARTESIAN_POINT('',(11.65,3.55,0.4));
#10327=CARTESIAN_POINT('',(11.65,3.55,0.));
#10328=VECTOR('',#10329,1.);
#10329=DIRECTION('',(0.,0.,1.));
#10330=CARTESIAN_POINT('',(11.65,-2.2,0.4));
#10331=VECTOR('',#10332,1.);
#10332=DIRECTION('',(0.,1.,0.));
#10333=CARTESIAN_POINT('',(13.35,3.55,0.4));
#10334=CARTESIAN_POINT('',(13.35,3.55,0.4));
#10335=VECTOR('',#10336,1.);
#10336=DIRECTION('',(-1.,0.,0.));
#10337=CARTESIAN_POINT('',(13.35,3.55,0.4));
#10338=VECTOR('',#10339,1.);
#10339=DIRECTION('',(0.,-1.,0.));
#10340=CARTESIAN_POINT('',(12.18,0.32,0.4));
#10341=CARTESIAN_POINT('',(12.82,0.32,0.4));
#10342=CARTESIAN_POINT('',(12.18,0.32,0.4));
#10343=VECTOR('',#10344,1.);
#10344=DIRECTION('',(1.,0.,0.));
#10345=CARTESIAN_POINT('',(12.18,-0.32,0.4));
#10346=CARTESIAN_POINT('',(12.18,-0.32,0.4));
#10347=VECTOR('',#10348,1.);
#10348=DIRECTION('',(0.,1.,0.));
#10349=CARTESIAN_POINT('',(12.82,-0.32,0.4));
#10350=CARTESIAN_POINT('',(12.82,-0.32,0.4));
#10351=VECTOR('',#10352,1.);
#10352=DIRECTION('',(-1.,0.,0.));
#10353=CARTESIAN_POINT('',(12.82,0.32,0.4));
#10354=VECTOR('',#10355,1.);
#10355=DIRECTION('',(0.,-1.,0.));
#10356=CARTESIAN_POINT('',(13.35,3.55,0.));
#10357=CARTESIAN_POINT('',(13.35,-2.2,0.));
#10358=VECTOR('',#10359,1.);
#10359=DIRECTION('',(0.,1.,0.));
#10360=CARTESIAN_POINT('',(13.35,3.55,0.4));
#10361=VECTOR('',#10362,1.);
#10362=DIRECTION('',(0.,0.,-1.));
#10363=CARTESIAN_POINT('',(14.15,3.55,0.));
#10364=CARTESIAN_POINT('',(14.15,3.55,0.));
#10365=VECTOR('',#10366,1.);
#10366=DIRECTION('',(-1.,0.,0.));
#10367=CARTESIAN_POINT('',(14.15,3.55,0.));
#10368=VECTOR('',#10369,1.);
#10369=DIRECTION('',(0.,-1.,0.));
#10370=CARTESIAN_POINT('',(14.15,3.55,0.4));
#10371=CARTESIAN_POINT('',(14.15,3.55,0.));
#10372=VECTOR('',#10373,1.);
#10373=DIRECTION('',(0.,0.,1.));
#10374=CARTESIAN_POINT('',(14.15,-2.2,0.4));
#10375=VECTOR('',#10376,1.);
#10376=DIRECTION('',(0.,1.,0.));
#10377=CARTESIAN_POINT('',(15.85,3.55,0.4));
#10378=CARTESIAN_POINT('',(15.85,3.55,0.4));
#10379=VECTOR('',#10380,1.);
#10380=DIRECTION('',(-1.,0.,0.));
#10381=CARTESIAN_POINT('',(15.85,3.55,0.4));
#10382=VECTOR('',#10383,1.);
#10383=DIRECTION('',(0.,-1.,0.));
#10384=CARTESIAN_POINT('',(14.68,0.32,0.4));
#10385=CARTESIAN_POINT('',(15.32,0.32,0.4));
#10386=CARTESIAN_POINT('',(14.68,0.32,0.4));
#10387=VECTOR('',#10388,1.);
#10388=DIRECTION('',(1.,0.,0.));
#10389=CARTESIAN_POINT('',(14.68,-0.32,0.4));
#10390=CARTESIAN_POINT('',(14.68,-0.32,0.4));
#10391=VECTOR('',#10392,1.);
#10392=DIRECTION('',(0.,1.,0.));
#10393=CARTESIAN_POINT('',(15.32,-0.32,0.4));
#10394=CARTESIAN_POINT('',(15.32,-0.32,0.4));
#10395=VECTOR('',#10396,1.);
#10396=DIRECTION('',(-1.,0.,0.));
#10397=CARTESIAN_POINT('',(15.32,0.32,0.4));
#10398=VECTOR('',#10399,1.);
#10399=DIRECTION('',(0.,-1.,0.));
#10400=CARTESIAN_POINT('',(15.85,3.55,0.));
#10401=CARTESIAN_POINT('',(15.85,-2.2,0.));
#10402=VECTOR('',#10403,1.);
#10403=DIRECTION('',(0.,1.,0.));
#10404=CARTESIAN_POINT('',(15.85,3.55,0.4));
#10405=VECTOR('',#10406,1.);
#10406=DIRECTION('',(0.,0.,-1.));
#10407=CARTESIAN_POINT('',(16.65,3.55,0.));
#10408=CARTESIAN_POINT('',(16.65,3.55,0.));
#10409=VECTOR('',#10410,1.);
#10410=DIRECTION('',(-1.,0.,0.));
#10411=CARTESIAN_POINT('',(16.65,3.55,0.));
#10412=VECTOR('',#10413,1.);
#10413=DIRECTION('',(0.,-1.,0.));
#10414=CARTESIAN_POINT('',(16.65,3.55,0.4));
#10415=CARTESIAN_POINT('',(16.65,3.55,0.));
#10416=VECTOR('',#10417,1.);
#10417=DIRECTION('',(0.,0.,1.));
#10418=CARTESIAN_POINT('',(16.65,-2.2,0.4));
#10419=VECTOR('',#10420,1.);
#10420=DIRECTION('',(0.,1.,0.));
#10421=CARTESIAN_POINT('',(18.35,3.55,0.4));
#10422=CARTESIAN_POINT('',(18.35,3.55,0.4));
#10423=VECTOR('',#10424,1.);
#10424=DIRECTION('',(-1.,0.,0.));
#10425=CARTESIAN_POINT('',(18.35,3.55,0.4));
#10426=VECTOR('',#10427,1.);
#10427=DIRECTION('',(0.,-1.,0.));
#10428=CARTESIAN_POINT('',(17.18,0.32,0.4));
#10429=CARTESIAN_POINT('',(17.82,0.32,0.4));
#10430=CARTESIAN_POINT('',(17.18,0.32,0.4));
#10431=VECTOR('',#10432,1.);
#10432=DIRECTION('',(1.,0.,0.));
#10433=CARTESIAN_POINT('',(17.18,-0.32,0.4));
#10434=CARTESIAN_POINT('',(17.18,-0.32,0.4));
#10435=VECTOR('',#10436,1.);
#10436=DIRECTION('',(0.,1.,0.));
#10437=CARTESIAN_POINT('',(17.82,-0.32,0.4));
#10438=CARTESIAN_POINT('',(17.82,-0.32,0.4));
#10439=VECTOR('',#10440,1.);
#10440=DIRECTION('',(-1.,0.,0.));
#10441=CARTESIAN_POINT('',(17.82,0.32,0.4));
#10442=VECTOR('',#10443,1.);
#10443=DIRECTION('',(0.,-1.,0.));
#10444=CARTESIAN_POINT('',(18.35,3.55,0.));
#10445=CARTESIAN_POINT('',(18.35,-2.2,0.));
#10446=VECTOR('',#10447,1.);
#10447=DIRECTION('',(0.,1.,0.));
#10448=CARTESIAN_POINT('',(18.35,3.55,0.4));
#10449=VECTOR('',#10450,1.);
#10450=DIRECTION('',(0.,0.,-1.));
#10451=CARTESIAN_POINT('',(19.15,3.55,0.));
#10452=CARTESIAN_POINT('',(19.15,3.55,0.));
#10453=VECTOR('',#10454,1.);
#10454=DIRECTION('',(-1.,0.,0.));
#10455=CARTESIAN_POINT('',(19.15,3.55,0.));
#10456=VECTOR('',#10457,1.);
#10457=DIRECTION('',(0.,-1.,0.));
#10458=CARTESIAN_POINT('',(19.15,3.55,0.4));
#10459=CARTESIAN_POINT('',(19.15,3.55,0.));
#10460=VECTOR('',#10461,1.);
#10461=DIRECTION('',(0.,0.,1.));
#10462=CARTESIAN_POINT('',(19.15,-2.2,0.4));
#10463=VECTOR('',#10464,1.);
#10464=DIRECTION('',(0.,1.,0.));
#10465=CARTESIAN_POINT('',(20.85,3.55,0.4));
#10466=CARTESIAN_POINT('',(20.85,3.55,0.4));
#10467=VECTOR('',#10468,1.);
#10468=DIRECTION('',(-1.,0.,0.));
#10469=CARTESIAN_POINT('',(20.85,3.55,0.4));
#10470=VECTOR('',#10471,1.);
#10471=DIRECTION('',(0.,-1.,0.));
#10472=CARTESIAN_POINT('',(19.68,0.32,0.4));
#10473=CARTESIAN_POINT('',(20.32,0.32,0.4));
#10474=CARTESIAN_POINT('',(19.68,0.32,0.4));
#10475=VECTOR('',#10476,1.);
#10476=DIRECTION('',(1.,0.,0.));
#10477=CARTESIAN_POINT('',(19.68,-0.32,0.4));
#10478=CARTESIAN_POINT('',(19.68,-0.32,0.4));
#10479=VECTOR('',#10480,1.);
#10480=DIRECTION('',(0.,1.,0.));
#10481=CARTESIAN_POINT('',(20.32,-0.32,0.4));
#10482=CARTESIAN_POINT('',(20.32,-0.32,0.4));
#10483=VECTOR('',#10484,1.);
#10484=DIRECTION('',(-1.,0.,0.));
#10485=CARTESIAN_POINT('',(20.32,0.32,0.4));
#10486=VECTOR('',#10487,1.);
#10487=DIRECTION('',(0.,-1.,0.));
#10488=CARTESIAN_POINT('',(20.85,3.55,0.));
#10489=CARTESIAN_POINT('',(20.85,-2.2,0.));
#10490=VECTOR('',#10491,1.);
#10491=DIRECTION('',(0.,1.,0.));
#10492=CARTESIAN_POINT('',(20.85,3.55,0.4));
#10493=VECTOR('',#10494,1.);
#10494=DIRECTION('',(0.,0.,-1.));
#10495=CARTESIAN_POINT('',(21.65,3.55,0.));
#10496=CARTESIAN_POINT('',(21.65,3.55,0.));
#10497=VECTOR('',#10498,1.);
#10498=DIRECTION('',(-1.,0.,0.));
#10499=CARTESIAN_POINT('',(21.65,3.55,0.));
#10500=VECTOR('',#10501,1.);
#10501=DIRECTION('',(0.,-1.,0.));
#10502=CARTESIAN_POINT('',(21.65,3.55,0.4));
#10503=CARTESIAN_POINT('',(21.65,3.55,0.));
#10504=VECTOR('',#10505,1.);
#10505=DIRECTION('',(0.,0.,1.));
#10506=CARTESIAN_POINT('',(21.65,-2.2,0.4));
#10507=VECTOR('',#10508,1.);
#10508=DIRECTION('',(0.,1.,0.));
#10509=CARTESIAN_POINT('',(23.35,3.55,0.4));
#10510=CARTESIAN_POINT('',(23.35,3.55,0.4));
#10511=VECTOR('',#10512,1.);
#10512=DIRECTION('',(-1.,0.,0.));
#10513=CARTESIAN_POINT('',(23.35,3.55,0.4));
#10514=VECTOR('',#10515,1.);
#10515=DIRECTION('',(0.,-1.,0.));
#10516=CARTESIAN_POINT('',(22.18,0.32,0.4));
#10517=CARTESIAN_POINT('',(22.82,0.32,0.4));
#10518=CARTESIAN_POINT('',(22.18,0.32,0.4));
#10519=VECTOR('',#10520,1.);
#10520=DIRECTION('',(1.,0.,0.));
#10521=CARTESIAN_POINT('',(22.18,-0.32,0.4));
#10522=CARTESIAN_POINT('',(22.18,-0.32,0.4));
#10523=VECTOR('',#10524,1.);
#10524=DIRECTION('',(0.,1.,0.));
#10525=CARTESIAN_POINT('',(22.82,-0.32,0.4));
#10526=CARTESIAN_POINT('',(22.82,-0.32,0.4));
#10527=VECTOR('',#10528,1.);
#10528=DIRECTION('',(-1.,0.,0.));
#10529=CARTESIAN_POINT('',(22.82,0.32,0.4));
#10530=VECTOR('',#10531,1.);
#10531=DIRECTION('',(0.,-1.,0.));
#10532=CARTESIAN_POINT('',(23.35,3.55,0.));
#10533=CARTESIAN_POINT('',(23.35,-2.2,0.));
#10534=VECTOR('',#10535,1.);
#10535=DIRECTION('',(0.,1.,0.));
#10536=CARTESIAN_POINT('',(23.35,3.55,0.4));
#10537=VECTOR('',#10538,1.);
#10538=DIRECTION('',(0.,0.,-1.));
#10539=CARTESIAN_POINT('',(24.15,3.55,0.));
#10540=CARTESIAN_POINT('',(24.15,3.55,0.));
#10541=VECTOR('',#10542,1.);
#10542=DIRECTION('',(-1.,0.,0.));
#10543=CARTESIAN_POINT('',(24.15,3.55,0.));
#10544=VECTOR('',#10545,1.);
#10545=DIRECTION('',(0.,-1.,0.));
#10546=CARTESIAN_POINT('',(24.15,3.55,0.4));
#10547=CARTESIAN_POINT('',(24.15,3.55,0.));
#10548=VECTOR('',#10549,1.);
#10549=DIRECTION('',(0.,0.,1.));
#10550=CARTESIAN_POINT('',(24.15,-2.2,0.4));
#10551=VECTOR('',#10552,1.);
#10552=DIRECTION('',(0.,1.,0.));
#10553=CARTESIAN_POINT('',(25.85,3.55,0.4));
#10554=CARTESIAN_POINT('',(25.85,3.55,0.4));
#10555=VECTOR('',#10556,1.);
#10556=DIRECTION('',(-1.,0.,0.));
#10557=CARTESIAN_POINT('',(25.85,3.55,0.4));
#10558=VECTOR('',#10559,1.);
#10559=DIRECTION('',(0.,-1.,0.));
#10560=CARTESIAN_POINT('',(24.68,0.32,0.4));
#10561=CARTESIAN_POINT('',(25.32,0.32,0.4));
#10562=CARTESIAN_POINT('',(24.68,0.32,0.4));
#10563=VECTOR('',#10564,1.);
#10564=DIRECTION('',(1.,0.,0.));
#10565=CARTESIAN_POINT('',(24.68,-0.32,0.4));
#10566=CARTESIAN_POINT('',(24.68,-0.32,0.4));
#10567=VECTOR('',#10568,1.);
#10568=DIRECTION('',(0.,1.,0.));
#10569=CARTESIAN_POINT('',(25.32,-0.32,0.4));
#10570=CARTESIAN_POINT('',(25.32,-0.32,0.4));
#10571=VECTOR('',#10572,1.);
#10572=DIRECTION('',(-1.,0.,0.));
#10573=CARTESIAN_POINT('',(25.32,0.32,0.4));
#10574=VECTOR('',#10575,1.);
#10575=DIRECTION('',(0.,-1.,0.));
#10576=CARTESIAN_POINT('',(25.85,3.55,0.));
#10577=CARTESIAN_POINT('',(25.85,-2.2,0.));
#10578=VECTOR('',#10579,1.);
#10579=DIRECTION('',(0.,1.,0.));
#10580=CARTESIAN_POINT('',(25.85,3.55,0.4));
#10581=VECTOR('',#10582,1.);
#10582=DIRECTION('',(0.,0.,-1.));
#10583=CARTESIAN_POINT('',(26.65,3.55,0.));
#10584=CARTESIAN_POINT('',(26.65,3.55,0.));
#10585=VECTOR('',#10586,1.);
#10586=DIRECTION('',(-1.,0.,0.));
#10587=CARTESIAN_POINT('',(26.65,3.55,0.));
#10588=VECTOR('',#10589,1.);
#10589=DIRECTION('',(0.,-1.,0.));
#10590=CARTESIAN_POINT('',(26.65,3.55,0.4));
#10591=CARTESIAN_POINT('',(26.65,3.55,0.));
#10592=VECTOR('',#10593,1.);
#10593=DIRECTION('',(0.,0.,1.));
#10594=CARTESIAN_POINT('',(26.65,-2.2,0.4));
#10595=VECTOR('',#10596,1.);
#10596=DIRECTION('',(0.,1.,0.));
#10597=CARTESIAN_POINT('',(28.35,3.55,0.4));
#10598=CARTESIAN_POINT('',(28.35,3.55,0.4));
#10599=VECTOR('',#10600,1.);
#10600=DIRECTION('',(-1.,0.,0.));
#10601=CARTESIAN_POINT('',(28.35,3.55,0.4));
#10602=VECTOR('',#10603,1.);
#10603=DIRECTION('',(0.,-1.,0.));
#10604=CARTESIAN_POINT('',(27.18,0.32,0.4));
#10605=CARTESIAN_POINT('',(27.82,0.32,0.4));
#10606=CARTESIAN_POINT('',(27.18,0.32,0.4));
#10607=VECTOR('',#10608,1.);
#10608=DIRECTION('',(1.,0.,0.));
#10609=CARTESIAN_POINT('',(27.18,-0.32,0.4));
#10610=CARTESIAN_POINT('',(27.18,-0.32,0.4));
#10611=VECTOR('',#10612,1.);
#10612=DIRECTION('',(0.,1.,0.));
#10613=CARTESIAN_POINT('',(27.82,-0.32,0.4));
#10614=CARTESIAN_POINT('',(27.82,-0.32,0.4));
#10615=VECTOR('',#10616,1.);
#10616=DIRECTION('',(-1.,0.,0.));
#10617=CARTESIAN_POINT('',(27.82,0.32,0.4));
#10618=VECTOR('',#10619,1.);
#10619=DIRECTION('',(0.,-1.,0.));
#10620=CARTESIAN_POINT('',(28.35,3.55,0.));
#10621=CARTESIAN_POINT('',(28.35,-2.2,0.));
#10622=VECTOR('',#10623,1.);
#10623=DIRECTION('',(0.,1.,0.));
#10624=CARTESIAN_POINT('',(28.35,3.55,0.4));
#10625=VECTOR('',#10626,1.);
#10626=DIRECTION('',(0.,0.,-1.));
#10627=CARTESIAN_POINT('',(29.15,3.55,0.));
#10628=CARTESIAN_POINT('',(29.15,3.55,0.));
#10629=VECTOR('',#10630,1.);
#10630=DIRECTION('',(-1.,0.,0.));
#10631=CARTESIAN_POINT('',(29.15,3.55,0.));
#10632=VECTOR('',#10633,1.);
#10633=DIRECTION('',(0.,-1.,0.));
#10634=CARTESIAN_POINT('',(29.15,3.55,0.4));
#10635=CARTESIAN_POINT('',(29.15,3.55,0.));
#10636=VECTOR('',#10637,1.);
#10637=DIRECTION('',(0.,0.,1.));
#10638=CARTESIAN_POINT('',(29.15,-2.2,0.4));
#10639=VECTOR('',#10640,1.);
#10640=DIRECTION('',(0.,1.,0.));
#10641=CARTESIAN_POINT('',(30.85,3.55,0.4));
#10642=CARTESIAN_POINT('',(30.85,3.55,0.4));
#10643=VECTOR('',#10644,1.);
#10644=DIRECTION('',(-1.,0.,0.));
#10645=CARTESIAN_POINT('',(30.85,3.55,0.4));
#10646=VECTOR('',#10647,1.);
#10647=DIRECTION('',(0.,-1.,0.));
#10648=CARTESIAN_POINT('',(29.68,0.32,0.4));
#10649=CARTESIAN_POINT('',(30.32,0.32,0.4));
#10650=CARTESIAN_POINT('',(29.68,0.32,0.4));
#10651=VECTOR('',#10652,1.);
#10652=DIRECTION('',(1.,0.,0.));
#10653=CARTESIAN_POINT('',(29.68,-0.32,0.4));
#10654=CARTESIAN_POINT('',(29.68,-0.32,0.4));
#10655=VECTOR('',#10656,1.);
#10656=DIRECTION('',(0.,1.,0.));
#10657=CARTESIAN_POINT('',(30.32,-0.32,0.4));
#10658=CARTESIAN_POINT('',(30.32,-0.32,0.4));
#10659=VECTOR('',#10660,1.);
#10660=DIRECTION('',(-1.,0.,0.));
#10661=CARTESIAN_POINT('',(30.32,0.32,0.4));
#10662=VECTOR('',#10663,1.);
#10663=DIRECTION('',(0.,-1.,0.));
#10664=CARTESIAN_POINT('',(30.85,3.55,0.));
#10665=CARTESIAN_POINT('',(30.85,-2.2,0.));
#10666=VECTOR('',#10667,1.);
#10667=DIRECTION('',(0.,1.,0.));
#10668=CARTESIAN_POINT('',(30.85,3.55,0.4));
#10669=VECTOR('',#10670,1.);
#10670=DIRECTION('',(0.,0.,-1.));
#10671=CARTESIAN_POINT('',(31.65,3.55,0.));
#10672=CARTESIAN_POINT('',(31.65,3.55,0.));
#10673=VECTOR('',#10674,1.);
#10674=DIRECTION('',(-1.,0.,0.));
#10675=CARTESIAN_POINT('',(31.65,3.55,0.));
#10676=VECTOR('',#10677,1.);
#10677=DIRECTION('',(0.,-1.,0.));
#10678=CARTESIAN_POINT('',(31.65,3.55,0.4));
#10679=CARTESIAN_POINT('',(31.65,3.55,0.));
#10680=VECTOR('',#10681,1.);
#10681=DIRECTION('',(0.,0.,1.));
#10682=CARTESIAN_POINT('',(31.65,-2.2,0.4));
#10683=VECTOR('',#10684,1.);
#10684=DIRECTION('',(0.,1.,0.));
#10685=CARTESIAN_POINT('',(33.35,3.55,0.4));
#10686=CARTESIAN_POINT('',(33.35,3.55,0.4));
#10687=VECTOR('',#10688,1.);
#10688=DIRECTION('',(-1.,0.,0.));
#10689=CARTESIAN_POINT('',(33.35,3.55,0.4));
#10690=VECTOR('',#10691,1.);
#10691=DIRECTION('',(0.,-1.,0.));
#10692=CARTESIAN_POINT('',(32.18,0.32,0.4));
#10693=CARTESIAN_POINT('',(32.82,0.32,0.4));
#10694=CARTESIAN_POINT('',(32.18,0.32,0.4));
#10695=VECTOR('',#10696,1.);
#10696=DIRECTION('',(1.,0.,0.));
#10697=CARTESIAN_POINT('',(32.18,-0.32,0.4));
#10698=CARTESIAN_POINT('',(32.18,-0.32,0.4));
#10699=VECTOR('',#10700,1.);
#10700=DIRECTION('',(0.,1.,0.));
#10701=CARTESIAN_POINT('',(32.82,-0.32,0.4));
#10702=CARTESIAN_POINT('',(32.82,-0.32,0.4));
#10703=VECTOR('',#10704,1.);
#10704=DIRECTION('',(-1.,0.,0.));
#10705=CARTESIAN_POINT('',(32.82,0.32,0.4));
#10706=VECTOR('',#10707,1.);
#10707=DIRECTION('',(0.,-1.,0.));
#10708=CARTESIAN_POINT('',(33.35,3.55,0.));
#10709=CARTESIAN_POINT('',(33.35,-2.2,0.));
#10710=VECTOR('',#10711,1.);
#10711=DIRECTION('',(0.,1.,0.));
#10712=CARTESIAN_POINT('',(33.35,3.55,0.4));
#10713=VECTOR('',#10714,1.);
#10714=DIRECTION('',(0.,0.,-1.));
#10715=CARTESIAN_POINT('',(33.35,3.55,0.));
#10716=VECTOR('',#10717,1.);
#10717=DIRECTION('',(1.,0.,0.));
#10718=CARTESIAN_POINT('',(34.6,-0.4,7.));
#10719=CARTESIAN_POINT('',(34.6,-0.4,7.));
#10720=VECTOR('',#10721,1.);
#10721=DIRECTION('',(-0.707106781186544,0.,-0.707106781186551));
#10722=CARTESIAN_POINT('',(35.,-0.4,7.));
#10723=VECTOR('',#10724,1.);
#10724=DIRECTION('',(-1.,0.,0.));
#10725=CARTESIAN_POINT('',(35.,3.55,7.));
#10726=VECTOR('',#10727,1.);
#10727=DIRECTION('',(-1.,0.,0.));
#10728=CARTESIAN_POINT('',(-2.1,-0.4,7.));
#10729=CARTESIAN_POINT('',(-2.1,3.15,7.));
#10730=CARTESIAN_POINT('',(-2.1,3.15,7.));
#10731=VECTOR('',#10732,1.);
#10732=DIRECTION('',(1.2509555207044E-016,-1.,0.));
#10733=CARTESIAN_POINT('',(34.6,3.15,7.));
#10734=CARTESIAN_POINT('',(34.6,3.15,7.));
#10735=VECTOR('',#10736,1.);
#10736=DIRECTION('',(-1.,1.2100523429157E-017,0.));
#10737=CARTESIAN_POINT('',(34.6,3.15,7.));
#10738=VECTOR('',#10739,1.);
#10739=DIRECTION('',(-2.00152883312704E-015,-1.,0.));
#10740=CARTESIAN_POINT('',(-2.1,-0.4,7.));
#10741=VECTOR('',#10742,1.);
#10742=DIRECTION('',(-1.,0.,0.));
#10743=CARTESIAN_POINT('',(34.6,3.15,7.));
#10744=VECTOR('',#10745,1.);
#10745=DIRECTION('',(-0.577350269189631,-0.577350269189622,-0.577350269189624));
#10746=CARTESIAN_POINT('',(34.3,2.85,6.7));
#10747=VECTOR('',#10748,1.);
#10748=DIRECTION('',(-1.,0.,2.46032803241032E-017));
#10749=CARTESIAN_POINT('',(2.82,0.32,6.12679491924311));
#10750=CARTESIAN_POINT('',(2.18,0.32,6.12679491924311));
#10751=CARTESIAN_POINT('',(2.82,0.32,6.12679491924311));
#10752=VECTOR('',#10753,1.);
#10753=DIRECTION('',(-1.,0.,0.));
#10754=CARTESIAN_POINT('',(2.82,0.32,2.));
#10755=VECTOR('',#10756,1.);
#10756=DIRECTION('',(0.,0.,1.));
#10757=CARTESIAN_POINT('',(2.18,0.32,2.));
#10758=VECTOR('',#10759,1.);
#10759=DIRECTION('',(0.,0.,1.));
#10760=CARTESIAN_POINT('',(2.82,-0.32,6.12679491924311));
#10761=CARTESIAN_POINT('',(2.82,-0.32,6.12679491924311));
#10762=VECTOR('',#10763,1.);
#10763=DIRECTION('',(0.,1.,0.));
#10764=CARTESIAN_POINT('',(2.82,-0.32,2.));
#10765=VECTOR('',#10766,1.);
#10766=DIRECTION('',(0.,0.,1.));
#10767=CARTESIAN_POINT('',(2.18,-0.32,6.12679491924311));
#10768=CARTESIAN_POINT('',(2.18,-0.32,6.12679491924311));
#10769=VECTOR('',#10770,1.);
#10770=DIRECTION('',(1.,0.,0.));
#10771=CARTESIAN_POINT('',(2.18,-0.32,2.));
#10772=VECTOR('',#10773,1.);
#10773=DIRECTION('',(0.,0.,1.));
#10774=CARTESIAN_POINT('',(2.18,0.32,6.12679491924311));
#10775=VECTOR('',#10776,1.);
#10776=DIRECTION('',(0.,-1.,0.));
#10777=CARTESIAN_POINT('',(5.32,0.32,6.12679491924311));
#10778=CARTESIAN_POINT('',(4.68,0.32,6.12679491924311));
#10779=CARTESIAN_POINT('',(5.32,0.32,6.12679491924311));
#10780=VECTOR('',#10781,1.);
#10781=DIRECTION('',(-1.,0.,0.));
#10782=CARTESIAN_POINT('',(5.32,0.32,2.));
#10783=VECTOR('',#10784,1.);
#10784=DIRECTION('',(0.,0.,1.));
#10785=CARTESIAN_POINT('',(4.68,0.32,2.));
#10786=VECTOR('',#10787,1.);
#10787=DIRECTION('',(0.,0.,1.));
#10788=CARTESIAN_POINT('',(5.32,-0.32,6.12679491924311));
#10789=CARTESIAN_POINT('',(5.32,-0.32,6.12679491924311));
#10790=VECTOR('',#10791,1.);
#10791=DIRECTION('',(0.,1.,0.));
#10792=CARTESIAN_POINT('',(5.32,-0.32,2.));
#10793=VECTOR('',#10794,1.);
#10794=DIRECTION('',(0.,0.,1.));
#10795=CARTESIAN_POINT('',(4.68,-0.32,6.12679491924311));
#10796=CARTESIAN_POINT('',(4.68,-0.32,6.12679491924311));
#10797=VECTOR('',#10798,1.);
#10798=DIRECTION('',(1.,0.,0.));
#10799=CARTESIAN_POINT('',(4.68,-0.32,2.));
#10800=VECTOR('',#10801,1.);
#10801=DIRECTION('',(0.,0.,1.));
#10802=CARTESIAN_POINT('',(4.68,0.32,6.12679491924311));
#10803=VECTOR('',#10804,1.);
#10804=DIRECTION('',(0.,-1.,0.));
#10805=CARTESIAN_POINT('',(7.82,0.32,6.12679491924311));
#10806=CARTESIAN_POINT('',(7.18,0.32,6.12679491924311));
#10807=CARTESIAN_POINT('',(7.82,0.32,6.12679491924311));
#10808=VECTOR('',#10809,1.);
#10809=DIRECTION('',(-1.,0.,0.));
#10810=CARTESIAN_POINT('',(7.82,0.32,2.));
#10811=VECTOR('',#10812,1.);
#10812=DIRECTION('',(0.,0.,1.));
#10813=CARTESIAN_POINT('',(7.18,0.32,2.));
#10814=VECTOR('',#10815,1.);
#10815=DIRECTION('',(0.,0.,1.));
#10816=CARTESIAN_POINT('',(7.82,-0.32,6.12679491924311));
#10817=CARTESIAN_POINT('',(7.82,-0.32,6.12679491924311));
#10818=VECTOR('',#10819,1.);
#10819=DIRECTION('',(0.,1.,0.));
#10820=CARTESIAN_POINT('',(7.82,-0.32,2.));
#10821=VECTOR('',#10822,1.);
#10822=DIRECTION('',(0.,0.,1.));
#10823=CARTESIAN_POINT('',(7.18,-0.32,6.12679491924311));
#10824=CARTESIAN_POINT('',(7.18,-0.32,6.12679491924311));
#10825=VECTOR('',#10826,1.);
#10826=DIRECTION('',(1.,0.,0.));
#10827=CARTESIAN_POINT('',(7.18,-0.32,2.));
#10828=VECTOR('',#10829,1.);
#10829=DIRECTION('',(0.,0.,1.));
#10830=CARTESIAN_POINT('',(7.18,0.32,6.12679491924311));
#10831=VECTOR('',#10832,1.);
#10832=DIRECTION('',(0.,-1.,0.));
#10833=CARTESIAN_POINT('',(10.32,0.32,6.12679491924311));
#10834=CARTESIAN_POINT('',(9.68,0.32,6.12679491924311));
#10835=CARTESIAN_POINT('',(10.32,0.32,6.12679491924311));
#10836=VECTOR('',#10837,1.);
#10837=DIRECTION('',(-1.,0.,2.77555756156289E-015));
#10838=CARTESIAN_POINT('',(10.32,0.32,2.));
#10839=VECTOR('',#10840,1.);
#10840=DIRECTION('',(0.,0.,1.));
#10841=CARTESIAN_POINT('',(9.68,0.32,2.));
#10842=VECTOR('',#10843,1.);
#10843=DIRECTION('',(0.,0.,1.));
#10844=CARTESIAN_POINT('',(10.32,-0.32,6.12679491924311));
#10845=CARTESIAN_POINT('',(10.32,-0.32,6.12679491924311));
#10846=VECTOR('',#10847,1.);
#10847=DIRECTION('',(0.,1.,0.));
#10848=CARTESIAN_POINT('',(10.32,-0.32,2.));
#10849=VECTOR('',#10850,1.);
#10850=DIRECTION('',(0.,0.,1.));
#10851=CARTESIAN_POINT('',(9.68,-0.32,6.12679491924311));
#10852=CARTESIAN_POINT('',(9.68,-0.32,6.12679491924311));
#10853=VECTOR('',#10854,1.);
#10854=DIRECTION('',(1.,0.,2.77555756156289E-015));
#10855=CARTESIAN_POINT('',(9.68,-0.32,2.));
#10856=VECTOR('',#10857,1.);
#10857=DIRECTION('',(0.,0.,1.));
#10858=CARTESIAN_POINT('',(9.68,0.32,6.12679491924311));
#10859=VECTOR('',#10860,1.);
#10860=DIRECTION('',(0.,-1.,0.));
#10861=CARTESIAN_POINT('',(12.82,0.32,6.12679491924311));
#10862=CARTESIAN_POINT('',(12.18,0.32,6.12679491924311));
#10863=CARTESIAN_POINT('',(12.82,0.32,6.12679491924311));
#10864=VECTOR('',#10865,1.);
#10865=DIRECTION('',(-1.,0.,2.77555756156289E-015));
#10866=CARTESIAN_POINT('',(12.82,0.32,2.));
#10867=VECTOR('',#10868,1.);
#10868=DIRECTION('',(0.,0.,1.));
#10869=CARTESIAN_POINT('',(12.18,0.32,2.));
#10870=VECTOR('',#10871,1.);
#10871=DIRECTION('',(0.,0.,1.));
#10872=CARTESIAN_POINT('',(12.82,-0.32,6.12679491924311));
#10873=CARTESIAN_POINT('',(12.82,-0.32,6.12679491924311));
#10874=VECTOR('',#10875,1.);
#10875=DIRECTION('',(0.,1.,0.));
#10876=CARTESIAN_POINT('',(12.82,-0.32,2.));
#10877=VECTOR('',#10878,1.);
#10878=DIRECTION('',(0.,0.,1.));
#10879=CARTESIAN_POINT('',(12.18,-0.32,6.12679491924311));
#10880=CARTESIAN_POINT('',(12.18,-0.32,6.12679491924311));
#10881=VECTOR('',#10882,1.);
#10882=DIRECTION('',(1.,0.,2.77555756156289E-015));
#10883=CARTESIAN_POINT('',(12.18,-0.32,2.));
#10884=VECTOR('',#10885,1.);
#10885=DIRECTION('',(0.,0.,1.));
#10886=CARTESIAN_POINT('',(12.18,0.32,6.12679491924311));
#10887=VECTOR('',#10888,1.);
#10888=DIRECTION('',(0.,-1.,0.));
#10889=CARTESIAN_POINT('',(15.32,0.32,6.12679491924311));
#10890=CARTESIAN_POINT('',(14.68,0.32,6.12679491924311));
#10891=CARTESIAN_POINT('',(15.32,0.32,6.12679491924311));
#10892=VECTOR('',#10893,1.);
#10893=DIRECTION('',(-1.,0.,2.77555756156289E-015));
#10894=CARTESIAN_POINT('',(15.32,0.32,2.));
#10895=VECTOR('',#10896,1.);
#10896=DIRECTION('',(0.,0.,1.));
#10897=CARTESIAN_POINT('',(14.68,0.32,2.));
#10898=VECTOR('',#10899,1.);
#10899=DIRECTION('',(0.,0.,1.));
#10900=CARTESIAN_POINT('',(15.32,-0.32,6.12679491924311));
#10901=CARTESIAN_POINT('',(15.32,-0.32,6.12679491924311));
#10902=VECTOR('',#10903,1.);
#10903=DIRECTION('',(0.,1.,0.));
#10904=CARTESIAN_POINT('',(15.32,-0.32,2.));
#10905=VECTOR('',#10906,1.);
#10906=DIRECTION('',(0.,0.,1.));
#10907=CARTESIAN_POINT('',(14.68,-0.32,6.12679491924311));
#10908=CARTESIAN_POINT('',(14.68,-0.32,6.12679491924311));
#10909=VECTOR('',#10910,1.);
#10910=DIRECTION('',(1.,0.,2.77555756156289E-015));
#10911=CARTESIAN_POINT('',(14.68,-0.32,2.));
#10912=VECTOR('',#10913,1.);
#10913=DIRECTION('',(0.,0.,1.));
#10914=CARTESIAN_POINT('',(14.68,0.32,6.12679491924311));
#10915=VECTOR('',#10916,1.);
#10916=DIRECTION('',(0.,-1.,0.));
#10917=CARTESIAN_POINT('',(17.82,0.32,6.12679491924311));
#10918=CARTESIAN_POINT('',(17.18,0.32,6.12679491924311));
#10919=CARTESIAN_POINT('',(17.82,0.32,6.12679491924311));
#10920=VECTOR('',#10921,1.);
#10921=DIRECTION('',(-1.,0.,2.77555756156289E-015));
#10922=CARTESIAN_POINT('',(17.82,0.32,2.));
#10923=VECTOR('',#10924,1.);
#10924=DIRECTION('',(0.,0.,1.));
#10925=CARTESIAN_POINT('',(17.18,0.32,2.));
#10926=VECTOR('',#10927,1.);
#10927=DIRECTION('',(0.,0.,1.));
#10928=CARTESIAN_POINT('',(17.82,-0.32,6.12679491924311));
#10929=CARTESIAN_POINT('',(17.82,-0.32,6.12679491924311));
#10930=VECTOR('',#10931,1.);
#10931=DIRECTION('',(0.,1.,0.));
#10932=CARTESIAN_POINT('',(17.82,-0.32,2.));
#10933=VECTOR('',#10934,1.);
#10934=DIRECTION('',(0.,0.,1.));
#10935=CARTESIAN_POINT('',(17.18,-0.32,6.12679491924311));
#10936=CARTESIAN_POINT('',(17.18,-0.32,6.12679491924311));
#10937=VECTOR('',#10938,1.);
#10938=DIRECTION('',(1.,0.,2.77555756156289E-015));
#10939=CARTESIAN_POINT('',(17.18,-0.32,2.));
#10940=VECTOR('',#10941,1.);
#10941=DIRECTION('',(0.,0.,1.));
#10942=CARTESIAN_POINT('',(17.18,0.32,6.12679491924311));
#10943=VECTOR('',#10944,1.);
#10944=DIRECTION('',(0.,-1.,0.));
#10945=CARTESIAN_POINT('',(20.32,0.32,6.12679491924311));
#10946=CARTESIAN_POINT('',(19.68,0.32,6.12679491924311));
#10947=CARTESIAN_POINT('',(20.32,0.32,6.12679491924311));
#10948=VECTOR('',#10949,1.);
#10949=DIRECTION('',(-1.,0.,2.77555756156289E-015));
#10950=CARTESIAN_POINT('',(20.32,0.32,2.));
#10951=VECTOR('',#10952,1.);
#10952=DIRECTION('',(0.,0.,1.));
#10953=CARTESIAN_POINT('',(19.68,0.32,2.));
#10954=VECTOR('',#10955,1.);
#10955=DIRECTION('',(0.,0.,1.));
#10956=CARTESIAN_POINT('',(20.32,-0.32,6.12679491924311));
#10957=CARTESIAN_POINT('',(20.32,-0.32,6.12679491924311));
#10958=VECTOR('',#10959,1.);
#10959=DIRECTION('',(0.,1.,0.));
#10960=CARTESIAN_POINT('',(20.32,-0.32,2.));
#10961=VECTOR('',#10962,1.);
#10962=DIRECTION('',(0.,0.,1.));
#10963=CARTESIAN_POINT('',(19.68,-0.32,6.12679491924311));
#10964=CARTESIAN_POINT('',(19.68,-0.32,6.12679491924311));
#10965=VECTOR('',#10966,1.);
#10966=DIRECTION('',(1.,0.,2.77555756156289E-015));
#10967=CARTESIAN_POINT('',(19.68,-0.32,2.));
#10968=VECTOR('',#10969,1.);
#10969=DIRECTION('',(0.,0.,1.));
#10970=CARTESIAN_POINT('',(19.68,0.32,6.12679491924311));
#10971=VECTOR('',#10972,1.);
#10972=DIRECTION('',(0.,-1.,0.));
#10973=CARTESIAN_POINT('',(22.82,0.32,6.12679491924311));
#10974=CARTESIAN_POINT('',(22.18,0.32,6.12679491924311));
#10975=CARTESIAN_POINT('',(22.82,0.32,6.12679491924311));
#10976=VECTOR('',#10977,1.);
#10977=DIRECTION('',(-1.,0.,2.77555756156289E-015));
#10978=CARTESIAN_POINT('',(22.82,0.32,2.));
#10979=VECTOR('',#10980,1.);
#10980=DIRECTION('',(0.,0.,1.));
#10981=CARTESIAN_POINT('',(22.18,0.32,2.));
#10982=VECTOR('',#10983,1.);
#10983=DIRECTION('',(0.,0.,1.));
#10984=CARTESIAN_POINT('',(22.82,-0.32,6.12679491924311));
#10985=CARTESIAN_POINT('',(22.82,-0.32,6.12679491924311));
#10986=VECTOR('',#10987,1.);
#10987=DIRECTION('',(0.,1.,0.));
#10988=CARTESIAN_POINT('',(22.82,-0.32,2.));
#10989=VECTOR('',#10990,1.);
#10990=DIRECTION('',(0.,0.,1.));
#10991=CARTESIAN_POINT('',(22.18,-0.32,6.12679491924311));
#10992=CARTESIAN_POINT('',(22.18,-0.32,6.12679491924311));
#10993=VECTOR('',#10994,1.);
#10994=DIRECTION('',(1.,0.,2.77555756156289E-015));
#10995=CARTESIAN_POINT('',(22.18,-0.32,2.));
#10996=VECTOR('',#10997,1.);
#10997=DIRECTION('',(0.,0.,1.));
#10998=CARTESIAN_POINT('',(22.18,0.32,6.12679491924311));
#10999=VECTOR('',#11000,1.);
#11000=DIRECTION('',(0.,-1.,0.));
#11001=CARTESIAN_POINT('',(25.32,0.32,6.12679491924311));
#11002=CARTESIAN_POINT('',(24.68,0.32,6.12679491924311));
#11003=CARTESIAN_POINT('',(25.32,0.32,6.12679491924311));
#11004=VECTOR('',#11005,1.);
#11005=DIRECTION('',(-1.,0.,2.77555756156289E-015));
#11006=CARTESIAN_POINT('',(25.32,0.32,2.));
#11007=VECTOR('',#11008,1.);
#11008=DIRECTION('',(0.,0.,1.));
#11009=CARTESIAN_POINT('',(24.68,0.32,2.));
#11010=VECTOR('',#11011,1.);
#11011=DIRECTION('',(0.,0.,1.));
#11012=CARTESIAN_POINT('',(25.32,-0.32,6.12679491924311));
#11013=CARTESIAN_POINT('',(25.32,-0.32,6.12679491924311));
#11014=VECTOR('',#11015,1.);
#11015=DIRECTION('',(0.,1.,0.));
#11016=CARTESIAN_POINT('',(25.32,-0.32,2.));
#11017=VECTOR('',#11018,1.);
#11018=DIRECTION('',(0.,0.,1.));
#11019=CARTESIAN_POINT('',(24.68,-0.32,6.12679491924311));
#11020=CARTESIAN_POINT('',(24.68,-0.32,6.12679491924311));
#11021=VECTOR('',#11022,1.);
#11022=DIRECTION('',(1.,0.,2.77555756156289E-015));
#11023=CARTESIAN_POINT('',(24.68,-0.32,2.));
#11024=VECTOR('',#11025,1.);
#11025=DIRECTION('',(0.,0.,1.));
#11026=CARTESIAN_POINT('',(24.68,0.32,6.12679491924311));
#11027=VECTOR('',#11028,1.);
#11028=DIRECTION('',(0.,-1.,0.));
#11029=CARTESIAN_POINT('',(27.82,0.32,6.12679491924311));
#11030=CARTESIAN_POINT('',(27.18,0.32,6.12679491924311));
#11031=CARTESIAN_POINT('',(27.82,0.32,6.12679491924311));
#11032=VECTOR('',#11033,1.);
#11033=DIRECTION('',(-1.,0.,2.77555756156289E-015));
#11034=CARTESIAN_POINT('',(27.82,0.32,2.));
#11035=VECTOR('',#11036,1.);
#11036=DIRECTION('',(0.,0.,1.));
#11037=CARTESIAN_POINT('',(27.18,0.32,2.));
#11038=VECTOR('',#11039,1.);
#11039=DIRECTION('',(0.,0.,1.));
#11040=CARTESIAN_POINT('',(27.82,-0.32,6.12679491924311));
#11041=CARTESIAN_POINT('',(27.82,-0.32,6.12679491924311));
#11042=VECTOR('',#11043,1.);
#11043=DIRECTION('',(0.,1.,0.));
#11044=CARTESIAN_POINT('',(27.82,-0.32,2.));
#11045=VECTOR('',#11046,1.);
#11046=DIRECTION('',(0.,0.,1.));
#11047=CARTESIAN_POINT('',(27.18,-0.32,6.12679491924311));
#11048=CARTESIAN_POINT('',(27.18,-0.32,6.12679491924311));
#11049=VECTOR('',#11050,1.);
#11050=DIRECTION('',(1.,0.,2.77555756156289E-015));
#11051=CARTESIAN_POINT('',(27.18,-0.32,2.));
#11052=VECTOR('',#11053,1.);
#11053=DIRECTION('',(0.,0.,1.));
#11054=CARTESIAN_POINT('',(27.18,0.32,6.12679491924311));
#11055=VECTOR('',#11056,1.);
#11056=DIRECTION('',(0.,-1.,0.));
#11057=CARTESIAN_POINT('',(30.32,0.32,6.12679491924311));
#11058=CARTESIAN_POINT('',(29.68,0.32,6.12679491924311));
#11059=CARTESIAN_POINT('',(30.32,0.32,6.12679491924311));
#11060=VECTOR('',#11061,1.);
#11061=DIRECTION('',(-1.,0.,2.77555756156289E-015));
#11062=CARTESIAN_POINT('',(30.32,0.32,2.));
#11063=VECTOR('',#11064,1.);
#11064=DIRECTION('',(0.,0.,1.));
#11065=CARTESIAN_POINT('',(29.68,0.32,2.));
#11066=VECTOR('',#11067,1.);
#11067=DIRECTION('',(0.,0.,1.));
#11068=CARTESIAN_POINT('',(30.32,-0.32,6.12679491924311));
#11069=CARTESIAN_POINT('',(30.32,-0.32,6.12679491924311));
#11070=VECTOR('',#11071,1.);
#11071=DIRECTION('',(0.,1.,0.));
#11072=CARTESIAN_POINT('',(30.32,-0.32,2.));
#11073=VECTOR('',#11074,1.);
#11074=DIRECTION('',(0.,0.,1.));
#11075=CARTESIAN_POINT('',(29.68,-0.32,6.12679491924311));
#11076=CARTESIAN_POINT('',(29.68,-0.32,6.12679491924311));
#11077=VECTOR('',#11078,1.);
#11078=DIRECTION('',(1.,0.,2.77555756156289E-015));
#11079=CARTESIAN_POINT('',(29.68,-0.32,2.));
#11080=VECTOR('',#11081,1.);
#11081=DIRECTION('',(0.,0.,1.));
#11082=CARTESIAN_POINT('',(29.68,0.32,6.12679491924311));
#11083=VECTOR('',#11084,1.);
#11084=DIRECTION('',(0.,-1.,0.));
#11085=CARTESIAN_POINT('',(32.82,0.32,6.12679491924311));
#11086=CARTESIAN_POINT('',(32.18,0.32,6.12679491924311));
#11087=CARTESIAN_POINT('',(32.82,0.32,6.12679491924311));
#11088=VECTOR('',#11089,1.);
#11089=DIRECTION('',(-1.,0.,2.77555756156289E-015));
#11090=CARTESIAN_POINT('',(32.82,0.32,2.));
#11091=VECTOR('',#11092,1.);
#11092=DIRECTION('',(0.,0.,1.));
#11093=CARTESIAN_POINT('',(32.18,0.32,2.));
#11094=VECTOR('',#11095,1.);
#11095=DIRECTION('',(0.,0.,1.));
#11096=CARTESIAN_POINT('',(32.82,-0.32,6.12679491924311));
#11097=CARTESIAN_POINT('',(32.82,-0.32,6.12679491924311));
#11098=VECTOR('',#11099,1.);
#11099=DIRECTION('',(0.,1.,0.));
#11100=CARTESIAN_POINT('',(32.82,-0.32,2.));
#11101=VECTOR('',#11102,1.);
#11102=DIRECTION('',(0.,0.,1.));
#11103=CARTESIAN_POINT('',(32.18,-0.32,6.12679491924311));
#11104=CARTESIAN_POINT('',(32.18,-0.32,6.12679491924311));
#11105=VECTOR('',#11106,1.);
#11106=DIRECTION('',(1.,0.,2.77555756156289E-015));
#11107=CARTESIAN_POINT('',(32.18,-0.32,2.));
#11108=VECTOR('',#11109,1.);
#11109=DIRECTION('',(0.,0.,1.));
#11110=CARTESIAN_POINT('',(32.18,0.32,6.12679491924311));
#11111=VECTOR('',#11112,1.);
#11112=DIRECTION('',(0.,-1.,0.));
#11113=CARTESIAN_POINT('',(0.32,0.32,6.12679491924311));
#11114=CARTESIAN_POINT('',(-0.32,0.32,6.12679491924311));
#11115=CARTESIAN_POINT('',(0.32,0.32,6.12679491924311));
#11116=VECTOR('',#11117,1.);
#11117=DIRECTION('',(-1.,0.,0.));
#11118=CARTESIAN_POINT('',(0.32,0.32,2.));
#11119=VECTOR('',#11120,1.);
#11120=DIRECTION('',(0.,0.,1.));
#11121=CARTESIAN_POINT('',(-0.32,0.32,2.));
#11122=VECTOR('',#11123,1.);
#11123=DIRECTION('',(0.,0.,1.));
#11124=CARTESIAN_POINT('',(0.32,-0.32,6.12679491924311));
#11125=CARTESIAN_POINT('',(0.32,-0.32,6.12679491924311));
#11126=VECTOR('',#11127,1.);
#11127=DIRECTION('',(0.,1.,0.));
#11128=CARTESIAN_POINT('',(0.32,-0.32,2.));
#11129=VECTOR('',#11130,1.);
#11130=DIRECTION('',(0.,0.,1.));
#11131=CARTESIAN_POINT('',(-0.32,-0.32,6.12679491924311));
#11132=CARTESIAN_POINT('',(-0.32,-0.32,6.12679491924311));
#11133=VECTOR('',#11134,1.);
#11134=DIRECTION('',(1.,0.,0.));
#11135=CARTESIAN_POINT('',(-0.32,-0.32,2.));
#11136=VECTOR('',#11137,1.);
#11137=DIRECTION('',(0.,0.,1.));
#11138=CARTESIAN_POINT('',(-0.32,0.32,6.12679491924311));
#11139=VECTOR('',#11140,1.);
#11140=DIRECTION('',(0.,-1.,0.));
#11141=CARTESIAN_POINT('',(-1.8,-0.4,6.7));
#11142=VECTOR('',#11143,1.);
#11143=DIRECTION('',(-0.707106781186544,0.,0.707106781186551));
#11144=CARTESIAN_POINT('',(-2.1,3.15,7.));
#11145=VECTOR('',#11146,1.);
#11146=DIRECTION('',(0.577350269189627,-0.577350269189626,-0.577350269189624));
#11147=CARTESIAN_POINT('',(0.32,0.32,-3.12679491924311));
#11148=CARTESIAN_POINT('',(-0.32,0.32,-3.12679491924311));
#11149=CARTESIAN_POINT('',(0.32,0.32,-3.12679491924311));
#11150=VECTOR('',#11151,1.);
#11151=DIRECTION('',(-1.,0.,0.));
#11152=CARTESIAN_POINT('',(-0.32,0.32,-3.12679491924311));
#11153=VECTOR('',#11154,1.);
#11154=DIRECTION('',(0.,0.,1.));
#11155=CARTESIAN_POINT('',(0.32,0.32,-3.12679491924311));
#11156=VECTOR('',#11157,1.);
#11157=DIRECTION('',(0.,0.,1.));
#11158=CARTESIAN_POINT('',(-0.32,-0.32,-3.12679491924311));
#11159=CARTESIAN_POINT('',(-0.32,0.32,-3.12679491924311));
#11160=VECTOR('',#11161,1.);
#11161=DIRECTION('',(0.,-1.,0.));
#11162=CARTESIAN_POINT('',(-0.32,-0.32,-3.12679491924311));
#11163=VECTOR('',#11164,1.);
#11164=DIRECTION('',(0.,0.,1.));
#11165=CARTESIAN_POINT('',(0.32,-0.32,-3.12679491924311));
#11166=CARTESIAN_POINT('',(-0.32,-0.32,-3.12679491924311));
#11167=VECTOR('',#11168,1.);
#11168=DIRECTION('',(1.,0.,0.));
#11169=CARTESIAN_POINT('',(0.32,-0.32,-3.12679491924311));
#11170=VECTOR('',#11171,1.);
#11171=DIRECTION('',(0.,0.,1.));
#11172=CARTESIAN_POINT('',(0.32,-0.32,-3.12679491924311));
#11173=VECTOR('',#11174,1.);
#11174=DIRECTION('',(0.,1.,0.));
#11175=CARTESIAN_POINT('',(2.82,0.32,-3.12679491924311));
#11176=CARTESIAN_POINT('',(2.18,0.32,-3.12679491924311));
#11177=CARTESIAN_POINT('',(2.82,0.32,-3.12679491924311));
#11178=VECTOR('',#11179,1.);
#11179=DIRECTION('',(-1.,0.,0.));
#11180=CARTESIAN_POINT('',(2.18,0.32,-3.12679491924311));
#11181=VECTOR('',#11182,1.);
#11182=DIRECTION('',(0.,0.,1.));
#11183=CARTESIAN_POINT('',(2.82,0.32,-3.12679491924311));
#11184=VECTOR('',#11185,1.);
#11185=DIRECTION('',(0.,0.,1.));
#11186=CARTESIAN_POINT('',(2.18,-0.32,-3.12679491924311));
#11187=CARTESIAN_POINT('',(2.18,0.32,-3.12679491924311));
#11188=VECTOR('',#11189,1.);
#11189=DIRECTION('',(0.,-1.,0.));
#11190=CARTESIAN_POINT('',(2.18,-0.32,-3.12679491924311));
#11191=VECTOR('',#11192,1.);
#11192=DIRECTION('',(0.,0.,1.));
#11193=CARTESIAN_POINT('',(2.82,-0.32,-3.12679491924311));
#11194=CARTESIAN_POINT('',(2.18,-0.32,-3.12679491924311));
#11195=VECTOR('',#11196,1.);
#11196=DIRECTION('',(1.,0.,0.));
#11197=CARTESIAN_POINT('',(2.82,-0.32,-3.12679491924311));
#11198=VECTOR('',#11199,1.);
#11199=DIRECTION('',(0.,0.,1.));
#11200=CARTESIAN_POINT('',(2.82,-0.32,-3.12679491924311));
#11201=VECTOR('',#11202,1.);
#11202=DIRECTION('',(0.,1.,0.));
#11203=CARTESIAN_POINT('',(5.32,0.32,-3.12679491924311));
#11204=CARTESIAN_POINT('',(4.68,0.32,-3.12679491924311));
#11205=CARTESIAN_POINT('',(5.32,0.32,-3.12679491924311));
#11206=VECTOR('',#11207,1.);
#11207=DIRECTION('',(-1.,0.,0.));
#11208=CARTESIAN_POINT('',(4.68,0.32,-3.12679491924311));
#11209=VECTOR('',#11210,1.);
#11210=DIRECTION('',(0.,0.,1.));
#11211=CARTESIAN_POINT('',(5.32,0.32,-3.12679491924311));
#11212=VECTOR('',#11213,1.);
#11213=DIRECTION('',(0.,0.,1.));
#11214=CARTESIAN_POINT('',(4.68,-0.32,-3.12679491924311));
#11215=CARTESIAN_POINT('',(4.68,0.32,-3.12679491924311));
#11216=VECTOR('',#11217,1.);
#11217=DIRECTION('',(0.,-1.,0.));
#11218=CARTESIAN_POINT('',(4.68,-0.32,-3.12679491924311));
#11219=VECTOR('',#11220,1.);
#11220=DIRECTION('',(0.,0.,1.));
#11221=CARTESIAN_POINT('',(5.32,-0.32,-3.12679491924311));
#11222=CARTESIAN_POINT('',(4.68,-0.32,-3.12679491924311));
#11223=VECTOR('',#11224,1.);
#11224=DIRECTION('',(1.,0.,0.));
#11225=CARTESIAN_POINT('',(5.32,-0.32,-3.12679491924311));
#11226=VECTOR('',#11227,1.);
#11227=DIRECTION('',(0.,0.,1.));
#11228=CARTESIAN_POINT('',(5.32,-0.32,-3.12679491924311));
#11229=VECTOR('',#11230,1.);
#11230=DIRECTION('',(0.,1.,0.));
#11231=CARTESIAN_POINT('',(7.82,0.32,-3.12679491924311));
#11232=CARTESIAN_POINT('',(7.18,0.32,-3.12679491924311));
#11233=CARTESIAN_POINT('',(7.82,0.32,-3.12679491924311));
#11234=VECTOR('',#11235,1.);
#11235=DIRECTION('',(-1.,0.,0.));
#11236=CARTESIAN_POINT('',(7.18,0.32,-3.12679491924311));
#11237=VECTOR('',#11238,1.);
#11238=DIRECTION('',(0.,0.,1.));
#11239=CARTESIAN_POINT('',(7.82,0.32,-3.12679491924311));
#11240=VECTOR('',#11241,1.);
#11241=DIRECTION('',(0.,0.,1.));
#11242=CARTESIAN_POINT('',(7.18,-0.32,-3.12679491924311));
#11243=CARTESIAN_POINT('',(7.18,0.32,-3.12679491924311));
#11244=VECTOR('',#11245,1.);
#11245=DIRECTION('',(0.,-1.,0.));
#11246=CARTESIAN_POINT('',(7.18,-0.32,-3.12679491924311));
#11247=VECTOR('',#11248,1.);
#11248=DIRECTION('',(0.,0.,1.));
#11249=CARTESIAN_POINT('',(7.82,-0.32,-3.12679491924311));
#11250=CARTESIAN_POINT('',(7.18,-0.32,-3.12679491924311));
#11251=VECTOR('',#11252,1.);
#11252=DIRECTION('',(1.,0.,0.));
#11253=CARTESIAN_POINT('',(7.82,-0.32,-3.12679491924311));
#11254=VECTOR('',#11255,1.);
#11255=DIRECTION('',(0.,0.,1.));
#11256=CARTESIAN_POINT('',(7.82,-0.32,-3.12679491924311));
#11257=VECTOR('',#11258,1.);
#11258=DIRECTION('',(0.,1.,0.));
#11259=CARTESIAN_POINT('',(10.32,0.32,-3.12679491924311));
#11260=CARTESIAN_POINT('',(9.68,0.32,-3.12679491924311));
#11261=CARTESIAN_POINT('',(10.32,0.32,-3.12679491924311));
#11262=VECTOR('',#11263,1.);
#11263=DIRECTION('',(-1.,0.,0.));
#11264=CARTESIAN_POINT('',(9.68,0.32,-3.12679491924311));
#11265=VECTOR('',#11266,1.);
#11266=DIRECTION('',(0.,0.,1.));
#11267=CARTESIAN_POINT('',(10.32,0.32,-3.12679491924311));
#11268=VECTOR('',#11269,1.);
#11269=DIRECTION('',(0.,0.,1.));
#11270=CARTESIAN_POINT('',(9.68,-0.32,-3.12679491924311));
#11271=CARTESIAN_POINT('',(9.68,0.32,-3.12679491924311));
#11272=VECTOR('',#11273,1.);
#11273=DIRECTION('',(0.,-1.,0.));
#11274=CARTESIAN_POINT('',(9.68,-0.32,-3.12679491924311));
#11275=VECTOR('',#11276,1.);
#11276=DIRECTION('',(0.,0.,1.));
#11277=CARTESIAN_POINT('',(10.32,-0.32,-3.12679491924311));
#11278=CARTESIAN_POINT('',(9.68,-0.32,-3.12679491924311));
#11279=VECTOR('',#11280,1.);
#11280=DIRECTION('',(1.,0.,0.));
#11281=CARTESIAN_POINT('',(10.32,-0.32,-3.12679491924311));
#11282=VECTOR('',#11283,1.);
#11283=DIRECTION('',(0.,0.,1.));
#11284=CARTESIAN_POINT('',(10.32,-0.32,-3.12679491924311));
#11285=VECTOR('',#11286,1.);
#11286=DIRECTION('',(0.,1.,0.));
#11287=CARTESIAN_POINT('',(12.82,0.32,-3.12679491924311));
#11288=CARTESIAN_POINT('',(12.18,0.32,-3.12679491924311));
#11289=CARTESIAN_POINT('',(12.82,0.32,-3.12679491924311));
#11290=VECTOR('',#11291,1.);
#11291=DIRECTION('',(-1.,0.,0.));
#11292=CARTESIAN_POINT('',(12.18,0.32,-3.12679491924311));
#11293=VECTOR('',#11294,1.);
#11294=DIRECTION('',(0.,0.,1.));
#11295=CARTESIAN_POINT('',(12.82,0.32,-3.12679491924311));
#11296=VECTOR('',#11297,1.);
#11297=DIRECTION('',(0.,0.,1.));
#11298=CARTESIAN_POINT('',(12.18,-0.32,-3.12679491924311));
#11299=CARTESIAN_POINT('',(12.18,0.32,-3.12679491924311));
#11300=VECTOR('',#11301,1.);
#11301=DIRECTION('',(0.,-1.,0.));
#11302=CARTESIAN_POINT('',(12.18,-0.32,-3.12679491924311));
#11303=VECTOR('',#11304,1.);
#11304=DIRECTION('',(0.,0.,1.));
#11305=CARTESIAN_POINT('',(12.82,-0.32,-3.12679491924311));
#11306=CARTESIAN_POINT('',(12.18,-0.32,-3.12679491924311));
#11307=VECTOR('',#11308,1.);
#11308=DIRECTION('',(1.,0.,0.));
#11309=CARTESIAN_POINT('',(12.82,-0.32,-3.12679491924311));
#11310=VECTOR('',#11311,1.);
#11311=DIRECTION('',(0.,0.,1.));
#11312=CARTESIAN_POINT('',(12.82,-0.32,-3.12679491924311));
#11313=VECTOR('',#11314,1.);
#11314=DIRECTION('',(0.,1.,0.));
#11315=CARTESIAN_POINT('',(15.32,0.32,-3.12679491924311));
#11316=CARTESIAN_POINT('',(14.68,0.32,-3.12679491924311));
#11317=CARTESIAN_POINT('',(15.32,0.32,-3.12679491924311));
#11318=VECTOR('',#11319,1.);
#11319=DIRECTION('',(-1.,0.,0.));
#11320=CARTESIAN_POINT('',(14.68,0.32,-3.12679491924311));
#11321=VECTOR('',#11322,1.);
#11322=DIRECTION('',(0.,0.,1.));
#11323=CARTESIAN_POINT('',(15.32,0.32,-3.12679491924311));
#11324=VECTOR('',#11325,1.);
#11325=DIRECTION('',(0.,0.,1.));
#11326=CARTESIAN_POINT('',(14.68,-0.32,-3.12679491924311));
#11327=CARTESIAN_POINT('',(14.68,0.32,-3.12679491924311));
#11328=VECTOR('',#11329,1.);
#11329=DIRECTION('',(0.,-1.,0.));
#11330=CARTESIAN_POINT('',(14.68,-0.32,-3.12679491924311));
#11331=VECTOR('',#11332,1.);
#11332=DIRECTION('',(0.,0.,1.));
#11333=CARTESIAN_POINT('',(15.32,-0.32,-3.12679491924311));
#11334=CARTESIAN_POINT('',(14.68,-0.32,-3.12679491924311));
#11335=VECTOR('',#11336,1.);
#11336=DIRECTION('',(1.,0.,0.));
#11337=CARTESIAN_POINT('',(15.32,-0.32,-3.12679491924311));
#11338=VECTOR('',#11339,1.);
#11339=DIRECTION('',(0.,0.,1.));
#11340=CARTESIAN_POINT('',(15.32,-0.32,-3.12679491924311));
#11341=VECTOR('',#11342,1.);
#11342=DIRECTION('',(0.,1.,0.));
#11343=CARTESIAN_POINT('',(17.82,0.32,-3.12679491924311));
#11344=CARTESIAN_POINT('',(17.18,0.32,-3.12679491924311));
#11345=CARTESIAN_POINT('',(17.82,0.32,-3.12679491924311));
#11346=VECTOR('',#11347,1.);
#11347=DIRECTION('',(-1.,0.,0.));
#11348=CARTESIAN_POINT('',(17.18,0.32,-3.12679491924311));
#11349=VECTOR('',#11350,1.);
#11350=DIRECTION('',(0.,0.,1.));
#11351=CARTESIAN_POINT('',(17.82,0.32,-3.12679491924311));
#11352=VECTOR('',#11353,1.);
#11353=DIRECTION('',(0.,0.,1.));
#11354=CARTESIAN_POINT('',(17.18,-0.32,-3.12679491924311));
#11355=CARTESIAN_POINT('',(17.18,0.32,-3.12679491924311));
#11356=VECTOR('',#11357,1.);
#11357=DIRECTION('',(0.,-1.,0.));
#11358=CARTESIAN_POINT('',(17.18,-0.32,-3.12679491924311));
#11359=VECTOR('',#11360,1.);
#11360=DIRECTION('',(0.,0.,1.));
#11361=CARTESIAN_POINT('',(17.82,-0.32,-3.12679491924311));
#11362=CARTESIAN_POINT('',(17.18,-0.32,-3.12679491924311));
#11363=VECTOR('',#11364,1.);
#11364=DIRECTION('',(1.,0.,0.));
#11365=CARTESIAN_POINT('',(17.82,-0.32,-3.12679491924311));
#11366=VECTOR('',#11367,1.);
#11367=DIRECTION('',(0.,0.,1.));
#11368=CARTESIAN_POINT('',(17.82,-0.32,-3.12679491924311));
#11369=VECTOR('',#11370,1.);
#11370=DIRECTION('',(0.,1.,0.));
#11371=CARTESIAN_POINT('',(20.32,0.32,-3.12679491924311));
#11372=CARTESIAN_POINT('',(19.68,0.32,-3.12679491924311));
#11373=CARTESIAN_POINT('',(20.32,0.32,-3.12679491924311));
#11374=VECTOR('',#11375,1.);
#11375=DIRECTION('',(-1.,0.,0.));
#11376=CARTESIAN_POINT('',(19.68,0.32,-3.12679491924311));
#11377=VECTOR('',#11378,1.);
#11378=DIRECTION('',(0.,0.,1.));
#11379=CARTESIAN_POINT('',(20.32,0.32,-3.12679491924311));
#11380=VECTOR('',#11381,1.);
#11381=DIRECTION('',(0.,0.,1.));
#11382=CARTESIAN_POINT('',(19.68,-0.32,-3.12679491924311));
#11383=CARTESIAN_POINT('',(19.68,0.32,-3.12679491924311));
#11384=VECTOR('',#11385,1.);
#11385=DIRECTION('',(0.,-1.,0.));
#11386=CARTESIAN_POINT('',(19.68,-0.32,-3.12679491924311));
#11387=VECTOR('',#11388,1.);
#11388=DIRECTION('',(0.,0.,1.));
#11389=CARTESIAN_POINT('',(20.32,-0.32,-3.12679491924311));
#11390=CARTESIAN_POINT('',(19.68,-0.32,-3.12679491924311));
#11391=VECTOR('',#11392,1.);
#11392=DIRECTION('',(1.,0.,0.));
#11393=CARTESIAN_POINT('',(20.32,-0.32,-3.12679491924311));
#11394=VECTOR('',#11395,1.);
#11395=DIRECTION('',(0.,0.,1.));
#11396=CARTESIAN_POINT('',(20.32,-0.32,-3.12679491924311));
#11397=VECTOR('',#11398,1.);
#11398=DIRECTION('',(0.,1.,0.));
#11399=CARTESIAN_POINT('',(22.82,0.32,-3.12679491924311));
#11400=CARTESIAN_POINT('',(22.18,0.32,-3.12679491924311));
#11401=CARTESIAN_POINT('',(22.82,0.32,-3.12679491924311));
#11402=VECTOR('',#11403,1.);
#11403=DIRECTION('',(-1.,0.,0.));
#11404=CARTESIAN_POINT('',(22.18,0.32,-3.12679491924311));
#11405=VECTOR('',#11406,1.);
#11406=DIRECTION('',(0.,0.,1.));
#11407=CARTESIAN_POINT('',(22.82,0.32,-3.12679491924311));
#11408=VECTOR('',#11409,1.);
#11409=DIRECTION('',(0.,0.,1.));
#11410=CARTESIAN_POINT('',(22.18,-0.32,-3.12679491924311));
#11411=CARTESIAN_POINT('',(22.18,0.32,-3.12679491924311));
#11412=VECTOR('',#11413,1.);
#11413=DIRECTION('',(0.,-1.,0.));
#11414=CARTESIAN_POINT('',(22.18,-0.32,-3.12679491924311));
#11415=VECTOR('',#11416,1.);
#11416=DIRECTION('',(0.,0.,1.));
#11417=CARTESIAN_POINT('',(22.82,-0.32,-3.12679491924311));
#11418=CARTESIAN_POINT('',(22.18,-0.32,-3.12679491924311));
#11419=VECTOR('',#11420,1.);
#11420=DIRECTION('',(1.,0.,0.));
#11421=CARTESIAN_POINT('',(22.82,-0.32,-3.12679491924311));
#11422=VECTOR('',#11423,1.);
#11423=DIRECTION('',(0.,0.,1.));
#11424=CARTESIAN_POINT('',(22.82,-0.32,-3.12679491924311));
#11425=VECTOR('',#11426,1.);
#11426=DIRECTION('',(0.,1.,0.));
#11427=CARTESIAN_POINT('',(25.32,0.32,-3.12679491924311));
#11428=CARTESIAN_POINT('',(24.68,0.32,-3.12679491924311));
#11429=CARTESIAN_POINT('',(25.32,0.32,-3.12679491924311));
#11430=VECTOR('',#11431,1.);
#11431=DIRECTION('',(-1.,0.,0.));
#11432=CARTESIAN_POINT('',(24.68,0.32,-3.12679491924311));
#11433=VECTOR('',#11434,1.);
#11434=DIRECTION('',(0.,0.,1.));
#11435=CARTESIAN_POINT('',(25.32,0.32,-3.12679491924311));
#11436=VECTOR('',#11437,1.);
#11437=DIRECTION('',(0.,0.,1.));
#11438=CARTESIAN_POINT('',(24.68,-0.32,-3.12679491924311));
#11439=CARTESIAN_POINT('',(24.68,0.32,-3.12679491924311));
#11440=VECTOR('',#11441,1.);
#11441=DIRECTION('',(0.,-1.,0.));
#11442=CARTESIAN_POINT('',(24.68,-0.32,-3.12679491924311));
#11443=VECTOR('',#11444,1.);
#11444=DIRECTION('',(0.,0.,1.));
#11445=CARTESIAN_POINT('',(25.32,-0.32,-3.12679491924311));
#11446=CARTESIAN_POINT('',(24.68,-0.32,-3.12679491924311));
#11447=VECTOR('',#11448,1.);
#11448=DIRECTION('',(1.,0.,0.));
#11449=CARTESIAN_POINT('',(25.32,-0.32,-3.12679491924311));
#11450=VECTOR('',#11451,1.);
#11451=DIRECTION('',(0.,0.,1.));
#11452=CARTESIAN_POINT('',(25.32,-0.32,-3.12679491924311));
#11453=VECTOR('',#11454,1.);
#11454=DIRECTION('',(0.,1.,0.));
#11455=CARTESIAN_POINT('',(27.82,0.32,-3.12679491924311));
#11456=CARTESIAN_POINT('',(27.18,0.32,-3.12679491924311));
#11457=CARTESIAN_POINT('',(27.82,0.32,-3.12679491924311));
#11458=VECTOR('',#11459,1.);
#11459=DIRECTION('',(-1.,0.,0.));
#11460=CARTESIAN_POINT('',(27.18,0.32,-3.12679491924311));
#11461=VECTOR('',#11462,1.);
#11462=DIRECTION('',(0.,0.,1.));
#11463=CARTESIAN_POINT('',(27.82,0.32,-3.12679491924311));
#11464=VECTOR('',#11465,1.);
#11465=DIRECTION('',(0.,0.,1.));
#11466=CARTESIAN_POINT('',(27.18,-0.32,-3.12679491924311));
#11467=CARTESIAN_POINT('',(27.18,0.32,-3.12679491924311));
#11468=VECTOR('',#11469,1.);
#11469=DIRECTION('',(0.,-1.,0.));
#11470=CARTESIAN_POINT('',(27.18,-0.32,-3.12679491924311));
#11471=VECTOR('',#11472,1.);
#11472=DIRECTION('',(0.,0.,1.));
#11473=CARTESIAN_POINT('',(27.82,-0.32,-3.12679491924311));
#11474=CARTESIAN_POINT('',(27.18,-0.32,-3.12679491924311));
#11475=VECTOR('',#11476,1.);
#11476=DIRECTION('',(1.,0.,0.));
#11477=CARTESIAN_POINT('',(27.82,-0.32,-3.12679491924311));
#11478=VECTOR('',#11479,1.);
#11479=DIRECTION('',(0.,0.,1.));
#11480=CARTESIAN_POINT('',(27.82,-0.32,-3.12679491924311));
#11481=VECTOR('',#11482,1.);
#11482=DIRECTION('',(0.,1.,0.));
#11483=CARTESIAN_POINT('',(30.32,0.32,-3.12679491924311));
#11484=CARTESIAN_POINT('',(29.68,0.32,-3.12679491924311));
#11485=CARTESIAN_POINT('',(30.32,0.32,-3.12679491924311));
#11486=VECTOR('',#11487,1.);
#11487=DIRECTION('',(-1.,0.,0.));
#11488=CARTESIAN_POINT('',(29.68,0.32,-3.12679491924311));
#11489=VECTOR('',#11490,1.);
#11490=DIRECTION('',(0.,0.,1.));
#11491=CARTESIAN_POINT('',(30.32,0.32,-3.12679491924311));
#11492=VECTOR('',#11493,1.);
#11493=DIRECTION('',(0.,0.,1.));
#11494=CARTESIAN_POINT('',(29.68,-0.32,-3.12679491924311));
#11495=CARTESIAN_POINT('',(29.68,0.32,-3.12679491924311));
#11496=VECTOR('',#11497,1.);
#11497=DIRECTION('',(0.,-1.,0.));
#11498=CARTESIAN_POINT('',(29.68,-0.32,-3.12679491924311));
#11499=VECTOR('',#11500,1.);
#11500=DIRECTION('',(0.,0.,1.));
#11501=CARTESIAN_POINT('',(30.32,-0.32,-3.12679491924311));
#11502=CARTESIAN_POINT('',(29.68,-0.32,-3.12679491924311));
#11503=VECTOR('',#11504,1.);
#11504=DIRECTION('',(1.,0.,0.));
#11505=CARTESIAN_POINT('',(30.32,-0.32,-3.12679491924311));
#11506=VECTOR('',#11507,1.);
#11507=DIRECTION('',(0.,0.,1.));
#11508=CARTESIAN_POINT('',(30.32,-0.32,-3.12679491924311));
#11509=VECTOR('',#11510,1.);
#11510=DIRECTION('',(0.,1.,0.));
#11511=CARTESIAN_POINT('',(32.82,0.32,-3.12679491924311));
#11512=CARTESIAN_POINT('',(32.18,0.32,-3.12679491924311));
#11513=CARTESIAN_POINT('',(32.82,0.32,-3.12679491924311));
#11514=VECTOR('',#11515,1.);
#11515=DIRECTION('',(-1.,0.,0.));
#11516=CARTESIAN_POINT('',(32.18,0.32,-3.12679491924311));
#11517=VECTOR('',#11518,1.);
#11518=DIRECTION('',(0.,0.,1.));
#11519=CARTESIAN_POINT('',(32.82,0.32,-3.12679491924311));
#11520=VECTOR('',#11521,1.);
#11521=DIRECTION('',(0.,0.,1.));
#11522=CARTESIAN_POINT('',(32.18,-0.32,-3.12679491924311));
#11523=CARTESIAN_POINT('',(32.18,0.32,-3.12679491924311));
#11524=VECTOR('',#11525,1.);
#11525=DIRECTION('',(0.,-1.,0.));
#11526=CARTESIAN_POINT('',(32.18,-0.32,-3.12679491924311));
#11527=VECTOR('',#11528,1.);
#11528=DIRECTION('',(0.,0.,1.));
#11529=CARTESIAN_POINT('',(32.82,-0.32,-3.12679491924311));
#11530=CARTESIAN_POINT('',(32.18,-0.32,-3.12679491924311));
#11531=VECTOR('',#11532,1.);
#11532=DIRECTION('',(1.,0.,0.));
#11533=CARTESIAN_POINT('',(32.82,-0.32,-3.12679491924311));
#11534=VECTOR('',#11535,1.);
#11535=DIRECTION('',(0.,0.,1.));
#11536=CARTESIAN_POINT('',(32.82,-0.32,-3.12679491924311));
#11537=VECTOR('',#11538,1.);
#11538=DIRECTION('',(0.,1.,0.));
#11539=CARTESIAN_POINT('',(2.28,0.22,6.5));
#11540=CARTESIAN_POINT('',(2.18,0.32,6.12679491924311));
#11541=VECTOR('',#11542,1.);
#11542=DIRECTION('',(0.250562807085733,-0.250562807085729,0.935113126531029));
#11543=CARTESIAN_POINT('',(2.72,0.22,6.5));
#11544=CARTESIAN_POINT('',(2.72,0.22,6.5));
#11545=VECTOR('',#11546,1.);
#11546=DIRECTION('',(-1.,1.26161707343768E-016,0.));
#11547=CARTESIAN_POINT('',(2.82,0.320000000000001,6.12679491924311));
#11548=VECTOR('',#11549,1.);
#11549=DIRECTION('',(-0.25056280708573,-0.250562807085732,0.93511312653103));
#11550=CARTESIAN_POINT('',(2.72,-0.22,6.5));
#11551=CARTESIAN_POINT('',(2.72,-0.22,6.5));
#11552=VECTOR('',#11553,1.);
#11553=DIRECTION('',(0.,1.,0.));
#11554=CARTESIAN_POINT('',(2.82,-0.32,6.12679491924311));
#11555=VECTOR('',#11556,1.);
#11556=DIRECTION('',(-0.250562807085732,0.250562807085733,0.935113126531029));
#11557=CARTESIAN_POINT('',(2.28,-0.22,6.5));
#11558=CARTESIAN_POINT('',(2.28,-0.22,6.5));
#11559=VECTOR('',#11560,1.);
#11560=DIRECTION('',(1.,0.,0.));
#11561=CARTESIAN_POINT('',(2.18,-0.320000000000001,6.12679491924311));
#11562=VECTOR('',#11563,1.);
#11563=DIRECTION('',(0.25056280708573,0.250562807085732,0.93511312653103));
#11564=CARTESIAN_POINT('',(2.28,0.22,6.5));
#11565=VECTOR('',#11566,1.);
#11566=DIRECTION('',(0.,-1.,0.));
#11567=CARTESIAN_POINT('',(4.78,0.22,6.5));
#11568=CARTESIAN_POINT('',(4.68,0.32,6.12679491924311));
#11569=VECTOR('',#11570,1.);
#11570=DIRECTION('',(0.250562807085732,-0.250562807085733,0.935113126531029));
#11571=CARTESIAN_POINT('',(5.22,0.22,6.5));
#11572=CARTESIAN_POINT('',(5.22,0.22,6.5));
#11573=VECTOR('',#11574,1.);
#11574=DIRECTION('',(-1.,0.,0.));
#11575=CARTESIAN_POINT('',(5.32,0.320000000000001,6.12679491924311));
#11576=VECTOR('',#11577,1.);
#11577=DIRECTION('',(-0.25056280708573,-0.250562807085732,0.93511312653103));
#11578=CARTESIAN_POINT('',(5.22,-0.22,6.5));
#11579=CARTESIAN_POINT('',(5.22,-0.22,6.5));
#11580=VECTOR('',#11581,1.);
#11581=DIRECTION('',(0.,1.,0.));
#11582=CARTESIAN_POINT('',(5.32,-0.32,6.12679491924311));
#11583=VECTOR('',#11584,1.);
#11584=DIRECTION('',(-0.250562807085732,0.250562807085733,0.935113126531029));
#11585=CARTESIAN_POINT('',(4.78,-0.22,6.5));
#11586=CARTESIAN_POINT('',(4.78,-0.22,6.5));
#11587=VECTOR('',#11588,1.);
#11588=DIRECTION('',(1.,0.,0.));
#11589=CARTESIAN_POINT('',(4.68,-0.320000000000001,6.12679491924311));
#11590=VECTOR('',#11591,1.);
#11591=DIRECTION('',(0.25056280708573,0.250562807085732,0.93511312653103));
#11592=CARTESIAN_POINT('',(4.78,0.22,6.5));
#11593=VECTOR('',#11594,1.);
#11594=DIRECTION('',(0.,-1.,0.));
#11595=CARTESIAN_POINT('',(7.28,0.22,6.5));
#11596=CARTESIAN_POINT('',(7.18,0.32,6.12679491924311));
#11597=VECTOR('',#11598,1.);
#11598=DIRECTION('',(0.250562807085734,-0.250562807085733,0.935113126531029));
#11599=CARTESIAN_POINT('',(7.72,0.22,6.5));
#11600=CARTESIAN_POINT('',(7.72,0.22,6.5));
#11601=VECTOR('',#11602,1.);
#11602=DIRECTION('',(-1.,0.,0.));
#11603=CARTESIAN_POINT('',(7.82,0.320000000000001,6.12679491924311));
#11604=VECTOR('',#11605,1.);
#11605=DIRECTION('',(-0.25056280708573,-0.250562807085732,0.93511312653103));
#11606=CARTESIAN_POINT('',(7.72,-0.22,6.5));
#11607=CARTESIAN_POINT('',(7.72,-0.22,6.5));
#11608=VECTOR('',#11609,1.);
#11609=DIRECTION('',(0.,1.,0.));
#11610=CARTESIAN_POINT('',(7.82,-0.32,6.12679491924311));
#11611=VECTOR('',#11612,1.);
#11612=DIRECTION('',(-0.250562807085732,0.250562807085733,0.935113126531029));
#11613=CARTESIAN_POINT('',(7.28,-0.22,6.5));
#11614=CARTESIAN_POINT('',(7.28,-0.22,6.5));
#11615=VECTOR('',#11616,1.);
#11616=DIRECTION('',(1.,0.,0.));
#11617=CARTESIAN_POINT('',(7.18,-0.320000000000001,6.12679491924311));
#11618=VECTOR('',#11619,1.);
#11619=DIRECTION('',(0.25056280708573,0.250562807085732,0.93511312653103));
#11620=CARTESIAN_POINT('',(7.28,0.22,6.5));
#11621=VECTOR('',#11622,1.);
#11622=DIRECTION('',(0.,-1.,0.));
#11623=CARTESIAN_POINT('',(9.78,0.22,6.5));
#11624=CARTESIAN_POINT('',(9.68,0.32,6.12679491924311));
#11625=VECTOR('',#11626,1.);
#11626=DIRECTION('',(0.250562807085731,-0.250562807085731,0.93511312653103));
#11627=CARTESIAN_POINT('',(10.22,0.22,6.5));
#11628=CARTESIAN_POINT('',(10.22,0.22,6.5));
#11629=VECTOR('',#11630,1.);
#11630=DIRECTION('',(-1.,0.,0.));
#11631=CARTESIAN_POINT('',(10.32,0.320000000000001,6.12679491924311));
#11632=VECTOR('',#11633,1.);
#11633=DIRECTION('',(-0.25056280708573,-0.250562807085732,0.93511312653103));
#11634=CARTESIAN_POINT('',(10.22,-0.22,6.5));
#11635=CARTESIAN_POINT('',(10.22,-0.22,6.5));
#11636=VECTOR('',#11637,1.);
#11637=DIRECTION('',(0.,1.,0.));
#11638=CARTESIAN_POINT('',(10.32,-0.32,6.12679491924311));
#11639=VECTOR('',#11640,1.);
#11640=DIRECTION('',(-0.250562807085731,0.250562807085731,0.93511312653103));
#11641=CARTESIAN_POINT('',(9.78,-0.22,6.5));
#11642=CARTESIAN_POINT('',(9.78,-0.22,6.5));
#11643=VECTOR('',#11644,1.);
#11644=DIRECTION('',(1.,-1.26161707343767E-016,0.));
#11645=CARTESIAN_POINT('',(9.68,-0.320000000000001,6.12679491924311));
#11646=VECTOR('',#11647,1.);
#11647=DIRECTION('',(0.25056280708573,0.250562807085731,0.93511312653103));
#11648=CARTESIAN_POINT('',(9.78,0.22,6.5));
#11649=VECTOR('',#11650,1.);
#11650=DIRECTION('',(0.,-1.,0.));
#11651=CARTESIAN_POINT('',(12.28,0.22,6.5));
#11652=CARTESIAN_POINT('',(12.18,0.32,6.12679491924311));
#11653=VECTOR('',#11654,1.);
#11654=DIRECTION('',(0.250562807085731,-0.250562807085731,0.93511312653103));
#11655=CARTESIAN_POINT('',(12.72,0.22,6.5));
#11656=CARTESIAN_POINT('',(12.72,0.22,6.5));
#11657=VECTOR('',#11658,1.);
#11658=DIRECTION('',(-1.,0.,0.));
#11659=CARTESIAN_POINT('',(12.82,0.320000000000001,6.12679491924311));
#11660=VECTOR('',#11661,1.);
#11661=DIRECTION('',(-0.25056280708573,-0.250562807085732,0.93511312653103));
#11662=CARTESIAN_POINT('',(12.72,-0.22,6.5));
#11663=CARTESIAN_POINT('',(12.72,-0.22,6.5));
#11664=VECTOR('',#11665,1.);
#11665=DIRECTION('',(0.,1.,0.));
#11666=CARTESIAN_POINT('',(12.82,-0.32,6.12679491924311));
#11667=VECTOR('',#11668,1.);
#11668=DIRECTION('',(-0.250562807085731,0.250562807085731,0.93511312653103));
#11669=CARTESIAN_POINT('',(12.28,-0.22,6.5));
#11670=CARTESIAN_POINT('',(12.28,-0.22,6.5));
#11671=VECTOR('',#11672,1.);
#11672=DIRECTION('',(1.,-1.26161707343767E-016,0.));
#11673=CARTESIAN_POINT('',(12.18,-0.320000000000001,6.12679491924311));
#11674=VECTOR('',#11675,1.);
#11675=DIRECTION('',(0.25056280708573,0.250562807085731,0.93511312653103));
#11676=CARTESIAN_POINT('',(12.28,0.22,6.5));
#11677=VECTOR('',#11678,1.);
#11678=DIRECTION('',(0.,-1.,0.));
#11679=CARTESIAN_POINT('',(14.78,0.22,6.5));
#11680=CARTESIAN_POINT('',(14.68,0.32,6.12679491924311));
#11681=VECTOR('',#11682,1.);
#11682=DIRECTION('',(0.250562807085731,-0.250562807085731,0.93511312653103));
#11683=CARTESIAN_POINT('',(15.22,0.22,6.5));
#11684=CARTESIAN_POINT('',(15.22,0.22,6.5));
#11685=VECTOR('',#11686,1.);
#11686=DIRECTION('',(-1.,0.,0.));
#11687=CARTESIAN_POINT('',(15.32,0.320000000000001,6.12679491924311));
#11688=VECTOR('',#11689,1.);
#11689=DIRECTION('',(-0.25056280708573,-0.250562807085732,0.93511312653103));
#11690=CARTESIAN_POINT('',(15.22,-0.22,6.5));
#11691=CARTESIAN_POINT('',(15.22,-0.22,6.5));
#11692=VECTOR('',#11693,1.);
#11693=DIRECTION('',(0.,1.,0.));
#11694=CARTESIAN_POINT('',(15.32,-0.32,6.12679491924311));
#11695=VECTOR('',#11696,1.);
#11696=DIRECTION('',(-0.250562807085731,0.250562807085731,0.93511312653103));
#11697=CARTESIAN_POINT('',(14.78,-0.22,6.5));
#11698=CARTESIAN_POINT('',(14.78,-0.22,6.5));
#11699=VECTOR('',#11700,1.);
#11700=DIRECTION('',(1.,-1.26161707343767E-016,0.));
#11701=CARTESIAN_POINT('',(14.68,-0.320000000000001,6.12679491924311));
#11702=VECTOR('',#11703,1.);
#11703=DIRECTION('',(0.25056280708573,0.250562807085731,0.93511312653103));
#11704=CARTESIAN_POINT('',(14.78,0.22,6.5));
#11705=VECTOR('',#11706,1.);
#11706=DIRECTION('',(0.,-1.,0.));
#11707=CARTESIAN_POINT('',(17.28,0.22,6.5));
#11708=CARTESIAN_POINT('',(17.18,0.32,6.12679491924311));
#11709=VECTOR('',#11710,1.);
#11710=DIRECTION('',(0.250562807085735,-0.25056280708573,0.935113126531029));
#11711=CARTESIAN_POINT('',(17.72,0.22,6.5));
#11712=CARTESIAN_POINT('',(17.72,0.22,6.5));
#11713=VECTOR('',#11714,1.);
#11714=DIRECTION('',(-1.,6.30808536718842E-017,0.));
#11715=CARTESIAN_POINT('',(17.82,0.320000000000001,6.12679491924311));
#11716=VECTOR('',#11717,1.);
#11717=DIRECTION('',(-0.250562807085734,-0.250562807085732,0.935113126531029));
#11718=CARTESIAN_POINT('',(17.72,-0.22,6.5));
#11719=CARTESIAN_POINT('',(17.72,-0.22,6.5));
#11720=VECTOR('',#11721,1.);
#11721=DIRECTION('',(0.,1.,0.));
#11722=CARTESIAN_POINT('',(17.82,-0.32,6.12679491924311));
#11723=VECTOR('',#11724,1.);
#11724=DIRECTION('',(-0.250562807085735,0.25056280708573,0.935113126531029));
#11725=CARTESIAN_POINT('',(17.28,-0.22,6.5));
#11726=CARTESIAN_POINT('',(17.28,-0.22,6.5));
#11727=VECTOR('',#11728,1.);
#11728=DIRECTION('',(1.,-6.30808536718842E-017,0.));
#11729=CARTESIAN_POINT('',(17.18,-0.320000000000001,6.12679491924311));
#11730=VECTOR('',#11731,1.);
#11731=DIRECTION('',(0.250562807085734,0.250562807085731,0.935113126531029));
#11732=CARTESIAN_POINT('',(17.28,0.22,6.5));
#11733=VECTOR('',#11734,1.);
#11734=DIRECTION('',(0.,-1.,0.));
#11735=CARTESIAN_POINT('',(19.78,0.22,6.5));
#11736=CARTESIAN_POINT('',(19.68,0.32,6.12679491924311));
#11737=VECTOR('',#11738,1.);
#11738=DIRECTION('',(0.250562807085735,-0.25056280708573,0.935113126531029));
#11739=CARTESIAN_POINT('',(20.22,0.22,6.5));
#11740=CARTESIAN_POINT('',(20.22,0.22,6.5));
#11741=VECTOR('',#11742,1.);
#11742=DIRECTION('',(-1.,6.30808536718842E-017,0.));
#11743=CARTESIAN_POINT('',(20.32,0.320000000000001,6.12679491924311));
#11744=VECTOR('',#11745,1.);
#11745=DIRECTION('',(-0.250562807085734,-0.250562807085732,0.935113126531029));
#11746=CARTESIAN_POINT('',(20.22,-0.22,6.5));
#11747=CARTESIAN_POINT('',(20.22,-0.22,6.5));
#11748=VECTOR('',#11749,1.);
#11749=DIRECTION('',(0.,1.,0.));
#11750=CARTESIAN_POINT('',(20.32,-0.32,6.12679491924311));
#11751=VECTOR('',#11752,1.);
#11752=DIRECTION('',(-0.250562807085735,0.25056280708573,0.935113126531029));
#11753=CARTESIAN_POINT('',(19.78,-0.22,6.5));
#11754=CARTESIAN_POINT('',(19.78,-0.22,6.5));
#11755=VECTOR('',#11756,1.);
#11756=DIRECTION('',(1.,-6.30808536718842E-017,0.));
#11757=CARTESIAN_POINT('',(19.68,-0.320000000000001,6.12679491924311));
#11758=VECTOR('',#11759,1.);
#11759=DIRECTION('',(0.250562807085734,0.250562807085731,0.935113126531029));
#11760=CARTESIAN_POINT('',(19.78,0.22,6.5));
#11761=VECTOR('',#11762,1.);
#11762=DIRECTION('',(0.,-1.,0.));
#11763=CARTESIAN_POINT('',(22.28,0.22,6.5));
#11764=CARTESIAN_POINT('',(22.18,0.32,6.12679491924311));
#11765=VECTOR('',#11766,1.);
#11766=DIRECTION('',(0.250562807085735,-0.25056280708573,0.935113126531029));
#11767=CARTESIAN_POINT('',(22.72,0.22,6.5));
#11768=CARTESIAN_POINT('',(22.72,0.22,6.5));
#11769=VECTOR('',#11770,1.);
#11770=DIRECTION('',(-1.,6.30808536718842E-017,0.));
#11771=CARTESIAN_POINT('',(22.82,0.320000000000001,6.12679491924311));
#11772=VECTOR('',#11773,1.);
#11773=DIRECTION('',(-0.250562807085734,-0.250562807085732,0.935113126531029));
#11774=CARTESIAN_POINT('',(22.72,-0.22,6.5));
#11775=CARTESIAN_POINT('',(22.72,-0.22,6.5));
#11776=VECTOR('',#11777,1.);
#11777=DIRECTION('',(0.,1.,0.));
#11778=CARTESIAN_POINT('',(22.82,-0.32,6.12679491924311));
#11779=VECTOR('',#11780,1.);
#11780=DIRECTION('',(-0.250562807085735,0.25056280708573,0.935113126531029));
#11781=CARTESIAN_POINT('',(22.28,-0.22,6.5));
#11782=CARTESIAN_POINT('',(22.28,-0.22,6.5));
#11783=VECTOR('',#11784,1.);
#11784=DIRECTION('',(1.,-6.30808536718842E-017,0.));
#11785=CARTESIAN_POINT('',(22.18,-0.320000000000001,6.12679491924311));
#11786=VECTOR('',#11787,1.);
#11787=DIRECTION('',(0.250562807085734,0.250562807085731,0.935113126531029));
#11788=CARTESIAN_POINT('',(22.28,0.22,6.5));
#11789=VECTOR('',#11790,1.);
#11790=DIRECTION('',(0.,-1.,0.));
#11791=CARTESIAN_POINT('',(24.78,0.22,6.5));
#11792=CARTESIAN_POINT('',(24.68,0.32,6.12679491924311));
#11793=VECTOR('',#11794,1.);
#11794=DIRECTION('',(0.250562807085735,-0.25056280708573,0.935113126531029));
#11795=CARTESIAN_POINT('',(25.22,0.22,6.5));
#11796=CARTESIAN_POINT('',(25.22,0.22,6.5));
#11797=VECTOR('',#11798,1.);
#11798=DIRECTION('',(-1.,6.30808536718842E-017,0.));
#11799=CARTESIAN_POINT('',(25.32,0.320000000000001,6.12679491924311));
#11800=VECTOR('',#11801,1.);
#11801=DIRECTION('',(-0.250562807085734,-0.250562807085732,0.935113126531029));
#11802=CARTESIAN_POINT('',(25.22,-0.22,6.5));
#11803=CARTESIAN_POINT('',(25.22,-0.22,6.5));
#11804=VECTOR('',#11805,1.);
#11805=DIRECTION('',(0.,1.,0.));
#11806=CARTESIAN_POINT('',(25.32,-0.32,6.12679491924311));
#11807=VECTOR('',#11808,1.);
#11808=DIRECTION('',(-0.250562807085735,0.25056280708573,0.935113126531029));
#11809=CARTESIAN_POINT('',(24.78,-0.22,6.5));
#11810=CARTESIAN_POINT('',(24.78,-0.22,6.5));
#11811=VECTOR('',#11812,1.);
#11812=DIRECTION('',(1.,-6.30808536718842E-017,0.));
#11813=CARTESIAN_POINT('',(24.68,-0.320000000000001,6.12679491924311));
#11814=VECTOR('',#11815,1.);
#11815=DIRECTION('',(0.250562807085734,0.250562807085731,0.935113126531029));
#11816=CARTESIAN_POINT('',(24.78,0.22,6.5));
#11817=VECTOR('',#11818,1.);
#11818=DIRECTION('',(0.,-1.,0.));
#11819=CARTESIAN_POINT('',(27.28,0.22,6.5));
#11820=CARTESIAN_POINT('',(27.18,0.32,6.12679491924311));
#11821=VECTOR('',#11822,1.);
#11822=DIRECTION('',(0.250562807085735,-0.25056280708573,0.935113126531029));
#11823=CARTESIAN_POINT('',(27.72,0.22,6.5));
#11824=CARTESIAN_POINT('',(27.72,0.22,6.5));
#11825=VECTOR('',#11826,1.);
#11826=DIRECTION('',(-1.,6.30808536718842E-017,0.));
#11827=CARTESIAN_POINT('',(27.82,0.320000000000001,6.12679491924311));
#11828=VECTOR('',#11829,1.);
#11829=DIRECTION('',(-0.250562807085734,-0.250562807085732,0.935113126531029));
#11830=CARTESIAN_POINT('',(27.72,-0.22,6.5));
#11831=CARTESIAN_POINT('',(27.72,-0.22,6.5));
#11832=VECTOR('',#11833,1.);
#11833=DIRECTION('',(0.,1.,0.));
#11834=CARTESIAN_POINT('',(27.82,-0.32,6.12679491924311));
#11835=VECTOR('',#11836,1.);
#11836=DIRECTION('',(-0.250562807085735,0.25056280708573,0.935113126531029));
#11837=CARTESIAN_POINT('',(27.28,-0.22,6.5));
#11838=CARTESIAN_POINT('',(27.28,-0.22,6.5));
#11839=VECTOR('',#11840,1.);
#11840=DIRECTION('',(1.,-6.30808536718842E-017,0.));
#11841=CARTESIAN_POINT('',(27.18,-0.320000000000001,6.12679491924311));
#11842=VECTOR('',#11843,1.);
#11843=DIRECTION('',(0.250562807085734,0.250562807085731,0.935113126531029));
#11844=CARTESIAN_POINT('',(27.28,0.22,6.5));
#11845=VECTOR('',#11846,1.);
#11846=DIRECTION('',(0.,-1.,0.));
#11847=CARTESIAN_POINT('',(29.78,0.22,6.5));
#11848=CARTESIAN_POINT('',(29.68,0.32,6.12679491924311));
#11849=VECTOR('',#11850,1.);
#11850=DIRECTION('',(0.250562807085735,-0.25056280708573,0.935113126531029));
#11851=CARTESIAN_POINT('',(30.22,0.22,6.5));
#11852=CARTESIAN_POINT('',(30.22,0.22,6.5));
#11853=VECTOR('',#11854,1.);
#11854=DIRECTION('',(-1.,6.30808536718842E-017,0.));
#11855=CARTESIAN_POINT('',(30.32,0.320000000000001,6.12679491924311));
#11856=VECTOR('',#11857,1.);
#11857=DIRECTION('',(-0.250562807085734,-0.250562807085732,0.935113126531029));
#11858=CARTESIAN_POINT('',(30.22,-0.22,6.5));
#11859=CARTESIAN_POINT('',(30.22,-0.22,6.5));
#11860=VECTOR('',#11861,1.);
#11861=DIRECTION('',(0.,1.,0.));
#11862=CARTESIAN_POINT('',(30.32,-0.32,6.12679491924311));
#11863=VECTOR('',#11864,1.);
#11864=DIRECTION('',(-0.250562807085735,0.25056280708573,0.935113126531029));
#11865=CARTESIAN_POINT('',(29.78,-0.22,6.5));
#11866=CARTESIAN_POINT('',(29.78,-0.22,6.5));
#11867=VECTOR('',#11868,1.);
#11868=DIRECTION('',(1.,-6.30808536718842E-017,0.));
#11869=CARTESIAN_POINT('',(29.68,-0.320000000000001,6.12679491924311));
#11870=VECTOR('',#11871,1.);
#11871=DIRECTION('',(0.250562807085734,0.250562807085731,0.935113126531029));
#11872=CARTESIAN_POINT('',(29.78,0.22,6.5));
#11873=VECTOR('',#11874,1.);
#11874=DIRECTION('',(0.,-1.,0.));
#11875=CARTESIAN_POINT('',(32.28,0.22,6.5));
#11876=CARTESIAN_POINT('',(32.18,0.32,6.12679491924311));
#11877=VECTOR('',#11878,1.);
#11878=DIRECTION('',(0.250562807085735,-0.25056280708573,0.935113126531029));
#11879=CARTESIAN_POINT('',(32.72,0.22,6.5));
#11880=CARTESIAN_POINT('',(32.72,0.22,6.5));
#11881=VECTOR('',#11882,1.);
#11882=DIRECTION('',(-1.,6.30808536718842E-017,0.));
#11883=CARTESIAN_POINT('',(32.82,0.320000000000001,6.12679491924311));
#11884=VECTOR('',#11885,1.);
#11885=DIRECTION('',(-0.250562807085734,-0.250562807085732,0.935113126531029));
#11886=CARTESIAN_POINT('',(32.72,-0.22,6.5));
#11887=CARTESIAN_POINT('',(32.72,-0.22,6.5));
#11888=VECTOR('',#11889,1.);
#11889=DIRECTION('',(0.,1.,0.));
#11890=CARTESIAN_POINT('',(32.82,-0.32,6.12679491924311));
#11891=VECTOR('',#11892,1.);
#11892=DIRECTION('',(-0.250562807085735,0.25056280708573,0.935113126531029));
#11893=CARTESIAN_POINT('',(32.28,-0.22,6.5));
#11894=CARTESIAN_POINT('',(32.28,-0.22,6.5));
#11895=VECTOR('',#11896,1.);
#11896=DIRECTION('',(1.,-6.30808536718842E-017,0.));
#11897=CARTESIAN_POINT('',(32.18,-0.320000000000001,6.12679491924311));
#11898=VECTOR('',#11899,1.);
#11899=DIRECTION('',(0.250562807085734,0.250562807085731,0.935113126531029));
#11900=CARTESIAN_POINT('',(32.28,0.22,6.5));
#11901=VECTOR('',#11902,1.);
#11902=DIRECTION('',(0.,-1.,0.));
#11903=CARTESIAN_POINT('',(-0.22,0.22,6.5));
#11904=CARTESIAN_POINT('',(-0.32,0.32,6.12679491924311));
#11905=VECTOR('',#11906,1.);
#11906=DIRECTION('',(0.250562807085732,-0.250562807085733,0.935113126531029));
#11907=CARTESIAN_POINT('',(0.22,0.22,6.5));
#11908=CARTESIAN_POINT('',(0.22,0.22,6.5));
#11909=VECTOR('',#11910,1.);
#11910=DIRECTION('',(-1.,0.,0.));
#11911=CARTESIAN_POINT('',(0.32,0.320000000000001,6.12679491924311));
#11912=VECTOR('',#11913,1.);
#11913=DIRECTION('',(-0.25056280708573,-0.250562807085732,0.93511312653103));
#11914=CARTESIAN_POINT('',(0.22,-0.22,6.5));
#11915=CARTESIAN_POINT('',(0.22,-0.22,6.5));
#11916=VECTOR('',#11917,1.);
#11917=DIRECTION('',(0.,1.,0.));
#11918=CARTESIAN_POINT('',(0.32,-0.32,6.12679491924311));
#11919=VECTOR('',#11920,1.);
#11920=DIRECTION('',(-0.250562807085732,0.250562807085733,0.935113126531029));
#11921=CARTESIAN_POINT('',(-0.22,-0.22,6.5));
#11922=CARTESIAN_POINT('',(-0.22,-0.22,6.5));
#11923=VECTOR('',#11924,1.);
#11924=DIRECTION('',(1.,0.,0.));
#11925=CARTESIAN_POINT('',(-0.32,-0.320000000000001,6.12679491924311));
#11926=VECTOR('',#11927,1.);
#11927=DIRECTION('',(0.25056280708573,0.250562807085732,0.93511312653103));
#11928=CARTESIAN_POINT('',(-0.22,0.22,6.5));
#11929=VECTOR('',#11930,1.);
#11930=DIRECTION('',(-1.26161707343768E-016,-1.,0.));
#11931=CARTESIAN_POINT('',(0.22,0.22,-3.5));
#11932=CARTESIAN_POINT('',(0.32,0.32,-3.12679491924311));
#11933=VECTOR('',#11934,1.);
#11934=DIRECTION('',(-0.250562807085732,-0.250562807085732,-0.935113126531029));
#11935=CARTESIAN_POINT('',(-0.22,0.22,-3.5));
#11936=CARTESIAN_POINT('',(0.22,0.22,-3.5));
#11937=VECTOR('',#11938,1.);
#11938=DIRECTION('',(-1.,0.,0.));
#11939=CARTESIAN_POINT('',(-0.32,0.32,-3.12679491924311));
#11940=VECTOR('',#11941,1.);
#11941=DIRECTION('',(0.250562807085731,-0.250562807085732,-0.935113126531029));
#11942=CARTESIAN_POINT('',(-0.22,-0.22,-3.5));
#11943=CARTESIAN_POINT('',(-0.22,0.22,-3.5));
#11944=VECTOR('',#11945,1.);
#11945=DIRECTION('',(-1.26161707343768E-016,-1.,0.));
#11946=CARTESIAN_POINT('',(-0.32,-0.32,-3.12679491924311));
#11947=VECTOR('',#11948,1.);
#11948=DIRECTION('',(0.250562807085732,0.250562807085732,-0.935113126531029));
#11949=CARTESIAN_POINT('',(0.22,-0.22,-3.5));
#11950=CARTESIAN_POINT('',(-0.22,-0.22,-3.5));
#11951=VECTOR('',#11952,1.);
#11952=DIRECTION('',(1.,0.,0.));
#11953=CARTESIAN_POINT('',(0.32,-0.32,-3.12679491924311));
#11954=VECTOR('',#11955,1.);
#11955=DIRECTION('',(-0.250562807085731,0.250562807085732,-0.935113126531029));
#11956=CARTESIAN_POINT('',(0.22,-0.22,-3.5));
#11957=VECTOR('',#11958,1.);
#11958=DIRECTION('',(0.,1.,0.));
#11959=CARTESIAN_POINT('',(2.72,0.22,-3.5));
#11960=CARTESIAN_POINT('',(2.82,0.32,-3.12679491924311));
#11961=VECTOR('',#11962,1.);
#11962=DIRECTION('',(-0.250562807085732,-0.250562807085732,-0.935113126531029));
#11963=CARTESIAN_POINT('',(2.28,0.22,-3.5));
#11964=CARTESIAN_POINT('',(2.72,0.22,-3.5));
#11965=VECTOR('',#11966,1.);
#11966=DIRECTION('',(-1.,1.26161707343768E-016,0.));
#11967=CARTESIAN_POINT('',(2.18,0.32,-3.12679491924311));
#11968=VECTOR('',#11969,1.);
#11969=DIRECTION('',(0.250562807085733,-0.250562807085732,-0.935113126531029));
#11970=CARTESIAN_POINT('',(2.28,-0.22,-3.5));
#11971=CARTESIAN_POINT('',(2.28,0.22,-3.5));
#11972=VECTOR('',#11973,1.);
#11973=DIRECTION('',(0.,-1.,0.));
#11974=CARTESIAN_POINT('',(2.18,-0.32,-3.12679491924311));
#11975=VECTOR('',#11976,1.);
#11976=DIRECTION('',(0.250562807085732,0.250562807085732,-0.935113126531029));
#11977=CARTESIAN_POINT('',(2.72,-0.22,-3.5));
#11978=CARTESIAN_POINT('',(2.28,-0.22,-3.5));
#11979=VECTOR('',#11980,1.);
#11980=DIRECTION('',(1.,0.,0.));
#11981=CARTESIAN_POINT('',(2.82,-0.32,-3.12679491924311));
#11982=VECTOR('',#11983,1.);
#11983=DIRECTION('',(-0.250562807085731,0.250562807085732,-0.93511312653103));
#11984=CARTESIAN_POINT('',(2.72,-0.22,-3.5));
#11985=VECTOR('',#11986,1.);
#11986=DIRECTION('',(0.,1.,0.));
#11987=CARTESIAN_POINT('',(5.22,0.22,-3.5));
#11988=CARTESIAN_POINT('',(5.32,0.32,-3.12679491924311));
#11989=VECTOR('',#11990,1.);
#11990=DIRECTION('',(-0.250562807085731,-0.250562807085732,-0.93511312653103));
#11991=CARTESIAN_POINT('',(4.78,0.22,-3.5));
#11992=CARTESIAN_POINT('',(5.22,0.22,-3.5));
#11993=VECTOR('',#11994,1.);
#11994=DIRECTION('',(-1.,0.,0.));
#11995=CARTESIAN_POINT('',(4.68,0.32,-3.12679491924311));
#11996=VECTOR('',#11997,1.);
#11997=DIRECTION('',(0.250562807085731,-0.250562807085732,-0.93511312653103));
#11998=CARTESIAN_POINT('',(4.78,-0.22,-3.5));
#11999=CARTESIAN_POINT('',(4.78,0.22,-3.5));
#12000=VECTOR('',#12001,1.);
#12001=DIRECTION('',(0.,-1.,0.));
#12002=CARTESIAN_POINT('',(4.68,-0.32,-3.12679491924311));
#12003=VECTOR('',#12004,1.);
#12004=DIRECTION('',(0.250562807085731,0.250562807085732,-0.93511312653103));
#12005=CARTESIAN_POINT('',(5.22,-0.22,-3.5));
#12006=CARTESIAN_POINT('',(4.78,-0.22,-3.5));
#12007=VECTOR('',#12008,1.);
#12008=DIRECTION('',(1.,0.,0.));
#12009=CARTESIAN_POINT('',(5.32,-0.32,-3.12679491924311));
#12010=VECTOR('',#12011,1.);
#12011=DIRECTION('',(-0.250562807085731,0.250562807085732,-0.93511312653103));
#12012=CARTESIAN_POINT('',(5.22,-0.22,-3.5));
#12013=VECTOR('',#12014,1.);
#12014=DIRECTION('',(0.,1.,0.));
#12015=CARTESIAN_POINT('',(7.72,0.22,-3.5));
#12016=CARTESIAN_POINT('',(7.82,0.32,-3.12679491924311));
#12017=VECTOR('',#12018,1.);
#12018=DIRECTION('',(-0.250562807085731,-0.250562807085732,-0.93511312653103));
#12019=CARTESIAN_POINT('',(7.28,0.22,-3.5));
#12020=CARTESIAN_POINT('',(7.72,0.22,-3.5));
#12021=VECTOR('',#12022,1.);
#12022=DIRECTION('',(-1.,0.,0.));
#12023=CARTESIAN_POINT('',(7.18,0.32,-3.12679491924311));
#12024=VECTOR('',#12025,1.);
#12025=DIRECTION('',(0.250562807085733,-0.250562807085732,-0.935113126531029));
#12026=CARTESIAN_POINT('',(7.28,-0.22,-3.5));
#12027=CARTESIAN_POINT('',(7.28,0.22,-3.5));
#12028=VECTOR('',#12029,1.);
#12029=DIRECTION('',(0.,-1.,0.));
#12030=CARTESIAN_POINT('',(7.18,-0.32,-3.12679491924311));
#12031=VECTOR('',#12032,1.);
#12032=DIRECTION('',(0.250562807085731,0.250562807085732,-0.93511312653103));
#12033=CARTESIAN_POINT('',(7.72,-0.22,-3.5));
#12034=CARTESIAN_POINT('',(7.28,-0.22,-3.5));
#12035=VECTOR('',#12036,1.);
#12036=DIRECTION('',(1.,0.,0.));
#12037=CARTESIAN_POINT('',(7.82,-0.32,-3.12679491924311));
#12038=VECTOR('',#12039,1.);
#12039=DIRECTION('',(-0.250562807085731,0.250562807085732,-0.93511312653103));
#12040=CARTESIAN_POINT('',(7.72,-0.22,-3.5));
#12041=VECTOR('',#12042,1.);
#12042=DIRECTION('',(0.,1.,0.));
#12043=CARTESIAN_POINT('',(10.22,0.22,-3.5));
#12044=CARTESIAN_POINT('',(10.32,0.32,-3.12679491924311));
#12045=VECTOR('',#12046,1.);
#12046=DIRECTION('',(-0.250562807085731,-0.250562807085732,-0.93511312653103));
#12047=CARTESIAN_POINT('',(9.78,0.22,-3.5));
#12048=CARTESIAN_POINT('',(10.22,0.22,-3.5));
#12049=VECTOR('',#12050,1.);
#12050=DIRECTION('',(-1.,0.,0.));
#12051=CARTESIAN_POINT('',(9.68,0.32,-3.12679491924311));
#12052=VECTOR('',#12053,1.);
#12053=DIRECTION('',(0.250562807085731,-0.250562807085732,-0.93511312653103));
#12054=CARTESIAN_POINT('',(9.78,-0.22,-3.5));
#12055=CARTESIAN_POINT('',(9.78,0.22,-3.5));
#12056=VECTOR('',#12057,1.);
#12057=DIRECTION('',(0.,-1.,0.));
#12058=CARTESIAN_POINT('',(9.68,-0.32,-3.12679491924311));
#12059=VECTOR('',#12060,1.);
#12060=DIRECTION('',(0.250562807085731,0.250562807085731,-0.93511312653103));
#12061=CARTESIAN_POINT('',(10.22,-0.22,-3.5));
#12062=CARTESIAN_POINT('',(9.78,-0.22,-3.5));
#12063=VECTOR('',#12064,1.);
#12064=DIRECTION('',(1.,-1.26161707343767E-016,0.));
#12065=CARTESIAN_POINT('',(10.32,-0.32,-3.12679491924311));
#12066=VECTOR('',#12067,1.);
#12067=DIRECTION('',(-0.250562807085731,0.250562807085732,-0.93511312653103));
#12068=CARTESIAN_POINT('',(10.22,-0.22,-3.5));
#12069=VECTOR('',#12070,1.);
#12070=DIRECTION('',(0.,1.,0.));
#12071=CARTESIAN_POINT('',(12.72,0.22,-3.5));
#12072=CARTESIAN_POINT('',(12.82,0.32,-3.12679491924311));
#12073=VECTOR('',#12074,1.);
#12074=DIRECTION('',(-0.250562807085731,-0.250562807085732,-0.93511312653103));
#12075=CARTESIAN_POINT('',(12.28,0.22,-3.5));
#12076=CARTESIAN_POINT('',(12.72,0.22,-3.5));
#12077=VECTOR('',#12078,1.);
#12078=DIRECTION('',(-1.,0.,0.));
#12079=CARTESIAN_POINT('',(12.18,0.32,-3.12679491924311));
#12080=VECTOR('',#12081,1.);
#12081=DIRECTION('',(0.250562807085731,-0.250562807085732,-0.93511312653103));
#12082=CARTESIAN_POINT('',(12.28,-0.22,-3.5));
#12083=CARTESIAN_POINT('',(12.28,0.22,-3.5));
#12084=VECTOR('',#12085,1.);
#12085=DIRECTION('',(0.,-1.,0.));
#12086=CARTESIAN_POINT('',(12.18,-0.32,-3.12679491924311));
#12087=VECTOR('',#12088,1.);
#12088=DIRECTION('',(0.250562807085731,0.250562807085731,-0.93511312653103));
#12089=CARTESIAN_POINT('',(12.72,-0.22,-3.5));
#12090=CARTESIAN_POINT('',(12.28,-0.22,-3.5));
#12091=VECTOR('',#12092,1.);
#12092=DIRECTION('',(1.,-1.26161707343767E-016,0.));
#12093=CARTESIAN_POINT('',(12.82,-0.32,-3.12679491924311));
#12094=VECTOR('',#12095,1.);
#12095=DIRECTION('',(-0.250562807085731,0.250562807085732,-0.93511312653103));
#12096=CARTESIAN_POINT('',(12.72,-0.22,-3.5));
#12097=VECTOR('',#12098,1.);
#12098=DIRECTION('',(0.,1.,0.));
#12099=CARTESIAN_POINT('',(15.22,0.22,-3.5));
#12100=CARTESIAN_POINT('',(15.32,0.32,-3.12679491924311));
#12101=VECTOR('',#12102,1.);
#12102=DIRECTION('',(-0.250562807085731,-0.250562807085732,-0.93511312653103));
#12103=CARTESIAN_POINT('',(14.78,0.22,-3.5));
#12104=CARTESIAN_POINT('',(15.22,0.22,-3.5));
#12105=VECTOR('',#12106,1.);
#12106=DIRECTION('',(-1.,0.,0.));
#12107=CARTESIAN_POINT('',(14.68,0.32,-3.12679491924311));
#12108=VECTOR('',#12109,1.);
#12109=DIRECTION('',(0.250562807085731,-0.250562807085732,-0.93511312653103));
#12110=CARTESIAN_POINT('',(14.78,-0.22,-3.5));
#12111=CARTESIAN_POINT('',(14.78,0.22,-3.5));
#12112=VECTOR('',#12113,1.);
#12113=DIRECTION('',(0.,-1.,0.));
#12114=CARTESIAN_POINT('',(14.68,-0.32,-3.12679491924311));
#12115=VECTOR('',#12116,1.);
#12116=DIRECTION('',(0.250562807085731,0.250562807085731,-0.93511312653103));
#12117=CARTESIAN_POINT('',(15.22,-0.22,-3.5));
#12118=CARTESIAN_POINT('',(14.78,-0.22,-3.5));
#12119=VECTOR('',#12120,1.);
#12120=DIRECTION('',(1.,-1.26161707343767E-016,0.));
#12121=CARTESIAN_POINT('',(15.32,-0.32,-3.12679491924311));
#12122=VECTOR('',#12123,1.);
#12123=DIRECTION('',(-0.250562807085731,0.250562807085732,-0.93511312653103));
#12124=CARTESIAN_POINT('',(15.22,-0.22,-3.5));
#12125=VECTOR('',#12126,1.);
#12126=DIRECTION('',(0.,1.,0.));
#12127=CARTESIAN_POINT('',(17.72,0.22,-3.5));
#12128=CARTESIAN_POINT('',(17.82,0.32,-3.12679491924311));
#12129=VECTOR('',#12130,1.);
#12130=DIRECTION('',(-0.250562807085735,-0.250562807085732,-0.935113126531029));
#12131=CARTESIAN_POINT('',(17.28,0.22,-3.5));
#12132=CARTESIAN_POINT('',(17.72,0.22,-3.5));
#12133=VECTOR('',#12134,1.);
#12134=DIRECTION('',(-1.,6.30808536718842E-017,0.));
#12135=CARTESIAN_POINT('',(17.18,0.32,-3.12679491924311));
#12136=VECTOR('',#12137,1.);
#12137=DIRECTION('',(0.250562807085735,-0.250562807085731,-0.935113126531029));
#12138=CARTESIAN_POINT('',(17.28,-0.22,-3.5));
#12139=CARTESIAN_POINT('',(17.28,0.22,-3.5));
#12140=VECTOR('',#12141,1.);
#12141=DIRECTION('',(0.,-1.,0.));
#12142=CARTESIAN_POINT('',(17.18,-0.32,-3.12679491924311));
#12143=VECTOR('',#12144,1.);
#12144=DIRECTION('',(0.250562807085735,0.250562807085731,-0.935113126531029));
#12145=CARTESIAN_POINT('',(17.72,-0.22,-3.5));
#12146=CARTESIAN_POINT('',(17.28,-0.22,-3.5));
#12147=VECTOR('',#12148,1.);
#12148=DIRECTION('',(1.,-6.30808536718842E-017,0.));
#12149=CARTESIAN_POINT('',(17.82,-0.32,-3.12679491924311));
#12150=VECTOR('',#12151,1.);
#12151=DIRECTION('',(-0.250562807085735,0.250562807085731,-0.935113126531029));
#12152=CARTESIAN_POINT('',(17.72,-0.22,-3.5));
#12153=VECTOR('',#12154,1.);
#12154=DIRECTION('',(0.,1.,0.));
#12155=CARTESIAN_POINT('',(20.22,0.22,-3.5));
#12156=CARTESIAN_POINT('',(20.32,0.32,-3.12679491924311));
#12157=VECTOR('',#12158,1.);
#12158=DIRECTION('',(-0.250562807085735,-0.250562807085732,-0.935113126531029));
#12159=CARTESIAN_POINT('',(19.78,0.22,-3.5));
#12160=CARTESIAN_POINT('',(20.22,0.22,-3.5));
#12161=VECTOR('',#12162,1.);
#12162=DIRECTION('',(-1.,6.30808536718842E-017,0.));
#12163=CARTESIAN_POINT('',(19.68,0.32,-3.12679491924311));
#12164=VECTOR('',#12165,1.);
#12165=DIRECTION('',(0.250562807085735,-0.250562807085731,-0.935113126531029));
#12166=CARTESIAN_POINT('',(19.78,-0.22,-3.5));
#12167=CARTESIAN_POINT('',(19.78,0.22,-3.5));
#12168=VECTOR('',#12169,1.);
#12169=DIRECTION('',(0.,-1.,0.));
#12170=CARTESIAN_POINT('',(19.68,-0.32,-3.12679491924311));
#12171=VECTOR('',#12172,1.);
#12172=DIRECTION('',(0.250562807085735,0.250562807085731,-0.935113126531029));
#12173=CARTESIAN_POINT('',(20.22,-0.22,-3.5));
#12174=CARTESIAN_POINT('',(19.78,-0.22,-3.5));
#12175=VECTOR('',#12176,1.);
#12176=DIRECTION('',(1.,-6.30808536718842E-017,0.));
#12177=CARTESIAN_POINT('',(20.32,-0.32,-3.12679491924311));
#12178=VECTOR('',#12179,1.);
#12179=DIRECTION('',(-0.250562807085735,0.250562807085731,-0.935113126531029));
#12180=CARTESIAN_POINT('',(20.22,-0.22,-3.5));
#12181=VECTOR('',#12182,1.);
#12182=DIRECTION('',(0.,1.,0.));
#12183=CARTESIAN_POINT('',(22.72,0.22,-3.5));
#12184=CARTESIAN_POINT('',(22.82,0.32,-3.12679491924311));
#12185=VECTOR('',#12186,1.);
#12186=DIRECTION('',(-0.250562807085735,-0.250562807085732,-0.935113126531029));
#12187=CARTESIAN_POINT('',(22.28,0.22,-3.5));
#12188=CARTESIAN_POINT('',(22.72,0.22,-3.5));
#12189=VECTOR('',#12190,1.);
#12190=DIRECTION('',(-1.,6.30808536718842E-017,0.));
#12191=CARTESIAN_POINT('',(22.18,0.32,-3.12679491924311));
#12192=VECTOR('',#12193,1.);
#12193=DIRECTION('',(0.250562807085735,-0.250562807085731,-0.935113126531029));
#12194=CARTESIAN_POINT('',(22.28,-0.22,-3.5));
#12195=CARTESIAN_POINT('',(22.28,0.22,-3.5));
#12196=VECTOR('',#12197,1.);
#12197=DIRECTION('',(0.,-1.,0.));
#12198=CARTESIAN_POINT('',(22.18,-0.32,-3.12679491924311));
#12199=VECTOR('',#12200,1.);
#12200=DIRECTION('',(0.250562807085735,0.250562807085731,-0.935113126531029));
#12201=CARTESIAN_POINT('',(22.72,-0.22,-3.5));
#12202=CARTESIAN_POINT('',(22.28,-0.22,-3.5));
#12203=VECTOR('',#12204,1.);
#12204=DIRECTION('',(1.,-6.30808536718842E-017,0.));
#12205=CARTESIAN_POINT('',(22.82,-0.32,-3.12679491924311));
#12206=VECTOR('',#12207,1.);
#12207=DIRECTION('',(-0.250562807085735,0.250562807085731,-0.935113126531029));
#12208=CARTESIAN_POINT('',(22.72,-0.22,-3.5));
#12209=VECTOR('',#12210,1.);
#12210=DIRECTION('',(0.,1.,0.));
#12211=CARTESIAN_POINT('',(25.22,0.22,-3.5));
#12212=CARTESIAN_POINT('',(25.32,0.32,-3.12679491924311));
#12213=VECTOR('',#12214,1.);
#12214=DIRECTION('',(-0.250562807085735,-0.250562807085732,-0.935113126531029));
#12215=CARTESIAN_POINT('',(24.78,0.22,-3.5));
#12216=CARTESIAN_POINT('',(25.22,0.22,-3.5));
#12217=VECTOR('',#12218,1.);
#12218=DIRECTION('',(-1.,6.30808536718842E-017,0.));
#12219=CARTESIAN_POINT('',(24.68,0.32,-3.12679491924311));
#12220=VECTOR('',#12221,1.);
#12221=DIRECTION('',(0.250562807085735,-0.250562807085731,-0.935113126531029));
#12222=CARTESIAN_POINT('',(24.78,-0.22,-3.5));
#12223=CARTESIAN_POINT('',(24.78,0.22,-3.5));
#12224=VECTOR('',#12225,1.);
#12225=DIRECTION('',(0.,-1.,0.));
#12226=CARTESIAN_POINT('',(24.68,-0.32,-3.12679491924311));
#12227=VECTOR('',#12228,1.);
#12228=DIRECTION('',(0.250562807085735,0.250562807085731,-0.935113126531029));
#12229=CARTESIAN_POINT('',(25.22,-0.22,-3.5));
#12230=CARTESIAN_POINT('',(24.78,-0.22,-3.5));
#12231=VECTOR('',#12232,1.);
#12232=DIRECTION('',(1.,-6.30808536718842E-017,0.));
#12233=CARTESIAN_POINT('',(25.32,-0.32,-3.12679491924311));
#12234=VECTOR('',#12235,1.);
#12235=DIRECTION('',(-0.250562807085735,0.250562807085731,-0.935113126531029));
#12236=CARTESIAN_POINT('',(25.22,-0.22,-3.5));
#12237=VECTOR('',#12238,1.);
#12238=DIRECTION('',(0.,1.,0.));
#12239=CARTESIAN_POINT('',(27.72,0.22,-3.5));
#12240=CARTESIAN_POINT('',(27.82,0.32,-3.12679491924311));
#12241=VECTOR('',#12242,1.);
#12242=DIRECTION('',(-0.250562807085735,-0.250562807085732,-0.935113126531029));
#12243=CARTESIAN_POINT('',(27.28,0.22,-3.5));
#12244=CARTESIAN_POINT('',(27.72,0.22,-3.5));
#12245=VECTOR('',#12246,1.);
#12246=DIRECTION('',(-1.,6.30808536718842E-017,0.));
#12247=CARTESIAN_POINT('',(27.18,0.32,-3.12679491924311));
#12248=VECTOR('',#12249,1.);
#12249=DIRECTION('',(0.250562807085735,-0.250562807085731,-0.935113126531029));
#12250=CARTESIAN_POINT('',(27.28,-0.22,-3.5));
#12251=CARTESIAN_POINT('',(27.28,0.22,-3.5));
#12252=VECTOR('',#12253,1.);
#12253=DIRECTION('',(0.,-1.,0.));
#12254=CARTESIAN_POINT('',(27.18,-0.32,-3.12679491924311));
#12255=VECTOR('',#12256,1.);
#12256=DIRECTION('',(0.250562807085735,0.250562807085731,-0.935113126531029));
#12257=CARTESIAN_POINT('',(27.72,-0.22,-3.5));
#12258=CARTESIAN_POINT('',(27.28,-0.22,-3.5));
#12259=VECTOR('',#12260,1.);
#12260=DIRECTION('',(1.,-6.30808536718842E-017,0.));
#12261=CARTESIAN_POINT('',(27.82,-0.32,-3.12679491924311));
#12262=VECTOR('',#12263,1.);
#12263=DIRECTION('',(-0.250562807085735,0.250562807085731,-0.935113126531029));
#12264=CARTESIAN_POINT('',(27.72,-0.22,-3.5));
#12265=VECTOR('',#12266,1.);
#12266=DIRECTION('',(0.,1.,0.));
#12267=CARTESIAN_POINT('',(30.22,0.22,-3.5));
#12268=CARTESIAN_POINT('',(30.32,0.32,-3.12679491924311));
#12269=VECTOR('',#12270,1.);
#12270=DIRECTION('',(-0.250562807085735,-0.250562807085732,-0.935113126531029));
#12271=CARTESIAN_POINT('',(29.78,0.22,-3.5));
#12272=CARTESIAN_POINT('',(30.22,0.22,-3.5));
#12273=VECTOR('',#12274,1.);
#12274=DIRECTION('',(-1.,6.30808536718842E-017,0.));
#12275=CARTESIAN_POINT('',(29.68,0.32,-3.12679491924311));
#12276=VECTOR('',#12277,1.);
#12277=DIRECTION('',(0.250562807085735,-0.250562807085731,-0.935113126531029));
#12278=CARTESIAN_POINT('',(29.78,-0.22,-3.5));
#12279=CARTESIAN_POINT('',(29.78,0.22,-3.5));
#12280=VECTOR('',#12281,1.);
#12281=DIRECTION('',(0.,-1.,0.));
#12282=CARTESIAN_POINT('',(29.68,-0.32,-3.12679491924311));
#12283=VECTOR('',#12284,1.);
#12284=DIRECTION('',(0.250562807085735,0.250562807085731,-0.935113126531029));
#12285=CARTESIAN_POINT('',(30.22,-0.22,-3.5));
#12286=CARTESIAN_POINT('',(29.78,-0.22,-3.5));
#12287=VECTOR('',#12288,1.);
#12288=DIRECTION('',(1.,-6.30808536718842E-017,0.));
#12289=CARTESIAN_POINT('',(30.32,-0.32,-3.12679491924311));
#12290=VECTOR('',#12291,1.);
#12291=DIRECTION('',(-0.250562807085735,0.250562807085731,-0.935113126531029));
#12292=CARTESIAN_POINT('',(30.22,-0.22,-3.5));
#12293=VECTOR('',#12294,1.);
#12294=DIRECTION('',(0.,1.,0.));
#12295=CARTESIAN_POINT('',(32.72,0.22,-3.5));
#12296=CARTESIAN_POINT('',(32.82,0.32,-3.12679491924311));
#12297=VECTOR('',#12298,1.);
#12298=DIRECTION('',(-0.250562807085735,-0.250562807085732,-0.935113126531029));
#12299=CARTESIAN_POINT('',(32.28,0.22,-3.5));
#12300=CARTESIAN_POINT('',(32.72,0.22,-3.5));
#12301=VECTOR('',#12302,1.);
#12302=DIRECTION('',(-1.,6.30808536718842E-017,0.));
#12303=CARTESIAN_POINT('',(32.18,0.32,-3.12679491924311));
#12304=VECTOR('',#12305,1.);
#12305=DIRECTION('',(0.250562807085735,-0.250562807085731,-0.935113126531029));
#12306=CARTESIAN_POINT('',(32.28,-0.22,-3.5));
#12307=CARTESIAN_POINT('',(32.28,0.22,-3.5));
#12308=VECTOR('',#12309,1.);
#12309=DIRECTION('',(0.,-1.,0.));
#12310=CARTESIAN_POINT('',(32.18,-0.32,-3.12679491924311));
#12311=VECTOR('',#12312,1.);
#12312=DIRECTION('',(0.250562807085735,0.250562807085731,-0.935113126531029));
#12313=CARTESIAN_POINT('',(32.72,-0.22,-3.5));
#12314=CARTESIAN_POINT('',(32.28,-0.22,-3.5));
#12315=VECTOR('',#12316,1.);
#12316=DIRECTION('',(1.,-6.30808536718842E-017,0.));
#12317=CARTESIAN_POINT('',(32.82,-0.32,-3.12679491924311));
#12318=VECTOR('',#12319,1.);
#12319=DIRECTION('',(-0.250562807085735,0.250562807085731,-0.935113126531029));
#12320=CARTESIAN_POINT('',(32.72,-0.22,-3.5));
#12321=VECTOR('',#12322,1.);
#12322=DIRECTION('',(0.,1.,0.));
ENDSEC;
END-ISO-10303-21;
