ISO-10303-21;
HEADER;
FILE_DESCRIPTION(('STEP AP214'),
    '1');
FILE_NAME('DS1069 (CWF CONNFLY)',
    '2018-04-27T07:29:32',
    ('Chugay'),
    (''),
    'ASCON STEP Converter 1.3',
    'ASCON Math Kernel',
    '');
FILE_SCHEMA(('AUTOMOTIVE_DESIGN { 1 0 10303 214 3 1 1}'));
ENDSEC;

DATA;
#1=SHAPE_REPRESENTATION('NONE',(#2),#6);
#2=AXIS2_PLACEMENT_3D('',#3,#4,#5);
#3=CARTESIAN_POINT('',(0.,0.,0.));
#4=DIRECTION('',(0.,0.,1.));
#5=DIRECTION('',(1.,0.,0.));
#6=(GEOMETRIC_REPRESENTATION_CONTEXT(3)GLOBAL_UNCERTAINTY_ASSIGNED_CONTEXT((#8))
GLOBAL_UNIT_ASSIGNED_CONTEXT((#7,#9,#10))REPRESENTATION_CONTEXT('NONE','NONE'));
#7=(LENGTH_UNIT()NAMED_UNIT(*)SI_UNIT(.MILLI.,.METRE.));
#8=UNCERTAINTY_MEASURE_WITH_UNIT(LENGTH_MEASURE(1.E-005),#7,'NONE','NONE');
#9=(NAMED_UNIT(*)PLANE_ANGLE_UNIT()SI_UNIT($,.RADIAN.));
#10=(NAMED_UNIT(*)SI_UNIT($,.STERADIAN.)SOLID_ANGLE_UNIT());
#11=SHAPE_DEFINITION_REPRESENTATION(#12,#1);
#12=PRODUCT_DEFINITION_SHAPE('NONE','NONE',#13);
#13=PRODUCT_DEFINITION('','UNSPECIFIED',#14,#22);
#14=PRODUCT_DEFINITION_FORMATION_WITH_SPECIFIED_SOURCE('ANY','UNSPECIFIED',#15,.NOT_KNOWN.);
#15=PRODUCT('','CWF-X','NONE',(#25));
#16=PERSON('UNSPECIFIED','Chugay','UNSPECIFIED',('UNSPECIFIED'),('UNSPECIFIED'),
('UNSPECIFIED'));
#17=ORGANIZATION('UNSPECIFIED','UNSPECIFIED','UNSPECIFIED');
#18=PERSON_AND_ORGANIZATION(#16,#17);
#19=PERSON_AND_ORGANIZATION_ROLE('design_owner');
#20=CC_DESIGN_PERSON_AND_ORGANIZATION_ASSIGNMENT(#18,#19,(#15));
#21=PRODUCT_RELATED_PRODUCT_CATEGORY('detail','',(#15));
#22=DESIGN_CONTEXT('detailed design',#23,'design');
#23=APPLICATION_CONTEXT('configuration controlled 3d designs of mechanical parts and assemblies');
#24=APPLICATION_PROTOCOL_DEFINITION('international standard','automotive_design',
2011,#23);
#25=MECHANICAL_CONTEXT('NONE',#23,'mechanical');
#26=CC_DESIGN_DATE_AND_TIME_ASSIGNMENT(#27,#31,(#13));
#27=DATE_AND_TIME(#28,#29);
#28=CALENDAR_DATE(0,1,1);
#29=LOCAL_TIME(0,0,0.,#30);
#30=COORDINATED_UNIVERSAL_TIME_OFFSET(0,0,.AHEAD.);
#31=DATE_TIME_ROLE('creation_date');
#32=CC_DESIGN_APPROVAL(#33,(#13));
#33=APPROVAL(#34,'UNSPECIFIED');
#34=APPROVAL_STATUS('not_yet_approved');
#35=APPROVAL_DATE_TIME(#36,#33);
#36=DATE_AND_TIME(#37,#38);
#37=CALENDAR_DATE(0,1,1);
#38=LOCAL_TIME(0,0,0.,#39);
#39=COORDINATED_UNIVERSAL_TIME_OFFSET(0,0,.AHEAD.);
#40=DERIVED_UNIT((#44,#41));
#41=DERIVED_UNIT_ELEMENT(#42,-1.);
#42=VOLUME_UNIT(#43);
#43=DIMENSIONAL_EXPONENTS(3.,0.,0.,0.,0.,0.,0.);
#44=(NAMED_UNIT($)MASS_UNIT()SI_UNIT($,.GRAM.));
#45=MANIFOLD_SOLID_BREP('',#46);
#46=CLOSED_SHELL('',(#58,#67,#76,#85,#94,#103,#112,#121,#130,#139,#148,#157,#166,
#175,#184,#193,#202,#211,#220,#229,#238,#247,#256,#265,#274,#283,#292,#301,#310,
#319,#328,#337,#346,#355,#364,#373,#382,#391,#400,#409,#418,#427,#436,#445,#454,
#463,#472,#481,#490,#499,#508,#517,#526,#535,#544,#553,#562,#571,#580,#589,#598,
#607,#616,#625,#634,#643,#652,#661,#670,#679,#688,#697,#706,#715,#724,#733,#742,
#751,#760,#769,#778,#787,#796,#805,#814,#823,#832,#841,#850,#859,#868,#877,#886,
#895,#904,#913,#922,#931,#940,#949,#958,#967,#976,#985,#994,#1003,#1012,#1021,#1030,
#1039,#1048,#1057,#1066,#1075,#1084,#1093,#1102,#1111,#1120,#1129,#1138));
#47=COLOUR_RGB($,1.,1.,1.);
#48=FILL_AREA_STYLE_COLOUR($,#47);
#49=FILL_AREA_STYLE($,(#48));
#50=SURFACE_STYLE_FILL_AREA(#49);
#51=SURFACE_SIDE_STYLE('',(#50));
#52=SURFACE_STYLE_USAGE(.BOTH.,#51);
#53=PRESENTATION_STYLE_ASSIGNMENT((#52));
#54=MECHANICAL_DESIGN_GEOMETRIC_PRESENTATION_REPRESENTATION('NONE',(#55,#66,#75,
#84,#93,#102,#111,#120,#129,#138,#147,#156,#165,#174,#183,#192,#201,#210,#219,#228,
#237,#246,#255,#264,#273,#282,#291,#300,#309,#318,#327,#336,#345,#354,#363,#372,
#381,#390,#399,#408,#417,#426,#435,#444,#453,#462,#471,#480,#489,#498,#507,#516,
#525,#534,#543,#552,#561,#570,#579,#588,#597,#606,#615,#624,#633,#642,#651,#660,
#669,#678,#687,#696,#705,#714,#723,#732,#741,#750,#759,#768,#777,#786,#795,#804,
#813,#822,#831,#840,#849,#858,#867,#876,#885,#894,#903,#912,#921,#930,#939,#948,
#957,#966,#975,#984,#993,#1002,#1011,#1020,#1029,#1038,#1047,#1056,#1065,#1074,#1083,
#1092,#1101,#1110,#1119,#1128,#1137,#1146),#6);
#55=STYLED_ITEM('',(#53),#45);
#56=ADVANCED_BREP_SHAPE_REPRESENTATION('NONE',(#45),#6);
#57=SHAPE_REPRESENTATION_RELATIONSHIP('','',#1,#56);
#58=ADVANCED_FACE('',(#1147),#1149,.F.);
#59=COLOUR_RGB($,1.,1.,1.);
#60=FILL_AREA_STYLE_COLOUR($,#59);
#61=FILL_AREA_STYLE($,(#60));
#62=SURFACE_STYLE_FILL_AREA(#61);
#63=SURFACE_SIDE_STYLE('',(#62));
#64=SURFACE_STYLE_USAGE(.BOTH.,#63);
#65=PRESENTATION_STYLE_ASSIGNMENT((#64));
#66=STYLED_ITEM('',(#65),#58);
#67=ADVANCED_FACE('',(#1154),#1156,.T.);
#68=COLOUR_RGB($,1.,1.,1.);
#69=FILL_AREA_STYLE_COLOUR($,#68);
#70=FILL_AREA_STYLE($,(#69));
#71=SURFACE_STYLE_FILL_AREA(#70);
#72=SURFACE_SIDE_STYLE('',(#71));
#73=SURFACE_STYLE_USAGE(.BOTH.,#72);
#74=PRESENTATION_STYLE_ASSIGNMENT((#73));
#75=STYLED_ITEM('',(#74),#67);
#76=ADVANCED_FACE('',(#1161),#1163,.T.);
#77=COLOUR_RGB($,1.,1.,1.);
#78=FILL_AREA_STYLE_COLOUR($,#77);
#79=FILL_AREA_STYLE($,(#78));
#80=SURFACE_STYLE_FILL_AREA(#79);
#81=SURFACE_SIDE_STYLE('',(#80));
#82=SURFACE_STYLE_USAGE(.BOTH.,#81);
#83=PRESENTATION_STYLE_ASSIGNMENT((#82));
#84=STYLED_ITEM('',(#83),#76);
#85=ADVANCED_FACE('',(#1168),#1170,.T.);
#86=COLOUR_RGB($,1.,1.,1.);
#87=FILL_AREA_STYLE_COLOUR($,#86);
#88=FILL_AREA_STYLE($,(#87));
#89=SURFACE_STYLE_FILL_AREA(#88);
#90=SURFACE_SIDE_STYLE('',(#89));
#91=SURFACE_STYLE_USAGE(.BOTH.,#90);
#92=PRESENTATION_STYLE_ASSIGNMENT((#91));
#93=STYLED_ITEM('',(#92),#85);
#94=ADVANCED_FACE('',(#1175),#1177,.F.);
#95=COLOUR_RGB($,1.,1.,1.);
#96=FILL_AREA_STYLE_COLOUR($,#95);
#97=FILL_AREA_STYLE($,(#96));
#98=SURFACE_STYLE_FILL_AREA(#97);
#99=SURFACE_SIDE_STYLE('',(#98));
#100=SURFACE_STYLE_USAGE(.BOTH.,#99);
#101=PRESENTATION_STYLE_ASSIGNMENT((#100));
#102=STYLED_ITEM('',(#101),#94);
#103=ADVANCED_FACE('',(#1182),#1184,.F.);
#104=COLOUR_RGB($,1.,1.,1.);
#105=FILL_AREA_STYLE_COLOUR($,#104);
#106=FILL_AREA_STYLE($,(#105));
#107=SURFACE_STYLE_FILL_AREA(#106);
#108=SURFACE_SIDE_STYLE('',(#107));
#109=SURFACE_STYLE_USAGE(.BOTH.,#108);
#110=PRESENTATION_STYLE_ASSIGNMENT((#109));
#111=STYLED_ITEM('',(#110),#103);
#112=ADVANCED_FACE('',(#1189),#1191,.F.);
#113=COLOUR_RGB($,1.,1.,1.);
#114=FILL_AREA_STYLE_COLOUR($,#113);
#115=FILL_AREA_STYLE($,(#114));
#116=SURFACE_STYLE_FILL_AREA(#115);
#117=SURFACE_SIDE_STYLE('',(#116));
#118=SURFACE_STYLE_USAGE(.BOTH.,#117);
#119=PRESENTATION_STYLE_ASSIGNMENT((#118));
#120=STYLED_ITEM('',(#119),#112);
#121=ADVANCED_FACE('',(#1196),#1198,.F.);
#122=COLOUR_RGB($,1.,1.,1.);
#123=FILL_AREA_STYLE_COLOUR($,#122);
#124=FILL_AREA_STYLE($,(#123));
#125=SURFACE_STYLE_FILL_AREA(#124);
#126=SURFACE_SIDE_STYLE('',(#125));
#127=SURFACE_STYLE_USAGE(.BOTH.,#126);
#128=PRESENTATION_STYLE_ASSIGNMENT((#127));
#129=STYLED_ITEM('',(#128),#121);
#130=ADVANCED_FACE('',(#1203),#1205,.F.);
#131=COLOUR_RGB($,1.,1.,1.);
#132=FILL_AREA_STYLE_COLOUR($,#131);
#133=FILL_AREA_STYLE($,(#132));
#134=SURFACE_STYLE_FILL_AREA(#133);
#135=SURFACE_SIDE_STYLE('',(#134));
#136=SURFACE_STYLE_USAGE(.BOTH.,#135);
#137=PRESENTATION_STYLE_ASSIGNMENT((#136));
#138=STYLED_ITEM('',(#137),#130);
#139=ADVANCED_FACE('',(#1210),#1212,.F.);
#140=COLOUR_RGB($,1.,1.,1.);
#141=FILL_AREA_STYLE_COLOUR($,#140);
#142=FILL_AREA_STYLE($,(#141));
#143=SURFACE_STYLE_FILL_AREA(#142);
#144=SURFACE_SIDE_STYLE('',(#143));
#145=SURFACE_STYLE_USAGE(.BOTH.,#144);
#146=PRESENTATION_STYLE_ASSIGNMENT((#145));
#147=STYLED_ITEM('',(#146),#139);
#148=ADVANCED_FACE('',(#1217),#1219,.T.);
#149=COLOUR_RGB($,1.,1.,1.);
#150=FILL_AREA_STYLE_COLOUR($,#149);
#151=FILL_AREA_STYLE($,(#150));
#152=SURFACE_STYLE_FILL_AREA(#151);
#153=SURFACE_SIDE_STYLE('',(#152));
#154=SURFACE_STYLE_USAGE(.BOTH.,#153);
#155=PRESENTATION_STYLE_ASSIGNMENT((#154));
#156=STYLED_ITEM('',(#155),#148);
#157=ADVANCED_FACE('',(#1224),#1226,.F.);
#158=COLOUR_RGB($,1.,1.,1.);
#159=FILL_AREA_STYLE_COLOUR($,#158);
#160=FILL_AREA_STYLE($,(#159));
#161=SURFACE_STYLE_FILL_AREA(#160);
#162=SURFACE_SIDE_STYLE('',(#161));
#163=SURFACE_STYLE_USAGE(.BOTH.,#162);
#164=PRESENTATION_STYLE_ASSIGNMENT((#163));
#165=STYLED_ITEM('',(#164),#157);
#166=ADVANCED_FACE('',(#1231),#1233,.F.);
#167=COLOUR_RGB($,1.,1.,1.);
#168=FILL_AREA_STYLE_COLOUR($,#167);
#169=FILL_AREA_STYLE($,(#168));
#170=SURFACE_STYLE_FILL_AREA(#169);
#171=SURFACE_SIDE_STYLE('',(#170));
#172=SURFACE_STYLE_USAGE(.BOTH.,#171);
#173=PRESENTATION_STYLE_ASSIGNMENT((#172));
#174=STYLED_ITEM('',(#173),#166);
#175=ADVANCED_FACE('',(#1238,#1240,#1242,#1244,#1246),#1248,.T.);
#176=COLOUR_RGB($,1.,1.,1.);
#177=FILL_AREA_STYLE_COLOUR($,#176);
#178=FILL_AREA_STYLE($,(#177));
#179=SURFACE_STYLE_FILL_AREA(#178);
#180=SURFACE_SIDE_STYLE('',(#179));
#181=SURFACE_STYLE_USAGE(.BOTH.,#180);
#182=PRESENTATION_STYLE_ASSIGNMENT((#181));
#183=STYLED_ITEM('',(#182),#175);
#184=ADVANCED_FACE('',(#1253),#1255,.F.);
#185=COLOUR_RGB($,1.,1.,1.);
#186=FILL_AREA_STYLE_COLOUR($,#185);
#187=FILL_AREA_STYLE($,(#186));
#188=SURFACE_STYLE_FILL_AREA(#187);
#189=SURFACE_SIDE_STYLE('',(#188));
#190=SURFACE_STYLE_USAGE(.BOTH.,#189);
#191=PRESENTATION_STYLE_ASSIGNMENT((#190));
#192=STYLED_ITEM('',(#191),#184);
#193=ADVANCED_FACE('',(#1260),#1262,.F.);
#194=COLOUR_RGB($,1.,1.,1.);
#195=FILL_AREA_STYLE_COLOUR($,#194);
#196=FILL_AREA_STYLE($,(#195));
#197=SURFACE_STYLE_FILL_AREA(#196);
#198=SURFACE_SIDE_STYLE('',(#197));
#199=SURFACE_STYLE_USAGE(.BOTH.,#198);
#200=PRESENTATION_STYLE_ASSIGNMENT((#199));
#201=STYLED_ITEM('',(#200),#193);
#202=ADVANCED_FACE('',(#1267),#1269,.T.);
#203=COLOUR_RGB($,1.,1.,1.);
#204=FILL_AREA_STYLE_COLOUR($,#203);
#205=FILL_AREA_STYLE($,(#204));
#206=SURFACE_STYLE_FILL_AREA(#205);
#207=SURFACE_SIDE_STYLE('',(#206));
#208=SURFACE_STYLE_USAGE(.BOTH.,#207);
#209=PRESENTATION_STYLE_ASSIGNMENT((#208));
#210=STYLED_ITEM('',(#209),#202);
#211=ADVANCED_FACE('',(#1274),#1276,.T.);
#212=COLOUR_RGB($,1.,1.,1.);
#213=FILL_AREA_STYLE_COLOUR($,#212);
#214=FILL_AREA_STYLE($,(#213));
#215=SURFACE_STYLE_FILL_AREA(#214);
#216=SURFACE_SIDE_STYLE('',(#215));
#217=SURFACE_STYLE_USAGE(.BOTH.,#216);
#218=PRESENTATION_STYLE_ASSIGNMENT((#217));
#219=STYLED_ITEM('',(#218),#211);
#220=ADVANCED_FACE('',(#1281),#1283,.F.);
#221=COLOUR_RGB($,1.,1.,1.);
#222=FILL_AREA_STYLE_COLOUR($,#221);
#223=FILL_AREA_STYLE($,(#222));
#224=SURFACE_STYLE_FILL_AREA(#223);
#225=SURFACE_SIDE_STYLE('',(#224));
#226=SURFACE_STYLE_USAGE(.BOTH.,#225);
#227=PRESENTATION_STYLE_ASSIGNMENT((#226));
#228=STYLED_ITEM('',(#227),#220);
#229=ADVANCED_FACE('',(#1288),#1290,.F.);
#230=COLOUR_RGB($,1.,1.,1.);
#231=FILL_AREA_STYLE_COLOUR($,#230);
#232=FILL_AREA_STYLE($,(#231));
#233=SURFACE_STYLE_FILL_AREA(#232);
#234=SURFACE_SIDE_STYLE('',(#233));
#235=SURFACE_STYLE_USAGE(.BOTH.,#234);
#236=PRESENTATION_STYLE_ASSIGNMENT((#235));
#237=STYLED_ITEM('',(#236),#229);
#238=ADVANCED_FACE('',(#1295),#1297,.F.);
#239=COLOUR_RGB($,1.,1.,1.);
#240=FILL_AREA_STYLE_COLOUR($,#239);
#241=FILL_AREA_STYLE($,(#240));
#242=SURFACE_STYLE_FILL_AREA(#241);
#243=SURFACE_SIDE_STYLE('',(#242));
#244=SURFACE_STYLE_USAGE(.BOTH.,#243);
#245=PRESENTATION_STYLE_ASSIGNMENT((#244));
#246=STYLED_ITEM('',(#245),#238);
#247=ADVANCED_FACE('',(#1302),#1304,.F.);
#248=COLOUR_RGB($,1.,1.,1.);
#249=FILL_AREA_STYLE_COLOUR($,#248);
#250=FILL_AREA_STYLE($,(#249));
#251=SURFACE_STYLE_FILL_AREA(#250);
#252=SURFACE_SIDE_STYLE('',(#251));
#253=SURFACE_STYLE_USAGE(.BOTH.,#252);
#254=PRESENTATION_STYLE_ASSIGNMENT((#253));
#255=STYLED_ITEM('',(#254),#247);
#256=ADVANCED_FACE('',(#1309),#1311,.F.);
#257=COLOUR_RGB($,1.,1.,1.);
#258=FILL_AREA_STYLE_COLOUR($,#257);
#259=FILL_AREA_STYLE($,(#258));
#260=SURFACE_STYLE_FILL_AREA(#259);
#261=SURFACE_SIDE_STYLE('',(#260));
#262=SURFACE_STYLE_USAGE(.BOTH.,#261);
#263=PRESENTATION_STYLE_ASSIGNMENT((#262));
#264=STYLED_ITEM('',(#263),#256);
#265=ADVANCED_FACE('',(#1316),#1318,.F.);
#266=COLOUR_RGB($,1.,1.,1.);
#267=FILL_AREA_STYLE_COLOUR($,#266);
#268=FILL_AREA_STYLE($,(#267));
#269=SURFACE_STYLE_FILL_AREA(#268);
#270=SURFACE_SIDE_STYLE('',(#269));
#271=SURFACE_STYLE_USAGE(.BOTH.,#270);
#272=PRESENTATION_STYLE_ASSIGNMENT((#271));
#273=STYLED_ITEM('',(#272),#265);
#274=ADVANCED_FACE('',(#1323),#1325,.F.);
#275=COLOUR_RGB($,1.,1.,1.);
#276=FILL_AREA_STYLE_COLOUR($,#275);
#277=FILL_AREA_STYLE($,(#276));
#278=SURFACE_STYLE_FILL_AREA(#277);
#279=SURFACE_SIDE_STYLE('',(#278));
#280=SURFACE_STYLE_USAGE(.BOTH.,#279);
#281=PRESENTATION_STYLE_ASSIGNMENT((#280));
#282=STYLED_ITEM('',(#281),#274);
#283=ADVANCED_FACE('',(#1330),#1332,.F.);
#284=COLOUR_RGB($,1.,1.,1.);
#285=FILL_AREA_STYLE_COLOUR($,#284);
#286=FILL_AREA_STYLE($,(#285));
#287=SURFACE_STYLE_FILL_AREA(#286);
#288=SURFACE_SIDE_STYLE('',(#287));
#289=SURFACE_STYLE_USAGE(.BOTH.,#288);
#290=PRESENTATION_STYLE_ASSIGNMENT((#289));
#291=STYLED_ITEM('',(#290),#283);
#292=ADVANCED_FACE('',(#1337,#1339),#1341,.T.);
#293=COLOUR_RGB($,1.,1.,1.);
#294=FILL_AREA_STYLE_COLOUR($,#293);
#295=FILL_AREA_STYLE($,(#294));
#296=SURFACE_STYLE_FILL_AREA(#295);
#297=SURFACE_SIDE_STYLE('',(#296));
#298=SURFACE_STYLE_USAGE(.BOTH.,#297);
#299=PRESENTATION_STYLE_ASSIGNMENT((#298));
#300=STYLED_ITEM('',(#299),#292);
#301=ADVANCED_FACE('',(#1346),#1348,.F.);
#302=COLOUR_RGB($,1.,1.,1.);
#303=FILL_AREA_STYLE_COLOUR($,#302);
#304=FILL_AREA_STYLE($,(#303));
#305=SURFACE_STYLE_FILL_AREA(#304);
#306=SURFACE_SIDE_STYLE('',(#305));
#307=SURFACE_STYLE_USAGE(.BOTH.,#306);
#308=PRESENTATION_STYLE_ASSIGNMENT((#307));
#309=STYLED_ITEM('',(#308),#301);
#310=ADVANCED_FACE('',(#1353),#1355,.F.);
#311=COLOUR_RGB($,1.,1.,1.);
#312=FILL_AREA_STYLE_COLOUR($,#311);
#313=FILL_AREA_STYLE($,(#312));
#314=SURFACE_STYLE_FILL_AREA(#313);
#315=SURFACE_SIDE_STYLE('',(#314));
#316=SURFACE_STYLE_USAGE(.BOTH.,#315);
#317=PRESENTATION_STYLE_ASSIGNMENT((#316));
#318=STYLED_ITEM('',(#317),#310);
#319=ADVANCED_FACE('',(#1360),#1362,.F.);
#320=COLOUR_RGB($,1.,1.,1.);
#321=FILL_AREA_STYLE_COLOUR($,#320);
#322=FILL_AREA_STYLE($,(#321));
#323=SURFACE_STYLE_FILL_AREA(#322);
#324=SURFACE_SIDE_STYLE('',(#323));
#325=SURFACE_STYLE_USAGE(.BOTH.,#324);
#326=PRESENTATION_STYLE_ASSIGNMENT((#325));
#327=STYLED_ITEM('',(#326),#319);
#328=ADVANCED_FACE('',(#1367,#1369),#1371,.T.);
#329=COLOUR_RGB($,1.,1.,1.);
#330=FILL_AREA_STYLE_COLOUR($,#329);
#331=FILL_AREA_STYLE($,(#330));
#332=SURFACE_STYLE_FILL_AREA(#331);
#333=SURFACE_SIDE_STYLE('',(#332));
#334=SURFACE_STYLE_USAGE(.BOTH.,#333);
#335=PRESENTATION_STYLE_ASSIGNMENT((#334));
#336=STYLED_ITEM('',(#335),#328);
#337=ADVANCED_FACE('',(#1376),#1378,.F.);
#338=COLOUR_RGB($,1.,1.,1.);
#339=FILL_AREA_STYLE_COLOUR($,#338);
#340=FILL_AREA_STYLE($,(#339));
#341=SURFACE_STYLE_FILL_AREA(#340);
#342=SURFACE_SIDE_STYLE('',(#341));
#343=SURFACE_STYLE_USAGE(.BOTH.,#342);
#344=PRESENTATION_STYLE_ASSIGNMENT((#343));
#345=STYLED_ITEM('',(#344),#337);
#346=ADVANCED_FACE('',(#1383),#1385,.F.);
#347=COLOUR_RGB($,1.,1.,1.);
#348=FILL_AREA_STYLE_COLOUR($,#347);
#349=FILL_AREA_STYLE($,(#348));
#350=SURFACE_STYLE_FILL_AREA(#349);
#351=SURFACE_SIDE_STYLE('',(#350));
#352=SURFACE_STYLE_USAGE(.BOTH.,#351);
#353=PRESENTATION_STYLE_ASSIGNMENT((#352));
#354=STYLED_ITEM('',(#353),#346);
#355=ADVANCED_FACE('',(#1390),#1392,.F.);
#356=COLOUR_RGB($,1.,1.,1.);
#357=FILL_AREA_STYLE_COLOUR($,#356);
#358=FILL_AREA_STYLE($,(#357));
#359=SURFACE_STYLE_FILL_AREA(#358);
#360=SURFACE_SIDE_STYLE('',(#359));
#361=SURFACE_STYLE_USAGE(.BOTH.,#360);
#362=PRESENTATION_STYLE_ASSIGNMENT((#361));
#363=STYLED_ITEM('',(#362),#355);
#364=ADVANCED_FACE('',(#1397,#1399),#1401,.T.);
#365=COLOUR_RGB($,1.,1.,1.);
#366=FILL_AREA_STYLE_COLOUR($,#365);
#367=FILL_AREA_STYLE($,(#366));
#368=SURFACE_STYLE_FILL_AREA(#367);
#369=SURFACE_SIDE_STYLE('',(#368));
#370=SURFACE_STYLE_USAGE(.BOTH.,#369);
#371=PRESENTATION_STYLE_ASSIGNMENT((#370));
#372=STYLED_ITEM('',(#371),#364);
#373=ADVANCED_FACE('',(#1406),#1408,.F.);
#374=COLOUR_RGB($,1.,1.,1.);
#375=FILL_AREA_STYLE_COLOUR($,#374);
#376=FILL_AREA_STYLE($,(#375));
#377=SURFACE_STYLE_FILL_AREA(#376);
#378=SURFACE_SIDE_STYLE('',(#377));
#379=SURFACE_STYLE_USAGE(.BOTH.,#378);
#380=PRESENTATION_STYLE_ASSIGNMENT((#379));
#381=STYLED_ITEM('',(#380),#373);
#382=ADVANCED_FACE('',(#1413),#1415,.F.);
#383=COLOUR_RGB($,1.,1.,1.);
#384=FILL_AREA_STYLE_COLOUR($,#383);
#385=FILL_AREA_STYLE($,(#384));
#386=SURFACE_STYLE_FILL_AREA(#385);
#387=SURFACE_SIDE_STYLE('',(#386));
#388=SURFACE_STYLE_USAGE(.BOTH.,#387);
#389=PRESENTATION_STYLE_ASSIGNMENT((#388));
#390=STYLED_ITEM('',(#389),#382);
#391=ADVANCED_FACE('',(#1420),#1422,.F.);
#392=COLOUR_RGB($,1.,1.,1.);
#393=FILL_AREA_STYLE_COLOUR($,#392);
#394=FILL_AREA_STYLE($,(#393));
#395=SURFACE_STYLE_FILL_AREA(#394);
#396=SURFACE_SIDE_STYLE('',(#395));
#397=SURFACE_STYLE_USAGE(.BOTH.,#396);
#398=PRESENTATION_STYLE_ASSIGNMENT((#397));
#399=STYLED_ITEM('',(#398),#391);
#400=ADVANCED_FACE('',(#1427,#1429),#1431,.T.);
#401=COLOUR_RGB($,1.,1.,1.);
#402=FILL_AREA_STYLE_COLOUR($,#401);
#403=FILL_AREA_STYLE($,(#402));
#404=SURFACE_STYLE_FILL_AREA(#403);
#405=SURFACE_SIDE_STYLE('',(#404));
#406=SURFACE_STYLE_USAGE(.BOTH.,#405);
#407=PRESENTATION_STYLE_ASSIGNMENT((#406));
#408=STYLED_ITEM('',(#407),#400);
#409=ADVANCED_FACE('',(#1436),#1438,.F.);
#410=COLOUR_RGB($,1.,1.,1.);
#411=FILL_AREA_STYLE_COLOUR($,#410);
#412=FILL_AREA_STYLE($,(#411));
#413=SURFACE_STYLE_FILL_AREA(#412);
#414=SURFACE_SIDE_STYLE('',(#413));
#415=SURFACE_STYLE_USAGE(.BOTH.,#414);
#416=PRESENTATION_STYLE_ASSIGNMENT((#415));
#417=STYLED_ITEM('',(#416),#409);
#418=ADVANCED_FACE('',(#1443),#1445,.F.);
#419=COLOUR_RGB($,1.,1.,1.);
#420=FILL_AREA_STYLE_COLOUR($,#419);
#421=FILL_AREA_STYLE($,(#420));
#422=SURFACE_STYLE_FILL_AREA(#421);
#423=SURFACE_SIDE_STYLE('',(#422));
#424=SURFACE_STYLE_USAGE(.BOTH.,#423);
#425=PRESENTATION_STYLE_ASSIGNMENT((#424));
#426=STYLED_ITEM('',(#425),#418);
#427=ADVANCED_FACE('',(#1450),#1452,.F.);
#428=COLOUR_RGB($,1.,1.,1.);
#429=FILL_AREA_STYLE_COLOUR($,#428);
#430=FILL_AREA_STYLE($,(#429));
#431=SURFACE_STYLE_FILL_AREA(#430);
#432=SURFACE_SIDE_STYLE('',(#431));
#433=SURFACE_STYLE_USAGE(.BOTH.,#432);
#434=PRESENTATION_STYLE_ASSIGNMENT((#433));
#435=STYLED_ITEM('',(#434),#427);
#436=ADVANCED_FACE('',(#1457),#1459,.T.);
#437=COLOUR_RGB($,1.,1.,1.);
#438=FILL_AREA_STYLE_COLOUR($,#437);
#439=FILL_AREA_STYLE($,(#438));
#440=SURFACE_STYLE_FILL_AREA(#439);
#441=SURFACE_SIDE_STYLE('',(#440));
#442=SURFACE_STYLE_USAGE(.BOTH.,#441);
#443=PRESENTATION_STYLE_ASSIGNMENT((#442));
#444=STYLED_ITEM('',(#443),#436);
#445=ADVANCED_FACE('',(#1464),#1466,.T.);
#446=COLOUR_RGB($,1.,1.,1.);
#447=FILL_AREA_STYLE_COLOUR($,#446);
#448=FILL_AREA_STYLE($,(#447));
#449=SURFACE_STYLE_FILL_AREA(#448);
#450=SURFACE_SIDE_STYLE('',(#449));
#451=SURFACE_STYLE_USAGE(.BOTH.,#450);
#452=PRESENTATION_STYLE_ASSIGNMENT((#451));
#453=STYLED_ITEM('',(#452),#445);
#454=ADVANCED_FACE('',(#1471),#1473,.F.);
#455=COLOUR_RGB($,1.,1.,1.);
#456=FILL_AREA_STYLE_COLOUR($,#455);
#457=FILL_AREA_STYLE($,(#456));
#458=SURFACE_STYLE_FILL_AREA(#457);
#459=SURFACE_SIDE_STYLE('',(#458));
#460=SURFACE_STYLE_USAGE(.BOTH.,#459);
#461=PRESENTATION_STYLE_ASSIGNMENT((#460));
#462=STYLED_ITEM('',(#461),#454);
#463=ADVANCED_FACE('',(#1478),#1480,.F.);
#464=COLOUR_RGB($,1.,1.,1.);
#465=FILL_AREA_STYLE_COLOUR($,#464);
#466=FILL_AREA_STYLE($,(#465));
#467=SURFACE_STYLE_FILL_AREA(#466);
#468=SURFACE_SIDE_STYLE('',(#467));
#469=SURFACE_STYLE_USAGE(.BOTH.,#468);
#470=PRESENTATION_STYLE_ASSIGNMENT((#469));
#471=STYLED_ITEM('',(#470),#463);
#472=ADVANCED_FACE('',(#1485),#1487,.T.);
#473=COLOUR_RGB($,1.,0.843137254901961,0.);
#474=FILL_AREA_STYLE_COLOUR($,#473);
#475=FILL_AREA_STYLE($,(#474));
#476=SURFACE_STYLE_FILL_AREA(#475);
#477=SURFACE_SIDE_STYLE('',(#476));
#478=SURFACE_STYLE_USAGE(.BOTH.,#477);
#479=PRESENTATION_STYLE_ASSIGNMENT((#478));
#480=STYLED_ITEM('',(#479),#472);
#481=ADVANCED_FACE('',(#1492),#1494,.T.);
#482=COLOUR_RGB($,1.,0.843137254901961,0.);
#483=FILL_AREA_STYLE_COLOUR($,#482);
#484=FILL_AREA_STYLE($,(#483));
#485=SURFACE_STYLE_FILL_AREA(#484);
#486=SURFACE_SIDE_STYLE('',(#485));
#487=SURFACE_STYLE_USAGE(.BOTH.,#486);
#488=PRESENTATION_STYLE_ASSIGNMENT((#487));
#489=STYLED_ITEM('',(#488),#481);
#490=ADVANCED_FACE('',(#1499),#1501,.T.);
#491=COLOUR_RGB($,1.,0.843137254901961,0.);
#492=FILL_AREA_STYLE_COLOUR($,#491);
#493=FILL_AREA_STYLE($,(#492));
#494=SURFACE_STYLE_FILL_AREA(#493);
#495=SURFACE_SIDE_STYLE('',(#494));
#496=SURFACE_STYLE_USAGE(.BOTH.,#495);
#497=PRESENTATION_STYLE_ASSIGNMENT((#496));
#498=STYLED_ITEM('',(#497),#490);
#499=ADVANCED_FACE('',(#1506),#1508,.T.);
#500=COLOUR_RGB($,1.,0.843137254901961,0.);
#501=FILL_AREA_STYLE_COLOUR($,#500);
#502=FILL_AREA_STYLE($,(#501));
#503=SURFACE_STYLE_FILL_AREA(#502);
#504=SURFACE_SIDE_STYLE('',(#503));
#505=SURFACE_STYLE_USAGE(.BOTH.,#504);
#506=PRESENTATION_STYLE_ASSIGNMENT((#505));
#507=STYLED_ITEM('',(#506),#499);
#508=ADVANCED_FACE('',(#1513),#1515,.T.);
#509=COLOUR_RGB($,1.,0.843137254901961,0.);
#510=FILL_AREA_STYLE_COLOUR($,#509);
#511=FILL_AREA_STYLE($,(#510));
#512=SURFACE_STYLE_FILL_AREA(#511);
#513=SURFACE_SIDE_STYLE('',(#512));
#514=SURFACE_STYLE_USAGE(.BOTH.,#513);
#515=PRESENTATION_STYLE_ASSIGNMENT((#514));
#516=STYLED_ITEM('',(#515),#508);
#517=ADVANCED_FACE('',(#1520),#1522,.T.);
#518=COLOUR_RGB($,1.,0.843137254901961,0.);
#519=FILL_AREA_STYLE_COLOUR($,#518);
#520=FILL_AREA_STYLE($,(#519));
#521=SURFACE_STYLE_FILL_AREA(#520);
#522=SURFACE_SIDE_STYLE('',(#521));
#523=SURFACE_STYLE_USAGE(.BOTH.,#522);
#524=PRESENTATION_STYLE_ASSIGNMENT((#523));
#525=STYLED_ITEM('',(#524),#517);
#526=ADVANCED_FACE('',(#1527),#1529,.T.);
#527=COLOUR_RGB($,1.,0.843137254901961,0.);
#528=FILL_AREA_STYLE_COLOUR($,#527);
#529=FILL_AREA_STYLE($,(#528));
#530=SURFACE_STYLE_FILL_AREA(#529);
#531=SURFACE_SIDE_STYLE('',(#530));
#532=SURFACE_STYLE_USAGE(.BOTH.,#531);
#533=PRESENTATION_STYLE_ASSIGNMENT((#532));
#534=STYLED_ITEM('',(#533),#526);
#535=ADVANCED_FACE('',(#1534),#1536,.T.);
#536=COLOUR_RGB($,1.,0.843137254901961,0.);
#537=FILL_AREA_STYLE_COLOUR($,#536);
#538=FILL_AREA_STYLE($,(#537));
#539=SURFACE_STYLE_FILL_AREA(#538);
#540=SURFACE_SIDE_STYLE('',(#539));
#541=SURFACE_STYLE_USAGE(.BOTH.,#540);
#542=PRESENTATION_STYLE_ASSIGNMENT((#541));
#543=STYLED_ITEM('',(#542),#535);
#544=ADVANCED_FACE('',(#1541),#1543,.T.);
#545=COLOUR_RGB($,1.,0.843137254901961,0.);
#546=FILL_AREA_STYLE_COLOUR($,#545);
#547=FILL_AREA_STYLE($,(#546));
#548=SURFACE_STYLE_FILL_AREA(#547);
#549=SURFACE_SIDE_STYLE('',(#548));
#550=SURFACE_STYLE_USAGE(.BOTH.,#549);
#551=PRESENTATION_STYLE_ASSIGNMENT((#550));
#552=STYLED_ITEM('',(#551),#544);
#553=ADVANCED_FACE('',(#1548),#1550,.T.);
#554=COLOUR_RGB($,1.,0.843137254901961,0.);
#555=FILL_AREA_STYLE_COLOUR($,#554);
#556=FILL_AREA_STYLE($,(#555));
#557=SURFACE_STYLE_FILL_AREA(#556);
#558=SURFACE_SIDE_STYLE('',(#557));
#559=SURFACE_STYLE_USAGE(.BOTH.,#558);
#560=PRESENTATION_STYLE_ASSIGNMENT((#559));
#561=STYLED_ITEM('',(#560),#553);
#562=ADVANCED_FACE('',(#1555),#1557,.T.);
#563=COLOUR_RGB($,1.,0.843137254901961,0.);
#564=FILL_AREA_STYLE_COLOUR($,#563);
#565=FILL_AREA_STYLE($,(#564));
#566=SURFACE_STYLE_FILL_AREA(#565);
#567=SURFACE_SIDE_STYLE('',(#566));
#568=SURFACE_STYLE_USAGE(.BOTH.,#567);
#569=PRESENTATION_STYLE_ASSIGNMENT((#568));
#570=STYLED_ITEM('',(#569),#562);
#571=ADVANCED_FACE('',(#1562),#1564,.T.);
#572=COLOUR_RGB($,1.,0.843137254901961,0.);
#573=FILL_AREA_STYLE_COLOUR($,#572);
#574=FILL_AREA_STYLE($,(#573));
#575=SURFACE_STYLE_FILL_AREA(#574);
#576=SURFACE_SIDE_STYLE('',(#575));
#577=SURFACE_STYLE_USAGE(.BOTH.,#576);
#578=PRESENTATION_STYLE_ASSIGNMENT((#577));
#579=STYLED_ITEM('',(#578),#571);
#580=ADVANCED_FACE('',(#1569),#1571,.T.);
#581=COLOUR_RGB($,1.,0.843137254901961,0.);
#582=FILL_AREA_STYLE_COLOUR($,#581);
#583=FILL_AREA_STYLE($,(#582));
#584=SURFACE_STYLE_FILL_AREA(#583);
#585=SURFACE_SIDE_STYLE('',(#584));
#586=SURFACE_STYLE_USAGE(.BOTH.,#585);
#587=PRESENTATION_STYLE_ASSIGNMENT((#586));
#588=STYLED_ITEM('',(#587),#580);
#589=ADVANCED_FACE('',(#1576),#1578,.T.);
#590=COLOUR_RGB($,1.,0.843137254901961,0.);
#591=FILL_AREA_STYLE_COLOUR($,#590);
#592=FILL_AREA_STYLE($,(#591));
#593=SURFACE_STYLE_FILL_AREA(#592);
#594=SURFACE_SIDE_STYLE('',(#593));
#595=SURFACE_STYLE_USAGE(.BOTH.,#594);
#596=PRESENTATION_STYLE_ASSIGNMENT((#595));
#597=STYLED_ITEM('',(#596),#589);
#598=ADVANCED_FACE('',(#1583),#1585,.T.);
#599=COLOUR_RGB($,1.,0.843137254901961,0.);
#600=FILL_AREA_STYLE_COLOUR($,#599);
#601=FILL_AREA_STYLE($,(#600));
#602=SURFACE_STYLE_FILL_AREA(#601);
#603=SURFACE_SIDE_STYLE('',(#602));
#604=SURFACE_STYLE_USAGE(.BOTH.,#603);
#605=PRESENTATION_STYLE_ASSIGNMENT((#604));
#606=STYLED_ITEM('',(#605),#598);
#607=ADVANCED_FACE('',(#1590),#1592,.T.);
#608=COLOUR_RGB($,1.,0.843137254901961,0.);
#609=FILL_AREA_STYLE_COLOUR($,#608);
#610=FILL_AREA_STYLE($,(#609));
#611=SURFACE_STYLE_FILL_AREA(#610);
#612=SURFACE_SIDE_STYLE('',(#611));
#613=SURFACE_STYLE_USAGE(.BOTH.,#612);
#614=PRESENTATION_STYLE_ASSIGNMENT((#613));
#615=STYLED_ITEM('',(#614),#607);
#616=ADVANCED_FACE('',(#1597),#1599,.T.);
#617=COLOUR_RGB($,1.,1.,1.);
#618=FILL_AREA_STYLE_COLOUR($,#617);
#619=FILL_AREA_STYLE($,(#618));
#620=SURFACE_STYLE_FILL_AREA(#619);
#621=SURFACE_SIDE_STYLE('',(#620));
#622=SURFACE_STYLE_USAGE(.BOTH.,#621);
#623=PRESENTATION_STYLE_ASSIGNMENT((#622));
#624=STYLED_ITEM('',(#623),#616);
#625=ADVANCED_FACE('',(#1604),#1606,.F.);
#626=COLOUR_RGB($,1.,1.,1.);
#627=FILL_AREA_STYLE_COLOUR($,#626);
#628=FILL_AREA_STYLE($,(#627));
#629=SURFACE_STYLE_FILL_AREA(#628);
#630=SURFACE_SIDE_STYLE('',(#629));
#631=SURFACE_STYLE_USAGE(.BOTH.,#630);
#632=PRESENTATION_STYLE_ASSIGNMENT((#631));
#633=STYLED_ITEM('',(#632),#625);
#634=ADVANCED_FACE('',(#1611),#1613,.T.);
#635=COLOUR_RGB($,1.,0.843137254901961,0.);
#636=FILL_AREA_STYLE_COLOUR($,#635);
#637=FILL_AREA_STYLE($,(#636));
#638=SURFACE_STYLE_FILL_AREA(#637);
#639=SURFACE_SIDE_STYLE('',(#638));
#640=SURFACE_STYLE_USAGE(.BOTH.,#639);
#641=PRESENTATION_STYLE_ASSIGNMENT((#640));
#642=STYLED_ITEM('',(#641),#634);
#643=ADVANCED_FACE('',(#1618),#1620,.T.);
#644=COLOUR_RGB($,1.,0.843137254901961,0.);
#645=FILL_AREA_STYLE_COLOUR($,#644);
#646=FILL_AREA_STYLE($,(#645));
#647=SURFACE_STYLE_FILL_AREA(#646);
#648=SURFACE_SIDE_STYLE('',(#647));
#649=SURFACE_STYLE_USAGE(.BOTH.,#648);
#650=PRESENTATION_STYLE_ASSIGNMENT((#649));
#651=STYLED_ITEM('',(#650),#643);
#652=ADVANCED_FACE('',(#1625),#1627,.T.);
#653=COLOUR_RGB($,1.,0.843137254901961,0.);
#654=FILL_AREA_STYLE_COLOUR($,#653);
#655=FILL_AREA_STYLE($,(#654));
#656=SURFACE_STYLE_FILL_AREA(#655);
#657=SURFACE_SIDE_STYLE('',(#656));
#658=SURFACE_STYLE_USAGE(.BOTH.,#657);
#659=PRESENTATION_STYLE_ASSIGNMENT((#658));
#660=STYLED_ITEM('',(#659),#652);
#661=ADVANCED_FACE('',(#1632),#1634,.T.);
#662=COLOUR_RGB($,1.,0.843137254901961,0.);
#663=FILL_AREA_STYLE_COLOUR($,#662);
#664=FILL_AREA_STYLE($,(#663));
#665=SURFACE_STYLE_FILL_AREA(#664);
#666=SURFACE_SIDE_STYLE('',(#665));
#667=SURFACE_STYLE_USAGE(.BOTH.,#666);
#668=PRESENTATION_STYLE_ASSIGNMENT((#667));
#669=STYLED_ITEM('',(#668),#661);
#670=ADVANCED_FACE('',(#1639),#1641,.T.);
#671=COLOUR_RGB($,1.,0.843137254901961,0.);
#672=FILL_AREA_STYLE_COLOUR($,#671);
#673=FILL_AREA_STYLE($,(#672));
#674=SURFACE_STYLE_FILL_AREA(#673);
#675=SURFACE_SIDE_STYLE('',(#674));
#676=SURFACE_STYLE_USAGE(.BOTH.,#675);
#677=PRESENTATION_STYLE_ASSIGNMENT((#676));
#678=STYLED_ITEM('',(#677),#670);
#679=ADVANCED_FACE('',(#1646),#1648,.T.);
#680=COLOUR_RGB($,1.,0.843137254901961,0.);
#681=FILL_AREA_STYLE_COLOUR($,#680);
#682=FILL_AREA_STYLE($,(#681));
#683=SURFACE_STYLE_FILL_AREA(#682);
#684=SURFACE_SIDE_STYLE('',(#683));
#685=SURFACE_STYLE_USAGE(.BOTH.,#684);
#686=PRESENTATION_STYLE_ASSIGNMENT((#685));
#687=STYLED_ITEM('',(#686),#679);
#688=ADVANCED_FACE('',(#1653),#1655,.T.);
#689=COLOUR_RGB($,1.,0.843137254901961,0.);
#690=FILL_AREA_STYLE_COLOUR($,#689);
#691=FILL_AREA_STYLE($,(#690));
#692=SURFACE_STYLE_FILL_AREA(#691);
#693=SURFACE_SIDE_STYLE('',(#692));
#694=SURFACE_STYLE_USAGE(.BOTH.,#693);
#695=PRESENTATION_STYLE_ASSIGNMENT((#694));
#696=STYLED_ITEM('',(#695),#688);
#697=ADVANCED_FACE('',(#1660),#1662,.T.);
#698=COLOUR_RGB($,1.,0.843137254901961,0.);
#699=FILL_AREA_STYLE_COLOUR($,#698);
#700=FILL_AREA_STYLE($,(#699));
#701=SURFACE_STYLE_FILL_AREA(#700);
#702=SURFACE_SIDE_STYLE('',(#701));
#703=SURFACE_STYLE_USAGE(.BOTH.,#702);
#704=PRESENTATION_STYLE_ASSIGNMENT((#703));
#705=STYLED_ITEM('',(#704),#697);
#706=ADVANCED_FACE('',(#1667),#1669,.T.);
#707=COLOUR_RGB($,1.,0.843137254901961,0.);
#708=FILL_AREA_STYLE_COLOUR($,#707);
#709=FILL_AREA_STYLE($,(#708));
#710=SURFACE_STYLE_FILL_AREA(#709);
#711=SURFACE_SIDE_STYLE('',(#710));
#712=SURFACE_STYLE_USAGE(.BOTH.,#711);
#713=PRESENTATION_STYLE_ASSIGNMENT((#712));
#714=STYLED_ITEM('',(#713),#706);
#715=ADVANCED_FACE('',(#1674),#1676,.T.);
#716=COLOUR_RGB($,1.,0.843137254901961,0.);
#717=FILL_AREA_STYLE_COLOUR($,#716);
#718=FILL_AREA_STYLE($,(#717));
#719=SURFACE_STYLE_FILL_AREA(#718);
#720=SURFACE_SIDE_STYLE('',(#719));
#721=SURFACE_STYLE_USAGE(.BOTH.,#720);
#722=PRESENTATION_STYLE_ASSIGNMENT((#721));
#723=STYLED_ITEM('',(#722),#715);
#724=ADVANCED_FACE('',(#1681),#1683,.T.);
#725=COLOUR_RGB($,1.,0.843137254901961,0.);
#726=FILL_AREA_STYLE_COLOUR($,#725);
#727=FILL_AREA_STYLE($,(#726));
#728=SURFACE_STYLE_FILL_AREA(#727);
#729=SURFACE_SIDE_STYLE('',(#728));
#730=SURFACE_STYLE_USAGE(.BOTH.,#729);
#731=PRESENTATION_STYLE_ASSIGNMENT((#730));
#732=STYLED_ITEM('',(#731),#724);
#733=ADVANCED_FACE('',(#1688),#1690,.T.);
#734=COLOUR_RGB($,1.,0.843137254901961,0.);
#735=FILL_AREA_STYLE_COLOUR($,#734);
#736=FILL_AREA_STYLE($,(#735));
#737=SURFACE_STYLE_FILL_AREA(#736);
#738=SURFACE_SIDE_STYLE('',(#737));
#739=SURFACE_STYLE_USAGE(.BOTH.,#738);
#740=PRESENTATION_STYLE_ASSIGNMENT((#739));
#741=STYLED_ITEM('',(#740),#733);
#742=ADVANCED_FACE('',(#1695),#1697,.T.);
#743=COLOUR_RGB($,1.,0.843137254901961,0.);
#744=FILL_AREA_STYLE_COLOUR($,#743);
#745=FILL_AREA_STYLE($,(#744));
#746=SURFACE_STYLE_FILL_AREA(#745);
#747=SURFACE_SIDE_STYLE('',(#746));
#748=SURFACE_STYLE_USAGE(.BOTH.,#747);
#749=PRESENTATION_STYLE_ASSIGNMENT((#748));
#750=STYLED_ITEM('',(#749),#742);
#751=ADVANCED_FACE('',(#1702),#1704,.T.);
#752=COLOUR_RGB($,1.,0.843137254901961,0.);
#753=FILL_AREA_STYLE_COLOUR($,#752);
#754=FILL_AREA_STYLE($,(#753));
#755=SURFACE_STYLE_FILL_AREA(#754);
#756=SURFACE_SIDE_STYLE('',(#755));
#757=SURFACE_STYLE_USAGE(.BOTH.,#756);
#758=PRESENTATION_STYLE_ASSIGNMENT((#757));
#759=STYLED_ITEM('',(#758),#751);
#760=ADVANCED_FACE('',(#1709),#1711,.T.);
#761=COLOUR_RGB($,1.,0.843137254901961,0.);
#762=FILL_AREA_STYLE_COLOUR($,#761);
#763=FILL_AREA_STYLE($,(#762));
#764=SURFACE_STYLE_FILL_AREA(#763);
#765=SURFACE_SIDE_STYLE('',(#764));
#766=SURFACE_STYLE_USAGE(.BOTH.,#765);
#767=PRESENTATION_STYLE_ASSIGNMENT((#766));
#768=STYLED_ITEM('',(#767),#760);
#769=ADVANCED_FACE('',(#1716),#1718,.T.);
#770=COLOUR_RGB($,1.,0.843137254901961,0.);
#771=FILL_AREA_STYLE_COLOUR($,#770);
#772=FILL_AREA_STYLE($,(#771));
#773=SURFACE_STYLE_FILL_AREA(#772);
#774=SURFACE_SIDE_STYLE('',(#773));
#775=SURFACE_STYLE_USAGE(.BOTH.,#774);
#776=PRESENTATION_STYLE_ASSIGNMENT((#775));
#777=STYLED_ITEM('',(#776),#769);
#778=ADVANCED_FACE('',(#1723),#1725,.T.);
#779=COLOUR_RGB($,1.,1.,1.);
#780=FILL_AREA_STYLE_COLOUR($,#779);
#781=FILL_AREA_STYLE($,(#780));
#782=SURFACE_STYLE_FILL_AREA(#781);
#783=SURFACE_SIDE_STYLE('',(#782));
#784=SURFACE_STYLE_USAGE(.BOTH.,#783);
#785=PRESENTATION_STYLE_ASSIGNMENT((#784));
#786=STYLED_ITEM('',(#785),#778);
#787=ADVANCED_FACE('',(#1730),#1732,.T.);
#788=COLOUR_RGB($,1.,0.843137254901961,0.);
#789=FILL_AREA_STYLE_COLOUR($,#788);
#790=FILL_AREA_STYLE($,(#789));
#791=SURFACE_STYLE_FILL_AREA(#790);
#792=SURFACE_SIDE_STYLE('',(#791));
#793=SURFACE_STYLE_USAGE(.BOTH.,#792);
#794=PRESENTATION_STYLE_ASSIGNMENT((#793));
#795=STYLED_ITEM('',(#794),#787);
#796=ADVANCED_FACE('',(#1737),#1739,.T.);
#797=COLOUR_RGB($,1.,0.843137254901961,0.);
#798=FILL_AREA_STYLE_COLOUR($,#797);
#799=FILL_AREA_STYLE($,(#798));
#800=SURFACE_STYLE_FILL_AREA(#799);
#801=SURFACE_SIDE_STYLE('',(#800));
#802=SURFACE_STYLE_USAGE(.BOTH.,#801);
#803=PRESENTATION_STYLE_ASSIGNMENT((#802));
#804=STYLED_ITEM('',(#803),#796);
#805=ADVANCED_FACE('',(#1744),#1746,.T.);
#806=COLOUR_RGB($,1.,0.843137254901961,0.);
#807=FILL_AREA_STYLE_COLOUR($,#806);
#808=FILL_AREA_STYLE($,(#807));
#809=SURFACE_STYLE_FILL_AREA(#808);
#810=SURFACE_SIDE_STYLE('',(#809));
#811=SURFACE_STYLE_USAGE(.BOTH.,#810);
#812=PRESENTATION_STYLE_ASSIGNMENT((#811));
#813=STYLED_ITEM('',(#812),#805);
#814=ADVANCED_FACE('',(#1751),#1753,.T.);
#815=COLOUR_RGB($,1.,0.843137254901961,0.);
#816=FILL_AREA_STYLE_COLOUR($,#815);
#817=FILL_AREA_STYLE($,(#816));
#818=SURFACE_STYLE_FILL_AREA(#817);
#819=SURFACE_SIDE_STYLE('',(#818));
#820=SURFACE_STYLE_USAGE(.BOTH.,#819);
#821=PRESENTATION_STYLE_ASSIGNMENT((#820));
#822=STYLED_ITEM('',(#821),#814);
#823=ADVANCED_FACE('',(#1758),#1760,.T.);
#824=COLOUR_RGB($,1.,0.843137254901961,0.);
#825=FILL_AREA_STYLE_COLOUR($,#824);
#826=FILL_AREA_STYLE($,(#825));
#827=SURFACE_STYLE_FILL_AREA(#826);
#828=SURFACE_SIDE_STYLE('',(#827));
#829=SURFACE_STYLE_USAGE(.BOTH.,#828);
#830=PRESENTATION_STYLE_ASSIGNMENT((#829));
#831=STYLED_ITEM('',(#830),#823);
#832=ADVANCED_FACE('',(#1765),#1767,.T.);
#833=COLOUR_RGB($,1.,0.843137254901961,0.);
#834=FILL_AREA_STYLE_COLOUR($,#833);
#835=FILL_AREA_STYLE($,(#834));
#836=SURFACE_STYLE_FILL_AREA(#835);
#837=SURFACE_SIDE_STYLE('',(#836));
#838=SURFACE_STYLE_USAGE(.BOTH.,#837);
#839=PRESENTATION_STYLE_ASSIGNMENT((#838));
#840=STYLED_ITEM('',(#839),#832);
#841=ADVANCED_FACE('',(#1772),#1774,.T.);
#842=COLOUR_RGB($,1.,0.843137254901961,0.);
#843=FILL_AREA_STYLE_COLOUR($,#842);
#844=FILL_AREA_STYLE($,(#843));
#845=SURFACE_STYLE_FILL_AREA(#844);
#846=SURFACE_SIDE_STYLE('',(#845));
#847=SURFACE_STYLE_USAGE(.BOTH.,#846);
#848=PRESENTATION_STYLE_ASSIGNMENT((#847));
#849=STYLED_ITEM('',(#848),#841);
#850=ADVANCED_FACE('',(#1779),#1781,.T.);
#851=COLOUR_RGB($,1.,0.843137254901961,0.);
#852=FILL_AREA_STYLE_COLOUR($,#851);
#853=FILL_AREA_STYLE($,(#852));
#854=SURFACE_STYLE_FILL_AREA(#853);
#855=SURFACE_SIDE_STYLE('',(#854));
#856=SURFACE_STYLE_USAGE(.BOTH.,#855);
#857=PRESENTATION_STYLE_ASSIGNMENT((#856));
#858=STYLED_ITEM('',(#857),#850);
#859=ADVANCED_FACE('',(#1786),#1788,.T.);
#860=COLOUR_RGB($,1.,0.843137254901961,0.);
#861=FILL_AREA_STYLE_COLOUR($,#860);
#862=FILL_AREA_STYLE($,(#861));
#863=SURFACE_STYLE_FILL_AREA(#862);
#864=SURFACE_SIDE_STYLE('',(#863));
#865=SURFACE_STYLE_USAGE(.BOTH.,#864);
#866=PRESENTATION_STYLE_ASSIGNMENT((#865));
#867=STYLED_ITEM('',(#866),#859);
#868=ADVANCED_FACE('',(#1793),#1795,.T.);
#869=COLOUR_RGB($,1.,0.843137254901961,0.);
#870=FILL_AREA_STYLE_COLOUR($,#869);
#871=FILL_AREA_STYLE($,(#870));
#872=SURFACE_STYLE_FILL_AREA(#871);
#873=SURFACE_SIDE_STYLE('',(#872));
#874=SURFACE_STYLE_USAGE(.BOTH.,#873);
#875=PRESENTATION_STYLE_ASSIGNMENT((#874));
#876=STYLED_ITEM('',(#875),#868);
#877=ADVANCED_FACE('',(#1800),#1802,.T.);
#878=COLOUR_RGB($,1.,0.843137254901961,0.);
#879=FILL_AREA_STYLE_COLOUR($,#878);
#880=FILL_AREA_STYLE($,(#879));
#881=SURFACE_STYLE_FILL_AREA(#880);
#882=SURFACE_SIDE_STYLE('',(#881));
#883=SURFACE_STYLE_USAGE(.BOTH.,#882);
#884=PRESENTATION_STYLE_ASSIGNMENT((#883));
#885=STYLED_ITEM('',(#884),#877);
#886=ADVANCED_FACE('',(#1807),#1809,.T.);
#887=COLOUR_RGB($,1.,0.843137254901961,0.);
#888=FILL_AREA_STYLE_COLOUR($,#887);
#889=FILL_AREA_STYLE($,(#888));
#890=SURFACE_STYLE_FILL_AREA(#889);
#891=SURFACE_SIDE_STYLE('',(#890));
#892=SURFACE_STYLE_USAGE(.BOTH.,#891);
#893=PRESENTATION_STYLE_ASSIGNMENT((#892));
#894=STYLED_ITEM('',(#893),#886);
#895=ADVANCED_FACE('',(#1814),#1816,.T.);
#896=COLOUR_RGB($,1.,0.843137254901961,0.);
#897=FILL_AREA_STYLE_COLOUR($,#896);
#898=FILL_AREA_STYLE($,(#897));
#899=SURFACE_STYLE_FILL_AREA(#898);
#900=SURFACE_SIDE_STYLE('',(#899));
#901=SURFACE_STYLE_USAGE(.BOTH.,#900);
#902=PRESENTATION_STYLE_ASSIGNMENT((#901));
#903=STYLED_ITEM('',(#902),#895);
#904=ADVANCED_FACE('',(#1821),#1823,.T.);
#905=COLOUR_RGB($,1.,0.843137254901961,0.);
#906=FILL_AREA_STYLE_COLOUR($,#905);
#907=FILL_AREA_STYLE($,(#906));
#908=SURFACE_STYLE_FILL_AREA(#907);
#909=SURFACE_SIDE_STYLE('',(#908));
#910=SURFACE_STYLE_USAGE(.BOTH.,#909);
#911=PRESENTATION_STYLE_ASSIGNMENT((#910));
#912=STYLED_ITEM('',(#911),#904);
#913=ADVANCED_FACE('',(#1828),#1830,.T.);
#914=COLOUR_RGB($,1.,0.843137254901961,0.);
#915=FILL_AREA_STYLE_COLOUR($,#914);
#916=FILL_AREA_STYLE($,(#915));
#917=SURFACE_STYLE_FILL_AREA(#916);
#918=SURFACE_SIDE_STYLE('',(#917));
#919=SURFACE_STYLE_USAGE(.BOTH.,#918);
#920=PRESENTATION_STYLE_ASSIGNMENT((#919));
#921=STYLED_ITEM('',(#920),#913);
#922=ADVANCED_FACE('',(#1835),#1837,.T.);
#923=COLOUR_RGB($,1.,0.843137254901961,0.);
#924=FILL_AREA_STYLE_COLOUR($,#923);
#925=FILL_AREA_STYLE($,(#924));
#926=SURFACE_STYLE_FILL_AREA(#925);
#927=SURFACE_SIDE_STYLE('',(#926));
#928=SURFACE_STYLE_USAGE(.BOTH.,#927);
#929=PRESENTATION_STYLE_ASSIGNMENT((#928));
#930=STYLED_ITEM('',(#929),#922);
#931=ADVANCED_FACE('',(#1842),#1844,.F.);
#932=COLOUR_RGB($,1.,0.843137254901961,0.);
#933=FILL_AREA_STYLE_COLOUR($,#932);
#934=FILL_AREA_STYLE($,(#933));
#935=SURFACE_STYLE_FILL_AREA(#934);
#936=SURFACE_SIDE_STYLE('',(#935));
#937=SURFACE_STYLE_USAGE(.BOTH.,#936);
#938=PRESENTATION_STYLE_ASSIGNMENT((#937));
#939=STYLED_ITEM('',(#938),#931);
#940=ADVANCED_FACE('',(#1849),#1851,.F.);
#941=COLOUR_RGB($,1.,0.843137254901961,0.);
#942=FILL_AREA_STYLE_COLOUR($,#941);
#943=FILL_AREA_STYLE($,(#942));
#944=SURFACE_STYLE_FILL_AREA(#943);
#945=SURFACE_SIDE_STYLE('',(#944));
#946=SURFACE_STYLE_USAGE(.BOTH.,#945);
#947=PRESENTATION_STYLE_ASSIGNMENT((#946));
#948=STYLED_ITEM('',(#947),#940);
#949=ADVANCED_FACE('',(#1856),#1858,.F.);
#950=COLOUR_RGB($,1.,0.843137254901961,0.);
#951=FILL_AREA_STYLE_COLOUR($,#950);
#952=FILL_AREA_STYLE($,(#951));
#953=SURFACE_STYLE_FILL_AREA(#952);
#954=SURFACE_SIDE_STYLE('',(#953));
#955=SURFACE_STYLE_USAGE(.BOTH.,#954);
#956=PRESENTATION_STYLE_ASSIGNMENT((#955));
#957=STYLED_ITEM('',(#956),#949);
#958=ADVANCED_FACE('',(#1863),#1865,.F.);
#959=COLOUR_RGB($,1.,0.843137254901961,0.);
#960=FILL_AREA_STYLE_COLOUR($,#959);
#961=FILL_AREA_STYLE($,(#960));
#962=SURFACE_STYLE_FILL_AREA(#961);
#963=SURFACE_SIDE_STYLE('',(#962));
#964=SURFACE_STYLE_USAGE(.BOTH.,#963);
#965=PRESENTATION_STYLE_ASSIGNMENT((#964));
#966=STYLED_ITEM('',(#965),#958);
#967=ADVANCED_FACE('',(#1870),#1872,.F.);
#968=COLOUR_RGB($,1.,0.843137254901961,0.);
#969=FILL_AREA_STYLE_COLOUR($,#968);
#970=FILL_AREA_STYLE($,(#969));
#971=SURFACE_STYLE_FILL_AREA(#970);
#972=SURFACE_SIDE_STYLE('',(#971));
#973=SURFACE_STYLE_USAGE(.BOTH.,#972);
#974=PRESENTATION_STYLE_ASSIGNMENT((#973));
#975=STYLED_ITEM('',(#974),#967);
#976=ADVANCED_FACE('',(#1877),#1879,.F.);
#977=COLOUR_RGB($,1.,0.843137254901961,0.);
#978=FILL_AREA_STYLE_COLOUR($,#977);
#979=FILL_AREA_STYLE($,(#978));
#980=SURFACE_STYLE_FILL_AREA(#979);
#981=SURFACE_SIDE_STYLE('',(#980));
#982=SURFACE_STYLE_USAGE(.BOTH.,#981);
#983=PRESENTATION_STYLE_ASSIGNMENT((#982));
#984=STYLED_ITEM('',(#983),#976);
#985=ADVANCED_FACE('',(#1884),#1886,.F.);
#986=COLOUR_RGB($,1.,0.843137254901961,0.);
#987=FILL_AREA_STYLE_COLOUR($,#986);
#988=FILL_AREA_STYLE($,(#987));
#989=SURFACE_STYLE_FILL_AREA(#988);
#990=SURFACE_SIDE_STYLE('',(#989));
#991=SURFACE_STYLE_USAGE(.BOTH.,#990);
#992=PRESENTATION_STYLE_ASSIGNMENT((#991));
#993=STYLED_ITEM('',(#992),#985);
#994=ADVANCED_FACE('',(#1891),#1893,.F.);
#995=COLOUR_RGB($,1.,0.843137254901961,0.);
#996=FILL_AREA_STYLE_COLOUR($,#995);
#997=FILL_AREA_STYLE($,(#996));
#998=SURFACE_STYLE_FILL_AREA(#997);
#999=SURFACE_SIDE_STYLE('',(#998));
#1000=SURFACE_STYLE_USAGE(.BOTH.,#999);
#1001=PRESENTATION_STYLE_ASSIGNMENT((#1000));
#1002=STYLED_ITEM('',(#1001),#994);
#1003=ADVANCED_FACE('',(#1898),#1900,.F.);
#1004=COLOUR_RGB($,1.,0.843137254901961,0.);
#1005=FILL_AREA_STYLE_COLOUR($,#1004);
#1006=FILL_AREA_STYLE($,(#1005));
#1007=SURFACE_STYLE_FILL_AREA(#1006);
#1008=SURFACE_SIDE_STYLE('',(#1007));
#1009=SURFACE_STYLE_USAGE(.BOTH.,#1008);
#1010=PRESENTATION_STYLE_ASSIGNMENT((#1009));
#1011=STYLED_ITEM('',(#1010),#1003);
#1012=ADVANCED_FACE('',(#1905),#1907,.F.);
#1013=COLOUR_RGB($,1.,0.843137254901961,0.);
#1014=FILL_AREA_STYLE_COLOUR($,#1013);
#1015=FILL_AREA_STYLE($,(#1014));
#1016=SURFACE_STYLE_FILL_AREA(#1015);
#1017=SURFACE_SIDE_STYLE('',(#1016));
#1018=SURFACE_STYLE_USAGE(.BOTH.,#1017);
#1019=PRESENTATION_STYLE_ASSIGNMENT((#1018));
#1020=STYLED_ITEM('',(#1019),#1012);
#1021=ADVANCED_FACE('',(#1912),#1914,.F.);
#1022=COLOUR_RGB($,1.,0.843137254901961,0.);
#1023=FILL_AREA_STYLE_COLOUR($,#1022);
#1024=FILL_AREA_STYLE($,(#1023));
#1025=SURFACE_STYLE_FILL_AREA(#1024);
#1026=SURFACE_SIDE_STYLE('',(#1025));
#1027=SURFACE_STYLE_USAGE(.BOTH.,#1026);
#1028=PRESENTATION_STYLE_ASSIGNMENT((#1027));
#1029=STYLED_ITEM('',(#1028),#1021);
#1030=ADVANCED_FACE('',(#1919),#1921,.F.);
#1031=COLOUR_RGB($,1.,0.843137254901961,0.);
#1032=FILL_AREA_STYLE_COLOUR($,#1031);
#1033=FILL_AREA_STYLE($,(#1032));
#1034=SURFACE_STYLE_FILL_AREA(#1033);
#1035=SURFACE_SIDE_STYLE('',(#1034));
#1036=SURFACE_STYLE_USAGE(.BOTH.,#1035);
#1037=PRESENTATION_STYLE_ASSIGNMENT((#1036));
#1038=STYLED_ITEM('',(#1037),#1030);
#1039=ADVANCED_FACE('',(#1926),#1928,.F.);
#1040=COLOUR_RGB($,1.,0.843137254901961,0.);
#1041=FILL_AREA_STYLE_COLOUR($,#1040);
#1042=FILL_AREA_STYLE($,(#1041));
#1043=SURFACE_STYLE_FILL_AREA(#1042);
#1044=SURFACE_SIDE_STYLE('',(#1043));
#1045=SURFACE_STYLE_USAGE(.BOTH.,#1044);
#1046=PRESENTATION_STYLE_ASSIGNMENT((#1045));
#1047=STYLED_ITEM('',(#1046),#1039);
#1048=ADVANCED_FACE('',(#1933),#1935,.F.);
#1049=COLOUR_RGB($,1.,0.843137254901961,0.);
#1050=FILL_AREA_STYLE_COLOUR($,#1049);
#1051=FILL_AREA_STYLE($,(#1050));
#1052=SURFACE_STYLE_FILL_AREA(#1051);
#1053=SURFACE_SIDE_STYLE('',(#1052));
#1054=SURFACE_STYLE_USAGE(.BOTH.,#1053);
#1055=PRESENTATION_STYLE_ASSIGNMENT((#1054));
#1056=STYLED_ITEM('',(#1055),#1048);
#1057=ADVANCED_FACE('',(#1940),#1942,.F.);
#1058=COLOUR_RGB($,1.,0.843137254901961,0.);
#1059=FILL_AREA_STYLE_COLOUR($,#1058);
#1060=FILL_AREA_STYLE($,(#1059));
#1061=SURFACE_STYLE_FILL_AREA(#1060);
#1062=SURFACE_SIDE_STYLE('',(#1061));
#1063=SURFACE_STYLE_USAGE(.BOTH.,#1062);
#1064=PRESENTATION_STYLE_ASSIGNMENT((#1063));
#1065=STYLED_ITEM('',(#1064),#1057);
#1066=ADVANCED_FACE('',(#1947),#1949,.F.);
#1067=COLOUR_RGB($,1.,0.843137254901961,0.);
#1068=FILL_AREA_STYLE_COLOUR($,#1067);
#1069=FILL_AREA_STYLE($,(#1068));
#1070=SURFACE_STYLE_FILL_AREA(#1069);
#1071=SURFACE_SIDE_STYLE('',(#1070));
#1072=SURFACE_STYLE_USAGE(.BOTH.,#1071);
#1073=PRESENTATION_STYLE_ASSIGNMENT((#1072));
#1074=STYLED_ITEM('',(#1073),#1066);
#1075=ADVANCED_FACE('',(#1954),#1956,.T.);
#1076=COLOUR_RGB($,1.,0.843137254901961,0.);
#1077=FILL_AREA_STYLE_COLOUR($,#1076);
#1078=FILL_AREA_STYLE($,(#1077));
#1079=SURFACE_STYLE_FILL_AREA(#1078);
#1080=SURFACE_SIDE_STYLE('',(#1079));
#1081=SURFACE_STYLE_USAGE(.BOTH.,#1080);
#1082=PRESENTATION_STYLE_ASSIGNMENT((#1081));
#1083=STYLED_ITEM('',(#1082),#1075);
#1084=ADVANCED_FACE('',(#1961),#1963,.T.);
#1085=COLOUR_RGB($,1.,0.843137254901961,0.);
#1086=FILL_AREA_STYLE_COLOUR($,#1085);
#1087=FILL_AREA_STYLE($,(#1086));
#1088=SURFACE_STYLE_FILL_AREA(#1087);
#1089=SURFACE_SIDE_STYLE('',(#1088));
#1090=SURFACE_STYLE_USAGE(.BOTH.,#1089);
#1091=PRESENTATION_STYLE_ASSIGNMENT((#1090));
#1092=STYLED_ITEM('',(#1091),#1084);
#1093=ADVANCED_FACE('',(#1968),#1970,.T.);
#1094=COLOUR_RGB($,1.,0.843137254901961,0.);
#1095=FILL_AREA_STYLE_COLOUR($,#1094);
#1096=FILL_AREA_STYLE($,(#1095));
#1097=SURFACE_STYLE_FILL_AREA(#1096);
#1098=SURFACE_SIDE_STYLE('',(#1097));
#1099=SURFACE_STYLE_USAGE(.BOTH.,#1098);
#1100=PRESENTATION_STYLE_ASSIGNMENT((#1099));
#1101=STYLED_ITEM('',(#1100),#1093);
#1102=ADVANCED_FACE('',(#1975),#1977,.T.);
#1103=COLOUR_RGB($,1.,0.843137254901961,0.);
#1104=FILL_AREA_STYLE_COLOUR($,#1103);
#1105=FILL_AREA_STYLE($,(#1104));
#1106=SURFACE_STYLE_FILL_AREA(#1105);
#1107=SURFACE_SIDE_STYLE('',(#1106));
#1108=SURFACE_STYLE_USAGE(.BOTH.,#1107);
#1109=PRESENTATION_STYLE_ASSIGNMENT((#1108));
#1110=STYLED_ITEM('',(#1109),#1102);
#1111=ADVANCED_FACE('',(#1982),#1984,.F.);
#1112=COLOUR_RGB($,1.,0.843137254901961,0.);
#1113=FILL_AREA_STYLE_COLOUR($,#1112);
#1114=FILL_AREA_STYLE($,(#1113));
#1115=SURFACE_STYLE_FILL_AREA(#1114);
#1116=SURFACE_SIDE_STYLE('',(#1115));
#1117=SURFACE_STYLE_USAGE(.BOTH.,#1116);
#1118=PRESENTATION_STYLE_ASSIGNMENT((#1117));
#1119=STYLED_ITEM('',(#1118),#1111);
#1120=ADVANCED_FACE('',(#1989),#1991,.F.);
#1121=COLOUR_RGB($,1.,0.843137254901961,0.);
#1122=FILL_AREA_STYLE_COLOUR($,#1121);
#1123=FILL_AREA_STYLE($,(#1122));
#1124=SURFACE_STYLE_FILL_AREA(#1123);
#1125=SURFACE_SIDE_STYLE('',(#1124));
#1126=SURFACE_STYLE_USAGE(.BOTH.,#1125);
#1127=PRESENTATION_STYLE_ASSIGNMENT((#1126));
#1128=STYLED_ITEM('',(#1127),#1120);
#1129=ADVANCED_FACE('',(#1996),#1998,.F.);
#1130=COLOUR_RGB($,1.,0.843137254901961,0.);
#1131=FILL_AREA_STYLE_COLOUR($,#1130);
#1132=FILL_AREA_STYLE($,(#1131));
#1133=SURFACE_STYLE_FILL_AREA(#1132);
#1134=SURFACE_SIDE_STYLE('',(#1133));
#1135=SURFACE_STYLE_USAGE(.BOTH.,#1134);
#1136=PRESENTATION_STYLE_ASSIGNMENT((#1135));
#1137=STYLED_ITEM('',(#1136),#1129);
#1138=ADVANCED_FACE('',(#2003),#2005,.F.);
#1139=COLOUR_RGB($,1.,0.843137254901961,0.);
#1140=FILL_AREA_STYLE_COLOUR($,#1139);
#1141=FILL_AREA_STYLE($,(#1140));
#1142=SURFACE_STYLE_FILL_AREA(#1141);
#1143=SURFACE_SIDE_STYLE('',(#1142));
#1144=SURFACE_STYLE_USAGE(.BOTH.,#1143);
#1145=PRESENTATION_STYLE_ASSIGNMENT((#1144));
#1146=STYLED_ITEM('',(#1145),#1138);
#1147=FACE_BOUND('',#1148,.T.);
#1148=EDGE_LOOP('',(#2010,#2011,#2012,#2013,#2014,#2015,#2016,#2017,#2018,#2019,
#2020,#2021,#2022,#2023,#2024,#2025,#2026,#2027,#2028,#2029,#2030,#2031));
#1149=PLANE('',#1150);
#1150=AXIS2_PLACEMENT_3D('',#1151,#1152,#1153);
#1151=CARTESIAN_POINT('',(-1.25,-1.5,2.));
#1152=DIRECTION('',(0.,-1.,0.));
#1153=DIRECTION('',(1.,0.,0.));
#1154=FACE_BOUND('',#1155,.T.);
#1155=EDGE_LOOP('',(#2032,#2033,#2034,#2035));
#1156=PLANE('',#1157);
#1157=AXIS2_PLACEMENT_3D('',#1158,#1159,#1160);
#1158=CARTESIAN_POINT('',(0.,0.,7.));
#1159=DIRECTION('',(0.,0.,1.));
#1160=DIRECTION('',(1.,0.,0.));
#1161=FACE_BOUND('',#1162,.T.);
#1162=EDGE_LOOP('',(#2036,#2037,#2038,#2039));
#1163=PLANE('',#1164);
#1164=AXIS2_PLACEMENT_3D('',#1165,#1166,#1167);
#1165=CARTESIAN_POINT('',(0.,0.,7.));
#1166=DIRECTION('',(0.,0.,1.));
#1167=DIRECTION('',(1.,0.,0.));
#1168=FACE_BOUND('',#1169,.T.);
#1169=EDGE_LOOP('',(#2040,#2041,#2042,#2043,#2044,#2045,#2046,#2047,#2048,#2049,
#2050,#2051,#2052,#2053,#2054,#2055,#2056,#2057,#2058,#2059,#2060,#2061,#2062,#2063,
#2064,#2065,#2066,#2067,#2068,#2069,#2070,#2071,#2072,#2073));
#1170=PLANE('',#1171);
#1171=AXIS2_PLACEMENT_3D('',#1172,#1173,#1174);
#1172=CARTESIAN_POINT('',(-1.25,-2.2,0.));
#1173=DIRECTION('',(0.,-1.,0.));
#1174=DIRECTION('',(1.,0.,0.));
#1175=FACE_BOUND('',#1176,.T.);
#1176=EDGE_LOOP('',(#2074,#2075,#2076,#2077));
#1177=PLANE('',#1178);
#1178=AXIS2_PLACEMENT_3D('',#1179,#1180,#1181);
#1179=CARTESIAN_POINT('',(8.35,-1.5,6.6));
#1180=DIRECTION('',(0.707106781186547,0.,-0.707106781186547));
#1181=DIRECTION('',(0.707106781186547,0.,0.707106781186547));
#1182=FACE_BOUND('',#1183,.T.);
#1183=EDGE_LOOP('',(#2078,#2079,#2080,#2081));
#1184=PLANE('',#1185);
#1185=AXIS2_PLACEMENT_3D('',#1186,#1187,#1188);
#1186=CARTESIAN_POINT('',(8.75,-1.5,6.2));
#1187=DIRECTION('',(0.707106781186547,0.,0.707106781186547));
#1188=DIRECTION('',(-0.707106781186547,0.,0.707106781186547));
#1189=FACE_BOUND('',#1190,.T.);
#1190=EDGE_LOOP('',(#2082,#2083,#2084,#2085));
#1191=PLANE('',#1192);
#1192=AXIS2_PLACEMENT_3D('',#1193,#1194,#1195);
#1193=CARTESIAN_POINT('',(8.75,-1.5,3.6));
#1194=DIRECTION('',(1.,0.,-0.));
#1195=DIRECTION('',(0.,0.,1.));
#1196=FACE_BOUND('',#1197,.T.);
#1197=EDGE_LOOP('',(#2086,#2087,#2088,#2089));
#1198=CYLINDRICAL_SURFACE('',#1199,0.6);
#1199=AXIS2_PLACEMENT_3D('',#1200,#1201,#1202);
#1200=CARTESIAN_POINT('',(8.15,-1.5,3.6));
#1201=DIRECTION('',(0.,-1.,0.));
#1202=DIRECTION('',(1.85037170770859E-016,0.,-1.));
#1203=FACE_BOUND('',#1204,.T.);
#1204=EDGE_LOOP('',(#2090,#2091,#2092,#2093));
#1205=PLANE('',#1206);
#1206=AXIS2_PLACEMENT_3D('',#1207,#1208,#1209);
#1207=CARTESIAN_POINT('',(6.25,-1.5,3.));
#1208=DIRECTION('',(0.,0.,-1.));
#1209=DIRECTION('',(1.,0.,0.));
#1210=FACE_BOUND('',#1211,.T.);
#1211=EDGE_LOOP('',(#2094,#2095,#2096,#2097));
#1212=PLANE('',#1213);
#1213=AXIS2_PLACEMENT_3D('',#1214,#1215,#1216);
#1214=CARTESIAN_POINT('',(6.25,-1.5,7.));
#1215=DIRECTION('',(-1.,-0.,-0.));
#1216=DIRECTION('',(0.,0.,-1.));
#1217=FACE_BOUND('',#1218,.T.);
#1218=EDGE_LOOP('',(#2098,#2099,#2100,#2101,#2102,#2103,#2104,#2105));
#1219=PLANE('',#1220);
#1220=AXIS2_PLACEMENT_3D('',#1221,#1222,#1223);
#1221=CARTESIAN_POINT('',(10.,0.,0.));
#1222=DIRECTION('',(-1.,-0.,-0.));
#1223=DIRECTION('',(0.,0.,1.));
#1224=FACE_BOUND('',#1225,.T.);
#1225=EDGE_LOOP('',(#2106,#2107,#2108,#2109));
#1226=PLANE('',#1227);
#1227=AXIS2_PLACEMENT_3D('',#1228,#1229,#1230);
#1228=CARTESIAN_POINT('',(10.,-0.4,3.));
#1229=DIRECTION('',(-0.,-0.,-1.));
#1230=DIRECTION('',(0.,-1.,0.));
#1231=FACE_BOUND('',#1232,.T.);
#1232=EDGE_LOOP('',(#2110,#2111,#2112,#2113,#2114,#2115));
#1233=PLANE('',#1234);
#1234=AXIS2_PLACEMENT_3D('',#1235,#1236,#1237);
#1235=CARTESIAN_POINT('',(9.3,0.,0.));
#1236=DIRECTION('',(-1.,-0.,-0.));
#1237=DIRECTION('',(0.,0.,1.));
#1238=FACE_BOUND('',#1239,.T.);
#1239=EDGE_LOOP('',(#2116,#2117,#2118,#2119));
#1240=FACE_BOUND('',#1241,.T.);
#1241=EDGE_LOOP('',(#2120,#2121,#2122,#2123));
#1242=FACE_BOUND('',#1243,.T.);
#1243=EDGE_LOOP('',(#2124,#2125,#2126,#2127));
#1244=FACE_BOUND('',#1245,.T.);
#1245=EDGE_LOOP('',(#2128,#2129,#2130,#2131));
#1246=FACE_BOUND('',#1247,.T.);
#1247=EDGE_LOOP('',(#2132,#2133,#2134,#2135));
#1248=PLANE('',#1249);
#1249=AXIS2_PLACEMENT_3D('',#1250,#1251,#1252);
#1250=CARTESIAN_POINT('',(0.,0.,2.));
#1251=DIRECTION('',(0.,0.,1.));
#1252=DIRECTION('',(1.,0.,0.));
#1253=FACE_BOUND('',#1254,.T.);
#1254=EDGE_LOOP('',(#2136,#2137,#2138,#2139,#2140,#2141));
#1255=PLANE('',#1256);
#1256=AXIS2_PLACEMENT_3D('',#1257,#1258,#1259);
#1257=CARTESIAN_POINT('',(-1.8,0.,0.));
#1258=DIRECTION('',(-1.,0.,0.));
#1259=DIRECTION('',(0.,0.,1.));
#1260=FACE_BOUND('',#1261,.T.);
#1261=EDGE_LOOP('',(#2142,#2143,#2144,#2145));
#1262=PLANE('',#1263);
#1263=AXIS2_PLACEMENT_3D('',#1264,#1265,#1266);
#1264=CARTESIAN_POINT('',(10.,-0.4,3.));
#1265=DIRECTION('',(-0.,-0.,-1.));
#1266=DIRECTION('',(0.,-1.,0.));
#1267=FACE_BOUND('',#1268,.T.);
#1268=EDGE_LOOP('',(#2146,#2147,#2148,#2149,#2150,#2151,#2152,#2153));
#1269=PLANE('',#1270);
#1270=AXIS2_PLACEMENT_3D('',#1271,#1272,#1273);
#1271=CARTESIAN_POINT('',(-2.5,0.,0.));
#1272=DIRECTION('',(-1.,0.,0.));
#1273=DIRECTION('',(0.,0.,1.));
#1274=FACE_BOUND('',#1275,.T.);
#1275=EDGE_LOOP('',(#2154,#2155,#2156,#2157));
#1276=PLANE('',#1277);
#1277=AXIS2_PLACEMENT_3D('',#1278,#1279,#1280);
#1278=CARTESIAN_POINT('',(0.,0.,7.));
#1279=DIRECTION('',(0.,0.,1.));
#1280=DIRECTION('',(1.,0.,0.));
#1281=FACE_BOUND('',#1282,.T.);
#1282=EDGE_LOOP('',(#2158,#2159,#2160,#2161));
#1283=PLANE('',#1284);
#1284=AXIS2_PLACEMENT_3D('',#1285,#1286,#1287);
#1285=CARTESIAN_POINT('',(-1.25,-1.5,7.));
#1286=DIRECTION('',(-0.707106781186548,-0.,-0.707106781186547));
#1287=DIRECTION('',(0.707106781186547,0.,-0.707106781186548));
#1288=FACE_BOUND('',#1289,.T.);
#1289=EDGE_LOOP('',(#2162,#2163,#2164,#2165));
#1290=PLANE('',#1291);
#1291=AXIS2_PLACEMENT_3D('',#1292,#1293,#1294);
#1292=CARTESIAN_POINT('',(-0.85,-1.5,6.6));
#1293=DIRECTION('',(-0.707106781186548,0.,0.707106781186547));
#1294=DIRECTION('',(-0.707106781186547,0.,-0.707106781186548));
#1295=FACE_BOUND('',#1296,.T.);
#1296=EDGE_LOOP('',(#2166,#2167,#2168,#2169));
#1297=PLANE('',#1298);
#1298=AXIS2_PLACEMENT_3D('',#1299,#1300,#1301);
#1299=CARTESIAN_POINT('',(-1.25,-1.5,6.2));
#1300=DIRECTION('',(-1.,-0.,-0.));
#1301=DIRECTION('',(0.,0.,-1.));
#1302=FACE_BOUND('',#1303,.T.);
#1303=EDGE_LOOP('',(#2170,#2171,#2172,#2173));
#1304=CYLINDRICAL_SURFACE('',#1305,0.6);
#1305=AXIS2_PLACEMENT_3D('',#1306,#1307,#1308);
#1306=CARTESIAN_POINT('',(-0.65,-1.5,3.6));
#1307=DIRECTION('',(0.,-1.,0.));
#1308=DIRECTION('',(-1.,0.,0.));
#1309=FACE_BOUND('',#1310,.T.);
#1310=EDGE_LOOP('',(#2174,#2175,#2176,#2177));
#1311=PLANE('',#1312);
#1312=AXIS2_PLACEMENT_3D('',#1313,#1314,#1315);
#1313=CARTESIAN_POINT('',(-0.65,-1.5,3.));
#1314=DIRECTION('',(0.,0.,-1.));
#1315=DIRECTION('',(1.,0.,0.));
#1316=FACE_BOUND('',#1317,.T.);
#1317=EDGE_LOOP('',(#2178,#2179,#2180,#2181));
#1318=PLANE('',#1319);
#1319=AXIS2_PLACEMENT_3D('',#1320,#1321,#1322);
#1320=CARTESIAN_POINT('',(1.25,-1.5,3.));
#1321=DIRECTION('',(1.,0.,-0.));
#1322=DIRECTION('',(0.,0.,1.));
#1323=FACE_BOUND('',#1324,.T.);
#1324=EDGE_LOOP('',(#2182,#2183,#2184,#2185));
#1325=PLANE('',#1326);
#1326=AXIS2_PLACEMENT_3D('',#1327,#1328,#1329);
#1327=CARTESIAN_POINT('',(0.,0.,0.));
#1328=DIRECTION('',(0.,0.,1.));
#1329=DIRECTION('',(1.,0.,0.));
#1330=FACE_BOUND('',#1331,.T.);
#1331=EDGE_LOOP('',(#2186,#2187,#2188,#2189));
#1332=PLANE('',#1333);
#1333=AXIS2_PLACEMENT_3D('',#1334,#1335,#1336);
#1334=CARTESIAN_POINT('',(-0.85,-2.2,0.4));
#1335=DIRECTION('',(-1.,0.,0.));
#1336=DIRECTION('',(0.,1.,0.));
#1337=FACE_BOUND('',#1338,.T.);
#1338=EDGE_LOOP('',(#2190,#2191,#2192,#2193));
#1339=FACE_BOUND('',#1340,.T.);
#1340=EDGE_LOOP('',(#2194,#2195,#2196,#2197));
#1341=PLANE('',#1342);
#1342=AXIS2_PLACEMENT_3D('',#1343,#1344,#1345);
#1343=CARTESIAN_POINT('',(0.,0.,0.4));
#1344=DIRECTION('',(-0.,0.,-1.));
#1345=DIRECTION('',(-1.,0.,0.));
#1346=FACE_BOUND('',#1347,.T.);
#1347=EDGE_LOOP('',(#2198,#2199,#2200,#2201));
#1348=PLANE('',#1349);
#1349=AXIS2_PLACEMENT_3D('',#1350,#1351,#1352);
#1350=CARTESIAN_POINT('',(0.85,3.55,0.4));
#1351=DIRECTION('',(1.,0.,0.));
#1352=DIRECTION('',(0.,-1.,0.));
#1353=FACE_BOUND('',#1354,.T.);
#1354=EDGE_LOOP('',(#2202,#2203,#2204,#2205));
#1355=PLANE('',#1356);
#1356=AXIS2_PLACEMENT_3D('',#1357,#1358,#1359);
#1357=CARTESIAN_POINT('',(0.,0.,0.));
#1358=DIRECTION('',(0.,0.,1.));
#1359=DIRECTION('',(1.,0.,0.));
#1360=FACE_BOUND('',#1361,.T.);
#1361=EDGE_LOOP('',(#2206,#2207,#2208,#2209));
#1362=PLANE('',#1363);
#1363=AXIS2_PLACEMENT_3D('',#1364,#1365,#1366);
#1364=CARTESIAN_POINT('',(1.65,-2.2,0.4));
#1365=DIRECTION('',(-1.,0.,0.));
#1366=DIRECTION('',(0.,1.,0.));
#1367=FACE_BOUND('',#1368,.T.);
#1368=EDGE_LOOP('',(#2210,#2211,#2212,#2213));
#1369=FACE_BOUND('',#1370,.T.);
#1370=EDGE_LOOP('',(#2214,#2215,#2216,#2217));
#1371=PLANE('',#1372);
#1372=AXIS2_PLACEMENT_3D('',#1373,#1374,#1375);
#1373=CARTESIAN_POINT('',(2.5,0.,0.4));
#1374=DIRECTION('',(-0.,0.,-1.));
#1375=DIRECTION('',(-1.,0.,0.));
#1376=FACE_BOUND('',#1377,.T.);
#1377=EDGE_LOOP('',(#2218,#2219,#2220,#2221));
#1378=PLANE('',#1379);
#1379=AXIS2_PLACEMENT_3D('',#1380,#1381,#1382);
#1380=CARTESIAN_POINT('',(3.35,3.55,0.4));
#1381=DIRECTION('',(1.,0.,0.));
#1382=DIRECTION('',(0.,-1.,0.));
#1383=FACE_BOUND('',#1384,.T.);
#1384=EDGE_LOOP('',(#2222,#2223,#2224,#2225));
#1385=PLANE('',#1386);
#1386=AXIS2_PLACEMENT_3D('',#1387,#1388,#1389);
#1387=CARTESIAN_POINT('',(0.,0.,0.));
#1388=DIRECTION('',(0.,0.,1.));
#1389=DIRECTION('',(1.,0.,0.));
#1390=FACE_BOUND('',#1391,.T.);
#1391=EDGE_LOOP('',(#2226,#2227,#2228,#2229));
#1392=PLANE('',#1393);
#1393=AXIS2_PLACEMENT_3D('',#1394,#1395,#1396);
#1394=CARTESIAN_POINT('',(4.15,-2.2,0.4));
#1395=DIRECTION('',(-1.,0.,0.));
#1396=DIRECTION('',(0.,1.,0.));
#1397=FACE_BOUND('',#1398,.T.);
#1398=EDGE_LOOP('',(#2230,#2231,#2232,#2233));
#1399=FACE_BOUND('',#1400,.T.);
#1400=EDGE_LOOP('',(#2234,#2235,#2236,#2237));
#1401=PLANE('',#1402);
#1402=AXIS2_PLACEMENT_3D('',#1403,#1404,#1405);
#1403=CARTESIAN_POINT('',(5.,0.,0.4));
#1404=DIRECTION('',(-0.,0.,-1.));
#1405=DIRECTION('',(-1.,0.,0.));
#1406=FACE_BOUND('',#1407,.T.);
#1407=EDGE_LOOP('',(#2238,#2239,#2240,#2241));
#1408=PLANE('',#1409);
#1409=AXIS2_PLACEMENT_3D('',#1410,#1411,#1412);
#1410=CARTESIAN_POINT('',(5.85,3.55,0.4));
#1411=DIRECTION('',(1.,0.,0.));
#1412=DIRECTION('',(0.,-1.,0.));
#1413=FACE_BOUND('',#1414,.T.);
#1414=EDGE_LOOP('',(#2242,#2243,#2244,#2245));
#1415=PLANE('',#1416);
#1416=AXIS2_PLACEMENT_3D('',#1417,#1418,#1419);
#1417=CARTESIAN_POINT('',(0.,0.,0.));
#1418=DIRECTION('',(0.,0.,1.));
#1419=DIRECTION('',(1.,0.,0.));
#1420=FACE_BOUND('',#1421,.T.);
#1421=EDGE_LOOP('',(#2246,#2247,#2248,#2249));
#1422=PLANE('',#1423);
#1423=AXIS2_PLACEMENT_3D('',#1424,#1425,#1426);
#1424=CARTESIAN_POINT('',(6.65,-2.2,0.4));
#1425=DIRECTION('',(-1.,0.,0.));
#1426=DIRECTION('',(0.,1.,0.));
#1427=FACE_BOUND('',#1428,.T.);
#1428=EDGE_LOOP('',(#2250,#2251,#2252,#2253));
#1429=FACE_BOUND('',#1430,.T.);
#1430=EDGE_LOOP('',(#2254,#2255,#2256,#2257));
#1431=PLANE('',#1432);
#1432=AXIS2_PLACEMENT_3D('',#1433,#1434,#1435);
#1433=CARTESIAN_POINT('',(7.5,0.,0.4));
#1434=DIRECTION('',(-0.,0.,-1.));
#1435=DIRECTION('',(-1.,0.,0.));
#1436=FACE_BOUND('',#1437,.T.);
#1437=EDGE_LOOP('',(#2258,#2259,#2260,#2261));
#1438=PLANE('',#1439);
#1439=AXIS2_PLACEMENT_3D('',#1440,#1441,#1442);
#1440=CARTESIAN_POINT('',(8.35,3.55,0.4));
#1441=DIRECTION('',(1.,0.,0.));
#1442=DIRECTION('',(0.,-1.,0.));
#1443=FACE_BOUND('',#1444,.T.);
#1444=EDGE_LOOP('',(#2262,#2263,#2264,#2265));
#1445=PLANE('',#1446);
#1446=AXIS2_PLACEMENT_3D('',#1447,#1448,#1449);
#1447=CARTESIAN_POINT('',(0.,0.,0.));
#1448=DIRECTION('',(0.,0.,1.));
#1449=DIRECTION('',(1.,0.,0.));
#1450=FACE_BOUND('',#1451,.T.);
#1451=EDGE_LOOP('',(#2266,#2267,#2268,#2269,#2270));
#1452=PLANE('',#1453);
#1453=AXIS2_PLACEMENT_3D('',#1454,#1455,#1456);
#1454=CARTESIAN_POINT('',(10.,-0.4,7.));
#1455=DIRECTION('',(0.,1.,0.));
#1456=DIRECTION('',(0.,0.,-1.));
#1457=FACE_BOUND('',#1458,.T.);
#1458=EDGE_LOOP('',(#2271,#2272,#2273,#2274,#2275,#2276,#2277,#2278,#2279,#2280,
#2281,#2282,#2283,#2284,#2285,#2286,#2287,#2288,#2289,#2290));
#1459=PLANE('',#1460);
#1460=AXIS2_PLACEMENT_3D('',#1461,#1462,#1463);
#1461=CARTESIAN_POINT('',(1.25,3.55,0.));
#1462=DIRECTION('',(0.,1.,-0.));
#1463=DIRECTION('',(-1.,0.,0.));
#1464=FACE_BOUND('',#1465,.T.);
#1465=EDGE_LOOP('',(#2291,#2292,#2293,#2294,#2295,#2296,#2297,#2298));
#1466=PLANE('',#1467);
#1467=AXIS2_PLACEMENT_3D('',#1468,#1469,#1470);
#1468=CARTESIAN_POINT('',(0.,0.,7.));
#1469=DIRECTION('',(0.,0.,1.));
#1470=DIRECTION('',(1.,0.,0.));
#1471=FACE_BOUND('',#1472,.T.);
#1472=EDGE_LOOP('',(#2299,#2300,#2301,#2302));
#1473=PLANE('',#1474);
#1474=AXIS2_PLACEMENT_3D('',#1475,#1476,#1477);
#1475=CARTESIAN_POINT('',(9.6,4.05,7.));
#1476=DIRECTION('',(0.707106781186545,0.,-0.70710678118655));
#1477=DIRECTION('',(0.,-1.,0.));
#1478=FACE_BOUND('',#1479,.T.);
#1479=EDGE_LOOP('',(#2303,#2304,#2305,#2306));
#1480=PLANE('',#1481);
#1481=AXIS2_PLACEMENT_3D('',#1482,#1483,#1484);
#1482=CARTESIAN_POINT('',(1.25,2.85,2.));
#1483=DIRECTION('',(0.,1.,-0.));
#1484=DIRECTION('',(-1.,0.,0.));
#1485=FACE_BOUND('',#1486,.T.);
#1486=EDGE_LOOP('',(#2307,#2308,#2309,#2310));
#1487=PLANE('',#1488);
#1488=AXIS2_PLACEMENT_3D('',#1489,#1490,#1491);
#1489=CARTESIAN_POINT('',(2.82,0.32,-3.5));
#1490=DIRECTION('',(0.,1.,-0.));
#1491=DIRECTION('',(-1.,0.,0.));
#1492=FACE_BOUND('',#1493,.T.);
#1493=EDGE_LOOP('',(#2311,#2312,#2313,#2314));
#1494=PLANE('',#1495);
#1495=AXIS2_PLACEMENT_3D('',#1496,#1497,#1498);
#1496=CARTESIAN_POINT('',(2.82,-0.32,-3.5));
#1497=DIRECTION('',(1.,0.,0.));
#1498=DIRECTION('',(0.,1.,0.));
#1499=FACE_BOUND('',#1500,.T.);
#1500=EDGE_LOOP('',(#2315,#2316,#2317,#2318));
#1501=PLANE('',#1502);
#1502=AXIS2_PLACEMENT_3D('',#1503,#1504,#1505);
#1503=CARTESIAN_POINT('',(2.18,-0.32,-3.5));
#1504=DIRECTION('',(0.,-1.,0.));
#1505=DIRECTION('',(1.,0.,0.));
#1506=FACE_BOUND('',#1507,.T.);
#1507=EDGE_LOOP('',(#2319,#2320,#2321,#2322));
#1508=PLANE('',#1509);
#1509=AXIS2_PLACEMENT_3D('',#1510,#1511,#1512);
#1510=CARTESIAN_POINT('',(2.18,0.32,-3.5));
#1511=DIRECTION('',(-1.,0.,0.));
#1512=DIRECTION('',(0.,-1.,0.));
#1513=FACE_BOUND('',#1514,.T.);
#1514=EDGE_LOOP('',(#2323,#2324,#2325,#2326));
#1515=PLANE('',#1516);
#1516=AXIS2_PLACEMENT_3D('',#1517,#1518,#1519);
#1517=CARTESIAN_POINT('',(5.32,0.32,-3.5));
#1518=DIRECTION('',(0.,1.,-0.));
#1519=DIRECTION('',(-1.,0.,0.));
#1520=FACE_BOUND('',#1521,.T.);
#1521=EDGE_LOOP('',(#2327,#2328,#2329,#2330));
#1522=PLANE('',#1523);
#1523=AXIS2_PLACEMENT_3D('',#1524,#1525,#1526);
#1524=CARTESIAN_POINT('',(5.32,-0.32,-3.5));
#1525=DIRECTION('',(1.,0.,0.));
#1526=DIRECTION('',(0.,1.,0.));
#1527=FACE_BOUND('',#1528,.T.);
#1528=EDGE_LOOP('',(#2331,#2332,#2333,#2334));
#1529=PLANE('',#1530);
#1530=AXIS2_PLACEMENT_3D('',#1531,#1532,#1533);
#1531=CARTESIAN_POINT('',(4.68,-0.32,-3.5));
#1532=DIRECTION('',(0.,-1.,0.));
#1533=DIRECTION('',(1.,0.,0.));
#1534=FACE_BOUND('',#1535,.T.);
#1535=EDGE_LOOP('',(#2335,#2336,#2337,#2338));
#1536=PLANE('',#1537);
#1537=AXIS2_PLACEMENT_3D('',#1538,#1539,#1540);
#1538=CARTESIAN_POINT('',(4.68,0.32,-3.5));
#1539=DIRECTION('',(-1.,0.,0.));
#1540=DIRECTION('',(0.,-1.,0.));
#1541=FACE_BOUND('',#1542,.T.);
#1542=EDGE_LOOP('',(#2339,#2340,#2341,#2342));
#1543=PLANE('',#1544);
#1544=AXIS2_PLACEMENT_3D('',#1545,#1546,#1547);
#1545=CARTESIAN_POINT('',(7.82,0.32,-3.5));
#1546=DIRECTION('',(0.,1.,-0.));
#1547=DIRECTION('',(-1.,0.,0.));
#1548=FACE_BOUND('',#1549,.T.);
#1549=EDGE_LOOP('',(#2343,#2344,#2345,#2346));
#1550=PLANE('',#1551);
#1551=AXIS2_PLACEMENT_3D('',#1552,#1553,#1554);
#1552=CARTESIAN_POINT('',(7.82,-0.32,-3.5));
#1553=DIRECTION('',(1.,0.,0.));
#1554=DIRECTION('',(0.,1.,0.));
#1555=FACE_BOUND('',#1556,.T.);
#1556=EDGE_LOOP('',(#2347,#2348,#2349,#2350));
#1557=PLANE('',#1558);
#1558=AXIS2_PLACEMENT_3D('',#1559,#1560,#1561);
#1559=CARTESIAN_POINT('',(7.18,-0.32,-3.5));
#1560=DIRECTION('',(0.,-1.,0.));
#1561=DIRECTION('',(1.,0.,0.));
#1562=FACE_BOUND('',#1563,.T.);
#1563=EDGE_LOOP('',(#2351,#2352,#2353,#2354));
#1564=PLANE('',#1565);
#1565=AXIS2_PLACEMENT_3D('',#1566,#1567,#1568);
#1566=CARTESIAN_POINT('',(7.18,0.32,-3.5));
#1567=DIRECTION('',(-1.,0.,0.));
#1568=DIRECTION('',(0.,-1.,0.));
#1569=FACE_BOUND('',#1570,.T.);
#1570=EDGE_LOOP('',(#2355,#2356,#2357,#2358));
#1571=PLANE('',#1572);
#1572=AXIS2_PLACEMENT_3D('',#1573,#1574,#1575);
#1573=CARTESIAN_POINT('',(0.32,0.32,-3.5));
#1574=DIRECTION('',(0.,1.,-0.));
#1575=DIRECTION('',(-1.,0.,0.));
#1576=FACE_BOUND('',#1577,.T.);
#1577=EDGE_LOOP('',(#2359,#2360,#2361,#2362));
#1578=PLANE('',#1579);
#1579=AXIS2_PLACEMENT_3D('',#1580,#1581,#1582);
#1580=CARTESIAN_POINT('',(0.32,-0.32,-3.5));
#1581=DIRECTION('',(1.,0.,0.));
#1582=DIRECTION('',(0.,1.,0.));
#1583=FACE_BOUND('',#1584,.T.);
#1584=EDGE_LOOP('',(#2363,#2364,#2365,#2366));
#1585=PLANE('',#1586);
#1586=AXIS2_PLACEMENT_3D('',#1587,#1588,#1589);
#1587=CARTESIAN_POINT('',(-0.32,-0.32,-3.5));
#1588=DIRECTION('',(0.,-1.,0.));
#1589=DIRECTION('',(1.,0.,0.));
#1590=FACE_BOUND('',#1591,.T.);
#1591=EDGE_LOOP('',(#2367,#2368,#2369,#2370));
#1592=PLANE('',#1593);
#1593=AXIS2_PLACEMENT_3D('',#1594,#1595,#1596);
#1594=CARTESIAN_POINT('',(-0.32,0.32,-3.5));
#1595=DIRECTION('',(-1.,0.,0.));
#1596=DIRECTION('',(0.,-1.,0.));
#1597=FACE_BOUND('',#1598,.T.);
#1598=EDGE_LOOP('',(#2371,#2372,#2373,#2374));
#1599=PLANE('',#1600);
#1600=AXIS2_PLACEMENT_3D('',#1601,#1602,#1603);
#1601=CARTESIAN_POINT('',(-2.1,4.05,7.));
#1602=DIRECTION('',(0.707106781186546,5.55784941126999E-017,0.707106781186549));
#1603=DIRECTION('',(7.85998601504536E-017,-1.,6.17045238379134E-033));
#1604=FACE_BOUND('',#1605,.T.);
#1605=EDGE_LOOP('',(#2375,#2376,#2377,#2378,#2379));
#1606=PLANE('',#1607);
#1607=AXIS2_PLACEMENT_3D('',#1608,#1609,#1610);
#1608=CARTESIAN_POINT('',(10.,-0.4,7.));
#1609=DIRECTION('',(0.,1.,0.));
#1610=DIRECTION('',(0.,0.,-1.));
#1611=FACE_BOUND('',#1612,.T.);
#1612=EDGE_LOOP('',(#2380,#2381,#2382,#2383));
#1613=PLANE('',#1614);
#1614=AXIS2_PLACEMENT_3D('',#1615,#1616,#1617);
#1615=CARTESIAN_POINT('',(0.32,0.32,-3.5));
#1616=DIRECTION('',(0.,1.,-0.));
#1617=DIRECTION('',(-1.,0.,0.));
#1618=FACE_BOUND('',#1619,.T.);
#1619=EDGE_LOOP('',(#2384,#2385,#2386,#2387));
#1620=PLANE('',#1621);
#1621=AXIS2_PLACEMENT_3D('',#1622,#1623,#1624);
#1622=CARTESIAN_POINT('',(-0.32,0.32,-3.5));
#1623=DIRECTION('',(-1.,0.,0.));
#1624=DIRECTION('',(0.,-1.,0.));
#1625=FACE_BOUND('',#1626,.T.);
#1626=EDGE_LOOP('',(#2388,#2389,#2390,#2391));
#1627=PLANE('',#1628);
#1628=AXIS2_PLACEMENT_3D('',#1629,#1630,#1631);
#1629=CARTESIAN_POINT('',(-0.32,-0.32,-3.5));
#1630=DIRECTION('',(0.,-1.,0.));
#1631=DIRECTION('',(1.,0.,0.));
#1632=FACE_BOUND('',#1633,.T.);
#1633=EDGE_LOOP('',(#2392,#2393,#2394,#2395));
#1634=PLANE('',#1635);
#1635=AXIS2_PLACEMENT_3D('',#1636,#1637,#1638);
#1636=CARTESIAN_POINT('',(0.32,-0.32,-3.5));
#1637=DIRECTION('',(1.,0.,0.));
#1638=DIRECTION('',(0.,1.,0.));
#1639=FACE_BOUND('',#1640,.T.);
#1640=EDGE_LOOP('',(#2396,#2397,#2398,#2399));
#1641=PLANE('',#1642);
#1642=AXIS2_PLACEMENT_3D('',#1643,#1644,#1645);
#1643=CARTESIAN_POINT('',(2.82,0.32,-3.5));
#1644=DIRECTION('',(0.,1.,-0.));
#1645=DIRECTION('',(-1.,0.,0.));
#1646=FACE_BOUND('',#1647,.T.);
#1647=EDGE_LOOP('',(#2400,#2401,#2402,#2403));
#1648=PLANE('',#1649);
#1649=AXIS2_PLACEMENT_3D('',#1650,#1651,#1652);
#1650=CARTESIAN_POINT('',(2.18,0.32,-3.5));
#1651=DIRECTION('',(-1.,0.,0.));
#1652=DIRECTION('',(0.,-1.,0.));
#1653=FACE_BOUND('',#1654,.T.);
#1654=EDGE_LOOP('',(#2404,#2405,#2406,#2407));
#1655=PLANE('',#1656);
#1656=AXIS2_PLACEMENT_3D('',#1657,#1658,#1659);
#1657=CARTESIAN_POINT('',(2.18,-0.32,-3.5));
#1658=DIRECTION('',(0.,-1.,0.));
#1659=DIRECTION('',(1.,0.,0.));
#1660=FACE_BOUND('',#1661,.T.);
#1661=EDGE_LOOP('',(#2408,#2409,#2410,#2411));
#1662=PLANE('',#1663);
#1663=AXIS2_PLACEMENT_3D('',#1664,#1665,#1666);
#1664=CARTESIAN_POINT('',(2.82,-0.32,-3.5));
#1665=DIRECTION('',(1.,0.,0.));
#1666=DIRECTION('',(0.,1.,0.));
#1667=FACE_BOUND('',#1668,.T.);
#1668=EDGE_LOOP('',(#2412,#2413,#2414,#2415));
#1669=PLANE('',#1670);
#1670=AXIS2_PLACEMENT_3D('',#1671,#1672,#1673);
#1671=CARTESIAN_POINT('',(5.32,0.32,-3.5));
#1672=DIRECTION('',(0.,1.,-0.));
#1673=DIRECTION('',(-1.,0.,0.));
#1674=FACE_BOUND('',#1675,.T.);
#1675=EDGE_LOOP('',(#2416,#2417,#2418,#2419));
#1676=PLANE('',#1677);
#1677=AXIS2_PLACEMENT_3D('',#1678,#1679,#1680);
#1678=CARTESIAN_POINT('',(4.68,0.32,-3.5));
#1679=DIRECTION('',(-1.,0.,0.));
#1680=DIRECTION('',(0.,-1.,0.));
#1681=FACE_BOUND('',#1682,.T.);
#1682=EDGE_LOOP('',(#2420,#2421,#2422,#2423));
#1683=PLANE('',#1684);
#1684=AXIS2_PLACEMENT_3D('',#1685,#1686,#1687);
#1685=CARTESIAN_POINT('',(4.68,-0.32,-3.5));
#1686=DIRECTION('',(0.,-1.,0.));
#1687=DIRECTION('',(1.,0.,0.));
#1688=FACE_BOUND('',#1689,.T.);
#1689=EDGE_LOOP('',(#2424,#2425,#2426,#2427));
#1690=PLANE('',#1691);
#1691=AXIS2_PLACEMENT_3D('',#1692,#1693,#1694);
#1692=CARTESIAN_POINT('',(5.32,-0.32,-3.5));
#1693=DIRECTION('',(1.,0.,0.));
#1694=DIRECTION('',(0.,1.,0.));
#1695=FACE_BOUND('',#1696,.T.);
#1696=EDGE_LOOP('',(#2428,#2429,#2430,#2431));
#1697=PLANE('',#1698);
#1698=AXIS2_PLACEMENT_3D('',#1699,#1700,#1701);
#1699=CARTESIAN_POINT('',(7.82,0.32,-3.5));
#1700=DIRECTION('',(0.,1.,-0.));
#1701=DIRECTION('',(-1.,0.,0.));
#1702=FACE_BOUND('',#1703,.T.);
#1703=EDGE_LOOP('',(#2432,#2433,#2434,#2435));
#1704=PLANE('',#1705);
#1705=AXIS2_PLACEMENT_3D('',#1706,#1707,#1708);
#1706=CARTESIAN_POINT('',(7.18,0.32,-3.5));
#1707=DIRECTION('',(-1.,0.,0.));
#1708=DIRECTION('',(0.,-1.,0.));
#1709=FACE_BOUND('',#1710,.T.);
#1710=EDGE_LOOP('',(#2436,#2437,#2438,#2439));
#1711=PLANE('',#1712);
#1712=AXIS2_PLACEMENT_3D('',#1713,#1714,#1715);
#1713=CARTESIAN_POINT('',(7.18,-0.32,-3.5));
#1714=DIRECTION('',(0.,-1.,0.));
#1715=DIRECTION('',(1.,0.,0.));
#1716=FACE_BOUND('',#1717,.T.);
#1717=EDGE_LOOP('',(#2440,#2441,#2442,#2443));
#1718=PLANE('',#1719);
#1719=AXIS2_PLACEMENT_3D('',#1720,#1721,#1722);
#1720=CARTESIAN_POINT('',(7.82,-0.32,-3.5));
#1721=DIRECTION('',(1.,0.,0.));
#1722=DIRECTION('',(0.,1.,0.));
#1723=FACE_BOUND('',#1724,.T.);
#1724=EDGE_LOOP('',(#2444,#2445,#2446,#2447));
#1725=PLANE('',#1726);
#1726=AXIS2_PLACEMENT_3D('',#1727,#1728,#1729);
#1727=CARTESIAN_POINT('',(10.5,3.15,7.));
#1728=DIRECTION('',(0.,-0.707106781186547,0.707106781186547));
#1729=DIRECTION('',(-1.,0.,0.));
#1730=FACE_BOUND('',#1731,.T.);
#1731=EDGE_LOOP('',(#2448,#2449,#2450,#2451));
#1732=PLANE('',#1733);
#1733=AXIS2_PLACEMENT_3D('',#1734,#1735,#1736);
#1734=CARTESIAN_POINT('',(3.76641016151378,0.32,6.12679491924311));
#1735=DIRECTION('',(1.8151898764984E-016,0.965925826289069,0.258819045102519));
#1736=DIRECTION('',(-1.,3.76053679555885E-032,7.01335512531312E-016));
#1737=FACE_BOUND('',#1738,.T.);
#1738=EDGE_LOOP('',(#2452,#2453,#2454,#2455));
#1739=PLANE('',#1740);
#1740=AXIS2_PLACEMENT_3D('',#1741,#1742,#1743);
#1741=CARTESIAN_POINT('',(2.82,-1.26641016151378,6.12679491924311));
#1742=DIRECTION('',(0.965925826289069,-1.8151898764984E-016,0.258819045102519));
#1743=DIRECTION('',(3.76053679555885E-032,1.,7.01335512531312E-016));
#1744=FACE_BOUND('',#1745,.T.);
#1745=EDGE_LOOP('',(#2456,#2457,#2458,#2459));
#1746=PLANE('',#1747);
#1747=AXIS2_PLACEMENT_3D('',#1748,#1749,#1750);
#1748=CARTESIAN_POINT('',(1.23358983848622,-0.32,6.12679491924311));
#1749=DIRECTION('',(0.,-0.965925826289068,0.258819045102522));
#1750=DIRECTION('',(1.,0.,0.));
#1751=FACE_BOUND('',#1752,.T.);
#1752=EDGE_LOOP('',(#2460,#2461,#2462,#2463));
#1753=PLANE('',#1754);
#1754=AXIS2_PLACEMENT_3D('',#1755,#1756,#1757);
#1755=CARTESIAN_POINT('',(2.18,1.26641016151378,6.12679491924311));
#1756=DIRECTION('',(-0.965925826289069,1.8151898764984E-016,0.258819045102519));
#1757=DIRECTION('',(-3.76053679555885E-032,-1.,7.01335512531312E-016));
#1758=FACE_BOUND('',#1759,.T.);
#1759=EDGE_LOOP('',(#2464,#2465,#2466,#2467));
#1760=PLANE('',#1761);
#1761=AXIS2_PLACEMENT_3D('',#1762,#1763,#1764);
#1762=CARTESIAN_POINT('',(6.26641016151378,0.32,6.12679491924311));
#1763=DIRECTION('',(0.,0.965925826289068,0.258819045102522));
#1764=DIRECTION('',(-1.,0.,0.));
#1765=FACE_BOUND('',#1766,.T.);
#1766=EDGE_LOOP('',(#2468,#2469,#2470,#2471));
#1767=PLANE('',#1768);
#1768=AXIS2_PLACEMENT_3D('',#1769,#1770,#1771);
#1769=CARTESIAN_POINT('',(5.32,-1.26641016151378,6.12679491924311));
#1770=DIRECTION('',(0.965925826289069,-1.81518987649839E-016,0.258819045102518));
#1771=DIRECTION('',(-3.76053679555885E-032,1.,7.01335512531312E-016));
#1772=FACE_BOUND('',#1773,.T.);
#1773=EDGE_LOOP('',(#2472,#2473,#2474,#2475));
#1774=PLANE('',#1775);
#1775=AXIS2_PLACEMENT_3D('',#1776,#1777,#1778);
#1776=CARTESIAN_POINT('',(3.73358983848622,-0.32,6.12679491924311));
#1777=DIRECTION('',(0.,-0.965925826289068,0.258819045102522));
#1778=DIRECTION('',(1.,0.,0.));
#1779=FACE_BOUND('',#1780,.T.);
#1780=EDGE_LOOP('',(#2476,#2477,#2478,#2479));
#1781=PLANE('',#1782);
#1782=AXIS2_PLACEMENT_3D('',#1783,#1784,#1785);
#1783=CARTESIAN_POINT('',(4.68,1.26641016151378,6.12679491924311));
#1784=DIRECTION('',(-0.965925826289069,1.81518987649839E-016,0.258819045102518));
#1785=DIRECTION('',(3.76053679555885E-032,-1.,7.01335512531312E-016));
#1786=FACE_BOUND('',#1787,.T.);
#1787=EDGE_LOOP('',(#2480,#2481,#2482,#2483));
#1788=PLANE('',#1789);
#1789=AXIS2_PLACEMENT_3D('',#1790,#1791,#1792);
#1790=CARTESIAN_POINT('',(8.76641016151378,0.32,6.12679491924311));
#1791=DIRECTION('',(0.,0.965925826289068,0.258819045102522));
#1792=DIRECTION('',(-1.,0.,0.));
#1793=FACE_BOUND('',#1794,.T.);
#1794=EDGE_LOOP('',(#2484,#2485,#2486,#2487));
#1795=PLANE('',#1796);
#1796=AXIS2_PLACEMENT_3D('',#1797,#1798,#1799);
#1797=CARTESIAN_POINT('',(7.82,-1.26641016151378,6.12679491924311));
#1798=DIRECTION('',(0.965925826289069,-1.81518987649839E-016,0.258819045102518));
#1799=DIRECTION('',(-3.76053679555885E-032,1.,7.01335512531312E-016));
#1800=FACE_BOUND('',#1801,.T.);
#1801=EDGE_LOOP('',(#2488,#2489,#2490,#2491));
#1802=PLANE('',#1803);
#1803=AXIS2_PLACEMENT_3D('',#1804,#1805,#1806);
#1804=CARTESIAN_POINT('',(6.23358983848622,-0.32,6.12679491924311));
#1805=DIRECTION('',(0.,-0.965925826289068,0.258819045102522));
#1806=DIRECTION('',(1.,0.,0.));
#1807=FACE_BOUND('',#1808,.T.);
#1808=EDGE_LOOP('',(#2492,#2493,#2494,#2495));
#1809=PLANE('',#1810);
#1810=AXIS2_PLACEMENT_3D('',#1811,#1812,#1813);
#1811=CARTESIAN_POINT('',(7.18,1.26641016151378,6.12679491924311));
#1812=DIRECTION('',(-0.965925826289069,1.81518987649839E-016,0.258819045102518));
#1813=DIRECTION('',(3.76053679555885E-032,-1.,7.01335512531312E-016));
#1814=FACE_BOUND('',#1815,.T.);
#1815=EDGE_LOOP('',(#2496,#2497,#2498,#2499));
#1816=PLANE('',#1817);
#1817=AXIS2_PLACEMENT_3D('',#1818,#1819,#1820);
#1818=CARTESIAN_POINT('',(1.26641016151378,0.32,6.12679491924311));
#1819=DIRECTION('',(0.,0.965925826289068,0.258819045102522));
#1820=DIRECTION('',(-1.,0.,0.));
#1821=FACE_BOUND('',#1822,.T.);
#1822=EDGE_LOOP('',(#2500,#2501,#2502,#2503));
#1823=PLANE('',#1824);
#1824=AXIS2_PLACEMENT_3D('',#1825,#1826,#1827);
#1825=CARTESIAN_POINT('',(0.32,-1.26641016151378,6.12679491924311));
#1826=DIRECTION('',(0.965925826289069,-1.8151898764984E-016,0.258819045102519));
#1827=DIRECTION('',(3.76053679555885E-032,1.,7.01335512531312E-016));
#1828=FACE_BOUND('',#1829,.T.);
#1829=EDGE_LOOP('',(#2504,#2505,#2506,#2507));
#1830=PLANE('',#1831);
#1831=AXIS2_PLACEMENT_3D('',#1832,#1833,#1834);
#1832=CARTESIAN_POINT('',(-1.26641016151378,-0.32,6.12679491924311));
#1833=DIRECTION('',(0.,-0.965925826289068,0.258819045102522));
#1834=DIRECTION('',(1.,0.,0.));
#1835=FACE_BOUND('',#1836,.T.);
#1836=EDGE_LOOP('',(#2508,#2509,#2510,#2511));
#1837=PLANE('',#1838);
#1838=AXIS2_PLACEMENT_3D('',#1839,#1840,#1841);
#1839=CARTESIAN_POINT('',(-0.32,1.26641016151378,6.12679491924311));
#1840=DIRECTION('',(-0.965925826289069,1.8151898764984E-016,0.258819045102519));
#1841=DIRECTION('',(-3.76053679555885E-032,-1.,7.01335512531312E-016));
#1842=FACE_BOUND('',#1843,.T.);
#1843=EDGE_LOOP('',(#2512,#2513,#2514,#2515));
#1844=PLANE('',#1845);
#1845=AXIS2_PLACEMENT_3D('',#1846,#1847,#1848);
#1846=CARTESIAN_POINT('',(1.26641016151378,0.32,-3.12679491924311));
#1847=DIRECTION('',(0.,-0.965925826289068,0.258819045102521));
#1848=DIRECTION('',(-1.,0.,0.));
#1849=FACE_BOUND('',#1850,.T.);
#1850=EDGE_LOOP('',(#2516,#2517,#2518,#2519));
#1851=PLANE('',#1852);
#1852=AXIS2_PLACEMENT_3D('',#1853,#1854,#1855);
#1853=CARTESIAN_POINT('',(-0.32,1.26641016151378,-3.12679491924311));
#1854=DIRECTION('',(0.965925826289068,0.,0.258819045102521));
#1855=DIRECTION('',(0.,-1.,0.));
#1856=FACE_BOUND('',#1857,.T.);
#1857=EDGE_LOOP('',(#2520,#2521,#2522,#2523));
#1858=PLANE('',#1859);
#1859=AXIS2_PLACEMENT_3D('',#1860,#1861,#1862);
#1860=CARTESIAN_POINT('',(-1.26641016151378,-0.32,-3.12679491924311));
#1861=DIRECTION('',(-0.,0.965925826289068,0.258819045102521));
#1862=DIRECTION('',(1.,0.,0.));
#1863=FACE_BOUND('',#1864,.T.);
#1864=EDGE_LOOP('',(#2524,#2525,#2526,#2527));
#1865=PLANE('',#1866);
#1866=AXIS2_PLACEMENT_3D('',#1867,#1868,#1869);
#1867=CARTESIAN_POINT('',(0.32,-1.26641016151378,-3.12679491924311));
#1868=DIRECTION('',(-0.965925826289068,0.,0.258819045102521));
#1869=DIRECTION('',(0.,1.,0.));
#1870=FACE_BOUND('',#1871,.T.);
#1871=EDGE_LOOP('',(#2528,#2529,#2530,#2531));
#1872=PLANE('',#1873);
#1873=AXIS2_PLACEMENT_3D('',#1874,#1875,#1876);
#1874=CARTESIAN_POINT('',(3.76641016151378,0.32,-3.12679491924311));
#1875=DIRECTION('',(0.,-0.965925826289068,0.258819045102521));
#1876=DIRECTION('',(-1.,0.,0.));
#1877=FACE_BOUND('',#1878,.T.);
#1878=EDGE_LOOP('',(#2532,#2533,#2534,#2535));
#1879=PLANE('',#1880);
#1880=AXIS2_PLACEMENT_3D('',#1881,#1882,#1883);
#1881=CARTESIAN_POINT('',(2.18,1.26641016151378,-3.12679491924311));
#1882=DIRECTION('',(0.965925826289068,0.,0.258819045102521));
#1883=DIRECTION('',(0.,-1.,0.));
#1884=FACE_BOUND('',#1885,.T.);
#1885=EDGE_LOOP('',(#2536,#2537,#2538,#2539));
#1886=PLANE('',#1887);
#1887=AXIS2_PLACEMENT_3D('',#1888,#1889,#1890);
#1888=CARTESIAN_POINT('',(1.23358983848622,-0.32,-3.12679491924311));
#1889=DIRECTION('',(-0.,0.965925826289068,0.258819045102521));
#1890=DIRECTION('',(1.,0.,0.));
#1891=FACE_BOUND('',#1892,.T.);
#1892=EDGE_LOOP('',(#2540,#2541,#2542,#2543));
#1893=PLANE('',#1894);
#1894=AXIS2_PLACEMENT_3D('',#1895,#1896,#1897);
#1895=CARTESIAN_POINT('',(2.82,-1.26641016151378,-3.12679491924311));
#1896=DIRECTION('',(-0.965925826289068,0.,0.258819045102521));
#1897=DIRECTION('',(0.,1.,0.));
#1898=FACE_BOUND('',#1899,.T.);
#1899=EDGE_LOOP('',(#2544,#2545,#2546,#2547));
#1900=PLANE('',#1901);
#1901=AXIS2_PLACEMENT_3D('',#1902,#1903,#1904);
#1902=CARTESIAN_POINT('',(6.26641016151378,0.32,-3.12679491924311));
#1903=DIRECTION('',(0.,-0.965925826289068,0.258819045102521));
#1904=DIRECTION('',(-1.,0.,0.));
#1905=FACE_BOUND('',#1906,.T.);
#1906=EDGE_LOOP('',(#2548,#2549,#2550,#2551));
#1907=PLANE('',#1908);
#1908=AXIS2_PLACEMENT_3D('',#1909,#1910,#1911);
#1909=CARTESIAN_POINT('',(4.68,1.26641016151378,-3.12679491924311));
#1910=DIRECTION('',(0.965925826289069,0.,0.25881904510252));
#1911=DIRECTION('',(0.,-1.,0.));
#1912=FACE_BOUND('',#1913,.T.);
#1913=EDGE_LOOP('',(#2552,#2553,#2554,#2555));
#1914=PLANE('',#1915);
#1915=AXIS2_PLACEMENT_3D('',#1916,#1917,#1918);
#1916=CARTESIAN_POINT('',(3.73358983848622,-0.32,-3.12679491924311));
#1917=DIRECTION('',(-0.,0.965925826289068,0.258819045102521));
#1918=DIRECTION('',(1.,0.,0.));
#1919=FACE_BOUND('',#1920,.T.);
#1920=EDGE_LOOP('',(#2556,#2557,#2558,#2559));
#1921=PLANE('',#1922);
#1922=AXIS2_PLACEMENT_3D('',#1923,#1924,#1925);
#1923=CARTESIAN_POINT('',(5.32,-1.26641016151378,-3.12679491924311));
#1924=DIRECTION('',(-0.965925826289069,0.,0.25881904510252));
#1925=DIRECTION('',(0.,1.,0.));
#1926=FACE_BOUND('',#1927,.T.);
#1927=EDGE_LOOP('',(#2560,#2561,#2562,#2563));
#1928=PLANE('',#1929);
#1929=AXIS2_PLACEMENT_3D('',#1930,#1931,#1932);
#1930=CARTESIAN_POINT('',(8.76641016151378,0.32,-3.12679491924311));
#1931=DIRECTION('',(0.,-0.965925826289068,0.258819045102521));
#1932=DIRECTION('',(-1.,0.,0.));
#1933=FACE_BOUND('',#1934,.T.);
#1934=EDGE_LOOP('',(#2564,#2565,#2566,#2567));
#1935=PLANE('',#1936);
#1936=AXIS2_PLACEMENT_3D('',#1937,#1938,#1939);
#1937=CARTESIAN_POINT('',(7.18,1.26641016151378,-3.12679491924311));
#1938=DIRECTION('',(0.965925826289069,0.,0.25881904510252));
#1939=DIRECTION('',(0.,-1.,0.));
#1940=FACE_BOUND('',#1941,.T.);
#1941=EDGE_LOOP('',(#2568,#2569,#2570,#2571));
#1942=PLANE('',#1943);
#1943=AXIS2_PLACEMENT_3D('',#1944,#1945,#1946);
#1944=CARTESIAN_POINT('',(6.23358983848622,-0.32,-3.12679491924311));
#1945=DIRECTION('',(-0.,0.965925826289068,0.258819045102521));
#1946=DIRECTION('',(1.,0.,0.));
#1947=FACE_BOUND('',#1948,.T.);
#1948=EDGE_LOOP('',(#2572,#2573,#2574,#2575));
#1949=PLANE('',#1950);
#1950=AXIS2_PLACEMENT_3D('',#1951,#1952,#1953);
#1951=CARTESIAN_POINT('',(7.82,-1.26641016151378,-3.12679491924311));
#1952=DIRECTION('',(-0.965925826289069,0.,0.25881904510252));
#1953=DIRECTION('',(0.,1.,0.));
#1954=FACE_BOUND('',#1955,.T.);
#1955=EDGE_LOOP('',(#2576,#2577,#2578,#2579));
#1956=PLANE('',#1957);
#1957=AXIS2_PLACEMENT_3D('',#1958,#1959,#1960);
#1958=CARTESIAN_POINT('',(2.5,0.,6.5));
#1959=DIRECTION('',(0.,0.,1.));
#1960=DIRECTION('',(1.,0.,0.));
#1961=FACE_BOUND('',#1962,.T.);
#1962=EDGE_LOOP('',(#2580,#2581,#2582,#2583));
#1963=PLANE('',#1964);
#1964=AXIS2_PLACEMENT_3D('',#1965,#1966,#1967);
#1965=CARTESIAN_POINT('',(5.,0.,6.5));
#1966=DIRECTION('',(0.,0.,1.));
#1967=DIRECTION('',(1.,0.,0.));
#1968=FACE_BOUND('',#1969,.T.);
#1969=EDGE_LOOP('',(#2584,#2585,#2586,#2587));
#1970=PLANE('',#1971);
#1971=AXIS2_PLACEMENT_3D('',#1972,#1973,#1974);
#1972=CARTESIAN_POINT('',(7.5,0.,6.5));
#1973=DIRECTION('',(0.,0.,1.));
#1974=DIRECTION('',(1.,0.,0.));
#1975=FACE_BOUND('',#1976,.T.);
#1976=EDGE_LOOP('',(#2588,#2589,#2590,#2591));
#1977=PLANE('',#1978);
#1978=AXIS2_PLACEMENT_3D('',#1979,#1980,#1981);
#1979=CARTESIAN_POINT('',(0.,0.,6.5));
#1980=DIRECTION('',(0.,0.,1.));
#1981=DIRECTION('',(1.,0.,0.));
#1982=FACE_BOUND('',#1983,.T.);
#1983=EDGE_LOOP('',(#2592,#2593,#2594,#2595));
#1984=PLANE('',#1985);
#1985=AXIS2_PLACEMENT_3D('',#1986,#1987,#1988);
#1986=CARTESIAN_POINT('',(0.,0.,-3.5));
#1987=DIRECTION('',(0.,0.,1.));
#1988=DIRECTION('',(1.,0.,0.));
#1989=FACE_BOUND('',#1990,.T.);
#1990=EDGE_LOOP('',(#2596,#2597,#2598,#2599));
#1991=PLANE('',#1992);
#1992=AXIS2_PLACEMENT_3D('',#1993,#1994,#1995);
#1993=CARTESIAN_POINT('',(2.5,0.,-3.5));
#1994=DIRECTION('',(0.,0.,1.));
#1995=DIRECTION('',(1.,0.,0.));
#1996=FACE_BOUND('',#1997,.T.);
#1997=EDGE_LOOP('',(#2600,#2601,#2602,#2603));
#1998=PLANE('',#1999);
#1999=AXIS2_PLACEMENT_3D('',#2000,#2001,#2002);
#2000=CARTESIAN_POINT('',(5.,0.,-3.5));
#2001=DIRECTION('',(0.,0.,1.));
#2002=DIRECTION('',(1.,0.,0.));
#2003=FACE_BOUND('',#2004,.T.);
#2004=EDGE_LOOP('',(#2604,#2605,#2606,#2607));
#2005=PLANE('',#2006);
#2006=AXIS2_PLACEMENT_3D('',#2007,#2008,#2009);
#2007=CARTESIAN_POINT('',(7.5,0.,-3.5));
#2008=DIRECTION('',(0.,0.,1.));
#2009=DIRECTION('',(1.,0.,0.));
#2010=ORIENTED_EDGE('',*,*,#2608,.T.);
#2011=ORIENTED_EDGE('',*,*,#2609,.T.);
#2012=ORIENTED_EDGE('',*,*,#2610,.T.);
#2013=ORIENTED_EDGE('',*,*,#2611,.T.);
#2014=ORIENTED_EDGE('',*,*,#2612,.T.);
#2015=ORIENTED_EDGE('',*,*,#2613,.T.);
#2016=ORIENTED_EDGE('',*,*,#2614,.F.);
#2017=ORIENTED_EDGE('',*,*,#2615,.F.);
#2018=ORIENTED_EDGE('',*,*,#2616,.T.);
#2019=ORIENTED_EDGE('',*,*,#2617,.F.);
#2020=ORIENTED_EDGE('',*,*,#2618,.F.);
#2021=ORIENTED_EDGE('',*,*,#2619,.T.);
#2022=ORIENTED_EDGE('',*,*,#2620,.T.);
#2023=ORIENTED_EDGE('',*,*,#2621,.F.);
#2024=ORIENTED_EDGE('',*,*,#2622,.F.);
#2025=ORIENTED_EDGE('',*,*,#2623,.T.);
#2026=ORIENTED_EDGE('',*,*,#2624,.T.);
#2027=ORIENTED_EDGE('',*,*,#2625,.T.);
#2028=ORIENTED_EDGE('',*,*,#2626,.T.);
#2029=ORIENTED_EDGE('',*,*,#2627,.T.);
#2030=ORIENTED_EDGE('',*,*,#2628,.T.);
#2031=ORIENTED_EDGE('',*,*,#2629,.F.);
#2032=ORIENTED_EDGE('',*,*,#2630,.T.);
#2033=ORIENTED_EDGE('',*,*,#2629,.T.);
#2034=ORIENTED_EDGE('',*,*,#2631,.T.);
#2035=ORIENTED_EDGE('',*,*,#2632,.T.);
#2036=ORIENTED_EDGE('',*,*,#2633,.T.);
#2037=ORIENTED_EDGE('',*,*,#2634,.T.);
#2038=ORIENTED_EDGE('',*,*,#2635,.T.);
#2039=ORIENTED_EDGE('',*,*,#2614,.T.);
#2040=ORIENTED_EDGE('',*,*,#2636,.T.);
#2041=ORIENTED_EDGE('',*,*,#2632,.F.);
#2042=ORIENTED_EDGE('',*,*,#2637,.T.);
#2043=ORIENTED_EDGE('',*,*,#2638,.T.);
#2044=ORIENTED_EDGE('',*,*,#2639,.T.);
#2045=ORIENTED_EDGE('',*,*,#2640,.T.);
#2046=ORIENTED_EDGE('',*,*,#2641,.T.);
#2047=ORIENTED_EDGE('',*,*,#2642,.T.);
#2048=ORIENTED_EDGE('',*,*,#2643,.F.);
#2049=ORIENTED_EDGE('',*,*,#2644,.F.);
#2050=ORIENTED_EDGE('',*,*,#2645,.F.);
#2051=ORIENTED_EDGE('',*,*,#2646,.T.);
#2052=ORIENTED_EDGE('',*,*,#2647,.T.);
#2053=ORIENTED_EDGE('',*,*,#2648,.T.);
#2054=ORIENTED_EDGE('',*,*,#2649,.T.);
#2055=ORIENTED_EDGE('',*,*,#2650,.T.);
#2056=ORIENTED_EDGE('',*,*,#2651,.T.);
#2057=ORIENTED_EDGE('',*,*,#2652,.T.);
#2058=ORIENTED_EDGE('',*,*,#2653,.T.);
#2059=ORIENTED_EDGE('',*,*,#2654,.T.);
#2060=ORIENTED_EDGE('',*,*,#2655,.T.);
#2061=ORIENTED_EDGE('',*,*,#2656,.T.);
#2062=ORIENTED_EDGE('',*,*,#2657,.T.);
#2063=ORIENTED_EDGE('',*,*,#2658,.T.);
#2064=ORIENTED_EDGE('',*,*,#2659,.T.);
#2065=ORIENTED_EDGE('',*,*,#2660,.T.);
#2066=ORIENTED_EDGE('',*,*,#2661,.T.);
#2067=ORIENTED_EDGE('',*,*,#2662,.T.);
#2068=ORIENTED_EDGE('',*,*,#2634,.F.);
#2069=ORIENTED_EDGE('',*,*,#2663,.T.);
#2070=ORIENTED_EDGE('',*,*,#2664,.T.);
#2071=ORIENTED_EDGE('',*,*,#2665,.T.);
#2072=ORIENTED_EDGE('',*,*,#2666,.T.);
#2073=ORIENTED_EDGE('',*,*,#2667,.T.);
#2074=ORIENTED_EDGE('',*,*,#2663,.F.);
#2075=ORIENTED_EDGE('',*,*,#2633,.F.);
#2076=ORIENTED_EDGE('',*,*,#2613,.F.);
#2077=ORIENTED_EDGE('',*,*,#2668,.T.);
#2078=ORIENTED_EDGE('',*,*,#2664,.F.);
#2079=ORIENTED_EDGE('',*,*,#2668,.F.);
#2080=ORIENTED_EDGE('',*,*,#2612,.F.);
#2081=ORIENTED_EDGE('',*,*,#2669,.T.);
#2082=ORIENTED_EDGE('',*,*,#2665,.F.);
#2083=ORIENTED_EDGE('',*,*,#2669,.F.);
#2084=ORIENTED_EDGE('',*,*,#2611,.F.);
#2085=ORIENTED_EDGE('',*,*,#2670,.T.);
#2086=ORIENTED_EDGE('',*,*,#2666,.F.);
#2087=ORIENTED_EDGE('',*,*,#2670,.F.);
#2088=ORIENTED_EDGE('',*,*,#2610,.F.);
#2089=ORIENTED_EDGE('',*,*,#2671,.T.);
#2090=ORIENTED_EDGE('',*,*,#2667,.F.);
#2091=ORIENTED_EDGE('',*,*,#2671,.F.);
#2092=ORIENTED_EDGE('',*,*,#2609,.F.);
#2093=ORIENTED_EDGE('',*,*,#2672,.T.);
#2094=ORIENTED_EDGE('',*,*,#2636,.F.);
#2095=ORIENTED_EDGE('',*,*,#2672,.F.);
#2096=ORIENTED_EDGE('',*,*,#2608,.F.);
#2097=ORIENTED_EDGE('',*,*,#2630,.F.);
#2098=ORIENTED_EDGE('',*,*,#2673,.T.);
#2099=ORIENTED_EDGE('',*,*,#2674,.T.);
#2100=ORIENTED_EDGE('',*,*,#2615,.T.);
#2101=ORIENTED_EDGE('',*,*,#2635,.F.);
#2102=ORIENTED_EDGE('',*,*,#2662,.F.);
#2103=ORIENTED_EDGE('',*,*,#2675,.F.);
#2104=ORIENTED_EDGE('',*,*,#2676,.F.);
#2105=ORIENTED_EDGE('',*,*,#2677,.F.);
#2106=ORIENTED_EDGE('',*,*,#2678,.F.);
#2107=ORIENTED_EDGE('',*,*,#2616,.F.);
#2108=ORIENTED_EDGE('',*,*,#2674,.F.);
#2109=ORIENTED_EDGE('',*,*,#2679,.T.);
#2110=ORIENTED_EDGE('',*,*,#2680,.F.);
#2111=ORIENTED_EDGE('',*,*,#2681,.T.);
#2112=ORIENTED_EDGE('',*,*,#2682,.T.);
#2113=ORIENTED_EDGE('',*,*,#2617,.T.);
#2114=ORIENTED_EDGE('',*,*,#2678,.T.);
#2115=ORIENTED_EDGE('',*,*,#2683,.T.);
#2116=ORIENTED_EDGE('',*,*,#2684,.T.);
#2117=ORIENTED_EDGE('',*,*,#2685,.T.);
#2118=ORIENTED_EDGE('',*,*,#2618,.T.);
#2119=ORIENTED_EDGE('',*,*,#2682,.F.);
#2120=ORIENTED_EDGE('',*,*,#2686,.F.);
#2121=ORIENTED_EDGE('',*,*,#2687,.F.);
#2122=ORIENTED_EDGE('',*,*,#2688,.F.);
#2123=ORIENTED_EDGE('',*,*,#2689,.F.);
#2124=ORIENTED_EDGE('',*,*,#2690,.F.);
#2125=ORIENTED_EDGE('',*,*,#2691,.F.);
#2126=ORIENTED_EDGE('',*,*,#2692,.F.);
#2127=ORIENTED_EDGE('',*,*,#2693,.F.);
#2128=ORIENTED_EDGE('',*,*,#2694,.F.);
#2129=ORIENTED_EDGE('',*,*,#2695,.F.);
#2130=ORIENTED_EDGE('',*,*,#2696,.F.);
#2131=ORIENTED_EDGE('',*,*,#2697,.F.);
#2132=ORIENTED_EDGE('',*,*,#2698,.F.);
#2133=ORIENTED_EDGE('',*,*,#2699,.F.);
#2134=ORIENTED_EDGE('',*,*,#2700,.F.);
#2135=ORIENTED_EDGE('',*,*,#2701,.F.);
#2136=ORIENTED_EDGE('',*,*,#2702,.F.);
#2137=ORIENTED_EDGE('',*,*,#2703,.T.);
#2138=ORIENTED_EDGE('',*,*,#2704,.T.);
#2139=ORIENTED_EDGE('',*,*,#2619,.F.);
#2140=ORIENTED_EDGE('',*,*,#2685,.F.);
#2141=ORIENTED_EDGE('',*,*,#2705,.F.);
#2142=ORIENTED_EDGE('',*,*,#2704,.F.);
#2143=ORIENTED_EDGE('',*,*,#2706,.T.);
#2144=ORIENTED_EDGE('',*,*,#2707,.F.);
#2145=ORIENTED_EDGE('',*,*,#2620,.F.);
#2146=ORIENTED_EDGE('',*,*,#2708,.T.);
#2147=ORIENTED_EDGE('',*,*,#2709,.T.);
#2148=ORIENTED_EDGE('',*,*,#2710,.T.);
#2149=ORIENTED_EDGE('',*,*,#2711,.T.);
#2150=ORIENTED_EDGE('',*,*,#2644,.T.);
#2151=ORIENTED_EDGE('',*,*,#2712,.T.);
#2152=ORIENTED_EDGE('',*,*,#2621,.T.);
#2153=ORIENTED_EDGE('',*,*,#2707,.T.);
#2154=ORIENTED_EDGE('',*,*,#2713,.T.);
#2155=ORIENTED_EDGE('',*,*,#2622,.T.);
#2156=ORIENTED_EDGE('',*,*,#2712,.F.);
#2157=ORIENTED_EDGE('',*,*,#2643,.T.);
#2158=ORIENTED_EDGE('',*,*,#2623,.F.);
#2159=ORIENTED_EDGE('',*,*,#2713,.F.);
#2160=ORIENTED_EDGE('',*,*,#2642,.F.);
#2161=ORIENTED_EDGE('',*,*,#2714,.F.);
#2162=ORIENTED_EDGE('',*,*,#2624,.F.);
#2163=ORIENTED_EDGE('',*,*,#2714,.T.);
#2164=ORIENTED_EDGE('',*,*,#2641,.F.);
#2165=ORIENTED_EDGE('',*,*,#2715,.F.);
#2166=ORIENTED_EDGE('',*,*,#2625,.F.);
#2167=ORIENTED_EDGE('',*,*,#2715,.T.);
#2168=ORIENTED_EDGE('',*,*,#2640,.F.);
#2169=ORIENTED_EDGE('',*,*,#2716,.F.);
#2170=ORIENTED_EDGE('',*,*,#2626,.F.);
#2171=ORIENTED_EDGE('',*,*,#2716,.T.);
#2172=ORIENTED_EDGE('',*,*,#2639,.F.);
#2173=ORIENTED_EDGE('',*,*,#2717,.F.);
#2174=ORIENTED_EDGE('',*,*,#2627,.F.);
#2175=ORIENTED_EDGE('',*,*,#2717,.T.);
#2176=ORIENTED_EDGE('',*,*,#2638,.F.);
#2177=ORIENTED_EDGE('',*,*,#2718,.F.);
#2178=ORIENTED_EDGE('',*,*,#2628,.F.);
#2179=ORIENTED_EDGE('',*,*,#2718,.T.);
#2180=ORIENTED_EDGE('',*,*,#2637,.F.);
#2181=ORIENTED_EDGE('',*,*,#2631,.F.);
#2182=ORIENTED_EDGE('',*,*,#2719,.T.);
#2183=ORIENTED_EDGE('',*,*,#2645,.T.);
#2184=ORIENTED_EDGE('',*,*,#2711,.F.);
#2185=ORIENTED_EDGE('',*,*,#2720,.F.);
#2186=ORIENTED_EDGE('',*,*,#2721,.F.);
#2187=ORIENTED_EDGE('',*,*,#2722,.F.);
#2188=ORIENTED_EDGE('',*,*,#2646,.F.);
#2189=ORIENTED_EDGE('',*,*,#2719,.F.);
#2190=ORIENTED_EDGE('',*,*,#2723,.F.);
#2191=ORIENTED_EDGE('',*,*,#2724,.T.);
#2192=ORIENTED_EDGE('',*,*,#2647,.F.);
#2193=ORIENTED_EDGE('',*,*,#2722,.T.);
#2194=ORIENTED_EDGE('',*,*,#2725,.F.);
#2195=ORIENTED_EDGE('',*,*,#2726,.F.);
#2196=ORIENTED_EDGE('',*,*,#2727,.F.);
#2197=ORIENTED_EDGE('',*,*,#2728,.F.);
#2198=ORIENTED_EDGE('',*,*,#2729,.F.);
#2199=ORIENTED_EDGE('',*,*,#2730,.F.);
#2200=ORIENTED_EDGE('',*,*,#2648,.F.);
#2201=ORIENTED_EDGE('',*,*,#2724,.F.);
#2202=ORIENTED_EDGE('',*,*,#2731,.T.);
#2203=ORIENTED_EDGE('',*,*,#2649,.F.);
#2204=ORIENTED_EDGE('',*,*,#2730,.T.);
#2205=ORIENTED_EDGE('',*,*,#2732,.F.);
#2206=ORIENTED_EDGE('',*,*,#2731,.F.);
#2207=ORIENTED_EDGE('',*,*,#2733,.F.);
#2208=ORIENTED_EDGE('',*,*,#2734,.F.);
#2209=ORIENTED_EDGE('',*,*,#2650,.F.);
#2210=ORIENTED_EDGE('',*,*,#2651,.F.);
#2211=ORIENTED_EDGE('',*,*,#2734,.T.);
#2212=ORIENTED_EDGE('',*,*,#2735,.F.);
#2213=ORIENTED_EDGE('',*,*,#2736,.T.);
#2214=ORIENTED_EDGE('',*,*,#2737,.F.);
#2215=ORIENTED_EDGE('',*,*,#2738,.F.);
#2216=ORIENTED_EDGE('',*,*,#2739,.F.);
#2217=ORIENTED_EDGE('',*,*,#2740,.F.);
#2218=ORIENTED_EDGE('',*,*,#2741,.F.);
#2219=ORIENTED_EDGE('',*,*,#2652,.F.);
#2220=ORIENTED_EDGE('',*,*,#2736,.F.);
#2221=ORIENTED_EDGE('',*,*,#2742,.F.);
#2222=ORIENTED_EDGE('',*,*,#2741,.T.);
#2223=ORIENTED_EDGE('',*,*,#2743,.F.);
#2224=ORIENTED_EDGE('',*,*,#2744,.T.);
#2225=ORIENTED_EDGE('',*,*,#2653,.F.);
#2226=ORIENTED_EDGE('',*,*,#2744,.F.);
#2227=ORIENTED_EDGE('',*,*,#2745,.F.);
#2228=ORIENTED_EDGE('',*,*,#2746,.F.);
#2229=ORIENTED_EDGE('',*,*,#2654,.F.);
#2230=ORIENTED_EDGE('',*,*,#2655,.F.);
#2231=ORIENTED_EDGE('',*,*,#2746,.T.);
#2232=ORIENTED_EDGE('',*,*,#2747,.F.);
#2233=ORIENTED_EDGE('',*,*,#2748,.T.);
#2234=ORIENTED_EDGE('',*,*,#2749,.F.);
#2235=ORIENTED_EDGE('',*,*,#2750,.F.);
#2236=ORIENTED_EDGE('',*,*,#2751,.F.);
#2237=ORIENTED_EDGE('',*,*,#2752,.F.);
#2238=ORIENTED_EDGE('',*,*,#2753,.F.);
#2239=ORIENTED_EDGE('',*,*,#2656,.F.);
#2240=ORIENTED_EDGE('',*,*,#2748,.F.);
#2241=ORIENTED_EDGE('',*,*,#2754,.F.);
#2242=ORIENTED_EDGE('',*,*,#2753,.T.);
#2243=ORIENTED_EDGE('',*,*,#2755,.F.);
#2244=ORIENTED_EDGE('',*,*,#2756,.T.);
#2245=ORIENTED_EDGE('',*,*,#2657,.F.);
#2246=ORIENTED_EDGE('',*,*,#2756,.F.);
#2247=ORIENTED_EDGE('',*,*,#2757,.F.);
#2248=ORIENTED_EDGE('',*,*,#2758,.F.);
#2249=ORIENTED_EDGE('',*,*,#2658,.F.);
#2250=ORIENTED_EDGE('',*,*,#2659,.F.);
#2251=ORIENTED_EDGE('',*,*,#2758,.T.);
#2252=ORIENTED_EDGE('',*,*,#2759,.F.);
#2253=ORIENTED_EDGE('',*,*,#2760,.T.);
#2254=ORIENTED_EDGE('',*,*,#2761,.F.);
#2255=ORIENTED_EDGE('',*,*,#2762,.F.);
#2256=ORIENTED_EDGE('',*,*,#2763,.F.);
#2257=ORIENTED_EDGE('',*,*,#2764,.F.);
#2258=ORIENTED_EDGE('',*,*,#2765,.F.);
#2259=ORIENTED_EDGE('',*,*,#2660,.F.);
#2260=ORIENTED_EDGE('',*,*,#2760,.F.);
#2261=ORIENTED_EDGE('',*,*,#2766,.F.);
#2262=ORIENTED_EDGE('',*,*,#2765,.T.);
#2263=ORIENTED_EDGE('',*,*,#2767,.T.);
#2264=ORIENTED_EDGE('',*,*,#2675,.T.);
#2265=ORIENTED_EDGE('',*,*,#2661,.F.);
#2266=ORIENTED_EDGE('',*,*,#2768,.F.);
#2267=ORIENTED_EDGE('',*,*,#2683,.F.);
#2268=ORIENTED_EDGE('',*,*,#2679,.F.);
#2269=ORIENTED_EDGE('',*,*,#2673,.F.);
#2270=ORIENTED_EDGE('',*,*,#2769,.F.);
#2271=ORIENTED_EDGE('',*,*,#2742,.T.);
#2272=ORIENTED_EDGE('',*,*,#2735,.T.);
#2273=ORIENTED_EDGE('',*,*,#2733,.T.);
#2274=ORIENTED_EDGE('',*,*,#2732,.T.);
#2275=ORIENTED_EDGE('',*,*,#2729,.T.);
#2276=ORIENTED_EDGE('',*,*,#2723,.T.);
#2277=ORIENTED_EDGE('',*,*,#2721,.T.);
#2278=ORIENTED_EDGE('',*,*,#2720,.T.);
#2279=ORIENTED_EDGE('',*,*,#2710,.F.);
#2280=ORIENTED_EDGE('',*,*,#2770,.F.);
#2281=ORIENTED_EDGE('',*,*,#2676,.T.);
#2282=ORIENTED_EDGE('',*,*,#2767,.F.);
#2283=ORIENTED_EDGE('',*,*,#2766,.T.);
#2284=ORIENTED_EDGE('',*,*,#2759,.T.);
#2285=ORIENTED_EDGE('',*,*,#2757,.T.);
#2286=ORIENTED_EDGE('',*,*,#2755,.T.);
#2287=ORIENTED_EDGE('',*,*,#2754,.T.);
#2288=ORIENTED_EDGE('',*,*,#2747,.T.);
#2289=ORIENTED_EDGE('',*,*,#2745,.T.);
#2290=ORIENTED_EDGE('',*,*,#2743,.T.);
#2291=ORIENTED_EDGE('',*,*,#2771,.T.);
#2292=ORIENTED_EDGE('',*,*,#2772,.T.);
#2293=ORIENTED_EDGE('',*,*,#2773,.T.);
#2294=ORIENTED_EDGE('',*,*,#2769,.T.);
#2295=ORIENTED_EDGE('',*,*,#2677,.T.);
#2296=ORIENTED_EDGE('',*,*,#2770,.T.);
#2297=ORIENTED_EDGE('',*,*,#2709,.F.);
#2298=ORIENTED_EDGE('',*,*,#2774,.T.);
#2299=ORIENTED_EDGE('',*,*,#2773,.F.);
#2300=ORIENTED_EDGE('',*,*,#2775,.F.);
#2301=ORIENTED_EDGE('',*,*,#2680,.T.);
#2302=ORIENTED_EDGE('',*,*,#2768,.T.);
#2303=ORIENTED_EDGE('',*,*,#2776,.F.);
#2304=ORIENTED_EDGE('',*,*,#2705,.T.);
#2305=ORIENTED_EDGE('',*,*,#2684,.F.);
#2306=ORIENTED_EDGE('',*,*,#2681,.F.);
#2307=ORIENTED_EDGE('',*,*,#2777,.F.);
#2308=ORIENTED_EDGE('',*,*,#2778,.F.);
#2309=ORIENTED_EDGE('',*,*,#2686,.T.);
#2310=ORIENTED_EDGE('',*,*,#2779,.T.);
#2311=ORIENTED_EDGE('',*,*,#2780,.F.);
#2312=ORIENTED_EDGE('',*,*,#2781,.F.);
#2313=ORIENTED_EDGE('',*,*,#2687,.T.);
#2314=ORIENTED_EDGE('',*,*,#2778,.T.);
#2315=ORIENTED_EDGE('',*,*,#2782,.F.);
#2316=ORIENTED_EDGE('',*,*,#2783,.F.);
#2317=ORIENTED_EDGE('',*,*,#2688,.T.);
#2318=ORIENTED_EDGE('',*,*,#2781,.T.);
#2319=ORIENTED_EDGE('',*,*,#2784,.F.);
#2320=ORIENTED_EDGE('',*,*,#2779,.F.);
#2321=ORIENTED_EDGE('',*,*,#2689,.T.);
#2322=ORIENTED_EDGE('',*,*,#2783,.T.);
#2323=ORIENTED_EDGE('',*,*,#2785,.F.);
#2324=ORIENTED_EDGE('',*,*,#2786,.F.);
#2325=ORIENTED_EDGE('',*,*,#2690,.T.);
#2326=ORIENTED_EDGE('',*,*,#2787,.T.);
#2327=ORIENTED_EDGE('',*,*,#2788,.F.);
#2328=ORIENTED_EDGE('',*,*,#2789,.F.);
#2329=ORIENTED_EDGE('',*,*,#2691,.T.);
#2330=ORIENTED_EDGE('',*,*,#2786,.T.);
#2331=ORIENTED_EDGE('',*,*,#2790,.F.);
#2332=ORIENTED_EDGE('',*,*,#2791,.F.);
#2333=ORIENTED_EDGE('',*,*,#2692,.T.);
#2334=ORIENTED_EDGE('',*,*,#2789,.T.);
#2335=ORIENTED_EDGE('',*,*,#2792,.F.);
#2336=ORIENTED_EDGE('',*,*,#2787,.F.);
#2337=ORIENTED_EDGE('',*,*,#2693,.T.);
#2338=ORIENTED_EDGE('',*,*,#2791,.T.);
#2339=ORIENTED_EDGE('',*,*,#2793,.F.);
#2340=ORIENTED_EDGE('',*,*,#2794,.F.);
#2341=ORIENTED_EDGE('',*,*,#2694,.T.);
#2342=ORIENTED_EDGE('',*,*,#2795,.T.);
#2343=ORIENTED_EDGE('',*,*,#2796,.F.);
#2344=ORIENTED_EDGE('',*,*,#2797,.F.);
#2345=ORIENTED_EDGE('',*,*,#2695,.T.);
#2346=ORIENTED_EDGE('',*,*,#2794,.T.);
#2347=ORIENTED_EDGE('',*,*,#2798,.F.);
#2348=ORIENTED_EDGE('',*,*,#2799,.F.);
#2349=ORIENTED_EDGE('',*,*,#2696,.T.);
#2350=ORIENTED_EDGE('',*,*,#2797,.T.);
#2351=ORIENTED_EDGE('',*,*,#2800,.F.);
#2352=ORIENTED_EDGE('',*,*,#2795,.F.);
#2353=ORIENTED_EDGE('',*,*,#2697,.T.);
#2354=ORIENTED_EDGE('',*,*,#2799,.T.);
#2355=ORIENTED_EDGE('',*,*,#2801,.F.);
#2356=ORIENTED_EDGE('',*,*,#2802,.F.);
#2357=ORIENTED_EDGE('',*,*,#2698,.T.);
#2358=ORIENTED_EDGE('',*,*,#2803,.T.);
#2359=ORIENTED_EDGE('',*,*,#2804,.F.);
#2360=ORIENTED_EDGE('',*,*,#2805,.F.);
#2361=ORIENTED_EDGE('',*,*,#2699,.T.);
#2362=ORIENTED_EDGE('',*,*,#2802,.T.);
#2363=ORIENTED_EDGE('',*,*,#2806,.F.);
#2364=ORIENTED_EDGE('',*,*,#2807,.F.);
#2365=ORIENTED_EDGE('',*,*,#2700,.T.);
#2366=ORIENTED_EDGE('',*,*,#2805,.T.);
#2367=ORIENTED_EDGE('',*,*,#2808,.F.);
#2368=ORIENTED_EDGE('',*,*,#2803,.F.);
#2369=ORIENTED_EDGE('',*,*,#2701,.T.);
#2370=ORIENTED_EDGE('',*,*,#2807,.T.);
#2371=ORIENTED_EDGE('',*,*,#2771,.F.);
#2372=ORIENTED_EDGE('',*,*,#2809,.T.);
#2373=ORIENTED_EDGE('',*,*,#2702,.T.);
#2374=ORIENTED_EDGE('',*,*,#2810,.T.);
#2375=ORIENTED_EDGE('',*,*,#2809,.F.);
#2376=ORIENTED_EDGE('',*,*,#2774,.F.);
#2377=ORIENTED_EDGE('',*,*,#2708,.F.);
#2378=ORIENTED_EDGE('',*,*,#2706,.F.);
#2379=ORIENTED_EDGE('',*,*,#2703,.F.);
#2380=ORIENTED_EDGE('',*,*,#2811,.T.);
#2381=ORIENTED_EDGE('',*,*,#2812,.T.);
#2382=ORIENTED_EDGE('',*,*,#2725,.T.);
#2383=ORIENTED_EDGE('',*,*,#2813,.F.);
#2384=ORIENTED_EDGE('',*,*,#2814,.T.);
#2385=ORIENTED_EDGE('',*,*,#2815,.T.);
#2386=ORIENTED_EDGE('',*,*,#2726,.T.);
#2387=ORIENTED_EDGE('',*,*,#2812,.F.);
#2388=ORIENTED_EDGE('',*,*,#2816,.T.);
#2389=ORIENTED_EDGE('',*,*,#2817,.T.);
#2390=ORIENTED_EDGE('',*,*,#2727,.T.);
#2391=ORIENTED_EDGE('',*,*,#2815,.F.);
#2392=ORIENTED_EDGE('',*,*,#2818,.T.);
#2393=ORIENTED_EDGE('',*,*,#2813,.T.);
#2394=ORIENTED_EDGE('',*,*,#2728,.T.);
#2395=ORIENTED_EDGE('',*,*,#2817,.F.);
#2396=ORIENTED_EDGE('',*,*,#2819,.T.);
#2397=ORIENTED_EDGE('',*,*,#2820,.T.);
#2398=ORIENTED_EDGE('',*,*,#2737,.T.);
#2399=ORIENTED_EDGE('',*,*,#2821,.F.);
#2400=ORIENTED_EDGE('',*,*,#2822,.T.);
#2401=ORIENTED_EDGE('',*,*,#2823,.T.);
#2402=ORIENTED_EDGE('',*,*,#2738,.T.);
#2403=ORIENTED_EDGE('',*,*,#2820,.F.);
#2404=ORIENTED_EDGE('',*,*,#2824,.T.);
#2405=ORIENTED_EDGE('',*,*,#2825,.T.);
#2406=ORIENTED_EDGE('',*,*,#2739,.T.);
#2407=ORIENTED_EDGE('',*,*,#2823,.F.);
#2408=ORIENTED_EDGE('',*,*,#2826,.T.);
#2409=ORIENTED_EDGE('',*,*,#2821,.T.);
#2410=ORIENTED_EDGE('',*,*,#2740,.T.);
#2411=ORIENTED_EDGE('',*,*,#2825,.F.);
#2412=ORIENTED_EDGE('',*,*,#2827,.T.);
#2413=ORIENTED_EDGE('',*,*,#2828,.T.);
#2414=ORIENTED_EDGE('',*,*,#2749,.T.);
#2415=ORIENTED_EDGE('',*,*,#2829,.F.);
#2416=ORIENTED_EDGE('',*,*,#2830,.T.);
#2417=ORIENTED_EDGE('',*,*,#2831,.T.);
#2418=ORIENTED_EDGE('',*,*,#2750,.T.);
#2419=ORIENTED_EDGE('',*,*,#2828,.F.);
#2420=ORIENTED_EDGE('',*,*,#2832,.T.);
#2421=ORIENTED_EDGE('',*,*,#2833,.T.);
#2422=ORIENTED_EDGE('',*,*,#2751,.T.);
#2423=ORIENTED_EDGE('',*,*,#2831,.F.);
#2424=ORIENTED_EDGE('',*,*,#2834,.T.);
#2425=ORIENTED_EDGE('',*,*,#2829,.T.);
#2426=ORIENTED_EDGE('',*,*,#2752,.T.);
#2427=ORIENTED_EDGE('',*,*,#2833,.F.);
#2428=ORIENTED_EDGE('',*,*,#2835,.T.);
#2429=ORIENTED_EDGE('',*,*,#2836,.T.);
#2430=ORIENTED_EDGE('',*,*,#2761,.T.);
#2431=ORIENTED_EDGE('',*,*,#2837,.F.);
#2432=ORIENTED_EDGE('',*,*,#2838,.T.);
#2433=ORIENTED_EDGE('',*,*,#2839,.T.);
#2434=ORIENTED_EDGE('',*,*,#2762,.T.);
#2435=ORIENTED_EDGE('',*,*,#2836,.F.);
#2436=ORIENTED_EDGE('',*,*,#2840,.T.);
#2437=ORIENTED_EDGE('',*,*,#2841,.T.);
#2438=ORIENTED_EDGE('',*,*,#2763,.T.);
#2439=ORIENTED_EDGE('',*,*,#2839,.F.);
#2440=ORIENTED_EDGE('',*,*,#2842,.T.);
#2441=ORIENTED_EDGE('',*,*,#2837,.T.);
#2442=ORIENTED_EDGE('',*,*,#2764,.T.);
#2443=ORIENTED_EDGE('',*,*,#2841,.F.);
#2444=ORIENTED_EDGE('',*,*,#2772,.F.);
#2445=ORIENTED_EDGE('',*,*,#2810,.F.);
#2446=ORIENTED_EDGE('',*,*,#2776,.T.);
#2447=ORIENTED_EDGE('',*,*,#2775,.T.);
#2448=ORIENTED_EDGE('',*,*,#2777,.T.);
#2449=ORIENTED_EDGE('',*,*,#2843,.T.);
#2450=ORIENTED_EDGE('',*,*,#2844,.F.);
#2451=ORIENTED_EDGE('',*,*,#2845,.F.);
#2452=ORIENTED_EDGE('',*,*,#2780,.T.);
#2453=ORIENTED_EDGE('',*,*,#2845,.T.);
#2454=ORIENTED_EDGE('',*,*,#2846,.F.);
#2455=ORIENTED_EDGE('',*,*,#2847,.F.);
#2456=ORIENTED_EDGE('',*,*,#2782,.T.);
#2457=ORIENTED_EDGE('',*,*,#2847,.T.);
#2458=ORIENTED_EDGE('',*,*,#2848,.F.);
#2459=ORIENTED_EDGE('',*,*,#2849,.F.);
#2460=ORIENTED_EDGE('',*,*,#2784,.T.);
#2461=ORIENTED_EDGE('',*,*,#2849,.T.);
#2462=ORIENTED_EDGE('',*,*,#2850,.F.);
#2463=ORIENTED_EDGE('',*,*,#2843,.F.);
#2464=ORIENTED_EDGE('',*,*,#2785,.T.);
#2465=ORIENTED_EDGE('',*,*,#2851,.T.);
#2466=ORIENTED_EDGE('',*,*,#2852,.F.);
#2467=ORIENTED_EDGE('',*,*,#2853,.F.);
#2468=ORIENTED_EDGE('',*,*,#2788,.T.);
#2469=ORIENTED_EDGE('',*,*,#2853,.T.);
#2470=ORIENTED_EDGE('',*,*,#2854,.F.);
#2471=ORIENTED_EDGE('',*,*,#2855,.F.);
#2472=ORIENTED_EDGE('',*,*,#2790,.T.);
#2473=ORIENTED_EDGE('',*,*,#2855,.T.);
#2474=ORIENTED_EDGE('',*,*,#2856,.F.);
#2475=ORIENTED_EDGE('',*,*,#2857,.F.);
#2476=ORIENTED_EDGE('',*,*,#2792,.T.);
#2477=ORIENTED_EDGE('',*,*,#2857,.T.);
#2478=ORIENTED_EDGE('',*,*,#2858,.F.);
#2479=ORIENTED_EDGE('',*,*,#2851,.F.);
#2480=ORIENTED_EDGE('',*,*,#2793,.T.);
#2481=ORIENTED_EDGE('',*,*,#2859,.T.);
#2482=ORIENTED_EDGE('',*,*,#2860,.F.);
#2483=ORIENTED_EDGE('',*,*,#2861,.F.);
#2484=ORIENTED_EDGE('',*,*,#2796,.T.);
#2485=ORIENTED_EDGE('',*,*,#2861,.T.);
#2486=ORIENTED_EDGE('',*,*,#2862,.F.);
#2487=ORIENTED_EDGE('',*,*,#2863,.F.);
#2488=ORIENTED_EDGE('',*,*,#2798,.T.);
#2489=ORIENTED_EDGE('',*,*,#2863,.T.);
#2490=ORIENTED_EDGE('',*,*,#2864,.F.);
#2491=ORIENTED_EDGE('',*,*,#2865,.F.);
#2492=ORIENTED_EDGE('',*,*,#2800,.T.);
#2493=ORIENTED_EDGE('',*,*,#2865,.T.);
#2494=ORIENTED_EDGE('',*,*,#2866,.F.);
#2495=ORIENTED_EDGE('',*,*,#2859,.F.);
#2496=ORIENTED_EDGE('',*,*,#2801,.T.);
#2497=ORIENTED_EDGE('',*,*,#2867,.T.);
#2498=ORIENTED_EDGE('',*,*,#2868,.F.);
#2499=ORIENTED_EDGE('',*,*,#2869,.F.);
#2500=ORIENTED_EDGE('',*,*,#2804,.T.);
#2501=ORIENTED_EDGE('',*,*,#2869,.T.);
#2502=ORIENTED_EDGE('',*,*,#2870,.F.);
#2503=ORIENTED_EDGE('',*,*,#2871,.F.);
#2504=ORIENTED_EDGE('',*,*,#2806,.T.);
#2505=ORIENTED_EDGE('',*,*,#2871,.T.);
#2506=ORIENTED_EDGE('',*,*,#2872,.F.);
#2507=ORIENTED_EDGE('',*,*,#2873,.F.);
#2508=ORIENTED_EDGE('',*,*,#2808,.T.);
#2509=ORIENTED_EDGE('',*,*,#2873,.T.);
#2510=ORIENTED_EDGE('',*,*,#2874,.F.);
#2511=ORIENTED_EDGE('',*,*,#2867,.F.);
#2512=ORIENTED_EDGE('',*,*,#2811,.F.);
#2513=ORIENTED_EDGE('',*,*,#2875,.F.);
#2514=ORIENTED_EDGE('',*,*,#2876,.T.);
#2515=ORIENTED_EDGE('',*,*,#2877,.T.);
#2516=ORIENTED_EDGE('',*,*,#2814,.F.);
#2517=ORIENTED_EDGE('',*,*,#2877,.F.);
#2518=ORIENTED_EDGE('',*,*,#2878,.T.);
#2519=ORIENTED_EDGE('',*,*,#2879,.T.);
#2520=ORIENTED_EDGE('',*,*,#2816,.F.);
#2521=ORIENTED_EDGE('',*,*,#2879,.F.);
#2522=ORIENTED_EDGE('',*,*,#2880,.T.);
#2523=ORIENTED_EDGE('',*,*,#2881,.T.);
#2524=ORIENTED_EDGE('',*,*,#2818,.F.);
#2525=ORIENTED_EDGE('',*,*,#2881,.F.);
#2526=ORIENTED_EDGE('',*,*,#2882,.T.);
#2527=ORIENTED_EDGE('',*,*,#2875,.T.);
#2528=ORIENTED_EDGE('',*,*,#2819,.F.);
#2529=ORIENTED_EDGE('',*,*,#2883,.F.);
#2530=ORIENTED_EDGE('',*,*,#2884,.T.);
#2531=ORIENTED_EDGE('',*,*,#2885,.T.);
#2532=ORIENTED_EDGE('',*,*,#2822,.F.);
#2533=ORIENTED_EDGE('',*,*,#2885,.F.);
#2534=ORIENTED_EDGE('',*,*,#2886,.T.);
#2535=ORIENTED_EDGE('',*,*,#2887,.T.);
#2536=ORIENTED_EDGE('',*,*,#2824,.F.);
#2537=ORIENTED_EDGE('',*,*,#2887,.F.);
#2538=ORIENTED_EDGE('',*,*,#2888,.T.);
#2539=ORIENTED_EDGE('',*,*,#2889,.T.);
#2540=ORIENTED_EDGE('',*,*,#2826,.F.);
#2541=ORIENTED_EDGE('',*,*,#2889,.F.);
#2542=ORIENTED_EDGE('',*,*,#2890,.T.);
#2543=ORIENTED_EDGE('',*,*,#2883,.T.);
#2544=ORIENTED_EDGE('',*,*,#2827,.F.);
#2545=ORIENTED_EDGE('',*,*,#2891,.F.);
#2546=ORIENTED_EDGE('',*,*,#2892,.T.);
#2547=ORIENTED_EDGE('',*,*,#2893,.T.);
#2548=ORIENTED_EDGE('',*,*,#2830,.F.);
#2549=ORIENTED_EDGE('',*,*,#2893,.F.);
#2550=ORIENTED_EDGE('',*,*,#2894,.T.);
#2551=ORIENTED_EDGE('',*,*,#2895,.T.);
#2552=ORIENTED_EDGE('',*,*,#2832,.F.);
#2553=ORIENTED_EDGE('',*,*,#2895,.F.);
#2554=ORIENTED_EDGE('',*,*,#2896,.T.);
#2555=ORIENTED_EDGE('',*,*,#2897,.T.);
#2556=ORIENTED_EDGE('',*,*,#2834,.F.);
#2557=ORIENTED_EDGE('',*,*,#2897,.F.);
#2558=ORIENTED_EDGE('',*,*,#2898,.T.);
#2559=ORIENTED_EDGE('',*,*,#2891,.T.);
#2560=ORIENTED_EDGE('',*,*,#2835,.F.);
#2561=ORIENTED_EDGE('',*,*,#2899,.F.);
#2562=ORIENTED_EDGE('',*,*,#2900,.T.);
#2563=ORIENTED_EDGE('',*,*,#2901,.T.);
#2564=ORIENTED_EDGE('',*,*,#2838,.F.);
#2565=ORIENTED_EDGE('',*,*,#2901,.F.);
#2566=ORIENTED_EDGE('',*,*,#2902,.T.);
#2567=ORIENTED_EDGE('',*,*,#2903,.T.);
#2568=ORIENTED_EDGE('',*,*,#2840,.F.);
#2569=ORIENTED_EDGE('',*,*,#2903,.F.);
#2570=ORIENTED_EDGE('',*,*,#2904,.T.);
#2571=ORIENTED_EDGE('',*,*,#2905,.T.);
#2572=ORIENTED_EDGE('',*,*,#2842,.F.);
#2573=ORIENTED_EDGE('',*,*,#2905,.F.);
#2574=ORIENTED_EDGE('',*,*,#2906,.T.);
#2575=ORIENTED_EDGE('',*,*,#2899,.T.);
#2576=ORIENTED_EDGE('',*,*,#2850,.T.);
#2577=ORIENTED_EDGE('',*,*,#2848,.T.);
#2578=ORIENTED_EDGE('',*,*,#2846,.T.);
#2579=ORIENTED_EDGE('',*,*,#2844,.T.);
#2580=ORIENTED_EDGE('',*,*,#2858,.T.);
#2581=ORIENTED_EDGE('',*,*,#2856,.T.);
#2582=ORIENTED_EDGE('',*,*,#2854,.T.);
#2583=ORIENTED_EDGE('',*,*,#2852,.T.);
#2584=ORIENTED_EDGE('',*,*,#2866,.T.);
#2585=ORIENTED_EDGE('',*,*,#2864,.T.);
#2586=ORIENTED_EDGE('',*,*,#2862,.T.);
#2587=ORIENTED_EDGE('',*,*,#2860,.T.);
#2588=ORIENTED_EDGE('',*,*,#2874,.T.);
#2589=ORIENTED_EDGE('',*,*,#2872,.T.);
#2590=ORIENTED_EDGE('',*,*,#2870,.T.);
#2591=ORIENTED_EDGE('',*,*,#2868,.T.);
#2592=ORIENTED_EDGE('',*,*,#2878,.F.);
#2593=ORIENTED_EDGE('',*,*,#2876,.F.);
#2594=ORIENTED_EDGE('',*,*,#2882,.F.);
#2595=ORIENTED_EDGE('',*,*,#2880,.F.);
#2596=ORIENTED_EDGE('',*,*,#2886,.F.);
#2597=ORIENTED_EDGE('',*,*,#2884,.F.);
#2598=ORIENTED_EDGE('',*,*,#2890,.F.);
#2599=ORIENTED_EDGE('',*,*,#2888,.F.);
#2600=ORIENTED_EDGE('',*,*,#2894,.F.);
#2601=ORIENTED_EDGE('',*,*,#2892,.F.);
#2602=ORIENTED_EDGE('',*,*,#2898,.F.);
#2603=ORIENTED_EDGE('',*,*,#2896,.F.);
#2604=ORIENTED_EDGE('',*,*,#2902,.F.);
#2605=ORIENTED_EDGE('',*,*,#2900,.F.);
#2606=ORIENTED_EDGE('',*,*,#2906,.F.);
#2607=ORIENTED_EDGE('',*,*,#2904,.F.);
#2608=EDGE_CURVE('',#2907,#2908,#2909,.T.);
#2609=EDGE_CURVE('',#2908,#2910,#2911,.T.);
#2610=EDGE_CURVE('',#2910,#2912,#2913,.T.);
#2611=EDGE_CURVE('',#2912,#2914,#2915,.T.);
#2612=EDGE_CURVE('',#2914,#2916,#2917,.T.);
#2613=EDGE_CURVE('',#2916,#2918,#2919,.T.);
#2614=EDGE_CURVE('',#2920,#2918,#2921,.F.);
#2615=EDGE_CURVE('',#2922,#2920,#2923,.T.);
#2616=EDGE_CURVE('',#2922,#2924,#2925,.T.);
#2617=EDGE_CURVE('',#2926,#2924,#2927,.T.);
#2618=EDGE_CURVE('',#2928,#2926,#2929,.T.);
#2619=EDGE_CURVE('',#2928,#2930,#2931,.T.);
#2620=EDGE_CURVE('',#2930,#2932,#2933,.T.);
#2621=EDGE_CURVE('',#2934,#2932,#2935,.F.);
#2622=EDGE_CURVE('',#2936,#2934,#2937,.F.);
#2623=EDGE_CURVE('',#2936,#2938,#2939,.T.);
#2624=EDGE_CURVE('',#2938,#2940,#2941,.T.);
#2625=EDGE_CURVE('',#2940,#2942,#2943,.T.);
#2626=EDGE_CURVE('',#2942,#2944,#2945,.T.);
#2627=EDGE_CURVE('',#2944,#2946,#2947,.T.);
#2628=EDGE_CURVE('',#2946,#2948,#2949,.T.);
#2629=EDGE_CURVE('',#2907,#2948,#2950,.F.);
#2630=EDGE_CURVE('',#2951,#2907,#2952,.F.);
#2631=EDGE_CURVE('',#2948,#2953,#2954,.F.);
#2632=EDGE_CURVE('',#2953,#2951,#2955,.T.);
#2633=EDGE_CURVE('',#2918,#2956,#2957,.F.);
#2634=EDGE_CURVE('',#2956,#2958,#2959,.T.);
#2635=EDGE_CURVE('',#2958,#2920,#2960,.T.);
#2636=EDGE_CURVE('',#2961,#2951,#2962,.F.);
#2637=EDGE_CURVE('',#2953,#2963,#2964,.F.);
#2638=EDGE_CURVE('',#2963,#2965,#2966,.F.);
#2639=EDGE_CURVE('',#2965,#2967,#2968,.F.);
#2640=EDGE_CURVE('',#2967,#2969,#2970,.F.);
#2641=EDGE_CURVE('',#2969,#2971,#2972,.F.);
#2642=EDGE_CURVE('',#2971,#2973,#2974,.F.);
#2643=EDGE_CURVE('',#2975,#2973,#2976,.T.);
#2644=EDGE_CURVE('',#2977,#2975,#2978,.T.);
#2645=EDGE_CURVE('',#2979,#2977,#2980,.T.);
#2646=EDGE_CURVE('',#2979,#2981,#2982,.F.);
#2647=EDGE_CURVE('',#2981,#2983,#2984,.T.);
#2648=EDGE_CURVE('',#2983,#2985,#2986,.F.);
#2649=EDGE_CURVE('',#2985,#2987,#2988,.T.);
#2650=EDGE_CURVE('',#2987,#2989,#2990,.F.);
#2651=EDGE_CURVE('',#2989,#2991,#2992,.T.);
#2652=EDGE_CURVE('',#2991,#2993,#2994,.F.);
#2653=EDGE_CURVE('',#2993,#2995,#2996,.T.);
#2654=EDGE_CURVE('',#2995,#2997,#2998,.F.);
#2655=EDGE_CURVE('',#2997,#2999,#3000,.T.);
#2656=EDGE_CURVE('',#2999,#3001,#3002,.F.);
#2657=EDGE_CURVE('',#3001,#3003,#3004,.T.);
#2658=EDGE_CURVE('',#3003,#3005,#3006,.F.);
#2659=EDGE_CURVE('',#3005,#3007,#3008,.T.);
#2660=EDGE_CURVE('',#3007,#3009,#3010,.F.);
#2661=EDGE_CURVE('',#3009,#3011,#3012,.T.);
#2662=EDGE_CURVE('',#3011,#2958,#3013,.T.);
#2663=EDGE_CURVE('',#2956,#3014,#3015,.F.);
#2664=EDGE_CURVE('',#3014,#3016,#3017,.F.);
#2665=EDGE_CURVE('',#3016,#3018,#3019,.F.);
#2666=EDGE_CURVE('',#3018,#3020,#3021,.F.);
#2667=EDGE_CURVE('',#3020,#2961,#3022,.F.);
#2668=EDGE_CURVE('',#2916,#3014,#3023,.T.);
#2669=EDGE_CURVE('',#2914,#3016,#3024,.T.);
#2670=EDGE_CURVE('',#2912,#3018,#3025,.T.);
#2671=EDGE_CURVE('',#2910,#3020,#3026,.T.);
#2672=EDGE_CURVE('',#2908,#2961,#3027,.T.);
#2673=EDGE_CURVE('',#3028,#3029,#3030,.T.);
#2674=EDGE_CURVE('',#3029,#2922,#3031,.T.);
#2675=EDGE_CURVE('',#3032,#3011,#3033,.T.);
#2676=EDGE_CURVE('',#3034,#3032,#3035,.T.);
#2677=EDGE_CURVE('',#3028,#3034,#3036,.T.);
#2678=EDGE_CURVE('',#2924,#3037,#3038,.F.);
#2679=EDGE_CURVE('',#3029,#3037,#3039,.T.);
#2680=EDGE_CURVE('',#3040,#3041,#3042,.T.);
#2681=EDGE_CURVE('',#3040,#3043,#3044,.T.);
#2682=EDGE_CURVE('',#3043,#2926,#3045,.T.);
#2683=EDGE_CURVE('',#3037,#3041,#3046,.F.);
#2684=EDGE_CURVE('',#3043,#3047,#3048,.T.);
#2685=EDGE_CURVE('',#3047,#2928,#3049,.T.);
#2686=EDGE_CURVE('',#3050,#3051,#3052,.T.);
#2687=EDGE_CURVE('',#3053,#3050,#3054,.T.);
#2688=EDGE_CURVE('',#3055,#3053,#3056,.T.);
#2689=EDGE_CURVE('',#3051,#3055,#3057,.T.);
#2690=EDGE_CURVE('',#3058,#3059,#3060,.T.);
#2691=EDGE_CURVE('',#3061,#3058,#3062,.T.);
#2692=EDGE_CURVE('',#3063,#3061,#3064,.T.);
#2693=EDGE_CURVE('',#3059,#3063,#3065,.T.);
#2694=EDGE_CURVE('',#3066,#3067,#3068,.T.);
#2695=EDGE_CURVE('',#3069,#3066,#3070,.T.);
#2696=EDGE_CURVE('',#3071,#3069,#3072,.T.);
#2697=EDGE_CURVE('',#3067,#3071,#3073,.T.);
#2698=EDGE_CURVE('',#3074,#3075,#3076,.T.);
#2699=EDGE_CURVE('',#3077,#3074,#3078,.T.);
#2700=EDGE_CURVE('',#3079,#3077,#3080,.T.);
#2701=EDGE_CURVE('',#3075,#3079,#3081,.T.);
#2702=EDGE_CURVE('',#3082,#3083,#3084,.F.);
#2703=EDGE_CURVE('',#3082,#3085,#3086,.T.);
#2704=EDGE_CURVE('',#3085,#2930,#3087,.T.);
#2705=EDGE_CURVE('',#3083,#3047,#3088,.T.);
#2706=EDGE_CURVE('',#3085,#3089,#3090,.T.);
#2707=EDGE_CURVE('',#2932,#3089,#3091,.F.);
#2708=EDGE_CURVE('',#3089,#3092,#3093,.F.);
#2709=EDGE_CURVE('',#3092,#3094,#3095,.T.);
#2710=EDGE_CURVE('',#3094,#3096,#3097,.T.);
#2711=EDGE_CURVE('',#3096,#2977,#3098,.T.);
#2712=EDGE_CURVE('',#2975,#2934,#3099,.T.);
#2713=EDGE_CURVE('',#2973,#2936,#3100,.F.);
#2714=EDGE_CURVE('',#2938,#2971,#3101,.T.);
#2715=EDGE_CURVE('',#2940,#2969,#3102,.T.);
#2716=EDGE_CURVE('',#2942,#2967,#3103,.T.);
#2717=EDGE_CURVE('',#2944,#2965,#3104,.T.);
#2718=EDGE_CURVE('',#2946,#2963,#3105,.T.);
#2719=EDGE_CURVE('',#3106,#2979,#3107,.T.);
#2720=EDGE_CURVE('',#3106,#3096,#3108,.T.);
#2721=EDGE_CURVE('',#3109,#3106,#3110,.F.);
#2722=EDGE_CURVE('',#2981,#3109,#3111,.T.);
#2723=EDGE_CURVE('',#3112,#3109,#3113,.T.);
#2724=EDGE_CURVE('',#3112,#2983,#3114,.T.);
#2725=EDGE_CURVE('',#3115,#3116,#3117,.T.);
#2726=EDGE_CURVE('',#3118,#3115,#3119,.T.);
#2727=EDGE_CURVE('',#3120,#3118,#3121,.T.);
#2728=EDGE_CURVE('',#3116,#3120,#3122,.T.);
#2729=EDGE_CURVE('',#3123,#3112,#3124,.F.);
#2730=EDGE_CURVE('',#2985,#3123,#3125,.T.);
#2731=EDGE_CURVE('',#3126,#2987,#3127,.T.);
#2732=EDGE_CURVE('',#3126,#3123,#3128,.T.);
#2733=EDGE_CURVE('',#3129,#3126,#3130,.F.);
#2734=EDGE_CURVE('',#2989,#3129,#3131,.T.);
#2735=EDGE_CURVE('',#3132,#3129,#3133,.T.);
#2736=EDGE_CURVE('',#3132,#2991,#3134,.T.);
#2737=EDGE_CURVE('',#3135,#3136,#3137,.T.);
#2738=EDGE_CURVE('',#3138,#3135,#3139,.T.);
#2739=EDGE_CURVE('',#3140,#3138,#3141,.T.);
#2740=EDGE_CURVE('',#3136,#3140,#3142,.T.);
#2741=EDGE_CURVE('',#2993,#3143,#3144,.T.);
#2742=EDGE_CURVE('',#3143,#3132,#3145,.F.);
#2743=EDGE_CURVE('',#3146,#3143,#3147,.T.);
#2744=EDGE_CURVE('',#3146,#2995,#3148,.T.);
#2745=EDGE_CURVE('',#3149,#3146,#3150,.F.);
#2746=EDGE_CURVE('',#2997,#3149,#3151,.T.);
#2747=EDGE_CURVE('',#3152,#3149,#3153,.T.);
#2748=EDGE_CURVE('',#3152,#2999,#3154,.T.);
#2749=EDGE_CURVE('',#3155,#3156,#3157,.T.);
#2750=EDGE_CURVE('',#3158,#3155,#3159,.T.);
#2751=EDGE_CURVE('',#3160,#3158,#3161,.T.);
#2752=EDGE_CURVE('',#3156,#3160,#3162,.T.);
#2753=EDGE_CURVE('',#3001,#3163,#3164,.T.);
#2754=EDGE_CURVE('',#3163,#3152,#3165,.F.);
#2755=EDGE_CURVE('',#3166,#3163,#3167,.T.);
#2756=EDGE_CURVE('',#3166,#3003,#3168,.T.);
#2757=EDGE_CURVE('',#3169,#3166,#3170,.F.);
#2758=EDGE_CURVE('',#3005,#3169,#3171,.T.);
#2759=EDGE_CURVE('',#3172,#3169,#3173,.T.);
#2760=EDGE_CURVE('',#3172,#3007,#3174,.T.);
#2761=EDGE_CURVE('',#3175,#3176,#3177,.T.);
#2762=EDGE_CURVE('',#3178,#3175,#3179,.T.);
#2763=EDGE_CURVE('',#3180,#3178,#3181,.T.);
#2764=EDGE_CURVE('',#3176,#3180,#3182,.T.);
#2765=EDGE_CURVE('',#3009,#3183,#3184,.T.);
#2766=EDGE_CURVE('',#3183,#3172,#3185,.F.);
#2767=EDGE_CURVE('',#3183,#3032,#3186,.T.);
#2768=EDGE_CURVE('',#3041,#3187,#3188,.F.);
#2769=EDGE_CURVE('',#3187,#3028,#3189,.F.);
#2770=EDGE_CURVE('',#3034,#3094,#3190,.T.);
#2771=EDGE_CURVE('',#3191,#3192,#3193,.F.);
#2772=EDGE_CURVE('',#3192,#3194,#3195,.F.);
#2773=EDGE_CURVE('',#3194,#3187,#3196,.T.);
#2774=EDGE_CURVE('',#3092,#3191,#3197,.F.);
#2775=EDGE_CURVE('',#3040,#3194,#3198,.F.);
#2776=EDGE_CURVE('',#3083,#3040,#3199,.F.);
#2777=EDGE_CURVE('',#3200,#3201,#3202,.T.);
#2778=EDGE_CURVE('',#3050,#3200,#3203,.T.);
#2779=EDGE_CURVE('',#3051,#3201,#3204,.T.);
#2780=EDGE_CURVE('',#3205,#3200,#3206,.T.);
#2781=EDGE_CURVE('',#3053,#3205,#3207,.T.);
#2782=EDGE_CURVE('',#3208,#3205,#3209,.T.);
#2783=EDGE_CURVE('',#3055,#3208,#3210,.T.);
#2784=EDGE_CURVE('',#3201,#3208,#3211,.T.);
#2785=EDGE_CURVE('',#3212,#3213,#3214,.T.);
#2786=EDGE_CURVE('',#3058,#3212,#3215,.T.);
#2787=EDGE_CURVE('',#3059,#3213,#3216,.T.);
#2788=EDGE_CURVE('',#3217,#3212,#3218,.T.);
#2789=EDGE_CURVE('',#3061,#3217,#3219,.T.);
#2790=EDGE_CURVE('',#3220,#3217,#3221,.T.);
#2791=EDGE_CURVE('',#3063,#3220,#3222,.T.);
#2792=EDGE_CURVE('',#3213,#3220,#3223,.T.);
#2793=EDGE_CURVE('',#3224,#3225,#3226,.T.);
#2794=EDGE_CURVE('',#3066,#3224,#3227,.T.);
#2795=EDGE_CURVE('',#3067,#3225,#3228,.T.);
#2796=EDGE_CURVE('',#3229,#3224,#3230,.T.);
#2797=EDGE_CURVE('',#3069,#3229,#3231,.T.);
#2798=EDGE_CURVE('',#3232,#3229,#3233,.T.);
#2799=EDGE_CURVE('',#3071,#3232,#3234,.T.);
#2800=EDGE_CURVE('',#3225,#3232,#3235,.T.);
#2801=EDGE_CURVE('',#3236,#3237,#3238,.T.);
#2802=EDGE_CURVE('',#3074,#3236,#3239,.T.);
#2803=EDGE_CURVE('',#3075,#3237,#3240,.T.);
#2804=EDGE_CURVE('',#3241,#3236,#3242,.T.);
#2805=EDGE_CURVE('',#3077,#3241,#3243,.T.);
#2806=EDGE_CURVE('',#3244,#3241,#3245,.T.);
#2807=EDGE_CURVE('',#3079,#3244,#3246,.T.);
#2808=EDGE_CURVE('',#3237,#3244,#3247,.T.);
#2809=EDGE_CURVE('',#3191,#3082,#3248,.F.);
#2810=EDGE_CURVE('',#3083,#3192,#3249,.F.);
#2811=EDGE_CURVE('',#3250,#3251,#3252,.T.);
#2812=EDGE_CURVE('',#3251,#3115,#3253,.T.);
#2813=EDGE_CURVE('',#3250,#3116,#3254,.T.);
#2814=EDGE_CURVE('',#3251,#3255,#3256,.T.);
#2815=EDGE_CURVE('',#3255,#3118,#3257,.T.);
#2816=EDGE_CURVE('',#3255,#3258,#3259,.T.);
#2817=EDGE_CURVE('',#3258,#3120,#3260,.T.);
#2818=EDGE_CURVE('',#3258,#3250,#3261,.T.);
#2819=EDGE_CURVE('',#3262,#3263,#3264,.T.);
#2820=EDGE_CURVE('',#3263,#3135,#3265,.T.);
#2821=EDGE_CURVE('',#3262,#3136,#3266,.T.);
#2822=EDGE_CURVE('',#3263,#3267,#3268,.T.);
#2823=EDGE_CURVE('',#3267,#3138,#3269,.T.);
#2824=EDGE_CURVE('',#3267,#3270,#3271,.T.);
#2825=EDGE_CURVE('',#3270,#3140,#3272,.T.);
#2826=EDGE_CURVE('',#3270,#3262,#3273,.T.);
#2827=EDGE_CURVE('',#3274,#3275,#3276,.T.);
#2828=EDGE_CURVE('',#3275,#3155,#3277,.T.);
#2829=EDGE_CURVE('',#3274,#3156,#3278,.T.);
#2830=EDGE_CURVE('',#3275,#3279,#3280,.T.);
#2831=EDGE_CURVE('',#3279,#3158,#3281,.T.);
#2832=EDGE_CURVE('',#3279,#3282,#3283,.T.);
#2833=EDGE_CURVE('',#3282,#3160,#3284,.T.);
#2834=EDGE_CURVE('',#3282,#3274,#3285,.T.);
#2835=EDGE_CURVE('',#3286,#3287,#3288,.T.);
#2836=EDGE_CURVE('',#3287,#3175,#3289,.T.);
#2837=EDGE_CURVE('',#3286,#3176,#3290,.T.);
#2838=EDGE_CURVE('',#3287,#3291,#3292,.T.);
#2839=EDGE_CURVE('',#3291,#3178,#3293,.T.);
#2840=EDGE_CURVE('',#3291,#3294,#3295,.T.);
#2841=EDGE_CURVE('',#3294,#3180,#3296,.T.);
#2842=EDGE_CURVE('',#3294,#3286,#3297,.T.);
#2843=EDGE_CURVE('',#3201,#3298,#3299,.T.);
#2844=EDGE_CURVE('',#3300,#3298,#3301,.T.);
#2845=EDGE_CURVE('',#3200,#3300,#3302,.T.);
#2846=EDGE_CURVE('',#3303,#3300,#3304,.T.);
#2847=EDGE_CURVE('',#3205,#3303,#3305,.T.);
#2848=EDGE_CURVE('',#3306,#3303,#3307,.T.);
#2849=EDGE_CURVE('',#3208,#3306,#3308,.T.);
#2850=EDGE_CURVE('',#3298,#3306,#3309,.T.);
#2851=EDGE_CURVE('',#3213,#3310,#3311,.T.);
#2852=EDGE_CURVE('',#3312,#3310,#3313,.T.);
#2853=EDGE_CURVE('',#3212,#3312,#3314,.T.);
#2854=EDGE_CURVE('',#3315,#3312,#3316,.T.);
#2855=EDGE_CURVE('',#3217,#3315,#3317,.T.);
#2856=EDGE_CURVE('',#3318,#3315,#3319,.T.);
#2857=EDGE_CURVE('',#3220,#3318,#3320,.T.);
#2858=EDGE_CURVE('',#3310,#3318,#3321,.T.);
#2859=EDGE_CURVE('',#3225,#3322,#3323,.T.);
#2860=EDGE_CURVE('',#3324,#3322,#3325,.T.);
#2861=EDGE_CURVE('',#3224,#3324,#3326,.T.);
#2862=EDGE_CURVE('',#3327,#3324,#3328,.T.);
#2863=EDGE_CURVE('',#3229,#3327,#3329,.T.);
#2864=EDGE_CURVE('',#3330,#3327,#3331,.T.);
#2865=EDGE_CURVE('',#3232,#3330,#3332,.T.);
#2866=EDGE_CURVE('',#3322,#3330,#3333,.T.);
#2867=EDGE_CURVE('',#3237,#3334,#3335,.T.);
#2868=EDGE_CURVE('',#3336,#3334,#3337,.T.);
#2869=EDGE_CURVE('',#3236,#3336,#3338,.T.);
#2870=EDGE_CURVE('',#3339,#3336,#3340,.T.);
#2871=EDGE_CURVE('',#3241,#3339,#3341,.T.);
#2872=EDGE_CURVE('',#3342,#3339,#3343,.T.);
#2873=EDGE_CURVE('',#3244,#3342,#3344,.T.);
#2874=EDGE_CURVE('',#3334,#3342,#3345,.T.);
#2875=EDGE_CURVE('',#3346,#3250,#3347,.F.);
#2876=EDGE_CURVE('',#3346,#3348,#3349,.T.);
#2877=EDGE_CURVE('',#3348,#3251,#3350,.F.);
#2878=EDGE_CURVE('',#3348,#3351,#3352,.T.);
#2879=EDGE_CURVE('',#3351,#3255,#3353,.F.);
#2880=EDGE_CURVE('',#3351,#3354,#3355,.T.);
#2881=EDGE_CURVE('',#3354,#3258,#3356,.F.);
#2882=EDGE_CURVE('',#3354,#3346,#3357,.T.);
#2883=EDGE_CURVE('',#3358,#3262,#3359,.F.);
#2884=EDGE_CURVE('',#3358,#3360,#3361,.T.);
#2885=EDGE_CURVE('',#3360,#3263,#3362,.F.);
#2886=EDGE_CURVE('',#3360,#3363,#3364,.T.);
#2887=EDGE_CURVE('',#3363,#3267,#3365,.F.);
#2888=EDGE_CURVE('',#3363,#3366,#3367,.T.);
#2889=EDGE_CURVE('',#3366,#3270,#3368,.F.);
#2890=EDGE_CURVE('',#3366,#3358,#3369,.T.);
#2891=EDGE_CURVE('',#3370,#3274,#3371,.F.);
#2892=EDGE_CURVE('',#3370,#3372,#3373,.T.);
#2893=EDGE_CURVE('',#3372,#3275,#3374,.F.);
#2894=EDGE_CURVE('',#3372,#3375,#3376,.T.);
#2895=EDGE_CURVE('',#3375,#3279,#3377,.F.);
#2896=EDGE_CURVE('',#3375,#3378,#3379,.T.);
#2897=EDGE_CURVE('',#3378,#3282,#3380,.F.);
#2898=EDGE_CURVE('',#3378,#3370,#3381,.T.);
#2899=EDGE_CURVE('',#3382,#3286,#3383,.F.);
#2900=EDGE_CURVE('',#3382,#3384,#3385,.T.);
#2901=EDGE_CURVE('',#3384,#3287,#3386,.F.);
#2902=EDGE_CURVE('',#3384,#3387,#3388,.T.);
#2903=EDGE_CURVE('',#3387,#3291,#3389,.F.);
#2904=EDGE_CURVE('',#3387,#3390,#3391,.T.);
#2905=EDGE_CURVE('',#3390,#3294,#3392,.F.);
#2906=EDGE_CURVE('',#3390,#3382,#3393,.T.);
#2907=VERTEX_POINT('',#3394);
#2908=VERTEX_POINT('',#3395);
#2909=LINE('',#3396,#3397);
#2910=VERTEX_POINT('',#3399);
#2911=LINE('',#3400,#3401);
#2912=VERTEX_POINT('',#3403);
#2913=CIRCLE('',#3404,0.6);
#2914=VERTEX_POINT('',#3408);
#2915=LINE('',#3409,#3410);
#2916=VERTEX_POINT('',#3412);
#2917=LINE('',#3413,#3414);
#2918=VERTEX_POINT('',#3416);
#2919=LINE('',#3417,#3418);
#2920=VERTEX_POINT('',#3420);
#2921=LINE('',#3421,#3422);
#2922=VERTEX_POINT('',#3424);
#2923=LINE('',#3425,#3426);
#2924=VERTEX_POINT('',#3428);
#2925=LINE('',#3429,#3430);
#2926=VERTEX_POINT('',#3432);
#2927=LINE('',#3433,#3434);
#2928=VERTEX_POINT('',#3436);
#2929=LINE('',#3437,#3438);
#2930=VERTEX_POINT('',#3440);
#2931=LINE('',#3441,#3442);
#2932=VERTEX_POINT('',#3444);
#2933=LINE('',#3445,#3446);
#2934=VERTEX_POINT('',#3448);
#2935=LINE('',#3449,#3450);
#2936=VERTEX_POINT('',#3452);
#2937=LINE('',#3453,#3454);
#2938=VERTEX_POINT('',#3456);
#2939=LINE('',#3457,#3458);
#2940=VERTEX_POINT('',#3460);
#2941=LINE('',#3461,#3462);
#2942=VERTEX_POINT('',#3464);
#2943=LINE('',#3465,#3466);
#2944=VERTEX_POINT('',#3468);
#2945=CIRCLE('',#3469,0.6);
#2946=VERTEX_POINT('',#3473);
#2947=LINE('',#3474,#3475);
#2948=VERTEX_POINT('',#3477);
#2949=LINE('',#3478,#3479);
#2950=LINE('',#3481,#3482);
#2951=VERTEX_POINT('',#3484);
#2952=LINE('',#3485,#3486);
#2953=VERTEX_POINT('',#3488);
#2954=LINE('',#3489,#3490);
#2955=LINE('',#3492,#3493);
#2956=VERTEX_POINT('',#3495);
#2957=LINE('',#3496,#3497);
#2958=VERTEX_POINT('',#3499);
#2959=LINE('',#3500,#3501);
#2960=LINE('',#3503,#3504);
#2961=VERTEX_POINT('',#3506);
#2962=LINE('',#3507,#3508);
#2963=VERTEX_POINT('',#3510);
#2964=LINE('',#3511,#3512);
#2965=VERTEX_POINT('',#3514);
#2966=LINE('',#3515,#3516);
#2967=VERTEX_POINT('',#3518);
#2968=CIRCLE('',#3519,0.6);
#2969=VERTEX_POINT('',#3523);
#2970=LINE('',#3524,#3525);
#2971=VERTEX_POINT('',#3527);
#2972=LINE('',#3528,#3529);
#2973=VERTEX_POINT('',#3531);
#2974=LINE('',#3532,#3533);
#2975=VERTEX_POINT('',#3535);
#2976=LINE('',#3536,#3537);
#2977=VERTEX_POINT('',#3539);
#2978=LINE('',#3540,#3541);
#2979=VERTEX_POINT('',#3543);
#2980=LINE('',#3544,#3545);
#2981=VERTEX_POINT('',#3547);
#2982=LINE('',#3548,#3549);
#2983=VERTEX_POINT('',#3551);
#2984=LINE('',#3552,#3553);
#2985=VERTEX_POINT('',#3555);
#2986=LINE('',#3556,#3557);
#2987=VERTEX_POINT('',#3559);
#2988=LINE('',#3560,#3561);
#2989=VERTEX_POINT('',#3563);
#2990=LINE('',#3564,#3565);
#2991=VERTEX_POINT('',#3567);
#2992=LINE('',#3568,#3569);
#2993=VERTEX_POINT('',#3571);
#2994=LINE('',#3572,#3573);
#2995=VERTEX_POINT('',#3575);
#2996=LINE('',#3576,#3577);
#2997=VERTEX_POINT('',#3579);
#2998=LINE('',#3580,#3581);
#2999=VERTEX_POINT('',#3583);
#3000=LINE('',#3584,#3585);
#3001=VERTEX_POINT('',#3587);
#3002=LINE('',#3588,#3589);
#3003=VERTEX_POINT('',#3591);
#3004=LINE('',#3592,#3593);
#3005=VERTEX_POINT('',#3595);
#3006=LINE('',#3596,#3597);
#3007=VERTEX_POINT('',#3599);
#3008=LINE('',#3600,#3601);
#3009=VERTEX_POINT('',#3603);
#3010=LINE('',#3604,#3605);
#3011=VERTEX_POINT('',#3607);
#3012=LINE('',#3608,#3609);
#3013=LINE('',#3611,#3612);
#3014=VERTEX_POINT('',#3614);
#3015=LINE('',#3615,#3616);
#3016=VERTEX_POINT('',#3618);
#3017=LINE('',#3619,#3620);
#3018=VERTEX_POINT('',#3622);
#3019=LINE('',#3623,#3624);
#3020=VERTEX_POINT('',#3626);
#3021=CIRCLE('',#3627,0.6);
#3022=LINE('',#3631,#3632);
#3023=LINE('',#3634,#3635);
#3024=LINE('',#3637,#3638);
#3025=LINE('',#3640,#3641);
#3026=LINE('',#3643,#3644);
#3027=LINE('',#3646,#3647);
#3028=VERTEX_POINT('',#3649);
#3029=VERTEX_POINT('',#3650);
#3030=LINE('',#3651,#3652);
#3031=LINE('',#3654,#3655);
#3032=VERTEX_POINT('',#3657);
#3033=LINE('',#3658,#3659);
#3034=VERTEX_POINT('',#3661);
#3035=LINE('',#3662,#3663);
#3036=LINE('',#3665,#3666);
#3037=VERTEX_POINT('',#3668);
#3038=LINE('',#3669,#3670);
#3039=LINE('',#3672,#3673);
#3040=VERTEX_POINT('',#3675);
#3041=VERTEX_POINT('',#3676);
#3042=LINE('',#3677,#3678);
#3043=VERTEX_POINT('',#3680);
#3044=LINE('',#3681,#3682);
#3045=LINE('',#3684,#3685);
#3046=LINE('',#3687,#3688);
#3047=VERTEX_POINT('',#3690);
#3048=LINE('',#3691,#3692);
#3049=LINE('',#3694,#3695);
#3050=VERTEX_POINT('',#3697);
#3051=VERTEX_POINT('',#3698);
#3052=LINE('',#3699,#3700);
#3053=VERTEX_POINT('',#3702);
#3054=LINE('',#3703,#3704);
#3055=VERTEX_POINT('',#3706);
#3056=LINE('',#3707,#3708);
#3057=LINE('',#3710,#3711);
#3058=VERTEX_POINT('',#3713);
#3059=VERTEX_POINT('',#3714);
#3060=LINE('',#3715,#3716);
#3061=VERTEX_POINT('',#3718);
#3062=LINE('',#3719,#3720);
#3063=VERTEX_POINT('',#3722);
#3064=LINE('',#3723,#3724);
#3065=LINE('',#3726,#3727);
#3066=VERTEX_POINT('',#3729);
#3067=VERTEX_POINT('',#3730);
#3068=LINE('',#3731,#3732);
#3069=VERTEX_POINT('',#3734);
#3070=LINE('',#3735,#3736);
#3071=VERTEX_POINT('',#3738);
#3072=LINE('',#3739,#3740);
#3073=LINE('',#3742,#3743);
#3074=VERTEX_POINT('',#3745);
#3075=VERTEX_POINT('',#3746);
#3076=LINE('',#3747,#3748);
#3077=VERTEX_POINT('',#3750);
#3078=LINE('',#3751,#3752);
#3079=VERTEX_POINT('',#3754);
#3080=LINE('',#3755,#3756);
#3081=LINE('',#3758,#3759);
#3082=VERTEX_POINT('',#3761);
#3083=VERTEX_POINT('',#3762);
#3084=LINE('',#3763,#3764);
#3085=VERTEX_POINT('',#3766);
#3086=LINE('',#3767,#3768);
#3087=LINE('',#3770,#3771);
#3088=LINE('',#3773,#3774);
#3089=VERTEX_POINT('',#3776);
#3090=LINE('',#3777,#3778);
#3091=LINE('',#3780,#3781);
#3092=VERTEX_POINT('',#3783);
#3093=LINE('',#3784,#3785);
#3094=VERTEX_POINT('',#3787);
#3095=LINE('',#3788,#3789);
#3096=VERTEX_POINT('',#3791);
#3097=LINE('',#3792,#3793);
#3098=LINE('',#3795,#3796);
#3099=LINE('',#3798,#3799);
#3100=LINE('',#3801,#3802);
#3101=LINE('',#3804,#3805);
#3102=LINE('',#3807,#3808);
#3103=LINE('',#3810,#3811);
#3104=LINE('',#3813,#3814);
#3105=LINE('',#3816,#3817);
#3106=VERTEX_POINT('',#3819);
#3107=LINE('',#3820,#3821);
#3108=LINE('',#3823,#3824);
#3109=VERTEX_POINT('',#3826);
#3110=LINE('',#3827,#3828);
#3111=LINE('',#3830,#3831);
#3112=VERTEX_POINT('',#3833);
#3113=LINE('',#3834,#3835);
#3114=LINE('',#3837,#3838);
#3115=VERTEX_POINT('',#3840);
#3116=VERTEX_POINT('',#3841);
#3117=LINE('',#3842,#3843);
#3118=VERTEX_POINT('',#3845);
#3119=LINE('',#3846,#3847);
#3120=VERTEX_POINT('',#3849);
#3121=LINE('',#3850,#3851);
#3122=LINE('',#3853,#3854);
#3123=VERTEX_POINT('',#3856);
#3124=LINE('',#3857,#3858);
#3125=LINE('',#3860,#3861);
#3126=VERTEX_POINT('',#3863);
#3127=LINE('',#3864,#3865);
#3128=LINE('',#3867,#3868);
#3129=VERTEX_POINT('',#3870);
#3130=LINE('',#3871,#3872);
#3131=LINE('',#3874,#3875);
#3132=VERTEX_POINT('',#3877);
#3133=LINE('',#3878,#3879);
#3134=LINE('',#3881,#3882);
#3135=VERTEX_POINT('',#3884);
#3136=VERTEX_POINT('',#3885);
#3137=LINE('',#3886,#3887);
#3138=VERTEX_POINT('',#3889);
#3139=LINE('',#3890,#3891);
#3140=VERTEX_POINT('',#3893);
#3141=LINE('',#3894,#3895);
#3142=LINE('',#3897,#3898);
#3143=VERTEX_POINT('',#3900);
#3144=LINE('',#3901,#3902);
#3145=LINE('',#3904,#3905);
#3146=VERTEX_POINT('',#3907);
#3147=LINE('',#3908,#3909);
#3148=LINE('',#3911,#3912);
#3149=VERTEX_POINT('',#3914);
#3150=LINE('',#3915,#3916);
#3151=LINE('',#3918,#3919);
#3152=VERTEX_POINT('',#3921);
#3153=LINE('',#3922,#3923);
#3154=LINE('',#3925,#3926);
#3155=VERTEX_POINT('',#3928);
#3156=VERTEX_POINT('',#3929);
#3157=LINE('',#3930,#3931);
#3158=VERTEX_POINT('',#3933);
#3159=LINE('',#3934,#3935);
#3160=VERTEX_POINT('',#3937);
#3161=LINE('',#3938,#3939);
#3162=LINE('',#3941,#3942);
#3163=VERTEX_POINT('',#3944);
#3164=LINE('',#3945,#3946);
#3165=LINE('',#3948,#3949);
#3166=VERTEX_POINT('',#3951);
#3167=LINE('',#3952,#3953);
#3168=LINE('',#3955,#3956);
#3169=VERTEX_POINT('',#3958);
#3170=LINE('',#3959,#3960);
#3171=LINE('',#3962,#3963);
#3172=VERTEX_POINT('',#3965);
#3173=LINE('',#3966,#3967);
#3174=LINE('',#3969,#3970);
#3175=VERTEX_POINT('',#3972);
#3176=VERTEX_POINT('',#3973);
#3177=LINE('',#3974,#3975);
#3178=VERTEX_POINT('',#3977);
#3179=LINE('',#3978,#3979);
#3180=VERTEX_POINT('',#3981);
#3181=LINE('',#3982,#3983);
#3182=LINE('',#3985,#3986);
#3183=VERTEX_POINT('',#3988);
#3184=LINE('',#3989,#3990);
#3185=LINE('',#3992,#3993);
#3186=LINE('',#3995,#3996);
#3187=VERTEX_POINT('',#3998);
#3188=LINE('',#3999,#4000);
#3189=LINE('',#4002,#4003);
#3190=LINE('',#4005,#4006);
#3191=VERTEX_POINT('',#4008);
#3192=VERTEX_POINT('',#4009);
#3193=LINE('',#4010,#4011);
#3194=VERTEX_POINT('',#4013);
#3195=LINE('',#4014,#4015);
#3196=LINE('',#4017,#4018);
#3197=LINE('',#4020,#4021);
#3198=LINE('',#4023,#4024);
#3199=LINE('',#4026,#4027);
#3200=VERTEX_POINT('',#4029);
#3201=VERTEX_POINT('',#4030);
#3202=LINE('',#4031,#4032);
#3203=LINE('',#4034,#4035);
#3204=LINE('',#4037,#4038);
#3205=VERTEX_POINT('',#4040);
#3206=LINE('',#4041,#4042);
#3207=LINE('',#4044,#4045);
#3208=VERTEX_POINT('',#4047);
#3209=LINE('',#4048,#4049);
#3210=LINE('',#4051,#4052);
#3211=LINE('',#4054,#4055);
#3212=VERTEX_POINT('',#4057);
#3213=VERTEX_POINT('',#4058);
#3214=LINE('',#4059,#4060);
#3215=LINE('',#4062,#4063);
#3216=LINE('',#4065,#4066);
#3217=VERTEX_POINT('',#4068);
#3218=LINE('',#4069,#4070);
#3219=LINE('',#4072,#4073);
#3220=VERTEX_POINT('',#4075);
#3221=LINE('',#4076,#4077);
#3222=LINE('',#4079,#4080);
#3223=LINE('',#4082,#4083);
#3224=VERTEX_POINT('',#4085);
#3225=VERTEX_POINT('',#4086);
#3226=LINE('',#4087,#4088);
#3227=LINE('',#4090,#4091);
#3228=LINE('',#4093,#4094);
#3229=VERTEX_POINT('',#4096);
#3230=LINE('',#4097,#4098);
#3231=LINE('',#4100,#4101);
#3232=VERTEX_POINT('',#4103);
#3233=LINE('',#4104,#4105);
#3234=LINE('',#4107,#4108);
#3235=LINE('',#4110,#4111);
#3236=VERTEX_POINT('',#4113);
#3237=VERTEX_POINT('',#4114);
#3238=LINE('',#4115,#4116);
#3239=LINE('',#4118,#4119);
#3240=LINE('',#4121,#4122);
#3241=VERTEX_POINT('',#4124);
#3242=LINE('',#4125,#4126);
#3243=LINE('',#4128,#4129);
#3244=VERTEX_POINT('',#4131);
#3245=LINE('',#4132,#4133);
#3246=LINE('',#4135,#4136);
#3247=LINE('',#4138,#4139);
#3248=LINE('',#4141,#4142);
#3249=LINE('',#4144,#4145);
#3250=VERTEX_POINT('',#4147);
#3251=VERTEX_POINT('',#4148);
#3252=LINE('',#4149,#4150);
#3253=LINE('',#4152,#4153);
#3254=LINE('',#4155,#4156);
#3255=VERTEX_POINT('',#4158);
#3256=LINE('',#4159,#4160);
#3257=LINE('',#4162,#4163);
#3258=VERTEX_POINT('',#4165);
#3259=LINE('',#4166,#4167);
#3260=LINE('',#4169,#4170);
#3261=LINE('',#4172,#4173);
#3262=VERTEX_POINT('',#4175);
#3263=VERTEX_POINT('',#4176);
#3264=LINE('',#4177,#4178);
#3265=LINE('',#4180,#4181);
#3266=LINE('',#4183,#4184);
#3267=VERTEX_POINT('',#4186);
#3268=LINE('',#4187,#4188);
#3269=LINE('',#4190,#4191);
#3270=VERTEX_POINT('',#4193);
#3271=LINE('',#4194,#4195);
#3272=LINE('',#4197,#4198);
#3273=LINE('',#4200,#4201);
#3274=VERTEX_POINT('',#4203);
#3275=VERTEX_POINT('',#4204);
#3276=LINE('',#4205,#4206);
#3277=LINE('',#4208,#4209);
#3278=LINE('',#4211,#4212);
#3279=VERTEX_POINT('',#4214);
#3280=LINE('',#4215,#4216);
#3281=LINE('',#4218,#4219);
#3282=VERTEX_POINT('',#4221);
#3283=LINE('',#4222,#4223);
#3284=LINE('',#4225,#4226);
#3285=LINE('',#4228,#4229);
#3286=VERTEX_POINT('',#4231);
#3287=VERTEX_POINT('',#4232);
#3288=LINE('',#4233,#4234);
#3289=LINE('',#4236,#4237);
#3290=LINE('',#4239,#4240);
#3291=VERTEX_POINT('',#4242);
#3292=LINE('',#4243,#4244);
#3293=LINE('',#4246,#4247);
#3294=VERTEX_POINT('',#4249);
#3295=LINE('',#4250,#4251);
#3296=LINE('',#4253,#4254);
#3297=LINE('',#4256,#4257);
#3298=VERTEX_POINT('',#4259);
#3299=LINE('',#4260,#4261);
#3300=VERTEX_POINT('',#4263);
#3301=LINE('',#4264,#4265);
#3302=LINE('',#4267,#4268);
#3303=VERTEX_POINT('',#4270);
#3304=LINE('',#4271,#4272);
#3305=LINE('',#4274,#4275);
#3306=VERTEX_POINT('',#4277);
#3307=LINE('',#4278,#4279);
#3308=LINE('',#4281,#4282);
#3309=LINE('',#4284,#4285);
#3310=VERTEX_POINT('',#4287);
#3311=LINE('',#4288,#4289);
#3312=VERTEX_POINT('',#4291);
#3313=LINE('',#4292,#4293);
#3314=LINE('',#4295,#4296);
#3315=VERTEX_POINT('',#4298);
#3316=LINE('',#4299,#4300);
#3317=LINE('',#4302,#4303);
#3318=VERTEX_POINT('',#4305);
#3319=LINE('',#4306,#4307);
#3320=LINE('',#4309,#4310);
#3321=LINE('',#4312,#4313);
#3322=VERTEX_POINT('',#4315);
#3323=LINE('',#4316,#4317);
#3324=VERTEX_POINT('',#4319);
#3325=LINE('',#4320,#4321);
#3326=LINE('',#4323,#4324);
#3327=VERTEX_POINT('',#4326);
#3328=LINE('',#4327,#4328);
#3329=LINE('',#4330,#4331);
#3330=VERTEX_POINT('',#4333);
#3331=LINE('',#4334,#4335);
#3332=LINE('',#4337,#4338);
#3333=LINE('',#4340,#4341);
#3334=VERTEX_POINT('',#4343);
#3335=LINE('',#4344,#4345);
#3336=VERTEX_POINT('',#4347);
#3337=LINE('',#4348,#4349);
#3338=LINE('',#4351,#4352);
#3339=VERTEX_POINT('',#4354);
#3340=LINE('',#4355,#4356);
#3341=LINE('',#4358,#4359);
#3342=VERTEX_POINT('',#4361);
#3343=LINE('',#4362,#4363);
#3344=LINE('',#4365,#4366);
#3345=LINE('',#4368,#4369);
#3346=VERTEX_POINT('',#4371);
#3347=LINE('',#4372,#4373);
#3348=VERTEX_POINT('',#4375);
#3349=LINE('',#4376,#4377);
#3350=LINE('',#4379,#4380);
#3351=VERTEX_POINT('',#4382);
#3352=LINE('',#4383,#4384);
#3353=LINE('',#4386,#4387);
#3354=VERTEX_POINT('',#4389);
#3355=LINE('',#4390,#4391);
#3356=LINE('',#4393,#4394);
#3357=LINE('',#4396,#4397);
#3358=VERTEX_POINT('',#4399);
#3359=LINE('',#4400,#4401);
#3360=VERTEX_POINT('',#4403);
#3361=LINE('',#4404,#4405);
#3362=LINE('',#4407,#4408);
#3363=VERTEX_POINT('',#4410);
#3364=LINE('',#4411,#4412);
#3365=LINE('',#4414,#4415);
#3366=VERTEX_POINT('',#4417);
#3367=LINE('',#4418,#4419);
#3368=LINE('',#4421,#4422);
#3369=LINE('',#4424,#4425);
#3370=VERTEX_POINT('',#4427);
#3371=LINE('',#4428,#4429);
#3372=VERTEX_POINT('',#4431);
#3373=LINE('',#4432,#4433);
#3374=LINE('',#4435,#4436);
#3375=VERTEX_POINT('',#4438);
#3376=LINE('',#4439,#4440);
#3377=LINE('',#4442,#4443);
#3378=VERTEX_POINT('',#4445);
#3379=LINE('',#4446,#4447);
#3380=LINE('',#4449,#4450);
#3381=LINE('',#4452,#4453);
#3382=VERTEX_POINT('',#4455);
#3383=LINE('',#4456,#4457);
#3384=VERTEX_POINT('',#4459);
#3385=LINE('',#4460,#4461);
#3386=LINE('',#4463,#4464);
#3387=VERTEX_POINT('',#4466);
#3388=LINE('',#4467,#4468);
#3389=LINE('',#4470,#4471);
#3390=VERTEX_POINT('',#4473);
#3391=LINE('',#4474,#4475);
#3392=LINE('',#4477,#4478);
#3393=LINE('',#4480,#4481);
#3394=CARTESIAN_POINT('',(6.25,-1.5,7.));
#3395=CARTESIAN_POINT('',(6.25,-1.5,3.));
#3396=CARTESIAN_POINT('',(6.25,-1.5,7.));
#3397=VECTOR('',#3398,1.);
#3398=DIRECTION('',(0.,0.,-1.));
#3399=CARTESIAN_POINT('',(8.15,-1.5,3.));
#3400=CARTESIAN_POINT('',(6.25,-1.5,3.));
#3401=VECTOR('',#3402,1.);
#3402=DIRECTION('',(1.,0.,0.));
#3403=CARTESIAN_POINT('',(8.75,-1.5,3.6));
#3404=AXIS2_PLACEMENT_3D('',#3405,#3406,#3407);
#3405=CARTESIAN_POINT('',(8.15,-1.5,3.6));
#3406=DIRECTION('',(0.,-1.,0.));
#3407=DIRECTION('',(0.,0.,-1.));
#3408=CARTESIAN_POINT('',(8.75,-1.5,6.2));
#3409=CARTESIAN_POINT('',(8.75,-1.5,3.6));
#3410=VECTOR('',#3411,1.);
#3411=DIRECTION('',(0.,0.,1.));
#3412=CARTESIAN_POINT('',(8.35,-1.5,6.6));
#3413=CARTESIAN_POINT('',(8.75,-1.5,6.2));
#3414=VECTOR('',#3415,1.);
#3415=DIRECTION('',(-0.707106781186547,0.,0.707106781186547));
#3416=CARTESIAN_POINT('',(8.75,-1.5,7.));
#3417=CARTESIAN_POINT('',(8.35,-1.5,6.6));
#3418=VECTOR('',#3419,1.);
#3419=DIRECTION('',(0.707106781186548,0.,0.707106781186547));
#3420=CARTESIAN_POINT('',(10.,-1.5,7.));
#3421=CARTESIAN_POINT('',(8.75,-1.5,7.));
#3422=VECTOR('',#3423,1.);
#3423=DIRECTION('',(1.,-1.77635683940025E-016,0.));
#3424=CARTESIAN_POINT('',(10.,-1.5,3.));
#3425=CARTESIAN_POINT('',(10.,-1.5,3.));
#3426=VECTOR('',#3427,1.);
#3427=DIRECTION('',(0.,0.,1.));
#3428=CARTESIAN_POINT('',(9.3,-1.5,3.));
#3429=CARTESIAN_POINT('',(10.,-1.5,3.));
#3430=VECTOR('',#3431,1.);
#3431=DIRECTION('',(-1.,0.,0.));
#3432=CARTESIAN_POINT('',(9.3,-1.5,2.));
#3433=CARTESIAN_POINT('',(9.3,-1.5,2.));
#3434=VECTOR('',#3435,1.);
#3435=DIRECTION('',(0.,0.,1.));
#3436=CARTESIAN_POINT('',(-1.8,-1.5,2.));
#3437=CARTESIAN_POINT('',(-1.8,-1.5,2.));
#3438=VECTOR('',#3439,1.);
#3439=DIRECTION('',(1.,0.,0.));
#3440=CARTESIAN_POINT('',(-1.8,-1.5,3.));
#3441=CARTESIAN_POINT('',(-1.8,-1.5,2.));
#3442=VECTOR('',#3443,1.);
#3443=DIRECTION('',(0.,0.,1.));
#3444=CARTESIAN_POINT('',(-2.5,-1.5,3.));
#3445=CARTESIAN_POINT('',(-1.8,-1.5,3.));
#3446=VECTOR('',#3447,1.);
#3447=DIRECTION('',(-1.,0.,0.));
#3448=CARTESIAN_POINT('',(-2.5,-1.5,7.));
#3449=CARTESIAN_POINT('',(-2.5,-1.5,3.));
#3450=VECTOR('',#3451,1.);
#3451=DIRECTION('',(0.,0.,1.));
#3452=CARTESIAN_POINT('',(-1.25,-1.5,7.));
#3453=CARTESIAN_POINT('',(-2.5,-1.5,7.));
#3454=VECTOR('',#3455,1.);
#3455=DIRECTION('',(1.,1.77635683940025E-016,0.));
#3456=CARTESIAN_POINT('',(-0.85,-1.5,6.6));
#3457=CARTESIAN_POINT('',(-1.25,-1.5,7.));
#3458=VECTOR('',#3459,1.);
#3459=DIRECTION('',(0.707106781186547,0.,-0.707106781186548));
#3460=CARTESIAN_POINT('',(-1.25,-1.5,6.2));
#3461=CARTESIAN_POINT('',(-0.85,-1.5,6.6));
#3462=VECTOR('',#3463,1.);
#3463=DIRECTION('',(-0.707106781186547,0.,-0.707106781186548));
#3464=CARTESIAN_POINT('',(-1.25,-1.5,3.6));
#3465=CARTESIAN_POINT('',(-1.25,-1.5,6.2));
#3466=VECTOR('',#3467,1.);
#3467=DIRECTION('',(0.,0.,-1.));
#3468=CARTESIAN_POINT('',(-0.65,-1.5,3.));
#3469=AXIS2_PLACEMENT_3D('',#3470,#3471,#3472);
#3470=CARTESIAN_POINT('',(-0.65,-1.5,3.6));
#3471=DIRECTION('',(0.,-1.,0.));
#3472=DIRECTION('',(-1.,0.,0.));
#3473=CARTESIAN_POINT('',(1.25,-1.5,3.));
#3474=CARTESIAN_POINT('',(-0.65,-1.5,3.));
#3475=VECTOR('',#3476,1.);
#3476=DIRECTION('',(1.,0.,0.));
#3477=CARTESIAN_POINT('',(1.25,-1.5,7.));
#3478=CARTESIAN_POINT('',(1.25,-1.5,3.));
#3479=VECTOR('',#3480,1.);
#3480=DIRECTION('',(0.,0.,1.));
#3481=CARTESIAN_POINT('',(1.25,-1.5,7.));
#3482=VECTOR('',#3483,1.);
#3483=DIRECTION('',(1.,0.,0.));
#3484=CARTESIAN_POINT('',(6.25,-2.2,7.));
#3485=CARTESIAN_POINT('',(6.25,-1.5,7.));
#3486=VECTOR('',#3487,1.);
#3487=DIRECTION('',(0.,-1.,0.));
#3488=CARTESIAN_POINT('',(1.25,-2.2,7.));
#3489=CARTESIAN_POINT('',(1.25,-2.2,7.));
#3490=VECTOR('',#3491,1.);
#3491=DIRECTION('',(0.,1.,0.));
#3492=CARTESIAN_POINT('',(1.25,-2.2,7.));
#3493=VECTOR('',#3494,1.);
#3494=DIRECTION('',(1.,0.,0.));
#3495=CARTESIAN_POINT('',(8.75,-2.2,7.));
#3496=CARTESIAN_POINT('',(8.75,-2.2,7.));
#3497=VECTOR('',#3498,1.);
#3498=DIRECTION('',(0.,1.,0.));
#3499=CARTESIAN_POINT('',(10.,-2.2,7.));
#3500=CARTESIAN_POINT('',(8.75,-2.2,7.));
#3501=VECTOR('',#3502,1.);
#3502=DIRECTION('',(1.,0.,0.));
#3503=CARTESIAN_POINT('',(10.,-2.2,7.));
#3504=VECTOR('',#3505,1.);
#3505=DIRECTION('',(0.,1.,0.));
#3506=CARTESIAN_POINT('',(6.25,-2.2,3.));
#3507=CARTESIAN_POINT('',(6.25,-2.2,7.));
#3508=VECTOR('',#3509,1.);
#3509=DIRECTION('',(0.,0.,-1.));
#3510=CARTESIAN_POINT('',(1.25,-2.2,3.));
#3511=CARTESIAN_POINT('',(1.25,-2.2,3.));
#3512=VECTOR('',#3513,1.);
#3513=DIRECTION('',(0.,0.,1.));
#3514=CARTESIAN_POINT('',(-0.65,-2.2,3.));
#3515=CARTESIAN_POINT('',(-0.65,-2.2,3.));
#3516=VECTOR('',#3517,1.);
#3517=DIRECTION('',(1.,0.,0.));
#3518=CARTESIAN_POINT('',(-1.25,-2.2,3.6));
#3519=AXIS2_PLACEMENT_3D('',#3520,#3521,#3522);
#3520=CARTESIAN_POINT('',(-0.65,-2.2,3.6));
#3521=DIRECTION('',(0.,-1.,0.));
#3522=DIRECTION('',(-1.,0.,0.));
#3523=CARTESIAN_POINT('',(-1.25,-2.2,6.2));
#3524=CARTESIAN_POINT('',(-1.25,-2.2,6.2));
#3525=VECTOR('',#3526,1.);
#3526=DIRECTION('',(0.,0.,-1.));
#3527=CARTESIAN_POINT('',(-0.85,-2.2,6.6));
#3528=CARTESIAN_POINT('',(-0.85,-2.2,6.6));
#3529=VECTOR('',#3530,1.);
#3530=DIRECTION('',(-0.707106781186547,0.,-0.707106781186548));
#3531=CARTESIAN_POINT('',(-1.25,-2.2,7.));
#3532=CARTESIAN_POINT('',(-1.25,-2.2,7.));
#3533=VECTOR('',#3534,1.);
#3534=DIRECTION('',(0.707106781186547,0.,-0.707106781186548));
#3535=CARTESIAN_POINT('',(-2.5,-2.2,7.));
#3536=CARTESIAN_POINT('',(-2.5,-2.2,7.));
#3537=VECTOR('',#3538,1.);
#3538=DIRECTION('',(1.,0.,0.));
#3539=CARTESIAN_POINT('',(-2.5,-2.2,0.));
#3540=CARTESIAN_POINT('',(-2.5,-2.2,0.));
#3541=VECTOR('',#3542,1.);
#3542=DIRECTION('',(0.,0.,1.));
#3543=CARTESIAN_POINT('',(-0.85,-2.2,0.));
#3544=CARTESIAN_POINT('',(-0.85,-2.2,0.));
#3545=VECTOR('',#3546,1.);
#3546=DIRECTION('',(-1.,0.,0.));
#3547=CARTESIAN_POINT('',(-0.85,-2.2,0.4));
#3548=CARTESIAN_POINT('',(-0.85,-2.2,0.4));
#3549=VECTOR('',#3550,1.);
#3550=DIRECTION('',(0.,0.,-1.));
#3551=CARTESIAN_POINT('',(0.85,-2.2,0.4));
#3552=CARTESIAN_POINT('',(-0.85,-2.2,0.4));
#3553=VECTOR('',#3554,1.);
#3554=DIRECTION('',(1.,0.,0.));
#3555=CARTESIAN_POINT('',(0.85,-2.2,0.));
#3556=CARTESIAN_POINT('',(0.85,-2.2,0.));
#3557=VECTOR('',#3558,1.);
#3558=DIRECTION('',(0.,0.,1.));
#3559=CARTESIAN_POINT('',(1.65,-2.2,0.));
#3560=CARTESIAN_POINT('',(0.85,-2.2,0.));
#3561=VECTOR('',#3562,1.);
#3562=DIRECTION('',(1.,0.,0.));
#3563=CARTESIAN_POINT('',(1.65,-2.2,0.4));
#3564=CARTESIAN_POINT('',(1.65,-2.2,0.4));
#3565=VECTOR('',#3566,1.);
#3566=DIRECTION('',(0.,0.,-1.));
#3567=CARTESIAN_POINT('',(3.35,-2.2,0.4));
#3568=CARTESIAN_POINT('',(1.65,-2.2,0.4));
#3569=VECTOR('',#3570,1.);
#3570=DIRECTION('',(1.,0.,0.));
#3571=CARTESIAN_POINT('',(3.35,-2.2,0.));
#3572=CARTESIAN_POINT('',(3.35,-2.2,0.));
#3573=VECTOR('',#3574,1.);
#3574=DIRECTION('',(0.,0.,1.));
#3575=CARTESIAN_POINT('',(4.15,-2.2,0.));
#3576=CARTESIAN_POINT('',(3.35,-2.2,0.));
#3577=VECTOR('',#3578,1.);
#3578=DIRECTION('',(1.,0.,0.));
#3579=CARTESIAN_POINT('',(4.15,-2.2,0.4));
#3580=CARTESIAN_POINT('',(4.15,-2.2,0.4));
#3581=VECTOR('',#3582,1.);
#3582=DIRECTION('',(0.,0.,-1.));
#3583=CARTESIAN_POINT('',(5.85,-2.2,0.4));
#3584=CARTESIAN_POINT('',(4.15,-2.2,0.4));
#3585=VECTOR('',#3586,1.);
#3586=DIRECTION('',(1.,0.,0.));
#3587=CARTESIAN_POINT('',(5.85,-2.2,0.));
#3588=CARTESIAN_POINT('',(5.85,-2.2,0.));
#3589=VECTOR('',#3590,1.);
#3590=DIRECTION('',(0.,0.,1.));
#3591=CARTESIAN_POINT('',(6.65,-2.2,0.));
#3592=CARTESIAN_POINT('',(5.85,-2.2,0.));
#3593=VECTOR('',#3594,1.);
#3594=DIRECTION('',(1.,0.,0.));
#3595=CARTESIAN_POINT('',(6.65,-2.2,0.4));
#3596=CARTESIAN_POINT('',(6.65,-2.2,0.4));
#3597=VECTOR('',#3598,1.);
#3598=DIRECTION('',(0.,0.,-1.));
#3599=CARTESIAN_POINT('',(8.35,-2.2,0.4));
#3600=CARTESIAN_POINT('',(6.65,-2.2,0.4));
#3601=VECTOR('',#3602,1.);
#3602=DIRECTION('',(1.,0.,0.));
#3603=CARTESIAN_POINT('',(8.35,-2.2,0.));
#3604=CARTESIAN_POINT('',(8.35,-2.2,0.));
#3605=VECTOR('',#3606,1.);
#3606=DIRECTION('',(0.,0.,1.));
#3607=CARTESIAN_POINT('',(10.,-2.2,0.));
#3608=CARTESIAN_POINT('',(8.35,-2.2,0.));
#3609=VECTOR('',#3610,1.);
#3610=DIRECTION('',(1.,0.,0.));
#3611=CARTESIAN_POINT('',(10.,-2.2,0.));
#3612=VECTOR('',#3613,1.);
#3613=DIRECTION('',(0.,0.,1.));
#3614=CARTESIAN_POINT('',(8.35,-2.2,6.6));
#3615=CARTESIAN_POINT('',(8.35,-2.2,6.6));
#3616=VECTOR('',#3617,1.);
#3617=DIRECTION('',(0.707106781186547,0.,0.707106781186547));
#3618=CARTESIAN_POINT('',(8.75,-2.2,6.2));
#3619=CARTESIAN_POINT('',(8.75,-2.2,6.2));
#3620=VECTOR('',#3621,1.);
#3621=DIRECTION('',(-0.707106781186547,0.,0.707106781186547));
#3622=CARTESIAN_POINT('',(8.75,-2.2,3.6));
#3623=CARTESIAN_POINT('',(8.75,-2.2,3.6));
#3624=VECTOR('',#3625,1.);
#3625=DIRECTION('',(0.,0.,1.));
#3626=CARTESIAN_POINT('',(8.15,-2.2,3.));
#3627=AXIS2_PLACEMENT_3D('',#3628,#3629,#3630);
#3628=CARTESIAN_POINT('',(8.15,-2.2,3.6));
#3629=DIRECTION('',(0.,-1.,0.));
#3630=DIRECTION('',(0.,0.,-1.));
#3631=CARTESIAN_POINT('',(6.25,-2.2,3.));
#3632=VECTOR('',#3633,1.);
#3633=DIRECTION('',(1.,0.,0.));
#3634=CARTESIAN_POINT('',(8.35,-1.5,6.6));
#3635=VECTOR('',#3636,1.);
#3636=DIRECTION('',(0.,-1.,0.));
#3637=CARTESIAN_POINT('',(8.75,-1.5,6.2));
#3638=VECTOR('',#3639,1.);
#3639=DIRECTION('',(0.,-1.,0.));
#3640=CARTESIAN_POINT('',(8.75,-1.5,3.6));
#3641=VECTOR('',#3642,1.);
#3642=DIRECTION('',(0.,-1.,0.));
#3643=CARTESIAN_POINT('',(8.15,-1.5,3.));
#3644=VECTOR('',#3645,1.);
#3645=DIRECTION('',(0.,-1.,0.));
#3646=CARTESIAN_POINT('',(6.25,-1.5,3.));
#3647=VECTOR('',#3648,1.);
#3648=DIRECTION('',(0.,-1.,0.));
#3649=CARTESIAN_POINT('',(10.,-0.4,7.));
#3650=CARTESIAN_POINT('',(10.,-0.4,3.));
#3651=CARTESIAN_POINT('',(10.,-0.4,7.));
#3652=VECTOR('',#3653,1.);
#3653=DIRECTION('',(0.,0.,-1.));
#3654=CARTESIAN_POINT('',(10.,-0.4,3.));
#3655=VECTOR('',#3656,1.);
#3656=DIRECTION('',(0.,-1.,0.));
#3657=CARTESIAN_POINT('',(10.,3.55,0.));
#3658=CARTESIAN_POINT('',(10.,3.55,0.));
#3659=VECTOR('',#3660,1.);
#3660=DIRECTION('',(0.,-1.,0.));
#3661=CARTESIAN_POINT('',(10.,3.55,7.));
#3662=CARTESIAN_POINT('',(10.,3.55,7.));
#3663=VECTOR('',#3664,1.);
#3664=DIRECTION('',(0.,0.,-1.));
#3665=CARTESIAN_POINT('',(10.,-0.4,7.));
#3666=VECTOR('',#3667,1.);
#3667=DIRECTION('',(0.,1.,0.));
#3668=CARTESIAN_POINT('',(9.3,-0.4,3.));
#3669=CARTESIAN_POINT('',(9.3,-0.4,3.));
#3670=VECTOR('',#3671,1.);
#3671=DIRECTION('',(0.,-1.,0.));
#3672=CARTESIAN_POINT('',(10.,-0.4,3.));
#3673=VECTOR('',#3674,1.);
#3674=DIRECTION('',(-1.,0.,0.));
#3675=CARTESIAN_POINT('',(9.3,2.85,6.7));
#3676=CARTESIAN_POINT('',(9.3,-0.4,6.7));
#3677=CARTESIAN_POINT('',(9.3,2.85,6.7));
#3678=VECTOR('',#3679,1.);
#3679=DIRECTION('',(0.,-1.,0.));
#3680=CARTESIAN_POINT('',(9.3,2.85,2.));
#3681=CARTESIAN_POINT('',(9.3,2.85,6.7));
#3682=VECTOR('',#3683,1.);
#3683=DIRECTION('',(0.,0.,-1.));
#3684=CARTESIAN_POINT('',(9.3,2.85,2.));
#3685=VECTOR('',#3686,1.);
#3686=DIRECTION('',(0.,-1.,0.));
#3687=CARTESIAN_POINT('',(9.3,-0.4,6.7));
#3688=VECTOR('',#3689,1.);
#3689=DIRECTION('',(0.,0.,-1.));
#3690=CARTESIAN_POINT('',(-1.8,2.85,2.));
#3691=CARTESIAN_POINT('',(9.3,2.85,2.));
#3692=VECTOR('',#3693,1.);
#3693=DIRECTION('',(-1.,0.,0.));
#3694=CARTESIAN_POINT('',(-1.8,2.85,2.));
#3695=VECTOR('',#3696,1.);
#3696=DIRECTION('',(0.,-1.,0.));
#3697=CARTESIAN_POINT('',(2.82,0.32,2.));
#3698=CARTESIAN_POINT('',(2.18,0.32,2.));
#3699=CARTESIAN_POINT('',(2.82,0.32,2.));
#3700=VECTOR('',#3701,1.);
#3701=DIRECTION('',(-1.,0.,0.));
#3702=CARTESIAN_POINT('',(2.82,-0.32,2.));
#3703=CARTESIAN_POINT('',(2.82,-0.32,2.));
#3704=VECTOR('',#3705,1.);
#3705=DIRECTION('',(0.,1.,0.));
#3706=CARTESIAN_POINT('',(2.18,-0.32,2.));
#3707=CARTESIAN_POINT('',(2.18,-0.32,2.));
#3708=VECTOR('',#3709,1.);
#3709=DIRECTION('',(1.,0.,0.));
#3710=CARTESIAN_POINT('',(2.18,0.32,2.));
#3711=VECTOR('',#3712,1.);
#3712=DIRECTION('',(0.,-1.,0.));
#3713=CARTESIAN_POINT('',(5.32,0.32,2.));
#3714=CARTESIAN_POINT('',(4.68,0.32,2.));
#3715=CARTESIAN_POINT('',(5.32,0.32,2.));
#3716=VECTOR('',#3717,1.);
#3717=DIRECTION('',(-1.,0.,0.));
#3718=CARTESIAN_POINT('',(5.32,-0.32,2.));
#3719=CARTESIAN_POINT('',(5.32,-0.32,2.));
#3720=VECTOR('',#3721,1.);
#3721=DIRECTION('',(0.,1.,0.));
#3722=CARTESIAN_POINT('',(4.68,-0.32,2.));
#3723=CARTESIAN_POINT('',(4.68,-0.32,2.));
#3724=VECTOR('',#3725,1.);
#3725=DIRECTION('',(1.,0.,0.));
#3726=CARTESIAN_POINT('',(4.68,0.32,2.));
#3727=VECTOR('',#3728,1.);
#3728=DIRECTION('',(0.,-1.,0.));
#3729=CARTESIAN_POINT('',(7.82,0.32,2.));
#3730=CARTESIAN_POINT('',(7.18,0.32,2.));
#3731=CARTESIAN_POINT('',(7.82,0.32,2.));
#3732=VECTOR('',#3733,1.);
#3733=DIRECTION('',(-1.,0.,0.));
#3734=CARTESIAN_POINT('',(7.82,-0.32,2.));
#3735=CARTESIAN_POINT('',(7.82,-0.32,2.));
#3736=VECTOR('',#3737,1.);
#3737=DIRECTION('',(0.,1.,0.));
#3738=CARTESIAN_POINT('',(7.18,-0.32,2.));
#3739=CARTESIAN_POINT('',(7.18,-0.32,2.));
#3740=VECTOR('',#3741,1.);
#3741=DIRECTION('',(1.,0.,0.));
#3742=CARTESIAN_POINT('',(7.18,0.32,2.));
#3743=VECTOR('',#3744,1.);
#3744=DIRECTION('',(0.,-1.,0.));
#3745=CARTESIAN_POINT('',(0.32,0.32,2.));
#3746=CARTESIAN_POINT('',(-0.32,0.32,2.));
#3747=CARTESIAN_POINT('',(0.32,0.32,2.));
#3748=VECTOR('',#3749,1.);
#3749=DIRECTION('',(-1.,0.,0.));
#3750=CARTESIAN_POINT('',(0.32,-0.32,2.));
#3751=CARTESIAN_POINT('',(0.32,-0.32,2.));
#3752=VECTOR('',#3753,1.);
#3753=DIRECTION('',(0.,1.,0.));
#3754=CARTESIAN_POINT('',(-0.32,-0.32,2.));
#3755=CARTESIAN_POINT('',(-0.32,-0.32,2.));
#3756=VECTOR('',#3757,1.);
#3757=DIRECTION('',(1.,0.,0.));
#3758=CARTESIAN_POINT('',(-0.32,0.32,2.));
#3759=VECTOR('',#3760,1.);
#3760=DIRECTION('',(0.,-1.,0.));
#3761=CARTESIAN_POINT('',(-1.8,-0.4,6.7));
#3762=CARTESIAN_POINT('',(-1.8,2.85,6.7));
#3763=CARTESIAN_POINT('',(-1.8,2.85,6.7));
#3764=VECTOR('',#3765,1.);
#3765=DIRECTION('',(0.,-1.,0.));
#3766=CARTESIAN_POINT('',(-1.8,-0.4,3.));
#3767=CARTESIAN_POINT('',(-1.8,-0.4,6.7));
#3768=VECTOR('',#3769,1.);
#3769=DIRECTION('',(0.,0.,-1.));
#3770=CARTESIAN_POINT('',(-1.8,-0.4,3.));
#3771=VECTOR('',#3772,1.);
#3772=DIRECTION('',(0.,-1.,0.));
#3773=CARTESIAN_POINT('',(-1.8,2.85,6.7));
#3774=VECTOR('',#3775,1.);
#3775=DIRECTION('',(0.,0.,-1.));
#3776=CARTESIAN_POINT('',(-2.5,-0.4,3.));
#3777=CARTESIAN_POINT('',(-1.8,-0.4,3.));
#3778=VECTOR('',#3779,1.);
#3779=DIRECTION('',(-1.,0.,0.));
#3780=CARTESIAN_POINT('',(-2.5,-0.4,3.));
#3781=VECTOR('',#3782,1.);
#3782=DIRECTION('',(0.,-1.,0.));
#3783=CARTESIAN_POINT('',(-2.5,-0.4,7.));
#3784=CARTESIAN_POINT('',(-2.5,-0.4,7.));
#3785=VECTOR('',#3786,1.);
#3786=DIRECTION('',(0.,0.,-1.));
#3787=CARTESIAN_POINT('',(-2.5,3.55,7.));
#3788=CARTESIAN_POINT('',(-2.5,-0.4,7.));
#3789=VECTOR('',#3790,1.);
#3790=DIRECTION('',(0.,1.,0.));
#3791=CARTESIAN_POINT('',(-2.5,3.55,0.));
#3792=CARTESIAN_POINT('',(-2.5,3.55,7.));
#3793=VECTOR('',#3794,1.);
#3794=DIRECTION('',(0.,0.,-1.));
#3795=CARTESIAN_POINT('',(-2.5,3.55,0.));
#3796=VECTOR('',#3797,1.);
#3797=DIRECTION('',(0.,-1.,0.));
#3798=CARTESIAN_POINT('',(-2.5,-2.2,7.));
#3799=VECTOR('',#3800,1.);
#3800=DIRECTION('',(0.,1.,0.));
#3801=CARTESIAN_POINT('',(-1.25,-1.5,7.));
#3802=VECTOR('',#3803,1.);
#3803=DIRECTION('',(0.,-1.,0.));
#3804=CARTESIAN_POINT('',(-0.85,-1.5,6.6));
#3805=VECTOR('',#3806,1.);
#3806=DIRECTION('',(0.,-1.,0.));
#3807=CARTESIAN_POINT('',(-1.25,-1.5,6.2));
#3808=VECTOR('',#3809,1.);
#3809=DIRECTION('',(0.,-1.,0.));
#3810=CARTESIAN_POINT('',(-1.25,-1.5,3.6));
#3811=VECTOR('',#3812,1.);
#3812=DIRECTION('',(0.,-1.,0.));
#3813=CARTESIAN_POINT('',(-0.65,-1.5,3.));
#3814=VECTOR('',#3815,1.);
#3815=DIRECTION('',(0.,-1.,0.));
#3816=CARTESIAN_POINT('',(1.25,-1.5,3.));
#3817=VECTOR('',#3818,1.);
#3818=DIRECTION('',(0.,-1.,0.));
#3819=CARTESIAN_POINT('',(-0.85,3.55,0.));
#3820=CARTESIAN_POINT('',(-0.85,3.55,0.));
#3821=VECTOR('',#3822,1.);
#3822=DIRECTION('',(0.,-1.,0.));
#3823=CARTESIAN_POINT('',(-0.85,3.55,0.));
#3824=VECTOR('',#3825,1.);
#3825=DIRECTION('',(-1.,0.,0.));
#3826=CARTESIAN_POINT('',(-0.85,3.55,0.4));
#3827=CARTESIAN_POINT('',(-0.85,3.55,0.));
#3828=VECTOR('',#3829,1.);
#3829=DIRECTION('',(0.,0.,1.));
#3830=CARTESIAN_POINT('',(-0.85,-2.2,0.4));
#3831=VECTOR('',#3832,1.);
#3832=DIRECTION('',(0.,1.,0.));
#3833=CARTESIAN_POINT('',(0.85,3.55,0.4));
#3834=CARTESIAN_POINT('',(0.85,3.55,0.4));
#3835=VECTOR('',#3836,1.);
#3836=DIRECTION('',(-1.,0.,0.));
#3837=CARTESIAN_POINT('',(0.85,3.55,0.4));
#3838=VECTOR('',#3839,1.);
#3839=DIRECTION('',(0.,-1.,0.));
#3840=CARTESIAN_POINT('',(-0.32,0.32,0.4));
#3841=CARTESIAN_POINT('',(0.32,0.32,0.4));
#3842=CARTESIAN_POINT('',(-0.32,0.32,0.4));
#3843=VECTOR('',#3844,1.);
#3844=DIRECTION('',(1.,0.,0.));
#3845=CARTESIAN_POINT('',(-0.32,-0.32,0.4));
#3846=CARTESIAN_POINT('',(-0.32,-0.32,0.4));
#3847=VECTOR('',#3848,1.);
#3848=DIRECTION('',(0.,1.,0.));
#3849=CARTESIAN_POINT('',(0.32,-0.32,0.4));
#3850=CARTESIAN_POINT('',(0.32,-0.32,0.4));
#3851=VECTOR('',#3852,1.);
#3852=DIRECTION('',(-1.,0.,0.));
#3853=CARTESIAN_POINT('',(0.32,0.32,0.4));
#3854=VECTOR('',#3855,1.);
#3855=DIRECTION('',(0.,-1.,0.));
#3856=CARTESIAN_POINT('',(0.85,3.55,0.));
#3857=CARTESIAN_POINT('',(0.85,3.55,0.4));
#3858=VECTOR('',#3859,1.);
#3859=DIRECTION('',(0.,0.,-1.));
#3860=CARTESIAN_POINT('',(0.85,-2.2,0.));
#3861=VECTOR('',#3862,1.);
#3862=DIRECTION('',(0.,1.,0.));
#3863=CARTESIAN_POINT('',(1.65,3.55,0.));
#3864=CARTESIAN_POINT('',(1.65,3.55,0.));
#3865=VECTOR('',#3866,1.);
#3866=DIRECTION('',(0.,-1.,0.));
#3867=CARTESIAN_POINT('',(1.65,3.55,0.));
#3868=VECTOR('',#3869,1.);
#3869=DIRECTION('',(-1.,0.,0.));
#3870=CARTESIAN_POINT('',(1.65,3.55,0.4));
#3871=CARTESIAN_POINT('',(1.65,3.55,0.));
#3872=VECTOR('',#3873,1.);
#3873=DIRECTION('',(0.,0.,1.));
#3874=CARTESIAN_POINT('',(1.65,-2.2,0.4));
#3875=VECTOR('',#3876,1.);
#3876=DIRECTION('',(0.,1.,0.));
#3877=CARTESIAN_POINT('',(3.35,3.55,0.4));
#3878=CARTESIAN_POINT('',(3.35,3.55,0.4));
#3879=VECTOR('',#3880,1.);
#3880=DIRECTION('',(-1.,0.,0.));
#3881=CARTESIAN_POINT('',(3.35,3.55,0.4));
#3882=VECTOR('',#3883,1.);
#3883=DIRECTION('',(0.,-1.,0.));
#3884=CARTESIAN_POINT('',(2.18,0.32,0.4));
#3885=CARTESIAN_POINT('',(2.82,0.32,0.4));
#3886=CARTESIAN_POINT('',(2.18,0.32,0.4));
#3887=VECTOR('',#3888,1.);
#3888=DIRECTION('',(1.,0.,0.));
#3889=CARTESIAN_POINT('',(2.18,-0.32,0.4));
#3890=CARTESIAN_POINT('',(2.18,-0.32,0.4));
#3891=VECTOR('',#3892,1.);
#3892=DIRECTION('',(0.,1.,0.));
#3893=CARTESIAN_POINT('',(2.82,-0.32,0.4));
#3894=CARTESIAN_POINT('',(2.82,-0.32,0.4));
#3895=VECTOR('',#3896,1.);
#3896=DIRECTION('',(-1.,0.,0.));
#3897=CARTESIAN_POINT('',(2.82,0.32,0.4));
#3898=VECTOR('',#3899,1.);
#3899=DIRECTION('',(0.,-1.,0.));
#3900=CARTESIAN_POINT('',(3.35,3.55,0.));
#3901=CARTESIAN_POINT('',(3.35,-2.2,0.));
#3902=VECTOR('',#3903,1.);
#3903=DIRECTION('',(0.,1.,0.));
#3904=CARTESIAN_POINT('',(3.35,3.55,0.4));
#3905=VECTOR('',#3906,1.);
#3906=DIRECTION('',(0.,0.,-1.));
#3907=CARTESIAN_POINT('',(4.15,3.55,0.));
#3908=CARTESIAN_POINT('',(4.15,3.55,0.));
#3909=VECTOR('',#3910,1.);
#3910=DIRECTION('',(-1.,0.,0.));
#3911=CARTESIAN_POINT('',(4.15,3.55,0.));
#3912=VECTOR('',#3913,1.);
#3913=DIRECTION('',(0.,-1.,0.));
#3914=CARTESIAN_POINT('',(4.15,3.55,0.4));
#3915=CARTESIAN_POINT('',(4.15,3.55,0.));
#3916=VECTOR('',#3917,1.);
#3917=DIRECTION('',(0.,0.,1.));
#3918=CARTESIAN_POINT('',(4.15,-2.2,0.4));
#3919=VECTOR('',#3920,1.);
#3920=DIRECTION('',(0.,1.,0.));
#3921=CARTESIAN_POINT('',(5.85,3.55,0.4));
#3922=CARTESIAN_POINT('',(5.85,3.55,0.4));
#3923=VECTOR('',#3924,1.);
#3924=DIRECTION('',(-1.,0.,0.));
#3925=CARTESIAN_POINT('',(5.85,3.55,0.4));
#3926=VECTOR('',#3927,1.);
#3927=DIRECTION('',(0.,-1.,0.));
#3928=CARTESIAN_POINT('',(4.68,0.32,0.4));
#3929=CARTESIAN_POINT('',(5.32,0.32,0.4));
#3930=CARTESIAN_POINT('',(4.68,0.32,0.4));
#3931=VECTOR('',#3932,1.);
#3932=DIRECTION('',(1.,0.,0.));
#3933=CARTESIAN_POINT('',(4.68,-0.32,0.4));
#3934=CARTESIAN_POINT('',(4.68,-0.32,0.4));
#3935=VECTOR('',#3936,1.);
#3936=DIRECTION('',(0.,1.,0.));
#3937=CARTESIAN_POINT('',(5.32,-0.32,0.4));
#3938=CARTESIAN_POINT('',(5.32,-0.32,0.4));
#3939=VECTOR('',#3940,1.);
#3940=DIRECTION('',(-1.,0.,0.));
#3941=CARTESIAN_POINT('',(5.32,0.32,0.4));
#3942=VECTOR('',#3943,1.);
#3943=DIRECTION('',(0.,-1.,0.));
#3944=CARTESIAN_POINT('',(5.85,3.55,0.));
#3945=CARTESIAN_POINT('',(5.85,-2.2,0.));
#3946=VECTOR('',#3947,1.);
#3947=DIRECTION('',(0.,1.,0.));
#3948=CARTESIAN_POINT('',(5.85,3.55,0.4));
#3949=VECTOR('',#3950,1.);
#3950=DIRECTION('',(0.,0.,-1.));
#3951=CARTESIAN_POINT('',(6.65,3.55,0.));
#3952=CARTESIAN_POINT('',(6.65,3.55,0.));
#3953=VECTOR('',#3954,1.);
#3954=DIRECTION('',(-1.,0.,0.));
#3955=CARTESIAN_POINT('',(6.65,3.55,0.));
#3956=VECTOR('',#3957,1.);
#3957=DIRECTION('',(0.,-1.,0.));
#3958=CARTESIAN_POINT('',(6.65,3.55,0.4));
#3959=CARTESIAN_POINT('',(6.65,3.55,0.));
#3960=VECTOR('',#3961,1.);
#3961=DIRECTION('',(0.,0.,1.));
#3962=CARTESIAN_POINT('',(6.65,-2.2,0.4));
#3963=VECTOR('',#3964,1.);
#3964=DIRECTION('',(0.,1.,0.));
#3965=CARTESIAN_POINT('',(8.35,3.55,0.4));
#3966=CARTESIAN_POINT('',(8.35,3.55,0.4));
#3967=VECTOR('',#3968,1.);
#3968=DIRECTION('',(-1.,0.,0.));
#3969=CARTESIAN_POINT('',(8.35,3.55,0.4));
#3970=VECTOR('',#3971,1.);
#3971=DIRECTION('',(0.,-1.,0.));
#3972=CARTESIAN_POINT('',(7.18,0.32,0.4));
#3973=CARTESIAN_POINT('',(7.82,0.32,0.4));
#3974=CARTESIAN_POINT('',(7.18,0.32,0.4));
#3975=VECTOR('',#3976,1.);
#3976=DIRECTION('',(1.,0.,0.));
#3977=CARTESIAN_POINT('',(7.18,-0.32,0.4));
#3978=CARTESIAN_POINT('',(7.18,-0.32,0.4));
#3979=VECTOR('',#3980,1.);
#3980=DIRECTION('',(0.,1.,0.));
#3981=CARTESIAN_POINT('',(7.82,-0.32,0.4));
#3982=CARTESIAN_POINT('',(7.82,-0.32,0.4));
#3983=VECTOR('',#3984,1.);
#3984=DIRECTION('',(-1.,0.,0.));
#3985=CARTESIAN_POINT('',(7.82,0.32,0.4));
#3986=VECTOR('',#3987,1.);
#3987=DIRECTION('',(0.,-1.,0.));
#3988=CARTESIAN_POINT('',(8.35,3.55,0.));
#3989=CARTESIAN_POINT('',(8.35,-2.2,0.));
#3990=VECTOR('',#3991,1.);
#3991=DIRECTION('',(0.,1.,0.));
#3992=CARTESIAN_POINT('',(8.35,3.55,0.4));
#3993=VECTOR('',#3994,1.);
#3994=DIRECTION('',(0.,0.,-1.));
#3995=CARTESIAN_POINT('',(8.35,3.55,0.));
#3996=VECTOR('',#3997,1.);
#3997=DIRECTION('',(1.,0.,0.));
#3998=CARTESIAN_POINT('',(9.6,-0.4,7.));
#3999=CARTESIAN_POINT('',(9.6,-0.4,7.));
#4000=VECTOR('',#4001,1.);
#4001=DIRECTION('',(-0.707106781186549,0.,-0.707106781186546));
#4002=CARTESIAN_POINT('',(10.,-0.4,7.));
#4003=VECTOR('',#4004,1.);
#4004=DIRECTION('',(-1.,0.,0.));
#4005=CARTESIAN_POINT('',(10.,3.55,7.));
#4006=VECTOR('',#4007,1.);
#4007=DIRECTION('',(-1.,0.,0.));
#4008=CARTESIAN_POINT('',(-2.1,-0.4,7.));
#4009=CARTESIAN_POINT('',(-2.1,3.15,7.));
#4010=CARTESIAN_POINT('',(-2.1,3.15,7.));
#4011=VECTOR('',#4012,1.);
#4012=DIRECTION('',(1.2509555207044E-016,-1.,0.));
#4013=CARTESIAN_POINT('',(9.6,3.15,7.));
#4014=CARTESIAN_POINT('',(9.6,3.15,7.));
#4015=VECTOR('',#4016,1.);
#4016=DIRECTION('',(-1.,0.,0.));
#4017=CARTESIAN_POINT('',(9.6,3.15,7.));
#4018=VECTOR('',#4019,1.);
#4019=DIRECTION('',(0.,-1.,0.));
#4020=CARTESIAN_POINT('',(-2.1,-0.4,7.));
#4021=VECTOR('',#4022,1.);
#4022=DIRECTION('',(-1.,0.,0.));
#4023=CARTESIAN_POINT('',(9.6,3.15,7.));
#4024=VECTOR('',#4025,1.);
#4025=DIRECTION('',(-0.577350269189627,-0.577350269189625,-0.577350269189625));
#4026=CARTESIAN_POINT('',(9.3,2.85,6.7));
#4027=VECTOR('',#4028,1.);
#4028=DIRECTION('',(-1.,0.,0.));
#4029=CARTESIAN_POINT('',(2.82,0.32,6.12679491924311));
#4030=CARTESIAN_POINT('',(2.18,0.32,6.12679491924311));
#4031=CARTESIAN_POINT('',(2.82,0.32,6.12679491924311));
#4032=VECTOR('',#4033,1.);
#4033=DIRECTION('',(-1.,0.,0.));
#4034=CARTESIAN_POINT('',(2.82,0.32,2.));
#4035=VECTOR('',#4036,1.);
#4036=DIRECTION('',(0.,0.,1.));
#4037=CARTESIAN_POINT('',(2.18,0.32,2.));
#4038=VECTOR('',#4039,1.);
#4039=DIRECTION('',(0.,0.,1.));
#4040=CARTESIAN_POINT('',(2.82,-0.32,6.12679491924311));
#4041=CARTESIAN_POINT('',(2.82,-0.32,6.12679491924311));
#4042=VECTOR('',#4043,1.);
#4043=DIRECTION('',(0.,1.,0.));
#4044=CARTESIAN_POINT('',(2.82,-0.32,2.));
#4045=VECTOR('',#4046,1.);
#4046=DIRECTION('',(0.,0.,1.));
#4047=CARTESIAN_POINT('',(2.18,-0.32,6.12679491924311));
#4048=CARTESIAN_POINT('',(2.18,-0.32,6.12679491924311));
#4049=VECTOR('',#4050,1.);
#4050=DIRECTION('',(1.,0.,0.));
#4051=CARTESIAN_POINT('',(2.18,-0.32,2.));
#4052=VECTOR('',#4053,1.);
#4053=DIRECTION('',(0.,0.,1.));
#4054=CARTESIAN_POINT('',(2.18,0.32,6.12679491924311));
#4055=VECTOR('',#4056,1.);
#4056=DIRECTION('',(0.,-1.,0.));
#4057=CARTESIAN_POINT('',(5.32,0.32,6.12679491924311));
#4058=CARTESIAN_POINT('',(4.68,0.32,6.12679491924311));
#4059=CARTESIAN_POINT('',(5.32,0.32,6.12679491924311));
#4060=VECTOR('',#4061,1.);
#4061=DIRECTION('',(-1.,0.,0.));
#4062=CARTESIAN_POINT('',(5.32,0.32,2.));
#4063=VECTOR('',#4064,1.);
#4064=DIRECTION('',(0.,0.,1.));
#4065=CARTESIAN_POINT('',(4.68,0.32,2.));
#4066=VECTOR('',#4067,1.);
#4067=DIRECTION('',(0.,0.,1.));
#4068=CARTESIAN_POINT('',(5.32,-0.32,6.12679491924311));
#4069=CARTESIAN_POINT('',(5.32,-0.32,6.12679491924311));
#4070=VECTOR('',#4071,1.);
#4071=DIRECTION('',(0.,1.,0.));
#4072=CARTESIAN_POINT('',(5.32,-0.32,2.));
#4073=VECTOR('',#4074,1.);
#4074=DIRECTION('',(0.,0.,1.));
#4075=CARTESIAN_POINT('',(4.68,-0.32,6.12679491924311));
#4076=CARTESIAN_POINT('',(4.68,-0.32,6.12679491924311));
#4077=VECTOR('',#4078,1.);
#4078=DIRECTION('',(1.,0.,0.));
#4079=CARTESIAN_POINT('',(4.68,-0.32,2.));
#4080=VECTOR('',#4081,1.);
#4081=DIRECTION('',(0.,0.,1.));
#4082=CARTESIAN_POINT('',(4.68,0.32,6.12679491924311));
#4083=VECTOR('',#4084,1.);
#4084=DIRECTION('',(0.,-1.,0.));
#4085=CARTESIAN_POINT('',(7.82,0.32,6.12679491924311));
#4086=CARTESIAN_POINT('',(7.18,0.32,6.12679491924311));
#4087=CARTESIAN_POINT('',(7.82,0.32,6.12679491924311));
#4088=VECTOR('',#4089,1.);
#4089=DIRECTION('',(-1.,0.,0.));
#4090=CARTESIAN_POINT('',(7.82,0.32,2.));
#4091=VECTOR('',#4092,1.);
#4092=DIRECTION('',(0.,0.,1.));
#4093=CARTESIAN_POINT('',(7.18,0.32,2.));
#4094=VECTOR('',#4095,1.);
#4095=DIRECTION('',(0.,0.,1.));
#4096=CARTESIAN_POINT('',(7.82,-0.32,6.12679491924311));
#4097=CARTESIAN_POINT('',(7.82,-0.32,6.12679491924311));
#4098=VECTOR('',#4099,1.);
#4099=DIRECTION('',(0.,1.,0.));
#4100=CARTESIAN_POINT('',(7.82,-0.32,2.));
#4101=VECTOR('',#4102,1.);
#4102=DIRECTION('',(0.,0.,1.));
#4103=CARTESIAN_POINT('',(7.18,-0.32,6.12679491924311));
#4104=CARTESIAN_POINT('',(7.18,-0.32,6.12679491924311));
#4105=VECTOR('',#4106,1.);
#4106=DIRECTION('',(1.,0.,0.));
#4107=CARTESIAN_POINT('',(7.18,-0.32,2.));
#4108=VECTOR('',#4109,1.);
#4109=DIRECTION('',(0.,0.,1.));
#4110=CARTESIAN_POINT('',(7.18,0.32,6.12679491924311));
#4111=VECTOR('',#4112,1.);
#4112=DIRECTION('',(0.,-1.,0.));
#4113=CARTESIAN_POINT('',(0.32,0.32,6.12679491924311));
#4114=CARTESIAN_POINT('',(-0.32,0.32,6.12679491924311));
#4115=CARTESIAN_POINT('',(0.32,0.32,6.12679491924311));
#4116=VECTOR('',#4117,1.);
#4117=DIRECTION('',(-1.,0.,0.));
#4118=CARTESIAN_POINT('',(0.32,0.32,2.));
#4119=VECTOR('',#4120,1.);
#4120=DIRECTION('',(0.,0.,1.));
#4121=CARTESIAN_POINT('',(-0.32,0.32,2.));
#4122=VECTOR('',#4123,1.);
#4123=DIRECTION('',(0.,0.,1.));
#4124=CARTESIAN_POINT('',(0.32,-0.32,6.12679491924311));
#4125=CARTESIAN_POINT('',(0.32,-0.32,6.12679491924311));
#4126=VECTOR('',#4127,1.);
#4127=DIRECTION('',(0.,1.,0.));
#4128=CARTESIAN_POINT('',(0.32,-0.32,2.));
#4129=VECTOR('',#4130,1.);
#4130=DIRECTION('',(0.,0.,1.));
#4131=CARTESIAN_POINT('',(-0.32,-0.32,6.12679491924311));
#4132=CARTESIAN_POINT('',(-0.32,-0.32,6.12679491924311));
#4133=VECTOR('',#4134,1.);
#4134=DIRECTION('',(1.,0.,0.));
#4135=CARTESIAN_POINT('',(-0.32,-0.32,2.));
#4136=VECTOR('',#4137,1.);
#4137=DIRECTION('',(0.,0.,1.));
#4138=CARTESIAN_POINT('',(-0.32,0.32,6.12679491924311));
#4139=VECTOR('',#4140,1.);
#4140=DIRECTION('',(0.,-1.,0.));
#4141=CARTESIAN_POINT('',(-1.8,-0.4,6.7));
#4142=VECTOR('',#4143,1.);
#4143=DIRECTION('',(-0.707106781186546,0.,0.707106781186548));
#4144=CARTESIAN_POINT('',(-2.1,3.15,7.));
#4145=VECTOR('',#4146,1.);
#4146=DIRECTION('',(0.577350269189627,-0.577350269189626,-0.577350269189624));
#4147=CARTESIAN_POINT('',(0.32,0.32,-3.12679491924311));
#4148=CARTESIAN_POINT('',(-0.32,0.32,-3.12679491924311));
#4149=CARTESIAN_POINT('',(0.32,0.32,-3.12679491924311));
#4150=VECTOR('',#4151,1.);
#4151=DIRECTION('',(-1.,0.,0.));
#4152=CARTESIAN_POINT('',(-0.32,0.32,-3.12679491924311));
#4153=VECTOR('',#4154,1.);
#4154=DIRECTION('',(0.,0.,1.));
#4155=CARTESIAN_POINT('',(0.32,0.32,-3.12679491924311));
#4156=VECTOR('',#4157,1.);
#4157=DIRECTION('',(0.,0.,1.));
#4158=CARTESIAN_POINT('',(-0.32,-0.32,-3.12679491924311));
#4159=CARTESIAN_POINT('',(-0.32,0.32,-3.12679491924311));
#4160=VECTOR('',#4161,1.);
#4161=DIRECTION('',(0.,-1.,0.));
#4162=CARTESIAN_POINT('',(-0.32,-0.32,-3.12679491924311));
#4163=VECTOR('',#4164,1.);
#4164=DIRECTION('',(0.,0.,1.));
#4165=CARTESIAN_POINT('',(0.32,-0.32,-3.12679491924311));
#4166=CARTESIAN_POINT('',(-0.32,-0.32,-3.12679491924311));
#4167=VECTOR('',#4168,1.);
#4168=DIRECTION('',(1.,0.,0.));
#4169=CARTESIAN_POINT('',(0.32,-0.32,-3.12679491924311));
#4170=VECTOR('',#4171,1.);
#4171=DIRECTION('',(0.,0.,1.));
#4172=CARTESIAN_POINT('',(0.32,-0.32,-3.12679491924311));
#4173=VECTOR('',#4174,1.);
#4174=DIRECTION('',(0.,1.,0.));
#4175=CARTESIAN_POINT('',(2.82,0.32,-3.12679491924311));
#4176=CARTESIAN_POINT('',(2.18,0.32,-3.12679491924311));
#4177=CARTESIAN_POINT('',(2.82,0.32,-3.12679491924311));
#4178=VECTOR('',#4179,1.);
#4179=DIRECTION('',(-1.,0.,0.));
#4180=CARTESIAN_POINT('',(2.18,0.32,-3.12679491924311));
#4181=VECTOR('',#4182,1.);
#4182=DIRECTION('',(0.,0.,1.));
#4183=CARTESIAN_POINT('',(2.82,0.32,-3.12679491924311));
#4184=VECTOR('',#4185,1.);
#4185=DIRECTION('',(0.,0.,1.));
#4186=CARTESIAN_POINT('',(2.18,-0.32,-3.12679491924311));
#4187=CARTESIAN_POINT('',(2.18,0.32,-3.12679491924311));
#4188=VECTOR('',#4189,1.);
#4189=DIRECTION('',(0.,-1.,0.));
#4190=CARTESIAN_POINT('',(2.18,-0.32,-3.12679491924311));
#4191=VECTOR('',#4192,1.);
#4192=DIRECTION('',(0.,0.,1.));
#4193=CARTESIAN_POINT('',(2.82,-0.32,-3.12679491924311));
#4194=CARTESIAN_POINT('',(2.18,-0.32,-3.12679491924311));
#4195=VECTOR('',#4196,1.);
#4196=DIRECTION('',(1.,0.,0.));
#4197=CARTESIAN_POINT('',(2.82,-0.32,-3.12679491924311));
#4198=VECTOR('',#4199,1.);
#4199=DIRECTION('',(0.,0.,1.));
#4200=CARTESIAN_POINT('',(2.82,-0.32,-3.12679491924311));
#4201=VECTOR('',#4202,1.);
#4202=DIRECTION('',(0.,1.,0.));
#4203=CARTESIAN_POINT('',(5.32,0.32,-3.12679491924311));
#4204=CARTESIAN_POINT('',(4.68,0.32,-3.12679491924311));
#4205=CARTESIAN_POINT('',(5.32,0.32,-3.12679491924311));
#4206=VECTOR('',#4207,1.);
#4207=DIRECTION('',(-1.,0.,0.));
#4208=CARTESIAN_POINT('',(4.68,0.32,-3.12679491924311));
#4209=VECTOR('',#4210,1.);
#4210=DIRECTION('',(0.,0.,1.));
#4211=CARTESIAN_POINT('',(5.32,0.32,-3.12679491924311));
#4212=VECTOR('',#4213,1.);
#4213=DIRECTION('',(0.,0.,1.));
#4214=CARTESIAN_POINT('',(4.68,-0.32,-3.12679491924311));
#4215=CARTESIAN_POINT('',(4.68,0.32,-3.12679491924311));
#4216=VECTOR('',#4217,1.);
#4217=DIRECTION('',(0.,-1.,0.));
#4218=CARTESIAN_POINT('',(4.68,-0.32,-3.12679491924311));
#4219=VECTOR('',#4220,1.);
#4220=DIRECTION('',(0.,0.,1.));
#4221=CARTESIAN_POINT('',(5.32,-0.32,-3.12679491924311));
#4222=CARTESIAN_POINT('',(4.68,-0.32,-3.12679491924311));
#4223=VECTOR('',#4224,1.);
#4224=DIRECTION('',(1.,0.,0.));
#4225=CARTESIAN_POINT('',(5.32,-0.32,-3.12679491924311));
#4226=VECTOR('',#4227,1.);
#4227=DIRECTION('',(0.,0.,1.));
#4228=CARTESIAN_POINT('',(5.32,-0.32,-3.12679491924311));
#4229=VECTOR('',#4230,1.);
#4230=DIRECTION('',(0.,1.,0.));
#4231=CARTESIAN_POINT('',(7.82,0.32,-3.12679491924311));
#4232=CARTESIAN_POINT('',(7.18,0.32,-3.12679491924311));
#4233=CARTESIAN_POINT('',(7.82,0.32,-3.12679491924311));
#4234=VECTOR('',#4235,1.);
#4235=DIRECTION('',(-1.,0.,0.));
#4236=CARTESIAN_POINT('',(7.18,0.32,-3.12679491924311));
#4237=VECTOR('',#4238,1.);
#4238=DIRECTION('',(0.,0.,1.));
#4239=CARTESIAN_POINT('',(7.82,0.32,-3.12679491924311));
#4240=VECTOR('',#4241,1.);
#4241=DIRECTION('',(0.,0.,1.));
#4242=CARTESIAN_POINT('',(7.18,-0.32,-3.12679491924311));
#4243=CARTESIAN_POINT('',(7.18,0.32,-3.12679491924311));
#4244=VECTOR('',#4245,1.);
#4245=DIRECTION('',(0.,-1.,0.));
#4246=CARTESIAN_POINT('',(7.18,-0.32,-3.12679491924311));
#4247=VECTOR('',#4248,1.);
#4248=DIRECTION('',(0.,0.,1.));
#4249=CARTESIAN_POINT('',(7.82,-0.32,-3.12679491924311));
#4250=CARTESIAN_POINT('',(7.18,-0.32,-3.12679491924311));
#4251=VECTOR('',#4252,1.);
#4252=DIRECTION('',(1.,0.,0.));
#4253=CARTESIAN_POINT('',(7.82,-0.32,-3.12679491924311));
#4254=VECTOR('',#4255,1.);
#4255=DIRECTION('',(0.,0.,1.));
#4256=CARTESIAN_POINT('',(7.82,-0.32,-3.12679491924311));
#4257=VECTOR('',#4258,1.);
#4258=DIRECTION('',(0.,1.,0.));
#4259=CARTESIAN_POINT('',(2.28,0.22,6.5));
#4260=CARTESIAN_POINT('',(2.18,0.32,6.12679491924311));
#4261=VECTOR('',#4262,1.);
#4262=DIRECTION('',(0.250562807085733,-0.250562807085729,0.935113126531029));
#4263=CARTESIAN_POINT('',(2.72,0.22,6.5));
#4264=CARTESIAN_POINT('',(2.72,0.22,6.5));
#4265=VECTOR('',#4266,1.);
#4266=DIRECTION('',(-1.,1.26161707343768E-016,0.));
#4267=CARTESIAN_POINT('',(2.82,0.320000000000001,6.12679491924311));
#4268=VECTOR('',#4269,1.);
#4269=DIRECTION('',(-0.25056280708573,-0.250562807085732,0.93511312653103));
#4270=CARTESIAN_POINT('',(2.72,-0.22,6.5));
#4271=CARTESIAN_POINT('',(2.72,-0.22,6.5));
#4272=VECTOR('',#4273,1.);
#4273=DIRECTION('',(0.,1.,0.));
#4274=CARTESIAN_POINT('',(2.82,-0.32,6.12679491924311));
#4275=VECTOR('',#4276,1.);
#4276=DIRECTION('',(-0.250562807085732,0.250562807085733,0.935113126531029));
#4277=CARTESIAN_POINT('',(2.28,-0.22,6.5));
#4278=CARTESIAN_POINT('',(2.28,-0.22,6.5));
#4279=VECTOR('',#4280,1.);
#4280=DIRECTION('',(1.,0.,0.));
#4281=CARTESIAN_POINT('',(2.18,-0.320000000000001,6.12679491924311));
#4282=VECTOR('',#4283,1.);
#4283=DIRECTION('',(0.25056280708573,0.250562807085732,0.93511312653103));
#4284=CARTESIAN_POINT('',(2.28,0.22,6.5));
#4285=VECTOR('',#4286,1.);
#4286=DIRECTION('',(0.,-1.,0.));
#4287=CARTESIAN_POINT('',(4.78,0.22,6.5));
#4288=CARTESIAN_POINT('',(4.68,0.32,6.12679491924311));
#4289=VECTOR('',#4290,1.);
#4290=DIRECTION('',(0.250562807085732,-0.250562807085733,0.935113126531029));
#4291=CARTESIAN_POINT('',(5.22,0.22,6.5));
#4292=CARTESIAN_POINT('',(5.22,0.22,6.5));
#4293=VECTOR('',#4294,1.);
#4294=DIRECTION('',(-1.,0.,0.));
#4295=CARTESIAN_POINT('',(5.32,0.320000000000001,6.12679491924311));
#4296=VECTOR('',#4297,1.);
#4297=DIRECTION('',(-0.25056280708573,-0.250562807085732,0.93511312653103));
#4298=CARTESIAN_POINT('',(5.22,-0.22,6.5));
#4299=CARTESIAN_POINT('',(5.22,-0.22,6.5));
#4300=VECTOR('',#4301,1.);
#4301=DIRECTION('',(0.,1.,0.));
#4302=CARTESIAN_POINT('',(5.32,-0.32,6.12679491924311));
#4303=VECTOR('',#4304,1.);
#4304=DIRECTION('',(-0.250562807085732,0.250562807085733,0.935113126531029));
#4305=CARTESIAN_POINT('',(4.78,-0.22,6.5));
#4306=CARTESIAN_POINT('',(4.78,-0.22,6.5));
#4307=VECTOR('',#4308,1.);
#4308=DIRECTION('',(1.,0.,0.));
#4309=CARTESIAN_POINT('',(4.68,-0.320000000000001,6.12679491924311));
#4310=VECTOR('',#4311,1.);
#4311=DIRECTION('',(0.25056280708573,0.250562807085732,0.93511312653103));
#4312=CARTESIAN_POINT('',(4.78,0.22,6.5));
#4313=VECTOR('',#4314,1.);
#4314=DIRECTION('',(0.,-1.,0.));
#4315=CARTESIAN_POINT('',(7.28,0.22,6.5));
#4316=CARTESIAN_POINT('',(7.18,0.32,6.12679491924311));
#4317=VECTOR('',#4318,1.);
#4318=DIRECTION('',(0.250562807085734,-0.250562807085733,0.935113126531029));
#4319=CARTESIAN_POINT('',(7.72,0.22,6.5));
#4320=CARTESIAN_POINT('',(7.72,0.22,6.5));
#4321=VECTOR('',#4322,1.);
#4322=DIRECTION('',(-1.,0.,0.));
#4323=CARTESIAN_POINT('',(7.82,0.320000000000001,6.12679491924311));
#4324=VECTOR('',#4325,1.);
#4325=DIRECTION('',(-0.25056280708573,-0.250562807085732,0.93511312653103));
#4326=CARTESIAN_POINT('',(7.72,-0.22,6.5));
#4327=CARTESIAN_POINT('',(7.72,-0.22,6.5));
#4328=VECTOR('',#4329,1.);
#4329=DIRECTION('',(0.,1.,0.));
#4330=CARTESIAN_POINT('',(7.82,-0.32,6.12679491924311));
#4331=VECTOR('',#4332,1.);
#4332=DIRECTION('',(-0.250562807085732,0.250562807085733,0.935113126531029));
#4333=CARTESIAN_POINT('',(7.28,-0.22,6.5));
#4334=CARTESIAN_POINT('',(7.28,-0.22,6.5));
#4335=VECTOR('',#4336,1.);
#4336=DIRECTION('',(1.,0.,0.));
#4337=CARTESIAN_POINT('',(7.18,-0.320000000000001,6.12679491924311));
#4338=VECTOR('',#4339,1.);
#4339=DIRECTION('',(0.25056280708573,0.250562807085732,0.93511312653103));
#4340=CARTESIAN_POINT('',(7.28,0.22,6.5));
#4341=VECTOR('',#4342,1.);
#4342=DIRECTION('',(0.,-1.,0.));
#4343=CARTESIAN_POINT('',(-0.22,0.22,6.5));
#4344=CARTESIAN_POINT('',(-0.32,0.32,6.12679491924311));
#4345=VECTOR('',#4346,1.);
#4346=DIRECTION('',(0.250562807085732,-0.250562807085733,0.935113126531029));
#4347=CARTESIAN_POINT('',(0.22,0.22,6.5));
#4348=CARTESIAN_POINT('',(0.22,0.22,6.5));
#4349=VECTOR('',#4350,1.);
#4350=DIRECTION('',(-1.,0.,0.));
#4351=CARTESIAN_POINT('',(0.32,0.320000000000001,6.12679491924311));
#4352=VECTOR('',#4353,1.);
#4353=DIRECTION('',(-0.25056280708573,-0.250562807085732,0.93511312653103));
#4354=CARTESIAN_POINT('',(0.22,-0.22,6.5));
#4355=CARTESIAN_POINT('',(0.22,-0.22,6.5));
#4356=VECTOR('',#4357,1.);
#4357=DIRECTION('',(0.,1.,0.));
#4358=CARTESIAN_POINT('',(0.32,-0.32,6.12679491924311));
#4359=VECTOR('',#4360,1.);
#4360=DIRECTION('',(-0.250562807085732,0.250562807085733,0.935113126531029));
#4361=CARTESIAN_POINT('',(-0.22,-0.22,6.5));
#4362=CARTESIAN_POINT('',(-0.22,-0.22,6.5));
#4363=VECTOR('',#4364,1.);
#4364=DIRECTION('',(1.,0.,0.));
#4365=CARTESIAN_POINT('',(-0.32,-0.320000000000001,6.12679491924311));
#4366=VECTOR('',#4367,1.);
#4367=DIRECTION('',(0.25056280708573,0.250562807085732,0.93511312653103));
#4368=CARTESIAN_POINT('',(-0.22,0.22,6.5));
#4369=VECTOR('',#4370,1.);
#4370=DIRECTION('',(-1.26161707343768E-016,-1.,0.));
#4371=CARTESIAN_POINT('',(0.22,0.22,-3.5));
#4372=CARTESIAN_POINT('',(0.32,0.32,-3.12679491924311));
#4373=VECTOR('',#4374,1.);
#4374=DIRECTION('',(-0.250562807085732,-0.250562807085732,-0.935113126531029));
#4375=CARTESIAN_POINT('',(-0.22,0.22,-3.5));
#4376=CARTESIAN_POINT('',(0.22,0.22,-3.5));
#4377=VECTOR('',#4378,1.);
#4378=DIRECTION('',(-1.,0.,0.));
#4379=CARTESIAN_POINT('',(-0.32,0.32,-3.12679491924311));
#4380=VECTOR('',#4381,1.);
#4381=DIRECTION('',(0.250562807085731,-0.250562807085732,-0.935113126531029));
#4382=CARTESIAN_POINT('',(-0.22,-0.22,-3.5));
#4383=CARTESIAN_POINT('',(-0.22,0.22,-3.5));
#4384=VECTOR('',#4385,1.);
#4385=DIRECTION('',(-1.26161707343768E-016,-1.,0.));
#4386=CARTESIAN_POINT('',(-0.32,-0.32,-3.12679491924311));
#4387=VECTOR('',#4388,1.);
#4388=DIRECTION('',(0.250562807085732,0.250562807085732,-0.935113126531029));
#4389=CARTESIAN_POINT('',(0.22,-0.22,-3.5));
#4390=CARTESIAN_POINT('',(-0.22,-0.22,-3.5));
#4391=VECTOR('',#4392,1.);
#4392=DIRECTION('',(1.,0.,0.));
#4393=CARTESIAN_POINT('',(0.32,-0.32,-3.12679491924311));
#4394=VECTOR('',#4395,1.);
#4395=DIRECTION('',(-0.250562807085731,0.250562807085732,-0.935113126531029));
#4396=CARTESIAN_POINT('',(0.22,-0.22,-3.5));
#4397=VECTOR('',#4398,1.);
#4398=DIRECTION('',(0.,1.,0.));
#4399=CARTESIAN_POINT('',(2.72,0.22,-3.5));
#4400=CARTESIAN_POINT('',(2.82,0.32,-3.12679491924311));
#4401=VECTOR('',#4402,1.);
#4402=DIRECTION('',(-0.250562807085732,-0.250562807085732,-0.935113126531029));
#4403=CARTESIAN_POINT('',(2.28,0.22,-3.5));
#4404=CARTESIAN_POINT('',(2.72,0.22,-3.5));
#4405=VECTOR('',#4406,1.);
#4406=DIRECTION('',(-1.,1.26161707343768E-016,0.));
#4407=CARTESIAN_POINT('',(2.18,0.32,-3.12679491924311));
#4408=VECTOR('',#4409,1.);
#4409=DIRECTION('',(0.250562807085733,-0.250562807085732,-0.935113126531029));
#4410=CARTESIAN_POINT('',(2.28,-0.22,-3.5));
#4411=CARTESIAN_POINT('',(2.28,0.22,-3.5));
#4412=VECTOR('',#4413,1.);
#4413=DIRECTION('',(0.,-1.,0.));
#4414=CARTESIAN_POINT('',(2.18,-0.32,-3.12679491924311));
#4415=VECTOR('',#4416,1.);
#4416=DIRECTION('',(0.250562807085732,0.250562807085732,-0.935113126531029));
#4417=CARTESIAN_POINT('',(2.72,-0.22,-3.5));
#4418=CARTESIAN_POINT('',(2.28,-0.22,-3.5));
#4419=VECTOR('',#4420,1.);
#4420=DIRECTION('',(1.,0.,0.));
#4421=CARTESIAN_POINT('',(2.82,-0.32,-3.12679491924311));
#4422=VECTOR('',#4423,1.);
#4423=DIRECTION('',(-0.250562807085731,0.250562807085732,-0.93511312653103));
#4424=CARTESIAN_POINT('',(2.72,-0.22,-3.5));
#4425=VECTOR('',#4426,1.);
#4426=DIRECTION('',(0.,1.,0.));
#4427=CARTESIAN_POINT('',(5.22,0.22,-3.5));
#4428=CARTESIAN_POINT('',(5.32,0.32,-3.12679491924311));
#4429=VECTOR('',#4430,1.);
#4430=DIRECTION('',(-0.250562807085731,-0.250562807085732,-0.93511312653103));
#4431=CARTESIAN_POINT('',(4.78,0.22,-3.5));
#4432=CARTESIAN_POINT('',(5.22,0.22,-3.5));
#4433=VECTOR('',#4434,1.);
#4434=DIRECTION('',(-1.,0.,0.));
#4435=CARTESIAN_POINT('',(4.68,0.32,-3.12679491924311));
#4436=VECTOR('',#4437,1.);
#4437=DIRECTION('',(0.250562807085731,-0.250562807085732,-0.93511312653103));
#4438=CARTESIAN_POINT('',(4.78,-0.22,-3.5));
#4439=CARTESIAN_POINT('',(4.78,0.22,-3.5));
#4440=VECTOR('',#4441,1.);
#4441=DIRECTION('',(0.,-1.,0.));
#4442=CARTESIAN_POINT('',(4.68,-0.32,-3.12679491924311));
#4443=VECTOR('',#4444,1.);
#4444=DIRECTION('',(0.250562807085731,0.250562807085732,-0.93511312653103));
#4445=CARTESIAN_POINT('',(5.22,-0.22,-3.5));
#4446=CARTESIAN_POINT('',(4.78,-0.22,-3.5));
#4447=VECTOR('',#4448,1.);
#4448=DIRECTION('',(1.,0.,0.));
#4449=CARTESIAN_POINT('',(5.32,-0.32,-3.12679491924311));
#4450=VECTOR('',#4451,1.);
#4451=DIRECTION('',(-0.250562807085731,0.250562807085732,-0.93511312653103));
#4452=CARTESIAN_POINT('',(5.22,-0.22,-3.5));
#4453=VECTOR('',#4454,1.);
#4454=DIRECTION('',(0.,1.,0.));
#4455=CARTESIAN_POINT('',(7.72,0.22,-3.5));
#4456=CARTESIAN_POINT('',(7.82,0.32,-3.12679491924311));
#4457=VECTOR('',#4458,1.);
#4458=DIRECTION('',(-0.250562807085731,-0.250562807085732,-0.93511312653103));
#4459=CARTESIAN_POINT('',(7.28,0.22,-3.5));
#4460=CARTESIAN_POINT('',(7.72,0.22,-3.5));
#4461=VECTOR('',#4462,1.);
#4462=DIRECTION('',(-1.,0.,0.));
#4463=CARTESIAN_POINT('',(7.18,0.32,-3.12679491924311));
#4464=VECTOR('',#4465,1.);
#4465=DIRECTION('',(0.250562807085733,-0.250562807085732,-0.935113126531029));
#4466=CARTESIAN_POINT('',(7.28,-0.22,-3.5));
#4467=CARTESIAN_POINT('',(7.28,0.22,-3.5));
#4468=VECTOR('',#4469,1.);
#4469=DIRECTION('',(0.,-1.,0.));
#4470=CARTESIAN_POINT('',(7.18,-0.32,-3.12679491924311));
#4471=VECTOR('',#4472,1.);
#4472=DIRECTION('',(0.250562807085731,0.250562807085732,-0.93511312653103));
#4473=CARTESIAN_POINT('',(7.72,-0.22,-3.5));
#4474=CARTESIAN_POINT('',(7.28,-0.22,-3.5));
#4475=VECTOR('',#4476,1.);
#4476=DIRECTION('',(1.,0.,0.));
#4477=CARTESIAN_POINT('',(7.82,-0.32,-3.12679491924311));
#4478=VECTOR('',#4479,1.);
#4479=DIRECTION('',(-0.250562807085731,0.250562807085732,-0.93511312653103));
#4480=CARTESIAN_POINT('',(7.72,-0.22,-3.5));
#4481=VECTOR('',#4482,1.);
#4482=DIRECTION('',(0.,1.,0.));
ENDSEC;
END-ISO-10303-21;
