ISO-10303-21;
HEADER;
FILE_DESCRIPTION(('STEP AP214'),
    '1');
FILE_NAME('DS1069 (CWF CONNFLY)',
    '2018-04-27T07:31:31',
    ('Chugay'),
    (''),
    'ASCON STEP Converter 1.3',
    'ASCON Math Kernel',
    '');
FILE_SCHEMA(('AUTOMOTIVE_DESIGN { 1 0 10303 214 3 1 1}'));
ENDSEC;

DATA;
#1=SHAPE_REPRESENTATION('NONE',(#2),#6);
#2=AXIS2_PLACEMENT_3D('',#3,#4,#5);
#3=CARTESIAN_POINT('',(0.,0.,0.));
#4=DIRECTION('',(0.,0.,1.));
#5=DIRECTION('',(1.,0.,0.));
#6=(GEOMETRIC_REPRESENTATION_CONTEXT(3)GLOBAL_UNCERTAINTY_ASSIGNED_CONTEXT((#8))
GLOBAL_UNIT_ASSIGNED_CONTEXT((#7,#9,#10))REPRESENTATION_CONTEXT('NONE','NONE'));
#7=(LENGTH_UNIT()NAMED_UNIT(*)SI_UNIT(.MILLI.,.METRE.));
#8=UNCERTAINTY_MEASURE_WITH_UNIT(LENGTH_MEASURE(1.E-005),#7,'NONE','NONE');
#9=(NAMED_UNIT(*)PLANE_ANGLE_UNIT()SI_UNIT($,.RADIAN.));
#10=(NAMED_UNIT(*)SI_UNIT($,.STERADIAN.)SOLID_ANGLE_UNIT());
#11=SHAPE_DEFINITION_REPRESENTATION(#12,#1);
#12=PRODUCT_DEFINITION_SHAPE('NONE','NONE',#13);
#13=PRODUCT_DEFINITION('','UNSPECIFIED',#14,#22);
#14=PRODUCT_DEFINITION_FORMATION_WITH_SPECIFIED_SOURCE('ANY','UNSPECIFIED',#15,.NOT_KNOWN.);
#15=PRODUCT('','CWF-X','NONE',(#25));
#16=PERSON('UNSPECIFIED','Chugay','UNSPECIFIED',('UNSPECIFIED'),('UNSPECIFIED'),
('UNSPECIFIED'));
#17=ORGANIZATION('UNSPECIFIED','UNSPECIFIED','UNSPECIFIED');
#18=PERSON_AND_ORGANIZATION(#16,#17);
#19=PERSON_AND_ORGANIZATION_ROLE('design_owner');
#20=CC_DESIGN_PERSON_AND_ORGANIZATION_ASSIGNMENT(#18,#19,(#15));
#21=PRODUCT_RELATED_PRODUCT_CATEGORY('detail','',(#15));
#22=DESIGN_CONTEXT('detailed design',#23,'design');
#23=APPLICATION_CONTEXT('configuration controlled 3d designs of mechanical parts and assemblies');
#24=APPLICATION_PROTOCOL_DEFINITION('international standard','automotive_design',
2011,#23);
#25=MECHANICAL_CONTEXT('NONE',#23,'mechanical');
#26=CC_DESIGN_DATE_AND_TIME_ASSIGNMENT(#27,#31,(#13));
#27=DATE_AND_TIME(#28,#29);
#28=CALENDAR_DATE(0,1,1);
#29=LOCAL_TIME(0,0,0.,#30);
#30=COORDINATED_UNIVERSAL_TIME_OFFSET(0,0,.AHEAD.);
#31=DATE_TIME_ROLE('creation_date');
#32=CC_DESIGN_APPROVAL(#33,(#13));
#33=APPROVAL(#34,'UNSPECIFIED');
#34=APPROVAL_STATUS('not_yet_approved');
#35=APPROVAL_DATE_TIME(#36,#33);
#36=DATE_AND_TIME(#37,#38);
#37=CALENDAR_DATE(0,1,1);
#38=LOCAL_TIME(0,0,0.,#39);
#39=COORDINATED_UNIVERSAL_TIME_OFFSET(0,0,.AHEAD.);
#40=DERIVED_UNIT((#44,#41));
#41=DERIVED_UNIT_ELEMENT(#42,-1.);
#42=VOLUME_UNIT(#43);
#43=DIMENSIONAL_EXPONENTS(3.,0.,0.,0.,0.,0.,0.);
#44=(NAMED_UNIT($)MASS_UNIT()SI_UNIT($,.GRAM.));
#45=MANIFOLD_SOLID_BREP('',#46);
#46=CLOSED_SHELL('',(#58,#67,#76,#85,#94,#103,#112,#121,#130,#139,#148,#157,#166,
#175,#184,#193,#202,#211,#220,#229,#238,#247,#256,#265,#274,#283,#292,#301,#310,
#319,#328,#337,#346,#355,#364,#373,#382,#391,#400,#409,#418,#427,#436,#445,#454,
#463,#472,#481,#490,#499,#508,#517,#526,#535,#544,#553,#562,#571,#580,#589,#598,
#607,#616,#625,#634,#643,#652,#661,#670,#679,#688,#697,#706,#715,#724,#733,#742,
#751,#760,#769,#778,#787,#796,#805,#814,#823,#832,#841,#850,#859,#868,#877,#886,
#895,#904,#913,#922,#931,#940,#949,#958,#967,#976,#985,#994,#1003,#1012,#1021,#1030,
#1039,#1048,#1057,#1066,#1075,#1084,#1093,#1102,#1111,#1120,#1129,#1138,#1147,#1156,
#1165,#1174,#1183,#1192,#1201,#1210,#1219,#1228,#1237,#1246,#1255,#1264,#1273,#1282,
#1291,#1300,#1309,#1318,#1327,#1336,#1345,#1354,#1363,#1372,#1381,#1390,#1399,#1408,
#1417,#1426,#1435,#1444,#1453,#1462,#1471,#1480,#1489,#1498,#1507,#1516,#1525,#1534,
#1543,#1552,#1561,#1570,#1579,#1588,#1597,#1606,#1615,#1624,#1633,#1642,#1651,#1660,
#1669,#1678,#1687,#1696,#1705,#1714,#1723,#1732,#1741,#1750,#1759,#1768,#1777,#1786,
#1795,#1804,#1813,#1822,#1831,#1840,#1849,#1858,#1867,#1876,#1885,#1894,#1903,#1912,
#1921,#1930));
#47=COLOUR_RGB($,1.,1.,1.);
#48=FILL_AREA_STYLE_COLOUR($,#47);
#49=FILL_AREA_STYLE($,(#48));
#50=SURFACE_STYLE_FILL_AREA(#49);
#51=SURFACE_SIDE_STYLE('',(#50));
#52=SURFACE_STYLE_USAGE(.BOTH.,#51);
#53=PRESENTATION_STYLE_ASSIGNMENT((#52));
#54=MECHANICAL_DESIGN_GEOMETRIC_PRESENTATION_REPRESENTATION('NONE',(#55,#66,#75,
#84,#93,#102,#111,#120,#129,#138,#147,#156,#165,#174,#183,#192,#201,#210,#219,#228,
#237,#246,#255,#264,#273,#282,#291,#300,#309,#318,#327,#336,#345,#354,#363,#372,
#381,#390,#399,#408,#417,#426,#435,#444,#453,#462,#471,#480,#489,#498,#507,#516,
#525,#534,#543,#552,#561,#570,#579,#588,#597,#606,#615,#624,#633,#642,#651,#660,
#669,#678,#687,#696,#705,#714,#723,#732,#741,#750,#759,#768,#777,#786,#795,#804,
#813,#822,#831,#840,#849,#858,#867,#876,#885,#894,#903,#912,#921,#930,#939,#948,
#957,#966,#975,#984,#993,#1002,#1011,#1020,#1029,#1038,#1047,#1056,#1065,#1074,#1083,
#1092,#1101,#1110,#1119,#1128,#1137,#1146,#1155,#1164,#1173,#1182,#1191,#1200,#1209,
#1218,#1227,#1236,#1245,#1254,#1263,#1272,#1281,#1290,#1299,#1308,#1317,#1326,#1335,
#1344,#1353,#1362,#1371,#1380,#1389,#1398,#1407,#1416,#1425,#1434,#1443,#1452,#1461,
#1470,#1479,#1488,#1497,#1506,#1515,#1524,#1533,#1542,#1551,#1560,#1569,#1578,#1587,
#1596,#1605,#1614,#1623,#1632,#1641,#1650,#1659,#1668,#1677,#1686,#1695,#1704,#1713,
#1722,#1731,#1740,#1749,#1758,#1767,#1776,#1785,#1794,#1803,#1812,#1821,#1830,#1839,
#1848,#1857,#1866,#1875,#1884,#1893,#1902,#1911,#1920,#1929,#1938),#6);
#55=STYLED_ITEM('',(#53),#45);
#56=ADVANCED_BREP_SHAPE_REPRESENTATION('NONE',(#45),#6);
#57=SHAPE_REPRESENTATION_RELATIONSHIP('','',#1,#56);
#58=ADVANCED_FACE('',(#1939),#1941,.F.);
#59=COLOUR_RGB($,1.,1.,1.);
#60=FILL_AREA_STYLE_COLOUR($,#59);
#61=FILL_AREA_STYLE($,(#60));
#62=SURFACE_STYLE_FILL_AREA(#61);
#63=SURFACE_SIDE_STYLE('',(#62));
#64=SURFACE_STYLE_USAGE(.BOTH.,#63);
#65=PRESENTATION_STYLE_ASSIGNMENT((#64));
#66=STYLED_ITEM('',(#65),#58);
#67=ADVANCED_FACE('',(#1946),#1948,.T.);
#68=COLOUR_RGB($,1.,1.,1.);
#69=FILL_AREA_STYLE_COLOUR($,#68);
#70=FILL_AREA_STYLE($,(#69));
#71=SURFACE_STYLE_FILL_AREA(#70);
#72=SURFACE_SIDE_STYLE('',(#71));
#73=SURFACE_STYLE_USAGE(.BOTH.,#72);
#74=PRESENTATION_STYLE_ASSIGNMENT((#73));
#75=STYLED_ITEM('',(#74),#67);
#76=ADVANCED_FACE('',(#1953),#1955,.T.);
#77=COLOUR_RGB($,1.,1.,1.);
#78=FILL_AREA_STYLE_COLOUR($,#77);
#79=FILL_AREA_STYLE($,(#78));
#80=SURFACE_STYLE_FILL_AREA(#79);
#81=SURFACE_SIDE_STYLE('',(#80));
#82=SURFACE_STYLE_USAGE(.BOTH.,#81);
#83=PRESENTATION_STYLE_ASSIGNMENT((#82));
#84=STYLED_ITEM('',(#83),#76);
#85=ADVANCED_FACE('',(#1960),#1962,.T.);
#86=COLOUR_RGB($,1.,1.,1.);
#87=FILL_AREA_STYLE_COLOUR($,#86);
#88=FILL_AREA_STYLE($,(#87));
#89=SURFACE_STYLE_FILL_AREA(#88);
#90=SURFACE_SIDE_STYLE('',(#89));
#91=SURFACE_STYLE_USAGE(.BOTH.,#90);
#92=PRESENTATION_STYLE_ASSIGNMENT((#91));
#93=STYLED_ITEM('',(#92),#85);
#94=ADVANCED_FACE('',(#1967),#1969,.F.);
#95=COLOUR_RGB($,1.,1.,1.);
#96=FILL_AREA_STYLE_COLOUR($,#95);
#97=FILL_AREA_STYLE($,(#96));
#98=SURFACE_STYLE_FILL_AREA(#97);
#99=SURFACE_SIDE_STYLE('',(#98));
#100=SURFACE_STYLE_USAGE(.BOTH.,#99);
#101=PRESENTATION_STYLE_ASSIGNMENT((#100));
#102=STYLED_ITEM('',(#101),#94);
#103=ADVANCED_FACE('',(#1974),#1976,.F.);
#104=COLOUR_RGB($,1.,1.,1.);
#105=FILL_AREA_STYLE_COLOUR($,#104);
#106=FILL_AREA_STYLE($,(#105));
#107=SURFACE_STYLE_FILL_AREA(#106);
#108=SURFACE_SIDE_STYLE('',(#107));
#109=SURFACE_STYLE_USAGE(.BOTH.,#108);
#110=PRESENTATION_STYLE_ASSIGNMENT((#109));
#111=STYLED_ITEM('',(#110),#103);
#112=ADVANCED_FACE('',(#1981),#1983,.F.);
#113=COLOUR_RGB($,1.,1.,1.);
#114=FILL_AREA_STYLE_COLOUR($,#113);
#115=FILL_AREA_STYLE($,(#114));
#116=SURFACE_STYLE_FILL_AREA(#115);
#117=SURFACE_SIDE_STYLE('',(#116));
#118=SURFACE_STYLE_USAGE(.BOTH.,#117);
#119=PRESENTATION_STYLE_ASSIGNMENT((#118));
#120=STYLED_ITEM('',(#119),#112);
#121=ADVANCED_FACE('',(#1988),#1990,.F.);
#122=COLOUR_RGB($,1.,1.,1.);
#123=FILL_AREA_STYLE_COLOUR($,#122);
#124=FILL_AREA_STYLE($,(#123));
#125=SURFACE_STYLE_FILL_AREA(#124);
#126=SURFACE_SIDE_STYLE('',(#125));
#127=SURFACE_STYLE_USAGE(.BOTH.,#126);
#128=PRESENTATION_STYLE_ASSIGNMENT((#127));
#129=STYLED_ITEM('',(#128),#121);
#130=ADVANCED_FACE('',(#1995),#1997,.F.);
#131=COLOUR_RGB($,1.,1.,1.);
#132=FILL_AREA_STYLE_COLOUR($,#131);
#133=FILL_AREA_STYLE($,(#132));
#134=SURFACE_STYLE_FILL_AREA(#133);
#135=SURFACE_SIDE_STYLE('',(#134));
#136=SURFACE_STYLE_USAGE(.BOTH.,#135);
#137=PRESENTATION_STYLE_ASSIGNMENT((#136));
#138=STYLED_ITEM('',(#137),#130);
#139=ADVANCED_FACE('',(#2002),#2004,.F.);
#140=COLOUR_RGB($,1.,1.,1.);
#141=FILL_AREA_STYLE_COLOUR($,#140);
#142=FILL_AREA_STYLE($,(#141));
#143=SURFACE_STYLE_FILL_AREA(#142);
#144=SURFACE_SIDE_STYLE('',(#143));
#145=SURFACE_STYLE_USAGE(.BOTH.,#144);
#146=PRESENTATION_STYLE_ASSIGNMENT((#145));
#147=STYLED_ITEM('',(#146),#139);
#148=ADVANCED_FACE('',(#2009),#2011,.T.);
#149=COLOUR_RGB($,1.,1.,1.);
#150=FILL_AREA_STYLE_COLOUR($,#149);
#151=FILL_AREA_STYLE($,(#150));
#152=SURFACE_STYLE_FILL_AREA(#151);
#153=SURFACE_SIDE_STYLE('',(#152));
#154=SURFACE_STYLE_USAGE(.BOTH.,#153);
#155=PRESENTATION_STYLE_ASSIGNMENT((#154));
#156=STYLED_ITEM('',(#155),#148);
#157=ADVANCED_FACE('',(#2016),#2018,.F.);
#158=COLOUR_RGB($,1.,1.,1.);
#159=FILL_AREA_STYLE_COLOUR($,#158);
#160=FILL_AREA_STYLE($,(#159));
#161=SURFACE_STYLE_FILL_AREA(#160);
#162=SURFACE_SIDE_STYLE('',(#161));
#163=SURFACE_STYLE_USAGE(.BOTH.,#162);
#164=PRESENTATION_STYLE_ASSIGNMENT((#163));
#165=STYLED_ITEM('',(#164),#157);
#166=ADVANCED_FACE('',(#2023),#2025,.F.);
#167=COLOUR_RGB($,1.,1.,1.);
#168=FILL_AREA_STYLE_COLOUR($,#167);
#169=FILL_AREA_STYLE($,(#168));
#170=SURFACE_STYLE_FILL_AREA(#169);
#171=SURFACE_SIDE_STYLE('',(#170));
#172=SURFACE_STYLE_USAGE(.BOTH.,#171);
#173=PRESENTATION_STYLE_ASSIGNMENT((#172));
#174=STYLED_ITEM('',(#173),#166);
#175=ADVANCED_FACE('',(#2030,#2032,#2034,#2036,#2038,#2040,#2042,#2044,#2046),#2048,
.T.);
#176=COLOUR_RGB($,1.,1.,1.);
#177=FILL_AREA_STYLE_COLOUR($,#176);
#178=FILL_AREA_STYLE($,(#177));
#179=SURFACE_STYLE_FILL_AREA(#178);
#180=SURFACE_SIDE_STYLE('',(#179));
#181=SURFACE_STYLE_USAGE(.BOTH.,#180);
#182=PRESENTATION_STYLE_ASSIGNMENT((#181));
#183=STYLED_ITEM('',(#182),#175);
#184=ADVANCED_FACE('',(#2053),#2055,.F.);
#185=COLOUR_RGB($,1.,1.,1.);
#186=FILL_AREA_STYLE_COLOUR($,#185);
#187=FILL_AREA_STYLE($,(#186));
#188=SURFACE_STYLE_FILL_AREA(#187);
#189=SURFACE_SIDE_STYLE('',(#188));
#190=SURFACE_STYLE_USAGE(.BOTH.,#189);
#191=PRESENTATION_STYLE_ASSIGNMENT((#190));
#192=STYLED_ITEM('',(#191),#184);
#193=ADVANCED_FACE('',(#2060),#2062,.F.);
#194=COLOUR_RGB($,1.,1.,1.);
#195=FILL_AREA_STYLE_COLOUR($,#194);
#196=FILL_AREA_STYLE($,(#195));
#197=SURFACE_STYLE_FILL_AREA(#196);
#198=SURFACE_SIDE_STYLE('',(#197));
#199=SURFACE_STYLE_USAGE(.BOTH.,#198);
#200=PRESENTATION_STYLE_ASSIGNMENT((#199));
#201=STYLED_ITEM('',(#200),#193);
#202=ADVANCED_FACE('',(#2067),#2069,.T.);
#203=COLOUR_RGB($,1.,1.,1.);
#204=FILL_AREA_STYLE_COLOUR($,#203);
#205=FILL_AREA_STYLE($,(#204));
#206=SURFACE_STYLE_FILL_AREA(#205);
#207=SURFACE_SIDE_STYLE('',(#206));
#208=SURFACE_STYLE_USAGE(.BOTH.,#207);
#209=PRESENTATION_STYLE_ASSIGNMENT((#208));
#210=STYLED_ITEM('',(#209),#202);
#211=ADVANCED_FACE('',(#2074),#2076,.T.);
#212=COLOUR_RGB($,1.,1.,1.);
#213=FILL_AREA_STYLE_COLOUR($,#212);
#214=FILL_AREA_STYLE($,(#213));
#215=SURFACE_STYLE_FILL_AREA(#214);
#216=SURFACE_SIDE_STYLE('',(#215));
#217=SURFACE_STYLE_USAGE(.BOTH.,#216);
#218=PRESENTATION_STYLE_ASSIGNMENT((#217));
#219=STYLED_ITEM('',(#218),#211);
#220=ADVANCED_FACE('',(#2081),#2083,.F.);
#221=COLOUR_RGB($,1.,1.,1.);
#222=FILL_AREA_STYLE_COLOUR($,#221);
#223=FILL_AREA_STYLE($,(#222));
#224=SURFACE_STYLE_FILL_AREA(#223);
#225=SURFACE_SIDE_STYLE('',(#224));
#226=SURFACE_STYLE_USAGE(.BOTH.,#225);
#227=PRESENTATION_STYLE_ASSIGNMENT((#226));
#228=STYLED_ITEM('',(#227),#220);
#229=ADVANCED_FACE('',(#2088),#2090,.F.);
#230=COLOUR_RGB($,1.,1.,1.);
#231=FILL_AREA_STYLE_COLOUR($,#230);
#232=FILL_AREA_STYLE($,(#231));
#233=SURFACE_STYLE_FILL_AREA(#232);
#234=SURFACE_SIDE_STYLE('',(#233));
#235=SURFACE_STYLE_USAGE(.BOTH.,#234);
#236=PRESENTATION_STYLE_ASSIGNMENT((#235));
#237=STYLED_ITEM('',(#236),#229);
#238=ADVANCED_FACE('',(#2095),#2097,.F.);
#239=COLOUR_RGB($,1.,1.,1.);
#240=FILL_AREA_STYLE_COLOUR($,#239);
#241=FILL_AREA_STYLE($,(#240));
#242=SURFACE_STYLE_FILL_AREA(#241);
#243=SURFACE_SIDE_STYLE('',(#242));
#244=SURFACE_STYLE_USAGE(.BOTH.,#243);
#245=PRESENTATION_STYLE_ASSIGNMENT((#244));
#246=STYLED_ITEM('',(#245),#238);
#247=ADVANCED_FACE('',(#2102),#2104,.F.);
#248=COLOUR_RGB($,1.,1.,1.);
#249=FILL_AREA_STYLE_COLOUR($,#248);
#250=FILL_AREA_STYLE($,(#249));
#251=SURFACE_STYLE_FILL_AREA(#250);
#252=SURFACE_SIDE_STYLE('',(#251));
#253=SURFACE_STYLE_USAGE(.BOTH.,#252);
#254=PRESENTATION_STYLE_ASSIGNMENT((#253));
#255=STYLED_ITEM('',(#254),#247);
#256=ADVANCED_FACE('',(#2109),#2111,.F.);
#257=COLOUR_RGB($,1.,1.,1.);
#258=FILL_AREA_STYLE_COLOUR($,#257);
#259=FILL_AREA_STYLE($,(#258));
#260=SURFACE_STYLE_FILL_AREA(#259);
#261=SURFACE_SIDE_STYLE('',(#260));
#262=SURFACE_STYLE_USAGE(.BOTH.,#261);
#263=PRESENTATION_STYLE_ASSIGNMENT((#262));
#264=STYLED_ITEM('',(#263),#256);
#265=ADVANCED_FACE('',(#2116),#2118,.F.);
#266=COLOUR_RGB($,1.,1.,1.);
#267=FILL_AREA_STYLE_COLOUR($,#266);
#268=FILL_AREA_STYLE($,(#267));
#269=SURFACE_STYLE_FILL_AREA(#268);
#270=SURFACE_SIDE_STYLE('',(#269));
#271=SURFACE_STYLE_USAGE(.BOTH.,#270);
#272=PRESENTATION_STYLE_ASSIGNMENT((#271));
#273=STYLED_ITEM('',(#272),#265);
#274=ADVANCED_FACE('',(#2123),#2125,.F.);
#275=COLOUR_RGB($,1.,1.,1.);
#276=FILL_AREA_STYLE_COLOUR($,#275);
#277=FILL_AREA_STYLE($,(#276));
#278=SURFACE_STYLE_FILL_AREA(#277);
#279=SURFACE_SIDE_STYLE('',(#278));
#280=SURFACE_STYLE_USAGE(.BOTH.,#279);
#281=PRESENTATION_STYLE_ASSIGNMENT((#280));
#282=STYLED_ITEM('',(#281),#274);
#283=ADVANCED_FACE('',(#2130),#2132,.F.);
#284=COLOUR_RGB($,1.,1.,1.);
#285=FILL_AREA_STYLE_COLOUR($,#284);
#286=FILL_AREA_STYLE($,(#285));
#287=SURFACE_STYLE_FILL_AREA(#286);
#288=SURFACE_SIDE_STYLE('',(#287));
#289=SURFACE_STYLE_USAGE(.BOTH.,#288);
#290=PRESENTATION_STYLE_ASSIGNMENT((#289));
#291=STYLED_ITEM('',(#290),#283);
#292=ADVANCED_FACE('',(#2137,#2139),#2141,.T.);
#293=COLOUR_RGB($,1.,1.,1.);
#294=FILL_AREA_STYLE_COLOUR($,#293);
#295=FILL_AREA_STYLE($,(#294));
#296=SURFACE_STYLE_FILL_AREA(#295);
#297=SURFACE_SIDE_STYLE('',(#296));
#298=SURFACE_STYLE_USAGE(.BOTH.,#297);
#299=PRESENTATION_STYLE_ASSIGNMENT((#298));
#300=STYLED_ITEM('',(#299),#292);
#301=ADVANCED_FACE('',(#2146),#2148,.F.);
#302=COLOUR_RGB($,1.,1.,1.);
#303=FILL_AREA_STYLE_COLOUR($,#302);
#304=FILL_AREA_STYLE($,(#303));
#305=SURFACE_STYLE_FILL_AREA(#304);
#306=SURFACE_SIDE_STYLE('',(#305));
#307=SURFACE_STYLE_USAGE(.BOTH.,#306);
#308=PRESENTATION_STYLE_ASSIGNMENT((#307));
#309=STYLED_ITEM('',(#308),#301);
#310=ADVANCED_FACE('',(#2153),#2155,.F.);
#311=COLOUR_RGB($,1.,1.,1.);
#312=FILL_AREA_STYLE_COLOUR($,#311);
#313=FILL_AREA_STYLE($,(#312));
#314=SURFACE_STYLE_FILL_AREA(#313);
#315=SURFACE_SIDE_STYLE('',(#314));
#316=SURFACE_STYLE_USAGE(.BOTH.,#315);
#317=PRESENTATION_STYLE_ASSIGNMENT((#316));
#318=STYLED_ITEM('',(#317),#310);
#319=ADVANCED_FACE('',(#2160),#2162,.F.);
#320=COLOUR_RGB($,1.,1.,1.);
#321=FILL_AREA_STYLE_COLOUR($,#320);
#322=FILL_AREA_STYLE($,(#321));
#323=SURFACE_STYLE_FILL_AREA(#322);
#324=SURFACE_SIDE_STYLE('',(#323));
#325=SURFACE_STYLE_USAGE(.BOTH.,#324);
#326=PRESENTATION_STYLE_ASSIGNMENT((#325));
#327=STYLED_ITEM('',(#326),#319);
#328=ADVANCED_FACE('',(#2167,#2169),#2171,.T.);
#329=COLOUR_RGB($,1.,1.,1.);
#330=FILL_AREA_STYLE_COLOUR($,#329);
#331=FILL_AREA_STYLE($,(#330));
#332=SURFACE_STYLE_FILL_AREA(#331);
#333=SURFACE_SIDE_STYLE('',(#332));
#334=SURFACE_STYLE_USAGE(.BOTH.,#333);
#335=PRESENTATION_STYLE_ASSIGNMENT((#334));
#336=STYLED_ITEM('',(#335),#328);
#337=ADVANCED_FACE('',(#2176),#2178,.F.);
#338=COLOUR_RGB($,1.,1.,1.);
#339=FILL_AREA_STYLE_COLOUR($,#338);
#340=FILL_AREA_STYLE($,(#339));
#341=SURFACE_STYLE_FILL_AREA(#340);
#342=SURFACE_SIDE_STYLE('',(#341));
#343=SURFACE_STYLE_USAGE(.BOTH.,#342);
#344=PRESENTATION_STYLE_ASSIGNMENT((#343));
#345=STYLED_ITEM('',(#344),#337);
#346=ADVANCED_FACE('',(#2183),#2185,.F.);
#347=COLOUR_RGB($,1.,1.,1.);
#348=FILL_AREA_STYLE_COLOUR($,#347);
#349=FILL_AREA_STYLE($,(#348));
#350=SURFACE_STYLE_FILL_AREA(#349);
#351=SURFACE_SIDE_STYLE('',(#350));
#352=SURFACE_STYLE_USAGE(.BOTH.,#351);
#353=PRESENTATION_STYLE_ASSIGNMENT((#352));
#354=STYLED_ITEM('',(#353),#346);
#355=ADVANCED_FACE('',(#2190),#2192,.F.);
#356=COLOUR_RGB($,1.,1.,1.);
#357=FILL_AREA_STYLE_COLOUR($,#356);
#358=FILL_AREA_STYLE($,(#357));
#359=SURFACE_STYLE_FILL_AREA(#358);
#360=SURFACE_SIDE_STYLE('',(#359));
#361=SURFACE_STYLE_USAGE(.BOTH.,#360);
#362=PRESENTATION_STYLE_ASSIGNMENT((#361));
#363=STYLED_ITEM('',(#362),#355);
#364=ADVANCED_FACE('',(#2197,#2199),#2201,.T.);
#365=COLOUR_RGB($,1.,1.,1.);
#366=FILL_AREA_STYLE_COLOUR($,#365);
#367=FILL_AREA_STYLE($,(#366));
#368=SURFACE_STYLE_FILL_AREA(#367);
#369=SURFACE_SIDE_STYLE('',(#368));
#370=SURFACE_STYLE_USAGE(.BOTH.,#369);
#371=PRESENTATION_STYLE_ASSIGNMENT((#370));
#372=STYLED_ITEM('',(#371),#364);
#373=ADVANCED_FACE('',(#2206),#2208,.F.);
#374=COLOUR_RGB($,1.,1.,1.);
#375=FILL_AREA_STYLE_COLOUR($,#374);
#376=FILL_AREA_STYLE($,(#375));
#377=SURFACE_STYLE_FILL_AREA(#376);
#378=SURFACE_SIDE_STYLE('',(#377));
#379=SURFACE_STYLE_USAGE(.BOTH.,#378);
#380=PRESENTATION_STYLE_ASSIGNMENT((#379));
#381=STYLED_ITEM('',(#380),#373);
#382=ADVANCED_FACE('',(#2213),#2215,.F.);
#383=COLOUR_RGB($,1.,1.,1.);
#384=FILL_AREA_STYLE_COLOUR($,#383);
#385=FILL_AREA_STYLE($,(#384));
#386=SURFACE_STYLE_FILL_AREA(#385);
#387=SURFACE_SIDE_STYLE('',(#386));
#388=SURFACE_STYLE_USAGE(.BOTH.,#387);
#389=PRESENTATION_STYLE_ASSIGNMENT((#388));
#390=STYLED_ITEM('',(#389),#382);
#391=ADVANCED_FACE('',(#2220),#2222,.F.);
#392=COLOUR_RGB($,1.,1.,1.);
#393=FILL_AREA_STYLE_COLOUR($,#392);
#394=FILL_AREA_STYLE($,(#393));
#395=SURFACE_STYLE_FILL_AREA(#394);
#396=SURFACE_SIDE_STYLE('',(#395));
#397=SURFACE_STYLE_USAGE(.BOTH.,#396);
#398=PRESENTATION_STYLE_ASSIGNMENT((#397));
#399=STYLED_ITEM('',(#398),#391);
#400=ADVANCED_FACE('',(#2227,#2229),#2231,.T.);
#401=COLOUR_RGB($,1.,1.,1.);
#402=FILL_AREA_STYLE_COLOUR($,#401);
#403=FILL_AREA_STYLE($,(#402));
#404=SURFACE_STYLE_FILL_AREA(#403);
#405=SURFACE_SIDE_STYLE('',(#404));
#406=SURFACE_STYLE_USAGE(.BOTH.,#405);
#407=PRESENTATION_STYLE_ASSIGNMENT((#406));
#408=STYLED_ITEM('',(#407),#400);
#409=ADVANCED_FACE('',(#2236),#2238,.F.);
#410=COLOUR_RGB($,1.,1.,1.);
#411=FILL_AREA_STYLE_COLOUR($,#410);
#412=FILL_AREA_STYLE($,(#411));
#413=SURFACE_STYLE_FILL_AREA(#412);
#414=SURFACE_SIDE_STYLE('',(#413));
#415=SURFACE_STYLE_USAGE(.BOTH.,#414);
#416=PRESENTATION_STYLE_ASSIGNMENT((#415));
#417=STYLED_ITEM('',(#416),#409);
#418=ADVANCED_FACE('',(#2243),#2245,.F.);
#419=COLOUR_RGB($,1.,1.,1.);
#420=FILL_AREA_STYLE_COLOUR($,#419);
#421=FILL_AREA_STYLE($,(#420));
#422=SURFACE_STYLE_FILL_AREA(#421);
#423=SURFACE_SIDE_STYLE('',(#422));
#424=SURFACE_STYLE_USAGE(.BOTH.,#423);
#425=PRESENTATION_STYLE_ASSIGNMENT((#424));
#426=STYLED_ITEM('',(#425),#418);
#427=ADVANCED_FACE('',(#2250),#2252,.F.);
#428=COLOUR_RGB($,1.,1.,1.);
#429=FILL_AREA_STYLE_COLOUR($,#428);
#430=FILL_AREA_STYLE($,(#429));
#431=SURFACE_STYLE_FILL_AREA(#430);
#432=SURFACE_SIDE_STYLE('',(#431));
#433=SURFACE_STYLE_USAGE(.BOTH.,#432);
#434=PRESENTATION_STYLE_ASSIGNMENT((#433));
#435=STYLED_ITEM('',(#434),#427);
#436=ADVANCED_FACE('',(#2257,#2259),#2261,.T.);
#437=COLOUR_RGB($,1.,1.,1.);
#438=FILL_AREA_STYLE_COLOUR($,#437);
#439=FILL_AREA_STYLE($,(#438));
#440=SURFACE_STYLE_FILL_AREA(#439);
#441=SURFACE_SIDE_STYLE('',(#440));
#442=SURFACE_STYLE_USAGE(.BOTH.,#441);
#443=PRESENTATION_STYLE_ASSIGNMENT((#442));
#444=STYLED_ITEM('',(#443),#436);
#445=ADVANCED_FACE('',(#2266),#2268,.F.);
#446=COLOUR_RGB($,1.,1.,1.);
#447=FILL_AREA_STYLE_COLOUR($,#446);
#448=FILL_AREA_STYLE($,(#447));
#449=SURFACE_STYLE_FILL_AREA(#448);
#450=SURFACE_SIDE_STYLE('',(#449));
#451=SURFACE_STYLE_USAGE(.BOTH.,#450);
#452=PRESENTATION_STYLE_ASSIGNMENT((#451));
#453=STYLED_ITEM('',(#452),#445);
#454=ADVANCED_FACE('',(#2273),#2275,.F.);
#455=COLOUR_RGB($,1.,1.,1.);
#456=FILL_AREA_STYLE_COLOUR($,#455);
#457=FILL_AREA_STYLE($,(#456));
#458=SURFACE_STYLE_FILL_AREA(#457);
#459=SURFACE_SIDE_STYLE('',(#458));
#460=SURFACE_STYLE_USAGE(.BOTH.,#459);
#461=PRESENTATION_STYLE_ASSIGNMENT((#460));
#462=STYLED_ITEM('',(#461),#454);
#463=ADVANCED_FACE('',(#2280),#2282,.F.);
#464=COLOUR_RGB($,1.,1.,1.);
#465=FILL_AREA_STYLE_COLOUR($,#464);
#466=FILL_AREA_STYLE($,(#465));
#467=SURFACE_STYLE_FILL_AREA(#466);
#468=SURFACE_SIDE_STYLE('',(#467));
#469=SURFACE_STYLE_USAGE(.BOTH.,#468);
#470=PRESENTATION_STYLE_ASSIGNMENT((#469));
#471=STYLED_ITEM('',(#470),#463);
#472=ADVANCED_FACE('',(#2287,#2289),#2291,.T.);
#473=COLOUR_RGB($,1.,1.,1.);
#474=FILL_AREA_STYLE_COLOUR($,#473);
#475=FILL_AREA_STYLE($,(#474));
#476=SURFACE_STYLE_FILL_AREA(#475);
#477=SURFACE_SIDE_STYLE('',(#476));
#478=SURFACE_STYLE_USAGE(.BOTH.,#477);
#479=PRESENTATION_STYLE_ASSIGNMENT((#478));
#480=STYLED_ITEM('',(#479),#472);
#481=ADVANCED_FACE('',(#2296),#2298,.F.);
#482=COLOUR_RGB($,1.,1.,1.);
#483=FILL_AREA_STYLE_COLOUR($,#482);
#484=FILL_AREA_STYLE($,(#483));
#485=SURFACE_STYLE_FILL_AREA(#484);
#486=SURFACE_SIDE_STYLE('',(#485));
#487=SURFACE_STYLE_USAGE(.BOTH.,#486);
#488=PRESENTATION_STYLE_ASSIGNMENT((#487));
#489=STYLED_ITEM('',(#488),#481);
#490=ADVANCED_FACE('',(#2303),#2305,.F.);
#491=COLOUR_RGB($,1.,1.,1.);
#492=FILL_AREA_STYLE_COLOUR($,#491);
#493=FILL_AREA_STYLE($,(#492));
#494=SURFACE_STYLE_FILL_AREA(#493);
#495=SURFACE_SIDE_STYLE('',(#494));
#496=SURFACE_STYLE_USAGE(.BOTH.,#495);
#497=PRESENTATION_STYLE_ASSIGNMENT((#496));
#498=STYLED_ITEM('',(#497),#490);
#499=ADVANCED_FACE('',(#2310),#2312,.F.);
#500=COLOUR_RGB($,1.,1.,1.);
#501=FILL_AREA_STYLE_COLOUR($,#500);
#502=FILL_AREA_STYLE($,(#501));
#503=SURFACE_STYLE_FILL_AREA(#502);
#504=SURFACE_SIDE_STYLE('',(#503));
#505=SURFACE_STYLE_USAGE(.BOTH.,#504);
#506=PRESENTATION_STYLE_ASSIGNMENT((#505));
#507=STYLED_ITEM('',(#506),#499);
#508=ADVANCED_FACE('',(#2317,#2319),#2321,.T.);
#509=COLOUR_RGB($,1.,1.,1.);
#510=FILL_AREA_STYLE_COLOUR($,#509);
#511=FILL_AREA_STYLE($,(#510));
#512=SURFACE_STYLE_FILL_AREA(#511);
#513=SURFACE_SIDE_STYLE('',(#512));
#514=SURFACE_STYLE_USAGE(.BOTH.,#513);
#515=PRESENTATION_STYLE_ASSIGNMENT((#514));
#516=STYLED_ITEM('',(#515),#508);
#517=ADVANCED_FACE('',(#2326),#2328,.F.);
#518=COLOUR_RGB($,1.,1.,1.);
#519=FILL_AREA_STYLE_COLOUR($,#518);
#520=FILL_AREA_STYLE($,(#519));
#521=SURFACE_STYLE_FILL_AREA(#520);
#522=SURFACE_SIDE_STYLE('',(#521));
#523=SURFACE_STYLE_USAGE(.BOTH.,#522);
#524=PRESENTATION_STYLE_ASSIGNMENT((#523));
#525=STYLED_ITEM('',(#524),#517);
#526=ADVANCED_FACE('',(#2333),#2335,.F.);
#527=COLOUR_RGB($,1.,1.,1.);
#528=FILL_AREA_STYLE_COLOUR($,#527);
#529=FILL_AREA_STYLE($,(#528));
#530=SURFACE_STYLE_FILL_AREA(#529);
#531=SURFACE_SIDE_STYLE('',(#530));
#532=SURFACE_STYLE_USAGE(.BOTH.,#531);
#533=PRESENTATION_STYLE_ASSIGNMENT((#532));
#534=STYLED_ITEM('',(#533),#526);
#535=ADVANCED_FACE('',(#2340),#2342,.F.);
#536=COLOUR_RGB($,1.,1.,1.);
#537=FILL_AREA_STYLE_COLOUR($,#536);
#538=FILL_AREA_STYLE($,(#537));
#539=SURFACE_STYLE_FILL_AREA(#538);
#540=SURFACE_SIDE_STYLE('',(#539));
#541=SURFACE_STYLE_USAGE(.BOTH.,#540);
#542=PRESENTATION_STYLE_ASSIGNMENT((#541));
#543=STYLED_ITEM('',(#542),#535);
#544=ADVANCED_FACE('',(#2347,#2349),#2351,.T.);
#545=COLOUR_RGB($,1.,1.,1.);
#546=FILL_AREA_STYLE_COLOUR($,#545);
#547=FILL_AREA_STYLE($,(#546));
#548=SURFACE_STYLE_FILL_AREA(#547);
#549=SURFACE_SIDE_STYLE('',(#548));
#550=SURFACE_STYLE_USAGE(.BOTH.,#549);
#551=PRESENTATION_STYLE_ASSIGNMENT((#550));
#552=STYLED_ITEM('',(#551),#544);
#553=ADVANCED_FACE('',(#2356),#2358,.F.);
#554=COLOUR_RGB($,1.,1.,1.);
#555=FILL_AREA_STYLE_COLOUR($,#554);
#556=FILL_AREA_STYLE($,(#555));
#557=SURFACE_STYLE_FILL_AREA(#556);
#558=SURFACE_SIDE_STYLE('',(#557));
#559=SURFACE_STYLE_USAGE(.BOTH.,#558);
#560=PRESENTATION_STYLE_ASSIGNMENT((#559));
#561=STYLED_ITEM('',(#560),#553);
#562=ADVANCED_FACE('',(#2363),#2365,.F.);
#563=COLOUR_RGB($,1.,1.,1.);
#564=FILL_AREA_STYLE_COLOUR($,#563);
#565=FILL_AREA_STYLE($,(#564));
#566=SURFACE_STYLE_FILL_AREA(#565);
#567=SURFACE_SIDE_STYLE('',(#566));
#568=SURFACE_STYLE_USAGE(.BOTH.,#567);
#569=PRESENTATION_STYLE_ASSIGNMENT((#568));
#570=STYLED_ITEM('',(#569),#562);
#571=ADVANCED_FACE('',(#2370),#2372,.F.);
#572=COLOUR_RGB($,1.,1.,1.);
#573=FILL_AREA_STYLE_COLOUR($,#572);
#574=FILL_AREA_STYLE($,(#573));
#575=SURFACE_STYLE_FILL_AREA(#574);
#576=SURFACE_SIDE_STYLE('',(#575));
#577=SURFACE_STYLE_USAGE(.BOTH.,#576);
#578=PRESENTATION_STYLE_ASSIGNMENT((#577));
#579=STYLED_ITEM('',(#578),#571);
#580=ADVANCED_FACE('',(#2377),#2379,.T.);
#581=COLOUR_RGB($,1.,1.,1.);
#582=FILL_AREA_STYLE_COLOUR($,#581);
#583=FILL_AREA_STYLE($,(#582));
#584=SURFACE_STYLE_FILL_AREA(#583);
#585=SURFACE_SIDE_STYLE('',(#584));
#586=SURFACE_STYLE_USAGE(.BOTH.,#585);
#587=PRESENTATION_STYLE_ASSIGNMENT((#586));
#588=STYLED_ITEM('',(#587),#580);
#589=ADVANCED_FACE('',(#2384),#2386,.T.);
#590=COLOUR_RGB($,1.,1.,1.);
#591=FILL_AREA_STYLE_COLOUR($,#590);
#592=FILL_AREA_STYLE($,(#591));
#593=SURFACE_STYLE_FILL_AREA(#592);
#594=SURFACE_SIDE_STYLE('',(#593));
#595=SURFACE_STYLE_USAGE(.BOTH.,#594);
#596=PRESENTATION_STYLE_ASSIGNMENT((#595));
#597=STYLED_ITEM('',(#596),#589);
#598=ADVANCED_FACE('',(#2391),#2393,.F.);
#599=COLOUR_RGB($,1.,1.,1.);
#600=FILL_AREA_STYLE_COLOUR($,#599);
#601=FILL_AREA_STYLE($,(#600));
#602=SURFACE_STYLE_FILL_AREA(#601);
#603=SURFACE_SIDE_STYLE('',(#602));
#604=SURFACE_STYLE_USAGE(.BOTH.,#603);
#605=PRESENTATION_STYLE_ASSIGNMENT((#604));
#606=STYLED_ITEM('',(#605),#598);
#607=ADVANCED_FACE('',(#2398),#2400,.F.);
#608=COLOUR_RGB($,1.,1.,1.);
#609=FILL_AREA_STYLE_COLOUR($,#608);
#610=FILL_AREA_STYLE($,(#609));
#611=SURFACE_STYLE_FILL_AREA(#610);
#612=SURFACE_SIDE_STYLE('',(#611));
#613=SURFACE_STYLE_USAGE(.BOTH.,#612);
#614=PRESENTATION_STYLE_ASSIGNMENT((#613));
#615=STYLED_ITEM('',(#614),#607);
#616=ADVANCED_FACE('',(#2405),#2407,.T.);
#617=COLOUR_RGB($,1.,0.843137254901961,0.);
#618=FILL_AREA_STYLE_COLOUR($,#617);
#619=FILL_AREA_STYLE($,(#618));
#620=SURFACE_STYLE_FILL_AREA(#619);
#621=SURFACE_SIDE_STYLE('',(#620));
#622=SURFACE_STYLE_USAGE(.BOTH.,#621);
#623=PRESENTATION_STYLE_ASSIGNMENT((#622));
#624=STYLED_ITEM('',(#623),#616);
#625=ADVANCED_FACE('',(#2412),#2414,.T.);
#626=COLOUR_RGB($,1.,0.843137254901961,0.);
#627=FILL_AREA_STYLE_COLOUR($,#626);
#628=FILL_AREA_STYLE($,(#627));
#629=SURFACE_STYLE_FILL_AREA(#628);
#630=SURFACE_SIDE_STYLE('',(#629));
#631=SURFACE_STYLE_USAGE(.BOTH.,#630);
#632=PRESENTATION_STYLE_ASSIGNMENT((#631));
#633=STYLED_ITEM('',(#632),#625);
#634=ADVANCED_FACE('',(#2419),#2421,.T.);
#635=COLOUR_RGB($,1.,0.843137254901961,0.);
#636=FILL_AREA_STYLE_COLOUR($,#635);
#637=FILL_AREA_STYLE($,(#636));
#638=SURFACE_STYLE_FILL_AREA(#637);
#639=SURFACE_SIDE_STYLE('',(#638));
#640=SURFACE_STYLE_USAGE(.BOTH.,#639);
#641=PRESENTATION_STYLE_ASSIGNMENT((#640));
#642=STYLED_ITEM('',(#641),#634);
#643=ADVANCED_FACE('',(#2426),#2428,.T.);
#644=COLOUR_RGB($,1.,0.843137254901961,0.);
#645=FILL_AREA_STYLE_COLOUR($,#644);
#646=FILL_AREA_STYLE($,(#645));
#647=SURFACE_STYLE_FILL_AREA(#646);
#648=SURFACE_SIDE_STYLE('',(#647));
#649=SURFACE_STYLE_USAGE(.BOTH.,#648);
#650=PRESENTATION_STYLE_ASSIGNMENT((#649));
#651=STYLED_ITEM('',(#650),#643);
#652=ADVANCED_FACE('',(#2433),#2435,.T.);
#653=COLOUR_RGB($,1.,0.843137254901961,0.);
#654=FILL_AREA_STYLE_COLOUR($,#653);
#655=FILL_AREA_STYLE($,(#654));
#656=SURFACE_STYLE_FILL_AREA(#655);
#657=SURFACE_SIDE_STYLE('',(#656));
#658=SURFACE_STYLE_USAGE(.BOTH.,#657);
#659=PRESENTATION_STYLE_ASSIGNMENT((#658));
#660=STYLED_ITEM('',(#659),#652);
#661=ADVANCED_FACE('',(#2440),#2442,.T.);
#662=COLOUR_RGB($,1.,0.843137254901961,0.);
#663=FILL_AREA_STYLE_COLOUR($,#662);
#664=FILL_AREA_STYLE($,(#663));
#665=SURFACE_STYLE_FILL_AREA(#664);
#666=SURFACE_SIDE_STYLE('',(#665));
#667=SURFACE_STYLE_USAGE(.BOTH.,#666);
#668=PRESENTATION_STYLE_ASSIGNMENT((#667));
#669=STYLED_ITEM('',(#668),#661);
#670=ADVANCED_FACE('',(#2447),#2449,.T.);
#671=COLOUR_RGB($,1.,0.843137254901961,0.);
#672=FILL_AREA_STYLE_COLOUR($,#671);
#673=FILL_AREA_STYLE($,(#672));
#674=SURFACE_STYLE_FILL_AREA(#673);
#675=SURFACE_SIDE_STYLE('',(#674));
#676=SURFACE_STYLE_USAGE(.BOTH.,#675);
#677=PRESENTATION_STYLE_ASSIGNMENT((#676));
#678=STYLED_ITEM('',(#677),#670);
#679=ADVANCED_FACE('',(#2454),#2456,.T.);
#680=COLOUR_RGB($,1.,0.843137254901961,0.);
#681=FILL_AREA_STYLE_COLOUR($,#680);
#682=FILL_AREA_STYLE($,(#681));
#683=SURFACE_STYLE_FILL_AREA(#682);
#684=SURFACE_SIDE_STYLE('',(#683));
#685=SURFACE_STYLE_USAGE(.BOTH.,#684);
#686=PRESENTATION_STYLE_ASSIGNMENT((#685));
#687=STYLED_ITEM('',(#686),#679);
#688=ADVANCED_FACE('',(#2461),#2463,.T.);
#689=COLOUR_RGB($,1.,0.843137254901961,0.);
#690=FILL_AREA_STYLE_COLOUR($,#689);
#691=FILL_AREA_STYLE($,(#690));
#692=SURFACE_STYLE_FILL_AREA(#691);
#693=SURFACE_SIDE_STYLE('',(#692));
#694=SURFACE_STYLE_USAGE(.BOTH.,#693);
#695=PRESENTATION_STYLE_ASSIGNMENT((#694));
#696=STYLED_ITEM('',(#695),#688);
#697=ADVANCED_FACE('',(#2468),#2470,.T.);
#698=COLOUR_RGB($,1.,0.843137254901961,0.);
#699=FILL_AREA_STYLE_COLOUR($,#698);
#700=FILL_AREA_STYLE($,(#699));
#701=SURFACE_STYLE_FILL_AREA(#700);
#702=SURFACE_SIDE_STYLE('',(#701));
#703=SURFACE_STYLE_USAGE(.BOTH.,#702);
#704=PRESENTATION_STYLE_ASSIGNMENT((#703));
#705=STYLED_ITEM('',(#704),#697);
#706=ADVANCED_FACE('',(#2475),#2477,.T.);
#707=COLOUR_RGB($,1.,0.843137254901961,0.);
#708=FILL_AREA_STYLE_COLOUR($,#707);
#709=FILL_AREA_STYLE($,(#708));
#710=SURFACE_STYLE_FILL_AREA(#709);
#711=SURFACE_SIDE_STYLE('',(#710));
#712=SURFACE_STYLE_USAGE(.BOTH.,#711);
#713=PRESENTATION_STYLE_ASSIGNMENT((#712));
#714=STYLED_ITEM('',(#713),#706);
#715=ADVANCED_FACE('',(#2482),#2484,.T.);
#716=COLOUR_RGB($,1.,0.843137254901961,0.);
#717=FILL_AREA_STYLE_COLOUR($,#716);
#718=FILL_AREA_STYLE($,(#717));
#719=SURFACE_STYLE_FILL_AREA(#718);
#720=SURFACE_SIDE_STYLE('',(#719));
#721=SURFACE_STYLE_USAGE(.BOTH.,#720);
#722=PRESENTATION_STYLE_ASSIGNMENT((#721));
#723=STYLED_ITEM('',(#722),#715);
#724=ADVANCED_FACE('',(#2489),#2491,.T.);
#725=COLOUR_RGB($,1.,0.843137254901961,0.);
#726=FILL_AREA_STYLE_COLOUR($,#725);
#727=FILL_AREA_STYLE($,(#726));
#728=SURFACE_STYLE_FILL_AREA(#727);
#729=SURFACE_SIDE_STYLE('',(#728));
#730=SURFACE_STYLE_USAGE(.BOTH.,#729);
#731=PRESENTATION_STYLE_ASSIGNMENT((#730));
#732=STYLED_ITEM('',(#731),#724);
#733=ADVANCED_FACE('',(#2496),#2498,.T.);
#734=COLOUR_RGB($,1.,0.843137254901961,0.);
#735=FILL_AREA_STYLE_COLOUR($,#734);
#736=FILL_AREA_STYLE($,(#735));
#737=SURFACE_STYLE_FILL_AREA(#736);
#738=SURFACE_SIDE_STYLE('',(#737));
#739=SURFACE_STYLE_USAGE(.BOTH.,#738);
#740=PRESENTATION_STYLE_ASSIGNMENT((#739));
#741=STYLED_ITEM('',(#740),#733);
#742=ADVANCED_FACE('',(#2503),#2505,.T.);
#743=COLOUR_RGB($,1.,0.843137254901961,0.);
#744=FILL_AREA_STYLE_COLOUR($,#743);
#745=FILL_AREA_STYLE($,(#744));
#746=SURFACE_STYLE_FILL_AREA(#745);
#747=SURFACE_SIDE_STYLE('',(#746));
#748=SURFACE_STYLE_USAGE(.BOTH.,#747);
#749=PRESENTATION_STYLE_ASSIGNMENT((#748));
#750=STYLED_ITEM('',(#749),#742);
#751=ADVANCED_FACE('',(#2510),#2512,.T.);
#752=COLOUR_RGB($,1.,0.843137254901961,0.);
#753=FILL_AREA_STYLE_COLOUR($,#752);
#754=FILL_AREA_STYLE($,(#753));
#755=SURFACE_STYLE_FILL_AREA(#754);
#756=SURFACE_SIDE_STYLE('',(#755));
#757=SURFACE_STYLE_USAGE(.BOTH.,#756);
#758=PRESENTATION_STYLE_ASSIGNMENT((#757));
#759=STYLED_ITEM('',(#758),#751);
#760=ADVANCED_FACE('',(#2517),#2519,.T.);
#761=COLOUR_RGB($,1.,0.843137254901961,0.);
#762=FILL_AREA_STYLE_COLOUR($,#761);
#763=FILL_AREA_STYLE($,(#762));
#764=SURFACE_STYLE_FILL_AREA(#763);
#765=SURFACE_SIDE_STYLE('',(#764));
#766=SURFACE_STYLE_USAGE(.BOTH.,#765);
#767=PRESENTATION_STYLE_ASSIGNMENT((#766));
#768=STYLED_ITEM('',(#767),#760);
#769=ADVANCED_FACE('',(#2524),#2526,.T.);
#770=COLOUR_RGB($,1.,0.843137254901961,0.);
#771=FILL_AREA_STYLE_COLOUR($,#770);
#772=FILL_AREA_STYLE($,(#771));
#773=SURFACE_STYLE_FILL_AREA(#772);
#774=SURFACE_SIDE_STYLE('',(#773));
#775=SURFACE_STYLE_USAGE(.BOTH.,#774);
#776=PRESENTATION_STYLE_ASSIGNMENT((#775));
#777=STYLED_ITEM('',(#776),#769);
#778=ADVANCED_FACE('',(#2531),#2533,.T.);
#779=COLOUR_RGB($,1.,0.843137254901961,0.);
#780=FILL_AREA_STYLE_COLOUR($,#779);
#781=FILL_AREA_STYLE($,(#780));
#782=SURFACE_STYLE_FILL_AREA(#781);
#783=SURFACE_SIDE_STYLE('',(#782));
#784=SURFACE_STYLE_USAGE(.BOTH.,#783);
#785=PRESENTATION_STYLE_ASSIGNMENT((#784));
#786=STYLED_ITEM('',(#785),#778);
#787=ADVANCED_FACE('',(#2538),#2540,.T.);
#788=COLOUR_RGB($,1.,0.843137254901961,0.);
#789=FILL_AREA_STYLE_COLOUR($,#788);
#790=FILL_AREA_STYLE($,(#789));
#791=SURFACE_STYLE_FILL_AREA(#790);
#792=SURFACE_SIDE_STYLE('',(#791));
#793=SURFACE_STYLE_USAGE(.BOTH.,#792);
#794=PRESENTATION_STYLE_ASSIGNMENT((#793));
#795=STYLED_ITEM('',(#794),#787);
#796=ADVANCED_FACE('',(#2545),#2547,.T.);
#797=COLOUR_RGB($,1.,0.843137254901961,0.);
#798=FILL_AREA_STYLE_COLOUR($,#797);
#799=FILL_AREA_STYLE($,(#798));
#800=SURFACE_STYLE_FILL_AREA(#799);
#801=SURFACE_SIDE_STYLE('',(#800));
#802=SURFACE_STYLE_USAGE(.BOTH.,#801);
#803=PRESENTATION_STYLE_ASSIGNMENT((#802));
#804=STYLED_ITEM('',(#803),#796);
#805=ADVANCED_FACE('',(#2552),#2554,.T.);
#806=COLOUR_RGB($,1.,0.843137254901961,0.);
#807=FILL_AREA_STYLE_COLOUR($,#806);
#808=FILL_AREA_STYLE($,(#807));
#809=SURFACE_STYLE_FILL_AREA(#808);
#810=SURFACE_SIDE_STYLE('',(#809));
#811=SURFACE_STYLE_USAGE(.BOTH.,#810);
#812=PRESENTATION_STYLE_ASSIGNMENT((#811));
#813=STYLED_ITEM('',(#812),#805);
#814=ADVANCED_FACE('',(#2559),#2561,.T.);
#815=COLOUR_RGB($,1.,0.843137254901961,0.);
#816=FILL_AREA_STYLE_COLOUR($,#815);
#817=FILL_AREA_STYLE($,(#816));
#818=SURFACE_STYLE_FILL_AREA(#817);
#819=SURFACE_SIDE_STYLE('',(#818));
#820=SURFACE_STYLE_USAGE(.BOTH.,#819);
#821=PRESENTATION_STYLE_ASSIGNMENT((#820));
#822=STYLED_ITEM('',(#821),#814);
#823=ADVANCED_FACE('',(#2566),#2568,.T.);
#824=COLOUR_RGB($,1.,0.843137254901961,0.);
#825=FILL_AREA_STYLE_COLOUR($,#824);
#826=FILL_AREA_STYLE($,(#825));
#827=SURFACE_STYLE_FILL_AREA(#826);
#828=SURFACE_SIDE_STYLE('',(#827));
#829=SURFACE_STYLE_USAGE(.BOTH.,#828);
#830=PRESENTATION_STYLE_ASSIGNMENT((#829));
#831=STYLED_ITEM('',(#830),#823);
#832=ADVANCED_FACE('',(#2573),#2575,.T.);
#833=COLOUR_RGB($,1.,0.843137254901961,0.);
#834=FILL_AREA_STYLE_COLOUR($,#833);
#835=FILL_AREA_STYLE($,(#834));
#836=SURFACE_STYLE_FILL_AREA(#835);
#837=SURFACE_SIDE_STYLE('',(#836));
#838=SURFACE_STYLE_USAGE(.BOTH.,#837);
#839=PRESENTATION_STYLE_ASSIGNMENT((#838));
#840=STYLED_ITEM('',(#839),#832);
#841=ADVANCED_FACE('',(#2580),#2582,.T.);
#842=COLOUR_RGB($,1.,0.843137254901961,0.);
#843=FILL_AREA_STYLE_COLOUR($,#842);
#844=FILL_AREA_STYLE($,(#843));
#845=SURFACE_STYLE_FILL_AREA(#844);
#846=SURFACE_SIDE_STYLE('',(#845));
#847=SURFACE_STYLE_USAGE(.BOTH.,#846);
#848=PRESENTATION_STYLE_ASSIGNMENT((#847));
#849=STYLED_ITEM('',(#848),#841);
#850=ADVANCED_FACE('',(#2587),#2589,.T.);
#851=COLOUR_RGB($,1.,0.843137254901961,0.);
#852=FILL_AREA_STYLE_COLOUR($,#851);
#853=FILL_AREA_STYLE($,(#852));
#854=SURFACE_STYLE_FILL_AREA(#853);
#855=SURFACE_SIDE_STYLE('',(#854));
#856=SURFACE_STYLE_USAGE(.BOTH.,#855);
#857=PRESENTATION_STYLE_ASSIGNMENT((#856));
#858=STYLED_ITEM('',(#857),#850);
#859=ADVANCED_FACE('',(#2594),#2596,.T.);
#860=COLOUR_RGB($,1.,0.843137254901961,0.);
#861=FILL_AREA_STYLE_COLOUR($,#860);
#862=FILL_AREA_STYLE($,(#861));
#863=SURFACE_STYLE_FILL_AREA(#862);
#864=SURFACE_SIDE_STYLE('',(#863));
#865=SURFACE_STYLE_USAGE(.BOTH.,#864);
#866=PRESENTATION_STYLE_ASSIGNMENT((#865));
#867=STYLED_ITEM('',(#866),#859);
#868=ADVANCED_FACE('',(#2601),#2603,.T.);
#869=COLOUR_RGB($,1.,0.843137254901961,0.);
#870=FILL_AREA_STYLE_COLOUR($,#869);
#871=FILL_AREA_STYLE($,(#870));
#872=SURFACE_STYLE_FILL_AREA(#871);
#873=SURFACE_SIDE_STYLE('',(#872));
#874=SURFACE_STYLE_USAGE(.BOTH.,#873);
#875=PRESENTATION_STYLE_ASSIGNMENT((#874));
#876=STYLED_ITEM('',(#875),#868);
#877=ADVANCED_FACE('',(#2608),#2610,.T.);
#878=COLOUR_RGB($,1.,0.843137254901961,0.);
#879=FILL_AREA_STYLE_COLOUR($,#878);
#880=FILL_AREA_STYLE($,(#879));
#881=SURFACE_STYLE_FILL_AREA(#880);
#882=SURFACE_SIDE_STYLE('',(#881));
#883=SURFACE_STYLE_USAGE(.BOTH.,#882);
#884=PRESENTATION_STYLE_ASSIGNMENT((#883));
#885=STYLED_ITEM('',(#884),#877);
#886=ADVANCED_FACE('',(#2615),#2617,.T.);
#887=COLOUR_RGB($,1.,0.843137254901961,0.);
#888=FILL_AREA_STYLE_COLOUR($,#887);
#889=FILL_AREA_STYLE($,(#888));
#890=SURFACE_STYLE_FILL_AREA(#889);
#891=SURFACE_SIDE_STYLE('',(#890));
#892=SURFACE_STYLE_USAGE(.BOTH.,#891);
#893=PRESENTATION_STYLE_ASSIGNMENT((#892));
#894=STYLED_ITEM('',(#893),#886);
#895=ADVANCED_FACE('',(#2622),#2624,.T.);
#896=COLOUR_RGB($,1.,0.843137254901961,0.);
#897=FILL_AREA_STYLE_COLOUR($,#896);
#898=FILL_AREA_STYLE($,(#897));
#899=SURFACE_STYLE_FILL_AREA(#898);
#900=SURFACE_SIDE_STYLE('',(#899));
#901=SURFACE_STYLE_USAGE(.BOTH.,#900);
#902=PRESENTATION_STYLE_ASSIGNMENT((#901));
#903=STYLED_ITEM('',(#902),#895);
#904=ADVANCED_FACE('',(#2629),#2631,.T.);
#905=COLOUR_RGB($,1.,1.,1.);
#906=FILL_AREA_STYLE_COLOUR($,#905);
#907=FILL_AREA_STYLE($,(#906));
#908=SURFACE_STYLE_FILL_AREA(#907);
#909=SURFACE_SIDE_STYLE('',(#908));
#910=SURFACE_STYLE_USAGE(.BOTH.,#909);
#911=PRESENTATION_STYLE_ASSIGNMENT((#910));
#912=STYLED_ITEM('',(#911),#904);
#913=ADVANCED_FACE('',(#2636),#2638,.F.);
#914=COLOUR_RGB($,1.,1.,1.);
#915=FILL_AREA_STYLE_COLOUR($,#914);
#916=FILL_AREA_STYLE($,(#915));
#917=SURFACE_STYLE_FILL_AREA(#916);
#918=SURFACE_SIDE_STYLE('',(#917));
#919=SURFACE_STYLE_USAGE(.BOTH.,#918);
#920=PRESENTATION_STYLE_ASSIGNMENT((#919));
#921=STYLED_ITEM('',(#920),#913);
#922=ADVANCED_FACE('',(#2643),#2645,.T.);
#923=COLOUR_RGB($,1.,0.843137254901961,0.);
#924=FILL_AREA_STYLE_COLOUR($,#923);
#925=FILL_AREA_STYLE($,(#924));
#926=SURFACE_STYLE_FILL_AREA(#925);
#927=SURFACE_SIDE_STYLE('',(#926));
#928=SURFACE_STYLE_USAGE(.BOTH.,#927);
#929=PRESENTATION_STYLE_ASSIGNMENT((#928));
#930=STYLED_ITEM('',(#929),#922);
#931=ADVANCED_FACE('',(#2650),#2652,.T.);
#932=COLOUR_RGB($,1.,0.843137254901961,0.);
#933=FILL_AREA_STYLE_COLOUR($,#932);
#934=FILL_AREA_STYLE($,(#933));
#935=SURFACE_STYLE_FILL_AREA(#934);
#936=SURFACE_SIDE_STYLE('',(#935));
#937=SURFACE_STYLE_USAGE(.BOTH.,#936);
#938=PRESENTATION_STYLE_ASSIGNMENT((#937));
#939=STYLED_ITEM('',(#938),#931);
#940=ADVANCED_FACE('',(#2657),#2659,.T.);
#941=COLOUR_RGB($,1.,0.843137254901961,0.);
#942=FILL_AREA_STYLE_COLOUR($,#941);
#943=FILL_AREA_STYLE($,(#942));
#944=SURFACE_STYLE_FILL_AREA(#943);
#945=SURFACE_SIDE_STYLE('',(#944));
#946=SURFACE_STYLE_USAGE(.BOTH.,#945);
#947=PRESENTATION_STYLE_ASSIGNMENT((#946));
#948=STYLED_ITEM('',(#947),#940);
#949=ADVANCED_FACE('',(#2664),#2666,.T.);
#950=COLOUR_RGB($,1.,0.843137254901961,0.);
#951=FILL_AREA_STYLE_COLOUR($,#950);
#952=FILL_AREA_STYLE($,(#951));
#953=SURFACE_STYLE_FILL_AREA(#952);
#954=SURFACE_SIDE_STYLE('',(#953));
#955=SURFACE_STYLE_USAGE(.BOTH.,#954);
#956=PRESENTATION_STYLE_ASSIGNMENT((#955));
#957=STYLED_ITEM('',(#956),#949);
#958=ADVANCED_FACE('',(#2671),#2673,.T.);
#959=COLOUR_RGB($,1.,0.843137254901961,0.);
#960=FILL_AREA_STYLE_COLOUR($,#959);
#961=FILL_AREA_STYLE($,(#960));
#962=SURFACE_STYLE_FILL_AREA(#961);
#963=SURFACE_SIDE_STYLE('',(#962));
#964=SURFACE_STYLE_USAGE(.BOTH.,#963);
#965=PRESENTATION_STYLE_ASSIGNMENT((#964));
#966=STYLED_ITEM('',(#965),#958);
#967=ADVANCED_FACE('',(#2678),#2680,.T.);
#968=COLOUR_RGB($,1.,0.843137254901961,0.);
#969=FILL_AREA_STYLE_COLOUR($,#968);
#970=FILL_AREA_STYLE($,(#969));
#971=SURFACE_STYLE_FILL_AREA(#970);
#972=SURFACE_SIDE_STYLE('',(#971));
#973=SURFACE_STYLE_USAGE(.BOTH.,#972);
#974=PRESENTATION_STYLE_ASSIGNMENT((#973));
#975=STYLED_ITEM('',(#974),#967);
#976=ADVANCED_FACE('',(#2685),#2687,.T.);
#977=COLOUR_RGB($,1.,0.843137254901961,0.);
#978=FILL_AREA_STYLE_COLOUR($,#977);
#979=FILL_AREA_STYLE($,(#978));
#980=SURFACE_STYLE_FILL_AREA(#979);
#981=SURFACE_SIDE_STYLE('',(#980));
#982=SURFACE_STYLE_USAGE(.BOTH.,#981);
#983=PRESENTATION_STYLE_ASSIGNMENT((#982));
#984=STYLED_ITEM('',(#983),#976);
#985=ADVANCED_FACE('',(#2692),#2694,.T.);
#986=COLOUR_RGB($,1.,0.843137254901961,0.);
#987=FILL_AREA_STYLE_COLOUR($,#986);
#988=FILL_AREA_STYLE($,(#987));
#989=SURFACE_STYLE_FILL_AREA(#988);
#990=SURFACE_SIDE_STYLE('',(#989));
#991=SURFACE_STYLE_USAGE(.BOTH.,#990);
#992=PRESENTATION_STYLE_ASSIGNMENT((#991));
#993=STYLED_ITEM('',(#992),#985);
#994=ADVANCED_FACE('',(#2699),#2701,.T.);
#995=COLOUR_RGB($,1.,0.843137254901961,0.);
#996=FILL_AREA_STYLE_COLOUR($,#995);
#997=FILL_AREA_STYLE($,(#996));
#998=SURFACE_STYLE_FILL_AREA(#997);
#999=SURFACE_SIDE_STYLE('',(#998));
#1000=SURFACE_STYLE_USAGE(.BOTH.,#999);
#1001=PRESENTATION_STYLE_ASSIGNMENT((#1000));
#1002=STYLED_ITEM('',(#1001),#994);
#1003=ADVANCED_FACE('',(#2706),#2708,.T.);
#1004=COLOUR_RGB($,1.,0.843137254901961,0.);
#1005=FILL_AREA_STYLE_COLOUR($,#1004);
#1006=FILL_AREA_STYLE($,(#1005));
#1007=SURFACE_STYLE_FILL_AREA(#1006);
#1008=SURFACE_SIDE_STYLE('',(#1007));
#1009=SURFACE_STYLE_USAGE(.BOTH.,#1008);
#1010=PRESENTATION_STYLE_ASSIGNMENT((#1009));
#1011=STYLED_ITEM('',(#1010),#1003);
#1012=ADVANCED_FACE('',(#2713),#2715,.T.);
#1013=COLOUR_RGB($,1.,0.843137254901961,0.);
#1014=FILL_AREA_STYLE_COLOUR($,#1013);
#1015=FILL_AREA_STYLE($,(#1014));
#1016=SURFACE_STYLE_FILL_AREA(#1015);
#1017=SURFACE_SIDE_STYLE('',(#1016));
#1018=SURFACE_STYLE_USAGE(.BOTH.,#1017);
#1019=PRESENTATION_STYLE_ASSIGNMENT((#1018));
#1020=STYLED_ITEM('',(#1019),#1012);
#1021=ADVANCED_FACE('',(#2720),#2722,.T.);
#1022=COLOUR_RGB($,1.,0.843137254901961,0.);
#1023=FILL_AREA_STYLE_COLOUR($,#1022);
#1024=FILL_AREA_STYLE($,(#1023));
#1025=SURFACE_STYLE_FILL_AREA(#1024);
#1026=SURFACE_SIDE_STYLE('',(#1025));
#1027=SURFACE_STYLE_USAGE(.BOTH.,#1026);
#1028=PRESENTATION_STYLE_ASSIGNMENT((#1027));
#1029=STYLED_ITEM('',(#1028),#1021);
#1030=ADVANCED_FACE('',(#2727),#2729,.T.);
#1031=COLOUR_RGB($,1.,0.843137254901961,0.);
#1032=FILL_AREA_STYLE_COLOUR($,#1031);
#1033=FILL_AREA_STYLE($,(#1032));
#1034=SURFACE_STYLE_FILL_AREA(#1033);
#1035=SURFACE_SIDE_STYLE('',(#1034));
#1036=SURFACE_STYLE_USAGE(.BOTH.,#1035);
#1037=PRESENTATION_STYLE_ASSIGNMENT((#1036));
#1038=STYLED_ITEM('',(#1037),#1030);
#1039=ADVANCED_FACE('',(#2734),#2736,.T.);
#1040=COLOUR_RGB($,1.,0.843137254901961,0.);
#1041=FILL_AREA_STYLE_COLOUR($,#1040);
#1042=FILL_AREA_STYLE($,(#1041));
#1043=SURFACE_STYLE_FILL_AREA(#1042);
#1044=SURFACE_SIDE_STYLE('',(#1043));
#1045=SURFACE_STYLE_USAGE(.BOTH.,#1044);
#1046=PRESENTATION_STYLE_ASSIGNMENT((#1045));
#1047=STYLED_ITEM('',(#1046),#1039);
#1048=ADVANCED_FACE('',(#2741),#2743,.T.);
#1049=COLOUR_RGB($,1.,0.843137254901961,0.);
#1050=FILL_AREA_STYLE_COLOUR($,#1049);
#1051=FILL_AREA_STYLE($,(#1050));
#1052=SURFACE_STYLE_FILL_AREA(#1051);
#1053=SURFACE_SIDE_STYLE('',(#1052));
#1054=SURFACE_STYLE_USAGE(.BOTH.,#1053);
#1055=PRESENTATION_STYLE_ASSIGNMENT((#1054));
#1056=STYLED_ITEM('',(#1055),#1048);
#1057=ADVANCED_FACE('',(#2748),#2750,.T.);
#1058=COLOUR_RGB($,1.,0.843137254901961,0.);
#1059=FILL_AREA_STYLE_COLOUR($,#1058);
#1060=FILL_AREA_STYLE($,(#1059));
#1061=SURFACE_STYLE_FILL_AREA(#1060);
#1062=SURFACE_SIDE_STYLE('',(#1061));
#1063=SURFACE_STYLE_USAGE(.BOTH.,#1062);
#1064=PRESENTATION_STYLE_ASSIGNMENT((#1063));
#1065=STYLED_ITEM('',(#1064),#1057);
#1066=ADVANCED_FACE('',(#2755),#2757,.T.);
#1067=COLOUR_RGB($,1.,0.843137254901961,0.);
#1068=FILL_AREA_STYLE_COLOUR($,#1067);
#1069=FILL_AREA_STYLE($,(#1068));
#1070=SURFACE_STYLE_FILL_AREA(#1069);
#1071=SURFACE_SIDE_STYLE('',(#1070));
#1072=SURFACE_STYLE_USAGE(.BOTH.,#1071);
#1073=PRESENTATION_STYLE_ASSIGNMENT((#1072));
#1074=STYLED_ITEM('',(#1073),#1066);
#1075=ADVANCED_FACE('',(#2762),#2764,.T.);
#1076=COLOUR_RGB($,1.,0.843137254901961,0.);
#1077=FILL_AREA_STYLE_COLOUR($,#1076);
#1078=FILL_AREA_STYLE($,(#1077));
#1079=SURFACE_STYLE_FILL_AREA(#1078);
#1080=SURFACE_SIDE_STYLE('',(#1079));
#1081=SURFACE_STYLE_USAGE(.BOTH.,#1080);
#1082=PRESENTATION_STYLE_ASSIGNMENT((#1081));
#1083=STYLED_ITEM('',(#1082),#1075);
#1084=ADVANCED_FACE('',(#2769),#2771,.T.);
#1085=COLOUR_RGB($,1.,0.843137254901961,0.);
#1086=FILL_AREA_STYLE_COLOUR($,#1085);
#1087=FILL_AREA_STYLE($,(#1086));
#1088=SURFACE_STYLE_FILL_AREA(#1087);
#1089=SURFACE_SIDE_STYLE('',(#1088));
#1090=SURFACE_STYLE_USAGE(.BOTH.,#1089);
#1091=PRESENTATION_STYLE_ASSIGNMENT((#1090));
#1092=STYLED_ITEM('',(#1091),#1084);
#1093=ADVANCED_FACE('',(#2776),#2778,.T.);
#1094=COLOUR_RGB($,1.,0.843137254901961,0.);
#1095=FILL_AREA_STYLE_COLOUR($,#1094);
#1096=FILL_AREA_STYLE($,(#1095));
#1097=SURFACE_STYLE_FILL_AREA(#1096);
#1098=SURFACE_SIDE_STYLE('',(#1097));
#1099=SURFACE_STYLE_USAGE(.BOTH.,#1098);
#1100=PRESENTATION_STYLE_ASSIGNMENT((#1099));
#1101=STYLED_ITEM('',(#1100),#1093);
#1102=ADVANCED_FACE('',(#2783),#2785,.T.);
#1103=COLOUR_RGB($,1.,0.843137254901961,0.);
#1104=FILL_AREA_STYLE_COLOUR($,#1103);
#1105=FILL_AREA_STYLE($,(#1104));
#1106=SURFACE_STYLE_FILL_AREA(#1105);
#1107=SURFACE_SIDE_STYLE('',(#1106));
#1108=SURFACE_STYLE_USAGE(.BOTH.,#1107);
#1109=PRESENTATION_STYLE_ASSIGNMENT((#1108));
#1110=STYLED_ITEM('',(#1109),#1102);
#1111=ADVANCED_FACE('',(#2790),#2792,.T.);
#1112=COLOUR_RGB($,1.,0.843137254901961,0.);
#1113=FILL_AREA_STYLE_COLOUR($,#1112);
#1114=FILL_AREA_STYLE($,(#1113));
#1115=SURFACE_STYLE_FILL_AREA(#1114);
#1116=SURFACE_SIDE_STYLE('',(#1115));
#1117=SURFACE_STYLE_USAGE(.BOTH.,#1116);
#1118=PRESENTATION_STYLE_ASSIGNMENT((#1117));
#1119=STYLED_ITEM('',(#1118),#1111);
#1120=ADVANCED_FACE('',(#2797),#2799,.T.);
#1121=COLOUR_RGB($,1.,0.843137254901961,0.);
#1122=FILL_AREA_STYLE_COLOUR($,#1121);
#1123=FILL_AREA_STYLE($,(#1122));
#1124=SURFACE_STYLE_FILL_AREA(#1123);
#1125=SURFACE_SIDE_STYLE('',(#1124));
#1126=SURFACE_STYLE_USAGE(.BOTH.,#1125);
#1127=PRESENTATION_STYLE_ASSIGNMENT((#1126));
#1128=STYLED_ITEM('',(#1127),#1120);
#1129=ADVANCED_FACE('',(#2804),#2806,.T.);
#1130=COLOUR_RGB($,1.,0.843137254901961,0.);
#1131=FILL_AREA_STYLE_COLOUR($,#1130);
#1132=FILL_AREA_STYLE($,(#1131));
#1133=SURFACE_STYLE_FILL_AREA(#1132);
#1134=SURFACE_SIDE_STYLE('',(#1133));
#1135=SURFACE_STYLE_USAGE(.BOTH.,#1134);
#1136=PRESENTATION_STYLE_ASSIGNMENT((#1135));
#1137=STYLED_ITEM('',(#1136),#1129);
#1138=ADVANCED_FACE('',(#2811),#2813,.T.);
#1139=COLOUR_RGB($,1.,0.843137254901961,0.);
#1140=FILL_AREA_STYLE_COLOUR($,#1139);
#1141=FILL_AREA_STYLE($,(#1140));
#1142=SURFACE_STYLE_FILL_AREA(#1141);
#1143=SURFACE_SIDE_STYLE('',(#1142));
#1144=SURFACE_STYLE_USAGE(.BOTH.,#1143);
#1145=PRESENTATION_STYLE_ASSIGNMENT((#1144));
#1146=STYLED_ITEM('',(#1145),#1138);
#1147=ADVANCED_FACE('',(#2818),#2820,.T.);
#1148=COLOUR_RGB($,1.,0.843137254901961,0.);
#1149=FILL_AREA_STYLE_COLOUR($,#1148);
#1150=FILL_AREA_STYLE($,(#1149));
#1151=SURFACE_STYLE_FILL_AREA(#1150);
#1152=SURFACE_SIDE_STYLE('',(#1151));
#1153=SURFACE_STYLE_USAGE(.BOTH.,#1152);
#1154=PRESENTATION_STYLE_ASSIGNMENT((#1153));
#1155=STYLED_ITEM('',(#1154),#1147);
#1156=ADVANCED_FACE('',(#2825),#2827,.T.);
#1157=COLOUR_RGB($,1.,0.843137254901961,0.);
#1158=FILL_AREA_STYLE_COLOUR($,#1157);
#1159=FILL_AREA_STYLE($,(#1158));
#1160=SURFACE_STYLE_FILL_AREA(#1159);
#1161=SURFACE_SIDE_STYLE('',(#1160));
#1162=SURFACE_STYLE_USAGE(.BOTH.,#1161);
#1163=PRESENTATION_STYLE_ASSIGNMENT((#1162));
#1164=STYLED_ITEM('',(#1163),#1156);
#1165=ADVANCED_FACE('',(#2832),#2834,.T.);
#1166=COLOUR_RGB($,1.,0.843137254901961,0.);
#1167=FILL_AREA_STYLE_COLOUR($,#1166);
#1168=FILL_AREA_STYLE($,(#1167));
#1169=SURFACE_STYLE_FILL_AREA(#1168);
#1170=SURFACE_SIDE_STYLE('',(#1169));
#1171=SURFACE_STYLE_USAGE(.BOTH.,#1170);
#1172=PRESENTATION_STYLE_ASSIGNMENT((#1171));
#1173=STYLED_ITEM('',(#1172),#1165);
#1174=ADVANCED_FACE('',(#2839),#2841,.T.);
#1175=COLOUR_RGB($,1.,0.843137254901961,0.);
#1176=FILL_AREA_STYLE_COLOUR($,#1175);
#1177=FILL_AREA_STYLE($,(#1176));
#1178=SURFACE_STYLE_FILL_AREA(#1177);
#1179=SURFACE_SIDE_STYLE('',(#1178));
#1180=SURFACE_STYLE_USAGE(.BOTH.,#1179);
#1181=PRESENTATION_STYLE_ASSIGNMENT((#1180));
#1182=STYLED_ITEM('',(#1181),#1174);
#1183=ADVANCED_FACE('',(#2846),#2848,.T.);
#1184=COLOUR_RGB($,1.,0.843137254901961,0.);
#1185=FILL_AREA_STYLE_COLOUR($,#1184);
#1186=FILL_AREA_STYLE($,(#1185));
#1187=SURFACE_STYLE_FILL_AREA(#1186);
#1188=SURFACE_SIDE_STYLE('',(#1187));
#1189=SURFACE_STYLE_USAGE(.BOTH.,#1188);
#1190=PRESENTATION_STYLE_ASSIGNMENT((#1189));
#1191=STYLED_ITEM('',(#1190),#1183);
#1192=ADVANCED_FACE('',(#2853),#2855,.T.);
#1193=COLOUR_RGB($,1.,0.843137254901961,0.);
#1194=FILL_AREA_STYLE_COLOUR($,#1193);
#1195=FILL_AREA_STYLE($,(#1194));
#1196=SURFACE_STYLE_FILL_AREA(#1195);
#1197=SURFACE_SIDE_STYLE('',(#1196));
#1198=SURFACE_STYLE_USAGE(.BOTH.,#1197);
#1199=PRESENTATION_STYLE_ASSIGNMENT((#1198));
#1200=STYLED_ITEM('',(#1199),#1192);
#1201=ADVANCED_FACE('',(#2860),#2862,.T.);
#1202=COLOUR_RGB($,1.,0.843137254901961,0.);
#1203=FILL_AREA_STYLE_COLOUR($,#1202);
#1204=FILL_AREA_STYLE($,(#1203));
#1205=SURFACE_STYLE_FILL_AREA(#1204);
#1206=SURFACE_SIDE_STYLE('',(#1205));
#1207=SURFACE_STYLE_USAGE(.BOTH.,#1206);
#1208=PRESENTATION_STYLE_ASSIGNMENT((#1207));
#1209=STYLED_ITEM('',(#1208),#1201);
#1210=ADVANCED_FACE('',(#2867),#2869,.T.);
#1211=COLOUR_RGB($,1.,1.,1.);
#1212=FILL_AREA_STYLE_COLOUR($,#1211);
#1213=FILL_AREA_STYLE($,(#1212));
#1214=SURFACE_STYLE_FILL_AREA(#1213);
#1215=SURFACE_SIDE_STYLE('',(#1214));
#1216=SURFACE_STYLE_USAGE(.BOTH.,#1215);
#1217=PRESENTATION_STYLE_ASSIGNMENT((#1216));
#1218=STYLED_ITEM('',(#1217),#1210);
#1219=ADVANCED_FACE('',(#2874),#2876,.T.);
#1220=COLOUR_RGB($,1.,0.843137254901961,0.);
#1221=FILL_AREA_STYLE_COLOUR($,#1220);
#1222=FILL_AREA_STYLE($,(#1221));
#1223=SURFACE_STYLE_FILL_AREA(#1222);
#1224=SURFACE_SIDE_STYLE('',(#1223));
#1225=SURFACE_STYLE_USAGE(.BOTH.,#1224);
#1226=PRESENTATION_STYLE_ASSIGNMENT((#1225));
#1227=STYLED_ITEM('',(#1226),#1219);
#1228=ADVANCED_FACE('',(#2881),#2883,.T.);
#1229=COLOUR_RGB($,1.,0.843137254901961,0.);
#1230=FILL_AREA_STYLE_COLOUR($,#1229);
#1231=FILL_AREA_STYLE($,(#1230));
#1232=SURFACE_STYLE_FILL_AREA(#1231);
#1233=SURFACE_SIDE_STYLE('',(#1232));
#1234=SURFACE_STYLE_USAGE(.BOTH.,#1233);
#1235=PRESENTATION_STYLE_ASSIGNMENT((#1234));
#1236=STYLED_ITEM('',(#1235),#1228);
#1237=ADVANCED_FACE('',(#2888),#2890,.T.);
#1238=COLOUR_RGB($,1.,0.843137254901961,0.);
#1239=FILL_AREA_STYLE_COLOUR($,#1238);
#1240=FILL_AREA_STYLE($,(#1239));
#1241=SURFACE_STYLE_FILL_AREA(#1240);
#1242=SURFACE_SIDE_STYLE('',(#1241));
#1243=SURFACE_STYLE_USAGE(.BOTH.,#1242);
#1244=PRESENTATION_STYLE_ASSIGNMENT((#1243));
#1245=STYLED_ITEM('',(#1244),#1237);
#1246=ADVANCED_FACE('',(#2895),#2897,.T.);
#1247=COLOUR_RGB($,1.,0.843137254901961,0.);
#1248=FILL_AREA_STYLE_COLOUR($,#1247);
#1249=FILL_AREA_STYLE($,(#1248));
#1250=SURFACE_STYLE_FILL_AREA(#1249);
#1251=SURFACE_SIDE_STYLE('',(#1250));
#1252=SURFACE_STYLE_USAGE(.BOTH.,#1251);
#1253=PRESENTATION_STYLE_ASSIGNMENT((#1252));
#1254=STYLED_ITEM('',(#1253),#1246);
#1255=ADVANCED_FACE('',(#2902),#2904,.T.);
#1256=COLOUR_RGB($,1.,0.843137254901961,0.);
#1257=FILL_AREA_STYLE_COLOUR($,#1256);
#1258=FILL_AREA_STYLE($,(#1257));
#1259=SURFACE_STYLE_FILL_AREA(#1258);
#1260=SURFACE_SIDE_STYLE('',(#1259));
#1261=SURFACE_STYLE_USAGE(.BOTH.,#1260);
#1262=PRESENTATION_STYLE_ASSIGNMENT((#1261));
#1263=STYLED_ITEM('',(#1262),#1255);
#1264=ADVANCED_FACE('',(#2909),#2911,.T.);
#1265=COLOUR_RGB($,1.,0.843137254901961,0.);
#1266=FILL_AREA_STYLE_COLOUR($,#1265);
#1267=FILL_AREA_STYLE($,(#1266));
#1268=SURFACE_STYLE_FILL_AREA(#1267);
#1269=SURFACE_SIDE_STYLE('',(#1268));
#1270=SURFACE_STYLE_USAGE(.BOTH.,#1269);
#1271=PRESENTATION_STYLE_ASSIGNMENT((#1270));
#1272=STYLED_ITEM('',(#1271),#1264);
#1273=ADVANCED_FACE('',(#2916),#2918,.T.);
#1274=COLOUR_RGB($,1.,0.843137254901961,0.);
#1275=FILL_AREA_STYLE_COLOUR($,#1274);
#1276=FILL_AREA_STYLE($,(#1275));
#1277=SURFACE_STYLE_FILL_AREA(#1276);
#1278=SURFACE_SIDE_STYLE('',(#1277));
#1279=SURFACE_STYLE_USAGE(.BOTH.,#1278);
#1280=PRESENTATION_STYLE_ASSIGNMENT((#1279));
#1281=STYLED_ITEM('',(#1280),#1273);
#1282=ADVANCED_FACE('',(#2923),#2925,.T.);
#1283=COLOUR_RGB($,1.,0.843137254901961,0.);
#1284=FILL_AREA_STYLE_COLOUR($,#1283);
#1285=FILL_AREA_STYLE($,(#1284));
#1286=SURFACE_STYLE_FILL_AREA(#1285);
#1287=SURFACE_SIDE_STYLE('',(#1286));
#1288=SURFACE_STYLE_USAGE(.BOTH.,#1287);
#1289=PRESENTATION_STYLE_ASSIGNMENT((#1288));
#1290=STYLED_ITEM('',(#1289),#1282);
#1291=ADVANCED_FACE('',(#2930),#2932,.T.);
#1292=COLOUR_RGB($,1.,0.843137254901961,0.);
#1293=FILL_AREA_STYLE_COLOUR($,#1292);
#1294=FILL_AREA_STYLE($,(#1293));
#1295=SURFACE_STYLE_FILL_AREA(#1294);
#1296=SURFACE_SIDE_STYLE('',(#1295));
#1297=SURFACE_STYLE_USAGE(.BOTH.,#1296);
#1298=PRESENTATION_STYLE_ASSIGNMENT((#1297));
#1299=STYLED_ITEM('',(#1298),#1291);
#1300=ADVANCED_FACE('',(#2937),#2939,.T.);
#1301=COLOUR_RGB($,1.,0.843137254901961,0.);
#1302=FILL_AREA_STYLE_COLOUR($,#1301);
#1303=FILL_AREA_STYLE($,(#1302));
#1304=SURFACE_STYLE_FILL_AREA(#1303);
#1305=SURFACE_SIDE_STYLE('',(#1304));
#1306=SURFACE_STYLE_USAGE(.BOTH.,#1305);
#1307=PRESENTATION_STYLE_ASSIGNMENT((#1306));
#1308=STYLED_ITEM('',(#1307),#1300);
#1309=ADVANCED_FACE('',(#2944),#2946,.T.);
#1310=COLOUR_RGB($,1.,0.843137254901961,0.);
#1311=FILL_AREA_STYLE_COLOUR($,#1310);
#1312=FILL_AREA_STYLE($,(#1311));
#1313=SURFACE_STYLE_FILL_AREA(#1312);
#1314=SURFACE_SIDE_STYLE('',(#1313));
#1315=SURFACE_STYLE_USAGE(.BOTH.,#1314);
#1316=PRESENTATION_STYLE_ASSIGNMENT((#1315));
#1317=STYLED_ITEM('',(#1316),#1309);
#1318=ADVANCED_FACE('',(#2951),#2953,.T.);
#1319=COLOUR_RGB($,1.,0.843137254901961,0.);
#1320=FILL_AREA_STYLE_COLOUR($,#1319);
#1321=FILL_AREA_STYLE($,(#1320));
#1322=SURFACE_STYLE_FILL_AREA(#1321);
#1323=SURFACE_SIDE_STYLE('',(#1322));
#1324=SURFACE_STYLE_USAGE(.BOTH.,#1323);
#1325=PRESENTATION_STYLE_ASSIGNMENT((#1324));
#1326=STYLED_ITEM('',(#1325),#1318);
#1327=ADVANCED_FACE('',(#2958),#2960,.T.);
#1328=COLOUR_RGB($,1.,0.843137254901961,0.);
#1329=FILL_AREA_STYLE_COLOUR($,#1328);
#1330=FILL_AREA_STYLE($,(#1329));
#1331=SURFACE_STYLE_FILL_AREA(#1330);
#1332=SURFACE_SIDE_STYLE('',(#1331));
#1333=SURFACE_STYLE_USAGE(.BOTH.,#1332);
#1334=PRESENTATION_STYLE_ASSIGNMENT((#1333));
#1335=STYLED_ITEM('',(#1334),#1327);
#1336=ADVANCED_FACE('',(#2965),#2967,.T.);
#1337=COLOUR_RGB($,1.,0.843137254901961,0.);
#1338=FILL_AREA_STYLE_COLOUR($,#1337);
#1339=FILL_AREA_STYLE($,(#1338));
#1340=SURFACE_STYLE_FILL_AREA(#1339);
#1341=SURFACE_SIDE_STYLE('',(#1340));
#1342=SURFACE_STYLE_USAGE(.BOTH.,#1341);
#1343=PRESENTATION_STYLE_ASSIGNMENT((#1342));
#1344=STYLED_ITEM('',(#1343),#1336);
#1345=ADVANCED_FACE('',(#2972),#2974,.T.);
#1346=COLOUR_RGB($,1.,0.843137254901961,0.);
#1347=FILL_AREA_STYLE_COLOUR($,#1346);
#1348=FILL_AREA_STYLE($,(#1347));
#1349=SURFACE_STYLE_FILL_AREA(#1348);
#1350=SURFACE_SIDE_STYLE('',(#1349));
#1351=SURFACE_STYLE_USAGE(.BOTH.,#1350);
#1352=PRESENTATION_STYLE_ASSIGNMENT((#1351));
#1353=STYLED_ITEM('',(#1352),#1345);
#1354=ADVANCED_FACE('',(#2979),#2981,.T.);
#1355=COLOUR_RGB($,1.,0.843137254901961,0.);
#1356=FILL_AREA_STYLE_COLOUR($,#1355);
#1357=FILL_AREA_STYLE($,(#1356));
#1358=SURFACE_STYLE_FILL_AREA(#1357);
#1359=SURFACE_SIDE_STYLE('',(#1358));
#1360=SURFACE_STYLE_USAGE(.BOTH.,#1359);
#1361=PRESENTATION_STYLE_ASSIGNMENT((#1360));
#1362=STYLED_ITEM('',(#1361),#1354);
#1363=ADVANCED_FACE('',(#2986),#2988,.T.);
#1364=COLOUR_RGB($,1.,0.843137254901961,0.);
#1365=FILL_AREA_STYLE_COLOUR($,#1364);
#1366=FILL_AREA_STYLE($,(#1365));
#1367=SURFACE_STYLE_FILL_AREA(#1366);
#1368=SURFACE_SIDE_STYLE('',(#1367));
#1369=SURFACE_STYLE_USAGE(.BOTH.,#1368);
#1370=PRESENTATION_STYLE_ASSIGNMENT((#1369));
#1371=STYLED_ITEM('',(#1370),#1363);
#1372=ADVANCED_FACE('',(#2993),#2995,.T.);
#1373=COLOUR_RGB($,1.,0.843137254901961,0.);
#1374=FILL_AREA_STYLE_COLOUR($,#1373);
#1375=FILL_AREA_STYLE($,(#1374));
#1376=SURFACE_STYLE_FILL_AREA(#1375);
#1377=SURFACE_SIDE_STYLE('',(#1376));
#1378=SURFACE_STYLE_USAGE(.BOTH.,#1377);
#1379=PRESENTATION_STYLE_ASSIGNMENT((#1378));
#1380=STYLED_ITEM('',(#1379),#1372);
#1381=ADVANCED_FACE('',(#3000),#3002,.T.);
#1382=COLOUR_RGB($,1.,0.843137254901961,0.);
#1383=FILL_AREA_STYLE_COLOUR($,#1382);
#1384=FILL_AREA_STYLE($,(#1383));
#1385=SURFACE_STYLE_FILL_AREA(#1384);
#1386=SURFACE_SIDE_STYLE('',(#1385));
#1387=SURFACE_STYLE_USAGE(.BOTH.,#1386);
#1388=PRESENTATION_STYLE_ASSIGNMENT((#1387));
#1389=STYLED_ITEM('',(#1388),#1381);
#1390=ADVANCED_FACE('',(#3007),#3009,.T.);
#1391=COLOUR_RGB($,1.,0.843137254901961,0.);
#1392=FILL_AREA_STYLE_COLOUR($,#1391);
#1393=FILL_AREA_STYLE($,(#1392));
#1394=SURFACE_STYLE_FILL_AREA(#1393);
#1395=SURFACE_SIDE_STYLE('',(#1394));
#1396=SURFACE_STYLE_USAGE(.BOTH.,#1395);
#1397=PRESENTATION_STYLE_ASSIGNMENT((#1396));
#1398=STYLED_ITEM('',(#1397),#1390);
#1399=ADVANCED_FACE('',(#3014),#3016,.T.);
#1400=COLOUR_RGB($,1.,0.843137254901961,0.);
#1401=FILL_AREA_STYLE_COLOUR($,#1400);
#1402=FILL_AREA_STYLE($,(#1401));
#1403=SURFACE_STYLE_FILL_AREA(#1402);
#1404=SURFACE_SIDE_STYLE('',(#1403));
#1405=SURFACE_STYLE_USAGE(.BOTH.,#1404);
#1406=PRESENTATION_STYLE_ASSIGNMENT((#1405));
#1407=STYLED_ITEM('',(#1406),#1399);
#1408=ADVANCED_FACE('',(#3021),#3023,.T.);
#1409=COLOUR_RGB($,1.,0.843137254901961,0.);
#1410=FILL_AREA_STYLE_COLOUR($,#1409);
#1411=FILL_AREA_STYLE($,(#1410));
#1412=SURFACE_STYLE_FILL_AREA(#1411);
#1413=SURFACE_SIDE_STYLE('',(#1412));
#1414=SURFACE_STYLE_USAGE(.BOTH.,#1413);
#1415=PRESENTATION_STYLE_ASSIGNMENT((#1414));
#1416=STYLED_ITEM('',(#1415),#1408);
#1417=ADVANCED_FACE('',(#3028),#3030,.T.);
#1418=COLOUR_RGB($,1.,0.843137254901961,0.);
#1419=FILL_AREA_STYLE_COLOUR($,#1418);
#1420=FILL_AREA_STYLE($,(#1419));
#1421=SURFACE_STYLE_FILL_AREA(#1420);
#1422=SURFACE_SIDE_STYLE('',(#1421));
#1423=SURFACE_STYLE_USAGE(.BOTH.,#1422);
#1424=PRESENTATION_STYLE_ASSIGNMENT((#1423));
#1425=STYLED_ITEM('',(#1424),#1417);
#1426=ADVANCED_FACE('',(#3035),#3037,.T.);
#1427=COLOUR_RGB($,1.,0.843137254901961,0.);
#1428=FILL_AREA_STYLE_COLOUR($,#1427);
#1429=FILL_AREA_STYLE($,(#1428));
#1430=SURFACE_STYLE_FILL_AREA(#1429);
#1431=SURFACE_SIDE_STYLE('',(#1430));
#1432=SURFACE_STYLE_USAGE(.BOTH.,#1431);
#1433=PRESENTATION_STYLE_ASSIGNMENT((#1432));
#1434=STYLED_ITEM('',(#1433),#1426);
#1435=ADVANCED_FACE('',(#3042),#3044,.T.);
#1436=COLOUR_RGB($,1.,0.843137254901961,0.);
#1437=FILL_AREA_STYLE_COLOUR($,#1436);
#1438=FILL_AREA_STYLE($,(#1437));
#1439=SURFACE_STYLE_FILL_AREA(#1438);
#1440=SURFACE_SIDE_STYLE('',(#1439));
#1441=SURFACE_STYLE_USAGE(.BOTH.,#1440);
#1442=PRESENTATION_STYLE_ASSIGNMENT((#1441));
#1443=STYLED_ITEM('',(#1442),#1435);
#1444=ADVANCED_FACE('',(#3049),#3051,.T.);
#1445=COLOUR_RGB($,1.,0.843137254901961,0.);
#1446=FILL_AREA_STYLE_COLOUR($,#1445);
#1447=FILL_AREA_STYLE($,(#1446));
#1448=SURFACE_STYLE_FILL_AREA(#1447);
#1449=SURFACE_SIDE_STYLE('',(#1448));
#1450=SURFACE_STYLE_USAGE(.BOTH.,#1449);
#1451=PRESENTATION_STYLE_ASSIGNMENT((#1450));
#1452=STYLED_ITEM('',(#1451),#1444);
#1453=ADVANCED_FACE('',(#3056),#3058,.T.);
#1454=COLOUR_RGB($,1.,0.843137254901961,0.);
#1455=FILL_AREA_STYLE_COLOUR($,#1454);
#1456=FILL_AREA_STYLE($,(#1455));
#1457=SURFACE_STYLE_FILL_AREA(#1456);
#1458=SURFACE_SIDE_STYLE('',(#1457));
#1459=SURFACE_STYLE_USAGE(.BOTH.,#1458);
#1460=PRESENTATION_STYLE_ASSIGNMENT((#1459));
#1461=STYLED_ITEM('',(#1460),#1453);
#1462=ADVANCED_FACE('',(#3063),#3065,.T.);
#1463=COLOUR_RGB($,1.,0.843137254901961,0.);
#1464=FILL_AREA_STYLE_COLOUR($,#1463);
#1465=FILL_AREA_STYLE($,(#1464));
#1466=SURFACE_STYLE_FILL_AREA(#1465);
#1467=SURFACE_SIDE_STYLE('',(#1466));
#1468=SURFACE_STYLE_USAGE(.BOTH.,#1467);
#1469=PRESENTATION_STYLE_ASSIGNMENT((#1468));
#1470=STYLED_ITEM('',(#1469),#1462);
#1471=ADVANCED_FACE('',(#3070),#3072,.T.);
#1472=COLOUR_RGB($,1.,0.843137254901961,0.);
#1473=FILL_AREA_STYLE_COLOUR($,#1472);
#1474=FILL_AREA_STYLE($,(#1473));
#1475=SURFACE_STYLE_FILL_AREA(#1474);
#1476=SURFACE_SIDE_STYLE('',(#1475));
#1477=SURFACE_STYLE_USAGE(.BOTH.,#1476);
#1478=PRESENTATION_STYLE_ASSIGNMENT((#1477));
#1479=STYLED_ITEM('',(#1478),#1471);
#1480=ADVANCED_FACE('',(#3077),#3079,.T.);
#1481=COLOUR_RGB($,1.,0.843137254901961,0.);
#1482=FILL_AREA_STYLE_COLOUR($,#1481);
#1483=FILL_AREA_STYLE($,(#1482));
#1484=SURFACE_STYLE_FILL_AREA(#1483);
#1485=SURFACE_SIDE_STYLE('',(#1484));
#1486=SURFACE_STYLE_USAGE(.BOTH.,#1485);
#1487=PRESENTATION_STYLE_ASSIGNMENT((#1486));
#1488=STYLED_ITEM('',(#1487),#1480);
#1489=ADVANCED_FACE('',(#3084),#3086,.T.);
#1490=COLOUR_RGB($,1.,0.843137254901961,0.);
#1491=FILL_AREA_STYLE_COLOUR($,#1490);
#1492=FILL_AREA_STYLE($,(#1491));
#1493=SURFACE_STYLE_FILL_AREA(#1492);
#1494=SURFACE_SIDE_STYLE('',(#1493));
#1495=SURFACE_STYLE_USAGE(.BOTH.,#1494);
#1496=PRESENTATION_STYLE_ASSIGNMENT((#1495));
#1497=STYLED_ITEM('',(#1496),#1489);
#1498=ADVANCED_FACE('',(#3091),#3093,.T.);
#1499=COLOUR_RGB($,1.,0.843137254901961,0.);
#1500=FILL_AREA_STYLE_COLOUR($,#1499);
#1501=FILL_AREA_STYLE($,(#1500));
#1502=SURFACE_STYLE_FILL_AREA(#1501);
#1503=SURFACE_SIDE_STYLE('',(#1502));
#1504=SURFACE_STYLE_USAGE(.BOTH.,#1503);
#1505=PRESENTATION_STYLE_ASSIGNMENT((#1504));
#1506=STYLED_ITEM('',(#1505),#1498);
#1507=ADVANCED_FACE('',(#3098),#3100,.F.);
#1508=COLOUR_RGB($,1.,0.843137254901961,0.);
#1509=FILL_AREA_STYLE_COLOUR($,#1508);
#1510=FILL_AREA_STYLE($,(#1509));
#1511=SURFACE_STYLE_FILL_AREA(#1510);
#1512=SURFACE_SIDE_STYLE('',(#1511));
#1513=SURFACE_STYLE_USAGE(.BOTH.,#1512);
#1514=PRESENTATION_STYLE_ASSIGNMENT((#1513));
#1515=STYLED_ITEM('',(#1514),#1507);
#1516=ADVANCED_FACE('',(#3105),#3107,.F.);
#1517=COLOUR_RGB($,1.,0.843137254901961,0.);
#1518=FILL_AREA_STYLE_COLOUR($,#1517);
#1519=FILL_AREA_STYLE($,(#1518));
#1520=SURFACE_STYLE_FILL_AREA(#1519);
#1521=SURFACE_SIDE_STYLE('',(#1520));
#1522=SURFACE_STYLE_USAGE(.BOTH.,#1521);
#1523=PRESENTATION_STYLE_ASSIGNMENT((#1522));
#1524=STYLED_ITEM('',(#1523),#1516);
#1525=ADVANCED_FACE('',(#3112),#3114,.F.);
#1526=COLOUR_RGB($,1.,0.843137254901961,0.);
#1527=FILL_AREA_STYLE_COLOUR($,#1526);
#1528=FILL_AREA_STYLE($,(#1527));
#1529=SURFACE_STYLE_FILL_AREA(#1528);
#1530=SURFACE_SIDE_STYLE('',(#1529));
#1531=SURFACE_STYLE_USAGE(.BOTH.,#1530);
#1532=PRESENTATION_STYLE_ASSIGNMENT((#1531));
#1533=STYLED_ITEM('',(#1532),#1525);
#1534=ADVANCED_FACE('',(#3119),#3121,.F.);
#1535=COLOUR_RGB($,1.,0.843137254901961,0.);
#1536=FILL_AREA_STYLE_COLOUR($,#1535);
#1537=FILL_AREA_STYLE($,(#1536));
#1538=SURFACE_STYLE_FILL_AREA(#1537);
#1539=SURFACE_SIDE_STYLE('',(#1538));
#1540=SURFACE_STYLE_USAGE(.BOTH.,#1539);
#1541=PRESENTATION_STYLE_ASSIGNMENT((#1540));
#1542=STYLED_ITEM('',(#1541),#1534);
#1543=ADVANCED_FACE('',(#3126),#3128,.F.);
#1544=COLOUR_RGB($,1.,0.843137254901961,0.);
#1545=FILL_AREA_STYLE_COLOUR($,#1544);
#1546=FILL_AREA_STYLE($,(#1545));
#1547=SURFACE_STYLE_FILL_AREA(#1546);
#1548=SURFACE_SIDE_STYLE('',(#1547));
#1549=SURFACE_STYLE_USAGE(.BOTH.,#1548);
#1550=PRESENTATION_STYLE_ASSIGNMENT((#1549));
#1551=STYLED_ITEM('',(#1550),#1543);
#1552=ADVANCED_FACE('',(#3133),#3135,.F.);
#1553=COLOUR_RGB($,1.,0.843137254901961,0.);
#1554=FILL_AREA_STYLE_COLOUR($,#1553);
#1555=FILL_AREA_STYLE($,(#1554));
#1556=SURFACE_STYLE_FILL_AREA(#1555);
#1557=SURFACE_SIDE_STYLE('',(#1556));
#1558=SURFACE_STYLE_USAGE(.BOTH.,#1557);
#1559=PRESENTATION_STYLE_ASSIGNMENT((#1558));
#1560=STYLED_ITEM('',(#1559),#1552);
#1561=ADVANCED_FACE('',(#3140),#3142,.F.);
#1562=COLOUR_RGB($,1.,0.843137254901961,0.);
#1563=FILL_AREA_STYLE_COLOUR($,#1562);
#1564=FILL_AREA_STYLE($,(#1563));
#1565=SURFACE_STYLE_FILL_AREA(#1564);
#1566=SURFACE_SIDE_STYLE('',(#1565));
#1567=SURFACE_STYLE_USAGE(.BOTH.,#1566);
#1568=PRESENTATION_STYLE_ASSIGNMENT((#1567));
#1569=STYLED_ITEM('',(#1568),#1561);
#1570=ADVANCED_FACE('',(#3147),#3149,.F.);
#1571=COLOUR_RGB($,1.,0.843137254901961,0.);
#1572=FILL_AREA_STYLE_COLOUR($,#1571);
#1573=FILL_AREA_STYLE($,(#1572));
#1574=SURFACE_STYLE_FILL_AREA(#1573);
#1575=SURFACE_SIDE_STYLE('',(#1574));
#1576=SURFACE_STYLE_USAGE(.BOTH.,#1575);
#1577=PRESENTATION_STYLE_ASSIGNMENT((#1576));
#1578=STYLED_ITEM('',(#1577),#1570);
#1579=ADVANCED_FACE('',(#3154),#3156,.F.);
#1580=COLOUR_RGB($,1.,0.843137254901961,0.);
#1581=FILL_AREA_STYLE_COLOUR($,#1580);
#1582=FILL_AREA_STYLE($,(#1581));
#1583=SURFACE_STYLE_FILL_AREA(#1582);
#1584=SURFACE_SIDE_STYLE('',(#1583));
#1585=SURFACE_STYLE_USAGE(.BOTH.,#1584);
#1586=PRESENTATION_STYLE_ASSIGNMENT((#1585));
#1587=STYLED_ITEM('',(#1586),#1579);
#1588=ADVANCED_FACE('',(#3161),#3163,.F.);
#1589=COLOUR_RGB($,1.,0.843137254901961,0.);
#1590=FILL_AREA_STYLE_COLOUR($,#1589);
#1591=FILL_AREA_STYLE($,(#1590));
#1592=SURFACE_STYLE_FILL_AREA(#1591);
#1593=SURFACE_SIDE_STYLE('',(#1592));
#1594=SURFACE_STYLE_USAGE(.BOTH.,#1593);
#1595=PRESENTATION_STYLE_ASSIGNMENT((#1594));
#1596=STYLED_ITEM('',(#1595),#1588);
#1597=ADVANCED_FACE('',(#3168),#3170,.F.);
#1598=COLOUR_RGB($,1.,0.843137254901961,0.);
#1599=FILL_AREA_STYLE_COLOUR($,#1598);
#1600=FILL_AREA_STYLE($,(#1599));
#1601=SURFACE_STYLE_FILL_AREA(#1600);
#1602=SURFACE_SIDE_STYLE('',(#1601));
#1603=SURFACE_STYLE_USAGE(.BOTH.,#1602);
#1604=PRESENTATION_STYLE_ASSIGNMENT((#1603));
#1605=STYLED_ITEM('',(#1604),#1597);
#1606=ADVANCED_FACE('',(#3175),#3177,.F.);
#1607=COLOUR_RGB($,1.,0.843137254901961,0.);
#1608=FILL_AREA_STYLE_COLOUR($,#1607);
#1609=FILL_AREA_STYLE($,(#1608));
#1610=SURFACE_STYLE_FILL_AREA(#1609);
#1611=SURFACE_SIDE_STYLE('',(#1610));
#1612=SURFACE_STYLE_USAGE(.BOTH.,#1611);
#1613=PRESENTATION_STYLE_ASSIGNMENT((#1612));
#1614=STYLED_ITEM('',(#1613),#1606);
#1615=ADVANCED_FACE('',(#3182),#3184,.F.);
#1616=COLOUR_RGB($,1.,0.843137254901961,0.);
#1617=FILL_AREA_STYLE_COLOUR($,#1616);
#1618=FILL_AREA_STYLE($,(#1617));
#1619=SURFACE_STYLE_FILL_AREA(#1618);
#1620=SURFACE_SIDE_STYLE('',(#1619));
#1621=SURFACE_STYLE_USAGE(.BOTH.,#1620);
#1622=PRESENTATION_STYLE_ASSIGNMENT((#1621));
#1623=STYLED_ITEM('',(#1622),#1615);
#1624=ADVANCED_FACE('',(#3189),#3191,.F.);
#1625=COLOUR_RGB($,1.,0.843137254901961,0.);
#1626=FILL_AREA_STYLE_COLOUR($,#1625);
#1627=FILL_AREA_STYLE($,(#1626));
#1628=SURFACE_STYLE_FILL_AREA(#1627);
#1629=SURFACE_SIDE_STYLE('',(#1628));
#1630=SURFACE_STYLE_USAGE(.BOTH.,#1629);
#1631=PRESENTATION_STYLE_ASSIGNMENT((#1630));
#1632=STYLED_ITEM('',(#1631),#1624);
#1633=ADVANCED_FACE('',(#3196),#3198,.F.);
#1634=COLOUR_RGB($,1.,0.843137254901961,0.);
#1635=FILL_AREA_STYLE_COLOUR($,#1634);
#1636=FILL_AREA_STYLE($,(#1635));
#1637=SURFACE_STYLE_FILL_AREA(#1636);
#1638=SURFACE_SIDE_STYLE('',(#1637));
#1639=SURFACE_STYLE_USAGE(.BOTH.,#1638);
#1640=PRESENTATION_STYLE_ASSIGNMENT((#1639));
#1641=STYLED_ITEM('',(#1640),#1633);
#1642=ADVANCED_FACE('',(#3203),#3205,.F.);
#1643=COLOUR_RGB($,1.,0.843137254901961,0.);
#1644=FILL_AREA_STYLE_COLOUR($,#1643);
#1645=FILL_AREA_STYLE($,(#1644));
#1646=SURFACE_STYLE_FILL_AREA(#1645);
#1647=SURFACE_SIDE_STYLE('',(#1646));
#1648=SURFACE_STYLE_USAGE(.BOTH.,#1647);
#1649=PRESENTATION_STYLE_ASSIGNMENT((#1648));
#1650=STYLED_ITEM('',(#1649),#1642);
#1651=ADVANCED_FACE('',(#3210),#3212,.F.);
#1652=COLOUR_RGB($,1.,0.843137254901961,0.);
#1653=FILL_AREA_STYLE_COLOUR($,#1652);
#1654=FILL_AREA_STYLE($,(#1653));
#1655=SURFACE_STYLE_FILL_AREA(#1654);
#1656=SURFACE_SIDE_STYLE('',(#1655));
#1657=SURFACE_STYLE_USAGE(.BOTH.,#1656);
#1658=PRESENTATION_STYLE_ASSIGNMENT((#1657));
#1659=STYLED_ITEM('',(#1658),#1651);
#1660=ADVANCED_FACE('',(#3217),#3219,.F.);
#1661=COLOUR_RGB($,1.,0.843137254901961,0.);
#1662=FILL_AREA_STYLE_COLOUR($,#1661);
#1663=FILL_AREA_STYLE($,(#1662));
#1664=SURFACE_STYLE_FILL_AREA(#1663);
#1665=SURFACE_SIDE_STYLE('',(#1664));
#1666=SURFACE_STYLE_USAGE(.BOTH.,#1665);
#1667=PRESENTATION_STYLE_ASSIGNMENT((#1666));
#1668=STYLED_ITEM('',(#1667),#1660);
#1669=ADVANCED_FACE('',(#3224),#3226,.F.);
#1670=COLOUR_RGB($,1.,0.843137254901961,0.);
#1671=FILL_AREA_STYLE_COLOUR($,#1670);
#1672=FILL_AREA_STYLE($,(#1671));
#1673=SURFACE_STYLE_FILL_AREA(#1672);
#1674=SURFACE_SIDE_STYLE('',(#1673));
#1675=SURFACE_STYLE_USAGE(.BOTH.,#1674);
#1676=PRESENTATION_STYLE_ASSIGNMENT((#1675));
#1677=STYLED_ITEM('',(#1676),#1669);
#1678=ADVANCED_FACE('',(#3231),#3233,.F.);
#1679=COLOUR_RGB($,1.,0.843137254901961,0.);
#1680=FILL_AREA_STYLE_COLOUR($,#1679);
#1681=FILL_AREA_STYLE($,(#1680));
#1682=SURFACE_STYLE_FILL_AREA(#1681);
#1683=SURFACE_SIDE_STYLE('',(#1682));
#1684=SURFACE_STYLE_USAGE(.BOTH.,#1683);
#1685=PRESENTATION_STYLE_ASSIGNMENT((#1684));
#1686=STYLED_ITEM('',(#1685),#1678);
#1687=ADVANCED_FACE('',(#3238),#3240,.F.);
#1688=COLOUR_RGB($,1.,0.843137254901961,0.);
#1689=FILL_AREA_STYLE_COLOUR($,#1688);
#1690=FILL_AREA_STYLE($,(#1689));
#1691=SURFACE_STYLE_FILL_AREA(#1690);
#1692=SURFACE_SIDE_STYLE('',(#1691));
#1693=SURFACE_STYLE_USAGE(.BOTH.,#1692);
#1694=PRESENTATION_STYLE_ASSIGNMENT((#1693));
#1695=STYLED_ITEM('',(#1694),#1687);
#1696=ADVANCED_FACE('',(#3245),#3247,.F.);
#1697=COLOUR_RGB($,1.,0.843137254901961,0.);
#1698=FILL_AREA_STYLE_COLOUR($,#1697);
#1699=FILL_AREA_STYLE($,(#1698));
#1700=SURFACE_STYLE_FILL_AREA(#1699);
#1701=SURFACE_SIDE_STYLE('',(#1700));
#1702=SURFACE_STYLE_USAGE(.BOTH.,#1701);
#1703=PRESENTATION_STYLE_ASSIGNMENT((#1702));
#1704=STYLED_ITEM('',(#1703),#1696);
#1705=ADVANCED_FACE('',(#3252),#3254,.F.);
#1706=COLOUR_RGB($,1.,0.843137254901961,0.);
#1707=FILL_AREA_STYLE_COLOUR($,#1706);
#1708=FILL_AREA_STYLE($,(#1707));
#1709=SURFACE_STYLE_FILL_AREA(#1708);
#1710=SURFACE_SIDE_STYLE('',(#1709));
#1711=SURFACE_STYLE_USAGE(.BOTH.,#1710);
#1712=PRESENTATION_STYLE_ASSIGNMENT((#1711));
#1713=STYLED_ITEM('',(#1712),#1705);
#1714=ADVANCED_FACE('',(#3259),#3261,.F.);
#1715=COLOUR_RGB($,1.,0.843137254901961,0.);
#1716=FILL_AREA_STYLE_COLOUR($,#1715);
#1717=FILL_AREA_STYLE($,(#1716));
#1718=SURFACE_STYLE_FILL_AREA(#1717);
#1719=SURFACE_SIDE_STYLE('',(#1718));
#1720=SURFACE_STYLE_USAGE(.BOTH.,#1719);
#1721=PRESENTATION_STYLE_ASSIGNMENT((#1720));
#1722=STYLED_ITEM('',(#1721),#1714);
#1723=ADVANCED_FACE('',(#3266),#3268,.F.);
#1724=COLOUR_RGB($,1.,0.843137254901961,0.);
#1725=FILL_AREA_STYLE_COLOUR($,#1724);
#1726=FILL_AREA_STYLE($,(#1725));
#1727=SURFACE_STYLE_FILL_AREA(#1726);
#1728=SURFACE_SIDE_STYLE('',(#1727));
#1729=SURFACE_STYLE_USAGE(.BOTH.,#1728);
#1730=PRESENTATION_STYLE_ASSIGNMENT((#1729));
#1731=STYLED_ITEM('',(#1730),#1723);
#1732=ADVANCED_FACE('',(#3273),#3275,.F.);
#1733=COLOUR_RGB($,1.,0.843137254901961,0.);
#1734=FILL_AREA_STYLE_COLOUR($,#1733);
#1735=FILL_AREA_STYLE($,(#1734));
#1736=SURFACE_STYLE_FILL_AREA(#1735);
#1737=SURFACE_SIDE_STYLE('',(#1736));
#1738=SURFACE_STYLE_USAGE(.BOTH.,#1737);
#1739=PRESENTATION_STYLE_ASSIGNMENT((#1738));
#1740=STYLED_ITEM('',(#1739),#1732);
#1741=ADVANCED_FACE('',(#3280),#3282,.F.);
#1742=COLOUR_RGB($,1.,0.843137254901961,0.);
#1743=FILL_AREA_STYLE_COLOUR($,#1742);
#1744=FILL_AREA_STYLE($,(#1743));
#1745=SURFACE_STYLE_FILL_AREA(#1744);
#1746=SURFACE_SIDE_STYLE('',(#1745));
#1747=SURFACE_STYLE_USAGE(.BOTH.,#1746);
#1748=PRESENTATION_STYLE_ASSIGNMENT((#1747));
#1749=STYLED_ITEM('',(#1748),#1741);
#1750=ADVANCED_FACE('',(#3287),#3289,.F.);
#1751=COLOUR_RGB($,1.,0.843137254901961,0.);
#1752=FILL_AREA_STYLE_COLOUR($,#1751);
#1753=FILL_AREA_STYLE($,(#1752));
#1754=SURFACE_STYLE_FILL_AREA(#1753);
#1755=SURFACE_SIDE_STYLE('',(#1754));
#1756=SURFACE_STYLE_USAGE(.BOTH.,#1755);
#1757=PRESENTATION_STYLE_ASSIGNMENT((#1756));
#1758=STYLED_ITEM('',(#1757),#1750);
#1759=ADVANCED_FACE('',(#3294),#3296,.F.);
#1760=COLOUR_RGB($,1.,0.843137254901961,0.);
#1761=FILL_AREA_STYLE_COLOUR($,#1760);
#1762=FILL_AREA_STYLE($,(#1761));
#1763=SURFACE_STYLE_FILL_AREA(#1762);
#1764=SURFACE_SIDE_STYLE('',(#1763));
#1765=SURFACE_STYLE_USAGE(.BOTH.,#1764);
#1766=PRESENTATION_STYLE_ASSIGNMENT((#1765));
#1767=STYLED_ITEM('',(#1766),#1759);
#1768=ADVANCED_FACE('',(#3301),#3303,.F.);
#1769=COLOUR_RGB($,1.,0.843137254901961,0.);
#1770=FILL_AREA_STYLE_COLOUR($,#1769);
#1771=FILL_AREA_STYLE($,(#1770));
#1772=SURFACE_STYLE_FILL_AREA(#1771);
#1773=SURFACE_SIDE_STYLE('',(#1772));
#1774=SURFACE_STYLE_USAGE(.BOTH.,#1773);
#1775=PRESENTATION_STYLE_ASSIGNMENT((#1774));
#1776=STYLED_ITEM('',(#1775),#1768);
#1777=ADVANCED_FACE('',(#3308),#3310,.F.);
#1778=COLOUR_RGB($,1.,0.843137254901961,0.);
#1779=FILL_AREA_STYLE_COLOUR($,#1778);
#1780=FILL_AREA_STYLE($,(#1779));
#1781=SURFACE_STYLE_FILL_AREA(#1780);
#1782=SURFACE_SIDE_STYLE('',(#1781));
#1783=SURFACE_STYLE_USAGE(.BOTH.,#1782);
#1784=PRESENTATION_STYLE_ASSIGNMENT((#1783));
#1785=STYLED_ITEM('',(#1784),#1777);
#1786=ADVANCED_FACE('',(#3315),#3317,.F.);
#1787=COLOUR_RGB($,1.,0.843137254901961,0.);
#1788=FILL_AREA_STYLE_COLOUR($,#1787);
#1789=FILL_AREA_STYLE($,(#1788));
#1790=SURFACE_STYLE_FILL_AREA(#1789);
#1791=SURFACE_SIDE_STYLE('',(#1790));
#1792=SURFACE_STYLE_USAGE(.BOTH.,#1791);
#1793=PRESENTATION_STYLE_ASSIGNMENT((#1792));
#1794=STYLED_ITEM('',(#1793),#1786);
#1795=ADVANCED_FACE('',(#3322),#3324,.T.);
#1796=COLOUR_RGB($,1.,0.843137254901961,0.);
#1797=FILL_AREA_STYLE_COLOUR($,#1796);
#1798=FILL_AREA_STYLE($,(#1797));
#1799=SURFACE_STYLE_FILL_AREA(#1798);
#1800=SURFACE_SIDE_STYLE('',(#1799));
#1801=SURFACE_STYLE_USAGE(.BOTH.,#1800);
#1802=PRESENTATION_STYLE_ASSIGNMENT((#1801));
#1803=STYLED_ITEM('',(#1802),#1795);
#1804=ADVANCED_FACE('',(#3329),#3331,.T.);
#1805=COLOUR_RGB($,1.,0.843137254901961,0.);
#1806=FILL_AREA_STYLE_COLOUR($,#1805);
#1807=FILL_AREA_STYLE($,(#1806));
#1808=SURFACE_STYLE_FILL_AREA(#1807);
#1809=SURFACE_SIDE_STYLE('',(#1808));
#1810=SURFACE_STYLE_USAGE(.BOTH.,#1809);
#1811=PRESENTATION_STYLE_ASSIGNMENT((#1810));
#1812=STYLED_ITEM('',(#1811),#1804);
#1813=ADVANCED_FACE('',(#3336),#3338,.T.);
#1814=COLOUR_RGB($,1.,0.843137254901961,0.);
#1815=FILL_AREA_STYLE_COLOUR($,#1814);
#1816=FILL_AREA_STYLE($,(#1815));
#1817=SURFACE_STYLE_FILL_AREA(#1816);
#1818=SURFACE_SIDE_STYLE('',(#1817));
#1819=SURFACE_STYLE_USAGE(.BOTH.,#1818);
#1820=PRESENTATION_STYLE_ASSIGNMENT((#1819));
#1821=STYLED_ITEM('',(#1820),#1813);
#1822=ADVANCED_FACE('',(#3343),#3345,.T.);
#1823=COLOUR_RGB($,1.,0.843137254901961,0.);
#1824=FILL_AREA_STYLE_COLOUR($,#1823);
#1825=FILL_AREA_STYLE($,(#1824));
#1826=SURFACE_STYLE_FILL_AREA(#1825);
#1827=SURFACE_SIDE_STYLE('',(#1826));
#1828=SURFACE_STYLE_USAGE(.BOTH.,#1827);
#1829=PRESENTATION_STYLE_ASSIGNMENT((#1828));
#1830=STYLED_ITEM('',(#1829),#1822);
#1831=ADVANCED_FACE('',(#3350),#3352,.T.);
#1832=COLOUR_RGB($,1.,0.843137254901961,0.);
#1833=FILL_AREA_STYLE_COLOUR($,#1832);
#1834=FILL_AREA_STYLE($,(#1833));
#1835=SURFACE_STYLE_FILL_AREA(#1834);
#1836=SURFACE_SIDE_STYLE('',(#1835));
#1837=SURFACE_STYLE_USAGE(.BOTH.,#1836);
#1838=PRESENTATION_STYLE_ASSIGNMENT((#1837));
#1839=STYLED_ITEM('',(#1838),#1831);
#1840=ADVANCED_FACE('',(#3357),#3359,.T.);
#1841=COLOUR_RGB($,1.,0.843137254901961,0.);
#1842=FILL_AREA_STYLE_COLOUR($,#1841);
#1843=FILL_AREA_STYLE($,(#1842));
#1844=SURFACE_STYLE_FILL_AREA(#1843);
#1845=SURFACE_SIDE_STYLE('',(#1844));
#1846=SURFACE_STYLE_USAGE(.BOTH.,#1845);
#1847=PRESENTATION_STYLE_ASSIGNMENT((#1846));
#1848=STYLED_ITEM('',(#1847),#1840);
#1849=ADVANCED_FACE('',(#3364),#3366,.T.);
#1850=COLOUR_RGB($,1.,0.843137254901961,0.);
#1851=FILL_AREA_STYLE_COLOUR($,#1850);
#1852=FILL_AREA_STYLE($,(#1851));
#1853=SURFACE_STYLE_FILL_AREA(#1852);
#1854=SURFACE_SIDE_STYLE('',(#1853));
#1855=SURFACE_STYLE_USAGE(.BOTH.,#1854);
#1856=PRESENTATION_STYLE_ASSIGNMENT((#1855));
#1857=STYLED_ITEM('',(#1856),#1849);
#1858=ADVANCED_FACE('',(#3371),#3373,.T.);
#1859=COLOUR_RGB($,1.,0.843137254901961,0.);
#1860=FILL_AREA_STYLE_COLOUR($,#1859);
#1861=FILL_AREA_STYLE($,(#1860));
#1862=SURFACE_STYLE_FILL_AREA(#1861);
#1863=SURFACE_SIDE_STYLE('',(#1862));
#1864=SURFACE_STYLE_USAGE(.BOTH.,#1863);
#1865=PRESENTATION_STYLE_ASSIGNMENT((#1864));
#1866=STYLED_ITEM('',(#1865),#1858);
#1867=ADVANCED_FACE('',(#3378),#3380,.F.);
#1868=COLOUR_RGB($,1.,0.843137254901961,0.);
#1869=FILL_AREA_STYLE_COLOUR($,#1868);
#1870=FILL_AREA_STYLE($,(#1869));
#1871=SURFACE_STYLE_FILL_AREA(#1870);
#1872=SURFACE_SIDE_STYLE('',(#1871));
#1873=SURFACE_STYLE_USAGE(.BOTH.,#1872);
#1874=PRESENTATION_STYLE_ASSIGNMENT((#1873));
#1875=STYLED_ITEM('',(#1874),#1867);
#1876=ADVANCED_FACE('',(#3385),#3387,.F.);
#1877=COLOUR_RGB($,1.,0.843137254901961,0.);
#1878=FILL_AREA_STYLE_COLOUR($,#1877);
#1879=FILL_AREA_STYLE($,(#1878));
#1880=SURFACE_STYLE_FILL_AREA(#1879);
#1881=SURFACE_SIDE_STYLE('',(#1880));
#1882=SURFACE_STYLE_USAGE(.BOTH.,#1881);
#1883=PRESENTATION_STYLE_ASSIGNMENT((#1882));
#1884=STYLED_ITEM('',(#1883),#1876);
#1885=ADVANCED_FACE('',(#3392),#3394,.F.);
#1886=COLOUR_RGB($,1.,0.843137254901961,0.);
#1887=FILL_AREA_STYLE_COLOUR($,#1886);
#1888=FILL_AREA_STYLE($,(#1887));
#1889=SURFACE_STYLE_FILL_AREA(#1888);
#1890=SURFACE_SIDE_STYLE('',(#1889));
#1891=SURFACE_STYLE_USAGE(.BOTH.,#1890);
#1892=PRESENTATION_STYLE_ASSIGNMENT((#1891));
#1893=STYLED_ITEM('',(#1892),#1885);
#1894=ADVANCED_FACE('',(#3399),#3401,.F.);
#1895=COLOUR_RGB($,1.,0.843137254901961,0.);
#1896=FILL_AREA_STYLE_COLOUR($,#1895);
#1897=FILL_AREA_STYLE($,(#1896));
#1898=SURFACE_STYLE_FILL_AREA(#1897);
#1899=SURFACE_SIDE_STYLE('',(#1898));
#1900=SURFACE_STYLE_USAGE(.BOTH.,#1899);
#1901=PRESENTATION_STYLE_ASSIGNMENT((#1900));
#1902=STYLED_ITEM('',(#1901),#1894);
#1903=ADVANCED_FACE('',(#3406),#3408,.F.);
#1904=COLOUR_RGB($,1.,0.843137254901961,0.);
#1905=FILL_AREA_STYLE_COLOUR($,#1904);
#1906=FILL_AREA_STYLE($,(#1905));
#1907=SURFACE_STYLE_FILL_AREA(#1906);
#1908=SURFACE_SIDE_STYLE('',(#1907));
#1909=SURFACE_STYLE_USAGE(.BOTH.,#1908);
#1910=PRESENTATION_STYLE_ASSIGNMENT((#1909));
#1911=STYLED_ITEM('',(#1910),#1903);
#1912=ADVANCED_FACE('',(#3413),#3415,.F.);
#1913=COLOUR_RGB($,1.,0.843137254901961,0.);
#1914=FILL_AREA_STYLE_COLOUR($,#1913);
#1915=FILL_AREA_STYLE($,(#1914));
#1916=SURFACE_STYLE_FILL_AREA(#1915);
#1917=SURFACE_SIDE_STYLE('',(#1916));
#1918=SURFACE_STYLE_USAGE(.BOTH.,#1917);
#1919=PRESENTATION_STYLE_ASSIGNMENT((#1918));
#1920=STYLED_ITEM('',(#1919),#1912);
#1921=ADVANCED_FACE('',(#3420),#3422,.F.);
#1922=COLOUR_RGB($,1.,0.843137254901961,0.);
#1923=FILL_AREA_STYLE_COLOUR($,#1922);
#1924=FILL_AREA_STYLE($,(#1923));
#1925=SURFACE_STYLE_FILL_AREA(#1924);
#1926=SURFACE_SIDE_STYLE('',(#1925));
#1927=SURFACE_STYLE_USAGE(.BOTH.,#1926);
#1928=PRESENTATION_STYLE_ASSIGNMENT((#1927));
#1929=STYLED_ITEM('',(#1928),#1921);
#1930=ADVANCED_FACE('',(#3427),#3429,.F.);
#1931=COLOUR_RGB($,1.,0.843137254901961,0.);
#1932=FILL_AREA_STYLE_COLOUR($,#1931);
#1933=FILL_AREA_STYLE($,(#1932));
#1934=SURFACE_STYLE_FILL_AREA(#1933);
#1935=SURFACE_SIDE_STYLE('',(#1934));
#1936=SURFACE_STYLE_USAGE(.BOTH.,#1935);
#1937=PRESENTATION_STYLE_ASSIGNMENT((#1936));
#1938=STYLED_ITEM('',(#1937),#1930);
#1939=FACE_BOUND('',#1940,.T.);
#1940=EDGE_LOOP('',(#3434,#3435,#3436,#3437,#3438,#3439,#3440,#3441,#3442,#3443,
#3444,#3445,#3446,#3447,#3448,#3449,#3450,#3451,#3452,#3453,#3454,#3455));
#1941=PLANE('',#1942);
#1942=AXIS2_PLACEMENT_3D('',#1943,#1944,#1945);
#1943=CARTESIAN_POINT('',(-1.25,-1.5,2.));
#1944=DIRECTION('',(0.,-1.,0.));
#1945=DIRECTION('',(1.,0.,0.));
#1946=FACE_BOUND('',#1947,.T.);
#1947=EDGE_LOOP('',(#3456,#3457,#3458,#3459));
#1948=PLANE('',#1949);
#1949=AXIS2_PLACEMENT_3D('',#1950,#1951,#1952);
#1950=CARTESIAN_POINT('',(0.,0.,7.));
#1951=DIRECTION('',(0.,0.,1.));
#1952=DIRECTION('',(1.,0.,0.));
#1953=FACE_BOUND('',#1954,.T.);
#1954=EDGE_LOOP('',(#3460,#3461,#3462,#3463));
#1955=PLANE('',#1956);
#1956=AXIS2_PLACEMENT_3D('',#1957,#1958,#1959);
#1957=CARTESIAN_POINT('',(0.,0.,7.));
#1958=DIRECTION('',(0.,0.,1.));
#1959=DIRECTION('',(1.,0.,0.));
#1960=FACE_BOUND('',#1961,.T.);
#1961=EDGE_LOOP('',(#3464,#3465,#3466,#3467,#3468,#3469,#3470,#3471,#3472,#3473,
#3474,#3475,#3476,#3477,#3478,#3479,#3480,#3481,#3482,#3483,#3484,#3485,#3486,#3487,
#3488,#3489,#3490,#3491,#3492,#3493,#3494,#3495,#3496,#3497,#3498,#3499,#3500,#3501,
#3502,#3503,#3504,#3505,#3506,#3507,#3508,#3509,#3510,#3511,#3512,#3513));
#1962=PLANE('',#1963);
#1963=AXIS2_PLACEMENT_3D('',#1964,#1965,#1966);
#1964=CARTESIAN_POINT('',(-1.25,-2.2,0.));
#1965=DIRECTION('',(0.,-1.,0.));
#1966=DIRECTION('',(1.,0.,0.));
#1967=FACE_BOUND('',#1968,.T.);
#1968=EDGE_LOOP('',(#3514,#3515,#3516,#3517));
#1969=PLANE('',#1970);
#1970=AXIS2_PLACEMENT_3D('',#1971,#1972,#1973);
#1971=CARTESIAN_POINT('',(18.35,-1.5,6.6));
#1972=DIRECTION('',(0.707106781186549,0.,-0.707106781186546));
#1973=DIRECTION('',(0.707106781186546,0.,0.707106781186549));
#1974=FACE_BOUND('',#1975,.T.);
#1975=EDGE_LOOP('',(#3518,#3519,#3520,#3521));
#1976=PLANE('',#1977);
#1977=AXIS2_PLACEMENT_3D('',#1978,#1979,#1980);
#1978=CARTESIAN_POINT('',(18.75,-1.5,6.2));
#1979=DIRECTION('',(0.707106781186549,0.,0.707106781186546));
#1980=DIRECTION('',(-0.707106781186546,0.,0.707106781186549));
#1981=FACE_BOUND('',#1982,.T.);
#1982=EDGE_LOOP('',(#3522,#3523,#3524,#3525));
#1983=PLANE('',#1984);
#1984=AXIS2_PLACEMENT_3D('',#1985,#1986,#1987);
#1985=CARTESIAN_POINT('',(18.75,-1.5,3.6));
#1986=DIRECTION('',(1.,0.,-0.));
#1987=DIRECTION('',(0.,0.,1.));
#1988=FACE_BOUND('',#1989,.T.);
#1989=EDGE_LOOP('',(#3526,#3527,#3528,#3529));
#1990=CYLINDRICAL_SURFACE('',#1991,0.6);
#1991=AXIS2_PLACEMENT_3D('',#1992,#1993,#1994);
#1992=CARTESIAN_POINT('',(18.15,-1.5,3.6));
#1993=DIRECTION('',(0.,-1.,0.));
#1994=DIRECTION('',(1.85037170770859E-016,0.,-1.));
#1995=FACE_BOUND('',#1996,.T.);
#1996=EDGE_LOOP('',(#3530,#3531,#3532,#3533));
#1997=PLANE('',#1998);
#1998=AXIS2_PLACEMENT_3D('',#1999,#2000,#2001);
#1999=CARTESIAN_POINT('',(16.25,-1.5,3.));
#2000=DIRECTION('',(0.,0.,-1.));
#2001=DIRECTION('',(1.,0.,0.));
#2002=FACE_BOUND('',#2003,.T.);
#2003=EDGE_LOOP('',(#3534,#3535,#3536,#3537));
#2004=PLANE('',#2005);
#2005=AXIS2_PLACEMENT_3D('',#2006,#2007,#2008);
#2006=CARTESIAN_POINT('',(16.25,-1.5,7.));
#2007=DIRECTION('',(-1.,-0.,-0.));
#2008=DIRECTION('',(0.,0.,-1.));
#2009=FACE_BOUND('',#2010,.T.);
#2010=EDGE_LOOP('',(#3538,#3539,#3540,#3541,#3542,#3543,#3544,#3545));
#2011=PLANE('',#2012);
#2012=AXIS2_PLACEMENT_3D('',#2013,#2014,#2015);
#2013=CARTESIAN_POINT('',(20.,0.,0.));
#2014=DIRECTION('',(-1.,-0.,-0.));
#2015=DIRECTION('',(0.,0.,1.));
#2016=FACE_BOUND('',#2017,.T.);
#2017=EDGE_LOOP('',(#3546,#3547,#3548,#3549));
#2018=PLANE('',#2019);
#2019=AXIS2_PLACEMENT_3D('',#2020,#2021,#2022);
#2020=CARTESIAN_POINT('',(20.,-0.4,3.));
#2021=DIRECTION('',(-0.,-0.,-1.));
#2022=DIRECTION('',(0.,-1.,0.));
#2023=FACE_BOUND('',#2024,.T.);
#2024=EDGE_LOOP('',(#3550,#3551,#3552,#3553,#3554,#3555));
#2025=PLANE('',#2026);
#2026=AXIS2_PLACEMENT_3D('',#2027,#2028,#2029);
#2027=CARTESIAN_POINT('',(19.3,0.,0.));
#2028=DIRECTION('',(-1.,-0.,-0.));
#2029=DIRECTION('',(0.,0.,1.));
#2030=FACE_BOUND('',#2031,.T.);
#2031=EDGE_LOOP('',(#3556,#3557,#3558,#3559));
#2032=FACE_BOUND('',#2033,.T.);
#2033=EDGE_LOOP('',(#3560,#3561,#3562,#3563));
#2034=FACE_BOUND('',#2035,.T.);
#2035=EDGE_LOOP('',(#3564,#3565,#3566,#3567));
#2036=FACE_BOUND('',#2037,.T.);
#2037=EDGE_LOOP('',(#3568,#3569,#3570,#3571));
#2038=FACE_BOUND('',#2039,.T.);
#2039=EDGE_LOOP('',(#3572,#3573,#3574,#3575));
#2040=FACE_BOUND('',#2041,.T.);
#2041=EDGE_LOOP('',(#3576,#3577,#3578,#3579));
#2042=FACE_BOUND('',#2043,.T.);
#2043=EDGE_LOOP('',(#3580,#3581,#3582,#3583));
#2044=FACE_BOUND('',#2045,.T.);
#2045=EDGE_LOOP('',(#3584,#3585,#3586,#3587));
#2046=FACE_BOUND('',#2047,.T.);
#2047=EDGE_LOOP('',(#3588,#3589,#3590,#3591));
#2048=PLANE('',#2049);
#2049=AXIS2_PLACEMENT_3D('',#2050,#2051,#2052);
#2050=CARTESIAN_POINT('',(0.,0.,2.));
#2051=DIRECTION('',(0.,0.,1.));
#2052=DIRECTION('',(1.,0.,0.));
#2053=FACE_BOUND('',#2054,.T.);
#2054=EDGE_LOOP('',(#3592,#3593,#3594,#3595,#3596,#3597));
#2055=PLANE('',#2056);
#2056=AXIS2_PLACEMENT_3D('',#2057,#2058,#2059);
#2057=CARTESIAN_POINT('',(-1.8,0.,0.));
#2058=DIRECTION('',(-1.,0.,0.));
#2059=DIRECTION('',(0.,0.,1.));
#2060=FACE_BOUND('',#2061,.T.);
#2061=EDGE_LOOP('',(#3598,#3599,#3600,#3601));
#2062=PLANE('',#2063);
#2063=AXIS2_PLACEMENT_3D('',#2064,#2065,#2066);
#2064=CARTESIAN_POINT('',(20.,-0.4,3.));
#2065=DIRECTION('',(-0.,-0.,-1.));
#2066=DIRECTION('',(0.,-1.,0.));
#2067=FACE_BOUND('',#2068,.T.);
#2068=EDGE_LOOP('',(#3602,#3603,#3604,#3605,#3606,#3607,#3608,#3609));
#2069=PLANE('',#2070);
#2070=AXIS2_PLACEMENT_3D('',#2071,#2072,#2073);
#2071=CARTESIAN_POINT('',(-2.5,0.,0.));
#2072=DIRECTION('',(-1.,0.,0.));
#2073=DIRECTION('',(0.,0.,1.));
#2074=FACE_BOUND('',#2075,.T.);
#2075=EDGE_LOOP('',(#3610,#3611,#3612,#3613));
#2076=PLANE('',#2077);
#2077=AXIS2_PLACEMENT_3D('',#2078,#2079,#2080);
#2078=CARTESIAN_POINT('',(0.,0.,7.));
#2079=DIRECTION('',(0.,0.,1.));
#2080=DIRECTION('',(1.,0.,0.));
#2081=FACE_BOUND('',#2082,.T.);
#2082=EDGE_LOOP('',(#3614,#3615,#3616,#3617));
#2083=PLANE('',#2084);
#2084=AXIS2_PLACEMENT_3D('',#2085,#2086,#2087);
#2085=CARTESIAN_POINT('',(-1.25,-1.5,7.));
#2086=DIRECTION('',(-0.707106781186548,-0.,-0.707106781186547));
#2087=DIRECTION('',(0.707106781186547,0.,-0.707106781186548));
#2088=FACE_BOUND('',#2089,.T.);
#2089=EDGE_LOOP('',(#3618,#3619,#3620,#3621));
#2090=PLANE('',#2091);
#2091=AXIS2_PLACEMENT_3D('',#2092,#2093,#2094);
#2092=CARTESIAN_POINT('',(-0.85,-1.5,6.6));
#2093=DIRECTION('',(-0.707106781186548,0.,0.707106781186547));
#2094=DIRECTION('',(-0.707106781186547,0.,-0.707106781186548));
#2095=FACE_BOUND('',#2096,.T.);
#2096=EDGE_LOOP('',(#3622,#3623,#3624,#3625));
#2097=PLANE('',#2098);
#2098=AXIS2_PLACEMENT_3D('',#2099,#2100,#2101);
#2099=CARTESIAN_POINT('',(-1.25,-1.5,6.2));
#2100=DIRECTION('',(-1.,-0.,-0.));
#2101=DIRECTION('',(0.,0.,-1.));
#2102=FACE_BOUND('',#2103,.T.);
#2103=EDGE_LOOP('',(#3626,#3627,#3628,#3629));
#2104=CYLINDRICAL_SURFACE('',#2105,0.6);
#2105=AXIS2_PLACEMENT_3D('',#2106,#2107,#2108);
#2106=CARTESIAN_POINT('',(-0.65,-1.5,3.6));
#2107=DIRECTION('',(0.,-1.,0.));
#2108=DIRECTION('',(-1.,0.,0.));
#2109=FACE_BOUND('',#2110,.T.);
#2110=EDGE_LOOP('',(#3630,#3631,#3632,#3633));
#2111=PLANE('',#2112);
#2112=AXIS2_PLACEMENT_3D('',#2113,#2114,#2115);
#2113=CARTESIAN_POINT('',(-0.65,-1.5,3.));
#2114=DIRECTION('',(0.,0.,-1.));
#2115=DIRECTION('',(1.,0.,0.));
#2116=FACE_BOUND('',#2117,.T.);
#2117=EDGE_LOOP('',(#3634,#3635,#3636,#3637));
#2118=PLANE('',#2119);
#2119=AXIS2_PLACEMENT_3D('',#2120,#2121,#2122);
#2120=CARTESIAN_POINT('',(1.25,-1.5,3.));
#2121=DIRECTION('',(1.,0.,-0.));
#2122=DIRECTION('',(0.,0.,1.));
#2123=FACE_BOUND('',#2124,.T.);
#2124=EDGE_LOOP('',(#3638,#3639,#3640,#3641));
#2125=PLANE('',#2126);
#2126=AXIS2_PLACEMENT_3D('',#2127,#2128,#2129);
#2127=CARTESIAN_POINT('',(0.,0.,0.));
#2128=DIRECTION('',(0.,0.,1.));
#2129=DIRECTION('',(1.,0.,0.));
#2130=FACE_BOUND('',#2131,.T.);
#2131=EDGE_LOOP('',(#3642,#3643,#3644,#3645));
#2132=PLANE('',#2133);
#2133=AXIS2_PLACEMENT_3D('',#2134,#2135,#2136);
#2134=CARTESIAN_POINT('',(-0.85,-2.2,0.4));
#2135=DIRECTION('',(-1.,0.,0.));
#2136=DIRECTION('',(0.,1.,0.));
#2137=FACE_BOUND('',#2138,.T.);
#2138=EDGE_LOOP('',(#3646,#3647,#3648,#3649));
#2139=FACE_BOUND('',#2140,.T.);
#2140=EDGE_LOOP('',(#3650,#3651,#3652,#3653));
#2141=PLANE('',#2142);
#2142=AXIS2_PLACEMENT_3D('',#2143,#2144,#2145);
#2143=CARTESIAN_POINT('',(0.,0.,0.4));
#2144=DIRECTION('',(-0.,0.,-1.));
#2145=DIRECTION('',(-1.,0.,0.));
#2146=FACE_BOUND('',#2147,.T.);
#2147=EDGE_LOOP('',(#3654,#3655,#3656,#3657));
#2148=PLANE('',#2149);
#2149=AXIS2_PLACEMENT_3D('',#2150,#2151,#2152);
#2150=CARTESIAN_POINT('',(0.85,3.55,0.4));
#2151=DIRECTION('',(1.,0.,0.));
#2152=DIRECTION('',(0.,-1.,0.));
#2153=FACE_BOUND('',#2154,.T.);
#2154=EDGE_LOOP('',(#3658,#3659,#3660,#3661));
#2155=PLANE('',#2156);
#2156=AXIS2_PLACEMENT_3D('',#2157,#2158,#2159);
#2157=CARTESIAN_POINT('',(0.,0.,0.));
#2158=DIRECTION('',(0.,0.,1.));
#2159=DIRECTION('',(1.,0.,0.));
#2160=FACE_BOUND('',#2161,.T.);
#2161=EDGE_LOOP('',(#3662,#3663,#3664,#3665));
#2162=PLANE('',#2163);
#2163=AXIS2_PLACEMENT_3D('',#2164,#2165,#2166);
#2164=CARTESIAN_POINT('',(1.65,-2.2,0.4));
#2165=DIRECTION('',(-1.,0.,0.));
#2166=DIRECTION('',(0.,1.,0.));
#2167=FACE_BOUND('',#2168,.T.);
#2168=EDGE_LOOP('',(#3666,#3667,#3668,#3669));
#2169=FACE_BOUND('',#2170,.T.);
#2170=EDGE_LOOP('',(#3670,#3671,#3672,#3673));
#2171=PLANE('',#2172);
#2172=AXIS2_PLACEMENT_3D('',#2173,#2174,#2175);
#2173=CARTESIAN_POINT('',(2.5,0.,0.4));
#2174=DIRECTION('',(-0.,0.,-1.));
#2175=DIRECTION('',(-1.,0.,0.));
#2176=FACE_BOUND('',#2177,.T.);
#2177=EDGE_LOOP('',(#3674,#3675,#3676,#3677));
#2178=PLANE('',#2179);
#2179=AXIS2_PLACEMENT_3D('',#2180,#2181,#2182);
#2180=CARTESIAN_POINT('',(3.35,3.55,0.4));
#2181=DIRECTION('',(1.,0.,0.));
#2182=DIRECTION('',(0.,-1.,0.));
#2183=FACE_BOUND('',#2184,.T.);
#2184=EDGE_LOOP('',(#3678,#3679,#3680,#3681));
#2185=PLANE('',#2186);
#2186=AXIS2_PLACEMENT_3D('',#2187,#2188,#2189);
#2187=CARTESIAN_POINT('',(0.,0.,0.));
#2188=DIRECTION('',(0.,0.,1.));
#2189=DIRECTION('',(1.,0.,0.));
#2190=FACE_BOUND('',#2191,.T.);
#2191=EDGE_LOOP('',(#3682,#3683,#3684,#3685));
#2192=PLANE('',#2193);
#2193=AXIS2_PLACEMENT_3D('',#2194,#2195,#2196);
#2194=CARTESIAN_POINT('',(4.15,-2.2,0.4));
#2195=DIRECTION('',(-1.,0.,0.));
#2196=DIRECTION('',(0.,1.,0.));
#2197=FACE_BOUND('',#2198,.T.);
#2198=EDGE_LOOP('',(#3686,#3687,#3688,#3689));
#2199=FACE_BOUND('',#2200,.T.);
#2200=EDGE_LOOP('',(#3690,#3691,#3692,#3693));
#2201=PLANE('',#2202);
#2202=AXIS2_PLACEMENT_3D('',#2203,#2204,#2205);
#2203=CARTESIAN_POINT('',(5.,0.,0.4));
#2204=DIRECTION('',(-0.,0.,-1.));
#2205=DIRECTION('',(-1.,0.,0.));
#2206=FACE_BOUND('',#2207,.T.);
#2207=EDGE_LOOP('',(#3694,#3695,#3696,#3697));
#2208=PLANE('',#2209);
#2209=AXIS2_PLACEMENT_3D('',#2210,#2211,#2212);
#2210=CARTESIAN_POINT('',(5.85,3.55,0.4));
#2211=DIRECTION('',(1.,0.,0.));
#2212=DIRECTION('',(0.,-1.,0.));
#2213=FACE_BOUND('',#2214,.T.);
#2214=EDGE_LOOP('',(#3698,#3699,#3700,#3701));
#2215=PLANE('',#2216);
#2216=AXIS2_PLACEMENT_3D('',#2217,#2218,#2219);
#2217=CARTESIAN_POINT('',(0.,0.,0.));
#2218=DIRECTION('',(0.,0.,1.));
#2219=DIRECTION('',(1.,0.,0.));
#2220=FACE_BOUND('',#2221,.T.);
#2221=EDGE_LOOP('',(#3702,#3703,#3704,#3705));
#2222=PLANE('',#2223);
#2223=AXIS2_PLACEMENT_3D('',#2224,#2225,#2226);
#2224=CARTESIAN_POINT('',(6.65,-2.2,0.4));
#2225=DIRECTION('',(-1.,0.,0.));
#2226=DIRECTION('',(0.,1.,0.));
#2227=FACE_BOUND('',#2228,.T.);
#2228=EDGE_LOOP('',(#3706,#3707,#3708,#3709));
#2229=FACE_BOUND('',#2230,.T.);
#2230=EDGE_LOOP('',(#3710,#3711,#3712,#3713));
#2231=PLANE('',#2232);
#2232=AXIS2_PLACEMENT_3D('',#2233,#2234,#2235);
#2233=CARTESIAN_POINT('',(7.5,0.,0.4));
#2234=DIRECTION('',(-0.,0.,-1.));
#2235=DIRECTION('',(-1.,0.,0.));
#2236=FACE_BOUND('',#2237,.T.);
#2237=EDGE_LOOP('',(#3714,#3715,#3716,#3717));
#2238=PLANE('',#2239);
#2239=AXIS2_PLACEMENT_3D('',#2240,#2241,#2242);
#2240=CARTESIAN_POINT('',(8.35,3.55,0.4));
#2241=DIRECTION('',(1.,0.,0.));
#2242=DIRECTION('',(0.,-1.,0.));
#2243=FACE_BOUND('',#2244,.T.);
#2244=EDGE_LOOP('',(#3718,#3719,#3720,#3721));
#2245=PLANE('',#2246);
#2246=AXIS2_PLACEMENT_3D('',#2247,#2248,#2249);
#2247=CARTESIAN_POINT('',(0.,0.,0.));
#2248=DIRECTION('',(0.,0.,1.));
#2249=DIRECTION('',(1.,0.,0.));
#2250=FACE_BOUND('',#2251,.T.);
#2251=EDGE_LOOP('',(#3722,#3723,#3724,#3725));
#2252=PLANE('',#2253);
#2253=AXIS2_PLACEMENT_3D('',#2254,#2255,#2256);
#2254=CARTESIAN_POINT('',(9.15,-2.2,0.4));
#2255=DIRECTION('',(-1.,0.,0.));
#2256=DIRECTION('',(0.,1.,0.));
#2257=FACE_BOUND('',#2258,.T.);
#2258=EDGE_LOOP('',(#3726,#3727,#3728,#3729));
#2259=FACE_BOUND('',#2260,.T.);
#2260=EDGE_LOOP('',(#3730,#3731,#3732,#3733));
#2261=PLANE('',#2262);
#2262=AXIS2_PLACEMENT_3D('',#2263,#2264,#2265);
#2263=CARTESIAN_POINT('',(10.,0.,0.4));
#2264=DIRECTION('',(-0.,0.,-1.));
#2265=DIRECTION('',(-1.,0.,0.));
#2266=FACE_BOUND('',#2267,.T.);
#2267=EDGE_LOOP('',(#3734,#3735,#3736,#3737));
#2268=PLANE('',#2269);
#2269=AXIS2_PLACEMENT_3D('',#2270,#2271,#2272);
#2270=CARTESIAN_POINT('',(10.85,3.55,0.4));
#2271=DIRECTION('',(1.,0.,0.));
#2272=DIRECTION('',(0.,-1.,0.));
#2273=FACE_BOUND('',#2274,.T.);
#2274=EDGE_LOOP('',(#3738,#3739,#3740,#3741));
#2275=PLANE('',#2276);
#2276=AXIS2_PLACEMENT_3D('',#2277,#2278,#2279);
#2277=CARTESIAN_POINT('',(0.,0.,0.));
#2278=DIRECTION('',(0.,0.,1.));
#2279=DIRECTION('',(1.,0.,0.));
#2280=FACE_BOUND('',#2281,.T.);
#2281=EDGE_LOOP('',(#3742,#3743,#3744,#3745));
#2282=PLANE('',#2283);
#2283=AXIS2_PLACEMENT_3D('',#2284,#2285,#2286);
#2284=CARTESIAN_POINT('',(11.65,-2.2,0.4));
#2285=DIRECTION('',(-1.,0.,0.));
#2286=DIRECTION('',(0.,1.,0.));
#2287=FACE_BOUND('',#2288,.T.);
#2288=EDGE_LOOP('',(#3746,#3747,#3748,#3749));
#2289=FACE_BOUND('',#2290,.T.);
#2290=EDGE_LOOP('',(#3750,#3751,#3752,#3753));
#2291=PLANE('',#2292);
#2292=AXIS2_PLACEMENT_3D('',#2293,#2294,#2295);
#2293=CARTESIAN_POINT('',(12.5,0.,0.4));
#2294=DIRECTION('',(-0.,0.,-1.));
#2295=DIRECTION('',(-1.,0.,0.));
#2296=FACE_BOUND('',#2297,.T.);
#2297=EDGE_LOOP('',(#3754,#3755,#3756,#3757));
#2298=PLANE('',#2299);
#2299=AXIS2_PLACEMENT_3D('',#2300,#2301,#2302);
#2300=CARTESIAN_POINT('',(13.35,3.55,0.4));
#2301=DIRECTION('',(1.,0.,0.));
#2302=DIRECTION('',(0.,-1.,0.));
#2303=FACE_BOUND('',#2304,.T.);
#2304=EDGE_LOOP('',(#3758,#3759,#3760,#3761));
#2305=PLANE('',#2306);
#2306=AXIS2_PLACEMENT_3D('',#2307,#2308,#2309);
#2307=CARTESIAN_POINT('',(0.,0.,0.));
#2308=DIRECTION('',(0.,0.,1.));
#2309=DIRECTION('',(1.,0.,0.));
#2310=FACE_BOUND('',#2311,.T.);
#2311=EDGE_LOOP('',(#3762,#3763,#3764,#3765));
#2312=PLANE('',#2313);
#2313=AXIS2_PLACEMENT_3D('',#2314,#2315,#2316);
#2314=CARTESIAN_POINT('',(14.15,-2.2,0.4));
#2315=DIRECTION('',(-1.,0.,0.));
#2316=DIRECTION('',(0.,1.,0.));
#2317=FACE_BOUND('',#2318,.T.);
#2318=EDGE_LOOP('',(#3766,#3767,#3768,#3769));
#2319=FACE_BOUND('',#2320,.T.);
#2320=EDGE_LOOP('',(#3770,#3771,#3772,#3773));
#2321=PLANE('',#2322);
#2322=AXIS2_PLACEMENT_3D('',#2323,#2324,#2325);
#2323=CARTESIAN_POINT('',(15.,0.,0.4));
#2324=DIRECTION('',(-0.,0.,-1.));
#2325=DIRECTION('',(-1.,0.,0.));
#2326=FACE_BOUND('',#2327,.T.);
#2327=EDGE_LOOP('',(#3774,#3775,#3776,#3777));
#2328=PLANE('',#2329);
#2329=AXIS2_PLACEMENT_3D('',#2330,#2331,#2332);
#2330=CARTESIAN_POINT('',(15.85,3.55,0.4));
#2331=DIRECTION('',(1.,0.,0.));
#2332=DIRECTION('',(0.,-1.,0.));
#2333=FACE_BOUND('',#2334,.T.);
#2334=EDGE_LOOP('',(#3778,#3779,#3780,#3781));
#2335=PLANE('',#2336);
#2336=AXIS2_PLACEMENT_3D('',#2337,#2338,#2339);
#2337=CARTESIAN_POINT('',(0.,0.,0.));
#2338=DIRECTION('',(0.,0.,1.));
#2339=DIRECTION('',(1.,0.,0.));
#2340=FACE_BOUND('',#2341,.T.);
#2341=EDGE_LOOP('',(#3782,#3783,#3784,#3785));
#2342=PLANE('',#2343);
#2343=AXIS2_PLACEMENT_3D('',#2344,#2345,#2346);
#2344=CARTESIAN_POINT('',(16.65,-2.2,0.4));
#2345=DIRECTION('',(-1.,0.,0.));
#2346=DIRECTION('',(0.,1.,0.));
#2347=FACE_BOUND('',#2348,.T.);
#2348=EDGE_LOOP('',(#3786,#3787,#3788,#3789));
#2349=FACE_BOUND('',#2350,.T.);
#2350=EDGE_LOOP('',(#3790,#3791,#3792,#3793));
#2351=PLANE('',#2352);
#2352=AXIS2_PLACEMENT_3D('',#2353,#2354,#2355);
#2353=CARTESIAN_POINT('',(17.5,0.,0.4));
#2354=DIRECTION('',(-0.,0.,-1.));
#2355=DIRECTION('',(-1.,0.,0.));
#2356=FACE_BOUND('',#2357,.T.);
#2357=EDGE_LOOP('',(#3794,#3795,#3796,#3797));
#2358=PLANE('',#2359);
#2359=AXIS2_PLACEMENT_3D('',#2360,#2361,#2362);
#2360=CARTESIAN_POINT('',(18.35,3.55,0.4));
#2361=DIRECTION('',(1.,0.,0.));
#2362=DIRECTION('',(0.,-1.,0.));
#2363=FACE_BOUND('',#2364,.T.);
#2364=EDGE_LOOP('',(#3798,#3799,#3800,#3801));
#2365=PLANE('',#2366);
#2366=AXIS2_PLACEMENT_3D('',#2367,#2368,#2369);
#2367=CARTESIAN_POINT('',(0.,0.,0.));
#2368=DIRECTION('',(0.,0.,1.));
#2369=DIRECTION('',(1.,0.,0.));
#2370=FACE_BOUND('',#2371,.T.);
#2371=EDGE_LOOP('',(#3802,#3803,#3804,#3805,#3806));
#2372=PLANE('',#2373);
#2373=AXIS2_PLACEMENT_3D('',#2374,#2375,#2376);
#2374=CARTESIAN_POINT('',(20.,-0.4,7.));
#2375=DIRECTION('',(0.,1.,0.));
#2376=DIRECTION('',(0.,0.,-1.));
#2377=FACE_BOUND('',#2378,.T.);
#2378=EDGE_LOOP('',(#3807,#3808,#3809,#3810,#3811,#3812,#3813,#3814,#3815,#3816,
#3817,#3818,#3819,#3820,#3821,#3822,#3823,#3824,#3825,#3826,#3827,#3828,#3829,#3830,
#3831,#3832,#3833,#3834,#3835,#3836,#3837,#3838,#3839,#3840,#3841,#3842));
#2379=PLANE('',#2380);
#2380=AXIS2_PLACEMENT_3D('',#2381,#2382,#2383);
#2381=CARTESIAN_POINT('',(1.25,3.55,0.));
#2382=DIRECTION('',(0.,1.,-0.));
#2383=DIRECTION('',(-1.,0.,0.));
#2384=FACE_BOUND('',#2385,.T.);
#2385=EDGE_LOOP('',(#3843,#3844,#3845,#3846,#3847,#3848,#3849,#3850));
#2386=PLANE('',#2387);
#2387=AXIS2_PLACEMENT_3D('',#2388,#2389,#2390);
#2388=CARTESIAN_POINT('',(0.,0.,7.));
#2389=DIRECTION('',(0.,0.,1.));
#2390=DIRECTION('',(1.,0.,0.));
#2391=FACE_BOUND('',#2392,.T.);
#2392=EDGE_LOOP('',(#3851,#3852,#3853,#3854));
#2393=PLANE('',#2394);
#2394=AXIS2_PLACEMENT_3D('',#2395,#2396,#2397);
#2395=CARTESIAN_POINT('',(19.6,4.05,7.));
#2396=DIRECTION('',(0.707106781186545,0.,-0.70710678118655));
#2397=DIRECTION('',(0.,-1.,0.));
#2398=FACE_BOUND('',#2399,.T.);
#2399=EDGE_LOOP('',(#3855,#3856,#3857,#3858));
#2400=PLANE('',#2401);
#2401=AXIS2_PLACEMENT_3D('',#2402,#2403,#2404);
#2402=CARTESIAN_POINT('',(1.25,2.85,2.));
#2403=DIRECTION('',(0.,1.,-0.));
#2404=DIRECTION('',(-1.,0.,0.));
#2405=FACE_BOUND('',#2406,.T.);
#2406=EDGE_LOOP('',(#3859,#3860,#3861,#3862));
#2407=PLANE('',#2408);
#2408=AXIS2_PLACEMENT_3D('',#2409,#2410,#2411);
#2409=CARTESIAN_POINT('',(2.82,0.32,-3.5));
#2410=DIRECTION('',(0.,1.,-0.));
#2411=DIRECTION('',(-1.,0.,0.));
#2412=FACE_BOUND('',#2413,.T.);
#2413=EDGE_LOOP('',(#3863,#3864,#3865,#3866));
#2414=PLANE('',#2415);
#2415=AXIS2_PLACEMENT_3D('',#2416,#2417,#2418);
#2416=CARTESIAN_POINT('',(2.82,-0.32,-3.5));
#2417=DIRECTION('',(1.,0.,0.));
#2418=DIRECTION('',(0.,1.,0.));
#2419=FACE_BOUND('',#2420,.T.);
#2420=EDGE_LOOP('',(#3867,#3868,#3869,#3870));
#2421=PLANE('',#2422);
#2422=AXIS2_PLACEMENT_3D('',#2423,#2424,#2425);
#2423=CARTESIAN_POINT('',(2.18,-0.32,-3.5));
#2424=DIRECTION('',(0.,-1.,0.));
#2425=DIRECTION('',(1.,0.,0.));
#2426=FACE_BOUND('',#2427,.T.);
#2427=EDGE_LOOP('',(#3871,#3872,#3873,#3874));
#2428=PLANE('',#2429);
#2429=AXIS2_PLACEMENT_3D('',#2430,#2431,#2432);
#2430=CARTESIAN_POINT('',(2.18,0.32,-3.5));
#2431=DIRECTION('',(-1.,0.,0.));
#2432=DIRECTION('',(0.,-1.,0.));
#2433=FACE_BOUND('',#2434,.T.);
#2434=EDGE_LOOP('',(#3875,#3876,#3877,#3878));
#2435=PLANE('',#2436);
#2436=AXIS2_PLACEMENT_3D('',#2437,#2438,#2439);
#2437=CARTESIAN_POINT('',(5.32,0.32,-3.5));
#2438=DIRECTION('',(0.,1.,-0.));
#2439=DIRECTION('',(-1.,0.,0.));
#2440=FACE_BOUND('',#2441,.T.);
#2441=EDGE_LOOP('',(#3879,#3880,#3881,#3882));
#2442=PLANE('',#2443);
#2443=AXIS2_PLACEMENT_3D('',#2444,#2445,#2446);
#2444=CARTESIAN_POINT('',(5.32,-0.32,-3.5));
#2445=DIRECTION('',(1.,0.,0.));
#2446=DIRECTION('',(0.,1.,0.));
#2447=FACE_BOUND('',#2448,.T.);
#2448=EDGE_LOOP('',(#3883,#3884,#3885,#3886));
#2449=PLANE('',#2450);
#2450=AXIS2_PLACEMENT_3D('',#2451,#2452,#2453);
#2451=CARTESIAN_POINT('',(4.68,-0.32,-3.5));
#2452=DIRECTION('',(0.,-1.,0.));
#2453=DIRECTION('',(1.,0.,0.));
#2454=FACE_BOUND('',#2455,.T.);
#2455=EDGE_LOOP('',(#3887,#3888,#3889,#3890));
#2456=PLANE('',#2457);
#2457=AXIS2_PLACEMENT_3D('',#2458,#2459,#2460);
#2458=CARTESIAN_POINT('',(4.68,0.32,-3.5));
#2459=DIRECTION('',(-1.,0.,0.));
#2460=DIRECTION('',(0.,-1.,0.));
#2461=FACE_BOUND('',#2462,.T.);
#2462=EDGE_LOOP('',(#3891,#3892,#3893,#3894));
#2463=PLANE('',#2464);
#2464=AXIS2_PLACEMENT_3D('',#2465,#2466,#2467);
#2465=CARTESIAN_POINT('',(7.82,0.32,-3.5));
#2466=DIRECTION('',(0.,1.,-0.));
#2467=DIRECTION('',(-1.,0.,0.));
#2468=FACE_BOUND('',#2469,.T.);
#2469=EDGE_LOOP('',(#3895,#3896,#3897,#3898));
#2470=PLANE('',#2471);
#2471=AXIS2_PLACEMENT_3D('',#2472,#2473,#2474);
#2472=CARTESIAN_POINT('',(7.82,-0.32,-3.5));
#2473=DIRECTION('',(1.,0.,0.));
#2474=DIRECTION('',(0.,1.,0.));
#2475=FACE_BOUND('',#2476,.T.);
#2476=EDGE_LOOP('',(#3899,#3900,#3901,#3902));
#2477=PLANE('',#2478);
#2478=AXIS2_PLACEMENT_3D('',#2479,#2480,#2481);
#2479=CARTESIAN_POINT('',(7.18,-0.32,-3.5));
#2480=DIRECTION('',(0.,-1.,0.));
#2481=DIRECTION('',(1.,0.,0.));
#2482=FACE_BOUND('',#2483,.T.);
#2483=EDGE_LOOP('',(#3903,#3904,#3905,#3906));
#2484=PLANE('',#2485);
#2485=AXIS2_PLACEMENT_3D('',#2486,#2487,#2488);
#2486=CARTESIAN_POINT('',(7.18,0.32,-3.5));
#2487=DIRECTION('',(-1.,0.,0.));
#2488=DIRECTION('',(0.,-1.,0.));
#2489=FACE_BOUND('',#2490,.T.);
#2490=EDGE_LOOP('',(#3907,#3908,#3909,#3910));
#2491=PLANE('',#2492);
#2492=AXIS2_PLACEMENT_3D('',#2493,#2494,#2495);
#2493=CARTESIAN_POINT('',(10.32,0.32,-3.5));
#2494=DIRECTION('',(0.,1.,-0.));
#2495=DIRECTION('',(-1.,0.,0.));
#2496=FACE_BOUND('',#2497,.T.);
#2497=EDGE_LOOP('',(#3911,#3912,#3913,#3914));
#2498=PLANE('',#2499);
#2499=AXIS2_PLACEMENT_3D('',#2500,#2501,#2502);
#2500=CARTESIAN_POINT('',(10.32,-0.32,-3.5));
#2501=DIRECTION('',(1.,0.,0.));
#2502=DIRECTION('',(0.,1.,0.));
#2503=FACE_BOUND('',#2504,.T.);
#2504=EDGE_LOOP('',(#3915,#3916,#3917,#3918));
#2505=PLANE('',#2506);
#2506=AXIS2_PLACEMENT_3D('',#2507,#2508,#2509);
#2507=CARTESIAN_POINT('',(9.68,-0.32,-3.5));
#2508=DIRECTION('',(0.,-1.,0.));
#2509=DIRECTION('',(1.,0.,0.));
#2510=FACE_BOUND('',#2511,.T.);
#2511=EDGE_LOOP('',(#3919,#3920,#3921,#3922));
#2512=PLANE('',#2513);
#2513=AXIS2_PLACEMENT_3D('',#2514,#2515,#2516);
#2514=CARTESIAN_POINT('',(9.68,0.32,-3.5));
#2515=DIRECTION('',(-1.,0.,0.));
#2516=DIRECTION('',(0.,-1.,0.));
#2517=FACE_BOUND('',#2518,.T.);
#2518=EDGE_LOOP('',(#3923,#3924,#3925,#3926));
#2519=PLANE('',#2520);
#2520=AXIS2_PLACEMENT_3D('',#2521,#2522,#2523);
#2521=CARTESIAN_POINT('',(12.82,0.32,-3.5));
#2522=DIRECTION('',(0.,1.,-0.));
#2523=DIRECTION('',(-1.,0.,0.));
#2524=FACE_BOUND('',#2525,.T.);
#2525=EDGE_LOOP('',(#3927,#3928,#3929,#3930));
#2526=PLANE('',#2527);
#2527=AXIS2_PLACEMENT_3D('',#2528,#2529,#2530);
#2528=CARTESIAN_POINT('',(12.82,-0.32,-3.5));
#2529=DIRECTION('',(1.,0.,0.));
#2530=DIRECTION('',(0.,1.,0.));
#2531=FACE_BOUND('',#2532,.T.);
#2532=EDGE_LOOP('',(#3931,#3932,#3933,#3934));
#2533=PLANE('',#2534);
#2534=AXIS2_PLACEMENT_3D('',#2535,#2536,#2537);
#2535=CARTESIAN_POINT('',(12.18,-0.32,-3.5));
#2536=DIRECTION('',(0.,-1.,0.));
#2537=DIRECTION('',(1.,0.,0.));
#2538=FACE_BOUND('',#2539,.T.);
#2539=EDGE_LOOP('',(#3935,#3936,#3937,#3938));
#2540=PLANE('',#2541);
#2541=AXIS2_PLACEMENT_3D('',#2542,#2543,#2544);
#2542=CARTESIAN_POINT('',(12.18,0.32,-3.5));
#2543=DIRECTION('',(-1.,0.,0.));
#2544=DIRECTION('',(0.,-1.,0.));
#2545=FACE_BOUND('',#2546,.T.);
#2546=EDGE_LOOP('',(#3939,#3940,#3941,#3942));
#2547=PLANE('',#2548);
#2548=AXIS2_PLACEMENT_3D('',#2549,#2550,#2551);
#2549=CARTESIAN_POINT('',(15.32,0.32,-3.5));
#2550=DIRECTION('',(0.,1.,-0.));
#2551=DIRECTION('',(-1.,0.,0.));
#2552=FACE_BOUND('',#2553,.T.);
#2553=EDGE_LOOP('',(#3943,#3944,#3945,#3946));
#2554=PLANE('',#2555);
#2555=AXIS2_PLACEMENT_3D('',#2556,#2557,#2558);
#2556=CARTESIAN_POINT('',(15.32,-0.32,-3.5));
#2557=DIRECTION('',(1.,0.,0.));
#2558=DIRECTION('',(0.,1.,0.));
#2559=FACE_BOUND('',#2560,.T.);
#2560=EDGE_LOOP('',(#3947,#3948,#3949,#3950));
#2561=PLANE('',#2562);
#2562=AXIS2_PLACEMENT_3D('',#2563,#2564,#2565);
#2563=CARTESIAN_POINT('',(14.68,-0.32,-3.5));
#2564=DIRECTION('',(0.,-1.,0.));
#2565=DIRECTION('',(1.,0.,0.));
#2566=FACE_BOUND('',#2567,.T.);
#2567=EDGE_LOOP('',(#3951,#3952,#3953,#3954));
#2568=PLANE('',#2569);
#2569=AXIS2_PLACEMENT_3D('',#2570,#2571,#2572);
#2570=CARTESIAN_POINT('',(14.68,0.32,-3.5));
#2571=DIRECTION('',(-1.,0.,0.));
#2572=DIRECTION('',(0.,-1.,0.));
#2573=FACE_BOUND('',#2574,.T.);
#2574=EDGE_LOOP('',(#3955,#3956,#3957,#3958));
#2575=PLANE('',#2576);
#2576=AXIS2_PLACEMENT_3D('',#2577,#2578,#2579);
#2577=CARTESIAN_POINT('',(17.82,0.32,-3.5));
#2578=DIRECTION('',(0.,1.,-0.));
#2579=DIRECTION('',(-1.,0.,0.));
#2580=FACE_BOUND('',#2581,.T.);
#2581=EDGE_LOOP('',(#3959,#3960,#3961,#3962));
#2582=PLANE('',#2583);
#2583=AXIS2_PLACEMENT_3D('',#2584,#2585,#2586);
#2584=CARTESIAN_POINT('',(17.82,-0.32,-3.5));
#2585=DIRECTION('',(1.,0.,0.));
#2586=DIRECTION('',(0.,1.,0.));
#2587=FACE_BOUND('',#2588,.T.);
#2588=EDGE_LOOP('',(#3963,#3964,#3965,#3966));
#2589=PLANE('',#2590);
#2590=AXIS2_PLACEMENT_3D('',#2591,#2592,#2593);
#2591=CARTESIAN_POINT('',(17.18,-0.32,-3.5));
#2592=DIRECTION('',(0.,-1.,0.));
#2593=DIRECTION('',(1.,0.,0.));
#2594=FACE_BOUND('',#2595,.T.);
#2595=EDGE_LOOP('',(#3967,#3968,#3969,#3970));
#2596=PLANE('',#2597);
#2597=AXIS2_PLACEMENT_3D('',#2598,#2599,#2600);
#2598=CARTESIAN_POINT('',(17.18,0.32,-3.5));
#2599=DIRECTION('',(-1.,0.,0.));
#2600=DIRECTION('',(0.,-1.,0.));
#2601=FACE_BOUND('',#2602,.T.);
#2602=EDGE_LOOP('',(#3971,#3972,#3973,#3974));
#2603=PLANE('',#2604);
#2604=AXIS2_PLACEMENT_3D('',#2605,#2606,#2607);
#2605=CARTESIAN_POINT('',(0.32,0.32,-3.5));
#2606=DIRECTION('',(0.,1.,-0.));
#2607=DIRECTION('',(-1.,0.,0.));
#2608=FACE_BOUND('',#2609,.T.);
#2609=EDGE_LOOP('',(#3975,#3976,#3977,#3978));
#2610=PLANE('',#2611);
#2611=AXIS2_PLACEMENT_3D('',#2612,#2613,#2614);
#2612=CARTESIAN_POINT('',(0.32,-0.32,-3.5));
#2613=DIRECTION('',(1.,0.,0.));
#2614=DIRECTION('',(0.,1.,0.));
#2615=FACE_BOUND('',#2616,.T.);
#2616=EDGE_LOOP('',(#3979,#3980,#3981,#3982));
#2617=PLANE('',#2618);
#2618=AXIS2_PLACEMENT_3D('',#2619,#2620,#2621);
#2619=CARTESIAN_POINT('',(-0.32,-0.32,-3.5));
#2620=DIRECTION('',(0.,-1.,0.));
#2621=DIRECTION('',(1.,0.,0.));
#2622=FACE_BOUND('',#2623,.T.);
#2623=EDGE_LOOP('',(#3983,#3984,#3985,#3986));
#2624=PLANE('',#2625);
#2625=AXIS2_PLACEMENT_3D('',#2626,#2627,#2628);
#2626=CARTESIAN_POINT('',(-0.32,0.32,-3.5));
#2627=DIRECTION('',(-1.,0.,0.));
#2628=DIRECTION('',(0.,-1.,0.));
#2629=FACE_BOUND('',#2630,.T.);
#2630=EDGE_LOOP('',(#3987,#3988,#3989,#3990));
#2631=PLANE('',#2632);
#2632=AXIS2_PLACEMENT_3D('',#2633,#2634,#2635);
#2633=CARTESIAN_POINT('',(-2.1,4.05,7.));
#2634=DIRECTION('',(0.707106781186546,5.55784941126999E-017,0.707106781186549));
#2635=DIRECTION('',(7.85998601504536E-017,-1.,6.17045238379134E-033));
#2636=FACE_BOUND('',#2637,.T.);
#2637=EDGE_LOOP('',(#3991,#3992,#3993,#3994,#3995));
#2638=PLANE('',#2639);
#2639=AXIS2_PLACEMENT_3D('',#2640,#2641,#2642);
#2640=CARTESIAN_POINT('',(20.,-0.4,7.));
#2641=DIRECTION('',(0.,1.,0.));
#2642=DIRECTION('',(0.,0.,-1.));
#2643=FACE_BOUND('',#2644,.T.);
#2644=EDGE_LOOP('',(#3996,#3997,#3998,#3999));
#2645=PLANE('',#2646);
#2646=AXIS2_PLACEMENT_3D('',#2647,#2648,#2649);
#2647=CARTESIAN_POINT('',(0.32,0.32,-3.5));
#2648=DIRECTION('',(0.,1.,-0.));
#2649=DIRECTION('',(-1.,0.,0.));
#2650=FACE_BOUND('',#2651,.T.);
#2651=EDGE_LOOP('',(#4000,#4001,#4002,#4003));
#2652=PLANE('',#2653);
#2653=AXIS2_PLACEMENT_3D('',#2654,#2655,#2656);
#2654=CARTESIAN_POINT('',(-0.32,0.32,-3.5));
#2655=DIRECTION('',(-1.,0.,0.));
#2656=DIRECTION('',(0.,-1.,0.));
#2657=FACE_BOUND('',#2658,.T.);
#2658=EDGE_LOOP('',(#4004,#4005,#4006,#4007));
#2659=PLANE('',#2660);
#2660=AXIS2_PLACEMENT_3D('',#2661,#2662,#2663);
#2661=CARTESIAN_POINT('',(-0.32,-0.32,-3.5));
#2662=DIRECTION('',(0.,-1.,0.));
#2663=DIRECTION('',(1.,0.,0.));
#2664=FACE_BOUND('',#2665,.T.);
#2665=EDGE_LOOP('',(#4008,#4009,#4010,#4011));
#2666=PLANE('',#2667);
#2667=AXIS2_PLACEMENT_3D('',#2668,#2669,#2670);
#2668=CARTESIAN_POINT('',(0.32,-0.32,-3.5));
#2669=DIRECTION('',(1.,0.,0.));
#2670=DIRECTION('',(0.,1.,0.));
#2671=FACE_BOUND('',#2672,.T.);
#2672=EDGE_LOOP('',(#4012,#4013,#4014,#4015));
#2673=PLANE('',#2674);
#2674=AXIS2_PLACEMENT_3D('',#2675,#2676,#2677);
#2675=CARTESIAN_POINT('',(2.82,0.32,-3.5));
#2676=DIRECTION('',(0.,1.,-0.));
#2677=DIRECTION('',(-1.,0.,0.));
#2678=FACE_BOUND('',#2679,.T.);
#2679=EDGE_LOOP('',(#4016,#4017,#4018,#4019));
#2680=PLANE('',#2681);
#2681=AXIS2_PLACEMENT_3D('',#2682,#2683,#2684);
#2682=CARTESIAN_POINT('',(2.18,0.32,-3.5));
#2683=DIRECTION('',(-1.,0.,0.));
#2684=DIRECTION('',(0.,-1.,0.));
#2685=FACE_BOUND('',#2686,.T.);
#2686=EDGE_LOOP('',(#4020,#4021,#4022,#4023));
#2687=PLANE('',#2688);
#2688=AXIS2_PLACEMENT_3D('',#2689,#2690,#2691);
#2689=CARTESIAN_POINT('',(2.18,-0.32,-3.5));
#2690=DIRECTION('',(0.,-1.,0.));
#2691=DIRECTION('',(1.,0.,0.));
#2692=FACE_BOUND('',#2693,.T.);
#2693=EDGE_LOOP('',(#4024,#4025,#4026,#4027));
#2694=PLANE('',#2695);
#2695=AXIS2_PLACEMENT_3D('',#2696,#2697,#2698);
#2696=CARTESIAN_POINT('',(2.82,-0.32,-3.5));
#2697=DIRECTION('',(1.,0.,0.));
#2698=DIRECTION('',(0.,1.,0.));
#2699=FACE_BOUND('',#2700,.T.);
#2700=EDGE_LOOP('',(#4028,#4029,#4030,#4031));
#2701=PLANE('',#2702);
#2702=AXIS2_PLACEMENT_3D('',#2703,#2704,#2705);
#2703=CARTESIAN_POINT('',(5.32,0.32,-3.5));
#2704=DIRECTION('',(0.,1.,-0.));
#2705=DIRECTION('',(-1.,0.,0.));
#2706=FACE_BOUND('',#2707,.T.);
#2707=EDGE_LOOP('',(#4032,#4033,#4034,#4035));
#2708=PLANE('',#2709);
#2709=AXIS2_PLACEMENT_3D('',#2710,#2711,#2712);
#2710=CARTESIAN_POINT('',(4.68,0.32,-3.5));
#2711=DIRECTION('',(-1.,0.,0.));
#2712=DIRECTION('',(0.,-1.,0.));
#2713=FACE_BOUND('',#2714,.T.);
#2714=EDGE_LOOP('',(#4036,#4037,#4038,#4039));
#2715=PLANE('',#2716);
#2716=AXIS2_PLACEMENT_3D('',#2717,#2718,#2719);
#2717=CARTESIAN_POINT('',(4.68,-0.32,-3.5));
#2718=DIRECTION('',(0.,-1.,0.));
#2719=DIRECTION('',(1.,0.,0.));
#2720=FACE_BOUND('',#2721,.T.);
#2721=EDGE_LOOP('',(#4040,#4041,#4042,#4043));
#2722=PLANE('',#2723);
#2723=AXIS2_PLACEMENT_3D('',#2724,#2725,#2726);
#2724=CARTESIAN_POINT('',(5.32,-0.32,-3.5));
#2725=DIRECTION('',(1.,0.,0.));
#2726=DIRECTION('',(0.,1.,0.));
#2727=FACE_BOUND('',#2728,.T.);
#2728=EDGE_LOOP('',(#4044,#4045,#4046,#4047));
#2729=PLANE('',#2730);
#2730=AXIS2_PLACEMENT_3D('',#2731,#2732,#2733);
#2731=CARTESIAN_POINT('',(7.82,0.32,-3.5));
#2732=DIRECTION('',(0.,1.,-0.));
#2733=DIRECTION('',(-1.,0.,0.));
#2734=FACE_BOUND('',#2735,.T.);
#2735=EDGE_LOOP('',(#4048,#4049,#4050,#4051));
#2736=PLANE('',#2737);
#2737=AXIS2_PLACEMENT_3D('',#2738,#2739,#2740);
#2738=CARTESIAN_POINT('',(7.18,0.32,-3.5));
#2739=DIRECTION('',(-1.,0.,0.));
#2740=DIRECTION('',(0.,-1.,0.));
#2741=FACE_BOUND('',#2742,.T.);
#2742=EDGE_LOOP('',(#4052,#4053,#4054,#4055));
#2743=PLANE('',#2744);
#2744=AXIS2_PLACEMENT_3D('',#2745,#2746,#2747);
#2745=CARTESIAN_POINT('',(7.18,-0.32,-3.5));
#2746=DIRECTION('',(0.,-1.,0.));
#2747=DIRECTION('',(1.,0.,0.));
#2748=FACE_BOUND('',#2749,.T.);
#2749=EDGE_LOOP('',(#4056,#4057,#4058,#4059));
#2750=PLANE('',#2751);
#2751=AXIS2_PLACEMENT_3D('',#2752,#2753,#2754);
#2752=CARTESIAN_POINT('',(7.82,-0.32,-3.5));
#2753=DIRECTION('',(1.,0.,0.));
#2754=DIRECTION('',(0.,1.,0.));
#2755=FACE_BOUND('',#2756,.T.);
#2756=EDGE_LOOP('',(#4060,#4061,#4062,#4063));
#2757=PLANE('',#2758);
#2758=AXIS2_PLACEMENT_3D('',#2759,#2760,#2761);
#2759=CARTESIAN_POINT('',(10.32,0.32,-3.5));
#2760=DIRECTION('',(0.,1.,-0.));
#2761=DIRECTION('',(-1.,0.,0.));
#2762=FACE_BOUND('',#2763,.T.);
#2763=EDGE_LOOP('',(#4064,#4065,#4066,#4067));
#2764=PLANE('',#2765);
#2765=AXIS2_PLACEMENT_3D('',#2766,#2767,#2768);
#2766=CARTESIAN_POINT('',(9.68,0.32,-3.5));
#2767=DIRECTION('',(-1.,0.,0.));
#2768=DIRECTION('',(0.,-1.,0.));
#2769=FACE_BOUND('',#2770,.T.);
#2770=EDGE_LOOP('',(#4068,#4069,#4070,#4071));
#2771=PLANE('',#2772);
#2772=AXIS2_PLACEMENT_3D('',#2773,#2774,#2775);
#2773=CARTESIAN_POINT('',(9.68,-0.32,-3.5));
#2774=DIRECTION('',(0.,-1.,0.));
#2775=DIRECTION('',(1.,0.,0.));
#2776=FACE_BOUND('',#2777,.T.);
#2777=EDGE_LOOP('',(#4072,#4073,#4074,#4075));
#2778=PLANE('',#2779);
#2779=AXIS2_PLACEMENT_3D('',#2780,#2781,#2782);
#2780=CARTESIAN_POINT('',(10.32,-0.32,-3.5));
#2781=DIRECTION('',(1.,0.,0.));
#2782=DIRECTION('',(0.,1.,0.));
#2783=FACE_BOUND('',#2784,.T.);
#2784=EDGE_LOOP('',(#4076,#4077,#4078,#4079));
#2785=PLANE('',#2786);
#2786=AXIS2_PLACEMENT_3D('',#2787,#2788,#2789);
#2787=CARTESIAN_POINT('',(12.82,0.32,-3.5));
#2788=DIRECTION('',(0.,1.,-0.));
#2789=DIRECTION('',(-1.,0.,0.));
#2790=FACE_BOUND('',#2791,.T.);
#2791=EDGE_LOOP('',(#4080,#4081,#4082,#4083));
#2792=PLANE('',#2793);
#2793=AXIS2_PLACEMENT_3D('',#2794,#2795,#2796);
#2794=CARTESIAN_POINT('',(12.18,0.32,-3.5));
#2795=DIRECTION('',(-1.,0.,0.));
#2796=DIRECTION('',(0.,-1.,0.));
#2797=FACE_BOUND('',#2798,.T.);
#2798=EDGE_LOOP('',(#4084,#4085,#4086,#4087));
#2799=PLANE('',#2800);
#2800=AXIS2_PLACEMENT_3D('',#2801,#2802,#2803);
#2801=CARTESIAN_POINT('',(12.18,-0.32,-3.5));
#2802=DIRECTION('',(0.,-1.,0.));
#2803=DIRECTION('',(1.,0.,0.));
#2804=FACE_BOUND('',#2805,.T.);
#2805=EDGE_LOOP('',(#4088,#4089,#4090,#4091));
#2806=PLANE('',#2807);
#2807=AXIS2_PLACEMENT_3D('',#2808,#2809,#2810);
#2808=CARTESIAN_POINT('',(12.82,-0.32,-3.5));
#2809=DIRECTION('',(1.,0.,0.));
#2810=DIRECTION('',(0.,1.,0.));
#2811=FACE_BOUND('',#2812,.T.);
#2812=EDGE_LOOP('',(#4092,#4093,#4094,#4095));
#2813=PLANE('',#2814);
#2814=AXIS2_PLACEMENT_3D('',#2815,#2816,#2817);
#2815=CARTESIAN_POINT('',(15.32,0.32,-3.5));
#2816=DIRECTION('',(0.,1.,-0.));
#2817=DIRECTION('',(-1.,0.,0.));
#2818=FACE_BOUND('',#2819,.T.);
#2819=EDGE_LOOP('',(#4096,#4097,#4098,#4099));
#2820=PLANE('',#2821);
#2821=AXIS2_PLACEMENT_3D('',#2822,#2823,#2824);
#2822=CARTESIAN_POINT('',(14.68,0.32,-3.5));
#2823=DIRECTION('',(-1.,0.,0.));
#2824=DIRECTION('',(0.,-1.,0.));
#2825=FACE_BOUND('',#2826,.T.);
#2826=EDGE_LOOP('',(#4100,#4101,#4102,#4103));
#2827=PLANE('',#2828);
#2828=AXIS2_PLACEMENT_3D('',#2829,#2830,#2831);
#2829=CARTESIAN_POINT('',(14.68,-0.32,-3.5));
#2830=DIRECTION('',(0.,-1.,0.));
#2831=DIRECTION('',(1.,0.,0.));
#2832=FACE_BOUND('',#2833,.T.);
#2833=EDGE_LOOP('',(#4104,#4105,#4106,#4107));
#2834=PLANE('',#2835);
#2835=AXIS2_PLACEMENT_3D('',#2836,#2837,#2838);
#2836=CARTESIAN_POINT('',(15.32,-0.32,-3.5));
#2837=DIRECTION('',(1.,0.,0.));
#2838=DIRECTION('',(0.,1.,0.));
#2839=FACE_BOUND('',#2840,.T.);
#2840=EDGE_LOOP('',(#4108,#4109,#4110,#4111));
#2841=PLANE('',#2842);
#2842=AXIS2_PLACEMENT_3D('',#2843,#2844,#2845);
#2843=CARTESIAN_POINT('',(17.82,0.32,-3.5));
#2844=DIRECTION('',(0.,1.,-0.));
#2845=DIRECTION('',(-1.,0.,0.));
#2846=FACE_BOUND('',#2847,.T.);
#2847=EDGE_LOOP('',(#4112,#4113,#4114,#4115));
#2848=PLANE('',#2849);
#2849=AXIS2_PLACEMENT_3D('',#2850,#2851,#2852);
#2850=CARTESIAN_POINT('',(17.18,0.32,-3.5));
#2851=DIRECTION('',(-1.,0.,0.));
#2852=DIRECTION('',(0.,-1.,0.));
#2853=FACE_BOUND('',#2854,.T.);
#2854=EDGE_LOOP('',(#4116,#4117,#4118,#4119));
#2855=PLANE('',#2856);
#2856=AXIS2_PLACEMENT_3D('',#2857,#2858,#2859);
#2857=CARTESIAN_POINT('',(17.18,-0.32,-3.5));
#2858=DIRECTION('',(0.,-1.,0.));
#2859=DIRECTION('',(1.,0.,0.));
#2860=FACE_BOUND('',#2861,.T.);
#2861=EDGE_LOOP('',(#4120,#4121,#4122,#4123));
#2862=PLANE('',#2863);
#2863=AXIS2_PLACEMENT_3D('',#2864,#2865,#2866);
#2864=CARTESIAN_POINT('',(17.82,-0.32,-3.5));
#2865=DIRECTION('',(1.,0.,0.));
#2866=DIRECTION('',(0.,1.,0.));
#2867=FACE_BOUND('',#2868,.T.);
#2868=EDGE_LOOP('',(#4124,#4125,#4126,#4127));
#2869=PLANE('',#2870);
#2870=AXIS2_PLACEMENT_3D('',#2871,#2872,#2873);
#2871=CARTESIAN_POINT('',(20.5,3.15,7.));
#2872=DIRECTION('',(0.,-0.707106781186549,0.707106781186546));
#2873=DIRECTION('',(-1.,0.,0.));
#2874=FACE_BOUND('',#2875,.T.);
#2875=EDGE_LOOP('',(#4128,#4129,#4130,#4131));
#2876=PLANE('',#2877);
#2877=AXIS2_PLACEMENT_3D('',#2878,#2879,#2880);
#2878=CARTESIAN_POINT('',(3.76641016151378,0.32,6.12679491924311));
#2879=DIRECTION('',(1.8151898764984E-016,0.965925826289069,0.258819045102519));
#2880=DIRECTION('',(-1.,3.76053679555885E-032,7.01335512531312E-016));
#2881=FACE_BOUND('',#2882,.T.);
#2882=EDGE_LOOP('',(#4132,#4133,#4134,#4135));
#2883=PLANE('',#2884);
#2884=AXIS2_PLACEMENT_3D('',#2885,#2886,#2887);
#2885=CARTESIAN_POINT('',(2.82,-1.26641016151378,6.12679491924311));
#2886=DIRECTION('',(0.965925826289069,-1.8151898764984E-016,0.258819045102519));
#2887=DIRECTION('',(3.76053679555885E-032,1.,7.01335512531312E-016));
#2888=FACE_BOUND('',#2889,.T.);
#2889=EDGE_LOOP('',(#4136,#4137,#4138,#4139));
#2890=PLANE('',#2891);
#2891=AXIS2_PLACEMENT_3D('',#2892,#2893,#2894);
#2892=CARTESIAN_POINT('',(1.23358983848622,-0.32,6.12679491924311));
#2893=DIRECTION('',(0.,-0.965925826289068,0.258819045102522));
#2894=DIRECTION('',(1.,0.,0.));
#2895=FACE_BOUND('',#2896,.T.);
#2896=EDGE_LOOP('',(#4140,#4141,#4142,#4143));
#2897=PLANE('',#2898);
#2898=AXIS2_PLACEMENT_3D('',#2899,#2900,#2901);
#2899=CARTESIAN_POINT('',(2.18,1.26641016151378,6.12679491924311));
#2900=DIRECTION('',(-0.965925826289069,1.8151898764984E-016,0.258819045102519));
#2901=DIRECTION('',(-3.76053679555885E-032,-1.,7.01335512531312E-016));
#2902=FACE_BOUND('',#2903,.T.);
#2903=EDGE_LOOP('',(#4144,#4145,#4146,#4147));
#2904=PLANE('',#2905);
#2905=AXIS2_PLACEMENT_3D('',#2906,#2907,#2908);
#2906=CARTESIAN_POINT('',(6.26641016151378,0.32,6.12679491924311));
#2907=DIRECTION('',(0.,0.965925826289068,0.258819045102522));
#2908=DIRECTION('',(-1.,0.,0.));
#2909=FACE_BOUND('',#2910,.T.);
#2910=EDGE_LOOP('',(#4148,#4149,#4150,#4151));
#2911=PLANE('',#2912);
#2912=AXIS2_PLACEMENT_3D('',#2913,#2914,#2915);
#2913=CARTESIAN_POINT('',(5.32,-1.26641016151378,6.12679491924311));
#2914=DIRECTION('',(0.965925826289069,-1.81518987649839E-016,0.258819045102518));
#2915=DIRECTION('',(-3.76053679555885E-032,1.,7.01335512531312E-016));
#2916=FACE_BOUND('',#2917,.T.);
#2917=EDGE_LOOP('',(#4152,#4153,#4154,#4155));
#2918=PLANE('',#2919);
#2919=AXIS2_PLACEMENT_3D('',#2920,#2921,#2922);
#2920=CARTESIAN_POINT('',(3.73358983848622,-0.32,6.12679491924311));
#2921=DIRECTION('',(0.,-0.965925826289068,0.258819045102522));
#2922=DIRECTION('',(1.,0.,0.));
#2923=FACE_BOUND('',#2924,.T.);
#2924=EDGE_LOOP('',(#4156,#4157,#4158,#4159));
#2925=PLANE('',#2926);
#2926=AXIS2_PLACEMENT_3D('',#2927,#2928,#2929);
#2927=CARTESIAN_POINT('',(4.68,1.26641016151378,6.12679491924311));
#2928=DIRECTION('',(-0.965925826289069,1.81518987649839E-016,0.258819045102518));
#2929=DIRECTION('',(3.76053679555885E-032,-1.,7.01335512531312E-016));
#2930=FACE_BOUND('',#2931,.T.);
#2931=EDGE_LOOP('',(#4160,#4161,#4162,#4163));
#2932=PLANE('',#2933);
#2933=AXIS2_PLACEMENT_3D('',#2934,#2935,#2936);
#2934=CARTESIAN_POINT('',(8.76641016151378,0.32,6.12679491924311));
#2935=DIRECTION('',(0.,0.965925826289068,0.258819045102522));
#2936=DIRECTION('',(-1.,0.,0.));
#2937=FACE_BOUND('',#2938,.T.);
#2938=EDGE_LOOP('',(#4164,#4165,#4166,#4167));
#2939=PLANE('',#2940);
#2940=AXIS2_PLACEMENT_3D('',#2941,#2942,#2943);
#2941=CARTESIAN_POINT('',(7.82,-1.26641016151378,6.12679491924311));
#2942=DIRECTION('',(0.965925826289069,-1.81518987649839E-016,0.258819045102518));
#2943=DIRECTION('',(-3.76053679555885E-032,1.,7.01335512531312E-016));
#2944=FACE_BOUND('',#2945,.T.);
#2945=EDGE_LOOP('',(#4168,#4169,#4170,#4171));
#2946=PLANE('',#2947);
#2947=AXIS2_PLACEMENT_3D('',#2948,#2949,#2950);
#2948=CARTESIAN_POINT('',(6.23358983848622,-0.32,6.12679491924311));
#2949=DIRECTION('',(0.,-0.965925826289068,0.258819045102522));
#2950=DIRECTION('',(1.,0.,0.));
#2951=FACE_BOUND('',#2952,.T.);
#2952=EDGE_LOOP('',(#4172,#4173,#4174,#4175));
#2953=PLANE('',#2954);
#2954=AXIS2_PLACEMENT_3D('',#2955,#2956,#2957);
#2955=CARTESIAN_POINT('',(7.18,1.26641016151378,6.12679491924311));
#2956=DIRECTION('',(-0.965925826289069,1.81518987649839E-016,0.258819045102518));
#2957=DIRECTION('',(3.76053679555885E-032,-1.,7.01335512531312E-016));
#2958=FACE_BOUND('',#2959,.T.);
#2959=EDGE_LOOP('',(#4176,#4177,#4178,#4179));
#2960=PLANE('',#2961);
#2961=AXIS2_PLACEMENT_3D('',#2962,#2963,#2964);
#2962=CARTESIAN_POINT('',(11.2664101615138,0.32,6.12679491924311));
#2963=DIRECTION('',(1.8151898764984E-016,0.965925826289069,0.25881904510252));
#2964=DIRECTION('',(-1.,0.,7.01335512531312E-016));
#2965=FACE_BOUND('',#2966,.T.);
#2966=EDGE_LOOP('',(#4180,#4181,#4182,#4183));
#2967=PLANE('',#2968);
#2968=AXIS2_PLACEMENT_3D('',#2969,#2970,#2971);
#2969=CARTESIAN_POINT('',(10.32,-1.26641016151378,6.12679491924311));
#2970=DIRECTION('',(0.965925826289069,-1.81518987649839E-016,0.258819045102518));
#2971=DIRECTION('',(-3.76053679555885E-032,1.,7.01335512531312E-016));
#2972=FACE_BOUND('',#2973,.T.);
#2973=EDGE_LOOP('',(#4184,#4185,#4186,#4187));
#2974=PLANE('',#2975);
#2975=AXIS2_PLACEMENT_3D('',#2976,#2977,#2978);
#2976=CARTESIAN_POINT('',(8.73358983848622,-0.32,6.12679491924311));
#2977=DIRECTION('',(-1.8151898764984E-016,-0.965925826289069,0.25881904510252));
#2978=DIRECTION('',(1.,0.,7.01335512531312E-016));
#2979=FACE_BOUND('',#2980,.T.);
#2980=EDGE_LOOP('',(#4188,#4189,#4190,#4191));
#2981=PLANE('',#2982);
#2982=AXIS2_PLACEMENT_3D('',#2983,#2984,#2985);
#2983=CARTESIAN_POINT('',(9.68,1.26641016151378,6.12679491924311));
#2984=DIRECTION('',(-0.965925826289069,1.81518987649839E-016,0.258819045102518));
#2985=DIRECTION('',(3.76053679555885E-032,-1.,7.01335512531312E-016));
#2986=FACE_BOUND('',#2987,.T.);
#2987=EDGE_LOOP('',(#4192,#4193,#4194,#4195));
#2988=PLANE('',#2989);
#2989=AXIS2_PLACEMENT_3D('',#2990,#2991,#2992);
#2990=CARTESIAN_POINT('',(13.7664101615138,0.32,6.12679491924311));
#2991=DIRECTION('',(1.8151898764984E-016,0.965925826289069,0.25881904510252));
#2992=DIRECTION('',(-1.,0.,7.01335512531312E-016));
#2993=FACE_BOUND('',#2994,.T.);
#2994=EDGE_LOOP('',(#4196,#4197,#4198,#4199));
#2995=PLANE('',#2996);
#2996=AXIS2_PLACEMENT_3D('',#2997,#2998,#2999);
#2997=CARTESIAN_POINT('',(12.82,-1.26641016151378,6.12679491924311));
#2998=DIRECTION('',(0.965925826289069,-1.81518987649839E-016,0.258819045102518));
#2999=DIRECTION('',(-3.76053679555885E-032,1.,7.01335512531312E-016));
#3000=FACE_BOUND('',#3001,.T.);
#3001=EDGE_LOOP('',(#4200,#4201,#4202,#4203));
#3002=PLANE('',#3003);
#3003=AXIS2_PLACEMENT_3D('',#3004,#3005,#3006);
#3004=CARTESIAN_POINT('',(11.2335898384862,-0.32,6.12679491924311));
#3005=DIRECTION('',(-1.8151898764984E-016,-0.965925826289069,0.25881904510252));
#3006=DIRECTION('',(1.,0.,7.01335512531312E-016));
#3007=FACE_BOUND('',#3008,.T.);
#3008=EDGE_LOOP('',(#4204,#4205,#4206,#4207));
#3009=PLANE('',#3010);
#3010=AXIS2_PLACEMENT_3D('',#3011,#3012,#3013);
#3011=CARTESIAN_POINT('',(12.18,1.26641016151378,6.12679491924311));
#3012=DIRECTION('',(-0.965925826289069,1.81518987649839E-016,0.258819045102518));
#3013=DIRECTION('',(3.76053679555885E-032,-1.,7.01335512531312E-016));
#3014=FACE_BOUND('',#3015,.T.);
#3015=EDGE_LOOP('',(#4208,#4209,#4210,#4211));
#3016=PLANE('',#3017);
#3017=AXIS2_PLACEMENT_3D('',#3018,#3019,#3020);
#3018=CARTESIAN_POINT('',(16.2664101615138,0.32,6.12679491924311));
#3019=DIRECTION('',(1.8151898764984E-016,0.965925826289069,0.25881904510252));
#3020=DIRECTION('',(-1.,0.,7.01335512531312E-016));
#3021=FACE_BOUND('',#3022,.T.);
#3022=EDGE_LOOP('',(#4212,#4213,#4214,#4215));
#3023=PLANE('',#3024);
#3024=AXIS2_PLACEMENT_3D('',#3025,#3026,#3027);
#3025=CARTESIAN_POINT('',(15.32,-1.26641016151378,6.12679491924311));
#3026=DIRECTION('',(0.965925826289069,-1.81518987649839E-016,0.258819045102518));
#3027=DIRECTION('',(-3.76053679555885E-032,1.,7.01335512531312E-016));
#3028=FACE_BOUND('',#3029,.T.);
#3029=EDGE_LOOP('',(#4216,#4217,#4218,#4219));
#3030=PLANE('',#3031);
#3031=AXIS2_PLACEMENT_3D('',#3032,#3033,#3034);
#3032=CARTESIAN_POINT('',(13.7335898384862,-0.32,6.12679491924311));
#3033=DIRECTION('',(-1.8151898764984E-016,-0.965925826289069,0.25881904510252));
#3034=DIRECTION('',(1.,0.,7.01335512531312E-016));
#3035=FACE_BOUND('',#3036,.T.);
#3036=EDGE_LOOP('',(#4220,#4221,#4222,#4223));
#3037=PLANE('',#3038);
#3038=AXIS2_PLACEMENT_3D('',#3039,#3040,#3041);
#3039=CARTESIAN_POINT('',(14.68,1.26641016151378,6.12679491924311));
#3040=DIRECTION('',(-0.965925826289069,1.81518987649839E-016,0.258819045102518));
#3041=DIRECTION('',(3.76053679555885E-032,-1.,7.01335512531312E-016));
#3042=FACE_BOUND('',#3043,.T.);
#3043=EDGE_LOOP('',(#4224,#4225,#4226,#4227));
#3044=PLANE('',#3045);
#3045=AXIS2_PLACEMENT_3D('',#3046,#3047,#3048);
#3046=CARTESIAN_POINT('',(18.7664101615138,0.32,6.12679491924311));
#3047=DIRECTION('',(1.8151898764984E-016,0.965925826289069,0.25881904510252));
#3048=DIRECTION('',(-1.,0.,7.01335512531312E-016));
#3049=FACE_BOUND('',#3050,.T.);
#3050=EDGE_LOOP('',(#4228,#4229,#4230,#4231));
#3051=PLANE('',#3052);
#3052=AXIS2_PLACEMENT_3D('',#3053,#3054,#3055);
#3053=CARTESIAN_POINT('',(17.82,-1.26641016151378,6.12679491924311));
#3054=DIRECTION('',(0.965925826289068,-1.81518987649842E-016,0.258819045102522));
#3055=DIRECTION('',(-3.76053679555885E-032,1.,7.01335512531312E-016));
#3056=FACE_BOUND('',#3057,.T.);
#3057=EDGE_LOOP('',(#4232,#4233,#4234,#4235));
#3058=PLANE('',#3059);
#3059=AXIS2_PLACEMENT_3D('',#3060,#3061,#3062);
#3060=CARTESIAN_POINT('',(16.2335898384862,-0.32,6.12679491924311));
#3061=DIRECTION('',(-1.8151898764984E-016,-0.965925826289069,0.25881904510252));
#3062=DIRECTION('',(1.,0.,7.01335512531312E-016));
#3063=FACE_BOUND('',#3064,.T.);
#3064=EDGE_LOOP('',(#4236,#4237,#4238,#4239));
#3065=PLANE('',#3066);
#3066=AXIS2_PLACEMENT_3D('',#3067,#3068,#3069);
#3067=CARTESIAN_POINT('',(17.18,1.26641016151378,6.12679491924311));
#3068=DIRECTION('',(-0.965925826289068,1.81518987649842E-016,0.258819045102522));
#3069=DIRECTION('',(3.76053679555885E-032,-1.,7.01335512531312E-016));
#3070=FACE_BOUND('',#3071,.T.);
#3071=EDGE_LOOP('',(#4240,#4241,#4242,#4243));
#3072=PLANE('',#3073);
#3073=AXIS2_PLACEMENT_3D('',#3074,#3075,#3076);
#3074=CARTESIAN_POINT('',(1.26641016151378,0.32,6.12679491924311));
#3075=DIRECTION('',(0.,0.965925826289068,0.258819045102522));
#3076=DIRECTION('',(-1.,0.,0.));
#3077=FACE_BOUND('',#3078,.T.);
#3078=EDGE_LOOP('',(#4244,#4245,#4246,#4247));
#3079=PLANE('',#3080);
#3080=AXIS2_PLACEMENT_3D('',#3081,#3082,#3083);
#3081=CARTESIAN_POINT('',(0.32,-1.26641016151378,6.12679491924311));
#3082=DIRECTION('',(0.965925826289069,-1.8151898764984E-016,0.258819045102519));
#3083=DIRECTION('',(3.76053679555885E-032,1.,7.01335512531312E-016));
#3084=FACE_BOUND('',#3085,.T.);
#3085=EDGE_LOOP('',(#4248,#4249,#4250,#4251));
#3086=PLANE('',#3087);
#3087=AXIS2_PLACEMENT_3D('',#3088,#3089,#3090);
#3088=CARTESIAN_POINT('',(-1.26641016151378,-0.32,6.12679491924311));
#3089=DIRECTION('',(0.,-0.965925826289068,0.258819045102522));
#3090=DIRECTION('',(1.,0.,0.));
#3091=FACE_BOUND('',#3092,.T.);
#3092=EDGE_LOOP('',(#4252,#4253,#4254,#4255));
#3093=PLANE('',#3094);
#3094=AXIS2_PLACEMENT_3D('',#3095,#3096,#3097);
#3095=CARTESIAN_POINT('',(-0.32,1.26641016151378,6.12679491924311));
#3096=DIRECTION('',(-0.965925826289069,1.8151898764984E-016,0.258819045102519));
#3097=DIRECTION('',(-3.76053679555885E-032,-1.,7.01335512531312E-016));
#3098=FACE_BOUND('',#3099,.T.);
#3099=EDGE_LOOP('',(#4256,#4257,#4258,#4259));
#3100=PLANE('',#3101);
#3101=AXIS2_PLACEMENT_3D('',#3102,#3103,#3104);
#3102=CARTESIAN_POINT('',(1.26641016151378,0.32,-3.12679491924311));
#3103=DIRECTION('',(0.,-0.965925826289068,0.258819045102521));
#3104=DIRECTION('',(-1.,0.,0.));
#3105=FACE_BOUND('',#3106,.T.);
#3106=EDGE_LOOP('',(#4260,#4261,#4262,#4263));
#3107=PLANE('',#3108);
#3108=AXIS2_PLACEMENT_3D('',#3109,#3110,#3111);
#3109=CARTESIAN_POINT('',(-0.32,1.26641016151378,-3.12679491924311));
#3110=DIRECTION('',(0.965925826289068,0.,0.258819045102521));
#3111=DIRECTION('',(0.,-1.,0.));
#3112=FACE_BOUND('',#3113,.T.);
#3113=EDGE_LOOP('',(#4264,#4265,#4266,#4267));
#3114=PLANE('',#3115);
#3115=AXIS2_PLACEMENT_3D('',#3116,#3117,#3118);
#3116=CARTESIAN_POINT('',(-1.26641016151378,-0.32,-3.12679491924311));
#3117=DIRECTION('',(-0.,0.965925826289068,0.258819045102521));
#3118=DIRECTION('',(1.,0.,0.));
#3119=FACE_BOUND('',#3120,.T.);
#3120=EDGE_LOOP('',(#4268,#4269,#4270,#4271));
#3121=PLANE('',#3122);
#3122=AXIS2_PLACEMENT_3D('',#3123,#3124,#3125);
#3123=CARTESIAN_POINT('',(0.32,-1.26641016151378,-3.12679491924311));
#3124=DIRECTION('',(-0.965925826289068,0.,0.258819045102521));
#3125=DIRECTION('',(0.,1.,0.));
#3126=FACE_BOUND('',#3127,.T.);
#3127=EDGE_LOOP('',(#4272,#4273,#4274,#4275));
#3128=PLANE('',#3129);
#3129=AXIS2_PLACEMENT_3D('',#3130,#3131,#3132);
#3130=CARTESIAN_POINT('',(3.76641016151378,0.32,-3.12679491924311));
#3131=DIRECTION('',(0.,-0.965925826289068,0.258819045102521));
#3132=DIRECTION('',(-1.,0.,0.));
#3133=FACE_BOUND('',#3134,.T.);
#3134=EDGE_LOOP('',(#4276,#4277,#4278,#4279));
#3135=PLANE('',#3136);
#3136=AXIS2_PLACEMENT_3D('',#3137,#3138,#3139);
#3137=CARTESIAN_POINT('',(2.18,1.26641016151378,-3.12679491924311));
#3138=DIRECTION('',(0.965925826289068,0.,0.258819045102521));
#3139=DIRECTION('',(0.,-1.,0.));
#3140=FACE_BOUND('',#3141,.T.);
#3141=EDGE_LOOP('',(#4280,#4281,#4282,#4283));
#3142=PLANE('',#3143);
#3143=AXIS2_PLACEMENT_3D('',#3144,#3145,#3146);
#3144=CARTESIAN_POINT('',(1.23358983848622,-0.32,-3.12679491924311));
#3145=DIRECTION('',(-0.,0.965925826289068,0.258819045102521));
#3146=DIRECTION('',(1.,0.,0.));
#3147=FACE_BOUND('',#3148,.T.);
#3148=EDGE_LOOP('',(#4284,#4285,#4286,#4287));
#3149=PLANE('',#3150);
#3150=AXIS2_PLACEMENT_3D('',#3151,#3152,#3153);
#3151=CARTESIAN_POINT('',(2.82,-1.26641016151378,-3.12679491924311));
#3152=DIRECTION('',(-0.965925826289068,0.,0.258819045102521));
#3153=DIRECTION('',(0.,1.,0.));
#3154=FACE_BOUND('',#3155,.T.);
#3155=EDGE_LOOP('',(#4288,#4289,#4290,#4291));
#3156=PLANE('',#3157);
#3157=AXIS2_PLACEMENT_3D('',#3158,#3159,#3160);
#3158=CARTESIAN_POINT('',(6.26641016151378,0.32,-3.12679491924311));
#3159=DIRECTION('',(0.,-0.965925826289068,0.258819045102521));
#3160=DIRECTION('',(-1.,0.,0.));
#3161=FACE_BOUND('',#3162,.T.);
#3162=EDGE_LOOP('',(#4292,#4293,#4294,#4295));
#3163=PLANE('',#3164);
#3164=AXIS2_PLACEMENT_3D('',#3165,#3166,#3167);
#3165=CARTESIAN_POINT('',(4.68,1.26641016151378,-3.12679491924311));
#3166=DIRECTION('',(0.965925826289069,0.,0.25881904510252));
#3167=DIRECTION('',(0.,-1.,0.));
#3168=FACE_BOUND('',#3169,.T.);
#3169=EDGE_LOOP('',(#4296,#4297,#4298,#4299));
#3170=PLANE('',#3171);
#3171=AXIS2_PLACEMENT_3D('',#3172,#3173,#3174);
#3172=CARTESIAN_POINT('',(3.73358983848622,-0.32,-3.12679491924311));
#3173=DIRECTION('',(-0.,0.965925826289068,0.258819045102521));
#3174=DIRECTION('',(1.,0.,0.));
#3175=FACE_BOUND('',#3176,.T.);
#3176=EDGE_LOOP('',(#4300,#4301,#4302,#4303));
#3177=PLANE('',#3178);
#3178=AXIS2_PLACEMENT_3D('',#3179,#3180,#3181);
#3179=CARTESIAN_POINT('',(5.32,-1.26641016151378,-3.12679491924311));
#3180=DIRECTION('',(-0.965925826289069,0.,0.25881904510252));
#3181=DIRECTION('',(0.,1.,0.));
#3182=FACE_BOUND('',#3183,.T.);
#3183=EDGE_LOOP('',(#4304,#4305,#4306,#4307));
#3184=PLANE('',#3185);
#3185=AXIS2_PLACEMENT_3D('',#3186,#3187,#3188);
#3186=CARTESIAN_POINT('',(8.76641016151378,0.32,-3.12679491924311));
#3187=DIRECTION('',(0.,-0.965925826289068,0.258819045102521));
#3188=DIRECTION('',(-1.,0.,0.));
#3189=FACE_BOUND('',#3190,.T.);
#3190=EDGE_LOOP('',(#4308,#4309,#4310,#4311));
#3191=PLANE('',#3192);
#3192=AXIS2_PLACEMENT_3D('',#3193,#3194,#3195);
#3193=CARTESIAN_POINT('',(7.18,1.26641016151378,-3.12679491924311));
#3194=DIRECTION('',(0.965925826289069,0.,0.25881904510252));
#3195=DIRECTION('',(0.,-1.,0.));
#3196=FACE_BOUND('',#3197,.T.);
#3197=EDGE_LOOP('',(#4312,#4313,#4314,#4315));
#3198=PLANE('',#3199);
#3199=AXIS2_PLACEMENT_3D('',#3200,#3201,#3202);
#3200=CARTESIAN_POINT('',(6.23358983848622,-0.32,-3.12679491924311));
#3201=DIRECTION('',(-0.,0.965925826289068,0.258819045102521));
#3202=DIRECTION('',(1.,0.,0.));
#3203=FACE_BOUND('',#3204,.T.);
#3204=EDGE_LOOP('',(#4316,#4317,#4318,#4319));
#3205=PLANE('',#3206);
#3206=AXIS2_PLACEMENT_3D('',#3207,#3208,#3209);
#3207=CARTESIAN_POINT('',(7.82,-1.26641016151378,-3.12679491924311));
#3208=DIRECTION('',(-0.965925826289069,0.,0.25881904510252));
#3209=DIRECTION('',(0.,1.,0.));
#3210=FACE_BOUND('',#3211,.T.);
#3211=EDGE_LOOP('',(#4320,#4321,#4322,#4323));
#3212=PLANE('',#3213);
#3213=AXIS2_PLACEMENT_3D('',#3214,#3215,#3216);
#3214=CARTESIAN_POINT('',(11.2664101615138,0.32,-3.12679491924311));
#3215=DIRECTION('',(0.,-0.965925826289068,0.258819045102521));
#3216=DIRECTION('',(-1.,0.,0.));
#3217=FACE_BOUND('',#3218,.T.);
#3218=EDGE_LOOP('',(#4324,#4325,#4326,#4327));
#3219=PLANE('',#3220);
#3220=AXIS2_PLACEMENT_3D('',#3221,#3222,#3223);
#3221=CARTESIAN_POINT('',(9.68,1.26641016151378,-3.12679491924311));
#3222=DIRECTION('',(0.965925826289069,0.,0.25881904510252));
#3223=DIRECTION('',(0.,-1.,0.));
#3224=FACE_BOUND('',#3225,.T.);
#3225=EDGE_LOOP('',(#4328,#4329,#4330,#4331));
#3226=PLANE('',#3227);
#3227=AXIS2_PLACEMENT_3D('',#3228,#3229,#3230);
#3228=CARTESIAN_POINT('',(8.73358983848622,-0.32,-3.12679491924311));
#3229=DIRECTION('',(-0.,0.965925826289068,0.258819045102521));
#3230=DIRECTION('',(1.,0.,0.));
#3231=FACE_BOUND('',#3232,.T.);
#3232=EDGE_LOOP('',(#4332,#4333,#4334,#4335));
#3233=PLANE('',#3234);
#3234=AXIS2_PLACEMENT_3D('',#3235,#3236,#3237);
#3235=CARTESIAN_POINT('',(10.32,-1.26641016151378,-3.12679491924311));
#3236=DIRECTION('',(-0.965925826289069,0.,0.25881904510252));
#3237=DIRECTION('',(0.,1.,0.));
#3238=FACE_BOUND('',#3239,.T.);
#3239=EDGE_LOOP('',(#4336,#4337,#4338,#4339));
#3240=PLANE('',#3241);
#3241=AXIS2_PLACEMENT_3D('',#3242,#3243,#3244);
#3242=CARTESIAN_POINT('',(13.7664101615138,0.32,-3.12679491924311));
#3243=DIRECTION('',(0.,-0.965925826289068,0.258819045102521));
#3244=DIRECTION('',(-1.,0.,0.));
#3245=FACE_BOUND('',#3246,.T.);
#3246=EDGE_LOOP('',(#4340,#4341,#4342,#4343));
#3247=PLANE('',#3248);
#3248=AXIS2_PLACEMENT_3D('',#3249,#3250,#3251);
#3249=CARTESIAN_POINT('',(12.18,1.26641016151378,-3.12679491924311));
#3250=DIRECTION('',(0.965925826289069,0.,0.25881904510252));
#3251=DIRECTION('',(0.,-1.,0.));
#3252=FACE_BOUND('',#3253,.T.);
#3253=EDGE_LOOP('',(#4344,#4345,#4346,#4347));
#3254=PLANE('',#3255);
#3255=AXIS2_PLACEMENT_3D('',#3256,#3257,#3258);
#3256=CARTESIAN_POINT('',(11.2335898384862,-0.32,-3.12679491924311));
#3257=DIRECTION('',(-0.,0.965925826289068,0.258819045102521));
#3258=DIRECTION('',(1.,0.,0.));
#3259=FACE_BOUND('',#3260,.T.);
#3260=EDGE_LOOP('',(#4348,#4349,#4350,#4351));
#3261=PLANE('',#3262);
#3262=AXIS2_PLACEMENT_3D('',#3263,#3264,#3265);
#3263=CARTESIAN_POINT('',(12.82,-1.26641016151378,-3.12679491924311));
#3264=DIRECTION('',(-0.965925826289069,0.,0.25881904510252));
#3265=DIRECTION('',(0.,1.,0.));
#3266=FACE_BOUND('',#3267,.T.);
#3267=EDGE_LOOP('',(#4352,#4353,#4354,#4355));
#3268=PLANE('',#3269);
#3269=AXIS2_PLACEMENT_3D('',#3270,#3271,#3272);
#3270=CARTESIAN_POINT('',(16.2664101615138,0.32,-3.12679491924311));
#3271=DIRECTION('',(0.,-0.965925826289068,0.258819045102521));
#3272=DIRECTION('',(-1.,0.,0.));
#3273=FACE_BOUND('',#3274,.T.);
#3274=EDGE_LOOP('',(#4356,#4357,#4358,#4359));
#3275=PLANE('',#3276);
#3276=AXIS2_PLACEMENT_3D('',#3277,#3278,#3279);
#3277=CARTESIAN_POINT('',(14.68,1.26641016151378,-3.12679491924311));
#3278=DIRECTION('',(0.965925826289069,0.,0.25881904510252));
#3279=DIRECTION('',(0.,-1.,0.));
#3280=FACE_BOUND('',#3281,.T.);
#3281=EDGE_LOOP('',(#4360,#4361,#4362,#4363));
#3282=PLANE('',#3283);
#3283=AXIS2_PLACEMENT_3D('',#3284,#3285,#3286);
#3284=CARTESIAN_POINT('',(13.7335898384862,-0.32,-3.12679491924311));
#3285=DIRECTION('',(-0.,0.965925826289068,0.258819045102521));
#3286=DIRECTION('',(1.,0.,0.));
#3287=FACE_BOUND('',#3288,.T.);
#3288=EDGE_LOOP('',(#4364,#4365,#4366,#4367));
#3289=PLANE('',#3290);
#3290=AXIS2_PLACEMENT_3D('',#3291,#3292,#3293);
#3291=CARTESIAN_POINT('',(15.32,-1.26641016151378,-3.12679491924311));
#3292=DIRECTION('',(-0.965925826289069,0.,0.25881904510252));
#3293=DIRECTION('',(0.,1.,0.));
#3294=FACE_BOUND('',#3295,.T.);
#3295=EDGE_LOOP('',(#4368,#4369,#4370,#4371));
#3296=PLANE('',#3297);
#3297=AXIS2_PLACEMENT_3D('',#3298,#3299,#3300);
#3298=CARTESIAN_POINT('',(18.7664101615138,0.32,-3.12679491924311));
#3299=DIRECTION('',(0.,-0.965925826289068,0.258819045102521));
#3300=DIRECTION('',(-1.,0.,0.));
#3301=FACE_BOUND('',#3302,.T.);
#3302=EDGE_LOOP('',(#4372,#4373,#4374,#4375));
#3303=PLANE('',#3304);
#3304=AXIS2_PLACEMENT_3D('',#3305,#3306,#3307);
#3305=CARTESIAN_POINT('',(17.18,1.26641016151378,-3.12679491924311));
#3306=DIRECTION('',(0.965925826289067,0.,0.258819045102524));
#3307=DIRECTION('',(0.,-1.,0.));
#3308=FACE_BOUND('',#3309,.T.);
#3309=EDGE_LOOP('',(#4376,#4377,#4378,#4379));
#3310=PLANE('',#3311);
#3311=AXIS2_PLACEMENT_3D('',#3312,#3313,#3314);
#3312=CARTESIAN_POINT('',(16.2335898384862,-0.32,-3.12679491924311));
#3313=DIRECTION('',(-0.,0.965925826289068,0.258819045102521));
#3314=DIRECTION('',(1.,0.,0.));
#3315=FACE_BOUND('',#3316,.T.);
#3316=EDGE_LOOP('',(#4380,#4381,#4382,#4383));
#3317=PLANE('',#3318);
#3318=AXIS2_PLACEMENT_3D('',#3319,#3320,#3321);
#3319=CARTESIAN_POINT('',(17.82,-1.26641016151378,-3.12679491924311));
#3320=DIRECTION('',(-0.965925826289067,0.,0.258819045102524));
#3321=DIRECTION('',(0.,1.,0.));
#3322=FACE_BOUND('',#3323,.T.);
#3323=EDGE_LOOP('',(#4384,#4385,#4386,#4387));
#3324=PLANE('',#3325);
#3325=AXIS2_PLACEMENT_3D('',#3326,#3327,#3328);
#3326=CARTESIAN_POINT('',(2.5,0.,6.5));
#3327=DIRECTION('',(0.,0.,1.));
#3328=DIRECTION('',(1.,0.,0.));
#3329=FACE_BOUND('',#3330,.T.);
#3330=EDGE_LOOP('',(#4388,#4389,#4390,#4391));
#3331=PLANE('',#3332);
#3332=AXIS2_PLACEMENT_3D('',#3333,#3334,#3335);
#3333=CARTESIAN_POINT('',(5.,0.,6.5));
#3334=DIRECTION('',(0.,0.,1.));
#3335=DIRECTION('',(1.,0.,0.));
#3336=FACE_BOUND('',#3337,.T.);
#3337=EDGE_LOOP('',(#4392,#4393,#4394,#4395));
#3338=PLANE('',#3339);
#3339=AXIS2_PLACEMENT_3D('',#3340,#3341,#3342);
#3340=CARTESIAN_POINT('',(7.5,0.,6.5));
#3341=DIRECTION('',(0.,0.,1.));
#3342=DIRECTION('',(1.,0.,0.));
#3343=FACE_BOUND('',#3344,.T.);
#3344=EDGE_LOOP('',(#4396,#4397,#4398,#4399));
#3345=PLANE('',#3346);
#3346=AXIS2_PLACEMENT_3D('',#3347,#3348,#3349);
#3347=CARTESIAN_POINT('',(10.,0.,6.5));
#3348=DIRECTION('',(0.,0.,1.));
#3349=DIRECTION('',(1.,0.,0.));
#3350=FACE_BOUND('',#3351,.T.);
#3351=EDGE_LOOP('',(#4400,#4401,#4402,#4403));
#3352=PLANE('',#3353);
#3353=AXIS2_PLACEMENT_3D('',#3354,#3355,#3356);
#3354=CARTESIAN_POINT('',(12.5,0.,6.5));
#3355=DIRECTION('',(0.,0.,1.));
#3356=DIRECTION('',(1.,0.,0.));
#3357=FACE_BOUND('',#3358,.T.);
#3358=EDGE_LOOP('',(#4404,#4405,#4406,#4407));
#3359=PLANE('',#3360);
#3360=AXIS2_PLACEMENT_3D('',#3361,#3362,#3363);
#3361=CARTESIAN_POINT('',(15.,0.,6.5));
#3362=DIRECTION('',(0.,0.,1.));
#3363=DIRECTION('',(1.,0.,0.));
#3364=FACE_BOUND('',#3365,.T.);
#3365=EDGE_LOOP('',(#4408,#4409,#4410,#4411));
#3366=PLANE('',#3367);
#3367=AXIS2_PLACEMENT_3D('',#3368,#3369,#3370);
#3368=CARTESIAN_POINT('',(17.5,0.,6.5));
#3369=DIRECTION('',(0.,0.,1.));
#3370=DIRECTION('',(1.,0.,0.));
#3371=FACE_BOUND('',#3372,.T.);
#3372=EDGE_LOOP('',(#4412,#4413,#4414,#4415));
#3373=PLANE('',#3374);
#3374=AXIS2_PLACEMENT_3D('',#3375,#3376,#3377);
#3375=CARTESIAN_POINT('',(0.,0.,6.5));
#3376=DIRECTION('',(0.,0.,1.));
#3377=DIRECTION('',(1.,0.,0.));
#3378=FACE_BOUND('',#3379,.T.);
#3379=EDGE_LOOP('',(#4416,#4417,#4418,#4419));
#3380=PLANE('',#3381);
#3381=AXIS2_PLACEMENT_3D('',#3382,#3383,#3384);
#3382=CARTESIAN_POINT('',(0.,0.,-3.5));
#3383=DIRECTION('',(0.,0.,1.));
#3384=DIRECTION('',(1.,0.,0.));
#3385=FACE_BOUND('',#3386,.T.);
#3386=EDGE_LOOP('',(#4420,#4421,#4422,#4423));
#3387=PLANE('',#3388);
#3388=AXIS2_PLACEMENT_3D('',#3389,#3390,#3391);
#3389=CARTESIAN_POINT('',(2.5,0.,-3.5));
#3390=DIRECTION('',(0.,0.,1.));
#3391=DIRECTION('',(1.,0.,0.));
#3392=FACE_BOUND('',#3393,.T.);
#3393=EDGE_LOOP('',(#4424,#4425,#4426,#4427));
#3394=PLANE('',#3395);
#3395=AXIS2_PLACEMENT_3D('',#3396,#3397,#3398);
#3396=CARTESIAN_POINT('',(5.,0.,-3.5));
#3397=DIRECTION('',(0.,0.,1.));
#3398=DIRECTION('',(1.,0.,0.));
#3399=FACE_BOUND('',#3400,.T.);
#3400=EDGE_LOOP('',(#4428,#4429,#4430,#4431));
#3401=PLANE('',#3402);
#3402=AXIS2_PLACEMENT_3D('',#3403,#3404,#3405);
#3403=CARTESIAN_POINT('',(7.5,0.,-3.5));
#3404=DIRECTION('',(0.,0.,1.));
#3405=DIRECTION('',(1.,0.,0.));
#3406=FACE_BOUND('',#3407,.T.);
#3407=EDGE_LOOP('',(#4432,#4433,#4434,#4435));
#3408=PLANE('',#3409);
#3409=AXIS2_PLACEMENT_3D('',#3410,#3411,#3412);
#3410=CARTESIAN_POINT('',(10.,0.,-3.5));
#3411=DIRECTION('',(0.,0.,1.));
#3412=DIRECTION('',(1.,0.,0.));
#3413=FACE_BOUND('',#3414,.T.);
#3414=EDGE_LOOP('',(#4436,#4437,#4438,#4439));
#3415=PLANE('',#3416);
#3416=AXIS2_PLACEMENT_3D('',#3417,#3418,#3419);
#3417=CARTESIAN_POINT('',(12.5,0.,-3.5));
#3418=DIRECTION('',(0.,0.,1.));
#3419=DIRECTION('',(1.,0.,0.));
#3420=FACE_BOUND('',#3421,.T.);
#3421=EDGE_LOOP('',(#4440,#4441,#4442,#4443));
#3422=PLANE('',#3423);
#3423=AXIS2_PLACEMENT_3D('',#3424,#3425,#3426);
#3424=CARTESIAN_POINT('',(15.,0.,-3.5));
#3425=DIRECTION('',(0.,0.,1.));
#3426=DIRECTION('',(1.,0.,0.));
#3427=FACE_BOUND('',#3428,.T.);
#3428=EDGE_LOOP('',(#4444,#4445,#4446,#4447));
#3429=PLANE('',#3430);
#3430=AXIS2_PLACEMENT_3D('',#3431,#3432,#3433);
#3431=CARTESIAN_POINT('',(17.5,0.,-3.5));
#3432=DIRECTION('',(0.,0.,1.));
#3433=DIRECTION('',(1.,0.,0.));
#3434=ORIENTED_EDGE('',*,*,#4448,.T.);
#3435=ORIENTED_EDGE('',*,*,#4449,.T.);
#3436=ORIENTED_EDGE('',*,*,#4450,.T.);
#3437=ORIENTED_EDGE('',*,*,#4451,.T.);
#3438=ORIENTED_EDGE('',*,*,#4452,.T.);
#3439=ORIENTED_EDGE('',*,*,#4453,.T.);
#3440=ORIENTED_EDGE('',*,*,#4454,.F.);
#3441=ORIENTED_EDGE('',*,*,#4455,.F.);
#3442=ORIENTED_EDGE('',*,*,#4456,.T.);
#3443=ORIENTED_EDGE('',*,*,#4457,.F.);
#3444=ORIENTED_EDGE('',*,*,#4458,.F.);
#3445=ORIENTED_EDGE('',*,*,#4459,.T.);
#3446=ORIENTED_EDGE('',*,*,#4460,.T.);
#3447=ORIENTED_EDGE('',*,*,#4461,.F.);
#3448=ORIENTED_EDGE('',*,*,#4462,.F.);
#3449=ORIENTED_EDGE('',*,*,#4463,.T.);
#3450=ORIENTED_EDGE('',*,*,#4464,.T.);
#3451=ORIENTED_EDGE('',*,*,#4465,.T.);
#3452=ORIENTED_EDGE('',*,*,#4466,.T.);
#3453=ORIENTED_EDGE('',*,*,#4467,.T.);
#3454=ORIENTED_EDGE('',*,*,#4468,.T.);
#3455=ORIENTED_EDGE('',*,*,#4469,.F.);
#3456=ORIENTED_EDGE('',*,*,#4470,.T.);
#3457=ORIENTED_EDGE('',*,*,#4469,.T.);
#3458=ORIENTED_EDGE('',*,*,#4471,.T.);
#3459=ORIENTED_EDGE('',*,*,#4472,.T.);
#3460=ORIENTED_EDGE('',*,*,#4473,.T.);
#3461=ORIENTED_EDGE('',*,*,#4474,.T.);
#3462=ORIENTED_EDGE('',*,*,#4475,.T.);
#3463=ORIENTED_EDGE('',*,*,#4454,.T.);
#3464=ORIENTED_EDGE('',*,*,#4476,.T.);
#3465=ORIENTED_EDGE('',*,*,#4472,.F.);
#3466=ORIENTED_EDGE('',*,*,#4477,.T.);
#3467=ORIENTED_EDGE('',*,*,#4478,.T.);
#3468=ORIENTED_EDGE('',*,*,#4479,.T.);
#3469=ORIENTED_EDGE('',*,*,#4480,.T.);
#3470=ORIENTED_EDGE('',*,*,#4481,.T.);
#3471=ORIENTED_EDGE('',*,*,#4482,.T.);
#3472=ORIENTED_EDGE('',*,*,#4483,.F.);
#3473=ORIENTED_EDGE('',*,*,#4484,.F.);
#3474=ORIENTED_EDGE('',*,*,#4485,.F.);
#3475=ORIENTED_EDGE('',*,*,#4486,.T.);
#3476=ORIENTED_EDGE('',*,*,#4487,.T.);
#3477=ORIENTED_EDGE('',*,*,#4488,.T.);
#3478=ORIENTED_EDGE('',*,*,#4489,.T.);
#3479=ORIENTED_EDGE('',*,*,#4490,.T.);
#3480=ORIENTED_EDGE('',*,*,#4491,.T.);
#3481=ORIENTED_EDGE('',*,*,#4492,.T.);
#3482=ORIENTED_EDGE('',*,*,#4493,.T.);
#3483=ORIENTED_EDGE('',*,*,#4494,.T.);
#3484=ORIENTED_EDGE('',*,*,#4495,.T.);
#3485=ORIENTED_EDGE('',*,*,#4496,.T.);
#3486=ORIENTED_EDGE('',*,*,#4497,.T.);
#3487=ORIENTED_EDGE('',*,*,#4498,.T.);
#3488=ORIENTED_EDGE('',*,*,#4499,.T.);
#3489=ORIENTED_EDGE('',*,*,#4500,.T.);
#3490=ORIENTED_EDGE('',*,*,#4501,.T.);
#3491=ORIENTED_EDGE('',*,*,#4502,.T.);
#3492=ORIENTED_EDGE('',*,*,#4503,.T.);
#3493=ORIENTED_EDGE('',*,*,#4504,.T.);
#3494=ORIENTED_EDGE('',*,*,#4505,.T.);
#3495=ORIENTED_EDGE('',*,*,#4506,.T.);
#3496=ORIENTED_EDGE('',*,*,#4507,.T.);
#3497=ORIENTED_EDGE('',*,*,#4508,.T.);
#3498=ORIENTED_EDGE('',*,*,#4509,.T.);
#3499=ORIENTED_EDGE('',*,*,#4510,.T.);
#3500=ORIENTED_EDGE('',*,*,#4511,.T.);
#3501=ORIENTED_EDGE('',*,*,#4512,.T.);
#3502=ORIENTED_EDGE('',*,*,#4513,.T.);
#3503=ORIENTED_EDGE('',*,*,#4514,.T.);
#3504=ORIENTED_EDGE('',*,*,#4515,.T.);
#3505=ORIENTED_EDGE('',*,*,#4516,.T.);
#3506=ORIENTED_EDGE('',*,*,#4517,.T.);
#3507=ORIENTED_EDGE('',*,*,#4518,.T.);
#3508=ORIENTED_EDGE('',*,*,#4474,.F.);
#3509=ORIENTED_EDGE('',*,*,#4519,.T.);
#3510=ORIENTED_EDGE('',*,*,#4520,.T.);
#3511=ORIENTED_EDGE('',*,*,#4521,.T.);
#3512=ORIENTED_EDGE('',*,*,#4522,.T.);
#3513=ORIENTED_EDGE('',*,*,#4523,.T.);
#3514=ORIENTED_EDGE('',*,*,#4519,.F.);
#3515=ORIENTED_EDGE('',*,*,#4473,.F.);
#3516=ORIENTED_EDGE('',*,*,#4453,.F.);
#3517=ORIENTED_EDGE('',*,*,#4524,.T.);
#3518=ORIENTED_EDGE('',*,*,#4520,.F.);
#3519=ORIENTED_EDGE('',*,*,#4524,.F.);
#3520=ORIENTED_EDGE('',*,*,#4452,.F.);
#3521=ORIENTED_EDGE('',*,*,#4525,.T.);
#3522=ORIENTED_EDGE('',*,*,#4521,.F.);
#3523=ORIENTED_EDGE('',*,*,#4525,.F.);
#3524=ORIENTED_EDGE('',*,*,#4451,.F.);
#3525=ORIENTED_EDGE('',*,*,#4526,.T.);
#3526=ORIENTED_EDGE('',*,*,#4522,.F.);
#3527=ORIENTED_EDGE('',*,*,#4526,.F.);
#3528=ORIENTED_EDGE('',*,*,#4450,.F.);
#3529=ORIENTED_EDGE('',*,*,#4527,.T.);
#3530=ORIENTED_EDGE('',*,*,#4523,.F.);
#3531=ORIENTED_EDGE('',*,*,#4527,.F.);
#3532=ORIENTED_EDGE('',*,*,#4449,.F.);
#3533=ORIENTED_EDGE('',*,*,#4528,.T.);
#3534=ORIENTED_EDGE('',*,*,#4476,.F.);
#3535=ORIENTED_EDGE('',*,*,#4528,.F.);
#3536=ORIENTED_EDGE('',*,*,#4448,.F.);
#3537=ORIENTED_EDGE('',*,*,#4470,.F.);
#3538=ORIENTED_EDGE('',*,*,#4529,.T.);
#3539=ORIENTED_EDGE('',*,*,#4530,.T.);
#3540=ORIENTED_EDGE('',*,*,#4455,.T.);
#3541=ORIENTED_EDGE('',*,*,#4475,.F.);
#3542=ORIENTED_EDGE('',*,*,#4518,.F.);
#3543=ORIENTED_EDGE('',*,*,#4531,.F.);
#3544=ORIENTED_EDGE('',*,*,#4532,.F.);
#3545=ORIENTED_EDGE('',*,*,#4533,.F.);
#3546=ORIENTED_EDGE('',*,*,#4534,.F.);
#3547=ORIENTED_EDGE('',*,*,#4456,.F.);
#3548=ORIENTED_EDGE('',*,*,#4530,.F.);
#3549=ORIENTED_EDGE('',*,*,#4535,.T.);
#3550=ORIENTED_EDGE('',*,*,#4536,.F.);
#3551=ORIENTED_EDGE('',*,*,#4537,.T.);
#3552=ORIENTED_EDGE('',*,*,#4538,.T.);
#3553=ORIENTED_EDGE('',*,*,#4457,.T.);
#3554=ORIENTED_EDGE('',*,*,#4534,.T.);
#3555=ORIENTED_EDGE('',*,*,#4539,.T.);
#3556=ORIENTED_EDGE('',*,*,#4540,.T.);
#3557=ORIENTED_EDGE('',*,*,#4541,.T.);
#3558=ORIENTED_EDGE('',*,*,#4458,.T.);
#3559=ORIENTED_EDGE('',*,*,#4538,.F.);
#3560=ORIENTED_EDGE('',*,*,#4542,.F.);
#3561=ORIENTED_EDGE('',*,*,#4543,.F.);
#3562=ORIENTED_EDGE('',*,*,#4544,.F.);
#3563=ORIENTED_EDGE('',*,*,#4545,.F.);
#3564=ORIENTED_EDGE('',*,*,#4546,.F.);
#3565=ORIENTED_EDGE('',*,*,#4547,.F.);
#3566=ORIENTED_EDGE('',*,*,#4548,.F.);
#3567=ORIENTED_EDGE('',*,*,#4549,.F.);
#3568=ORIENTED_EDGE('',*,*,#4550,.F.);
#3569=ORIENTED_EDGE('',*,*,#4551,.F.);
#3570=ORIENTED_EDGE('',*,*,#4552,.F.);
#3571=ORIENTED_EDGE('',*,*,#4553,.F.);
#3572=ORIENTED_EDGE('',*,*,#4554,.F.);
#3573=ORIENTED_EDGE('',*,*,#4555,.F.);
#3574=ORIENTED_EDGE('',*,*,#4556,.F.);
#3575=ORIENTED_EDGE('',*,*,#4557,.F.);
#3576=ORIENTED_EDGE('',*,*,#4558,.F.);
#3577=ORIENTED_EDGE('',*,*,#4559,.F.);
#3578=ORIENTED_EDGE('',*,*,#4560,.F.);
#3579=ORIENTED_EDGE('',*,*,#4561,.F.);
#3580=ORIENTED_EDGE('',*,*,#4562,.F.);
#3581=ORIENTED_EDGE('',*,*,#4563,.F.);
#3582=ORIENTED_EDGE('',*,*,#4564,.F.);
#3583=ORIENTED_EDGE('',*,*,#4565,.F.);
#3584=ORIENTED_EDGE('',*,*,#4566,.F.);
#3585=ORIENTED_EDGE('',*,*,#4567,.F.);
#3586=ORIENTED_EDGE('',*,*,#4568,.F.);
#3587=ORIENTED_EDGE('',*,*,#4569,.F.);
#3588=ORIENTED_EDGE('',*,*,#4570,.F.);
#3589=ORIENTED_EDGE('',*,*,#4571,.F.);
#3590=ORIENTED_EDGE('',*,*,#4572,.F.);
#3591=ORIENTED_EDGE('',*,*,#4573,.F.);
#3592=ORIENTED_EDGE('',*,*,#4574,.F.);
#3593=ORIENTED_EDGE('',*,*,#4575,.T.);
#3594=ORIENTED_EDGE('',*,*,#4576,.T.);
#3595=ORIENTED_EDGE('',*,*,#4459,.F.);
#3596=ORIENTED_EDGE('',*,*,#4541,.F.);
#3597=ORIENTED_EDGE('',*,*,#4577,.F.);
#3598=ORIENTED_EDGE('',*,*,#4576,.F.);
#3599=ORIENTED_EDGE('',*,*,#4578,.T.);
#3600=ORIENTED_EDGE('',*,*,#4579,.F.);
#3601=ORIENTED_EDGE('',*,*,#4460,.F.);
#3602=ORIENTED_EDGE('',*,*,#4580,.T.);
#3603=ORIENTED_EDGE('',*,*,#4581,.T.);
#3604=ORIENTED_EDGE('',*,*,#4582,.T.);
#3605=ORIENTED_EDGE('',*,*,#4583,.T.);
#3606=ORIENTED_EDGE('',*,*,#4484,.T.);
#3607=ORIENTED_EDGE('',*,*,#4584,.T.);
#3608=ORIENTED_EDGE('',*,*,#4461,.T.);
#3609=ORIENTED_EDGE('',*,*,#4579,.T.);
#3610=ORIENTED_EDGE('',*,*,#4585,.T.);
#3611=ORIENTED_EDGE('',*,*,#4462,.T.);
#3612=ORIENTED_EDGE('',*,*,#4584,.F.);
#3613=ORIENTED_EDGE('',*,*,#4483,.T.);
#3614=ORIENTED_EDGE('',*,*,#4463,.F.);
#3615=ORIENTED_EDGE('',*,*,#4585,.F.);
#3616=ORIENTED_EDGE('',*,*,#4482,.F.);
#3617=ORIENTED_EDGE('',*,*,#4586,.F.);
#3618=ORIENTED_EDGE('',*,*,#4464,.F.);
#3619=ORIENTED_EDGE('',*,*,#4586,.T.);
#3620=ORIENTED_EDGE('',*,*,#4481,.F.);
#3621=ORIENTED_EDGE('',*,*,#4587,.F.);
#3622=ORIENTED_EDGE('',*,*,#4465,.F.);
#3623=ORIENTED_EDGE('',*,*,#4587,.T.);
#3624=ORIENTED_EDGE('',*,*,#4480,.F.);
#3625=ORIENTED_EDGE('',*,*,#4588,.F.);
#3626=ORIENTED_EDGE('',*,*,#4466,.F.);
#3627=ORIENTED_EDGE('',*,*,#4588,.T.);
#3628=ORIENTED_EDGE('',*,*,#4479,.F.);
#3629=ORIENTED_EDGE('',*,*,#4589,.F.);
#3630=ORIENTED_EDGE('',*,*,#4467,.F.);
#3631=ORIENTED_EDGE('',*,*,#4589,.T.);
#3632=ORIENTED_EDGE('',*,*,#4478,.F.);
#3633=ORIENTED_EDGE('',*,*,#4590,.F.);
#3634=ORIENTED_EDGE('',*,*,#4468,.F.);
#3635=ORIENTED_EDGE('',*,*,#4590,.T.);
#3636=ORIENTED_EDGE('',*,*,#4477,.F.);
#3637=ORIENTED_EDGE('',*,*,#4471,.F.);
#3638=ORIENTED_EDGE('',*,*,#4591,.T.);
#3639=ORIENTED_EDGE('',*,*,#4485,.T.);
#3640=ORIENTED_EDGE('',*,*,#4583,.F.);
#3641=ORIENTED_EDGE('',*,*,#4592,.F.);
#3642=ORIENTED_EDGE('',*,*,#4593,.F.);
#3643=ORIENTED_EDGE('',*,*,#4594,.F.);
#3644=ORIENTED_EDGE('',*,*,#4486,.F.);
#3645=ORIENTED_EDGE('',*,*,#4591,.F.);
#3646=ORIENTED_EDGE('',*,*,#4595,.F.);
#3647=ORIENTED_EDGE('',*,*,#4596,.T.);
#3648=ORIENTED_EDGE('',*,*,#4487,.F.);
#3649=ORIENTED_EDGE('',*,*,#4594,.T.);
#3650=ORIENTED_EDGE('',*,*,#4597,.F.);
#3651=ORIENTED_EDGE('',*,*,#4598,.F.);
#3652=ORIENTED_EDGE('',*,*,#4599,.F.);
#3653=ORIENTED_EDGE('',*,*,#4600,.F.);
#3654=ORIENTED_EDGE('',*,*,#4601,.F.);
#3655=ORIENTED_EDGE('',*,*,#4602,.F.);
#3656=ORIENTED_EDGE('',*,*,#4488,.F.);
#3657=ORIENTED_EDGE('',*,*,#4596,.F.);
#3658=ORIENTED_EDGE('',*,*,#4603,.T.);
#3659=ORIENTED_EDGE('',*,*,#4489,.F.);
#3660=ORIENTED_EDGE('',*,*,#4602,.T.);
#3661=ORIENTED_EDGE('',*,*,#4604,.F.);
#3662=ORIENTED_EDGE('',*,*,#4603,.F.);
#3663=ORIENTED_EDGE('',*,*,#4605,.F.);
#3664=ORIENTED_EDGE('',*,*,#4606,.F.);
#3665=ORIENTED_EDGE('',*,*,#4490,.F.);
#3666=ORIENTED_EDGE('',*,*,#4491,.F.);
#3667=ORIENTED_EDGE('',*,*,#4606,.T.);
#3668=ORIENTED_EDGE('',*,*,#4607,.F.);
#3669=ORIENTED_EDGE('',*,*,#4608,.T.);
#3670=ORIENTED_EDGE('',*,*,#4609,.F.);
#3671=ORIENTED_EDGE('',*,*,#4610,.F.);
#3672=ORIENTED_EDGE('',*,*,#4611,.F.);
#3673=ORIENTED_EDGE('',*,*,#4612,.F.);
#3674=ORIENTED_EDGE('',*,*,#4613,.F.);
#3675=ORIENTED_EDGE('',*,*,#4492,.F.);
#3676=ORIENTED_EDGE('',*,*,#4608,.F.);
#3677=ORIENTED_EDGE('',*,*,#4614,.F.);
#3678=ORIENTED_EDGE('',*,*,#4613,.T.);
#3679=ORIENTED_EDGE('',*,*,#4615,.F.);
#3680=ORIENTED_EDGE('',*,*,#4616,.T.);
#3681=ORIENTED_EDGE('',*,*,#4493,.F.);
#3682=ORIENTED_EDGE('',*,*,#4616,.F.);
#3683=ORIENTED_EDGE('',*,*,#4617,.F.);
#3684=ORIENTED_EDGE('',*,*,#4618,.F.);
#3685=ORIENTED_EDGE('',*,*,#4494,.F.);
#3686=ORIENTED_EDGE('',*,*,#4495,.F.);
#3687=ORIENTED_EDGE('',*,*,#4618,.T.);
#3688=ORIENTED_EDGE('',*,*,#4619,.F.);
#3689=ORIENTED_EDGE('',*,*,#4620,.T.);
#3690=ORIENTED_EDGE('',*,*,#4621,.F.);
#3691=ORIENTED_EDGE('',*,*,#4622,.F.);
#3692=ORIENTED_EDGE('',*,*,#4623,.F.);
#3693=ORIENTED_EDGE('',*,*,#4624,.F.);
#3694=ORIENTED_EDGE('',*,*,#4625,.F.);
#3695=ORIENTED_EDGE('',*,*,#4496,.F.);
#3696=ORIENTED_EDGE('',*,*,#4620,.F.);
#3697=ORIENTED_EDGE('',*,*,#4626,.F.);
#3698=ORIENTED_EDGE('',*,*,#4625,.T.);
#3699=ORIENTED_EDGE('',*,*,#4627,.F.);
#3700=ORIENTED_EDGE('',*,*,#4628,.T.);
#3701=ORIENTED_EDGE('',*,*,#4497,.F.);
#3702=ORIENTED_EDGE('',*,*,#4628,.F.);
#3703=ORIENTED_EDGE('',*,*,#4629,.F.);
#3704=ORIENTED_EDGE('',*,*,#4630,.F.);
#3705=ORIENTED_EDGE('',*,*,#4498,.F.);
#3706=ORIENTED_EDGE('',*,*,#4499,.F.);
#3707=ORIENTED_EDGE('',*,*,#4630,.T.);
#3708=ORIENTED_EDGE('',*,*,#4631,.F.);
#3709=ORIENTED_EDGE('',*,*,#4632,.T.);
#3710=ORIENTED_EDGE('',*,*,#4633,.F.);
#3711=ORIENTED_EDGE('',*,*,#4634,.F.);
#3712=ORIENTED_EDGE('',*,*,#4635,.F.);
#3713=ORIENTED_EDGE('',*,*,#4636,.F.);
#3714=ORIENTED_EDGE('',*,*,#4637,.F.);
#3715=ORIENTED_EDGE('',*,*,#4500,.F.);
#3716=ORIENTED_EDGE('',*,*,#4632,.F.);
#3717=ORIENTED_EDGE('',*,*,#4638,.F.);
#3718=ORIENTED_EDGE('',*,*,#4637,.T.);
#3719=ORIENTED_EDGE('',*,*,#4639,.F.);
#3720=ORIENTED_EDGE('',*,*,#4640,.T.);
#3721=ORIENTED_EDGE('',*,*,#4501,.F.);
#3722=ORIENTED_EDGE('',*,*,#4640,.F.);
#3723=ORIENTED_EDGE('',*,*,#4641,.F.);
#3724=ORIENTED_EDGE('',*,*,#4642,.F.);
#3725=ORIENTED_EDGE('',*,*,#4502,.F.);
#3726=ORIENTED_EDGE('',*,*,#4503,.F.);
#3727=ORIENTED_EDGE('',*,*,#4642,.T.);
#3728=ORIENTED_EDGE('',*,*,#4643,.F.);
#3729=ORIENTED_EDGE('',*,*,#4644,.T.);
#3730=ORIENTED_EDGE('',*,*,#4645,.F.);
#3731=ORIENTED_EDGE('',*,*,#4646,.F.);
#3732=ORIENTED_EDGE('',*,*,#4647,.F.);
#3733=ORIENTED_EDGE('',*,*,#4648,.F.);
#3734=ORIENTED_EDGE('',*,*,#4649,.F.);
#3735=ORIENTED_EDGE('',*,*,#4504,.F.);
#3736=ORIENTED_EDGE('',*,*,#4644,.F.);
#3737=ORIENTED_EDGE('',*,*,#4650,.F.);
#3738=ORIENTED_EDGE('',*,*,#4649,.T.);
#3739=ORIENTED_EDGE('',*,*,#4651,.F.);
#3740=ORIENTED_EDGE('',*,*,#4652,.T.);
#3741=ORIENTED_EDGE('',*,*,#4505,.F.);
#3742=ORIENTED_EDGE('',*,*,#4652,.F.);
#3743=ORIENTED_EDGE('',*,*,#4653,.F.);
#3744=ORIENTED_EDGE('',*,*,#4654,.F.);
#3745=ORIENTED_EDGE('',*,*,#4506,.F.);
#3746=ORIENTED_EDGE('',*,*,#4507,.F.);
#3747=ORIENTED_EDGE('',*,*,#4654,.T.);
#3748=ORIENTED_EDGE('',*,*,#4655,.F.);
#3749=ORIENTED_EDGE('',*,*,#4656,.T.);
#3750=ORIENTED_EDGE('',*,*,#4657,.F.);
#3751=ORIENTED_EDGE('',*,*,#4658,.F.);
#3752=ORIENTED_EDGE('',*,*,#4659,.F.);
#3753=ORIENTED_EDGE('',*,*,#4660,.F.);
#3754=ORIENTED_EDGE('',*,*,#4661,.F.);
#3755=ORIENTED_EDGE('',*,*,#4508,.F.);
#3756=ORIENTED_EDGE('',*,*,#4656,.F.);
#3757=ORIENTED_EDGE('',*,*,#4662,.F.);
#3758=ORIENTED_EDGE('',*,*,#4661,.T.);
#3759=ORIENTED_EDGE('',*,*,#4663,.F.);
#3760=ORIENTED_EDGE('',*,*,#4664,.T.);
#3761=ORIENTED_EDGE('',*,*,#4509,.F.);
#3762=ORIENTED_EDGE('',*,*,#4664,.F.);
#3763=ORIENTED_EDGE('',*,*,#4665,.F.);
#3764=ORIENTED_EDGE('',*,*,#4666,.F.);
#3765=ORIENTED_EDGE('',*,*,#4510,.F.);
#3766=ORIENTED_EDGE('',*,*,#4511,.F.);
#3767=ORIENTED_EDGE('',*,*,#4666,.T.);
#3768=ORIENTED_EDGE('',*,*,#4667,.F.);
#3769=ORIENTED_EDGE('',*,*,#4668,.T.);
#3770=ORIENTED_EDGE('',*,*,#4669,.F.);
#3771=ORIENTED_EDGE('',*,*,#4670,.F.);
#3772=ORIENTED_EDGE('',*,*,#4671,.F.);
#3773=ORIENTED_EDGE('',*,*,#4672,.F.);
#3774=ORIENTED_EDGE('',*,*,#4673,.F.);
#3775=ORIENTED_EDGE('',*,*,#4512,.F.);
#3776=ORIENTED_EDGE('',*,*,#4668,.F.);
#3777=ORIENTED_EDGE('',*,*,#4674,.F.);
#3778=ORIENTED_EDGE('',*,*,#4673,.T.);
#3779=ORIENTED_EDGE('',*,*,#4675,.F.);
#3780=ORIENTED_EDGE('',*,*,#4676,.T.);
#3781=ORIENTED_EDGE('',*,*,#4513,.F.);
#3782=ORIENTED_EDGE('',*,*,#4676,.F.);
#3783=ORIENTED_EDGE('',*,*,#4677,.F.);
#3784=ORIENTED_EDGE('',*,*,#4678,.F.);
#3785=ORIENTED_EDGE('',*,*,#4514,.F.);
#3786=ORIENTED_EDGE('',*,*,#4515,.F.);
#3787=ORIENTED_EDGE('',*,*,#4678,.T.);
#3788=ORIENTED_EDGE('',*,*,#4679,.F.);
#3789=ORIENTED_EDGE('',*,*,#4680,.T.);
#3790=ORIENTED_EDGE('',*,*,#4681,.F.);
#3791=ORIENTED_EDGE('',*,*,#4682,.F.);
#3792=ORIENTED_EDGE('',*,*,#4683,.F.);
#3793=ORIENTED_EDGE('',*,*,#4684,.F.);
#3794=ORIENTED_EDGE('',*,*,#4685,.F.);
#3795=ORIENTED_EDGE('',*,*,#4516,.F.);
#3796=ORIENTED_EDGE('',*,*,#4680,.F.);
#3797=ORIENTED_EDGE('',*,*,#4686,.F.);
#3798=ORIENTED_EDGE('',*,*,#4685,.T.);
#3799=ORIENTED_EDGE('',*,*,#4687,.T.);
#3800=ORIENTED_EDGE('',*,*,#4531,.T.);
#3801=ORIENTED_EDGE('',*,*,#4517,.F.);
#3802=ORIENTED_EDGE('',*,*,#4688,.F.);
#3803=ORIENTED_EDGE('',*,*,#4539,.F.);
#3804=ORIENTED_EDGE('',*,*,#4535,.F.);
#3805=ORIENTED_EDGE('',*,*,#4529,.F.);
#3806=ORIENTED_EDGE('',*,*,#4689,.F.);
#3807=ORIENTED_EDGE('',*,*,#4614,.T.);
#3808=ORIENTED_EDGE('',*,*,#4607,.T.);
#3809=ORIENTED_EDGE('',*,*,#4605,.T.);
#3810=ORIENTED_EDGE('',*,*,#4604,.T.);
#3811=ORIENTED_EDGE('',*,*,#4601,.T.);
#3812=ORIENTED_EDGE('',*,*,#4595,.T.);
#3813=ORIENTED_EDGE('',*,*,#4593,.T.);
#3814=ORIENTED_EDGE('',*,*,#4592,.T.);
#3815=ORIENTED_EDGE('',*,*,#4582,.F.);
#3816=ORIENTED_EDGE('',*,*,#4690,.F.);
#3817=ORIENTED_EDGE('',*,*,#4532,.T.);
#3818=ORIENTED_EDGE('',*,*,#4687,.F.);
#3819=ORIENTED_EDGE('',*,*,#4686,.T.);
#3820=ORIENTED_EDGE('',*,*,#4679,.T.);
#3821=ORIENTED_EDGE('',*,*,#4677,.T.);
#3822=ORIENTED_EDGE('',*,*,#4675,.T.);
#3823=ORIENTED_EDGE('',*,*,#4674,.T.);
#3824=ORIENTED_EDGE('',*,*,#4667,.T.);
#3825=ORIENTED_EDGE('',*,*,#4665,.T.);
#3826=ORIENTED_EDGE('',*,*,#4663,.T.);
#3827=ORIENTED_EDGE('',*,*,#4662,.T.);
#3828=ORIENTED_EDGE('',*,*,#4655,.T.);
#3829=ORIENTED_EDGE('',*,*,#4653,.T.);
#3830=ORIENTED_EDGE('',*,*,#4651,.T.);
#3831=ORIENTED_EDGE('',*,*,#4650,.T.);
#3832=ORIENTED_EDGE('',*,*,#4643,.T.);
#3833=ORIENTED_EDGE('',*,*,#4641,.T.);
#3834=ORIENTED_EDGE('',*,*,#4639,.T.);
#3835=ORIENTED_EDGE('',*,*,#4638,.T.);
#3836=ORIENTED_EDGE('',*,*,#4631,.T.);
#3837=ORIENTED_EDGE('',*,*,#4629,.T.);
#3838=ORIENTED_EDGE('',*,*,#4627,.T.);
#3839=ORIENTED_EDGE('',*,*,#4626,.T.);
#3840=ORIENTED_EDGE('',*,*,#4619,.T.);
#3841=ORIENTED_EDGE('',*,*,#4617,.T.);
#3842=ORIENTED_EDGE('',*,*,#4615,.T.);
#3843=ORIENTED_EDGE('',*,*,#4691,.T.);
#3844=ORIENTED_EDGE('',*,*,#4692,.T.);
#3845=ORIENTED_EDGE('',*,*,#4693,.T.);
#3846=ORIENTED_EDGE('',*,*,#4689,.T.);
#3847=ORIENTED_EDGE('',*,*,#4533,.T.);
#3848=ORIENTED_EDGE('',*,*,#4690,.T.);
#3849=ORIENTED_EDGE('',*,*,#4581,.F.);
#3850=ORIENTED_EDGE('',*,*,#4694,.T.);
#3851=ORIENTED_EDGE('',*,*,#4693,.F.);
#3852=ORIENTED_EDGE('',*,*,#4695,.F.);
#3853=ORIENTED_EDGE('',*,*,#4536,.T.);
#3854=ORIENTED_EDGE('',*,*,#4688,.T.);
#3855=ORIENTED_EDGE('',*,*,#4696,.F.);
#3856=ORIENTED_EDGE('',*,*,#4577,.T.);
#3857=ORIENTED_EDGE('',*,*,#4540,.F.);
#3858=ORIENTED_EDGE('',*,*,#4537,.F.);
#3859=ORIENTED_EDGE('',*,*,#4697,.F.);
#3860=ORIENTED_EDGE('',*,*,#4698,.F.);
#3861=ORIENTED_EDGE('',*,*,#4542,.T.);
#3862=ORIENTED_EDGE('',*,*,#4699,.T.);
#3863=ORIENTED_EDGE('',*,*,#4700,.F.);
#3864=ORIENTED_EDGE('',*,*,#4701,.F.);
#3865=ORIENTED_EDGE('',*,*,#4543,.T.);
#3866=ORIENTED_EDGE('',*,*,#4698,.T.);
#3867=ORIENTED_EDGE('',*,*,#4702,.F.);
#3868=ORIENTED_EDGE('',*,*,#4703,.F.);
#3869=ORIENTED_EDGE('',*,*,#4544,.T.);
#3870=ORIENTED_EDGE('',*,*,#4701,.T.);
#3871=ORIENTED_EDGE('',*,*,#4704,.F.);
#3872=ORIENTED_EDGE('',*,*,#4699,.F.);
#3873=ORIENTED_EDGE('',*,*,#4545,.T.);
#3874=ORIENTED_EDGE('',*,*,#4703,.T.);
#3875=ORIENTED_EDGE('',*,*,#4705,.F.);
#3876=ORIENTED_EDGE('',*,*,#4706,.F.);
#3877=ORIENTED_EDGE('',*,*,#4546,.T.);
#3878=ORIENTED_EDGE('',*,*,#4707,.T.);
#3879=ORIENTED_EDGE('',*,*,#4708,.F.);
#3880=ORIENTED_EDGE('',*,*,#4709,.F.);
#3881=ORIENTED_EDGE('',*,*,#4547,.T.);
#3882=ORIENTED_EDGE('',*,*,#4706,.T.);
#3883=ORIENTED_EDGE('',*,*,#4710,.F.);
#3884=ORIENTED_EDGE('',*,*,#4711,.F.);
#3885=ORIENTED_EDGE('',*,*,#4548,.T.);
#3886=ORIENTED_EDGE('',*,*,#4709,.T.);
#3887=ORIENTED_EDGE('',*,*,#4712,.F.);
#3888=ORIENTED_EDGE('',*,*,#4707,.F.);
#3889=ORIENTED_EDGE('',*,*,#4549,.T.);
#3890=ORIENTED_EDGE('',*,*,#4711,.T.);
#3891=ORIENTED_EDGE('',*,*,#4713,.F.);
#3892=ORIENTED_EDGE('',*,*,#4714,.F.);
#3893=ORIENTED_EDGE('',*,*,#4550,.T.);
#3894=ORIENTED_EDGE('',*,*,#4715,.T.);
#3895=ORIENTED_EDGE('',*,*,#4716,.F.);
#3896=ORIENTED_EDGE('',*,*,#4717,.F.);
#3897=ORIENTED_EDGE('',*,*,#4551,.T.);
#3898=ORIENTED_EDGE('',*,*,#4714,.T.);
#3899=ORIENTED_EDGE('',*,*,#4718,.F.);
#3900=ORIENTED_EDGE('',*,*,#4719,.F.);
#3901=ORIENTED_EDGE('',*,*,#4552,.T.);
#3902=ORIENTED_EDGE('',*,*,#4717,.T.);
#3903=ORIENTED_EDGE('',*,*,#4720,.F.);
#3904=ORIENTED_EDGE('',*,*,#4715,.F.);
#3905=ORIENTED_EDGE('',*,*,#4553,.T.);
#3906=ORIENTED_EDGE('',*,*,#4719,.T.);
#3907=ORIENTED_EDGE('',*,*,#4721,.F.);
#3908=ORIENTED_EDGE('',*,*,#4722,.F.);
#3909=ORIENTED_EDGE('',*,*,#4554,.T.);
#3910=ORIENTED_EDGE('',*,*,#4723,.T.);
#3911=ORIENTED_EDGE('',*,*,#4724,.F.);
#3912=ORIENTED_EDGE('',*,*,#4725,.F.);
#3913=ORIENTED_EDGE('',*,*,#4555,.T.);
#3914=ORIENTED_EDGE('',*,*,#4722,.T.);
#3915=ORIENTED_EDGE('',*,*,#4726,.F.);
#3916=ORIENTED_EDGE('',*,*,#4727,.F.);
#3917=ORIENTED_EDGE('',*,*,#4556,.T.);
#3918=ORIENTED_EDGE('',*,*,#4725,.T.);
#3919=ORIENTED_EDGE('',*,*,#4728,.F.);
#3920=ORIENTED_EDGE('',*,*,#4723,.F.);
#3921=ORIENTED_EDGE('',*,*,#4557,.T.);
#3922=ORIENTED_EDGE('',*,*,#4727,.T.);
#3923=ORIENTED_EDGE('',*,*,#4729,.F.);
#3924=ORIENTED_EDGE('',*,*,#4730,.F.);
#3925=ORIENTED_EDGE('',*,*,#4558,.T.);
#3926=ORIENTED_EDGE('',*,*,#4731,.T.);
#3927=ORIENTED_EDGE('',*,*,#4732,.F.);
#3928=ORIENTED_EDGE('',*,*,#4733,.F.);
#3929=ORIENTED_EDGE('',*,*,#4559,.T.);
#3930=ORIENTED_EDGE('',*,*,#4730,.T.);
#3931=ORIENTED_EDGE('',*,*,#4734,.F.);
#3932=ORIENTED_EDGE('',*,*,#4735,.F.);
#3933=ORIENTED_EDGE('',*,*,#4560,.T.);
#3934=ORIENTED_EDGE('',*,*,#4733,.T.);
#3935=ORIENTED_EDGE('',*,*,#4736,.F.);
#3936=ORIENTED_EDGE('',*,*,#4731,.F.);
#3937=ORIENTED_EDGE('',*,*,#4561,.T.);
#3938=ORIENTED_EDGE('',*,*,#4735,.T.);
#3939=ORIENTED_EDGE('',*,*,#4737,.F.);
#3940=ORIENTED_EDGE('',*,*,#4738,.F.);
#3941=ORIENTED_EDGE('',*,*,#4562,.T.);
#3942=ORIENTED_EDGE('',*,*,#4739,.T.);
#3943=ORIENTED_EDGE('',*,*,#4740,.F.);
#3944=ORIENTED_EDGE('',*,*,#4741,.F.);
#3945=ORIENTED_EDGE('',*,*,#4563,.T.);
#3946=ORIENTED_EDGE('',*,*,#4738,.T.);
#3947=ORIENTED_EDGE('',*,*,#4742,.F.);
#3948=ORIENTED_EDGE('',*,*,#4743,.F.);
#3949=ORIENTED_EDGE('',*,*,#4564,.T.);
#3950=ORIENTED_EDGE('',*,*,#4741,.T.);
#3951=ORIENTED_EDGE('',*,*,#4744,.F.);
#3952=ORIENTED_EDGE('',*,*,#4739,.F.);
#3953=ORIENTED_EDGE('',*,*,#4565,.T.);
#3954=ORIENTED_EDGE('',*,*,#4743,.T.);
#3955=ORIENTED_EDGE('',*,*,#4745,.F.);
#3956=ORIENTED_EDGE('',*,*,#4746,.F.);
#3957=ORIENTED_EDGE('',*,*,#4566,.T.);
#3958=ORIENTED_EDGE('',*,*,#4747,.T.);
#3959=ORIENTED_EDGE('',*,*,#4748,.F.);
#3960=ORIENTED_EDGE('',*,*,#4749,.F.);
#3961=ORIENTED_EDGE('',*,*,#4567,.T.);
#3962=ORIENTED_EDGE('',*,*,#4746,.T.);
#3963=ORIENTED_EDGE('',*,*,#4750,.F.);
#3964=ORIENTED_EDGE('',*,*,#4751,.F.);
#3965=ORIENTED_EDGE('',*,*,#4568,.T.);
#3966=ORIENTED_EDGE('',*,*,#4749,.T.);
#3967=ORIENTED_EDGE('',*,*,#4752,.F.);
#3968=ORIENTED_EDGE('',*,*,#4747,.F.);
#3969=ORIENTED_EDGE('',*,*,#4569,.T.);
#3970=ORIENTED_EDGE('',*,*,#4751,.T.);
#3971=ORIENTED_EDGE('',*,*,#4753,.F.);
#3972=ORIENTED_EDGE('',*,*,#4754,.F.);
#3973=ORIENTED_EDGE('',*,*,#4570,.T.);
#3974=ORIENTED_EDGE('',*,*,#4755,.T.);
#3975=ORIENTED_EDGE('',*,*,#4756,.F.);
#3976=ORIENTED_EDGE('',*,*,#4757,.F.);
#3977=ORIENTED_EDGE('',*,*,#4571,.T.);
#3978=ORIENTED_EDGE('',*,*,#4754,.T.);
#3979=ORIENTED_EDGE('',*,*,#4758,.F.);
#3980=ORIENTED_EDGE('',*,*,#4759,.F.);
#3981=ORIENTED_EDGE('',*,*,#4572,.T.);
#3982=ORIENTED_EDGE('',*,*,#4757,.T.);
#3983=ORIENTED_EDGE('',*,*,#4760,.F.);
#3984=ORIENTED_EDGE('',*,*,#4755,.F.);
#3985=ORIENTED_EDGE('',*,*,#4573,.T.);
#3986=ORIENTED_EDGE('',*,*,#4759,.T.);
#3987=ORIENTED_EDGE('',*,*,#4691,.F.);
#3988=ORIENTED_EDGE('',*,*,#4761,.T.);
#3989=ORIENTED_EDGE('',*,*,#4574,.T.);
#3990=ORIENTED_EDGE('',*,*,#4762,.T.);
#3991=ORIENTED_EDGE('',*,*,#4761,.F.);
#3992=ORIENTED_EDGE('',*,*,#4694,.F.);
#3993=ORIENTED_EDGE('',*,*,#4580,.F.);
#3994=ORIENTED_EDGE('',*,*,#4578,.F.);
#3995=ORIENTED_EDGE('',*,*,#4575,.F.);
#3996=ORIENTED_EDGE('',*,*,#4763,.T.);
#3997=ORIENTED_EDGE('',*,*,#4764,.T.);
#3998=ORIENTED_EDGE('',*,*,#4597,.T.);
#3999=ORIENTED_EDGE('',*,*,#4765,.F.);
#4000=ORIENTED_EDGE('',*,*,#4766,.T.);
#4001=ORIENTED_EDGE('',*,*,#4767,.T.);
#4002=ORIENTED_EDGE('',*,*,#4598,.T.);
#4003=ORIENTED_EDGE('',*,*,#4764,.F.);
#4004=ORIENTED_EDGE('',*,*,#4768,.T.);
#4005=ORIENTED_EDGE('',*,*,#4769,.T.);
#4006=ORIENTED_EDGE('',*,*,#4599,.T.);
#4007=ORIENTED_EDGE('',*,*,#4767,.F.);
#4008=ORIENTED_EDGE('',*,*,#4770,.T.);
#4009=ORIENTED_EDGE('',*,*,#4765,.T.);
#4010=ORIENTED_EDGE('',*,*,#4600,.T.);
#4011=ORIENTED_EDGE('',*,*,#4769,.F.);
#4012=ORIENTED_EDGE('',*,*,#4771,.T.);
#4013=ORIENTED_EDGE('',*,*,#4772,.T.);
#4014=ORIENTED_EDGE('',*,*,#4609,.T.);
#4015=ORIENTED_EDGE('',*,*,#4773,.F.);
#4016=ORIENTED_EDGE('',*,*,#4774,.T.);
#4017=ORIENTED_EDGE('',*,*,#4775,.T.);
#4018=ORIENTED_EDGE('',*,*,#4610,.T.);
#4019=ORIENTED_EDGE('',*,*,#4772,.F.);
#4020=ORIENTED_EDGE('',*,*,#4776,.T.);
#4021=ORIENTED_EDGE('',*,*,#4777,.T.);
#4022=ORIENTED_EDGE('',*,*,#4611,.T.);
#4023=ORIENTED_EDGE('',*,*,#4775,.F.);
#4024=ORIENTED_EDGE('',*,*,#4778,.T.);
#4025=ORIENTED_EDGE('',*,*,#4773,.T.);
#4026=ORIENTED_EDGE('',*,*,#4612,.T.);
#4027=ORIENTED_EDGE('',*,*,#4777,.F.);
#4028=ORIENTED_EDGE('',*,*,#4779,.T.);
#4029=ORIENTED_EDGE('',*,*,#4780,.T.);
#4030=ORIENTED_EDGE('',*,*,#4621,.T.);
#4031=ORIENTED_EDGE('',*,*,#4781,.F.);
#4032=ORIENTED_EDGE('',*,*,#4782,.T.);
#4033=ORIENTED_EDGE('',*,*,#4783,.T.);
#4034=ORIENTED_EDGE('',*,*,#4622,.T.);
#4035=ORIENTED_EDGE('',*,*,#4780,.F.);
#4036=ORIENTED_EDGE('',*,*,#4784,.T.);
#4037=ORIENTED_EDGE('',*,*,#4785,.T.);
#4038=ORIENTED_EDGE('',*,*,#4623,.T.);
#4039=ORIENTED_EDGE('',*,*,#4783,.F.);
#4040=ORIENTED_EDGE('',*,*,#4786,.T.);
#4041=ORIENTED_EDGE('',*,*,#4781,.T.);
#4042=ORIENTED_EDGE('',*,*,#4624,.T.);
#4043=ORIENTED_EDGE('',*,*,#4785,.F.);
#4044=ORIENTED_EDGE('',*,*,#4787,.T.);
#4045=ORIENTED_EDGE('',*,*,#4788,.T.);
#4046=ORIENTED_EDGE('',*,*,#4633,.T.);
#4047=ORIENTED_EDGE('',*,*,#4789,.F.);
#4048=ORIENTED_EDGE('',*,*,#4790,.T.);
#4049=ORIENTED_EDGE('',*,*,#4791,.T.);
#4050=ORIENTED_EDGE('',*,*,#4634,.T.);
#4051=ORIENTED_EDGE('',*,*,#4788,.F.);
#4052=ORIENTED_EDGE('',*,*,#4792,.T.);
#4053=ORIENTED_EDGE('',*,*,#4793,.T.);
#4054=ORIENTED_EDGE('',*,*,#4635,.T.);
#4055=ORIENTED_EDGE('',*,*,#4791,.F.);
#4056=ORIENTED_EDGE('',*,*,#4794,.T.);
#4057=ORIENTED_EDGE('',*,*,#4789,.T.);
#4058=ORIENTED_EDGE('',*,*,#4636,.T.);
#4059=ORIENTED_EDGE('',*,*,#4793,.F.);
#4060=ORIENTED_EDGE('',*,*,#4795,.T.);
#4061=ORIENTED_EDGE('',*,*,#4796,.T.);
#4062=ORIENTED_EDGE('',*,*,#4645,.T.);
#4063=ORIENTED_EDGE('',*,*,#4797,.F.);
#4064=ORIENTED_EDGE('',*,*,#4798,.T.);
#4065=ORIENTED_EDGE('',*,*,#4799,.T.);
#4066=ORIENTED_EDGE('',*,*,#4646,.T.);
#4067=ORIENTED_EDGE('',*,*,#4796,.F.);
#4068=ORIENTED_EDGE('',*,*,#4800,.T.);
#4069=ORIENTED_EDGE('',*,*,#4801,.T.);
#4070=ORIENTED_EDGE('',*,*,#4647,.T.);
#4071=ORIENTED_EDGE('',*,*,#4799,.F.);
#4072=ORIENTED_EDGE('',*,*,#4802,.T.);
#4073=ORIENTED_EDGE('',*,*,#4797,.T.);
#4074=ORIENTED_EDGE('',*,*,#4648,.T.);
#4075=ORIENTED_EDGE('',*,*,#4801,.F.);
#4076=ORIENTED_EDGE('',*,*,#4803,.T.);
#4077=ORIENTED_EDGE('',*,*,#4804,.T.);
#4078=ORIENTED_EDGE('',*,*,#4657,.T.);
#4079=ORIENTED_EDGE('',*,*,#4805,.F.);
#4080=ORIENTED_EDGE('',*,*,#4806,.T.);
#4081=ORIENTED_EDGE('',*,*,#4807,.T.);
#4082=ORIENTED_EDGE('',*,*,#4658,.T.);
#4083=ORIENTED_EDGE('',*,*,#4804,.F.);
#4084=ORIENTED_EDGE('',*,*,#4808,.T.);
#4085=ORIENTED_EDGE('',*,*,#4809,.T.);
#4086=ORIENTED_EDGE('',*,*,#4659,.T.);
#4087=ORIENTED_EDGE('',*,*,#4807,.F.);
#4088=ORIENTED_EDGE('',*,*,#4810,.T.);
#4089=ORIENTED_EDGE('',*,*,#4805,.T.);
#4090=ORIENTED_EDGE('',*,*,#4660,.T.);
#4091=ORIENTED_EDGE('',*,*,#4809,.F.);
#4092=ORIENTED_EDGE('',*,*,#4811,.T.);
#4093=ORIENTED_EDGE('',*,*,#4812,.T.);
#4094=ORIENTED_EDGE('',*,*,#4669,.T.);
#4095=ORIENTED_EDGE('',*,*,#4813,.F.);
#4096=ORIENTED_EDGE('',*,*,#4814,.T.);
#4097=ORIENTED_EDGE('',*,*,#4815,.T.);
#4098=ORIENTED_EDGE('',*,*,#4670,.T.);
#4099=ORIENTED_EDGE('',*,*,#4812,.F.);
#4100=ORIENTED_EDGE('',*,*,#4816,.T.);
#4101=ORIENTED_EDGE('',*,*,#4817,.T.);
#4102=ORIENTED_EDGE('',*,*,#4671,.T.);
#4103=ORIENTED_EDGE('',*,*,#4815,.F.);
#4104=ORIENTED_EDGE('',*,*,#4818,.T.);
#4105=ORIENTED_EDGE('',*,*,#4813,.T.);
#4106=ORIENTED_EDGE('',*,*,#4672,.T.);
#4107=ORIENTED_EDGE('',*,*,#4817,.F.);
#4108=ORIENTED_EDGE('',*,*,#4819,.T.);
#4109=ORIENTED_EDGE('',*,*,#4820,.T.);
#4110=ORIENTED_EDGE('',*,*,#4681,.T.);
#4111=ORIENTED_EDGE('',*,*,#4821,.F.);
#4112=ORIENTED_EDGE('',*,*,#4822,.T.);
#4113=ORIENTED_EDGE('',*,*,#4823,.T.);
#4114=ORIENTED_EDGE('',*,*,#4682,.T.);
#4115=ORIENTED_EDGE('',*,*,#4820,.F.);
#4116=ORIENTED_EDGE('',*,*,#4824,.T.);
#4117=ORIENTED_EDGE('',*,*,#4825,.T.);
#4118=ORIENTED_EDGE('',*,*,#4683,.T.);
#4119=ORIENTED_EDGE('',*,*,#4823,.F.);
#4120=ORIENTED_EDGE('',*,*,#4826,.T.);
#4121=ORIENTED_EDGE('',*,*,#4821,.T.);
#4122=ORIENTED_EDGE('',*,*,#4684,.T.);
#4123=ORIENTED_EDGE('',*,*,#4825,.F.);
#4124=ORIENTED_EDGE('',*,*,#4692,.F.);
#4125=ORIENTED_EDGE('',*,*,#4762,.F.);
#4126=ORIENTED_EDGE('',*,*,#4696,.T.);
#4127=ORIENTED_EDGE('',*,*,#4695,.T.);
#4128=ORIENTED_EDGE('',*,*,#4697,.T.);
#4129=ORIENTED_EDGE('',*,*,#4827,.T.);
#4130=ORIENTED_EDGE('',*,*,#4828,.F.);
#4131=ORIENTED_EDGE('',*,*,#4829,.F.);
#4132=ORIENTED_EDGE('',*,*,#4700,.T.);
#4133=ORIENTED_EDGE('',*,*,#4829,.T.);
#4134=ORIENTED_EDGE('',*,*,#4830,.F.);
#4135=ORIENTED_EDGE('',*,*,#4831,.F.);
#4136=ORIENTED_EDGE('',*,*,#4702,.T.);
#4137=ORIENTED_EDGE('',*,*,#4831,.T.);
#4138=ORIENTED_EDGE('',*,*,#4832,.F.);
#4139=ORIENTED_EDGE('',*,*,#4833,.F.);
#4140=ORIENTED_EDGE('',*,*,#4704,.T.);
#4141=ORIENTED_EDGE('',*,*,#4833,.T.);
#4142=ORIENTED_EDGE('',*,*,#4834,.F.);
#4143=ORIENTED_EDGE('',*,*,#4827,.F.);
#4144=ORIENTED_EDGE('',*,*,#4705,.T.);
#4145=ORIENTED_EDGE('',*,*,#4835,.T.);
#4146=ORIENTED_EDGE('',*,*,#4836,.F.);
#4147=ORIENTED_EDGE('',*,*,#4837,.F.);
#4148=ORIENTED_EDGE('',*,*,#4708,.T.);
#4149=ORIENTED_EDGE('',*,*,#4837,.T.);
#4150=ORIENTED_EDGE('',*,*,#4838,.F.);
#4151=ORIENTED_EDGE('',*,*,#4839,.F.);
#4152=ORIENTED_EDGE('',*,*,#4710,.T.);
#4153=ORIENTED_EDGE('',*,*,#4839,.T.);
#4154=ORIENTED_EDGE('',*,*,#4840,.F.);
#4155=ORIENTED_EDGE('',*,*,#4841,.F.);
#4156=ORIENTED_EDGE('',*,*,#4712,.T.);
#4157=ORIENTED_EDGE('',*,*,#4841,.T.);
#4158=ORIENTED_EDGE('',*,*,#4842,.F.);
#4159=ORIENTED_EDGE('',*,*,#4835,.F.);
#4160=ORIENTED_EDGE('',*,*,#4713,.T.);
#4161=ORIENTED_EDGE('',*,*,#4843,.T.);
#4162=ORIENTED_EDGE('',*,*,#4844,.F.);
#4163=ORIENTED_EDGE('',*,*,#4845,.F.);
#4164=ORIENTED_EDGE('',*,*,#4716,.T.);
#4165=ORIENTED_EDGE('',*,*,#4845,.T.);
#4166=ORIENTED_EDGE('',*,*,#4846,.F.);
#4167=ORIENTED_EDGE('',*,*,#4847,.F.);
#4168=ORIENTED_EDGE('',*,*,#4718,.T.);
#4169=ORIENTED_EDGE('',*,*,#4847,.T.);
#4170=ORIENTED_EDGE('',*,*,#4848,.F.);
#4171=ORIENTED_EDGE('',*,*,#4849,.F.);
#4172=ORIENTED_EDGE('',*,*,#4720,.T.);
#4173=ORIENTED_EDGE('',*,*,#4849,.T.);
#4174=ORIENTED_EDGE('',*,*,#4850,.F.);
#4175=ORIENTED_EDGE('',*,*,#4843,.F.);
#4176=ORIENTED_EDGE('',*,*,#4721,.T.);
#4177=ORIENTED_EDGE('',*,*,#4851,.T.);
#4178=ORIENTED_EDGE('',*,*,#4852,.F.);
#4179=ORIENTED_EDGE('',*,*,#4853,.F.);
#4180=ORIENTED_EDGE('',*,*,#4724,.T.);
#4181=ORIENTED_EDGE('',*,*,#4853,.T.);
#4182=ORIENTED_EDGE('',*,*,#4854,.F.);
#4183=ORIENTED_EDGE('',*,*,#4855,.F.);
#4184=ORIENTED_EDGE('',*,*,#4726,.T.);
#4185=ORIENTED_EDGE('',*,*,#4855,.T.);
#4186=ORIENTED_EDGE('',*,*,#4856,.F.);
#4187=ORIENTED_EDGE('',*,*,#4857,.F.);
#4188=ORIENTED_EDGE('',*,*,#4728,.T.);
#4189=ORIENTED_EDGE('',*,*,#4857,.T.);
#4190=ORIENTED_EDGE('',*,*,#4858,.F.);
#4191=ORIENTED_EDGE('',*,*,#4851,.F.);
#4192=ORIENTED_EDGE('',*,*,#4729,.T.);
#4193=ORIENTED_EDGE('',*,*,#4859,.T.);
#4194=ORIENTED_EDGE('',*,*,#4860,.F.);
#4195=ORIENTED_EDGE('',*,*,#4861,.F.);
#4196=ORIENTED_EDGE('',*,*,#4732,.T.);
#4197=ORIENTED_EDGE('',*,*,#4861,.T.);
#4198=ORIENTED_EDGE('',*,*,#4862,.F.);
#4199=ORIENTED_EDGE('',*,*,#4863,.F.);
#4200=ORIENTED_EDGE('',*,*,#4734,.T.);
#4201=ORIENTED_EDGE('',*,*,#4863,.T.);
#4202=ORIENTED_EDGE('',*,*,#4864,.F.);
#4203=ORIENTED_EDGE('',*,*,#4865,.F.);
#4204=ORIENTED_EDGE('',*,*,#4736,.T.);
#4205=ORIENTED_EDGE('',*,*,#4865,.T.);
#4206=ORIENTED_EDGE('',*,*,#4866,.F.);
#4207=ORIENTED_EDGE('',*,*,#4859,.F.);
#4208=ORIENTED_EDGE('',*,*,#4737,.T.);
#4209=ORIENTED_EDGE('',*,*,#4867,.T.);
#4210=ORIENTED_EDGE('',*,*,#4868,.F.);
#4211=ORIENTED_EDGE('',*,*,#4869,.F.);
#4212=ORIENTED_EDGE('',*,*,#4740,.T.);
#4213=ORIENTED_EDGE('',*,*,#4869,.T.);
#4214=ORIENTED_EDGE('',*,*,#4870,.F.);
#4215=ORIENTED_EDGE('',*,*,#4871,.F.);
#4216=ORIENTED_EDGE('',*,*,#4742,.T.);
#4217=ORIENTED_EDGE('',*,*,#4871,.T.);
#4218=ORIENTED_EDGE('',*,*,#4872,.F.);
#4219=ORIENTED_EDGE('',*,*,#4873,.F.);
#4220=ORIENTED_EDGE('',*,*,#4744,.T.);
#4221=ORIENTED_EDGE('',*,*,#4873,.T.);
#4222=ORIENTED_EDGE('',*,*,#4874,.F.);
#4223=ORIENTED_EDGE('',*,*,#4867,.F.);
#4224=ORIENTED_EDGE('',*,*,#4745,.T.);
#4225=ORIENTED_EDGE('',*,*,#4875,.T.);
#4226=ORIENTED_EDGE('',*,*,#4876,.F.);
#4227=ORIENTED_EDGE('',*,*,#4877,.F.);
#4228=ORIENTED_EDGE('',*,*,#4748,.T.);
#4229=ORIENTED_EDGE('',*,*,#4877,.T.);
#4230=ORIENTED_EDGE('',*,*,#4878,.F.);
#4231=ORIENTED_EDGE('',*,*,#4879,.F.);
#4232=ORIENTED_EDGE('',*,*,#4750,.T.);
#4233=ORIENTED_EDGE('',*,*,#4879,.T.);
#4234=ORIENTED_EDGE('',*,*,#4880,.F.);
#4235=ORIENTED_EDGE('',*,*,#4881,.F.);
#4236=ORIENTED_EDGE('',*,*,#4752,.T.);
#4237=ORIENTED_EDGE('',*,*,#4881,.T.);
#4238=ORIENTED_EDGE('',*,*,#4882,.F.);
#4239=ORIENTED_EDGE('',*,*,#4875,.F.);
#4240=ORIENTED_EDGE('',*,*,#4753,.T.);
#4241=ORIENTED_EDGE('',*,*,#4883,.T.);
#4242=ORIENTED_EDGE('',*,*,#4884,.F.);
#4243=ORIENTED_EDGE('',*,*,#4885,.F.);
#4244=ORIENTED_EDGE('',*,*,#4756,.T.);
#4245=ORIENTED_EDGE('',*,*,#4885,.T.);
#4246=ORIENTED_EDGE('',*,*,#4886,.F.);
#4247=ORIENTED_EDGE('',*,*,#4887,.F.);
#4248=ORIENTED_EDGE('',*,*,#4758,.T.);
#4249=ORIENTED_EDGE('',*,*,#4887,.T.);
#4250=ORIENTED_EDGE('',*,*,#4888,.F.);
#4251=ORIENTED_EDGE('',*,*,#4889,.F.);
#4252=ORIENTED_EDGE('',*,*,#4760,.T.);
#4253=ORIENTED_EDGE('',*,*,#4889,.T.);
#4254=ORIENTED_EDGE('',*,*,#4890,.F.);
#4255=ORIENTED_EDGE('',*,*,#4883,.F.);
#4256=ORIENTED_EDGE('',*,*,#4763,.F.);
#4257=ORIENTED_EDGE('',*,*,#4891,.F.);
#4258=ORIENTED_EDGE('',*,*,#4892,.T.);
#4259=ORIENTED_EDGE('',*,*,#4893,.T.);
#4260=ORIENTED_EDGE('',*,*,#4766,.F.);
#4261=ORIENTED_EDGE('',*,*,#4893,.F.);
#4262=ORIENTED_EDGE('',*,*,#4894,.T.);
#4263=ORIENTED_EDGE('',*,*,#4895,.T.);
#4264=ORIENTED_EDGE('',*,*,#4768,.F.);
#4265=ORIENTED_EDGE('',*,*,#4895,.F.);
#4266=ORIENTED_EDGE('',*,*,#4896,.T.);
#4267=ORIENTED_EDGE('',*,*,#4897,.T.);
#4268=ORIENTED_EDGE('',*,*,#4770,.F.);
#4269=ORIENTED_EDGE('',*,*,#4897,.F.);
#4270=ORIENTED_EDGE('',*,*,#4898,.T.);
#4271=ORIENTED_EDGE('',*,*,#4891,.T.);
#4272=ORIENTED_EDGE('',*,*,#4771,.F.);
#4273=ORIENTED_EDGE('',*,*,#4899,.F.);
#4274=ORIENTED_EDGE('',*,*,#4900,.T.);
#4275=ORIENTED_EDGE('',*,*,#4901,.T.);
#4276=ORIENTED_EDGE('',*,*,#4774,.F.);
#4277=ORIENTED_EDGE('',*,*,#4901,.F.);
#4278=ORIENTED_EDGE('',*,*,#4902,.T.);
#4279=ORIENTED_EDGE('',*,*,#4903,.T.);
#4280=ORIENTED_EDGE('',*,*,#4776,.F.);
#4281=ORIENTED_EDGE('',*,*,#4903,.F.);
#4282=ORIENTED_EDGE('',*,*,#4904,.T.);
#4283=ORIENTED_EDGE('',*,*,#4905,.T.);
#4284=ORIENTED_EDGE('',*,*,#4778,.F.);
#4285=ORIENTED_EDGE('',*,*,#4905,.F.);
#4286=ORIENTED_EDGE('',*,*,#4906,.T.);
#4287=ORIENTED_EDGE('',*,*,#4899,.T.);
#4288=ORIENTED_EDGE('',*,*,#4779,.F.);
#4289=ORIENTED_EDGE('',*,*,#4907,.F.);
#4290=ORIENTED_EDGE('',*,*,#4908,.T.);
#4291=ORIENTED_EDGE('',*,*,#4909,.T.);
#4292=ORIENTED_EDGE('',*,*,#4782,.F.);
#4293=ORIENTED_EDGE('',*,*,#4909,.F.);
#4294=ORIENTED_EDGE('',*,*,#4910,.T.);
#4295=ORIENTED_EDGE('',*,*,#4911,.T.);
#4296=ORIENTED_EDGE('',*,*,#4784,.F.);
#4297=ORIENTED_EDGE('',*,*,#4911,.F.);
#4298=ORIENTED_EDGE('',*,*,#4912,.T.);
#4299=ORIENTED_EDGE('',*,*,#4913,.T.);
#4300=ORIENTED_EDGE('',*,*,#4786,.F.);
#4301=ORIENTED_EDGE('',*,*,#4913,.F.);
#4302=ORIENTED_EDGE('',*,*,#4914,.T.);
#4303=ORIENTED_EDGE('',*,*,#4907,.T.);
#4304=ORIENTED_EDGE('',*,*,#4787,.F.);
#4305=ORIENTED_EDGE('',*,*,#4915,.F.);
#4306=ORIENTED_EDGE('',*,*,#4916,.T.);
#4307=ORIENTED_EDGE('',*,*,#4917,.T.);
#4308=ORIENTED_EDGE('',*,*,#4790,.F.);
#4309=ORIENTED_EDGE('',*,*,#4917,.F.);
#4310=ORIENTED_EDGE('',*,*,#4918,.T.);
#4311=ORIENTED_EDGE('',*,*,#4919,.T.);
#4312=ORIENTED_EDGE('',*,*,#4792,.F.);
#4313=ORIENTED_EDGE('',*,*,#4919,.F.);
#4314=ORIENTED_EDGE('',*,*,#4920,.T.);
#4315=ORIENTED_EDGE('',*,*,#4921,.T.);
#4316=ORIENTED_EDGE('',*,*,#4794,.F.);
#4317=ORIENTED_EDGE('',*,*,#4921,.F.);
#4318=ORIENTED_EDGE('',*,*,#4922,.T.);
#4319=ORIENTED_EDGE('',*,*,#4915,.T.);
#4320=ORIENTED_EDGE('',*,*,#4795,.F.);
#4321=ORIENTED_EDGE('',*,*,#4923,.F.);
#4322=ORIENTED_EDGE('',*,*,#4924,.T.);
#4323=ORIENTED_EDGE('',*,*,#4925,.T.);
#4324=ORIENTED_EDGE('',*,*,#4798,.F.);
#4325=ORIENTED_EDGE('',*,*,#4925,.F.);
#4326=ORIENTED_EDGE('',*,*,#4926,.T.);
#4327=ORIENTED_EDGE('',*,*,#4927,.T.);
#4328=ORIENTED_EDGE('',*,*,#4800,.F.);
#4329=ORIENTED_EDGE('',*,*,#4927,.F.);
#4330=ORIENTED_EDGE('',*,*,#4928,.T.);
#4331=ORIENTED_EDGE('',*,*,#4929,.T.);
#4332=ORIENTED_EDGE('',*,*,#4802,.F.);
#4333=ORIENTED_EDGE('',*,*,#4929,.F.);
#4334=ORIENTED_EDGE('',*,*,#4930,.T.);
#4335=ORIENTED_EDGE('',*,*,#4923,.T.);
#4336=ORIENTED_EDGE('',*,*,#4803,.F.);
#4337=ORIENTED_EDGE('',*,*,#4931,.F.);
#4338=ORIENTED_EDGE('',*,*,#4932,.T.);
#4339=ORIENTED_EDGE('',*,*,#4933,.T.);
#4340=ORIENTED_EDGE('',*,*,#4806,.F.);
#4341=ORIENTED_EDGE('',*,*,#4933,.F.);
#4342=ORIENTED_EDGE('',*,*,#4934,.T.);
#4343=ORIENTED_EDGE('',*,*,#4935,.T.);
#4344=ORIENTED_EDGE('',*,*,#4808,.F.);
#4345=ORIENTED_EDGE('',*,*,#4935,.F.);
#4346=ORIENTED_EDGE('',*,*,#4936,.T.);
#4347=ORIENTED_EDGE('',*,*,#4937,.T.);
#4348=ORIENTED_EDGE('',*,*,#4810,.F.);
#4349=ORIENTED_EDGE('',*,*,#4937,.F.);
#4350=ORIENTED_EDGE('',*,*,#4938,.T.);
#4351=ORIENTED_EDGE('',*,*,#4931,.T.);
#4352=ORIENTED_EDGE('',*,*,#4811,.F.);
#4353=ORIENTED_EDGE('',*,*,#4939,.F.);
#4354=ORIENTED_EDGE('',*,*,#4940,.T.);
#4355=ORIENTED_EDGE('',*,*,#4941,.T.);
#4356=ORIENTED_EDGE('',*,*,#4814,.F.);
#4357=ORIENTED_EDGE('',*,*,#4941,.F.);
#4358=ORIENTED_EDGE('',*,*,#4942,.T.);
#4359=ORIENTED_EDGE('',*,*,#4943,.T.);
#4360=ORIENTED_EDGE('',*,*,#4816,.F.);
#4361=ORIENTED_EDGE('',*,*,#4943,.F.);
#4362=ORIENTED_EDGE('',*,*,#4944,.T.);
#4363=ORIENTED_EDGE('',*,*,#4945,.T.);
#4364=ORIENTED_EDGE('',*,*,#4818,.F.);
#4365=ORIENTED_EDGE('',*,*,#4945,.F.);
#4366=ORIENTED_EDGE('',*,*,#4946,.T.);
#4367=ORIENTED_EDGE('',*,*,#4939,.T.);
#4368=ORIENTED_EDGE('',*,*,#4819,.F.);
#4369=ORIENTED_EDGE('',*,*,#4947,.F.);
#4370=ORIENTED_EDGE('',*,*,#4948,.T.);
#4371=ORIENTED_EDGE('',*,*,#4949,.T.);
#4372=ORIENTED_EDGE('',*,*,#4822,.F.);
#4373=ORIENTED_EDGE('',*,*,#4949,.F.);
#4374=ORIENTED_EDGE('',*,*,#4950,.T.);
#4375=ORIENTED_EDGE('',*,*,#4951,.T.);
#4376=ORIENTED_EDGE('',*,*,#4824,.F.);
#4377=ORIENTED_EDGE('',*,*,#4951,.F.);
#4378=ORIENTED_EDGE('',*,*,#4952,.T.);
#4379=ORIENTED_EDGE('',*,*,#4953,.T.);
#4380=ORIENTED_EDGE('',*,*,#4826,.F.);
#4381=ORIENTED_EDGE('',*,*,#4953,.F.);
#4382=ORIENTED_EDGE('',*,*,#4954,.T.);
#4383=ORIENTED_EDGE('',*,*,#4947,.T.);
#4384=ORIENTED_EDGE('',*,*,#4834,.T.);
#4385=ORIENTED_EDGE('',*,*,#4832,.T.);
#4386=ORIENTED_EDGE('',*,*,#4830,.T.);
#4387=ORIENTED_EDGE('',*,*,#4828,.T.);
#4388=ORIENTED_EDGE('',*,*,#4842,.T.);
#4389=ORIENTED_EDGE('',*,*,#4840,.T.);
#4390=ORIENTED_EDGE('',*,*,#4838,.T.);
#4391=ORIENTED_EDGE('',*,*,#4836,.T.);
#4392=ORIENTED_EDGE('',*,*,#4850,.T.);
#4393=ORIENTED_EDGE('',*,*,#4848,.T.);
#4394=ORIENTED_EDGE('',*,*,#4846,.T.);
#4395=ORIENTED_EDGE('',*,*,#4844,.T.);
#4396=ORIENTED_EDGE('',*,*,#4858,.T.);
#4397=ORIENTED_EDGE('',*,*,#4856,.T.);
#4398=ORIENTED_EDGE('',*,*,#4854,.T.);
#4399=ORIENTED_EDGE('',*,*,#4852,.T.);
#4400=ORIENTED_EDGE('',*,*,#4866,.T.);
#4401=ORIENTED_EDGE('',*,*,#4864,.T.);
#4402=ORIENTED_EDGE('',*,*,#4862,.T.);
#4403=ORIENTED_EDGE('',*,*,#4860,.T.);
#4404=ORIENTED_EDGE('',*,*,#4874,.T.);
#4405=ORIENTED_EDGE('',*,*,#4872,.T.);
#4406=ORIENTED_EDGE('',*,*,#4870,.T.);
#4407=ORIENTED_EDGE('',*,*,#4868,.T.);
#4408=ORIENTED_EDGE('',*,*,#4882,.T.);
#4409=ORIENTED_EDGE('',*,*,#4880,.T.);
#4410=ORIENTED_EDGE('',*,*,#4878,.T.);
#4411=ORIENTED_EDGE('',*,*,#4876,.T.);
#4412=ORIENTED_EDGE('',*,*,#4890,.T.);
#4413=ORIENTED_EDGE('',*,*,#4888,.T.);
#4414=ORIENTED_EDGE('',*,*,#4886,.T.);
#4415=ORIENTED_EDGE('',*,*,#4884,.T.);
#4416=ORIENTED_EDGE('',*,*,#4894,.F.);
#4417=ORIENTED_EDGE('',*,*,#4892,.F.);
#4418=ORIENTED_EDGE('',*,*,#4898,.F.);
#4419=ORIENTED_EDGE('',*,*,#4896,.F.);
#4420=ORIENTED_EDGE('',*,*,#4902,.F.);
#4421=ORIENTED_EDGE('',*,*,#4900,.F.);
#4422=ORIENTED_EDGE('',*,*,#4906,.F.);
#4423=ORIENTED_EDGE('',*,*,#4904,.F.);
#4424=ORIENTED_EDGE('',*,*,#4910,.F.);
#4425=ORIENTED_EDGE('',*,*,#4908,.F.);
#4426=ORIENTED_EDGE('',*,*,#4914,.F.);
#4427=ORIENTED_EDGE('',*,*,#4912,.F.);
#4428=ORIENTED_EDGE('',*,*,#4918,.F.);
#4429=ORIENTED_EDGE('',*,*,#4916,.F.);
#4430=ORIENTED_EDGE('',*,*,#4922,.F.);
#4431=ORIENTED_EDGE('',*,*,#4920,.F.);
#4432=ORIENTED_EDGE('',*,*,#4926,.F.);
#4433=ORIENTED_EDGE('',*,*,#4924,.F.);
#4434=ORIENTED_EDGE('',*,*,#4930,.F.);
#4435=ORIENTED_EDGE('',*,*,#4928,.F.);
#4436=ORIENTED_EDGE('',*,*,#4934,.F.);
#4437=ORIENTED_EDGE('',*,*,#4932,.F.);
#4438=ORIENTED_EDGE('',*,*,#4938,.F.);
#4439=ORIENTED_EDGE('',*,*,#4936,.F.);
#4440=ORIENTED_EDGE('',*,*,#4942,.F.);
#4441=ORIENTED_EDGE('',*,*,#4940,.F.);
#4442=ORIENTED_EDGE('',*,*,#4946,.F.);
#4443=ORIENTED_EDGE('',*,*,#4944,.F.);
#4444=ORIENTED_EDGE('',*,*,#4950,.F.);
#4445=ORIENTED_EDGE('',*,*,#4948,.F.);
#4446=ORIENTED_EDGE('',*,*,#4954,.F.);
#4447=ORIENTED_EDGE('',*,*,#4952,.F.);
#4448=EDGE_CURVE('',#4955,#4956,#4957,.T.);
#4449=EDGE_CURVE('',#4956,#4958,#4959,.T.);
#4450=EDGE_CURVE('',#4958,#4960,#4961,.T.);
#4451=EDGE_CURVE('',#4960,#4962,#4963,.T.);
#4452=EDGE_CURVE('',#4962,#4964,#4965,.T.);
#4453=EDGE_CURVE('',#4964,#4966,#4967,.T.);
#4454=EDGE_CURVE('',#4968,#4966,#4969,.F.);
#4455=EDGE_CURVE('',#4970,#4968,#4971,.T.);
#4456=EDGE_CURVE('',#4970,#4972,#4973,.T.);
#4457=EDGE_CURVE('',#4974,#4972,#4975,.T.);
#4458=EDGE_CURVE('',#4976,#4974,#4977,.T.);
#4459=EDGE_CURVE('',#4976,#4978,#4979,.T.);
#4460=EDGE_CURVE('',#4978,#4980,#4981,.T.);
#4461=EDGE_CURVE('',#4982,#4980,#4983,.F.);
#4462=EDGE_CURVE('',#4984,#4982,#4985,.F.);
#4463=EDGE_CURVE('',#4984,#4986,#4987,.T.);
#4464=EDGE_CURVE('',#4986,#4988,#4989,.T.);
#4465=EDGE_CURVE('',#4988,#4990,#4991,.T.);
#4466=EDGE_CURVE('',#4990,#4992,#4993,.T.);
#4467=EDGE_CURVE('',#4992,#4994,#4995,.T.);
#4468=EDGE_CURVE('',#4994,#4996,#4997,.T.);
#4469=EDGE_CURVE('',#4955,#4996,#4998,.F.);
#4470=EDGE_CURVE('',#4999,#4955,#5000,.F.);
#4471=EDGE_CURVE('',#4996,#5001,#5002,.F.);
#4472=EDGE_CURVE('',#5001,#4999,#5003,.T.);
#4473=EDGE_CURVE('',#4966,#5004,#5005,.F.);
#4474=EDGE_CURVE('',#5004,#5006,#5007,.T.);
#4475=EDGE_CURVE('',#5006,#4968,#5008,.T.);
#4476=EDGE_CURVE('',#5009,#4999,#5010,.F.);
#4477=EDGE_CURVE('',#5001,#5011,#5012,.F.);
#4478=EDGE_CURVE('',#5011,#5013,#5014,.F.);
#4479=EDGE_CURVE('',#5013,#5015,#5016,.F.);
#4480=EDGE_CURVE('',#5015,#5017,#5018,.F.);
#4481=EDGE_CURVE('',#5017,#5019,#5020,.F.);
#4482=EDGE_CURVE('',#5019,#5021,#5022,.F.);
#4483=EDGE_CURVE('',#5023,#5021,#5024,.T.);
#4484=EDGE_CURVE('',#5025,#5023,#5026,.T.);
#4485=EDGE_CURVE('',#5027,#5025,#5028,.T.);
#4486=EDGE_CURVE('',#5027,#5029,#5030,.F.);
#4487=EDGE_CURVE('',#5029,#5031,#5032,.T.);
#4488=EDGE_CURVE('',#5031,#5033,#5034,.F.);
#4489=EDGE_CURVE('',#5033,#5035,#5036,.T.);
#4490=EDGE_CURVE('',#5035,#5037,#5038,.F.);
#4491=EDGE_CURVE('',#5037,#5039,#5040,.T.);
#4492=EDGE_CURVE('',#5039,#5041,#5042,.F.);
#4493=EDGE_CURVE('',#5041,#5043,#5044,.T.);
#4494=EDGE_CURVE('',#5043,#5045,#5046,.F.);
#4495=EDGE_CURVE('',#5045,#5047,#5048,.T.);
#4496=EDGE_CURVE('',#5047,#5049,#5050,.F.);
#4497=EDGE_CURVE('',#5049,#5051,#5052,.T.);
#4498=EDGE_CURVE('',#5051,#5053,#5054,.F.);
#4499=EDGE_CURVE('',#5053,#5055,#5056,.T.);
#4500=EDGE_CURVE('',#5055,#5057,#5058,.F.);
#4501=EDGE_CURVE('',#5057,#5059,#5060,.T.);
#4502=EDGE_CURVE('',#5059,#5061,#5062,.F.);
#4503=EDGE_CURVE('',#5061,#5063,#5064,.T.);
#4504=EDGE_CURVE('',#5063,#5065,#5066,.F.);
#4505=EDGE_CURVE('',#5065,#5067,#5068,.T.);
#4506=EDGE_CURVE('',#5067,#5069,#5070,.F.);
#4507=EDGE_CURVE('',#5069,#5071,#5072,.T.);
#4508=EDGE_CURVE('',#5071,#5073,#5074,.F.);
#4509=EDGE_CURVE('',#5073,#5075,#5076,.T.);
#4510=EDGE_CURVE('',#5075,#5077,#5078,.F.);
#4511=EDGE_CURVE('',#5077,#5079,#5080,.T.);
#4512=EDGE_CURVE('',#5079,#5081,#5082,.F.);
#4513=EDGE_CURVE('',#5081,#5083,#5084,.T.);
#4514=EDGE_CURVE('',#5083,#5085,#5086,.F.);
#4515=EDGE_CURVE('',#5085,#5087,#5088,.T.);
#4516=EDGE_CURVE('',#5087,#5089,#5090,.F.);
#4517=EDGE_CURVE('',#5089,#5091,#5092,.T.);
#4518=EDGE_CURVE('',#5091,#5006,#5093,.T.);
#4519=EDGE_CURVE('',#5004,#5094,#5095,.F.);
#4520=EDGE_CURVE('',#5094,#5096,#5097,.F.);
#4521=EDGE_CURVE('',#5096,#5098,#5099,.F.);
#4522=EDGE_CURVE('',#5098,#5100,#5101,.F.);
#4523=EDGE_CURVE('',#5100,#5009,#5102,.F.);
#4524=EDGE_CURVE('',#4964,#5094,#5103,.T.);
#4525=EDGE_CURVE('',#4962,#5096,#5104,.T.);
#4526=EDGE_CURVE('',#4960,#5098,#5105,.T.);
#4527=EDGE_CURVE('',#4958,#5100,#5106,.T.);
#4528=EDGE_CURVE('',#4956,#5009,#5107,.T.);
#4529=EDGE_CURVE('',#5108,#5109,#5110,.T.);
#4530=EDGE_CURVE('',#5109,#4970,#5111,.T.);
#4531=EDGE_CURVE('',#5112,#5091,#5113,.T.);
#4532=EDGE_CURVE('',#5114,#5112,#5115,.T.);
#4533=EDGE_CURVE('',#5108,#5114,#5116,.T.);
#4534=EDGE_CURVE('',#4972,#5117,#5118,.F.);
#4535=EDGE_CURVE('',#5109,#5117,#5119,.T.);
#4536=EDGE_CURVE('',#5120,#5121,#5122,.T.);
#4537=EDGE_CURVE('',#5120,#5123,#5124,.T.);
#4538=EDGE_CURVE('',#5123,#4974,#5125,.T.);
#4539=EDGE_CURVE('',#5117,#5121,#5126,.F.);
#4540=EDGE_CURVE('',#5123,#5127,#5128,.T.);
#4541=EDGE_CURVE('',#5127,#4976,#5129,.T.);
#4542=EDGE_CURVE('',#5130,#5131,#5132,.T.);
#4543=EDGE_CURVE('',#5133,#5130,#5134,.T.);
#4544=EDGE_CURVE('',#5135,#5133,#5136,.T.);
#4545=EDGE_CURVE('',#5131,#5135,#5137,.T.);
#4546=EDGE_CURVE('',#5138,#5139,#5140,.T.);
#4547=EDGE_CURVE('',#5141,#5138,#5142,.T.);
#4548=EDGE_CURVE('',#5143,#5141,#5144,.T.);
#4549=EDGE_CURVE('',#5139,#5143,#5145,.T.);
#4550=EDGE_CURVE('',#5146,#5147,#5148,.T.);
#4551=EDGE_CURVE('',#5149,#5146,#5150,.T.);
#4552=EDGE_CURVE('',#5151,#5149,#5152,.T.);
#4553=EDGE_CURVE('',#5147,#5151,#5153,.T.);
#4554=EDGE_CURVE('',#5154,#5155,#5156,.T.);
#4555=EDGE_CURVE('',#5157,#5154,#5158,.T.);
#4556=EDGE_CURVE('',#5159,#5157,#5160,.T.);
#4557=EDGE_CURVE('',#5155,#5159,#5161,.T.);
#4558=EDGE_CURVE('',#5162,#5163,#5164,.T.);
#4559=EDGE_CURVE('',#5165,#5162,#5166,.T.);
#4560=EDGE_CURVE('',#5167,#5165,#5168,.T.);
#4561=EDGE_CURVE('',#5163,#5167,#5169,.T.);
#4562=EDGE_CURVE('',#5170,#5171,#5172,.T.);
#4563=EDGE_CURVE('',#5173,#5170,#5174,.T.);
#4564=EDGE_CURVE('',#5175,#5173,#5176,.T.);
#4565=EDGE_CURVE('',#5171,#5175,#5177,.T.);
#4566=EDGE_CURVE('',#5178,#5179,#5180,.T.);
#4567=EDGE_CURVE('',#5181,#5178,#5182,.T.);
#4568=EDGE_CURVE('',#5183,#5181,#5184,.T.);
#4569=EDGE_CURVE('',#5179,#5183,#5185,.T.);
#4570=EDGE_CURVE('',#5186,#5187,#5188,.T.);
#4571=EDGE_CURVE('',#5189,#5186,#5190,.T.);
#4572=EDGE_CURVE('',#5191,#5189,#5192,.T.);
#4573=EDGE_CURVE('',#5187,#5191,#5193,.T.);
#4574=EDGE_CURVE('',#5194,#5195,#5196,.F.);
#4575=EDGE_CURVE('',#5194,#5197,#5198,.T.);
#4576=EDGE_CURVE('',#5197,#4978,#5199,.T.);
#4577=EDGE_CURVE('',#5195,#5127,#5200,.T.);
#4578=EDGE_CURVE('',#5197,#5201,#5202,.T.);
#4579=EDGE_CURVE('',#4980,#5201,#5203,.F.);
#4580=EDGE_CURVE('',#5201,#5204,#5205,.F.);
#4581=EDGE_CURVE('',#5204,#5206,#5207,.T.);
#4582=EDGE_CURVE('',#5206,#5208,#5209,.T.);
#4583=EDGE_CURVE('',#5208,#5025,#5210,.T.);
#4584=EDGE_CURVE('',#5023,#4982,#5211,.T.);
#4585=EDGE_CURVE('',#5021,#4984,#5212,.F.);
#4586=EDGE_CURVE('',#4986,#5019,#5213,.T.);
#4587=EDGE_CURVE('',#4988,#5017,#5214,.T.);
#4588=EDGE_CURVE('',#4990,#5015,#5215,.T.);
#4589=EDGE_CURVE('',#4992,#5013,#5216,.T.);
#4590=EDGE_CURVE('',#4994,#5011,#5217,.T.);
#4591=EDGE_CURVE('',#5218,#5027,#5219,.T.);
#4592=EDGE_CURVE('',#5218,#5208,#5220,.T.);
#4593=EDGE_CURVE('',#5221,#5218,#5222,.F.);
#4594=EDGE_CURVE('',#5029,#5221,#5223,.T.);
#4595=EDGE_CURVE('',#5224,#5221,#5225,.T.);
#4596=EDGE_CURVE('',#5224,#5031,#5226,.T.);
#4597=EDGE_CURVE('',#5227,#5228,#5229,.T.);
#4598=EDGE_CURVE('',#5230,#5227,#5231,.T.);
#4599=EDGE_CURVE('',#5232,#5230,#5233,.T.);
#4600=EDGE_CURVE('',#5228,#5232,#5234,.T.);
#4601=EDGE_CURVE('',#5235,#5224,#5236,.F.);
#4602=EDGE_CURVE('',#5033,#5235,#5237,.T.);
#4603=EDGE_CURVE('',#5238,#5035,#5239,.T.);
#4604=EDGE_CURVE('',#5238,#5235,#5240,.T.);
#4605=EDGE_CURVE('',#5241,#5238,#5242,.F.);
#4606=EDGE_CURVE('',#5037,#5241,#5243,.T.);
#4607=EDGE_CURVE('',#5244,#5241,#5245,.T.);
#4608=EDGE_CURVE('',#5244,#5039,#5246,.T.);
#4609=EDGE_CURVE('',#5247,#5248,#5249,.T.);
#4610=EDGE_CURVE('',#5250,#5247,#5251,.T.);
#4611=EDGE_CURVE('',#5252,#5250,#5253,.T.);
#4612=EDGE_CURVE('',#5248,#5252,#5254,.T.);
#4613=EDGE_CURVE('',#5041,#5255,#5256,.T.);
#4614=EDGE_CURVE('',#5255,#5244,#5257,.F.);
#4615=EDGE_CURVE('',#5258,#5255,#5259,.T.);
#4616=EDGE_CURVE('',#5258,#5043,#5260,.T.);
#4617=EDGE_CURVE('',#5261,#5258,#5262,.F.);
#4618=EDGE_CURVE('',#5045,#5261,#5263,.T.);
#4619=EDGE_CURVE('',#5264,#5261,#5265,.T.);
#4620=EDGE_CURVE('',#5264,#5047,#5266,.T.);
#4621=EDGE_CURVE('',#5267,#5268,#5269,.T.);
#4622=EDGE_CURVE('',#5270,#5267,#5271,.T.);
#4623=EDGE_CURVE('',#5272,#5270,#5273,.T.);
#4624=EDGE_CURVE('',#5268,#5272,#5274,.T.);
#4625=EDGE_CURVE('',#5049,#5275,#5276,.T.);
#4626=EDGE_CURVE('',#5275,#5264,#5277,.F.);
#4627=EDGE_CURVE('',#5278,#5275,#5279,.T.);
#4628=EDGE_CURVE('',#5278,#5051,#5280,.T.);
#4629=EDGE_CURVE('',#5281,#5278,#5282,.F.);
#4630=EDGE_CURVE('',#5053,#5281,#5283,.T.);
#4631=EDGE_CURVE('',#5284,#5281,#5285,.T.);
#4632=EDGE_CURVE('',#5284,#5055,#5286,.T.);
#4633=EDGE_CURVE('',#5287,#5288,#5289,.T.);
#4634=EDGE_CURVE('',#5290,#5287,#5291,.T.);
#4635=EDGE_CURVE('',#5292,#5290,#5293,.T.);
#4636=EDGE_CURVE('',#5288,#5292,#5294,.T.);
#4637=EDGE_CURVE('',#5057,#5295,#5296,.T.);
#4638=EDGE_CURVE('',#5295,#5284,#5297,.F.);
#4639=EDGE_CURVE('',#5298,#5295,#5299,.T.);
#4640=EDGE_CURVE('',#5298,#5059,#5300,.T.);
#4641=EDGE_CURVE('',#5301,#5298,#5302,.F.);
#4642=EDGE_CURVE('',#5061,#5301,#5303,.T.);
#4643=EDGE_CURVE('',#5304,#5301,#5305,.T.);
#4644=EDGE_CURVE('',#5304,#5063,#5306,.T.);
#4645=EDGE_CURVE('',#5307,#5308,#5309,.T.);
#4646=EDGE_CURVE('',#5310,#5307,#5311,.T.);
#4647=EDGE_CURVE('',#5312,#5310,#5313,.T.);
#4648=EDGE_CURVE('',#5308,#5312,#5314,.T.);
#4649=EDGE_CURVE('',#5065,#5315,#5316,.T.);
#4650=EDGE_CURVE('',#5315,#5304,#5317,.F.);
#4651=EDGE_CURVE('',#5318,#5315,#5319,.T.);
#4652=EDGE_CURVE('',#5318,#5067,#5320,.T.);
#4653=EDGE_CURVE('',#5321,#5318,#5322,.F.);
#4654=EDGE_CURVE('',#5069,#5321,#5323,.T.);
#4655=EDGE_CURVE('',#5324,#5321,#5325,.T.);
#4656=EDGE_CURVE('',#5324,#5071,#5326,.T.);
#4657=EDGE_CURVE('',#5327,#5328,#5329,.T.);
#4658=EDGE_CURVE('',#5330,#5327,#5331,.T.);
#4659=EDGE_CURVE('',#5332,#5330,#5333,.T.);
#4660=EDGE_CURVE('',#5328,#5332,#5334,.T.);
#4661=EDGE_CURVE('',#5073,#5335,#5336,.T.);
#4662=EDGE_CURVE('',#5335,#5324,#5337,.F.);
#4663=EDGE_CURVE('',#5338,#5335,#5339,.T.);
#4664=EDGE_CURVE('',#5338,#5075,#5340,.T.);
#4665=EDGE_CURVE('',#5341,#5338,#5342,.F.);
#4666=EDGE_CURVE('',#5077,#5341,#5343,.T.);
#4667=EDGE_CURVE('',#5344,#5341,#5345,.T.);
#4668=EDGE_CURVE('',#5344,#5079,#5346,.T.);
#4669=EDGE_CURVE('',#5347,#5348,#5349,.T.);
#4670=EDGE_CURVE('',#5350,#5347,#5351,.T.);
#4671=EDGE_CURVE('',#5352,#5350,#5353,.T.);
#4672=EDGE_CURVE('',#5348,#5352,#5354,.T.);
#4673=EDGE_CURVE('',#5081,#5355,#5356,.T.);
#4674=EDGE_CURVE('',#5355,#5344,#5357,.F.);
#4675=EDGE_CURVE('',#5358,#5355,#5359,.T.);
#4676=EDGE_CURVE('',#5358,#5083,#5360,.T.);
#4677=EDGE_CURVE('',#5361,#5358,#5362,.F.);
#4678=EDGE_CURVE('',#5085,#5361,#5363,.T.);
#4679=EDGE_CURVE('',#5364,#5361,#5365,.T.);
#4680=EDGE_CURVE('',#5364,#5087,#5366,.T.);
#4681=EDGE_CURVE('',#5367,#5368,#5369,.T.);
#4682=EDGE_CURVE('',#5370,#5367,#5371,.T.);
#4683=EDGE_CURVE('',#5372,#5370,#5373,.T.);
#4684=EDGE_CURVE('',#5368,#5372,#5374,.T.);
#4685=EDGE_CURVE('',#5089,#5375,#5376,.T.);
#4686=EDGE_CURVE('',#5375,#5364,#5377,.F.);
#4687=EDGE_CURVE('',#5375,#5112,#5378,.T.);
#4688=EDGE_CURVE('',#5121,#5379,#5380,.F.);
#4689=EDGE_CURVE('',#5379,#5108,#5381,.F.);
#4690=EDGE_CURVE('',#5114,#5206,#5382,.T.);
#4691=EDGE_CURVE('',#5383,#5384,#5385,.F.);
#4692=EDGE_CURVE('',#5384,#5386,#5387,.F.);
#4693=EDGE_CURVE('',#5386,#5379,#5388,.T.);
#4694=EDGE_CURVE('',#5204,#5383,#5389,.F.);
#4695=EDGE_CURVE('',#5120,#5386,#5390,.F.);
#4696=EDGE_CURVE('',#5195,#5120,#5391,.F.);
#4697=EDGE_CURVE('',#5392,#5393,#5394,.T.);
#4698=EDGE_CURVE('',#5130,#5392,#5395,.T.);
#4699=EDGE_CURVE('',#5131,#5393,#5396,.T.);
#4700=EDGE_CURVE('',#5397,#5392,#5398,.T.);
#4701=EDGE_CURVE('',#5133,#5397,#5399,.T.);
#4702=EDGE_CURVE('',#5400,#5397,#5401,.T.);
#4703=EDGE_CURVE('',#5135,#5400,#5402,.T.);
#4704=EDGE_CURVE('',#5393,#5400,#5403,.T.);
#4705=EDGE_CURVE('',#5404,#5405,#5406,.T.);
#4706=EDGE_CURVE('',#5138,#5404,#5407,.T.);
#4707=EDGE_CURVE('',#5139,#5405,#5408,.T.);
#4708=EDGE_CURVE('',#5409,#5404,#5410,.T.);
#4709=EDGE_CURVE('',#5141,#5409,#5411,.T.);
#4710=EDGE_CURVE('',#5412,#5409,#5413,.T.);
#4711=EDGE_CURVE('',#5143,#5412,#5414,.T.);
#4712=EDGE_CURVE('',#5405,#5412,#5415,.T.);
#4713=EDGE_CURVE('',#5416,#5417,#5418,.T.);
#4714=EDGE_CURVE('',#5146,#5416,#5419,.T.);
#4715=EDGE_CURVE('',#5147,#5417,#5420,.T.);
#4716=EDGE_CURVE('',#5421,#5416,#5422,.T.);
#4717=EDGE_CURVE('',#5149,#5421,#5423,.T.);
#4718=EDGE_CURVE('',#5424,#5421,#5425,.T.);
#4719=EDGE_CURVE('',#5151,#5424,#5426,.T.);
#4720=EDGE_CURVE('',#5417,#5424,#5427,.T.);
#4721=EDGE_CURVE('',#5428,#5429,#5430,.T.);
#4722=EDGE_CURVE('',#5154,#5428,#5431,.T.);
#4723=EDGE_CURVE('',#5155,#5429,#5432,.T.);
#4724=EDGE_CURVE('',#5433,#5428,#5434,.T.);
#4725=EDGE_CURVE('',#5157,#5433,#5435,.T.);
#4726=EDGE_CURVE('',#5436,#5433,#5437,.T.);
#4727=EDGE_CURVE('',#5159,#5436,#5438,.T.);
#4728=EDGE_CURVE('',#5429,#5436,#5439,.T.);
#4729=EDGE_CURVE('',#5440,#5441,#5442,.T.);
#4730=EDGE_CURVE('',#5162,#5440,#5443,.T.);
#4731=EDGE_CURVE('',#5163,#5441,#5444,.T.);
#4732=EDGE_CURVE('',#5445,#5440,#5446,.T.);
#4733=EDGE_CURVE('',#5165,#5445,#5447,.T.);
#4734=EDGE_CURVE('',#5448,#5445,#5449,.T.);
#4735=EDGE_CURVE('',#5167,#5448,#5450,.T.);
#4736=EDGE_CURVE('',#5441,#5448,#5451,.T.);
#4737=EDGE_CURVE('',#5452,#5453,#5454,.T.);
#4738=EDGE_CURVE('',#5170,#5452,#5455,.T.);
#4739=EDGE_CURVE('',#5171,#5453,#5456,.T.);
#4740=EDGE_CURVE('',#5457,#5452,#5458,.T.);
#4741=EDGE_CURVE('',#5173,#5457,#5459,.T.);
#4742=EDGE_CURVE('',#5460,#5457,#5461,.T.);
#4743=EDGE_CURVE('',#5175,#5460,#5462,.T.);
#4744=EDGE_CURVE('',#5453,#5460,#5463,.T.);
#4745=EDGE_CURVE('',#5464,#5465,#5466,.T.);
#4746=EDGE_CURVE('',#5178,#5464,#5467,.T.);
#4747=EDGE_CURVE('',#5179,#5465,#5468,.T.);
#4748=EDGE_CURVE('',#5469,#5464,#5470,.T.);
#4749=EDGE_CURVE('',#5181,#5469,#5471,.T.);
#4750=EDGE_CURVE('',#5472,#5469,#5473,.T.);
#4751=EDGE_CURVE('',#5183,#5472,#5474,.T.);
#4752=EDGE_CURVE('',#5465,#5472,#5475,.T.);
#4753=EDGE_CURVE('',#5476,#5477,#5478,.T.);
#4754=EDGE_CURVE('',#5186,#5476,#5479,.T.);
#4755=EDGE_CURVE('',#5187,#5477,#5480,.T.);
#4756=EDGE_CURVE('',#5481,#5476,#5482,.T.);
#4757=EDGE_CURVE('',#5189,#5481,#5483,.T.);
#4758=EDGE_CURVE('',#5484,#5481,#5485,.T.);
#4759=EDGE_CURVE('',#5191,#5484,#5486,.T.);
#4760=EDGE_CURVE('',#5477,#5484,#5487,.T.);
#4761=EDGE_CURVE('',#5383,#5194,#5488,.F.);
#4762=EDGE_CURVE('',#5195,#5384,#5489,.F.);
#4763=EDGE_CURVE('',#5490,#5491,#5492,.T.);
#4764=EDGE_CURVE('',#5491,#5227,#5493,.T.);
#4765=EDGE_CURVE('',#5490,#5228,#5494,.T.);
#4766=EDGE_CURVE('',#5491,#5495,#5496,.T.);
#4767=EDGE_CURVE('',#5495,#5230,#5497,.T.);
#4768=EDGE_CURVE('',#5495,#5498,#5499,.T.);
#4769=EDGE_CURVE('',#5498,#5232,#5500,.T.);
#4770=EDGE_CURVE('',#5498,#5490,#5501,.T.);
#4771=EDGE_CURVE('',#5502,#5503,#5504,.T.);
#4772=EDGE_CURVE('',#5503,#5247,#5505,.T.);
#4773=EDGE_CURVE('',#5502,#5248,#5506,.T.);
#4774=EDGE_CURVE('',#5503,#5507,#5508,.T.);
#4775=EDGE_CURVE('',#5507,#5250,#5509,.T.);
#4776=EDGE_CURVE('',#5507,#5510,#5511,.T.);
#4777=EDGE_CURVE('',#5510,#5252,#5512,.T.);
#4778=EDGE_CURVE('',#5510,#5502,#5513,.T.);
#4779=EDGE_CURVE('',#5514,#5515,#5516,.T.);
#4780=EDGE_CURVE('',#5515,#5267,#5517,.T.);
#4781=EDGE_CURVE('',#5514,#5268,#5518,.T.);
#4782=EDGE_CURVE('',#5515,#5519,#5520,.T.);
#4783=EDGE_CURVE('',#5519,#5270,#5521,.T.);
#4784=EDGE_CURVE('',#5519,#5522,#5523,.T.);
#4785=EDGE_CURVE('',#5522,#5272,#5524,.T.);
#4786=EDGE_CURVE('',#5522,#5514,#5525,.T.);
#4787=EDGE_CURVE('',#5526,#5527,#5528,.T.);
#4788=EDGE_CURVE('',#5527,#5287,#5529,.T.);
#4789=EDGE_CURVE('',#5526,#5288,#5530,.T.);
#4790=EDGE_CURVE('',#5527,#5531,#5532,.T.);
#4791=EDGE_CURVE('',#5531,#5290,#5533,.T.);
#4792=EDGE_CURVE('',#5531,#5534,#5535,.T.);
#4793=EDGE_CURVE('',#5534,#5292,#5536,.T.);
#4794=EDGE_CURVE('',#5534,#5526,#5537,.T.);
#4795=EDGE_CURVE('',#5538,#5539,#5540,.T.);
#4796=EDGE_CURVE('',#5539,#5307,#5541,.T.);
#4797=EDGE_CURVE('',#5538,#5308,#5542,.T.);
#4798=EDGE_CURVE('',#5539,#5543,#5544,.T.);
#4799=EDGE_CURVE('',#5543,#5310,#5545,.T.);
#4800=EDGE_CURVE('',#5543,#5546,#5547,.T.);
#4801=EDGE_CURVE('',#5546,#5312,#5548,.T.);
#4802=EDGE_CURVE('',#5546,#5538,#5549,.T.);
#4803=EDGE_CURVE('',#5550,#5551,#5552,.T.);
#4804=EDGE_CURVE('',#5551,#5327,#5553,.T.);
#4805=EDGE_CURVE('',#5550,#5328,#5554,.T.);
#4806=EDGE_CURVE('',#5551,#5555,#5556,.T.);
#4807=EDGE_CURVE('',#5555,#5330,#5557,.T.);
#4808=EDGE_CURVE('',#5555,#5558,#5559,.T.);
#4809=EDGE_CURVE('',#5558,#5332,#5560,.T.);
#4810=EDGE_CURVE('',#5558,#5550,#5561,.T.);
#4811=EDGE_CURVE('',#5562,#5563,#5564,.T.);
#4812=EDGE_CURVE('',#5563,#5347,#5565,.T.);
#4813=EDGE_CURVE('',#5562,#5348,#5566,.T.);
#4814=EDGE_CURVE('',#5563,#5567,#5568,.T.);
#4815=EDGE_CURVE('',#5567,#5350,#5569,.T.);
#4816=EDGE_CURVE('',#5567,#5570,#5571,.T.);
#4817=EDGE_CURVE('',#5570,#5352,#5572,.T.);
#4818=EDGE_CURVE('',#5570,#5562,#5573,.T.);
#4819=EDGE_CURVE('',#5574,#5575,#5576,.T.);
#4820=EDGE_CURVE('',#5575,#5367,#5577,.T.);
#4821=EDGE_CURVE('',#5574,#5368,#5578,.T.);
#4822=EDGE_CURVE('',#5575,#5579,#5580,.T.);
#4823=EDGE_CURVE('',#5579,#5370,#5581,.T.);
#4824=EDGE_CURVE('',#5579,#5582,#5583,.T.);
#4825=EDGE_CURVE('',#5582,#5372,#5584,.T.);
#4826=EDGE_CURVE('',#5582,#5574,#5585,.T.);
#4827=EDGE_CURVE('',#5393,#5586,#5587,.T.);
#4828=EDGE_CURVE('',#5588,#5586,#5589,.T.);
#4829=EDGE_CURVE('',#5392,#5588,#5590,.T.);
#4830=EDGE_CURVE('',#5591,#5588,#5592,.T.);
#4831=EDGE_CURVE('',#5397,#5591,#5593,.T.);
#4832=EDGE_CURVE('',#5594,#5591,#5595,.T.);
#4833=EDGE_CURVE('',#5400,#5594,#5596,.T.);
#4834=EDGE_CURVE('',#5586,#5594,#5597,.T.);
#4835=EDGE_CURVE('',#5405,#5598,#5599,.T.);
#4836=EDGE_CURVE('',#5600,#5598,#5601,.T.);
#4837=EDGE_CURVE('',#5404,#5600,#5602,.T.);
#4838=EDGE_CURVE('',#5603,#5600,#5604,.T.);
#4839=EDGE_CURVE('',#5409,#5603,#5605,.T.);
#4840=EDGE_CURVE('',#5606,#5603,#5607,.T.);
#4841=EDGE_CURVE('',#5412,#5606,#5608,.T.);
#4842=EDGE_CURVE('',#5598,#5606,#5609,.T.);
#4843=EDGE_CURVE('',#5417,#5610,#5611,.T.);
#4844=EDGE_CURVE('',#5612,#5610,#5613,.T.);
#4845=EDGE_CURVE('',#5416,#5612,#5614,.T.);
#4846=EDGE_CURVE('',#5615,#5612,#5616,.T.);
#4847=EDGE_CURVE('',#5421,#5615,#5617,.T.);
#4848=EDGE_CURVE('',#5618,#5615,#5619,.T.);
#4849=EDGE_CURVE('',#5424,#5618,#5620,.T.);
#4850=EDGE_CURVE('',#5610,#5618,#5621,.T.);
#4851=EDGE_CURVE('',#5429,#5622,#5623,.T.);
#4852=EDGE_CURVE('',#5624,#5622,#5625,.T.);
#4853=EDGE_CURVE('',#5428,#5624,#5626,.T.);
#4854=EDGE_CURVE('',#5627,#5624,#5628,.T.);
#4855=EDGE_CURVE('',#5433,#5627,#5629,.T.);
#4856=EDGE_CURVE('',#5630,#5627,#5631,.T.);
#4857=EDGE_CURVE('',#5436,#5630,#5632,.T.);
#4858=EDGE_CURVE('',#5622,#5630,#5633,.T.);
#4859=EDGE_CURVE('',#5441,#5634,#5635,.T.);
#4860=EDGE_CURVE('',#5636,#5634,#5637,.T.);
#4861=EDGE_CURVE('',#5440,#5636,#5638,.T.);
#4862=EDGE_CURVE('',#5639,#5636,#5640,.T.);
#4863=EDGE_CURVE('',#5445,#5639,#5641,.T.);
#4864=EDGE_CURVE('',#5642,#5639,#5643,.T.);
#4865=EDGE_CURVE('',#5448,#5642,#5644,.T.);
#4866=EDGE_CURVE('',#5634,#5642,#5645,.T.);
#4867=EDGE_CURVE('',#5453,#5646,#5647,.T.);
#4868=EDGE_CURVE('',#5648,#5646,#5649,.T.);
#4869=EDGE_CURVE('',#5452,#5648,#5650,.T.);
#4870=EDGE_CURVE('',#5651,#5648,#5652,.T.);
#4871=EDGE_CURVE('',#5457,#5651,#5653,.T.);
#4872=EDGE_CURVE('',#5654,#5651,#5655,.T.);
#4873=EDGE_CURVE('',#5460,#5654,#5656,.T.);
#4874=EDGE_CURVE('',#5646,#5654,#5657,.T.);
#4875=EDGE_CURVE('',#5465,#5658,#5659,.T.);
#4876=EDGE_CURVE('',#5660,#5658,#5661,.T.);
#4877=EDGE_CURVE('',#5464,#5660,#5662,.T.);
#4878=EDGE_CURVE('',#5663,#5660,#5664,.T.);
#4879=EDGE_CURVE('',#5469,#5663,#5665,.T.);
#4880=EDGE_CURVE('',#5666,#5663,#5667,.T.);
#4881=EDGE_CURVE('',#5472,#5666,#5668,.T.);
#4882=EDGE_CURVE('',#5658,#5666,#5669,.T.);
#4883=EDGE_CURVE('',#5477,#5670,#5671,.T.);
#4884=EDGE_CURVE('',#5672,#5670,#5673,.T.);
#4885=EDGE_CURVE('',#5476,#5672,#5674,.T.);
#4886=EDGE_CURVE('',#5675,#5672,#5676,.T.);
#4887=EDGE_CURVE('',#5481,#5675,#5677,.T.);
#4888=EDGE_CURVE('',#5678,#5675,#5679,.T.);
#4889=EDGE_CURVE('',#5484,#5678,#5680,.T.);
#4890=EDGE_CURVE('',#5670,#5678,#5681,.T.);
#4891=EDGE_CURVE('',#5682,#5490,#5683,.F.);
#4892=EDGE_CURVE('',#5682,#5684,#5685,.T.);
#4893=EDGE_CURVE('',#5684,#5491,#5686,.F.);
#4894=EDGE_CURVE('',#5684,#5687,#5688,.T.);
#4895=EDGE_CURVE('',#5687,#5495,#5689,.F.);
#4896=EDGE_CURVE('',#5687,#5690,#5691,.T.);
#4897=EDGE_CURVE('',#5690,#5498,#5692,.F.);
#4898=EDGE_CURVE('',#5690,#5682,#5693,.T.);
#4899=EDGE_CURVE('',#5694,#5502,#5695,.F.);
#4900=EDGE_CURVE('',#5694,#5696,#5697,.T.);
#4901=EDGE_CURVE('',#5696,#5503,#5698,.F.);
#4902=EDGE_CURVE('',#5696,#5699,#5700,.T.);
#4903=EDGE_CURVE('',#5699,#5507,#5701,.F.);
#4904=EDGE_CURVE('',#5699,#5702,#5703,.T.);
#4905=EDGE_CURVE('',#5702,#5510,#5704,.F.);
#4906=EDGE_CURVE('',#5702,#5694,#5705,.T.);
#4907=EDGE_CURVE('',#5706,#5514,#5707,.F.);
#4908=EDGE_CURVE('',#5706,#5708,#5709,.T.);
#4909=EDGE_CURVE('',#5708,#5515,#5710,.F.);
#4910=EDGE_CURVE('',#5708,#5711,#5712,.T.);
#4911=EDGE_CURVE('',#5711,#5519,#5713,.F.);
#4912=EDGE_CURVE('',#5711,#5714,#5715,.T.);
#4913=EDGE_CURVE('',#5714,#5522,#5716,.F.);
#4914=EDGE_CURVE('',#5714,#5706,#5717,.T.);
#4915=EDGE_CURVE('',#5718,#5526,#5719,.F.);
#4916=EDGE_CURVE('',#5718,#5720,#5721,.T.);
#4917=EDGE_CURVE('',#5720,#5527,#5722,.F.);
#4918=EDGE_CURVE('',#5720,#5723,#5724,.T.);
#4919=EDGE_CURVE('',#5723,#5531,#5725,.F.);
#4920=EDGE_CURVE('',#5723,#5726,#5727,.T.);
#4921=EDGE_CURVE('',#5726,#5534,#5728,.F.);
#4922=EDGE_CURVE('',#5726,#5718,#5729,.T.);
#4923=EDGE_CURVE('',#5730,#5538,#5731,.F.);
#4924=EDGE_CURVE('',#5730,#5732,#5733,.T.);
#4925=EDGE_CURVE('',#5732,#5539,#5734,.F.);
#4926=EDGE_CURVE('',#5732,#5735,#5736,.T.);
#4927=EDGE_CURVE('',#5735,#5543,#5737,.F.);
#4928=EDGE_CURVE('',#5735,#5738,#5739,.T.);
#4929=EDGE_CURVE('',#5738,#5546,#5740,.F.);
#4930=EDGE_CURVE('',#5738,#5730,#5741,.T.);
#4931=EDGE_CURVE('',#5742,#5550,#5743,.F.);
#4932=EDGE_CURVE('',#5742,#5744,#5745,.T.);
#4933=EDGE_CURVE('',#5744,#5551,#5746,.F.);
#4934=EDGE_CURVE('',#5744,#5747,#5748,.T.);
#4935=EDGE_CURVE('',#5747,#5555,#5749,.F.);
#4936=EDGE_CURVE('',#5747,#5750,#5751,.T.);
#4937=EDGE_CURVE('',#5750,#5558,#5752,.F.);
#4938=EDGE_CURVE('',#5750,#5742,#5753,.T.);
#4939=EDGE_CURVE('',#5754,#5562,#5755,.F.);
#4940=EDGE_CURVE('',#5754,#5756,#5757,.T.);
#4941=EDGE_CURVE('',#5756,#5563,#5758,.F.);
#4942=EDGE_CURVE('',#5756,#5759,#5760,.T.);
#4943=EDGE_CURVE('',#5759,#5567,#5761,.F.);
#4944=EDGE_CURVE('',#5759,#5762,#5763,.T.);
#4945=EDGE_CURVE('',#5762,#5570,#5764,.F.);
#4946=EDGE_CURVE('',#5762,#5754,#5765,.T.);
#4947=EDGE_CURVE('',#5766,#5574,#5767,.F.);
#4948=EDGE_CURVE('',#5766,#5768,#5769,.T.);
#4949=EDGE_CURVE('',#5768,#5575,#5770,.F.);
#4950=EDGE_CURVE('',#5768,#5771,#5772,.T.);
#4951=EDGE_CURVE('',#5771,#5579,#5773,.F.);
#4952=EDGE_CURVE('',#5771,#5774,#5775,.T.);
#4953=EDGE_CURVE('',#5774,#5582,#5776,.F.);
#4954=EDGE_CURVE('',#5774,#5766,#5777,.T.);
#4955=VERTEX_POINT('',#5778);
#4956=VERTEX_POINT('',#5779);
#4957=LINE('',#5780,#5781);
#4958=VERTEX_POINT('',#5783);
#4959=LINE('',#5784,#5785);
#4960=VERTEX_POINT('',#5787);
#4961=CIRCLE('',#5788,0.6);
#4962=VERTEX_POINT('',#5792);
#4963=LINE('',#5793,#5794);
#4964=VERTEX_POINT('',#5796);
#4965=LINE('',#5797,#5798);
#4966=VERTEX_POINT('',#5800);
#4967=LINE('',#5801,#5802);
#4968=VERTEX_POINT('',#5804);
#4969=LINE('',#5805,#5806);
#4970=VERTEX_POINT('',#5808);
#4971=LINE('',#5809,#5810);
#4972=VERTEX_POINT('',#5812);
#4973=LINE('',#5813,#5814);
#4974=VERTEX_POINT('',#5816);
#4975=LINE('',#5817,#5818);
#4976=VERTEX_POINT('',#5820);
#4977=LINE('',#5821,#5822);
#4978=VERTEX_POINT('',#5824);
#4979=LINE('',#5825,#5826);
#4980=VERTEX_POINT('',#5828);
#4981=LINE('',#5829,#5830);
#4982=VERTEX_POINT('',#5832);
#4983=LINE('',#5833,#5834);
#4984=VERTEX_POINT('',#5836);
#4985=LINE('',#5837,#5838);
#4986=VERTEX_POINT('',#5840);
#4987=LINE('',#5841,#5842);
#4988=VERTEX_POINT('',#5844);
#4989=LINE('',#5845,#5846);
#4990=VERTEX_POINT('',#5848);
#4991=LINE('',#5849,#5850);
#4992=VERTEX_POINT('',#5852);
#4993=CIRCLE('',#5853,0.6);
#4994=VERTEX_POINT('',#5857);
#4995=LINE('',#5858,#5859);
#4996=VERTEX_POINT('',#5861);
#4997=LINE('',#5862,#5863);
#4998=LINE('',#5865,#5866);
#4999=VERTEX_POINT('',#5868);
#5000=LINE('',#5869,#5870);
#5001=VERTEX_POINT('',#5872);
#5002=LINE('',#5873,#5874);
#5003=LINE('',#5876,#5877);
#5004=VERTEX_POINT('',#5879);
#5005=LINE('',#5880,#5881);
#5006=VERTEX_POINT('',#5883);
#5007=LINE('',#5884,#5885);
#5008=LINE('',#5887,#5888);
#5009=VERTEX_POINT('',#5890);
#5010=LINE('',#5891,#5892);
#5011=VERTEX_POINT('',#5894);
#5012=LINE('',#5895,#5896);
#5013=VERTEX_POINT('',#5898);
#5014=LINE('',#5899,#5900);
#5015=VERTEX_POINT('',#5902);
#5016=CIRCLE('',#5903,0.6);
#5017=VERTEX_POINT('',#5907);
#5018=LINE('',#5908,#5909);
#5019=VERTEX_POINT('',#5911);
#5020=LINE('',#5912,#5913);
#5021=VERTEX_POINT('',#5915);
#5022=LINE('',#5916,#5917);
#5023=VERTEX_POINT('',#5919);
#5024=LINE('',#5920,#5921);
#5025=VERTEX_POINT('',#5923);
#5026=LINE('',#5924,#5925);
#5027=VERTEX_POINT('',#5927);
#5028=LINE('',#5928,#5929);
#5029=VERTEX_POINT('',#5931);
#5030=LINE('',#5932,#5933);
#5031=VERTEX_POINT('',#5935);
#5032=LINE('',#5936,#5937);
#5033=VERTEX_POINT('',#5939);
#5034=LINE('',#5940,#5941);
#5035=VERTEX_POINT('',#5943);
#5036=LINE('',#5944,#5945);
#5037=VERTEX_POINT('',#5947);
#5038=LINE('',#5948,#5949);
#5039=VERTEX_POINT('',#5951);
#5040=LINE('',#5952,#5953);
#5041=VERTEX_POINT('',#5955);
#5042=LINE('',#5956,#5957);
#5043=VERTEX_POINT('',#5959);
#5044=LINE('',#5960,#5961);
#5045=VERTEX_POINT('',#5963);
#5046=LINE('',#5964,#5965);
#5047=VERTEX_POINT('',#5967);
#5048=LINE('',#5968,#5969);
#5049=VERTEX_POINT('',#5971);
#5050=LINE('',#5972,#5973);
#5051=VERTEX_POINT('',#5975);
#5052=LINE('',#5976,#5977);
#5053=VERTEX_POINT('',#5979);
#5054=LINE('',#5980,#5981);
#5055=VERTEX_POINT('',#5983);
#5056=LINE('',#5984,#5985);
#5057=VERTEX_POINT('',#5987);
#5058=LINE('',#5988,#5989);
#5059=VERTEX_POINT('',#5991);
#5060=LINE('',#5992,#5993);
#5061=VERTEX_POINT('',#5995);
#5062=LINE('',#5996,#5997);
#5063=VERTEX_POINT('',#5999);
#5064=LINE('',#6000,#6001);
#5065=VERTEX_POINT('',#6003);
#5066=LINE('',#6004,#6005);
#5067=VERTEX_POINT('',#6007);
#5068=LINE('',#6008,#6009);
#5069=VERTEX_POINT('',#6011);
#5070=LINE('',#6012,#6013);
#5071=VERTEX_POINT('',#6015);
#5072=LINE('',#6016,#6017);
#5073=VERTEX_POINT('',#6019);
#5074=LINE('',#6020,#6021);
#5075=VERTEX_POINT('',#6023);
#5076=LINE('',#6024,#6025);
#5077=VERTEX_POINT('',#6027);
#5078=LINE('',#6028,#6029);
#5079=VERTEX_POINT('',#6031);
#5080=LINE('',#6032,#6033);
#5081=VERTEX_POINT('',#6035);
#5082=LINE('',#6036,#6037);
#5083=VERTEX_POINT('',#6039);
#5084=LINE('',#6040,#6041);
#5085=VERTEX_POINT('',#6043);
#5086=LINE('',#6044,#6045);
#5087=VERTEX_POINT('',#6047);
#5088=LINE('',#6048,#6049);
#5089=VERTEX_POINT('',#6051);
#5090=LINE('',#6052,#6053);
#5091=VERTEX_POINT('',#6055);
#5092=LINE('',#6056,#6057);
#5093=LINE('',#6059,#6060);
#5094=VERTEX_POINT('',#6062);
#5095=LINE('',#6063,#6064);
#5096=VERTEX_POINT('',#6066);
#5097=LINE('',#6067,#6068);
#5098=VERTEX_POINT('',#6070);
#5099=LINE('',#6071,#6072);
#5100=VERTEX_POINT('',#6074);
#5101=CIRCLE('',#6075,0.6);
#5102=LINE('',#6079,#6080);
#5103=LINE('',#6082,#6083);
#5104=LINE('',#6085,#6086);
#5105=LINE('',#6088,#6089);
#5106=LINE('',#6091,#6092);
#5107=LINE('',#6094,#6095);
#5108=VERTEX_POINT('',#6097);
#5109=VERTEX_POINT('',#6098);
#5110=LINE('',#6099,#6100);
#5111=LINE('',#6102,#6103);
#5112=VERTEX_POINT('',#6105);
#5113=LINE('',#6106,#6107);
#5114=VERTEX_POINT('',#6109);
#5115=LINE('',#6110,#6111);
#5116=LINE('',#6113,#6114);
#5117=VERTEX_POINT('',#6116);
#5118=LINE('',#6117,#6118);
#5119=LINE('',#6120,#6121);
#5120=VERTEX_POINT('',#6123);
#5121=VERTEX_POINT('',#6124);
#5122=LINE('',#6125,#6126);
#5123=VERTEX_POINT('',#6128);
#5124=LINE('',#6129,#6130);
#5125=LINE('',#6132,#6133);
#5126=LINE('',#6135,#6136);
#5127=VERTEX_POINT('',#6138);
#5128=LINE('',#6139,#6140);
#5129=LINE('',#6142,#6143);
#5130=VERTEX_POINT('',#6145);
#5131=VERTEX_POINT('',#6146);
#5132=LINE('',#6147,#6148);
#5133=VERTEX_POINT('',#6150);
#5134=LINE('',#6151,#6152);
#5135=VERTEX_POINT('',#6154);
#5136=LINE('',#6155,#6156);
#5137=LINE('',#6158,#6159);
#5138=VERTEX_POINT('',#6161);
#5139=VERTEX_POINT('',#6162);
#5140=LINE('',#6163,#6164);
#5141=VERTEX_POINT('',#6166);
#5142=LINE('',#6167,#6168);
#5143=VERTEX_POINT('',#6170);
#5144=LINE('',#6171,#6172);
#5145=LINE('',#6174,#6175);
#5146=VERTEX_POINT('',#6177);
#5147=VERTEX_POINT('',#6178);
#5148=LINE('',#6179,#6180);
#5149=VERTEX_POINT('',#6182);
#5150=LINE('',#6183,#6184);
#5151=VERTEX_POINT('',#6186);
#5152=LINE('',#6187,#6188);
#5153=LINE('',#6190,#6191);
#5154=VERTEX_POINT('',#6193);
#5155=VERTEX_POINT('',#6194);
#5156=LINE('',#6195,#6196);
#5157=VERTEX_POINT('',#6198);
#5158=LINE('',#6199,#6200);
#5159=VERTEX_POINT('',#6202);
#5160=LINE('',#6203,#6204);
#5161=LINE('',#6206,#6207);
#5162=VERTEX_POINT('',#6209);
#5163=VERTEX_POINT('',#6210);
#5164=LINE('',#6211,#6212);
#5165=VERTEX_POINT('',#6214);
#5166=LINE('',#6215,#6216);
#5167=VERTEX_POINT('',#6218);
#5168=LINE('',#6219,#6220);
#5169=LINE('',#6222,#6223);
#5170=VERTEX_POINT('',#6225);
#5171=VERTEX_POINT('',#6226);
#5172=LINE('',#6227,#6228);
#5173=VERTEX_POINT('',#6230);
#5174=LINE('',#6231,#6232);
#5175=VERTEX_POINT('',#6234);
#5176=LINE('',#6235,#6236);
#5177=LINE('',#6238,#6239);
#5178=VERTEX_POINT('',#6241);
#5179=VERTEX_POINT('',#6242);
#5180=LINE('',#6243,#6244);
#5181=VERTEX_POINT('',#6246);
#5182=LINE('',#6247,#6248);
#5183=VERTEX_POINT('',#6250);
#5184=LINE('',#6251,#6252);
#5185=LINE('',#6254,#6255);
#5186=VERTEX_POINT('',#6257);
#5187=VERTEX_POINT('',#6258);
#5188=LINE('',#6259,#6260);
#5189=VERTEX_POINT('',#6262);
#5190=LINE('',#6263,#6264);
#5191=VERTEX_POINT('',#6266);
#5192=LINE('',#6267,#6268);
#5193=LINE('',#6270,#6271);
#5194=VERTEX_POINT('',#6273);
#5195=VERTEX_POINT('',#6274);
#5196=LINE('',#6275,#6276);
#5197=VERTEX_POINT('',#6278);
#5198=LINE('',#6279,#6280);
#5199=LINE('',#6282,#6283);
#5200=LINE('',#6285,#6286);
#5201=VERTEX_POINT('',#6288);
#5202=LINE('',#6289,#6290);
#5203=LINE('',#6292,#6293);
#5204=VERTEX_POINT('',#6295);
#5205=LINE('',#6296,#6297);
#5206=VERTEX_POINT('',#6299);
#5207=LINE('',#6300,#6301);
#5208=VERTEX_POINT('',#6303);
#5209=LINE('',#6304,#6305);
#5210=LINE('',#6307,#6308);
#5211=LINE('',#6310,#6311);
#5212=LINE('',#6313,#6314);
#5213=LINE('',#6316,#6317);
#5214=LINE('',#6319,#6320);
#5215=LINE('',#6322,#6323);
#5216=LINE('',#6325,#6326);
#5217=LINE('',#6328,#6329);
#5218=VERTEX_POINT('',#6331);
#5219=LINE('',#6332,#6333);
#5220=LINE('',#6335,#6336);
#5221=VERTEX_POINT('',#6338);
#5222=LINE('',#6339,#6340);
#5223=LINE('',#6342,#6343);
#5224=VERTEX_POINT('',#6345);
#5225=LINE('',#6346,#6347);
#5226=LINE('',#6349,#6350);
#5227=VERTEX_POINT('',#6352);
#5228=VERTEX_POINT('',#6353);
#5229=LINE('',#6354,#6355);
#5230=VERTEX_POINT('',#6357);
#5231=LINE('',#6358,#6359);
#5232=VERTEX_POINT('',#6361);
#5233=LINE('',#6362,#6363);
#5234=LINE('',#6365,#6366);
#5235=VERTEX_POINT('',#6368);
#5236=LINE('',#6369,#6370);
#5237=LINE('',#6372,#6373);
#5238=VERTEX_POINT('',#6375);
#5239=LINE('',#6376,#6377);
#5240=LINE('',#6379,#6380);
#5241=VERTEX_POINT('',#6382);
#5242=LINE('',#6383,#6384);
#5243=LINE('',#6386,#6387);
#5244=VERTEX_POINT('',#6389);
#5245=LINE('',#6390,#6391);
#5246=LINE('',#6393,#6394);
#5247=VERTEX_POINT('',#6396);
#5248=VERTEX_POINT('',#6397);
#5249=LINE('',#6398,#6399);
#5250=VERTEX_POINT('',#6401);
#5251=LINE('',#6402,#6403);
#5252=VERTEX_POINT('',#6405);
#5253=LINE('',#6406,#6407);
#5254=LINE('',#6409,#6410);
#5255=VERTEX_POINT('',#6412);
#5256=LINE('',#6413,#6414);
#5257=LINE('',#6416,#6417);
#5258=VERTEX_POINT('',#6419);
#5259=LINE('',#6420,#6421);
#5260=LINE('',#6423,#6424);
#5261=VERTEX_POINT('',#6426);
#5262=LINE('',#6427,#6428);
#5263=LINE('',#6430,#6431);
#5264=VERTEX_POINT('',#6433);
#5265=LINE('',#6434,#6435);
#5266=LINE('',#6437,#6438);
#5267=VERTEX_POINT('',#6440);
#5268=VERTEX_POINT('',#6441);
#5269=LINE('',#6442,#6443);
#5270=VERTEX_POINT('',#6445);
#5271=LINE('',#6446,#6447);
#5272=VERTEX_POINT('',#6449);
#5273=LINE('',#6450,#6451);
#5274=LINE('',#6453,#6454);
#5275=VERTEX_POINT('',#6456);
#5276=LINE('',#6457,#6458);
#5277=LINE('',#6460,#6461);
#5278=VERTEX_POINT('',#6463);
#5279=LINE('',#6464,#6465);
#5280=LINE('',#6467,#6468);
#5281=VERTEX_POINT('',#6470);
#5282=LINE('',#6471,#6472);
#5283=LINE('',#6474,#6475);
#5284=VERTEX_POINT('',#6477);
#5285=LINE('',#6478,#6479);
#5286=LINE('',#6481,#6482);
#5287=VERTEX_POINT('',#6484);
#5288=VERTEX_POINT('',#6485);
#5289=LINE('',#6486,#6487);
#5290=VERTEX_POINT('',#6489);
#5291=LINE('',#6490,#6491);
#5292=VERTEX_POINT('',#6493);
#5293=LINE('',#6494,#6495);
#5294=LINE('',#6497,#6498);
#5295=VERTEX_POINT('',#6500);
#5296=LINE('',#6501,#6502);
#5297=LINE('',#6504,#6505);
#5298=VERTEX_POINT('',#6507);
#5299=LINE('',#6508,#6509);
#5300=LINE('',#6511,#6512);
#5301=VERTEX_POINT('',#6514);
#5302=LINE('',#6515,#6516);
#5303=LINE('',#6518,#6519);
#5304=VERTEX_POINT('',#6521);
#5305=LINE('',#6522,#6523);
#5306=LINE('',#6525,#6526);
#5307=VERTEX_POINT('',#6528);
#5308=VERTEX_POINT('',#6529);
#5309=LINE('',#6530,#6531);
#5310=VERTEX_POINT('',#6533);
#5311=LINE('',#6534,#6535);
#5312=VERTEX_POINT('',#6537);
#5313=LINE('',#6538,#6539);
#5314=LINE('',#6541,#6542);
#5315=VERTEX_POINT('',#6544);
#5316=LINE('',#6545,#6546);
#5317=LINE('',#6548,#6549);
#5318=VERTEX_POINT('',#6551);
#5319=LINE('',#6552,#6553);
#5320=LINE('',#6555,#6556);
#5321=VERTEX_POINT('',#6558);
#5322=LINE('',#6559,#6560);
#5323=LINE('',#6562,#6563);
#5324=VERTEX_POINT('',#6565);
#5325=LINE('',#6566,#6567);
#5326=LINE('',#6569,#6570);
#5327=VERTEX_POINT('',#6572);
#5328=VERTEX_POINT('',#6573);
#5329=LINE('',#6574,#6575);
#5330=VERTEX_POINT('',#6577);
#5331=LINE('',#6578,#6579);
#5332=VERTEX_POINT('',#6581);
#5333=LINE('',#6582,#6583);
#5334=LINE('',#6585,#6586);
#5335=VERTEX_POINT('',#6588);
#5336=LINE('',#6589,#6590);
#5337=LINE('',#6592,#6593);
#5338=VERTEX_POINT('',#6595);
#5339=LINE('',#6596,#6597);
#5340=LINE('',#6599,#6600);
#5341=VERTEX_POINT('',#6602);
#5342=LINE('',#6603,#6604);
#5343=LINE('',#6606,#6607);
#5344=VERTEX_POINT('',#6609);
#5345=LINE('',#6610,#6611);
#5346=LINE('',#6613,#6614);
#5347=VERTEX_POINT('',#6616);
#5348=VERTEX_POINT('',#6617);
#5349=LINE('',#6618,#6619);
#5350=VERTEX_POINT('',#6621);
#5351=LINE('',#6622,#6623);
#5352=VERTEX_POINT('',#6625);
#5353=LINE('',#6626,#6627);
#5354=LINE('',#6629,#6630);
#5355=VERTEX_POINT('',#6632);
#5356=LINE('',#6633,#6634);
#5357=LINE('',#6636,#6637);
#5358=VERTEX_POINT('',#6639);
#5359=LINE('',#6640,#6641);
#5360=LINE('',#6643,#6644);
#5361=VERTEX_POINT('',#6646);
#5362=LINE('',#6647,#6648);
#5363=LINE('',#6650,#6651);
#5364=VERTEX_POINT('',#6653);
#5365=LINE('',#6654,#6655);
#5366=LINE('',#6657,#6658);
#5367=VERTEX_POINT('',#6660);
#5368=VERTEX_POINT('',#6661);
#5369=LINE('',#6662,#6663);
#5370=VERTEX_POINT('',#6665);
#5371=LINE('',#6666,#6667);
#5372=VERTEX_POINT('',#6669);
#5373=LINE('',#6670,#6671);
#5374=LINE('',#6673,#6674);
#5375=VERTEX_POINT('',#6676);
#5376=LINE('',#6677,#6678);
#5377=LINE('',#6680,#6681);
#5378=LINE('',#6683,#6684);
#5379=VERTEX_POINT('',#6686);
#5380=LINE('',#6687,#6688);
#5381=LINE('',#6690,#6691);
#5382=LINE('',#6693,#6694);
#5383=VERTEX_POINT('',#6696);
#5384=VERTEX_POINT('',#6697);
#5385=LINE('',#6698,#6699);
#5386=VERTEX_POINT('',#6701);
#5387=LINE('',#6702,#6703);
#5388=LINE('',#6705,#6706);
#5389=LINE('',#6708,#6709);
#5390=LINE('',#6711,#6712);
#5391=LINE('',#6714,#6715);
#5392=VERTEX_POINT('',#6717);
#5393=VERTEX_POINT('',#6718);
#5394=LINE('',#6719,#6720);
#5395=LINE('',#6722,#6723);
#5396=LINE('',#6725,#6726);
#5397=VERTEX_POINT('',#6728);
#5398=LINE('',#6729,#6730);
#5399=LINE('',#6732,#6733);
#5400=VERTEX_POINT('',#6735);
#5401=LINE('',#6736,#6737);
#5402=LINE('',#6739,#6740);
#5403=LINE('',#6742,#6743);
#5404=VERTEX_POINT('',#6745);
#5405=VERTEX_POINT('',#6746);
#5406=LINE('',#6747,#6748);
#5407=LINE('',#6750,#6751);
#5408=LINE('',#6753,#6754);
#5409=VERTEX_POINT('',#6756);
#5410=LINE('',#6757,#6758);
#5411=LINE('',#6760,#6761);
#5412=VERTEX_POINT('',#6763);
#5413=LINE('',#6764,#6765);
#5414=LINE('',#6767,#6768);
#5415=LINE('',#6770,#6771);
#5416=VERTEX_POINT('',#6773);
#5417=VERTEX_POINT('',#6774);
#5418=LINE('',#6775,#6776);
#5419=LINE('',#6778,#6779);
#5420=LINE('',#6781,#6782);
#5421=VERTEX_POINT('',#6784);
#5422=LINE('',#6785,#6786);
#5423=LINE('',#6788,#6789);
#5424=VERTEX_POINT('',#6791);
#5425=LINE('',#6792,#6793);
#5426=LINE('',#6795,#6796);
#5427=LINE('',#6798,#6799);
#5428=VERTEX_POINT('',#6801);
#5429=VERTEX_POINT('',#6802);
#5430=LINE('',#6803,#6804);
#5431=LINE('',#6806,#6807);
#5432=LINE('',#6809,#6810);
#5433=VERTEX_POINT('',#6812);
#5434=LINE('',#6813,#6814);
#5435=LINE('',#6816,#6817);
#5436=VERTEX_POINT('',#6819);
#5437=LINE('',#6820,#6821);
#5438=LINE('',#6823,#6824);
#5439=LINE('',#6826,#6827);
#5440=VERTEX_POINT('',#6829);
#5441=VERTEX_POINT('',#6830);
#5442=LINE('',#6831,#6832);
#5443=LINE('',#6834,#6835);
#5444=LINE('',#6837,#6838);
#5445=VERTEX_POINT('',#6840);
#5446=LINE('',#6841,#6842);
#5447=LINE('',#6844,#6845);
#5448=VERTEX_POINT('',#6847);
#5449=LINE('',#6848,#6849);
#5450=LINE('',#6851,#6852);
#5451=LINE('',#6854,#6855);
#5452=VERTEX_POINT('',#6857);
#5453=VERTEX_POINT('',#6858);
#5454=LINE('',#6859,#6860);
#5455=LINE('',#6862,#6863);
#5456=LINE('',#6865,#6866);
#5457=VERTEX_POINT('',#6868);
#5458=LINE('',#6869,#6870);
#5459=LINE('',#6872,#6873);
#5460=VERTEX_POINT('',#6875);
#5461=LINE('',#6876,#6877);
#5462=LINE('',#6879,#6880);
#5463=LINE('',#6882,#6883);
#5464=VERTEX_POINT('',#6885);
#5465=VERTEX_POINT('',#6886);
#5466=LINE('',#6887,#6888);
#5467=LINE('',#6890,#6891);
#5468=LINE('',#6893,#6894);
#5469=VERTEX_POINT('',#6896);
#5470=LINE('',#6897,#6898);
#5471=LINE('',#6900,#6901);
#5472=VERTEX_POINT('',#6903);
#5473=LINE('',#6904,#6905);
#5474=LINE('',#6907,#6908);
#5475=LINE('',#6910,#6911);
#5476=VERTEX_POINT('',#6913);
#5477=VERTEX_POINT('',#6914);
#5478=LINE('',#6915,#6916);
#5479=LINE('',#6918,#6919);
#5480=LINE('',#6921,#6922);
#5481=VERTEX_POINT('',#6924);
#5482=LINE('',#6925,#6926);
#5483=LINE('',#6928,#6929);
#5484=VERTEX_POINT('',#6931);
#5485=LINE('',#6932,#6933);
#5486=LINE('',#6935,#6936);
#5487=LINE('',#6938,#6939);
#5488=LINE('',#6941,#6942);
#5489=LINE('',#6944,#6945);
#5490=VERTEX_POINT('',#6947);
#5491=VERTEX_POINT('',#6948);
#5492=LINE('',#6949,#6950);
#5493=LINE('',#6952,#6953);
#5494=LINE('',#6955,#6956);
#5495=VERTEX_POINT('',#6958);
#5496=LINE('',#6959,#6960);
#5497=LINE('',#6962,#6963);
#5498=VERTEX_POINT('',#6965);
#5499=LINE('',#6966,#6967);
#5500=LINE('',#6969,#6970);
#5501=LINE('',#6972,#6973);
#5502=VERTEX_POINT('',#6975);
#5503=VERTEX_POINT('',#6976);
#5504=LINE('',#6977,#6978);
#5505=LINE('',#6980,#6981);
#5506=LINE('',#6983,#6984);
#5507=VERTEX_POINT('',#6986);
#5508=LINE('',#6987,#6988);
#5509=LINE('',#6990,#6991);
#5510=VERTEX_POINT('',#6993);
#5511=LINE('',#6994,#6995);
#5512=LINE('',#6997,#6998);
#5513=LINE('',#7000,#7001);
#5514=VERTEX_POINT('',#7003);
#5515=VERTEX_POINT('',#7004);
#5516=LINE('',#7005,#7006);
#5517=LINE('',#7008,#7009);
#5518=LINE('',#7011,#7012);
#5519=VERTEX_POINT('',#7014);
#5520=LINE('',#7015,#7016);
#5521=LINE('',#7018,#7019);
#5522=VERTEX_POINT('',#7021);
#5523=LINE('',#7022,#7023);
#5524=LINE('',#7025,#7026);
#5525=LINE('',#7028,#7029);
#5526=VERTEX_POINT('',#7031);
#5527=VERTEX_POINT('',#7032);
#5528=LINE('',#7033,#7034);
#5529=LINE('',#7036,#7037);
#5530=LINE('',#7039,#7040);
#5531=VERTEX_POINT('',#7042);
#5532=LINE('',#7043,#7044);
#5533=LINE('',#7046,#7047);
#5534=VERTEX_POINT('',#7049);
#5535=LINE('',#7050,#7051);
#5536=LINE('',#7053,#7054);
#5537=LINE('',#7056,#7057);
#5538=VERTEX_POINT('',#7059);
#5539=VERTEX_POINT('',#7060);
#5540=LINE('',#7061,#7062);
#5541=LINE('',#7064,#7065);
#5542=LINE('',#7067,#7068);
#5543=VERTEX_POINT('',#7070);
#5544=LINE('',#7071,#7072);
#5545=LINE('',#7074,#7075);
#5546=VERTEX_POINT('',#7077);
#5547=LINE('',#7078,#7079);
#5548=LINE('',#7081,#7082);
#5549=LINE('',#7084,#7085);
#5550=VERTEX_POINT('',#7087);
#5551=VERTEX_POINT('',#7088);
#5552=LINE('',#7089,#7090);
#5553=LINE('',#7092,#7093);
#5554=LINE('',#7095,#7096);
#5555=VERTEX_POINT('',#7098);
#5556=LINE('',#7099,#7100);
#5557=LINE('',#7102,#7103);
#5558=VERTEX_POINT('',#7105);
#5559=LINE('',#7106,#7107);
#5560=LINE('',#7109,#7110);
#5561=LINE('',#7112,#7113);
#5562=VERTEX_POINT('',#7115);
#5563=VERTEX_POINT('',#7116);
#5564=LINE('',#7117,#7118);
#5565=LINE('',#7120,#7121);
#5566=LINE('',#7123,#7124);
#5567=VERTEX_POINT('',#7126);
#5568=LINE('',#7127,#7128);
#5569=LINE('',#7130,#7131);
#5570=VERTEX_POINT('',#7133);
#5571=LINE('',#7134,#7135);
#5572=LINE('',#7137,#7138);
#5573=LINE('',#7140,#7141);
#5574=VERTEX_POINT('',#7143);
#5575=VERTEX_POINT('',#7144);
#5576=LINE('',#7145,#7146);
#5577=LINE('',#7148,#7149);
#5578=LINE('',#7151,#7152);
#5579=VERTEX_POINT('',#7154);
#5580=LINE('',#7155,#7156);
#5581=LINE('',#7158,#7159);
#5582=VERTEX_POINT('',#7161);
#5583=LINE('',#7162,#7163);
#5584=LINE('',#7165,#7166);
#5585=LINE('',#7168,#7169);
#5586=VERTEX_POINT('',#7171);
#5587=LINE('',#7172,#7173);
#5588=VERTEX_POINT('',#7175);
#5589=LINE('',#7176,#7177);
#5590=LINE('',#7179,#7180);
#5591=VERTEX_POINT('',#7182);
#5592=LINE('',#7183,#7184);
#5593=LINE('',#7186,#7187);
#5594=VERTEX_POINT('',#7189);
#5595=LINE('',#7190,#7191);
#5596=LINE('',#7193,#7194);
#5597=LINE('',#7196,#7197);
#5598=VERTEX_POINT('',#7199);
#5599=LINE('',#7200,#7201);
#5600=VERTEX_POINT('',#7203);
#5601=LINE('',#7204,#7205);
#5602=LINE('',#7207,#7208);
#5603=VERTEX_POINT('',#7210);
#5604=LINE('',#7211,#7212);
#5605=LINE('',#7214,#7215);
#5606=VERTEX_POINT('',#7217);
#5607=LINE('',#7218,#7219);
#5608=LINE('',#7221,#7222);
#5609=LINE('',#7224,#7225);
#5610=VERTEX_POINT('',#7227);
#5611=LINE('',#7228,#7229);
#5612=VERTEX_POINT('',#7231);
#5613=LINE('',#7232,#7233);
#5614=LINE('',#7235,#7236);
#5615=VERTEX_POINT('',#7238);
#5616=LINE('',#7239,#7240);
#5617=LINE('',#7242,#7243);
#5618=VERTEX_POINT('',#7245);
#5619=LINE('',#7246,#7247);
#5620=LINE('',#7249,#7250);
#5621=LINE('',#7252,#7253);
#5622=VERTEX_POINT('',#7255);
#5623=LINE('',#7256,#7257);
#5624=VERTEX_POINT('',#7259);
#5625=LINE('',#7260,#7261);
#5626=LINE('',#7263,#7264);
#5627=VERTEX_POINT('',#7266);
#5628=LINE('',#7267,#7268);
#5629=LINE('',#7270,#7271);
#5630=VERTEX_POINT('',#7273);
#5631=LINE('',#7274,#7275);
#5632=LINE('',#7277,#7278);
#5633=LINE('',#7280,#7281);
#5634=VERTEX_POINT('',#7283);
#5635=LINE('',#7284,#7285);
#5636=VERTEX_POINT('',#7287);
#5637=LINE('',#7288,#7289);
#5638=LINE('',#7291,#7292);
#5639=VERTEX_POINT('',#7294);
#5640=LINE('',#7295,#7296);
#5641=LINE('',#7298,#7299);
#5642=VERTEX_POINT('',#7301);
#5643=LINE('',#7302,#7303);
#5644=LINE('',#7305,#7306);
#5645=LINE('',#7308,#7309);
#5646=VERTEX_POINT('',#7311);
#5647=LINE('',#7312,#7313);
#5648=VERTEX_POINT('',#7315);
#5649=LINE('',#7316,#7317);
#5650=LINE('',#7319,#7320);
#5651=VERTEX_POINT('',#7322);
#5652=LINE('',#7323,#7324);
#5653=LINE('',#7326,#7327);
#5654=VERTEX_POINT('',#7329);
#5655=LINE('',#7330,#7331);
#5656=LINE('',#7333,#7334);
#5657=LINE('',#7336,#7337);
#5658=VERTEX_POINT('',#7339);
#5659=LINE('',#7340,#7341);
#5660=VERTEX_POINT('',#7343);
#5661=LINE('',#7344,#7345);
#5662=LINE('',#7347,#7348);
#5663=VERTEX_POINT('',#7350);
#5664=LINE('',#7351,#7352);
#5665=LINE('',#7354,#7355);
#5666=VERTEX_POINT('',#7357);
#5667=LINE('',#7358,#7359);
#5668=LINE('',#7361,#7362);
#5669=LINE('',#7364,#7365);
#5670=VERTEX_POINT('',#7367);
#5671=LINE('',#7368,#7369);
#5672=VERTEX_POINT('',#7371);
#5673=LINE('',#7372,#7373);
#5674=LINE('',#7375,#7376);
#5675=VERTEX_POINT('',#7378);
#5676=LINE('',#7379,#7380);
#5677=LINE('',#7382,#7383);
#5678=VERTEX_POINT('',#7385);
#5679=LINE('',#7386,#7387);
#5680=LINE('',#7389,#7390);
#5681=LINE('',#7392,#7393);
#5682=VERTEX_POINT('',#7395);
#5683=LINE('',#7396,#7397);
#5684=VERTEX_POINT('',#7399);
#5685=LINE('',#7400,#7401);
#5686=LINE('',#7403,#7404);
#5687=VERTEX_POINT('',#7406);
#5688=LINE('',#7407,#7408);
#5689=LINE('',#7410,#7411);
#5690=VERTEX_POINT('',#7413);
#5691=LINE('',#7414,#7415);
#5692=LINE('',#7417,#7418);
#5693=LINE('',#7420,#7421);
#5694=VERTEX_POINT('',#7423);
#5695=LINE('',#7424,#7425);
#5696=VERTEX_POINT('',#7427);
#5697=LINE('',#7428,#7429);
#5698=LINE('',#7431,#7432);
#5699=VERTEX_POINT('',#7434);
#5700=LINE('',#7435,#7436);
#5701=LINE('',#7438,#7439);
#5702=VERTEX_POINT('',#7441);
#5703=LINE('',#7442,#7443);
#5704=LINE('',#7445,#7446);
#5705=LINE('',#7448,#7449);
#5706=VERTEX_POINT('',#7451);
#5707=LINE('',#7452,#7453);
#5708=VERTEX_POINT('',#7455);
#5709=LINE('',#7456,#7457);
#5710=LINE('',#7459,#7460);
#5711=VERTEX_POINT('',#7462);
#5712=LINE('',#7463,#7464);
#5713=LINE('',#7466,#7467);
#5714=VERTEX_POINT('',#7469);
#5715=LINE('',#7470,#7471);
#5716=LINE('',#7473,#7474);
#5717=LINE('',#7476,#7477);
#5718=VERTEX_POINT('',#7479);
#5719=LINE('',#7480,#7481);
#5720=VERTEX_POINT('',#7483);
#5721=LINE('',#7484,#7485);
#5722=LINE('',#7487,#7488);
#5723=VERTEX_POINT('',#7490);
#5724=LINE('',#7491,#7492);
#5725=LINE('',#7494,#7495);
#5726=VERTEX_POINT('',#7497);
#5727=LINE('',#7498,#7499);
#5728=LINE('',#7501,#7502);
#5729=LINE('',#7504,#7505);
#5730=VERTEX_POINT('',#7507);
#5731=LINE('',#7508,#7509);
#5732=VERTEX_POINT('',#7511);
#5733=LINE('',#7512,#7513);
#5734=LINE('',#7515,#7516);
#5735=VERTEX_POINT('',#7518);
#5736=LINE('',#7519,#7520);
#5737=LINE('',#7522,#7523);
#5738=VERTEX_POINT('',#7525);
#5739=LINE('',#7526,#7527);
#5740=LINE('',#7529,#7530);
#5741=LINE('',#7532,#7533);
#5742=VERTEX_POINT('',#7535);
#5743=LINE('',#7536,#7537);
#5744=VERTEX_POINT('',#7539);
#5745=LINE('',#7540,#7541);
#5746=LINE('',#7543,#7544);
#5747=VERTEX_POINT('',#7546);
#5748=LINE('',#7547,#7548);
#5749=LINE('',#7550,#7551);
#5750=VERTEX_POINT('',#7553);
#5751=LINE('',#7554,#7555);
#5752=LINE('',#7557,#7558);
#5753=LINE('',#7560,#7561);
#5754=VERTEX_POINT('',#7563);
#5755=LINE('',#7564,#7565);
#5756=VERTEX_POINT('',#7567);
#5757=LINE('',#7568,#7569);
#5758=LINE('',#7571,#7572);
#5759=VERTEX_POINT('',#7574);
#5760=LINE('',#7575,#7576);
#5761=LINE('',#7578,#7579);
#5762=VERTEX_POINT('',#7581);
#5763=LINE('',#7582,#7583);
#5764=LINE('',#7585,#7586);
#5765=LINE('',#7588,#7589);
#5766=VERTEX_POINT('',#7591);
#5767=LINE('',#7592,#7593);
#5768=VERTEX_POINT('',#7595);
#5769=LINE('',#7596,#7597);
#5770=LINE('',#7599,#7600);
#5771=VERTEX_POINT('',#7602);
#5772=LINE('',#7603,#7604);
#5773=LINE('',#7606,#7607);
#5774=VERTEX_POINT('',#7609);
#5775=LINE('',#7610,#7611);
#5776=LINE('',#7613,#7614);
#5777=LINE('',#7616,#7617);
#5778=CARTESIAN_POINT('',(16.25,-1.5,7.));
#5779=CARTESIAN_POINT('',(16.25,-1.5,3.));
#5780=CARTESIAN_POINT('',(16.25,-1.5,7.));
#5781=VECTOR('',#5782,1.);
#5782=DIRECTION('',(0.,0.,-1.));
#5783=CARTESIAN_POINT('',(18.15,-1.5,3.));
#5784=CARTESIAN_POINT('',(16.25,-1.5,3.));
#5785=VECTOR('',#5786,1.);
#5786=DIRECTION('',(1.,0.,0.));
#5787=CARTESIAN_POINT('',(18.75,-1.5,3.6));
#5788=AXIS2_PLACEMENT_3D('',#5789,#5790,#5791);
#5789=CARTESIAN_POINT('',(18.15,-1.5,3.6));
#5790=DIRECTION('',(0.,-1.,0.));
#5791=DIRECTION('',(0.,0.,-1.));
#5792=CARTESIAN_POINT('',(18.75,-1.5,6.2));
#5793=CARTESIAN_POINT('',(18.75,-1.5,3.6));
#5794=VECTOR('',#5795,1.);
#5795=DIRECTION('',(0.,0.,1.));
#5796=CARTESIAN_POINT('',(18.35,-1.5,6.6));
#5797=CARTESIAN_POINT('',(18.75,-1.5,6.2));
#5798=VECTOR('',#5799,1.);
#5799=DIRECTION('',(-0.707106781186546,0.,0.707106781186549));
#5800=CARTESIAN_POINT('',(18.75,-1.5,7.));
#5801=CARTESIAN_POINT('',(18.35,-1.5,6.6));
#5802=VECTOR('',#5803,1.);
#5803=DIRECTION('',(0.707106781186546,0.,0.707106781186549));
#5804=CARTESIAN_POINT('',(20.,-1.5,7.));
#5805=CARTESIAN_POINT('',(18.75,-1.5,7.));
#5806=VECTOR('',#5807,1.);
#5807=DIRECTION('',(1.,-1.77635683940025E-016,0.));
#5808=CARTESIAN_POINT('',(20.,-1.5,3.));
#5809=CARTESIAN_POINT('',(20.,-1.5,3.));
#5810=VECTOR('',#5811,1.);
#5811=DIRECTION('',(0.,0.,1.));
#5812=CARTESIAN_POINT('',(19.3,-1.5,3.));
#5813=CARTESIAN_POINT('',(20.,-1.5,3.));
#5814=VECTOR('',#5815,1.);
#5815=DIRECTION('',(-1.,-3.17206578464331E-016,0.));
#5816=CARTESIAN_POINT('',(19.3,-1.5,2.));
#5817=CARTESIAN_POINT('',(19.3,-1.5,2.));
#5818=VECTOR('',#5819,1.);
#5819=DIRECTION('',(0.,0.,1.));
#5820=CARTESIAN_POINT('',(-1.8,-1.5,2.));
#5821=CARTESIAN_POINT('',(-1.8,-1.5,2.));
#5822=VECTOR('',#5823,1.);
#5823=DIRECTION('',(1.,0.,0.));
#5824=CARTESIAN_POINT('',(-1.8,-1.5,3.));
#5825=CARTESIAN_POINT('',(-1.8,-1.5,2.));
#5826=VECTOR('',#5827,1.);
#5827=DIRECTION('',(0.,0.,1.));
#5828=CARTESIAN_POINT('',(-2.5,-1.5,3.));
#5829=CARTESIAN_POINT('',(-1.8,-1.5,3.));
#5830=VECTOR('',#5831,1.);
#5831=DIRECTION('',(-1.,0.,0.));
#5832=CARTESIAN_POINT('',(-2.5,-1.5,7.));
#5833=CARTESIAN_POINT('',(-2.5,-1.5,3.));
#5834=VECTOR('',#5835,1.);
#5835=DIRECTION('',(0.,0.,1.));
#5836=CARTESIAN_POINT('',(-1.25,-1.5,7.));
#5837=CARTESIAN_POINT('',(-2.5,-1.5,7.));
#5838=VECTOR('',#5839,1.);
#5839=DIRECTION('',(1.,0.,0.));
#5840=CARTESIAN_POINT('',(-0.85,-1.5,6.6));
#5841=CARTESIAN_POINT('',(-1.25,-1.5,7.));
#5842=VECTOR('',#5843,1.);
#5843=DIRECTION('',(0.707106781186547,0.,-0.707106781186548));
#5844=CARTESIAN_POINT('',(-1.25,-1.5,6.2));
#5845=CARTESIAN_POINT('',(-0.85,-1.5,6.6));
#5846=VECTOR('',#5847,1.);
#5847=DIRECTION('',(-0.707106781186547,0.,-0.707106781186548));
#5848=CARTESIAN_POINT('',(-1.25,-1.5,3.6));
#5849=CARTESIAN_POINT('',(-1.25,-1.5,6.2));
#5850=VECTOR('',#5851,1.);
#5851=DIRECTION('',(0.,0.,-1.));
#5852=CARTESIAN_POINT('',(-0.65,-1.5,3.));
#5853=AXIS2_PLACEMENT_3D('',#5854,#5855,#5856);
#5854=CARTESIAN_POINT('',(-0.65,-1.5,3.6));
#5855=DIRECTION('',(0.,-1.,0.));
#5856=DIRECTION('',(-1.,0.,0.));
#5857=CARTESIAN_POINT('',(1.25,-1.5,3.));
#5858=CARTESIAN_POINT('',(-0.65,-1.5,3.));
#5859=VECTOR('',#5860,1.);
#5860=DIRECTION('',(1.,0.,0.));
#5861=CARTESIAN_POINT('',(1.25,-1.5,7.));
#5862=CARTESIAN_POINT('',(1.25,-1.5,3.));
#5863=VECTOR('',#5864,1.);
#5864=DIRECTION('',(0.,0.,1.));
#5865=CARTESIAN_POINT('',(1.25,-1.5,7.));
#5866=VECTOR('',#5867,1.);
#5867=DIRECTION('',(1.,0.,0.));
#5868=CARTESIAN_POINT('',(16.25,-2.2,7.));
#5869=CARTESIAN_POINT('',(16.25,-1.5,7.));
#5870=VECTOR('',#5871,1.);
#5871=DIRECTION('',(0.,-1.,0.));
#5872=CARTESIAN_POINT('',(1.25,-2.2,7.));
#5873=CARTESIAN_POINT('',(1.25,-2.2,7.));
#5874=VECTOR('',#5875,1.);
#5875=DIRECTION('',(0.,1.,0.));
#5876=CARTESIAN_POINT('',(1.25,-2.2,7.));
#5877=VECTOR('',#5878,1.);
#5878=DIRECTION('',(1.,0.,5.9211894646675E-017));
#5879=CARTESIAN_POINT('',(18.75,-2.2,7.));
#5880=CARTESIAN_POINT('',(18.75,-2.2,7.));
#5881=VECTOR('',#5882,1.);
#5882=DIRECTION('',(0.,1.,0.));
#5883=CARTESIAN_POINT('',(20.,-2.2,7.));
#5884=CARTESIAN_POINT('',(18.75,-2.2,7.));
#5885=VECTOR('',#5886,1.);
#5886=DIRECTION('',(1.,0.,0.));
#5887=CARTESIAN_POINT('',(20.,-2.2,7.));
#5888=VECTOR('',#5889,1.);
#5889=DIRECTION('',(0.,1.,0.));
#5890=CARTESIAN_POINT('',(16.25,-2.2,3.));
#5891=CARTESIAN_POINT('',(16.25,-2.2,7.));
#5892=VECTOR('',#5893,1.);
#5893=DIRECTION('',(0.,0.,-1.));
#5894=CARTESIAN_POINT('',(1.25,-2.2,3.));
#5895=CARTESIAN_POINT('',(1.25,-2.2,3.));
#5896=VECTOR('',#5897,1.);
#5897=DIRECTION('',(0.,0.,1.));
#5898=CARTESIAN_POINT('',(-0.65,-2.2,3.));
#5899=CARTESIAN_POINT('',(-0.65,-2.2,3.));
#5900=VECTOR('',#5901,1.);
#5901=DIRECTION('',(1.,0.,0.));
#5902=CARTESIAN_POINT('',(-1.25,-2.2,3.6));
#5903=AXIS2_PLACEMENT_3D('',#5904,#5905,#5906);
#5904=CARTESIAN_POINT('',(-0.65,-2.2,3.6));
#5905=DIRECTION('',(0.,-1.,0.));
#5906=DIRECTION('',(-1.,0.,0.));
#5907=CARTESIAN_POINT('',(-1.25,-2.2,6.2));
#5908=CARTESIAN_POINT('',(-1.25,-2.2,6.2));
#5909=VECTOR('',#5910,1.);
#5910=DIRECTION('',(0.,0.,-1.));
#5911=CARTESIAN_POINT('',(-0.85,-2.2,6.6));
#5912=CARTESIAN_POINT('',(-0.85,-2.2,6.6));
#5913=VECTOR('',#5914,1.);
#5914=DIRECTION('',(-0.707106781186547,0.,-0.707106781186548));
#5915=CARTESIAN_POINT('',(-1.25,-2.2,7.));
#5916=CARTESIAN_POINT('',(-1.25,-2.2,7.));
#5917=VECTOR('',#5918,1.);
#5918=DIRECTION('',(0.707106781186547,0.,-0.707106781186548));
#5919=CARTESIAN_POINT('',(-2.5,-2.2,7.));
#5920=CARTESIAN_POINT('',(-2.5,-2.2,7.));
#5921=VECTOR('',#5922,1.);
#5922=DIRECTION('',(1.,0.,0.));
#5923=CARTESIAN_POINT('',(-2.5,-2.2,0.));
#5924=CARTESIAN_POINT('',(-2.5,-2.2,0.));
#5925=VECTOR('',#5926,1.);
#5926=DIRECTION('',(0.,0.,1.));
#5927=CARTESIAN_POINT('',(-0.85,-2.2,0.));
#5928=CARTESIAN_POINT('',(-0.85,-2.2,0.));
#5929=VECTOR('',#5930,1.);
#5930=DIRECTION('',(-1.,0.,0.));
#5931=CARTESIAN_POINT('',(-0.85,-2.2,0.4));
#5932=CARTESIAN_POINT('',(-0.85,-2.2,0.4));
#5933=VECTOR('',#5934,1.);
#5934=DIRECTION('',(0.,0.,-1.));
#5935=CARTESIAN_POINT('',(0.85,-2.2,0.4));
#5936=CARTESIAN_POINT('',(-0.85,-2.2,0.4));
#5937=VECTOR('',#5938,1.);
#5938=DIRECTION('',(1.,0.,0.));
#5939=CARTESIAN_POINT('',(0.85,-2.2,0.));
#5940=CARTESIAN_POINT('',(0.85,-2.2,0.));
#5941=VECTOR('',#5942,1.);
#5942=DIRECTION('',(0.,0.,1.));
#5943=CARTESIAN_POINT('',(1.65,-2.2,0.));
#5944=CARTESIAN_POINT('',(0.85,-2.2,0.));
#5945=VECTOR('',#5946,1.);
#5946=DIRECTION('',(1.,0.,0.));
#5947=CARTESIAN_POINT('',(1.65,-2.2,0.4));
#5948=CARTESIAN_POINT('',(1.65,-2.2,0.4));
#5949=VECTOR('',#5950,1.);
#5950=DIRECTION('',(0.,0.,-1.));
#5951=CARTESIAN_POINT('',(3.35,-2.2,0.4));
#5952=CARTESIAN_POINT('',(1.65,-2.2,0.4));
#5953=VECTOR('',#5954,1.);
#5954=DIRECTION('',(1.,0.,0.));
#5955=CARTESIAN_POINT('',(3.35,-2.2,0.));
#5956=CARTESIAN_POINT('',(3.35,-2.2,0.));
#5957=VECTOR('',#5958,1.);
#5958=DIRECTION('',(0.,0.,1.));
#5959=CARTESIAN_POINT('',(4.15,-2.2,0.));
#5960=CARTESIAN_POINT('',(3.35,-2.2,0.));
#5961=VECTOR('',#5962,1.);
#5962=DIRECTION('',(1.,0.,0.));
#5963=CARTESIAN_POINT('',(4.15,-2.2,0.4));
#5964=CARTESIAN_POINT('',(4.15,-2.2,0.4));
#5965=VECTOR('',#5966,1.);
#5966=DIRECTION('',(0.,0.,-1.));
#5967=CARTESIAN_POINT('',(5.85,-2.2,0.4));
#5968=CARTESIAN_POINT('',(4.15,-2.2,0.4));
#5969=VECTOR('',#5970,1.);
#5970=DIRECTION('',(1.,0.,0.));
#5971=CARTESIAN_POINT('',(5.85,-2.2,0.));
#5972=CARTESIAN_POINT('',(5.85,-2.2,0.));
#5973=VECTOR('',#5974,1.);
#5974=DIRECTION('',(0.,0.,1.));
#5975=CARTESIAN_POINT('',(6.65,-2.2,0.));
#5976=CARTESIAN_POINT('',(5.85,-2.2,0.));
#5977=VECTOR('',#5978,1.);
#5978=DIRECTION('',(1.,0.,0.));
#5979=CARTESIAN_POINT('',(6.65,-2.2,0.4));
#5980=CARTESIAN_POINT('',(6.65,-2.2,0.4));
#5981=VECTOR('',#5982,1.);
#5982=DIRECTION('',(0.,0.,-1.));
#5983=CARTESIAN_POINT('',(8.35,-2.2,0.4));
#5984=CARTESIAN_POINT('',(6.65,-2.2,0.4));
#5985=VECTOR('',#5986,1.);
#5986=DIRECTION('',(1.,0.,0.));
#5987=CARTESIAN_POINT('',(8.35,-2.2,0.));
#5988=CARTESIAN_POINT('',(8.35,-2.2,0.));
#5989=VECTOR('',#5990,1.);
#5990=DIRECTION('',(0.,0.,1.));
#5991=CARTESIAN_POINT('',(9.15,-2.2,0.));
#5992=CARTESIAN_POINT('',(8.35,-2.2,0.));
#5993=VECTOR('',#5994,1.);
#5994=DIRECTION('',(1.,0.,0.));
#5995=CARTESIAN_POINT('',(9.15,-2.2,0.4));
#5996=CARTESIAN_POINT('',(9.15,-2.2,0.4));
#5997=VECTOR('',#5998,1.);
#5998=DIRECTION('',(0.,0.,-1.));
#5999=CARTESIAN_POINT('',(10.85,-2.2,0.4));
#6000=CARTESIAN_POINT('',(9.15,-2.2,0.4));
#6001=VECTOR('',#6002,1.);
#6002=DIRECTION('',(1.,0.,0.));
#6003=CARTESIAN_POINT('',(10.85,-2.2,0.));
#6004=CARTESIAN_POINT('',(10.85,-2.2,0.));
#6005=VECTOR('',#6006,1.);
#6006=DIRECTION('',(0.,0.,1.));
#6007=CARTESIAN_POINT('',(11.65,-2.2,0.));
#6008=CARTESIAN_POINT('',(10.85,-2.2,0.));
#6009=VECTOR('',#6010,1.);
#6010=DIRECTION('',(1.,0.,0.));
#6011=CARTESIAN_POINT('',(11.65,-2.2,0.4));
#6012=CARTESIAN_POINT('',(11.65,-2.2,0.4));
#6013=VECTOR('',#6014,1.);
#6014=DIRECTION('',(0.,0.,-1.));
#6015=CARTESIAN_POINT('',(13.35,-2.2,0.4));
#6016=CARTESIAN_POINT('',(11.65,-2.2,0.4));
#6017=VECTOR('',#6018,1.);
#6018=DIRECTION('',(1.,0.,0.));
#6019=CARTESIAN_POINT('',(13.35,-2.2,0.));
#6020=CARTESIAN_POINT('',(13.35,-2.2,0.));
#6021=VECTOR('',#6022,1.);
#6022=DIRECTION('',(0.,0.,1.));
#6023=CARTESIAN_POINT('',(14.15,-2.2,0.));
#6024=CARTESIAN_POINT('',(13.35,-2.2,0.));
#6025=VECTOR('',#6026,1.);
#6026=DIRECTION('',(1.,0.,0.));
#6027=CARTESIAN_POINT('',(14.15,-2.2,0.4));
#6028=CARTESIAN_POINT('',(14.15,-2.2,0.4));
#6029=VECTOR('',#6030,1.);
#6030=DIRECTION('',(0.,0.,-1.));
#6031=CARTESIAN_POINT('',(15.85,-2.2,0.4));
#6032=CARTESIAN_POINT('',(14.15,-2.2,0.4));
#6033=VECTOR('',#6034,1.);
#6034=DIRECTION('',(1.,0.,0.));
#6035=CARTESIAN_POINT('',(15.85,-2.2,0.));
#6036=CARTESIAN_POINT('',(15.85,-2.2,0.));
#6037=VECTOR('',#6038,1.);
#6038=DIRECTION('',(0.,0.,1.));
#6039=CARTESIAN_POINT('',(16.65,-2.2,0.));
#6040=CARTESIAN_POINT('',(15.85,-2.2,0.));
#6041=VECTOR('',#6042,1.);
#6042=DIRECTION('',(1.,0.,0.));
#6043=CARTESIAN_POINT('',(16.65,-2.2,0.4));
#6044=CARTESIAN_POINT('',(16.65,-2.2,0.4));
#6045=VECTOR('',#6046,1.);
#6046=DIRECTION('',(0.,0.,-1.));
#6047=CARTESIAN_POINT('',(18.35,-2.2,0.4));
#6048=CARTESIAN_POINT('',(16.65,-2.2,0.4));
#6049=VECTOR('',#6050,1.);
#6050=DIRECTION('',(1.,0.,0.));
#6051=CARTESIAN_POINT('',(18.35,-2.2,0.));
#6052=CARTESIAN_POINT('',(18.35,-2.2,0.));
#6053=VECTOR('',#6054,1.);
#6054=DIRECTION('',(0.,0.,1.));
#6055=CARTESIAN_POINT('',(20.,-2.2,0.));
#6056=CARTESIAN_POINT('',(18.35,-2.2,0.));
#6057=VECTOR('',#6058,1.);
#6058=DIRECTION('',(1.,0.,0.));
#6059=CARTESIAN_POINT('',(20.,-2.2,0.));
#6060=VECTOR('',#6061,1.);
#6061=DIRECTION('',(0.,0.,1.));
#6062=CARTESIAN_POINT('',(18.35,-2.2,6.6));
#6063=CARTESIAN_POINT('',(18.35,-2.2,6.6));
#6064=VECTOR('',#6065,1.);
#6065=DIRECTION('',(0.707106781186548,0.,0.707106781186548));
#6066=CARTESIAN_POINT('',(18.75,-2.2,6.2));
#6067=CARTESIAN_POINT('',(18.75,-2.2,6.2));
#6068=VECTOR('',#6069,1.);
#6069=DIRECTION('',(-0.707106781186546,0.,0.707106781186549));
#6070=CARTESIAN_POINT('',(18.75,-2.2,3.6));
#6071=CARTESIAN_POINT('',(18.75,-2.2,3.6));
#6072=VECTOR('',#6073,1.);
#6073=DIRECTION('',(0.,0.,1.));
#6074=CARTESIAN_POINT('',(18.15,-2.2,3.));
#6075=AXIS2_PLACEMENT_3D('',#6076,#6077,#6078);
#6076=CARTESIAN_POINT('',(18.15,-2.2,3.6));
#6077=DIRECTION('',(0.,-1.,0.));
#6078=DIRECTION('',(0.,0.,-1.));
#6079=CARTESIAN_POINT('',(16.25,-2.2,3.));
#6080=VECTOR('',#6081,1.);
#6081=DIRECTION('',(1.,0.,0.));
#6082=CARTESIAN_POINT('',(18.35,-1.5,6.6));
#6083=VECTOR('',#6084,1.);
#6084=DIRECTION('',(0.,-1.,0.));
#6085=CARTESIAN_POINT('',(18.75,-1.5,6.2));
#6086=VECTOR('',#6087,1.);
#6087=DIRECTION('',(0.,-1.,0.));
#6088=CARTESIAN_POINT('',(18.75,-1.5,3.6));
#6089=VECTOR('',#6090,1.);
#6090=DIRECTION('',(0.,-1.,0.));
#6091=CARTESIAN_POINT('',(18.15,-1.5,3.));
#6092=VECTOR('',#6093,1.);
#6093=DIRECTION('',(0.,-1.,0.));
#6094=CARTESIAN_POINT('',(16.25,-1.5,3.));
#6095=VECTOR('',#6096,1.);
#6096=DIRECTION('',(0.,-1.,0.));
#6097=CARTESIAN_POINT('',(20.,-0.4,7.));
#6098=CARTESIAN_POINT('',(20.,-0.4,3.));
#6099=CARTESIAN_POINT('',(20.,-0.4,7.));
#6100=VECTOR('',#6101,1.);
#6101=DIRECTION('',(0.,0.,-1.));
#6102=CARTESIAN_POINT('',(20.,-0.4,3.));
#6103=VECTOR('',#6104,1.);
#6104=DIRECTION('',(0.,-1.,0.));
#6105=CARTESIAN_POINT('',(20.,3.55,0.));
#6106=CARTESIAN_POINT('',(20.,3.55,0.));
#6107=VECTOR('',#6108,1.);
#6108=DIRECTION('',(0.,-1.,0.));
#6109=CARTESIAN_POINT('',(20.,3.55,7.));
#6110=CARTESIAN_POINT('',(20.,3.55,7.));
#6111=VECTOR('',#6112,1.);
#6112=DIRECTION('',(0.,0.,-1.));
#6113=CARTESIAN_POINT('',(20.,-0.4,7.));
#6114=VECTOR('',#6115,1.);
#6115=DIRECTION('',(0.,1.,0.));
#6116=CARTESIAN_POINT('',(19.3,-0.4,3.));
#6117=CARTESIAN_POINT('',(19.3,-0.4,3.));
#6118=VECTOR('',#6119,1.);
#6119=DIRECTION('',(0.,-1.,0.));
#6120=CARTESIAN_POINT('',(20.,-0.4,3.));
#6121=VECTOR('',#6122,1.);
#6122=DIRECTION('',(-1.,0.,0.));
#6123=CARTESIAN_POINT('',(19.3,2.85,6.7));
#6124=CARTESIAN_POINT('',(19.3,-0.4,6.7));
#6125=CARTESIAN_POINT('',(19.3,2.85,6.7));
#6126=VECTOR('',#6127,1.);
#6127=DIRECTION('',(0.,-1.,0.));
#6128=CARTESIAN_POINT('',(19.3,2.85,2.));
#6129=CARTESIAN_POINT('',(19.3,2.85,6.7));
#6130=VECTOR('',#6131,1.);
#6131=DIRECTION('',(0.,0.,-1.));
#6132=CARTESIAN_POINT('',(19.3,2.85,2.));
#6133=VECTOR('',#6134,1.);
#6134=DIRECTION('',(0.,-1.,0.));
#6135=CARTESIAN_POINT('',(19.3,-0.4,6.7));
#6136=VECTOR('',#6137,1.);
#6137=DIRECTION('',(0.,0.,-1.));
#6138=CARTESIAN_POINT('',(-1.8,2.85,2.));
#6139=CARTESIAN_POINT('',(19.3,2.85,2.));
#6140=VECTOR('',#6141,1.);
#6141=DIRECTION('',(-1.,0.,0.));
#6142=CARTESIAN_POINT('',(-1.8,2.85,2.));
#6143=VECTOR('',#6144,1.);
#6144=DIRECTION('',(0.,-1.,0.));
#6145=CARTESIAN_POINT('',(2.82,0.32,2.));
#6146=CARTESIAN_POINT('',(2.18,0.32,2.));
#6147=CARTESIAN_POINT('',(2.82,0.32,2.));
#6148=VECTOR('',#6149,1.);
#6149=DIRECTION('',(-1.,0.,0.));
#6150=CARTESIAN_POINT('',(2.82,-0.32,2.));
#6151=CARTESIAN_POINT('',(2.82,-0.32,2.));
#6152=VECTOR('',#6153,1.);
#6153=DIRECTION('',(0.,1.,0.));
#6154=CARTESIAN_POINT('',(2.18,-0.32,2.));
#6155=CARTESIAN_POINT('',(2.18,-0.32,2.));
#6156=VECTOR('',#6157,1.);
#6157=DIRECTION('',(1.,0.,0.));
#6158=CARTESIAN_POINT('',(2.18,0.32,2.));
#6159=VECTOR('',#6160,1.);
#6160=DIRECTION('',(0.,-1.,0.));
#6161=CARTESIAN_POINT('',(5.32,0.32,2.));
#6162=CARTESIAN_POINT('',(4.68,0.32,2.));
#6163=CARTESIAN_POINT('',(5.32,0.32,2.));
#6164=VECTOR('',#6165,1.);
#6165=DIRECTION('',(-1.,0.,0.));
#6166=CARTESIAN_POINT('',(5.32,-0.32,2.));
#6167=CARTESIAN_POINT('',(5.32,-0.32,2.));
#6168=VECTOR('',#6169,1.);
#6169=DIRECTION('',(0.,1.,0.));
#6170=CARTESIAN_POINT('',(4.68,-0.32,2.));
#6171=CARTESIAN_POINT('',(4.68,-0.32,2.));
#6172=VECTOR('',#6173,1.);
#6173=DIRECTION('',(1.,0.,0.));
#6174=CARTESIAN_POINT('',(4.68,0.32,2.));
#6175=VECTOR('',#6176,1.);
#6176=DIRECTION('',(0.,-1.,0.));
#6177=CARTESIAN_POINT('',(7.82,0.32,2.));
#6178=CARTESIAN_POINT('',(7.18,0.32,2.));
#6179=CARTESIAN_POINT('',(7.82,0.32,2.));
#6180=VECTOR('',#6181,1.);
#6181=DIRECTION('',(-1.,0.,0.));
#6182=CARTESIAN_POINT('',(7.82,-0.32,2.));
#6183=CARTESIAN_POINT('',(7.82,-0.32,2.));
#6184=VECTOR('',#6185,1.);
#6185=DIRECTION('',(0.,1.,0.));
#6186=CARTESIAN_POINT('',(7.18,-0.32,2.));
#6187=CARTESIAN_POINT('',(7.18,-0.32,2.));
#6188=VECTOR('',#6189,1.);
#6189=DIRECTION('',(1.,0.,0.));
#6190=CARTESIAN_POINT('',(7.18,0.32,2.));
#6191=VECTOR('',#6192,1.);
#6192=DIRECTION('',(0.,-1.,0.));
#6193=CARTESIAN_POINT('',(10.32,0.32,2.));
#6194=CARTESIAN_POINT('',(9.68,0.32,2.));
#6195=CARTESIAN_POINT('',(10.32,0.32,2.));
#6196=VECTOR('',#6197,1.);
#6197=DIRECTION('',(-1.,0.,0.));
#6198=CARTESIAN_POINT('',(10.32,-0.32,2.));
#6199=CARTESIAN_POINT('',(10.32,-0.32,2.));
#6200=VECTOR('',#6201,1.);
#6201=DIRECTION('',(0.,1.,0.));
#6202=CARTESIAN_POINT('',(9.68,-0.32,2.));
#6203=CARTESIAN_POINT('',(9.68,-0.32,2.));
#6204=VECTOR('',#6205,1.);
#6205=DIRECTION('',(1.,0.,0.));
#6206=CARTESIAN_POINT('',(9.68,0.32,2.));
#6207=VECTOR('',#6208,1.);
#6208=DIRECTION('',(0.,-1.,0.));
#6209=CARTESIAN_POINT('',(12.82,0.32,2.));
#6210=CARTESIAN_POINT('',(12.18,0.32,2.));
#6211=CARTESIAN_POINT('',(12.82,0.32,2.));
#6212=VECTOR('',#6213,1.);
#6213=DIRECTION('',(-1.,0.,0.));
#6214=CARTESIAN_POINT('',(12.82,-0.32,2.));
#6215=CARTESIAN_POINT('',(12.82,-0.32,2.));
#6216=VECTOR('',#6217,1.);
#6217=DIRECTION('',(0.,1.,0.));
#6218=CARTESIAN_POINT('',(12.18,-0.32,2.));
#6219=CARTESIAN_POINT('',(12.18,-0.32,2.));
#6220=VECTOR('',#6221,1.);
#6221=DIRECTION('',(1.,0.,0.));
#6222=CARTESIAN_POINT('',(12.18,0.32,2.));
#6223=VECTOR('',#6224,1.);
#6224=DIRECTION('',(0.,-1.,0.));
#6225=CARTESIAN_POINT('',(15.32,0.32,2.));
#6226=CARTESIAN_POINT('',(14.68,0.32,2.));
#6227=CARTESIAN_POINT('',(15.32,0.32,2.));
#6228=VECTOR('',#6229,1.);
#6229=DIRECTION('',(-1.,0.,0.));
#6230=CARTESIAN_POINT('',(15.32,-0.32,2.));
#6231=CARTESIAN_POINT('',(15.32,-0.32,2.));
#6232=VECTOR('',#6233,1.);
#6233=DIRECTION('',(0.,1.,0.));
#6234=CARTESIAN_POINT('',(14.68,-0.32,2.));
#6235=CARTESIAN_POINT('',(14.68,-0.32,2.));
#6236=VECTOR('',#6237,1.);
#6237=DIRECTION('',(1.,0.,0.));
#6238=CARTESIAN_POINT('',(14.68,0.32,2.));
#6239=VECTOR('',#6240,1.);
#6240=DIRECTION('',(0.,-1.,0.));
#6241=CARTESIAN_POINT('',(17.82,0.32,2.));
#6242=CARTESIAN_POINT('',(17.18,0.32,2.));
#6243=CARTESIAN_POINT('',(17.82,0.32,2.));
#6244=VECTOR('',#6245,1.);
#6245=DIRECTION('',(-1.,0.,0.));
#6246=CARTESIAN_POINT('',(17.82,-0.32,2.));
#6247=CARTESIAN_POINT('',(17.82,-0.32,2.));
#6248=VECTOR('',#6249,1.);
#6249=DIRECTION('',(0.,1.,0.));
#6250=CARTESIAN_POINT('',(17.18,-0.32,2.));
#6251=CARTESIAN_POINT('',(17.18,-0.32,2.));
#6252=VECTOR('',#6253,1.);
#6253=DIRECTION('',(1.,0.,0.));
#6254=CARTESIAN_POINT('',(17.18,0.32,2.));
#6255=VECTOR('',#6256,1.);
#6256=DIRECTION('',(0.,-1.,0.));
#6257=CARTESIAN_POINT('',(0.32,0.32,2.));
#6258=CARTESIAN_POINT('',(-0.32,0.32,2.));
#6259=CARTESIAN_POINT('',(0.32,0.32,2.));
#6260=VECTOR('',#6261,1.);
#6261=DIRECTION('',(-1.,0.,0.));
#6262=CARTESIAN_POINT('',(0.32,-0.32,2.));
#6263=CARTESIAN_POINT('',(0.32,-0.32,2.));
#6264=VECTOR('',#6265,1.);
#6265=DIRECTION('',(0.,1.,0.));
#6266=CARTESIAN_POINT('',(-0.32,-0.32,2.));
#6267=CARTESIAN_POINT('',(-0.32,-0.32,2.));
#6268=VECTOR('',#6269,1.);
#6269=DIRECTION('',(1.,0.,0.));
#6270=CARTESIAN_POINT('',(-0.32,0.32,2.));
#6271=VECTOR('',#6272,1.);
#6272=DIRECTION('',(0.,-1.,0.));
#6273=CARTESIAN_POINT('',(-1.8,-0.4,6.7));
#6274=CARTESIAN_POINT('',(-1.8,2.85,6.7));
#6275=CARTESIAN_POINT('',(-1.8,2.85,6.7));
#6276=VECTOR('',#6277,1.);
#6277=DIRECTION('',(0.,-1.,0.));
#6278=CARTESIAN_POINT('',(-1.8,-0.4,3.));
#6279=CARTESIAN_POINT('',(-1.8,-0.4,6.7));
#6280=VECTOR('',#6281,1.);
#6281=DIRECTION('',(0.,0.,-1.));
#6282=CARTESIAN_POINT('',(-1.8,-0.4,3.));
#6283=VECTOR('',#6284,1.);
#6284=DIRECTION('',(0.,-1.,0.));
#6285=CARTESIAN_POINT('',(-1.8,2.85,6.7));
#6286=VECTOR('',#6287,1.);
#6287=DIRECTION('',(9.44870659255452E-017,0.,-1.));
#6288=CARTESIAN_POINT('',(-2.5,-0.4,3.));
#6289=CARTESIAN_POINT('',(-1.8,-0.4,3.));
#6290=VECTOR('',#6291,1.);
#6291=DIRECTION('',(-1.,0.,0.));
#6292=CARTESIAN_POINT('',(-2.5,-0.4,3.));
#6293=VECTOR('',#6294,1.);
#6294=DIRECTION('',(0.,-1.,0.));
#6295=CARTESIAN_POINT('',(-2.5,-0.4,7.));
#6296=CARTESIAN_POINT('',(-2.5,-0.4,7.));
#6297=VECTOR('',#6298,1.);
#6298=DIRECTION('',(0.,0.,-1.));
#6299=CARTESIAN_POINT('',(-2.5,3.55,7.));
#6300=CARTESIAN_POINT('',(-2.5,-0.4,7.));
#6301=VECTOR('',#6302,1.);
#6302=DIRECTION('',(0.,1.,0.));
#6303=CARTESIAN_POINT('',(-2.5,3.55,0.));
#6304=CARTESIAN_POINT('',(-2.5,3.55,7.));
#6305=VECTOR('',#6306,1.);
#6306=DIRECTION('',(0.,0.,-1.));
#6307=CARTESIAN_POINT('',(-2.5,3.55,0.));
#6308=VECTOR('',#6309,1.);
#6309=DIRECTION('',(0.,-1.,0.));
#6310=CARTESIAN_POINT('',(-2.5,-2.2,7.));
#6311=VECTOR('',#6312,1.);
#6312=DIRECTION('',(0.,1.,0.));
#6313=CARTESIAN_POINT('',(-1.25,-1.5,7.));
#6314=VECTOR('',#6315,1.);
#6315=DIRECTION('',(0.,-1.,0.));
#6316=CARTESIAN_POINT('',(-0.85,-1.5,6.6));
#6317=VECTOR('',#6318,1.);
#6318=DIRECTION('',(0.,-1.,0.));
#6319=CARTESIAN_POINT('',(-1.25,-1.5,6.2));
#6320=VECTOR('',#6321,1.);
#6321=DIRECTION('',(0.,-1.,0.));
#6322=CARTESIAN_POINT('',(-1.25,-1.5,3.6));
#6323=VECTOR('',#6324,1.);
#6324=DIRECTION('',(0.,-1.,0.));
#6325=CARTESIAN_POINT('',(-0.65,-1.5,3.));
#6326=VECTOR('',#6327,1.);
#6327=DIRECTION('',(0.,-1.,0.));
#6328=CARTESIAN_POINT('',(1.25,-1.5,3.));
#6329=VECTOR('',#6330,1.);
#6330=DIRECTION('',(0.,-1.,0.));
#6331=CARTESIAN_POINT('',(-0.85,3.55,0.));
#6332=CARTESIAN_POINT('',(-0.85,3.55,0.));
#6333=VECTOR('',#6334,1.);
#6334=DIRECTION('',(0.,-1.,0.));
#6335=CARTESIAN_POINT('',(-0.85,3.55,0.));
#6336=VECTOR('',#6337,1.);
#6337=DIRECTION('',(-1.,0.,0.));
#6338=CARTESIAN_POINT('',(-0.85,3.55,0.4));
#6339=CARTESIAN_POINT('',(-0.85,3.55,0.));
#6340=VECTOR('',#6341,1.);
#6341=DIRECTION('',(0.,0.,1.));
#6342=CARTESIAN_POINT('',(-0.85,-2.2,0.4));
#6343=VECTOR('',#6344,1.);
#6344=DIRECTION('',(0.,1.,0.));
#6345=CARTESIAN_POINT('',(0.85,3.55,0.4));
#6346=CARTESIAN_POINT('',(0.85,3.55,0.4));
#6347=VECTOR('',#6348,1.);
#6348=DIRECTION('',(-1.,0.,0.));
#6349=CARTESIAN_POINT('',(0.85,3.55,0.4));
#6350=VECTOR('',#6351,1.);
#6351=DIRECTION('',(0.,-1.,0.));
#6352=CARTESIAN_POINT('',(-0.32,0.32,0.4));
#6353=CARTESIAN_POINT('',(0.32,0.32,0.4));
#6354=CARTESIAN_POINT('',(-0.32,0.32,0.4));
#6355=VECTOR('',#6356,1.);
#6356=DIRECTION('',(1.,0.,0.));
#6357=CARTESIAN_POINT('',(-0.32,-0.32,0.4));
#6358=CARTESIAN_POINT('',(-0.32,-0.32,0.4));
#6359=VECTOR('',#6360,1.);
#6360=DIRECTION('',(0.,1.,0.));
#6361=CARTESIAN_POINT('',(0.32,-0.32,0.4));
#6362=CARTESIAN_POINT('',(0.32,-0.32,0.4));
#6363=VECTOR('',#6364,1.);
#6364=DIRECTION('',(-1.,0.,0.));
#6365=CARTESIAN_POINT('',(0.32,0.32,0.4));
#6366=VECTOR('',#6367,1.);
#6367=DIRECTION('',(0.,-1.,0.));
#6368=CARTESIAN_POINT('',(0.85,3.55,0.));
#6369=CARTESIAN_POINT('',(0.85,3.55,0.4));
#6370=VECTOR('',#6371,1.);
#6371=DIRECTION('',(0.,0.,-1.));
#6372=CARTESIAN_POINT('',(0.85,-2.2,0.));
#6373=VECTOR('',#6374,1.);
#6374=DIRECTION('',(0.,1.,0.));
#6375=CARTESIAN_POINT('',(1.65,3.55,0.));
#6376=CARTESIAN_POINT('',(1.65,3.55,0.));
#6377=VECTOR('',#6378,1.);
#6378=DIRECTION('',(0.,-1.,0.));
#6379=CARTESIAN_POINT('',(1.65,3.55,0.));
#6380=VECTOR('',#6381,1.);
#6381=DIRECTION('',(-1.,0.,0.));
#6382=CARTESIAN_POINT('',(1.65,3.55,0.4));
#6383=CARTESIAN_POINT('',(1.65,3.55,0.));
#6384=VECTOR('',#6385,1.);
#6385=DIRECTION('',(0.,0.,1.));
#6386=CARTESIAN_POINT('',(1.65,-2.2,0.4));
#6387=VECTOR('',#6388,1.);
#6388=DIRECTION('',(0.,1.,0.));
#6389=CARTESIAN_POINT('',(3.35,3.55,0.4));
#6390=CARTESIAN_POINT('',(3.35,3.55,0.4));
#6391=VECTOR('',#6392,1.);
#6392=DIRECTION('',(-1.,0.,0.));
#6393=CARTESIAN_POINT('',(3.35,3.55,0.4));
#6394=VECTOR('',#6395,1.);
#6395=DIRECTION('',(0.,-1.,0.));
#6396=CARTESIAN_POINT('',(2.18,0.32,0.4));
#6397=CARTESIAN_POINT('',(2.82,0.32,0.4));
#6398=CARTESIAN_POINT('',(2.18,0.32,0.4));
#6399=VECTOR('',#6400,1.);
#6400=DIRECTION('',(1.,0.,0.));
#6401=CARTESIAN_POINT('',(2.18,-0.32,0.4));
#6402=CARTESIAN_POINT('',(2.18,-0.32,0.4));
#6403=VECTOR('',#6404,1.);
#6404=DIRECTION('',(0.,1.,0.));
#6405=CARTESIAN_POINT('',(2.82,-0.32,0.4));
#6406=CARTESIAN_POINT('',(2.82,-0.32,0.4));
#6407=VECTOR('',#6408,1.);
#6408=DIRECTION('',(-1.,0.,0.));
#6409=CARTESIAN_POINT('',(2.82,0.32,0.4));
#6410=VECTOR('',#6411,1.);
#6411=DIRECTION('',(0.,-1.,0.));
#6412=CARTESIAN_POINT('',(3.35,3.55,0.));
#6413=CARTESIAN_POINT('',(3.35,-2.2,0.));
#6414=VECTOR('',#6415,1.);
#6415=DIRECTION('',(0.,1.,0.));
#6416=CARTESIAN_POINT('',(3.35,3.55,0.4));
#6417=VECTOR('',#6418,1.);
#6418=DIRECTION('',(0.,0.,-1.));
#6419=CARTESIAN_POINT('',(4.15,3.55,0.));
#6420=CARTESIAN_POINT('',(4.15,3.55,0.));
#6421=VECTOR('',#6422,1.);
#6422=DIRECTION('',(-1.,0.,0.));
#6423=CARTESIAN_POINT('',(4.15,3.55,0.));
#6424=VECTOR('',#6425,1.);
#6425=DIRECTION('',(0.,-1.,0.));
#6426=CARTESIAN_POINT('',(4.15,3.55,0.4));
#6427=CARTESIAN_POINT('',(4.15,3.55,0.));
#6428=VECTOR('',#6429,1.);
#6429=DIRECTION('',(0.,0.,1.));
#6430=CARTESIAN_POINT('',(4.15,-2.2,0.4));
#6431=VECTOR('',#6432,1.);
#6432=DIRECTION('',(0.,1.,0.));
#6433=CARTESIAN_POINT('',(5.85,3.55,0.4));
#6434=CARTESIAN_POINT('',(5.85,3.55,0.4));
#6435=VECTOR('',#6436,1.);
#6436=DIRECTION('',(-1.,0.,0.));
#6437=CARTESIAN_POINT('',(5.85,3.55,0.4));
#6438=VECTOR('',#6439,1.);
#6439=DIRECTION('',(0.,-1.,0.));
#6440=CARTESIAN_POINT('',(4.68,0.32,0.4));
#6441=CARTESIAN_POINT('',(5.32,0.32,0.4));
#6442=CARTESIAN_POINT('',(4.68,0.32,0.4));
#6443=VECTOR('',#6444,1.);
#6444=DIRECTION('',(1.,0.,0.));
#6445=CARTESIAN_POINT('',(4.68,-0.32,0.4));
#6446=CARTESIAN_POINT('',(4.68,-0.32,0.4));
#6447=VECTOR('',#6448,1.);
#6448=DIRECTION('',(0.,1.,0.));
#6449=CARTESIAN_POINT('',(5.32,-0.32,0.4));
#6450=CARTESIAN_POINT('',(5.32,-0.32,0.4));
#6451=VECTOR('',#6452,1.);
#6452=DIRECTION('',(-1.,0.,0.));
#6453=CARTESIAN_POINT('',(5.32,0.32,0.4));
#6454=VECTOR('',#6455,1.);
#6455=DIRECTION('',(0.,-1.,0.));
#6456=CARTESIAN_POINT('',(5.85,3.55,0.));
#6457=CARTESIAN_POINT('',(5.85,-2.2,0.));
#6458=VECTOR('',#6459,1.);
#6459=DIRECTION('',(0.,1.,0.));
#6460=CARTESIAN_POINT('',(5.85,3.55,0.4));
#6461=VECTOR('',#6462,1.);
#6462=DIRECTION('',(0.,0.,-1.));
#6463=CARTESIAN_POINT('',(6.65,3.55,0.));
#6464=CARTESIAN_POINT('',(6.65,3.55,0.));
#6465=VECTOR('',#6466,1.);
#6466=DIRECTION('',(-1.,0.,0.));
#6467=CARTESIAN_POINT('',(6.65,3.55,0.));
#6468=VECTOR('',#6469,1.);
#6469=DIRECTION('',(0.,-1.,0.));
#6470=CARTESIAN_POINT('',(6.65,3.55,0.4));
#6471=CARTESIAN_POINT('',(6.65,3.55,0.));
#6472=VECTOR('',#6473,1.);
#6473=DIRECTION('',(0.,0.,1.));
#6474=CARTESIAN_POINT('',(6.65,-2.2,0.4));
#6475=VECTOR('',#6476,1.);
#6476=DIRECTION('',(0.,1.,0.));
#6477=CARTESIAN_POINT('',(8.35,3.55,0.4));
#6478=CARTESIAN_POINT('',(8.35,3.55,0.4));
#6479=VECTOR('',#6480,1.);
#6480=DIRECTION('',(-1.,0.,0.));
#6481=CARTESIAN_POINT('',(8.35,3.55,0.4));
#6482=VECTOR('',#6483,1.);
#6483=DIRECTION('',(0.,-1.,0.));
#6484=CARTESIAN_POINT('',(7.18,0.32,0.4));
#6485=CARTESIAN_POINT('',(7.82,0.32,0.4));
#6486=CARTESIAN_POINT('',(7.18,0.32,0.4));
#6487=VECTOR('',#6488,1.);
#6488=DIRECTION('',(1.,0.,0.));
#6489=CARTESIAN_POINT('',(7.18,-0.32,0.4));
#6490=CARTESIAN_POINT('',(7.18,-0.32,0.4));
#6491=VECTOR('',#6492,1.);
#6492=DIRECTION('',(0.,1.,0.));
#6493=CARTESIAN_POINT('',(7.82,-0.32,0.4));
#6494=CARTESIAN_POINT('',(7.82,-0.32,0.4));
#6495=VECTOR('',#6496,1.);
#6496=DIRECTION('',(-1.,0.,0.));
#6497=CARTESIAN_POINT('',(7.82,0.32,0.4));
#6498=VECTOR('',#6499,1.);
#6499=DIRECTION('',(0.,-1.,0.));
#6500=CARTESIAN_POINT('',(8.35,3.55,0.));
#6501=CARTESIAN_POINT('',(8.35,-2.2,0.));
#6502=VECTOR('',#6503,1.);
#6503=DIRECTION('',(0.,1.,0.));
#6504=CARTESIAN_POINT('',(8.35,3.55,0.4));
#6505=VECTOR('',#6506,1.);
#6506=DIRECTION('',(0.,0.,-1.));
#6507=CARTESIAN_POINT('',(9.15,3.55,0.));
#6508=CARTESIAN_POINT('',(9.15,3.55,0.));
#6509=VECTOR('',#6510,1.);
#6510=DIRECTION('',(-1.,0.,0.));
#6511=CARTESIAN_POINT('',(9.15,3.55,0.));
#6512=VECTOR('',#6513,1.);
#6513=DIRECTION('',(0.,-1.,0.));
#6514=CARTESIAN_POINT('',(9.15,3.55,0.4));
#6515=CARTESIAN_POINT('',(9.15,3.55,0.));
#6516=VECTOR('',#6517,1.);
#6517=DIRECTION('',(0.,0.,1.));
#6518=CARTESIAN_POINT('',(9.15,-2.2,0.4));
#6519=VECTOR('',#6520,1.);
#6520=DIRECTION('',(0.,1.,0.));
#6521=CARTESIAN_POINT('',(10.85,3.55,0.4));
#6522=CARTESIAN_POINT('',(10.85,3.55,0.4));
#6523=VECTOR('',#6524,1.);
#6524=DIRECTION('',(-1.,0.,0.));
#6525=CARTESIAN_POINT('',(10.85,3.55,0.4));
#6526=VECTOR('',#6527,1.);
#6527=DIRECTION('',(0.,-1.,0.));
#6528=CARTESIAN_POINT('',(9.68,0.32,0.4));
#6529=CARTESIAN_POINT('',(10.32,0.32,0.4));
#6530=CARTESIAN_POINT('',(9.68,0.32,0.4));
#6531=VECTOR('',#6532,1.);
#6532=DIRECTION('',(1.,0.,0.));
#6533=CARTESIAN_POINT('',(9.68,-0.32,0.4));
#6534=CARTESIAN_POINT('',(9.68,-0.32,0.4));
#6535=VECTOR('',#6536,1.);
#6536=DIRECTION('',(0.,1.,0.));
#6537=CARTESIAN_POINT('',(10.32,-0.32,0.4));
#6538=CARTESIAN_POINT('',(10.32,-0.32,0.4));
#6539=VECTOR('',#6540,1.);
#6540=DIRECTION('',(-1.,0.,0.));
#6541=CARTESIAN_POINT('',(10.32,0.32,0.4));
#6542=VECTOR('',#6543,1.);
#6543=DIRECTION('',(0.,-1.,0.));
#6544=CARTESIAN_POINT('',(10.85,3.55,0.));
#6545=CARTESIAN_POINT('',(10.85,-2.2,0.));
#6546=VECTOR('',#6547,1.);
#6547=DIRECTION('',(0.,1.,0.));
#6548=CARTESIAN_POINT('',(10.85,3.55,0.4));
#6549=VECTOR('',#6550,1.);
#6550=DIRECTION('',(0.,0.,-1.));
#6551=CARTESIAN_POINT('',(11.65,3.55,0.));
#6552=CARTESIAN_POINT('',(11.65,3.55,0.));
#6553=VECTOR('',#6554,1.);
#6554=DIRECTION('',(-1.,0.,0.));
#6555=CARTESIAN_POINT('',(11.65,3.55,0.));
#6556=VECTOR('',#6557,1.);
#6557=DIRECTION('',(0.,-1.,0.));
#6558=CARTESIAN_POINT('',(11.65,3.55,0.4));
#6559=CARTESIAN_POINT('',(11.65,3.55,0.));
#6560=VECTOR('',#6561,1.);
#6561=DIRECTION('',(0.,0.,1.));
#6562=CARTESIAN_POINT('',(11.65,-2.2,0.4));
#6563=VECTOR('',#6564,1.);
#6564=DIRECTION('',(0.,1.,0.));
#6565=CARTESIAN_POINT('',(13.35,3.55,0.4));
#6566=CARTESIAN_POINT('',(13.35,3.55,0.4));
#6567=VECTOR('',#6568,1.);
#6568=DIRECTION('',(-1.,0.,0.));
#6569=CARTESIAN_POINT('',(13.35,3.55,0.4));
#6570=VECTOR('',#6571,1.);
#6571=DIRECTION('',(0.,-1.,0.));
#6572=CARTESIAN_POINT('',(12.18,0.32,0.4));
#6573=CARTESIAN_POINT('',(12.82,0.32,0.4));
#6574=CARTESIAN_POINT('',(12.18,0.32,0.4));
#6575=VECTOR('',#6576,1.);
#6576=DIRECTION('',(1.,0.,0.));
#6577=CARTESIAN_POINT('',(12.18,-0.32,0.4));
#6578=CARTESIAN_POINT('',(12.18,-0.32,0.4));
#6579=VECTOR('',#6580,1.);
#6580=DIRECTION('',(0.,1.,0.));
#6581=CARTESIAN_POINT('',(12.82,-0.32,0.4));
#6582=CARTESIAN_POINT('',(12.82,-0.32,0.4));
#6583=VECTOR('',#6584,1.);
#6584=DIRECTION('',(-1.,0.,0.));
#6585=CARTESIAN_POINT('',(12.82,0.32,0.4));
#6586=VECTOR('',#6587,1.);
#6587=DIRECTION('',(0.,-1.,0.));
#6588=CARTESIAN_POINT('',(13.35,3.55,0.));
#6589=CARTESIAN_POINT('',(13.35,-2.2,0.));
#6590=VECTOR('',#6591,1.);
#6591=DIRECTION('',(0.,1.,0.));
#6592=CARTESIAN_POINT('',(13.35,3.55,0.4));
#6593=VECTOR('',#6594,1.);
#6594=DIRECTION('',(0.,0.,-1.));
#6595=CARTESIAN_POINT('',(14.15,3.55,0.));
#6596=CARTESIAN_POINT('',(14.15,3.55,0.));
#6597=VECTOR('',#6598,1.);
#6598=DIRECTION('',(-1.,0.,0.));
#6599=CARTESIAN_POINT('',(14.15,3.55,0.));
#6600=VECTOR('',#6601,1.);
#6601=DIRECTION('',(0.,-1.,0.));
#6602=CARTESIAN_POINT('',(14.15,3.55,0.4));
#6603=CARTESIAN_POINT('',(14.15,3.55,0.));
#6604=VECTOR('',#6605,1.);
#6605=DIRECTION('',(0.,0.,1.));
#6606=CARTESIAN_POINT('',(14.15,-2.2,0.4));
#6607=VECTOR('',#6608,1.);
#6608=DIRECTION('',(0.,1.,0.));
#6609=CARTESIAN_POINT('',(15.85,3.55,0.4));
#6610=CARTESIAN_POINT('',(15.85,3.55,0.4));
#6611=VECTOR('',#6612,1.);
#6612=DIRECTION('',(-1.,0.,0.));
#6613=CARTESIAN_POINT('',(15.85,3.55,0.4));
#6614=VECTOR('',#6615,1.);
#6615=DIRECTION('',(0.,-1.,0.));
#6616=CARTESIAN_POINT('',(14.68,0.32,0.4));
#6617=CARTESIAN_POINT('',(15.32,0.32,0.4));
#6618=CARTESIAN_POINT('',(14.68,0.32,0.4));
#6619=VECTOR('',#6620,1.);
#6620=DIRECTION('',(1.,0.,0.));
#6621=CARTESIAN_POINT('',(14.68,-0.32,0.4));
#6622=CARTESIAN_POINT('',(14.68,-0.32,0.4));
#6623=VECTOR('',#6624,1.);
#6624=DIRECTION('',(0.,1.,0.));
#6625=CARTESIAN_POINT('',(15.32,-0.32,0.4));
#6626=CARTESIAN_POINT('',(15.32,-0.32,0.4));
#6627=VECTOR('',#6628,1.);
#6628=DIRECTION('',(-1.,0.,0.));
#6629=CARTESIAN_POINT('',(15.32,0.32,0.4));
#6630=VECTOR('',#6631,1.);
#6631=DIRECTION('',(0.,-1.,0.));
#6632=CARTESIAN_POINT('',(15.85,3.55,0.));
#6633=CARTESIAN_POINT('',(15.85,-2.2,0.));
#6634=VECTOR('',#6635,1.);
#6635=DIRECTION('',(0.,1.,0.));
#6636=CARTESIAN_POINT('',(15.85,3.55,0.4));
#6637=VECTOR('',#6638,1.);
#6638=DIRECTION('',(0.,0.,-1.));
#6639=CARTESIAN_POINT('',(16.65,3.55,0.));
#6640=CARTESIAN_POINT('',(16.65,3.55,0.));
#6641=VECTOR('',#6642,1.);
#6642=DIRECTION('',(-1.,0.,0.));
#6643=CARTESIAN_POINT('',(16.65,3.55,0.));
#6644=VECTOR('',#6645,1.);
#6645=DIRECTION('',(0.,-1.,0.));
#6646=CARTESIAN_POINT('',(16.65,3.55,0.4));
#6647=CARTESIAN_POINT('',(16.65,3.55,0.));
#6648=VECTOR('',#6649,1.);
#6649=DIRECTION('',(0.,0.,1.));
#6650=CARTESIAN_POINT('',(16.65,-2.2,0.4));
#6651=VECTOR('',#6652,1.);
#6652=DIRECTION('',(0.,1.,0.));
#6653=CARTESIAN_POINT('',(18.35,3.55,0.4));
#6654=CARTESIAN_POINT('',(18.35,3.55,0.4));
#6655=VECTOR('',#6656,1.);
#6656=DIRECTION('',(-1.,0.,0.));
#6657=CARTESIAN_POINT('',(18.35,3.55,0.4));
#6658=VECTOR('',#6659,1.);
#6659=DIRECTION('',(0.,-1.,0.));
#6660=CARTESIAN_POINT('',(17.18,0.32,0.4));
#6661=CARTESIAN_POINT('',(17.82,0.32,0.4));
#6662=CARTESIAN_POINT('',(17.18,0.32,0.4));
#6663=VECTOR('',#6664,1.);
#6664=DIRECTION('',(1.,0.,0.));
#6665=CARTESIAN_POINT('',(17.18,-0.32,0.4));
#6666=CARTESIAN_POINT('',(17.18,-0.32,0.4));
#6667=VECTOR('',#6668,1.);
#6668=DIRECTION('',(0.,1.,0.));
#6669=CARTESIAN_POINT('',(17.82,-0.32,0.4));
#6670=CARTESIAN_POINT('',(17.82,-0.32,0.4));
#6671=VECTOR('',#6672,1.);
#6672=DIRECTION('',(-1.,0.,0.));
#6673=CARTESIAN_POINT('',(17.82,0.32,0.4));
#6674=VECTOR('',#6675,1.);
#6675=DIRECTION('',(0.,-1.,0.));
#6676=CARTESIAN_POINT('',(18.35,3.55,0.));
#6677=CARTESIAN_POINT('',(18.35,-2.2,0.));
#6678=VECTOR('',#6679,1.);
#6679=DIRECTION('',(0.,1.,0.));
#6680=CARTESIAN_POINT('',(18.35,3.55,0.4));
#6681=VECTOR('',#6682,1.);
#6682=DIRECTION('',(0.,0.,-1.));
#6683=CARTESIAN_POINT('',(18.35,3.55,0.));
#6684=VECTOR('',#6685,1.);
#6685=DIRECTION('',(1.,0.,0.));
#6686=CARTESIAN_POINT('',(19.6,-0.4,7.));
#6687=CARTESIAN_POINT('',(19.6,-0.4,7.));
#6688=VECTOR('',#6689,1.);
#6689=DIRECTION('',(-0.707106781186549,0.,-0.707106781186546));
#6690=CARTESIAN_POINT('',(20.,-0.4,7.));
#6691=VECTOR('',#6692,1.);
#6692=DIRECTION('',(-1.,0.,0.));
#6693=CARTESIAN_POINT('',(20.,3.55,7.));
#6694=VECTOR('',#6695,1.);
#6695=DIRECTION('',(-1.,0.,0.));
#6696=CARTESIAN_POINT('',(-2.1,-0.4,7.));
#6697=CARTESIAN_POINT('',(-2.1,3.15,7.));
#6698=CARTESIAN_POINT('',(-2.1,3.15,7.));
#6699=VECTOR('',#6700,1.);
#6700=DIRECTION('',(1.2509555207044E-016,-1.,0.));
#6701=CARTESIAN_POINT('',(19.6,3.15,7.));
#6702=CARTESIAN_POINT('',(19.6,3.15,7.));
#6703=VECTOR('',#6704,1.);
#6704=DIRECTION('',(-1.,0.,0.));
#6705=CARTESIAN_POINT('',(19.6,3.15,7.));
#6706=VECTOR('',#6707,1.);
#6707=DIRECTION('',(0.,-1.,0.));
#6708=CARTESIAN_POINT('',(-2.1,-0.4,7.));
#6709=VECTOR('',#6710,1.);
#6710=DIRECTION('',(-1.,0.,0.));
#6711=CARTESIAN_POINT('',(19.6,3.15,7.));
#6712=VECTOR('',#6713,1.);
#6713=DIRECTION('',(-0.577350269189627,-0.577350269189624,-0.577350269189627));
#6714=CARTESIAN_POINT('',(19.3,2.85,6.7));
#6715=VECTOR('',#6716,1.);
#6716=DIRECTION('',(-1.,0.,4.20937639668306E-017));
#6717=CARTESIAN_POINT('',(2.82,0.32,6.12679491924311));
#6718=CARTESIAN_POINT('',(2.18,0.32,6.12679491924311));
#6719=CARTESIAN_POINT('',(2.82,0.32,6.12679491924311));
#6720=VECTOR('',#6721,1.);
#6721=DIRECTION('',(-1.,0.,0.));
#6722=CARTESIAN_POINT('',(2.82,0.32,2.));
#6723=VECTOR('',#6724,1.);
#6724=DIRECTION('',(0.,0.,1.));
#6725=CARTESIAN_POINT('',(2.18,0.32,2.));
#6726=VECTOR('',#6727,1.);
#6727=DIRECTION('',(0.,0.,1.));
#6728=CARTESIAN_POINT('',(2.82,-0.32,6.12679491924311));
#6729=CARTESIAN_POINT('',(2.82,-0.32,6.12679491924311));
#6730=VECTOR('',#6731,1.);
#6731=DIRECTION('',(0.,1.,0.));
#6732=CARTESIAN_POINT('',(2.82,-0.32,2.));
#6733=VECTOR('',#6734,1.);
#6734=DIRECTION('',(0.,0.,1.));
#6735=CARTESIAN_POINT('',(2.18,-0.32,6.12679491924311));
#6736=CARTESIAN_POINT('',(2.18,-0.32,6.12679491924311));
#6737=VECTOR('',#6738,1.);
#6738=DIRECTION('',(1.,0.,0.));
#6739=CARTESIAN_POINT('',(2.18,-0.32,2.));
#6740=VECTOR('',#6741,1.);
#6741=DIRECTION('',(0.,0.,1.));
#6742=CARTESIAN_POINT('',(2.18,0.32,6.12679491924311));
#6743=VECTOR('',#6744,1.);
#6744=DIRECTION('',(0.,-1.,0.));
#6745=CARTESIAN_POINT('',(5.32,0.32,6.12679491924311));
#6746=CARTESIAN_POINT('',(4.68,0.32,6.12679491924311));
#6747=CARTESIAN_POINT('',(5.32,0.32,6.12679491924311));
#6748=VECTOR('',#6749,1.);
#6749=DIRECTION('',(-1.,0.,0.));
#6750=CARTESIAN_POINT('',(5.32,0.32,2.));
#6751=VECTOR('',#6752,1.);
#6752=DIRECTION('',(0.,0.,1.));
#6753=CARTESIAN_POINT('',(4.68,0.32,2.));
#6754=VECTOR('',#6755,1.);
#6755=DIRECTION('',(0.,0.,1.));
#6756=CARTESIAN_POINT('',(5.32,-0.32,6.12679491924311));
#6757=CARTESIAN_POINT('',(5.32,-0.32,6.12679491924311));
#6758=VECTOR('',#6759,1.);
#6759=DIRECTION('',(0.,1.,0.));
#6760=CARTESIAN_POINT('',(5.32,-0.32,2.));
#6761=VECTOR('',#6762,1.);
#6762=DIRECTION('',(0.,0.,1.));
#6763=CARTESIAN_POINT('',(4.68,-0.32,6.12679491924311));
#6764=CARTESIAN_POINT('',(4.68,-0.32,6.12679491924311));
#6765=VECTOR('',#6766,1.);
#6766=DIRECTION('',(1.,0.,0.));
#6767=CARTESIAN_POINT('',(4.68,-0.32,2.));
#6768=VECTOR('',#6769,1.);
#6769=DIRECTION('',(0.,0.,1.));
#6770=CARTESIAN_POINT('',(4.68,0.32,6.12679491924311));
#6771=VECTOR('',#6772,1.);
#6772=DIRECTION('',(0.,-1.,0.));
#6773=CARTESIAN_POINT('',(7.82,0.32,6.12679491924311));
#6774=CARTESIAN_POINT('',(7.18,0.32,6.12679491924311));
#6775=CARTESIAN_POINT('',(7.82,0.32,6.12679491924311));
#6776=VECTOR('',#6777,1.);
#6777=DIRECTION('',(-1.,0.,0.));
#6778=CARTESIAN_POINT('',(7.82,0.32,2.));
#6779=VECTOR('',#6780,1.);
#6780=DIRECTION('',(0.,0.,1.));
#6781=CARTESIAN_POINT('',(7.18,0.32,2.));
#6782=VECTOR('',#6783,1.);
#6783=DIRECTION('',(0.,0.,1.));
#6784=CARTESIAN_POINT('',(7.82,-0.32,6.12679491924311));
#6785=CARTESIAN_POINT('',(7.82,-0.32,6.12679491924311));
#6786=VECTOR('',#6787,1.);
#6787=DIRECTION('',(0.,1.,0.));
#6788=CARTESIAN_POINT('',(7.82,-0.32,2.));
#6789=VECTOR('',#6790,1.);
#6790=DIRECTION('',(0.,0.,1.));
#6791=CARTESIAN_POINT('',(7.18,-0.32,6.12679491924311));
#6792=CARTESIAN_POINT('',(7.18,-0.32,6.12679491924311));
#6793=VECTOR('',#6794,1.);
#6794=DIRECTION('',(1.,0.,0.));
#6795=CARTESIAN_POINT('',(7.18,-0.32,2.));
#6796=VECTOR('',#6797,1.);
#6797=DIRECTION('',(0.,0.,1.));
#6798=CARTESIAN_POINT('',(7.18,0.32,6.12679491924311));
#6799=VECTOR('',#6800,1.);
#6800=DIRECTION('',(0.,-1.,0.));
#6801=CARTESIAN_POINT('',(10.32,0.32,6.12679491924311));
#6802=CARTESIAN_POINT('',(9.68,0.32,6.12679491924311));
#6803=CARTESIAN_POINT('',(10.32,0.32,6.12679491924311));
#6804=VECTOR('',#6805,1.);
#6805=DIRECTION('',(-1.,0.,2.77555756156289E-015));
#6806=CARTESIAN_POINT('',(10.32,0.32,2.));
#6807=VECTOR('',#6808,1.);
#6808=DIRECTION('',(0.,0.,1.));
#6809=CARTESIAN_POINT('',(9.68,0.32,2.));
#6810=VECTOR('',#6811,1.);
#6811=DIRECTION('',(0.,0.,1.));
#6812=CARTESIAN_POINT('',(10.32,-0.32,6.12679491924311));
#6813=CARTESIAN_POINT('',(10.32,-0.32,6.12679491924311));
#6814=VECTOR('',#6815,1.);
#6815=DIRECTION('',(0.,1.,0.));
#6816=CARTESIAN_POINT('',(10.32,-0.32,2.));
#6817=VECTOR('',#6818,1.);
#6818=DIRECTION('',(0.,0.,1.));
#6819=CARTESIAN_POINT('',(9.68,-0.32,6.12679491924311));
#6820=CARTESIAN_POINT('',(9.68,-0.32,6.12679491924311));
#6821=VECTOR('',#6822,1.);
#6822=DIRECTION('',(1.,0.,2.77555756156289E-015));
#6823=CARTESIAN_POINT('',(9.68,-0.32,2.));
#6824=VECTOR('',#6825,1.);
#6825=DIRECTION('',(0.,0.,1.));
#6826=CARTESIAN_POINT('',(9.68,0.32,6.12679491924311));
#6827=VECTOR('',#6828,1.);
#6828=DIRECTION('',(0.,-1.,0.));
#6829=CARTESIAN_POINT('',(12.82,0.32,6.12679491924311));
#6830=CARTESIAN_POINT('',(12.18,0.32,6.12679491924311));
#6831=CARTESIAN_POINT('',(12.82,0.32,6.12679491924311));
#6832=VECTOR('',#6833,1.);
#6833=DIRECTION('',(-1.,0.,2.77555756156289E-015));
#6834=CARTESIAN_POINT('',(12.82,0.32,2.));
#6835=VECTOR('',#6836,1.);
#6836=DIRECTION('',(0.,0.,1.));
#6837=CARTESIAN_POINT('',(12.18,0.32,2.));
#6838=VECTOR('',#6839,1.);
#6839=DIRECTION('',(0.,0.,1.));
#6840=CARTESIAN_POINT('',(12.82,-0.32,6.12679491924311));
#6841=CARTESIAN_POINT('',(12.82,-0.32,6.12679491924311));
#6842=VECTOR('',#6843,1.);
#6843=DIRECTION('',(0.,1.,0.));
#6844=CARTESIAN_POINT('',(12.82,-0.32,2.));
#6845=VECTOR('',#6846,1.);
#6846=DIRECTION('',(0.,0.,1.));
#6847=CARTESIAN_POINT('',(12.18,-0.32,6.12679491924311));
#6848=CARTESIAN_POINT('',(12.18,-0.32,6.12679491924311));
#6849=VECTOR('',#6850,1.);
#6850=DIRECTION('',(1.,0.,2.77555756156289E-015));
#6851=CARTESIAN_POINT('',(12.18,-0.32,2.));
#6852=VECTOR('',#6853,1.);
#6853=DIRECTION('',(0.,0.,1.));
#6854=CARTESIAN_POINT('',(12.18,0.32,6.12679491924311));
#6855=VECTOR('',#6856,1.);
#6856=DIRECTION('',(0.,-1.,0.));
#6857=CARTESIAN_POINT('',(15.32,0.32,6.12679491924311));
#6858=CARTESIAN_POINT('',(14.68,0.32,6.12679491924311));
#6859=CARTESIAN_POINT('',(15.32,0.32,6.12679491924311));
#6860=VECTOR('',#6861,1.);
#6861=DIRECTION('',(-1.,0.,2.77555756156289E-015));
#6862=CARTESIAN_POINT('',(15.32,0.32,2.));
#6863=VECTOR('',#6864,1.);
#6864=DIRECTION('',(0.,0.,1.));
#6865=CARTESIAN_POINT('',(14.68,0.32,2.));
#6866=VECTOR('',#6867,1.);
#6867=DIRECTION('',(0.,0.,1.));
#6868=CARTESIAN_POINT('',(15.32,-0.32,6.12679491924311));
#6869=CARTESIAN_POINT('',(15.32,-0.32,6.12679491924311));
#6870=VECTOR('',#6871,1.);
#6871=DIRECTION('',(0.,1.,0.));
#6872=CARTESIAN_POINT('',(15.32,-0.32,2.));
#6873=VECTOR('',#6874,1.);
#6874=DIRECTION('',(0.,0.,1.));
#6875=CARTESIAN_POINT('',(14.68,-0.32,6.12679491924311));
#6876=CARTESIAN_POINT('',(14.68,-0.32,6.12679491924311));
#6877=VECTOR('',#6878,1.);
#6878=DIRECTION('',(1.,0.,2.77555756156289E-015));
#6879=CARTESIAN_POINT('',(14.68,-0.32,2.));
#6880=VECTOR('',#6881,1.);
#6881=DIRECTION('',(0.,0.,1.));
#6882=CARTESIAN_POINT('',(14.68,0.32,6.12679491924311));
#6883=VECTOR('',#6884,1.);
#6884=DIRECTION('',(0.,-1.,0.));
#6885=CARTESIAN_POINT('',(17.82,0.32,6.12679491924311));
#6886=CARTESIAN_POINT('',(17.18,0.32,6.12679491924311));
#6887=CARTESIAN_POINT('',(17.82,0.32,6.12679491924311));
#6888=VECTOR('',#6889,1.);
#6889=DIRECTION('',(-1.,0.,2.77555756156289E-015));
#6890=CARTESIAN_POINT('',(17.82,0.32,2.));
#6891=VECTOR('',#6892,1.);
#6892=DIRECTION('',(0.,0.,1.));
#6893=CARTESIAN_POINT('',(17.18,0.32,2.));
#6894=VECTOR('',#6895,1.);
#6895=DIRECTION('',(0.,0.,1.));
#6896=CARTESIAN_POINT('',(17.82,-0.32,6.12679491924311));
#6897=CARTESIAN_POINT('',(17.82,-0.32,6.12679491924311));
#6898=VECTOR('',#6899,1.);
#6899=DIRECTION('',(0.,1.,0.));
#6900=CARTESIAN_POINT('',(17.82,-0.32,2.));
#6901=VECTOR('',#6902,1.);
#6902=DIRECTION('',(0.,0.,1.));
#6903=CARTESIAN_POINT('',(17.18,-0.32,6.12679491924311));
#6904=CARTESIAN_POINT('',(17.18,-0.32,6.12679491924311));
#6905=VECTOR('',#6906,1.);
#6906=DIRECTION('',(1.,0.,2.77555756156289E-015));
#6907=CARTESIAN_POINT('',(17.18,-0.32,2.));
#6908=VECTOR('',#6909,1.);
#6909=DIRECTION('',(0.,0.,1.));
#6910=CARTESIAN_POINT('',(17.18,0.32,6.12679491924311));
#6911=VECTOR('',#6912,1.);
#6912=DIRECTION('',(0.,-1.,0.));
#6913=CARTESIAN_POINT('',(0.32,0.32,6.12679491924311));
#6914=CARTESIAN_POINT('',(-0.32,0.32,6.12679491924311));
#6915=CARTESIAN_POINT('',(0.32,0.32,6.12679491924311));
#6916=VECTOR('',#6917,1.);
#6917=DIRECTION('',(-1.,0.,0.));
#6918=CARTESIAN_POINT('',(0.32,0.32,2.));
#6919=VECTOR('',#6920,1.);
#6920=DIRECTION('',(0.,0.,1.));
#6921=CARTESIAN_POINT('',(-0.32,0.32,2.));
#6922=VECTOR('',#6923,1.);
#6923=DIRECTION('',(0.,0.,1.));
#6924=CARTESIAN_POINT('',(0.32,-0.32,6.12679491924311));
#6925=CARTESIAN_POINT('',(0.32,-0.32,6.12679491924311));
#6926=VECTOR('',#6927,1.);
#6927=DIRECTION('',(0.,1.,0.));
#6928=CARTESIAN_POINT('',(0.32,-0.32,2.));
#6929=VECTOR('',#6930,1.);
#6930=DIRECTION('',(0.,0.,1.));
#6931=CARTESIAN_POINT('',(-0.32,-0.32,6.12679491924311));
#6932=CARTESIAN_POINT('',(-0.32,-0.32,6.12679491924311));
#6933=VECTOR('',#6934,1.);
#6934=DIRECTION('',(1.,0.,0.));
#6935=CARTESIAN_POINT('',(-0.32,-0.32,2.));
#6936=VECTOR('',#6937,1.);
#6937=DIRECTION('',(0.,0.,1.));
#6938=CARTESIAN_POINT('',(-0.32,0.32,6.12679491924311));
#6939=VECTOR('',#6940,1.);
#6940=DIRECTION('',(0.,-1.,0.));
#6941=CARTESIAN_POINT('',(-1.8,-0.4,6.7));
#6942=VECTOR('',#6943,1.);
#6943=DIRECTION('',(-0.707106781186549,0.,0.707106781186546));
#6944=CARTESIAN_POINT('',(-2.1,3.15,7.));
#6945=VECTOR('',#6946,1.);
#6946=DIRECTION('',(0.577350269189627,-0.577350269189626,-0.577350269189624));
#6947=CARTESIAN_POINT('',(0.32,0.32,-3.12679491924311));
#6948=CARTESIAN_POINT('',(-0.32,0.32,-3.12679491924311));
#6949=CARTESIAN_POINT('',(0.32,0.32,-3.12679491924311));
#6950=VECTOR('',#6951,1.);
#6951=DIRECTION('',(-1.,0.,0.));
#6952=CARTESIAN_POINT('',(-0.32,0.32,-3.12679491924311));
#6953=VECTOR('',#6954,1.);
#6954=DIRECTION('',(0.,0.,1.));
#6955=CARTESIAN_POINT('',(0.32,0.32,-3.12679491924311));
#6956=VECTOR('',#6957,1.);
#6957=DIRECTION('',(0.,0.,1.));
#6958=CARTESIAN_POINT('',(-0.32,-0.32,-3.12679491924311));
#6959=CARTESIAN_POINT('',(-0.32,0.32,-3.12679491924311));
#6960=VECTOR('',#6961,1.);
#6961=DIRECTION('',(0.,-1.,0.));
#6962=CARTESIAN_POINT('',(-0.32,-0.32,-3.12679491924311));
#6963=VECTOR('',#6964,1.);
#6964=DIRECTION('',(0.,0.,1.));
#6965=CARTESIAN_POINT('',(0.32,-0.32,-3.12679491924311));
#6966=CARTESIAN_POINT('',(-0.32,-0.32,-3.12679491924311));
#6967=VECTOR('',#6968,1.);
#6968=DIRECTION('',(1.,0.,0.));
#6969=CARTESIAN_POINT('',(0.32,-0.32,-3.12679491924311));
#6970=VECTOR('',#6971,1.);
#6971=DIRECTION('',(0.,0.,1.));
#6972=CARTESIAN_POINT('',(0.32,-0.32,-3.12679491924311));
#6973=VECTOR('',#6974,1.);
#6974=DIRECTION('',(0.,1.,0.));
#6975=CARTESIAN_POINT('',(2.82,0.32,-3.12679491924311));
#6976=CARTESIAN_POINT('',(2.18,0.32,-3.12679491924311));
#6977=CARTESIAN_POINT('',(2.82,0.32,-3.12679491924311));
#6978=VECTOR('',#6979,1.);
#6979=DIRECTION('',(-1.,0.,0.));
#6980=CARTESIAN_POINT('',(2.18,0.32,-3.12679491924311));
#6981=VECTOR('',#6982,1.);
#6982=DIRECTION('',(0.,0.,1.));
#6983=CARTESIAN_POINT('',(2.82,0.32,-3.12679491924311));
#6984=VECTOR('',#6985,1.);
#6985=DIRECTION('',(0.,0.,1.));
#6986=CARTESIAN_POINT('',(2.18,-0.32,-3.12679491924311));
#6987=CARTESIAN_POINT('',(2.18,0.32,-3.12679491924311));
#6988=VECTOR('',#6989,1.);
#6989=DIRECTION('',(0.,-1.,0.));
#6990=CARTESIAN_POINT('',(2.18,-0.32,-3.12679491924311));
#6991=VECTOR('',#6992,1.);
#6992=DIRECTION('',(0.,0.,1.));
#6993=CARTESIAN_POINT('',(2.82,-0.32,-3.12679491924311));
#6994=CARTESIAN_POINT('',(2.18,-0.32,-3.12679491924311));
#6995=VECTOR('',#6996,1.);
#6996=DIRECTION('',(1.,0.,0.));
#6997=CARTESIAN_POINT('',(2.82,-0.32,-3.12679491924311));
#6998=VECTOR('',#6999,1.);
#6999=DIRECTION('',(0.,0.,1.));
#7000=CARTESIAN_POINT('',(2.82,-0.32,-3.12679491924311));
#7001=VECTOR('',#7002,1.);
#7002=DIRECTION('',(0.,1.,0.));
#7003=CARTESIAN_POINT('',(5.32,0.32,-3.12679491924311));
#7004=CARTESIAN_POINT('',(4.68,0.32,-3.12679491924311));
#7005=CARTESIAN_POINT('',(5.32,0.32,-3.12679491924311));
#7006=VECTOR('',#7007,1.);
#7007=DIRECTION('',(-1.,0.,0.));
#7008=CARTESIAN_POINT('',(4.68,0.32,-3.12679491924311));
#7009=VECTOR('',#7010,1.);
#7010=DIRECTION('',(0.,0.,1.));
#7011=CARTESIAN_POINT('',(5.32,0.32,-3.12679491924311));
#7012=VECTOR('',#7013,1.);
#7013=DIRECTION('',(0.,0.,1.));
#7014=CARTESIAN_POINT('',(4.68,-0.32,-3.12679491924311));
#7015=CARTESIAN_POINT('',(4.68,0.32,-3.12679491924311));
#7016=VECTOR('',#7017,1.);
#7017=DIRECTION('',(0.,-1.,0.));
#7018=CARTESIAN_POINT('',(4.68,-0.32,-3.12679491924311));
#7019=VECTOR('',#7020,1.);
#7020=DIRECTION('',(0.,0.,1.));
#7021=CARTESIAN_POINT('',(5.32,-0.32,-3.12679491924311));
#7022=CARTESIAN_POINT('',(4.68,-0.32,-3.12679491924311));
#7023=VECTOR('',#7024,1.);
#7024=DIRECTION('',(1.,0.,0.));
#7025=CARTESIAN_POINT('',(5.32,-0.32,-3.12679491924311));
#7026=VECTOR('',#7027,1.);
#7027=DIRECTION('',(0.,0.,1.));
#7028=CARTESIAN_POINT('',(5.32,-0.32,-3.12679491924311));
#7029=VECTOR('',#7030,1.);
#7030=DIRECTION('',(0.,1.,0.));
#7031=CARTESIAN_POINT('',(7.82,0.32,-3.12679491924311));
#7032=CARTESIAN_POINT('',(7.18,0.32,-3.12679491924311));
#7033=CARTESIAN_POINT('',(7.82,0.32,-3.12679491924311));
#7034=VECTOR('',#7035,1.);
#7035=DIRECTION('',(-1.,0.,0.));
#7036=CARTESIAN_POINT('',(7.18,0.32,-3.12679491924311));
#7037=VECTOR('',#7038,1.);
#7038=DIRECTION('',(0.,0.,1.));
#7039=CARTESIAN_POINT('',(7.82,0.32,-3.12679491924311));
#7040=VECTOR('',#7041,1.);
#7041=DIRECTION('',(0.,0.,1.));
#7042=CARTESIAN_POINT('',(7.18,-0.32,-3.12679491924311));
#7043=CARTESIAN_POINT('',(7.18,0.32,-3.12679491924311));
#7044=VECTOR('',#7045,1.);
#7045=DIRECTION('',(0.,-1.,0.));
#7046=CARTESIAN_POINT('',(7.18,-0.32,-3.12679491924311));
#7047=VECTOR('',#7048,1.);
#7048=DIRECTION('',(0.,0.,1.));
#7049=CARTESIAN_POINT('',(7.82,-0.32,-3.12679491924311));
#7050=CARTESIAN_POINT('',(7.18,-0.32,-3.12679491924311));
#7051=VECTOR('',#7052,1.);
#7052=DIRECTION('',(1.,0.,0.));
#7053=CARTESIAN_POINT('',(7.82,-0.32,-3.12679491924311));
#7054=VECTOR('',#7055,1.);
#7055=DIRECTION('',(0.,0.,1.));
#7056=CARTESIAN_POINT('',(7.82,-0.32,-3.12679491924311));
#7057=VECTOR('',#7058,1.);
#7058=DIRECTION('',(0.,1.,0.));
#7059=CARTESIAN_POINT('',(10.32,0.32,-3.12679491924311));
#7060=CARTESIAN_POINT('',(9.68,0.32,-3.12679491924311));
#7061=CARTESIAN_POINT('',(10.32,0.32,-3.12679491924311));
#7062=VECTOR('',#7063,1.);
#7063=DIRECTION('',(-1.,0.,0.));
#7064=CARTESIAN_POINT('',(9.68,0.32,-3.12679491924311));
#7065=VECTOR('',#7066,1.);
#7066=DIRECTION('',(0.,0.,1.));
#7067=CARTESIAN_POINT('',(10.32,0.32,-3.12679491924311));
#7068=VECTOR('',#7069,1.);
#7069=DIRECTION('',(0.,0.,1.));
#7070=CARTESIAN_POINT('',(9.68,-0.32,-3.12679491924311));
#7071=CARTESIAN_POINT('',(9.68,0.32,-3.12679491924311));
#7072=VECTOR('',#7073,1.);
#7073=DIRECTION('',(0.,-1.,0.));
#7074=CARTESIAN_POINT('',(9.68,-0.32,-3.12679491924311));
#7075=VECTOR('',#7076,1.);
#7076=DIRECTION('',(0.,0.,1.));
#7077=CARTESIAN_POINT('',(10.32,-0.32,-3.12679491924311));
#7078=CARTESIAN_POINT('',(9.68,-0.32,-3.12679491924311));
#7079=VECTOR('',#7080,1.);
#7080=DIRECTION('',(1.,0.,0.));
#7081=CARTESIAN_POINT('',(10.32,-0.32,-3.12679491924311));
#7082=VECTOR('',#7083,1.);
#7083=DIRECTION('',(0.,0.,1.));
#7084=CARTESIAN_POINT('',(10.32,-0.32,-3.12679491924311));
#7085=VECTOR('',#7086,1.);
#7086=DIRECTION('',(0.,1.,0.));
#7087=CARTESIAN_POINT('',(12.82,0.32,-3.12679491924311));
#7088=CARTESIAN_POINT('',(12.18,0.32,-3.12679491924311));
#7089=CARTESIAN_POINT('',(12.82,0.32,-3.12679491924311));
#7090=VECTOR('',#7091,1.);
#7091=DIRECTION('',(-1.,0.,0.));
#7092=CARTESIAN_POINT('',(12.18,0.32,-3.12679491924311));
#7093=VECTOR('',#7094,1.);
#7094=DIRECTION('',(0.,0.,1.));
#7095=CARTESIAN_POINT('',(12.82,0.32,-3.12679491924311));
#7096=VECTOR('',#7097,1.);
#7097=DIRECTION('',(0.,0.,1.));
#7098=CARTESIAN_POINT('',(12.18,-0.32,-3.12679491924311));
#7099=CARTESIAN_POINT('',(12.18,0.32,-3.12679491924311));
#7100=VECTOR('',#7101,1.);
#7101=DIRECTION('',(0.,-1.,0.));
#7102=CARTESIAN_POINT('',(12.18,-0.32,-3.12679491924311));
#7103=VECTOR('',#7104,1.);
#7104=DIRECTION('',(0.,0.,1.));
#7105=CARTESIAN_POINT('',(12.82,-0.32,-3.12679491924311));
#7106=CARTESIAN_POINT('',(12.18,-0.32,-3.12679491924311));
#7107=VECTOR('',#7108,1.);
#7108=DIRECTION('',(1.,0.,0.));
#7109=CARTESIAN_POINT('',(12.82,-0.32,-3.12679491924311));
#7110=VECTOR('',#7111,1.);
#7111=DIRECTION('',(0.,0.,1.));
#7112=CARTESIAN_POINT('',(12.82,-0.32,-3.12679491924311));
#7113=VECTOR('',#7114,1.);
#7114=DIRECTION('',(0.,1.,0.));
#7115=CARTESIAN_POINT('',(15.32,0.32,-3.12679491924311));
#7116=CARTESIAN_POINT('',(14.68,0.32,-3.12679491924311));
#7117=CARTESIAN_POINT('',(15.32,0.32,-3.12679491924311));
#7118=VECTOR('',#7119,1.);
#7119=DIRECTION('',(-1.,0.,0.));
#7120=CARTESIAN_POINT('',(14.68,0.32,-3.12679491924311));
#7121=VECTOR('',#7122,1.);
#7122=DIRECTION('',(0.,0.,1.));
#7123=CARTESIAN_POINT('',(15.32,0.32,-3.12679491924311));
#7124=VECTOR('',#7125,1.);
#7125=DIRECTION('',(0.,0.,1.));
#7126=CARTESIAN_POINT('',(14.68,-0.32,-3.12679491924311));
#7127=CARTESIAN_POINT('',(14.68,0.32,-3.12679491924311));
#7128=VECTOR('',#7129,1.);
#7129=DIRECTION('',(0.,-1.,0.));
#7130=CARTESIAN_POINT('',(14.68,-0.32,-3.12679491924311));
#7131=VECTOR('',#7132,1.);
#7132=DIRECTION('',(0.,0.,1.));
#7133=CARTESIAN_POINT('',(15.32,-0.32,-3.12679491924311));
#7134=CARTESIAN_POINT('',(14.68,-0.32,-3.12679491924311));
#7135=VECTOR('',#7136,1.);
#7136=DIRECTION('',(1.,0.,0.));
#7137=CARTESIAN_POINT('',(15.32,-0.32,-3.12679491924311));
#7138=VECTOR('',#7139,1.);
#7139=DIRECTION('',(0.,0.,1.));
#7140=CARTESIAN_POINT('',(15.32,-0.32,-3.12679491924311));
#7141=VECTOR('',#7142,1.);
#7142=DIRECTION('',(0.,1.,0.));
#7143=CARTESIAN_POINT('',(17.82,0.32,-3.12679491924311));
#7144=CARTESIAN_POINT('',(17.18,0.32,-3.12679491924311));
#7145=CARTESIAN_POINT('',(17.82,0.32,-3.12679491924311));
#7146=VECTOR('',#7147,1.);
#7147=DIRECTION('',(-1.,0.,0.));
#7148=CARTESIAN_POINT('',(17.18,0.32,-3.12679491924311));
#7149=VECTOR('',#7150,1.);
#7150=DIRECTION('',(0.,0.,1.));
#7151=CARTESIAN_POINT('',(17.82,0.32,-3.12679491924311));
#7152=VECTOR('',#7153,1.);
#7153=DIRECTION('',(0.,0.,1.));
#7154=CARTESIAN_POINT('',(17.18,-0.32,-3.12679491924311));
#7155=CARTESIAN_POINT('',(17.18,0.32,-3.12679491924311));
#7156=VECTOR('',#7157,1.);
#7157=DIRECTION('',(0.,-1.,0.));
#7158=CARTESIAN_POINT('',(17.18,-0.32,-3.12679491924311));
#7159=VECTOR('',#7160,1.);
#7160=DIRECTION('',(0.,0.,1.));
#7161=CARTESIAN_POINT('',(17.82,-0.32,-3.12679491924311));
#7162=CARTESIAN_POINT('',(17.18,-0.32,-3.12679491924311));
#7163=VECTOR('',#7164,1.);
#7164=DIRECTION('',(1.,0.,0.));
#7165=CARTESIAN_POINT('',(17.82,-0.32,-3.12679491924311));
#7166=VECTOR('',#7167,1.);
#7167=DIRECTION('',(0.,0.,1.));
#7168=CARTESIAN_POINT('',(17.82,-0.32,-3.12679491924311));
#7169=VECTOR('',#7170,1.);
#7170=DIRECTION('',(0.,1.,0.));
#7171=CARTESIAN_POINT('',(2.28,0.22,6.5));
#7172=CARTESIAN_POINT('',(2.18,0.32,6.12679491924311));
#7173=VECTOR('',#7174,1.);
#7174=DIRECTION('',(0.250562807085733,-0.250562807085729,0.935113126531029));
#7175=CARTESIAN_POINT('',(2.72,0.22,6.5));
#7176=CARTESIAN_POINT('',(2.72,0.22,6.5));
#7177=VECTOR('',#7178,1.);
#7178=DIRECTION('',(-1.,1.26161707343768E-016,0.));
#7179=CARTESIAN_POINT('',(2.82,0.320000000000001,6.12679491924311));
#7180=VECTOR('',#7181,1.);
#7181=DIRECTION('',(-0.25056280708573,-0.250562807085732,0.93511312653103));
#7182=CARTESIAN_POINT('',(2.72,-0.22,6.5));
#7183=CARTESIAN_POINT('',(2.72,-0.22,6.5));
#7184=VECTOR('',#7185,1.);
#7185=DIRECTION('',(0.,1.,0.));
#7186=CARTESIAN_POINT('',(2.82,-0.32,6.12679491924311));
#7187=VECTOR('',#7188,1.);
#7188=DIRECTION('',(-0.250562807085732,0.250562807085733,0.935113126531029));
#7189=CARTESIAN_POINT('',(2.28,-0.22,6.5));
#7190=CARTESIAN_POINT('',(2.28,-0.22,6.5));
#7191=VECTOR('',#7192,1.);
#7192=DIRECTION('',(1.,0.,0.));
#7193=CARTESIAN_POINT('',(2.18,-0.320000000000001,6.12679491924311));
#7194=VECTOR('',#7195,1.);
#7195=DIRECTION('',(0.25056280708573,0.250562807085732,0.93511312653103));
#7196=CARTESIAN_POINT('',(2.28,0.22,6.5));
#7197=VECTOR('',#7198,1.);
#7198=DIRECTION('',(0.,-1.,0.));
#7199=CARTESIAN_POINT('',(4.78,0.22,6.5));
#7200=CARTESIAN_POINT('',(4.68,0.32,6.12679491924311));
#7201=VECTOR('',#7202,1.);
#7202=DIRECTION('',(0.250562807085732,-0.250562807085733,0.935113126531029));
#7203=CARTESIAN_POINT('',(5.22,0.22,6.5));
#7204=CARTESIAN_POINT('',(5.22,0.22,6.5));
#7205=VECTOR('',#7206,1.);
#7206=DIRECTION('',(-1.,0.,0.));
#7207=CARTESIAN_POINT('',(5.32,0.320000000000001,6.12679491924311));
#7208=VECTOR('',#7209,1.);
#7209=DIRECTION('',(-0.25056280708573,-0.250562807085732,0.93511312653103));
#7210=CARTESIAN_POINT('',(5.22,-0.22,6.5));
#7211=CARTESIAN_POINT('',(5.22,-0.22,6.5));
#7212=VECTOR('',#7213,1.);
#7213=DIRECTION('',(0.,1.,0.));
#7214=CARTESIAN_POINT('',(5.32,-0.32,6.12679491924311));
#7215=VECTOR('',#7216,1.);
#7216=DIRECTION('',(-0.250562807085732,0.250562807085733,0.935113126531029));
#7217=CARTESIAN_POINT('',(4.78,-0.22,6.5));
#7218=CARTESIAN_POINT('',(4.78,-0.22,6.5));
#7219=VECTOR('',#7220,1.);
#7220=DIRECTION('',(1.,0.,0.));
#7221=CARTESIAN_POINT('',(4.68,-0.320000000000001,6.12679491924311));
#7222=VECTOR('',#7223,1.);
#7223=DIRECTION('',(0.25056280708573,0.250562807085732,0.93511312653103));
#7224=CARTESIAN_POINT('',(4.78,0.22,6.5));
#7225=VECTOR('',#7226,1.);
#7226=DIRECTION('',(0.,-1.,0.));
#7227=CARTESIAN_POINT('',(7.28,0.22,6.5));
#7228=CARTESIAN_POINT('',(7.18,0.32,6.12679491924311));
#7229=VECTOR('',#7230,1.);
#7230=DIRECTION('',(0.250562807085734,-0.250562807085733,0.935113126531029));
#7231=CARTESIAN_POINT('',(7.72,0.22,6.5));
#7232=CARTESIAN_POINT('',(7.72,0.22,6.5));
#7233=VECTOR('',#7234,1.);
#7234=DIRECTION('',(-1.,0.,0.));
#7235=CARTESIAN_POINT('',(7.82,0.320000000000001,6.12679491924311));
#7236=VECTOR('',#7237,1.);
#7237=DIRECTION('',(-0.25056280708573,-0.250562807085732,0.93511312653103));
#7238=CARTESIAN_POINT('',(7.72,-0.22,6.5));
#7239=CARTESIAN_POINT('',(7.72,-0.22,6.5));
#7240=VECTOR('',#7241,1.);
#7241=DIRECTION('',(0.,1.,0.));
#7242=CARTESIAN_POINT('',(7.82,-0.32,6.12679491924311));
#7243=VECTOR('',#7244,1.);
#7244=DIRECTION('',(-0.250562807085732,0.250562807085733,0.935113126531029));
#7245=CARTESIAN_POINT('',(7.28,-0.22,6.5));
#7246=CARTESIAN_POINT('',(7.28,-0.22,6.5));
#7247=VECTOR('',#7248,1.);
#7248=DIRECTION('',(1.,0.,0.));
#7249=CARTESIAN_POINT('',(7.18,-0.320000000000001,6.12679491924311));
#7250=VECTOR('',#7251,1.);
#7251=DIRECTION('',(0.25056280708573,0.250562807085732,0.93511312653103));
#7252=CARTESIAN_POINT('',(7.28,0.22,6.5));
#7253=VECTOR('',#7254,1.);
#7254=DIRECTION('',(0.,-1.,0.));
#7255=CARTESIAN_POINT('',(9.78,0.22,6.5));
#7256=CARTESIAN_POINT('',(9.68,0.32,6.12679491924311));
#7257=VECTOR('',#7258,1.);
#7258=DIRECTION('',(0.250562807085731,-0.250562807085731,0.93511312653103));
#7259=CARTESIAN_POINT('',(10.22,0.22,6.5));
#7260=CARTESIAN_POINT('',(10.22,0.22,6.5));
#7261=VECTOR('',#7262,1.);
#7262=DIRECTION('',(-1.,0.,0.));
#7263=CARTESIAN_POINT('',(10.32,0.320000000000001,6.12679491924311));
#7264=VECTOR('',#7265,1.);
#7265=DIRECTION('',(-0.25056280708573,-0.250562807085732,0.93511312653103));
#7266=CARTESIAN_POINT('',(10.22,-0.22,6.5));
#7267=CARTESIAN_POINT('',(10.22,-0.22,6.5));
#7268=VECTOR('',#7269,1.);
#7269=DIRECTION('',(0.,1.,0.));
#7270=CARTESIAN_POINT('',(10.32,-0.32,6.12679491924311));
#7271=VECTOR('',#7272,1.);
#7272=DIRECTION('',(-0.250562807085731,0.250562807085731,0.93511312653103));
#7273=CARTESIAN_POINT('',(9.78,-0.22,6.5));
#7274=CARTESIAN_POINT('',(9.78,-0.22,6.5));
#7275=VECTOR('',#7276,1.);
#7276=DIRECTION('',(1.,-1.26161707343767E-016,0.));
#7277=CARTESIAN_POINT('',(9.68,-0.320000000000001,6.12679491924311));
#7278=VECTOR('',#7279,1.);
#7279=DIRECTION('',(0.25056280708573,0.250562807085731,0.93511312653103));
#7280=CARTESIAN_POINT('',(9.78,0.22,6.5));
#7281=VECTOR('',#7282,1.);
#7282=DIRECTION('',(0.,-1.,0.));
#7283=CARTESIAN_POINT('',(12.28,0.22,6.5));
#7284=CARTESIAN_POINT('',(12.18,0.32,6.12679491924311));
#7285=VECTOR('',#7286,1.);
#7286=DIRECTION('',(0.250562807085731,-0.250562807085731,0.93511312653103));
#7287=CARTESIAN_POINT('',(12.72,0.22,6.5));
#7288=CARTESIAN_POINT('',(12.72,0.22,6.5));
#7289=VECTOR('',#7290,1.);
#7290=DIRECTION('',(-1.,0.,0.));
#7291=CARTESIAN_POINT('',(12.82,0.320000000000001,6.12679491924311));
#7292=VECTOR('',#7293,1.);
#7293=DIRECTION('',(-0.25056280708573,-0.250562807085732,0.93511312653103));
#7294=CARTESIAN_POINT('',(12.72,-0.22,6.5));
#7295=CARTESIAN_POINT('',(12.72,-0.22,6.5));
#7296=VECTOR('',#7297,1.);
#7297=DIRECTION('',(0.,1.,0.));
#7298=CARTESIAN_POINT('',(12.82,-0.32,6.12679491924311));
#7299=VECTOR('',#7300,1.);
#7300=DIRECTION('',(-0.250562807085731,0.250562807085731,0.93511312653103));
#7301=CARTESIAN_POINT('',(12.28,-0.22,6.5));
#7302=CARTESIAN_POINT('',(12.28,-0.22,6.5));
#7303=VECTOR('',#7304,1.);
#7304=DIRECTION('',(1.,-1.26161707343767E-016,0.));
#7305=CARTESIAN_POINT('',(12.18,-0.320000000000001,6.12679491924311));
#7306=VECTOR('',#7307,1.);
#7307=DIRECTION('',(0.25056280708573,0.250562807085731,0.93511312653103));
#7308=CARTESIAN_POINT('',(12.28,0.22,6.5));
#7309=VECTOR('',#7310,1.);
#7310=DIRECTION('',(0.,-1.,0.));
#7311=CARTESIAN_POINT('',(14.78,0.22,6.5));
#7312=CARTESIAN_POINT('',(14.68,0.32,6.12679491924311));
#7313=VECTOR('',#7314,1.);
#7314=DIRECTION('',(0.250562807085731,-0.250562807085731,0.93511312653103));
#7315=CARTESIAN_POINT('',(15.22,0.22,6.5));
#7316=CARTESIAN_POINT('',(15.22,0.22,6.5));
#7317=VECTOR('',#7318,1.);
#7318=DIRECTION('',(-1.,0.,0.));
#7319=CARTESIAN_POINT('',(15.32,0.320000000000001,6.12679491924311));
#7320=VECTOR('',#7321,1.);
#7321=DIRECTION('',(-0.25056280708573,-0.250562807085732,0.93511312653103));
#7322=CARTESIAN_POINT('',(15.22,-0.22,6.5));
#7323=CARTESIAN_POINT('',(15.22,-0.22,6.5));
#7324=VECTOR('',#7325,1.);
#7325=DIRECTION('',(0.,1.,0.));
#7326=CARTESIAN_POINT('',(15.32,-0.32,6.12679491924311));
#7327=VECTOR('',#7328,1.);
#7328=DIRECTION('',(-0.250562807085731,0.250562807085731,0.93511312653103));
#7329=CARTESIAN_POINT('',(14.78,-0.22,6.5));
#7330=CARTESIAN_POINT('',(14.78,-0.22,6.5));
#7331=VECTOR('',#7332,1.);
#7332=DIRECTION('',(1.,-1.26161707343767E-016,0.));
#7333=CARTESIAN_POINT('',(14.68,-0.320000000000001,6.12679491924311));
#7334=VECTOR('',#7335,1.);
#7335=DIRECTION('',(0.25056280708573,0.250562807085731,0.93511312653103));
#7336=CARTESIAN_POINT('',(14.78,0.22,6.5));
#7337=VECTOR('',#7338,1.);
#7338=DIRECTION('',(0.,-1.,0.));
#7339=CARTESIAN_POINT('',(17.28,0.22,6.5));
#7340=CARTESIAN_POINT('',(17.18,0.32,6.12679491924311));
#7341=VECTOR('',#7342,1.);
#7342=DIRECTION('',(0.250562807085735,-0.25056280708573,0.935113126531029));
#7343=CARTESIAN_POINT('',(17.72,0.22,6.5));
#7344=CARTESIAN_POINT('',(17.72,0.22,6.5));
#7345=VECTOR('',#7346,1.);
#7346=DIRECTION('',(-1.,6.30808536718842E-017,0.));
#7347=CARTESIAN_POINT('',(17.82,0.320000000000001,6.12679491924311));
#7348=VECTOR('',#7349,1.);
#7349=DIRECTION('',(-0.250562807085734,-0.250562807085732,0.935113126531029));
#7350=CARTESIAN_POINT('',(17.72,-0.22,6.5));
#7351=CARTESIAN_POINT('',(17.72,-0.22,6.5));
#7352=VECTOR('',#7353,1.);
#7353=DIRECTION('',(0.,1.,0.));
#7354=CARTESIAN_POINT('',(17.82,-0.32,6.12679491924311));
#7355=VECTOR('',#7356,1.);
#7356=DIRECTION('',(-0.250562807085735,0.25056280708573,0.935113126531029));
#7357=CARTESIAN_POINT('',(17.28,-0.22,6.5));
#7358=CARTESIAN_POINT('',(17.28,-0.22,6.5));
#7359=VECTOR('',#7360,1.);
#7360=DIRECTION('',(1.,-6.30808536718842E-017,0.));
#7361=CARTESIAN_POINT('',(17.18,-0.320000000000001,6.12679491924311));
#7362=VECTOR('',#7363,1.);
#7363=DIRECTION('',(0.250562807085734,0.250562807085731,0.935113126531029));
#7364=CARTESIAN_POINT('',(17.28,0.22,6.5));
#7365=VECTOR('',#7366,1.);
#7366=DIRECTION('',(0.,-1.,0.));
#7367=CARTESIAN_POINT('',(-0.22,0.22,6.5));
#7368=CARTESIAN_POINT('',(-0.32,0.32,6.12679491924311));
#7369=VECTOR('',#7370,1.);
#7370=DIRECTION('',(0.250562807085732,-0.250562807085733,0.935113126531029));
#7371=CARTESIAN_POINT('',(0.22,0.22,6.5));
#7372=CARTESIAN_POINT('',(0.22,0.22,6.5));
#7373=VECTOR('',#7374,1.);
#7374=DIRECTION('',(-1.,0.,0.));
#7375=CARTESIAN_POINT('',(0.32,0.320000000000001,6.12679491924311));
#7376=VECTOR('',#7377,1.);
#7377=DIRECTION('',(-0.25056280708573,-0.250562807085732,0.93511312653103));
#7378=CARTESIAN_POINT('',(0.22,-0.22,6.5));
#7379=CARTESIAN_POINT('',(0.22,-0.22,6.5));
#7380=VECTOR('',#7381,1.);
#7381=DIRECTION('',(0.,1.,0.));
#7382=CARTESIAN_POINT('',(0.32,-0.32,6.12679491924311));
#7383=VECTOR('',#7384,1.);
#7384=DIRECTION('',(-0.250562807085732,0.250562807085733,0.935113126531029));
#7385=CARTESIAN_POINT('',(-0.22,-0.22,6.5));
#7386=CARTESIAN_POINT('',(-0.22,-0.22,6.5));
#7387=VECTOR('',#7388,1.);
#7388=DIRECTION('',(1.,0.,0.));
#7389=CARTESIAN_POINT('',(-0.32,-0.320000000000001,6.12679491924311));
#7390=VECTOR('',#7391,1.);
#7391=DIRECTION('',(0.25056280708573,0.250562807085732,0.93511312653103));
#7392=CARTESIAN_POINT('',(-0.22,0.22,6.5));
#7393=VECTOR('',#7394,1.);
#7394=DIRECTION('',(-1.26161707343768E-016,-1.,0.));
#7395=CARTESIAN_POINT('',(0.22,0.22,-3.5));
#7396=CARTESIAN_POINT('',(0.32,0.32,-3.12679491924311));
#7397=VECTOR('',#7398,1.);
#7398=DIRECTION('',(-0.250562807085732,-0.250562807085732,-0.935113126531029));
#7399=CARTESIAN_POINT('',(-0.22,0.22,-3.5));
#7400=CARTESIAN_POINT('',(0.22,0.22,-3.5));
#7401=VECTOR('',#7402,1.);
#7402=DIRECTION('',(-1.,0.,0.));
#7403=CARTESIAN_POINT('',(-0.32,0.32,-3.12679491924311));
#7404=VECTOR('',#7405,1.);
#7405=DIRECTION('',(0.250562807085731,-0.250562807085732,-0.935113126531029));
#7406=CARTESIAN_POINT('',(-0.22,-0.22,-3.5));
#7407=CARTESIAN_POINT('',(-0.22,0.22,-3.5));
#7408=VECTOR('',#7409,1.);
#7409=DIRECTION('',(-1.26161707343768E-016,-1.,0.));
#7410=CARTESIAN_POINT('',(-0.32,-0.32,-3.12679491924311));
#7411=VECTOR('',#7412,1.);
#7412=DIRECTION('',(0.250562807085732,0.250562807085732,-0.935113126531029));
#7413=CARTESIAN_POINT('',(0.22,-0.22,-3.5));
#7414=CARTESIAN_POINT('',(-0.22,-0.22,-3.5));
#7415=VECTOR('',#7416,1.);
#7416=DIRECTION('',(1.,0.,0.));
#7417=CARTESIAN_POINT('',(0.32,-0.32,-3.12679491924311));
#7418=VECTOR('',#7419,1.);
#7419=DIRECTION('',(-0.250562807085731,0.250562807085732,-0.935113126531029));
#7420=CARTESIAN_POINT('',(0.22,-0.22,-3.5));
#7421=VECTOR('',#7422,1.);
#7422=DIRECTION('',(0.,1.,0.));
#7423=CARTESIAN_POINT('',(2.72,0.22,-3.5));
#7424=CARTESIAN_POINT('',(2.82,0.32,-3.12679491924311));
#7425=VECTOR('',#7426,1.);
#7426=DIRECTION('',(-0.250562807085732,-0.250562807085732,-0.935113126531029));
#7427=CARTESIAN_POINT('',(2.28,0.22,-3.5));
#7428=CARTESIAN_POINT('',(2.72,0.22,-3.5));
#7429=VECTOR('',#7430,1.);
#7430=DIRECTION('',(-1.,1.26161707343768E-016,0.));
#7431=CARTESIAN_POINT('',(2.18,0.32,-3.12679491924311));
#7432=VECTOR('',#7433,1.);
#7433=DIRECTION('',(0.250562807085733,-0.250562807085732,-0.935113126531029));
#7434=CARTESIAN_POINT('',(2.28,-0.22,-3.5));
#7435=CARTESIAN_POINT('',(2.28,0.22,-3.5));
#7436=VECTOR('',#7437,1.);
#7437=DIRECTION('',(0.,-1.,0.));
#7438=CARTESIAN_POINT('',(2.18,-0.32,-3.12679491924311));
#7439=VECTOR('',#7440,1.);
#7440=DIRECTION('',(0.250562807085732,0.250562807085732,-0.935113126531029));
#7441=CARTESIAN_POINT('',(2.72,-0.22,-3.5));
#7442=CARTESIAN_POINT('',(2.28,-0.22,-3.5));
#7443=VECTOR('',#7444,1.);
#7444=DIRECTION('',(1.,0.,0.));
#7445=CARTESIAN_POINT('',(2.82,-0.32,-3.12679491924311));
#7446=VECTOR('',#7447,1.);
#7447=DIRECTION('',(-0.250562807085731,0.250562807085732,-0.93511312653103));
#7448=CARTESIAN_POINT('',(2.72,-0.22,-3.5));
#7449=VECTOR('',#7450,1.);
#7450=DIRECTION('',(0.,1.,0.));
#7451=CARTESIAN_POINT('',(5.22,0.22,-3.5));
#7452=CARTESIAN_POINT('',(5.32,0.32,-3.12679491924311));
#7453=VECTOR('',#7454,1.);
#7454=DIRECTION('',(-0.250562807085731,-0.250562807085732,-0.93511312653103));
#7455=CARTESIAN_POINT('',(4.78,0.22,-3.5));
#7456=CARTESIAN_POINT('',(5.22,0.22,-3.5));
#7457=VECTOR('',#7458,1.);
#7458=DIRECTION('',(-1.,0.,0.));
#7459=CARTESIAN_POINT('',(4.68,0.32,-3.12679491924311));
#7460=VECTOR('',#7461,1.);
#7461=DIRECTION('',(0.250562807085731,-0.250562807085732,-0.93511312653103));
#7462=CARTESIAN_POINT('',(4.78,-0.22,-3.5));
#7463=CARTESIAN_POINT('',(4.78,0.22,-3.5));
#7464=VECTOR('',#7465,1.);
#7465=DIRECTION('',(0.,-1.,0.));
#7466=CARTESIAN_POINT('',(4.68,-0.32,-3.12679491924311));
#7467=VECTOR('',#7468,1.);
#7468=DIRECTION('',(0.250562807085731,0.250562807085732,-0.93511312653103));
#7469=CARTESIAN_POINT('',(5.22,-0.22,-3.5));
#7470=CARTESIAN_POINT('',(4.78,-0.22,-3.5));
#7471=VECTOR('',#7472,1.);
#7472=DIRECTION('',(1.,0.,0.));
#7473=CARTESIAN_POINT('',(5.32,-0.32,-3.12679491924311));
#7474=VECTOR('',#7475,1.);
#7475=DIRECTION('',(-0.250562807085731,0.250562807085732,-0.93511312653103));
#7476=CARTESIAN_POINT('',(5.22,-0.22,-3.5));
#7477=VECTOR('',#7478,1.);
#7478=DIRECTION('',(0.,1.,0.));
#7479=CARTESIAN_POINT('',(7.72,0.22,-3.5));
#7480=CARTESIAN_POINT('',(7.82,0.32,-3.12679491924311));
#7481=VECTOR('',#7482,1.);
#7482=DIRECTION('',(-0.250562807085731,-0.250562807085732,-0.93511312653103));
#7483=CARTESIAN_POINT('',(7.28,0.22,-3.5));
#7484=CARTESIAN_POINT('',(7.72,0.22,-3.5));
#7485=VECTOR('',#7486,1.);
#7486=DIRECTION('',(-1.,0.,0.));
#7487=CARTESIAN_POINT('',(7.18,0.32,-3.12679491924311));
#7488=VECTOR('',#7489,1.);
#7489=DIRECTION('',(0.250562807085733,-0.250562807085732,-0.935113126531029));
#7490=CARTESIAN_POINT('',(7.28,-0.22,-3.5));
#7491=CARTESIAN_POINT('',(7.28,0.22,-3.5));
#7492=VECTOR('',#7493,1.);
#7493=DIRECTION('',(0.,-1.,0.));
#7494=CARTESIAN_POINT('',(7.18,-0.32,-3.12679491924311));
#7495=VECTOR('',#7496,1.);
#7496=DIRECTION('',(0.250562807085731,0.250562807085732,-0.93511312653103));
#7497=CARTESIAN_POINT('',(7.72,-0.22,-3.5));
#7498=CARTESIAN_POINT('',(7.28,-0.22,-3.5));
#7499=VECTOR('',#7500,1.);
#7500=DIRECTION('',(1.,0.,0.));
#7501=CARTESIAN_POINT('',(7.82,-0.32,-3.12679491924311));
#7502=VECTOR('',#7503,1.);
#7503=DIRECTION('',(-0.250562807085731,0.250562807085732,-0.93511312653103));
#7504=CARTESIAN_POINT('',(7.72,-0.22,-3.5));
#7505=VECTOR('',#7506,1.);
#7506=DIRECTION('',(0.,1.,0.));
#7507=CARTESIAN_POINT('',(10.22,0.22,-3.5));
#7508=CARTESIAN_POINT('',(10.32,0.32,-3.12679491924311));
#7509=VECTOR('',#7510,1.);
#7510=DIRECTION('',(-0.250562807085731,-0.250562807085732,-0.93511312653103));
#7511=CARTESIAN_POINT('',(9.78,0.22,-3.5));
#7512=CARTESIAN_POINT('',(10.22,0.22,-3.5));
#7513=VECTOR('',#7514,1.);
#7514=DIRECTION('',(-1.,0.,0.));
#7515=CARTESIAN_POINT('',(9.68,0.32,-3.12679491924311));
#7516=VECTOR('',#7517,1.);
#7517=DIRECTION('',(0.250562807085731,-0.250562807085732,-0.93511312653103));
#7518=CARTESIAN_POINT('',(9.78,-0.22,-3.5));
#7519=CARTESIAN_POINT('',(9.78,0.22,-3.5));
#7520=VECTOR('',#7521,1.);
#7521=DIRECTION('',(0.,-1.,0.));
#7522=CARTESIAN_POINT('',(9.68,-0.32,-3.12679491924311));
#7523=VECTOR('',#7524,1.);
#7524=DIRECTION('',(0.250562807085731,0.250562807085731,-0.93511312653103));
#7525=CARTESIAN_POINT('',(10.22,-0.22,-3.5));
#7526=CARTESIAN_POINT('',(9.78,-0.22,-3.5));
#7527=VECTOR('',#7528,1.);
#7528=DIRECTION('',(1.,-1.26161707343767E-016,0.));
#7529=CARTESIAN_POINT('',(10.32,-0.32,-3.12679491924311));
#7530=VECTOR('',#7531,1.);
#7531=DIRECTION('',(-0.250562807085731,0.250562807085732,-0.93511312653103));
#7532=CARTESIAN_POINT('',(10.22,-0.22,-3.5));
#7533=VECTOR('',#7534,1.);
#7534=DIRECTION('',(0.,1.,0.));
#7535=CARTESIAN_POINT('',(12.72,0.22,-3.5));
#7536=CARTESIAN_POINT('',(12.82,0.32,-3.12679491924311));
#7537=VECTOR('',#7538,1.);
#7538=DIRECTION('',(-0.250562807085731,-0.250562807085732,-0.93511312653103));
#7539=CARTESIAN_POINT('',(12.28,0.22,-3.5));
#7540=CARTESIAN_POINT('',(12.72,0.22,-3.5));
#7541=VECTOR('',#7542,1.);
#7542=DIRECTION('',(-1.,0.,0.));
#7543=CARTESIAN_POINT('',(12.18,0.32,-3.12679491924311));
#7544=VECTOR('',#7545,1.);
#7545=DIRECTION('',(0.250562807085731,-0.250562807085732,-0.93511312653103));
#7546=CARTESIAN_POINT('',(12.28,-0.22,-3.5));
#7547=CARTESIAN_POINT('',(12.28,0.22,-3.5));
#7548=VECTOR('',#7549,1.);
#7549=DIRECTION('',(0.,-1.,0.));
#7550=CARTESIAN_POINT('',(12.18,-0.32,-3.12679491924311));
#7551=VECTOR('',#7552,1.);
#7552=DIRECTION('',(0.250562807085731,0.250562807085731,-0.93511312653103));
#7553=CARTESIAN_POINT('',(12.72,-0.22,-3.5));
#7554=CARTESIAN_POINT('',(12.28,-0.22,-3.5));
#7555=VECTOR('',#7556,1.);
#7556=DIRECTION('',(1.,-1.26161707343767E-016,0.));
#7557=CARTESIAN_POINT('',(12.82,-0.32,-3.12679491924311));
#7558=VECTOR('',#7559,1.);
#7559=DIRECTION('',(-0.250562807085731,0.250562807085732,-0.93511312653103));
#7560=CARTESIAN_POINT('',(12.72,-0.22,-3.5));
#7561=VECTOR('',#7562,1.);
#7562=DIRECTION('',(0.,1.,0.));
#7563=CARTESIAN_POINT('',(15.22,0.22,-3.5));
#7564=CARTESIAN_POINT('',(15.32,0.32,-3.12679491924311));
#7565=VECTOR('',#7566,1.);
#7566=DIRECTION('',(-0.250562807085731,-0.250562807085732,-0.93511312653103));
#7567=CARTESIAN_POINT('',(14.78,0.22,-3.5));
#7568=CARTESIAN_POINT('',(15.22,0.22,-3.5));
#7569=VECTOR('',#7570,1.);
#7570=DIRECTION('',(-1.,0.,0.));
#7571=CARTESIAN_POINT('',(14.68,0.32,-3.12679491924311));
#7572=VECTOR('',#7573,1.);
#7573=DIRECTION('',(0.250562807085731,-0.250562807085732,-0.93511312653103));
#7574=CARTESIAN_POINT('',(14.78,-0.22,-3.5));
#7575=CARTESIAN_POINT('',(14.78,0.22,-3.5));
#7576=VECTOR('',#7577,1.);
#7577=DIRECTION('',(0.,-1.,0.));
#7578=CARTESIAN_POINT('',(14.68,-0.32,-3.12679491924311));
#7579=VECTOR('',#7580,1.);
#7580=DIRECTION('',(0.250562807085731,0.250562807085731,-0.93511312653103));
#7581=CARTESIAN_POINT('',(15.22,-0.22,-3.5));
#7582=CARTESIAN_POINT('',(14.78,-0.22,-3.5));
#7583=VECTOR('',#7584,1.);
#7584=DIRECTION('',(1.,-1.26161707343767E-016,0.));
#7585=CARTESIAN_POINT('',(15.32,-0.32,-3.12679491924311));
#7586=VECTOR('',#7587,1.);
#7587=DIRECTION('',(-0.250562807085731,0.250562807085732,-0.93511312653103));
#7588=CARTESIAN_POINT('',(15.22,-0.22,-3.5));
#7589=VECTOR('',#7590,1.);
#7590=DIRECTION('',(0.,1.,0.));
#7591=CARTESIAN_POINT('',(17.72,0.22,-3.5));
#7592=CARTESIAN_POINT('',(17.82,0.32,-3.12679491924311));
#7593=VECTOR('',#7594,1.);
#7594=DIRECTION('',(-0.250562807085735,-0.250562807085732,-0.935113126531029));
#7595=CARTESIAN_POINT('',(17.28,0.22,-3.5));
#7596=CARTESIAN_POINT('',(17.72,0.22,-3.5));
#7597=VECTOR('',#7598,1.);
#7598=DIRECTION('',(-1.,6.30808536718842E-017,0.));
#7599=CARTESIAN_POINT('',(17.18,0.32,-3.12679491924311));
#7600=VECTOR('',#7601,1.);
#7601=DIRECTION('',(0.250562807085735,-0.250562807085731,-0.935113126531029));
#7602=CARTESIAN_POINT('',(17.28,-0.22,-3.5));
#7603=CARTESIAN_POINT('',(17.28,0.22,-3.5));
#7604=VECTOR('',#7605,1.);
#7605=DIRECTION('',(0.,-1.,0.));
#7606=CARTESIAN_POINT('',(17.18,-0.32,-3.12679491924311));
#7607=VECTOR('',#7608,1.);
#7608=DIRECTION('',(0.250562807085735,0.250562807085731,-0.935113126531029));
#7609=CARTESIAN_POINT('',(17.72,-0.22,-3.5));
#7610=CARTESIAN_POINT('',(17.28,-0.22,-3.5));
#7611=VECTOR('',#7612,1.);
#7612=DIRECTION('',(1.,-6.30808536718842E-017,0.));
#7613=CARTESIAN_POINT('',(17.82,-0.32,-3.12679491924311));
#7614=VECTOR('',#7615,1.);
#7615=DIRECTION('',(-0.250562807085735,0.250562807085731,-0.935113126531029));
#7616=CARTESIAN_POINT('',(17.72,-0.22,-3.5));
#7617=VECTOR('',#7618,1.);
#7618=DIRECTION('',(0.,1.,0.));
ENDSEC;
END-ISO-10303-21;
