ISO-10303-21;
HEADER;
FILE_DESCRIPTION(('STEP AP214'),
    '1');
FILE_NAME('DS1069 (CWF CONNFLY)',
    '2018-04-27T07:28:36',
    ('Chugay'),
    (''),
    'ASCON STEP Converter 1.3',
    'ASCON Math Kernel',
    '');
FILE_SCHEMA(('AUTOMOTIVE_DESIGN { 1 0 10303 214 3 1 1}'));
ENDSEC;

DATA;
#1=SHAPE_REPRESENTATION('NONE',(#2),#6);
#2=AXIS2_PLACEMENT_3D('',#3,#4,#5);
#3=CARTESIAN_POINT('',(0.,0.,0.));
#4=DIRECTION('',(0.,0.,1.));
#5=DIRECTION('',(1.,0.,0.));
#6=(GEOMETRIC_REPRESENTATION_CONTEXT(3)GLOBAL_UNCERTAINTY_ASSIGNED_CONTEXT((#8))
GLOBAL_UNIT_ASSIGNED_CONTEXT((#7,#9,#10))REPRESENTATION_CONTEXT('NONE','NONE'));
#7=(LENGTH_UNIT()NAMED_UNIT(*)SI_UNIT(.MILLI.,.METRE.));
#8=UNCERTAINTY_MEASURE_WITH_UNIT(LENGTH_MEASURE(1.E-005),#7,'NONE','NONE');
#9=(NAMED_UNIT(*)PLANE_ANGLE_UNIT()SI_UNIT($,.RADIAN.));
#10=(NAMED_UNIT(*)SI_UNIT($,.STERADIAN.)SOLID_ANGLE_UNIT());
#11=SHAPE_DEFINITION_REPRESENTATION(#12,#1);
#12=PRODUCT_DEFINITION_SHAPE('NONE','NONE',#13);
#13=PRODUCT_DEFINITION('','UNSPECIFIED',#14,#22);
#14=PRODUCT_DEFINITION_FORMATION_WITH_SPECIFIED_SOURCE('ANY','UNSPECIFIED',#15,.NOT_KNOWN.);
#15=PRODUCT('','CWF-X','NONE',(#25));
#16=PERSON('UNSPECIFIED','Chugay','UNSPECIFIED',('UNSPECIFIED'),('UNSPECIFIED'),
('UNSPECIFIED'));
#17=ORGANIZATION('UNSPECIFIED','UNSPECIFIED','UNSPECIFIED');
#18=PERSON_AND_ORGANIZATION(#16,#17);
#19=PERSON_AND_ORGANIZATION_ROLE('design_owner');
#20=CC_DESIGN_PERSON_AND_ORGANIZATION_ASSIGNMENT(#18,#19,(#15));
#21=PRODUCT_RELATED_PRODUCT_CATEGORY('detail','',(#15));
#22=DESIGN_CONTEXT('detailed design',#23,'design');
#23=APPLICATION_CONTEXT('configuration controlled 3d designs of mechanical parts and assemblies');
#24=APPLICATION_PROTOCOL_DEFINITION('international standard','automotive_design',
2011,#23);
#25=MECHANICAL_CONTEXT('NONE',#23,'mechanical');
#26=CC_DESIGN_DATE_AND_TIME_ASSIGNMENT(#27,#31,(#13));
#27=DATE_AND_TIME(#28,#29);
#28=CALENDAR_DATE(0,1,1);
#29=LOCAL_TIME(0,0,0.,#30);
#30=COORDINATED_UNIVERSAL_TIME_OFFSET(0,0,.AHEAD.);
#31=DATE_TIME_ROLE('creation_date');
#32=CC_DESIGN_APPROVAL(#33,(#13));
#33=APPROVAL(#34,'UNSPECIFIED');
#34=APPROVAL_STATUS('not_yet_approved');
#35=APPROVAL_DATE_TIME(#36,#33);
#36=DATE_AND_TIME(#37,#38);
#37=CALENDAR_DATE(0,1,1);
#38=LOCAL_TIME(0,0,0.,#39);
#39=COORDINATED_UNIVERSAL_TIME_OFFSET(0,0,.AHEAD.);
#40=DERIVED_UNIT((#44,#41));
#41=DERIVED_UNIT_ELEMENT(#42,-1.);
#42=VOLUME_UNIT(#43);
#43=DIMENSIONAL_EXPONENTS(3.,0.,0.,0.,0.,0.,0.);
#44=(NAMED_UNIT($)MASS_UNIT()SI_UNIT($,.GRAM.));
#45=MANIFOLD_SOLID_BREP('',#46);
#46=CLOSED_SHELL('',(#58,#67,#76,#85,#94,#103,#112,#121,#130,#139,#148,#157,#166,
#175,#184,#193,#202,#211,#220,#229,#238,#247,#256,#265,#274,#283,#292,#301,#310,
#319,#328,#337,#346,#355,#364,#373,#382,#391,#400,#409,#418,#427,#436,#445,#454,
#463,#472,#481,#490,#499,#508,#517,#526,#535,#544,#553,#562,#571,#580,#589,#598,
#607,#616,#625,#634,#643,#652,#661,#670,#679,#688,#697,#706));
#47=COLOUR_RGB($,1.,1.,1.);
#48=FILL_AREA_STYLE_COLOUR($,#47);
#49=FILL_AREA_STYLE($,(#48));
#50=SURFACE_STYLE_FILL_AREA(#49);
#51=SURFACE_SIDE_STYLE('',(#50));
#52=SURFACE_STYLE_USAGE(.BOTH.,#51);
#53=PRESENTATION_STYLE_ASSIGNMENT((#52));
#54=MECHANICAL_DESIGN_GEOMETRIC_PRESENTATION_REPRESENTATION('NONE',(#55,#66,#75,
#84,#93,#102,#111,#120,#129,#138,#147,#156,#165,#174,#183,#192,#201,#210,#219,#228,
#237,#246,#255,#264,#273,#282,#291,#300,#309,#318,#327,#336,#345,#354,#363,#372,
#381,#390,#399,#408,#417,#426,#435,#444,#453,#462,#471,#480,#489,#498,#507,#516,
#525,#534,#543,#552,#561,#570,#579,#588,#597,#606,#615,#624,#633,#642,#651,#660,
#669,#678,#687,#696,#705,#714),#6);
#55=STYLED_ITEM('',(#53),#45);
#56=ADVANCED_BREP_SHAPE_REPRESENTATION('NONE',(#45),#6);
#57=SHAPE_REPRESENTATION_RELATIONSHIP('','',#1,#56);
#58=ADVANCED_FACE('',(#715),#717,.F.);
#59=COLOUR_RGB($,1.,1.,1.);
#60=FILL_AREA_STYLE_COLOUR($,#59);
#61=FILL_AREA_STYLE($,(#60));
#62=SURFACE_STYLE_FILL_AREA(#61);
#63=SURFACE_SIDE_STYLE('',(#62));
#64=SURFACE_STYLE_USAGE(.BOTH.,#63);
#65=PRESENTATION_STYLE_ASSIGNMENT((#64));
#66=STYLED_ITEM('',(#65),#58);
#67=ADVANCED_FACE('',(#722),#724,.F.);
#68=COLOUR_RGB($,1.,1.,1.);
#69=FILL_AREA_STYLE_COLOUR($,#68);
#70=FILL_AREA_STYLE($,(#69));
#71=SURFACE_STYLE_FILL_AREA(#70);
#72=SURFACE_SIDE_STYLE('',(#71));
#73=SURFACE_STYLE_USAGE(.BOTH.,#72);
#74=PRESENTATION_STYLE_ASSIGNMENT((#73));
#75=STYLED_ITEM('',(#74),#67);
#76=ADVANCED_FACE('',(#729),#731,.T.);
#77=COLOUR_RGB($,1.,1.,1.);
#78=FILL_AREA_STYLE_COLOUR($,#77);
#79=FILL_AREA_STYLE($,(#78));
#80=SURFACE_STYLE_FILL_AREA(#79);
#81=SURFACE_SIDE_STYLE('',(#80));
#82=SURFACE_STYLE_USAGE(.BOTH.,#81);
#83=PRESENTATION_STYLE_ASSIGNMENT((#82));
#84=STYLED_ITEM('',(#83),#76);
#85=ADVANCED_FACE('',(#736),#738,.T.);
#86=COLOUR_RGB($,1.,1.,1.);
#87=FILL_AREA_STYLE_COLOUR($,#86);
#88=FILL_AREA_STYLE($,(#87));
#89=SURFACE_STYLE_FILL_AREA(#88);
#90=SURFACE_SIDE_STYLE('',(#89));
#91=SURFACE_STYLE_USAGE(.BOTH.,#90);
#92=PRESENTATION_STYLE_ASSIGNMENT((#91));
#93=STYLED_ITEM('',(#92),#85);
#94=ADVANCED_FACE('',(#743),#745,.F.);
#95=COLOUR_RGB($,1.,1.,1.);
#96=FILL_AREA_STYLE_COLOUR($,#95);
#97=FILL_AREA_STYLE($,(#96));
#98=SURFACE_STYLE_FILL_AREA(#97);
#99=SURFACE_SIDE_STYLE('',(#98));
#100=SURFACE_STYLE_USAGE(.BOTH.,#99);
#101=PRESENTATION_STYLE_ASSIGNMENT((#100));
#102=STYLED_ITEM('',(#101),#94);
#103=ADVANCED_FACE('',(#750),#752,.F.);
#104=COLOUR_RGB($,1.,1.,1.);
#105=FILL_AREA_STYLE_COLOUR($,#104);
#106=FILL_AREA_STYLE($,(#105));
#107=SURFACE_STYLE_FILL_AREA(#106);
#108=SURFACE_SIDE_STYLE('',(#107));
#109=SURFACE_STYLE_USAGE(.BOTH.,#108);
#110=PRESENTATION_STYLE_ASSIGNMENT((#109));
#111=STYLED_ITEM('',(#110),#103);
#112=ADVANCED_FACE('',(#757),#759,.F.);
#113=COLOUR_RGB($,1.,1.,1.);
#114=FILL_AREA_STYLE_COLOUR($,#113);
#115=FILL_AREA_STYLE($,(#114));
#116=SURFACE_STYLE_FILL_AREA(#115);
#117=SURFACE_SIDE_STYLE('',(#116));
#118=SURFACE_STYLE_USAGE(.BOTH.,#117);
#119=PRESENTATION_STYLE_ASSIGNMENT((#118));
#120=STYLED_ITEM('',(#119),#112);
#121=ADVANCED_FACE('',(#764),#766,.F.);
#122=COLOUR_RGB($,1.,1.,1.);
#123=FILL_AREA_STYLE_COLOUR($,#122);
#124=FILL_AREA_STYLE($,(#123));
#125=SURFACE_STYLE_FILL_AREA(#124);
#126=SURFACE_SIDE_STYLE('',(#125));
#127=SURFACE_STYLE_USAGE(.BOTH.,#126);
#128=PRESENTATION_STYLE_ASSIGNMENT((#127));
#129=STYLED_ITEM('',(#128),#121);
#130=ADVANCED_FACE('',(#771),#773,.F.);
#131=COLOUR_RGB($,1.,1.,1.);
#132=FILL_AREA_STYLE_COLOUR($,#131);
#133=FILL_AREA_STYLE($,(#132));
#134=SURFACE_STYLE_FILL_AREA(#133);
#135=SURFACE_SIDE_STYLE('',(#134));
#136=SURFACE_STYLE_USAGE(.BOTH.,#135);
#137=PRESENTATION_STYLE_ASSIGNMENT((#136));
#138=STYLED_ITEM('',(#137),#130);
#139=ADVANCED_FACE('',(#778),#780,.T.);
#140=COLOUR_RGB($,1.,1.,1.);
#141=FILL_AREA_STYLE_COLOUR($,#140);
#142=FILL_AREA_STYLE($,(#141));
#143=SURFACE_STYLE_FILL_AREA(#142);
#144=SURFACE_SIDE_STYLE('',(#143));
#145=SURFACE_STYLE_USAGE(.BOTH.,#144);
#146=PRESENTATION_STYLE_ASSIGNMENT((#145));
#147=STYLED_ITEM('',(#146),#139);
#148=ADVANCED_FACE('',(#785),#787,.F.);
#149=COLOUR_RGB($,1.,1.,1.);
#150=FILL_AREA_STYLE_COLOUR($,#149);
#151=FILL_AREA_STYLE($,(#150));
#152=SURFACE_STYLE_FILL_AREA(#151);
#153=SURFACE_SIDE_STYLE('',(#152));
#154=SURFACE_STYLE_USAGE(.BOTH.,#153);
#155=PRESENTATION_STYLE_ASSIGNMENT((#154));
#156=STYLED_ITEM('',(#155),#148);
#157=ADVANCED_FACE('',(#792),#794,.F.);
#158=COLOUR_RGB($,1.,1.,1.);
#159=FILL_AREA_STYLE_COLOUR($,#158);
#160=FILL_AREA_STYLE($,(#159));
#161=SURFACE_STYLE_FILL_AREA(#160);
#162=SURFACE_SIDE_STYLE('',(#161));
#163=SURFACE_STYLE_USAGE(.BOTH.,#162);
#164=PRESENTATION_STYLE_ASSIGNMENT((#163));
#165=STYLED_ITEM('',(#164),#157);
#166=ADVANCED_FACE('',(#799,#801,#803),#805,.T.);
#167=COLOUR_RGB($,1.,1.,1.);
#168=FILL_AREA_STYLE_COLOUR($,#167);
#169=FILL_AREA_STYLE($,(#168));
#170=SURFACE_STYLE_FILL_AREA(#169);
#171=SURFACE_SIDE_STYLE('',(#170));
#172=SURFACE_STYLE_USAGE(.BOTH.,#171);
#173=PRESENTATION_STYLE_ASSIGNMENT((#172));
#174=STYLED_ITEM('',(#173),#166);
#175=ADVANCED_FACE('',(#810),#812,.F.);
#176=COLOUR_RGB($,1.,1.,1.);
#177=FILL_AREA_STYLE_COLOUR($,#176);
#178=FILL_AREA_STYLE($,(#177));
#179=SURFACE_STYLE_FILL_AREA(#178);
#180=SURFACE_SIDE_STYLE('',(#179));
#181=SURFACE_STYLE_USAGE(.BOTH.,#180);
#182=PRESENTATION_STYLE_ASSIGNMENT((#181));
#183=STYLED_ITEM('',(#182),#175);
#184=ADVANCED_FACE('',(#817),#819,.F.);
#185=COLOUR_RGB($,1.,1.,1.);
#186=FILL_AREA_STYLE_COLOUR($,#185);
#187=FILL_AREA_STYLE($,(#186));
#188=SURFACE_STYLE_FILL_AREA(#187);
#189=SURFACE_SIDE_STYLE('',(#188));
#190=SURFACE_STYLE_USAGE(.BOTH.,#189);
#191=PRESENTATION_STYLE_ASSIGNMENT((#190));
#192=STYLED_ITEM('',(#191),#184);
#193=ADVANCED_FACE('',(#824),#826,.T.);
#194=COLOUR_RGB($,1.,1.,1.);
#195=FILL_AREA_STYLE_COLOUR($,#194);
#196=FILL_AREA_STYLE($,(#195));
#197=SURFACE_STYLE_FILL_AREA(#196);
#198=SURFACE_SIDE_STYLE('',(#197));
#199=SURFACE_STYLE_USAGE(.BOTH.,#198);
#200=PRESENTATION_STYLE_ASSIGNMENT((#199));
#201=STYLED_ITEM('',(#200),#193);
#202=ADVANCED_FACE('',(#831),#833,.T.);
#203=COLOUR_RGB($,1.,1.,1.);
#204=FILL_AREA_STYLE_COLOUR($,#203);
#205=FILL_AREA_STYLE($,(#204));
#206=SURFACE_STYLE_FILL_AREA(#205);
#207=SURFACE_SIDE_STYLE('',(#206));
#208=SURFACE_STYLE_USAGE(.BOTH.,#207);
#209=PRESENTATION_STYLE_ASSIGNMENT((#208));
#210=STYLED_ITEM('',(#209),#202);
#211=ADVANCED_FACE('',(#838),#840,.F.);
#212=COLOUR_RGB($,1.,1.,1.);
#213=FILL_AREA_STYLE_COLOUR($,#212);
#214=FILL_AREA_STYLE($,(#213));
#215=SURFACE_STYLE_FILL_AREA(#214);
#216=SURFACE_SIDE_STYLE('',(#215));
#217=SURFACE_STYLE_USAGE(.BOTH.,#216);
#218=PRESENTATION_STYLE_ASSIGNMENT((#217));
#219=STYLED_ITEM('',(#218),#211);
#220=ADVANCED_FACE('',(#845),#847,.F.);
#221=COLOUR_RGB($,1.,1.,1.);
#222=FILL_AREA_STYLE_COLOUR($,#221);
#223=FILL_AREA_STYLE($,(#222));
#224=SURFACE_STYLE_FILL_AREA(#223);
#225=SURFACE_SIDE_STYLE('',(#224));
#226=SURFACE_STYLE_USAGE(.BOTH.,#225);
#227=PRESENTATION_STYLE_ASSIGNMENT((#226));
#228=STYLED_ITEM('',(#227),#220);
#229=ADVANCED_FACE('',(#852),#854,.F.);
#230=COLOUR_RGB($,1.,1.,1.);
#231=FILL_AREA_STYLE_COLOUR($,#230);
#232=FILL_AREA_STYLE($,(#231));
#233=SURFACE_STYLE_FILL_AREA(#232);
#234=SURFACE_SIDE_STYLE('',(#233));
#235=SURFACE_STYLE_USAGE(.BOTH.,#234);
#236=PRESENTATION_STYLE_ASSIGNMENT((#235));
#237=STYLED_ITEM('',(#236),#229);
#238=ADVANCED_FACE('',(#859),#861,.F.);
#239=COLOUR_RGB($,1.,1.,1.);
#240=FILL_AREA_STYLE_COLOUR($,#239);
#241=FILL_AREA_STYLE($,(#240));
#242=SURFACE_STYLE_FILL_AREA(#241);
#243=SURFACE_SIDE_STYLE('',(#242));
#244=SURFACE_STYLE_USAGE(.BOTH.,#243);
#245=PRESENTATION_STYLE_ASSIGNMENT((#244));
#246=STYLED_ITEM('',(#245),#238);
#247=ADVANCED_FACE('',(#866),#868,.F.);
#248=COLOUR_RGB($,1.,1.,1.);
#249=FILL_AREA_STYLE_COLOUR($,#248);
#250=FILL_AREA_STYLE($,(#249));
#251=SURFACE_STYLE_FILL_AREA(#250);
#252=SURFACE_SIDE_STYLE('',(#251));
#253=SURFACE_STYLE_USAGE(.BOTH.,#252);
#254=PRESENTATION_STYLE_ASSIGNMENT((#253));
#255=STYLED_ITEM('',(#254),#247);
#256=ADVANCED_FACE('',(#873,#875),#877,.T.);
#257=COLOUR_RGB($,1.,1.,1.);
#258=FILL_AREA_STYLE_COLOUR($,#257);
#259=FILL_AREA_STYLE($,(#258));
#260=SURFACE_STYLE_FILL_AREA(#259);
#261=SURFACE_SIDE_STYLE('',(#260));
#262=SURFACE_STYLE_USAGE(.BOTH.,#261);
#263=PRESENTATION_STYLE_ASSIGNMENT((#262));
#264=STYLED_ITEM('',(#263),#256);
#265=ADVANCED_FACE('',(#882),#884,.F.);
#266=COLOUR_RGB($,1.,1.,1.);
#267=FILL_AREA_STYLE_COLOUR($,#266);
#268=FILL_AREA_STYLE($,(#267));
#269=SURFACE_STYLE_FILL_AREA(#268);
#270=SURFACE_SIDE_STYLE('',(#269));
#271=SURFACE_STYLE_USAGE(.BOTH.,#270);
#272=PRESENTATION_STYLE_ASSIGNMENT((#271));
#273=STYLED_ITEM('',(#272),#265);
#274=ADVANCED_FACE('',(#889),#891,.F.);
#275=COLOUR_RGB($,1.,1.,1.);
#276=FILL_AREA_STYLE_COLOUR($,#275);
#277=FILL_AREA_STYLE($,(#276));
#278=SURFACE_STYLE_FILL_AREA(#277);
#279=SURFACE_SIDE_STYLE('',(#278));
#280=SURFACE_STYLE_USAGE(.BOTH.,#279);
#281=PRESENTATION_STYLE_ASSIGNMENT((#280));
#282=STYLED_ITEM('',(#281),#274);
#283=ADVANCED_FACE('',(#896),#898,.F.);
#284=COLOUR_RGB($,1.,1.,1.);
#285=FILL_AREA_STYLE_COLOUR($,#284);
#286=FILL_AREA_STYLE($,(#285));
#287=SURFACE_STYLE_FILL_AREA(#286);
#288=SURFACE_SIDE_STYLE('',(#287));
#289=SURFACE_STYLE_USAGE(.BOTH.,#288);
#290=PRESENTATION_STYLE_ASSIGNMENT((#289));
#291=STYLED_ITEM('',(#290),#283);
#292=ADVANCED_FACE('',(#903,#905),#907,.T.);
#293=COLOUR_RGB($,1.,1.,1.);
#294=FILL_AREA_STYLE_COLOUR($,#293);
#295=FILL_AREA_STYLE($,(#294));
#296=SURFACE_STYLE_FILL_AREA(#295);
#297=SURFACE_SIDE_STYLE('',(#296));
#298=SURFACE_STYLE_USAGE(.BOTH.,#297);
#299=PRESENTATION_STYLE_ASSIGNMENT((#298));
#300=STYLED_ITEM('',(#299),#292);
#301=ADVANCED_FACE('',(#912),#914,.F.);
#302=COLOUR_RGB($,1.,1.,1.);
#303=FILL_AREA_STYLE_COLOUR($,#302);
#304=FILL_AREA_STYLE($,(#303));
#305=SURFACE_STYLE_FILL_AREA(#304);
#306=SURFACE_SIDE_STYLE('',(#305));
#307=SURFACE_STYLE_USAGE(.BOTH.,#306);
#308=PRESENTATION_STYLE_ASSIGNMENT((#307));
#309=STYLED_ITEM('',(#308),#301);
#310=ADVANCED_FACE('',(#919),#921,.F.);
#311=COLOUR_RGB($,1.,1.,1.);
#312=FILL_AREA_STYLE_COLOUR($,#311);
#313=FILL_AREA_STYLE($,(#312));
#314=SURFACE_STYLE_FILL_AREA(#313);
#315=SURFACE_SIDE_STYLE('',(#314));
#316=SURFACE_STYLE_USAGE(.BOTH.,#315);
#317=PRESENTATION_STYLE_ASSIGNMENT((#316));
#318=STYLED_ITEM('',(#317),#310);
#319=ADVANCED_FACE('',(#926),#928,.F.);
#320=COLOUR_RGB($,1.,1.,1.);
#321=FILL_AREA_STYLE_COLOUR($,#320);
#322=FILL_AREA_STYLE($,(#321));
#323=SURFACE_STYLE_FILL_AREA(#322);
#324=SURFACE_SIDE_STYLE('',(#323));
#325=SURFACE_STYLE_USAGE(.BOTH.,#324);
#326=PRESENTATION_STYLE_ASSIGNMENT((#325));
#327=STYLED_ITEM('',(#326),#319);
#328=ADVANCED_FACE('',(#933),#935,.T.);
#329=COLOUR_RGB($,1.,1.,1.);
#330=FILL_AREA_STYLE_COLOUR($,#329);
#331=FILL_AREA_STYLE($,(#330));
#332=SURFACE_STYLE_FILL_AREA(#331);
#333=SURFACE_SIDE_STYLE('',(#332));
#334=SURFACE_STYLE_USAGE(.BOTH.,#333);
#335=PRESENTATION_STYLE_ASSIGNMENT((#334));
#336=STYLED_ITEM('',(#335),#328);
#337=ADVANCED_FACE('',(#940),#942,.T.);
#338=COLOUR_RGB($,1.,1.,1.);
#339=FILL_AREA_STYLE_COLOUR($,#338);
#340=FILL_AREA_STYLE($,(#339));
#341=SURFACE_STYLE_FILL_AREA(#340);
#342=SURFACE_SIDE_STYLE('',(#341));
#343=SURFACE_STYLE_USAGE(.BOTH.,#342);
#344=PRESENTATION_STYLE_ASSIGNMENT((#343));
#345=STYLED_ITEM('',(#344),#337);
#346=ADVANCED_FACE('',(#947),#949,.F.);
#347=COLOUR_RGB($,1.,1.,1.);
#348=FILL_AREA_STYLE_COLOUR($,#347);
#349=FILL_AREA_STYLE($,(#348));
#350=SURFACE_STYLE_FILL_AREA(#349);
#351=SURFACE_SIDE_STYLE('',(#350));
#352=SURFACE_STYLE_USAGE(.BOTH.,#351);
#353=PRESENTATION_STYLE_ASSIGNMENT((#352));
#354=STYLED_ITEM('',(#353),#346);
#355=ADVANCED_FACE('',(#954),#956,.F.);
#356=COLOUR_RGB($,1.,1.,1.);
#357=FILL_AREA_STYLE_COLOUR($,#356);
#358=FILL_AREA_STYLE($,(#357));
#359=SURFACE_STYLE_FILL_AREA(#358);
#360=SURFACE_SIDE_STYLE('',(#359));
#361=SURFACE_STYLE_USAGE(.BOTH.,#360);
#362=PRESENTATION_STYLE_ASSIGNMENT((#361));
#363=STYLED_ITEM('',(#362),#355);
#364=ADVANCED_FACE('',(#961),#963,.T.);
#365=COLOUR_RGB($,1.,0.843137254901961,0.);
#366=FILL_AREA_STYLE_COLOUR($,#365);
#367=FILL_AREA_STYLE($,(#366));
#368=SURFACE_STYLE_FILL_AREA(#367);
#369=SURFACE_SIDE_STYLE('',(#368));
#370=SURFACE_STYLE_USAGE(.BOTH.,#369);
#371=PRESENTATION_STYLE_ASSIGNMENT((#370));
#372=STYLED_ITEM('',(#371),#364);
#373=ADVANCED_FACE('',(#968),#970,.T.);
#374=COLOUR_RGB($,1.,0.843137254901961,0.);
#375=FILL_AREA_STYLE_COLOUR($,#374);
#376=FILL_AREA_STYLE($,(#375));
#377=SURFACE_STYLE_FILL_AREA(#376);
#378=SURFACE_SIDE_STYLE('',(#377));
#379=SURFACE_STYLE_USAGE(.BOTH.,#378);
#380=PRESENTATION_STYLE_ASSIGNMENT((#379));
#381=STYLED_ITEM('',(#380),#373);
#382=ADVANCED_FACE('',(#975),#977,.T.);
#383=COLOUR_RGB($,1.,0.843137254901961,0.);
#384=FILL_AREA_STYLE_COLOUR($,#383);
#385=FILL_AREA_STYLE($,(#384));
#386=SURFACE_STYLE_FILL_AREA(#385);
#387=SURFACE_SIDE_STYLE('',(#386));
#388=SURFACE_STYLE_USAGE(.BOTH.,#387);
#389=PRESENTATION_STYLE_ASSIGNMENT((#388));
#390=STYLED_ITEM('',(#389),#382);
#391=ADVANCED_FACE('',(#982),#984,.T.);
#392=COLOUR_RGB($,1.,0.843137254901961,0.);
#393=FILL_AREA_STYLE_COLOUR($,#392);
#394=FILL_AREA_STYLE($,(#393));
#395=SURFACE_STYLE_FILL_AREA(#394);
#396=SURFACE_SIDE_STYLE('',(#395));
#397=SURFACE_STYLE_USAGE(.BOTH.,#396);
#398=PRESENTATION_STYLE_ASSIGNMENT((#397));
#399=STYLED_ITEM('',(#398),#391);
#400=ADVANCED_FACE('',(#989),#991,.T.);
#401=COLOUR_RGB($,1.,0.843137254901961,0.);
#402=FILL_AREA_STYLE_COLOUR($,#401);
#403=FILL_AREA_STYLE($,(#402));
#404=SURFACE_STYLE_FILL_AREA(#403);
#405=SURFACE_SIDE_STYLE('',(#404));
#406=SURFACE_STYLE_USAGE(.BOTH.,#405);
#407=PRESENTATION_STYLE_ASSIGNMENT((#406));
#408=STYLED_ITEM('',(#407),#400);
#409=ADVANCED_FACE('',(#996),#998,.T.);
#410=COLOUR_RGB($,1.,0.843137254901961,0.);
#411=FILL_AREA_STYLE_COLOUR($,#410);
#412=FILL_AREA_STYLE($,(#411));
#413=SURFACE_STYLE_FILL_AREA(#412);
#414=SURFACE_SIDE_STYLE('',(#413));
#415=SURFACE_STYLE_USAGE(.BOTH.,#414);
#416=PRESENTATION_STYLE_ASSIGNMENT((#415));
#417=STYLED_ITEM('',(#416),#409);
#418=ADVANCED_FACE('',(#1003),#1005,.T.);
#419=COLOUR_RGB($,1.,0.843137254901961,0.);
#420=FILL_AREA_STYLE_COLOUR($,#419);
#421=FILL_AREA_STYLE($,(#420));
#422=SURFACE_STYLE_FILL_AREA(#421);
#423=SURFACE_SIDE_STYLE('',(#422));
#424=SURFACE_STYLE_USAGE(.BOTH.,#423);
#425=PRESENTATION_STYLE_ASSIGNMENT((#424));
#426=STYLED_ITEM('',(#425),#418);
#427=ADVANCED_FACE('',(#1010),#1012,.T.);
#428=COLOUR_RGB($,1.,0.843137254901961,0.);
#429=FILL_AREA_STYLE_COLOUR($,#428);
#430=FILL_AREA_STYLE($,(#429));
#431=SURFACE_STYLE_FILL_AREA(#430);
#432=SURFACE_SIDE_STYLE('',(#431));
#433=SURFACE_STYLE_USAGE(.BOTH.,#432);
#434=PRESENTATION_STYLE_ASSIGNMENT((#433));
#435=STYLED_ITEM('',(#434),#427);
#436=ADVANCED_FACE('',(#1017),#1019,.T.);
#437=COLOUR_RGB($,1.,1.,1.);
#438=FILL_AREA_STYLE_COLOUR($,#437);
#439=FILL_AREA_STYLE($,(#438));
#440=SURFACE_STYLE_FILL_AREA(#439);
#441=SURFACE_SIDE_STYLE('',(#440));
#442=SURFACE_STYLE_USAGE(.BOTH.,#441);
#443=PRESENTATION_STYLE_ASSIGNMENT((#442));
#444=STYLED_ITEM('',(#443),#436);
#445=ADVANCED_FACE('',(#1024),#1026,.F.);
#446=COLOUR_RGB($,1.,1.,1.);
#447=FILL_AREA_STYLE_COLOUR($,#446);
#448=FILL_AREA_STYLE($,(#447));
#449=SURFACE_STYLE_FILL_AREA(#448);
#450=SURFACE_SIDE_STYLE('',(#449));
#451=SURFACE_STYLE_USAGE(.BOTH.,#450);
#452=PRESENTATION_STYLE_ASSIGNMENT((#451));
#453=STYLED_ITEM('',(#452),#445);
#454=ADVANCED_FACE('',(#1031),#1033,.T.);
#455=COLOUR_RGB($,1.,0.843137254901961,0.);
#456=FILL_AREA_STYLE_COLOUR($,#455);
#457=FILL_AREA_STYLE($,(#456));
#458=SURFACE_STYLE_FILL_AREA(#457);
#459=SURFACE_SIDE_STYLE('',(#458));
#460=SURFACE_STYLE_USAGE(.BOTH.,#459);
#461=PRESENTATION_STYLE_ASSIGNMENT((#460));
#462=STYLED_ITEM('',(#461),#454);
#463=ADVANCED_FACE('',(#1038),#1040,.T.);
#464=COLOUR_RGB($,1.,0.843137254901961,0.);
#465=FILL_AREA_STYLE_COLOUR($,#464);
#466=FILL_AREA_STYLE($,(#465));
#467=SURFACE_STYLE_FILL_AREA(#466);
#468=SURFACE_SIDE_STYLE('',(#467));
#469=SURFACE_STYLE_USAGE(.BOTH.,#468);
#470=PRESENTATION_STYLE_ASSIGNMENT((#469));
#471=STYLED_ITEM('',(#470),#463);
#472=ADVANCED_FACE('',(#1045),#1047,.T.);
#473=COLOUR_RGB($,1.,0.843137254901961,0.);
#474=FILL_AREA_STYLE_COLOUR($,#473);
#475=FILL_AREA_STYLE($,(#474));
#476=SURFACE_STYLE_FILL_AREA(#475);
#477=SURFACE_SIDE_STYLE('',(#476));
#478=SURFACE_STYLE_USAGE(.BOTH.,#477);
#479=PRESENTATION_STYLE_ASSIGNMENT((#478));
#480=STYLED_ITEM('',(#479),#472);
#481=ADVANCED_FACE('',(#1052),#1054,.T.);
#482=COLOUR_RGB($,1.,0.843137254901961,0.);
#483=FILL_AREA_STYLE_COLOUR($,#482);
#484=FILL_AREA_STYLE($,(#483));
#485=SURFACE_STYLE_FILL_AREA(#484);
#486=SURFACE_SIDE_STYLE('',(#485));
#487=SURFACE_STYLE_USAGE(.BOTH.,#486);
#488=PRESENTATION_STYLE_ASSIGNMENT((#487));
#489=STYLED_ITEM('',(#488),#481);
#490=ADVANCED_FACE('',(#1059),#1061,.T.);
#491=COLOUR_RGB($,1.,0.843137254901961,0.);
#492=FILL_AREA_STYLE_COLOUR($,#491);
#493=FILL_AREA_STYLE($,(#492));
#494=SURFACE_STYLE_FILL_AREA(#493);
#495=SURFACE_SIDE_STYLE('',(#494));
#496=SURFACE_STYLE_USAGE(.BOTH.,#495);
#497=PRESENTATION_STYLE_ASSIGNMENT((#496));
#498=STYLED_ITEM('',(#497),#490);
#499=ADVANCED_FACE('',(#1066),#1068,.T.);
#500=COLOUR_RGB($,1.,0.843137254901961,0.);
#501=FILL_AREA_STYLE_COLOUR($,#500);
#502=FILL_AREA_STYLE($,(#501));
#503=SURFACE_STYLE_FILL_AREA(#502);
#504=SURFACE_SIDE_STYLE('',(#503));
#505=SURFACE_STYLE_USAGE(.BOTH.,#504);
#506=PRESENTATION_STYLE_ASSIGNMENT((#505));
#507=STYLED_ITEM('',(#506),#499);
#508=ADVANCED_FACE('',(#1073),#1075,.T.);
#509=COLOUR_RGB($,1.,0.843137254901961,0.);
#510=FILL_AREA_STYLE_COLOUR($,#509);
#511=FILL_AREA_STYLE($,(#510));
#512=SURFACE_STYLE_FILL_AREA(#511);
#513=SURFACE_SIDE_STYLE('',(#512));
#514=SURFACE_STYLE_USAGE(.BOTH.,#513);
#515=PRESENTATION_STYLE_ASSIGNMENT((#514));
#516=STYLED_ITEM('',(#515),#508);
#517=ADVANCED_FACE('',(#1080),#1082,.T.);
#518=COLOUR_RGB($,1.,0.843137254901961,0.);
#519=FILL_AREA_STYLE_COLOUR($,#518);
#520=FILL_AREA_STYLE($,(#519));
#521=SURFACE_STYLE_FILL_AREA(#520);
#522=SURFACE_SIDE_STYLE('',(#521));
#523=SURFACE_STYLE_USAGE(.BOTH.,#522);
#524=PRESENTATION_STYLE_ASSIGNMENT((#523));
#525=STYLED_ITEM('',(#524),#517);
#526=ADVANCED_FACE('',(#1087),#1089,.T.);
#527=COLOUR_RGB($,1.,1.,1.);
#528=FILL_AREA_STYLE_COLOUR($,#527);
#529=FILL_AREA_STYLE($,(#528));
#530=SURFACE_STYLE_FILL_AREA(#529);
#531=SURFACE_SIDE_STYLE('',(#530));
#532=SURFACE_STYLE_USAGE(.BOTH.,#531);
#533=PRESENTATION_STYLE_ASSIGNMENT((#532));
#534=STYLED_ITEM('',(#533),#526);
#535=ADVANCED_FACE('',(#1094),#1096,.T.);
#536=COLOUR_RGB($,1.,0.843137254901961,0.);
#537=FILL_AREA_STYLE_COLOUR($,#536);
#538=FILL_AREA_STYLE($,(#537));
#539=SURFACE_STYLE_FILL_AREA(#538);
#540=SURFACE_SIDE_STYLE('',(#539));
#541=SURFACE_STYLE_USAGE(.BOTH.,#540);
#542=PRESENTATION_STYLE_ASSIGNMENT((#541));
#543=STYLED_ITEM('',(#542),#535);
#544=ADVANCED_FACE('',(#1101),#1103,.T.);
#545=COLOUR_RGB($,1.,0.843137254901961,0.);
#546=FILL_AREA_STYLE_COLOUR($,#545);
#547=FILL_AREA_STYLE($,(#546));
#548=SURFACE_STYLE_FILL_AREA(#547);
#549=SURFACE_SIDE_STYLE('',(#548));
#550=SURFACE_STYLE_USAGE(.BOTH.,#549);
#551=PRESENTATION_STYLE_ASSIGNMENT((#550));
#552=STYLED_ITEM('',(#551),#544);
#553=ADVANCED_FACE('',(#1108),#1110,.T.);
#554=COLOUR_RGB($,1.,0.843137254901961,0.);
#555=FILL_AREA_STYLE_COLOUR($,#554);
#556=FILL_AREA_STYLE($,(#555));
#557=SURFACE_STYLE_FILL_AREA(#556);
#558=SURFACE_SIDE_STYLE('',(#557));
#559=SURFACE_STYLE_USAGE(.BOTH.,#558);
#560=PRESENTATION_STYLE_ASSIGNMENT((#559));
#561=STYLED_ITEM('',(#560),#553);
#562=ADVANCED_FACE('',(#1115),#1117,.T.);
#563=COLOUR_RGB($,1.,0.843137254901961,0.);
#564=FILL_AREA_STYLE_COLOUR($,#563);
#565=FILL_AREA_STYLE($,(#564));
#566=SURFACE_STYLE_FILL_AREA(#565);
#567=SURFACE_SIDE_STYLE('',(#566));
#568=SURFACE_STYLE_USAGE(.BOTH.,#567);
#569=PRESENTATION_STYLE_ASSIGNMENT((#568));
#570=STYLED_ITEM('',(#569),#562);
#571=ADVANCED_FACE('',(#1122),#1124,.T.);
#572=COLOUR_RGB($,1.,0.843137254901961,0.);
#573=FILL_AREA_STYLE_COLOUR($,#572);
#574=FILL_AREA_STYLE($,(#573));
#575=SURFACE_STYLE_FILL_AREA(#574);
#576=SURFACE_SIDE_STYLE('',(#575));
#577=SURFACE_STYLE_USAGE(.BOTH.,#576);
#578=PRESENTATION_STYLE_ASSIGNMENT((#577));
#579=STYLED_ITEM('',(#578),#571);
#580=ADVANCED_FACE('',(#1129),#1131,.T.);
#581=COLOUR_RGB($,1.,0.843137254901961,0.);
#582=FILL_AREA_STYLE_COLOUR($,#581);
#583=FILL_AREA_STYLE($,(#582));
#584=SURFACE_STYLE_FILL_AREA(#583);
#585=SURFACE_SIDE_STYLE('',(#584));
#586=SURFACE_STYLE_USAGE(.BOTH.,#585);
#587=PRESENTATION_STYLE_ASSIGNMENT((#586));
#588=STYLED_ITEM('',(#587),#580);
#589=ADVANCED_FACE('',(#1136),#1138,.T.);
#590=COLOUR_RGB($,1.,0.843137254901961,0.);
#591=FILL_AREA_STYLE_COLOUR($,#590);
#592=FILL_AREA_STYLE($,(#591));
#593=SURFACE_STYLE_FILL_AREA(#592);
#594=SURFACE_SIDE_STYLE('',(#593));
#595=SURFACE_STYLE_USAGE(.BOTH.,#594);
#596=PRESENTATION_STYLE_ASSIGNMENT((#595));
#597=STYLED_ITEM('',(#596),#589);
#598=ADVANCED_FACE('',(#1143),#1145,.T.);
#599=COLOUR_RGB($,1.,0.843137254901961,0.);
#600=FILL_AREA_STYLE_COLOUR($,#599);
#601=FILL_AREA_STYLE($,(#600));
#602=SURFACE_STYLE_FILL_AREA(#601);
#603=SURFACE_SIDE_STYLE('',(#602));
#604=SURFACE_STYLE_USAGE(.BOTH.,#603);
#605=PRESENTATION_STYLE_ASSIGNMENT((#604));
#606=STYLED_ITEM('',(#605),#598);
#607=ADVANCED_FACE('',(#1150),#1152,.F.);
#608=COLOUR_RGB($,1.,0.843137254901961,0.);
#609=FILL_AREA_STYLE_COLOUR($,#608);
#610=FILL_AREA_STYLE($,(#609));
#611=SURFACE_STYLE_FILL_AREA(#610);
#612=SURFACE_SIDE_STYLE('',(#611));
#613=SURFACE_STYLE_USAGE(.BOTH.,#612);
#614=PRESENTATION_STYLE_ASSIGNMENT((#613));
#615=STYLED_ITEM('',(#614),#607);
#616=ADVANCED_FACE('',(#1157),#1159,.F.);
#617=COLOUR_RGB($,1.,0.843137254901961,0.);
#618=FILL_AREA_STYLE_COLOUR($,#617);
#619=FILL_AREA_STYLE($,(#618));
#620=SURFACE_STYLE_FILL_AREA(#619);
#621=SURFACE_SIDE_STYLE('',(#620));
#622=SURFACE_STYLE_USAGE(.BOTH.,#621);
#623=PRESENTATION_STYLE_ASSIGNMENT((#622));
#624=STYLED_ITEM('',(#623),#616);
#625=ADVANCED_FACE('',(#1164),#1166,.F.);
#626=COLOUR_RGB($,1.,0.843137254901961,0.);
#627=FILL_AREA_STYLE_COLOUR($,#626);
#628=FILL_AREA_STYLE($,(#627));
#629=SURFACE_STYLE_FILL_AREA(#628);
#630=SURFACE_SIDE_STYLE('',(#629));
#631=SURFACE_STYLE_USAGE(.BOTH.,#630);
#632=PRESENTATION_STYLE_ASSIGNMENT((#631));
#633=STYLED_ITEM('',(#632),#625);
#634=ADVANCED_FACE('',(#1171),#1173,.F.);
#635=COLOUR_RGB($,1.,0.843137254901961,0.);
#636=FILL_AREA_STYLE_COLOUR($,#635);
#637=FILL_AREA_STYLE($,(#636));
#638=SURFACE_STYLE_FILL_AREA(#637);
#639=SURFACE_SIDE_STYLE('',(#638));
#640=SURFACE_STYLE_USAGE(.BOTH.,#639);
#641=PRESENTATION_STYLE_ASSIGNMENT((#640));
#642=STYLED_ITEM('',(#641),#634);
#643=ADVANCED_FACE('',(#1178),#1180,.F.);
#644=COLOUR_RGB($,1.,0.843137254901961,0.);
#645=FILL_AREA_STYLE_COLOUR($,#644);
#646=FILL_AREA_STYLE($,(#645));
#647=SURFACE_STYLE_FILL_AREA(#646);
#648=SURFACE_SIDE_STYLE('',(#647));
#649=SURFACE_STYLE_USAGE(.BOTH.,#648);
#650=PRESENTATION_STYLE_ASSIGNMENT((#649));
#651=STYLED_ITEM('',(#650),#643);
#652=ADVANCED_FACE('',(#1185),#1187,.F.);
#653=COLOUR_RGB($,1.,0.843137254901961,0.);
#654=FILL_AREA_STYLE_COLOUR($,#653);
#655=FILL_AREA_STYLE($,(#654));
#656=SURFACE_STYLE_FILL_AREA(#655);
#657=SURFACE_SIDE_STYLE('',(#656));
#658=SURFACE_STYLE_USAGE(.BOTH.,#657);
#659=PRESENTATION_STYLE_ASSIGNMENT((#658));
#660=STYLED_ITEM('',(#659),#652);
#661=ADVANCED_FACE('',(#1192),#1194,.F.);
#662=COLOUR_RGB($,1.,0.843137254901961,0.);
#663=FILL_AREA_STYLE_COLOUR($,#662);
#664=FILL_AREA_STYLE($,(#663));
#665=SURFACE_STYLE_FILL_AREA(#664);
#666=SURFACE_SIDE_STYLE('',(#665));
#667=SURFACE_STYLE_USAGE(.BOTH.,#666);
#668=PRESENTATION_STYLE_ASSIGNMENT((#667));
#669=STYLED_ITEM('',(#668),#661);
#670=ADVANCED_FACE('',(#1199),#1201,.F.);
#671=COLOUR_RGB($,1.,0.843137254901961,0.);
#672=FILL_AREA_STYLE_COLOUR($,#671);
#673=FILL_AREA_STYLE($,(#672));
#674=SURFACE_STYLE_FILL_AREA(#673);
#675=SURFACE_SIDE_STYLE('',(#674));
#676=SURFACE_STYLE_USAGE(.BOTH.,#675);
#677=PRESENTATION_STYLE_ASSIGNMENT((#676));
#678=STYLED_ITEM('',(#677),#670);
#679=ADVANCED_FACE('',(#1206),#1208,.T.);
#680=COLOUR_RGB($,1.,0.843137254901961,0.);
#681=FILL_AREA_STYLE_COLOUR($,#680);
#682=FILL_AREA_STYLE($,(#681));
#683=SURFACE_STYLE_FILL_AREA(#682);
#684=SURFACE_SIDE_STYLE('',(#683));
#685=SURFACE_STYLE_USAGE(.BOTH.,#684);
#686=PRESENTATION_STYLE_ASSIGNMENT((#685));
#687=STYLED_ITEM('',(#686),#679);
#688=ADVANCED_FACE('',(#1213),#1215,.T.);
#689=COLOUR_RGB($,1.,0.843137254901961,0.);
#690=FILL_AREA_STYLE_COLOUR($,#689);
#691=FILL_AREA_STYLE($,(#690));
#692=SURFACE_STYLE_FILL_AREA(#691);
#693=SURFACE_SIDE_STYLE('',(#692));
#694=SURFACE_STYLE_USAGE(.BOTH.,#693);
#695=PRESENTATION_STYLE_ASSIGNMENT((#694));
#696=STYLED_ITEM('',(#695),#688);
#697=ADVANCED_FACE('',(#1220),#1222,.F.);
#698=COLOUR_RGB($,1.,0.843137254901961,0.);
#699=FILL_AREA_STYLE_COLOUR($,#698);
#700=FILL_AREA_STYLE($,(#699));
#701=SURFACE_STYLE_FILL_AREA(#700);
#702=SURFACE_SIDE_STYLE('',(#701));
#703=SURFACE_STYLE_USAGE(.BOTH.,#702);
#704=PRESENTATION_STYLE_ASSIGNMENT((#703));
#705=STYLED_ITEM('',(#704),#697);
#706=ADVANCED_FACE('',(#1227),#1229,.F.);
#707=COLOUR_RGB($,1.,0.843137254901961,0.);
#708=FILL_AREA_STYLE_COLOUR($,#707);
#709=FILL_AREA_STYLE($,(#708));
#710=SURFACE_STYLE_FILL_AREA(#709);
#711=SURFACE_SIDE_STYLE('',(#710));
#712=SURFACE_STYLE_USAGE(.BOTH.,#711);
#713=PRESENTATION_STYLE_ASSIGNMENT((#712));
#714=STYLED_ITEM('',(#713),#706);
#715=FACE_BOUND('',#716,.T.);
#716=EDGE_LOOP('',(#1234,#1235,#1236,#1237));
#717=PLANE('',#718);
#718=AXIS2_PLACEMENT_3D('',#719,#720,#721);
#719=CARTESIAN_POINT('',(-0.65,-1.5,3.));
#720=DIRECTION('',(0.,0.,-1.));
#721=DIRECTION('',(1.,0.,0.));
#722=FACE_BOUND('',#723,.T.);
#723=EDGE_LOOP('',(#1238,#1239,#1240,#1241,#1242,#1243,#1244,#1245,#1246,#1247,#1248,
#1249,#1250,#1251,#1252,#1253,#1254,#1255));
#724=PLANE('',#725);
#725=AXIS2_PLACEMENT_3D('',#726,#727,#728);
#726=CARTESIAN_POINT('',(-1.25,-1.5,2.));
#727=DIRECTION('',(0.,-1.,0.));
#728=DIRECTION('',(1.,0.,0.));
#729=FACE_BOUND('',#730,.T.);
#730=EDGE_LOOP('',(#1256,#1257,#1258,#1259));
#731=PLANE('',#732);
#732=AXIS2_PLACEMENT_3D('',#733,#734,#735);
#733=CARTESIAN_POINT('',(0.,0.,7.));
#734=DIRECTION('',(0.,0.,1.));
#735=DIRECTION('',(1.,0.,0.));
#736=FACE_BOUND('',#737,.T.);
#737=EDGE_LOOP('',(#1260,#1261,#1262,#1263,#1264,#1265,#1266,#1267,#1268,#1269,#1270,
#1271,#1272,#1273,#1274,#1275,#1276,#1277,#1278,#1279,#1280,#1281));
#738=PLANE('',#739);
#739=AXIS2_PLACEMENT_3D('',#740,#741,#742);
#740=CARTESIAN_POINT('',(-1.25,-2.2,0.));
#741=DIRECTION('',(0.,-1.,0.));
#742=DIRECTION('',(1.,0.,0.));
#743=FACE_BOUND('',#744,.T.);
#744=EDGE_LOOP('',(#1282,#1283,#1284,#1285));
#745=PLANE('',#746);
#746=AXIS2_PLACEMENT_3D('',#747,#748,#749);
#747=CARTESIAN_POINT('',(3.35,-1.5,6.6));
#748=DIRECTION('',(0.707106781186548,0.,-0.707106781186547));
#749=DIRECTION('',(0.707106781186547,0.,0.707106781186548));
#750=FACE_BOUND('',#751,.T.);
#751=EDGE_LOOP('',(#1286,#1287,#1288,#1289));
#752=PLANE('',#753);
#753=AXIS2_PLACEMENT_3D('',#754,#755,#756);
#754=CARTESIAN_POINT('',(3.75,-1.5,6.2));
#755=DIRECTION('',(0.707106781186548,0.,0.707106781186547));
#756=DIRECTION('',(-0.707106781186547,0.,0.707106781186548));
#757=FACE_BOUND('',#758,.T.);
#758=EDGE_LOOP('',(#1290,#1291,#1292,#1293));
#759=PLANE('',#760);
#760=AXIS2_PLACEMENT_3D('',#761,#762,#763);
#761=CARTESIAN_POINT('',(3.75,-1.5,3.6));
#762=DIRECTION('',(1.,0.,-0.));
#763=DIRECTION('',(0.,0.,1.));
#764=FACE_BOUND('',#765,.T.);
#765=EDGE_LOOP('',(#1294,#1295,#1296,#1297));
#766=CYLINDRICAL_SURFACE('',#767,0.6);
#767=AXIS2_PLACEMENT_3D('',#768,#769,#770);
#768=CARTESIAN_POINT('',(3.15,-1.5,3.6));
#769=DIRECTION('',(0.,-1.,0.));
#770=DIRECTION('',(1.85037170770859E-016,0.,-1.));
#771=FACE_BOUND('',#772,.T.);
#772=EDGE_LOOP('',(#1298,#1299,#1300,#1301));
#773=CYLINDRICAL_SURFACE('',#774,0.6);
#774=AXIS2_PLACEMENT_3D('',#775,#776,#777);
#775=CARTESIAN_POINT('',(-0.65,-1.5,3.6));
#776=DIRECTION('',(0.,-1.,0.));
#777=DIRECTION('',(-1.,0.,0.));
#778=FACE_BOUND('',#779,.T.);
#779=EDGE_LOOP('',(#1302,#1303,#1304,#1305,#1306,#1307,#1308,#1309));
#780=PLANE('',#781);
#781=AXIS2_PLACEMENT_3D('',#782,#783,#784);
#782=CARTESIAN_POINT('',(5.,0.,0.));
#783=DIRECTION('',(-1.,-0.,-0.));
#784=DIRECTION('',(0.,0.,1.));
#785=FACE_BOUND('',#786,.T.);
#786=EDGE_LOOP('',(#1310,#1311,#1312,#1313));
#787=PLANE('',#788);
#788=AXIS2_PLACEMENT_3D('',#789,#790,#791);
#789=CARTESIAN_POINT('',(5.,-0.4,3.));
#790=DIRECTION('',(-0.,-0.,-1.));
#791=DIRECTION('',(0.,-1.,0.));
#792=FACE_BOUND('',#793,.T.);
#793=EDGE_LOOP('',(#1314,#1315,#1316,#1317,#1318,#1319));
#794=PLANE('',#795);
#795=AXIS2_PLACEMENT_3D('',#796,#797,#798);
#796=CARTESIAN_POINT('',(4.3,0.,0.));
#797=DIRECTION('',(-1.,-0.,-0.));
#798=DIRECTION('',(0.,0.,1.));
#799=FACE_BOUND('',#800,.T.);
#800=EDGE_LOOP('',(#1320,#1321,#1322,#1323));
#801=FACE_BOUND('',#802,.T.);
#802=EDGE_LOOP('',(#1324,#1325,#1326,#1327));
#803=FACE_BOUND('',#804,.T.);
#804=EDGE_LOOP('',(#1328,#1329,#1330,#1331));
#805=PLANE('',#806);
#806=AXIS2_PLACEMENT_3D('',#807,#808,#809);
#807=CARTESIAN_POINT('',(0.,0.,2.));
#808=DIRECTION('',(0.,0.,1.));
#809=DIRECTION('',(1.,0.,0.));
#810=FACE_BOUND('',#811,.T.);
#811=EDGE_LOOP('',(#1332,#1333,#1334,#1335,#1336,#1337));
#812=PLANE('',#813);
#813=AXIS2_PLACEMENT_3D('',#814,#815,#816);
#814=CARTESIAN_POINT('',(-1.8,0.,0.));
#815=DIRECTION('',(-1.,0.,0.));
#816=DIRECTION('',(0.,0.,1.));
#817=FACE_BOUND('',#818,.T.);
#818=EDGE_LOOP('',(#1338,#1339,#1340,#1341));
#819=PLANE('',#820);
#820=AXIS2_PLACEMENT_3D('',#821,#822,#823);
#821=CARTESIAN_POINT('',(5.,-0.4,3.));
#822=DIRECTION('',(-0.,-0.,-1.));
#823=DIRECTION('',(0.,-1.,0.));
#824=FACE_BOUND('',#825,.T.);
#825=EDGE_LOOP('',(#1342,#1343,#1344,#1345,#1346,#1347,#1348,#1349));
#826=PLANE('',#827);
#827=AXIS2_PLACEMENT_3D('',#828,#829,#830);
#828=CARTESIAN_POINT('',(-2.5,0.,0.));
#829=DIRECTION('',(-1.,0.,0.));
#830=DIRECTION('',(0.,0.,1.));
#831=FACE_BOUND('',#832,.T.);
#832=EDGE_LOOP('',(#1350,#1351,#1352,#1353));
#833=PLANE('',#834);
#834=AXIS2_PLACEMENT_3D('',#835,#836,#837);
#835=CARTESIAN_POINT('',(0.,0.,7.));
#836=DIRECTION('',(0.,0.,1.));
#837=DIRECTION('',(1.,0.,0.));
#838=FACE_BOUND('',#839,.T.);
#839=EDGE_LOOP('',(#1354,#1355,#1356,#1357));
#840=PLANE('',#841);
#841=AXIS2_PLACEMENT_3D('',#842,#843,#844);
#842=CARTESIAN_POINT('',(-1.25,-1.5,7.));
#843=DIRECTION('',(-0.707106781186548,-0.,-0.707106781186547));
#844=DIRECTION('',(0.707106781186547,0.,-0.707106781186548));
#845=FACE_BOUND('',#846,.T.);
#846=EDGE_LOOP('',(#1358,#1359,#1360,#1361));
#847=PLANE('',#848);
#848=AXIS2_PLACEMENT_3D('',#849,#850,#851);
#849=CARTESIAN_POINT('',(-0.85,-1.5,6.6));
#850=DIRECTION('',(-0.707106781186548,0.,0.707106781186547));
#851=DIRECTION('',(-0.707106781186547,0.,-0.707106781186548));
#852=FACE_BOUND('',#853,.T.);
#853=EDGE_LOOP('',(#1362,#1363,#1364,#1365));
#854=PLANE('',#855);
#855=AXIS2_PLACEMENT_3D('',#856,#857,#858);
#856=CARTESIAN_POINT('',(-1.25,-1.5,6.2));
#857=DIRECTION('',(-1.,-0.,-0.));
#858=DIRECTION('',(0.,0.,-1.));
#859=FACE_BOUND('',#860,.T.);
#860=EDGE_LOOP('',(#1366,#1367,#1368,#1369));
#861=PLANE('',#862);
#862=AXIS2_PLACEMENT_3D('',#863,#864,#865);
#863=CARTESIAN_POINT('',(0.,0.,0.));
#864=DIRECTION('',(0.,0.,1.));
#865=DIRECTION('',(1.,0.,0.));
#866=FACE_BOUND('',#867,.T.);
#867=EDGE_LOOP('',(#1370,#1371,#1372,#1373));
#868=PLANE('',#869);
#869=AXIS2_PLACEMENT_3D('',#870,#871,#872);
#870=CARTESIAN_POINT('',(-0.85,-2.2,0.4));
#871=DIRECTION('',(-1.,0.,0.));
#872=DIRECTION('',(0.,1.,0.));
#873=FACE_BOUND('',#874,.T.);
#874=EDGE_LOOP('',(#1374,#1375,#1376,#1377));
#875=FACE_BOUND('',#876,.T.);
#876=EDGE_LOOP('',(#1378,#1379,#1380,#1381));
#877=PLANE('',#878);
#878=AXIS2_PLACEMENT_3D('',#879,#880,#881);
#879=CARTESIAN_POINT('',(0.,0.,0.4));
#880=DIRECTION('',(-0.,0.,-1.));
#881=DIRECTION('',(-1.,0.,0.));
#882=FACE_BOUND('',#883,.T.);
#883=EDGE_LOOP('',(#1382,#1383,#1384,#1385));
#884=PLANE('',#885);
#885=AXIS2_PLACEMENT_3D('',#886,#887,#888);
#886=CARTESIAN_POINT('',(0.85,3.55,0.4));
#887=DIRECTION('',(1.,0.,0.));
#888=DIRECTION('',(0.,-1.,0.));
#889=FACE_BOUND('',#890,.T.);
#890=EDGE_LOOP('',(#1386,#1387,#1388,#1389));
#891=PLANE('',#892);
#892=AXIS2_PLACEMENT_3D('',#893,#894,#895);
#893=CARTESIAN_POINT('',(0.,0.,0.));
#894=DIRECTION('',(0.,0.,1.));
#895=DIRECTION('',(1.,0.,0.));
#896=FACE_BOUND('',#897,.T.);
#897=EDGE_LOOP('',(#1390,#1391,#1392,#1393));
#898=PLANE('',#899);
#899=AXIS2_PLACEMENT_3D('',#900,#901,#902);
#900=CARTESIAN_POINT('',(1.65,-2.2,0.4));
#901=DIRECTION('',(-1.,0.,0.));
#902=DIRECTION('',(0.,1.,0.));
#903=FACE_BOUND('',#904,.T.);
#904=EDGE_LOOP('',(#1394,#1395,#1396,#1397));
#905=FACE_BOUND('',#906,.T.);
#906=EDGE_LOOP('',(#1398,#1399,#1400,#1401));
#907=PLANE('',#908);
#908=AXIS2_PLACEMENT_3D('',#909,#910,#911);
#909=CARTESIAN_POINT('',(2.5,0.,0.4));
#910=DIRECTION('',(-0.,0.,-1.));
#911=DIRECTION('',(-1.,0.,0.));
#912=FACE_BOUND('',#913,.T.);
#913=EDGE_LOOP('',(#1402,#1403,#1404,#1405));
#914=PLANE('',#915);
#915=AXIS2_PLACEMENT_3D('',#916,#917,#918);
#916=CARTESIAN_POINT('',(3.35,3.55,0.4));
#917=DIRECTION('',(1.,0.,0.));
#918=DIRECTION('',(0.,-1.,0.));
#919=FACE_BOUND('',#920,.T.);
#920=EDGE_LOOP('',(#1406,#1407,#1408,#1409));
#921=PLANE('',#922);
#922=AXIS2_PLACEMENT_3D('',#923,#924,#925);
#923=CARTESIAN_POINT('',(0.,0.,0.));
#924=DIRECTION('',(0.,0.,1.));
#925=DIRECTION('',(1.,0.,0.));
#926=FACE_BOUND('',#927,.T.);
#927=EDGE_LOOP('',(#1410,#1411,#1412,#1413,#1414));
#928=PLANE('',#929);
#929=AXIS2_PLACEMENT_3D('',#930,#931,#932);
#930=CARTESIAN_POINT('',(5.,-0.4,7.));
#931=DIRECTION('',(0.,1.,0.));
#932=DIRECTION('',(0.,0.,-1.));
#933=FACE_BOUND('',#934,.T.);
#934=EDGE_LOOP('',(#1415,#1416,#1417,#1418,#1419,#1420,#1421,#1422,#1423,#1424,#1425,
#1426));
#935=PLANE('',#936);
#936=AXIS2_PLACEMENT_3D('',#937,#938,#939);
#937=CARTESIAN_POINT('',(1.25,3.55,0.));
#938=DIRECTION('',(0.,1.,-0.));
#939=DIRECTION('',(-1.,0.,0.));
#940=FACE_BOUND('',#941,.T.);
#941=EDGE_LOOP('',(#1427,#1428,#1429,#1430,#1431,#1432,#1433,#1434));
#942=PLANE('',#943);
#943=AXIS2_PLACEMENT_3D('',#944,#945,#946);
#944=CARTESIAN_POINT('',(0.,0.,7.));
#945=DIRECTION('',(0.,0.,1.));
#946=DIRECTION('',(1.,0.,0.));
#947=FACE_BOUND('',#948,.T.);
#948=EDGE_LOOP('',(#1435,#1436,#1437,#1438));
#949=PLANE('',#950);
#950=AXIS2_PLACEMENT_3D('',#951,#952,#953);
#951=CARTESIAN_POINT('',(4.6,4.05,7.));
#952=DIRECTION('',(0.707106781186546,0.,-0.707106781186548));
#953=DIRECTION('',(0.,-1.,0.));
#954=FACE_BOUND('',#955,.T.);
#955=EDGE_LOOP('',(#1439,#1440,#1441,#1442));
#956=PLANE('',#957);
#957=AXIS2_PLACEMENT_3D('',#958,#959,#960);
#958=CARTESIAN_POINT('',(1.25,2.85,2.));
#959=DIRECTION('',(0.,1.,-0.));
#960=DIRECTION('',(-1.,0.,0.));
#961=FACE_BOUND('',#962,.T.);
#962=EDGE_LOOP('',(#1443,#1444,#1445,#1446));
#963=PLANE('',#964);
#964=AXIS2_PLACEMENT_3D('',#965,#966,#967);
#965=CARTESIAN_POINT('',(2.82,0.32,-3.5));
#966=DIRECTION('',(0.,1.,-0.));
#967=DIRECTION('',(-1.,0.,0.));
#968=FACE_BOUND('',#969,.T.);
#969=EDGE_LOOP('',(#1447,#1448,#1449,#1450));
#970=PLANE('',#971);
#971=AXIS2_PLACEMENT_3D('',#972,#973,#974);
#972=CARTESIAN_POINT('',(2.82,-0.32,-3.5));
#973=DIRECTION('',(1.,0.,0.));
#974=DIRECTION('',(0.,1.,0.));
#975=FACE_BOUND('',#976,.T.);
#976=EDGE_LOOP('',(#1451,#1452,#1453,#1454));
#977=PLANE('',#978);
#978=AXIS2_PLACEMENT_3D('',#979,#980,#981);
#979=CARTESIAN_POINT('',(2.18,-0.32,-3.5));
#980=DIRECTION('',(0.,-1.,0.));
#981=DIRECTION('',(1.,0.,0.));
#982=FACE_BOUND('',#983,.T.);
#983=EDGE_LOOP('',(#1455,#1456,#1457,#1458));
#984=PLANE('',#985);
#985=AXIS2_PLACEMENT_3D('',#986,#987,#988);
#986=CARTESIAN_POINT('',(2.18,0.32,-3.5));
#987=DIRECTION('',(-1.,0.,0.));
#988=DIRECTION('',(0.,-1.,0.));
#989=FACE_BOUND('',#990,.T.);
#990=EDGE_LOOP('',(#1459,#1460,#1461,#1462));
#991=PLANE('',#992);
#992=AXIS2_PLACEMENT_3D('',#993,#994,#995);
#993=CARTESIAN_POINT('',(0.32,0.32,-3.5));
#994=DIRECTION('',(0.,1.,-0.));
#995=DIRECTION('',(-1.,0.,0.));
#996=FACE_BOUND('',#997,.T.);
#997=EDGE_LOOP('',(#1463,#1464,#1465,#1466));
#998=PLANE('',#999);
#999=AXIS2_PLACEMENT_3D('',#1000,#1001,#1002);
#1000=CARTESIAN_POINT('',(0.32,-0.32,-3.5));
#1001=DIRECTION('',(1.,0.,0.));
#1002=DIRECTION('',(0.,1.,0.));
#1003=FACE_BOUND('',#1004,.T.);
#1004=EDGE_LOOP('',(#1467,#1468,#1469,#1470));
#1005=PLANE('',#1006);
#1006=AXIS2_PLACEMENT_3D('',#1007,#1008,#1009);
#1007=CARTESIAN_POINT('',(-0.32,-0.32,-3.5));
#1008=DIRECTION('',(0.,-1.,0.));
#1009=DIRECTION('',(1.,0.,0.));
#1010=FACE_BOUND('',#1011,.T.);
#1011=EDGE_LOOP('',(#1471,#1472,#1473,#1474));
#1012=PLANE('',#1013);
#1013=AXIS2_PLACEMENT_3D('',#1014,#1015,#1016);
#1014=CARTESIAN_POINT('',(-0.32,0.32,-3.5));
#1015=DIRECTION('',(-1.,0.,0.));
#1016=DIRECTION('',(0.,-1.,0.));
#1017=FACE_BOUND('',#1018,.T.);
#1018=EDGE_LOOP('',(#1475,#1476,#1477,#1478));
#1019=PLANE('',#1020);
#1020=AXIS2_PLACEMENT_3D('',#1021,#1022,#1023);
#1021=CARTESIAN_POINT('',(-2.1,4.05,7.));
#1022=DIRECTION('',(0.707106781186546,5.55784941126999E-017,0.707106781186549));
#1023=DIRECTION('',(7.85998601504536E-017,-1.,0.));
#1024=FACE_BOUND('',#1025,.T.);
#1025=EDGE_LOOP('',(#1479,#1480,#1481,#1482,#1483));
#1026=PLANE('',#1027);
#1027=AXIS2_PLACEMENT_3D('',#1028,#1029,#1030);
#1028=CARTESIAN_POINT('',(5.,-0.4,7.));
#1029=DIRECTION('',(0.,1.,0.));
#1030=DIRECTION('',(0.,0.,-1.));
#1031=FACE_BOUND('',#1032,.T.);
#1032=EDGE_LOOP('',(#1484,#1485,#1486,#1487));
#1033=PLANE('',#1034);
#1034=AXIS2_PLACEMENT_3D('',#1035,#1036,#1037);
#1035=CARTESIAN_POINT('',(0.32,0.32,-3.5));
#1036=DIRECTION('',(0.,1.,-0.));
#1037=DIRECTION('',(-1.,0.,0.));
#1038=FACE_BOUND('',#1039,.T.);
#1039=EDGE_LOOP('',(#1488,#1489,#1490,#1491));
#1040=PLANE('',#1041);
#1041=AXIS2_PLACEMENT_3D('',#1042,#1043,#1044);
#1042=CARTESIAN_POINT('',(-0.32,0.32,-3.5));
#1043=DIRECTION('',(-1.,0.,0.));
#1044=DIRECTION('',(0.,-1.,0.));
#1045=FACE_BOUND('',#1046,.T.);
#1046=EDGE_LOOP('',(#1492,#1493,#1494,#1495));
#1047=PLANE('',#1048);
#1048=AXIS2_PLACEMENT_3D('',#1049,#1050,#1051);
#1049=CARTESIAN_POINT('',(-0.32,-0.32,-3.5));
#1050=DIRECTION('',(0.,-1.,0.));
#1051=DIRECTION('',(1.,0.,0.));
#1052=FACE_BOUND('',#1053,.T.);
#1053=EDGE_LOOP('',(#1496,#1497,#1498,#1499));
#1054=PLANE('',#1055);
#1055=AXIS2_PLACEMENT_3D('',#1056,#1057,#1058);
#1056=CARTESIAN_POINT('',(0.32,-0.32,-3.5));
#1057=DIRECTION('',(1.,0.,0.));
#1058=DIRECTION('',(0.,1.,0.));
#1059=FACE_BOUND('',#1060,.T.);
#1060=EDGE_LOOP('',(#1500,#1501,#1502,#1503));
#1061=PLANE('',#1062);
#1062=AXIS2_PLACEMENT_3D('',#1063,#1064,#1065);
#1063=CARTESIAN_POINT('',(2.82,0.32,-3.5));
#1064=DIRECTION('',(0.,1.,-0.));
#1065=DIRECTION('',(-1.,0.,0.));
#1066=FACE_BOUND('',#1067,.T.);
#1067=EDGE_LOOP('',(#1504,#1505,#1506,#1507));
#1068=PLANE('',#1069);
#1069=AXIS2_PLACEMENT_3D('',#1070,#1071,#1072);
#1070=CARTESIAN_POINT('',(2.18,0.32,-3.5));
#1071=DIRECTION('',(-1.,0.,0.));
#1072=DIRECTION('',(0.,-1.,0.));
#1073=FACE_BOUND('',#1074,.T.);
#1074=EDGE_LOOP('',(#1508,#1509,#1510,#1511));
#1075=PLANE('',#1076);
#1076=AXIS2_PLACEMENT_3D('',#1077,#1078,#1079);
#1077=CARTESIAN_POINT('',(2.18,-0.32,-3.5));
#1078=DIRECTION('',(0.,-1.,0.));
#1079=DIRECTION('',(1.,0.,0.));
#1080=FACE_BOUND('',#1081,.T.);
#1081=EDGE_LOOP('',(#1512,#1513,#1514,#1515));
#1082=PLANE('',#1083);
#1083=AXIS2_PLACEMENT_3D('',#1084,#1085,#1086);
#1084=CARTESIAN_POINT('',(2.82,-0.32,-3.5));
#1085=DIRECTION('',(1.,0.,0.));
#1086=DIRECTION('',(0.,1.,0.));
#1087=FACE_BOUND('',#1088,.T.);
#1088=EDGE_LOOP('',(#1516,#1517,#1518,#1519));
#1089=PLANE('',#1090);
#1090=AXIS2_PLACEMENT_3D('',#1091,#1092,#1093);
#1091=CARTESIAN_POINT('',(5.5,3.15,7.));
#1092=DIRECTION('',(0.,-0.707106781186548,0.707106781186548));
#1093=DIRECTION('',(-1.,0.,0.));
#1094=FACE_BOUND('',#1095,.T.);
#1095=EDGE_LOOP('',(#1520,#1521,#1522,#1523));
#1096=PLANE('',#1097);
#1097=AXIS2_PLACEMENT_3D('',#1098,#1099,#1100);
#1098=CARTESIAN_POINT('',(3.76641016151378,0.32,6.12679491924311));
#1099=DIRECTION('',(1.8151898764984E-016,0.965925826289069,0.258819045102519));
#1100=DIRECTION('',(-1.,3.76053679555885E-032,7.01335512531312E-016));
#1101=FACE_BOUND('',#1102,.T.);
#1102=EDGE_LOOP('',(#1524,#1525,#1526,#1527));
#1103=PLANE('',#1104);
#1104=AXIS2_PLACEMENT_3D('',#1105,#1106,#1107);
#1105=CARTESIAN_POINT('',(2.82,-1.26641016151378,6.12679491924311));
#1106=DIRECTION('',(0.965925826289069,-1.8151898764984E-016,0.258819045102519));
#1107=DIRECTION('',(3.76053679555885E-032,1.,7.01335512531312E-016));
#1108=FACE_BOUND('',#1109,.T.);
#1109=EDGE_LOOP('',(#1528,#1529,#1530,#1531));
#1110=PLANE('',#1111);
#1111=AXIS2_PLACEMENT_3D('',#1112,#1113,#1114);
#1112=CARTESIAN_POINT('',(1.23358983848622,-0.32,6.12679491924311));
#1113=DIRECTION('',(0.,-0.965925826289068,0.258819045102522));
#1114=DIRECTION('',(1.,0.,0.));
#1115=FACE_BOUND('',#1116,.T.);
#1116=EDGE_LOOP('',(#1532,#1533,#1534,#1535));
#1117=PLANE('',#1118);
#1118=AXIS2_PLACEMENT_3D('',#1119,#1120,#1121);
#1119=CARTESIAN_POINT('',(2.18,1.26641016151378,6.12679491924311));
#1120=DIRECTION('',(-0.965925826289069,1.8151898764984E-016,0.258819045102519));
#1121=DIRECTION('',(-3.76053679555885E-032,-1.,7.01335512531312E-016));
#1122=FACE_BOUND('',#1123,.T.);
#1123=EDGE_LOOP('',(#1536,#1537,#1538,#1539));
#1124=PLANE('',#1125);
#1125=AXIS2_PLACEMENT_3D('',#1126,#1127,#1128);
#1126=CARTESIAN_POINT('',(1.26641016151378,0.32,6.12679491924311));
#1127=DIRECTION('',(0.,0.965925826289068,0.258819045102522));
#1128=DIRECTION('',(-1.,0.,0.));
#1129=FACE_BOUND('',#1130,.T.);
#1130=EDGE_LOOP('',(#1540,#1541,#1542,#1543));
#1131=PLANE('',#1132);
#1132=AXIS2_PLACEMENT_3D('',#1133,#1134,#1135);
#1133=CARTESIAN_POINT('',(0.32,-1.26641016151378,6.12679491924311));
#1134=DIRECTION('',(0.965925826289069,-1.8151898764984E-016,0.258819045102519));
#1135=DIRECTION('',(3.76053679555885E-032,1.,7.01335512531312E-016));
#1136=FACE_BOUND('',#1137,.T.);
#1137=EDGE_LOOP('',(#1544,#1545,#1546,#1547));
#1138=PLANE('',#1139);
#1139=AXIS2_PLACEMENT_3D('',#1140,#1141,#1142);
#1140=CARTESIAN_POINT('',(-1.26641016151378,-0.32,6.12679491924311));
#1141=DIRECTION('',(0.,-0.965925826289068,0.258819045102522));
#1142=DIRECTION('',(1.,0.,0.));
#1143=FACE_BOUND('',#1144,.T.);
#1144=EDGE_LOOP('',(#1548,#1549,#1550,#1551));
#1145=PLANE('',#1146);
#1146=AXIS2_PLACEMENT_3D('',#1147,#1148,#1149);
#1147=CARTESIAN_POINT('',(-0.32,1.26641016151378,6.12679491924311));
#1148=DIRECTION('',(-0.965925826289069,1.8151898764984E-016,0.258819045102519));
#1149=DIRECTION('',(-3.76053679555885E-032,-1.,7.01335512531312E-016));
#1150=FACE_BOUND('',#1151,.T.);
#1151=EDGE_LOOP('',(#1552,#1553,#1554,#1555));
#1152=PLANE('',#1153);
#1153=AXIS2_PLACEMENT_3D('',#1154,#1155,#1156);
#1154=CARTESIAN_POINT('',(1.26641016151378,0.32,-3.12679491924311));
#1155=DIRECTION('',(0.,-0.965925826289068,0.258819045102521));
#1156=DIRECTION('',(-1.,0.,0.));
#1157=FACE_BOUND('',#1158,.T.);
#1158=EDGE_LOOP('',(#1556,#1557,#1558,#1559));
#1159=PLANE('',#1160);
#1160=AXIS2_PLACEMENT_3D('',#1161,#1162,#1163);
#1161=CARTESIAN_POINT('',(-0.32,1.26641016151378,-3.12679491924311));
#1162=DIRECTION('',(0.965925826289068,0.,0.258819045102521));
#1163=DIRECTION('',(0.,-1.,0.));
#1164=FACE_BOUND('',#1165,.T.);
#1165=EDGE_LOOP('',(#1560,#1561,#1562,#1563));
#1166=PLANE('',#1167);
#1167=AXIS2_PLACEMENT_3D('',#1168,#1169,#1170);
#1168=CARTESIAN_POINT('',(-1.26641016151378,-0.32,-3.12679491924311));
#1169=DIRECTION('',(-0.,0.965925826289068,0.258819045102521));
#1170=DIRECTION('',(1.,0.,0.));
#1171=FACE_BOUND('',#1172,.T.);
#1172=EDGE_LOOP('',(#1564,#1565,#1566,#1567));
#1173=PLANE('',#1174);
#1174=AXIS2_PLACEMENT_3D('',#1175,#1176,#1177);
#1175=CARTESIAN_POINT('',(0.32,-1.26641016151378,-3.12679491924311));
#1176=DIRECTION('',(-0.965925826289068,0.,0.258819045102521));
#1177=DIRECTION('',(0.,1.,0.));
#1178=FACE_BOUND('',#1179,.T.);
#1179=EDGE_LOOP('',(#1568,#1569,#1570,#1571));
#1180=PLANE('',#1181);
#1181=AXIS2_PLACEMENT_3D('',#1182,#1183,#1184);
#1182=CARTESIAN_POINT('',(3.76641016151378,0.32,-3.12679491924311));
#1183=DIRECTION('',(0.,-0.965925826289068,0.258819045102521));
#1184=DIRECTION('',(-1.,0.,0.));
#1185=FACE_BOUND('',#1186,.T.);
#1186=EDGE_LOOP('',(#1572,#1573,#1574,#1575));
#1187=PLANE('',#1188);
#1188=AXIS2_PLACEMENT_3D('',#1189,#1190,#1191);
#1189=CARTESIAN_POINT('',(2.18,1.26641016151378,-3.12679491924311));
#1190=DIRECTION('',(0.965925826289068,0.,0.258819045102521));
#1191=DIRECTION('',(0.,-1.,0.));
#1192=FACE_BOUND('',#1193,.T.);
#1193=EDGE_LOOP('',(#1576,#1577,#1578,#1579));
#1194=PLANE('',#1195);
#1195=AXIS2_PLACEMENT_3D('',#1196,#1197,#1198);
#1196=CARTESIAN_POINT('',(1.23358983848622,-0.32,-3.12679491924311));
#1197=DIRECTION('',(-0.,0.965925826289068,0.258819045102521));
#1198=DIRECTION('',(1.,0.,0.));
#1199=FACE_BOUND('',#1200,.T.);
#1200=EDGE_LOOP('',(#1580,#1581,#1582,#1583));
#1201=PLANE('',#1202);
#1202=AXIS2_PLACEMENT_3D('',#1203,#1204,#1205);
#1203=CARTESIAN_POINT('',(2.82,-1.26641016151378,-3.12679491924311));
#1204=DIRECTION('',(-0.965925826289068,0.,0.258819045102521));
#1205=DIRECTION('',(0.,1.,0.));
#1206=FACE_BOUND('',#1207,.T.);
#1207=EDGE_LOOP('',(#1584,#1585,#1586,#1587));
#1208=PLANE('',#1209);
#1209=AXIS2_PLACEMENT_3D('',#1210,#1211,#1212);
#1210=CARTESIAN_POINT('',(2.5,0.,6.5));
#1211=DIRECTION('',(0.,0.,1.));
#1212=DIRECTION('',(1.,0.,0.));
#1213=FACE_BOUND('',#1214,.T.);
#1214=EDGE_LOOP('',(#1588,#1589,#1590,#1591));
#1215=PLANE('',#1216);
#1216=AXIS2_PLACEMENT_3D('',#1217,#1218,#1219);
#1217=CARTESIAN_POINT('',(0.,0.,6.5));
#1218=DIRECTION('',(0.,0.,1.));
#1219=DIRECTION('',(1.,0.,0.));
#1220=FACE_BOUND('',#1221,.T.);
#1221=EDGE_LOOP('',(#1592,#1593,#1594,#1595));
#1222=PLANE('',#1223);
#1223=AXIS2_PLACEMENT_3D('',#1224,#1225,#1226);
#1224=CARTESIAN_POINT('',(0.,0.,-3.5));
#1225=DIRECTION('',(0.,0.,1.));
#1226=DIRECTION('',(1.,0.,0.));
#1227=FACE_BOUND('',#1228,.T.);
#1228=EDGE_LOOP('',(#1596,#1597,#1598,#1599));
#1229=PLANE('',#1230);
#1230=AXIS2_PLACEMENT_3D('',#1231,#1232,#1233);
#1231=CARTESIAN_POINT('',(2.5,0.,-3.5));
#1232=DIRECTION('',(0.,0.,1.));
#1233=DIRECTION('',(1.,0.,0.));
#1234=ORIENTED_EDGE('',*,*,#1600,.T.);
#1235=ORIENTED_EDGE('',*,*,#1601,.F.);
#1236=ORIENTED_EDGE('',*,*,#1602,.F.);
#1237=ORIENTED_EDGE('',*,*,#1603,.F.);
#1238=ORIENTED_EDGE('',*,*,#1603,.T.);
#1239=ORIENTED_EDGE('',*,*,#1604,.T.);
#1240=ORIENTED_EDGE('',*,*,#1605,.T.);
#1241=ORIENTED_EDGE('',*,*,#1606,.T.);
#1242=ORIENTED_EDGE('',*,*,#1607,.T.);
#1243=ORIENTED_EDGE('',*,*,#1608,.F.);
#1244=ORIENTED_EDGE('',*,*,#1609,.F.);
#1245=ORIENTED_EDGE('',*,*,#1610,.T.);
#1246=ORIENTED_EDGE('',*,*,#1611,.F.);
#1247=ORIENTED_EDGE('',*,*,#1612,.F.);
#1248=ORIENTED_EDGE('',*,*,#1613,.T.);
#1249=ORIENTED_EDGE('',*,*,#1614,.T.);
#1250=ORIENTED_EDGE('',*,*,#1615,.F.);
#1251=ORIENTED_EDGE('',*,*,#1616,.F.);
#1252=ORIENTED_EDGE('',*,*,#1617,.T.);
#1253=ORIENTED_EDGE('',*,*,#1618,.T.);
#1254=ORIENTED_EDGE('',*,*,#1619,.T.);
#1255=ORIENTED_EDGE('',*,*,#1620,.T.);
#1256=ORIENTED_EDGE('',*,*,#1621,.T.);
#1257=ORIENTED_EDGE('',*,*,#1622,.T.);
#1258=ORIENTED_EDGE('',*,*,#1623,.T.);
#1259=ORIENTED_EDGE('',*,*,#1608,.T.);
#1260=ORIENTED_EDGE('',*,*,#1601,.T.);
#1261=ORIENTED_EDGE('',*,*,#1624,.T.);
#1262=ORIENTED_EDGE('',*,*,#1625,.T.);
#1263=ORIENTED_EDGE('',*,*,#1626,.T.);
#1264=ORIENTED_EDGE('',*,*,#1627,.T.);
#1265=ORIENTED_EDGE('',*,*,#1628,.F.);
#1266=ORIENTED_EDGE('',*,*,#1629,.F.);
#1267=ORIENTED_EDGE('',*,*,#1630,.F.);
#1268=ORIENTED_EDGE('',*,*,#1631,.T.);
#1269=ORIENTED_EDGE('',*,*,#1632,.T.);
#1270=ORIENTED_EDGE('',*,*,#1633,.T.);
#1271=ORIENTED_EDGE('',*,*,#1634,.T.);
#1272=ORIENTED_EDGE('',*,*,#1635,.T.);
#1273=ORIENTED_EDGE('',*,*,#1636,.T.);
#1274=ORIENTED_EDGE('',*,*,#1637,.T.);
#1275=ORIENTED_EDGE('',*,*,#1638,.T.);
#1276=ORIENTED_EDGE('',*,*,#1639,.T.);
#1277=ORIENTED_EDGE('',*,*,#1622,.F.);
#1278=ORIENTED_EDGE('',*,*,#1640,.T.);
#1279=ORIENTED_EDGE('',*,*,#1641,.T.);
#1280=ORIENTED_EDGE('',*,*,#1642,.T.);
#1281=ORIENTED_EDGE('',*,*,#1643,.T.);
#1282=ORIENTED_EDGE('',*,*,#1640,.F.);
#1283=ORIENTED_EDGE('',*,*,#1621,.F.);
#1284=ORIENTED_EDGE('',*,*,#1607,.F.);
#1285=ORIENTED_EDGE('',*,*,#1644,.T.);
#1286=ORIENTED_EDGE('',*,*,#1641,.F.);
#1287=ORIENTED_EDGE('',*,*,#1644,.F.);
#1288=ORIENTED_EDGE('',*,*,#1606,.F.);
#1289=ORIENTED_EDGE('',*,*,#1645,.T.);
#1290=ORIENTED_EDGE('',*,*,#1642,.F.);
#1291=ORIENTED_EDGE('',*,*,#1645,.F.);
#1292=ORIENTED_EDGE('',*,*,#1605,.F.);
#1293=ORIENTED_EDGE('',*,*,#1646,.T.);
#1294=ORIENTED_EDGE('',*,*,#1643,.F.);
#1295=ORIENTED_EDGE('',*,*,#1646,.F.);
#1296=ORIENTED_EDGE('',*,*,#1604,.F.);
#1297=ORIENTED_EDGE('',*,*,#1602,.T.);
#1298=ORIENTED_EDGE('',*,*,#1620,.F.);
#1299=ORIENTED_EDGE('',*,*,#1647,.T.);
#1300=ORIENTED_EDGE('',*,*,#1624,.F.);
#1301=ORIENTED_EDGE('',*,*,#1600,.F.);
#1302=ORIENTED_EDGE('',*,*,#1648,.T.);
#1303=ORIENTED_EDGE('',*,*,#1649,.T.);
#1304=ORIENTED_EDGE('',*,*,#1609,.T.);
#1305=ORIENTED_EDGE('',*,*,#1623,.F.);
#1306=ORIENTED_EDGE('',*,*,#1639,.F.);
#1307=ORIENTED_EDGE('',*,*,#1650,.F.);
#1308=ORIENTED_EDGE('',*,*,#1651,.F.);
#1309=ORIENTED_EDGE('',*,*,#1652,.F.);
#1310=ORIENTED_EDGE('',*,*,#1653,.F.);
#1311=ORIENTED_EDGE('',*,*,#1610,.F.);
#1312=ORIENTED_EDGE('',*,*,#1649,.F.);
#1313=ORIENTED_EDGE('',*,*,#1654,.T.);
#1314=ORIENTED_EDGE('',*,*,#1655,.F.);
#1315=ORIENTED_EDGE('',*,*,#1656,.T.);
#1316=ORIENTED_EDGE('',*,*,#1657,.T.);
#1317=ORIENTED_EDGE('',*,*,#1611,.T.);
#1318=ORIENTED_EDGE('',*,*,#1653,.T.);
#1319=ORIENTED_EDGE('',*,*,#1658,.T.);
#1320=ORIENTED_EDGE('',*,*,#1659,.T.);
#1321=ORIENTED_EDGE('',*,*,#1660,.T.);
#1322=ORIENTED_EDGE('',*,*,#1612,.T.);
#1323=ORIENTED_EDGE('',*,*,#1657,.F.);
#1324=ORIENTED_EDGE('',*,*,#1661,.F.);
#1325=ORIENTED_EDGE('',*,*,#1662,.F.);
#1326=ORIENTED_EDGE('',*,*,#1663,.F.);
#1327=ORIENTED_EDGE('',*,*,#1664,.F.);
#1328=ORIENTED_EDGE('',*,*,#1665,.F.);
#1329=ORIENTED_EDGE('',*,*,#1666,.F.);
#1330=ORIENTED_EDGE('',*,*,#1667,.F.);
#1331=ORIENTED_EDGE('',*,*,#1668,.F.);
#1332=ORIENTED_EDGE('',*,*,#1669,.F.);
#1333=ORIENTED_EDGE('',*,*,#1670,.T.);
#1334=ORIENTED_EDGE('',*,*,#1671,.T.);
#1335=ORIENTED_EDGE('',*,*,#1613,.F.);
#1336=ORIENTED_EDGE('',*,*,#1660,.F.);
#1337=ORIENTED_EDGE('',*,*,#1672,.F.);
#1338=ORIENTED_EDGE('',*,*,#1671,.F.);
#1339=ORIENTED_EDGE('',*,*,#1673,.T.);
#1340=ORIENTED_EDGE('',*,*,#1674,.F.);
#1341=ORIENTED_EDGE('',*,*,#1614,.F.);
#1342=ORIENTED_EDGE('',*,*,#1675,.T.);
#1343=ORIENTED_EDGE('',*,*,#1676,.T.);
#1344=ORIENTED_EDGE('',*,*,#1677,.T.);
#1345=ORIENTED_EDGE('',*,*,#1678,.T.);
#1346=ORIENTED_EDGE('',*,*,#1629,.T.);
#1347=ORIENTED_EDGE('',*,*,#1679,.T.);
#1348=ORIENTED_EDGE('',*,*,#1615,.T.);
#1349=ORIENTED_EDGE('',*,*,#1674,.T.);
#1350=ORIENTED_EDGE('',*,*,#1680,.T.);
#1351=ORIENTED_EDGE('',*,*,#1616,.T.);
#1352=ORIENTED_EDGE('',*,*,#1679,.F.);
#1353=ORIENTED_EDGE('',*,*,#1628,.T.);
#1354=ORIENTED_EDGE('',*,*,#1617,.F.);
#1355=ORIENTED_EDGE('',*,*,#1680,.F.);
#1356=ORIENTED_EDGE('',*,*,#1627,.F.);
#1357=ORIENTED_EDGE('',*,*,#1681,.F.);
#1358=ORIENTED_EDGE('',*,*,#1618,.F.);
#1359=ORIENTED_EDGE('',*,*,#1681,.T.);
#1360=ORIENTED_EDGE('',*,*,#1626,.F.);
#1361=ORIENTED_EDGE('',*,*,#1682,.F.);
#1362=ORIENTED_EDGE('',*,*,#1619,.F.);
#1363=ORIENTED_EDGE('',*,*,#1682,.T.);
#1364=ORIENTED_EDGE('',*,*,#1625,.F.);
#1365=ORIENTED_EDGE('',*,*,#1647,.F.);
#1366=ORIENTED_EDGE('',*,*,#1683,.T.);
#1367=ORIENTED_EDGE('',*,*,#1630,.T.);
#1368=ORIENTED_EDGE('',*,*,#1678,.F.);
#1369=ORIENTED_EDGE('',*,*,#1684,.F.);
#1370=ORIENTED_EDGE('',*,*,#1685,.F.);
#1371=ORIENTED_EDGE('',*,*,#1686,.F.);
#1372=ORIENTED_EDGE('',*,*,#1631,.F.);
#1373=ORIENTED_EDGE('',*,*,#1683,.F.);
#1374=ORIENTED_EDGE('',*,*,#1687,.F.);
#1375=ORIENTED_EDGE('',*,*,#1688,.T.);
#1376=ORIENTED_EDGE('',*,*,#1632,.F.);
#1377=ORIENTED_EDGE('',*,*,#1686,.T.);
#1378=ORIENTED_EDGE('',*,*,#1689,.F.);
#1379=ORIENTED_EDGE('',*,*,#1690,.F.);
#1380=ORIENTED_EDGE('',*,*,#1691,.F.);
#1381=ORIENTED_EDGE('',*,*,#1692,.F.);
#1382=ORIENTED_EDGE('',*,*,#1693,.F.);
#1383=ORIENTED_EDGE('',*,*,#1694,.F.);
#1384=ORIENTED_EDGE('',*,*,#1633,.F.);
#1385=ORIENTED_EDGE('',*,*,#1688,.F.);
#1386=ORIENTED_EDGE('',*,*,#1695,.T.);
#1387=ORIENTED_EDGE('',*,*,#1634,.F.);
#1388=ORIENTED_EDGE('',*,*,#1694,.T.);
#1389=ORIENTED_EDGE('',*,*,#1696,.F.);
#1390=ORIENTED_EDGE('',*,*,#1695,.F.);
#1391=ORIENTED_EDGE('',*,*,#1697,.F.);
#1392=ORIENTED_EDGE('',*,*,#1698,.F.);
#1393=ORIENTED_EDGE('',*,*,#1635,.F.);
#1394=ORIENTED_EDGE('',*,*,#1636,.F.);
#1395=ORIENTED_EDGE('',*,*,#1698,.T.);
#1396=ORIENTED_EDGE('',*,*,#1699,.F.);
#1397=ORIENTED_EDGE('',*,*,#1700,.T.);
#1398=ORIENTED_EDGE('',*,*,#1701,.F.);
#1399=ORIENTED_EDGE('',*,*,#1702,.F.);
#1400=ORIENTED_EDGE('',*,*,#1703,.F.);
#1401=ORIENTED_EDGE('',*,*,#1704,.F.);
#1402=ORIENTED_EDGE('',*,*,#1705,.F.);
#1403=ORIENTED_EDGE('',*,*,#1637,.F.);
#1404=ORIENTED_EDGE('',*,*,#1700,.F.);
#1405=ORIENTED_EDGE('',*,*,#1706,.F.);
#1406=ORIENTED_EDGE('',*,*,#1705,.T.);
#1407=ORIENTED_EDGE('',*,*,#1707,.T.);
#1408=ORIENTED_EDGE('',*,*,#1650,.T.);
#1409=ORIENTED_EDGE('',*,*,#1638,.F.);
#1410=ORIENTED_EDGE('',*,*,#1708,.F.);
#1411=ORIENTED_EDGE('',*,*,#1658,.F.);
#1412=ORIENTED_EDGE('',*,*,#1654,.F.);
#1413=ORIENTED_EDGE('',*,*,#1648,.F.);
#1414=ORIENTED_EDGE('',*,*,#1709,.F.);
#1415=ORIENTED_EDGE('',*,*,#1706,.T.);
#1416=ORIENTED_EDGE('',*,*,#1699,.T.);
#1417=ORIENTED_EDGE('',*,*,#1697,.T.);
#1418=ORIENTED_EDGE('',*,*,#1696,.T.);
#1419=ORIENTED_EDGE('',*,*,#1693,.T.);
#1420=ORIENTED_EDGE('',*,*,#1687,.T.);
#1421=ORIENTED_EDGE('',*,*,#1685,.T.);
#1422=ORIENTED_EDGE('',*,*,#1684,.T.);
#1423=ORIENTED_EDGE('',*,*,#1677,.F.);
#1424=ORIENTED_EDGE('',*,*,#1710,.F.);
#1425=ORIENTED_EDGE('',*,*,#1651,.T.);
#1426=ORIENTED_EDGE('',*,*,#1707,.F.);
#1427=ORIENTED_EDGE('',*,*,#1711,.T.);
#1428=ORIENTED_EDGE('',*,*,#1712,.T.);
#1429=ORIENTED_EDGE('',*,*,#1713,.T.);
#1430=ORIENTED_EDGE('',*,*,#1709,.T.);
#1431=ORIENTED_EDGE('',*,*,#1652,.T.);
#1432=ORIENTED_EDGE('',*,*,#1710,.T.);
#1433=ORIENTED_EDGE('',*,*,#1676,.F.);
#1434=ORIENTED_EDGE('',*,*,#1714,.T.);
#1435=ORIENTED_EDGE('',*,*,#1713,.F.);
#1436=ORIENTED_EDGE('',*,*,#1715,.F.);
#1437=ORIENTED_EDGE('',*,*,#1655,.T.);
#1438=ORIENTED_EDGE('',*,*,#1708,.T.);
#1439=ORIENTED_EDGE('',*,*,#1716,.F.);
#1440=ORIENTED_EDGE('',*,*,#1672,.T.);
#1441=ORIENTED_EDGE('',*,*,#1659,.F.);
#1442=ORIENTED_EDGE('',*,*,#1656,.F.);
#1443=ORIENTED_EDGE('',*,*,#1717,.F.);
#1444=ORIENTED_EDGE('',*,*,#1718,.F.);
#1445=ORIENTED_EDGE('',*,*,#1661,.T.);
#1446=ORIENTED_EDGE('',*,*,#1719,.T.);
#1447=ORIENTED_EDGE('',*,*,#1720,.F.);
#1448=ORIENTED_EDGE('',*,*,#1721,.F.);
#1449=ORIENTED_EDGE('',*,*,#1662,.T.);
#1450=ORIENTED_EDGE('',*,*,#1718,.T.);
#1451=ORIENTED_EDGE('',*,*,#1722,.F.);
#1452=ORIENTED_EDGE('',*,*,#1723,.F.);
#1453=ORIENTED_EDGE('',*,*,#1663,.T.);
#1454=ORIENTED_EDGE('',*,*,#1721,.T.);
#1455=ORIENTED_EDGE('',*,*,#1724,.F.);
#1456=ORIENTED_EDGE('',*,*,#1719,.F.);
#1457=ORIENTED_EDGE('',*,*,#1664,.T.);
#1458=ORIENTED_EDGE('',*,*,#1723,.T.);
#1459=ORIENTED_EDGE('',*,*,#1725,.F.);
#1460=ORIENTED_EDGE('',*,*,#1726,.F.);
#1461=ORIENTED_EDGE('',*,*,#1665,.T.);
#1462=ORIENTED_EDGE('',*,*,#1727,.T.);
#1463=ORIENTED_EDGE('',*,*,#1728,.F.);
#1464=ORIENTED_EDGE('',*,*,#1729,.F.);
#1465=ORIENTED_EDGE('',*,*,#1666,.T.);
#1466=ORIENTED_EDGE('',*,*,#1726,.T.);
#1467=ORIENTED_EDGE('',*,*,#1730,.F.);
#1468=ORIENTED_EDGE('',*,*,#1731,.F.);
#1469=ORIENTED_EDGE('',*,*,#1667,.T.);
#1470=ORIENTED_EDGE('',*,*,#1729,.T.);
#1471=ORIENTED_EDGE('',*,*,#1732,.F.);
#1472=ORIENTED_EDGE('',*,*,#1727,.F.);
#1473=ORIENTED_EDGE('',*,*,#1668,.T.);
#1474=ORIENTED_EDGE('',*,*,#1731,.T.);
#1475=ORIENTED_EDGE('',*,*,#1711,.F.);
#1476=ORIENTED_EDGE('',*,*,#1733,.T.);
#1477=ORIENTED_EDGE('',*,*,#1669,.T.);
#1478=ORIENTED_EDGE('',*,*,#1734,.T.);
#1479=ORIENTED_EDGE('',*,*,#1733,.F.);
#1480=ORIENTED_EDGE('',*,*,#1714,.F.);
#1481=ORIENTED_EDGE('',*,*,#1675,.F.);
#1482=ORIENTED_EDGE('',*,*,#1673,.F.);
#1483=ORIENTED_EDGE('',*,*,#1670,.F.);
#1484=ORIENTED_EDGE('',*,*,#1735,.T.);
#1485=ORIENTED_EDGE('',*,*,#1736,.T.);
#1486=ORIENTED_EDGE('',*,*,#1689,.T.);
#1487=ORIENTED_EDGE('',*,*,#1737,.F.);
#1488=ORIENTED_EDGE('',*,*,#1738,.T.);
#1489=ORIENTED_EDGE('',*,*,#1739,.T.);
#1490=ORIENTED_EDGE('',*,*,#1690,.T.);
#1491=ORIENTED_EDGE('',*,*,#1736,.F.);
#1492=ORIENTED_EDGE('',*,*,#1740,.T.);
#1493=ORIENTED_EDGE('',*,*,#1741,.T.);
#1494=ORIENTED_EDGE('',*,*,#1691,.T.);
#1495=ORIENTED_EDGE('',*,*,#1739,.F.);
#1496=ORIENTED_EDGE('',*,*,#1742,.T.);
#1497=ORIENTED_EDGE('',*,*,#1737,.T.);
#1498=ORIENTED_EDGE('',*,*,#1692,.T.);
#1499=ORIENTED_EDGE('',*,*,#1741,.F.);
#1500=ORIENTED_EDGE('',*,*,#1743,.T.);
#1501=ORIENTED_EDGE('',*,*,#1744,.T.);
#1502=ORIENTED_EDGE('',*,*,#1701,.T.);
#1503=ORIENTED_EDGE('',*,*,#1745,.F.);
#1504=ORIENTED_EDGE('',*,*,#1746,.T.);
#1505=ORIENTED_EDGE('',*,*,#1747,.T.);
#1506=ORIENTED_EDGE('',*,*,#1702,.T.);
#1507=ORIENTED_EDGE('',*,*,#1744,.F.);
#1508=ORIENTED_EDGE('',*,*,#1748,.T.);
#1509=ORIENTED_EDGE('',*,*,#1749,.T.);
#1510=ORIENTED_EDGE('',*,*,#1703,.T.);
#1511=ORIENTED_EDGE('',*,*,#1747,.F.);
#1512=ORIENTED_EDGE('',*,*,#1750,.T.);
#1513=ORIENTED_EDGE('',*,*,#1745,.T.);
#1514=ORIENTED_EDGE('',*,*,#1704,.T.);
#1515=ORIENTED_EDGE('',*,*,#1749,.F.);
#1516=ORIENTED_EDGE('',*,*,#1712,.F.);
#1517=ORIENTED_EDGE('',*,*,#1734,.F.);
#1518=ORIENTED_EDGE('',*,*,#1716,.T.);
#1519=ORIENTED_EDGE('',*,*,#1715,.T.);
#1520=ORIENTED_EDGE('',*,*,#1717,.T.);
#1521=ORIENTED_EDGE('',*,*,#1751,.T.);
#1522=ORIENTED_EDGE('',*,*,#1752,.F.);
#1523=ORIENTED_EDGE('',*,*,#1753,.F.);
#1524=ORIENTED_EDGE('',*,*,#1720,.T.);
#1525=ORIENTED_EDGE('',*,*,#1753,.T.);
#1526=ORIENTED_EDGE('',*,*,#1754,.F.);
#1527=ORIENTED_EDGE('',*,*,#1755,.F.);
#1528=ORIENTED_EDGE('',*,*,#1722,.T.);
#1529=ORIENTED_EDGE('',*,*,#1755,.T.);
#1530=ORIENTED_EDGE('',*,*,#1756,.F.);
#1531=ORIENTED_EDGE('',*,*,#1757,.F.);
#1532=ORIENTED_EDGE('',*,*,#1724,.T.);
#1533=ORIENTED_EDGE('',*,*,#1757,.T.);
#1534=ORIENTED_EDGE('',*,*,#1758,.F.);
#1535=ORIENTED_EDGE('',*,*,#1751,.F.);
#1536=ORIENTED_EDGE('',*,*,#1725,.T.);
#1537=ORIENTED_EDGE('',*,*,#1759,.T.);
#1538=ORIENTED_EDGE('',*,*,#1760,.F.);
#1539=ORIENTED_EDGE('',*,*,#1761,.F.);
#1540=ORIENTED_EDGE('',*,*,#1728,.T.);
#1541=ORIENTED_EDGE('',*,*,#1761,.T.);
#1542=ORIENTED_EDGE('',*,*,#1762,.F.);
#1543=ORIENTED_EDGE('',*,*,#1763,.F.);
#1544=ORIENTED_EDGE('',*,*,#1730,.T.);
#1545=ORIENTED_EDGE('',*,*,#1763,.T.);
#1546=ORIENTED_EDGE('',*,*,#1764,.F.);
#1547=ORIENTED_EDGE('',*,*,#1765,.F.);
#1548=ORIENTED_EDGE('',*,*,#1732,.T.);
#1549=ORIENTED_EDGE('',*,*,#1765,.T.);
#1550=ORIENTED_EDGE('',*,*,#1766,.F.);
#1551=ORIENTED_EDGE('',*,*,#1759,.F.);
#1552=ORIENTED_EDGE('',*,*,#1735,.F.);
#1553=ORIENTED_EDGE('',*,*,#1767,.F.);
#1554=ORIENTED_EDGE('',*,*,#1768,.T.);
#1555=ORIENTED_EDGE('',*,*,#1769,.T.);
#1556=ORIENTED_EDGE('',*,*,#1738,.F.);
#1557=ORIENTED_EDGE('',*,*,#1769,.F.);
#1558=ORIENTED_EDGE('',*,*,#1770,.T.);
#1559=ORIENTED_EDGE('',*,*,#1771,.T.);
#1560=ORIENTED_EDGE('',*,*,#1740,.F.);
#1561=ORIENTED_EDGE('',*,*,#1771,.F.);
#1562=ORIENTED_EDGE('',*,*,#1772,.T.);
#1563=ORIENTED_EDGE('',*,*,#1773,.T.);
#1564=ORIENTED_EDGE('',*,*,#1742,.F.);
#1565=ORIENTED_EDGE('',*,*,#1773,.F.);
#1566=ORIENTED_EDGE('',*,*,#1774,.T.);
#1567=ORIENTED_EDGE('',*,*,#1767,.T.);
#1568=ORIENTED_EDGE('',*,*,#1743,.F.);
#1569=ORIENTED_EDGE('',*,*,#1775,.F.);
#1570=ORIENTED_EDGE('',*,*,#1776,.T.);
#1571=ORIENTED_EDGE('',*,*,#1777,.T.);
#1572=ORIENTED_EDGE('',*,*,#1746,.F.);
#1573=ORIENTED_EDGE('',*,*,#1777,.F.);
#1574=ORIENTED_EDGE('',*,*,#1778,.T.);
#1575=ORIENTED_EDGE('',*,*,#1779,.T.);
#1576=ORIENTED_EDGE('',*,*,#1748,.F.);
#1577=ORIENTED_EDGE('',*,*,#1779,.F.);
#1578=ORIENTED_EDGE('',*,*,#1780,.T.);
#1579=ORIENTED_EDGE('',*,*,#1781,.T.);
#1580=ORIENTED_EDGE('',*,*,#1750,.F.);
#1581=ORIENTED_EDGE('',*,*,#1781,.F.);
#1582=ORIENTED_EDGE('',*,*,#1782,.T.);
#1583=ORIENTED_EDGE('',*,*,#1775,.T.);
#1584=ORIENTED_EDGE('',*,*,#1758,.T.);
#1585=ORIENTED_EDGE('',*,*,#1756,.T.);
#1586=ORIENTED_EDGE('',*,*,#1754,.T.);
#1587=ORIENTED_EDGE('',*,*,#1752,.T.);
#1588=ORIENTED_EDGE('',*,*,#1766,.T.);
#1589=ORIENTED_EDGE('',*,*,#1764,.T.);
#1590=ORIENTED_EDGE('',*,*,#1762,.T.);
#1591=ORIENTED_EDGE('',*,*,#1760,.T.);
#1592=ORIENTED_EDGE('',*,*,#1770,.F.);
#1593=ORIENTED_EDGE('',*,*,#1768,.F.);
#1594=ORIENTED_EDGE('',*,*,#1774,.F.);
#1595=ORIENTED_EDGE('',*,*,#1772,.F.);
#1596=ORIENTED_EDGE('',*,*,#1778,.F.);
#1597=ORIENTED_EDGE('',*,*,#1776,.F.);
#1598=ORIENTED_EDGE('',*,*,#1782,.F.);
#1599=ORIENTED_EDGE('',*,*,#1780,.F.);
#1600=EDGE_CURVE('',#1783,#1784,#1785,.T.);
#1601=EDGE_CURVE('',#1786,#1784,#1787,.F.);
#1602=EDGE_CURVE('',#1788,#1786,#1789,.T.);
#1603=EDGE_CURVE('',#1783,#1788,#1790,.T.);
#1604=EDGE_CURVE('',#1788,#1791,#1792,.T.);
#1605=EDGE_CURVE('',#1791,#1793,#1794,.T.);
#1606=EDGE_CURVE('',#1793,#1795,#1796,.T.);
#1607=EDGE_CURVE('',#1795,#1797,#1798,.T.);
#1608=EDGE_CURVE('',#1799,#1797,#1800,.F.);
#1609=EDGE_CURVE('',#1801,#1799,#1802,.T.);
#1610=EDGE_CURVE('',#1801,#1803,#1804,.T.);
#1611=EDGE_CURVE('',#1805,#1803,#1806,.T.);
#1612=EDGE_CURVE('',#1807,#1805,#1808,.T.);
#1613=EDGE_CURVE('',#1807,#1809,#1810,.T.);
#1614=EDGE_CURVE('',#1809,#1811,#1812,.T.);
#1615=EDGE_CURVE('',#1813,#1811,#1814,.F.);
#1616=EDGE_CURVE('',#1815,#1813,#1816,.F.);
#1617=EDGE_CURVE('',#1815,#1817,#1818,.T.);
#1618=EDGE_CURVE('',#1817,#1819,#1820,.T.);
#1619=EDGE_CURVE('',#1819,#1821,#1822,.T.);
#1620=EDGE_CURVE('',#1821,#1783,#1823,.T.);
#1621=EDGE_CURVE('',#1797,#1824,#1825,.F.);
#1622=EDGE_CURVE('',#1824,#1826,#1827,.T.);
#1623=EDGE_CURVE('',#1826,#1799,#1828,.T.);
#1624=EDGE_CURVE('',#1784,#1829,#1830,.F.);
#1625=EDGE_CURVE('',#1829,#1831,#1832,.F.);
#1626=EDGE_CURVE('',#1831,#1833,#1834,.F.);
#1627=EDGE_CURVE('',#1833,#1835,#1836,.F.);
#1628=EDGE_CURVE('',#1837,#1835,#1838,.T.);
#1629=EDGE_CURVE('',#1839,#1837,#1840,.T.);
#1630=EDGE_CURVE('',#1841,#1839,#1842,.T.);
#1631=EDGE_CURVE('',#1841,#1843,#1844,.F.);
#1632=EDGE_CURVE('',#1843,#1845,#1846,.T.);
#1633=EDGE_CURVE('',#1845,#1847,#1848,.F.);
#1634=EDGE_CURVE('',#1847,#1849,#1850,.T.);
#1635=EDGE_CURVE('',#1849,#1851,#1852,.F.);
#1636=EDGE_CURVE('',#1851,#1853,#1854,.T.);
#1637=EDGE_CURVE('',#1853,#1855,#1856,.F.);
#1638=EDGE_CURVE('',#1855,#1857,#1858,.T.);
#1639=EDGE_CURVE('',#1857,#1826,#1859,.T.);
#1640=EDGE_CURVE('',#1824,#1860,#1861,.F.);
#1641=EDGE_CURVE('',#1860,#1862,#1863,.F.);
#1642=EDGE_CURVE('',#1862,#1864,#1865,.F.);
#1643=EDGE_CURVE('',#1864,#1786,#1866,.F.);
#1644=EDGE_CURVE('',#1795,#1860,#1867,.T.);
#1645=EDGE_CURVE('',#1793,#1862,#1868,.T.);
#1646=EDGE_CURVE('',#1791,#1864,#1869,.T.);
#1647=EDGE_CURVE('',#1821,#1829,#1870,.T.);
#1648=EDGE_CURVE('',#1871,#1872,#1873,.T.);
#1649=EDGE_CURVE('',#1872,#1801,#1874,.T.);
#1650=EDGE_CURVE('',#1875,#1857,#1876,.T.);
#1651=EDGE_CURVE('',#1877,#1875,#1878,.T.);
#1652=EDGE_CURVE('',#1871,#1877,#1879,.T.);
#1653=EDGE_CURVE('',#1803,#1880,#1881,.F.);
#1654=EDGE_CURVE('',#1872,#1880,#1882,.T.);
#1655=EDGE_CURVE('',#1883,#1884,#1885,.T.);
#1656=EDGE_CURVE('',#1883,#1886,#1887,.T.);
#1657=EDGE_CURVE('',#1886,#1805,#1888,.T.);
#1658=EDGE_CURVE('',#1880,#1884,#1889,.F.);
#1659=EDGE_CURVE('',#1886,#1890,#1891,.T.);
#1660=EDGE_CURVE('',#1890,#1807,#1892,.T.);
#1661=EDGE_CURVE('',#1893,#1894,#1895,.T.);
#1662=EDGE_CURVE('',#1896,#1893,#1897,.T.);
#1663=EDGE_CURVE('',#1898,#1896,#1899,.T.);
#1664=EDGE_CURVE('',#1894,#1898,#1900,.T.);
#1665=EDGE_CURVE('',#1901,#1902,#1903,.T.);
#1666=EDGE_CURVE('',#1904,#1901,#1905,.T.);
#1667=EDGE_CURVE('',#1906,#1904,#1907,.T.);
#1668=EDGE_CURVE('',#1902,#1906,#1908,.T.);
#1669=EDGE_CURVE('',#1909,#1910,#1911,.F.);
#1670=EDGE_CURVE('',#1909,#1912,#1913,.T.);
#1671=EDGE_CURVE('',#1912,#1809,#1914,.T.);
#1672=EDGE_CURVE('',#1910,#1890,#1915,.T.);
#1673=EDGE_CURVE('',#1912,#1916,#1917,.T.);
#1674=EDGE_CURVE('',#1811,#1916,#1918,.F.);
#1675=EDGE_CURVE('',#1916,#1919,#1920,.F.);
#1676=EDGE_CURVE('',#1919,#1921,#1922,.T.);
#1677=EDGE_CURVE('',#1921,#1923,#1924,.T.);
#1678=EDGE_CURVE('',#1923,#1839,#1925,.T.);
#1679=EDGE_CURVE('',#1837,#1813,#1926,.T.);
#1680=EDGE_CURVE('',#1835,#1815,#1927,.F.);
#1681=EDGE_CURVE('',#1817,#1833,#1928,.T.);
#1682=EDGE_CURVE('',#1819,#1831,#1929,.T.);
#1683=EDGE_CURVE('',#1930,#1841,#1931,.T.);
#1684=EDGE_CURVE('',#1930,#1923,#1932,.T.);
#1685=EDGE_CURVE('',#1933,#1930,#1934,.F.);
#1686=EDGE_CURVE('',#1843,#1933,#1935,.T.);
#1687=EDGE_CURVE('',#1936,#1933,#1937,.T.);
#1688=EDGE_CURVE('',#1936,#1845,#1938,.T.);
#1689=EDGE_CURVE('',#1939,#1940,#1941,.T.);
#1690=EDGE_CURVE('',#1942,#1939,#1943,.T.);
#1691=EDGE_CURVE('',#1944,#1942,#1945,.T.);
#1692=EDGE_CURVE('',#1940,#1944,#1946,.T.);
#1693=EDGE_CURVE('',#1947,#1936,#1948,.F.);
#1694=EDGE_CURVE('',#1847,#1947,#1949,.T.);
#1695=EDGE_CURVE('',#1950,#1849,#1951,.T.);
#1696=EDGE_CURVE('',#1950,#1947,#1952,.T.);
#1697=EDGE_CURVE('',#1953,#1950,#1954,.F.);
#1698=EDGE_CURVE('',#1851,#1953,#1955,.T.);
#1699=EDGE_CURVE('',#1956,#1953,#1957,.T.);
#1700=EDGE_CURVE('',#1956,#1853,#1958,.T.);
#1701=EDGE_CURVE('',#1959,#1960,#1961,.T.);
#1702=EDGE_CURVE('',#1962,#1959,#1963,.T.);
#1703=EDGE_CURVE('',#1964,#1962,#1965,.T.);
#1704=EDGE_CURVE('',#1960,#1964,#1966,.T.);
#1705=EDGE_CURVE('',#1855,#1967,#1968,.T.);
#1706=EDGE_CURVE('',#1967,#1956,#1969,.F.);
#1707=EDGE_CURVE('',#1967,#1875,#1970,.T.);
#1708=EDGE_CURVE('',#1884,#1971,#1972,.F.);
#1709=EDGE_CURVE('',#1971,#1871,#1973,.F.);
#1710=EDGE_CURVE('',#1877,#1921,#1974,.T.);
#1711=EDGE_CURVE('',#1975,#1976,#1977,.F.);
#1712=EDGE_CURVE('',#1976,#1978,#1979,.F.);
#1713=EDGE_CURVE('',#1978,#1971,#1980,.T.);
#1714=EDGE_CURVE('',#1919,#1975,#1981,.F.);
#1715=EDGE_CURVE('',#1883,#1978,#1982,.F.);
#1716=EDGE_CURVE('',#1910,#1883,#1983,.F.);
#1717=EDGE_CURVE('',#1984,#1985,#1986,.T.);
#1718=EDGE_CURVE('',#1893,#1984,#1987,.T.);
#1719=EDGE_CURVE('',#1894,#1985,#1988,.T.);
#1720=EDGE_CURVE('',#1989,#1984,#1990,.T.);
#1721=EDGE_CURVE('',#1896,#1989,#1991,.T.);
#1722=EDGE_CURVE('',#1992,#1989,#1993,.T.);
#1723=EDGE_CURVE('',#1898,#1992,#1994,.T.);
#1724=EDGE_CURVE('',#1985,#1992,#1995,.T.);
#1725=EDGE_CURVE('',#1996,#1997,#1998,.T.);
#1726=EDGE_CURVE('',#1901,#1996,#1999,.T.);
#1727=EDGE_CURVE('',#1902,#1997,#2000,.T.);
#1728=EDGE_CURVE('',#2001,#1996,#2002,.T.);
#1729=EDGE_CURVE('',#1904,#2001,#2003,.T.);
#1730=EDGE_CURVE('',#2004,#2001,#2005,.T.);
#1731=EDGE_CURVE('',#1906,#2004,#2006,.T.);
#1732=EDGE_CURVE('',#1997,#2004,#2007,.T.);
#1733=EDGE_CURVE('',#1975,#1909,#2008,.F.);
#1734=EDGE_CURVE('',#1910,#1976,#2009,.F.);
#1735=EDGE_CURVE('',#2010,#2011,#2012,.T.);
#1736=EDGE_CURVE('',#2011,#1939,#2013,.T.);
#1737=EDGE_CURVE('',#2010,#1940,#2014,.T.);
#1738=EDGE_CURVE('',#2011,#2015,#2016,.T.);
#1739=EDGE_CURVE('',#2015,#1942,#2017,.T.);
#1740=EDGE_CURVE('',#2015,#2018,#2019,.T.);
#1741=EDGE_CURVE('',#2018,#1944,#2020,.T.);
#1742=EDGE_CURVE('',#2018,#2010,#2021,.T.);
#1743=EDGE_CURVE('',#2022,#2023,#2024,.T.);
#1744=EDGE_CURVE('',#2023,#1959,#2025,.T.);
#1745=EDGE_CURVE('',#2022,#1960,#2026,.T.);
#1746=EDGE_CURVE('',#2023,#2027,#2028,.T.);
#1747=EDGE_CURVE('',#2027,#1962,#2029,.T.);
#1748=EDGE_CURVE('',#2027,#2030,#2031,.T.);
#1749=EDGE_CURVE('',#2030,#1964,#2032,.T.);
#1750=EDGE_CURVE('',#2030,#2022,#2033,.T.);
#1751=EDGE_CURVE('',#1985,#2034,#2035,.T.);
#1752=EDGE_CURVE('',#2036,#2034,#2037,.T.);
#1753=EDGE_CURVE('',#1984,#2036,#2038,.T.);
#1754=EDGE_CURVE('',#2039,#2036,#2040,.T.);
#1755=EDGE_CURVE('',#1989,#2039,#2041,.T.);
#1756=EDGE_CURVE('',#2042,#2039,#2043,.T.);
#1757=EDGE_CURVE('',#1992,#2042,#2044,.T.);
#1758=EDGE_CURVE('',#2034,#2042,#2045,.T.);
#1759=EDGE_CURVE('',#1997,#2046,#2047,.T.);
#1760=EDGE_CURVE('',#2048,#2046,#2049,.T.);
#1761=EDGE_CURVE('',#1996,#2048,#2050,.T.);
#1762=EDGE_CURVE('',#2051,#2048,#2052,.T.);
#1763=EDGE_CURVE('',#2001,#2051,#2053,.T.);
#1764=EDGE_CURVE('',#2054,#2051,#2055,.T.);
#1765=EDGE_CURVE('',#2004,#2054,#2056,.T.);
#1766=EDGE_CURVE('',#2046,#2054,#2057,.T.);
#1767=EDGE_CURVE('',#2058,#2010,#2059,.F.);
#1768=EDGE_CURVE('',#2058,#2060,#2061,.T.);
#1769=EDGE_CURVE('',#2060,#2011,#2062,.F.);
#1770=EDGE_CURVE('',#2060,#2063,#2064,.T.);
#1771=EDGE_CURVE('',#2063,#2015,#2065,.F.);
#1772=EDGE_CURVE('',#2063,#2066,#2067,.T.);
#1773=EDGE_CURVE('',#2066,#2018,#2068,.F.);
#1774=EDGE_CURVE('',#2066,#2058,#2069,.T.);
#1775=EDGE_CURVE('',#2070,#2022,#2071,.F.);
#1776=EDGE_CURVE('',#2070,#2072,#2073,.T.);
#1777=EDGE_CURVE('',#2072,#2023,#2074,.F.);
#1778=EDGE_CURVE('',#2072,#2075,#2076,.T.);
#1779=EDGE_CURVE('',#2075,#2027,#2077,.F.);
#1780=EDGE_CURVE('',#2075,#2078,#2079,.T.);
#1781=EDGE_CURVE('',#2078,#2030,#2080,.F.);
#1782=EDGE_CURVE('',#2078,#2070,#2081,.T.);
#1783=VERTEX_POINT('',#2082);
#1784=VERTEX_POINT('',#2083);
#1785=LINE('',#2084,#2085);
#1786=VERTEX_POINT('',#2087);
#1787=LINE('',#2088,#2089);
#1788=VERTEX_POINT('',#2091);
#1789=LINE('',#2092,#2093);
#1790=LINE('',#2095,#2096);
#1791=VERTEX_POINT('',#2098);
#1792=CIRCLE('',#2099,0.6);
#1793=VERTEX_POINT('',#2103);
#1794=LINE('',#2104,#2105);
#1795=VERTEX_POINT('',#2107);
#1796=LINE('',#2108,#2109);
#1797=VERTEX_POINT('',#2111);
#1798=LINE('',#2112,#2113);
#1799=VERTEX_POINT('',#2115);
#1800=LINE('',#2116,#2117);
#1801=VERTEX_POINT('',#2119);
#1802=LINE('',#2120,#2121);
#1803=VERTEX_POINT('',#2123);
#1804=LINE('',#2124,#2125);
#1805=VERTEX_POINT('',#2127);
#1806=LINE('',#2128,#2129);
#1807=VERTEX_POINT('',#2131);
#1808=LINE('',#2132,#2133);
#1809=VERTEX_POINT('',#2135);
#1810=LINE('',#2136,#2137);
#1811=VERTEX_POINT('',#2139);
#1812=LINE('',#2140,#2141);
#1813=VERTEX_POINT('',#2143);
#1814=LINE('',#2144,#2145);
#1815=VERTEX_POINT('',#2147);
#1816=LINE('',#2148,#2149);
#1817=VERTEX_POINT('',#2151);
#1818=LINE('',#2152,#2153);
#1819=VERTEX_POINT('',#2155);
#1820=LINE('',#2156,#2157);
#1821=VERTEX_POINT('',#2159);
#1822=LINE('',#2160,#2161);
#1823=CIRCLE('',#2163,0.6);
#1824=VERTEX_POINT('',#2167);
#1825=LINE('',#2168,#2169);
#1826=VERTEX_POINT('',#2171);
#1827=LINE('',#2172,#2173);
#1828=LINE('',#2175,#2176);
#1829=VERTEX_POINT('',#2178);
#1830=CIRCLE('',#2179,0.6);
#1831=VERTEX_POINT('',#2183);
#1832=LINE('',#2184,#2185);
#1833=VERTEX_POINT('',#2187);
#1834=LINE('',#2188,#2189);
#1835=VERTEX_POINT('',#2191);
#1836=LINE('',#2192,#2193);
#1837=VERTEX_POINT('',#2195);
#1838=LINE('',#2196,#2197);
#1839=VERTEX_POINT('',#2199);
#1840=LINE('',#2200,#2201);
#1841=VERTEX_POINT('',#2203);
#1842=LINE('',#2204,#2205);
#1843=VERTEX_POINT('',#2207);
#1844=LINE('',#2208,#2209);
#1845=VERTEX_POINT('',#2211);
#1846=LINE('',#2212,#2213);
#1847=VERTEX_POINT('',#2215);
#1848=LINE('',#2216,#2217);
#1849=VERTEX_POINT('',#2219);
#1850=LINE('',#2220,#2221);
#1851=VERTEX_POINT('',#2223);
#1852=LINE('',#2224,#2225);
#1853=VERTEX_POINT('',#2227);
#1854=LINE('',#2228,#2229);
#1855=VERTEX_POINT('',#2231);
#1856=LINE('',#2232,#2233);
#1857=VERTEX_POINT('',#2235);
#1858=LINE('',#2236,#2237);
#1859=LINE('',#2239,#2240);
#1860=VERTEX_POINT('',#2242);
#1861=LINE('',#2243,#2244);
#1862=VERTEX_POINT('',#2246);
#1863=LINE('',#2247,#2248);
#1864=VERTEX_POINT('',#2250);
#1865=LINE('',#2251,#2252);
#1866=CIRCLE('',#2254,0.6);
#1867=LINE('',#2258,#2259);
#1868=LINE('',#2261,#2262);
#1869=LINE('',#2264,#2265);
#1870=LINE('',#2267,#2268);
#1871=VERTEX_POINT('',#2270);
#1872=VERTEX_POINT('',#2271);
#1873=LINE('',#2272,#2273);
#1874=LINE('',#2275,#2276);
#1875=VERTEX_POINT('',#2278);
#1876=LINE('',#2279,#2280);
#1877=VERTEX_POINT('',#2282);
#1878=LINE('',#2283,#2284);
#1879=LINE('',#2286,#2287);
#1880=VERTEX_POINT('',#2289);
#1881=LINE('',#2290,#2291);
#1882=LINE('',#2293,#2294);
#1883=VERTEX_POINT('',#2296);
#1884=VERTEX_POINT('',#2297);
#1885=LINE('',#2298,#2299);
#1886=VERTEX_POINT('',#2301);
#1887=LINE('',#2302,#2303);
#1888=LINE('',#2305,#2306);
#1889=LINE('',#2308,#2309);
#1890=VERTEX_POINT('',#2311);
#1891=LINE('',#2312,#2313);
#1892=LINE('',#2315,#2316);
#1893=VERTEX_POINT('',#2318);
#1894=VERTEX_POINT('',#2319);
#1895=LINE('',#2320,#2321);
#1896=VERTEX_POINT('',#2323);
#1897=LINE('',#2324,#2325);
#1898=VERTEX_POINT('',#2327);
#1899=LINE('',#2328,#2329);
#1900=LINE('',#2331,#2332);
#1901=VERTEX_POINT('',#2334);
#1902=VERTEX_POINT('',#2335);
#1903=LINE('',#2336,#2337);
#1904=VERTEX_POINT('',#2339);
#1905=LINE('',#2340,#2341);
#1906=VERTEX_POINT('',#2343);
#1907=LINE('',#2344,#2345);
#1908=LINE('',#2347,#2348);
#1909=VERTEX_POINT('',#2350);
#1910=VERTEX_POINT('',#2351);
#1911=LINE('',#2352,#2353);
#1912=VERTEX_POINT('',#2355);
#1913=LINE('',#2356,#2357);
#1914=LINE('',#2359,#2360);
#1915=LINE('',#2362,#2363);
#1916=VERTEX_POINT('',#2365);
#1917=LINE('',#2366,#2367);
#1918=LINE('',#2369,#2370);
#1919=VERTEX_POINT('',#2372);
#1920=LINE('',#2373,#2374);
#1921=VERTEX_POINT('',#2376);
#1922=LINE('',#2377,#2378);
#1923=VERTEX_POINT('',#2380);
#1924=LINE('',#2381,#2382);
#1925=LINE('',#2384,#2385);
#1926=LINE('',#2387,#2388);
#1927=LINE('',#2390,#2391);
#1928=LINE('',#2393,#2394);
#1929=LINE('',#2396,#2397);
#1930=VERTEX_POINT('',#2399);
#1931=LINE('',#2400,#2401);
#1932=LINE('',#2403,#2404);
#1933=VERTEX_POINT('',#2406);
#1934=LINE('',#2407,#2408);
#1935=LINE('',#2410,#2411);
#1936=VERTEX_POINT('',#2413);
#1937=LINE('',#2414,#2415);
#1938=LINE('',#2417,#2418);
#1939=VERTEX_POINT('',#2420);
#1940=VERTEX_POINT('',#2421);
#1941=LINE('',#2422,#2423);
#1942=VERTEX_POINT('',#2425);
#1943=LINE('',#2426,#2427);
#1944=VERTEX_POINT('',#2429);
#1945=LINE('',#2430,#2431);
#1946=LINE('',#2433,#2434);
#1947=VERTEX_POINT('',#2436);
#1948=LINE('',#2437,#2438);
#1949=LINE('',#2440,#2441);
#1950=VERTEX_POINT('',#2443);
#1951=LINE('',#2444,#2445);
#1952=LINE('',#2447,#2448);
#1953=VERTEX_POINT('',#2450);
#1954=LINE('',#2451,#2452);
#1955=LINE('',#2454,#2455);
#1956=VERTEX_POINT('',#2457);
#1957=LINE('',#2458,#2459);
#1958=LINE('',#2461,#2462);
#1959=VERTEX_POINT('',#2464);
#1960=VERTEX_POINT('',#2465);
#1961=LINE('',#2466,#2467);
#1962=VERTEX_POINT('',#2469);
#1963=LINE('',#2470,#2471);
#1964=VERTEX_POINT('',#2473);
#1965=LINE('',#2474,#2475);
#1966=LINE('',#2477,#2478);
#1967=VERTEX_POINT('',#2480);
#1968=LINE('',#2481,#2482);
#1969=LINE('',#2484,#2485);
#1970=LINE('',#2487,#2488);
#1971=VERTEX_POINT('',#2490);
#1972=LINE('',#2491,#2492);
#1973=LINE('',#2494,#2495);
#1974=LINE('',#2497,#2498);
#1975=VERTEX_POINT('',#2500);
#1976=VERTEX_POINT('',#2501);
#1977=LINE('',#2502,#2503);
#1978=VERTEX_POINT('',#2505);
#1979=LINE('',#2506,#2507);
#1980=LINE('',#2509,#2510);
#1981=LINE('',#2512,#2513);
#1982=LINE('',#2515,#2516);
#1983=LINE('',#2518,#2519);
#1984=VERTEX_POINT('',#2521);
#1985=VERTEX_POINT('',#2522);
#1986=LINE('',#2523,#2524);
#1987=LINE('',#2526,#2527);
#1988=LINE('',#2529,#2530);
#1989=VERTEX_POINT('',#2532);
#1990=LINE('',#2533,#2534);
#1991=LINE('',#2536,#2537);
#1992=VERTEX_POINT('',#2539);
#1993=LINE('',#2540,#2541);
#1994=LINE('',#2543,#2544);
#1995=LINE('',#2546,#2547);
#1996=VERTEX_POINT('',#2549);
#1997=VERTEX_POINT('',#2550);
#1998=LINE('',#2551,#2552);
#1999=LINE('',#2554,#2555);
#2000=LINE('',#2557,#2558);
#2001=VERTEX_POINT('',#2560);
#2002=LINE('',#2561,#2562);
#2003=LINE('',#2564,#2565);
#2004=VERTEX_POINT('',#2567);
#2005=LINE('',#2568,#2569);
#2006=LINE('',#2571,#2572);
#2007=LINE('',#2574,#2575);
#2008=LINE('',#2577,#2578);
#2009=LINE('',#2580,#2581);
#2010=VERTEX_POINT('',#2583);
#2011=VERTEX_POINT('',#2584);
#2012=LINE('',#2585,#2586);
#2013=LINE('',#2588,#2589);
#2014=LINE('',#2591,#2592);
#2015=VERTEX_POINT('',#2594);
#2016=LINE('',#2595,#2596);
#2017=LINE('',#2598,#2599);
#2018=VERTEX_POINT('',#2601);
#2019=LINE('',#2602,#2603);
#2020=LINE('',#2605,#2606);
#2021=LINE('',#2608,#2609);
#2022=VERTEX_POINT('',#2611);
#2023=VERTEX_POINT('',#2612);
#2024=LINE('',#2613,#2614);
#2025=LINE('',#2616,#2617);
#2026=LINE('',#2619,#2620);
#2027=VERTEX_POINT('',#2622);
#2028=LINE('',#2623,#2624);
#2029=LINE('',#2626,#2627);
#2030=VERTEX_POINT('',#2629);
#2031=LINE('',#2630,#2631);
#2032=LINE('',#2633,#2634);
#2033=LINE('',#2636,#2637);
#2034=VERTEX_POINT('',#2639);
#2035=LINE('',#2640,#2641);
#2036=VERTEX_POINT('',#2643);
#2037=LINE('',#2644,#2645);
#2038=LINE('',#2647,#2648);
#2039=VERTEX_POINT('',#2650);
#2040=LINE('',#2651,#2652);
#2041=LINE('',#2654,#2655);
#2042=VERTEX_POINT('',#2657);
#2043=LINE('',#2658,#2659);
#2044=LINE('',#2661,#2662);
#2045=LINE('',#2664,#2665);
#2046=VERTEX_POINT('',#2667);
#2047=LINE('',#2668,#2669);
#2048=VERTEX_POINT('',#2671);
#2049=LINE('',#2672,#2673);
#2050=LINE('',#2675,#2676);
#2051=VERTEX_POINT('',#2678);
#2052=LINE('',#2679,#2680);
#2053=LINE('',#2682,#2683);
#2054=VERTEX_POINT('',#2685);
#2055=LINE('',#2686,#2687);
#2056=LINE('',#2689,#2690);
#2057=LINE('',#2692,#2693);
#2058=VERTEX_POINT('',#2695);
#2059=LINE('',#2696,#2697);
#2060=VERTEX_POINT('',#2699);
#2061=LINE('',#2700,#2701);
#2062=LINE('',#2703,#2704);
#2063=VERTEX_POINT('',#2706);
#2064=LINE('',#2707,#2708);
#2065=LINE('',#2710,#2711);
#2066=VERTEX_POINT('',#2713);
#2067=LINE('',#2714,#2715);
#2068=LINE('',#2717,#2718);
#2069=LINE('',#2720,#2721);
#2070=VERTEX_POINT('',#2723);
#2071=LINE('',#2724,#2725);
#2072=VERTEX_POINT('',#2727);
#2073=LINE('',#2728,#2729);
#2074=LINE('',#2731,#2732);
#2075=VERTEX_POINT('',#2734);
#2076=LINE('',#2735,#2736);
#2077=LINE('',#2738,#2739);
#2078=VERTEX_POINT('',#2741);
#2079=LINE('',#2742,#2743);
#2080=LINE('',#2745,#2746);
#2081=LINE('',#2748,#2749);
#2082=CARTESIAN_POINT('',(-0.65,-1.5,3.));
#2083=CARTESIAN_POINT('',(-0.65,-2.2,3.));
#2084=CARTESIAN_POINT('',(-0.65,-1.5,3.));
#2085=VECTOR('',#2086,1.);
#2086=DIRECTION('',(0.,-1.,0.));
#2087=CARTESIAN_POINT('',(3.15,-2.2,3.));
#2088=CARTESIAN_POINT('',(-0.65,-2.2,3.));
#2089=VECTOR('',#2090,1.);
#2090=DIRECTION('',(1.,0.,0.));
#2091=CARTESIAN_POINT('',(3.15,-1.5,3.));
#2092=CARTESIAN_POINT('',(3.15,-1.5,3.));
#2093=VECTOR('',#2094,1.);
#2094=DIRECTION('',(0.,-1.,0.));
#2095=CARTESIAN_POINT('',(-0.65,-1.5,3.));
#2096=VECTOR('',#2097,1.);
#2097=DIRECTION('',(1.,0.,0.));
#2098=CARTESIAN_POINT('',(3.75,-1.5,3.6));
#2099=AXIS2_PLACEMENT_3D('',#2100,#2101,#2102);
#2100=CARTESIAN_POINT('',(3.15,-1.5,3.6));
#2101=DIRECTION('',(0.,-1.,0.));
#2102=DIRECTION('',(0.,0.,-1.));
#2103=CARTESIAN_POINT('',(3.75,-1.5,6.2));
#2104=CARTESIAN_POINT('',(3.75,-1.5,3.6));
#2105=VECTOR('',#2106,1.);
#2106=DIRECTION('',(0.,0.,1.));
#2107=CARTESIAN_POINT('',(3.35,-1.5,6.6));
#2108=CARTESIAN_POINT('',(3.75,-1.5,6.2));
#2109=VECTOR('',#2110,1.);
#2110=DIRECTION('',(-0.707106781186547,0.,0.707106781186547));
#2111=CARTESIAN_POINT('',(3.75,-1.5,7.));
#2112=CARTESIAN_POINT('',(3.35,-1.5,6.6));
#2113=VECTOR('',#2114,1.);
#2114=DIRECTION('',(0.707106781186547,0.,0.707106781186547));
#2115=CARTESIAN_POINT('',(5.,-1.5,7.));
#2116=CARTESIAN_POINT('',(3.75,-1.5,7.));
#2117=VECTOR('',#2118,1.);
#2118=DIRECTION('',(1.,-1.77635683940025E-016,0.));
#2119=CARTESIAN_POINT('',(5.,-1.5,3.));
#2120=CARTESIAN_POINT('',(5.,-1.5,3.));
#2121=VECTOR('',#2122,1.);
#2122=DIRECTION('',(0.,0.,1.));
#2123=CARTESIAN_POINT('',(4.3,-1.5,3.));
#2124=CARTESIAN_POINT('',(5.,-1.5,3.));
#2125=VECTOR('',#2126,1.);
#2126=DIRECTION('',(-1.,0.,0.));
#2127=CARTESIAN_POINT('',(4.3,-1.5,2.));
#2128=CARTESIAN_POINT('',(4.3,-1.5,2.));
#2129=VECTOR('',#2130,1.);
#2130=DIRECTION('',(0.,0.,1.));
#2131=CARTESIAN_POINT('',(-1.8,-1.5,2.));
#2132=CARTESIAN_POINT('',(-1.8,-1.5,2.));
#2133=VECTOR('',#2134,1.);
#2134=DIRECTION('',(1.,0.,0.));
#2135=CARTESIAN_POINT('',(-1.8,-1.5,3.));
#2136=CARTESIAN_POINT('',(-1.8,-1.5,2.));
#2137=VECTOR('',#2138,1.);
#2138=DIRECTION('',(0.,0.,1.));
#2139=CARTESIAN_POINT('',(-2.5,-1.5,3.));
#2140=CARTESIAN_POINT('',(-1.8,-1.5,3.));
#2141=VECTOR('',#2142,1.);
#2142=DIRECTION('',(-1.,0.,0.));
#2143=CARTESIAN_POINT('',(-2.5,-1.5,7.));
#2144=CARTESIAN_POINT('',(-2.5,-1.5,3.));
#2145=VECTOR('',#2146,1.);
#2146=DIRECTION('',(0.,0.,1.));
#2147=CARTESIAN_POINT('',(-1.25,-1.5,7.));
#2148=CARTESIAN_POINT('',(-2.5,-1.5,7.));
#2149=VECTOR('',#2150,1.);
#2150=DIRECTION('',(1.,1.77635683940025E-016,0.));
#2151=CARTESIAN_POINT('',(-0.85,-1.5,6.6));
#2152=CARTESIAN_POINT('',(-1.25,-1.5,7.));
#2153=VECTOR('',#2154,1.);
#2154=DIRECTION('',(0.707106781186547,0.,-0.707106781186548));
#2155=CARTESIAN_POINT('',(-1.25,-1.5,6.2));
#2156=CARTESIAN_POINT('',(-0.85,-1.5,6.6));
#2157=VECTOR('',#2158,1.);
#2158=DIRECTION('',(-0.707106781186547,0.,-0.707106781186548));
#2159=CARTESIAN_POINT('',(-1.25,-1.5,3.6));
#2160=CARTESIAN_POINT('',(-1.25,-1.5,6.2));
#2161=VECTOR('',#2162,1.);
#2162=DIRECTION('',(0.,0.,-1.));
#2163=AXIS2_PLACEMENT_3D('',#2164,#2165,#2166);
#2164=CARTESIAN_POINT('',(-0.65,-1.5,3.6));
#2165=DIRECTION('',(0.,-1.,0.));
#2166=DIRECTION('',(-1.,0.,0.));
#2167=CARTESIAN_POINT('',(3.75,-2.2,7.));
#2168=CARTESIAN_POINT('',(3.75,-2.2,7.));
#2169=VECTOR('',#2170,1.);
#2170=DIRECTION('',(0.,1.,0.));
#2171=CARTESIAN_POINT('',(5.,-2.2,7.));
#2172=CARTESIAN_POINT('',(3.75,-2.2,7.));
#2173=VECTOR('',#2174,1.);
#2174=DIRECTION('',(1.,0.,0.));
#2175=CARTESIAN_POINT('',(5.,-2.2,7.));
#2176=VECTOR('',#2177,1.);
#2177=DIRECTION('',(0.,1.,0.));
#2178=CARTESIAN_POINT('',(-1.25,-2.2,3.6));
#2179=AXIS2_PLACEMENT_3D('',#2180,#2181,#2182);
#2180=CARTESIAN_POINT('',(-0.65,-2.2,3.6));
#2181=DIRECTION('',(0.,-1.,0.));
#2182=DIRECTION('',(-1.,0.,0.));
#2183=CARTESIAN_POINT('',(-1.25,-2.2,6.2));
#2184=CARTESIAN_POINT('',(-1.25,-2.2,6.2));
#2185=VECTOR('',#2186,1.);
#2186=DIRECTION('',(0.,0.,-1.));
#2187=CARTESIAN_POINT('',(-0.85,-2.2,6.6));
#2188=CARTESIAN_POINT('',(-0.85,-2.2,6.6));
#2189=VECTOR('',#2190,1.);
#2190=DIRECTION('',(-0.707106781186547,0.,-0.707106781186548));
#2191=CARTESIAN_POINT('',(-1.25,-2.2,7.));
#2192=CARTESIAN_POINT('',(-1.25,-2.2,7.));
#2193=VECTOR('',#2194,1.);
#2194=DIRECTION('',(0.707106781186547,0.,-0.707106781186548));
#2195=CARTESIAN_POINT('',(-2.5,-2.2,7.));
#2196=CARTESIAN_POINT('',(-2.5,-2.2,7.));
#2197=VECTOR('',#2198,1.);
#2198=DIRECTION('',(1.,0.,0.));
#2199=CARTESIAN_POINT('',(-2.5,-2.2,0.));
#2200=CARTESIAN_POINT('',(-2.5,-2.2,0.));
#2201=VECTOR('',#2202,1.);
#2202=DIRECTION('',(0.,0.,1.));
#2203=CARTESIAN_POINT('',(-0.85,-2.2,0.));
#2204=CARTESIAN_POINT('',(-0.85,-2.2,0.));
#2205=VECTOR('',#2206,1.);
#2206=DIRECTION('',(-1.,0.,0.));
#2207=CARTESIAN_POINT('',(-0.85,-2.2,0.4));
#2208=CARTESIAN_POINT('',(-0.85,-2.2,0.4));
#2209=VECTOR('',#2210,1.);
#2210=DIRECTION('',(0.,0.,-1.));
#2211=CARTESIAN_POINT('',(0.85,-2.2,0.4));
#2212=CARTESIAN_POINT('',(-0.85,-2.2,0.4));
#2213=VECTOR('',#2214,1.);
#2214=DIRECTION('',(1.,0.,0.));
#2215=CARTESIAN_POINT('',(0.85,-2.2,0.));
#2216=CARTESIAN_POINT('',(0.85,-2.2,0.));
#2217=VECTOR('',#2218,1.);
#2218=DIRECTION('',(0.,0.,1.));
#2219=CARTESIAN_POINT('',(1.65,-2.2,0.));
#2220=CARTESIAN_POINT('',(0.85,-2.2,0.));
#2221=VECTOR('',#2222,1.);
#2222=DIRECTION('',(1.,0.,0.));
#2223=CARTESIAN_POINT('',(1.65,-2.2,0.4));
#2224=CARTESIAN_POINT('',(1.65,-2.2,0.4));
#2225=VECTOR('',#2226,1.);
#2226=DIRECTION('',(0.,0.,-1.));
#2227=CARTESIAN_POINT('',(3.35,-2.2,0.4));
#2228=CARTESIAN_POINT('',(1.65,-2.2,0.4));
#2229=VECTOR('',#2230,1.);
#2230=DIRECTION('',(1.,0.,0.));
#2231=CARTESIAN_POINT('',(3.35,-2.2,0.));
#2232=CARTESIAN_POINT('',(3.35,-2.2,0.));
#2233=VECTOR('',#2234,1.);
#2234=DIRECTION('',(0.,0.,1.));
#2235=CARTESIAN_POINT('',(5.,-2.2,0.));
#2236=CARTESIAN_POINT('',(3.35,-2.2,0.));
#2237=VECTOR('',#2238,1.);
#2238=DIRECTION('',(1.,0.,0.));
#2239=CARTESIAN_POINT('',(5.,-2.2,0.));
#2240=VECTOR('',#2241,1.);
#2241=DIRECTION('',(0.,0.,1.));
#2242=CARTESIAN_POINT('',(3.35,-2.2,6.6));
#2243=CARTESIAN_POINT('',(3.35,-2.2,6.6));
#2244=VECTOR('',#2245,1.);
#2245=DIRECTION('',(0.707106781186547,0.,0.707106781186547));
#2246=CARTESIAN_POINT('',(3.75,-2.2,6.2));
#2247=CARTESIAN_POINT('',(3.75,-2.2,6.2));
#2248=VECTOR('',#2249,1.);
#2249=DIRECTION('',(-0.707106781186547,0.,0.707106781186547));
#2250=CARTESIAN_POINT('',(3.75,-2.2,3.6));
#2251=CARTESIAN_POINT('',(3.75,-2.2,3.6));
#2252=VECTOR('',#2253,1.);
#2253=DIRECTION('',(0.,0.,1.));
#2254=AXIS2_PLACEMENT_3D('',#2255,#2256,#2257);
#2255=CARTESIAN_POINT('',(3.15,-2.2,3.6));
#2256=DIRECTION('',(0.,-1.,0.));
#2257=DIRECTION('',(0.,0.,-1.));
#2258=CARTESIAN_POINT('',(3.35,-1.5,6.6));
#2259=VECTOR('',#2260,1.);
#2260=DIRECTION('',(0.,-1.,0.));
#2261=CARTESIAN_POINT('',(3.75,-1.5,6.2));
#2262=VECTOR('',#2263,1.);
#2263=DIRECTION('',(0.,-1.,0.));
#2264=CARTESIAN_POINT('',(3.75,-1.5,3.6));
#2265=VECTOR('',#2266,1.);
#2266=DIRECTION('',(0.,-1.,0.));
#2267=CARTESIAN_POINT('',(-1.25,-1.5,3.6));
#2268=VECTOR('',#2269,1.);
#2269=DIRECTION('',(0.,-1.,0.));
#2270=CARTESIAN_POINT('',(5.,-0.4,7.));
#2271=CARTESIAN_POINT('',(5.,-0.4,3.));
#2272=CARTESIAN_POINT('',(5.,-0.4,7.));
#2273=VECTOR('',#2274,1.);
#2274=DIRECTION('',(0.,0.,-1.));
#2275=CARTESIAN_POINT('',(5.,-0.4,3.));
#2276=VECTOR('',#2277,1.);
#2277=DIRECTION('',(0.,-1.,0.));
#2278=CARTESIAN_POINT('',(5.,3.55,0.));
#2279=CARTESIAN_POINT('',(5.,3.55,0.));
#2280=VECTOR('',#2281,1.);
#2281=DIRECTION('',(0.,-1.,0.));
#2282=CARTESIAN_POINT('',(5.,3.55,7.));
#2283=CARTESIAN_POINT('',(5.,3.55,7.));
#2284=VECTOR('',#2285,1.);
#2285=DIRECTION('',(0.,0.,-1.));
#2286=CARTESIAN_POINT('',(5.,-0.4,7.));
#2287=VECTOR('',#2288,1.);
#2288=DIRECTION('',(0.,1.,0.));
#2289=CARTESIAN_POINT('',(4.3,-0.4,3.));
#2290=CARTESIAN_POINT('',(4.3,-0.4,3.));
#2291=VECTOR('',#2292,1.);
#2292=DIRECTION('',(0.,-1.,0.));
#2293=CARTESIAN_POINT('',(5.,-0.4,3.));
#2294=VECTOR('',#2295,1.);
#2295=DIRECTION('',(-1.,0.,0.));
#2296=CARTESIAN_POINT('',(4.3,2.85,6.7));
#2297=CARTESIAN_POINT('',(4.3,-0.4,6.7));
#2298=CARTESIAN_POINT('',(4.3,2.85,6.7));
#2299=VECTOR('',#2300,1.);
#2300=DIRECTION('',(0.,-1.,0.));
#2301=CARTESIAN_POINT('',(4.3,2.85,2.));
#2302=CARTESIAN_POINT('',(4.3,2.85,6.7));
#2303=VECTOR('',#2304,1.);
#2304=DIRECTION('',(0.,0.,-1.));
#2305=CARTESIAN_POINT('',(4.3,2.85,2.));
#2306=VECTOR('',#2307,1.);
#2307=DIRECTION('',(0.,-1.,0.));
#2308=CARTESIAN_POINT('',(4.3,-0.4,6.7));
#2309=VECTOR('',#2310,1.);
#2310=DIRECTION('',(0.,0.,-1.));
#2311=CARTESIAN_POINT('',(-1.8,2.85,2.));
#2312=CARTESIAN_POINT('',(4.3,2.85,2.));
#2313=VECTOR('',#2314,1.);
#2314=DIRECTION('',(-1.,0.,0.));
#2315=CARTESIAN_POINT('',(-1.8,2.85,2.));
#2316=VECTOR('',#2317,1.);
#2317=DIRECTION('',(0.,-1.,0.));
#2318=CARTESIAN_POINT('',(2.82,0.32,2.));
#2319=CARTESIAN_POINT('',(2.18,0.32,2.));
#2320=CARTESIAN_POINT('',(2.82,0.32,2.));
#2321=VECTOR('',#2322,1.);
#2322=DIRECTION('',(-1.,0.,0.));
#2323=CARTESIAN_POINT('',(2.82,-0.32,2.));
#2324=CARTESIAN_POINT('',(2.82,-0.32,2.));
#2325=VECTOR('',#2326,1.);
#2326=DIRECTION('',(0.,1.,0.));
#2327=CARTESIAN_POINT('',(2.18,-0.32,2.));
#2328=CARTESIAN_POINT('',(2.18,-0.32,2.));
#2329=VECTOR('',#2330,1.);
#2330=DIRECTION('',(1.,0.,0.));
#2331=CARTESIAN_POINT('',(2.18,0.32,2.));
#2332=VECTOR('',#2333,1.);
#2333=DIRECTION('',(0.,-1.,0.));
#2334=CARTESIAN_POINT('',(0.32,0.32,2.));
#2335=CARTESIAN_POINT('',(-0.32,0.32,2.));
#2336=CARTESIAN_POINT('',(0.32,0.32,2.));
#2337=VECTOR('',#2338,1.);
#2338=DIRECTION('',(-1.,0.,0.));
#2339=CARTESIAN_POINT('',(0.32,-0.32,2.));
#2340=CARTESIAN_POINT('',(0.32,-0.32,2.));
#2341=VECTOR('',#2342,1.);
#2342=DIRECTION('',(0.,1.,0.));
#2343=CARTESIAN_POINT('',(-0.32,-0.32,2.));
#2344=CARTESIAN_POINT('',(-0.32,-0.32,2.));
#2345=VECTOR('',#2346,1.);
#2346=DIRECTION('',(1.,0.,0.));
#2347=CARTESIAN_POINT('',(-0.32,0.32,2.));
#2348=VECTOR('',#2349,1.);
#2349=DIRECTION('',(0.,-1.,0.));
#2350=CARTESIAN_POINT('',(-1.8,-0.4,6.7));
#2351=CARTESIAN_POINT('',(-1.8,2.85,6.7));
#2352=CARTESIAN_POINT('',(-1.8,2.85,6.7));
#2353=VECTOR('',#2354,1.);
#2354=DIRECTION('',(0.,-1.,0.));
#2355=CARTESIAN_POINT('',(-1.8,-0.4,3.));
#2356=CARTESIAN_POINT('',(-1.8,-0.4,6.7));
#2357=VECTOR('',#2358,1.);
#2358=DIRECTION('',(0.,0.,-1.));
#2359=CARTESIAN_POINT('',(-1.8,-0.4,3.));
#2360=VECTOR('',#2361,1.);
#2361=DIRECTION('',(0.,-1.,0.));
#2362=CARTESIAN_POINT('',(-1.8,2.85,6.7));
#2363=VECTOR('',#2364,1.);
#2364=DIRECTION('',(0.,0.,-1.));
#2365=CARTESIAN_POINT('',(-2.5,-0.4,3.));
#2366=CARTESIAN_POINT('',(-1.8,-0.4,3.));
#2367=VECTOR('',#2368,1.);
#2368=DIRECTION('',(-1.,0.,0.));
#2369=CARTESIAN_POINT('',(-2.5,-0.4,3.));
#2370=VECTOR('',#2371,1.);
#2371=DIRECTION('',(0.,-1.,0.));
#2372=CARTESIAN_POINT('',(-2.5,-0.4,7.));
#2373=CARTESIAN_POINT('',(-2.5,-0.4,7.));
#2374=VECTOR('',#2375,1.);
#2375=DIRECTION('',(0.,0.,-1.));
#2376=CARTESIAN_POINT('',(-2.5,3.55,7.));
#2377=CARTESIAN_POINT('',(-2.5,-0.4,7.));
#2378=VECTOR('',#2379,1.);
#2379=DIRECTION('',(0.,1.,0.));
#2380=CARTESIAN_POINT('',(-2.5,3.55,0.));
#2381=CARTESIAN_POINT('',(-2.5,3.55,7.));
#2382=VECTOR('',#2383,1.);
#2383=DIRECTION('',(0.,0.,-1.));
#2384=CARTESIAN_POINT('',(-2.5,3.55,0.));
#2385=VECTOR('',#2386,1.);
#2386=DIRECTION('',(0.,-1.,0.));
#2387=CARTESIAN_POINT('',(-2.5,-2.2,7.));
#2388=VECTOR('',#2389,1.);
#2389=DIRECTION('',(0.,1.,0.));
#2390=CARTESIAN_POINT('',(-1.25,-1.5,7.));
#2391=VECTOR('',#2392,1.);
#2392=DIRECTION('',(0.,-1.,0.));
#2393=CARTESIAN_POINT('',(-0.85,-1.5,6.6));
#2394=VECTOR('',#2395,1.);
#2395=DIRECTION('',(0.,-1.,0.));
#2396=CARTESIAN_POINT('',(-1.25,-1.5,6.2));
#2397=VECTOR('',#2398,1.);
#2398=DIRECTION('',(0.,-1.,0.));
#2399=CARTESIAN_POINT('',(-0.85,3.55,0.));
#2400=CARTESIAN_POINT('',(-0.85,3.55,0.));
#2401=VECTOR('',#2402,1.);
#2402=DIRECTION('',(0.,-1.,0.));
#2403=CARTESIAN_POINT('',(-0.85,3.55,0.));
#2404=VECTOR('',#2405,1.);
#2405=DIRECTION('',(-1.,0.,0.));
#2406=CARTESIAN_POINT('',(-0.85,3.55,0.4));
#2407=CARTESIAN_POINT('',(-0.85,3.55,0.));
#2408=VECTOR('',#2409,1.);
#2409=DIRECTION('',(0.,0.,1.));
#2410=CARTESIAN_POINT('',(-0.85,-2.2,0.4));
#2411=VECTOR('',#2412,1.);
#2412=DIRECTION('',(0.,1.,0.));
#2413=CARTESIAN_POINT('',(0.85,3.55,0.4));
#2414=CARTESIAN_POINT('',(0.85,3.55,0.4));
#2415=VECTOR('',#2416,1.);
#2416=DIRECTION('',(-1.,0.,0.));
#2417=CARTESIAN_POINT('',(0.85,3.55,0.4));
#2418=VECTOR('',#2419,1.);
#2419=DIRECTION('',(0.,-1.,0.));
#2420=CARTESIAN_POINT('',(-0.32,0.32,0.4));
#2421=CARTESIAN_POINT('',(0.32,0.32,0.4));
#2422=CARTESIAN_POINT('',(-0.32,0.32,0.4));
#2423=VECTOR('',#2424,1.);
#2424=DIRECTION('',(1.,0.,0.));
#2425=CARTESIAN_POINT('',(-0.32,-0.32,0.4));
#2426=CARTESIAN_POINT('',(-0.32,-0.32,0.4));
#2427=VECTOR('',#2428,1.);
#2428=DIRECTION('',(0.,1.,0.));
#2429=CARTESIAN_POINT('',(0.32,-0.32,0.4));
#2430=CARTESIAN_POINT('',(0.32,-0.32,0.4));
#2431=VECTOR('',#2432,1.);
#2432=DIRECTION('',(-1.,0.,0.));
#2433=CARTESIAN_POINT('',(0.32,0.32,0.4));
#2434=VECTOR('',#2435,1.);
#2435=DIRECTION('',(0.,-1.,0.));
#2436=CARTESIAN_POINT('',(0.85,3.55,0.));
#2437=CARTESIAN_POINT('',(0.85,3.55,0.4));
#2438=VECTOR('',#2439,1.);
#2439=DIRECTION('',(0.,0.,-1.));
#2440=CARTESIAN_POINT('',(0.85,-2.2,0.));
#2441=VECTOR('',#2442,1.);
#2442=DIRECTION('',(0.,1.,0.));
#2443=CARTESIAN_POINT('',(1.65,3.55,0.));
#2444=CARTESIAN_POINT('',(1.65,3.55,0.));
#2445=VECTOR('',#2446,1.);
#2446=DIRECTION('',(0.,-1.,0.));
#2447=CARTESIAN_POINT('',(1.65,3.55,0.));
#2448=VECTOR('',#2449,1.);
#2449=DIRECTION('',(-1.,0.,0.));
#2450=CARTESIAN_POINT('',(1.65,3.55,0.4));
#2451=CARTESIAN_POINT('',(1.65,3.55,0.));
#2452=VECTOR('',#2453,1.);
#2453=DIRECTION('',(0.,0.,1.));
#2454=CARTESIAN_POINT('',(1.65,-2.2,0.4));
#2455=VECTOR('',#2456,1.);
#2456=DIRECTION('',(0.,1.,0.));
#2457=CARTESIAN_POINT('',(3.35,3.55,0.4));
#2458=CARTESIAN_POINT('',(3.35,3.55,0.4));
#2459=VECTOR('',#2460,1.);
#2460=DIRECTION('',(-1.,0.,0.));
#2461=CARTESIAN_POINT('',(3.35,3.55,0.4));
#2462=VECTOR('',#2463,1.);
#2463=DIRECTION('',(0.,-1.,0.));
#2464=CARTESIAN_POINT('',(2.18,0.32,0.4));
#2465=CARTESIAN_POINT('',(2.82,0.32,0.4));
#2466=CARTESIAN_POINT('',(2.18,0.32,0.4));
#2467=VECTOR('',#2468,1.);
#2468=DIRECTION('',(1.,0.,0.));
#2469=CARTESIAN_POINT('',(2.18,-0.32,0.4));
#2470=CARTESIAN_POINT('',(2.18,-0.32,0.4));
#2471=VECTOR('',#2472,1.);
#2472=DIRECTION('',(0.,1.,0.));
#2473=CARTESIAN_POINT('',(2.82,-0.32,0.4));
#2474=CARTESIAN_POINT('',(2.82,-0.32,0.4));
#2475=VECTOR('',#2476,1.);
#2476=DIRECTION('',(-1.,0.,0.));
#2477=CARTESIAN_POINT('',(2.82,0.32,0.4));
#2478=VECTOR('',#2479,1.);
#2479=DIRECTION('',(0.,-1.,0.));
#2480=CARTESIAN_POINT('',(3.35,3.55,0.));
#2481=CARTESIAN_POINT('',(3.35,-2.2,0.));
#2482=VECTOR('',#2483,1.);
#2483=DIRECTION('',(0.,1.,0.));
#2484=CARTESIAN_POINT('',(3.35,3.55,0.4));
#2485=VECTOR('',#2486,1.);
#2486=DIRECTION('',(0.,0.,-1.));
#2487=CARTESIAN_POINT('',(3.35,3.55,0.));
#2488=VECTOR('',#2489,1.);
#2489=DIRECTION('',(1.,0.,0.));
#2490=CARTESIAN_POINT('',(4.6,-0.4,7.));
#2491=CARTESIAN_POINT('',(4.6,-0.4,7.));
#2492=VECTOR('',#2493,1.);
#2493=DIRECTION('',(-0.707106781186548,0.,-0.707106781186548));
#2494=CARTESIAN_POINT('',(5.,-0.4,7.));
#2495=VECTOR('',#2496,1.);
#2496=DIRECTION('',(-1.,1.38777878078144E-016,0.));
#2497=CARTESIAN_POINT('',(5.,3.55,7.));
#2498=VECTOR('',#2499,1.);
#2499=DIRECTION('',(-1.,0.,0.));
#2500=CARTESIAN_POINT('',(-2.1,-0.4,7.));
#2501=CARTESIAN_POINT('',(-2.1,3.15,7.));
#2502=CARTESIAN_POINT('',(-2.1,3.15,7.));
#2503=VECTOR('',#2504,1.);
#2504=DIRECTION('',(1.2509555207044E-016,-1.,0.));
#2505=CARTESIAN_POINT('',(4.6,3.15,7.));
#2506=CARTESIAN_POINT('',(4.6,3.15,7.));
#2507=VECTOR('',#2508,1.);
#2508=DIRECTION('',(-1.,0.,0.));
#2509=CARTESIAN_POINT('',(4.6,3.15,7.));
#2510=VECTOR('',#2511,1.);
#2511=DIRECTION('',(0.,-1.,0.));
#2512=CARTESIAN_POINT('',(-2.1,-0.4,7.));
#2513=VECTOR('',#2514,1.);
#2514=DIRECTION('',(-1.,0.,0.));
#2515=CARTESIAN_POINT('',(4.6,3.15,7.));
#2516=VECTOR('',#2517,1.);
#2517=DIRECTION('',(-0.577350269189626,-0.577350269189626,-0.577350269189626));
#2518=CARTESIAN_POINT('',(4.3,2.85,6.7));
#2519=VECTOR('',#2520,1.);
#2520=DIRECTION('',(-1.,0.,0.));
#2521=CARTESIAN_POINT('',(2.82,0.32,6.12679491924311));
#2522=CARTESIAN_POINT('',(2.18,0.32,6.12679491924311));
#2523=CARTESIAN_POINT('',(2.82,0.32,6.12679491924311));
#2524=VECTOR('',#2525,1.);
#2525=DIRECTION('',(-1.,0.,0.));
#2526=CARTESIAN_POINT('',(2.82,0.32,2.));
#2527=VECTOR('',#2528,1.);
#2528=DIRECTION('',(0.,0.,1.));
#2529=CARTESIAN_POINT('',(2.18,0.32,2.));
#2530=VECTOR('',#2531,1.);
#2531=DIRECTION('',(0.,0.,1.));
#2532=CARTESIAN_POINT('',(2.82,-0.32,6.12679491924311));
#2533=CARTESIAN_POINT('',(2.82,-0.32,6.12679491924311));
#2534=VECTOR('',#2535,1.);
#2535=DIRECTION('',(0.,1.,0.));
#2536=CARTESIAN_POINT('',(2.82,-0.32,2.));
#2537=VECTOR('',#2538,1.);
#2538=DIRECTION('',(0.,0.,1.));
#2539=CARTESIAN_POINT('',(2.18,-0.32,6.12679491924311));
#2540=CARTESIAN_POINT('',(2.18,-0.32,6.12679491924311));
#2541=VECTOR('',#2542,1.);
#2542=DIRECTION('',(1.,0.,0.));
#2543=CARTESIAN_POINT('',(2.18,-0.32,2.));
#2544=VECTOR('',#2545,1.);
#2545=DIRECTION('',(0.,0.,1.));
#2546=CARTESIAN_POINT('',(2.18,0.32,6.12679491924311));
#2547=VECTOR('',#2548,1.);
#2548=DIRECTION('',(0.,-1.,0.));
#2549=CARTESIAN_POINT('',(0.32,0.32,6.12679491924311));
#2550=CARTESIAN_POINT('',(-0.32,0.32,6.12679491924311));
#2551=CARTESIAN_POINT('',(0.32,0.32,6.12679491924311));
#2552=VECTOR('',#2553,1.);
#2553=DIRECTION('',(-1.,0.,0.));
#2554=CARTESIAN_POINT('',(0.32,0.32,2.));
#2555=VECTOR('',#2556,1.);
#2556=DIRECTION('',(0.,0.,1.));
#2557=CARTESIAN_POINT('',(-0.32,0.32,2.));
#2558=VECTOR('',#2559,1.);
#2559=DIRECTION('',(0.,0.,1.));
#2560=CARTESIAN_POINT('',(0.32,-0.32,6.12679491924311));
#2561=CARTESIAN_POINT('',(0.32,-0.32,6.12679491924311));
#2562=VECTOR('',#2563,1.);
#2563=DIRECTION('',(0.,1.,0.));
#2564=CARTESIAN_POINT('',(0.32,-0.32,2.));
#2565=VECTOR('',#2566,1.);
#2566=DIRECTION('',(0.,0.,1.));
#2567=CARTESIAN_POINT('',(-0.32,-0.32,6.12679491924311));
#2568=CARTESIAN_POINT('',(-0.32,-0.32,6.12679491924311));
#2569=VECTOR('',#2570,1.);
#2570=DIRECTION('',(1.,0.,0.));
#2571=CARTESIAN_POINT('',(-0.32,-0.32,2.));
#2572=VECTOR('',#2573,1.);
#2573=DIRECTION('',(0.,0.,1.));
#2574=CARTESIAN_POINT('',(-0.32,0.32,6.12679491924311));
#2575=VECTOR('',#2576,1.);
#2576=DIRECTION('',(0.,-1.,0.));
#2577=CARTESIAN_POINT('',(-1.8,-0.4,6.7));
#2578=VECTOR('',#2579,1.);
#2579=DIRECTION('',(-0.707106781186549,0.,0.707106781186546));
#2580=CARTESIAN_POINT('',(-2.1,3.15,7.));
#2581=VECTOR('',#2582,1.);
#2582=DIRECTION('',(0.577350269189627,-0.577350269189626,-0.577350269189624));
#2583=CARTESIAN_POINT('',(0.32,0.32,-3.12679491924311));
#2584=CARTESIAN_POINT('',(-0.32,0.32,-3.12679491924311));
#2585=CARTESIAN_POINT('',(0.32,0.32,-3.12679491924311));
#2586=VECTOR('',#2587,1.);
#2587=DIRECTION('',(-1.,0.,0.));
#2588=CARTESIAN_POINT('',(-0.32,0.32,-3.12679491924311));
#2589=VECTOR('',#2590,1.);
#2590=DIRECTION('',(0.,0.,1.));
#2591=CARTESIAN_POINT('',(0.32,0.32,-3.12679491924311));
#2592=VECTOR('',#2593,1.);
#2593=DIRECTION('',(0.,0.,1.));
#2594=CARTESIAN_POINT('',(-0.32,-0.32,-3.12679491924311));
#2595=CARTESIAN_POINT('',(-0.32,0.32,-3.12679491924311));
#2596=VECTOR('',#2597,1.);
#2597=DIRECTION('',(0.,-1.,0.));
#2598=CARTESIAN_POINT('',(-0.32,-0.32,-3.12679491924311));
#2599=VECTOR('',#2600,1.);
#2600=DIRECTION('',(0.,0.,1.));
#2601=CARTESIAN_POINT('',(0.32,-0.32,-3.12679491924311));
#2602=CARTESIAN_POINT('',(-0.32,-0.32,-3.12679491924311));
#2603=VECTOR('',#2604,1.);
#2604=DIRECTION('',(1.,0.,0.));
#2605=CARTESIAN_POINT('',(0.32,-0.32,-3.12679491924311));
#2606=VECTOR('',#2607,1.);
#2607=DIRECTION('',(0.,0.,1.));
#2608=CARTESIAN_POINT('',(0.32,-0.32,-3.12679491924311));
#2609=VECTOR('',#2610,1.);
#2610=DIRECTION('',(0.,1.,0.));
#2611=CARTESIAN_POINT('',(2.82,0.32,-3.12679491924311));
#2612=CARTESIAN_POINT('',(2.18,0.32,-3.12679491924311));
#2613=CARTESIAN_POINT('',(2.82,0.32,-3.12679491924311));
#2614=VECTOR('',#2615,1.);
#2615=DIRECTION('',(-1.,0.,0.));
#2616=CARTESIAN_POINT('',(2.18,0.32,-3.12679491924311));
#2617=VECTOR('',#2618,1.);
#2618=DIRECTION('',(0.,0.,1.));
#2619=CARTESIAN_POINT('',(2.82,0.32,-3.12679491924311));
#2620=VECTOR('',#2621,1.);
#2621=DIRECTION('',(0.,0.,1.));
#2622=CARTESIAN_POINT('',(2.18,-0.32,-3.12679491924311));
#2623=CARTESIAN_POINT('',(2.18,0.32,-3.12679491924311));
#2624=VECTOR('',#2625,1.);
#2625=DIRECTION('',(0.,-1.,0.));
#2626=CARTESIAN_POINT('',(2.18,-0.32,-3.12679491924311));
#2627=VECTOR('',#2628,1.);
#2628=DIRECTION('',(0.,0.,1.));
#2629=CARTESIAN_POINT('',(2.82,-0.32,-3.12679491924311));
#2630=CARTESIAN_POINT('',(2.18,-0.32,-3.12679491924311));
#2631=VECTOR('',#2632,1.);
#2632=DIRECTION('',(1.,0.,0.));
#2633=CARTESIAN_POINT('',(2.82,-0.32,-3.12679491924311));
#2634=VECTOR('',#2635,1.);
#2635=DIRECTION('',(0.,0.,1.));
#2636=CARTESIAN_POINT('',(2.82,-0.32,-3.12679491924311));
#2637=VECTOR('',#2638,1.);
#2638=DIRECTION('',(0.,1.,0.));
#2639=CARTESIAN_POINT('',(2.28,0.22,6.5));
#2640=CARTESIAN_POINT('',(2.18,0.32,6.12679491924311));
#2641=VECTOR('',#2642,1.);
#2642=DIRECTION('',(0.250562807085733,-0.250562807085729,0.935113126531029));
#2643=CARTESIAN_POINT('',(2.72,0.22,6.5));
#2644=CARTESIAN_POINT('',(2.72,0.22,6.5));
#2645=VECTOR('',#2646,1.);
#2646=DIRECTION('',(-1.,1.26161707343768E-016,0.));
#2647=CARTESIAN_POINT('',(2.82,0.320000000000001,6.12679491924311));
#2648=VECTOR('',#2649,1.);
#2649=DIRECTION('',(-0.25056280708573,-0.250562807085732,0.93511312653103));
#2650=CARTESIAN_POINT('',(2.72,-0.22,6.5));
#2651=CARTESIAN_POINT('',(2.72,-0.22,6.5));
#2652=VECTOR('',#2653,1.);
#2653=DIRECTION('',(0.,1.,0.));
#2654=CARTESIAN_POINT('',(2.82,-0.32,6.12679491924311));
#2655=VECTOR('',#2656,1.);
#2656=DIRECTION('',(-0.250562807085732,0.250562807085733,0.935113126531029));
#2657=CARTESIAN_POINT('',(2.28,-0.22,6.5));
#2658=CARTESIAN_POINT('',(2.28,-0.22,6.5));
#2659=VECTOR('',#2660,1.);
#2660=DIRECTION('',(1.,0.,0.));
#2661=CARTESIAN_POINT('',(2.18,-0.320000000000001,6.12679491924311));
#2662=VECTOR('',#2663,1.);
#2663=DIRECTION('',(0.25056280708573,0.250562807085732,0.93511312653103));
#2664=CARTESIAN_POINT('',(2.28,0.22,6.5));
#2665=VECTOR('',#2666,1.);
#2666=DIRECTION('',(0.,-1.,0.));
#2667=CARTESIAN_POINT('',(-0.22,0.22,6.5));
#2668=CARTESIAN_POINT('',(-0.32,0.32,6.12679491924311));
#2669=VECTOR('',#2670,1.);
#2670=DIRECTION('',(0.250562807085732,-0.250562807085733,0.935113126531029));
#2671=CARTESIAN_POINT('',(0.22,0.22,6.5));
#2672=CARTESIAN_POINT('',(0.22,0.22,6.5));
#2673=VECTOR('',#2674,1.);
#2674=DIRECTION('',(-1.,0.,0.));
#2675=CARTESIAN_POINT('',(0.32,0.320000000000001,6.12679491924311));
#2676=VECTOR('',#2677,1.);
#2677=DIRECTION('',(-0.25056280708573,-0.250562807085732,0.93511312653103));
#2678=CARTESIAN_POINT('',(0.22,-0.22,6.5));
#2679=CARTESIAN_POINT('',(0.22,-0.22,6.5));
#2680=VECTOR('',#2681,1.);
#2681=DIRECTION('',(0.,1.,0.));
#2682=CARTESIAN_POINT('',(0.32,-0.32,6.12679491924311));
#2683=VECTOR('',#2684,1.);
#2684=DIRECTION('',(-0.250562807085732,0.250562807085733,0.935113126531029));
#2685=CARTESIAN_POINT('',(-0.22,-0.22,6.5));
#2686=CARTESIAN_POINT('',(-0.22,-0.22,6.5));
#2687=VECTOR('',#2688,1.);
#2688=DIRECTION('',(1.,0.,0.));
#2689=CARTESIAN_POINT('',(-0.32,-0.320000000000001,6.12679491924311));
#2690=VECTOR('',#2691,1.);
#2691=DIRECTION('',(0.25056280708573,0.250562807085732,0.93511312653103));
#2692=CARTESIAN_POINT('',(-0.22,0.22,6.5));
#2693=VECTOR('',#2694,1.);
#2694=DIRECTION('',(-1.26161707343768E-016,-1.,0.));
#2695=CARTESIAN_POINT('',(0.22,0.22,-3.5));
#2696=CARTESIAN_POINT('',(0.32,0.32,-3.12679491924311));
#2697=VECTOR('',#2698,1.);
#2698=DIRECTION('',(-0.250562807085732,-0.250562807085732,-0.935113126531029));
#2699=CARTESIAN_POINT('',(-0.22,0.22,-3.5));
#2700=CARTESIAN_POINT('',(0.22,0.22,-3.5));
#2701=VECTOR('',#2702,1.);
#2702=DIRECTION('',(-1.,0.,0.));
#2703=CARTESIAN_POINT('',(-0.32,0.32,-3.12679491924311));
#2704=VECTOR('',#2705,1.);
#2705=DIRECTION('',(0.250562807085731,-0.250562807085732,-0.935113126531029));
#2706=CARTESIAN_POINT('',(-0.22,-0.22,-3.5));
#2707=CARTESIAN_POINT('',(-0.22,0.22,-3.5));
#2708=VECTOR('',#2709,1.);
#2709=DIRECTION('',(-1.26161707343768E-016,-1.,0.));
#2710=CARTESIAN_POINT('',(-0.32,-0.32,-3.12679491924311));
#2711=VECTOR('',#2712,1.);
#2712=DIRECTION('',(0.250562807085732,0.250562807085732,-0.935113126531029));
#2713=CARTESIAN_POINT('',(0.22,-0.22,-3.5));
#2714=CARTESIAN_POINT('',(-0.22,-0.22,-3.5));
#2715=VECTOR('',#2716,1.);
#2716=DIRECTION('',(1.,0.,0.));
#2717=CARTESIAN_POINT('',(0.32,-0.32,-3.12679491924311));
#2718=VECTOR('',#2719,1.);
#2719=DIRECTION('',(-0.250562807085731,0.250562807085732,-0.935113126531029));
#2720=CARTESIAN_POINT('',(0.22,-0.22,-3.5));
#2721=VECTOR('',#2722,1.);
#2722=DIRECTION('',(0.,1.,0.));
#2723=CARTESIAN_POINT('',(2.72,0.22,-3.5));
#2724=CARTESIAN_POINT('',(2.82,0.32,-3.12679491924311));
#2725=VECTOR('',#2726,1.);
#2726=DIRECTION('',(-0.250562807085732,-0.250562807085732,-0.935113126531029));
#2727=CARTESIAN_POINT('',(2.28,0.22,-3.5));
#2728=CARTESIAN_POINT('',(2.72,0.22,-3.5));
#2729=VECTOR('',#2730,1.);
#2730=DIRECTION('',(-1.,1.26161707343768E-016,0.));
#2731=CARTESIAN_POINT('',(2.18,0.32,-3.12679491924311));
#2732=VECTOR('',#2733,1.);
#2733=DIRECTION('',(0.250562807085733,-0.250562807085732,-0.935113126531029));
#2734=CARTESIAN_POINT('',(2.28,-0.22,-3.5));
#2735=CARTESIAN_POINT('',(2.28,0.22,-3.5));
#2736=VECTOR('',#2737,1.);
#2737=DIRECTION('',(0.,-1.,0.));
#2738=CARTESIAN_POINT('',(2.18,-0.32,-3.12679491924311));
#2739=VECTOR('',#2740,1.);
#2740=DIRECTION('',(0.250562807085732,0.250562807085732,-0.935113126531029));
#2741=CARTESIAN_POINT('',(2.72,-0.22,-3.5));
#2742=CARTESIAN_POINT('',(2.28,-0.22,-3.5));
#2743=VECTOR('',#2744,1.);
#2744=DIRECTION('',(1.,0.,0.));
#2745=CARTESIAN_POINT('',(2.82,-0.32,-3.12679491924311));
#2746=VECTOR('',#2747,1.);
#2747=DIRECTION('',(-0.250562807085731,0.250562807085732,-0.93511312653103));
#2748=CARTESIAN_POINT('',(2.72,-0.22,-3.5));
#2749=VECTOR('',#2750,1.);
#2750=DIRECTION('',(0.,1.,0.));
ENDSEC;
END-ISO-10303-21;
