ISO-10303-21;
HEADER;
FILE_DESCRIPTION(('STEP AP214'),
    '1');
FILE_NAME('DS1069 (CWF CONNFLY)',
    '2018-04-27T07:30:06',
    ('Chugay'),
    (''),
    'ASCON STEP Converter 1.3',
    'ASCON Math Kernel',
    '');
FILE_SCHEMA(('AUTOMOTIVE_DESIGN { 1 0 10303 214 3 1 1}'));
ENDSEC;

DATA;
#1=SHAPE_REPRESENTATION('NONE',(#2),#6);
#2=AXIS2_PLACEMENT_3D('',#3,#4,#5);
#3=CARTESIAN_POINT('',(0.,0.,0.));
#4=DIRECTION('',(0.,0.,1.));
#5=DIRECTION('',(1.,0.,0.));
#6=(GEOMETRIC_REPRESENTATION_CONTEXT(3)GLOBAL_UNCERTAINTY_ASSIGNED_CONTEXT((#8))
GLOBAL_UNIT_ASSIGNED_CONTEXT((#7,#9,#10))REPRESENTATION_CONTEXT('NONE','NONE'));
#7=(LENGTH_UNIT()NAMED_UNIT(*)SI_UNIT(.MILLI.,.METRE.));
#8=UNCERTAINTY_MEASURE_WITH_UNIT(LENGTH_MEASURE(1.E-005),#7,'NONE','NONE');
#9=(NAMED_UNIT(*)PLANE_ANGLE_UNIT()SI_UNIT($,.RADIAN.));
#10=(NAMED_UNIT(*)SI_UNIT($,.STERADIAN.)SOLID_ANGLE_UNIT());
#11=SHAPE_DEFINITION_REPRESENTATION(#12,#1);
#12=PRODUCT_DEFINITION_SHAPE('NONE','NONE',#13);
#13=PRODUCT_DEFINITION('','UNSPECIFIED',#14,#22);
#14=PRODUCT_DEFINITION_FORMATION_WITH_SPECIFIED_SOURCE('ANY','UNSPECIFIED',#15,.NOT_KNOWN.);
#15=PRODUCT('','CWF-X','NONE',(#25));
#16=PERSON('UNSPECIFIED','Chugay','UNSPECIFIED',('UNSPECIFIED'),('UNSPECIFIED'),
('UNSPECIFIED'));
#17=ORGANIZATION('UNSPECIFIED','UNSPECIFIED','UNSPECIFIED');
#18=PERSON_AND_ORGANIZATION(#16,#17);
#19=PERSON_AND_ORGANIZATION_ROLE('design_owner');
#20=CC_DESIGN_PERSON_AND_ORGANIZATION_ASSIGNMENT(#18,#19,(#15));
#21=PRODUCT_RELATED_PRODUCT_CATEGORY('detail','',(#15));
#22=DESIGN_CONTEXT('detailed design',#23,'design');
#23=APPLICATION_CONTEXT('configuration controlled 3d designs of mechanical parts and assemblies');
#24=APPLICATION_PROTOCOL_DEFINITION('international standard','automotive_design',
2011,#23);
#25=MECHANICAL_CONTEXT('NONE',#23,'mechanical');
#26=CC_DESIGN_DATE_AND_TIME_ASSIGNMENT(#27,#31,(#13));
#27=DATE_AND_TIME(#28,#29);
#28=CALENDAR_DATE(0,1,1);
#29=LOCAL_TIME(0,0,0.,#30);
#30=COORDINATED_UNIVERSAL_TIME_OFFSET(0,0,.AHEAD.);
#31=DATE_TIME_ROLE('creation_date');
#32=CC_DESIGN_APPROVAL(#33,(#13));
#33=APPROVAL(#34,'UNSPECIFIED');
#34=APPROVAL_STATUS('not_yet_approved');
#35=APPROVAL_DATE_TIME(#36,#33);
#36=DATE_AND_TIME(#37,#38);
#37=CALENDAR_DATE(0,1,1);
#38=LOCAL_TIME(0,0,0.,#39);
#39=COORDINATED_UNIVERSAL_TIME_OFFSET(0,0,.AHEAD.);
#40=DERIVED_UNIT((#44,#41));
#41=DERIVED_UNIT_ELEMENT(#42,-1.);
#42=VOLUME_UNIT(#43);
#43=DIMENSIONAL_EXPONENTS(3.,0.,0.,0.,0.,0.,0.);
#44=(NAMED_UNIT($)MASS_UNIT()SI_UNIT($,.GRAM.));
#45=MANIFOLD_SOLID_BREP('',#46);
#46=CLOSED_SHELL('',(#58,#67,#76,#85,#94,#103,#112,#121,#130,#139,#148,#157,#166,
#175,#184,#193,#202,#211,#220,#229,#238,#247,#256,#265,#274,#283,#292,#301,#310,
#319,#328,#337,#346,#355,#364,#373,#382,#391,#400,#409,#418,#427,#436,#445,#454,
#463,#472,#481,#490,#499,#508,#517,#526,#535,#544,#553,#562,#571,#580,#589,#598,
#607,#616,#625,#634,#643,#652,#661,#670,#679,#688,#697,#706,#715,#724,#733,#742,
#751,#760,#769,#778,#787,#796,#805,#814,#823,#832,#841,#850,#859,#868,#877,#886,
#895,#904,#913,#922,#931,#940,#949,#958,#967,#976,#985,#994,#1003,#1012,#1021,#1030,
#1039,#1048,#1057,#1066,#1075,#1084,#1093,#1102,#1111,#1120,#1129,#1138,#1147,#1156,
#1165,#1174,#1183,#1192,#1201,#1210,#1219,#1228,#1237,#1246,#1255,#1264,#1273,#1282,
#1291,#1300,#1309,#1318,#1327,#1336));
#47=COLOUR_RGB($,1.,1.,1.);
#48=FILL_AREA_STYLE_COLOUR($,#47);
#49=FILL_AREA_STYLE($,(#48));
#50=SURFACE_STYLE_FILL_AREA(#49);
#51=SURFACE_SIDE_STYLE('',(#50));
#52=SURFACE_STYLE_USAGE(.BOTH.,#51);
#53=PRESENTATION_STYLE_ASSIGNMENT((#52));
#54=MECHANICAL_DESIGN_GEOMETRIC_PRESENTATION_REPRESENTATION('NONE',(#55,#66,#75,
#84,#93,#102,#111,#120,#129,#138,#147,#156,#165,#174,#183,#192,#201,#210,#219,#228,
#237,#246,#255,#264,#273,#282,#291,#300,#309,#318,#327,#336,#345,#354,#363,#372,
#381,#390,#399,#408,#417,#426,#435,#444,#453,#462,#471,#480,#489,#498,#507,#516,
#525,#534,#543,#552,#561,#570,#579,#588,#597,#606,#615,#624,#633,#642,#651,#660,
#669,#678,#687,#696,#705,#714,#723,#732,#741,#750,#759,#768,#777,#786,#795,#804,
#813,#822,#831,#840,#849,#858,#867,#876,#885,#894,#903,#912,#921,#930,#939,#948,
#957,#966,#975,#984,#993,#1002,#1011,#1020,#1029,#1038,#1047,#1056,#1065,#1074,#1083,
#1092,#1101,#1110,#1119,#1128,#1137,#1146,#1155,#1164,#1173,#1182,#1191,#1200,#1209,
#1218,#1227,#1236,#1245,#1254,#1263,#1272,#1281,#1290,#1299,#1308,#1317,#1326,#1335,
#1344),#6);
#55=STYLED_ITEM('',(#53),#45);
#56=ADVANCED_BREP_SHAPE_REPRESENTATION('NONE',(#45),#6);
#57=SHAPE_REPRESENTATION_RELATIONSHIP('','',#1,#56);
#58=ADVANCED_FACE('',(#1345),#1347,.F.);
#59=COLOUR_RGB($,1.,1.,1.);
#60=FILL_AREA_STYLE_COLOUR($,#59);
#61=FILL_AREA_STYLE($,(#60));
#62=SURFACE_STYLE_FILL_AREA(#61);
#63=SURFACE_SIDE_STYLE('',(#62));
#64=SURFACE_STYLE_USAGE(.BOTH.,#63);
#65=PRESENTATION_STYLE_ASSIGNMENT((#64));
#66=STYLED_ITEM('',(#65),#58);
#67=ADVANCED_FACE('',(#1352),#1354,.T.);
#68=COLOUR_RGB($,1.,1.,1.);
#69=FILL_AREA_STYLE_COLOUR($,#68);
#70=FILL_AREA_STYLE($,(#69));
#71=SURFACE_STYLE_FILL_AREA(#70);
#72=SURFACE_SIDE_STYLE('',(#71));
#73=SURFACE_STYLE_USAGE(.BOTH.,#72);
#74=PRESENTATION_STYLE_ASSIGNMENT((#73));
#75=STYLED_ITEM('',(#74),#67);
#76=ADVANCED_FACE('',(#1359),#1361,.T.);
#77=COLOUR_RGB($,1.,1.,1.);
#78=FILL_AREA_STYLE_COLOUR($,#77);
#79=FILL_AREA_STYLE($,(#78));
#80=SURFACE_STYLE_FILL_AREA(#79);
#81=SURFACE_SIDE_STYLE('',(#80));
#82=SURFACE_STYLE_USAGE(.BOTH.,#81);
#83=PRESENTATION_STYLE_ASSIGNMENT((#82));
#84=STYLED_ITEM('',(#83),#76);
#85=ADVANCED_FACE('',(#1366),#1368,.T.);
#86=COLOUR_RGB($,1.,1.,1.);
#87=FILL_AREA_STYLE_COLOUR($,#86);
#88=FILL_AREA_STYLE($,(#87));
#89=SURFACE_STYLE_FILL_AREA(#88);
#90=SURFACE_SIDE_STYLE('',(#89));
#91=SURFACE_STYLE_USAGE(.BOTH.,#90);
#92=PRESENTATION_STYLE_ASSIGNMENT((#91));
#93=STYLED_ITEM('',(#92),#85);
#94=ADVANCED_FACE('',(#1373),#1375,.F.);
#95=COLOUR_RGB($,1.,1.,1.);
#96=FILL_AREA_STYLE_COLOUR($,#95);
#97=FILL_AREA_STYLE($,(#96));
#98=SURFACE_STYLE_FILL_AREA(#97);
#99=SURFACE_SIDE_STYLE('',(#98));
#100=SURFACE_STYLE_USAGE(.BOTH.,#99);
#101=PRESENTATION_STYLE_ASSIGNMENT((#100));
#102=STYLED_ITEM('',(#101),#94);
#103=ADVANCED_FACE('',(#1380),#1382,.F.);
#104=COLOUR_RGB($,1.,1.,1.);
#105=FILL_AREA_STYLE_COLOUR($,#104);
#106=FILL_AREA_STYLE($,(#105));
#107=SURFACE_STYLE_FILL_AREA(#106);
#108=SURFACE_SIDE_STYLE('',(#107));
#109=SURFACE_STYLE_USAGE(.BOTH.,#108);
#110=PRESENTATION_STYLE_ASSIGNMENT((#109));
#111=STYLED_ITEM('',(#110),#103);
#112=ADVANCED_FACE('',(#1387),#1389,.F.);
#113=COLOUR_RGB($,1.,1.,1.);
#114=FILL_AREA_STYLE_COLOUR($,#113);
#115=FILL_AREA_STYLE($,(#114));
#116=SURFACE_STYLE_FILL_AREA(#115);
#117=SURFACE_SIDE_STYLE('',(#116));
#118=SURFACE_STYLE_USAGE(.BOTH.,#117);
#119=PRESENTATION_STYLE_ASSIGNMENT((#118));
#120=STYLED_ITEM('',(#119),#112);
#121=ADVANCED_FACE('',(#1394),#1396,.F.);
#122=COLOUR_RGB($,1.,1.,1.);
#123=FILL_AREA_STYLE_COLOUR($,#122);
#124=FILL_AREA_STYLE($,(#123));
#125=SURFACE_STYLE_FILL_AREA(#124);
#126=SURFACE_SIDE_STYLE('',(#125));
#127=SURFACE_STYLE_USAGE(.BOTH.,#126);
#128=PRESENTATION_STYLE_ASSIGNMENT((#127));
#129=STYLED_ITEM('',(#128),#121);
#130=ADVANCED_FACE('',(#1401),#1403,.F.);
#131=COLOUR_RGB($,1.,1.,1.);
#132=FILL_AREA_STYLE_COLOUR($,#131);
#133=FILL_AREA_STYLE($,(#132));
#134=SURFACE_STYLE_FILL_AREA(#133);
#135=SURFACE_SIDE_STYLE('',(#134));
#136=SURFACE_STYLE_USAGE(.BOTH.,#135);
#137=PRESENTATION_STYLE_ASSIGNMENT((#136));
#138=STYLED_ITEM('',(#137),#130);
#139=ADVANCED_FACE('',(#1408),#1410,.F.);
#140=COLOUR_RGB($,1.,1.,1.);
#141=FILL_AREA_STYLE_COLOUR($,#140);
#142=FILL_AREA_STYLE($,(#141));
#143=SURFACE_STYLE_FILL_AREA(#142);
#144=SURFACE_SIDE_STYLE('',(#143));
#145=SURFACE_STYLE_USAGE(.BOTH.,#144);
#146=PRESENTATION_STYLE_ASSIGNMENT((#145));
#147=STYLED_ITEM('',(#146),#139);
#148=ADVANCED_FACE('',(#1415),#1417,.T.);
#149=COLOUR_RGB($,1.,1.,1.);
#150=FILL_AREA_STYLE_COLOUR($,#149);
#151=FILL_AREA_STYLE($,(#150));
#152=SURFACE_STYLE_FILL_AREA(#151);
#153=SURFACE_SIDE_STYLE('',(#152));
#154=SURFACE_STYLE_USAGE(.BOTH.,#153);
#155=PRESENTATION_STYLE_ASSIGNMENT((#154));
#156=STYLED_ITEM('',(#155),#148);
#157=ADVANCED_FACE('',(#1422),#1424,.F.);
#158=COLOUR_RGB($,1.,1.,1.);
#159=FILL_AREA_STYLE_COLOUR($,#158);
#160=FILL_AREA_STYLE($,(#159));
#161=SURFACE_STYLE_FILL_AREA(#160);
#162=SURFACE_SIDE_STYLE('',(#161));
#163=SURFACE_STYLE_USAGE(.BOTH.,#162);
#164=PRESENTATION_STYLE_ASSIGNMENT((#163));
#165=STYLED_ITEM('',(#164),#157);
#166=ADVANCED_FACE('',(#1429),#1431,.F.);
#167=COLOUR_RGB($,1.,1.,1.);
#168=FILL_AREA_STYLE_COLOUR($,#167);
#169=FILL_AREA_STYLE($,(#168));
#170=SURFACE_STYLE_FILL_AREA(#169);
#171=SURFACE_SIDE_STYLE('',(#170));
#172=SURFACE_STYLE_USAGE(.BOTH.,#171);
#173=PRESENTATION_STYLE_ASSIGNMENT((#172));
#174=STYLED_ITEM('',(#173),#166);
#175=ADVANCED_FACE('',(#1436,#1438,#1440,#1442,#1444,#1446),#1448,.T.);
#176=COLOUR_RGB($,1.,1.,1.);
#177=FILL_AREA_STYLE_COLOUR($,#176);
#178=FILL_AREA_STYLE($,(#177));
#179=SURFACE_STYLE_FILL_AREA(#178);
#180=SURFACE_SIDE_STYLE('',(#179));
#181=SURFACE_STYLE_USAGE(.BOTH.,#180);
#182=PRESENTATION_STYLE_ASSIGNMENT((#181));
#183=STYLED_ITEM('',(#182),#175);
#184=ADVANCED_FACE('',(#1453),#1455,.F.);
#185=COLOUR_RGB($,1.,1.,1.);
#186=FILL_AREA_STYLE_COLOUR($,#185);
#187=FILL_AREA_STYLE($,(#186));
#188=SURFACE_STYLE_FILL_AREA(#187);
#189=SURFACE_SIDE_STYLE('',(#188));
#190=SURFACE_STYLE_USAGE(.BOTH.,#189);
#191=PRESENTATION_STYLE_ASSIGNMENT((#190));
#192=STYLED_ITEM('',(#191),#184);
#193=ADVANCED_FACE('',(#1460),#1462,.F.);
#194=COLOUR_RGB($,1.,1.,1.);
#195=FILL_AREA_STYLE_COLOUR($,#194);
#196=FILL_AREA_STYLE($,(#195));
#197=SURFACE_STYLE_FILL_AREA(#196);
#198=SURFACE_SIDE_STYLE('',(#197));
#199=SURFACE_STYLE_USAGE(.BOTH.,#198);
#200=PRESENTATION_STYLE_ASSIGNMENT((#199));
#201=STYLED_ITEM('',(#200),#193);
#202=ADVANCED_FACE('',(#1467),#1469,.T.);
#203=COLOUR_RGB($,1.,1.,1.);
#204=FILL_AREA_STYLE_COLOUR($,#203);
#205=FILL_AREA_STYLE($,(#204));
#206=SURFACE_STYLE_FILL_AREA(#205);
#207=SURFACE_SIDE_STYLE('',(#206));
#208=SURFACE_STYLE_USAGE(.BOTH.,#207);
#209=PRESENTATION_STYLE_ASSIGNMENT((#208));
#210=STYLED_ITEM('',(#209),#202);
#211=ADVANCED_FACE('',(#1474),#1476,.T.);
#212=COLOUR_RGB($,1.,1.,1.);
#213=FILL_AREA_STYLE_COLOUR($,#212);
#214=FILL_AREA_STYLE($,(#213));
#215=SURFACE_STYLE_FILL_AREA(#214);
#216=SURFACE_SIDE_STYLE('',(#215));
#217=SURFACE_STYLE_USAGE(.BOTH.,#216);
#218=PRESENTATION_STYLE_ASSIGNMENT((#217));
#219=STYLED_ITEM('',(#218),#211);
#220=ADVANCED_FACE('',(#1481),#1483,.F.);
#221=COLOUR_RGB($,1.,1.,1.);
#222=FILL_AREA_STYLE_COLOUR($,#221);
#223=FILL_AREA_STYLE($,(#222));
#224=SURFACE_STYLE_FILL_AREA(#223);
#225=SURFACE_SIDE_STYLE('',(#224));
#226=SURFACE_STYLE_USAGE(.BOTH.,#225);
#227=PRESENTATION_STYLE_ASSIGNMENT((#226));
#228=STYLED_ITEM('',(#227),#220);
#229=ADVANCED_FACE('',(#1488),#1490,.F.);
#230=COLOUR_RGB($,1.,1.,1.);
#231=FILL_AREA_STYLE_COLOUR($,#230);
#232=FILL_AREA_STYLE($,(#231));
#233=SURFACE_STYLE_FILL_AREA(#232);
#234=SURFACE_SIDE_STYLE('',(#233));
#235=SURFACE_STYLE_USAGE(.BOTH.,#234);
#236=PRESENTATION_STYLE_ASSIGNMENT((#235));
#237=STYLED_ITEM('',(#236),#229);
#238=ADVANCED_FACE('',(#1495),#1497,.F.);
#239=COLOUR_RGB($,1.,1.,1.);
#240=FILL_AREA_STYLE_COLOUR($,#239);
#241=FILL_AREA_STYLE($,(#240));
#242=SURFACE_STYLE_FILL_AREA(#241);
#243=SURFACE_SIDE_STYLE('',(#242));
#244=SURFACE_STYLE_USAGE(.BOTH.,#243);
#245=PRESENTATION_STYLE_ASSIGNMENT((#244));
#246=STYLED_ITEM('',(#245),#238);
#247=ADVANCED_FACE('',(#1502),#1504,.F.);
#248=COLOUR_RGB($,1.,1.,1.);
#249=FILL_AREA_STYLE_COLOUR($,#248);
#250=FILL_AREA_STYLE($,(#249));
#251=SURFACE_STYLE_FILL_AREA(#250);
#252=SURFACE_SIDE_STYLE('',(#251));
#253=SURFACE_STYLE_USAGE(.BOTH.,#252);
#254=PRESENTATION_STYLE_ASSIGNMENT((#253));
#255=STYLED_ITEM('',(#254),#247);
#256=ADVANCED_FACE('',(#1509),#1511,.F.);
#257=COLOUR_RGB($,1.,1.,1.);
#258=FILL_AREA_STYLE_COLOUR($,#257);
#259=FILL_AREA_STYLE($,(#258));
#260=SURFACE_STYLE_FILL_AREA(#259);
#261=SURFACE_SIDE_STYLE('',(#260));
#262=SURFACE_STYLE_USAGE(.BOTH.,#261);
#263=PRESENTATION_STYLE_ASSIGNMENT((#262));
#264=STYLED_ITEM('',(#263),#256);
#265=ADVANCED_FACE('',(#1516),#1518,.F.);
#266=COLOUR_RGB($,1.,1.,1.);
#267=FILL_AREA_STYLE_COLOUR($,#266);
#268=FILL_AREA_STYLE($,(#267));
#269=SURFACE_STYLE_FILL_AREA(#268);
#270=SURFACE_SIDE_STYLE('',(#269));
#271=SURFACE_STYLE_USAGE(.BOTH.,#270);
#272=PRESENTATION_STYLE_ASSIGNMENT((#271));
#273=STYLED_ITEM('',(#272),#265);
#274=ADVANCED_FACE('',(#1523),#1525,.F.);
#275=COLOUR_RGB($,1.,1.,1.);
#276=FILL_AREA_STYLE_COLOUR($,#275);
#277=FILL_AREA_STYLE($,(#276));
#278=SURFACE_STYLE_FILL_AREA(#277);
#279=SURFACE_SIDE_STYLE('',(#278));
#280=SURFACE_STYLE_USAGE(.BOTH.,#279);
#281=PRESENTATION_STYLE_ASSIGNMENT((#280));
#282=STYLED_ITEM('',(#281),#274);
#283=ADVANCED_FACE('',(#1530),#1532,.F.);
#284=COLOUR_RGB($,1.,1.,1.);
#285=FILL_AREA_STYLE_COLOUR($,#284);
#286=FILL_AREA_STYLE($,(#285));
#287=SURFACE_STYLE_FILL_AREA(#286);
#288=SURFACE_SIDE_STYLE('',(#287));
#289=SURFACE_STYLE_USAGE(.BOTH.,#288);
#290=PRESENTATION_STYLE_ASSIGNMENT((#289));
#291=STYLED_ITEM('',(#290),#283);
#292=ADVANCED_FACE('',(#1537,#1539),#1541,.T.);
#293=COLOUR_RGB($,1.,1.,1.);
#294=FILL_AREA_STYLE_COLOUR($,#293);
#295=FILL_AREA_STYLE($,(#294));
#296=SURFACE_STYLE_FILL_AREA(#295);
#297=SURFACE_SIDE_STYLE('',(#296));
#298=SURFACE_STYLE_USAGE(.BOTH.,#297);
#299=PRESENTATION_STYLE_ASSIGNMENT((#298));
#300=STYLED_ITEM('',(#299),#292);
#301=ADVANCED_FACE('',(#1546),#1548,.F.);
#302=COLOUR_RGB($,1.,1.,1.);
#303=FILL_AREA_STYLE_COLOUR($,#302);
#304=FILL_AREA_STYLE($,(#303));
#305=SURFACE_STYLE_FILL_AREA(#304);
#306=SURFACE_SIDE_STYLE('',(#305));
#307=SURFACE_STYLE_USAGE(.BOTH.,#306);
#308=PRESENTATION_STYLE_ASSIGNMENT((#307));
#309=STYLED_ITEM('',(#308),#301);
#310=ADVANCED_FACE('',(#1553),#1555,.F.);
#311=COLOUR_RGB($,1.,1.,1.);
#312=FILL_AREA_STYLE_COLOUR($,#311);
#313=FILL_AREA_STYLE($,(#312));
#314=SURFACE_STYLE_FILL_AREA(#313);
#315=SURFACE_SIDE_STYLE('',(#314));
#316=SURFACE_STYLE_USAGE(.BOTH.,#315);
#317=PRESENTATION_STYLE_ASSIGNMENT((#316));
#318=STYLED_ITEM('',(#317),#310);
#319=ADVANCED_FACE('',(#1560),#1562,.F.);
#320=COLOUR_RGB($,1.,1.,1.);
#321=FILL_AREA_STYLE_COLOUR($,#320);
#322=FILL_AREA_STYLE($,(#321));
#323=SURFACE_STYLE_FILL_AREA(#322);
#324=SURFACE_SIDE_STYLE('',(#323));
#325=SURFACE_STYLE_USAGE(.BOTH.,#324);
#326=PRESENTATION_STYLE_ASSIGNMENT((#325));
#327=STYLED_ITEM('',(#326),#319);
#328=ADVANCED_FACE('',(#1567,#1569),#1571,.T.);
#329=COLOUR_RGB($,1.,1.,1.);
#330=FILL_AREA_STYLE_COLOUR($,#329);
#331=FILL_AREA_STYLE($,(#330));
#332=SURFACE_STYLE_FILL_AREA(#331);
#333=SURFACE_SIDE_STYLE('',(#332));
#334=SURFACE_STYLE_USAGE(.BOTH.,#333);
#335=PRESENTATION_STYLE_ASSIGNMENT((#334));
#336=STYLED_ITEM('',(#335),#328);
#337=ADVANCED_FACE('',(#1576),#1578,.F.);
#338=COLOUR_RGB($,1.,1.,1.);
#339=FILL_AREA_STYLE_COLOUR($,#338);
#340=FILL_AREA_STYLE($,(#339));
#341=SURFACE_STYLE_FILL_AREA(#340);
#342=SURFACE_SIDE_STYLE('',(#341));
#343=SURFACE_STYLE_USAGE(.BOTH.,#342);
#344=PRESENTATION_STYLE_ASSIGNMENT((#343));
#345=STYLED_ITEM('',(#344),#337);
#346=ADVANCED_FACE('',(#1583),#1585,.F.);
#347=COLOUR_RGB($,1.,1.,1.);
#348=FILL_AREA_STYLE_COLOUR($,#347);
#349=FILL_AREA_STYLE($,(#348));
#350=SURFACE_STYLE_FILL_AREA(#349);
#351=SURFACE_SIDE_STYLE('',(#350));
#352=SURFACE_STYLE_USAGE(.BOTH.,#351);
#353=PRESENTATION_STYLE_ASSIGNMENT((#352));
#354=STYLED_ITEM('',(#353),#346);
#355=ADVANCED_FACE('',(#1590),#1592,.F.);
#356=COLOUR_RGB($,1.,1.,1.);
#357=FILL_AREA_STYLE_COLOUR($,#356);
#358=FILL_AREA_STYLE($,(#357));
#359=SURFACE_STYLE_FILL_AREA(#358);
#360=SURFACE_SIDE_STYLE('',(#359));
#361=SURFACE_STYLE_USAGE(.BOTH.,#360);
#362=PRESENTATION_STYLE_ASSIGNMENT((#361));
#363=STYLED_ITEM('',(#362),#355);
#364=ADVANCED_FACE('',(#1597,#1599),#1601,.T.);
#365=COLOUR_RGB($,1.,1.,1.);
#366=FILL_AREA_STYLE_COLOUR($,#365);
#367=FILL_AREA_STYLE($,(#366));
#368=SURFACE_STYLE_FILL_AREA(#367);
#369=SURFACE_SIDE_STYLE('',(#368));
#370=SURFACE_STYLE_USAGE(.BOTH.,#369);
#371=PRESENTATION_STYLE_ASSIGNMENT((#370));
#372=STYLED_ITEM('',(#371),#364);
#373=ADVANCED_FACE('',(#1606),#1608,.F.);
#374=COLOUR_RGB($,1.,1.,1.);
#375=FILL_AREA_STYLE_COLOUR($,#374);
#376=FILL_AREA_STYLE($,(#375));
#377=SURFACE_STYLE_FILL_AREA(#376);
#378=SURFACE_SIDE_STYLE('',(#377));
#379=SURFACE_STYLE_USAGE(.BOTH.,#378);
#380=PRESENTATION_STYLE_ASSIGNMENT((#379));
#381=STYLED_ITEM('',(#380),#373);
#382=ADVANCED_FACE('',(#1613),#1615,.F.);
#383=COLOUR_RGB($,1.,1.,1.);
#384=FILL_AREA_STYLE_COLOUR($,#383);
#385=FILL_AREA_STYLE($,(#384));
#386=SURFACE_STYLE_FILL_AREA(#385);
#387=SURFACE_SIDE_STYLE('',(#386));
#388=SURFACE_STYLE_USAGE(.BOTH.,#387);
#389=PRESENTATION_STYLE_ASSIGNMENT((#388));
#390=STYLED_ITEM('',(#389),#382);
#391=ADVANCED_FACE('',(#1620),#1622,.F.);
#392=COLOUR_RGB($,1.,1.,1.);
#393=FILL_AREA_STYLE_COLOUR($,#392);
#394=FILL_AREA_STYLE($,(#393));
#395=SURFACE_STYLE_FILL_AREA(#394);
#396=SURFACE_SIDE_STYLE('',(#395));
#397=SURFACE_STYLE_USAGE(.BOTH.,#396);
#398=PRESENTATION_STYLE_ASSIGNMENT((#397));
#399=STYLED_ITEM('',(#398),#391);
#400=ADVANCED_FACE('',(#1627,#1629),#1631,.T.);
#401=COLOUR_RGB($,1.,1.,1.);
#402=FILL_AREA_STYLE_COLOUR($,#401);
#403=FILL_AREA_STYLE($,(#402));
#404=SURFACE_STYLE_FILL_AREA(#403);
#405=SURFACE_SIDE_STYLE('',(#404));
#406=SURFACE_STYLE_USAGE(.BOTH.,#405);
#407=PRESENTATION_STYLE_ASSIGNMENT((#406));
#408=STYLED_ITEM('',(#407),#400);
#409=ADVANCED_FACE('',(#1636),#1638,.F.);
#410=COLOUR_RGB($,1.,1.,1.);
#411=FILL_AREA_STYLE_COLOUR($,#410);
#412=FILL_AREA_STYLE($,(#411));
#413=SURFACE_STYLE_FILL_AREA(#412);
#414=SURFACE_SIDE_STYLE('',(#413));
#415=SURFACE_STYLE_USAGE(.BOTH.,#414);
#416=PRESENTATION_STYLE_ASSIGNMENT((#415));
#417=STYLED_ITEM('',(#416),#409);
#418=ADVANCED_FACE('',(#1643),#1645,.F.);
#419=COLOUR_RGB($,1.,1.,1.);
#420=FILL_AREA_STYLE_COLOUR($,#419);
#421=FILL_AREA_STYLE($,(#420));
#422=SURFACE_STYLE_FILL_AREA(#421);
#423=SURFACE_SIDE_STYLE('',(#422));
#424=SURFACE_STYLE_USAGE(.BOTH.,#423);
#425=PRESENTATION_STYLE_ASSIGNMENT((#424));
#426=STYLED_ITEM('',(#425),#418);
#427=ADVANCED_FACE('',(#1650),#1652,.F.);
#428=COLOUR_RGB($,1.,1.,1.);
#429=FILL_AREA_STYLE_COLOUR($,#428);
#430=FILL_AREA_STYLE($,(#429));
#431=SURFACE_STYLE_FILL_AREA(#430);
#432=SURFACE_SIDE_STYLE('',(#431));
#433=SURFACE_STYLE_USAGE(.BOTH.,#432);
#434=PRESENTATION_STYLE_ASSIGNMENT((#433));
#435=STYLED_ITEM('',(#434),#427);
#436=ADVANCED_FACE('',(#1657,#1659),#1661,.T.);
#437=COLOUR_RGB($,1.,1.,1.);
#438=FILL_AREA_STYLE_COLOUR($,#437);
#439=FILL_AREA_STYLE($,(#438));
#440=SURFACE_STYLE_FILL_AREA(#439);
#441=SURFACE_SIDE_STYLE('',(#440));
#442=SURFACE_STYLE_USAGE(.BOTH.,#441);
#443=PRESENTATION_STYLE_ASSIGNMENT((#442));
#444=STYLED_ITEM('',(#443),#436);
#445=ADVANCED_FACE('',(#1666),#1668,.F.);
#446=COLOUR_RGB($,1.,1.,1.);
#447=FILL_AREA_STYLE_COLOUR($,#446);
#448=FILL_AREA_STYLE($,(#447));
#449=SURFACE_STYLE_FILL_AREA(#448);
#450=SURFACE_SIDE_STYLE('',(#449));
#451=SURFACE_STYLE_USAGE(.BOTH.,#450);
#452=PRESENTATION_STYLE_ASSIGNMENT((#451));
#453=STYLED_ITEM('',(#452),#445);
#454=ADVANCED_FACE('',(#1673),#1675,.F.);
#455=COLOUR_RGB($,1.,1.,1.);
#456=FILL_AREA_STYLE_COLOUR($,#455);
#457=FILL_AREA_STYLE($,(#456));
#458=SURFACE_STYLE_FILL_AREA(#457);
#459=SURFACE_SIDE_STYLE('',(#458));
#460=SURFACE_STYLE_USAGE(.BOTH.,#459);
#461=PRESENTATION_STYLE_ASSIGNMENT((#460));
#462=STYLED_ITEM('',(#461),#454);
#463=ADVANCED_FACE('',(#1680),#1682,.F.);
#464=COLOUR_RGB($,1.,1.,1.);
#465=FILL_AREA_STYLE_COLOUR($,#464);
#466=FILL_AREA_STYLE($,(#465));
#467=SURFACE_STYLE_FILL_AREA(#466);
#468=SURFACE_SIDE_STYLE('',(#467));
#469=SURFACE_STYLE_USAGE(.BOTH.,#468);
#470=PRESENTATION_STYLE_ASSIGNMENT((#469));
#471=STYLED_ITEM('',(#470),#463);
#472=ADVANCED_FACE('',(#1687),#1689,.T.);
#473=COLOUR_RGB($,1.,1.,1.);
#474=FILL_AREA_STYLE_COLOUR($,#473);
#475=FILL_AREA_STYLE($,(#474));
#476=SURFACE_STYLE_FILL_AREA(#475);
#477=SURFACE_SIDE_STYLE('',(#476));
#478=SURFACE_STYLE_USAGE(.BOTH.,#477);
#479=PRESENTATION_STYLE_ASSIGNMENT((#478));
#480=STYLED_ITEM('',(#479),#472);
#481=ADVANCED_FACE('',(#1694),#1696,.T.);
#482=COLOUR_RGB($,1.,1.,1.);
#483=FILL_AREA_STYLE_COLOUR($,#482);
#484=FILL_AREA_STYLE($,(#483));
#485=SURFACE_STYLE_FILL_AREA(#484);
#486=SURFACE_SIDE_STYLE('',(#485));
#487=SURFACE_STYLE_USAGE(.BOTH.,#486);
#488=PRESENTATION_STYLE_ASSIGNMENT((#487));
#489=STYLED_ITEM('',(#488),#481);
#490=ADVANCED_FACE('',(#1701),#1703,.F.);
#491=COLOUR_RGB($,1.,1.,1.);
#492=FILL_AREA_STYLE_COLOUR($,#491);
#493=FILL_AREA_STYLE($,(#492));
#494=SURFACE_STYLE_FILL_AREA(#493);
#495=SURFACE_SIDE_STYLE('',(#494));
#496=SURFACE_STYLE_USAGE(.BOTH.,#495);
#497=PRESENTATION_STYLE_ASSIGNMENT((#496));
#498=STYLED_ITEM('',(#497),#490);
#499=ADVANCED_FACE('',(#1708),#1710,.F.);
#500=COLOUR_RGB($,1.,1.,1.);
#501=FILL_AREA_STYLE_COLOUR($,#500);
#502=FILL_AREA_STYLE($,(#501));
#503=SURFACE_STYLE_FILL_AREA(#502);
#504=SURFACE_SIDE_STYLE('',(#503));
#505=SURFACE_STYLE_USAGE(.BOTH.,#504);
#506=PRESENTATION_STYLE_ASSIGNMENT((#505));
#507=STYLED_ITEM('',(#506),#499);
#508=ADVANCED_FACE('',(#1715),#1717,.T.);
#509=COLOUR_RGB($,1.,0.843137254901961,0.);
#510=FILL_AREA_STYLE_COLOUR($,#509);
#511=FILL_AREA_STYLE($,(#510));
#512=SURFACE_STYLE_FILL_AREA(#511);
#513=SURFACE_SIDE_STYLE('',(#512));
#514=SURFACE_STYLE_USAGE(.BOTH.,#513);
#515=PRESENTATION_STYLE_ASSIGNMENT((#514));
#516=STYLED_ITEM('',(#515),#508);
#517=ADVANCED_FACE('',(#1722),#1724,.T.);
#518=COLOUR_RGB($,1.,0.843137254901961,0.);
#519=FILL_AREA_STYLE_COLOUR($,#518);
#520=FILL_AREA_STYLE($,(#519));
#521=SURFACE_STYLE_FILL_AREA(#520);
#522=SURFACE_SIDE_STYLE('',(#521));
#523=SURFACE_STYLE_USAGE(.BOTH.,#522);
#524=PRESENTATION_STYLE_ASSIGNMENT((#523));
#525=STYLED_ITEM('',(#524),#517);
#526=ADVANCED_FACE('',(#1729),#1731,.T.);
#527=COLOUR_RGB($,1.,0.843137254901961,0.);
#528=FILL_AREA_STYLE_COLOUR($,#527);
#529=FILL_AREA_STYLE($,(#528));
#530=SURFACE_STYLE_FILL_AREA(#529);
#531=SURFACE_SIDE_STYLE('',(#530));
#532=SURFACE_STYLE_USAGE(.BOTH.,#531);
#533=PRESENTATION_STYLE_ASSIGNMENT((#532));
#534=STYLED_ITEM('',(#533),#526);
#535=ADVANCED_FACE('',(#1736),#1738,.T.);
#536=COLOUR_RGB($,1.,0.843137254901961,0.);
#537=FILL_AREA_STYLE_COLOUR($,#536);
#538=FILL_AREA_STYLE($,(#537));
#539=SURFACE_STYLE_FILL_AREA(#538);
#540=SURFACE_SIDE_STYLE('',(#539));
#541=SURFACE_STYLE_USAGE(.BOTH.,#540);
#542=PRESENTATION_STYLE_ASSIGNMENT((#541));
#543=STYLED_ITEM('',(#542),#535);
#544=ADVANCED_FACE('',(#1743),#1745,.T.);
#545=COLOUR_RGB($,1.,0.843137254901961,0.);
#546=FILL_AREA_STYLE_COLOUR($,#545);
#547=FILL_AREA_STYLE($,(#546));
#548=SURFACE_STYLE_FILL_AREA(#547);
#549=SURFACE_SIDE_STYLE('',(#548));
#550=SURFACE_STYLE_USAGE(.BOTH.,#549);
#551=PRESENTATION_STYLE_ASSIGNMENT((#550));
#552=STYLED_ITEM('',(#551),#544);
#553=ADVANCED_FACE('',(#1750),#1752,.T.);
#554=COLOUR_RGB($,1.,0.843137254901961,0.);
#555=FILL_AREA_STYLE_COLOUR($,#554);
#556=FILL_AREA_STYLE($,(#555));
#557=SURFACE_STYLE_FILL_AREA(#556);
#558=SURFACE_SIDE_STYLE('',(#557));
#559=SURFACE_STYLE_USAGE(.BOTH.,#558);
#560=PRESENTATION_STYLE_ASSIGNMENT((#559));
#561=STYLED_ITEM('',(#560),#553);
#562=ADVANCED_FACE('',(#1757),#1759,.T.);
#563=COLOUR_RGB($,1.,0.843137254901961,0.);
#564=FILL_AREA_STYLE_COLOUR($,#563);
#565=FILL_AREA_STYLE($,(#564));
#566=SURFACE_STYLE_FILL_AREA(#565);
#567=SURFACE_SIDE_STYLE('',(#566));
#568=SURFACE_STYLE_USAGE(.BOTH.,#567);
#569=PRESENTATION_STYLE_ASSIGNMENT((#568));
#570=STYLED_ITEM('',(#569),#562);
#571=ADVANCED_FACE('',(#1764),#1766,.T.);
#572=COLOUR_RGB($,1.,0.843137254901961,0.);
#573=FILL_AREA_STYLE_COLOUR($,#572);
#574=FILL_AREA_STYLE($,(#573));
#575=SURFACE_STYLE_FILL_AREA(#574);
#576=SURFACE_SIDE_STYLE('',(#575));
#577=SURFACE_STYLE_USAGE(.BOTH.,#576);
#578=PRESENTATION_STYLE_ASSIGNMENT((#577));
#579=STYLED_ITEM('',(#578),#571);
#580=ADVANCED_FACE('',(#1771),#1773,.T.);
#581=COLOUR_RGB($,1.,0.843137254901961,0.);
#582=FILL_AREA_STYLE_COLOUR($,#581);
#583=FILL_AREA_STYLE($,(#582));
#584=SURFACE_STYLE_FILL_AREA(#583);
#585=SURFACE_SIDE_STYLE('',(#584));
#586=SURFACE_STYLE_USAGE(.BOTH.,#585);
#587=PRESENTATION_STYLE_ASSIGNMENT((#586));
#588=STYLED_ITEM('',(#587),#580);
#589=ADVANCED_FACE('',(#1778),#1780,.T.);
#590=COLOUR_RGB($,1.,0.843137254901961,0.);
#591=FILL_AREA_STYLE_COLOUR($,#590);
#592=FILL_AREA_STYLE($,(#591));
#593=SURFACE_STYLE_FILL_AREA(#592);
#594=SURFACE_SIDE_STYLE('',(#593));
#595=SURFACE_STYLE_USAGE(.BOTH.,#594);
#596=PRESENTATION_STYLE_ASSIGNMENT((#595));
#597=STYLED_ITEM('',(#596),#589);
#598=ADVANCED_FACE('',(#1785),#1787,.T.);
#599=COLOUR_RGB($,1.,0.843137254901961,0.);
#600=FILL_AREA_STYLE_COLOUR($,#599);
#601=FILL_AREA_STYLE($,(#600));
#602=SURFACE_STYLE_FILL_AREA(#601);
#603=SURFACE_SIDE_STYLE('',(#602));
#604=SURFACE_STYLE_USAGE(.BOTH.,#603);
#605=PRESENTATION_STYLE_ASSIGNMENT((#604));
#606=STYLED_ITEM('',(#605),#598);
#607=ADVANCED_FACE('',(#1792),#1794,.T.);
#608=COLOUR_RGB($,1.,0.843137254901961,0.);
#609=FILL_AREA_STYLE_COLOUR($,#608);
#610=FILL_AREA_STYLE($,(#609));
#611=SURFACE_STYLE_FILL_AREA(#610);
#612=SURFACE_SIDE_STYLE('',(#611));
#613=SURFACE_STYLE_USAGE(.BOTH.,#612);
#614=PRESENTATION_STYLE_ASSIGNMENT((#613));
#615=STYLED_ITEM('',(#614),#607);
#616=ADVANCED_FACE('',(#1799),#1801,.T.);
#617=COLOUR_RGB($,1.,0.843137254901961,0.);
#618=FILL_AREA_STYLE_COLOUR($,#617);
#619=FILL_AREA_STYLE($,(#618));
#620=SURFACE_STYLE_FILL_AREA(#619);
#621=SURFACE_SIDE_STYLE('',(#620));
#622=SURFACE_STYLE_USAGE(.BOTH.,#621);
#623=PRESENTATION_STYLE_ASSIGNMENT((#622));
#624=STYLED_ITEM('',(#623),#616);
#625=ADVANCED_FACE('',(#1806),#1808,.T.);
#626=COLOUR_RGB($,1.,0.843137254901961,0.);
#627=FILL_AREA_STYLE_COLOUR($,#626);
#628=FILL_AREA_STYLE($,(#627));
#629=SURFACE_STYLE_FILL_AREA(#628);
#630=SURFACE_SIDE_STYLE('',(#629));
#631=SURFACE_STYLE_USAGE(.BOTH.,#630);
#632=PRESENTATION_STYLE_ASSIGNMENT((#631));
#633=STYLED_ITEM('',(#632),#625);
#634=ADVANCED_FACE('',(#1813),#1815,.T.);
#635=COLOUR_RGB($,1.,0.843137254901961,0.);
#636=FILL_AREA_STYLE_COLOUR($,#635);
#637=FILL_AREA_STYLE($,(#636));
#638=SURFACE_STYLE_FILL_AREA(#637);
#639=SURFACE_SIDE_STYLE('',(#638));
#640=SURFACE_STYLE_USAGE(.BOTH.,#639);
#641=PRESENTATION_STYLE_ASSIGNMENT((#640));
#642=STYLED_ITEM('',(#641),#634);
#643=ADVANCED_FACE('',(#1820),#1822,.T.);
#644=COLOUR_RGB($,1.,0.843137254901961,0.);
#645=FILL_AREA_STYLE_COLOUR($,#644);
#646=FILL_AREA_STYLE($,(#645));
#647=SURFACE_STYLE_FILL_AREA(#646);
#648=SURFACE_SIDE_STYLE('',(#647));
#649=SURFACE_STYLE_USAGE(.BOTH.,#648);
#650=PRESENTATION_STYLE_ASSIGNMENT((#649));
#651=STYLED_ITEM('',(#650),#643);
#652=ADVANCED_FACE('',(#1827),#1829,.T.);
#653=COLOUR_RGB($,1.,0.843137254901961,0.);
#654=FILL_AREA_STYLE_COLOUR($,#653);
#655=FILL_AREA_STYLE($,(#654));
#656=SURFACE_STYLE_FILL_AREA(#655);
#657=SURFACE_SIDE_STYLE('',(#656));
#658=SURFACE_STYLE_USAGE(.BOTH.,#657);
#659=PRESENTATION_STYLE_ASSIGNMENT((#658));
#660=STYLED_ITEM('',(#659),#652);
#661=ADVANCED_FACE('',(#1834),#1836,.T.);
#662=COLOUR_RGB($,1.,0.843137254901961,0.);
#663=FILL_AREA_STYLE_COLOUR($,#662);
#664=FILL_AREA_STYLE($,(#663));
#665=SURFACE_STYLE_FILL_AREA(#664);
#666=SURFACE_SIDE_STYLE('',(#665));
#667=SURFACE_STYLE_USAGE(.BOTH.,#666);
#668=PRESENTATION_STYLE_ASSIGNMENT((#667));
#669=STYLED_ITEM('',(#668),#661);
#670=ADVANCED_FACE('',(#1841),#1843,.T.);
#671=COLOUR_RGB($,1.,0.843137254901961,0.);
#672=FILL_AREA_STYLE_COLOUR($,#671);
#673=FILL_AREA_STYLE($,(#672));
#674=SURFACE_STYLE_FILL_AREA(#673);
#675=SURFACE_SIDE_STYLE('',(#674));
#676=SURFACE_STYLE_USAGE(.BOTH.,#675);
#677=PRESENTATION_STYLE_ASSIGNMENT((#676));
#678=STYLED_ITEM('',(#677),#670);
#679=ADVANCED_FACE('',(#1848),#1850,.T.);
#680=COLOUR_RGB($,1.,0.843137254901961,0.);
#681=FILL_AREA_STYLE_COLOUR($,#680);
#682=FILL_AREA_STYLE($,(#681));
#683=SURFACE_STYLE_FILL_AREA(#682);
#684=SURFACE_SIDE_STYLE('',(#683));
#685=SURFACE_STYLE_USAGE(.BOTH.,#684);
#686=PRESENTATION_STYLE_ASSIGNMENT((#685));
#687=STYLED_ITEM('',(#686),#679);
#688=ADVANCED_FACE('',(#1855),#1857,.T.);
#689=COLOUR_RGB($,1.,1.,1.);
#690=FILL_AREA_STYLE_COLOUR($,#689);
#691=FILL_AREA_STYLE($,(#690));
#692=SURFACE_STYLE_FILL_AREA(#691);
#693=SURFACE_SIDE_STYLE('',(#692));
#694=SURFACE_STYLE_USAGE(.BOTH.,#693);
#695=PRESENTATION_STYLE_ASSIGNMENT((#694));
#696=STYLED_ITEM('',(#695),#688);
#697=ADVANCED_FACE('',(#1862),#1864,.F.);
#698=COLOUR_RGB($,1.,1.,1.);
#699=FILL_AREA_STYLE_COLOUR($,#698);
#700=FILL_AREA_STYLE($,(#699));
#701=SURFACE_STYLE_FILL_AREA(#700);
#702=SURFACE_SIDE_STYLE('',(#701));
#703=SURFACE_STYLE_USAGE(.BOTH.,#702);
#704=PRESENTATION_STYLE_ASSIGNMENT((#703));
#705=STYLED_ITEM('',(#704),#697);
#706=ADVANCED_FACE('',(#1869),#1871,.T.);
#707=COLOUR_RGB($,1.,0.843137254901961,0.);
#708=FILL_AREA_STYLE_COLOUR($,#707);
#709=FILL_AREA_STYLE($,(#708));
#710=SURFACE_STYLE_FILL_AREA(#709);
#711=SURFACE_SIDE_STYLE('',(#710));
#712=SURFACE_STYLE_USAGE(.BOTH.,#711);
#713=PRESENTATION_STYLE_ASSIGNMENT((#712));
#714=STYLED_ITEM('',(#713),#706);
#715=ADVANCED_FACE('',(#1876),#1878,.T.);
#716=COLOUR_RGB($,1.,0.843137254901961,0.);
#717=FILL_AREA_STYLE_COLOUR($,#716);
#718=FILL_AREA_STYLE($,(#717));
#719=SURFACE_STYLE_FILL_AREA(#718);
#720=SURFACE_SIDE_STYLE('',(#719));
#721=SURFACE_STYLE_USAGE(.BOTH.,#720);
#722=PRESENTATION_STYLE_ASSIGNMENT((#721));
#723=STYLED_ITEM('',(#722),#715);
#724=ADVANCED_FACE('',(#1883),#1885,.T.);
#725=COLOUR_RGB($,1.,0.843137254901961,0.);
#726=FILL_AREA_STYLE_COLOUR($,#725);
#727=FILL_AREA_STYLE($,(#726));
#728=SURFACE_STYLE_FILL_AREA(#727);
#729=SURFACE_SIDE_STYLE('',(#728));
#730=SURFACE_STYLE_USAGE(.BOTH.,#729);
#731=PRESENTATION_STYLE_ASSIGNMENT((#730));
#732=STYLED_ITEM('',(#731),#724);
#733=ADVANCED_FACE('',(#1890),#1892,.T.);
#734=COLOUR_RGB($,1.,0.843137254901961,0.);
#735=FILL_AREA_STYLE_COLOUR($,#734);
#736=FILL_AREA_STYLE($,(#735));
#737=SURFACE_STYLE_FILL_AREA(#736);
#738=SURFACE_SIDE_STYLE('',(#737));
#739=SURFACE_STYLE_USAGE(.BOTH.,#738);
#740=PRESENTATION_STYLE_ASSIGNMENT((#739));
#741=STYLED_ITEM('',(#740),#733);
#742=ADVANCED_FACE('',(#1897),#1899,.T.);
#743=COLOUR_RGB($,1.,0.843137254901961,0.);
#744=FILL_AREA_STYLE_COLOUR($,#743);
#745=FILL_AREA_STYLE($,(#744));
#746=SURFACE_STYLE_FILL_AREA(#745);
#747=SURFACE_SIDE_STYLE('',(#746));
#748=SURFACE_STYLE_USAGE(.BOTH.,#747);
#749=PRESENTATION_STYLE_ASSIGNMENT((#748));
#750=STYLED_ITEM('',(#749),#742);
#751=ADVANCED_FACE('',(#1904),#1906,.T.);
#752=COLOUR_RGB($,1.,0.843137254901961,0.);
#753=FILL_AREA_STYLE_COLOUR($,#752);
#754=FILL_AREA_STYLE($,(#753));
#755=SURFACE_STYLE_FILL_AREA(#754);
#756=SURFACE_SIDE_STYLE('',(#755));
#757=SURFACE_STYLE_USAGE(.BOTH.,#756);
#758=PRESENTATION_STYLE_ASSIGNMENT((#757));
#759=STYLED_ITEM('',(#758),#751);
#760=ADVANCED_FACE('',(#1911),#1913,.T.);
#761=COLOUR_RGB($,1.,0.843137254901961,0.);
#762=FILL_AREA_STYLE_COLOUR($,#761);
#763=FILL_AREA_STYLE($,(#762));
#764=SURFACE_STYLE_FILL_AREA(#763);
#765=SURFACE_SIDE_STYLE('',(#764));
#766=SURFACE_STYLE_USAGE(.BOTH.,#765);
#767=PRESENTATION_STYLE_ASSIGNMENT((#766));
#768=STYLED_ITEM('',(#767),#760);
#769=ADVANCED_FACE('',(#1918),#1920,.T.);
#770=COLOUR_RGB($,1.,0.843137254901961,0.);
#771=FILL_AREA_STYLE_COLOUR($,#770);
#772=FILL_AREA_STYLE($,(#771));
#773=SURFACE_STYLE_FILL_AREA(#772);
#774=SURFACE_SIDE_STYLE('',(#773));
#775=SURFACE_STYLE_USAGE(.BOTH.,#774);
#776=PRESENTATION_STYLE_ASSIGNMENT((#775));
#777=STYLED_ITEM('',(#776),#769);
#778=ADVANCED_FACE('',(#1925),#1927,.T.);
#779=COLOUR_RGB($,1.,0.843137254901961,0.);
#780=FILL_AREA_STYLE_COLOUR($,#779);
#781=FILL_AREA_STYLE($,(#780));
#782=SURFACE_STYLE_FILL_AREA(#781);
#783=SURFACE_SIDE_STYLE('',(#782));
#784=SURFACE_STYLE_USAGE(.BOTH.,#783);
#785=PRESENTATION_STYLE_ASSIGNMENT((#784));
#786=STYLED_ITEM('',(#785),#778);
#787=ADVANCED_FACE('',(#1932),#1934,.T.);
#788=COLOUR_RGB($,1.,0.843137254901961,0.);
#789=FILL_AREA_STYLE_COLOUR($,#788);
#790=FILL_AREA_STYLE($,(#789));
#791=SURFACE_STYLE_FILL_AREA(#790);
#792=SURFACE_SIDE_STYLE('',(#791));
#793=SURFACE_STYLE_USAGE(.BOTH.,#792);
#794=PRESENTATION_STYLE_ASSIGNMENT((#793));
#795=STYLED_ITEM('',(#794),#787);
#796=ADVANCED_FACE('',(#1939),#1941,.T.);
#797=COLOUR_RGB($,1.,0.843137254901961,0.);
#798=FILL_AREA_STYLE_COLOUR($,#797);
#799=FILL_AREA_STYLE($,(#798));
#800=SURFACE_STYLE_FILL_AREA(#799);
#801=SURFACE_SIDE_STYLE('',(#800));
#802=SURFACE_STYLE_USAGE(.BOTH.,#801);
#803=PRESENTATION_STYLE_ASSIGNMENT((#802));
#804=STYLED_ITEM('',(#803),#796);
#805=ADVANCED_FACE('',(#1946),#1948,.T.);
#806=COLOUR_RGB($,1.,0.843137254901961,0.);
#807=FILL_AREA_STYLE_COLOUR($,#806);
#808=FILL_AREA_STYLE($,(#807));
#809=SURFACE_STYLE_FILL_AREA(#808);
#810=SURFACE_SIDE_STYLE('',(#809));
#811=SURFACE_STYLE_USAGE(.BOTH.,#810);
#812=PRESENTATION_STYLE_ASSIGNMENT((#811));
#813=STYLED_ITEM('',(#812),#805);
#814=ADVANCED_FACE('',(#1953),#1955,.T.);
#815=COLOUR_RGB($,1.,0.843137254901961,0.);
#816=FILL_AREA_STYLE_COLOUR($,#815);
#817=FILL_AREA_STYLE($,(#816));
#818=SURFACE_STYLE_FILL_AREA(#817);
#819=SURFACE_SIDE_STYLE('',(#818));
#820=SURFACE_STYLE_USAGE(.BOTH.,#819);
#821=PRESENTATION_STYLE_ASSIGNMENT((#820));
#822=STYLED_ITEM('',(#821),#814);
#823=ADVANCED_FACE('',(#1960),#1962,.T.);
#824=COLOUR_RGB($,1.,0.843137254901961,0.);
#825=FILL_AREA_STYLE_COLOUR($,#824);
#826=FILL_AREA_STYLE($,(#825));
#827=SURFACE_STYLE_FILL_AREA(#826);
#828=SURFACE_SIDE_STYLE('',(#827));
#829=SURFACE_STYLE_USAGE(.BOTH.,#828);
#830=PRESENTATION_STYLE_ASSIGNMENT((#829));
#831=STYLED_ITEM('',(#830),#823);
#832=ADVANCED_FACE('',(#1967),#1969,.T.);
#833=COLOUR_RGB($,1.,0.843137254901961,0.);
#834=FILL_AREA_STYLE_COLOUR($,#833);
#835=FILL_AREA_STYLE($,(#834));
#836=SURFACE_STYLE_FILL_AREA(#835);
#837=SURFACE_SIDE_STYLE('',(#836));
#838=SURFACE_STYLE_USAGE(.BOTH.,#837);
#839=PRESENTATION_STYLE_ASSIGNMENT((#838));
#840=STYLED_ITEM('',(#839),#832);
#841=ADVANCED_FACE('',(#1974),#1976,.T.);
#842=COLOUR_RGB($,1.,0.843137254901961,0.);
#843=FILL_AREA_STYLE_COLOUR($,#842);
#844=FILL_AREA_STYLE($,(#843));
#845=SURFACE_STYLE_FILL_AREA(#844);
#846=SURFACE_SIDE_STYLE('',(#845));
#847=SURFACE_STYLE_USAGE(.BOTH.,#846);
#848=PRESENTATION_STYLE_ASSIGNMENT((#847));
#849=STYLED_ITEM('',(#848),#841);
#850=ADVANCED_FACE('',(#1981),#1983,.T.);
#851=COLOUR_RGB($,1.,0.843137254901961,0.);
#852=FILL_AREA_STYLE_COLOUR($,#851);
#853=FILL_AREA_STYLE($,(#852));
#854=SURFACE_STYLE_FILL_AREA(#853);
#855=SURFACE_SIDE_STYLE('',(#854));
#856=SURFACE_STYLE_USAGE(.BOTH.,#855);
#857=PRESENTATION_STYLE_ASSIGNMENT((#856));
#858=STYLED_ITEM('',(#857),#850);
#859=ADVANCED_FACE('',(#1988),#1990,.T.);
#860=COLOUR_RGB($,1.,0.843137254901961,0.);
#861=FILL_AREA_STYLE_COLOUR($,#860);
#862=FILL_AREA_STYLE($,(#861));
#863=SURFACE_STYLE_FILL_AREA(#862);
#864=SURFACE_SIDE_STYLE('',(#863));
#865=SURFACE_STYLE_USAGE(.BOTH.,#864);
#866=PRESENTATION_STYLE_ASSIGNMENT((#865));
#867=STYLED_ITEM('',(#866),#859);
#868=ADVANCED_FACE('',(#1995),#1997,.T.);
#869=COLOUR_RGB($,1.,0.843137254901961,0.);
#870=FILL_AREA_STYLE_COLOUR($,#869);
#871=FILL_AREA_STYLE($,(#870));
#872=SURFACE_STYLE_FILL_AREA(#871);
#873=SURFACE_SIDE_STYLE('',(#872));
#874=SURFACE_STYLE_USAGE(.BOTH.,#873);
#875=PRESENTATION_STYLE_ASSIGNMENT((#874));
#876=STYLED_ITEM('',(#875),#868);
#877=ADVANCED_FACE('',(#2002),#2004,.T.);
#878=COLOUR_RGB($,1.,0.843137254901961,0.);
#879=FILL_AREA_STYLE_COLOUR($,#878);
#880=FILL_AREA_STYLE($,(#879));
#881=SURFACE_STYLE_FILL_AREA(#880);
#882=SURFACE_SIDE_STYLE('',(#881));
#883=SURFACE_STYLE_USAGE(.BOTH.,#882);
#884=PRESENTATION_STYLE_ASSIGNMENT((#883));
#885=STYLED_ITEM('',(#884),#877);
#886=ADVANCED_FACE('',(#2009),#2011,.T.);
#887=COLOUR_RGB($,1.,1.,1.);
#888=FILL_AREA_STYLE_COLOUR($,#887);
#889=FILL_AREA_STYLE($,(#888));
#890=SURFACE_STYLE_FILL_AREA(#889);
#891=SURFACE_SIDE_STYLE('',(#890));
#892=SURFACE_STYLE_USAGE(.BOTH.,#891);
#893=PRESENTATION_STYLE_ASSIGNMENT((#892));
#894=STYLED_ITEM('',(#893),#886);
#895=ADVANCED_FACE('',(#2016),#2018,.T.);
#896=COLOUR_RGB($,1.,0.843137254901961,0.);
#897=FILL_AREA_STYLE_COLOUR($,#896);
#898=FILL_AREA_STYLE($,(#897));
#899=SURFACE_STYLE_FILL_AREA(#898);
#900=SURFACE_SIDE_STYLE('',(#899));
#901=SURFACE_STYLE_USAGE(.BOTH.,#900);
#902=PRESENTATION_STYLE_ASSIGNMENT((#901));
#903=STYLED_ITEM('',(#902),#895);
#904=ADVANCED_FACE('',(#2023),#2025,.T.);
#905=COLOUR_RGB($,1.,0.843137254901961,0.);
#906=FILL_AREA_STYLE_COLOUR($,#905);
#907=FILL_AREA_STYLE($,(#906));
#908=SURFACE_STYLE_FILL_AREA(#907);
#909=SURFACE_SIDE_STYLE('',(#908));
#910=SURFACE_STYLE_USAGE(.BOTH.,#909);
#911=PRESENTATION_STYLE_ASSIGNMENT((#910));
#912=STYLED_ITEM('',(#911),#904);
#913=ADVANCED_FACE('',(#2030),#2032,.T.);
#914=COLOUR_RGB($,1.,0.843137254901961,0.);
#915=FILL_AREA_STYLE_COLOUR($,#914);
#916=FILL_AREA_STYLE($,(#915));
#917=SURFACE_STYLE_FILL_AREA(#916);
#918=SURFACE_SIDE_STYLE('',(#917));
#919=SURFACE_STYLE_USAGE(.BOTH.,#918);
#920=PRESENTATION_STYLE_ASSIGNMENT((#919));
#921=STYLED_ITEM('',(#920),#913);
#922=ADVANCED_FACE('',(#2037),#2039,.T.);
#923=COLOUR_RGB($,1.,0.843137254901961,0.);
#924=FILL_AREA_STYLE_COLOUR($,#923);
#925=FILL_AREA_STYLE($,(#924));
#926=SURFACE_STYLE_FILL_AREA(#925);
#927=SURFACE_SIDE_STYLE('',(#926));
#928=SURFACE_STYLE_USAGE(.BOTH.,#927);
#929=PRESENTATION_STYLE_ASSIGNMENT((#928));
#930=STYLED_ITEM('',(#929),#922);
#931=ADVANCED_FACE('',(#2044),#2046,.T.);
#932=COLOUR_RGB($,1.,0.843137254901961,0.);
#933=FILL_AREA_STYLE_COLOUR($,#932);
#934=FILL_AREA_STYLE($,(#933));
#935=SURFACE_STYLE_FILL_AREA(#934);
#936=SURFACE_SIDE_STYLE('',(#935));
#937=SURFACE_STYLE_USAGE(.BOTH.,#936);
#938=PRESENTATION_STYLE_ASSIGNMENT((#937));
#939=STYLED_ITEM('',(#938),#931);
#940=ADVANCED_FACE('',(#2051),#2053,.T.);
#941=COLOUR_RGB($,1.,0.843137254901961,0.);
#942=FILL_AREA_STYLE_COLOUR($,#941);
#943=FILL_AREA_STYLE($,(#942));
#944=SURFACE_STYLE_FILL_AREA(#943);
#945=SURFACE_SIDE_STYLE('',(#944));
#946=SURFACE_STYLE_USAGE(.BOTH.,#945);
#947=PRESENTATION_STYLE_ASSIGNMENT((#946));
#948=STYLED_ITEM('',(#947),#940);
#949=ADVANCED_FACE('',(#2058),#2060,.T.);
#950=COLOUR_RGB($,1.,0.843137254901961,0.);
#951=FILL_AREA_STYLE_COLOUR($,#950);
#952=FILL_AREA_STYLE($,(#951));
#953=SURFACE_STYLE_FILL_AREA(#952);
#954=SURFACE_SIDE_STYLE('',(#953));
#955=SURFACE_STYLE_USAGE(.BOTH.,#954);
#956=PRESENTATION_STYLE_ASSIGNMENT((#955));
#957=STYLED_ITEM('',(#956),#949);
#958=ADVANCED_FACE('',(#2065),#2067,.T.);
#959=COLOUR_RGB($,1.,0.843137254901961,0.);
#960=FILL_AREA_STYLE_COLOUR($,#959);
#961=FILL_AREA_STYLE($,(#960));
#962=SURFACE_STYLE_FILL_AREA(#961);
#963=SURFACE_SIDE_STYLE('',(#962));
#964=SURFACE_STYLE_USAGE(.BOTH.,#963);
#965=PRESENTATION_STYLE_ASSIGNMENT((#964));
#966=STYLED_ITEM('',(#965),#958);
#967=ADVANCED_FACE('',(#2072),#2074,.T.);
#968=COLOUR_RGB($,1.,0.843137254901961,0.);
#969=FILL_AREA_STYLE_COLOUR($,#968);
#970=FILL_AREA_STYLE($,(#969));
#971=SURFACE_STYLE_FILL_AREA(#970);
#972=SURFACE_SIDE_STYLE('',(#971));
#973=SURFACE_STYLE_USAGE(.BOTH.,#972);
#974=PRESENTATION_STYLE_ASSIGNMENT((#973));
#975=STYLED_ITEM('',(#974),#967);
#976=ADVANCED_FACE('',(#2079),#2081,.T.);
#977=COLOUR_RGB($,1.,0.843137254901961,0.);
#978=FILL_AREA_STYLE_COLOUR($,#977);
#979=FILL_AREA_STYLE($,(#978));
#980=SURFACE_STYLE_FILL_AREA(#979);
#981=SURFACE_SIDE_STYLE('',(#980));
#982=SURFACE_STYLE_USAGE(.BOTH.,#981);
#983=PRESENTATION_STYLE_ASSIGNMENT((#982));
#984=STYLED_ITEM('',(#983),#976);
#985=ADVANCED_FACE('',(#2086),#2088,.T.);
#986=COLOUR_RGB($,1.,0.843137254901961,0.);
#987=FILL_AREA_STYLE_COLOUR($,#986);
#988=FILL_AREA_STYLE($,(#987));
#989=SURFACE_STYLE_FILL_AREA(#988);
#990=SURFACE_SIDE_STYLE('',(#989));
#991=SURFACE_STYLE_USAGE(.BOTH.,#990);
#992=PRESENTATION_STYLE_ASSIGNMENT((#991));
#993=STYLED_ITEM('',(#992),#985);
#994=ADVANCED_FACE('',(#2093),#2095,.T.);
#995=COLOUR_RGB($,1.,0.843137254901961,0.);
#996=FILL_AREA_STYLE_COLOUR($,#995);
#997=FILL_AREA_STYLE($,(#996));
#998=SURFACE_STYLE_FILL_AREA(#997);
#999=SURFACE_SIDE_STYLE('',(#998));
#1000=SURFACE_STYLE_USAGE(.BOTH.,#999);
#1001=PRESENTATION_STYLE_ASSIGNMENT((#1000));
#1002=STYLED_ITEM('',(#1001),#994);
#1003=ADVANCED_FACE('',(#2100),#2102,.T.);
#1004=COLOUR_RGB($,1.,0.843137254901961,0.);
#1005=FILL_AREA_STYLE_COLOUR($,#1004);
#1006=FILL_AREA_STYLE($,(#1005));
#1007=SURFACE_STYLE_FILL_AREA(#1006);
#1008=SURFACE_SIDE_STYLE('',(#1007));
#1009=SURFACE_STYLE_USAGE(.BOTH.,#1008);
#1010=PRESENTATION_STYLE_ASSIGNMENT((#1009));
#1011=STYLED_ITEM('',(#1010),#1003);
#1012=ADVANCED_FACE('',(#2107),#2109,.T.);
#1013=COLOUR_RGB($,1.,0.843137254901961,0.);
#1014=FILL_AREA_STYLE_COLOUR($,#1013);
#1015=FILL_AREA_STYLE($,(#1014));
#1016=SURFACE_STYLE_FILL_AREA(#1015);
#1017=SURFACE_SIDE_STYLE('',(#1016));
#1018=SURFACE_STYLE_USAGE(.BOTH.,#1017);
#1019=PRESENTATION_STYLE_ASSIGNMENT((#1018));
#1020=STYLED_ITEM('',(#1019),#1012);
#1021=ADVANCED_FACE('',(#2114),#2116,.T.);
#1022=COLOUR_RGB($,1.,0.843137254901961,0.);
#1023=FILL_AREA_STYLE_COLOUR($,#1022);
#1024=FILL_AREA_STYLE($,(#1023));
#1025=SURFACE_STYLE_FILL_AREA(#1024);
#1026=SURFACE_SIDE_STYLE('',(#1025));
#1027=SURFACE_STYLE_USAGE(.BOTH.,#1026);
#1028=PRESENTATION_STYLE_ASSIGNMENT((#1027));
#1029=STYLED_ITEM('',(#1028),#1021);
#1030=ADVANCED_FACE('',(#2121),#2123,.T.);
#1031=COLOUR_RGB($,1.,0.843137254901961,0.);
#1032=FILL_AREA_STYLE_COLOUR($,#1031);
#1033=FILL_AREA_STYLE($,(#1032));
#1034=SURFACE_STYLE_FILL_AREA(#1033);
#1035=SURFACE_SIDE_STYLE('',(#1034));
#1036=SURFACE_STYLE_USAGE(.BOTH.,#1035);
#1037=PRESENTATION_STYLE_ASSIGNMENT((#1036));
#1038=STYLED_ITEM('',(#1037),#1030);
#1039=ADVANCED_FACE('',(#2128),#2130,.T.);
#1040=COLOUR_RGB($,1.,0.843137254901961,0.);
#1041=FILL_AREA_STYLE_COLOUR($,#1040);
#1042=FILL_AREA_STYLE($,(#1041));
#1043=SURFACE_STYLE_FILL_AREA(#1042);
#1044=SURFACE_SIDE_STYLE('',(#1043));
#1045=SURFACE_STYLE_USAGE(.BOTH.,#1044);
#1046=PRESENTATION_STYLE_ASSIGNMENT((#1045));
#1047=STYLED_ITEM('',(#1046),#1039);
#1048=ADVANCED_FACE('',(#2135),#2137,.T.);
#1049=COLOUR_RGB($,1.,0.843137254901961,0.);
#1050=FILL_AREA_STYLE_COLOUR($,#1049);
#1051=FILL_AREA_STYLE($,(#1050));
#1052=SURFACE_STYLE_FILL_AREA(#1051);
#1053=SURFACE_SIDE_STYLE('',(#1052));
#1054=SURFACE_STYLE_USAGE(.BOTH.,#1053);
#1055=PRESENTATION_STYLE_ASSIGNMENT((#1054));
#1056=STYLED_ITEM('',(#1055),#1048);
#1057=ADVANCED_FACE('',(#2142),#2144,.T.);
#1058=COLOUR_RGB($,1.,0.843137254901961,0.);
#1059=FILL_AREA_STYLE_COLOUR($,#1058);
#1060=FILL_AREA_STYLE($,(#1059));
#1061=SURFACE_STYLE_FILL_AREA(#1060);
#1062=SURFACE_SIDE_STYLE('',(#1061));
#1063=SURFACE_STYLE_USAGE(.BOTH.,#1062);
#1064=PRESENTATION_STYLE_ASSIGNMENT((#1063));
#1065=STYLED_ITEM('',(#1064),#1057);
#1066=ADVANCED_FACE('',(#2149),#2151,.T.);
#1067=COLOUR_RGB($,1.,0.843137254901961,0.);
#1068=FILL_AREA_STYLE_COLOUR($,#1067);
#1069=FILL_AREA_STYLE($,(#1068));
#1070=SURFACE_STYLE_FILL_AREA(#1069);
#1071=SURFACE_SIDE_STYLE('',(#1070));
#1072=SURFACE_STYLE_USAGE(.BOTH.,#1071);
#1073=PRESENTATION_STYLE_ASSIGNMENT((#1072));
#1074=STYLED_ITEM('',(#1073),#1066);
#1075=ADVANCED_FACE('',(#2156),#2158,.F.);
#1076=COLOUR_RGB($,1.,0.843137254901961,0.);
#1077=FILL_AREA_STYLE_COLOUR($,#1076);
#1078=FILL_AREA_STYLE($,(#1077));
#1079=SURFACE_STYLE_FILL_AREA(#1078);
#1080=SURFACE_SIDE_STYLE('',(#1079));
#1081=SURFACE_STYLE_USAGE(.BOTH.,#1080);
#1082=PRESENTATION_STYLE_ASSIGNMENT((#1081));
#1083=STYLED_ITEM('',(#1082),#1075);
#1084=ADVANCED_FACE('',(#2163),#2165,.F.);
#1085=COLOUR_RGB($,1.,0.843137254901961,0.);
#1086=FILL_AREA_STYLE_COLOUR($,#1085);
#1087=FILL_AREA_STYLE($,(#1086));
#1088=SURFACE_STYLE_FILL_AREA(#1087);
#1089=SURFACE_SIDE_STYLE('',(#1088));
#1090=SURFACE_STYLE_USAGE(.BOTH.,#1089);
#1091=PRESENTATION_STYLE_ASSIGNMENT((#1090));
#1092=STYLED_ITEM('',(#1091),#1084);
#1093=ADVANCED_FACE('',(#2170),#2172,.F.);
#1094=COLOUR_RGB($,1.,0.843137254901961,0.);
#1095=FILL_AREA_STYLE_COLOUR($,#1094);
#1096=FILL_AREA_STYLE($,(#1095));
#1097=SURFACE_STYLE_FILL_AREA(#1096);
#1098=SURFACE_SIDE_STYLE('',(#1097));
#1099=SURFACE_STYLE_USAGE(.BOTH.,#1098);
#1100=PRESENTATION_STYLE_ASSIGNMENT((#1099));
#1101=STYLED_ITEM('',(#1100),#1093);
#1102=ADVANCED_FACE('',(#2177),#2179,.F.);
#1103=COLOUR_RGB($,1.,0.843137254901961,0.);
#1104=FILL_AREA_STYLE_COLOUR($,#1103);
#1105=FILL_AREA_STYLE($,(#1104));
#1106=SURFACE_STYLE_FILL_AREA(#1105);
#1107=SURFACE_SIDE_STYLE('',(#1106));
#1108=SURFACE_STYLE_USAGE(.BOTH.,#1107);
#1109=PRESENTATION_STYLE_ASSIGNMENT((#1108));
#1110=STYLED_ITEM('',(#1109),#1102);
#1111=ADVANCED_FACE('',(#2184),#2186,.F.);
#1112=COLOUR_RGB($,1.,0.843137254901961,0.);
#1113=FILL_AREA_STYLE_COLOUR($,#1112);
#1114=FILL_AREA_STYLE($,(#1113));
#1115=SURFACE_STYLE_FILL_AREA(#1114);
#1116=SURFACE_SIDE_STYLE('',(#1115));
#1117=SURFACE_STYLE_USAGE(.BOTH.,#1116);
#1118=PRESENTATION_STYLE_ASSIGNMENT((#1117));
#1119=STYLED_ITEM('',(#1118),#1111);
#1120=ADVANCED_FACE('',(#2191),#2193,.F.);
#1121=COLOUR_RGB($,1.,0.843137254901961,0.);
#1122=FILL_AREA_STYLE_COLOUR($,#1121);
#1123=FILL_AREA_STYLE($,(#1122));
#1124=SURFACE_STYLE_FILL_AREA(#1123);
#1125=SURFACE_SIDE_STYLE('',(#1124));
#1126=SURFACE_STYLE_USAGE(.BOTH.,#1125);
#1127=PRESENTATION_STYLE_ASSIGNMENT((#1126));
#1128=STYLED_ITEM('',(#1127),#1120);
#1129=ADVANCED_FACE('',(#2198),#2200,.F.);
#1130=COLOUR_RGB($,1.,0.843137254901961,0.);
#1131=FILL_AREA_STYLE_COLOUR($,#1130);
#1132=FILL_AREA_STYLE($,(#1131));
#1133=SURFACE_STYLE_FILL_AREA(#1132);
#1134=SURFACE_SIDE_STYLE('',(#1133));
#1135=SURFACE_STYLE_USAGE(.BOTH.,#1134);
#1136=PRESENTATION_STYLE_ASSIGNMENT((#1135));
#1137=STYLED_ITEM('',(#1136),#1129);
#1138=ADVANCED_FACE('',(#2205),#2207,.F.);
#1139=COLOUR_RGB($,1.,0.843137254901961,0.);
#1140=FILL_AREA_STYLE_COLOUR($,#1139);
#1141=FILL_AREA_STYLE($,(#1140));
#1142=SURFACE_STYLE_FILL_AREA(#1141);
#1143=SURFACE_SIDE_STYLE('',(#1142));
#1144=SURFACE_STYLE_USAGE(.BOTH.,#1143);
#1145=PRESENTATION_STYLE_ASSIGNMENT((#1144));
#1146=STYLED_ITEM('',(#1145),#1138);
#1147=ADVANCED_FACE('',(#2212),#2214,.F.);
#1148=COLOUR_RGB($,1.,0.843137254901961,0.);
#1149=FILL_AREA_STYLE_COLOUR($,#1148);
#1150=FILL_AREA_STYLE($,(#1149));
#1151=SURFACE_STYLE_FILL_AREA(#1150);
#1152=SURFACE_SIDE_STYLE('',(#1151));
#1153=SURFACE_STYLE_USAGE(.BOTH.,#1152);
#1154=PRESENTATION_STYLE_ASSIGNMENT((#1153));
#1155=STYLED_ITEM('',(#1154),#1147);
#1156=ADVANCED_FACE('',(#2219),#2221,.F.);
#1157=COLOUR_RGB($,1.,0.843137254901961,0.);
#1158=FILL_AREA_STYLE_COLOUR($,#1157);
#1159=FILL_AREA_STYLE($,(#1158));
#1160=SURFACE_STYLE_FILL_AREA(#1159);
#1161=SURFACE_SIDE_STYLE('',(#1160));
#1162=SURFACE_STYLE_USAGE(.BOTH.,#1161);
#1163=PRESENTATION_STYLE_ASSIGNMENT((#1162));
#1164=STYLED_ITEM('',(#1163),#1156);
#1165=ADVANCED_FACE('',(#2226),#2228,.F.);
#1166=COLOUR_RGB($,1.,0.843137254901961,0.);
#1167=FILL_AREA_STYLE_COLOUR($,#1166);
#1168=FILL_AREA_STYLE($,(#1167));
#1169=SURFACE_STYLE_FILL_AREA(#1168);
#1170=SURFACE_SIDE_STYLE('',(#1169));
#1171=SURFACE_STYLE_USAGE(.BOTH.,#1170);
#1172=PRESENTATION_STYLE_ASSIGNMENT((#1171));
#1173=STYLED_ITEM('',(#1172),#1165);
#1174=ADVANCED_FACE('',(#2233),#2235,.F.);
#1175=COLOUR_RGB($,1.,0.843137254901961,0.);
#1176=FILL_AREA_STYLE_COLOUR($,#1175);
#1177=FILL_AREA_STYLE($,(#1176));
#1178=SURFACE_STYLE_FILL_AREA(#1177);
#1179=SURFACE_SIDE_STYLE('',(#1178));
#1180=SURFACE_STYLE_USAGE(.BOTH.,#1179);
#1181=PRESENTATION_STYLE_ASSIGNMENT((#1180));
#1182=STYLED_ITEM('',(#1181),#1174);
#1183=ADVANCED_FACE('',(#2240),#2242,.F.);
#1184=COLOUR_RGB($,1.,0.843137254901961,0.);
#1185=FILL_AREA_STYLE_COLOUR($,#1184);
#1186=FILL_AREA_STYLE($,(#1185));
#1187=SURFACE_STYLE_FILL_AREA(#1186);
#1188=SURFACE_SIDE_STYLE('',(#1187));
#1189=SURFACE_STYLE_USAGE(.BOTH.,#1188);
#1190=PRESENTATION_STYLE_ASSIGNMENT((#1189));
#1191=STYLED_ITEM('',(#1190),#1183);
#1192=ADVANCED_FACE('',(#2247),#2249,.F.);
#1193=COLOUR_RGB($,1.,0.843137254901961,0.);
#1194=FILL_AREA_STYLE_COLOUR($,#1193);
#1195=FILL_AREA_STYLE($,(#1194));
#1196=SURFACE_STYLE_FILL_AREA(#1195);
#1197=SURFACE_SIDE_STYLE('',(#1196));
#1198=SURFACE_STYLE_USAGE(.BOTH.,#1197);
#1199=PRESENTATION_STYLE_ASSIGNMENT((#1198));
#1200=STYLED_ITEM('',(#1199),#1192);
#1201=ADVANCED_FACE('',(#2254),#2256,.F.);
#1202=COLOUR_RGB($,1.,0.843137254901961,0.);
#1203=FILL_AREA_STYLE_COLOUR($,#1202);
#1204=FILL_AREA_STYLE($,(#1203));
#1205=SURFACE_STYLE_FILL_AREA(#1204);
#1206=SURFACE_SIDE_STYLE('',(#1205));
#1207=SURFACE_STYLE_USAGE(.BOTH.,#1206);
#1208=PRESENTATION_STYLE_ASSIGNMENT((#1207));
#1209=STYLED_ITEM('',(#1208),#1201);
#1210=ADVANCED_FACE('',(#2261),#2263,.F.);
#1211=COLOUR_RGB($,1.,0.843137254901961,0.);
#1212=FILL_AREA_STYLE_COLOUR($,#1211);
#1213=FILL_AREA_STYLE($,(#1212));
#1214=SURFACE_STYLE_FILL_AREA(#1213);
#1215=SURFACE_SIDE_STYLE('',(#1214));
#1216=SURFACE_STYLE_USAGE(.BOTH.,#1215);
#1217=PRESENTATION_STYLE_ASSIGNMENT((#1216));
#1218=STYLED_ITEM('',(#1217),#1210);
#1219=ADVANCED_FACE('',(#2268),#2270,.F.);
#1220=COLOUR_RGB($,1.,0.843137254901961,0.);
#1221=FILL_AREA_STYLE_COLOUR($,#1220);
#1222=FILL_AREA_STYLE($,(#1221));
#1223=SURFACE_STYLE_FILL_AREA(#1222);
#1224=SURFACE_SIDE_STYLE('',(#1223));
#1225=SURFACE_STYLE_USAGE(.BOTH.,#1224);
#1226=PRESENTATION_STYLE_ASSIGNMENT((#1225));
#1227=STYLED_ITEM('',(#1226),#1219);
#1228=ADVANCED_FACE('',(#2275),#2277,.F.);
#1229=COLOUR_RGB($,1.,0.843137254901961,0.);
#1230=FILL_AREA_STYLE_COLOUR($,#1229);
#1231=FILL_AREA_STYLE($,(#1230));
#1232=SURFACE_STYLE_FILL_AREA(#1231);
#1233=SURFACE_SIDE_STYLE('',(#1232));
#1234=SURFACE_STYLE_USAGE(.BOTH.,#1233);
#1235=PRESENTATION_STYLE_ASSIGNMENT((#1234));
#1236=STYLED_ITEM('',(#1235),#1228);
#1237=ADVANCED_FACE('',(#2282),#2284,.F.);
#1238=COLOUR_RGB($,1.,0.843137254901961,0.);
#1239=FILL_AREA_STYLE_COLOUR($,#1238);
#1240=FILL_AREA_STYLE($,(#1239));
#1241=SURFACE_STYLE_FILL_AREA(#1240);
#1242=SURFACE_SIDE_STYLE('',(#1241));
#1243=SURFACE_STYLE_USAGE(.BOTH.,#1242);
#1244=PRESENTATION_STYLE_ASSIGNMENT((#1243));
#1245=STYLED_ITEM('',(#1244),#1237);
#1246=ADVANCED_FACE('',(#2289),#2291,.F.);
#1247=COLOUR_RGB($,1.,0.843137254901961,0.);
#1248=FILL_AREA_STYLE_COLOUR($,#1247);
#1249=FILL_AREA_STYLE($,(#1248));
#1250=SURFACE_STYLE_FILL_AREA(#1249);
#1251=SURFACE_SIDE_STYLE('',(#1250));
#1252=SURFACE_STYLE_USAGE(.BOTH.,#1251);
#1253=PRESENTATION_STYLE_ASSIGNMENT((#1252));
#1254=STYLED_ITEM('',(#1253),#1246);
#1255=ADVANCED_FACE('',(#2296),#2298,.T.);
#1256=COLOUR_RGB($,1.,0.843137254901961,0.);
#1257=FILL_AREA_STYLE_COLOUR($,#1256);
#1258=FILL_AREA_STYLE($,(#1257));
#1259=SURFACE_STYLE_FILL_AREA(#1258);
#1260=SURFACE_SIDE_STYLE('',(#1259));
#1261=SURFACE_STYLE_USAGE(.BOTH.,#1260);
#1262=PRESENTATION_STYLE_ASSIGNMENT((#1261));
#1263=STYLED_ITEM('',(#1262),#1255);
#1264=ADVANCED_FACE('',(#2303),#2305,.T.);
#1265=COLOUR_RGB($,1.,0.843137254901961,0.);
#1266=FILL_AREA_STYLE_COLOUR($,#1265);
#1267=FILL_AREA_STYLE($,(#1266));
#1268=SURFACE_STYLE_FILL_AREA(#1267);
#1269=SURFACE_SIDE_STYLE('',(#1268));
#1270=SURFACE_STYLE_USAGE(.BOTH.,#1269);
#1271=PRESENTATION_STYLE_ASSIGNMENT((#1270));
#1272=STYLED_ITEM('',(#1271),#1264);
#1273=ADVANCED_FACE('',(#2310),#2312,.T.);
#1274=COLOUR_RGB($,1.,0.843137254901961,0.);
#1275=FILL_AREA_STYLE_COLOUR($,#1274);
#1276=FILL_AREA_STYLE($,(#1275));
#1277=SURFACE_STYLE_FILL_AREA(#1276);
#1278=SURFACE_SIDE_STYLE('',(#1277));
#1279=SURFACE_STYLE_USAGE(.BOTH.,#1278);
#1280=PRESENTATION_STYLE_ASSIGNMENT((#1279));
#1281=STYLED_ITEM('',(#1280),#1273);
#1282=ADVANCED_FACE('',(#2317),#2319,.T.);
#1283=COLOUR_RGB($,1.,0.843137254901961,0.);
#1284=FILL_AREA_STYLE_COLOUR($,#1283);
#1285=FILL_AREA_STYLE($,(#1284));
#1286=SURFACE_STYLE_FILL_AREA(#1285);
#1287=SURFACE_SIDE_STYLE('',(#1286));
#1288=SURFACE_STYLE_USAGE(.BOTH.,#1287);
#1289=PRESENTATION_STYLE_ASSIGNMENT((#1288));
#1290=STYLED_ITEM('',(#1289),#1282);
#1291=ADVANCED_FACE('',(#2324),#2326,.T.);
#1292=COLOUR_RGB($,1.,0.843137254901961,0.);
#1293=FILL_AREA_STYLE_COLOUR($,#1292);
#1294=FILL_AREA_STYLE($,(#1293));
#1295=SURFACE_STYLE_FILL_AREA(#1294);
#1296=SURFACE_SIDE_STYLE('',(#1295));
#1297=SURFACE_STYLE_USAGE(.BOTH.,#1296);
#1298=PRESENTATION_STYLE_ASSIGNMENT((#1297));
#1299=STYLED_ITEM('',(#1298),#1291);
#1300=ADVANCED_FACE('',(#2331),#2333,.F.);
#1301=COLOUR_RGB($,1.,0.843137254901961,0.);
#1302=FILL_AREA_STYLE_COLOUR($,#1301);
#1303=FILL_AREA_STYLE($,(#1302));
#1304=SURFACE_STYLE_FILL_AREA(#1303);
#1305=SURFACE_SIDE_STYLE('',(#1304));
#1306=SURFACE_STYLE_USAGE(.BOTH.,#1305);
#1307=PRESENTATION_STYLE_ASSIGNMENT((#1306));
#1308=STYLED_ITEM('',(#1307),#1300);
#1309=ADVANCED_FACE('',(#2338),#2340,.F.);
#1310=COLOUR_RGB($,1.,0.843137254901961,0.);
#1311=FILL_AREA_STYLE_COLOUR($,#1310);
#1312=FILL_AREA_STYLE($,(#1311));
#1313=SURFACE_STYLE_FILL_AREA(#1312);
#1314=SURFACE_SIDE_STYLE('',(#1313));
#1315=SURFACE_STYLE_USAGE(.BOTH.,#1314);
#1316=PRESENTATION_STYLE_ASSIGNMENT((#1315));
#1317=STYLED_ITEM('',(#1316),#1309);
#1318=ADVANCED_FACE('',(#2345),#2347,.F.);
#1319=COLOUR_RGB($,1.,0.843137254901961,0.);
#1320=FILL_AREA_STYLE_COLOUR($,#1319);
#1321=FILL_AREA_STYLE($,(#1320));
#1322=SURFACE_STYLE_FILL_AREA(#1321);
#1323=SURFACE_SIDE_STYLE('',(#1322));
#1324=SURFACE_STYLE_USAGE(.BOTH.,#1323);
#1325=PRESENTATION_STYLE_ASSIGNMENT((#1324));
#1326=STYLED_ITEM('',(#1325),#1318);
#1327=ADVANCED_FACE('',(#2352),#2354,.F.);
#1328=COLOUR_RGB($,1.,0.843137254901961,0.);
#1329=FILL_AREA_STYLE_COLOUR($,#1328);
#1330=FILL_AREA_STYLE($,(#1329));
#1331=SURFACE_STYLE_FILL_AREA(#1330);
#1332=SURFACE_SIDE_STYLE('',(#1331));
#1333=SURFACE_STYLE_USAGE(.BOTH.,#1332);
#1334=PRESENTATION_STYLE_ASSIGNMENT((#1333));
#1335=STYLED_ITEM('',(#1334),#1327);
#1336=ADVANCED_FACE('',(#2359),#2361,.F.);
#1337=COLOUR_RGB($,1.,0.843137254901961,0.);
#1338=FILL_AREA_STYLE_COLOUR($,#1337);
#1339=FILL_AREA_STYLE($,(#1338));
#1340=SURFACE_STYLE_FILL_AREA(#1339);
#1341=SURFACE_SIDE_STYLE('',(#1340));
#1342=SURFACE_STYLE_USAGE(.BOTH.,#1341);
#1343=PRESENTATION_STYLE_ASSIGNMENT((#1342));
#1344=STYLED_ITEM('',(#1343),#1336);
#1345=FACE_BOUND('',#1346,.T.);
#1346=EDGE_LOOP('',(#2366,#2367,#2368,#2369,#2370,#2371,#2372,#2373,#2374,#2375,
#2376,#2377,#2378,#2379,#2380,#2381,#2382,#2383,#2384,#2385,#2386,#2387));
#1347=PLANE('',#1348);
#1348=AXIS2_PLACEMENT_3D('',#1349,#1350,#1351);
#1349=CARTESIAN_POINT('',(-1.25,-1.5,2.));
#1350=DIRECTION('',(0.,-1.,0.));
#1351=DIRECTION('',(1.,0.,0.));
#1352=FACE_BOUND('',#1353,.T.);
#1353=EDGE_LOOP('',(#2388,#2389,#2390,#2391));
#1354=PLANE('',#1355);
#1355=AXIS2_PLACEMENT_3D('',#1356,#1357,#1358);
#1356=CARTESIAN_POINT('',(0.,0.,7.));
#1357=DIRECTION('',(0.,0.,1.));
#1358=DIRECTION('',(1.,0.,0.));
#1359=FACE_BOUND('',#1360,.T.);
#1360=EDGE_LOOP('',(#2392,#2393,#2394,#2395));
#1361=PLANE('',#1362);
#1362=AXIS2_PLACEMENT_3D('',#1363,#1364,#1365);
#1363=CARTESIAN_POINT('',(0.,0.,7.));
#1364=DIRECTION('',(0.,0.,1.));
#1365=DIRECTION('',(1.,0.,0.));
#1366=FACE_BOUND('',#1367,.T.);
#1367=EDGE_LOOP('',(#2396,#2397,#2398,#2399,#2400,#2401,#2402,#2403,#2404,#2405,
#2406,#2407,#2408,#2409,#2410,#2411,#2412,#2413,#2414,#2415,#2416,#2417,#2418,#2419,
#2420,#2421,#2422,#2423,#2424,#2425,#2426,#2427,#2428,#2429,#2430,#2431,#2432,#2433));
#1368=PLANE('',#1369);
#1369=AXIS2_PLACEMENT_3D('',#1370,#1371,#1372);
#1370=CARTESIAN_POINT('',(-1.25,-2.2,0.));
#1371=DIRECTION('',(0.,-1.,0.));
#1372=DIRECTION('',(1.,0.,0.));
#1373=FACE_BOUND('',#1374,.T.);
#1374=EDGE_LOOP('',(#2434,#2435,#2436,#2437));
#1375=PLANE('',#1376);
#1376=AXIS2_PLACEMENT_3D('',#1377,#1378,#1379);
#1377=CARTESIAN_POINT('',(10.85,-1.5,6.6));
#1378=DIRECTION('',(0.707106781186547,0.,-0.707106781186547));
#1379=DIRECTION('',(0.707106781186547,0.,0.707106781186547));
#1380=FACE_BOUND('',#1381,.T.);
#1381=EDGE_LOOP('',(#2438,#2439,#2440,#2441));
#1382=PLANE('',#1383);
#1383=AXIS2_PLACEMENT_3D('',#1384,#1385,#1386);
#1384=CARTESIAN_POINT('',(11.25,-1.5,6.2));
#1385=DIRECTION('',(0.707106781186547,0.,0.707106781186547));
#1386=DIRECTION('',(-0.707106781186547,0.,0.707106781186547));
#1387=FACE_BOUND('',#1388,.T.);
#1388=EDGE_LOOP('',(#2442,#2443,#2444,#2445));
#1389=PLANE('',#1390);
#1390=AXIS2_PLACEMENT_3D('',#1391,#1392,#1393);
#1391=CARTESIAN_POINT('',(11.25,-1.5,3.6));
#1392=DIRECTION('',(1.,0.,-0.));
#1393=DIRECTION('',(0.,0.,1.));
#1394=FACE_BOUND('',#1395,.T.);
#1395=EDGE_LOOP('',(#2446,#2447,#2448,#2449));
#1396=CYLINDRICAL_SURFACE('',#1397,0.6);
#1397=AXIS2_PLACEMENT_3D('',#1398,#1399,#1400);
#1398=CARTESIAN_POINT('',(10.65,-1.5,3.6));
#1399=DIRECTION('',(0.,-1.,0.));
#1400=DIRECTION('',(1.85037170770859E-016,0.,-1.));
#1401=FACE_BOUND('',#1402,.T.);
#1402=EDGE_LOOP('',(#2450,#2451,#2452,#2453));
#1403=PLANE('',#1404);
#1404=AXIS2_PLACEMENT_3D('',#1405,#1406,#1407);
#1405=CARTESIAN_POINT('',(8.75,-1.5,3.));
#1406=DIRECTION('',(0.,0.,-1.));
#1407=DIRECTION('',(1.,0.,0.));
#1408=FACE_BOUND('',#1409,.T.);
#1409=EDGE_LOOP('',(#2454,#2455,#2456,#2457));
#1410=PLANE('',#1411);
#1411=AXIS2_PLACEMENT_3D('',#1412,#1413,#1414);
#1412=CARTESIAN_POINT('',(8.75,-1.5,7.));
#1413=DIRECTION('',(-1.,-0.,-0.));
#1414=DIRECTION('',(0.,0.,-1.));
#1415=FACE_BOUND('',#1416,.T.);
#1416=EDGE_LOOP('',(#2458,#2459,#2460,#2461,#2462,#2463,#2464,#2465));
#1417=PLANE('',#1418);
#1418=AXIS2_PLACEMENT_3D('',#1419,#1420,#1421);
#1419=CARTESIAN_POINT('',(12.5,0.,0.));
#1420=DIRECTION('',(-1.,-0.,-0.));
#1421=DIRECTION('',(0.,0.,1.));
#1422=FACE_BOUND('',#1423,.T.);
#1423=EDGE_LOOP('',(#2466,#2467,#2468,#2469));
#1424=PLANE('',#1425);
#1425=AXIS2_PLACEMENT_3D('',#1426,#1427,#1428);
#1426=CARTESIAN_POINT('',(12.5,-0.4,3.));
#1427=DIRECTION('',(-0.,-0.,-1.));
#1428=DIRECTION('',(0.,-1.,0.));
#1429=FACE_BOUND('',#1430,.T.);
#1430=EDGE_LOOP('',(#2470,#2471,#2472,#2473,#2474,#2475));
#1431=PLANE('',#1432);
#1432=AXIS2_PLACEMENT_3D('',#1433,#1434,#1435);
#1433=CARTESIAN_POINT('',(11.8,0.,0.));
#1434=DIRECTION('',(-1.,-0.,-0.));
#1435=DIRECTION('',(0.,0.,1.));
#1436=FACE_BOUND('',#1437,.T.);
#1437=EDGE_LOOP('',(#2476,#2477,#2478,#2479));
#1438=FACE_BOUND('',#1439,.T.);
#1439=EDGE_LOOP('',(#2480,#2481,#2482,#2483));
#1440=FACE_BOUND('',#1441,.T.);
#1441=EDGE_LOOP('',(#2484,#2485,#2486,#2487));
#1442=FACE_BOUND('',#1443,.T.);
#1443=EDGE_LOOP('',(#2488,#2489,#2490,#2491));
#1444=FACE_BOUND('',#1445,.T.);
#1445=EDGE_LOOP('',(#2492,#2493,#2494,#2495));
#1446=FACE_BOUND('',#1447,.T.);
#1447=EDGE_LOOP('',(#2496,#2497,#2498,#2499));
#1448=PLANE('',#1449);
#1449=AXIS2_PLACEMENT_3D('',#1450,#1451,#1452);
#1450=CARTESIAN_POINT('',(0.,0.,2.));
#1451=DIRECTION('',(0.,0.,1.));
#1452=DIRECTION('',(1.,0.,0.));
#1453=FACE_BOUND('',#1454,.T.);
#1454=EDGE_LOOP('',(#2500,#2501,#2502,#2503,#2504,#2505));
#1455=PLANE('',#1456);
#1456=AXIS2_PLACEMENT_3D('',#1457,#1458,#1459);
#1457=CARTESIAN_POINT('',(-1.8,0.,0.));
#1458=DIRECTION('',(-1.,0.,0.));
#1459=DIRECTION('',(0.,0.,1.));
#1460=FACE_BOUND('',#1461,.T.);
#1461=EDGE_LOOP('',(#2506,#2507,#2508,#2509));
#1462=PLANE('',#1463);
#1463=AXIS2_PLACEMENT_3D('',#1464,#1465,#1466);
#1464=CARTESIAN_POINT('',(12.5,-0.4,3.));
#1465=DIRECTION('',(-0.,-0.,-1.));
#1466=DIRECTION('',(0.,-1.,0.));
#1467=FACE_BOUND('',#1468,.T.);
#1468=EDGE_LOOP('',(#2510,#2511,#2512,#2513,#2514,#2515,#2516,#2517));
#1469=PLANE('',#1470);
#1470=AXIS2_PLACEMENT_3D('',#1471,#1472,#1473);
#1471=CARTESIAN_POINT('',(-2.5,0.,0.));
#1472=DIRECTION('',(-1.,0.,0.));
#1473=DIRECTION('',(0.,0.,1.));
#1474=FACE_BOUND('',#1475,.T.);
#1475=EDGE_LOOP('',(#2518,#2519,#2520,#2521));
#1476=PLANE('',#1477);
#1477=AXIS2_PLACEMENT_3D('',#1478,#1479,#1480);
#1478=CARTESIAN_POINT('',(0.,0.,7.));
#1479=DIRECTION('',(0.,0.,1.));
#1480=DIRECTION('',(1.,0.,0.));
#1481=FACE_BOUND('',#1482,.T.);
#1482=EDGE_LOOP('',(#2522,#2523,#2524,#2525));
#1483=PLANE('',#1484);
#1484=AXIS2_PLACEMENT_3D('',#1485,#1486,#1487);
#1485=CARTESIAN_POINT('',(-1.25,-1.5,7.));
#1486=DIRECTION('',(-0.707106781186548,-0.,-0.707106781186547));
#1487=DIRECTION('',(0.707106781186547,0.,-0.707106781186548));
#1488=FACE_BOUND('',#1489,.T.);
#1489=EDGE_LOOP('',(#2526,#2527,#2528,#2529));
#1490=PLANE('',#1491);
#1491=AXIS2_PLACEMENT_3D('',#1492,#1493,#1494);
#1492=CARTESIAN_POINT('',(-0.85,-1.5,6.6));
#1493=DIRECTION('',(-0.707106781186548,0.,0.707106781186547));
#1494=DIRECTION('',(-0.707106781186547,0.,-0.707106781186548));
#1495=FACE_BOUND('',#1496,.T.);
#1496=EDGE_LOOP('',(#2530,#2531,#2532,#2533));
#1497=PLANE('',#1498);
#1498=AXIS2_PLACEMENT_3D('',#1499,#1500,#1501);
#1499=CARTESIAN_POINT('',(-1.25,-1.5,6.2));
#1500=DIRECTION('',(-1.,-0.,-0.));
#1501=DIRECTION('',(0.,0.,-1.));
#1502=FACE_BOUND('',#1503,.T.);
#1503=EDGE_LOOP('',(#2534,#2535,#2536,#2537));
#1504=CYLINDRICAL_SURFACE('',#1505,0.6);
#1505=AXIS2_PLACEMENT_3D('',#1506,#1507,#1508);
#1506=CARTESIAN_POINT('',(-0.65,-1.5,3.6));
#1507=DIRECTION('',(0.,-1.,0.));
#1508=DIRECTION('',(-1.,0.,0.));
#1509=FACE_BOUND('',#1510,.T.);
#1510=EDGE_LOOP('',(#2538,#2539,#2540,#2541));
#1511=PLANE('',#1512);
#1512=AXIS2_PLACEMENT_3D('',#1513,#1514,#1515);
#1513=CARTESIAN_POINT('',(-0.65,-1.5,3.));
#1514=DIRECTION('',(0.,0.,-1.));
#1515=DIRECTION('',(1.,0.,0.));
#1516=FACE_BOUND('',#1517,.T.);
#1517=EDGE_LOOP('',(#2542,#2543,#2544,#2545));
#1518=PLANE('',#1519);
#1519=AXIS2_PLACEMENT_3D('',#1520,#1521,#1522);
#1520=CARTESIAN_POINT('',(1.25,-1.5,3.));
#1521=DIRECTION('',(1.,0.,-0.));
#1522=DIRECTION('',(0.,0.,1.));
#1523=FACE_BOUND('',#1524,.T.);
#1524=EDGE_LOOP('',(#2546,#2547,#2548,#2549));
#1525=PLANE('',#1526);
#1526=AXIS2_PLACEMENT_3D('',#1527,#1528,#1529);
#1527=CARTESIAN_POINT('',(0.,0.,0.));
#1528=DIRECTION('',(0.,0.,1.));
#1529=DIRECTION('',(1.,0.,0.));
#1530=FACE_BOUND('',#1531,.T.);
#1531=EDGE_LOOP('',(#2550,#2551,#2552,#2553));
#1532=PLANE('',#1533);
#1533=AXIS2_PLACEMENT_3D('',#1534,#1535,#1536);
#1534=CARTESIAN_POINT('',(-0.85,-2.2,0.4));
#1535=DIRECTION('',(-1.,0.,0.));
#1536=DIRECTION('',(0.,1.,0.));
#1537=FACE_BOUND('',#1538,.T.);
#1538=EDGE_LOOP('',(#2554,#2555,#2556,#2557));
#1539=FACE_BOUND('',#1540,.T.);
#1540=EDGE_LOOP('',(#2558,#2559,#2560,#2561));
#1541=PLANE('',#1542);
#1542=AXIS2_PLACEMENT_3D('',#1543,#1544,#1545);
#1543=CARTESIAN_POINT('',(0.,0.,0.4));
#1544=DIRECTION('',(-0.,0.,-1.));
#1545=DIRECTION('',(-1.,0.,0.));
#1546=FACE_BOUND('',#1547,.T.);
#1547=EDGE_LOOP('',(#2562,#2563,#2564,#2565));
#1548=PLANE('',#1549);
#1549=AXIS2_PLACEMENT_3D('',#1550,#1551,#1552);
#1550=CARTESIAN_POINT('',(0.85,3.55,0.4));
#1551=DIRECTION('',(1.,0.,0.));
#1552=DIRECTION('',(0.,-1.,0.));
#1553=FACE_BOUND('',#1554,.T.);
#1554=EDGE_LOOP('',(#2566,#2567,#2568,#2569));
#1555=PLANE('',#1556);
#1556=AXIS2_PLACEMENT_3D('',#1557,#1558,#1559);
#1557=CARTESIAN_POINT('',(0.,0.,0.));
#1558=DIRECTION('',(0.,0.,1.));
#1559=DIRECTION('',(1.,0.,0.));
#1560=FACE_BOUND('',#1561,.T.);
#1561=EDGE_LOOP('',(#2570,#2571,#2572,#2573));
#1562=PLANE('',#1563);
#1563=AXIS2_PLACEMENT_3D('',#1564,#1565,#1566);
#1564=CARTESIAN_POINT('',(1.65,-2.2,0.4));
#1565=DIRECTION('',(-1.,0.,0.));
#1566=DIRECTION('',(0.,1.,0.));
#1567=FACE_BOUND('',#1568,.T.);
#1568=EDGE_LOOP('',(#2574,#2575,#2576,#2577));
#1569=FACE_BOUND('',#1570,.T.);
#1570=EDGE_LOOP('',(#2578,#2579,#2580,#2581));
#1571=PLANE('',#1572);
#1572=AXIS2_PLACEMENT_3D('',#1573,#1574,#1575);
#1573=CARTESIAN_POINT('',(2.5,0.,0.4));
#1574=DIRECTION('',(-0.,0.,-1.));
#1575=DIRECTION('',(-1.,0.,0.));
#1576=FACE_BOUND('',#1577,.T.);
#1577=EDGE_LOOP('',(#2582,#2583,#2584,#2585));
#1578=PLANE('',#1579);
#1579=AXIS2_PLACEMENT_3D('',#1580,#1581,#1582);
#1580=CARTESIAN_POINT('',(3.35,3.55,0.4));
#1581=DIRECTION('',(1.,0.,0.));
#1582=DIRECTION('',(0.,-1.,0.));
#1583=FACE_BOUND('',#1584,.T.);
#1584=EDGE_LOOP('',(#2586,#2587,#2588,#2589));
#1585=PLANE('',#1586);
#1586=AXIS2_PLACEMENT_3D('',#1587,#1588,#1589);
#1587=CARTESIAN_POINT('',(0.,0.,0.));
#1588=DIRECTION('',(0.,0.,1.));
#1589=DIRECTION('',(1.,0.,0.));
#1590=FACE_BOUND('',#1591,.T.);
#1591=EDGE_LOOP('',(#2590,#2591,#2592,#2593));
#1592=PLANE('',#1593);
#1593=AXIS2_PLACEMENT_3D('',#1594,#1595,#1596);
#1594=CARTESIAN_POINT('',(4.15,-2.2,0.4));
#1595=DIRECTION('',(-1.,0.,0.));
#1596=DIRECTION('',(0.,1.,0.));
#1597=FACE_BOUND('',#1598,.T.);
#1598=EDGE_LOOP('',(#2594,#2595,#2596,#2597));
#1599=FACE_BOUND('',#1600,.T.);
#1600=EDGE_LOOP('',(#2598,#2599,#2600,#2601));
#1601=PLANE('',#1602);
#1602=AXIS2_PLACEMENT_3D('',#1603,#1604,#1605);
#1603=CARTESIAN_POINT('',(5.,0.,0.4));
#1604=DIRECTION('',(-0.,0.,-1.));
#1605=DIRECTION('',(-1.,0.,0.));
#1606=FACE_BOUND('',#1607,.T.);
#1607=EDGE_LOOP('',(#2602,#2603,#2604,#2605));
#1608=PLANE('',#1609);
#1609=AXIS2_PLACEMENT_3D('',#1610,#1611,#1612);
#1610=CARTESIAN_POINT('',(5.85,3.55,0.4));
#1611=DIRECTION('',(1.,0.,0.));
#1612=DIRECTION('',(0.,-1.,0.));
#1613=FACE_BOUND('',#1614,.T.);
#1614=EDGE_LOOP('',(#2606,#2607,#2608,#2609));
#1615=PLANE('',#1616);
#1616=AXIS2_PLACEMENT_3D('',#1617,#1618,#1619);
#1617=CARTESIAN_POINT('',(0.,0.,0.));
#1618=DIRECTION('',(0.,0.,1.));
#1619=DIRECTION('',(1.,0.,0.));
#1620=FACE_BOUND('',#1621,.T.);
#1621=EDGE_LOOP('',(#2610,#2611,#2612,#2613));
#1622=PLANE('',#1623);
#1623=AXIS2_PLACEMENT_3D('',#1624,#1625,#1626);
#1624=CARTESIAN_POINT('',(6.65,-2.2,0.4));
#1625=DIRECTION('',(-1.,0.,0.));
#1626=DIRECTION('',(0.,1.,0.));
#1627=FACE_BOUND('',#1628,.T.);
#1628=EDGE_LOOP('',(#2614,#2615,#2616,#2617));
#1629=FACE_BOUND('',#1630,.T.);
#1630=EDGE_LOOP('',(#2618,#2619,#2620,#2621));
#1631=PLANE('',#1632);
#1632=AXIS2_PLACEMENT_3D('',#1633,#1634,#1635);
#1633=CARTESIAN_POINT('',(7.5,0.,0.4));
#1634=DIRECTION('',(-0.,0.,-1.));
#1635=DIRECTION('',(-1.,0.,0.));
#1636=FACE_BOUND('',#1637,.T.);
#1637=EDGE_LOOP('',(#2622,#2623,#2624,#2625));
#1638=PLANE('',#1639);
#1639=AXIS2_PLACEMENT_3D('',#1640,#1641,#1642);
#1640=CARTESIAN_POINT('',(8.35,3.55,0.4));
#1641=DIRECTION('',(1.,0.,0.));
#1642=DIRECTION('',(0.,-1.,0.));
#1643=FACE_BOUND('',#1644,.T.);
#1644=EDGE_LOOP('',(#2626,#2627,#2628,#2629));
#1645=PLANE('',#1646);
#1646=AXIS2_PLACEMENT_3D('',#1647,#1648,#1649);
#1647=CARTESIAN_POINT('',(0.,0.,0.));
#1648=DIRECTION('',(0.,0.,1.));
#1649=DIRECTION('',(1.,0.,0.));
#1650=FACE_BOUND('',#1651,.T.);
#1651=EDGE_LOOP('',(#2630,#2631,#2632,#2633));
#1652=PLANE('',#1653);
#1653=AXIS2_PLACEMENT_3D('',#1654,#1655,#1656);
#1654=CARTESIAN_POINT('',(9.15,-2.2,0.4));
#1655=DIRECTION('',(-1.,0.,0.));
#1656=DIRECTION('',(0.,1.,0.));
#1657=FACE_BOUND('',#1658,.T.);
#1658=EDGE_LOOP('',(#2634,#2635,#2636,#2637));
#1659=FACE_BOUND('',#1660,.T.);
#1660=EDGE_LOOP('',(#2638,#2639,#2640,#2641));
#1661=PLANE('',#1662);
#1662=AXIS2_PLACEMENT_3D('',#1663,#1664,#1665);
#1663=CARTESIAN_POINT('',(10.,0.,0.4));
#1664=DIRECTION('',(-0.,0.,-1.));
#1665=DIRECTION('',(-1.,0.,0.));
#1666=FACE_BOUND('',#1667,.T.);
#1667=EDGE_LOOP('',(#2642,#2643,#2644,#2645));
#1668=PLANE('',#1669);
#1669=AXIS2_PLACEMENT_3D('',#1670,#1671,#1672);
#1670=CARTESIAN_POINT('',(10.85,3.55,0.4));
#1671=DIRECTION('',(1.,0.,0.));
#1672=DIRECTION('',(0.,-1.,0.));
#1673=FACE_BOUND('',#1674,.T.);
#1674=EDGE_LOOP('',(#2646,#2647,#2648,#2649));
#1675=PLANE('',#1676);
#1676=AXIS2_PLACEMENT_3D('',#1677,#1678,#1679);
#1677=CARTESIAN_POINT('',(0.,0.,0.));
#1678=DIRECTION('',(0.,0.,1.));
#1679=DIRECTION('',(1.,0.,0.));
#1680=FACE_BOUND('',#1681,.T.);
#1681=EDGE_LOOP('',(#2650,#2651,#2652,#2653,#2654));
#1682=PLANE('',#1683);
#1683=AXIS2_PLACEMENT_3D('',#1684,#1685,#1686);
#1684=CARTESIAN_POINT('',(12.5,-0.4,7.));
#1685=DIRECTION('',(0.,1.,0.));
#1686=DIRECTION('',(0.,0.,-1.));
#1687=FACE_BOUND('',#1688,.T.);
#1688=EDGE_LOOP('',(#2655,#2656,#2657,#2658,#2659,#2660,#2661,#2662,#2663,#2664,
#2665,#2666,#2667,#2668,#2669,#2670,#2671,#2672,#2673,#2674,#2675,#2676,#2677,#2678));
#1689=PLANE('',#1690);
#1690=AXIS2_PLACEMENT_3D('',#1691,#1692,#1693);
#1691=CARTESIAN_POINT('',(1.25,3.55,0.));
#1692=DIRECTION('',(0.,1.,-0.));
#1693=DIRECTION('',(-1.,0.,0.));
#1694=FACE_BOUND('',#1695,.T.);
#1695=EDGE_LOOP('',(#2679,#2680,#2681,#2682,#2683,#2684,#2685,#2686));
#1696=PLANE('',#1697);
#1697=AXIS2_PLACEMENT_3D('',#1698,#1699,#1700);
#1698=CARTESIAN_POINT('',(0.,0.,7.));
#1699=DIRECTION('',(0.,0.,1.));
#1700=DIRECTION('',(1.,0.,0.));
#1701=FACE_BOUND('',#1702,.T.);
#1702=EDGE_LOOP('',(#2687,#2688,#2689,#2690));
#1703=PLANE('',#1704);
#1704=AXIS2_PLACEMENT_3D('',#1705,#1706,#1707);
#1705=CARTESIAN_POINT('',(12.1,4.05,7.));
#1706=DIRECTION('',(0.707106781186545,-2.22313976450799E-016,-0.70710678118655));
#1707=DIRECTION('',(-3.14399440601814E-016,-1.,0.));
#1708=FACE_BOUND('',#1709,.T.);
#1709=EDGE_LOOP('',(#2691,#2692,#2693,#2694));
#1710=PLANE('',#1711);
#1711=AXIS2_PLACEMENT_3D('',#1712,#1713,#1714);
#1712=CARTESIAN_POINT('',(1.25,2.85,2.));
#1713=DIRECTION('',(0.,1.,-0.));
#1714=DIRECTION('',(-1.,0.,0.));
#1715=FACE_BOUND('',#1716,.T.);
#1716=EDGE_LOOP('',(#2695,#2696,#2697,#2698));
#1717=PLANE('',#1718);
#1718=AXIS2_PLACEMENT_3D('',#1719,#1720,#1721);
#1719=CARTESIAN_POINT('',(2.82,0.32,-3.5));
#1720=DIRECTION('',(0.,1.,-0.));
#1721=DIRECTION('',(-1.,0.,0.));
#1722=FACE_BOUND('',#1723,.T.);
#1723=EDGE_LOOP('',(#2699,#2700,#2701,#2702));
#1724=PLANE('',#1725);
#1725=AXIS2_PLACEMENT_3D('',#1726,#1727,#1728);
#1726=CARTESIAN_POINT('',(2.82,-0.32,-3.5));
#1727=DIRECTION('',(1.,0.,0.));
#1728=DIRECTION('',(0.,1.,0.));
#1729=FACE_BOUND('',#1730,.T.);
#1730=EDGE_LOOP('',(#2703,#2704,#2705,#2706));
#1731=PLANE('',#1732);
#1732=AXIS2_PLACEMENT_3D('',#1733,#1734,#1735);
#1733=CARTESIAN_POINT('',(2.18,-0.32,-3.5));
#1734=DIRECTION('',(0.,-1.,0.));
#1735=DIRECTION('',(1.,0.,0.));
#1736=FACE_BOUND('',#1737,.T.);
#1737=EDGE_LOOP('',(#2707,#2708,#2709,#2710));
#1738=PLANE('',#1739);
#1739=AXIS2_PLACEMENT_3D('',#1740,#1741,#1742);
#1740=CARTESIAN_POINT('',(2.18,0.32,-3.5));
#1741=DIRECTION('',(-1.,0.,0.));
#1742=DIRECTION('',(0.,-1.,0.));
#1743=FACE_BOUND('',#1744,.T.);
#1744=EDGE_LOOP('',(#2711,#2712,#2713,#2714));
#1745=PLANE('',#1746);
#1746=AXIS2_PLACEMENT_3D('',#1747,#1748,#1749);
#1747=CARTESIAN_POINT('',(5.32,0.32,-3.5));
#1748=DIRECTION('',(0.,1.,-0.));
#1749=DIRECTION('',(-1.,0.,0.));
#1750=FACE_BOUND('',#1751,.T.);
#1751=EDGE_LOOP('',(#2715,#2716,#2717,#2718));
#1752=PLANE('',#1753);
#1753=AXIS2_PLACEMENT_3D('',#1754,#1755,#1756);
#1754=CARTESIAN_POINT('',(5.32,-0.32,-3.5));
#1755=DIRECTION('',(1.,0.,0.));
#1756=DIRECTION('',(0.,1.,0.));
#1757=FACE_BOUND('',#1758,.T.);
#1758=EDGE_LOOP('',(#2719,#2720,#2721,#2722));
#1759=PLANE('',#1760);
#1760=AXIS2_PLACEMENT_3D('',#1761,#1762,#1763);
#1761=CARTESIAN_POINT('',(4.68,-0.32,-3.5));
#1762=DIRECTION('',(0.,-1.,0.));
#1763=DIRECTION('',(1.,0.,0.));
#1764=FACE_BOUND('',#1765,.T.);
#1765=EDGE_LOOP('',(#2723,#2724,#2725,#2726));
#1766=PLANE('',#1767);
#1767=AXIS2_PLACEMENT_3D('',#1768,#1769,#1770);
#1768=CARTESIAN_POINT('',(4.68,0.32,-3.5));
#1769=DIRECTION('',(-1.,0.,0.));
#1770=DIRECTION('',(0.,-1.,0.));
#1771=FACE_BOUND('',#1772,.T.);
#1772=EDGE_LOOP('',(#2727,#2728,#2729,#2730));
#1773=PLANE('',#1774);
#1774=AXIS2_PLACEMENT_3D('',#1775,#1776,#1777);
#1775=CARTESIAN_POINT('',(7.82,0.32,-3.5));
#1776=DIRECTION('',(0.,1.,-0.));
#1777=DIRECTION('',(-1.,0.,0.));
#1778=FACE_BOUND('',#1779,.T.);
#1779=EDGE_LOOP('',(#2731,#2732,#2733,#2734));
#1780=PLANE('',#1781);
#1781=AXIS2_PLACEMENT_3D('',#1782,#1783,#1784);
#1782=CARTESIAN_POINT('',(7.82,-0.32,-3.5));
#1783=DIRECTION('',(1.,0.,0.));
#1784=DIRECTION('',(0.,1.,0.));
#1785=FACE_BOUND('',#1786,.T.);
#1786=EDGE_LOOP('',(#2735,#2736,#2737,#2738));
#1787=PLANE('',#1788);
#1788=AXIS2_PLACEMENT_3D('',#1789,#1790,#1791);
#1789=CARTESIAN_POINT('',(7.18,-0.32,-3.5));
#1790=DIRECTION('',(0.,-1.,0.));
#1791=DIRECTION('',(1.,0.,0.));
#1792=FACE_BOUND('',#1793,.T.);
#1793=EDGE_LOOP('',(#2739,#2740,#2741,#2742));
#1794=PLANE('',#1795);
#1795=AXIS2_PLACEMENT_3D('',#1796,#1797,#1798);
#1796=CARTESIAN_POINT('',(7.18,0.32,-3.5));
#1797=DIRECTION('',(-1.,0.,0.));
#1798=DIRECTION('',(0.,-1.,0.));
#1799=FACE_BOUND('',#1800,.T.);
#1800=EDGE_LOOP('',(#2743,#2744,#2745,#2746));
#1801=PLANE('',#1802);
#1802=AXIS2_PLACEMENT_3D('',#1803,#1804,#1805);
#1803=CARTESIAN_POINT('',(10.32,0.32,-3.5));
#1804=DIRECTION('',(0.,1.,-0.));
#1805=DIRECTION('',(-1.,0.,0.));
#1806=FACE_BOUND('',#1807,.T.);
#1807=EDGE_LOOP('',(#2747,#2748,#2749,#2750));
#1808=PLANE('',#1809);
#1809=AXIS2_PLACEMENT_3D('',#1810,#1811,#1812);
#1810=CARTESIAN_POINT('',(10.32,-0.32,-3.5));
#1811=DIRECTION('',(1.,0.,0.));
#1812=DIRECTION('',(0.,1.,0.));
#1813=FACE_BOUND('',#1814,.T.);
#1814=EDGE_LOOP('',(#2751,#2752,#2753,#2754));
#1815=PLANE('',#1816);
#1816=AXIS2_PLACEMENT_3D('',#1817,#1818,#1819);
#1817=CARTESIAN_POINT('',(9.68,-0.32,-3.5));
#1818=DIRECTION('',(0.,-1.,0.));
#1819=DIRECTION('',(1.,0.,0.));
#1820=FACE_BOUND('',#1821,.T.);
#1821=EDGE_LOOP('',(#2755,#2756,#2757,#2758));
#1822=PLANE('',#1823);
#1823=AXIS2_PLACEMENT_3D('',#1824,#1825,#1826);
#1824=CARTESIAN_POINT('',(9.68,0.32,-3.5));
#1825=DIRECTION('',(-1.,0.,0.));
#1826=DIRECTION('',(0.,-1.,0.));
#1827=FACE_BOUND('',#1828,.T.);
#1828=EDGE_LOOP('',(#2759,#2760,#2761,#2762));
#1829=PLANE('',#1830);
#1830=AXIS2_PLACEMENT_3D('',#1831,#1832,#1833);
#1831=CARTESIAN_POINT('',(0.32,0.32,-3.5));
#1832=DIRECTION('',(0.,1.,-0.));
#1833=DIRECTION('',(-1.,0.,0.));
#1834=FACE_BOUND('',#1835,.T.);
#1835=EDGE_LOOP('',(#2763,#2764,#2765,#2766));
#1836=PLANE('',#1837);
#1837=AXIS2_PLACEMENT_3D('',#1838,#1839,#1840);
#1838=CARTESIAN_POINT('',(0.32,-0.32,-3.5));
#1839=DIRECTION('',(1.,0.,0.));
#1840=DIRECTION('',(0.,1.,0.));
#1841=FACE_BOUND('',#1842,.T.);
#1842=EDGE_LOOP('',(#2767,#2768,#2769,#2770));
#1843=PLANE('',#1844);
#1844=AXIS2_PLACEMENT_3D('',#1845,#1846,#1847);
#1845=CARTESIAN_POINT('',(-0.32,-0.32,-3.5));
#1846=DIRECTION('',(0.,-1.,0.));
#1847=DIRECTION('',(1.,0.,0.));
#1848=FACE_BOUND('',#1849,.T.);
#1849=EDGE_LOOP('',(#2771,#2772,#2773,#2774));
#1850=PLANE('',#1851);
#1851=AXIS2_PLACEMENT_3D('',#1852,#1853,#1854);
#1852=CARTESIAN_POINT('',(-0.32,0.32,-3.5));
#1853=DIRECTION('',(-1.,0.,0.));
#1854=DIRECTION('',(0.,-1.,0.));
#1855=FACE_BOUND('',#1856,.T.);
#1856=EDGE_LOOP('',(#2775,#2776,#2777,#2778));
#1857=PLANE('',#1858);
#1858=AXIS2_PLACEMENT_3D('',#1859,#1860,#1861);
#1859=CARTESIAN_POINT('',(-2.1,4.05,7.));
#1860=DIRECTION('',(0.707106781186546,5.55784941126999E-017,0.707106781186549));
#1861=DIRECTION('',(7.85998601504536E-017,-1.,6.17045238379134E-033));
#1862=FACE_BOUND('',#1863,.T.);
#1863=EDGE_LOOP('',(#2779,#2780,#2781,#2782,#2783));
#1864=PLANE('',#1865);
#1865=AXIS2_PLACEMENT_3D('',#1866,#1867,#1868);
#1866=CARTESIAN_POINT('',(12.5,-0.4,7.));
#1867=DIRECTION('',(0.,1.,0.));
#1868=DIRECTION('',(0.,0.,-1.));
#1869=FACE_BOUND('',#1870,.T.);
#1870=EDGE_LOOP('',(#2784,#2785,#2786,#2787));
#1871=PLANE('',#1872);
#1872=AXIS2_PLACEMENT_3D('',#1873,#1874,#1875);
#1873=CARTESIAN_POINT('',(0.32,0.32,-3.5));
#1874=DIRECTION('',(0.,1.,-0.));
#1875=DIRECTION('',(-1.,0.,0.));
#1876=FACE_BOUND('',#1877,.T.);
#1877=EDGE_LOOP('',(#2788,#2789,#2790,#2791));
#1878=PLANE('',#1879);
#1879=AXIS2_PLACEMENT_3D('',#1880,#1881,#1882);
#1880=CARTESIAN_POINT('',(-0.32,0.32,-3.5));
#1881=DIRECTION('',(-1.,0.,0.));
#1882=DIRECTION('',(0.,-1.,0.));
#1883=FACE_BOUND('',#1884,.T.);
#1884=EDGE_LOOP('',(#2792,#2793,#2794,#2795));
#1885=PLANE('',#1886);
#1886=AXIS2_PLACEMENT_3D('',#1887,#1888,#1889);
#1887=CARTESIAN_POINT('',(-0.32,-0.32,-3.5));
#1888=DIRECTION('',(0.,-1.,0.));
#1889=DIRECTION('',(1.,0.,0.));
#1890=FACE_BOUND('',#1891,.T.);
#1891=EDGE_LOOP('',(#2796,#2797,#2798,#2799));
#1892=PLANE('',#1893);
#1893=AXIS2_PLACEMENT_3D('',#1894,#1895,#1896);
#1894=CARTESIAN_POINT('',(0.32,-0.32,-3.5));
#1895=DIRECTION('',(1.,0.,0.));
#1896=DIRECTION('',(0.,1.,0.));
#1897=FACE_BOUND('',#1898,.T.);
#1898=EDGE_LOOP('',(#2800,#2801,#2802,#2803));
#1899=PLANE('',#1900);
#1900=AXIS2_PLACEMENT_3D('',#1901,#1902,#1903);
#1901=CARTESIAN_POINT('',(2.82,0.32,-3.5));
#1902=DIRECTION('',(0.,1.,-0.));
#1903=DIRECTION('',(-1.,0.,0.));
#1904=FACE_BOUND('',#1905,.T.);
#1905=EDGE_LOOP('',(#2804,#2805,#2806,#2807));
#1906=PLANE('',#1907);
#1907=AXIS2_PLACEMENT_3D('',#1908,#1909,#1910);
#1908=CARTESIAN_POINT('',(2.18,0.32,-3.5));
#1909=DIRECTION('',(-1.,0.,0.));
#1910=DIRECTION('',(0.,-1.,0.));
#1911=FACE_BOUND('',#1912,.T.);
#1912=EDGE_LOOP('',(#2808,#2809,#2810,#2811));
#1913=PLANE('',#1914);
#1914=AXIS2_PLACEMENT_3D('',#1915,#1916,#1917);
#1915=CARTESIAN_POINT('',(2.18,-0.32,-3.5));
#1916=DIRECTION('',(0.,-1.,0.));
#1917=DIRECTION('',(1.,0.,0.));
#1918=FACE_BOUND('',#1919,.T.);
#1919=EDGE_LOOP('',(#2812,#2813,#2814,#2815));
#1920=PLANE('',#1921);
#1921=AXIS2_PLACEMENT_3D('',#1922,#1923,#1924);
#1922=CARTESIAN_POINT('',(2.82,-0.32,-3.5));
#1923=DIRECTION('',(1.,0.,0.));
#1924=DIRECTION('',(0.,1.,0.));
#1925=FACE_BOUND('',#1926,.T.);
#1926=EDGE_LOOP('',(#2816,#2817,#2818,#2819));
#1927=PLANE('',#1928);
#1928=AXIS2_PLACEMENT_3D('',#1929,#1930,#1931);
#1929=CARTESIAN_POINT('',(5.32,0.32,-3.5));
#1930=DIRECTION('',(0.,1.,-0.));
#1931=DIRECTION('',(-1.,0.,0.));
#1932=FACE_BOUND('',#1933,.T.);
#1933=EDGE_LOOP('',(#2820,#2821,#2822,#2823));
#1934=PLANE('',#1935);
#1935=AXIS2_PLACEMENT_3D('',#1936,#1937,#1938);
#1936=CARTESIAN_POINT('',(4.68,0.32,-3.5));
#1937=DIRECTION('',(-1.,0.,0.));
#1938=DIRECTION('',(0.,-1.,0.));
#1939=FACE_BOUND('',#1940,.T.);
#1940=EDGE_LOOP('',(#2824,#2825,#2826,#2827));
#1941=PLANE('',#1942);
#1942=AXIS2_PLACEMENT_3D('',#1943,#1944,#1945);
#1943=CARTESIAN_POINT('',(4.68,-0.32,-3.5));
#1944=DIRECTION('',(0.,-1.,0.));
#1945=DIRECTION('',(1.,0.,0.));
#1946=FACE_BOUND('',#1947,.T.);
#1947=EDGE_LOOP('',(#2828,#2829,#2830,#2831));
#1948=PLANE('',#1949);
#1949=AXIS2_PLACEMENT_3D('',#1950,#1951,#1952);
#1950=CARTESIAN_POINT('',(5.32,-0.32,-3.5));
#1951=DIRECTION('',(1.,0.,0.));
#1952=DIRECTION('',(0.,1.,0.));
#1953=FACE_BOUND('',#1954,.T.);
#1954=EDGE_LOOP('',(#2832,#2833,#2834,#2835));
#1955=PLANE('',#1956);
#1956=AXIS2_PLACEMENT_3D('',#1957,#1958,#1959);
#1957=CARTESIAN_POINT('',(7.82,0.32,-3.5));
#1958=DIRECTION('',(0.,1.,-0.));
#1959=DIRECTION('',(-1.,0.,0.));
#1960=FACE_BOUND('',#1961,.T.);
#1961=EDGE_LOOP('',(#2836,#2837,#2838,#2839));
#1962=PLANE('',#1963);
#1963=AXIS2_PLACEMENT_3D('',#1964,#1965,#1966);
#1964=CARTESIAN_POINT('',(7.18,0.32,-3.5));
#1965=DIRECTION('',(-1.,0.,0.));
#1966=DIRECTION('',(0.,-1.,0.));
#1967=FACE_BOUND('',#1968,.T.);
#1968=EDGE_LOOP('',(#2840,#2841,#2842,#2843));
#1969=PLANE('',#1970);
#1970=AXIS2_PLACEMENT_3D('',#1971,#1972,#1973);
#1971=CARTESIAN_POINT('',(7.18,-0.32,-3.5));
#1972=DIRECTION('',(0.,-1.,0.));
#1973=DIRECTION('',(1.,0.,0.));
#1974=FACE_BOUND('',#1975,.T.);
#1975=EDGE_LOOP('',(#2844,#2845,#2846,#2847));
#1976=PLANE('',#1977);
#1977=AXIS2_PLACEMENT_3D('',#1978,#1979,#1980);
#1978=CARTESIAN_POINT('',(7.82,-0.32,-3.5));
#1979=DIRECTION('',(1.,0.,0.));
#1980=DIRECTION('',(0.,1.,0.));
#1981=FACE_BOUND('',#1982,.T.);
#1982=EDGE_LOOP('',(#2848,#2849,#2850,#2851));
#1983=PLANE('',#1984);
#1984=AXIS2_PLACEMENT_3D('',#1985,#1986,#1987);
#1985=CARTESIAN_POINT('',(10.32,0.32,-3.5));
#1986=DIRECTION('',(0.,1.,-0.));
#1987=DIRECTION('',(-1.,0.,0.));
#1988=FACE_BOUND('',#1989,.T.);
#1989=EDGE_LOOP('',(#2852,#2853,#2854,#2855));
#1990=PLANE('',#1991);
#1991=AXIS2_PLACEMENT_3D('',#1992,#1993,#1994);
#1992=CARTESIAN_POINT('',(9.68,0.32,-3.5));
#1993=DIRECTION('',(-1.,0.,0.));
#1994=DIRECTION('',(0.,-1.,0.));
#1995=FACE_BOUND('',#1996,.T.);
#1996=EDGE_LOOP('',(#2856,#2857,#2858,#2859));
#1997=PLANE('',#1998);
#1998=AXIS2_PLACEMENT_3D('',#1999,#2000,#2001);
#1999=CARTESIAN_POINT('',(9.68,-0.32,-3.5));
#2000=DIRECTION('',(0.,-1.,0.));
#2001=DIRECTION('',(1.,0.,0.));
#2002=FACE_BOUND('',#2003,.T.);
#2003=EDGE_LOOP('',(#2860,#2861,#2862,#2863));
#2004=PLANE('',#2005);
#2005=AXIS2_PLACEMENT_3D('',#2006,#2007,#2008);
#2006=CARTESIAN_POINT('',(10.32,-0.32,-3.5));
#2007=DIRECTION('',(1.,0.,0.));
#2008=DIRECTION('',(0.,1.,0.));
#2009=FACE_BOUND('',#2010,.T.);
#2010=EDGE_LOOP('',(#2864,#2865,#2866,#2867));
#2011=PLANE('',#2012);
#2012=AXIS2_PLACEMENT_3D('',#2013,#2014,#2015);
#2013=CARTESIAN_POINT('',(13.,3.15,7.));
#2014=DIRECTION('',(-1.96261557335472E-017,-0.707106781186549,0.707106781186546));
#2015=DIRECTION('',(-1.,2.77555756156289E-017,0.));
#2016=FACE_BOUND('',#2017,.T.);
#2017=EDGE_LOOP('',(#2868,#2869,#2870,#2871));
#2018=PLANE('',#2019);
#2019=AXIS2_PLACEMENT_3D('',#2020,#2021,#2022);
#2020=CARTESIAN_POINT('',(3.76641016151378,0.32,6.12679491924311));
#2021=DIRECTION('',(1.8151898764984E-016,0.965925826289069,0.258819045102519));
#2022=DIRECTION('',(-1.,3.76053679555885E-032,7.01335512531312E-016));
#2023=FACE_BOUND('',#2024,.T.);
#2024=EDGE_LOOP('',(#2872,#2873,#2874,#2875));
#2025=PLANE('',#2026);
#2026=AXIS2_PLACEMENT_3D('',#2027,#2028,#2029);
#2027=CARTESIAN_POINT('',(2.82,-1.26641016151378,6.12679491924311));
#2028=DIRECTION('',(0.965925826289069,-1.8151898764984E-016,0.258819045102519));
#2029=DIRECTION('',(3.76053679555885E-032,1.,7.01335512531312E-016));
#2030=FACE_BOUND('',#2031,.T.);
#2031=EDGE_LOOP('',(#2876,#2877,#2878,#2879));
#2032=PLANE('',#2033);
#2033=AXIS2_PLACEMENT_3D('',#2034,#2035,#2036);
#2034=CARTESIAN_POINT('',(1.23358983848622,-0.32,6.12679491924311));
#2035=DIRECTION('',(0.,-0.965925826289068,0.258819045102522));
#2036=DIRECTION('',(1.,0.,0.));
#2037=FACE_BOUND('',#2038,.T.);
#2038=EDGE_LOOP('',(#2880,#2881,#2882,#2883));
#2039=PLANE('',#2040);
#2040=AXIS2_PLACEMENT_3D('',#2041,#2042,#2043);
#2041=CARTESIAN_POINT('',(2.18,1.26641016151378,6.12679491924311));
#2042=DIRECTION('',(-0.965925826289069,1.8151898764984E-016,0.258819045102519));
#2043=DIRECTION('',(-3.76053679555885E-032,-1.,7.01335512531312E-016));
#2044=FACE_BOUND('',#2045,.T.);
#2045=EDGE_LOOP('',(#2884,#2885,#2886,#2887));
#2046=PLANE('',#2047);
#2047=AXIS2_PLACEMENT_3D('',#2048,#2049,#2050);
#2048=CARTESIAN_POINT('',(6.26641016151378,0.32,6.12679491924311));
#2049=DIRECTION('',(0.,0.965925826289068,0.258819045102522));
#2050=DIRECTION('',(-1.,0.,0.));
#2051=FACE_BOUND('',#2052,.T.);
#2052=EDGE_LOOP('',(#2888,#2889,#2890,#2891));
#2053=PLANE('',#2054);
#2054=AXIS2_PLACEMENT_3D('',#2055,#2056,#2057);
#2055=CARTESIAN_POINT('',(5.32,-1.26641016151378,6.12679491924311));
#2056=DIRECTION('',(0.965925826289069,-1.81518987649839E-016,0.258819045102518));
#2057=DIRECTION('',(-3.76053679555885E-032,1.,7.01335512531312E-016));
#2058=FACE_BOUND('',#2059,.T.);
#2059=EDGE_LOOP('',(#2892,#2893,#2894,#2895));
#2060=PLANE('',#2061);
#2061=AXIS2_PLACEMENT_3D('',#2062,#2063,#2064);
#2062=CARTESIAN_POINT('',(3.73358983848622,-0.32,6.12679491924311));
#2063=DIRECTION('',(0.,-0.965925826289068,0.258819045102522));
#2064=DIRECTION('',(1.,0.,0.));
#2065=FACE_BOUND('',#2066,.T.);
#2066=EDGE_LOOP('',(#2896,#2897,#2898,#2899));
#2067=PLANE('',#2068);
#2068=AXIS2_PLACEMENT_3D('',#2069,#2070,#2071);
#2069=CARTESIAN_POINT('',(4.68,1.26641016151378,6.12679491924311));
#2070=DIRECTION('',(-0.965925826289069,1.81518987649839E-016,0.258819045102518));
#2071=DIRECTION('',(3.76053679555885E-032,-1.,7.01335512531312E-016));
#2072=FACE_BOUND('',#2073,.T.);
#2073=EDGE_LOOP('',(#2900,#2901,#2902,#2903));
#2074=PLANE('',#2075);
#2075=AXIS2_PLACEMENT_3D('',#2076,#2077,#2078);
#2076=CARTESIAN_POINT('',(8.76641016151378,0.32,6.12679491924311));
#2077=DIRECTION('',(0.,0.965925826289068,0.258819045102522));
#2078=DIRECTION('',(-1.,0.,0.));
#2079=FACE_BOUND('',#2080,.T.);
#2080=EDGE_LOOP('',(#2904,#2905,#2906,#2907));
#2081=PLANE('',#2082);
#2082=AXIS2_PLACEMENT_3D('',#2083,#2084,#2085);
#2083=CARTESIAN_POINT('',(7.82,-1.26641016151378,6.12679491924311));
#2084=DIRECTION('',(0.965925826289069,-1.81518987649839E-016,0.258819045102518));
#2085=DIRECTION('',(-3.76053679555885E-032,1.,7.01335512531312E-016));
#2086=FACE_BOUND('',#2087,.T.);
#2087=EDGE_LOOP('',(#2908,#2909,#2910,#2911));
#2088=PLANE('',#2089);
#2089=AXIS2_PLACEMENT_3D('',#2090,#2091,#2092);
#2090=CARTESIAN_POINT('',(6.23358983848622,-0.32,6.12679491924311));
#2091=DIRECTION('',(0.,-0.965925826289068,0.258819045102522));
#2092=DIRECTION('',(1.,0.,0.));
#2093=FACE_BOUND('',#2094,.T.);
#2094=EDGE_LOOP('',(#2912,#2913,#2914,#2915));
#2095=PLANE('',#2096);
#2096=AXIS2_PLACEMENT_3D('',#2097,#2098,#2099);
#2097=CARTESIAN_POINT('',(7.18,1.26641016151378,6.12679491924311));
#2098=DIRECTION('',(-0.965925826289069,1.81518987649839E-016,0.258819045102518));
#2099=DIRECTION('',(3.76053679555885E-032,-1.,7.01335512531312E-016));
#2100=FACE_BOUND('',#2101,.T.);
#2101=EDGE_LOOP('',(#2916,#2917,#2918,#2919));
#2102=PLANE('',#2103);
#2103=AXIS2_PLACEMENT_3D('',#2104,#2105,#2106);
#2104=CARTESIAN_POINT('',(11.2664101615138,0.32,6.12679491924311));
#2105=DIRECTION('',(1.8151898764984E-016,0.965925826289069,0.25881904510252));
#2106=DIRECTION('',(-1.,0.,7.01335512531312E-016));
#2107=FACE_BOUND('',#2108,.T.);
#2108=EDGE_LOOP('',(#2920,#2921,#2922,#2923));
#2109=PLANE('',#2110);
#2110=AXIS2_PLACEMENT_3D('',#2111,#2112,#2113);
#2111=CARTESIAN_POINT('',(10.32,-1.26641016151378,6.12679491924311));
#2112=DIRECTION('',(0.965925826289069,-1.81518987649839E-016,0.258819045102518));
#2113=DIRECTION('',(-3.76053679555885E-032,1.,7.01335512531312E-016));
#2114=FACE_BOUND('',#2115,.T.);
#2115=EDGE_LOOP('',(#2924,#2925,#2926,#2927));
#2116=PLANE('',#2117);
#2117=AXIS2_PLACEMENT_3D('',#2118,#2119,#2120);
#2118=CARTESIAN_POINT('',(8.73358983848622,-0.32,6.12679491924311));
#2119=DIRECTION('',(-1.8151898764984E-016,-0.965925826289069,0.25881904510252));
#2120=DIRECTION('',(1.,0.,7.01335512531312E-016));
#2121=FACE_BOUND('',#2122,.T.);
#2122=EDGE_LOOP('',(#2928,#2929,#2930,#2931));
#2123=PLANE('',#2124);
#2124=AXIS2_PLACEMENT_3D('',#2125,#2126,#2127);
#2125=CARTESIAN_POINT('',(9.68,1.26641016151378,6.12679491924311));
#2126=DIRECTION('',(-0.965925826289069,1.81518987649839E-016,0.258819045102518));
#2127=DIRECTION('',(3.76053679555885E-032,-1.,7.01335512531312E-016));
#2128=FACE_BOUND('',#2129,.T.);
#2129=EDGE_LOOP('',(#2932,#2933,#2934,#2935));
#2130=PLANE('',#2131);
#2131=AXIS2_PLACEMENT_3D('',#2132,#2133,#2134);
#2132=CARTESIAN_POINT('',(1.26641016151378,0.32,6.12679491924311));
#2133=DIRECTION('',(0.,0.965925826289068,0.258819045102522));
#2134=DIRECTION('',(-1.,0.,0.));
#2135=FACE_BOUND('',#2136,.T.);
#2136=EDGE_LOOP('',(#2936,#2937,#2938,#2939));
#2137=PLANE('',#2138);
#2138=AXIS2_PLACEMENT_3D('',#2139,#2140,#2141);
#2139=CARTESIAN_POINT('',(0.32,-1.26641016151378,6.12679491924311));
#2140=DIRECTION('',(0.965925826289069,-1.8151898764984E-016,0.258819045102519));
#2141=DIRECTION('',(3.76053679555885E-032,1.,7.01335512531312E-016));
#2142=FACE_BOUND('',#2143,.T.);
#2143=EDGE_LOOP('',(#2940,#2941,#2942,#2943));
#2144=PLANE('',#2145);
#2145=AXIS2_PLACEMENT_3D('',#2146,#2147,#2148);
#2146=CARTESIAN_POINT('',(-1.26641016151378,-0.32,6.12679491924311));
#2147=DIRECTION('',(0.,-0.965925826289068,0.258819045102522));
#2148=DIRECTION('',(1.,0.,0.));
#2149=FACE_BOUND('',#2150,.T.);
#2150=EDGE_LOOP('',(#2944,#2945,#2946,#2947));
#2151=PLANE('',#2152);
#2152=AXIS2_PLACEMENT_3D('',#2153,#2154,#2155);
#2153=CARTESIAN_POINT('',(-0.32,1.26641016151378,6.12679491924311));
#2154=DIRECTION('',(-0.965925826289069,1.8151898764984E-016,0.258819045102519));
#2155=DIRECTION('',(-3.76053679555885E-032,-1.,7.01335512531312E-016));
#2156=FACE_BOUND('',#2157,.T.);
#2157=EDGE_LOOP('',(#2948,#2949,#2950,#2951));
#2158=PLANE('',#2159);
#2159=AXIS2_PLACEMENT_3D('',#2160,#2161,#2162);
#2160=CARTESIAN_POINT('',(1.26641016151378,0.32,-3.12679491924311));
#2161=DIRECTION('',(0.,-0.965925826289068,0.258819045102521));
#2162=DIRECTION('',(-1.,0.,0.));
#2163=FACE_BOUND('',#2164,.T.);
#2164=EDGE_LOOP('',(#2952,#2953,#2954,#2955));
#2165=PLANE('',#2166);
#2166=AXIS2_PLACEMENT_3D('',#2167,#2168,#2169);
#2167=CARTESIAN_POINT('',(-0.32,1.26641016151378,-3.12679491924311));
#2168=DIRECTION('',(0.965925826289068,0.,0.258819045102521));
#2169=DIRECTION('',(0.,-1.,0.));
#2170=FACE_BOUND('',#2171,.T.);
#2171=EDGE_LOOP('',(#2956,#2957,#2958,#2959));
#2172=PLANE('',#2173);
#2173=AXIS2_PLACEMENT_3D('',#2174,#2175,#2176);
#2174=CARTESIAN_POINT('',(-1.26641016151378,-0.32,-3.12679491924311));
#2175=DIRECTION('',(-0.,0.965925826289068,0.258819045102521));
#2176=DIRECTION('',(1.,0.,0.));
#2177=FACE_BOUND('',#2178,.T.);
#2178=EDGE_LOOP('',(#2960,#2961,#2962,#2963));
#2179=PLANE('',#2180);
#2180=AXIS2_PLACEMENT_3D('',#2181,#2182,#2183);
#2181=CARTESIAN_POINT('',(0.32,-1.26641016151378,-3.12679491924311));
#2182=DIRECTION('',(-0.965925826289068,0.,0.258819045102521));
#2183=DIRECTION('',(0.,1.,0.));
#2184=FACE_BOUND('',#2185,.T.);
#2185=EDGE_LOOP('',(#2964,#2965,#2966,#2967));
#2186=PLANE('',#2187);
#2187=AXIS2_PLACEMENT_3D('',#2188,#2189,#2190);
#2188=CARTESIAN_POINT('',(3.76641016151378,0.32,-3.12679491924311));
#2189=DIRECTION('',(0.,-0.965925826289068,0.258819045102521));
#2190=DIRECTION('',(-1.,0.,0.));
#2191=FACE_BOUND('',#2192,.T.);
#2192=EDGE_LOOP('',(#2968,#2969,#2970,#2971));
#2193=PLANE('',#2194);
#2194=AXIS2_PLACEMENT_3D('',#2195,#2196,#2197);
#2195=CARTESIAN_POINT('',(2.18,1.26641016151378,-3.12679491924311));
#2196=DIRECTION('',(0.965925826289068,0.,0.258819045102521));
#2197=DIRECTION('',(0.,-1.,0.));
#2198=FACE_BOUND('',#2199,.T.);
#2199=EDGE_LOOP('',(#2972,#2973,#2974,#2975));
#2200=PLANE('',#2201);
#2201=AXIS2_PLACEMENT_3D('',#2202,#2203,#2204);
#2202=CARTESIAN_POINT('',(1.23358983848622,-0.32,-3.12679491924311));
#2203=DIRECTION('',(-0.,0.965925826289068,0.258819045102521));
#2204=DIRECTION('',(1.,0.,0.));
#2205=FACE_BOUND('',#2206,.T.);
#2206=EDGE_LOOP('',(#2976,#2977,#2978,#2979));
#2207=PLANE('',#2208);
#2208=AXIS2_PLACEMENT_3D('',#2209,#2210,#2211);
#2209=CARTESIAN_POINT('',(2.82,-1.26641016151378,-3.12679491924311));
#2210=DIRECTION('',(-0.965925826289068,0.,0.258819045102521));
#2211=DIRECTION('',(0.,1.,0.));
#2212=FACE_BOUND('',#2213,.T.);
#2213=EDGE_LOOP('',(#2980,#2981,#2982,#2983));
#2214=PLANE('',#2215);
#2215=AXIS2_PLACEMENT_3D('',#2216,#2217,#2218);
#2216=CARTESIAN_POINT('',(6.26641016151378,0.32,-3.12679491924311));
#2217=DIRECTION('',(0.,-0.965925826289068,0.258819045102521));
#2218=DIRECTION('',(-1.,0.,0.));
#2219=FACE_BOUND('',#2220,.T.);
#2220=EDGE_LOOP('',(#2984,#2985,#2986,#2987));
#2221=PLANE('',#2222);
#2222=AXIS2_PLACEMENT_3D('',#2223,#2224,#2225);
#2223=CARTESIAN_POINT('',(4.68,1.26641016151378,-3.12679491924311));
#2224=DIRECTION('',(0.965925826289069,0.,0.25881904510252));
#2225=DIRECTION('',(0.,-1.,0.));
#2226=FACE_BOUND('',#2227,.T.);
#2227=EDGE_LOOP('',(#2988,#2989,#2990,#2991));
#2228=PLANE('',#2229);
#2229=AXIS2_PLACEMENT_3D('',#2230,#2231,#2232);
#2230=CARTESIAN_POINT('',(3.73358983848622,-0.32,-3.12679491924311));
#2231=DIRECTION('',(-0.,0.965925826289068,0.258819045102521));
#2232=DIRECTION('',(1.,0.,0.));
#2233=FACE_BOUND('',#2234,.T.);
#2234=EDGE_LOOP('',(#2992,#2993,#2994,#2995));
#2235=PLANE('',#2236);
#2236=AXIS2_PLACEMENT_3D('',#2237,#2238,#2239);
#2237=CARTESIAN_POINT('',(5.32,-1.26641016151378,-3.12679491924311));
#2238=DIRECTION('',(-0.965925826289069,0.,0.25881904510252));
#2239=DIRECTION('',(0.,1.,0.));
#2240=FACE_BOUND('',#2241,.T.);
#2241=EDGE_LOOP('',(#2996,#2997,#2998,#2999));
#2242=PLANE('',#2243);
#2243=AXIS2_PLACEMENT_3D('',#2244,#2245,#2246);
#2244=CARTESIAN_POINT('',(8.76641016151378,0.32,-3.12679491924311));
#2245=DIRECTION('',(0.,-0.965925826289068,0.258819045102521));
#2246=DIRECTION('',(-1.,0.,0.));
#2247=FACE_BOUND('',#2248,.T.);
#2248=EDGE_LOOP('',(#3000,#3001,#3002,#3003));
#2249=PLANE('',#2250);
#2250=AXIS2_PLACEMENT_3D('',#2251,#2252,#2253);
#2251=CARTESIAN_POINT('',(7.18,1.26641016151378,-3.12679491924311));
#2252=DIRECTION('',(0.965925826289069,0.,0.25881904510252));
#2253=DIRECTION('',(0.,-1.,0.));
#2254=FACE_BOUND('',#2255,.T.);
#2255=EDGE_LOOP('',(#3004,#3005,#3006,#3007));
#2256=PLANE('',#2257);
#2257=AXIS2_PLACEMENT_3D('',#2258,#2259,#2260);
#2258=CARTESIAN_POINT('',(6.23358983848622,-0.32,-3.12679491924311));
#2259=DIRECTION('',(-0.,0.965925826289068,0.258819045102521));
#2260=DIRECTION('',(1.,0.,0.));
#2261=FACE_BOUND('',#2262,.T.);
#2262=EDGE_LOOP('',(#3008,#3009,#3010,#3011));
#2263=PLANE('',#2264);
#2264=AXIS2_PLACEMENT_3D('',#2265,#2266,#2267);
#2265=CARTESIAN_POINT('',(7.82,-1.26641016151378,-3.12679491924311));
#2266=DIRECTION('',(-0.965925826289069,0.,0.25881904510252));
#2267=DIRECTION('',(0.,1.,0.));
#2268=FACE_BOUND('',#2269,.T.);
#2269=EDGE_LOOP('',(#3012,#3013,#3014,#3015));
#2270=PLANE('',#2271);
#2271=AXIS2_PLACEMENT_3D('',#2272,#2273,#2274);
#2272=CARTESIAN_POINT('',(11.2664101615138,0.32,-3.12679491924311));
#2273=DIRECTION('',(0.,-0.965925826289068,0.258819045102521));
#2274=DIRECTION('',(-1.,0.,0.));
#2275=FACE_BOUND('',#2276,.T.);
#2276=EDGE_LOOP('',(#3016,#3017,#3018,#3019));
#2277=PLANE('',#2278);
#2278=AXIS2_PLACEMENT_3D('',#2279,#2280,#2281);
#2279=CARTESIAN_POINT('',(9.68,1.26641016151378,-3.12679491924311));
#2280=DIRECTION('',(0.965925826289069,0.,0.25881904510252));
#2281=DIRECTION('',(0.,-1.,0.));
#2282=FACE_BOUND('',#2283,.T.);
#2283=EDGE_LOOP('',(#3020,#3021,#3022,#3023));
#2284=PLANE('',#2285);
#2285=AXIS2_PLACEMENT_3D('',#2286,#2287,#2288);
#2286=CARTESIAN_POINT('',(8.73358983848622,-0.32,-3.12679491924311));
#2287=DIRECTION('',(-0.,0.965925826289068,0.258819045102521));
#2288=DIRECTION('',(1.,0.,0.));
#2289=FACE_BOUND('',#2290,.T.);
#2290=EDGE_LOOP('',(#3024,#3025,#3026,#3027));
#2291=PLANE('',#2292);
#2292=AXIS2_PLACEMENT_3D('',#2293,#2294,#2295);
#2293=CARTESIAN_POINT('',(10.32,-1.26641016151378,-3.12679491924311));
#2294=DIRECTION('',(-0.965925826289069,0.,0.25881904510252));
#2295=DIRECTION('',(0.,1.,0.));
#2296=FACE_BOUND('',#2297,.T.);
#2297=EDGE_LOOP('',(#3028,#3029,#3030,#3031));
#2298=PLANE('',#2299);
#2299=AXIS2_PLACEMENT_3D('',#2300,#2301,#2302);
#2300=CARTESIAN_POINT('',(2.5,0.,6.5));
#2301=DIRECTION('',(0.,0.,1.));
#2302=DIRECTION('',(1.,0.,0.));
#2303=FACE_BOUND('',#2304,.T.);
#2304=EDGE_LOOP('',(#3032,#3033,#3034,#3035));
#2305=PLANE('',#2306);
#2306=AXIS2_PLACEMENT_3D('',#2307,#2308,#2309);
#2307=CARTESIAN_POINT('',(5.,0.,6.5));
#2308=DIRECTION('',(0.,0.,1.));
#2309=DIRECTION('',(1.,0.,0.));
#2310=FACE_BOUND('',#2311,.T.);
#2311=EDGE_LOOP('',(#3036,#3037,#3038,#3039));
#2312=PLANE('',#2313);
#2313=AXIS2_PLACEMENT_3D('',#2314,#2315,#2316);
#2314=CARTESIAN_POINT('',(7.5,0.,6.5));
#2315=DIRECTION('',(0.,0.,1.));
#2316=DIRECTION('',(1.,0.,0.));
#2317=FACE_BOUND('',#2318,.T.);
#2318=EDGE_LOOP('',(#3040,#3041,#3042,#3043));
#2319=PLANE('',#2320);
#2320=AXIS2_PLACEMENT_3D('',#2321,#2322,#2323);
#2321=CARTESIAN_POINT('',(10.,0.,6.5));
#2322=DIRECTION('',(0.,0.,1.));
#2323=DIRECTION('',(1.,0.,0.));
#2324=FACE_BOUND('',#2325,.T.);
#2325=EDGE_LOOP('',(#3044,#3045,#3046,#3047));
#2326=PLANE('',#2327);
#2327=AXIS2_PLACEMENT_3D('',#2328,#2329,#2330);
#2328=CARTESIAN_POINT('',(0.,0.,6.5));
#2329=DIRECTION('',(0.,0.,1.));
#2330=DIRECTION('',(1.,0.,0.));
#2331=FACE_BOUND('',#2332,.T.);
#2332=EDGE_LOOP('',(#3048,#3049,#3050,#3051));
#2333=PLANE('',#2334);
#2334=AXIS2_PLACEMENT_3D('',#2335,#2336,#2337);
#2335=CARTESIAN_POINT('',(0.,0.,-3.5));
#2336=DIRECTION('',(0.,0.,1.));
#2337=DIRECTION('',(1.,0.,0.));
#2338=FACE_BOUND('',#2339,.T.);
#2339=EDGE_LOOP('',(#3052,#3053,#3054,#3055));
#2340=PLANE('',#2341);
#2341=AXIS2_PLACEMENT_3D('',#2342,#2343,#2344);
#2342=CARTESIAN_POINT('',(2.5,0.,-3.5));
#2343=DIRECTION('',(0.,0.,1.));
#2344=DIRECTION('',(1.,0.,0.));
#2345=FACE_BOUND('',#2346,.T.);
#2346=EDGE_LOOP('',(#3056,#3057,#3058,#3059));
#2347=PLANE('',#2348);
#2348=AXIS2_PLACEMENT_3D('',#2349,#2350,#2351);
#2349=CARTESIAN_POINT('',(5.,0.,-3.5));
#2350=DIRECTION('',(0.,0.,1.));
#2351=DIRECTION('',(1.,0.,0.));
#2352=FACE_BOUND('',#2353,.T.);
#2353=EDGE_LOOP('',(#3060,#3061,#3062,#3063));
#2354=PLANE('',#2355);
#2355=AXIS2_PLACEMENT_3D('',#2356,#2357,#2358);
#2356=CARTESIAN_POINT('',(7.5,0.,-3.5));
#2357=DIRECTION('',(0.,0.,1.));
#2358=DIRECTION('',(1.,0.,0.));
#2359=FACE_BOUND('',#2360,.T.);
#2360=EDGE_LOOP('',(#3064,#3065,#3066,#3067));
#2361=PLANE('',#2362);
#2362=AXIS2_PLACEMENT_3D('',#2363,#2364,#2365);
#2363=CARTESIAN_POINT('',(10.,0.,-3.5));
#2364=DIRECTION('',(0.,0.,1.));
#2365=DIRECTION('',(1.,0.,0.));
#2366=ORIENTED_EDGE('',*,*,#3068,.T.);
#2367=ORIENTED_EDGE('',*,*,#3069,.T.);
#2368=ORIENTED_EDGE('',*,*,#3070,.T.);
#2369=ORIENTED_EDGE('',*,*,#3071,.T.);
#2370=ORIENTED_EDGE('',*,*,#3072,.T.);
#2371=ORIENTED_EDGE('',*,*,#3073,.T.);
#2372=ORIENTED_EDGE('',*,*,#3074,.F.);
#2373=ORIENTED_EDGE('',*,*,#3075,.F.);
#2374=ORIENTED_EDGE('',*,*,#3076,.T.);
#2375=ORIENTED_EDGE('',*,*,#3077,.F.);
#2376=ORIENTED_EDGE('',*,*,#3078,.F.);
#2377=ORIENTED_EDGE('',*,*,#3079,.T.);
#2378=ORIENTED_EDGE('',*,*,#3080,.T.);
#2379=ORIENTED_EDGE('',*,*,#3081,.F.);
#2380=ORIENTED_EDGE('',*,*,#3082,.F.);
#2381=ORIENTED_EDGE('',*,*,#3083,.T.);
#2382=ORIENTED_EDGE('',*,*,#3084,.T.);
#2383=ORIENTED_EDGE('',*,*,#3085,.T.);
#2384=ORIENTED_EDGE('',*,*,#3086,.T.);
#2385=ORIENTED_EDGE('',*,*,#3087,.T.);
#2386=ORIENTED_EDGE('',*,*,#3088,.T.);
#2387=ORIENTED_EDGE('',*,*,#3089,.F.);
#2388=ORIENTED_EDGE('',*,*,#3090,.T.);
#2389=ORIENTED_EDGE('',*,*,#3089,.T.);
#2390=ORIENTED_EDGE('',*,*,#3091,.T.);
#2391=ORIENTED_EDGE('',*,*,#3092,.T.);
#2392=ORIENTED_EDGE('',*,*,#3093,.T.);
#2393=ORIENTED_EDGE('',*,*,#3094,.T.);
#2394=ORIENTED_EDGE('',*,*,#3095,.T.);
#2395=ORIENTED_EDGE('',*,*,#3074,.T.);
#2396=ORIENTED_EDGE('',*,*,#3096,.T.);
#2397=ORIENTED_EDGE('',*,*,#3092,.F.);
#2398=ORIENTED_EDGE('',*,*,#3097,.T.);
#2399=ORIENTED_EDGE('',*,*,#3098,.T.);
#2400=ORIENTED_EDGE('',*,*,#3099,.T.);
#2401=ORIENTED_EDGE('',*,*,#3100,.T.);
#2402=ORIENTED_EDGE('',*,*,#3101,.T.);
#2403=ORIENTED_EDGE('',*,*,#3102,.T.);
#2404=ORIENTED_EDGE('',*,*,#3103,.F.);
#2405=ORIENTED_EDGE('',*,*,#3104,.F.);
#2406=ORIENTED_EDGE('',*,*,#3105,.F.);
#2407=ORIENTED_EDGE('',*,*,#3106,.T.);
#2408=ORIENTED_EDGE('',*,*,#3107,.T.);
#2409=ORIENTED_EDGE('',*,*,#3108,.T.);
#2410=ORIENTED_EDGE('',*,*,#3109,.T.);
#2411=ORIENTED_EDGE('',*,*,#3110,.T.);
#2412=ORIENTED_EDGE('',*,*,#3111,.T.);
#2413=ORIENTED_EDGE('',*,*,#3112,.T.);
#2414=ORIENTED_EDGE('',*,*,#3113,.T.);
#2415=ORIENTED_EDGE('',*,*,#3114,.T.);
#2416=ORIENTED_EDGE('',*,*,#3115,.T.);
#2417=ORIENTED_EDGE('',*,*,#3116,.T.);
#2418=ORIENTED_EDGE('',*,*,#3117,.T.);
#2419=ORIENTED_EDGE('',*,*,#3118,.T.);
#2420=ORIENTED_EDGE('',*,*,#3119,.T.);
#2421=ORIENTED_EDGE('',*,*,#3120,.T.);
#2422=ORIENTED_EDGE('',*,*,#3121,.T.);
#2423=ORIENTED_EDGE('',*,*,#3122,.T.);
#2424=ORIENTED_EDGE('',*,*,#3123,.T.);
#2425=ORIENTED_EDGE('',*,*,#3124,.T.);
#2426=ORIENTED_EDGE('',*,*,#3125,.T.);
#2427=ORIENTED_EDGE('',*,*,#3126,.T.);
#2428=ORIENTED_EDGE('',*,*,#3094,.F.);
#2429=ORIENTED_EDGE('',*,*,#3127,.T.);
#2430=ORIENTED_EDGE('',*,*,#3128,.T.);
#2431=ORIENTED_EDGE('',*,*,#3129,.T.);
#2432=ORIENTED_EDGE('',*,*,#3130,.T.);
#2433=ORIENTED_EDGE('',*,*,#3131,.T.);
#2434=ORIENTED_EDGE('',*,*,#3127,.F.);
#2435=ORIENTED_EDGE('',*,*,#3093,.F.);
#2436=ORIENTED_EDGE('',*,*,#3073,.F.);
#2437=ORIENTED_EDGE('',*,*,#3132,.T.);
#2438=ORIENTED_EDGE('',*,*,#3128,.F.);
#2439=ORIENTED_EDGE('',*,*,#3132,.F.);
#2440=ORIENTED_EDGE('',*,*,#3072,.F.);
#2441=ORIENTED_EDGE('',*,*,#3133,.T.);
#2442=ORIENTED_EDGE('',*,*,#3129,.F.);
#2443=ORIENTED_EDGE('',*,*,#3133,.F.);
#2444=ORIENTED_EDGE('',*,*,#3071,.F.);
#2445=ORIENTED_EDGE('',*,*,#3134,.T.);
#2446=ORIENTED_EDGE('',*,*,#3130,.F.);
#2447=ORIENTED_EDGE('',*,*,#3134,.F.);
#2448=ORIENTED_EDGE('',*,*,#3070,.F.);
#2449=ORIENTED_EDGE('',*,*,#3135,.T.);
#2450=ORIENTED_EDGE('',*,*,#3131,.F.);
#2451=ORIENTED_EDGE('',*,*,#3135,.F.);
#2452=ORIENTED_EDGE('',*,*,#3069,.F.);
#2453=ORIENTED_EDGE('',*,*,#3136,.T.);
#2454=ORIENTED_EDGE('',*,*,#3096,.F.);
#2455=ORIENTED_EDGE('',*,*,#3136,.F.);
#2456=ORIENTED_EDGE('',*,*,#3068,.F.);
#2457=ORIENTED_EDGE('',*,*,#3090,.F.);
#2458=ORIENTED_EDGE('',*,*,#3137,.T.);
#2459=ORIENTED_EDGE('',*,*,#3138,.T.);
#2460=ORIENTED_EDGE('',*,*,#3075,.T.);
#2461=ORIENTED_EDGE('',*,*,#3095,.F.);
#2462=ORIENTED_EDGE('',*,*,#3126,.F.);
#2463=ORIENTED_EDGE('',*,*,#3139,.F.);
#2464=ORIENTED_EDGE('',*,*,#3140,.F.);
#2465=ORIENTED_EDGE('',*,*,#3141,.F.);
#2466=ORIENTED_EDGE('',*,*,#3142,.F.);
#2467=ORIENTED_EDGE('',*,*,#3076,.F.);
#2468=ORIENTED_EDGE('',*,*,#3138,.F.);
#2469=ORIENTED_EDGE('',*,*,#3143,.T.);
#2470=ORIENTED_EDGE('',*,*,#3144,.F.);
#2471=ORIENTED_EDGE('',*,*,#3145,.T.);
#2472=ORIENTED_EDGE('',*,*,#3146,.T.);
#2473=ORIENTED_EDGE('',*,*,#3077,.T.);
#2474=ORIENTED_EDGE('',*,*,#3142,.T.);
#2475=ORIENTED_EDGE('',*,*,#3147,.T.);
#2476=ORIENTED_EDGE('',*,*,#3148,.T.);
#2477=ORIENTED_EDGE('',*,*,#3149,.T.);
#2478=ORIENTED_EDGE('',*,*,#3078,.T.);
#2479=ORIENTED_EDGE('',*,*,#3146,.F.);
#2480=ORIENTED_EDGE('',*,*,#3150,.F.);
#2481=ORIENTED_EDGE('',*,*,#3151,.F.);
#2482=ORIENTED_EDGE('',*,*,#3152,.F.);
#2483=ORIENTED_EDGE('',*,*,#3153,.F.);
#2484=ORIENTED_EDGE('',*,*,#3154,.F.);
#2485=ORIENTED_EDGE('',*,*,#3155,.F.);
#2486=ORIENTED_EDGE('',*,*,#3156,.F.);
#2487=ORIENTED_EDGE('',*,*,#3157,.F.);
#2488=ORIENTED_EDGE('',*,*,#3158,.F.);
#2489=ORIENTED_EDGE('',*,*,#3159,.F.);
#2490=ORIENTED_EDGE('',*,*,#3160,.F.);
#2491=ORIENTED_EDGE('',*,*,#3161,.F.);
#2492=ORIENTED_EDGE('',*,*,#3162,.F.);
#2493=ORIENTED_EDGE('',*,*,#3163,.F.);
#2494=ORIENTED_EDGE('',*,*,#3164,.F.);
#2495=ORIENTED_EDGE('',*,*,#3165,.F.);
#2496=ORIENTED_EDGE('',*,*,#3166,.F.);
#2497=ORIENTED_EDGE('',*,*,#3167,.F.);
#2498=ORIENTED_EDGE('',*,*,#3168,.F.);
#2499=ORIENTED_EDGE('',*,*,#3169,.F.);
#2500=ORIENTED_EDGE('',*,*,#3170,.F.);
#2501=ORIENTED_EDGE('',*,*,#3171,.T.);
#2502=ORIENTED_EDGE('',*,*,#3172,.T.);
#2503=ORIENTED_EDGE('',*,*,#3079,.F.);
#2504=ORIENTED_EDGE('',*,*,#3149,.F.);
#2505=ORIENTED_EDGE('',*,*,#3173,.F.);
#2506=ORIENTED_EDGE('',*,*,#3172,.F.);
#2507=ORIENTED_EDGE('',*,*,#3174,.T.);
#2508=ORIENTED_EDGE('',*,*,#3175,.F.);
#2509=ORIENTED_EDGE('',*,*,#3080,.F.);
#2510=ORIENTED_EDGE('',*,*,#3176,.T.);
#2511=ORIENTED_EDGE('',*,*,#3177,.T.);
#2512=ORIENTED_EDGE('',*,*,#3178,.T.);
#2513=ORIENTED_EDGE('',*,*,#3179,.T.);
#2514=ORIENTED_EDGE('',*,*,#3104,.T.);
#2515=ORIENTED_EDGE('',*,*,#3180,.T.);
#2516=ORIENTED_EDGE('',*,*,#3081,.T.);
#2517=ORIENTED_EDGE('',*,*,#3175,.T.);
#2518=ORIENTED_EDGE('',*,*,#3181,.T.);
#2519=ORIENTED_EDGE('',*,*,#3082,.T.);
#2520=ORIENTED_EDGE('',*,*,#3180,.F.);
#2521=ORIENTED_EDGE('',*,*,#3103,.T.);
#2522=ORIENTED_EDGE('',*,*,#3083,.F.);
#2523=ORIENTED_EDGE('',*,*,#3181,.F.);
#2524=ORIENTED_EDGE('',*,*,#3102,.F.);
#2525=ORIENTED_EDGE('',*,*,#3182,.F.);
#2526=ORIENTED_EDGE('',*,*,#3084,.F.);
#2527=ORIENTED_EDGE('',*,*,#3182,.T.);
#2528=ORIENTED_EDGE('',*,*,#3101,.F.);
#2529=ORIENTED_EDGE('',*,*,#3183,.F.);
#2530=ORIENTED_EDGE('',*,*,#3085,.F.);
#2531=ORIENTED_EDGE('',*,*,#3183,.T.);
#2532=ORIENTED_EDGE('',*,*,#3100,.F.);
#2533=ORIENTED_EDGE('',*,*,#3184,.F.);
#2534=ORIENTED_EDGE('',*,*,#3086,.F.);
#2535=ORIENTED_EDGE('',*,*,#3184,.T.);
#2536=ORIENTED_EDGE('',*,*,#3099,.F.);
#2537=ORIENTED_EDGE('',*,*,#3185,.F.);
#2538=ORIENTED_EDGE('',*,*,#3087,.F.);
#2539=ORIENTED_EDGE('',*,*,#3185,.T.);
#2540=ORIENTED_EDGE('',*,*,#3098,.F.);
#2541=ORIENTED_EDGE('',*,*,#3186,.F.);
#2542=ORIENTED_EDGE('',*,*,#3088,.F.);
#2543=ORIENTED_EDGE('',*,*,#3186,.T.);
#2544=ORIENTED_EDGE('',*,*,#3097,.F.);
#2545=ORIENTED_EDGE('',*,*,#3091,.F.);
#2546=ORIENTED_EDGE('',*,*,#3187,.T.);
#2547=ORIENTED_EDGE('',*,*,#3105,.T.);
#2548=ORIENTED_EDGE('',*,*,#3179,.F.);
#2549=ORIENTED_EDGE('',*,*,#3188,.F.);
#2550=ORIENTED_EDGE('',*,*,#3189,.F.);
#2551=ORIENTED_EDGE('',*,*,#3190,.F.);
#2552=ORIENTED_EDGE('',*,*,#3106,.F.);
#2553=ORIENTED_EDGE('',*,*,#3187,.F.);
#2554=ORIENTED_EDGE('',*,*,#3191,.F.);
#2555=ORIENTED_EDGE('',*,*,#3192,.T.);
#2556=ORIENTED_EDGE('',*,*,#3107,.F.);
#2557=ORIENTED_EDGE('',*,*,#3190,.T.);
#2558=ORIENTED_EDGE('',*,*,#3193,.F.);
#2559=ORIENTED_EDGE('',*,*,#3194,.F.);
#2560=ORIENTED_EDGE('',*,*,#3195,.F.);
#2561=ORIENTED_EDGE('',*,*,#3196,.F.);
#2562=ORIENTED_EDGE('',*,*,#3197,.F.);
#2563=ORIENTED_EDGE('',*,*,#3198,.F.);
#2564=ORIENTED_EDGE('',*,*,#3108,.F.);
#2565=ORIENTED_EDGE('',*,*,#3192,.F.);
#2566=ORIENTED_EDGE('',*,*,#3199,.T.);
#2567=ORIENTED_EDGE('',*,*,#3109,.F.);
#2568=ORIENTED_EDGE('',*,*,#3198,.T.);
#2569=ORIENTED_EDGE('',*,*,#3200,.F.);
#2570=ORIENTED_EDGE('',*,*,#3199,.F.);
#2571=ORIENTED_EDGE('',*,*,#3201,.F.);
#2572=ORIENTED_EDGE('',*,*,#3202,.F.);
#2573=ORIENTED_EDGE('',*,*,#3110,.F.);
#2574=ORIENTED_EDGE('',*,*,#3111,.F.);
#2575=ORIENTED_EDGE('',*,*,#3202,.T.);
#2576=ORIENTED_EDGE('',*,*,#3203,.F.);
#2577=ORIENTED_EDGE('',*,*,#3204,.T.);
#2578=ORIENTED_EDGE('',*,*,#3205,.F.);
#2579=ORIENTED_EDGE('',*,*,#3206,.F.);
#2580=ORIENTED_EDGE('',*,*,#3207,.F.);
#2581=ORIENTED_EDGE('',*,*,#3208,.F.);
#2582=ORIENTED_EDGE('',*,*,#3209,.F.);
#2583=ORIENTED_EDGE('',*,*,#3112,.F.);
#2584=ORIENTED_EDGE('',*,*,#3204,.F.);
#2585=ORIENTED_EDGE('',*,*,#3210,.F.);
#2586=ORIENTED_EDGE('',*,*,#3209,.T.);
#2587=ORIENTED_EDGE('',*,*,#3211,.F.);
#2588=ORIENTED_EDGE('',*,*,#3212,.T.);
#2589=ORIENTED_EDGE('',*,*,#3113,.F.);
#2590=ORIENTED_EDGE('',*,*,#3212,.F.);
#2591=ORIENTED_EDGE('',*,*,#3213,.F.);
#2592=ORIENTED_EDGE('',*,*,#3214,.F.);
#2593=ORIENTED_EDGE('',*,*,#3114,.F.);
#2594=ORIENTED_EDGE('',*,*,#3115,.F.);
#2595=ORIENTED_EDGE('',*,*,#3214,.T.);
#2596=ORIENTED_EDGE('',*,*,#3215,.F.);
#2597=ORIENTED_EDGE('',*,*,#3216,.T.);
#2598=ORIENTED_EDGE('',*,*,#3217,.F.);
#2599=ORIENTED_EDGE('',*,*,#3218,.F.);
#2600=ORIENTED_EDGE('',*,*,#3219,.F.);
#2601=ORIENTED_EDGE('',*,*,#3220,.F.);
#2602=ORIENTED_EDGE('',*,*,#3221,.F.);
#2603=ORIENTED_EDGE('',*,*,#3116,.F.);
#2604=ORIENTED_EDGE('',*,*,#3216,.F.);
#2605=ORIENTED_EDGE('',*,*,#3222,.F.);
#2606=ORIENTED_EDGE('',*,*,#3221,.T.);
#2607=ORIENTED_EDGE('',*,*,#3223,.F.);
#2608=ORIENTED_EDGE('',*,*,#3224,.T.);
#2609=ORIENTED_EDGE('',*,*,#3117,.F.);
#2610=ORIENTED_EDGE('',*,*,#3224,.F.);
#2611=ORIENTED_EDGE('',*,*,#3225,.F.);
#2612=ORIENTED_EDGE('',*,*,#3226,.F.);
#2613=ORIENTED_EDGE('',*,*,#3118,.F.);
#2614=ORIENTED_EDGE('',*,*,#3119,.F.);
#2615=ORIENTED_EDGE('',*,*,#3226,.T.);
#2616=ORIENTED_EDGE('',*,*,#3227,.F.);
#2617=ORIENTED_EDGE('',*,*,#3228,.T.);
#2618=ORIENTED_EDGE('',*,*,#3229,.F.);
#2619=ORIENTED_EDGE('',*,*,#3230,.F.);
#2620=ORIENTED_EDGE('',*,*,#3231,.F.);
#2621=ORIENTED_EDGE('',*,*,#3232,.F.);
#2622=ORIENTED_EDGE('',*,*,#3233,.F.);
#2623=ORIENTED_EDGE('',*,*,#3120,.F.);
#2624=ORIENTED_EDGE('',*,*,#3228,.F.);
#2625=ORIENTED_EDGE('',*,*,#3234,.F.);
#2626=ORIENTED_EDGE('',*,*,#3233,.T.);
#2627=ORIENTED_EDGE('',*,*,#3235,.F.);
#2628=ORIENTED_EDGE('',*,*,#3236,.T.);
#2629=ORIENTED_EDGE('',*,*,#3121,.F.);
#2630=ORIENTED_EDGE('',*,*,#3236,.F.);
#2631=ORIENTED_EDGE('',*,*,#3237,.F.);
#2632=ORIENTED_EDGE('',*,*,#3238,.F.);
#2633=ORIENTED_EDGE('',*,*,#3122,.F.);
#2634=ORIENTED_EDGE('',*,*,#3123,.F.);
#2635=ORIENTED_EDGE('',*,*,#3238,.T.);
#2636=ORIENTED_EDGE('',*,*,#3239,.F.);
#2637=ORIENTED_EDGE('',*,*,#3240,.T.);
#2638=ORIENTED_EDGE('',*,*,#3241,.F.);
#2639=ORIENTED_EDGE('',*,*,#3242,.F.);
#2640=ORIENTED_EDGE('',*,*,#3243,.F.);
#2641=ORIENTED_EDGE('',*,*,#3244,.F.);
#2642=ORIENTED_EDGE('',*,*,#3245,.F.);
#2643=ORIENTED_EDGE('',*,*,#3124,.F.);
#2644=ORIENTED_EDGE('',*,*,#3240,.F.);
#2645=ORIENTED_EDGE('',*,*,#3246,.F.);
#2646=ORIENTED_EDGE('',*,*,#3245,.T.);
#2647=ORIENTED_EDGE('',*,*,#3247,.T.);
#2648=ORIENTED_EDGE('',*,*,#3139,.T.);
#2649=ORIENTED_EDGE('',*,*,#3125,.F.);
#2650=ORIENTED_EDGE('',*,*,#3248,.F.);
#2651=ORIENTED_EDGE('',*,*,#3147,.F.);
#2652=ORIENTED_EDGE('',*,*,#3143,.F.);
#2653=ORIENTED_EDGE('',*,*,#3137,.F.);
#2654=ORIENTED_EDGE('',*,*,#3249,.F.);
#2655=ORIENTED_EDGE('',*,*,#3210,.T.);
#2656=ORIENTED_EDGE('',*,*,#3203,.T.);
#2657=ORIENTED_EDGE('',*,*,#3201,.T.);
#2658=ORIENTED_EDGE('',*,*,#3200,.T.);
#2659=ORIENTED_EDGE('',*,*,#3197,.T.);
#2660=ORIENTED_EDGE('',*,*,#3191,.T.);
#2661=ORIENTED_EDGE('',*,*,#3189,.T.);
#2662=ORIENTED_EDGE('',*,*,#3188,.T.);
#2663=ORIENTED_EDGE('',*,*,#3178,.F.);
#2664=ORIENTED_EDGE('',*,*,#3250,.F.);
#2665=ORIENTED_EDGE('',*,*,#3140,.T.);
#2666=ORIENTED_EDGE('',*,*,#3247,.F.);
#2667=ORIENTED_EDGE('',*,*,#3246,.T.);
#2668=ORIENTED_EDGE('',*,*,#3239,.T.);
#2669=ORIENTED_EDGE('',*,*,#3237,.T.);
#2670=ORIENTED_EDGE('',*,*,#3235,.T.);
#2671=ORIENTED_EDGE('',*,*,#3234,.T.);
#2672=ORIENTED_EDGE('',*,*,#3227,.T.);
#2673=ORIENTED_EDGE('',*,*,#3225,.T.);
#2674=ORIENTED_EDGE('',*,*,#3223,.T.);
#2675=ORIENTED_EDGE('',*,*,#3222,.T.);
#2676=ORIENTED_EDGE('',*,*,#3215,.T.);
#2677=ORIENTED_EDGE('',*,*,#3213,.T.);
#2678=ORIENTED_EDGE('',*,*,#3211,.T.);
#2679=ORIENTED_EDGE('',*,*,#3251,.T.);
#2680=ORIENTED_EDGE('',*,*,#3252,.T.);
#2681=ORIENTED_EDGE('',*,*,#3253,.T.);
#2682=ORIENTED_EDGE('',*,*,#3249,.T.);
#2683=ORIENTED_EDGE('',*,*,#3141,.T.);
#2684=ORIENTED_EDGE('',*,*,#3250,.T.);
#2685=ORIENTED_EDGE('',*,*,#3177,.F.);
#2686=ORIENTED_EDGE('',*,*,#3254,.T.);
#2687=ORIENTED_EDGE('',*,*,#3253,.F.);
#2688=ORIENTED_EDGE('',*,*,#3255,.F.);
#2689=ORIENTED_EDGE('',*,*,#3144,.T.);
#2690=ORIENTED_EDGE('',*,*,#3248,.T.);
#2691=ORIENTED_EDGE('',*,*,#3256,.F.);
#2692=ORIENTED_EDGE('',*,*,#3173,.T.);
#2693=ORIENTED_EDGE('',*,*,#3148,.F.);
#2694=ORIENTED_EDGE('',*,*,#3145,.F.);
#2695=ORIENTED_EDGE('',*,*,#3257,.F.);
#2696=ORIENTED_EDGE('',*,*,#3258,.F.);
#2697=ORIENTED_EDGE('',*,*,#3150,.T.);
#2698=ORIENTED_EDGE('',*,*,#3259,.T.);
#2699=ORIENTED_EDGE('',*,*,#3260,.F.);
#2700=ORIENTED_EDGE('',*,*,#3261,.F.);
#2701=ORIENTED_EDGE('',*,*,#3151,.T.);
#2702=ORIENTED_EDGE('',*,*,#3258,.T.);
#2703=ORIENTED_EDGE('',*,*,#3262,.F.);
#2704=ORIENTED_EDGE('',*,*,#3263,.F.);
#2705=ORIENTED_EDGE('',*,*,#3152,.T.);
#2706=ORIENTED_EDGE('',*,*,#3261,.T.);
#2707=ORIENTED_EDGE('',*,*,#3264,.F.);
#2708=ORIENTED_EDGE('',*,*,#3259,.F.);
#2709=ORIENTED_EDGE('',*,*,#3153,.T.);
#2710=ORIENTED_EDGE('',*,*,#3263,.T.);
#2711=ORIENTED_EDGE('',*,*,#3265,.F.);
#2712=ORIENTED_EDGE('',*,*,#3266,.F.);
#2713=ORIENTED_EDGE('',*,*,#3154,.T.);
#2714=ORIENTED_EDGE('',*,*,#3267,.T.);
#2715=ORIENTED_EDGE('',*,*,#3268,.F.);
#2716=ORIENTED_EDGE('',*,*,#3269,.F.);
#2717=ORIENTED_EDGE('',*,*,#3155,.T.);
#2718=ORIENTED_EDGE('',*,*,#3266,.T.);
#2719=ORIENTED_EDGE('',*,*,#3270,.F.);
#2720=ORIENTED_EDGE('',*,*,#3271,.F.);
#2721=ORIENTED_EDGE('',*,*,#3156,.T.);
#2722=ORIENTED_EDGE('',*,*,#3269,.T.);
#2723=ORIENTED_EDGE('',*,*,#3272,.F.);
#2724=ORIENTED_EDGE('',*,*,#3267,.F.);
#2725=ORIENTED_EDGE('',*,*,#3157,.T.);
#2726=ORIENTED_EDGE('',*,*,#3271,.T.);
#2727=ORIENTED_EDGE('',*,*,#3273,.F.);
#2728=ORIENTED_EDGE('',*,*,#3274,.F.);
#2729=ORIENTED_EDGE('',*,*,#3158,.T.);
#2730=ORIENTED_EDGE('',*,*,#3275,.T.);
#2731=ORIENTED_EDGE('',*,*,#3276,.F.);
#2732=ORIENTED_EDGE('',*,*,#3277,.F.);
#2733=ORIENTED_EDGE('',*,*,#3159,.T.);
#2734=ORIENTED_EDGE('',*,*,#3274,.T.);
#2735=ORIENTED_EDGE('',*,*,#3278,.F.);
#2736=ORIENTED_EDGE('',*,*,#3279,.F.);
#2737=ORIENTED_EDGE('',*,*,#3160,.T.);
#2738=ORIENTED_EDGE('',*,*,#3277,.T.);
#2739=ORIENTED_EDGE('',*,*,#3280,.F.);
#2740=ORIENTED_EDGE('',*,*,#3275,.F.);
#2741=ORIENTED_EDGE('',*,*,#3161,.T.);
#2742=ORIENTED_EDGE('',*,*,#3279,.T.);
#2743=ORIENTED_EDGE('',*,*,#3281,.F.);
#2744=ORIENTED_EDGE('',*,*,#3282,.F.);
#2745=ORIENTED_EDGE('',*,*,#3162,.T.);
#2746=ORIENTED_EDGE('',*,*,#3283,.T.);
#2747=ORIENTED_EDGE('',*,*,#3284,.F.);
#2748=ORIENTED_EDGE('',*,*,#3285,.F.);
#2749=ORIENTED_EDGE('',*,*,#3163,.T.);
#2750=ORIENTED_EDGE('',*,*,#3282,.T.);
#2751=ORIENTED_EDGE('',*,*,#3286,.F.);
#2752=ORIENTED_EDGE('',*,*,#3287,.F.);
#2753=ORIENTED_EDGE('',*,*,#3164,.T.);
#2754=ORIENTED_EDGE('',*,*,#3285,.T.);
#2755=ORIENTED_EDGE('',*,*,#3288,.F.);
#2756=ORIENTED_EDGE('',*,*,#3283,.F.);
#2757=ORIENTED_EDGE('',*,*,#3165,.T.);
#2758=ORIENTED_EDGE('',*,*,#3287,.T.);
#2759=ORIENTED_EDGE('',*,*,#3289,.F.);
#2760=ORIENTED_EDGE('',*,*,#3290,.F.);
#2761=ORIENTED_EDGE('',*,*,#3166,.T.);
#2762=ORIENTED_EDGE('',*,*,#3291,.T.);
#2763=ORIENTED_EDGE('',*,*,#3292,.F.);
#2764=ORIENTED_EDGE('',*,*,#3293,.F.);
#2765=ORIENTED_EDGE('',*,*,#3167,.T.);
#2766=ORIENTED_EDGE('',*,*,#3290,.T.);
#2767=ORIENTED_EDGE('',*,*,#3294,.F.);
#2768=ORIENTED_EDGE('',*,*,#3295,.F.);
#2769=ORIENTED_EDGE('',*,*,#3168,.T.);
#2770=ORIENTED_EDGE('',*,*,#3293,.T.);
#2771=ORIENTED_EDGE('',*,*,#3296,.F.);
#2772=ORIENTED_EDGE('',*,*,#3291,.F.);
#2773=ORIENTED_EDGE('',*,*,#3169,.T.);
#2774=ORIENTED_EDGE('',*,*,#3295,.T.);
#2775=ORIENTED_EDGE('',*,*,#3251,.F.);
#2776=ORIENTED_EDGE('',*,*,#3297,.T.);
#2777=ORIENTED_EDGE('',*,*,#3170,.T.);
#2778=ORIENTED_EDGE('',*,*,#3298,.T.);
#2779=ORIENTED_EDGE('',*,*,#3297,.F.);
#2780=ORIENTED_EDGE('',*,*,#3254,.F.);
#2781=ORIENTED_EDGE('',*,*,#3176,.F.);
#2782=ORIENTED_EDGE('',*,*,#3174,.F.);
#2783=ORIENTED_EDGE('',*,*,#3171,.F.);
#2784=ORIENTED_EDGE('',*,*,#3299,.T.);
#2785=ORIENTED_EDGE('',*,*,#3300,.T.);
#2786=ORIENTED_EDGE('',*,*,#3193,.T.);
#2787=ORIENTED_EDGE('',*,*,#3301,.F.);
#2788=ORIENTED_EDGE('',*,*,#3302,.T.);
#2789=ORIENTED_EDGE('',*,*,#3303,.T.);
#2790=ORIENTED_EDGE('',*,*,#3194,.T.);
#2791=ORIENTED_EDGE('',*,*,#3300,.F.);
#2792=ORIENTED_EDGE('',*,*,#3304,.T.);
#2793=ORIENTED_EDGE('',*,*,#3305,.T.);
#2794=ORIENTED_EDGE('',*,*,#3195,.T.);
#2795=ORIENTED_EDGE('',*,*,#3303,.F.);
#2796=ORIENTED_EDGE('',*,*,#3306,.T.);
#2797=ORIENTED_EDGE('',*,*,#3301,.T.);
#2798=ORIENTED_EDGE('',*,*,#3196,.T.);
#2799=ORIENTED_EDGE('',*,*,#3305,.F.);
#2800=ORIENTED_EDGE('',*,*,#3307,.T.);
#2801=ORIENTED_EDGE('',*,*,#3308,.T.);
#2802=ORIENTED_EDGE('',*,*,#3205,.T.);
#2803=ORIENTED_EDGE('',*,*,#3309,.F.);
#2804=ORIENTED_EDGE('',*,*,#3310,.T.);
#2805=ORIENTED_EDGE('',*,*,#3311,.T.);
#2806=ORIENTED_EDGE('',*,*,#3206,.T.);
#2807=ORIENTED_EDGE('',*,*,#3308,.F.);
#2808=ORIENTED_EDGE('',*,*,#3312,.T.);
#2809=ORIENTED_EDGE('',*,*,#3313,.T.);
#2810=ORIENTED_EDGE('',*,*,#3207,.T.);
#2811=ORIENTED_EDGE('',*,*,#3311,.F.);
#2812=ORIENTED_EDGE('',*,*,#3314,.T.);
#2813=ORIENTED_EDGE('',*,*,#3309,.T.);
#2814=ORIENTED_EDGE('',*,*,#3208,.T.);
#2815=ORIENTED_EDGE('',*,*,#3313,.F.);
#2816=ORIENTED_EDGE('',*,*,#3315,.T.);
#2817=ORIENTED_EDGE('',*,*,#3316,.T.);
#2818=ORIENTED_EDGE('',*,*,#3217,.T.);
#2819=ORIENTED_EDGE('',*,*,#3317,.F.);
#2820=ORIENTED_EDGE('',*,*,#3318,.T.);
#2821=ORIENTED_EDGE('',*,*,#3319,.T.);
#2822=ORIENTED_EDGE('',*,*,#3218,.T.);
#2823=ORIENTED_EDGE('',*,*,#3316,.F.);
#2824=ORIENTED_EDGE('',*,*,#3320,.T.);
#2825=ORIENTED_EDGE('',*,*,#3321,.T.);
#2826=ORIENTED_EDGE('',*,*,#3219,.T.);
#2827=ORIENTED_EDGE('',*,*,#3319,.F.);
#2828=ORIENTED_EDGE('',*,*,#3322,.T.);
#2829=ORIENTED_EDGE('',*,*,#3317,.T.);
#2830=ORIENTED_EDGE('',*,*,#3220,.T.);
#2831=ORIENTED_EDGE('',*,*,#3321,.F.);
#2832=ORIENTED_EDGE('',*,*,#3323,.T.);
#2833=ORIENTED_EDGE('',*,*,#3324,.T.);
#2834=ORIENTED_EDGE('',*,*,#3229,.T.);
#2835=ORIENTED_EDGE('',*,*,#3325,.F.);
#2836=ORIENTED_EDGE('',*,*,#3326,.T.);
#2837=ORIENTED_EDGE('',*,*,#3327,.T.);
#2838=ORIENTED_EDGE('',*,*,#3230,.T.);
#2839=ORIENTED_EDGE('',*,*,#3324,.F.);
#2840=ORIENTED_EDGE('',*,*,#3328,.T.);
#2841=ORIENTED_EDGE('',*,*,#3329,.T.);
#2842=ORIENTED_EDGE('',*,*,#3231,.T.);
#2843=ORIENTED_EDGE('',*,*,#3327,.F.);
#2844=ORIENTED_EDGE('',*,*,#3330,.T.);
#2845=ORIENTED_EDGE('',*,*,#3325,.T.);
#2846=ORIENTED_EDGE('',*,*,#3232,.T.);
#2847=ORIENTED_EDGE('',*,*,#3329,.F.);
#2848=ORIENTED_EDGE('',*,*,#3331,.T.);
#2849=ORIENTED_EDGE('',*,*,#3332,.T.);
#2850=ORIENTED_EDGE('',*,*,#3241,.T.);
#2851=ORIENTED_EDGE('',*,*,#3333,.F.);
#2852=ORIENTED_EDGE('',*,*,#3334,.T.);
#2853=ORIENTED_EDGE('',*,*,#3335,.T.);
#2854=ORIENTED_EDGE('',*,*,#3242,.T.);
#2855=ORIENTED_EDGE('',*,*,#3332,.F.);
#2856=ORIENTED_EDGE('',*,*,#3336,.T.);
#2857=ORIENTED_EDGE('',*,*,#3337,.T.);
#2858=ORIENTED_EDGE('',*,*,#3243,.T.);
#2859=ORIENTED_EDGE('',*,*,#3335,.F.);
#2860=ORIENTED_EDGE('',*,*,#3338,.T.);
#2861=ORIENTED_EDGE('',*,*,#3333,.T.);
#2862=ORIENTED_EDGE('',*,*,#3244,.T.);
#2863=ORIENTED_EDGE('',*,*,#3337,.F.);
#2864=ORIENTED_EDGE('',*,*,#3252,.F.);
#2865=ORIENTED_EDGE('',*,*,#3298,.F.);
#2866=ORIENTED_EDGE('',*,*,#3256,.T.);
#2867=ORIENTED_EDGE('',*,*,#3255,.T.);
#2868=ORIENTED_EDGE('',*,*,#3257,.T.);
#2869=ORIENTED_EDGE('',*,*,#3339,.T.);
#2870=ORIENTED_EDGE('',*,*,#3340,.F.);
#2871=ORIENTED_EDGE('',*,*,#3341,.F.);
#2872=ORIENTED_EDGE('',*,*,#3260,.T.);
#2873=ORIENTED_EDGE('',*,*,#3341,.T.);
#2874=ORIENTED_EDGE('',*,*,#3342,.F.);
#2875=ORIENTED_EDGE('',*,*,#3343,.F.);
#2876=ORIENTED_EDGE('',*,*,#3262,.T.);
#2877=ORIENTED_EDGE('',*,*,#3343,.T.);
#2878=ORIENTED_EDGE('',*,*,#3344,.F.);
#2879=ORIENTED_EDGE('',*,*,#3345,.F.);
#2880=ORIENTED_EDGE('',*,*,#3264,.T.);
#2881=ORIENTED_EDGE('',*,*,#3345,.T.);
#2882=ORIENTED_EDGE('',*,*,#3346,.F.);
#2883=ORIENTED_EDGE('',*,*,#3339,.F.);
#2884=ORIENTED_EDGE('',*,*,#3265,.T.);
#2885=ORIENTED_EDGE('',*,*,#3347,.T.);
#2886=ORIENTED_EDGE('',*,*,#3348,.F.);
#2887=ORIENTED_EDGE('',*,*,#3349,.F.);
#2888=ORIENTED_EDGE('',*,*,#3268,.T.);
#2889=ORIENTED_EDGE('',*,*,#3349,.T.);
#2890=ORIENTED_EDGE('',*,*,#3350,.F.);
#2891=ORIENTED_EDGE('',*,*,#3351,.F.);
#2892=ORIENTED_EDGE('',*,*,#3270,.T.);
#2893=ORIENTED_EDGE('',*,*,#3351,.T.);
#2894=ORIENTED_EDGE('',*,*,#3352,.F.);
#2895=ORIENTED_EDGE('',*,*,#3353,.F.);
#2896=ORIENTED_EDGE('',*,*,#3272,.T.);
#2897=ORIENTED_EDGE('',*,*,#3353,.T.);
#2898=ORIENTED_EDGE('',*,*,#3354,.F.);
#2899=ORIENTED_EDGE('',*,*,#3347,.F.);
#2900=ORIENTED_EDGE('',*,*,#3273,.T.);
#2901=ORIENTED_EDGE('',*,*,#3355,.T.);
#2902=ORIENTED_EDGE('',*,*,#3356,.F.);
#2903=ORIENTED_EDGE('',*,*,#3357,.F.);
#2904=ORIENTED_EDGE('',*,*,#3276,.T.);
#2905=ORIENTED_EDGE('',*,*,#3357,.T.);
#2906=ORIENTED_EDGE('',*,*,#3358,.F.);
#2907=ORIENTED_EDGE('',*,*,#3359,.F.);
#2908=ORIENTED_EDGE('',*,*,#3278,.T.);
#2909=ORIENTED_EDGE('',*,*,#3359,.T.);
#2910=ORIENTED_EDGE('',*,*,#3360,.F.);
#2911=ORIENTED_EDGE('',*,*,#3361,.F.);
#2912=ORIENTED_EDGE('',*,*,#3280,.T.);
#2913=ORIENTED_EDGE('',*,*,#3361,.T.);
#2914=ORIENTED_EDGE('',*,*,#3362,.F.);
#2915=ORIENTED_EDGE('',*,*,#3355,.F.);
#2916=ORIENTED_EDGE('',*,*,#3281,.T.);
#2917=ORIENTED_EDGE('',*,*,#3363,.T.);
#2918=ORIENTED_EDGE('',*,*,#3364,.F.);
#2919=ORIENTED_EDGE('',*,*,#3365,.F.);
#2920=ORIENTED_EDGE('',*,*,#3284,.T.);
#2921=ORIENTED_EDGE('',*,*,#3365,.T.);
#2922=ORIENTED_EDGE('',*,*,#3366,.F.);
#2923=ORIENTED_EDGE('',*,*,#3367,.F.);
#2924=ORIENTED_EDGE('',*,*,#3286,.T.);
#2925=ORIENTED_EDGE('',*,*,#3367,.T.);
#2926=ORIENTED_EDGE('',*,*,#3368,.F.);
#2927=ORIENTED_EDGE('',*,*,#3369,.F.);
#2928=ORIENTED_EDGE('',*,*,#3288,.T.);
#2929=ORIENTED_EDGE('',*,*,#3369,.T.);
#2930=ORIENTED_EDGE('',*,*,#3370,.F.);
#2931=ORIENTED_EDGE('',*,*,#3363,.F.);
#2932=ORIENTED_EDGE('',*,*,#3289,.T.);
#2933=ORIENTED_EDGE('',*,*,#3371,.T.);
#2934=ORIENTED_EDGE('',*,*,#3372,.F.);
#2935=ORIENTED_EDGE('',*,*,#3373,.F.);
#2936=ORIENTED_EDGE('',*,*,#3292,.T.);
#2937=ORIENTED_EDGE('',*,*,#3373,.T.);
#2938=ORIENTED_EDGE('',*,*,#3374,.F.);
#2939=ORIENTED_EDGE('',*,*,#3375,.F.);
#2940=ORIENTED_EDGE('',*,*,#3294,.T.);
#2941=ORIENTED_EDGE('',*,*,#3375,.T.);
#2942=ORIENTED_EDGE('',*,*,#3376,.F.);
#2943=ORIENTED_EDGE('',*,*,#3377,.F.);
#2944=ORIENTED_EDGE('',*,*,#3296,.T.);
#2945=ORIENTED_EDGE('',*,*,#3377,.T.);
#2946=ORIENTED_EDGE('',*,*,#3378,.F.);
#2947=ORIENTED_EDGE('',*,*,#3371,.F.);
#2948=ORIENTED_EDGE('',*,*,#3299,.F.);
#2949=ORIENTED_EDGE('',*,*,#3379,.F.);
#2950=ORIENTED_EDGE('',*,*,#3380,.T.);
#2951=ORIENTED_EDGE('',*,*,#3381,.T.);
#2952=ORIENTED_EDGE('',*,*,#3302,.F.);
#2953=ORIENTED_EDGE('',*,*,#3381,.F.);
#2954=ORIENTED_EDGE('',*,*,#3382,.T.);
#2955=ORIENTED_EDGE('',*,*,#3383,.T.);
#2956=ORIENTED_EDGE('',*,*,#3304,.F.);
#2957=ORIENTED_EDGE('',*,*,#3383,.F.);
#2958=ORIENTED_EDGE('',*,*,#3384,.T.);
#2959=ORIENTED_EDGE('',*,*,#3385,.T.);
#2960=ORIENTED_EDGE('',*,*,#3306,.F.);
#2961=ORIENTED_EDGE('',*,*,#3385,.F.);
#2962=ORIENTED_EDGE('',*,*,#3386,.T.);
#2963=ORIENTED_EDGE('',*,*,#3379,.T.);
#2964=ORIENTED_EDGE('',*,*,#3307,.F.);
#2965=ORIENTED_EDGE('',*,*,#3387,.F.);
#2966=ORIENTED_EDGE('',*,*,#3388,.T.);
#2967=ORIENTED_EDGE('',*,*,#3389,.T.);
#2968=ORIENTED_EDGE('',*,*,#3310,.F.);
#2969=ORIENTED_EDGE('',*,*,#3389,.F.);
#2970=ORIENTED_EDGE('',*,*,#3390,.T.);
#2971=ORIENTED_EDGE('',*,*,#3391,.T.);
#2972=ORIENTED_EDGE('',*,*,#3312,.F.);
#2973=ORIENTED_EDGE('',*,*,#3391,.F.);
#2974=ORIENTED_EDGE('',*,*,#3392,.T.);
#2975=ORIENTED_EDGE('',*,*,#3393,.T.);
#2976=ORIENTED_EDGE('',*,*,#3314,.F.);
#2977=ORIENTED_EDGE('',*,*,#3393,.F.);
#2978=ORIENTED_EDGE('',*,*,#3394,.T.);
#2979=ORIENTED_EDGE('',*,*,#3387,.T.);
#2980=ORIENTED_EDGE('',*,*,#3315,.F.);
#2981=ORIENTED_EDGE('',*,*,#3395,.F.);
#2982=ORIENTED_EDGE('',*,*,#3396,.T.);
#2983=ORIENTED_EDGE('',*,*,#3397,.T.);
#2984=ORIENTED_EDGE('',*,*,#3318,.F.);
#2985=ORIENTED_EDGE('',*,*,#3397,.F.);
#2986=ORIENTED_EDGE('',*,*,#3398,.T.);
#2987=ORIENTED_EDGE('',*,*,#3399,.T.);
#2988=ORIENTED_EDGE('',*,*,#3320,.F.);
#2989=ORIENTED_EDGE('',*,*,#3399,.F.);
#2990=ORIENTED_EDGE('',*,*,#3400,.T.);
#2991=ORIENTED_EDGE('',*,*,#3401,.T.);
#2992=ORIENTED_EDGE('',*,*,#3322,.F.);
#2993=ORIENTED_EDGE('',*,*,#3401,.F.);
#2994=ORIENTED_EDGE('',*,*,#3402,.T.);
#2995=ORIENTED_EDGE('',*,*,#3395,.T.);
#2996=ORIENTED_EDGE('',*,*,#3323,.F.);
#2997=ORIENTED_EDGE('',*,*,#3403,.F.);
#2998=ORIENTED_EDGE('',*,*,#3404,.T.);
#2999=ORIENTED_EDGE('',*,*,#3405,.T.);
#3000=ORIENTED_EDGE('',*,*,#3326,.F.);
#3001=ORIENTED_EDGE('',*,*,#3405,.F.);
#3002=ORIENTED_EDGE('',*,*,#3406,.T.);
#3003=ORIENTED_EDGE('',*,*,#3407,.T.);
#3004=ORIENTED_EDGE('',*,*,#3328,.F.);
#3005=ORIENTED_EDGE('',*,*,#3407,.F.);
#3006=ORIENTED_EDGE('',*,*,#3408,.T.);
#3007=ORIENTED_EDGE('',*,*,#3409,.T.);
#3008=ORIENTED_EDGE('',*,*,#3330,.F.);
#3009=ORIENTED_EDGE('',*,*,#3409,.F.);
#3010=ORIENTED_EDGE('',*,*,#3410,.T.);
#3011=ORIENTED_EDGE('',*,*,#3403,.T.);
#3012=ORIENTED_EDGE('',*,*,#3331,.F.);
#3013=ORIENTED_EDGE('',*,*,#3411,.F.);
#3014=ORIENTED_EDGE('',*,*,#3412,.T.);
#3015=ORIENTED_EDGE('',*,*,#3413,.T.);
#3016=ORIENTED_EDGE('',*,*,#3334,.F.);
#3017=ORIENTED_EDGE('',*,*,#3413,.F.);
#3018=ORIENTED_EDGE('',*,*,#3414,.T.);
#3019=ORIENTED_EDGE('',*,*,#3415,.T.);
#3020=ORIENTED_EDGE('',*,*,#3336,.F.);
#3021=ORIENTED_EDGE('',*,*,#3415,.F.);
#3022=ORIENTED_EDGE('',*,*,#3416,.T.);
#3023=ORIENTED_EDGE('',*,*,#3417,.T.);
#3024=ORIENTED_EDGE('',*,*,#3338,.F.);
#3025=ORIENTED_EDGE('',*,*,#3417,.F.);
#3026=ORIENTED_EDGE('',*,*,#3418,.T.);
#3027=ORIENTED_EDGE('',*,*,#3411,.T.);
#3028=ORIENTED_EDGE('',*,*,#3346,.T.);
#3029=ORIENTED_EDGE('',*,*,#3344,.T.);
#3030=ORIENTED_EDGE('',*,*,#3342,.T.);
#3031=ORIENTED_EDGE('',*,*,#3340,.T.);
#3032=ORIENTED_EDGE('',*,*,#3354,.T.);
#3033=ORIENTED_EDGE('',*,*,#3352,.T.);
#3034=ORIENTED_EDGE('',*,*,#3350,.T.);
#3035=ORIENTED_EDGE('',*,*,#3348,.T.);
#3036=ORIENTED_EDGE('',*,*,#3362,.T.);
#3037=ORIENTED_EDGE('',*,*,#3360,.T.);
#3038=ORIENTED_EDGE('',*,*,#3358,.T.);
#3039=ORIENTED_EDGE('',*,*,#3356,.T.);
#3040=ORIENTED_EDGE('',*,*,#3370,.T.);
#3041=ORIENTED_EDGE('',*,*,#3368,.T.);
#3042=ORIENTED_EDGE('',*,*,#3366,.T.);
#3043=ORIENTED_EDGE('',*,*,#3364,.T.);
#3044=ORIENTED_EDGE('',*,*,#3378,.T.);
#3045=ORIENTED_EDGE('',*,*,#3376,.T.);
#3046=ORIENTED_EDGE('',*,*,#3374,.T.);
#3047=ORIENTED_EDGE('',*,*,#3372,.T.);
#3048=ORIENTED_EDGE('',*,*,#3382,.F.);
#3049=ORIENTED_EDGE('',*,*,#3380,.F.);
#3050=ORIENTED_EDGE('',*,*,#3386,.F.);
#3051=ORIENTED_EDGE('',*,*,#3384,.F.);
#3052=ORIENTED_EDGE('',*,*,#3390,.F.);
#3053=ORIENTED_EDGE('',*,*,#3388,.F.);
#3054=ORIENTED_EDGE('',*,*,#3394,.F.);
#3055=ORIENTED_EDGE('',*,*,#3392,.F.);
#3056=ORIENTED_EDGE('',*,*,#3398,.F.);
#3057=ORIENTED_EDGE('',*,*,#3396,.F.);
#3058=ORIENTED_EDGE('',*,*,#3402,.F.);
#3059=ORIENTED_EDGE('',*,*,#3400,.F.);
#3060=ORIENTED_EDGE('',*,*,#3406,.F.);
#3061=ORIENTED_EDGE('',*,*,#3404,.F.);
#3062=ORIENTED_EDGE('',*,*,#3410,.F.);
#3063=ORIENTED_EDGE('',*,*,#3408,.F.);
#3064=ORIENTED_EDGE('',*,*,#3414,.F.);
#3065=ORIENTED_EDGE('',*,*,#3412,.F.);
#3066=ORIENTED_EDGE('',*,*,#3418,.F.);
#3067=ORIENTED_EDGE('',*,*,#3416,.F.);
#3068=EDGE_CURVE('',#3419,#3420,#3421,.T.);
#3069=EDGE_CURVE('',#3420,#3422,#3423,.T.);
#3070=EDGE_CURVE('',#3422,#3424,#3425,.T.);
#3071=EDGE_CURVE('',#3424,#3426,#3427,.T.);
#3072=EDGE_CURVE('',#3426,#3428,#3429,.T.);
#3073=EDGE_CURVE('',#3428,#3430,#3431,.T.);
#3074=EDGE_CURVE('',#3432,#3430,#3433,.F.);
#3075=EDGE_CURVE('',#3434,#3432,#3435,.T.);
#3076=EDGE_CURVE('',#3434,#3436,#3437,.T.);
#3077=EDGE_CURVE('',#3438,#3436,#3439,.T.);
#3078=EDGE_CURVE('',#3440,#3438,#3441,.T.);
#3079=EDGE_CURVE('',#3440,#3442,#3443,.T.);
#3080=EDGE_CURVE('',#3442,#3444,#3445,.T.);
#3081=EDGE_CURVE('',#3446,#3444,#3447,.F.);
#3082=EDGE_CURVE('',#3448,#3446,#3449,.F.);
#3083=EDGE_CURVE('',#3448,#3450,#3451,.T.);
#3084=EDGE_CURVE('',#3450,#3452,#3453,.T.);
#3085=EDGE_CURVE('',#3452,#3454,#3455,.T.);
#3086=EDGE_CURVE('',#3454,#3456,#3457,.T.);
#3087=EDGE_CURVE('',#3456,#3458,#3459,.T.);
#3088=EDGE_CURVE('',#3458,#3460,#3461,.T.);
#3089=EDGE_CURVE('',#3419,#3460,#3462,.F.);
#3090=EDGE_CURVE('',#3463,#3419,#3464,.F.);
#3091=EDGE_CURVE('',#3460,#3465,#3466,.F.);
#3092=EDGE_CURVE('',#3465,#3463,#3467,.T.);
#3093=EDGE_CURVE('',#3430,#3468,#3469,.F.);
#3094=EDGE_CURVE('',#3468,#3470,#3471,.T.);
#3095=EDGE_CURVE('',#3470,#3432,#3472,.T.);
#3096=EDGE_CURVE('',#3473,#3463,#3474,.F.);
#3097=EDGE_CURVE('',#3465,#3475,#3476,.F.);
#3098=EDGE_CURVE('',#3475,#3477,#3478,.F.);
#3099=EDGE_CURVE('',#3477,#3479,#3480,.F.);
#3100=EDGE_CURVE('',#3479,#3481,#3482,.F.);
#3101=EDGE_CURVE('',#3481,#3483,#3484,.F.);
#3102=EDGE_CURVE('',#3483,#3485,#3486,.F.);
#3103=EDGE_CURVE('',#3487,#3485,#3488,.T.);
#3104=EDGE_CURVE('',#3489,#3487,#3490,.T.);
#3105=EDGE_CURVE('',#3491,#3489,#3492,.T.);
#3106=EDGE_CURVE('',#3491,#3493,#3494,.F.);
#3107=EDGE_CURVE('',#3493,#3495,#3496,.T.);
#3108=EDGE_CURVE('',#3495,#3497,#3498,.F.);
#3109=EDGE_CURVE('',#3497,#3499,#3500,.T.);
#3110=EDGE_CURVE('',#3499,#3501,#3502,.F.);
#3111=EDGE_CURVE('',#3501,#3503,#3504,.T.);
#3112=EDGE_CURVE('',#3503,#3505,#3506,.F.);
#3113=EDGE_CURVE('',#3505,#3507,#3508,.T.);
#3114=EDGE_CURVE('',#3507,#3509,#3510,.F.);
#3115=EDGE_CURVE('',#3509,#3511,#3512,.T.);
#3116=EDGE_CURVE('',#3511,#3513,#3514,.F.);
#3117=EDGE_CURVE('',#3513,#3515,#3516,.T.);
#3118=EDGE_CURVE('',#3515,#3517,#3518,.F.);
#3119=EDGE_CURVE('',#3517,#3519,#3520,.T.);
#3120=EDGE_CURVE('',#3519,#3521,#3522,.F.);
#3121=EDGE_CURVE('',#3521,#3523,#3524,.T.);
#3122=EDGE_CURVE('',#3523,#3525,#3526,.F.);
#3123=EDGE_CURVE('',#3525,#3527,#3528,.T.);
#3124=EDGE_CURVE('',#3527,#3529,#3530,.F.);
#3125=EDGE_CURVE('',#3529,#3531,#3532,.T.);
#3126=EDGE_CURVE('',#3531,#3470,#3533,.T.);
#3127=EDGE_CURVE('',#3468,#3534,#3535,.F.);
#3128=EDGE_CURVE('',#3534,#3536,#3537,.F.);
#3129=EDGE_CURVE('',#3536,#3538,#3539,.F.);
#3130=EDGE_CURVE('',#3538,#3540,#3541,.F.);
#3131=EDGE_CURVE('',#3540,#3473,#3542,.F.);
#3132=EDGE_CURVE('',#3428,#3534,#3543,.T.);
#3133=EDGE_CURVE('',#3426,#3536,#3544,.T.);
#3134=EDGE_CURVE('',#3424,#3538,#3545,.T.);
#3135=EDGE_CURVE('',#3422,#3540,#3546,.T.);
#3136=EDGE_CURVE('',#3420,#3473,#3547,.T.);
#3137=EDGE_CURVE('',#3548,#3549,#3550,.T.);
#3138=EDGE_CURVE('',#3549,#3434,#3551,.T.);
#3139=EDGE_CURVE('',#3552,#3531,#3553,.T.);
#3140=EDGE_CURVE('',#3554,#3552,#3555,.T.);
#3141=EDGE_CURVE('',#3548,#3554,#3556,.T.);
#3142=EDGE_CURVE('',#3436,#3557,#3558,.F.);
#3143=EDGE_CURVE('',#3549,#3557,#3559,.T.);
#3144=EDGE_CURVE('',#3560,#3561,#3562,.T.);
#3145=EDGE_CURVE('',#3560,#3563,#3564,.T.);
#3146=EDGE_CURVE('',#3563,#3438,#3565,.T.);
#3147=EDGE_CURVE('',#3557,#3561,#3566,.F.);
#3148=EDGE_CURVE('',#3563,#3567,#3568,.T.);
#3149=EDGE_CURVE('',#3567,#3440,#3569,.T.);
#3150=EDGE_CURVE('',#3570,#3571,#3572,.T.);
#3151=EDGE_CURVE('',#3573,#3570,#3574,.T.);
#3152=EDGE_CURVE('',#3575,#3573,#3576,.T.);
#3153=EDGE_CURVE('',#3571,#3575,#3577,.T.);
#3154=EDGE_CURVE('',#3578,#3579,#3580,.T.);
#3155=EDGE_CURVE('',#3581,#3578,#3582,.T.);
#3156=EDGE_CURVE('',#3583,#3581,#3584,.T.);
#3157=EDGE_CURVE('',#3579,#3583,#3585,.T.);
#3158=EDGE_CURVE('',#3586,#3587,#3588,.T.);
#3159=EDGE_CURVE('',#3589,#3586,#3590,.T.);
#3160=EDGE_CURVE('',#3591,#3589,#3592,.T.);
#3161=EDGE_CURVE('',#3587,#3591,#3593,.T.);
#3162=EDGE_CURVE('',#3594,#3595,#3596,.T.);
#3163=EDGE_CURVE('',#3597,#3594,#3598,.T.);
#3164=EDGE_CURVE('',#3599,#3597,#3600,.T.);
#3165=EDGE_CURVE('',#3595,#3599,#3601,.T.);
#3166=EDGE_CURVE('',#3602,#3603,#3604,.T.);
#3167=EDGE_CURVE('',#3605,#3602,#3606,.T.);
#3168=EDGE_CURVE('',#3607,#3605,#3608,.T.);
#3169=EDGE_CURVE('',#3603,#3607,#3609,.T.);
#3170=EDGE_CURVE('',#3610,#3611,#3612,.F.);
#3171=EDGE_CURVE('',#3610,#3613,#3614,.T.);
#3172=EDGE_CURVE('',#3613,#3442,#3615,.T.);
#3173=EDGE_CURVE('',#3611,#3567,#3616,.T.);
#3174=EDGE_CURVE('',#3613,#3617,#3618,.T.);
#3175=EDGE_CURVE('',#3444,#3617,#3619,.F.);
#3176=EDGE_CURVE('',#3617,#3620,#3621,.F.);
#3177=EDGE_CURVE('',#3620,#3622,#3623,.T.);
#3178=EDGE_CURVE('',#3622,#3624,#3625,.T.);
#3179=EDGE_CURVE('',#3624,#3489,#3626,.T.);
#3180=EDGE_CURVE('',#3487,#3446,#3627,.T.);
#3181=EDGE_CURVE('',#3485,#3448,#3628,.F.);
#3182=EDGE_CURVE('',#3450,#3483,#3629,.T.);
#3183=EDGE_CURVE('',#3452,#3481,#3630,.T.);
#3184=EDGE_CURVE('',#3454,#3479,#3631,.T.);
#3185=EDGE_CURVE('',#3456,#3477,#3632,.T.);
#3186=EDGE_CURVE('',#3458,#3475,#3633,.T.);
#3187=EDGE_CURVE('',#3634,#3491,#3635,.T.);
#3188=EDGE_CURVE('',#3634,#3624,#3636,.T.);
#3189=EDGE_CURVE('',#3637,#3634,#3638,.F.);
#3190=EDGE_CURVE('',#3493,#3637,#3639,.T.);
#3191=EDGE_CURVE('',#3640,#3637,#3641,.T.);
#3192=EDGE_CURVE('',#3640,#3495,#3642,.T.);
#3193=EDGE_CURVE('',#3643,#3644,#3645,.T.);
#3194=EDGE_CURVE('',#3646,#3643,#3647,.T.);
#3195=EDGE_CURVE('',#3648,#3646,#3649,.T.);
#3196=EDGE_CURVE('',#3644,#3648,#3650,.T.);
#3197=EDGE_CURVE('',#3651,#3640,#3652,.F.);
#3198=EDGE_CURVE('',#3497,#3651,#3653,.T.);
#3199=EDGE_CURVE('',#3654,#3499,#3655,.T.);
#3200=EDGE_CURVE('',#3654,#3651,#3656,.T.);
#3201=EDGE_CURVE('',#3657,#3654,#3658,.F.);
#3202=EDGE_CURVE('',#3501,#3657,#3659,.T.);
#3203=EDGE_CURVE('',#3660,#3657,#3661,.T.);
#3204=EDGE_CURVE('',#3660,#3503,#3662,.T.);
#3205=EDGE_CURVE('',#3663,#3664,#3665,.T.);
#3206=EDGE_CURVE('',#3666,#3663,#3667,.T.);
#3207=EDGE_CURVE('',#3668,#3666,#3669,.T.);
#3208=EDGE_CURVE('',#3664,#3668,#3670,.T.);
#3209=EDGE_CURVE('',#3505,#3671,#3672,.T.);
#3210=EDGE_CURVE('',#3671,#3660,#3673,.F.);
#3211=EDGE_CURVE('',#3674,#3671,#3675,.T.);
#3212=EDGE_CURVE('',#3674,#3507,#3676,.T.);
#3213=EDGE_CURVE('',#3677,#3674,#3678,.F.);
#3214=EDGE_CURVE('',#3509,#3677,#3679,.T.);
#3215=EDGE_CURVE('',#3680,#3677,#3681,.T.);
#3216=EDGE_CURVE('',#3680,#3511,#3682,.T.);
#3217=EDGE_CURVE('',#3683,#3684,#3685,.T.);
#3218=EDGE_CURVE('',#3686,#3683,#3687,.T.);
#3219=EDGE_CURVE('',#3688,#3686,#3689,.T.);
#3220=EDGE_CURVE('',#3684,#3688,#3690,.T.);
#3221=EDGE_CURVE('',#3513,#3691,#3692,.T.);
#3222=EDGE_CURVE('',#3691,#3680,#3693,.F.);
#3223=EDGE_CURVE('',#3694,#3691,#3695,.T.);
#3224=EDGE_CURVE('',#3694,#3515,#3696,.T.);
#3225=EDGE_CURVE('',#3697,#3694,#3698,.F.);
#3226=EDGE_CURVE('',#3517,#3697,#3699,.T.);
#3227=EDGE_CURVE('',#3700,#3697,#3701,.T.);
#3228=EDGE_CURVE('',#3700,#3519,#3702,.T.);
#3229=EDGE_CURVE('',#3703,#3704,#3705,.T.);
#3230=EDGE_CURVE('',#3706,#3703,#3707,.T.);
#3231=EDGE_CURVE('',#3708,#3706,#3709,.T.);
#3232=EDGE_CURVE('',#3704,#3708,#3710,.T.);
#3233=EDGE_CURVE('',#3521,#3711,#3712,.T.);
#3234=EDGE_CURVE('',#3711,#3700,#3713,.F.);
#3235=EDGE_CURVE('',#3714,#3711,#3715,.T.);
#3236=EDGE_CURVE('',#3714,#3523,#3716,.T.);
#3237=EDGE_CURVE('',#3717,#3714,#3718,.F.);
#3238=EDGE_CURVE('',#3525,#3717,#3719,.T.);
#3239=EDGE_CURVE('',#3720,#3717,#3721,.T.);
#3240=EDGE_CURVE('',#3720,#3527,#3722,.T.);
#3241=EDGE_CURVE('',#3723,#3724,#3725,.T.);
#3242=EDGE_CURVE('',#3726,#3723,#3727,.T.);
#3243=EDGE_CURVE('',#3728,#3726,#3729,.T.);
#3244=EDGE_CURVE('',#3724,#3728,#3730,.T.);
#3245=EDGE_CURVE('',#3529,#3731,#3732,.T.);
#3246=EDGE_CURVE('',#3731,#3720,#3733,.F.);
#3247=EDGE_CURVE('',#3731,#3552,#3734,.T.);
#3248=EDGE_CURVE('',#3561,#3735,#3736,.F.);
#3249=EDGE_CURVE('',#3735,#3548,#3737,.F.);
#3250=EDGE_CURVE('',#3554,#3622,#3738,.T.);
#3251=EDGE_CURVE('',#3739,#3740,#3741,.F.);
#3252=EDGE_CURVE('',#3740,#3742,#3743,.F.);
#3253=EDGE_CURVE('',#3742,#3735,#3744,.T.);
#3254=EDGE_CURVE('',#3620,#3739,#3745,.F.);
#3255=EDGE_CURVE('',#3560,#3742,#3746,.F.);
#3256=EDGE_CURVE('',#3611,#3560,#3747,.F.);
#3257=EDGE_CURVE('',#3748,#3749,#3750,.T.);
#3258=EDGE_CURVE('',#3570,#3748,#3751,.T.);
#3259=EDGE_CURVE('',#3571,#3749,#3752,.T.);
#3260=EDGE_CURVE('',#3753,#3748,#3754,.T.);
#3261=EDGE_CURVE('',#3573,#3753,#3755,.T.);
#3262=EDGE_CURVE('',#3756,#3753,#3757,.T.);
#3263=EDGE_CURVE('',#3575,#3756,#3758,.T.);
#3264=EDGE_CURVE('',#3749,#3756,#3759,.T.);
#3265=EDGE_CURVE('',#3760,#3761,#3762,.T.);
#3266=EDGE_CURVE('',#3578,#3760,#3763,.T.);
#3267=EDGE_CURVE('',#3579,#3761,#3764,.T.);
#3268=EDGE_CURVE('',#3765,#3760,#3766,.T.);
#3269=EDGE_CURVE('',#3581,#3765,#3767,.T.);
#3270=EDGE_CURVE('',#3768,#3765,#3769,.T.);
#3271=EDGE_CURVE('',#3583,#3768,#3770,.T.);
#3272=EDGE_CURVE('',#3761,#3768,#3771,.T.);
#3273=EDGE_CURVE('',#3772,#3773,#3774,.T.);
#3274=EDGE_CURVE('',#3586,#3772,#3775,.T.);
#3275=EDGE_CURVE('',#3587,#3773,#3776,.T.);
#3276=EDGE_CURVE('',#3777,#3772,#3778,.T.);
#3277=EDGE_CURVE('',#3589,#3777,#3779,.T.);
#3278=EDGE_CURVE('',#3780,#3777,#3781,.T.);
#3279=EDGE_CURVE('',#3591,#3780,#3782,.T.);
#3280=EDGE_CURVE('',#3773,#3780,#3783,.T.);
#3281=EDGE_CURVE('',#3784,#3785,#3786,.T.);
#3282=EDGE_CURVE('',#3594,#3784,#3787,.T.);
#3283=EDGE_CURVE('',#3595,#3785,#3788,.T.);
#3284=EDGE_CURVE('',#3789,#3784,#3790,.T.);
#3285=EDGE_CURVE('',#3597,#3789,#3791,.T.);
#3286=EDGE_CURVE('',#3792,#3789,#3793,.T.);
#3287=EDGE_CURVE('',#3599,#3792,#3794,.T.);
#3288=EDGE_CURVE('',#3785,#3792,#3795,.T.);
#3289=EDGE_CURVE('',#3796,#3797,#3798,.T.);
#3290=EDGE_CURVE('',#3602,#3796,#3799,.T.);
#3291=EDGE_CURVE('',#3603,#3797,#3800,.T.);
#3292=EDGE_CURVE('',#3801,#3796,#3802,.T.);
#3293=EDGE_CURVE('',#3605,#3801,#3803,.T.);
#3294=EDGE_CURVE('',#3804,#3801,#3805,.T.);
#3295=EDGE_CURVE('',#3607,#3804,#3806,.T.);
#3296=EDGE_CURVE('',#3797,#3804,#3807,.T.);
#3297=EDGE_CURVE('',#3739,#3610,#3808,.F.);
#3298=EDGE_CURVE('',#3611,#3740,#3809,.F.);
#3299=EDGE_CURVE('',#3810,#3811,#3812,.T.);
#3300=EDGE_CURVE('',#3811,#3643,#3813,.T.);
#3301=EDGE_CURVE('',#3810,#3644,#3814,.T.);
#3302=EDGE_CURVE('',#3811,#3815,#3816,.T.);
#3303=EDGE_CURVE('',#3815,#3646,#3817,.T.);
#3304=EDGE_CURVE('',#3815,#3818,#3819,.T.);
#3305=EDGE_CURVE('',#3818,#3648,#3820,.T.);
#3306=EDGE_CURVE('',#3818,#3810,#3821,.T.);
#3307=EDGE_CURVE('',#3822,#3823,#3824,.T.);
#3308=EDGE_CURVE('',#3823,#3663,#3825,.T.);
#3309=EDGE_CURVE('',#3822,#3664,#3826,.T.);
#3310=EDGE_CURVE('',#3823,#3827,#3828,.T.);
#3311=EDGE_CURVE('',#3827,#3666,#3829,.T.);
#3312=EDGE_CURVE('',#3827,#3830,#3831,.T.);
#3313=EDGE_CURVE('',#3830,#3668,#3832,.T.);
#3314=EDGE_CURVE('',#3830,#3822,#3833,.T.);
#3315=EDGE_CURVE('',#3834,#3835,#3836,.T.);
#3316=EDGE_CURVE('',#3835,#3683,#3837,.T.);
#3317=EDGE_CURVE('',#3834,#3684,#3838,.T.);
#3318=EDGE_CURVE('',#3835,#3839,#3840,.T.);
#3319=EDGE_CURVE('',#3839,#3686,#3841,.T.);
#3320=EDGE_CURVE('',#3839,#3842,#3843,.T.);
#3321=EDGE_CURVE('',#3842,#3688,#3844,.T.);
#3322=EDGE_CURVE('',#3842,#3834,#3845,.T.);
#3323=EDGE_CURVE('',#3846,#3847,#3848,.T.);
#3324=EDGE_CURVE('',#3847,#3703,#3849,.T.);
#3325=EDGE_CURVE('',#3846,#3704,#3850,.T.);
#3326=EDGE_CURVE('',#3847,#3851,#3852,.T.);
#3327=EDGE_CURVE('',#3851,#3706,#3853,.T.);
#3328=EDGE_CURVE('',#3851,#3854,#3855,.T.);
#3329=EDGE_CURVE('',#3854,#3708,#3856,.T.);
#3330=EDGE_CURVE('',#3854,#3846,#3857,.T.);
#3331=EDGE_CURVE('',#3858,#3859,#3860,.T.);
#3332=EDGE_CURVE('',#3859,#3723,#3861,.T.);
#3333=EDGE_CURVE('',#3858,#3724,#3862,.T.);
#3334=EDGE_CURVE('',#3859,#3863,#3864,.T.);
#3335=EDGE_CURVE('',#3863,#3726,#3865,.T.);
#3336=EDGE_CURVE('',#3863,#3866,#3867,.T.);
#3337=EDGE_CURVE('',#3866,#3728,#3868,.T.);
#3338=EDGE_CURVE('',#3866,#3858,#3869,.T.);
#3339=EDGE_CURVE('',#3749,#3870,#3871,.T.);
#3340=EDGE_CURVE('',#3872,#3870,#3873,.T.);
#3341=EDGE_CURVE('',#3748,#3872,#3874,.T.);
#3342=EDGE_CURVE('',#3875,#3872,#3876,.T.);
#3343=EDGE_CURVE('',#3753,#3875,#3877,.T.);
#3344=EDGE_CURVE('',#3878,#3875,#3879,.T.);
#3345=EDGE_CURVE('',#3756,#3878,#3880,.T.);
#3346=EDGE_CURVE('',#3870,#3878,#3881,.T.);
#3347=EDGE_CURVE('',#3761,#3882,#3883,.T.);
#3348=EDGE_CURVE('',#3884,#3882,#3885,.T.);
#3349=EDGE_CURVE('',#3760,#3884,#3886,.T.);
#3350=EDGE_CURVE('',#3887,#3884,#3888,.T.);
#3351=EDGE_CURVE('',#3765,#3887,#3889,.T.);
#3352=EDGE_CURVE('',#3890,#3887,#3891,.T.);
#3353=EDGE_CURVE('',#3768,#3890,#3892,.T.);
#3354=EDGE_CURVE('',#3882,#3890,#3893,.T.);
#3355=EDGE_CURVE('',#3773,#3894,#3895,.T.);
#3356=EDGE_CURVE('',#3896,#3894,#3897,.T.);
#3357=EDGE_CURVE('',#3772,#3896,#3898,.T.);
#3358=EDGE_CURVE('',#3899,#3896,#3900,.T.);
#3359=EDGE_CURVE('',#3777,#3899,#3901,.T.);
#3360=EDGE_CURVE('',#3902,#3899,#3903,.T.);
#3361=EDGE_CURVE('',#3780,#3902,#3904,.T.);
#3362=EDGE_CURVE('',#3894,#3902,#3905,.T.);
#3363=EDGE_CURVE('',#3785,#3906,#3907,.T.);
#3364=EDGE_CURVE('',#3908,#3906,#3909,.T.);
#3365=EDGE_CURVE('',#3784,#3908,#3910,.T.);
#3366=EDGE_CURVE('',#3911,#3908,#3912,.T.);
#3367=EDGE_CURVE('',#3789,#3911,#3913,.T.);
#3368=EDGE_CURVE('',#3914,#3911,#3915,.T.);
#3369=EDGE_CURVE('',#3792,#3914,#3916,.T.);
#3370=EDGE_CURVE('',#3906,#3914,#3917,.T.);
#3371=EDGE_CURVE('',#3797,#3918,#3919,.T.);
#3372=EDGE_CURVE('',#3920,#3918,#3921,.T.);
#3373=EDGE_CURVE('',#3796,#3920,#3922,.T.);
#3374=EDGE_CURVE('',#3923,#3920,#3924,.T.);
#3375=EDGE_CURVE('',#3801,#3923,#3925,.T.);
#3376=EDGE_CURVE('',#3926,#3923,#3927,.T.);
#3377=EDGE_CURVE('',#3804,#3926,#3928,.T.);
#3378=EDGE_CURVE('',#3918,#3926,#3929,.T.);
#3379=EDGE_CURVE('',#3930,#3810,#3931,.F.);
#3380=EDGE_CURVE('',#3930,#3932,#3933,.T.);
#3381=EDGE_CURVE('',#3932,#3811,#3934,.F.);
#3382=EDGE_CURVE('',#3932,#3935,#3936,.T.);
#3383=EDGE_CURVE('',#3935,#3815,#3937,.F.);
#3384=EDGE_CURVE('',#3935,#3938,#3939,.T.);
#3385=EDGE_CURVE('',#3938,#3818,#3940,.F.);
#3386=EDGE_CURVE('',#3938,#3930,#3941,.T.);
#3387=EDGE_CURVE('',#3942,#3822,#3943,.F.);
#3388=EDGE_CURVE('',#3942,#3944,#3945,.T.);
#3389=EDGE_CURVE('',#3944,#3823,#3946,.F.);
#3390=EDGE_CURVE('',#3944,#3947,#3948,.T.);
#3391=EDGE_CURVE('',#3947,#3827,#3949,.F.);
#3392=EDGE_CURVE('',#3947,#3950,#3951,.T.);
#3393=EDGE_CURVE('',#3950,#3830,#3952,.F.);
#3394=EDGE_CURVE('',#3950,#3942,#3953,.T.);
#3395=EDGE_CURVE('',#3954,#3834,#3955,.F.);
#3396=EDGE_CURVE('',#3954,#3956,#3957,.T.);
#3397=EDGE_CURVE('',#3956,#3835,#3958,.F.);
#3398=EDGE_CURVE('',#3956,#3959,#3960,.T.);
#3399=EDGE_CURVE('',#3959,#3839,#3961,.F.);
#3400=EDGE_CURVE('',#3959,#3962,#3963,.T.);
#3401=EDGE_CURVE('',#3962,#3842,#3964,.F.);
#3402=EDGE_CURVE('',#3962,#3954,#3965,.T.);
#3403=EDGE_CURVE('',#3966,#3846,#3967,.F.);
#3404=EDGE_CURVE('',#3966,#3968,#3969,.T.);
#3405=EDGE_CURVE('',#3968,#3847,#3970,.F.);
#3406=EDGE_CURVE('',#3968,#3971,#3972,.T.);
#3407=EDGE_CURVE('',#3971,#3851,#3973,.F.);
#3408=EDGE_CURVE('',#3971,#3974,#3975,.T.);
#3409=EDGE_CURVE('',#3974,#3854,#3976,.F.);
#3410=EDGE_CURVE('',#3974,#3966,#3977,.T.);
#3411=EDGE_CURVE('',#3978,#3858,#3979,.F.);
#3412=EDGE_CURVE('',#3978,#3980,#3981,.T.);
#3413=EDGE_CURVE('',#3980,#3859,#3982,.F.);
#3414=EDGE_CURVE('',#3980,#3983,#3984,.T.);
#3415=EDGE_CURVE('',#3983,#3863,#3985,.F.);
#3416=EDGE_CURVE('',#3983,#3986,#3987,.T.);
#3417=EDGE_CURVE('',#3986,#3866,#3988,.F.);
#3418=EDGE_CURVE('',#3986,#3978,#3989,.T.);
#3419=VERTEX_POINT('',#3990);
#3420=VERTEX_POINT('',#3991);
#3421=LINE('',#3992,#3993);
#3422=VERTEX_POINT('',#3995);
#3423=LINE('',#3996,#3997);
#3424=VERTEX_POINT('',#3999);
#3425=CIRCLE('',#4000,0.6);
#3426=VERTEX_POINT('',#4004);
#3427=LINE('',#4005,#4006);
#3428=VERTEX_POINT('',#4008);
#3429=LINE('',#4009,#4010);
#3430=VERTEX_POINT('',#4012);
#3431=LINE('',#4013,#4014);
#3432=VERTEX_POINT('',#4016);
#3433=LINE('',#4017,#4018);
#3434=VERTEX_POINT('',#4020);
#3435=LINE('',#4021,#4022);
#3436=VERTEX_POINT('',#4024);
#3437=LINE('',#4025,#4026);
#3438=VERTEX_POINT('',#4028);
#3439=LINE('',#4029,#4030);
#3440=VERTEX_POINT('',#4032);
#3441=LINE('',#4033,#4034);
#3442=VERTEX_POINT('',#4036);
#3443=LINE('',#4037,#4038);
#3444=VERTEX_POINT('',#4040);
#3445=LINE('',#4041,#4042);
#3446=VERTEX_POINT('',#4044);
#3447=LINE('',#4045,#4046);
#3448=VERTEX_POINT('',#4048);
#3449=LINE('',#4049,#4050);
#3450=VERTEX_POINT('',#4052);
#3451=LINE('',#4053,#4054);
#3452=VERTEX_POINT('',#4056);
#3453=LINE('',#4057,#4058);
#3454=VERTEX_POINT('',#4060);
#3455=LINE('',#4061,#4062);
#3456=VERTEX_POINT('',#4064);
#3457=CIRCLE('',#4065,0.6);
#3458=VERTEX_POINT('',#4069);
#3459=LINE('',#4070,#4071);
#3460=VERTEX_POINT('',#4073);
#3461=LINE('',#4074,#4075);
#3462=LINE('',#4077,#4078);
#3463=VERTEX_POINT('',#4080);
#3464=LINE('',#4081,#4082);
#3465=VERTEX_POINT('',#4084);
#3466=LINE('',#4085,#4086);
#3467=LINE('',#4088,#4089);
#3468=VERTEX_POINT('',#4091);
#3469=LINE('',#4092,#4093);
#3470=VERTEX_POINT('',#4095);
#3471=LINE('',#4096,#4097);
#3472=LINE('',#4099,#4100);
#3473=VERTEX_POINT('',#4102);
#3474=LINE('',#4103,#4104);
#3475=VERTEX_POINT('',#4106);
#3476=LINE('',#4107,#4108);
#3477=VERTEX_POINT('',#4110);
#3478=LINE('',#4111,#4112);
#3479=VERTEX_POINT('',#4114);
#3480=CIRCLE('',#4115,0.6);
#3481=VERTEX_POINT('',#4119);
#3482=LINE('',#4120,#4121);
#3483=VERTEX_POINT('',#4123);
#3484=LINE('',#4124,#4125);
#3485=VERTEX_POINT('',#4127);
#3486=LINE('',#4128,#4129);
#3487=VERTEX_POINT('',#4131);
#3488=LINE('',#4132,#4133);
#3489=VERTEX_POINT('',#4135);
#3490=LINE('',#4136,#4137);
#3491=VERTEX_POINT('',#4139);
#3492=LINE('',#4140,#4141);
#3493=VERTEX_POINT('',#4143);
#3494=LINE('',#4144,#4145);
#3495=VERTEX_POINT('',#4147);
#3496=LINE('',#4148,#4149);
#3497=VERTEX_POINT('',#4151);
#3498=LINE('',#4152,#4153);
#3499=VERTEX_POINT('',#4155);
#3500=LINE('',#4156,#4157);
#3501=VERTEX_POINT('',#4159);
#3502=LINE('',#4160,#4161);
#3503=VERTEX_POINT('',#4163);
#3504=LINE('',#4164,#4165);
#3505=VERTEX_POINT('',#4167);
#3506=LINE('',#4168,#4169);
#3507=VERTEX_POINT('',#4171);
#3508=LINE('',#4172,#4173);
#3509=VERTEX_POINT('',#4175);
#3510=LINE('',#4176,#4177);
#3511=VERTEX_POINT('',#4179);
#3512=LINE('',#4180,#4181);
#3513=VERTEX_POINT('',#4183);
#3514=LINE('',#4184,#4185);
#3515=VERTEX_POINT('',#4187);
#3516=LINE('',#4188,#4189);
#3517=VERTEX_POINT('',#4191);
#3518=LINE('',#4192,#4193);
#3519=VERTEX_POINT('',#4195);
#3520=LINE('',#4196,#4197);
#3521=VERTEX_POINT('',#4199);
#3522=LINE('',#4200,#4201);
#3523=VERTEX_POINT('',#4203);
#3524=LINE('',#4204,#4205);
#3525=VERTEX_POINT('',#4207);
#3526=LINE('',#4208,#4209);
#3527=VERTEX_POINT('',#4211);
#3528=LINE('',#4212,#4213);
#3529=VERTEX_POINT('',#4215);
#3530=LINE('',#4216,#4217);
#3531=VERTEX_POINT('',#4219);
#3532=LINE('',#4220,#4221);
#3533=LINE('',#4223,#4224);
#3534=VERTEX_POINT('',#4226);
#3535=LINE('',#4227,#4228);
#3536=VERTEX_POINT('',#4230);
#3537=LINE('',#4231,#4232);
#3538=VERTEX_POINT('',#4234);
#3539=LINE('',#4235,#4236);
#3540=VERTEX_POINT('',#4238);
#3541=CIRCLE('',#4239,0.6);
#3542=LINE('',#4243,#4244);
#3543=LINE('',#4246,#4247);
#3544=LINE('',#4249,#4250);
#3545=LINE('',#4252,#4253);
#3546=LINE('',#4255,#4256);
#3547=LINE('',#4258,#4259);
#3548=VERTEX_POINT('',#4261);
#3549=VERTEX_POINT('',#4262);
#3550=LINE('',#4263,#4264);
#3551=LINE('',#4266,#4267);
#3552=VERTEX_POINT('',#4269);
#3553=LINE('',#4270,#4271);
#3554=VERTEX_POINT('',#4273);
#3555=LINE('',#4274,#4275);
#3556=LINE('',#4277,#4278);
#3557=VERTEX_POINT('',#4280);
#3558=LINE('',#4281,#4282);
#3559=LINE('',#4284,#4285);
#3560=VERTEX_POINT('',#4287);
#3561=VERTEX_POINT('',#4288);
#3562=LINE('',#4289,#4290);
#3563=VERTEX_POINT('',#4292);
#3564=LINE('',#4293,#4294);
#3565=LINE('',#4296,#4297);
#3566=LINE('',#4299,#4300);
#3567=VERTEX_POINT('',#4302);
#3568=LINE('',#4303,#4304);
#3569=LINE('',#4306,#4307);
#3570=VERTEX_POINT('',#4309);
#3571=VERTEX_POINT('',#4310);
#3572=LINE('',#4311,#4312);
#3573=VERTEX_POINT('',#4314);
#3574=LINE('',#4315,#4316);
#3575=VERTEX_POINT('',#4318);
#3576=LINE('',#4319,#4320);
#3577=LINE('',#4322,#4323);
#3578=VERTEX_POINT('',#4325);
#3579=VERTEX_POINT('',#4326);
#3580=LINE('',#4327,#4328);
#3581=VERTEX_POINT('',#4330);
#3582=LINE('',#4331,#4332);
#3583=VERTEX_POINT('',#4334);
#3584=LINE('',#4335,#4336);
#3585=LINE('',#4338,#4339);
#3586=VERTEX_POINT('',#4341);
#3587=VERTEX_POINT('',#4342);
#3588=LINE('',#4343,#4344);
#3589=VERTEX_POINT('',#4346);
#3590=LINE('',#4347,#4348);
#3591=VERTEX_POINT('',#4350);
#3592=LINE('',#4351,#4352);
#3593=LINE('',#4354,#4355);
#3594=VERTEX_POINT('',#4357);
#3595=VERTEX_POINT('',#4358);
#3596=LINE('',#4359,#4360);
#3597=VERTEX_POINT('',#4362);
#3598=LINE('',#4363,#4364);
#3599=VERTEX_POINT('',#4366);
#3600=LINE('',#4367,#4368);
#3601=LINE('',#4370,#4371);
#3602=VERTEX_POINT('',#4373);
#3603=VERTEX_POINT('',#4374);
#3604=LINE('',#4375,#4376);
#3605=VERTEX_POINT('',#4378);
#3606=LINE('',#4379,#4380);
#3607=VERTEX_POINT('',#4382);
#3608=LINE('',#4383,#4384);
#3609=LINE('',#4386,#4387);
#3610=VERTEX_POINT('',#4389);
#3611=VERTEX_POINT('',#4390);
#3612=LINE('',#4391,#4392);
#3613=VERTEX_POINT('',#4394);
#3614=LINE('',#4395,#4396);
#3615=LINE('',#4398,#4399);
#3616=LINE('',#4401,#4402);
#3617=VERTEX_POINT('',#4404);
#3618=LINE('',#4405,#4406);
#3619=LINE('',#4408,#4409);
#3620=VERTEX_POINT('',#4411);
#3621=LINE('',#4412,#4413);
#3622=VERTEX_POINT('',#4415);
#3623=LINE('',#4416,#4417);
#3624=VERTEX_POINT('',#4419);
#3625=LINE('',#4420,#4421);
#3626=LINE('',#4423,#4424);
#3627=LINE('',#4426,#4427);
#3628=LINE('',#4429,#4430);
#3629=LINE('',#4432,#4433);
#3630=LINE('',#4435,#4436);
#3631=LINE('',#4438,#4439);
#3632=LINE('',#4441,#4442);
#3633=LINE('',#4444,#4445);
#3634=VERTEX_POINT('',#4447);
#3635=LINE('',#4448,#4449);
#3636=LINE('',#4451,#4452);
#3637=VERTEX_POINT('',#4454);
#3638=LINE('',#4455,#4456);
#3639=LINE('',#4458,#4459);
#3640=VERTEX_POINT('',#4461);
#3641=LINE('',#4462,#4463);
#3642=LINE('',#4465,#4466);
#3643=VERTEX_POINT('',#4468);
#3644=VERTEX_POINT('',#4469);
#3645=LINE('',#4470,#4471);
#3646=VERTEX_POINT('',#4473);
#3647=LINE('',#4474,#4475);
#3648=VERTEX_POINT('',#4477);
#3649=LINE('',#4478,#4479);
#3650=LINE('',#4481,#4482);
#3651=VERTEX_POINT('',#4484);
#3652=LINE('',#4485,#4486);
#3653=LINE('',#4488,#4489);
#3654=VERTEX_POINT('',#4491);
#3655=LINE('',#4492,#4493);
#3656=LINE('',#4495,#4496);
#3657=VERTEX_POINT('',#4498);
#3658=LINE('',#4499,#4500);
#3659=LINE('',#4502,#4503);
#3660=VERTEX_POINT('',#4505);
#3661=LINE('',#4506,#4507);
#3662=LINE('',#4509,#4510);
#3663=VERTEX_POINT('',#4512);
#3664=VERTEX_POINT('',#4513);
#3665=LINE('',#4514,#4515);
#3666=VERTEX_POINT('',#4517);
#3667=LINE('',#4518,#4519);
#3668=VERTEX_POINT('',#4521);
#3669=LINE('',#4522,#4523);
#3670=LINE('',#4525,#4526);
#3671=VERTEX_POINT('',#4528);
#3672=LINE('',#4529,#4530);
#3673=LINE('',#4532,#4533);
#3674=VERTEX_POINT('',#4535);
#3675=LINE('',#4536,#4537);
#3676=LINE('',#4539,#4540);
#3677=VERTEX_POINT('',#4542);
#3678=LINE('',#4543,#4544);
#3679=LINE('',#4546,#4547);
#3680=VERTEX_POINT('',#4549);
#3681=LINE('',#4550,#4551);
#3682=LINE('',#4553,#4554);
#3683=VERTEX_POINT('',#4556);
#3684=VERTEX_POINT('',#4557);
#3685=LINE('',#4558,#4559);
#3686=VERTEX_POINT('',#4561);
#3687=LINE('',#4562,#4563);
#3688=VERTEX_POINT('',#4565);
#3689=LINE('',#4566,#4567);
#3690=LINE('',#4569,#4570);
#3691=VERTEX_POINT('',#4572);
#3692=LINE('',#4573,#4574);
#3693=LINE('',#4576,#4577);
#3694=VERTEX_POINT('',#4579);
#3695=LINE('',#4580,#4581);
#3696=LINE('',#4583,#4584);
#3697=VERTEX_POINT('',#4586);
#3698=LINE('',#4587,#4588);
#3699=LINE('',#4590,#4591);
#3700=VERTEX_POINT('',#4593);
#3701=LINE('',#4594,#4595);
#3702=LINE('',#4597,#4598);
#3703=VERTEX_POINT('',#4600);
#3704=VERTEX_POINT('',#4601);
#3705=LINE('',#4602,#4603);
#3706=VERTEX_POINT('',#4605);
#3707=LINE('',#4606,#4607);
#3708=VERTEX_POINT('',#4609);
#3709=LINE('',#4610,#4611);
#3710=LINE('',#4613,#4614);
#3711=VERTEX_POINT('',#4616);
#3712=LINE('',#4617,#4618);
#3713=LINE('',#4620,#4621);
#3714=VERTEX_POINT('',#4623);
#3715=LINE('',#4624,#4625);
#3716=LINE('',#4627,#4628);
#3717=VERTEX_POINT('',#4630);
#3718=LINE('',#4631,#4632);
#3719=LINE('',#4634,#4635);
#3720=VERTEX_POINT('',#4637);
#3721=LINE('',#4638,#4639);
#3722=LINE('',#4641,#4642);
#3723=VERTEX_POINT('',#4644);
#3724=VERTEX_POINT('',#4645);
#3725=LINE('',#4646,#4647);
#3726=VERTEX_POINT('',#4649);
#3727=LINE('',#4650,#4651);
#3728=VERTEX_POINT('',#4653);
#3729=LINE('',#4654,#4655);
#3730=LINE('',#4657,#4658);
#3731=VERTEX_POINT('',#4660);
#3732=LINE('',#4661,#4662);
#3733=LINE('',#4664,#4665);
#3734=LINE('',#4667,#4668);
#3735=VERTEX_POINT('',#4670);
#3736=LINE('',#4671,#4672);
#3737=LINE('',#4674,#4675);
#3738=LINE('',#4677,#4678);
#3739=VERTEX_POINT('',#4680);
#3740=VERTEX_POINT('',#4681);
#3741=LINE('',#4682,#4683);
#3742=VERTEX_POINT('',#4685);
#3743=LINE('',#4686,#4687);
#3744=LINE('',#4689,#4690);
#3745=LINE('',#4692,#4693);
#3746=LINE('',#4695,#4696);
#3747=LINE('',#4698,#4699);
#3748=VERTEX_POINT('',#4701);
#3749=VERTEX_POINT('',#4702);
#3750=LINE('',#4703,#4704);
#3751=LINE('',#4706,#4707);
#3752=LINE('',#4709,#4710);
#3753=VERTEX_POINT('',#4712);
#3754=LINE('',#4713,#4714);
#3755=LINE('',#4716,#4717);
#3756=VERTEX_POINT('',#4719);
#3757=LINE('',#4720,#4721);
#3758=LINE('',#4723,#4724);
#3759=LINE('',#4726,#4727);
#3760=VERTEX_POINT('',#4729);
#3761=VERTEX_POINT('',#4730);
#3762=LINE('',#4731,#4732);
#3763=LINE('',#4734,#4735);
#3764=LINE('',#4737,#4738);
#3765=VERTEX_POINT('',#4740);
#3766=LINE('',#4741,#4742);
#3767=LINE('',#4744,#4745);
#3768=VERTEX_POINT('',#4747);
#3769=LINE('',#4748,#4749);
#3770=LINE('',#4751,#4752);
#3771=LINE('',#4754,#4755);
#3772=VERTEX_POINT('',#4757);
#3773=VERTEX_POINT('',#4758);
#3774=LINE('',#4759,#4760);
#3775=LINE('',#4762,#4763);
#3776=LINE('',#4765,#4766);
#3777=VERTEX_POINT('',#4768);
#3778=LINE('',#4769,#4770);
#3779=LINE('',#4772,#4773);
#3780=VERTEX_POINT('',#4775);
#3781=LINE('',#4776,#4777);
#3782=LINE('',#4779,#4780);
#3783=LINE('',#4782,#4783);
#3784=VERTEX_POINT('',#4785);
#3785=VERTEX_POINT('',#4786);
#3786=LINE('',#4787,#4788);
#3787=LINE('',#4790,#4791);
#3788=LINE('',#4793,#4794);
#3789=VERTEX_POINT('',#4796);
#3790=LINE('',#4797,#4798);
#3791=LINE('',#4800,#4801);
#3792=VERTEX_POINT('',#4803);
#3793=LINE('',#4804,#4805);
#3794=LINE('',#4807,#4808);
#3795=LINE('',#4810,#4811);
#3796=VERTEX_POINT('',#4813);
#3797=VERTEX_POINT('',#4814);
#3798=LINE('',#4815,#4816);
#3799=LINE('',#4818,#4819);
#3800=LINE('',#4821,#4822);
#3801=VERTEX_POINT('',#4824);
#3802=LINE('',#4825,#4826);
#3803=LINE('',#4828,#4829);
#3804=VERTEX_POINT('',#4831);
#3805=LINE('',#4832,#4833);
#3806=LINE('',#4835,#4836);
#3807=LINE('',#4838,#4839);
#3808=LINE('',#4841,#4842);
#3809=LINE('',#4844,#4845);
#3810=VERTEX_POINT('',#4847);
#3811=VERTEX_POINT('',#4848);
#3812=LINE('',#4849,#4850);
#3813=LINE('',#4852,#4853);
#3814=LINE('',#4855,#4856);
#3815=VERTEX_POINT('',#4858);
#3816=LINE('',#4859,#4860);
#3817=LINE('',#4862,#4863);
#3818=VERTEX_POINT('',#4865);
#3819=LINE('',#4866,#4867);
#3820=LINE('',#4869,#4870);
#3821=LINE('',#4872,#4873);
#3822=VERTEX_POINT('',#4875);
#3823=VERTEX_POINT('',#4876);
#3824=LINE('',#4877,#4878);
#3825=LINE('',#4880,#4881);
#3826=LINE('',#4883,#4884);
#3827=VERTEX_POINT('',#4886);
#3828=LINE('',#4887,#4888);
#3829=LINE('',#4890,#4891);
#3830=VERTEX_POINT('',#4893);
#3831=LINE('',#4894,#4895);
#3832=LINE('',#4897,#4898);
#3833=LINE('',#4900,#4901);
#3834=VERTEX_POINT('',#4903);
#3835=VERTEX_POINT('',#4904);
#3836=LINE('',#4905,#4906);
#3837=LINE('',#4908,#4909);
#3838=LINE('',#4911,#4912);
#3839=VERTEX_POINT('',#4914);
#3840=LINE('',#4915,#4916);
#3841=LINE('',#4918,#4919);
#3842=VERTEX_POINT('',#4921);
#3843=LINE('',#4922,#4923);
#3844=LINE('',#4925,#4926);
#3845=LINE('',#4928,#4929);
#3846=VERTEX_POINT('',#4931);
#3847=VERTEX_POINT('',#4932);
#3848=LINE('',#4933,#4934);
#3849=LINE('',#4936,#4937);
#3850=LINE('',#4939,#4940);
#3851=VERTEX_POINT('',#4942);
#3852=LINE('',#4943,#4944);
#3853=LINE('',#4946,#4947);
#3854=VERTEX_POINT('',#4949);
#3855=LINE('',#4950,#4951);
#3856=LINE('',#4953,#4954);
#3857=LINE('',#4956,#4957);
#3858=VERTEX_POINT('',#4959);
#3859=VERTEX_POINT('',#4960);
#3860=LINE('',#4961,#4962);
#3861=LINE('',#4964,#4965);
#3862=LINE('',#4967,#4968);
#3863=VERTEX_POINT('',#4970);
#3864=LINE('',#4971,#4972);
#3865=LINE('',#4974,#4975);
#3866=VERTEX_POINT('',#4977);
#3867=LINE('',#4978,#4979);
#3868=LINE('',#4981,#4982);
#3869=LINE('',#4984,#4985);
#3870=VERTEX_POINT('',#4987);
#3871=LINE('',#4988,#4989);
#3872=VERTEX_POINT('',#4991);
#3873=LINE('',#4992,#4993);
#3874=LINE('',#4995,#4996);
#3875=VERTEX_POINT('',#4998);
#3876=LINE('',#4999,#5000);
#3877=LINE('',#5002,#5003);
#3878=VERTEX_POINT('',#5005);
#3879=LINE('',#5006,#5007);
#3880=LINE('',#5009,#5010);
#3881=LINE('',#5012,#5013);
#3882=VERTEX_POINT('',#5015);
#3883=LINE('',#5016,#5017);
#3884=VERTEX_POINT('',#5019);
#3885=LINE('',#5020,#5021);
#3886=LINE('',#5023,#5024);
#3887=VERTEX_POINT('',#5026);
#3888=LINE('',#5027,#5028);
#3889=LINE('',#5030,#5031);
#3890=VERTEX_POINT('',#5033);
#3891=LINE('',#5034,#5035);
#3892=LINE('',#5037,#5038);
#3893=LINE('',#5040,#5041);
#3894=VERTEX_POINT('',#5043);
#3895=LINE('',#5044,#5045);
#3896=VERTEX_POINT('',#5047);
#3897=LINE('',#5048,#5049);
#3898=LINE('',#5051,#5052);
#3899=VERTEX_POINT('',#5054);
#3900=LINE('',#5055,#5056);
#3901=LINE('',#5058,#5059);
#3902=VERTEX_POINT('',#5061);
#3903=LINE('',#5062,#5063);
#3904=LINE('',#5065,#5066);
#3905=LINE('',#5068,#5069);
#3906=VERTEX_POINT('',#5071);
#3907=LINE('',#5072,#5073);
#3908=VERTEX_POINT('',#5075);
#3909=LINE('',#5076,#5077);
#3910=LINE('',#5079,#5080);
#3911=VERTEX_POINT('',#5082);
#3912=LINE('',#5083,#5084);
#3913=LINE('',#5086,#5087);
#3914=VERTEX_POINT('',#5089);
#3915=LINE('',#5090,#5091);
#3916=LINE('',#5093,#5094);
#3917=LINE('',#5096,#5097);
#3918=VERTEX_POINT('',#5099);
#3919=LINE('',#5100,#5101);
#3920=VERTEX_POINT('',#5103);
#3921=LINE('',#5104,#5105);
#3922=LINE('',#5107,#5108);
#3923=VERTEX_POINT('',#5110);
#3924=LINE('',#5111,#5112);
#3925=LINE('',#5114,#5115);
#3926=VERTEX_POINT('',#5117);
#3927=LINE('',#5118,#5119);
#3928=LINE('',#5121,#5122);
#3929=LINE('',#5124,#5125);
#3930=VERTEX_POINT('',#5127);
#3931=LINE('',#5128,#5129);
#3932=VERTEX_POINT('',#5131);
#3933=LINE('',#5132,#5133);
#3934=LINE('',#5135,#5136);
#3935=VERTEX_POINT('',#5138);
#3936=LINE('',#5139,#5140);
#3937=LINE('',#5142,#5143);
#3938=VERTEX_POINT('',#5145);
#3939=LINE('',#5146,#5147);
#3940=LINE('',#5149,#5150);
#3941=LINE('',#5152,#5153);
#3942=VERTEX_POINT('',#5155);
#3943=LINE('',#5156,#5157);
#3944=VERTEX_POINT('',#5159);
#3945=LINE('',#5160,#5161);
#3946=LINE('',#5163,#5164);
#3947=VERTEX_POINT('',#5166);
#3948=LINE('',#5167,#5168);
#3949=LINE('',#5170,#5171);
#3950=VERTEX_POINT('',#5173);
#3951=LINE('',#5174,#5175);
#3952=LINE('',#5177,#5178);
#3953=LINE('',#5180,#5181);
#3954=VERTEX_POINT('',#5183);
#3955=LINE('',#5184,#5185);
#3956=VERTEX_POINT('',#5187);
#3957=LINE('',#5188,#5189);
#3958=LINE('',#5191,#5192);
#3959=VERTEX_POINT('',#5194);
#3960=LINE('',#5195,#5196);
#3961=LINE('',#5198,#5199);
#3962=VERTEX_POINT('',#5201);
#3963=LINE('',#5202,#5203);
#3964=LINE('',#5205,#5206);
#3965=LINE('',#5208,#5209);
#3966=VERTEX_POINT('',#5211);
#3967=LINE('',#5212,#5213);
#3968=VERTEX_POINT('',#5215);
#3969=LINE('',#5216,#5217);
#3970=LINE('',#5219,#5220);
#3971=VERTEX_POINT('',#5222);
#3972=LINE('',#5223,#5224);
#3973=LINE('',#5226,#5227);
#3974=VERTEX_POINT('',#5229);
#3975=LINE('',#5230,#5231);
#3976=LINE('',#5233,#5234);
#3977=LINE('',#5236,#5237);
#3978=VERTEX_POINT('',#5239);
#3979=LINE('',#5240,#5241);
#3980=VERTEX_POINT('',#5243);
#3981=LINE('',#5244,#5245);
#3982=LINE('',#5247,#5248);
#3983=VERTEX_POINT('',#5250);
#3984=LINE('',#5251,#5252);
#3985=LINE('',#5254,#5255);
#3986=VERTEX_POINT('',#5257);
#3987=LINE('',#5258,#5259);
#3988=LINE('',#5261,#5262);
#3989=LINE('',#5264,#5265);
#3990=CARTESIAN_POINT('',(8.75,-1.5,7.));
#3991=CARTESIAN_POINT('',(8.75,-1.5,3.));
#3992=CARTESIAN_POINT('',(8.75,-1.5,7.));
#3993=VECTOR('',#3994,1.);
#3994=DIRECTION('',(0.,0.,-1.));
#3995=CARTESIAN_POINT('',(10.65,-1.5,3.));
#3996=CARTESIAN_POINT('',(8.75,-1.5,3.));
#3997=VECTOR('',#3998,1.);
#3998=DIRECTION('',(1.,0.,0.));
#3999=CARTESIAN_POINT('',(11.25,-1.5,3.6));
#4000=AXIS2_PLACEMENT_3D('',#4001,#4002,#4003);
#4001=CARTESIAN_POINT('',(10.65,-1.5,3.6));
#4002=DIRECTION('',(0.,-1.,0.));
#4003=DIRECTION('',(0.,0.,-1.));
#4004=CARTESIAN_POINT('',(11.25,-1.5,6.2));
#4005=CARTESIAN_POINT('',(11.25,-1.5,3.6));
#4006=VECTOR('',#4007,1.);
#4007=DIRECTION('',(0.,0.,1.));
#4008=CARTESIAN_POINT('',(10.85,-1.5,6.6));
#4009=CARTESIAN_POINT('',(11.25,-1.5,6.2));
#4010=VECTOR('',#4011,1.);
#4011=DIRECTION('',(-0.707106781186547,0.,0.707106781186547));
#4012=CARTESIAN_POINT('',(11.25,-1.5,7.));
#4013=CARTESIAN_POINT('',(10.85,-1.5,6.6));
#4014=VECTOR('',#4015,1.);
#4015=DIRECTION('',(0.707106781186547,0.,0.707106781186547));
#4016=CARTESIAN_POINT('',(12.5,-1.5,7.));
#4017=CARTESIAN_POINT('',(11.25,-1.5,7.));
#4018=VECTOR('',#4019,1.);
#4019=DIRECTION('',(1.,-1.77635683940025E-016,0.));
#4020=CARTESIAN_POINT('',(12.5,-1.5,3.));
#4021=CARTESIAN_POINT('',(12.5,-1.5,3.));
#4022=VECTOR('',#4023,1.);
#4023=DIRECTION('',(0.,0.,1.));
#4024=CARTESIAN_POINT('',(11.8,-1.5,3.));
#4025=CARTESIAN_POINT('',(12.5,-1.5,3.));
#4026=VECTOR('',#4027,1.);
#4027=DIRECTION('',(-1.,0.,0.));
#4028=CARTESIAN_POINT('',(11.8,-1.5,2.));
#4029=CARTESIAN_POINT('',(11.8,-1.5,2.));
#4030=VECTOR('',#4031,1.);
#4031=DIRECTION('',(0.,0.,1.));
#4032=CARTESIAN_POINT('',(-1.8,-1.5,2.));
#4033=CARTESIAN_POINT('',(-1.8,-1.5,2.));
#4034=VECTOR('',#4035,1.);
#4035=DIRECTION('',(1.,0.,0.));
#4036=CARTESIAN_POINT('',(-1.8,-1.5,3.));
#4037=CARTESIAN_POINT('',(-1.8,-1.5,2.));
#4038=VECTOR('',#4039,1.);
#4039=DIRECTION('',(0.,0.,1.));
#4040=CARTESIAN_POINT('',(-2.5,-1.5,3.));
#4041=CARTESIAN_POINT('',(-1.8,-1.5,3.));
#4042=VECTOR('',#4043,1.);
#4043=DIRECTION('',(-1.,0.,0.));
#4044=CARTESIAN_POINT('',(-2.5,-1.5,7.));
#4045=CARTESIAN_POINT('',(-2.5,-1.5,3.));
#4046=VECTOR('',#4047,1.);
#4047=DIRECTION('',(0.,0.,1.));
#4048=CARTESIAN_POINT('',(-1.25,-1.5,7.));
#4049=CARTESIAN_POINT('',(-2.5,-1.5,7.));
#4050=VECTOR('',#4051,1.);
#4051=DIRECTION('',(1.,0.,0.));
#4052=CARTESIAN_POINT('',(-0.85,-1.5,6.6));
#4053=CARTESIAN_POINT('',(-1.25,-1.5,7.));
#4054=VECTOR('',#4055,1.);
#4055=DIRECTION('',(0.707106781186547,0.,-0.707106781186548));
#4056=CARTESIAN_POINT('',(-1.25,-1.5,6.2));
#4057=CARTESIAN_POINT('',(-0.85,-1.5,6.6));
#4058=VECTOR('',#4059,1.);
#4059=DIRECTION('',(-0.707106781186547,0.,-0.707106781186548));
#4060=CARTESIAN_POINT('',(-1.25,-1.5,3.6));
#4061=CARTESIAN_POINT('',(-1.25,-1.5,6.2));
#4062=VECTOR('',#4063,1.);
#4063=DIRECTION('',(0.,0.,-1.));
#4064=CARTESIAN_POINT('',(-0.65,-1.5,3.));
#4065=AXIS2_PLACEMENT_3D('',#4066,#4067,#4068);
#4066=CARTESIAN_POINT('',(-0.65,-1.5,3.6));
#4067=DIRECTION('',(0.,-1.,0.));
#4068=DIRECTION('',(-1.,0.,0.));
#4069=CARTESIAN_POINT('',(1.25,-1.5,3.));
#4070=CARTESIAN_POINT('',(-0.65,-1.5,3.));
#4071=VECTOR('',#4072,1.);
#4072=DIRECTION('',(1.,0.,0.));
#4073=CARTESIAN_POINT('',(1.25,-1.5,7.));
#4074=CARTESIAN_POINT('',(1.25,-1.5,3.));
#4075=VECTOR('',#4076,1.);
#4076=DIRECTION('',(0.,0.,1.));
#4077=CARTESIAN_POINT('',(1.25,-1.5,7.));
#4078=VECTOR('',#4079,1.);
#4079=DIRECTION('',(1.,0.,0.));
#4080=CARTESIAN_POINT('',(8.75,-2.2,7.));
#4081=CARTESIAN_POINT('',(8.75,-1.5,7.));
#4082=VECTOR('',#4083,1.);
#4083=DIRECTION('',(0.,-1.,0.));
#4084=CARTESIAN_POINT('',(1.25,-2.2,7.));
#4085=CARTESIAN_POINT('',(1.25,-2.2,7.));
#4086=VECTOR('',#4087,1.);
#4087=DIRECTION('',(0.,1.,0.));
#4088=CARTESIAN_POINT('',(1.25,-2.2,7.));
#4089=VECTOR('',#4090,1.);
#4090=DIRECTION('',(1.,0.,1.1842378929335E-016));
#4091=CARTESIAN_POINT('',(11.25,-2.2,7.));
#4092=CARTESIAN_POINT('',(11.25,-2.2,7.));
#4093=VECTOR('',#4094,1.);
#4094=DIRECTION('',(0.,1.,0.));
#4095=CARTESIAN_POINT('',(12.5,-2.2,7.));
#4096=CARTESIAN_POINT('',(11.25,-2.2,7.));
#4097=VECTOR('',#4098,1.);
#4098=DIRECTION('',(1.,0.,0.));
#4099=CARTESIAN_POINT('',(12.5,-2.2,7.));
#4100=VECTOR('',#4101,1.);
#4101=DIRECTION('',(0.,1.,0.));
#4102=CARTESIAN_POINT('',(8.75,-2.2,3.));
#4103=CARTESIAN_POINT('',(8.75,-2.2,7.));
#4104=VECTOR('',#4105,1.);
#4105=DIRECTION('',(0.,0.,-1.));
#4106=CARTESIAN_POINT('',(1.25,-2.2,3.));
#4107=CARTESIAN_POINT('',(1.25,-2.2,3.));
#4108=VECTOR('',#4109,1.);
#4109=DIRECTION('',(0.,0.,1.));
#4110=CARTESIAN_POINT('',(-0.65,-2.2,3.));
#4111=CARTESIAN_POINT('',(-0.65,-2.2,3.));
#4112=VECTOR('',#4113,1.);
#4113=DIRECTION('',(1.,0.,0.));
#4114=CARTESIAN_POINT('',(-1.25,-2.2,3.6));
#4115=AXIS2_PLACEMENT_3D('',#4116,#4117,#4118);
#4116=CARTESIAN_POINT('',(-0.65,-2.2,3.6));
#4117=DIRECTION('',(0.,-1.,0.));
#4118=DIRECTION('',(-1.,0.,0.));
#4119=CARTESIAN_POINT('',(-1.25,-2.2,6.2));
#4120=CARTESIAN_POINT('',(-1.25,-2.2,6.2));
#4121=VECTOR('',#4122,1.);
#4122=DIRECTION('',(0.,0.,-1.));
#4123=CARTESIAN_POINT('',(-0.85,-2.2,6.6));
#4124=CARTESIAN_POINT('',(-0.85,-2.2,6.6));
#4125=VECTOR('',#4126,1.);
#4126=DIRECTION('',(-0.707106781186547,0.,-0.707106781186548));
#4127=CARTESIAN_POINT('',(-1.25,-2.2,7.));
#4128=CARTESIAN_POINT('',(-1.25,-2.2,7.));
#4129=VECTOR('',#4130,1.);
#4130=DIRECTION('',(0.707106781186547,0.,-0.707106781186548));
#4131=CARTESIAN_POINT('',(-2.5,-2.2,7.));
#4132=CARTESIAN_POINT('',(-2.5,-2.2,7.));
#4133=VECTOR('',#4134,1.);
#4134=DIRECTION('',(1.,0.,-7.105427357601E-016));
#4135=CARTESIAN_POINT('',(-2.5,-2.2,0.));
#4136=CARTESIAN_POINT('',(-2.5,-2.2,0.));
#4137=VECTOR('',#4138,1.);
#4138=DIRECTION('',(0.,0.,1.));
#4139=CARTESIAN_POINT('',(-0.85,-2.2,0.));
#4140=CARTESIAN_POINT('',(-0.85,-2.2,0.));
#4141=VECTOR('',#4142,1.);
#4142=DIRECTION('',(-1.,0.,0.));
#4143=CARTESIAN_POINT('',(-0.85,-2.2,0.4));
#4144=CARTESIAN_POINT('',(-0.85,-2.2,0.4));
#4145=VECTOR('',#4146,1.);
#4146=DIRECTION('',(0.,0.,-1.));
#4147=CARTESIAN_POINT('',(0.85,-2.2,0.4));
#4148=CARTESIAN_POINT('',(-0.85,-2.2,0.4));
#4149=VECTOR('',#4150,1.);
#4150=DIRECTION('',(1.,0.,0.));
#4151=CARTESIAN_POINT('',(0.85,-2.2,0.));
#4152=CARTESIAN_POINT('',(0.85,-2.2,0.));
#4153=VECTOR('',#4154,1.);
#4154=DIRECTION('',(0.,0.,1.));
#4155=CARTESIAN_POINT('',(1.65,-2.2,0.));
#4156=CARTESIAN_POINT('',(0.85,-2.2,0.));
#4157=VECTOR('',#4158,1.);
#4158=DIRECTION('',(1.,0.,0.));
#4159=CARTESIAN_POINT('',(1.65,-2.2,0.4));
#4160=CARTESIAN_POINT('',(1.65,-2.2,0.4));
#4161=VECTOR('',#4162,1.);
#4162=DIRECTION('',(0.,0.,-1.));
#4163=CARTESIAN_POINT('',(3.35,-2.2,0.4));
#4164=CARTESIAN_POINT('',(1.65,-2.2,0.4));
#4165=VECTOR('',#4166,1.);
#4166=DIRECTION('',(1.,0.,0.));
#4167=CARTESIAN_POINT('',(3.35,-2.2,0.));
#4168=CARTESIAN_POINT('',(3.35,-2.2,0.));
#4169=VECTOR('',#4170,1.);
#4170=DIRECTION('',(0.,0.,1.));
#4171=CARTESIAN_POINT('',(4.15,-2.2,0.));
#4172=CARTESIAN_POINT('',(3.35,-2.2,0.));
#4173=VECTOR('',#4174,1.);
#4174=DIRECTION('',(1.,0.,0.));
#4175=CARTESIAN_POINT('',(4.15,-2.2,0.4));
#4176=CARTESIAN_POINT('',(4.15,-2.2,0.4));
#4177=VECTOR('',#4178,1.);
#4178=DIRECTION('',(0.,0.,-1.));
#4179=CARTESIAN_POINT('',(5.85,-2.2,0.4));
#4180=CARTESIAN_POINT('',(4.15,-2.2,0.4));
#4181=VECTOR('',#4182,1.);
#4182=DIRECTION('',(1.,0.,0.));
#4183=CARTESIAN_POINT('',(5.85,-2.2,0.));
#4184=CARTESIAN_POINT('',(5.85,-2.2,0.));
#4185=VECTOR('',#4186,1.);
#4186=DIRECTION('',(0.,0.,1.));
#4187=CARTESIAN_POINT('',(6.65,-2.2,0.));
#4188=CARTESIAN_POINT('',(5.85,-2.2,0.));
#4189=VECTOR('',#4190,1.);
#4190=DIRECTION('',(1.,0.,0.));
#4191=CARTESIAN_POINT('',(6.65,-2.2,0.4));
#4192=CARTESIAN_POINT('',(6.65,-2.2,0.4));
#4193=VECTOR('',#4194,1.);
#4194=DIRECTION('',(0.,0.,-1.));
#4195=CARTESIAN_POINT('',(8.35,-2.2,0.4));
#4196=CARTESIAN_POINT('',(6.65,-2.2,0.4));
#4197=VECTOR('',#4198,1.);
#4198=DIRECTION('',(1.,0.,0.));
#4199=CARTESIAN_POINT('',(8.35,-2.2,0.));
#4200=CARTESIAN_POINT('',(8.35,-2.2,0.));
#4201=VECTOR('',#4202,1.);
#4202=DIRECTION('',(0.,0.,1.));
#4203=CARTESIAN_POINT('',(9.15,-2.2,0.));
#4204=CARTESIAN_POINT('',(8.35,-2.2,0.));
#4205=VECTOR('',#4206,1.);
#4206=DIRECTION('',(1.,0.,0.));
#4207=CARTESIAN_POINT('',(9.15,-2.2,0.4));
#4208=CARTESIAN_POINT('',(9.15,-2.2,0.4));
#4209=VECTOR('',#4210,1.);
#4210=DIRECTION('',(0.,0.,-1.));
#4211=CARTESIAN_POINT('',(10.85,-2.2,0.4));
#4212=CARTESIAN_POINT('',(9.15,-2.2,0.4));
#4213=VECTOR('',#4214,1.);
#4214=DIRECTION('',(1.,0.,0.));
#4215=CARTESIAN_POINT('',(10.85,-2.2,0.));
#4216=CARTESIAN_POINT('',(10.85,-2.2,0.));
#4217=VECTOR('',#4218,1.);
#4218=DIRECTION('',(0.,0.,1.));
#4219=CARTESIAN_POINT('',(12.5,-2.2,0.));
#4220=CARTESIAN_POINT('',(10.85,-2.2,0.));
#4221=VECTOR('',#4222,1.);
#4222=DIRECTION('',(1.,0.,0.));
#4223=CARTESIAN_POINT('',(12.5,-2.2,0.));
#4224=VECTOR('',#4225,1.);
#4225=DIRECTION('',(0.,0.,1.));
#4226=CARTESIAN_POINT('',(10.85,-2.2,6.6));
#4227=CARTESIAN_POINT('',(10.85,-2.2,6.6));
#4228=VECTOR('',#4229,1.);
#4229=DIRECTION('',(0.707106781186547,0.,0.707106781186547));
#4230=CARTESIAN_POINT('',(11.25,-2.2,6.2));
#4231=CARTESIAN_POINT('',(11.25,-2.2,6.2));
#4232=VECTOR('',#4233,1.);
#4233=DIRECTION('',(-0.707106781186547,0.,0.707106781186547));
#4234=CARTESIAN_POINT('',(11.25,-2.2,3.6));
#4235=CARTESIAN_POINT('',(11.25,-2.2,3.6));
#4236=VECTOR('',#4237,1.);
#4237=DIRECTION('',(0.,0.,1.));
#4238=CARTESIAN_POINT('',(10.65,-2.2,3.));
#4239=AXIS2_PLACEMENT_3D('',#4240,#4241,#4242);
#4240=CARTESIAN_POINT('',(10.65,-2.2,3.6));
#4241=DIRECTION('',(0.,-1.,0.));
#4242=DIRECTION('',(0.,0.,-1.));
#4243=CARTESIAN_POINT('',(8.75,-2.2,3.));
#4244=VECTOR('',#4245,1.);
#4245=DIRECTION('',(1.,0.,0.));
#4246=CARTESIAN_POINT('',(10.85,-1.5,6.6));
#4247=VECTOR('',#4248,1.);
#4248=DIRECTION('',(0.,-1.,0.));
#4249=CARTESIAN_POINT('',(11.25,-1.5,6.2));
#4250=VECTOR('',#4251,1.);
#4251=DIRECTION('',(0.,-1.,0.));
#4252=CARTESIAN_POINT('',(11.25,-1.5,3.6));
#4253=VECTOR('',#4254,1.);
#4254=DIRECTION('',(0.,-1.,0.));
#4255=CARTESIAN_POINT('',(10.65,-1.5,3.));
#4256=VECTOR('',#4257,1.);
#4257=DIRECTION('',(0.,-1.,0.));
#4258=CARTESIAN_POINT('',(8.75,-1.5,3.));
#4259=VECTOR('',#4260,1.);
#4260=DIRECTION('',(0.,-1.,0.));
#4261=CARTESIAN_POINT('',(12.5,-0.4,7.));
#4262=CARTESIAN_POINT('',(12.5,-0.4,3.));
#4263=CARTESIAN_POINT('',(12.5,-0.4,7.));
#4264=VECTOR('',#4265,1.);
#4265=DIRECTION('',(0.,0.,-1.));
#4266=CARTESIAN_POINT('',(12.5,-0.4,3.));
#4267=VECTOR('',#4268,1.);
#4268=DIRECTION('',(0.,-1.,0.));
#4269=CARTESIAN_POINT('',(12.5,3.55,0.));
#4270=CARTESIAN_POINT('',(12.5,3.55,0.));
#4271=VECTOR('',#4272,1.);
#4272=DIRECTION('',(0.,-1.,0.));
#4273=CARTESIAN_POINT('',(12.5,3.55,7.));
#4274=CARTESIAN_POINT('',(12.5,3.55,7.));
#4275=VECTOR('',#4276,1.);
#4276=DIRECTION('',(0.,0.,-1.));
#4277=CARTESIAN_POINT('',(12.5,-0.4,7.));
#4278=VECTOR('',#4279,1.);
#4279=DIRECTION('',(0.,1.,0.));
#4280=CARTESIAN_POINT('',(11.8,-0.4,3.));
#4281=CARTESIAN_POINT('',(11.8,-0.4,3.));
#4282=VECTOR('',#4283,1.);
#4283=DIRECTION('',(0.,-1.,0.));
#4284=CARTESIAN_POINT('',(12.5,-0.4,3.));
#4285=VECTOR('',#4286,1.);
#4286=DIRECTION('',(-1.,0.,0.));
#4287=CARTESIAN_POINT('',(11.8,2.85,6.7));
#4288=CARTESIAN_POINT('',(11.8,-0.4,6.7));
#4289=CARTESIAN_POINT('',(11.8,2.85,6.7));
#4290=VECTOR('',#4291,1.);
#4291=DIRECTION('',(0.,-1.,0.));
#4292=CARTESIAN_POINT('',(11.8,2.85,2.));
#4293=CARTESIAN_POINT('',(11.8,2.85,6.7));
#4294=VECTOR('',#4295,1.);
#4295=DIRECTION('',(0.,0.,-1.));
#4296=CARTESIAN_POINT('',(11.8,2.85,2.));
#4297=VECTOR('',#4298,1.);
#4298=DIRECTION('',(0.,-1.,0.));
#4299=CARTESIAN_POINT('',(11.8,-0.4,6.7));
#4300=VECTOR('',#4301,1.);
#4301=DIRECTION('',(0.,0.,-1.));
#4302=CARTESIAN_POINT('',(-1.8,2.85,2.));
#4303=CARTESIAN_POINT('',(11.8,2.85,2.));
#4304=VECTOR('',#4305,1.);
#4305=DIRECTION('',(-1.,0.,0.));
#4306=CARTESIAN_POINT('',(-1.8,2.85,2.));
#4307=VECTOR('',#4308,1.);
#4308=DIRECTION('',(0.,-1.,0.));
#4309=CARTESIAN_POINT('',(2.82,0.32,2.));
#4310=CARTESIAN_POINT('',(2.18,0.32,2.));
#4311=CARTESIAN_POINT('',(2.82,0.32,2.));
#4312=VECTOR('',#4313,1.);
#4313=DIRECTION('',(-1.,0.,0.));
#4314=CARTESIAN_POINT('',(2.82,-0.32,2.));
#4315=CARTESIAN_POINT('',(2.82,-0.32,2.));
#4316=VECTOR('',#4317,1.);
#4317=DIRECTION('',(0.,1.,0.));
#4318=CARTESIAN_POINT('',(2.18,-0.32,2.));
#4319=CARTESIAN_POINT('',(2.18,-0.32,2.));
#4320=VECTOR('',#4321,1.);
#4321=DIRECTION('',(1.,0.,0.));
#4322=CARTESIAN_POINT('',(2.18,0.32,2.));
#4323=VECTOR('',#4324,1.);
#4324=DIRECTION('',(0.,-1.,0.));
#4325=CARTESIAN_POINT('',(5.32,0.32,2.));
#4326=CARTESIAN_POINT('',(4.68,0.32,2.));
#4327=CARTESIAN_POINT('',(5.32,0.32,2.));
#4328=VECTOR('',#4329,1.);
#4329=DIRECTION('',(-1.,0.,0.));
#4330=CARTESIAN_POINT('',(5.32,-0.32,2.));
#4331=CARTESIAN_POINT('',(5.32,-0.32,2.));
#4332=VECTOR('',#4333,1.);
#4333=DIRECTION('',(0.,1.,0.));
#4334=CARTESIAN_POINT('',(4.68,-0.32,2.));
#4335=CARTESIAN_POINT('',(4.68,-0.32,2.));
#4336=VECTOR('',#4337,1.);
#4337=DIRECTION('',(1.,0.,0.));
#4338=CARTESIAN_POINT('',(4.68,0.32,2.));
#4339=VECTOR('',#4340,1.);
#4340=DIRECTION('',(0.,-1.,0.));
#4341=CARTESIAN_POINT('',(7.82,0.32,2.));
#4342=CARTESIAN_POINT('',(7.18,0.32,2.));
#4343=CARTESIAN_POINT('',(7.82,0.32,2.));
#4344=VECTOR('',#4345,1.);
#4345=DIRECTION('',(-1.,0.,0.));
#4346=CARTESIAN_POINT('',(7.82,-0.32,2.));
#4347=CARTESIAN_POINT('',(7.82,-0.32,2.));
#4348=VECTOR('',#4349,1.);
#4349=DIRECTION('',(0.,1.,0.));
#4350=CARTESIAN_POINT('',(7.18,-0.32,2.));
#4351=CARTESIAN_POINT('',(7.18,-0.32,2.));
#4352=VECTOR('',#4353,1.);
#4353=DIRECTION('',(1.,0.,0.));
#4354=CARTESIAN_POINT('',(7.18,0.32,2.));
#4355=VECTOR('',#4356,1.);
#4356=DIRECTION('',(0.,-1.,0.));
#4357=CARTESIAN_POINT('',(10.32,0.32,2.));
#4358=CARTESIAN_POINT('',(9.68,0.32,2.));
#4359=CARTESIAN_POINT('',(10.32,0.32,2.));
#4360=VECTOR('',#4361,1.);
#4361=DIRECTION('',(-1.,0.,0.));
#4362=CARTESIAN_POINT('',(10.32,-0.32,2.));
#4363=CARTESIAN_POINT('',(10.32,-0.32,2.));
#4364=VECTOR('',#4365,1.);
#4365=DIRECTION('',(0.,1.,0.));
#4366=CARTESIAN_POINT('',(9.68,-0.32,2.));
#4367=CARTESIAN_POINT('',(9.68,-0.32,2.));
#4368=VECTOR('',#4369,1.);
#4369=DIRECTION('',(1.,0.,0.));
#4370=CARTESIAN_POINT('',(9.68,0.32,2.));
#4371=VECTOR('',#4372,1.);
#4372=DIRECTION('',(0.,-1.,0.));
#4373=CARTESIAN_POINT('',(0.32,0.32,2.));
#4374=CARTESIAN_POINT('',(-0.32,0.32,2.));
#4375=CARTESIAN_POINT('',(0.32,0.32,2.));
#4376=VECTOR('',#4377,1.);
#4377=DIRECTION('',(-1.,0.,0.));
#4378=CARTESIAN_POINT('',(0.32,-0.32,2.));
#4379=CARTESIAN_POINT('',(0.32,-0.32,2.));
#4380=VECTOR('',#4381,1.);
#4381=DIRECTION('',(0.,1.,0.));
#4382=CARTESIAN_POINT('',(-0.32,-0.32,2.));
#4383=CARTESIAN_POINT('',(-0.32,-0.32,2.));
#4384=VECTOR('',#4385,1.);
#4385=DIRECTION('',(1.,0.,0.));
#4386=CARTESIAN_POINT('',(-0.32,0.32,2.));
#4387=VECTOR('',#4388,1.);
#4388=DIRECTION('',(0.,-1.,0.));
#4389=CARTESIAN_POINT('',(-1.8,-0.4,6.7));
#4390=CARTESIAN_POINT('',(-1.8,2.85,6.7));
#4391=CARTESIAN_POINT('',(-1.8,2.85,6.7));
#4392=VECTOR('',#4393,1.);
#4393=DIRECTION('',(0.,-1.,0.));
#4394=CARTESIAN_POINT('',(-1.8,-0.4,3.));
#4395=CARTESIAN_POINT('',(-1.8,-0.4,6.7));
#4396=VECTOR('',#4397,1.);
#4397=DIRECTION('',(0.,0.,-1.));
#4398=CARTESIAN_POINT('',(-1.8,-0.4,3.));
#4399=VECTOR('',#4400,1.);
#4400=DIRECTION('',(0.,-1.,0.));
#4401=CARTESIAN_POINT('',(-1.8,2.85,6.7));
#4402=VECTOR('',#4403,1.);
#4403=DIRECTION('',(9.44870659255452E-017,0.,-1.));
#4404=CARTESIAN_POINT('',(-2.5,-0.4,3.));
#4405=CARTESIAN_POINT('',(-1.8,-0.4,3.));
#4406=VECTOR('',#4407,1.);
#4407=DIRECTION('',(-1.,0.,0.));
#4408=CARTESIAN_POINT('',(-2.5,-0.4,3.));
#4409=VECTOR('',#4410,1.);
#4410=DIRECTION('',(0.,-1.,0.));
#4411=CARTESIAN_POINT('',(-2.5,-0.4,7.));
#4412=CARTESIAN_POINT('',(-2.5,-0.4,7.));
#4413=VECTOR('',#4414,1.);
#4414=DIRECTION('',(0.,0.,-1.));
#4415=CARTESIAN_POINT('',(-2.5,3.55,7.));
#4416=CARTESIAN_POINT('',(-2.5,-0.4,7.));
#4417=VECTOR('',#4418,1.);
#4418=DIRECTION('',(0.,1.,0.));
#4419=CARTESIAN_POINT('',(-2.5,3.55,0.));
#4420=CARTESIAN_POINT('',(-2.5,3.55,7.));
#4421=VECTOR('',#4422,1.);
#4422=DIRECTION('',(0.,0.,-1.));
#4423=CARTESIAN_POINT('',(-2.5,3.55,0.));
#4424=VECTOR('',#4425,1.);
#4425=DIRECTION('',(0.,-1.,0.));
#4426=CARTESIAN_POINT('',(-2.5,-2.2,7.));
#4427=VECTOR('',#4428,1.);
#4428=DIRECTION('',(0.,1.,0.));
#4429=CARTESIAN_POINT('',(-1.25,-1.5,7.));
#4430=VECTOR('',#4431,1.);
#4431=DIRECTION('',(0.,-1.,0.));
#4432=CARTESIAN_POINT('',(-0.85,-1.5,6.6));
#4433=VECTOR('',#4434,1.);
#4434=DIRECTION('',(0.,-1.,0.));
#4435=CARTESIAN_POINT('',(-1.25,-1.5,6.2));
#4436=VECTOR('',#4437,1.);
#4437=DIRECTION('',(0.,-1.,0.));
#4438=CARTESIAN_POINT('',(-1.25,-1.5,3.6));
#4439=VECTOR('',#4440,1.);
#4440=DIRECTION('',(0.,-1.,0.));
#4441=CARTESIAN_POINT('',(-0.65,-1.5,3.));
#4442=VECTOR('',#4443,1.);
#4443=DIRECTION('',(0.,-1.,0.));
#4444=CARTESIAN_POINT('',(1.25,-1.5,3.));
#4445=VECTOR('',#4446,1.);
#4446=DIRECTION('',(0.,-1.,0.));
#4447=CARTESIAN_POINT('',(-0.85,3.55,0.));
#4448=CARTESIAN_POINT('',(-0.85,3.55,0.));
#4449=VECTOR('',#4450,1.);
#4450=DIRECTION('',(0.,-1.,0.));
#4451=CARTESIAN_POINT('',(-0.85,3.55,0.));
#4452=VECTOR('',#4453,1.);
#4453=DIRECTION('',(-1.,0.,0.));
#4454=CARTESIAN_POINT('',(-0.85,3.55,0.4));
#4455=CARTESIAN_POINT('',(-0.85,3.55,0.));
#4456=VECTOR('',#4457,1.);
#4457=DIRECTION('',(0.,0.,1.));
#4458=CARTESIAN_POINT('',(-0.85,-2.2,0.4));
#4459=VECTOR('',#4460,1.);
#4460=DIRECTION('',(0.,1.,0.));
#4461=CARTESIAN_POINT('',(0.85,3.55,0.4));
#4462=CARTESIAN_POINT('',(0.85,3.55,0.4));
#4463=VECTOR('',#4464,1.);
#4464=DIRECTION('',(-1.,0.,0.));
#4465=CARTESIAN_POINT('',(0.85,3.55,0.4));
#4466=VECTOR('',#4467,1.);
#4467=DIRECTION('',(0.,-1.,0.));
#4468=CARTESIAN_POINT('',(-0.32,0.32,0.4));
#4469=CARTESIAN_POINT('',(0.32,0.32,0.4));
#4470=CARTESIAN_POINT('',(-0.32,0.32,0.4));
#4471=VECTOR('',#4472,1.);
#4472=DIRECTION('',(1.,0.,0.));
#4473=CARTESIAN_POINT('',(-0.32,-0.32,0.4));
#4474=CARTESIAN_POINT('',(-0.32,-0.32,0.4));
#4475=VECTOR('',#4476,1.);
#4476=DIRECTION('',(0.,1.,0.));
#4477=CARTESIAN_POINT('',(0.32,-0.32,0.4));
#4478=CARTESIAN_POINT('',(0.32,-0.32,0.4));
#4479=VECTOR('',#4480,1.);
#4480=DIRECTION('',(-1.,0.,0.));
#4481=CARTESIAN_POINT('',(0.32,0.32,0.4));
#4482=VECTOR('',#4483,1.);
#4483=DIRECTION('',(0.,-1.,0.));
#4484=CARTESIAN_POINT('',(0.85,3.55,0.));
#4485=CARTESIAN_POINT('',(0.85,3.55,0.4));
#4486=VECTOR('',#4487,1.);
#4487=DIRECTION('',(0.,0.,-1.));
#4488=CARTESIAN_POINT('',(0.85,-2.2,0.));
#4489=VECTOR('',#4490,1.);
#4490=DIRECTION('',(0.,1.,0.));
#4491=CARTESIAN_POINT('',(1.65,3.55,0.));
#4492=CARTESIAN_POINT('',(1.65,3.55,0.));
#4493=VECTOR('',#4494,1.);
#4494=DIRECTION('',(0.,-1.,0.));
#4495=CARTESIAN_POINT('',(1.65,3.55,0.));
#4496=VECTOR('',#4497,1.);
#4497=DIRECTION('',(-1.,0.,0.));
#4498=CARTESIAN_POINT('',(1.65,3.55,0.4));
#4499=CARTESIAN_POINT('',(1.65,3.55,0.));
#4500=VECTOR('',#4501,1.);
#4501=DIRECTION('',(0.,0.,1.));
#4502=CARTESIAN_POINT('',(1.65,-2.2,0.4));
#4503=VECTOR('',#4504,1.);
#4504=DIRECTION('',(0.,1.,0.));
#4505=CARTESIAN_POINT('',(3.35,3.55,0.4));
#4506=CARTESIAN_POINT('',(3.35,3.55,0.4));
#4507=VECTOR('',#4508,1.);
#4508=DIRECTION('',(-1.,0.,0.));
#4509=CARTESIAN_POINT('',(3.35,3.55,0.4));
#4510=VECTOR('',#4511,1.);
#4511=DIRECTION('',(0.,-1.,0.));
#4512=CARTESIAN_POINT('',(2.18,0.32,0.4));
#4513=CARTESIAN_POINT('',(2.82,0.32,0.4));
#4514=CARTESIAN_POINT('',(2.18,0.32,0.4));
#4515=VECTOR('',#4516,1.);
#4516=DIRECTION('',(1.,0.,0.));
#4517=CARTESIAN_POINT('',(2.18,-0.32,0.4));
#4518=CARTESIAN_POINT('',(2.18,-0.32,0.4));
#4519=VECTOR('',#4520,1.);
#4520=DIRECTION('',(0.,1.,0.));
#4521=CARTESIAN_POINT('',(2.82,-0.32,0.4));
#4522=CARTESIAN_POINT('',(2.82,-0.32,0.4));
#4523=VECTOR('',#4524,1.);
#4524=DIRECTION('',(-1.,0.,0.));
#4525=CARTESIAN_POINT('',(2.82,0.32,0.4));
#4526=VECTOR('',#4527,1.);
#4527=DIRECTION('',(0.,-1.,0.));
#4528=CARTESIAN_POINT('',(3.35,3.55,0.));
#4529=CARTESIAN_POINT('',(3.35,-2.2,0.));
#4530=VECTOR('',#4531,1.);
#4531=DIRECTION('',(0.,1.,0.));
#4532=CARTESIAN_POINT('',(3.35,3.55,0.4));
#4533=VECTOR('',#4534,1.);
#4534=DIRECTION('',(0.,0.,-1.));
#4535=CARTESIAN_POINT('',(4.15,3.55,0.));
#4536=CARTESIAN_POINT('',(4.15,3.55,0.));
#4537=VECTOR('',#4538,1.);
#4538=DIRECTION('',(-1.,0.,0.));
#4539=CARTESIAN_POINT('',(4.15,3.55,0.));
#4540=VECTOR('',#4541,1.);
#4541=DIRECTION('',(0.,-1.,0.));
#4542=CARTESIAN_POINT('',(4.15,3.55,0.4));
#4543=CARTESIAN_POINT('',(4.15,3.55,0.));
#4544=VECTOR('',#4545,1.);
#4545=DIRECTION('',(0.,0.,1.));
#4546=CARTESIAN_POINT('',(4.15,-2.2,0.4));
#4547=VECTOR('',#4548,1.);
#4548=DIRECTION('',(0.,1.,0.));
#4549=CARTESIAN_POINT('',(5.85,3.55,0.4));
#4550=CARTESIAN_POINT('',(5.85,3.55,0.4));
#4551=VECTOR('',#4552,1.);
#4552=DIRECTION('',(-1.,0.,0.));
#4553=CARTESIAN_POINT('',(5.85,3.55,0.4));
#4554=VECTOR('',#4555,1.);
#4555=DIRECTION('',(0.,-1.,0.));
#4556=CARTESIAN_POINT('',(4.68,0.32,0.4));
#4557=CARTESIAN_POINT('',(5.32,0.32,0.4));
#4558=CARTESIAN_POINT('',(4.68,0.32,0.4));
#4559=VECTOR('',#4560,1.);
#4560=DIRECTION('',(1.,0.,0.));
#4561=CARTESIAN_POINT('',(4.68,-0.32,0.4));
#4562=CARTESIAN_POINT('',(4.68,-0.32,0.4));
#4563=VECTOR('',#4564,1.);
#4564=DIRECTION('',(0.,1.,0.));
#4565=CARTESIAN_POINT('',(5.32,-0.32,0.4));
#4566=CARTESIAN_POINT('',(5.32,-0.32,0.4));
#4567=VECTOR('',#4568,1.);
#4568=DIRECTION('',(-1.,0.,0.));
#4569=CARTESIAN_POINT('',(5.32,0.32,0.4));
#4570=VECTOR('',#4571,1.);
#4571=DIRECTION('',(0.,-1.,0.));
#4572=CARTESIAN_POINT('',(5.85,3.55,0.));
#4573=CARTESIAN_POINT('',(5.85,-2.2,0.));
#4574=VECTOR('',#4575,1.);
#4575=DIRECTION('',(0.,1.,0.));
#4576=CARTESIAN_POINT('',(5.85,3.55,0.4));
#4577=VECTOR('',#4578,1.);
#4578=DIRECTION('',(0.,0.,-1.));
#4579=CARTESIAN_POINT('',(6.65,3.55,0.));
#4580=CARTESIAN_POINT('',(6.65,3.55,0.));
#4581=VECTOR('',#4582,1.);
#4582=DIRECTION('',(-1.,0.,0.));
#4583=CARTESIAN_POINT('',(6.65,3.55,0.));
#4584=VECTOR('',#4585,1.);
#4585=DIRECTION('',(0.,-1.,0.));
#4586=CARTESIAN_POINT('',(6.65,3.55,0.4));
#4587=CARTESIAN_POINT('',(6.65,3.55,0.));
#4588=VECTOR('',#4589,1.);
#4589=DIRECTION('',(0.,0.,1.));
#4590=CARTESIAN_POINT('',(6.65,-2.2,0.4));
#4591=VECTOR('',#4592,1.);
#4592=DIRECTION('',(0.,1.,0.));
#4593=CARTESIAN_POINT('',(8.35,3.55,0.4));
#4594=CARTESIAN_POINT('',(8.35,3.55,0.4));
#4595=VECTOR('',#4596,1.);
#4596=DIRECTION('',(-1.,0.,0.));
#4597=CARTESIAN_POINT('',(8.35,3.55,0.4));
#4598=VECTOR('',#4599,1.);
#4599=DIRECTION('',(0.,-1.,0.));
#4600=CARTESIAN_POINT('',(7.18,0.32,0.4));
#4601=CARTESIAN_POINT('',(7.82,0.32,0.4));
#4602=CARTESIAN_POINT('',(7.18,0.32,0.4));
#4603=VECTOR('',#4604,1.);
#4604=DIRECTION('',(1.,0.,0.));
#4605=CARTESIAN_POINT('',(7.18,-0.32,0.4));
#4606=CARTESIAN_POINT('',(7.18,-0.32,0.4));
#4607=VECTOR('',#4608,1.);
#4608=DIRECTION('',(0.,1.,0.));
#4609=CARTESIAN_POINT('',(7.82,-0.32,0.4));
#4610=CARTESIAN_POINT('',(7.82,-0.32,0.4));
#4611=VECTOR('',#4612,1.);
#4612=DIRECTION('',(-1.,0.,0.));
#4613=CARTESIAN_POINT('',(7.82,0.32,0.4));
#4614=VECTOR('',#4615,1.);
#4615=DIRECTION('',(0.,-1.,0.));
#4616=CARTESIAN_POINT('',(8.35,3.55,0.));
#4617=CARTESIAN_POINT('',(8.35,-2.2,0.));
#4618=VECTOR('',#4619,1.);
#4619=DIRECTION('',(0.,1.,0.));
#4620=CARTESIAN_POINT('',(8.35,3.55,0.4));
#4621=VECTOR('',#4622,1.);
#4622=DIRECTION('',(0.,0.,-1.));
#4623=CARTESIAN_POINT('',(9.15,3.55,0.));
#4624=CARTESIAN_POINT('',(9.15,3.55,0.));
#4625=VECTOR('',#4626,1.);
#4626=DIRECTION('',(-1.,0.,0.));
#4627=CARTESIAN_POINT('',(9.15,3.55,0.));
#4628=VECTOR('',#4629,1.);
#4629=DIRECTION('',(0.,-1.,0.));
#4630=CARTESIAN_POINT('',(9.15,3.55,0.4));
#4631=CARTESIAN_POINT('',(9.15,3.55,0.));
#4632=VECTOR('',#4633,1.);
#4633=DIRECTION('',(0.,0.,1.));
#4634=CARTESIAN_POINT('',(9.15,-2.2,0.4));
#4635=VECTOR('',#4636,1.);
#4636=DIRECTION('',(0.,1.,0.));
#4637=CARTESIAN_POINT('',(10.85,3.55,0.4));
#4638=CARTESIAN_POINT('',(10.85,3.55,0.4));
#4639=VECTOR('',#4640,1.);
#4640=DIRECTION('',(-1.,0.,0.));
#4641=CARTESIAN_POINT('',(10.85,3.55,0.4));
#4642=VECTOR('',#4643,1.);
#4643=DIRECTION('',(0.,-1.,0.));
#4644=CARTESIAN_POINT('',(9.68,0.32,0.4));
#4645=CARTESIAN_POINT('',(10.32,0.32,0.4));
#4646=CARTESIAN_POINT('',(9.68,0.32,0.4));
#4647=VECTOR('',#4648,1.);
#4648=DIRECTION('',(1.,0.,0.));
#4649=CARTESIAN_POINT('',(9.68,-0.32,0.4));
#4650=CARTESIAN_POINT('',(9.68,-0.32,0.4));
#4651=VECTOR('',#4652,1.);
#4652=DIRECTION('',(0.,1.,0.));
#4653=CARTESIAN_POINT('',(10.32,-0.32,0.4));
#4654=CARTESIAN_POINT('',(10.32,-0.32,0.4));
#4655=VECTOR('',#4656,1.);
#4656=DIRECTION('',(-1.,0.,0.));
#4657=CARTESIAN_POINT('',(10.32,0.32,0.4));
#4658=VECTOR('',#4659,1.);
#4659=DIRECTION('',(0.,-1.,0.));
#4660=CARTESIAN_POINT('',(10.85,3.55,0.));
#4661=CARTESIAN_POINT('',(10.85,-2.2,0.));
#4662=VECTOR('',#4663,1.);
#4663=DIRECTION('',(0.,1.,0.));
#4664=CARTESIAN_POINT('',(10.85,3.55,0.4));
#4665=VECTOR('',#4666,1.);
#4666=DIRECTION('',(0.,0.,-1.));
#4667=CARTESIAN_POINT('',(10.85,3.55,0.));
#4668=VECTOR('',#4669,1.);
#4669=DIRECTION('',(1.,0.,0.));
#4670=CARTESIAN_POINT('',(12.1,-0.4,7.));
#4671=CARTESIAN_POINT('',(12.1,-0.4,7.));
#4672=VECTOR('',#4673,1.);
#4673=DIRECTION('',(-0.707106781186546,0.,-0.707106781186548));
#4674=CARTESIAN_POINT('',(12.5,-0.4,7.));
#4675=VECTOR('',#4676,1.);
#4676=DIRECTION('',(-1.,0.,0.));
#4677=CARTESIAN_POINT('',(12.5,3.55,7.));
#4678=VECTOR('',#4679,1.);
#4679=DIRECTION('',(-1.,0.,0.));
#4680=CARTESIAN_POINT('',(-2.1,-0.4,7.));
#4681=CARTESIAN_POINT('',(-2.1,3.15,7.));
#4682=CARTESIAN_POINT('',(-2.1,3.15,7.));
#4683=VECTOR('',#4684,1.);
#4684=DIRECTION('',(1.2509555207044E-016,-1.,0.));
#4685=CARTESIAN_POINT('',(12.1,3.15,7.));
#4686=CARTESIAN_POINT('',(12.1,3.15,7.));
#4687=VECTOR('',#4688,1.);
#4688=DIRECTION('',(-1.,3.127388801761E-017,0.));
#4689=CARTESIAN_POINT('',(12.1,3.15,7.));
#4690=VECTOR('',#4691,1.);
#4691=DIRECTION('',(-5.00382208281761E-016,-1.,0.));
#4692=CARTESIAN_POINT('',(-2.1,-0.4,7.));
#4693=VECTOR('',#4694,1.);
#4694=DIRECTION('',(-1.,0.,0.));
#4695=CARTESIAN_POINT('',(12.1,3.15,7.));
#4696=VECTOR('',#4697,1.);
#4697=DIRECTION('',(-0.577350269189627,-0.577350269189624,-0.577350269189627));
#4698=CARTESIAN_POINT('',(11.8,2.85,6.7));
#4699=VECTOR('',#4700,1.);
#4700=DIRECTION('',(-1.,0.,6.53072367426563E-017));
#4701=CARTESIAN_POINT('',(2.82,0.32,6.12679491924311));
#4702=CARTESIAN_POINT('',(2.18,0.32,6.12679491924311));
#4703=CARTESIAN_POINT('',(2.82,0.32,6.12679491924311));
#4704=VECTOR('',#4705,1.);
#4705=DIRECTION('',(-1.,0.,0.));
#4706=CARTESIAN_POINT('',(2.82,0.32,2.));
#4707=VECTOR('',#4708,1.);
#4708=DIRECTION('',(0.,0.,1.));
#4709=CARTESIAN_POINT('',(2.18,0.32,2.));
#4710=VECTOR('',#4711,1.);
#4711=DIRECTION('',(0.,0.,1.));
#4712=CARTESIAN_POINT('',(2.82,-0.32,6.12679491924311));
#4713=CARTESIAN_POINT('',(2.82,-0.32,6.12679491924311));
#4714=VECTOR('',#4715,1.);
#4715=DIRECTION('',(0.,1.,0.));
#4716=CARTESIAN_POINT('',(2.82,-0.32,2.));
#4717=VECTOR('',#4718,1.);
#4718=DIRECTION('',(0.,0.,1.));
#4719=CARTESIAN_POINT('',(2.18,-0.32,6.12679491924311));
#4720=CARTESIAN_POINT('',(2.18,-0.32,6.12679491924311));
#4721=VECTOR('',#4722,1.);
#4722=DIRECTION('',(1.,0.,0.));
#4723=CARTESIAN_POINT('',(2.18,-0.32,2.));
#4724=VECTOR('',#4725,1.);
#4725=DIRECTION('',(0.,0.,1.));
#4726=CARTESIAN_POINT('',(2.18,0.32,6.12679491924311));
#4727=VECTOR('',#4728,1.);
#4728=DIRECTION('',(0.,-1.,0.));
#4729=CARTESIAN_POINT('',(5.32,0.32,6.12679491924311));
#4730=CARTESIAN_POINT('',(4.68,0.32,6.12679491924311));
#4731=CARTESIAN_POINT('',(5.32,0.32,6.12679491924311));
#4732=VECTOR('',#4733,1.);
#4733=DIRECTION('',(-1.,0.,0.));
#4734=CARTESIAN_POINT('',(5.32,0.32,2.));
#4735=VECTOR('',#4736,1.);
#4736=DIRECTION('',(0.,0.,1.));
#4737=CARTESIAN_POINT('',(4.68,0.32,2.));
#4738=VECTOR('',#4739,1.);
#4739=DIRECTION('',(0.,0.,1.));
#4740=CARTESIAN_POINT('',(5.32,-0.32,6.12679491924311));
#4741=CARTESIAN_POINT('',(5.32,-0.32,6.12679491924311));
#4742=VECTOR('',#4743,1.);
#4743=DIRECTION('',(0.,1.,0.));
#4744=CARTESIAN_POINT('',(5.32,-0.32,2.));
#4745=VECTOR('',#4746,1.);
#4746=DIRECTION('',(0.,0.,1.));
#4747=CARTESIAN_POINT('',(4.68,-0.32,6.12679491924311));
#4748=CARTESIAN_POINT('',(4.68,-0.32,6.12679491924311));
#4749=VECTOR('',#4750,1.);
#4750=DIRECTION('',(1.,0.,0.));
#4751=CARTESIAN_POINT('',(4.68,-0.32,2.));
#4752=VECTOR('',#4753,1.);
#4753=DIRECTION('',(0.,0.,1.));
#4754=CARTESIAN_POINT('',(4.68,0.32,6.12679491924311));
#4755=VECTOR('',#4756,1.);
#4756=DIRECTION('',(0.,-1.,0.));
#4757=CARTESIAN_POINT('',(7.82,0.32,6.12679491924311));
#4758=CARTESIAN_POINT('',(7.18,0.32,6.12679491924311));
#4759=CARTESIAN_POINT('',(7.82,0.32,6.12679491924311));
#4760=VECTOR('',#4761,1.);
#4761=DIRECTION('',(-1.,0.,0.));
#4762=CARTESIAN_POINT('',(7.82,0.32,2.));
#4763=VECTOR('',#4764,1.);
#4764=DIRECTION('',(0.,0.,1.));
#4765=CARTESIAN_POINT('',(7.18,0.32,2.));
#4766=VECTOR('',#4767,1.);
#4767=DIRECTION('',(0.,0.,1.));
#4768=CARTESIAN_POINT('',(7.82,-0.32,6.12679491924311));
#4769=CARTESIAN_POINT('',(7.82,-0.32,6.12679491924311));
#4770=VECTOR('',#4771,1.);
#4771=DIRECTION('',(0.,1.,0.));
#4772=CARTESIAN_POINT('',(7.82,-0.32,2.));
#4773=VECTOR('',#4774,1.);
#4774=DIRECTION('',(0.,0.,1.));
#4775=CARTESIAN_POINT('',(7.18,-0.32,6.12679491924311));
#4776=CARTESIAN_POINT('',(7.18,-0.32,6.12679491924311));
#4777=VECTOR('',#4778,1.);
#4778=DIRECTION('',(1.,0.,0.));
#4779=CARTESIAN_POINT('',(7.18,-0.32,2.));
#4780=VECTOR('',#4781,1.);
#4781=DIRECTION('',(0.,0.,1.));
#4782=CARTESIAN_POINT('',(7.18,0.32,6.12679491924311));
#4783=VECTOR('',#4784,1.);
#4784=DIRECTION('',(0.,-1.,0.));
#4785=CARTESIAN_POINT('',(10.32,0.32,6.12679491924311));
#4786=CARTESIAN_POINT('',(9.68,0.32,6.12679491924311));
#4787=CARTESIAN_POINT('',(10.32,0.32,6.12679491924311));
#4788=VECTOR('',#4789,1.);
#4789=DIRECTION('',(-1.,0.,2.77555756156289E-015));
#4790=CARTESIAN_POINT('',(10.32,0.32,2.));
#4791=VECTOR('',#4792,1.);
#4792=DIRECTION('',(0.,0.,1.));
#4793=CARTESIAN_POINT('',(9.68,0.32,2.));
#4794=VECTOR('',#4795,1.);
#4795=DIRECTION('',(0.,0.,1.));
#4796=CARTESIAN_POINT('',(10.32,-0.32,6.12679491924311));
#4797=CARTESIAN_POINT('',(10.32,-0.32,6.12679491924311));
#4798=VECTOR('',#4799,1.);
#4799=DIRECTION('',(0.,1.,0.));
#4800=CARTESIAN_POINT('',(10.32,-0.32,2.));
#4801=VECTOR('',#4802,1.);
#4802=DIRECTION('',(0.,0.,1.));
#4803=CARTESIAN_POINT('',(9.68,-0.32,6.12679491924311));
#4804=CARTESIAN_POINT('',(9.68,-0.32,6.12679491924311));
#4805=VECTOR('',#4806,1.);
#4806=DIRECTION('',(1.,0.,2.77555756156289E-015));
#4807=CARTESIAN_POINT('',(9.68,-0.32,2.));
#4808=VECTOR('',#4809,1.);
#4809=DIRECTION('',(0.,0.,1.));
#4810=CARTESIAN_POINT('',(9.68,0.32,6.12679491924311));
#4811=VECTOR('',#4812,1.);
#4812=DIRECTION('',(0.,-1.,0.));
#4813=CARTESIAN_POINT('',(0.32,0.32,6.12679491924311));
#4814=CARTESIAN_POINT('',(-0.32,0.32,6.12679491924311));
#4815=CARTESIAN_POINT('',(0.32,0.32,6.12679491924311));
#4816=VECTOR('',#4817,1.);
#4817=DIRECTION('',(-1.,0.,0.));
#4818=CARTESIAN_POINT('',(0.32,0.32,2.));
#4819=VECTOR('',#4820,1.);
#4820=DIRECTION('',(0.,0.,1.));
#4821=CARTESIAN_POINT('',(-0.32,0.32,2.));
#4822=VECTOR('',#4823,1.);
#4823=DIRECTION('',(0.,0.,1.));
#4824=CARTESIAN_POINT('',(0.32,-0.32,6.12679491924311));
#4825=CARTESIAN_POINT('',(0.32,-0.32,6.12679491924311));
#4826=VECTOR('',#4827,1.);
#4827=DIRECTION('',(0.,1.,0.));
#4828=CARTESIAN_POINT('',(0.32,-0.32,2.));
#4829=VECTOR('',#4830,1.);
#4830=DIRECTION('',(0.,0.,1.));
#4831=CARTESIAN_POINT('',(-0.32,-0.32,6.12679491924311));
#4832=CARTESIAN_POINT('',(-0.32,-0.32,6.12679491924311));
#4833=VECTOR('',#4834,1.);
#4834=DIRECTION('',(1.,0.,0.));
#4835=CARTESIAN_POINT('',(-0.32,-0.32,2.));
#4836=VECTOR('',#4837,1.);
#4837=DIRECTION('',(0.,0.,1.));
#4838=CARTESIAN_POINT('',(-0.32,0.32,6.12679491924311));
#4839=VECTOR('',#4840,1.);
#4840=DIRECTION('',(0.,-1.,0.));
#4841=CARTESIAN_POINT('',(-1.8,-0.4,6.7));
#4842=VECTOR('',#4843,1.);
#4843=DIRECTION('',(-0.707106781186549,0.,0.707106781186546));
#4844=CARTESIAN_POINT('',(-2.1,3.15,7.));
#4845=VECTOR('',#4846,1.);
#4846=DIRECTION('',(0.577350269189627,-0.577350269189626,-0.577350269189624));
#4847=CARTESIAN_POINT('',(0.32,0.32,-3.12679491924311));
#4848=CARTESIAN_POINT('',(-0.32,0.32,-3.12679491924311));
#4849=CARTESIAN_POINT('',(0.32,0.32,-3.12679491924311));
#4850=VECTOR('',#4851,1.);
#4851=DIRECTION('',(-1.,0.,0.));
#4852=CARTESIAN_POINT('',(-0.32,0.32,-3.12679491924311));
#4853=VECTOR('',#4854,1.);
#4854=DIRECTION('',(0.,0.,1.));
#4855=CARTESIAN_POINT('',(0.32,0.32,-3.12679491924311));
#4856=VECTOR('',#4857,1.);
#4857=DIRECTION('',(0.,0.,1.));
#4858=CARTESIAN_POINT('',(-0.32,-0.32,-3.12679491924311));
#4859=CARTESIAN_POINT('',(-0.32,0.32,-3.12679491924311));
#4860=VECTOR('',#4861,1.);
#4861=DIRECTION('',(0.,-1.,0.));
#4862=CARTESIAN_POINT('',(-0.32,-0.32,-3.12679491924311));
#4863=VECTOR('',#4864,1.);
#4864=DIRECTION('',(0.,0.,1.));
#4865=CARTESIAN_POINT('',(0.32,-0.32,-3.12679491924311));
#4866=CARTESIAN_POINT('',(-0.32,-0.32,-3.12679491924311));
#4867=VECTOR('',#4868,1.);
#4868=DIRECTION('',(1.,0.,0.));
#4869=CARTESIAN_POINT('',(0.32,-0.32,-3.12679491924311));
#4870=VECTOR('',#4871,1.);
#4871=DIRECTION('',(0.,0.,1.));
#4872=CARTESIAN_POINT('',(0.32,-0.32,-3.12679491924311));
#4873=VECTOR('',#4874,1.);
#4874=DIRECTION('',(0.,1.,0.));
#4875=CARTESIAN_POINT('',(2.82,0.32,-3.12679491924311));
#4876=CARTESIAN_POINT('',(2.18,0.32,-3.12679491924311));
#4877=CARTESIAN_POINT('',(2.82,0.32,-3.12679491924311));
#4878=VECTOR('',#4879,1.);
#4879=DIRECTION('',(-1.,0.,0.));
#4880=CARTESIAN_POINT('',(2.18,0.32,-3.12679491924311));
#4881=VECTOR('',#4882,1.);
#4882=DIRECTION('',(0.,0.,1.));
#4883=CARTESIAN_POINT('',(2.82,0.32,-3.12679491924311));
#4884=VECTOR('',#4885,1.);
#4885=DIRECTION('',(0.,0.,1.));
#4886=CARTESIAN_POINT('',(2.18,-0.32,-3.12679491924311));
#4887=CARTESIAN_POINT('',(2.18,0.32,-3.12679491924311));
#4888=VECTOR('',#4889,1.);
#4889=DIRECTION('',(0.,-1.,0.));
#4890=CARTESIAN_POINT('',(2.18,-0.32,-3.12679491924311));
#4891=VECTOR('',#4892,1.);
#4892=DIRECTION('',(0.,0.,1.));
#4893=CARTESIAN_POINT('',(2.82,-0.32,-3.12679491924311));
#4894=CARTESIAN_POINT('',(2.18,-0.32,-3.12679491924311));
#4895=VECTOR('',#4896,1.);
#4896=DIRECTION('',(1.,0.,0.));
#4897=CARTESIAN_POINT('',(2.82,-0.32,-3.12679491924311));
#4898=VECTOR('',#4899,1.);
#4899=DIRECTION('',(0.,0.,1.));
#4900=CARTESIAN_POINT('',(2.82,-0.32,-3.12679491924311));
#4901=VECTOR('',#4902,1.);
#4902=DIRECTION('',(0.,1.,0.));
#4903=CARTESIAN_POINT('',(5.32,0.32,-3.12679491924311));
#4904=CARTESIAN_POINT('',(4.68,0.32,-3.12679491924311));
#4905=CARTESIAN_POINT('',(5.32,0.32,-3.12679491924311));
#4906=VECTOR('',#4907,1.);
#4907=DIRECTION('',(-1.,0.,0.));
#4908=CARTESIAN_POINT('',(4.68,0.32,-3.12679491924311));
#4909=VECTOR('',#4910,1.);
#4910=DIRECTION('',(0.,0.,1.));
#4911=CARTESIAN_POINT('',(5.32,0.32,-3.12679491924311));
#4912=VECTOR('',#4913,1.);
#4913=DIRECTION('',(0.,0.,1.));
#4914=CARTESIAN_POINT('',(4.68,-0.32,-3.12679491924311));
#4915=CARTESIAN_POINT('',(4.68,0.32,-3.12679491924311));
#4916=VECTOR('',#4917,1.);
#4917=DIRECTION('',(0.,-1.,0.));
#4918=CARTESIAN_POINT('',(4.68,-0.32,-3.12679491924311));
#4919=VECTOR('',#4920,1.);
#4920=DIRECTION('',(0.,0.,1.));
#4921=CARTESIAN_POINT('',(5.32,-0.32,-3.12679491924311));
#4922=CARTESIAN_POINT('',(4.68,-0.32,-3.12679491924311));
#4923=VECTOR('',#4924,1.);
#4924=DIRECTION('',(1.,0.,0.));
#4925=CARTESIAN_POINT('',(5.32,-0.32,-3.12679491924311));
#4926=VECTOR('',#4927,1.);
#4927=DIRECTION('',(0.,0.,1.));
#4928=CARTESIAN_POINT('',(5.32,-0.32,-3.12679491924311));
#4929=VECTOR('',#4930,1.);
#4930=DIRECTION('',(0.,1.,0.));
#4931=CARTESIAN_POINT('',(7.82,0.32,-3.12679491924311));
#4932=CARTESIAN_POINT('',(7.18,0.32,-3.12679491924311));
#4933=CARTESIAN_POINT('',(7.82,0.32,-3.12679491924311));
#4934=VECTOR('',#4935,1.);
#4935=DIRECTION('',(-1.,0.,0.));
#4936=CARTESIAN_POINT('',(7.18,0.32,-3.12679491924311));
#4937=VECTOR('',#4938,1.);
#4938=DIRECTION('',(0.,0.,1.));
#4939=CARTESIAN_POINT('',(7.82,0.32,-3.12679491924311));
#4940=VECTOR('',#4941,1.);
#4941=DIRECTION('',(0.,0.,1.));
#4942=CARTESIAN_POINT('',(7.18,-0.32,-3.12679491924311));
#4943=CARTESIAN_POINT('',(7.18,0.32,-3.12679491924311));
#4944=VECTOR('',#4945,1.);
#4945=DIRECTION('',(0.,-1.,0.));
#4946=CARTESIAN_POINT('',(7.18,-0.32,-3.12679491924311));
#4947=VECTOR('',#4948,1.);
#4948=DIRECTION('',(0.,0.,1.));
#4949=CARTESIAN_POINT('',(7.82,-0.32,-3.12679491924311));
#4950=CARTESIAN_POINT('',(7.18,-0.32,-3.12679491924311));
#4951=VECTOR('',#4952,1.);
#4952=DIRECTION('',(1.,0.,0.));
#4953=CARTESIAN_POINT('',(7.82,-0.32,-3.12679491924311));
#4954=VECTOR('',#4955,1.);
#4955=DIRECTION('',(0.,0.,1.));
#4956=CARTESIAN_POINT('',(7.82,-0.32,-3.12679491924311));
#4957=VECTOR('',#4958,1.);
#4958=DIRECTION('',(0.,1.,0.));
#4959=CARTESIAN_POINT('',(10.32,0.32,-3.12679491924311));
#4960=CARTESIAN_POINT('',(9.68,0.32,-3.12679491924311));
#4961=CARTESIAN_POINT('',(10.32,0.32,-3.12679491924311));
#4962=VECTOR('',#4963,1.);
#4963=DIRECTION('',(-1.,0.,0.));
#4964=CARTESIAN_POINT('',(9.68,0.32,-3.12679491924311));
#4965=VECTOR('',#4966,1.);
#4966=DIRECTION('',(0.,0.,1.));
#4967=CARTESIAN_POINT('',(10.32,0.32,-3.12679491924311));
#4968=VECTOR('',#4969,1.);
#4969=DIRECTION('',(0.,0.,1.));
#4970=CARTESIAN_POINT('',(9.68,-0.32,-3.12679491924311));
#4971=CARTESIAN_POINT('',(9.68,0.32,-3.12679491924311));
#4972=VECTOR('',#4973,1.);
#4973=DIRECTION('',(0.,-1.,0.));
#4974=CARTESIAN_POINT('',(9.68,-0.32,-3.12679491924311));
#4975=VECTOR('',#4976,1.);
#4976=DIRECTION('',(0.,0.,1.));
#4977=CARTESIAN_POINT('',(10.32,-0.32,-3.12679491924311));
#4978=CARTESIAN_POINT('',(9.68,-0.32,-3.12679491924311));
#4979=VECTOR('',#4980,1.);
#4980=DIRECTION('',(1.,0.,0.));
#4981=CARTESIAN_POINT('',(10.32,-0.32,-3.12679491924311));
#4982=VECTOR('',#4983,1.);
#4983=DIRECTION('',(0.,0.,1.));
#4984=CARTESIAN_POINT('',(10.32,-0.32,-3.12679491924311));
#4985=VECTOR('',#4986,1.);
#4986=DIRECTION('',(0.,1.,0.));
#4987=CARTESIAN_POINT('',(2.28,0.22,6.5));
#4988=CARTESIAN_POINT('',(2.18,0.32,6.12679491924311));
#4989=VECTOR('',#4990,1.);
#4990=DIRECTION('',(0.250562807085733,-0.250562807085729,0.935113126531029));
#4991=CARTESIAN_POINT('',(2.72,0.22,6.5));
#4992=CARTESIAN_POINT('',(2.72,0.22,6.5));
#4993=VECTOR('',#4994,1.);
#4994=DIRECTION('',(-1.,1.26161707343768E-016,0.));
#4995=CARTESIAN_POINT('',(2.82,0.320000000000001,6.12679491924311));
#4996=VECTOR('',#4997,1.);
#4997=DIRECTION('',(-0.25056280708573,-0.250562807085732,0.93511312653103));
#4998=CARTESIAN_POINT('',(2.72,-0.22,6.5));
#4999=CARTESIAN_POINT('',(2.72,-0.22,6.5));
#5000=VECTOR('',#5001,1.);
#5001=DIRECTION('',(0.,1.,0.));
#5002=CARTESIAN_POINT('',(2.82,-0.32,6.12679491924311));
#5003=VECTOR('',#5004,1.);
#5004=DIRECTION('',(-0.250562807085732,0.250562807085733,0.935113126531029));
#5005=CARTESIAN_POINT('',(2.28,-0.22,6.5));
#5006=CARTESIAN_POINT('',(2.28,-0.22,6.5));
#5007=VECTOR('',#5008,1.);
#5008=DIRECTION('',(1.,0.,0.));
#5009=CARTESIAN_POINT('',(2.18,-0.320000000000001,6.12679491924311));
#5010=VECTOR('',#5011,1.);
#5011=DIRECTION('',(0.25056280708573,0.250562807085732,0.93511312653103));
#5012=CARTESIAN_POINT('',(2.28,0.22,6.5));
#5013=VECTOR('',#5014,1.);
#5014=DIRECTION('',(0.,-1.,0.));
#5015=CARTESIAN_POINT('',(4.78,0.22,6.5));
#5016=CARTESIAN_POINT('',(4.68,0.32,6.12679491924311));
#5017=VECTOR('',#5018,1.);
#5018=DIRECTION('',(0.250562807085732,-0.250562807085733,0.935113126531029));
#5019=CARTESIAN_POINT('',(5.22,0.22,6.5));
#5020=CARTESIAN_POINT('',(5.22,0.22,6.5));
#5021=VECTOR('',#5022,1.);
#5022=DIRECTION('',(-1.,0.,0.));
#5023=CARTESIAN_POINT('',(5.32,0.320000000000001,6.12679491924311));
#5024=VECTOR('',#5025,1.);
#5025=DIRECTION('',(-0.25056280708573,-0.250562807085732,0.93511312653103));
#5026=CARTESIAN_POINT('',(5.22,-0.22,6.5));
#5027=CARTESIAN_POINT('',(5.22,-0.22,6.5));
#5028=VECTOR('',#5029,1.);
#5029=DIRECTION('',(0.,1.,0.));
#5030=CARTESIAN_POINT('',(5.32,-0.32,6.12679491924311));
#5031=VECTOR('',#5032,1.);
#5032=DIRECTION('',(-0.250562807085732,0.250562807085733,0.935113126531029));
#5033=CARTESIAN_POINT('',(4.78,-0.22,6.5));
#5034=CARTESIAN_POINT('',(4.78,-0.22,6.5));
#5035=VECTOR('',#5036,1.);
#5036=DIRECTION('',(1.,0.,0.));
#5037=CARTESIAN_POINT('',(4.68,-0.320000000000001,6.12679491924311));
#5038=VECTOR('',#5039,1.);
#5039=DIRECTION('',(0.25056280708573,0.250562807085732,0.93511312653103));
#5040=CARTESIAN_POINT('',(4.78,0.22,6.5));
#5041=VECTOR('',#5042,1.);
#5042=DIRECTION('',(0.,-1.,0.));
#5043=CARTESIAN_POINT('',(7.28,0.22,6.5));
#5044=CARTESIAN_POINT('',(7.18,0.32,6.12679491924311));
#5045=VECTOR('',#5046,1.);
#5046=DIRECTION('',(0.250562807085734,-0.250562807085733,0.935113126531029));
#5047=CARTESIAN_POINT('',(7.72,0.22,6.5));
#5048=CARTESIAN_POINT('',(7.72,0.22,6.5));
#5049=VECTOR('',#5050,1.);
#5050=DIRECTION('',(-1.,0.,0.));
#5051=CARTESIAN_POINT('',(7.82,0.320000000000001,6.12679491924311));
#5052=VECTOR('',#5053,1.);
#5053=DIRECTION('',(-0.25056280708573,-0.250562807085732,0.93511312653103));
#5054=CARTESIAN_POINT('',(7.72,-0.22,6.5));
#5055=CARTESIAN_POINT('',(7.72,-0.22,6.5));
#5056=VECTOR('',#5057,1.);
#5057=DIRECTION('',(0.,1.,0.));
#5058=CARTESIAN_POINT('',(7.82,-0.32,6.12679491924311));
#5059=VECTOR('',#5060,1.);
#5060=DIRECTION('',(-0.250562807085732,0.250562807085733,0.935113126531029));
#5061=CARTESIAN_POINT('',(7.28,-0.22,6.5));
#5062=CARTESIAN_POINT('',(7.28,-0.22,6.5));
#5063=VECTOR('',#5064,1.);
#5064=DIRECTION('',(1.,0.,0.));
#5065=CARTESIAN_POINT('',(7.18,-0.320000000000001,6.12679491924311));
#5066=VECTOR('',#5067,1.);
#5067=DIRECTION('',(0.25056280708573,0.250562807085732,0.93511312653103));
#5068=CARTESIAN_POINT('',(7.28,0.22,6.5));
#5069=VECTOR('',#5070,1.);
#5070=DIRECTION('',(0.,-1.,0.));
#5071=CARTESIAN_POINT('',(9.78,0.22,6.5));
#5072=CARTESIAN_POINT('',(9.68,0.32,6.12679491924311));
#5073=VECTOR('',#5074,1.);
#5074=DIRECTION('',(0.250562807085731,-0.250562807085731,0.93511312653103));
#5075=CARTESIAN_POINT('',(10.22,0.22,6.5));
#5076=CARTESIAN_POINT('',(10.22,0.22,6.5));
#5077=VECTOR('',#5078,1.);
#5078=DIRECTION('',(-1.,0.,0.));
#5079=CARTESIAN_POINT('',(10.32,0.320000000000001,6.12679491924311));
#5080=VECTOR('',#5081,1.);
#5081=DIRECTION('',(-0.25056280708573,-0.250562807085732,0.93511312653103));
#5082=CARTESIAN_POINT('',(10.22,-0.22,6.5));
#5083=CARTESIAN_POINT('',(10.22,-0.22,6.5));
#5084=VECTOR('',#5085,1.);
#5085=DIRECTION('',(0.,1.,0.));
#5086=CARTESIAN_POINT('',(10.32,-0.32,6.12679491924311));
#5087=VECTOR('',#5088,1.);
#5088=DIRECTION('',(-0.250562807085731,0.250562807085731,0.93511312653103));
#5089=CARTESIAN_POINT('',(9.78,-0.22,6.5));
#5090=CARTESIAN_POINT('',(9.78,-0.22,6.5));
#5091=VECTOR('',#5092,1.);
#5092=DIRECTION('',(1.,-1.26161707343767E-016,0.));
#5093=CARTESIAN_POINT('',(9.68,-0.320000000000001,6.12679491924311));
#5094=VECTOR('',#5095,1.);
#5095=DIRECTION('',(0.25056280708573,0.250562807085731,0.93511312653103));
#5096=CARTESIAN_POINT('',(9.78,0.22,6.5));
#5097=VECTOR('',#5098,1.);
#5098=DIRECTION('',(0.,-1.,0.));
#5099=CARTESIAN_POINT('',(-0.22,0.22,6.5));
#5100=CARTESIAN_POINT('',(-0.32,0.32,6.12679491924311));
#5101=VECTOR('',#5102,1.);
#5102=DIRECTION('',(0.250562807085732,-0.250562807085733,0.935113126531029));
#5103=CARTESIAN_POINT('',(0.22,0.22,6.5));
#5104=CARTESIAN_POINT('',(0.22,0.22,6.5));
#5105=VECTOR('',#5106,1.);
#5106=DIRECTION('',(-1.,0.,0.));
#5107=CARTESIAN_POINT('',(0.32,0.320000000000001,6.12679491924311));
#5108=VECTOR('',#5109,1.);
#5109=DIRECTION('',(-0.25056280708573,-0.250562807085732,0.93511312653103));
#5110=CARTESIAN_POINT('',(0.22,-0.22,6.5));
#5111=CARTESIAN_POINT('',(0.22,-0.22,6.5));
#5112=VECTOR('',#5113,1.);
#5113=DIRECTION('',(0.,1.,0.));
#5114=CARTESIAN_POINT('',(0.32,-0.32,6.12679491924311));
#5115=VECTOR('',#5116,1.);
#5116=DIRECTION('',(-0.250562807085732,0.250562807085733,0.935113126531029));
#5117=CARTESIAN_POINT('',(-0.22,-0.22,6.5));
#5118=CARTESIAN_POINT('',(-0.22,-0.22,6.5));
#5119=VECTOR('',#5120,1.);
#5120=DIRECTION('',(1.,0.,0.));
#5121=CARTESIAN_POINT('',(-0.32,-0.320000000000001,6.12679491924311));
#5122=VECTOR('',#5123,1.);
#5123=DIRECTION('',(0.25056280708573,0.250562807085732,0.93511312653103));
#5124=CARTESIAN_POINT('',(-0.22,0.22,6.5));
#5125=VECTOR('',#5126,1.);
#5126=DIRECTION('',(-1.26161707343768E-016,-1.,0.));
#5127=CARTESIAN_POINT('',(0.22,0.22,-3.5));
#5128=CARTESIAN_POINT('',(0.32,0.32,-3.12679491924311));
#5129=VECTOR('',#5130,1.);
#5130=DIRECTION('',(-0.250562807085732,-0.250562807085732,-0.935113126531029));
#5131=CARTESIAN_POINT('',(-0.22,0.22,-3.5));
#5132=CARTESIAN_POINT('',(0.22,0.22,-3.5));
#5133=VECTOR('',#5134,1.);
#5134=DIRECTION('',(-1.,0.,0.));
#5135=CARTESIAN_POINT('',(-0.32,0.32,-3.12679491924311));
#5136=VECTOR('',#5137,1.);
#5137=DIRECTION('',(0.250562807085731,-0.250562807085732,-0.935113126531029));
#5138=CARTESIAN_POINT('',(-0.22,-0.22,-3.5));
#5139=CARTESIAN_POINT('',(-0.22,0.22,-3.5));
#5140=VECTOR('',#5141,1.);
#5141=DIRECTION('',(-1.26161707343768E-016,-1.,0.));
#5142=CARTESIAN_POINT('',(-0.32,-0.32,-3.12679491924311));
#5143=VECTOR('',#5144,1.);
#5144=DIRECTION('',(0.250562807085732,0.250562807085732,-0.935113126531029));
#5145=CARTESIAN_POINT('',(0.22,-0.22,-3.5));
#5146=CARTESIAN_POINT('',(-0.22,-0.22,-3.5));
#5147=VECTOR('',#5148,1.);
#5148=DIRECTION('',(1.,0.,0.));
#5149=CARTESIAN_POINT('',(0.32,-0.32,-3.12679491924311));
#5150=VECTOR('',#5151,1.);
#5151=DIRECTION('',(-0.250562807085731,0.250562807085732,-0.935113126531029));
#5152=CARTESIAN_POINT('',(0.22,-0.22,-3.5));
#5153=VECTOR('',#5154,1.);
#5154=DIRECTION('',(0.,1.,0.));
#5155=CARTESIAN_POINT('',(2.72,0.22,-3.5));
#5156=CARTESIAN_POINT('',(2.82,0.32,-3.12679491924311));
#5157=VECTOR('',#5158,1.);
#5158=DIRECTION('',(-0.250562807085732,-0.250562807085732,-0.935113126531029));
#5159=CARTESIAN_POINT('',(2.28,0.22,-3.5));
#5160=CARTESIAN_POINT('',(2.72,0.22,-3.5));
#5161=VECTOR('',#5162,1.);
#5162=DIRECTION('',(-1.,1.26161707343768E-016,0.));
#5163=CARTESIAN_POINT('',(2.18,0.32,-3.12679491924311));
#5164=VECTOR('',#5165,1.);
#5165=DIRECTION('',(0.250562807085733,-0.250562807085732,-0.935113126531029));
#5166=CARTESIAN_POINT('',(2.28,-0.22,-3.5));
#5167=CARTESIAN_POINT('',(2.28,0.22,-3.5));
#5168=VECTOR('',#5169,1.);
#5169=DIRECTION('',(0.,-1.,0.));
#5170=CARTESIAN_POINT('',(2.18,-0.32,-3.12679491924311));
#5171=VECTOR('',#5172,1.);
#5172=DIRECTION('',(0.250562807085732,0.250562807085732,-0.935113126531029));
#5173=CARTESIAN_POINT('',(2.72,-0.22,-3.5));
#5174=CARTESIAN_POINT('',(2.28,-0.22,-3.5));
#5175=VECTOR('',#5176,1.);
#5176=DIRECTION('',(1.,0.,0.));
#5177=CARTESIAN_POINT('',(2.82,-0.32,-3.12679491924311));
#5178=VECTOR('',#5179,1.);
#5179=DIRECTION('',(-0.250562807085731,0.250562807085732,-0.93511312653103));
#5180=CARTESIAN_POINT('',(2.72,-0.22,-3.5));
#5181=VECTOR('',#5182,1.);
#5182=DIRECTION('',(0.,1.,0.));
#5183=CARTESIAN_POINT('',(5.22,0.22,-3.5));
#5184=CARTESIAN_POINT('',(5.32,0.32,-3.12679491924311));
#5185=VECTOR('',#5186,1.);
#5186=DIRECTION('',(-0.250562807085731,-0.250562807085732,-0.93511312653103));
#5187=CARTESIAN_POINT('',(4.78,0.22,-3.5));
#5188=CARTESIAN_POINT('',(5.22,0.22,-3.5));
#5189=VECTOR('',#5190,1.);
#5190=DIRECTION('',(-1.,0.,0.));
#5191=CARTESIAN_POINT('',(4.68,0.32,-3.12679491924311));
#5192=VECTOR('',#5193,1.);
#5193=DIRECTION('',(0.250562807085731,-0.250562807085732,-0.93511312653103));
#5194=CARTESIAN_POINT('',(4.78,-0.22,-3.5));
#5195=CARTESIAN_POINT('',(4.78,0.22,-3.5));
#5196=VECTOR('',#5197,1.);
#5197=DIRECTION('',(0.,-1.,0.));
#5198=CARTESIAN_POINT('',(4.68,-0.32,-3.12679491924311));
#5199=VECTOR('',#5200,1.);
#5200=DIRECTION('',(0.250562807085731,0.250562807085732,-0.93511312653103));
#5201=CARTESIAN_POINT('',(5.22,-0.22,-3.5));
#5202=CARTESIAN_POINT('',(4.78,-0.22,-3.5));
#5203=VECTOR('',#5204,1.);
#5204=DIRECTION('',(1.,0.,0.));
#5205=CARTESIAN_POINT('',(5.32,-0.32,-3.12679491924311));
#5206=VECTOR('',#5207,1.);
#5207=DIRECTION('',(-0.250562807085731,0.250562807085732,-0.93511312653103));
#5208=CARTESIAN_POINT('',(5.22,-0.22,-3.5));
#5209=VECTOR('',#5210,1.);
#5210=DIRECTION('',(0.,1.,0.));
#5211=CARTESIAN_POINT('',(7.72,0.22,-3.5));
#5212=CARTESIAN_POINT('',(7.82,0.32,-3.12679491924311));
#5213=VECTOR('',#5214,1.);
#5214=DIRECTION('',(-0.250562807085731,-0.250562807085732,-0.93511312653103));
#5215=CARTESIAN_POINT('',(7.28,0.22,-3.5));
#5216=CARTESIAN_POINT('',(7.72,0.22,-3.5));
#5217=VECTOR('',#5218,1.);
#5218=DIRECTION('',(-1.,0.,0.));
#5219=CARTESIAN_POINT('',(7.18,0.32,-3.12679491924311));
#5220=VECTOR('',#5221,1.);
#5221=DIRECTION('',(0.250562807085733,-0.250562807085732,-0.935113126531029));
#5222=CARTESIAN_POINT('',(7.28,-0.22,-3.5));
#5223=CARTESIAN_POINT('',(7.28,0.22,-3.5));
#5224=VECTOR('',#5225,1.);
#5225=DIRECTION('',(0.,-1.,0.));
#5226=CARTESIAN_POINT('',(7.18,-0.32,-3.12679491924311));
#5227=VECTOR('',#5228,1.);
#5228=DIRECTION('',(0.250562807085731,0.250562807085732,-0.93511312653103));
#5229=CARTESIAN_POINT('',(7.72,-0.22,-3.5));
#5230=CARTESIAN_POINT('',(7.28,-0.22,-3.5));
#5231=VECTOR('',#5232,1.);
#5232=DIRECTION('',(1.,0.,0.));
#5233=CARTESIAN_POINT('',(7.82,-0.32,-3.12679491924311));
#5234=VECTOR('',#5235,1.);
#5235=DIRECTION('',(-0.250562807085731,0.250562807085732,-0.93511312653103));
#5236=CARTESIAN_POINT('',(7.72,-0.22,-3.5));
#5237=VECTOR('',#5238,1.);
#5238=DIRECTION('',(0.,1.,0.));
#5239=CARTESIAN_POINT('',(10.22,0.22,-3.5));
#5240=CARTESIAN_POINT('',(10.32,0.32,-3.12679491924311));
#5241=VECTOR('',#5242,1.);
#5242=DIRECTION('',(-0.250562807085731,-0.250562807085732,-0.93511312653103));
#5243=CARTESIAN_POINT('',(9.78,0.22,-3.5));
#5244=CARTESIAN_POINT('',(10.22,0.22,-3.5));
#5245=VECTOR('',#5246,1.);
#5246=DIRECTION('',(-1.,0.,0.));
#5247=CARTESIAN_POINT('',(9.68,0.32,-3.12679491924311));
#5248=VECTOR('',#5249,1.);
#5249=DIRECTION('',(0.250562807085731,-0.250562807085732,-0.93511312653103));
#5250=CARTESIAN_POINT('',(9.78,-0.22,-3.5));
#5251=CARTESIAN_POINT('',(9.78,0.22,-3.5));
#5252=VECTOR('',#5253,1.);
#5253=DIRECTION('',(0.,-1.,0.));
#5254=CARTESIAN_POINT('',(9.68,-0.32,-3.12679491924311));
#5255=VECTOR('',#5256,1.);
#5256=DIRECTION('',(0.250562807085731,0.250562807085731,-0.93511312653103));
#5257=CARTESIAN_POINT('',(10.22,-0.22,-3.5));
#5258=CARTESIAN_POINT('',(9.78,-0.22,-3.5));
#5259=VECTOR('',#5260,1.);
#5260=DIRECTION('',(1.,-1.26161707343767E-016,0.));
#5261=CARTESIAN_POINT('',(10.32,-0.32,-3.12679491924311));
#5262=VECTOR('',#5263,1.);
#5263=DIRECTION('',(-0.250562807085731,0.250562807085732,-0.93511312653103));
#5264=CARTESIAN_POINT('',(10.22,-0.22,-3.5));
#5265=VECTOR('',#5266,1.);
#5266=DIRECTION('',(0.,1.,0.));
ENDSEC;
END-ISO-10303-21;
