ISO-10303-21;
HEADER;
FILE_DESCRIPTION(('STEP AP214'),
    '1');
FILE_NAME('DS1069 (CWF CONNFLY)',
    '2018-04-27T07:31:11',
    ('Chugay'),
    (''),
    'ASCON STEP Converter 1.3',
    'ASCON Math Kernel',
    '');
FILE_SCHEMA(('AUTOMOTIVE_DESIGN { 1 0 10303 214 3 1 1}'));
ENDSEC;

DATA;
#1=SHAPE_REPRESENTATION('NONE',(#2),#6);
#2=AXIS2_PLACEMENT_3D('',#3,#4,#5);
#3=CARTESIAN_POINT('',(0.,0.,0.));
#4=DIRECTION('',(0.,0.,1.));
#5=DIRECTION('',(1.,0.,0.));
#6=(GEOMETRIC_REPRESENTATION_CONTEXT(3)GLOBAL_UNCERTAINTY_ASSIGNED_CONTEXT((#8))
GLOBAL_UNIT_ASSIGNED_CONTEXT((#7,#9,#10))REPRESENTATION_CONTEXT('NONE','NONE'));
#7=(LENGTH_UNIT()NAMED_UNIT(*)SI_UNIT(.MILLI.,.METRE.));
#8=UNCERTAINTY_MEASURE_WITH_UNIT(LENGTH_MEASURE(1.E-005),#7,'NONE','NONE');
#9=(NAMED_UNIT(*)PLANE_ANGLE_UNIT()SI_UNIT($,.RADIAN.));
#10=(NAMED_UNIT(*)SI_UNIT($,.STERADIAN.)SOLID_ANGLE_UNIT());
#11=SHAPE_DEFINITION_REPRESENTATION(#12,#1);
#12=PRODUCT_DEFINITION_SHAPE('NONE','NONE',#13);
#13=PRODUCT_DEFINITION('','UNSPECIFIED',#14,#22);
#14=PRODUCT_DEFINITION_FORMATION_WITH_SPECIFIED_SOURCE('ANY','UNSPECIFIED',#15,.NOT_KNOWN.);
#15=PRODUCT('','CWF-X','NONE',(#25));
#16=PERSON('UNSPECIFIED','Chugay','UNSPECIFIED',('UNSPECIFIED'),('UNSPECIFIED'),
('UNSPECIFIED'));
#17=ORGANIZATION('UNSPECIFIED','UNSPECIFIED','UNSPECIFIED');
#18=PERSON_AND_ORGANIZATION(#16,#17);
#19=PERSON_AND_ORGANIZATION_ROLE('design_owner');
#20=CC_DESIGN_PERSON_AND_ORGANIZATION_ASSIGNMENT(#18,#19,(#15));
#21=PRODUCT_RELATED_PRODUCT_CATEGORY('detail','',(#15));
#22=DESIGN_CONTEXT('detailed design',#23,'design');
#23=APPLICATION_CONTEXT('configuration controlled 3d designs of mechanical parts and assemblies');
#24=APPLICATION_PROTOCOL_DEFINITION('international standard','automotive_design',
2011,#23);
#25=MECHANICAL_CONTEXT('NONE',#23,'mechanical');
#26=CC_DESIGN_DATE_AND_TIME_ASSIGNMENT(#27,#31,(#13));
#27=DATE_AND_TIME(#28,#29);
#28=CALENDAR_DATE(0,1,1);
#29=LOCAL_TIME(0,0,0.,#30);
#30=COORDINATED_UNIVERSAL_TIME_OFFSET(0,0,.AHEAD.);
#31=DATE_TIME_ROLE('creation_date');
#32=CC_DESIGN_APPROVAL(#33,(#13));
#33=APPROVAL(#34,'UNSPECIFIED');
#34=APPROVAL_STATUS('not_yet_approved');
#35=APPROVAL_DATE_TIME(#36,#33);
#36=DATE_AND_TIME(#37,#38);
#37=CALENDAR_DATE(0,1,1);
#38=LOCAL_TIME(0,0,0.,#39);
#39=COORDINATED_UNIVERSAL_TIME_OFFSET(0,0,.AHEAD.);
#40=DERIVED_UNIT((#44,#41));
#41=DERIVED_UNIT_ELEMENT(#42,-1.);
#42=VOLUME_UNIT(#43);
#43=DIMENSIONAL_EXPONENTS(3.,0.,0.,0.,0.,0.,0.);
#44=(NAMED_UNIT($)MASS_UNIT()SI_UNIT($,.GRAM.));
#45=MANIFOLD_SOLID_BREP('',#46);
#46=CLOSED_SHELL('',(#58,#67,#76,#85,#94,#103,#112,#121,#130,#139,#148,#157,#166,
#175,#184,#193,#202,#211,#220,#229,#238,#247,#256,#265,#274,#283,#292,#301,#310,
#319,#328,#337,#346,#355,#364,#373,#382,#391,#400,#409,#418,#427,#436,#445,#454,
#463,#472,#481,#490,#499,#508,#517,#526,#535,#544,#553,#562,#571,#580,#589,#598,
#607,#616,#625,#634,#643,#652,#661,#670,#679,#688,#697,#706,#715,#724,#733,#742,
#751,#760,#769,#778,#787,#796,#805,#814,#823,#832,#841,#850,#859,#868,#877,#886,
#895,#904,#913,#922,#931,#940,#949,#958,#967,#976,#985,#994,#1003,#1012,#1021,#1030,
#1039,#1048,#1057,#1066,#1075,#1084,#1093,#1102,#1111,#1120,#1129,#1138,#1147,#1156,
#1165,#1174,#1183,#1192,#1201,#1210,#1219,#1228,#1237,#1246,#1255,#1264,#1273,#1282,
#1291,#1300,#1309,#1318,#1327,#1336,#1345,#1354,#1363,#1372,#1381,#1390,#1399,#1408,
#1417,#1426,#1435,#1444,#1453,#1462,#1471,#1480,#1489,#1498,#1507,#1516,#1525,#1534,
#1543,#1552,#1561,#1570,#1579,#1588,#1597,#1606,#1615,#1624,#1633,#1642,#1651,#1660,
#1669,#1678,#1687,#1696,#1705,#1714,#1723,#1732));
#47=COLOUR_RGB($,1.,1.,1.);
#48=FILL_AREA_STYLE_COLOUR($,#47);
#49=FILL_AREA_STYLE($,(#48));
#50=SURFACE_STYLE_FILL_AREA(#49);
#51=SURFACE_SIDE_STYLE('',(#50));
#52=SURFACE_STYLE_USAGE(.BOTH.,#51);
#53=PRESENTATION_STYLE_ASSIGNMENT((#52));
#54=MECHANICAL_DESIGN_GEOMETRIC_PRESENTATION_REPRESENTATION('NONE',(#55,#66,#75,
#84,#93,#102,#111,#120,#129,#138,#147,#156,#165,#174,#183,#192,#201,#210,#219,#228,
#237,#246,#255,#264,#273,#282,#291,#300,#309,#318,#327,#336,#345,#354,#363,#372,
#381,#390,#399,#408,#417,#426,#435,#444,#453,#462,#471,#480,#489,#498,#507,#516,
#525,#534,#543,#552,#561,#570,#579,#588,#597,#606,#615,#624,#633,#642,#651,#660,
#669,#678,#687,#696,#705,#714,#723,#732,#741,#750,#759,#768,#777,#786,#795,#804,
#813,#822,#831,#840,#849,#858,#867,#876,#885,#894,#903,#912,#921,#930,#939,#948,
#957,#966,#975,#984,#993,#1002,#1011,#1020,#1029,#1038,#1047,#1056,#1065,#1074,#1083,
#1092,#1101,#1110,#1119,#1128,#1137,#1146,#1155,#1164,#1173,#1182,#1191,#1200,#1209,
#1218,#1227,#1236,#1245,#1254,#1263,#1272,#1281,#1290,#1299,#1308,#1317,#1326,#1335,
#1344,#1353,#1362,#1371,#1380,#1389,#1398,#1407,#1416,#1425,#1434,#1443,#1452,#1461,
#1470,#1479,#1488,#1497,#1506,#1515,#1524,#1533,#1542,#1551,#1560,#1569,#1578,#1587,
#1596,#1605,#1614,#1623,#1632,#1641,#1650,#1659,#1668,#1677,#1686,#1695,#1704,#1713,
#1722,#1731,#1740),#6);
#55=STYLED_ITEM('',(#53),#45);
#56=ADVANCED_BREP_SHAPE_REPRESENTATION('NONE',(#45),#6);
#57=SHAPE_REPRESENTATION_RELATIONSHIP('','',#1,#56);
#58=ADVANCED_FACE('',(#1741),#1743,.F.);
#59=COLOUR_RGB($,1.,1.,1.);
#60=FILL_AREA_STYLE_COLOUR($,#59);
#61=FILL_AREA_STYLE($,(#60));
#62=SURFACE_STYLE_FILL_AREA(#61);
#63=SURFACE_SIDE_STYLE('',(#62));
#64=SURFACE_STYLE_USAGE(.BOTH.,#63);
#65=PRESENTATION_STYLE_ASSIGNMENT((#64));
#66=STYLED_ITEM('',(#65),#58);
#67=ADVANCED_FACE('',(#1748),#1750,.T.);
#68=COLOUR_RGB($,1.,1.,1.);
#69=FILL_AREA_STYLE_COLOUR($,#68);
#70=FILL_AREA_STYLE($,(#69));
#71=SURFACE_STYLE_FILL_AREA(#70);
#72=SURFACE_SIDE_STYLE('',(#71));
#73=SURFACE_STYLE_USAGE(.BOTH.,#72);
#74=PRESENTATION_STYLE_ASSIGNMENT((#73));
#75=STYLED_ITEM('',(#74),#67);
#76=ADVANCED_FACE('',(#1755),#1757,.T.);
#77=COLOUR_RGB($,1.,1.,1.);
#78=FILL_AREA_STYLE_COLOUR($,#77);
#79=FILL_AREA_STYLE($,(#78));
#80=SURFACE_STYLE_FILL_AREA(#79);
#81=SURFACE_SIDE_STYLE('',(#80));
#82=SURFACE_STYLE_USAGE(.BOTH.,#81);
#83=PRESENTATION_STYLE_ASSIGNMENT((#82));
#84=STYLED_ITEM('',(#83),#76);
#85=ADVANCED_FACE('',(#1762),#1764,.T.);
#86=COLOUR_RGB($,1.,1.,1.);
#87=FILL_AREA_STYLE_COLOUR($,#86);
#88=FILL_AREA_STYLE($,(#87));
#89=SURFACE_STYLE_FILL_AREA(#88);
#90=SURFACE_SIDE_STYLE('',(#89));
#91=SURFACE_STYLE_USAGE(.BOTH.,#90);
#92=PRESENTATION_STYLE_ASSIGNMENT((#91));
#93=STYLED_ITEM('',(#92),#85);
#94=ADVANCED_FACE('',(#1769),#1771,.F.);
#95=COLOUR_RGB($,1.,1.,1.);
#96=FILL_AREA_STYLE_COLOUR($,#95);
#97=FILL_AREA_STYLE($,(#96));
#98=SURFACE_STYLE_FILL_AREA(#97);
#99=SURFACE_SIDE_STYLE('',(#98));
#100=SURFACE_STYLE_USAGE(.BOTH.,#99);
#101=PRESENTATION_STYLE_ASSIGNMENT((#100));
#102=STYLED_ITEM('',(#101),#94);
#103=ADVANCED_FACE('',(#1776),#1778,.F.);
#104=COLOUR_RGB($,1.,1.,1.);
#105=FILL_AREA_STYLE_COLOUR($,#104);
#106=FILL_AREA_STYLE($,(#105));
#107=SURFACE_STYLE_FILL_AREA(#106);
#108=SURFACE_SIDE_STYLE('',(#107));
#109=SURFACE_STYLE_USAGE(.BOTH.,#108);
#110=PRESENTATION_STYLE_ASSIGNMENT((#109));
#111=STYLED_ITEM('',(#110),#103);
#112=ADVANCED_FACE('',(#1783),#1785,.F.);
#113=COLOUR_RGB($,1.,1.,1.);
#114=FILL_AREA_STYLE_COLOUR($,#113);
#115=FILL_AREA_STYLE($,(#114));
#116=SURFACE_STYLE_FILL_AREA(#115);
#117=SURFACE_SIDE_STYLE('',(#116));
#118=SURFACE_STYLE_USAGE(.BOTH.,#117);
#119=PRESENTATION_STYLE_ASSIGNMENT((#118));
#120=STYLED_ITEM('',(#119),#112);
#121=ADVANCED_FACE('',(#1790),#1792,.F.);
#122=COLOUR_RGB($,1.,1.,1.);
#123=FILL_AREA_STYLE_COLOUR($,#122);
#124=FILL_AREA_STYLE($,(#123));
#125=SURFACE_STYLE_FILL_AREA(#124);
#126=SURFACE_SIDE_STYLE('',(#125));
#127=SURFACE_STYLE_USAGE(.BOTH.,#126);
#128=PRESENTATION_STYLE_ASSIGNMENT((#127));
#129=STYLED_ITEM('',(#128),#121);
#130=ADVANCED_FACE('',(#1797),#1799,.F.);
#131=COLOUR_RGB($,1.,1.,1.);
#132=FILL_AREA_STYLE_COLOUR($,#131);
#133=FILL_AREA_STYLE($,(#132));
#134=SURFACE_STYLE_FILL_AREA(#133);
#135=SURFACE_SIDE_STYLE('',(#134));
#136=SURFACE_STYLE_USAGE(.BOTH.,#135);
#137=PRESENTATION_STYLE_ASSIGNMENT((#136));
#138=STYLED_ITEM('',(#137),#130);
#139=ADVANCED_FACE('',(#1804),#1806,.F.);
#140=COLOUR_RGB($,1.,1.,1.);
#141=FILL_AREA_STYLE_COLOUR($,#140);
#142=FILL_AREA_STYLE($,(#141));
#143=SURFACE_STYLE_FILL_AREA(#142);
#144=SURFACE_SIDE_STYLE('',(#143));
#145=SURFACE_STYLE_USAGE(.BOTH.,#144);
#146=PRESENTATION_STYLE_ASSIGNMENT((#145));
#147=STYLED_ITEM('',(#146),#139);
#148=ADVANCED_FACE('',(#1811),#1813,.T.);
#149=COLOUR_RGB($,1.,1.,1.);
#150=FILL_AREA_STYLE_COLOUR($,#149);
#151=FILL_AREA_STYLE($,(#150));
#152=SURFACE_STYLE_FILL_AREA(#151);
#153=SURFACE_SIDE_STYLE('',(#152));
#154=SURFACE_STYLE_USAGE(.BOTH.,#153);
#155=PRESENTATION_STYLE_ASSIGNMENT((#154));
#156=STYLED_ITEM('',(#155),#148);
#157=ADVANCED_FACE('',(#1818),#1820,.F.);
#158=COLOUR_RGB($,1.,1.,1.);
#159=FILL_AREA_STYLE_COLOUR($,#158);
#160=FILL_AREA_STYLE($,(#159));
#161=SURFACE_STYLE_FILL_AREA(#160);
#162=SURFACE_SIDE_STYLE('',(#161));
#163=SURFACE_STYLE_USAGE(.BOTH.,#162);
#164=PRESENTATION_STYLE_ASSIGNMENT((#163));
#165=STYLED_ITEM('',(#164),#157);
#166=ADVANCED_FACE('',(#1825),#1827,.F.);
#167=COLOUR_RGB($,1.,1.,1.);
#168=FILL_AREA_STYLE_COLOUR($,#167);
#169=FILL_AREA_STYLE($,(#168));
#170=SURFACE_STYLE_FILL_AREA(#169);
#171=SURFACE_SIDE_STYLE('',(#170));
#172=SURFACE_STYLE_USAGE(.BOTH.,#171);
#173=PRESENTATION_STYLE_ASSIGNMENT((#172));
#174=STYLED_ITEM('',(#173),#166);
#175=ADVANCED_FACE('',(#1832,#1834,#1836,#1838,#1840,#1842,#1844,#1846),#1848,.T.);
#176=COLOUR_RGB($,1.,1.,1.);
#177=FILL_AREA_STYLE_COLOUR($,#176);
#178=FILL_AREA_STYLE($,(#177));
#179=SURFACE_STYLE_FILL_AREA(#178);
#180=SURFACE_SIDE_STYLE('',(#179));
#181=SURFACE_STYLE_USAGE(.BOTH.,#180);
#182=PRESENTATION_STYLE_ASSIGNMENT((#181));
#183=STYLED_ITEM('',(#182),#175);
#184=ADVANCED_FACE('',(#1853),#1855,.F.);
#185=COLOUR_RGB($,1.,1.,1.);
#186=FILL_AREA_STYLE_COLOUR($,#185);
#187=FILL_AREA_STYLE($,(#186));
#188=SURFACE_STYLE_FILL_AREA(#187);
#189=SURFACE_SIDE_STYLE('',(#188));
#190=SURFACE_STYLE_USAGE(.BOTH.,#189);
#191=PRESENTATION_STYLE_ASSIGNMENT((#190));
#192=STYLED_ITEM('',(#191),#184);
#193=ADVANCED_FACE('',(#1860),#1862,.F.);
#194=COLOUR_RGB($,1.,1.,1.);
#195=FILL_AREA_STYLE_COLOUR($,#194);
#196=FILL_AREA_STYLE($,(#195));
#197=SURFACE_STYLE_FILL_AREA(#196);
#198=SURFACE_SIDE_STYLE('',(#197));
#199=SURFACE_STYLE_USAGE(.BOTH.,#198);
#200=PRESENTATION_STYLE_ASSIGNMENT((#199));
#201=STYLED_ITEM('',(#200),#193);
#202=ADVANCED_FACE('',(#1867),#1869,.T.);
#203=COLOUR_RGB($,1.,1.,1.);
#204=FILL_AREA_STYLE_COLOUR($,#203);
#205=FILL_AREA_STYLE($,(#204));
#206=SURFACE_STYLE_FILL_AREA(#205);
#207=SURFACE_SIDE_STYLE('',(#206));
#208=SURFACE_STYLE_USAGE(.BOTH.,#207);
#209=PRESENTATION_STYLE_ASSIGNMENT((#208));
#210=STYLED_ITEM('',(#209),#202);
#211=ADVANCED_FACE('',(#1874),#1876,.T.);
#212=COLOUR_RGB($,1.,1.,1.);
#213=FILL_AREA_STYLE_COLOUR($,#212);
#214=FILL_AREA_STYLE($,(#213));
#215=SURFACE_STYLE_FILL_AREA(#214);
#216=SURFACE_SIDE_STYLE('',(#215));
#217=SURFACE_STYLE_USAGE(.BOTH.,#216);
#218=PRESENTATION_STYLE_ASSIGNMENT((#217));
#219=STYLED_ITEM('',(#218),#211);
#220=ADVANCED_FACE('',(#1881),#1883,.F.);
#221=COLOUR_RGB($,1.,1.,1.);
#222=FILL_AREA_STYLE_COLOUR($,#221);
#223=FILL_AREA_STYLE($,(#222));
#224=SURFACE_STYLE_FILL_AREA(#223);
#225=SURFACE_SIDE_STYLE('',(#224));
#226=SURFACE_STYLE_USAGE(.BOTH.,#225);
#227=PRESENTATION_STYLE_ASSIGNMENT((#226));
#228=STYLED_ITEM('',(#227),#220);
#229=ADVANCED_FACE('',(#1888),#1890,.F.);
#230=COLOUR_RGB($,1.,1.,1.);
#231=FILL_AREA_STYLE_COLOUR($,#230);
#232=FILL_AREA_STYLE($,(#231));
#233=SURFACE_STYLE_FILL_AREA(#232);
#234=SURFACE_SIDE_STYLE('',(#233));
#235=SURFACE_STYLE_USAGE(.BOTH.,#234);
#236=PRESENTATION_STYLE_ASSIGNMENT((#235));
#237=STYLED_ITEM('',(#236),#229);
#238=ADVANCED_FACE('',(#1895),#1897,.F.);
#239=COLOUR_RGB($,1.,1.,1.);
#240=FILL_AREA_STYLE_COLOUR($,#239);
#241=FILL_AREA_STYLE($,(#240));
#242=SURFACE_STYLE_FILL_AREA(#241);
#243=SURFACE_SIDE_STYLE('',(#242));
#244=SURFACE_STYLE_USAGE(.BOTH.,#243);
#245=PRESENTATION_STYLE_ASSIGNMENT((#244));
#246=STYLED_ITEM('',(#245),#238);
#247=ADVANCED_FACE('',(#1902),#1904,.F.);
#248=COLOUR_RGB($,1.,1.,1.);
#249=FILL_AREA_STYLE_COLOUR($,#248);
#250=FILL_AREA_STYLE($,(#249));
#251=SURFACE_STYLE_FILL_AREA(#250);
#252=SURFACE_SIDE_STYLE('',(#251));
#253=SURFACE_STYLE_USAGE(.BOTH.,#252);
#254=PRESENTATION_STYLE_ASSIGNMENT((#253));
#255=STYLED_ITEM('',(#254),#247);
#256=ADVANCED_FACE('',(#1909),#1911,.F.);
#257=COLOUR_RGB($,1.,1.,1.);
#258=FILL_AREA_STYLE_COLOUR($,#257);
#259=FILL_AREA_STYLE($,(#258));
#260=SURFACE_STYLE_FILL_AREA(#259);
#261=SURFACE_SIDE_STYLE('',(#260));
#262=SURFACE_STYLE_USAGE(.BOTH.,#261);
#263=PRESENTATION_STYLE_ASSIGNMENT((#262));
#264=STYLED_ITEM('',(#263),#256);
#265=ADVANCED_FACE('',(#1916),#1918,.F.);
#266=COLOUR_RGB($,1.,1.,1.);
#267=FILL_AREA_STYLE_COLOUR($,#266);
#268=FILL_AREA_STYLE($,(#267));
#269=SURFACE_STYLE_FILL_AREA(#268);
#270=SURFACE_SIDE_STYLE('',(#269));
#271=SURFACE_STYLE_USAGE(.BOTH.,#270);
#272=PRESENTATION_STYLE_ASSIGNMENT((#271));
#273=STYLED_ITEM('',(#272),#265);
#274=ADVANCED_FACE('',(#1923),#1925,.F.);
#275=COLOUR_RGB($,1.,1.,1.);
#276=FILL_AREA_STYLE_COLOUR($,#275);
#277=FILL_AREA_STYLE($,(#276));
#278=SURFACE_STYLE_FILL_AREA(#277);
#279=SURFACE_SIDE_STYLE('',(#278));
#280=SURFACE_STYLE_USAGE(.BOTH.,#279);
#281=PRESENTATION_STYLE_ASSIGNMENT((#280));
#282=STYLED_ITEM('',(#281),#274);
#283=ADVANCED_FACE('',(#1930),#1932,.F.);
#284=COLOUR_RGB($,1.,1.,1.);
#285=FILL_AREA_STYLE_COLOUR($,#284);
#286=FILL_AREA_STYLE($,(#285));
#287=SURFACE_STYLE_FILL_AREA(#286);
#288=SURFACE_SIDE_STYLE('',(#287));
#289=SURFACE_STYLE_USAGE(.BOTH.,#288);
#290=PRESENTATION_STYLE_ASSIGNMENT((#289));
#291=STYLED_ITEM('',(#290),#283);
#292=ADVANCED_FACE('',(#1937,#1939),#1941,.T.);
#293=COLOUR_RGB($,1.,1.,1.);
#294=FILL_AREA_STYLE_COLOUR($,#293);
#295=FILL_AREA_STYLE($,(#294));
#296=SURFACE_STYLE_FILL_AREA(#295);
#297=SURFACE_SIDE_STYLE('',(#296));
#298=SURFACE_STYLE_USAGE(.BOTH.,#297);
#299=PRESENTATION_STYLE_ASSIGNMENT((#298));
#300=STYLED_ITEM('',(#299),#292);
#301=ADVANCED_FACE('',(#1946),#1948,.F.);
#302=COLOUR_RGB($,1.,1.,1.);
#303=FILL_AREA_STYLE_COLOUR($,#302);
#304=FILL_AREA_STYLE($,(#303));
#305=SURFACE_STYLE_FILL_AREA(#304);
#306=SURFACE_SIDE_STYLE('',(#305));
#307=SURFACE_STYLE_USAGE(.BOTH.,#306);
#308=PRESENTATION_STYLE_ASSIGNMENT((#307));
#309=STYLED_ITEM('',(#308),#301);
#310=ADVANCED_FACE('',(#1953),#1955,.F.);
#311=COLOUR_RGB($,1.,1.,1.);
#312=FILL_AREA_STYLE_COLOUR($,#311);
#313=FILL_AREA_STYLE($,(#312));
#314=SURFACE_STYLE_FILL_AREA(#313);
#315=SURFACE_SIDE_STYLE('',(#314));
#316=SURFACE_STYLE_USAGE(.BOTH.,#315);
#317=PRESENTATION_STYLE_ASSIGNMENT((#316));
#318=STYLED_ITEM('',(#317),#310);
#319=ADVANCED_FACE('',(#1960),#1962,.F.);
#320=COLOUR_RGB($,1.,1.,1.);
#321=FILL_AREA_STYLE_COLOUR($,#320);
#322=FILL_AREA_STYLE($,(#321));
#323=SURFACE_STYLE_FILL_AREA(#322);
#324=SURFACE_SIDE_STYLE('',(#323));
#325=SURFACE_STYLE_USAGE(.BOTH.,#324);
#326=PRESENTATION_STYLE_ASSIGNMENT((#325));
#327=STYLED_ITEM('',(#326),#319);
#328=ADVANCED_FACE('',(#1967,#1969),#1971,.T.);
#329=COLOUR_RGB($,1.,1.,1.);
#330=FILL_AREA_STYLE_COLOUR($,#329);
#331=FILL_AREA_STYLE($,(#330));
#332=SURFACE_STYLE_FILL_AREA(#331);
#333=SURFACE_SIDE_STYLE('',(#332));
#334=SURFACE_STYLE_USAGE(.BOTH.,#333);
#335=PRESENTATION_STYLE_ASSIGNMENT((#334));
#336=STYLED_ITEM('',(#335),#328);
#337=ADVANCED_FACE('',(#1976),#1978,.F.);
#338=COLOUR_RGB($,1.,1.,1.);
#339=FILL_AREA_STYLE_COLOUR($,#338);
#340=FILL_AREA_STYLE($,(#339));
#341=SURFACE_STYLE_FILL_AREA(#340);
#342=SURFACE_SIDE_STYLE('',(#341));
#343=SURFACE_STYLE_USAGE(.BOTH.,#342);
#344=PRESENTATION_STYLE_ASSIGNMENT((#343));
#345=STYLED_ITEM('',(#344),#337);
#346=ADVANCED_FACE('',(#1983),#1985,.F.);
#347=COLOUR_RGB($,1.,1.,1.);
#348=FILL_AREA_STYLE_COLOUR($,#347);
#349=FILL_AREA_STYLE($,(#348));
#350=SURFACE_STYLE_FILL_AREA(#349);
#351=SURFACE_SIDE_STYLE('',(#350));
#352=SURFACE_STYLE_USAGE(.BOTH.,#351);
#353=PRESENTATION_STYLE_ASSIGNMENT((#352));
#354=STYLED_ITEM('',(#353),#346);
#355=ADVANCED_FACE('',(#1990),#1992,.F.);
#356=COLOUR_RGB($,1.,1.,1.);
#357=FILL_AREA_STYLE_COLOUR($,#356);
#358=FILL_AREA_STYLE($,(#357));
#359=SURFACE_STYLE_FILL_AREA(#358);
#360=SURFACE_SIDE_STYLE('',(#359));
#361=SURFACE_STYLE_USAGE(.BOTH.,#360);
#362=PRESENTATION_STYLE_ASSIGNMENT((#361));
#363=STYLED_ITEM('',(#362),#355);
#364=ADVANCED_FACE('',(#1997,#1999),#2001,.T.);
#365=COLOUR_RGB($,1.,1.,1.);
#366=FILL_AREA_STYLE_COLOUR($,#365);
#367=FILL_AREA_STYLE($,(#366));
#368=SURFACE_STYLE_FILL_AREA(#367);
#369=SURFACE_SIDE_STYLE('',(#368));
#370=SURFACE_STYLE_USAGE(.BOTH.,#369);
#371=PRESENTATION_STYLE_ASSIGNMENT((#370));
#372=STYLED_ITEM('',(#371),#364);
#373=ADVANCED_FACE('',(#2006),#2008,.F.);
#374=COLOUR_RGB($,1.,1.,1.);
#375=FILL_AREA_STYLE_COLOUR($,#374);
#376=FILL_AREA_STYLE($,(#375));
#377=SURFACE_STYLE_FILL_AREA(#376);
#378=SURFACE_SIDE_STYLE('',(#377));
#379=SURFACE_STYLE_USAGE(.BOTH.,#378);
#380=PRESENTATION_STYLE_ASSIGNMENT((#379));
#381=STYLED_ITEM('',(#380),#373);
#382=ADVANCED_FACE('',(#2013),#2015,.F.);
#383=COLOUR_RGB($,1.,1.,1.);
#384=FILL_AREA_STYLE_COLOUR($,#383);
#385=FILL_AREA_STYLE($,(#384));
#386=SURFACE_STYLE_FILL_AREA(#385);
#387=SURFACE_SIDE_STYLE('',(#386));
#388=SURFACE_STYLE_USAGE(.BOTH.,#387);
#389=PRESENTATION_STYLE_ASSIGNMENT((#388));
#390=STYLED_ITEM('',(#389),#382);
#391=ADVANCED_FACE('',(#2020),#2022,.F.);
#392=COLOUR_RGB($,1.,1.,1.);
#393=FILL_AREA_STYLE_COLOUR($,#392);
#394=FILL_AREA_STYLE($,(#393));
#395=SURFACE_STYLE_FILL_AREA(#394);
#396=SURFACE_SIDE_STYLE('',(#395));
#397=SURFACE_STYLE_USAGE(.BOTH.,#396);
#398=PRESENTATION_STYLE_ASSIGNMENT((#397));
#399=STYLED_ITEM('',(#398),#391);
#400=ADVANCED_FACE('',(#2027,#2029),#2031,.T.);
#401=COLOUR_RGB($,1.,1.,1.);
#402=FILL_AREA_STYLE_COLOUR($,#401);
#403=FILL_AREA_STYLE($,(#402));
#404=SURFACE_STYLE_FILL_AREA(#403);
#405=SURFACE_SIDE_STYLE('',(#404));
#406=SURFACE_STYLE_USAGE(.BOTH.,#405);
#407=PRESENTATION_STYLE_ASSIGNMENT((#406));
#408=STYLED_ITEM('',(#407),#400);
#409=ADVANCED_FACE('',(#2036),#2038,.F.);
#410=COLOUR_RGB($,1.,1.,1.);
#411=FILL_AREA_STYLE_COLOUR($,#410);
#412=FILL_AREA_STYLE($,(#411));
#413=SURFACE_STYLE_FILL_AREA(#412);
#414=SURFACE_SIDE_STYLE('',(#413));
#415=SURFACE_STYLE_USAGE(.BOTH.,#414);
#416=PRESENTATION_STYLE_ASSIGNMENT((#415));
#417=STYLED_ITEM('',(#416),#409);
#418=ADVANCED_FACE('',(#2043),#2045,.F.);
#419=COLOUR_RGB($,1.,1.,1.);
#420=FILL_AREA_STYLE_COLOUR($,#419);
#421=FILL_AREA_STYLE($,(#420));
#422=SURFACE_STYLE_FILL_AREA(#421);
#423=SURFACE_SIDE_STYLE('',(#422));
#424=SURFACE_STYLE_USAGE(.BOTH.,#423);
#425=PRESENTATION_STYLE_ASSIGNMENT((#424));
#426=STYLED_ITEM('',(#425),#418);
#427=ADVANCED_FACE('',(#2050),#2052,.F.);
#428=COLOUR_RGB($,1.,1.,1.);
#429=FILL_AREA_STYLE_COLOUR($,#428);
#430=FILL_AREA_STYLE($,(#429));
#431=SURFACE_STYLE_FILL_AREA(#430);
#432=SURFACE_SIDE_STYLE('',(#431));
#433=SURFACE_STYLE_USAGE(.BOTH.,#432);
#434=PRESENTATION_STYLE_ASSIGNMENT((#433));
#435=STYLED_ITEM('',(#434),#427);
#436=ADVANCED_FACE('',(#2057,#2059),#2061,.T.);
#437=COLOUR_RGB($,1.,1.,1.);
#438=FILL_AREA_STYLE_COLOUR($,#437);
#439=FILL_AREA_STYLE($,(#438));
#440=SURFACE_STYLE_FILL_AREA(#439);
#441=SURFACE_SIDE_STYLE('',(#440));
#442=SURFACE_STYLE_USAGE(.BOTH.,#441);
#443=PRESENTATION_STYLE_ASSIGNMENT((#442));
#444=STYLED_ITEM('',(#443),#436);
#445=ADVANCED_FACE('',(#2066),#2068,.F.);
#446=COLOUR_RGB($,1.,1.,1.);
#447=FILL_AREA_STYLE_COLOUR($,#446);
#448=FILL_AREA_STYLE($,(#447));
#449=SURFACE_STYLE_FILL_AREA(#448);
#450=SURFACE_SIDE_STYLE('',(#449));
#451=SURFACE_STYLE_USAGE(.BOTH.,#450);
#452=PRESENTATION_STYLE_ASSIGNMENT((#451));
#453=STYLED_ITEM('',(#452),#445);
#454=ADVANCED_FACE('',(#2073),#2075,.F.);
#455=COLOUR_RGB($,1.,1.,1.);
#456=FILL_AREA_STYLE_COLOUR($,#455);
#457=FILL_AREA_STYLE($,(#456));
#458=SURFACE_STYLE_FILL_AREA(#457);
#459=SURFACE_SIDE_STYLE('',(#458));
#460=SURFACE_STYLE_USAGE(.BOTH.,#459);
#461=PRESENTATION_STYLE_ASSIGNMENT((#460));
#462=STYLED_ITEM('',(#461),#454);
#463=ADVANCED_FACE('',(#2080),#2082,.F.);
#464=COLOUR_RGB($,1.,1.,1.);
#465=FILL_AREA_STYLE_COLOUR($,#464);
#466=FILL_AREA_STYLE($,(#465));
#467=SURFACE_STYLE_FILL_AREA(#466);
#468=SURFACE_SIDE_STYLE('',(#467));
#469=SURFACE_STYLE_USAGE(.BOTH.,#468);
#470=PRESENTATION_STYLE_ASSIGNMENT((#469));
#471=STYLED_ITEM('',(#470),#463);
#472=ADVANCED_FACE('',(#2087,#2089),#2091,.T.);
#473=COLOUR_RGB($,1.,1.,1.);
#474=FILL_AREA_STYLE_COLOUR($,#473);
#475=FILL_AREA_STYLE($,(#474));
#476=SURFACE_STYLE_FILL_AREA(#475);
#477=SURFACE_SIDE_STYLE('',(#476));
#478=SURFACE_STYLE_USAGE(.BOTH.,#477);
#479=PRESENTATION_STYLE_ASSIGNMENT((#478));
#480=STYLED_ITEM('',(#479),#472);
#481=ADVANCED_FACE('',(#2096),#2098,.F.);
#482=COLOUR_RGB($,1.,1.,1.);
#483=FILL_AREA_STYLE_COLOUR($,#482);
#484=FILL_AREA_STYLE($,(#483));
#485=SURFACE_STYLE_FILL_AREA(#484);
#486=SURFACE_SIDE_STYLE('',(#485));
#487=SURFACE_STYLE_USAGE(.BOTH.,#486);
#488=PRESENTATION_STYLE_ASSIGNMENT((#487));
#489=STYLED_ITEM('',(#488),#481);
#490=ADVANCED_FACE('',(#2103),#2105,.F.);
#491=COLOUR_RGB($,1.,1.,1.);
#492=FILL_AREA_STYLE_COLOUR($,#491);
#493=FILL_AREA_STYLE($,(#492));
#494=SURFACE_STYLE_FILL_AREA(#493);
#495=SURFACE_SIDE_STYLE('',(#494));
#496=SURFACE_STYLE_USAGE(.BOTH.,#495);
#497=PRESENTATION_STYLE_ASSIGNMENT((#496));
#498=STYLED_ITEM('',(#497),#490);
#499=ADVANCED_FACE('',(#2110),#2112,.F.);
#500=COLOUR_RGB($,1.,1.,1.);
#501=FILL_AREA_STYLE_COLOUR($,#500);
#502=FILL_AREA_STYLE($,(#501));
#503=SURFACE_STYLE_FILL_AREA(#502);
#504=SURFACE_SIDE_STYLE('',(#503));
#505=SURFACE_STYLE_USAGE(.BOTH.,#504);
#506=PRESENTATION_STYLE_ASSIGNMENT((#505));
#507=STYLED_ITEM('',(#506),#499);
#508=ADVANCED_FACE('',(#2117,#2119),#2121,.T.);
#509=COLOUR_RGB($,1.,1.,1.);
#510=FILL_AREA_STYLE_COLOUR($,#509);
#511=FILL_AREA_STYLE($,(#510));
#512=SURFACE_STYLE_FILL_AREA(#511);
#513=SURFACE_SIDE_STYLE('',(#512));
#514=SURFACE_STYLE_USAGE(.BOTH.,#513);
#515=PRESENTATION_STYLE_ASSIGNMENT((#514));
#516=STYLED_ITEM('',(#515),#508);
#517=ADVANCED_FACE('',(#2126),#2128,.F.);
#518=COLOUR_RGB($,1.,1.,1.);
#519=FILL_AREA_STYLE_COLOUR($,#518);
#520=FILL_AREA_STYLE($,(#519));
#521=SURFACE_STYLE_FILL_AREA(#520);
#522=SURFACE_SIDE_STYLE('',(#521));
#523=SURFACE_STYLE_USAGE(.BOTH.,#522);
#524=PRESENTATION_STYLE_ASSIGNMENT((#523));
#525=STYLED_ITEM('',(#524),#517);
#526=ADVANCED_FACE('',(#2133),#2135,.F.);
#527=COLOUR_RGB($,1.,1.,1.);
#528=FILL_AREA_STYLE_COLOUR($,#527);
#529=FILL_AREA_STYLE($,(#528));
#530=SURFACE_STYLE_FILL_AREA(#529);
#531=SURFACE_SIDE_STYLE('',(#530));
#532=SURFACE_STYLE_USAGE(.BOTH.,#531);
#533=PRESENTATION_STYLE_ASSIGNMENT((#532));
#534=STYLED_ITEM('',(#533),#526);
#535=ADVANCED_FACE('',(#2140),#2142,.F.);
#536=COLOUR_RGB($,1.,1.,1.);
#537=FILL_AREA_STYLE_COLOUR($,#536);
#538=FILL_AREA_STYLE($,(#537));
#539=SURFACE_STYLE_FILL_AREA(#538);
#540=SURFACE_SIDE_STYLE('',(#539));
#541=SURFACE_STYLE_USAGE(.BOTH.,#540);
#542=PRESENTATION_STYLE_ASSIGNMENT((#541));
#543=STYLED_ITEM('',(#542),#535);
#544=ADVANCED_FACE('',(#2147),#2149,.T.);
#545=COLOUR_RGB($,1.,1.,1.);
#546=FILL_AREA_STYLE_COLOUR($,#545);
#547=FILL_AREA_STYLE($,(#546));
#548=SURFACE_STYLE_FILL_AREA(#547);
#549=SURFACE_SIDE_STYLE('',(#548));
#550=SURFACE_STYLE_USAGE(.BOTH.,#549);
#551=PRESENTATION_STYLE_ASSIGNMENT((#550));
#552=STYLED_ITEM('',(#551),#544);
#553=ADVANCED_FACE('',(#2154),#2156,.T.);
#554=COLOUR_RGB($,1.,1.,1.);
#555=FILL_AREA_STYLE_COLOUR($,#554);
#556=FILL_AREA_STYLE($,(#555));
#557=SURFACE_STYLE_FILL_AREA(#556);
#558=SURFACE_SIDE_STYLE('',(#557));
#559=SURFACE_STYLE_USAGE(.BOTH.,#558);
#560=PRESENTATION_STYLE_ASSIGNMENT((#559));
#561=STYLED_ITEM('',(#560),#553);
#562=ADVANCED_FACE('',(#2161),#2163,.F.);
#563=COLOUR_RGB($,1.,1.,1.);
#564=FILL_AREA_STYLE_COLOUR($,#563);
#565=FILL_AREA_STYLE($,(#564));
#566=SURFACE_STYLE_FILL_AREA(#565);
#567=SURFACE_SIDE_STYLE('',(#566));
#568=SURFACE_STYLE_USAGE(.BOTH.,#567);
#569=PRESENTATION_STYLE_ASSIGNMENT((#568));
#570=STYLED_ITEM('',(#569),#562);
#571=ADVANCED_FACE('',(#2168),#2170,.F.);
#572=COLOUR_RGB($,1.,1.,1.);
#573=FILL_AREA_STYLE_COLOUR($,#572);
#574=FILL_AREA_STYLE($,(#573));
#575=SURFACE_STYLE_FILL_AREA(#574);
#576=SURFACE_SIDE_STYLE('',(#575));
#577=SURFACE_STYLE_USAGE(.BOTH.,#576);
#578=PRESENTATION_STYLE_ASSIGNMENT((#577));
#579=STYLED_ITEM('',(#578),#571);
#580=ADVANCED_FACE('',(#2175),#2177,.T.);
#581=COLOUR_RGB($,1.,0.843137254901961,0.);
#582=FILL_AREA_STYLE_COLOUR($,#581);
#583=FILL_AREA_STYLE($,(#582));
#584=SURFACE_STYLE_FILL_AREA(#583);
#585=SURFACE_SIDE_STYLE('',(#584));
#586=SURFACE_STYLE_USAGE(.BOTH.,#585);
#587=PRESENTATION_STYLE_ASSIGNMENT((#586));
#588=STYLED_ITEM('',(#587),#580);
#589=ADVANCED_FACE('',(#2182),#2184,.T.);
#590=COLOUR_RGB($,1.,0.843137254901961,0.);
#591=FILL_AREA_STYLE_COLOUR($,#590);
#592=FILL_AREA_STYLE($,(#591));
#593=SURFACE_STYLE_FILL_AREA(#592);
#594=SURFACE_SIDE_STYLE('',(#593));
#595=SURFACE_STYLE_USAGE(.BOTH.,#594);
#596=PRESENTATION_STYLE_ASSIGNMENT((#595));
#597=STYLED_ITEM('',(#596),#589);
#598=ADVANCED_FACE('',(#2189),#2191,.T.);
#599=COLOUR_RGB($,1.,0.843137254901961,0.);
#600=FILL_AREA_STYLE_COLOUR($,#599);
#601=FILL_AREA_STYLE($,(#600));
#602=SURFACE_STYLE_FILL_AREA(#601);
#603=SURFACE_SIDE_STYLE('',(#602));
#604=SURFACE_STYLE_USAGE(.BOTH.,#603);
#605=PRESENTATION_STYLE_ASSIGNMENT((#604));
#606=STYLED_ITEM('',(#605),#598);
#607=ADVANCED_FACE('',(#2196),#2198,.T.);
#608=COLOUR_RGB($,1.,0.843137254901961,0.);
#609=FILL_AREA_STYLE_COLOUR($,#608);
#610=FILL_AREA_STYLE($,(#609));
#611=SURFACE_STYLE_FILL_AREA(#610);
#612=SURFACE_SIDE_STYLE('',(#611));
#613=SURFACE_STYLE_USAGE(.BOTH.,#612);
#614=PRESENTATION_STYLE_ASSIGNMENT((#613));
#615=STYLED_ITEM('',(#614),#607);
#616=ADVANCED_FACE('',(#2203),#2205,.T.);
#617=COLOUR_RGB($,1.,0.843137254901961,0.);
#618=FILL_AREA_STYLE_COLOUR($,#617);
#619=FILL_AREA_STYLE($,(#618));
#620=SURFACE_STYLE_FILL_AREA(#619);
#621=SURFACE_SIDE_STYLE('',(#620));
#622=SURFACE_STYLE_USAGE(.BOTH.,#621);
#623=PRESENTATION_STYLE_ASSIGNMENT((#622));
#624=STYLED_ITEM('',(#623),#616);
#625=ADVANCED_FACE('',(#2210),#2212,.T.);
#626=COLOUR_RGB($,1.,0.843137254901961,0.);
#627=FILL_AREA_STYLE_COLOUR($,#626);
#628=FILL_AREA_STYLE($,(#627));
#629=SURFACE_STYLE_FILL_AREA(#628);
#630=SURFACE_SIDE_STYLE('',(#629));
#631=SURFACE_STYLE_USAGE(.BOTH.,#630);
#632=PRESENTATION_STYLE_ASSIGNMENT((#631));
#633=STYLED_ITEM('',(#632),#625);
#634=ADVANCED_FACE('',(#2217),#2219,.T.);
#635=COLOUR_RGB($,1.,0.843137254901961,0.);
#636=FILL_AREA_STYLE_COLOUR($,#635);
#637=FILL_AREA_STYLE($,(#636));
#638=SURFACE_STYLE_FILL_AREA(#637);
#639=SURFACE_SIDE_STYLE('',(#638));
#640=SURFACE_STYLE_USAGE(.BOTH.,#639);
#641=PRESENTATION_STYLE_ASSIGNMENT((#640));
#642=STYLED_ITEM('',(#641),#634);
#643=ADVANCED_FACE('',(#2224),#2226,.T.);
#644=COLOUR_RGB($,1.,0.843137254901961,0.);
#645=FILL_AREA_STYLE_COLOUR($,#644);
#646=FILL_AREA_STYLE($,(#645));
#647=SURFACE_STYLE_FILL_AREA(#646);
#648=SURFACE_SIDE_STYLE('',(#647));
#649=SURFACE_STYLE_USAGE(.BOTH.,#648);
#650=PRESENTATION_STYLE_ASSIGNMENT((#649));
#651=STYLED_ITEM('',(#650),#643);
#652=ADVANCED_FACE('',(#2231),#2233,.T.);
#653=COLOUR_RGB($,1.,0.843137254901961,0.);
#654=FILL_AREA_STYLE_COLOUR($,#653);
#655=FILL_AREA_STYLE($,(#654));
#656=SURFACE_STYLE_FILL_AREA(#655);
#657=SURFACE_SIDE_STYLE('',(#656));
#658=SURFACE_STYLE_USAGE(.BOTH.,#657);
#659=PRESENTATION_STYLE_ASSIGNMENT((#658));
#660=STYLED_ITEM('',(#659),#652);
#661=ADVANCED_FACE('',(#2238),#2240,.T.);
#662=COLOUR_RGB($,1.,0.843137254901961,0.);
#663=FILL_AREA_STYLE_COLOUR($,#662);
#664=FILL_AREA_STYLE($,(#663));
#665=SURFACE_STYLE_FILL_AREA(#664);
#666=SURFACE_SIDE_STYLE('',(#665));
#667=SURFACE_STYLE_USAGE(.BOTH.,#666);
#668=PRESENTATION_STYLE_ASSIGNMENT((#667));
#669=STYLED_ITEM('',(#668),#661);
#670=ADVANCED_FACE('',(#2245),#2247,.T.);
#671=COLOUR_RGB($,1.,0.843137254901961,0.);
#672=FILL_AREA_STYLE_COLOUR($,#671);
#673=FILL_AREA_STYLE($,(#672));
#674=SURFACE_STYLE_FILL_AREA(#673);
#675=SURFACE_SIDE_STYLE('',(#674));
#676=SURFACE_STYLE_USAGE(.BOTH.,#675);
#677=PRESENTATION_STYLE_ASSIGNMENT((#676));
#678=STYLED_ITEM('',(#677),#670);
#679=ADVANCED_FACE('',(#2252),#2254,.T.);
#680=COLOUR_RGB($,1.,0.843137254901961,0.);
#681=FILL_AREA_STYLE_COLOUR($,#680);
#682=FILL_AREA_STYLE($,(#681));
#683=SURFACE_STYLE_FILL_AREA(#682);
#684=SURFACE_SIDE_STYLE('',(#683));
#685=SURFACE_STYLE_USAGE(.BOTH.,#684);
#686=PRESENTATION_STYLE_ASSIGNMENT((#685));
#687=STYLED_ITEM('',(#686),#679);
#688=ADVANCED_FACE('',(#2259),#2261,.T.);
#689=COLOUR_RGB($,1.,0.843137254901961,0.);
#690=FILL_AREA_STYLE_COLOUR($,#689);
#691=FILL_AREA_STYLE($,(#690));
#692=SURFACE_STYLE_FILL_AREA(#691);
#693=SURFACE_SIDE_STYLE('',(#692));
#694=SURFACE_STYLE_USAGE(.BOTH.,#693);
#695=PRESENTATION_STYLE_ASSIGNMENT((#694));
#696=STYLED_ITEM('',(#695),#688);
#697=ADVANCED_FACE('',(#2266),#2268,.T.);
#698=COLOUR_RGB($,1.,0.843137254901961,0.);
#699=FILL_AREA_STYLE_COLOUR($,#698);
#700=FILL_AREA_STYLE($,(#699));
#701=SURFACE_STYLE_FILL_AREA(#700);
#702=SURFACE_SIDE_STYLE('',(#701));
#703=SURFACE_STYLE_USAGE(.BOTH.,#702);
#704=PRESENTATION_STYLE_ASSIGNMENT((#703));
#705=STYLED_ITEM('',(#704),#697);
#706=ADVANCED_FACE('',(#2273),#2275,.T.);
#707=COLOUR_RGB($,1.,0.843137254901961,0.);
#708=FILL_AREA_STYLE_COLOUR($,#707);
#709=FILL_AREA_STYLE($,(#708));
#710=SURFACE_STYLE_FILL_AREA(#709);
#711=SURFACE_SIDE_STYLE('',(#710));
#712=SURFACE_STYLE_USAGE(.BOTH.,#711);
#713=PRESENTATION_STYLE_ASSIGNMENT((#712));
#714=STYLED_ITEM('',(#713),#706);
#715=ADVANCED_FACE('',(#2280),#2282,.T.);
#716=COLOUR_RGB($,1.,0.843137254901961,0.);
#717=FILL_AREA_STYLE_COLOUR($,#716);
#718=FILL_AREA_STYLE($,(#717));
#719=SURFACE_STYLE_FILL_AREA(#718);
#720=SURFACE_SIDE_STYLE('',(#719));
#721=SURFACE_STYLE_USAGE(.BOTH.,#720);
#722=PRESENTATION_STYLE_ASSIGNMENT((#721));
#723=STYLED_ITEM('',(#722),#715);
#724=ADVANCED_FACE('',(#2287),#2289,.T.);
#725=COLOUR_RGB($,1.,0.843137254901961,0.);
#726=FILL_AREA_STYLE_COLOUR($,#725);
#727=FILL_AREA_STYLE($,(#726));
#728=SURFACE_STYLE_FILL_AREA(#727);
#729=SURFACE_SIDE_STYLE('',(#728));
#730=SURFACE_STYLE_USAGE(.BOTH.,#729);
#731=PRESENTATION_STYLE_ASSIGNMENT((#730));
#732=STYLED_ITEM('',(#731),#724);
#733=ADVANCED_FACE('',(#2294),#2296,.T.);
#734=COLOUR_RGB($,1.,0.843137254901961,0.);
#735=FILL_AREA_STYLE_COLOUR($,#734);
#736=FILL_AREA_STYLE($,(#735));
#737=SURFACE_STYLE_FILL_AREA(#736);
#738=SURFACE_SIDE_STYLE('',(#737));
#739=SURFACE_STYLE_USAGE(.BOTH.,#738);
#740=PRESENTATION_STYLE_ASSIGNMENT((#739));
#741=STYLED_ITEM('',(#740),#733);
#742=ADVANCED_FACE('',(#2301),#2303,.T.);
#743=COLOUR_RGB($,1.,0.843137254901961,0.);
#744=FILL_AREA_STYLE_COLOUR($,#743);
#745=FILL_AREA_STYLE($,(#744));
#746=SURFACE_STYLE_FILL_AREA(#745);
#747=SURFACE_SIDE_STYLE('',(#746));
#748=SURFACE_STYLE_USAGE(.BOTH.,#747);
#749=PRESENTATION_STYLE_ASSIGNMENT((#748));
#750=STYLED_ITEM('',(#749),#742);
#751=ADVANCED_FACE('',(#2308),#2310,.T.);
#752=COLOUR_RGB($,1.,0.843137254901961,0.);
#753=FILL_AREA_STYLE_COLOUR($,#752);
#754=FILL_AREA_STYLE($,(#753));
#755=SURFACE_STYLE_FILL_AREA(#754);
#756=SURFACE_SIDE_STYLE('',(#755));
#757=SURFACE_STYLE_USAGE(.BOTH.,#756);
#758=PRESENTATION_STYLE_ASSIGNMENT((#757));
#759=STYLED_ITEM('',(#758),#751);
#760=ADVANCED_FACE('',(#2315),#2317,.T.);
#761=COLOUR_RGB($,1.,0.843137254901961,0.);
#762=FILL_AREA_STYLE_COLOUR($,#761);
#763=FILL_AREA_STYLE($,(#762));
#764=SURFACE_STYLE_FILL_AREA(#763);
#765=SURFACE_SIDE_STYLE('',(#764));
#766=SURFACE_STYLE_USAGE(.BOTH.,#765);
#767=PRESENTATION_STYLE_ASSIGNMENT((#766));
#768=STYLED_ITEM('',(#767),#760);
#769=ADVANCED_FACE('',(#2322),#2324,.T.);
#770=COLOUR_RGB($,1.,0.843137254901961,0.);
#771=FILL_AREA_STYLE_COLOUR($,#770);
#772=FILL_AREA_STYLE($,(#771));
#773=SURFACE_STYLE_FILL_AREA(#772);
#774=SURFACE_SIDE_STYLE('',(#773));
#775=SURFACE_STYLE_USAGE(.BOTH.,#774);
#776=PRESENTATION_STYLE_ASSIGNMENT((#775));
#777=STYLED_ITEM('',(#776),#769);
#778=ADVANCED_FACE('',(#2329),#2331,.T.);
#779=COLOUR_RGB($,1.,0.843137254901961,0.);
#780=FILL_AREA_STYLE_COLOUR($,#779);
#781=FILL_AREA_STYLE($,(#780));
#782=SURFACE_STYLE_FILL_AREA(#781);
#783=SURFACE_SIDE_STYLE('',(#782));
#784=SURFACE_STYLE_USAGE(.BOTH.,#783);
#785=PRESENTATION_STYLE_ASSIGNMENT((#784));
#786=STYLED_ITEM('',(#785),#778);
#787=ADVANCED_FACE('',(#2336),#2338,.T.);
#788=COLOUR_RGB($,1.,0.843137254901961,0.);
#789=FILL_AREA_STYLE_COLOUR($,#788);
#790=FILL_AREA_STYLE($,(#789));
#791=SURFACE_STYLE_FILL_AREA(#790);
#792=SURFACE_SIDE_STYLE('',(#791));
#793=SURFACE_STYLE_USAGE(.BOTH.,#792);
#794=PRESENTATION_STYLE_ASSIGNMENT((#793));
#795=STYLED_ITEM('',(#794),#787);
#796=ADVANCED_FACE('',(#2343),#2345,.T.);
#797=COLOUR_RGB($,1.,0.843137254901961,0.);
#798=FILL_AREA_STYLE_COLOUR($,#797);
#799=FILL_AREA_STYLE($,(#798));
#800=SURFACE_STYLE_FILL_AREA(#799);
#801=SURFACE_SIDE_STYLE('',(#800));
#802=SURFACE_STYLE_USAGE(.BOTH.,#801);
#803=PRESENTATION_STYLE_ASSIGNMENT((#802));
#804=STYLED_ITEM('',(#803),#796);
#805=ADVANCED_FACE('',(#2350),#2352,.T.);
#806=COLOUR_RGB($,1.,0.843137254901961,0.);
#807=FILL_AREA_STYLE_COLOUR($,#806);
#808=FILL_AREA_STYLE($,(#807));
#809=SURFACE_STYLE_FILL_AREA(#808);
#810=SURFACE_SIDE_STYLE('',(#809));
#811=SURFACE_STYLE_USAGE(.BOTH.,#810);
#812=PRESENTATION_STYLE_ASSIGNMENT((#811));
#813=STYLED_ITEM('',(#812),#805);
#814=ADVANCED_FACE('',(#2357),#2359,.T.);
#815=COLOUR_RGB($,1.,0.843137254901961,0.);
#816=FILL_AREA_STYLE_COLOUR($,#815);
#817=FILL_AREA_STYLE($,(#816));
#818=SURFACE_STYLE_FILL_AREA(#817);
#819=SURFACE_SIDE_STYLE('',(#818));
#820=SURFACE_STYLE_USAGE(.BOTH.,#819);
#821=PRESENTATION_STYLE_ASSIGNMENT((#820));
#822=STYLED_ITEM('',(#821),#814);
#823=ADVANCED_FACE('',(#2364),#2366,.T.);
#824=COLOUR_RGB($,1.,0.843137254901961,0.);
#825=FILL_AREA_STYLE_COLOUR($,#824);
#826=FILL_AREA_STYLE($,(#825));
#827=SURFACE_STYLE_FILL_AREA(#826);
#828=SURFACE_SIDE_STYLE('',(#827));
#829=SURFACE_STYLE_USAGE(.BOTH.,#828);
#830=PRESENTATION_STYLE_ASSIGNMENT((#829));
#831=STYLED_ITEM('',(#830),#823);
#832=ADVANCED_FACE('',(#2371),#2373,.T.);
#833=COLOUR_RGB($,1.,1.,1.);
#834=FILL_AREA_STYLE_COLOUR($,#833);
#835=FILL_AREA_STYLE($,(#834));
#836=SURFACE_STYLE_FILL_AREA(#835);
#837=SURFACE_SIDE_STYLE('',(#836));
#838=SURFACE_STYLE_USAGE(.BOTH.,#837);
#839=PRESENTATION_STYLE_ASSIGNMENT((#838));
#840=STYLED_ITEM('',(#839),#832);
#841=ADVANCED_FACE('',(#2378),#2380,.F.);
#842=COLOUR_RGB($,1.,1.,1.);
#843=FILL_AREA_STYLE_COLOUR($,#842);
#844=FILL_AREA_STYLE($,(#843));
#845=SURFACE_STYLE_FILL_AREA(#844);
#846=SURFACE_SIDE_STYLE('',(#845));
#847=SURFACE_STYLE_USAGE(.BOTH.,#846);
#848=PRESENTATION_STYLE_ASSIGNMENT((#847));
#849=STYLED_ITEM('',(#848),#841);
#850=ADVANCED_FACE('',(#2385),#2387,.T.);
#851=COLOUR_RGB($,1.,0.843137254901961,0.);
#852=FILL_AREA_STYLE_COLOUR($,#851);
#853=FILL_AREA_STYLE($,(#852));
#854=SURFACE_STYLE_FILL_AREA(#853);
#855=SURFACE_SIDE_STYLE('',(#854));
#856=SURFACE_STYLE_USAGE(.BOTH.,#855);
#857=PRESENTATION_STYLE_ASSIGNMENT((#856));
#858=STYLED_ITEM('',(#857),#850);
#859=ADVANCED_FACE('',(#2392),#2394,.T.);
#860=COLOUR_RGB($,1.,0.843137254901961,0.);
#861=FILL_AREA_STYLE_COLOUR($,#860);
#862=FILL_AREA_STYLE($,(#861));
#863=SURFACE_STYLE_FILL_AREA(#862);
#864=SURFACE_SIDE_STYLE('',(#863));
#865=SURFACE_STYLE_USAGE(.BOTH.,#864);
#866=PRESENTATION_STYLE_ASSIGNMENT((#865));
#867=STYLED_ITEM('',(#866),#859);
#868=ADVANCED_FACE('',(#2399),#2401,.T.);
#869=COLOUR_RGB($,1.,0.843137254901961,0.);
#870=FILL_AREA_STYLE_COLOUR($,#869);
#871=FILL_AREA_STYLE($,(#870));
#872=SURFACE_STYLE_FILL_AREA(#871);
#873=SURFACE_SIDE_STYLE('',(#872));
#874=SURFACE_STYLE_USAGE(.BOTH.,#873);
#875=PRESENTATION_STYLE_ASSIGNMENT((#874));
#876=STYLED_ITEM('',(#875),#868);
#877=ADVANCED_FACE('',(#2406),#2408,.T.);
#878=COLOUR_RGB($,1.,0.843137254901961,0.);
#879=FILL_AREA_STYLE_COLOUR($,#878);
#880=FILL_AREA_STYLE($,(#879));
#881=SURFACE_STYLE_FILL_AREA(#880);
#882=SURFACE_SIDE_STYLE('',(#881));
#883=SURFACE_STYLE_USAGE(.BOTH.,#882);
#884=PRESENTATION_STYLE_ASSIGNMENT((#883));
#885=STYLED_ITEM('',(#884),#877);
#886=ADVANCED_FACE('',(#2413),#2415,.T.);
#887=COLOUR_RGB($,1.,0.843137254901961,0.);
#888=FILL_AREA_STYLE_COLOUR($,#887);
#889=FILL_AREA_STYLE($,(#888));
#890=SURFACE_STYLE_FILL_AREA(#889);
#891=SURFACE_SIDE_STYLE('',(#890));
#892=SURFACE_STYLE_USAGE(.BOTH.,#891);
#893=PRESENTATION_STYLE_ASSIGNMENT((#892));
#894=STYLED_ITEM('',(#893),#886);
#895=ADVANCED_FACE('',(#2420),#2422,.T.);
#896=COLOUR_RGB($,1.,0.843137254901961,0.);
#897=FILL_AREA_STYLE_COLOUR($,#896);
#898=FILL_AREA_STYLE($,(#897));
#899=SURFACE_STYLE_FILL_AREA(#898);
#900=SURFACE_SIDE_STYLE('',(#899));
#901=SURFACE_STYLE_USAGE(.BOTH.,#900);
#902=PRESENTATION_STYLE_ASSIGNMENT((#901));
#903=STYLED_ITEM('',(#902),#895);
#904=ADVANCED_FACE('',(#2427),#2429,.T.);
#905=COLOUR_RGB($,1.,0.843137254901961,0.);
#906=FILL_AREA_STYLE_COLOUR($,#905);
#907=FILL_AREA_STYLE($,(#906));
#908=SURFACE_STYLE_FILL_AREA(#907);
#909=SURFACE_SIDE_STYLE('',(#908));
#910=SURFACE_STYLE_USAGE(.BOTH.,#909);
#911=PRESENTATION_STYLE_ASSIGNMENT((#910));
#912=STYLED_ITEM('',(#911),#904);
#913=ADVANCED_FACE('',(#2434),#2436,.T.);
#914=COLOUR_RGB($,1.,0.843137254901961,0.);
#915=FILL_AREA_STYLE_COLOUR($,#914);
#916=FILL_AREA_STYLE($,(#915));
#917=SURFACE_STYLE_FILL_AREA(#916);
#918=SURFACE_SIDE_STYLE('',(#917));
#919=SURFACE_STYLE_USAGE(.BOTH.,#918);
#920=PRESENTATION_STYLE_ASSIGNMENT((#919));
#921=STYLED_ITEM('',(#920),#913);
#922=ADVANCED_FACE('',(#2441),#2443,.T.);
#923=COLOUR_RGB($,1.,0.843137254901961,0.);
#924=FILL_AREA_STYLE_COLOUR($,#923);
#925=FILL_AREA_STYLE($,(#924));
#926=SURFACE_STYLE_FILL_AREA(#925);
#927=SURFACE_SIDE_STYLE('',(#926));
#928=SURFACE_STYLE_USAGE(.BOTH.,#927);
#929=PRESENTATION_STYLE_ASSIGNMENT((#928));
#930=STYLED_ITEM('',(#929),#922);
#931=ADVANCED_FACE('',(#2448),#2450,.T.);
#932=COLOUR_RGB($,1.,0.843137254901961,0.);
#933=FILL_AREA_STYLE_COLOUR($,#932);
#934=FILL_AREA_STYLE($,(#933));
#935=SURFACE_STYLE_FILL_AREA(#934);
#936=SURFACE_SIDE_STYLE('',(#935));
#937=SURFACE_STYLE_USAGE(.BOTH.,#936);
#938=PRESENTATION_STYLE_ASSIGNMENT((#937));
#939=STYLED_ITEM('',(#938),#931);
#940=ADVANCED_FACE('',(#2455),#2457,.T.);
#941=COLOUR_RGB($,1.,0.843137254901961,0.);
#942=FILL_AREA_STYLE_COLOUR($,#941);
#943=FILL_AREA_STYLE($,(#942));
#944=SURFACE_STYLE_FILL_AREA(#943);
#945=SURFACE_SIDE_STYLE('',(#944));
#946=SURFACE_STYLE_USAGE(.BOTH.,#945);
#947=PRESENTATION_STYLE_ASSIGNMENT((#946));
#948=STYLED_ITEM('',(#947),#940);
#949=ADVANCED_FACE('',(#2462),#2464,.T.);
#950=COLOUR_RGB($,1.,0.843137254901961,0.);
#951=FILL_AREA_STYLE_COLOUR($,#950);
#952=FILL_AREA_STYLE($,(#951));
#953=SURFACE_STYLE_FILL_AREA(#952);
#954=SURFACE_SIDE_STYLE('',(#953));
#955=SURFACE_STYLE_USAGE(.BOTH.,#954);
#956=PRESENTATION_STYLE_ASSIGNMENT((#955));
#957=STYLED_ITEM('',(#956),#949);
#958=ADVANCED_FACE('',(#2469),#2471,.T.);
#959=COLOUR_RGB($,1.,0.843137254901961,0.);
#960=FILL_AREA_STYLE_COLOUR($,#959);
#961=FILL_AREA_STYLE($,(#960));
#962=SURFACE_STYLE_FILL_AREA(#961);
#963=SURFACE_SIDE_STYLE('',(#962));
#964=SURFACE_STYLE_USAGE(.BOTH.,#963);
#965=PRESENTATION_STYLE_ASSIGNMENT((#964));
#966=STYLED_ITEM('',(#965),#958);
#967=ADVANCED_FACE('',(#2476),#2478,.T.);
#968=COLOUR_RGB($,1.,0.843137254901961,0.);
#969=FILL_AREA_STYLE_COLOUR($,#968);
#970=FILL_AREA_STYLE($,(#969));
#971=SURFACE_STYLE_FILL_AREA(#970);
#972=SURFACE_SIDE_STYLE('',(#971));
#973=SURFACE_STYLE_USAGE(.BOTH.,#972);
#974=PRESENTATION_STYLE_ASSIGNMENT((#973));
#975=STYLED_ITEM('',(#974),#967);
#976=ADVANCED_FACE('',(#2483),#2485,.T.);
#977=COLOUR_RGB($,1.,0.843137254901961,0.);
#978=FILL_AREA_STYLE_COLOUR($,#977);
#979=FILL_AREA_STYLE($,(#978));
#980=SURFACE_STYLE_FILL_AREA(#979);
#981=SURFACE_SIDE_STYLE('',(#980));
#982=SURFACE_STYLE_USAGE(.BOTH.,#981);
#983=PRESENTATION_STYLE_ASSIGNMENT((#982));
#984=STYLED_ITEM('',(#983),#976);
#985=ADVANCED_FACE('',(#2490),#2492,.T.);
#986=COLOUR_RGB($,1.,0.843137254901961,0.);
#987=FILL_AREA_STYLE_COLOUR($,#986);
#988=FILL_AREA_STYLE($,(#987));
#989=SURFACE_STYLE_FILL_AREA(#988);
#990=SURFACE_SIDE_STYLE('',(#989));
#991=SURFACE_STYLE_USAGE(.BOTH.,#990);
#992=PRESENTATION_STYLE_ASSIGNMENT((#991));
#993=STYLED_ITEM('',(#992),#985);
#994=ADVANCED_FACE('',(#2497),#2499,.T.);
#995=COLOUR_RGB($,1.,0.843137254901961,0.);
#996=FILL_AREA_STYLE_COLOUR($,#995);
#997=FILL_AREA_STYLE($,(#996));
#998=SURFACE_STYLE_FILL_AREA(#997);
#999=SURFACE_SIDE_STYLE('',(#998));
#1000=SURFACE_STYLE_USAGE(.BOTH.,#999);
#1001=PRESENTATION_STYLE_ASSIGNMENT((#1000));
#1002=STYLED_ITEM('',(#1001),#994);
#1003=ADVANCED_FACE('',(#2504),#2506,.T.);
#1004=COLOUR_RGB($,1.,0.843137254901961,0.);
#1005=FILL_AREA_STYLE_COLOUR($,#1004);
#1006=FILL_AREA_STYLE($,(#1005));
#1007=SURFACE_STYLE_FILL_AREA(#1006);
#1008=SURFACE_SIDE_STYLE('',(#1007));
#1009=SURFACE_STYLE_USAGE(.BOTH.,#1008);
#1010=PRESENTATION_STYLE_ASSIGNMENT((#1009));
#1011=STYLED_ITEM('',(#1010),#1003);
#1012=ADVANCED_FACE('',(#2511),#2513,.T.);
#1013=COLOUR_RGB($,1.,0.843137254901961,0.);
#1014=FILL_AREA_STYLE_COLOUR($,#1013);
#1015=FILL_AREA_STYLE($,(#1014));
#1016=SURFACE_STYLE_FILL_AREA(#1015);
#1017=SURFACE_SIDE_STYLE('',(#1016));
#1018=SURFACE_STYLE_USAGE(.BOTH.,#1017);
#1019=PRESENTATION_STYLE_ASSIGNMENT((#1018));
#1020=STYLED_ITEM('',(#1019),#1012);
#1021=ADVANCED_FACE('',(#2518),#2520,.T.);
#1022=COLOUR_RGB($,1.,0.843137254901961,0.);
#1023=FILL_AREA_STYLE_COLOUR($,#1022);
#1024=FILL_AREA_STYLE($,(#1023));
#1025=SURFACE_STYLE_FILL_AREA(#1024);
#1026=SURFACE_SIDE_STYLE('',(#1025));
#1027=SURFACE_STYLE_USAGE(.BOTH.,#1026);
#1028=PRESENTATION_STYLE_ASSIGNMENT((#1027));
#1029=STYLED_ITEM('',(#1028),#1021);
#1030=ADVANCED_FACE('',(#2525),#2527,.T.);
#1031=COLOUR_RGB($,1.,0.843137254901961,0.);
#1032=FILL_AREA_STYLE_COLOUR($,#1031);
#1033=FILL_AREA_STYLE($,(#1032));
#1034=SURFACE_STYLE_FILL_AREA(#1033);
#1035=SURFACE_SIDE_STYLE('',(#1034));
#1036=SURFACE_STYLE_USAGE(.BOTH.,#1035);
#1037=PRESENTATION_STYLE_ASSIGNMENT((#1036));
#1038=STYLED_ITEM('',(#1037),#1030);
#1039=ADVANCED_FACE('',(#2532),#2534,.T.);
#1040=COLOUR_RGB($,1.,0.843137254901961,0.);
#1041=FILL_AREA_STYLE_COLOUR($,#1040);
#1042=FILL_AREA_STYLE($,(#1041));
#1043=SURFACE_STYLE_FILL_AREA(#1042);
#1044=SURFACE_SIDE_STYLE('',(#1043));
#1045=SURFACE_STYLE_USAGE(.BOTH.,#1044);
#1046=PRESENTATION_STYLE_ASSIGNMENT((#1045));
#1047=STYLED_ITEM('',(#1046),#1039);
#1048=ADVANCED_FACE('',(#2539),#2541,.T.);
#1049=COLOUR_RGB($,1.,0.843137254901961,0.);
#1050=FILL_AREA_STYLE_COLOUR($,#1049);
#1051=FILL_AREA_STYLE($,(#1050));
#1052=SURFACE_STYLE_FILL_AREA(#1051);
#1053=SURFACE_SIDE_STYLE('',(#1052));
#1054=SURFACE_STYLE_USAGE(.BOTH.,#1053);
#1055=PRESENTATION_STYLE_ASSIGNMENT((#1054));
#1056=STYLED_ITEM('',(#1055),#1048);
#1057=ADVANCED_FACE('',(#2546),#2548,.T.);
#1058=COLOUR_RGB($,1.,0.843137254901961,0.);
#1059=FILL_AREA_STYLE_COLOUR($,#1058);
#1060=FILL_AREA_STYLE($,(#1059));
#1061=SURFACE_STYLE_FILL_AREA(#1060);
#1062=SURFACE_SIDE_STYLE('',(#1061));
#1063=SURFACE_STYLE_USAGE(.BOTH.,#1062);
#1064=PRESENTATION_STYLE_ASSIGNMENT((#1063));
#1065=STYLED_ITEM('',(#1064),#1057);
#1066=ADVANCED_FACE('',(#2553),#2555,.T.);
#1067=COLOUR_RGB($,1.,0.843137254901961,0.);
#1068=FILL_AREA_STYLE_COLOUR($,#1067);
#1069=FILL_AREA_STYLE($,(#1068));
#1070=SURFACE_STYLE_FILL_AREA(#1069);
#1071=SURFACE_SIDE_STYLE('',(#1070));
#1072=SURFACE_STYLE_USAGE(.BOTH.,#1071);
#1073=PRESENTATION_STYLE_ASSIGNMENT((#1072));
#1074=STYLED_ITEM('',(#1073),#1066);
#1075=ADVANCED_FACE('',(#2560),#2562,.T.);
#1076=COLOUR_RGB($,1.,0.843137254901961,0.);
#1077=FILL_AREA_STYLE_COLOUR($,#1076);
#1078=FILL_AREA_STYLE($,(#1077));
#1079=SURFACE_STYLE_FILL_AREA(#1078);
#1080=SURFACE_SIDE_STYLE('',(#1079));
#1081=SURFACE_STYLE_USAGE(.BOTH.,#1080);
#1082=PRESENTATION_STYLE_ASSIGNMENT((#1081));
#1083=STYLED_ITEM('',(#1082),#1075);
#1084=ADVANCED_FACE('',(#2567),#2569,.T.);
#1085=COLOUR_RGB($,1.,0.843137254901961,0.);
#1086=FILL_AREA_STYLE_COLOUR($,#1085);
#1087=FILL_AREA_STYLE($,(#1086));
#1088=SURFACE_STYLE_FILL_AREA(#1087);
#1089=SURFACE_SIDE_STYLE('',(#1088));
#1090=SURFACE_STYLE_USAGE(.BOTH.,#1089);
#1091=PRESENTATION_STYLE_ASSIGNMENT((#1090));
#1092=STYLED_ITEM('',(#1091),#1084);
#1093=ADVANCED_FACE('',(#2574),#2576,.T.);
#1094=COLOUR_RGB($,1.,0.843137254901961,0.);
#1095=FILL_AREA_STYLE_COLOUR($,#1094);
#1096=FILL_AREA_STYLE($,(#1095));
#1097=SURFACE_STYLE_FILL_AREA(#1096);
#1098=SURFACE_SIDE_STYLE('',(#1097));
#1099=SURFACE_STYLE_USAGE(.BOTH.,#1098);
#1100=PRESENTATION_STYLE_ASSIGNMENT((#1099));
#1101=STYLED_ITEM('',(#1100),#1093);
#1102=ADVANCED_FACE('',(#2581),#2583,.T.);
#1103=COLOUR_RGB($,1.,1.,1.);
#1104=FILL_AREA_STYLE_COLOUR($,#1103);
#1105=FILL_AREA_STYLE($,(#1104));
#1106=SURFACE_STYLE_FILL_AREA(#1105);
#1107=SURFACE_SIDE_STYLE('',(#1106));
#1108=SURFACE_STYLE_USAGE(.BOTH.,#1107);
#1109=PRESENTATION_STYLE_ASSIGNMENT((#1108));
#1110=STYLED_ITEM('',(#1109),#1102);
#1111=ADVANCED_FACE('',(#2588),#2590,.T.);
#1112=COLOUR_RGB($,1.,0.843137254901961,0.);
#1113=FILL_AREA_STYLE_COLOUR($,#1112);
#1114=FILL_AREA_STYLE($,(#1113));
#1115=SURFACE_STYLE_FILL_AREA(#1114);
#1116=SURFACE_SIDE_STYLE('',(#1115));
#1117=SURFACE_STYLE_USAGE(.BOTH.,#1116);
#1118=PRESENTATION_STYLE_ASSIGNMENT((#1117));
#1119=STYLED_ITEM('',(#1118),#1111);
#1120=ADVANCED_FACE('',(#2595),#2597,.T.);
#1121=COLOUR_RGB($,1.,0.843137254901961,0.);
#1122=FILL_AREA_STYLE_COLOUR($,#1121);
#1123=FILL_AREA_STYLE($,(#1122));
#1124=SURFACE_STYLE_FILL_AREA(#1123);
#1125=SURFACE_SIDE_STYLE('',(#1124));
#1126=SURFACE_STYLE_USAGE(.BOTH.,#1125);
#1127=PRESENTATION_STYLE_ASSIGNMENT((#1126));
#1128=STYLED_ITEM('',(#1127),#1120);
#1129=ADVANCED_FACE('',(#2602),#2604,.T.);
#1130=COLOUR_RGB($,1.,0.843137254901961,0.);
#1131=FILL_AREA_STYLE_COLOUR($,#1130);
#1132=FILL_AREA_STYLE($,(#1131));
#1133=SURFACE_STYLE_FILL_AREA(#1132);
#1134=SURFACE_SIDE_STYLE('',(#1133));
#1135=SURFACE_STYLE_USAGE(.BOTH.,#1134);
#1136=PRESENTATION_STYLE_ASSIGNMENT((#1135));
#1137=STYLED_ITEM('',(#1136),#1129);
#1138=ADVANCED_FACE('',(#2609),#2611,.T.);
#1139=COLOUR_RGB($,1.,0.843137254901961,0.);
#1140=FILL_AREA_STYLE_COLOUR($,#1139);
#1141=FILL_AREA_STYLE($,(#1140));
#1142=SURFACE_STYLE_FILL_AREA(#1141);
#1143=SURFACE_SIDE_STYLE('',(#1142));
#1144=SURFACE_STYLE_USAGE(.BOTH.,#1143);
#1145=PRESENTATION_STYLE_ASSIGNMENT((#1144));
#1146=STYLED_ITEM('',(#1145),#1138);
#1147=ADVANCED_FACE('',(#2616),#2618,.T.);
#1148=COLOUR_RGB($,1.,0.843137254901961,0.);
#1149=FILL_AREA_STYLE_COLOUR($,#1148);
#1150=FILL_AREA_STYLE($,(#1149));
#1151=SURFACE_STYLE_FILL_AREA(#1150);
#1152=SURFACE_SIDE_STYLE('',(#1151));
#1153=SURFACE_STYLE_USAGE(.BOTH.,#1152);
#1154=PRESENTATION_STYLE_ASSIGNMENT((#1153));
#1155=STYLED_ITEM('',(#1154),#1147);
#1156=ADVANCED_FACE('',(#2623),#2625,.T.);
#1157=COLOUR_RGB($,1.,0.843137254901961,0.);
#1158=FILL_AREA_STYLE_COLOUR($,#1157);
#1159=FILL_AREA_STYLE($,(#1158));
#1160=SURFACE_STYLE_FILL_AREA(#1159);
#1161=SURFACE_SIDE_STYLE('',(#1160));
#1162=SURFACE_STYLE_USAGE(.BOTH.,#1161);
#1163=PRESENTATION_STYLE_ASSIGNMENT((#1162));
#1164=STYLED_ITEM('',(#1163),#1156);
#1165=ADVANCED_FACE('',(#2630),#2632,.T.);
#1166=COLOUR_RGB($,1.,0.843137254901961,0.);
#1167=FILL_AREA_STYLE_COLOUR($,#1166);
#1168=FILL_AREA_STYLE($,(#1167));
#1169=SURFACE_STYLE_FILL_AREA(#1168);
#1170=SURFACE_SIDE_STYLE('',(#1169));
#1171=SURFACE_STYLE_USAGE(.BOTH.,#1170);
#1172=PRESENTATION_STYLE_ASSIGNMENT((#1171));
#1173=STYLED_ITEM('',(#1172),#1165);
#1174=ADVANCED_FACE('',(#2637),#2639,.T.);
#1175=COLOUR_RGB($,1.,0.843137254901961,0.);
#1176=FILL_AREA_STYLE_COLOUR($,#1175);
#1177=FILL_AREA_STYLE($,(#1176));
#1178=SURFACE_STYLE_FILL_AREA(#1177);
#1179=SURFACE_SIDE_STYLE('',(#1178));
#1180=SURFACE_STYLE_USAGE(.BOTH.,#1179);
#1181=PRESENTATION_STYLE_ASSIGNMENT((#1180));
#1182=STYLED_ITEM('',(#1181),#1174);
#1183=ADVANCED_FACE('',(#2644),#2646,.T.);
#1184=COLOUR_RGB($,1.,0.843137254901961,0.);
#1185=FILL_AREA_STYLE_COLOUR($,#1184);
#1186=FILL_AREA_STYLE($,(#1185));
#1187=SURFACE_STYLE_FILL_AREA(#1186);
#1188=SURFACE_SIDE_STYLE('',(#1187));
#1189=SURFACE_STYLE_USAGE(.BOTH.,#1188);
#1190=PRESENTATION_STYLE_ASSIGNMENT((#1189));
#1191=STYLED_ITEM('',(#1190),#1183);
#1192=ADVANCED_FACE('',(#2651),#2653,.T.);
#1193=COLOUR_RGB($,1.,0.843137254901961,0.);
#1194=FILL_AREA_STYLE_COLOUR($,#1193);
#1195=FILL_AREA_STYLE($,(#1194));
#1196=SURFACE_STYLE_FILL_AREA(#1195);
#1197=SURFACE_SIDE_STYLE('',(#1196));
#1198=SURFACE_STYLE_USAGE(.BOTH.,#1197);
#1199=PRESENTATION_STYLE_ASSIGNMENT((#1198));
#1200=STYLED_ITEM('',(#1199),#1192);
#1201=ADVANCED_FACE('',(#2658),#2660,.T.);
#1202=COLOUR_RGB($,1.,0.843137254901961,0.);
#1203=FILL_AREA_STYLE_COLOUR($,#1202);
#1204=FILL_AREA_STYLE($,(#1203));
#1205=SURFACE_STYLE_FILL_AREA(#1204);
#1206=SURFACE_SIDE_STYLE('',(#1205));
#1207=SURFACE_STYLE_USAGE(.BOTH.,#1206);
#1208=PRESENTATION_STYLE_ASSIGNMENT((#1207));
#1209=STYLED_ITEM('',(#1208),#1201);
#1210=ADVANCED_FACE('',(#2665),#2667,.T.);
#1211=COLOUR_RGB($,1.,0.843137254901961,0.);
#1212=FILL_AREA_STYLE_COLOUR($,#1211);
#1213=FILL_AREA_STYLE($,(#1212));
#1214=SURFACE_STYLE_FILL_AREA(#1213);
#1215=SURFACE_SIDE_STYLE('',(#1214));
#1216=SURFACE_STYLE_USAGE(.BOTH.,#1215);
#1217=PRESENTATION_STYLE_ASSIGNMENT((#1216));
#1218=STYLED_ITEM('',(#1217),#1210);
#1219=ADVANCED_FACE('',(#2672),#2674,.T.);
#1220=COLOUR_RGB($,1.,0.843137254901961,0.);
#1221=FILL_AREA_STYLE_COLOUR($,#1220);
#1222=FILL_AREA_STYLE($,(#1221));
#1223=SURFACE_STYLE_FILL_AREA(#1222);
#1224=SURFACE_SIDE_STYLE('',(#1223));
#1225=SURFACE_STYLE_USAGE(.BOTH.,#1224);
#1226=PRESENTATION_STYLE_ASSIGNMENT((#1225));
#1227=STYLED_ITEM('',(#1226),#1219);
#1228=ADVANCED_FACE('',(#2679),#2681,.T.);
#1229=COLOUR_RGB($,1.,0.843137254901961,0.);
#1230=FILL_AREA_STYLE_COLOUR($,#1229);
#1231=FILL_AREA_STYLE($,(#1230));
#1232=SURFACE_STYLE_FILL_AREA(#1231);
#1233=SURFACE_SIDE_STYLE('',(#1232));
#1234=SURFACE_STYLE_USAGE(.BOTH.,#1233);
#1235=PRESENTATION_STYLE_ASSIGNMENT((#1234));
#1236=STYLED_ITEM('',(#1235),#1228);
#1237=ADVANCED_FACE('',(#2686),#2688,.T.);
#1238=COLOUR_RGB($,1.,0.843137254901961,0.);
#1239=FILL_AREA_STYLE_COLOUR($,#1238);
#1240=FILL_AREA_STYLE($,(#1239));
#1241=SURFACE_STYLE_FILL_AREA(#1240);
#1242=SURFACE_SIDE_STYLE('',(#1241));
#1243=SURFACE_STYLE_USAGE(.BOTH.,#1242);
#1244=PRESENTATION_STYLE_ASSIGNMENT((#1243));
#1245=STYLED_ITEM('',(#1244),#1237);
#1246=ADVANCED_FACE('',(#2693),#2695,.T.);
#1247=COLOUR_RGB($,1.,0.843137254901961,0.);
#1248=FILL_AREA_STYLE_COLOUR($,#1247);
#1249=FILL_AREA_STYLE($,(#1248));
#1250=SURFACE_STYLE_FILL_AREA(#1249);
#1251=SURFACE_SIDE_STYLE('',(#1250));
#1252=SURFACE_STYLE_USAGE(.BOTH.,#1251);
#1253=PRESENTATION_STYLE_ASSIGNMENT((#1252));
#1254=STYLED_ITEM('',(#1253),#1246);
#1255=ADVANCED_FACE('',(#2700),#2702,.T.);
#1256=COLOUR_RGB($,1.,0.843137254901961,0.);
#1257=FILL_AREA_STYLE_COLOUR($,#1256);
#1258=FILL_AREA_STYLE($,(#1257));
#1259=SURFACE_STYLE_FILL_AREA(#1258);
#1260=SURFACE_SIDE_STYLE('',(#1259));
#1261=SURFACE_STYLE_USAGE(.BOTH.,#1260);
#1262=PRESENTATION_STYLE_ASSIGNMENT((#1261));
#1263=STYLED_ITEM('',(#1262),#1255);
#1264=ADVANCED_FACE('',(#2707),#2709,.T.);
#1265=COLOUR_RGB($,1.,0.843137254901961,0.);
#1266=FILL_AREA_STYLE_COLOUR($,#1265);
#1267=FILL_AREA_STYLE($,(#1266));
#1268=SURFACE_STYLE_FILL_AREA(#1267);
#1269=SURFACE_SIDE_STYLE('',(#1268));
#1270=SURFACE_STYLE_USAGE(.BOTH.,#1269);
#1271=PRESENTATION_STYLE_ASSIGNMENT((#1270));
#1272=STYLED_ITEM('',(#1271),#1264);
#1273=ADVANCED_FACE('',(#2714),#2716,.T.);
#1274=COLOUR_RGB($,1.,0.843137254901961,0.);
#1275=FILL_AREA_STYLE_COLOUR($,#1274);
#1276=FILL_AREA_STYLE($,(#1275));
#1277=SURFACE_STYLE_FILL_AREA(#1276);
#1278=SURFACE_SIDE_STYLE('',(#1277));
#1279=SURFACE_STYLE_USAGE(.BOTH.,#1278);
#1280=PRESENTATION_STYLE_ASSIGNMENT((#1279));
#1281=STYLED_ITEM('',(#1280),#1273);
#1282=ADVANCED_FACE('',(#2721),#2723,.T.);
#1283=COLOUR_RGB($,1.,0.843137254901961,0.);
#1284=FILL_AREA_STYLE_COLOUR($,#1283);
#1285=FILL_AREA_STYLE($,(#1284));
#1286=SURFACE_STYLE_FILL_AREA(#1285);
#1287=SURFACE_SIDE_STYLE('',(#1286));
#1288=SURFACE_STYLE_USAGE(.BOTH.,#1287);
#1289=PRESENTATION_STYLE_ASSIGNMENT((#1288));
#1290=STYLED_ITEM('',(#1289),#1282);
#1291=ADVANCED_FACE('',(#2728),#2730,.T.);
#1292=COLOUR_RGB($,1.,0.843137254901961,0.);
#1293=FILL_AREA_STYLE_COLOUR($,#1292);
#1294=FILL_AREA_STYLE($,(#1293));
#1295=SURFACE_STYLE_FILL_AREA(#1294);
#1296=SURFACE_SIDE_STYLE('',(#1295));
#1297=SURFACE_STYLE_USAGE(.BOTH.,#1296);
#1298=PRESENTATION_STYLE_ASSIGNMENT((#1297));
#1299=STYLED_ITEM('',(#1298),#1291);
#1300=ADVANCED_FACE('',(#2735),#2737,.T.);
#1301=COLOUR_RGB($,1.,0.843137254901961,0.);
#1302=FILL_AREA_STYLE_COLOUR($,#1301);
#1303=FILL_AREA_STYLE($,(#1302));
#1304=SURFACE_STYLE_FILL_AREA(#1303);
#1305=SURFACE_SIDE_STYLE('',(#1304));
#1306=SURFACE_STYLE_USAGE(.BOTH.,#1305);
#1307=PRESENTATION_STYLE_ASSIGNMENT((#1306));
#1308=STYLED_ITEM('',(#1307),#1300);
#1309=ADVANCED_FACE('',(#2742),#2744,.T.);
#1310=COLOUR_RGB($,1.,0.843137254901961,0.);
#1311=FILL_AREA_STYLE_COLOUR($,#1310);
#1312=FILL_AREA_STYLE($,(#1311));
#1313=SURFACE_STYLE_FILL_AREA(#1312);
#1314=SURFACE_SIDE_STYLE('',(#1313));
#1315=SURFACE_STYLE_USAGE(.BOTH.,#1314);
#1316=PRESENTATION_STYLE_ASSIGNMENT((#1315));
#1317=STYLED_ITEM('',(#1316),#1309);
#1318=ADVANCED_FACE('',(#2749),#2751,.T.);
#1319=COLOUR_RGB($,1.,0.843137254901961,0.);
#1320=FILL_AREA_STYLE_COLOUR($,#1319);
#1321=FILL_AREA_STYLE($,(#1320));
#1322=SURFACE_STYLE_FILL_AREA(#1321);
#1323=SURFACE_SIDE_STYLE('',(#1322));
#1324=SURFACE_STYLE_USAGE(.BOTH.,#1323);
#1325=PRESENTATION_STYLE_ASSIGNMENT((#1324));
#1326=STYLED_ITEM('',(#1325),#1318);
#1327=ADVANCED_FACE('',(#2756),#2758,.T.);
#1328=COLOUR_RGB($,1.,0.843137254901961,0.);
#1329=FILL_AREA_STYLE_COLOUR($,#1328);
#1330=FILL_AREA_STYLE($,(#1329));
#1331=SURFACE_STYLE_FILL_AREA(#1330);
#1332=SURFACE_SIDE_STYLE('',(#1331));
#1333=SURFACE_STYLE_USAGE(.BOTH.,#1332);
#1334=PRESENTATION_STYLE_ASSIGNMENT((#1333));
#1335=STYLED_ITEM('',(#1334),#1327);
#1336=ADVANCED_FACE('',(#2763),#2765,.T.);
#1337=COLOUR_RGB($,1.,0.843137254901961,0.);
#1338=FILL_AREA_STYLE_COLOUR($,#1337);
#1339=FILL_AREA_STYLE($,(#1338));
#1340=SURFACE_STYLE_FILL_AREA(#1339);
#1341=SURFACE_SIDE_STYLE('',(#1340));
#1342=SURFACE_STYLE_USAGE(.BOTH.,#1341);
#1343=PRESENTATION_STYLE_ASSIGNMENT((#1342));
#1344=STYLED_ITEM('',(#1343),#1336);
#1345=ADVANCED_FACE('',(#2770),#2772,.T.);
#1346=COLOUR_RGB($,1.,0.843137254901961,0.);
#1347=FILL_AREA_STYLE_COLOUR($,#1346);
#1348=FILL_AREA_STYLE($,(#1347));
#1349=SURFACE_STYLE_FILL_AREA(#1348);
#1350=SURFACE_SIDE_STYLE('',(#1349));
#1351=SURFACE_STYLE_USAGE(.BOTH.,#1350);
#1352=PRESENTATION_STYLE_ASSIGNMENT((#1351));
#1353=STYLED_ITEM('',(#1352),#1345);
#1354=ADVANCED_FACE('',(#2777),#2779,.T.);
#1355=COLOUR_RGB($,1.,0.843137254901961,0.);
#1356=FILL_AREA_STYLE_COLOUR($,#1355);
#1357=FILL_AREA_STYLE($,(#1356));
#1358=SURFACE_STYLE_FILL_AREA(#1357);
#1359=SURFACE_SIDE_STYLE('',(#1358));
#1360=SURFACE_STYLE_USAGE(.BOTH.,#1359);
#1361=PRESENTATION_STYLE_ASSIGNMENT((#1360));
#1362=STYLED_ITEM('',(#1361),#1354);
#1363=ADVANCED_FACE('',(#2784),#2786,.F.);
#1364=COLOUR_RGB($,1.,0.843137254901961,0.);
#1365=FILL_AREA_STYLE_COLOUR($,#1364);
#1366=FILL_AREA_STYLE($,(#1365));
#1367=SURFACE_STYLE_FILL_AREA(#1366);
#1368=SURFACE_SIDE_STYLE('',(#1367));
#1369=SURFACE_STYLE_USAGE(.BOTH.,#1368);
#1370=PRESENTATION_STYLE_ASSIGNMENT((#1369));
#1371=STYLED_ITEM('',(#1370),#1363);
#1372=ADVANCED_FACE('',(#2791),#2793,.F.);
#1373=COLOUR_RGB($,1.,0.843137254901961,0.);
#1374=FILL_AREA_STYLE_COLOUR($,#1373);
#1375=FILL_AREA_STYLE($,(#1374));
#1376=SURFACE_STYLE_FILL_AREA(#1375);
#1377=SURFACE_SIDE_STYLE('',(#1376));
#1378=SURFACE_STYLE_USAGE(.BOTH.,#1377);
#1379=PRESENTATION_STYLE_ASSIGNMENT((#1378));
#1380=STYLED_ITEM('',(#1379),#1372);
#1381=ADVANCED_FACE('',(#2798),#2800,.F.);
#1382=COLOUR_RGB($,1.,0.843137254901961,0.);
#1383=FILL_AREA_STYLE_COLOUR($,#1382);
#1384=FILL_AREA_STYLE($,(#1383));
#1385=SURFACE_STYLE_FILL_AREA(#1384);
#1386=SURFACE_SIDE_STYLE('',(#1385));
#1387=SURFACE_STYLE_USAGE(.BOTH.,#1386);
#1388=PRESENTATION_STYLE_ASSIGNMENT((#1387));
#1389=STYLED_ITEM('',(#1388),#1381);
#1390=ADVANCED_FACE('',(#2805),#2807,.F.);
#1391=COLOUR_RGB($,1.,0.843137254901961,0.);
#1392=FILL_AREA_STYLE_COLOUR($,#1391);
#1393=FILL_AREA_STYLE($,(#1392));
#1394=SURFACE_STYLE_FILL_AREA(#1393);
#1395=SURFACE_SIDE_STYLE('',(#1394));
#1396=SURFACE_STYLE_USAGE(.BOTH.,#1395);
#1397=PRESENTATION_STYLE_ASSIGNMENT((#1396));
#1398=STYLED_ITEM('',(#1397),#1390);
#1399=ADVANCED_FACE('',(#2812),#2814,.F.);
#1400=COLOUR_RGB($,1.,0.843137254901961,0.);
#1401=FILL_AREA_STYLE_COLOUR($,#1400);
#1402=FILL_AREA_STYLE($,(#1401));
#1403=SURFACE_STYLE_FILL_AREA(#1402);
#1404=SURFACE_SIDE_STYLE('',(#1403));
#1405=SURFACE_STYLE_USAGE(.BOTH.,#1404);
#1406=PRESENTATION_STYLE_ASSIGNMENT((#1405));
#1407=STYLED_ITEM('',(#1406),#1399);
#1408=ADVANCED_FACE('',(#2819),#2821,.F.);
#1409=COLOUR_RGB($,1.,0.843137254901961,0.);
#1410=FILL_AREA_STYLE_COLOUR($,#1409);
#1411=FILL_AREA_STYLE($,(#1410));
#1412=SURFACE_STYLE_FILL_AREA(#1411);
#1413=SURFACE_SIDE_STYLE('',(#1412));
#1414=SURFACE_STYLE_USAGE(.BOTH.,#1413);
#1415=PRESENTATION_STYLE_ASSIGNMENT((#1414));
#1416=STYLED_ITEM('',(#1415),#1408);
#1417=ADVANCED_FACE('',(#2826),#2828,.F.);
#1418=COLOUR_RGB($,1.,0.843137254901961,0.);
#1419=FILL_AREA_STYLE_COLOUR($,#1418);
#1420=FILL_AREA_STYLE($,(#1419));
#1421=SURFACE_STYLE_FILL_AREA(#1420);
#1422=SURFACE_SIDE_STYLE('',(#1421));
#1423=SURFACE_STYLE_USAGE(.BOTH.,#1422);
#1424=PRESENTATION_STYLE_ASSIGNMENT((#1423));
#1425=STYLED_ITEM('',(#1424),#1417);
#1426=ADVANCED_FACE('',(#2833),#2835,.F.);
#1427=COLOUR_RGB($,1.,0.843137254901961,0.);
#1428=FILL_AREA_STYLE_COLOUR($,#1427);
#1429=FILL_AREA_STYLE($,(#1428));
#1430=SURFACE_STYLE_FILL_AREA(#1429);
#1431=SURFACE_SIDE_STYLE('',(#1430));
#1432=SURFACE_STYLE_USAGE(.BOTH.,#1431);
#1433=PRESENTATION_STYLE_ASSIGNMENT((#1432));
#1434=STYLED_ITEM('',(#1433),#1426);
#1435=ADVANCED_FACE('',(#2840),#2842,.F.);
#1436=COLOUR_RGB($,1.,0.843137254901961,0.);
#1437=FILL_AREA_STYLE_COLOUR($,#1436);
#1438=FILL_AREA_STYLE($,(#1437));
#1439=SURFACE_STYLE_FILL_AREA(#1438);
#1440=SURFACE_SIDE_STYLE('',(#1439));
#1441=SURFACE_STYLE_USAGE(.BOTH.,#1440);
#1442=PRESENTATION_STYLE_ASSIGNMENT((#1441));
#1443=STYLED_ITEM('',(#1442),#1435);
#1444=ADVANCED_FACE('',(#2847),#2849,.F.);
#1445=COLOUR_RGB($,1.,0.843137254901961,0.);
#1446=FILL_AREA_STYLE_COLOUR($,#1445);
#1447=FILL_AREA_STYLE($,(#1446));
#1448=SURFACE_STYLE_FILL_AREA(#1447);
#1449=SURFACE_SIDE_STYLE('',(#1448));
#1450=SURFACE_STYLE_USAGE(.BOTH.,#1449);
#1451=PRESENTATION_STYLE_ASSIGNMENT((#1450));
#1452=STYLED_ITEM('',(#1451),#1444);
#1453=ADVANCED_FACE('',(#2854),#2856,.F.);
#1454=COLOUR_RGB($,1.,0.843137254901961,0.);
#1455=FILL_AREA_STYLE_COLOUR($,#1454);
#1456=FILL_AREA_STYLE($,(#1455));
#1457=SURFACE_STYLE_FILL_AREA(#1456);
#1458=SURFACE_SIDE_STYLE('',(#1457));
#1459=SURFACE_STYLE_USAGE(.BOTH.,#1458);
#1460=PRESENTATION_STYLE_ASSIGNMENT((#1459));
#1461=STYLED_ITEM('',(#1460),#1453);
#1462=ADVANCED_FACE('',(#2861),#2863,.F.);
#1463=COLOUR_RGB($,1.,0.843137254901961,0.);
#1464=FILL_AREA_STYLE_COLOUR($,#1463);
#1465=FILL_AREA_STYLE($,(#1464));
#1466=SURFACE_STYLE_FILL_AREA(#1465);
#1467=SURFACE_SIDE_STYLE('',(#1466));
#1468=SURFACE_STYLE_USAGE(.BOTH.,#1467);
#1469=PRESENTATION_STYLE_ASSIGNMENT((#1468));
#1470=STYLED_ITEM('',(#1469),#1462);
#1471=ADVANCED_FACE('',(#2868),#2870,.F.);
#1472=COLOUR_RGB($,1.,0.843137254901961,0.);
#1473=FILL_AREA_STYLE_COLOUR($,#1472);
#1474=FILL_AREA_STYLE($,(#1473));
#1475=SURFACE_STYLE_FILL_AREA(#1474);
#1476=SURFACE_SIDE_STYLE('',(#1475));
#1477=SURFACE_STYLE_USAGE(.BOTH.,#1476);
#1478=PRESENTATION_STYLE_ASSIGNMENT((#1477));
#1479=STYLED_ITEM('',(#1478),#1471);
#1480=ADVANCED_FACE('',(#2875),#2877,.F.);
#1481=COLOUR_RGB($,1.,0.843137254901961,0.);
#1482=FILL_AREA_STYLE_COLOUR($,#1481);
#1483=FILL_AREA_STYLE($,(#1482));
#1484=SURFACE_STYLE_FILL_AREA(#1483);
#1485=SURFACE_SIDE_STYLE('',(#1484));
#1486=SURFACE_STYLE_USAGE(.BOTH.,#1485);
#1487=PRESENTATION_STYLE_ASSIGNMENT((#1486));
#1488=STYLED_ITEM('',(#1487),#1480);
#1489=ADVANCED_FACE('',(#2882),#2884,.F.);
#1490=COLOUR_RGB($,1.,0.843137254901961,0.);
#1491=FILL_AREA_STYLE_COLOUR($,#1490);
#1492=FILL_AREA_STYLE($,(#1491));
#1493=SURFACE_STYLE_FILL_AREA(#1492);
#1494=SURFACE_SIDE_STYLE('',(#1493));
#1495=SURFACE_STYLE_USAGE(.BOTH.,#1494);
#1496=PRESENTATION_STYLE_ASSIGNMENT((#1495));
#1497=STYLED_ITEM('',(#1496),#1489);
#1498=ADVANCED_FACE('',(#2889),#2891,.F.);
#1499=COLOUR_RGB($,1.,0.843137254901961,0.);
#1500=FILL_AREA_STYLE_COLOUR($,#1499);
#1501=FILL_AREA_STYLE($,(#1500));
#1502=SURFACE_STYLE_FILL_AREA(#1501);
#1503=SURFACE_SIDE_STYLE('',(#1502));
#1504=SURFACE_STYLE_USAGE(.BOTH.,#1503);
#1505=PRESENTATION_STYLE_ASSIGNMENT((#1504));
#1506=STYLED_ITEM('',(#1505),#1498);
#1507=ADVANCED_FACE('',(#2896),#2898,.F.);
#1508=COLOUR_RGB($,1.,0.843137254901961,0.);
#1509=FILL_AREA_STYLE_COLOUR($,#1508);
#1510=FILL_AREA_STYLE($,(#1509));
#1511=SURFACE_STYLE_FILL_AREA(#1510);
#1512=SURFACE_SIDE_STYLE('',(#1511));
#1513=SURFACE_STYLE_USAGE(.BOTH.,#1512);
#1514=PRESENTATION_STYLE_ASSIGNMENT((#1513));
#1515=STYLED_ITEM('',(#1514),#1507);
#1516=ADVANCED_FACE('',(#2903),#2905,.F.);
#1517=COLOUR_RGB($,1.,0.843137254901961,0.);
#1518=FILL_AREA_STYLE_COLOUR($,#1517);
#1519=FILL_AREA_STYLE($,(#1518));
#1520=SURFACE_STYLE_FILL_AREA(#1519);
#1521=SURFACE_SIDE_STYLE('',(#1520));
#1522=SURFACE_STYLE_USAGE(.BOTH.,#1521);
#1523=PRESENTATION_STYLE_ASSIGNMENT((#1522));
#1524=STYLED_ITEM('',(#1523),#1516);
#1525=ADVANCED_FACE('',(#2910),#2912,.F.);
#1526=COLOUR_RGB($,1.,0.843137254901961,0.);
#1527=FILL_AREA_STYLE_COLOUR($,#1526);
#1528=FILL_AREA_STYLE($,(#1527));
#1529=SURFACE_STYLE_FILL_AREA(#1528);
#1530=SURFACE_SIDE_STYLE('',(#1529));
#1531=SURFACE_STYLE_USAGE(.BOTH.,#1530);
#1532=PRESENTATION_STYLE_ASSIGNMENT((#1531));
#1533=STYLED_ITEM('',(#1532),#1525);
#1534=ADVANCED_FACE('',(#2917),#2919,.F.);
#1535=COLOUR_RGB($,1.,0.843137254901961,0.);
#1536=FILL_AREA_STYLE_COLOUR($,#1535);
#1537=FILL_AREA_STYLE($,(#1536));
#1538=SURFACE_STYLE_FILL_AREA(#1537);
#1539=SURFACE_SIDE_STYLE('',(#1538));
#1540=SURFACE_STYLE_USAGE(.BOTH.,#1539);
#1541=PRESENTATION_STYLE_ASSIGNMENT((#1540));
#1542=STYLED_ITEM('',(#1541),#1534);
#1543=ADVANCED_FACE('',(#2924),#2926,.F.);
#1544=COLOUR_RGB($,1.,0.843137254901961,0.);
#1545=FILL_AREA_STYLE_COLOUR($,#1544);
#1546=FILL_AREA_STYLE($,(#1545));
#1547=SURFACE_STYLE_FILL_AREA(#1546);
#1548=SURFACE_SIDE_STYLE('',(#1547));
#1549=SURFACE_STYLE_USAGE(.BOTH.,#1548);
#1550=PRESENTATION_STYLE_ASSIGNMENT((#1549));
#1551=STYLED_ITEM('',(#1550),#1543);
#1552=ADVANCED_FACE('',(#2931),#2933,.F.);
#1553=COLOUR_RGB($,1.,0.843137254901961,0.);
#1554=FILL_AREA_STYLE_COLOUR($,#1553);
#1555=FILL_AREA_STYLE($,(#1554));
#1556=SURFACE_STYLE_FILL_AREA(#1555);
#1557=SURFACE_SIDE_STYLE('',(#1556));
#1558=SURFACE_STYLE_USAGE(.BOTH.,#1557);
#1559=PRESENTATION_STYLE_ASSIGNMENT((#1558));
#1560=STYLED_ITEM('',(#1559),#1552);
#1561=ADVANCED_FACE('',(#2938),#2940,.F.);
#1562=COLOUR_RGB($,1.,0.843137254901961,0.);
#1563=FILL_AREA_STYLE_COLOUR($,#1562);
#1564=FILL_AREA_STYLE($,(#1563));
#1565=SURFACE_STYLE_FILL_AREA(#1564);
#1566=SURFACE_SIDE_STYLE('',(#1565));
#1567=SURFACE_STYLE_USAGE(.BOTH.,#1566);
#1568=PRESENTATION_STYLE_ASSIGNMENT((#1567));
#1569=STYLED_ITEM('',(#1568),#1561);
#1570=ADVANCED_FACE('',(#2945),#2947,.F.);
#1571=COLOUR_RGB($,1.,0.843137254901961,0.);
#1572=FILL_AREA_STYLE_COLOUR($,#1571);
#1573=FILL_AREA_STYLE($,(#1572));
#1574=SURFACE_STYLE_FILL_AREA(#1573);
#1575=SURFACE_SIDE_STYLE('',(#1574));
#1576=SURFACE_STYLE_USAGE(.BOTH.,#1575);
#1577=PRESENTATION_STYLE_ASSIGNMENT((#1576));
#1578=STYLED_ITEM('',(#1577),#1570);
#1579=ADVANCED_FACE('',(#2952),#2954,.F.);
#1580=COLOUR_RGB($,1.,0.843137254901961,0.);
#1581=FILL_AREA_STYLE_COLOUR($,#1580);
#1582=FILL_AREA_STYLE($,(#1581));
#1583=SURFACE_STYLE_FILL_AREA(#1582);
#1584=SURFACE_SIDE_STYLE('',(#1583));
#1585=SURFACE_STYLE_USAGE(.BOTH.,#1584);
#1586=PRESENTATION_STYLE_ASSIGNMENT((#1585));
#1587=STYLED_ITEM('',(#1586),#1579);
#1588=ADVANCED_FACE('',(#2959),#2961,.F.);
#1589=COLOUR_RGB($,1.,0.843137254901961,0.);
#1590=FILL_AREA_STYLE_COLOUR($,#1589);
#1591=FILL_AREA_STYLE($,(#1590));
#1592=SURFACE_STYLE_FILL_AREA(#1591);
#1593=SURFACE_SIDE_STYLE('',(#1592));
#1594=SURFACE_STYLE_USAGE(.BOTH.,#1593);
#1595=PRESENTATION_STYLE_ASSIGNMENT((#1594));
#1596=STYLED_ITEM('',(#1595),#1588);
#1597=ADVANCED_FACE('',(#2966),#2968,.F.);
#1598=COLOUR_RGB($,1.,0.843137254901961,0.);
#1599=FILL_AREA_STYLE_COLOUR($,#1598);
#1600=FILL_AREA_STYLE($,(#1599));
#1601=SURFACE_STYLE_FILL_AREA(#1600);
#1602=SURFACE_SIDE_STYLE('',(#1601));
#1603=SURFACE_STYLE_USAGE(.BOTH.,#1602);
#1604=PRESENTATION_STYLE_ASSIGNMENT((#1603));
#1605=STYLED_ITEM('',(#1604),#1597);
#1606=ADVANCED_FACE('',(#2973),#2975,.F.);
#1607=COLOUR_RGB($,1.,0.843137254901961,0.);
#1608=FILL_AREA_STYLE_COLOUR($,#1607);
#1609=FILL_AREA_STYLE($,(#1608));
#1610=SURFACE_STYLE_FILL_AREA(#1609);
#1611=SURFACE_SIDE_STYLE('',(#1610));
#1612=SURFACE_STYLE_USAGE(.BOTH.,#1611);
#1613=PRESENTATION_STYLE_ASSIGNMENT((#1612));
#1614=STYLED_ITEM('',(#1613),#1606);
#1615=ADVANCED_FACE('',(#2980),#2982,.T.);
#1616=COLOUR_RGB($,1.,0.843137254901961,0.);
#1617=FILL_AREA_STYLE_COLOUR($,#1616);
#1618=FILL_AREA_STYLE($,(#1617));
#1619=SURFACE_STYLE_FILL_AREA(#1618);
#1620=SURFACE_SIDE_STYLE('',(#1619));
#1621=SURFACE_STYLE_USAGE(.BOTH.,#1620);
#1622=PRESENTATION_STYLE_ASSIGNMENT((#1621));
#1623=STYLED_ITEM('',(#1622),#1615);
#1624=ADVANCED_FACE('',(#2987),#2989,.T.);
#1625=COLOUR_RGB($,1.,0.843137254901961,0.);
#1626=FILL_AREA_STYLE_COLOUR($,#1625);
#1627=FILL_AREA_STYLE($,(#1626));
#1628=SURFACE_STYLE_FILL_AREA(#1627);
#1629=SURFACE_SIDE_STYLE('',(#1628));
#1630=SURFACE_STYLE_USAGE(.BOTH.,#1629);
#1631=PRESENTATION_STYLE_ASSIGNMENT((#1630));
#1632=STYLED_ITEM('',(#1631),#1624);
#1633=ADVANCED_FACE('',(#2994),#2996,.T.);
#1634=COLOUR_RGB($,1.,0.843137254901961,0.);
#1635=FILL_AREA_STYLE_COLOUR($,#1634);
#1636=FILL_AREA_STYLE($,(#1635));
#1637=SURFACE_STYLE_FILL_AREA(#1636);
#1638=SURFACE_SIDE_STYLE('',(#1637));
#1639=SURFACE_STYLE_USAGE(.BOTH.,#1638);
#1640=PRESENTATION_STYLE_ASSIGNMENT((#1639));
#1641=STYLED_ITEM('',(#1640),#1633);
#1642=ADVANCED_FACE('',(#3001),#3003,.T.);
#1643=COLOUR_RGB($,1.,0.843137254901961,0.);
#1644=FILL_AREA_STYLE_COLOUR($,#1643);
#1645=FILL_AREA_STYLE($,(#1644));
#1646=SURFACE_STYLE_FILL_AREA(#1645);
#1647=SURFACE_SIDE_STYLE('',(#1646));
#1648=SURFACE_STYLE_USAGE(.BOTH.,#1647);
#1649=PRESENTATION_STYLE_ASSIGNMENT((#1648));
#1650=STYLED_ITEM('',(#1649),#1642);
#1651=ADVANCED_FACE('',(#3008),#3010,.T.);
#1652=COLOUR_RGB($,1.,0.843137254901961,0.);
#1653=FILL_AREA_STYLE_COLOUR($,#1652);
#1654=FILL_AREA_STYLE($,(#1653));
#1655=SURFACE_STYLE_FILL_AREA(#1654);
#1656=SURFACE_SIDE_STYLE('',(#1655));
#1657=SURFACE_STYLE_USAGE(.BOTH.,#1656);
#1658=PRESENTATION_STYLE_ASSIGNMENT((#1657));
#1659=STYLED_ITEM('',(#1658),#1651);
#1660=ADVANCED_FACE('',(#3015),#3017,.T.);
#1661=COLOUR_RGB($,1.,0.843137254901961,0.);
#1662=FILL_AREA_STYLE_COLOUR($,#1661);
#1663=FILL_AREA_STYLE($,(#1662));
#1664=SURFACE_STYLE_FILL_AREA(#1663);
#1665=SURFACE_SIDE_STYLE('',(#1664));
#1666=SURFACE_STYLE_USAGE(.BOTH.,#1665);
#1667=PRESENTATION_STYLE_ASSIGNMENT((#1666));
#1668=STYLED_ITEM('',(#1667),#1660);
#1669=ADVANCED_FACE('',(#3022),#3024,.T.);
#1670=COLOUR_RGB($,1.,0.843137254901961,0.);
#1671=FILL_AREA_STYLE_COLOUR($,#1670);
#1672=FILL_AREA_STYLE($,(#1671));
#1673=SURFACE_STYLE_FILL_AREA(#1672);
#1674=SURFACE_SIDE_STYLE('',(#1673));
#1675=SURFACE_STYLE_USAGE(.BOTH.,#1674);
#1676=PRESENTATION_STYLE_ASSIGNMENT((#1675));
#1677=STYLED_ITEM('',(#1676),#1669);
#1678=ADVANCED_FACE('',(#3029),#3031,.F.);
#1679=COLOUR_RGB($,1.,0.843137254901961,0.);
#1680=FILL_AREA_STYLE_COLOUR($,#1679);
#1681=FILL_AREA_STYLE($,(#1680));
#1682=SURFACE_STYLE_FILL_AREA(#1681);
#1683=SURFACE_SIDE_STYLE('',(#1682));
#1684=SURFACE_STYLE_USAGE(.BOTH.,#1683);
#1685=PRESENTATION_STYLE_ASSIGNMENT((#1684));
#1686=STYLED_ITEM('',(#1685),#1678);
#1687=ADVANCED_FACE('',(#3036),#3038,.F.);
#1688=COLOUR_RGB($,1.,0.843137254901961,0.);
#1689=FILL_AREA_STYLE_COLOUR($,#1688);
#1690=FILL_AREA_STYLE($,(#1689));
#1691=SURFACE_STYLE_FILL_AREA(#1690);
#1692=SURFACE_SIDE_STYLE('',(#1691));
#1693=SURFACE_STYLE_USAGE(.BOTH.,#1692);
#1694=PRESENTATION_STYLE_ASSIGNMENT((#1693));
#1695=STYLED_ITEM('',(#1694),#1687);
#1696=ADVANCED_FACE('',(#3043),#3045,.F.);
#1697=COLOUR_RGB($,1.,0.843137254901961,0.);
#1698=FILL_AREA_STYLE_COLOUR($,#1697);
#1699=FILL_AREA_STYLE($,(#1698));
#1700=SURFACE_STYLE_FILL_AREA(#1699);
#1701=SURFACE_SIDE_STYLE('',(#1700));
#1702=SURFACE_STYLE_USAGE(.BOTH.,#1701);
#1703=PRESENTATION_STYLE_ASSIGNMENT((#1702));
#1704=STYLED_ITEM('',(#1703),#1696);
#1705=ADVANCED_FACE('',(#3050),#3052,.F.);
#1706=COLOUR_RGB($,1.,0.843137254901961,0.);
#1707=FILL_AREA_STYLE_COLOUR($,#1706);
#1708=FILL_AREA_STYLE($,(#1707));
#1709=SURFACE_STYLE_FILL_AREA(#1708);
#1710=SURFACE_SIDE_STYLE('',(#1709));
#1711=SURFACE_STYLE_USAGE(.BOTH.,#1710);
#1712=PRESENTATION_STYLE_ASSIGNMENT((#1711));
#1713=STYLED_ITEM('',(#1712),#1705);
#1714=ADVANCED_FACE('',(#3057),#3059,.F.);
#1715=COLOUR_RGB($,1.,0.843137254901961,0.);
#1716=FILL_AREA_STYLE_COLOUR($,#1715);
#1717=FILL_AREA_STYLE($,(#1716));
#1718=SURFACE_STYLE_FILL_AREA(#1717);
#1719=SURFACE_SIDE_STYLE('',(#1718));
#1720=SURFACE_STYLE_USAGE(.BOTH.,#1719);
#1721=PRESENTATION_STYLE_ASSIGNMENT((#1720));
#1722=STYLED_ITEM('',(#1721),#1714);
#1723=ADVANCED_FACE('',(#3064),#3066,.F.);
#1724=COLOUR_RGB($,1.,0.843137254901961,0.);
#1725=FILL_AREA_STYLE_COLOUR($,#1724);
#1726=FILL_AREA_STYLE($,(#1725));
#1727=SURFACE_STYLE_FILL_AREA(#1726);
#1728=SURFACE_SIDE_STYLE('',(#1727));
#1729=SURFACE_STYLE_USAGE(.BOTH.,#1728);
#1730=PRESENTATION_STYLE_ASSIGNMENT((#1729));
#1731=STYLED_ITEM('',(#1730),#1723);
#1732=ADVANCED_FACE('',(#3071),#3073,.F.);
#1733=COLOUR_RGB($,1.,0.843137254901961,0.);
#1734=FILL_AREA_STYLE_COLOUR($,#1733);
#1735=FILL_AREA_STYLE($,(#1734));
#1736=SURFACE_STYLE_FILL_AREA(#1735);
#1737=SURFACE_SIDE_STYLE('',(#1736));
#1738=SURFACE_STYLE_USAGE(.BOTH.,#1737);
#1739=PRESENTATION_STYLE_ASSIGNMENT((#1738));
#1740=STYLED_ITEM('',(#1739),#1732);
#1741=FACE_BOUND('',#1742,.T.);
#1742=EDGE_LOOP('',(#3078,#3079,#3080,#3081,#3082,#3083,#3084,#3085,#3086,#3087,
#3088,#3089,#3090,#3091,#3092,#3093,#3094,#3095,#3096,#3097,#3098,#3099));
#1743=PLANE('',#1744);
#1744=AXIS2_PLACEMENT_3D('',#1745,#1746,#1747);
#1745=CARTESIAN_POINT('',(-1.25,-1.5,2.));
#1746=DIRECTION('',(0.,-1.,0.));
#1747=DIRECTION('',(1.,0.,0.));
#1748=FACE_BOUND('',#1749,.T.);
#1749=EDGE_LOOP('',(#3100,#3101,#3102,#3103));
#1750=PLANE('',#1751);
#1751=AXIS2_PLACEMENT_3D('',#1752,#1753,#1754);
#1752=CARTESIAN_POINT('',(0.,0.,7.));
#1753=DIRECTION('',(0.,0.,1.));
#1754=DIRECTION('',(1.,0.,0.));
#1755=FACE_BOUND('',#1756,.T.);
#1756=EDGE_LOOP('',(#3104,#3105,#3106,#3107));
#1757=PLANE('',#1758);
#1758=AXIS2_PLACEMENT_3D('',#1759,#1760,#1761);
#1759=CARTESIAN_POINT('',(0.,0.,7.));
#1760=DIRECTION('',(0.,0.,1.));
#1761=DIRECTION('',(1.,0.,0.));
#1762=FACE_BOUND('',#1763,.T.);
#1763=EDGE_LOOP('',(#3108,#3109,#3110,#3111,#3112,#3113,#3114,#3115,#3116,#3117,
#3118,#3119,#3120,#3121,#3122,#3123,#3124,#3125,#3126,#3127,#3128,#3129,#3130,#3131,
#3132,#3133,#3134,#3135,#3136,#3137,#3138,#3139,#3140,#3141,#3142,#3143,#3144,#3145,
#3146,#3147,#3148,#3149,#3150,#3151,#3152,#3153));
#1764=PLANE('',#1765);
#1765=AXIS2_PLACEMENT_3D('',#1766,#1767,#1768);
#1766=CARTESIAN_POINT('',(-1.25,-2.2,0.));
#1767=DIRECTION('',(0.,-1.,0.));
#1768=DIRECTION('',(1.,0.,0.));
#1769=FACE_BOUND('',#1770,.T.);
#1770=EDGE_LOOP('',(#3154,#3155,#3156,#3157));
#1771=PLANE('',#1772);
#1772=AXIS2_PLACEMENT_3D('',#1773,#1774,#1775);
#1773=CARTESIAN_POINT('',(15.85,-1.5,6.6));
#1774=DIRECTION('',(0.707106781186547,0.,-0.707106781186547));
#1775=DIRECTION('',(0.707106781186547,0.,0.707106781186547));
#1776=FACE_BOUND('',#1777,.T.);
#1777=EDGE_LOOP('',(#3158,#3159,#3160,#3161));
#1778=PLANE('',#1779);
#1779=AXIS2_PLACEMENT_3D('',#1780,#1781,#1782);
#1780=CARTESIAN_POINT('',(16.25,-1.5,6.2));
#1781=DIRECTION('',(0.707106781186547,0.,0.707106781186547));
#1782=DIRECTION('',(-0.707106781186547,0.,0.707106781186547));
#1783=FACE_BOUND('',#1784,.T.);
#1784=EDGE_LOOP('',(#3162,#3163,#3164,#3165));
#1785=PLANE('',#1786);
#1786=AXIS2_PLACEMENT_3D('',#1787,#1788,#1789);
#1787=CARTESIAN_POINT('',(16.25,-1.5,3.6));
#1788=DIRECTION('',(1.,0.,-0.));
#1789=DIRECTION('',(0.,0.,1.));
#1790=FACE_BOUND('',#1791,.T.);
#1791=EDGE_LOOP('',(#3166,#3167,#3168,#3169));
#1792=CYLINDRICAL_SURFACE('',#1793,0.6);
#1793=AXIS2_PLACEMENT_3D('',#1794,#1795,#1796);
#1794=CARTESIAN_POINT('',(15.65,-1.5,3.6));
#1795=DIRECTION('',(0.,-1.,0.));
#1796=DIRECTION('',(1.85037170770859E-016,0.,-1.));
#1797=FACE_BOUND('',#1798,.T.);
#1798=EDGE_LOOP('',(#3170,#3171,#3172,#3173));
#1799=PLANE('',#1800);
#1800=AXIS2_PLACEMENT_3D('',#1801,#1802,#1803);
#1801=CARTESIAN_POINT('',(13.75,-1.5,3.));
#1802=DIRECTION('',(0.,0.,-1.));
#1803=DIRECTION('',(1.,0.,0.));
#1804=FACE_BOUND('',#1805,.T.);
#1805=EDGE_LOOP('',(#3174,#3175,#3176,#3177));
#1806=PLANE('',#1807);
#1807=AXIS2_PLACEMENT_3D('',#1808,#1809,#1810);
#1808=CARTESIAN_POINT('',(13.75,-1.5,7.));
#1809=DIRECTION('',(-1.,-0.,-0.));
#1810=DIRECTION('',(0.,0.,-1.));
#1811=FACE_BOUND('',#1812,.T.);
#1812=EDGE_LOOP('',(#3178,#3179,#3180,#3181,#3182,#3183,#3184,#3185));
#1813=PLANE('',#1814);
#1814=AXIS2_PLACEMENT_3D('',#1815,#1816,#1817);
#1815=CARTESIAN_POINT('',(17.5,0.,0.));
#1816=DIRECTION('',(-1.,-0.,-0.));
#1817=DIRECTION('',(0.,0.,1.));
#1818=FACE_BOUND('',#1819,.T.);
#1819=EDGE_LOOP('',(#3186,#3187,#3188,#3189));
#1820=PLANE('',#1821);
#1821=AXIS2_PLACEMENT_3D('',#1822,#1823,#1824);
#1822=CARTESIAN_POINT('',(17.5,-0.4,3.));
#1823=DIRECTION('',(-0.,-0.,-1.));
#1824=DIRECTION('',(0.,-1.,0.));
#1825=FACE_BOUND('',#1826,.T.);
#1826=EDGE_LOOP('',(#3190,#3191,#3192,#3193,#3194,#3195));
#1827=PLANE('',#1828);
#1828=AXIS2_PLACEMENT_3D('',#1829,#1830,#1831);
#1829=CARTESIAN_POINT('',(16.8,0.,0.));
#1830=DIRECTION('',(-1.,-0.,-0.));
#1831=DIRECTION('',(0.,0.,1.));
#1832=FACE_BOUND('',#1833,.T.);
#1833=EDGE_LOOP('',(#3196,#3197,#3198,#3199));
#1834=FACE_BOUND('',#1835,.T.);
#1835=EDGE_LOOP('',(#3200,#3201,#3202,#3203));
#1836=FACE_BOUND('',#1837,.T.);
#1837=EDGE_LOOP('',(#3204,#3205,#3206,#3207));
#1838=FACE_BOUND('',#1839,.T.);
#1839=EDGE_LOOP('',(#3208,#3209,#3210,#3211));
#1840=FACE_BOUND('',#1841,.T.);
#1841=EDGE_LOOP('',(#3212,#3213,#3214,#3215));
#1842=FACE_BOUND('',#1843,.T.);
#1843=EDGE_LOOP('',(#3216,#3217,#3218,#3219));
#1844=FACE_BOUND('',#1845,.T.);
#1845=EDGE_LOOP('',(#3220,#3221,#3222,#3223));
#1846=FACE_BOUND('',#1847,.T.);
#1847=EDGE_LOOP('',(#3224,#3225,#3226,#3227));
#1848=PLANE('',#1849);
#1849=AXIS2_PLACEMENT_3D('',#1850,#1851,#1852);
#1850=CARTESIAN_POINT('',(0.,0.,2.));
#1851=DIRECTION('',(0.,0.,1.));
#1852=DIRECTION('',(1.,0.,0.));
#1853=FACE_BOUND('',#1854,.T.);
#1854=EDGE_LOOP('',(#3228,#3229,#3230,#3231,#3232,#3233));
#1855=PLANE('',#1856);
#1856=AXIS2_PLACEMENT_3D('',#1857,#1858,#1859);
#1857=CARTESIAN_POINT('',(-1.8,0.,0.));
#1858=DIRECTION('',(-1.,0.,0.));
#1859=DIRECTION('',(0.,0.,1.));
#1860=FACE_BOUND('',#1861,.T.);
#1861=EDGE_LOOP('',(#3234,#3235,#3236,#3237));
#1862=PLANE('',#1863);
#1863=AXIS2_PLACEMENT_3D('',#1864,#1865,#1866);
#1864=CARTESIAN_POINT('',(17.5,-0.4,3.));
#1865=DIRECTION('',(-0.,-0.,-1.));
#1866=DIRECTION('',(0.,-1.,0.));
#1867=FACE_BOUND('',#1868,.T.);
#1868=EDGE_LOOP('',(#3238,#3239,#3240,#3241,#3242,#3243,#3244,#3245));
#1869=PLANE('',#1870);
#1870=AXIS2_PLACEMENT_3D('',#1871,#1872,#1873);
#1871=CARTESIAN_POINT('',(-2.5,0.,0.));
#1872=DIRECTION('',(-1.,0.,0.));
#1873=DIRECTION('',(0.,0.,1.));
#1874=FACE_BOUND('',#1875,.T.);
#1875=EDGE_LOOP('',(#3246,#3247,#3248,#3249));
#1876=PLANE('',#1877);
#1877=AXIS2_PLACEMENT_3D('',#1878,#1879,#1880);
#1878=CARTESIAN_POINT('',(0.,0.,7.));
#1879=DIRECTION('',(0.,0.,1.));
#1880=DIRECTION('',(1.,0.,0.));
#1881=FACE_BOUND('',#1882,.T.);
#1882=EDGE_LOOP('',(#3250,#3251,#3252,#3253));
#1883=PLANE('',#1884);
#1884=AXIS2_PLACEMENT_3D('',#1885,#1886,#1887);
#1885=CARTESIAN_POINT('',(-1.25,-1.5,7.));
#1886=DIRECTION('',(-0.707106781186548,-0.,-0.707106781186547));
#1887=DIRECTION('',(0.707106781186547,0.,-0.707106781186548));
#1888=FACE_BOUND('',#1889,.T.);
#1889=EDGE_LOOP('',(#3254,#3255,#3256,#3257));
#1890=PLANE('',#1891);
#1891=AXIS2_PLACEMENT_3D('',#1892,#1893,#1894);
#1892=CARTESIAN_POINT('',(-0.85,-1.5,6.6));
#1893=DIRECTION('',(-0.707106781186548,0.,0.707106781186547));
#1894=DIRECTION('',(-0.707106781186547,0.,-0.707106781186548));
#1895=FACE_BOUND('',#1896,.T.);
#1896=EDGE_LOOP('',(#3258,#3259,#3260,#3261));
#1897=PLANE('',#1898);
#1898=AXIS2_PLACEMENT_3D('',#1899,#1900,#1901);
#1899=CARTESIAN_POINT('',(-1.25,-1.5,6.2));
#1900=DIRECTION('',(-1.,-0.,-0.));
#1901=DIRECTION('',(0.,0.,-1.));
#1902=FACE_BOUND('',#1903,.T.);
#1903=EDGE_LOOP('',(#3262,#3263,#3264,#3265));
#1904=CYLINDRICAL_SURFACE('',#1905,0.6);
#1905=AXIS2_PLACEMENT_3D('',#1906,#1907,#1908);
#1906=CARTESIAN_POINT('',(-0.65,-1.5,3.6));
#1907=DIRECTION('',(0.,-1.,0.));
#1908=DIRECTION('',(-1.,0.,0.));
#1909=FACE_BOUND('',#1910,.T.);
#1910=EDGE_LOOP('',(#3266,#3267,#3268,#3269));
#1911=PLANE('',#1912);
#1912=AXIS2_PLACEMENT_3D('',#1913,#1914,#1915);
#1913=CARTESIAN_POINT('',(-0.65,-1.5,3.));
#1914=DIRECTION('',(0.,0.,-1.));
#1915=DIRECTION('',(1.,0.,0.));
#1916=FACE_BOUND('',#1917,.T.);
#1917=EDGE_LOOP('',(#3270,#3271,#3272,#3273));
#1918=PLANE('',#1919);
#1919=AXIS2_PLACEMENT_3D('',#1920,#1921,#1922);
#1920=CARTESIAN_POINT('',(1.25,-1.5,3.));
#1921=DIRECTION('',(1.,0.,-0.));
#1922=DIRECTION('',(0.,0.,1.));
#1923=FACE_BOUND('',#1924,.T.);
#1924=EDGE_LOOP('',(#3274,#3275,#3276,#3277));
#1925=PLANE('',#1926);
#1926=AXIS2_PLACEMENT_3D('',#1927,#1928,#1929);
#1927=CARTESIAN_POINT('',(0.,0.,0.));
#1928=DIRECTION('',(0.,0.,1.));
#1929=DIRECTION('',(1.,0.,0.));
#1930=FACE_BOUND('',#1931,.T.);
#1931=EDGE_LOOP('',(#3278,#3279,#3280,#3281));
#1932=PLANE('',#1933);
#1933=AXIS2_PLACEMENT_3D('',#1934,#1935,#1936);
#1934=CARTESIAN_POINT('',(-0.85,-2.2,0.4));
#1935=DIRECTION('',(-1.,0.,0.));
#1936=DIRECTION('',(0.,1.,0.));
#1937=FACE_BOUND('',#1938,.T.);
#1938=EDGE_LOOP('',(#3282,#3283,#3284,#3285));
#1939=FACE_BOUND('',#1940,.T.);
#1940=EDGE_LOOP('',(#3286,#3287,#3288,#3289));
#1941=PLANE('',#1942);
#1942=AXIS2_PLACEMENT_3D('',#1943,#1944,#1945);
#1943=CARTESIAN_POINT('',(0.,0.,0.4));
#1944=DIRECTION('',(-0.,0.,-1.));
#1945=DIRECTION('',(-1.,0.,0.));
#1946=FACE_BOUND('',#1947,.T.);
#1947=EDGE_LOOP('',(#3290,#3291,#3292,#3293));
#1948=PLANE('',#1949);
#1949=AXIS2_PLACEMENT_3D('',#1950,#1951,#1952);
#1950=CARTESIAN_POINT('',(0.85,3.55,0.4));
#1951=DIRECTION('',(1.,0.,0.));
#1952=DIRECTION('',(0.,-1.,0.));
#1953=FACE_BOUND('',#1954,.T.);
#1954=EDGE_LOOP('',(#3294,#3295,#3296,#3297));
#1955=PLANE('',#1956);
#1956=AXIS2_PLACEMENT_3D('',#1957,#1958,#1959);
#1957=CARTESIAN_POINT('',(0.,0.,0.));
#1958=DIRECTION('',(0.,0.,1.));
#1959=DIRECTION('',(1.,0.,0.));
#1960=FACE_BOUND('',#1961,.T.);
#1961=EDGE_LOOP('',(#3298,#3299,#3300,#3301));
#1962=PLANE('',#1963);
#1963=AXIS2_PLACEMENT_3D('',#1964,#1965,#1966);
#1964=CARTESIAN_POINT('',(1.65,-2.2,0.4));
#1965=DIRECTION('',(-1.,0.,0.));
#1966=DIRECTION('',(0.,1.,0.));
#1967=FACE_BOUND('',#1968,.T.);
#1968=EDGE_LOOP('',(#3302,#3303,#3304,#3305));
#1969=FACE_BOUND('',#1970,.T.);
#1970=EDGE_LOOP('',(#3306,#3307,#3308,#3309));
#1971=PLANE('',#1972);
#1972=AXIS2_PLACEMENT_3D('',#1973,#1974,#1975);
#1973=CARTESIAN_POINT('',(2.5,0.,0.4));
#1974=DIRECTION('',(-0.,0.,-1.));
#1975=DIRECTION('',(-1.,0.,0.));
#1976=FACE_BOUND('',#1977,.T.);
#1977=EDGE_LOOP('',(#3310,#3311,#3312,#3313));
#1978=PLANE('',#1979);
#1979=AXIS2_PLACEMENT_3D('',#1980,#1981,#1982);
#1980=CARTESIAN_POINT('',(3.35,3.55,0.4));
#1981=DIRECTION('',(1.,0.,0.));
#1982=DIRECTION('',(0.,-1.,0.));
#1983=FACE_BOUND('',#1984,.T.);
#1984=EDGE_LOOP('',(#3314,#3315,#3316,#3317));
#1985=PLANE('',#1986);
#1986=AXIS2_PLACEMENT_3D('',#1987,#1988,#1989);
#1987=CARTESIAN_POINT('',(0.,0.,0.));
#1988=DIRECTION('',(0.,0.,1.));
#1989=DIRECTION('',(1.,0.,0.));
#1990=FACE_BOUND('',#1991,.T.);
#1991=EDGE_LOOP('',(#3318,#3319,#3320,#3321));
#1992=PLANE('',#1993);
#1993=AXIS2_PLACEMENT_3D('',#1994,#1995,#1996);
#1994=CARTESIAN_POINT('',(4.15,-2.2,0.4));
#1995=DIRECTION('',(-1.,0.,0.));
#1996=DIRECTION('',(0.,1.,0.));
#1997=FACE_BOUND('',#1998,.T.);
#1998=EDGE_LOOP('',(#3322,#3323,#3324,#3325));
#1999=FACE_BOUND('',#2000,.T.);
#2000=EDGE_LOOP('',(#3326,#3327,#3328,#3329));
#2001=PLANE('',#2002);
#2002=AXIS2_PLACEMENT_3D('',#2003,#2004,#2005);
#2003=CARTESIAN_POINT('',(5.,0.,0.4));
#2004=DIRECTION('',(-0.,0.,-1.));
#2005=DIRECTION('',(-1.,0.,0.));
#2006=FACE_BOUND('',#2007,.T.);
#2007=EDGE_LOOP('',(#3330,#3331,#3332,#3333));
#2008=PLANE('',#2009);
#2009=AXIS2_PLACEMENT_3D('',#2010,#2011,#2012);
#2010=CARTESIAN_POINT('',(5.85,3.55,0.4));
#2011=DIRECTION('',(1.,0.,0.));
#2012=DIRECTION('',(0.,-1.,0.));
#2013=FACE_BOUND('',#2014,.T.);
#2014=EDGE_LOOP('',(#3334,#3335,#3336,#3337));
#2015=PLANE('',#2016);
#2016=AXIS2_PLACEMENT_3D('',#2017,#2018,#2019);
#2017=CARTESIAN_POINT('',(0.,0.,0.));
#2018=DIRECTION('',(0.,0.,1.));
#2019=DIRECTION('',(1.,0.,0.));
#2020=FACE_BOUND('',#2021,.T.);
#2021=EDGE_LOOP('',(#3338,#3339,#3340,#3341));
#2022=PLANE('',#2023);
#2023=AXIS2_PLACEMENT_3D('',#2024,#2025,#2026);
#2024=CARTESIAN_POINT('',(6.65,-2.2,0.4));
#2025=DIRECTION('',(-1.,0.,0.));
#2026=DIRECTION('',(0.,1.,0.));
#2027=FACE_BOUND('',#2028,.T.);
#2028=EDGE_LOOP('',(#3342,#3343,#3344,#3345));
#2029=FACE_BOUND('',#2030,.T.);
#2030=EDGE_LOOP('',(#3346,#3347,#3348,#3349));
#2031=PLANE('',#2032);
#2032=AXIS2_PLACEMENT_3D('',#2033,#2034,#2035);
#2033=CARTESIAN_POINT('',(7.5,0.,0.4));
#2034=DIRECTION('',(-0.,0.,-1.));
#2035=DIRECTION('',(-1.,0.,0.));
#2036=FACE_BOUND('',#2037,.T.);
#2037=EDGE_LOOP('',(#3350,#3351,#3352,#3353));
#2038=PLANE('',#2039);
#2039=AXIS2_PLACEMENT_3D('',#2040,#2041,#2042);
#2040=CARTESIAN_POINT('',(8.35,3.55,0.4));
#2041=DIRECTION('',(1.,0.,0.));
#2042=DIRECTION('',(0.,-1.,0.));
#2043=FACE_BOUND('',#2044,.T.);
#2044=EDGE_LOOP('',(#3354,#3355,#3356,#3357));
#2045=PLANE('',#2046);
#2046=AXIS2_PLACEMENT_3D('',#2047,#2048,#2049);
#2047=CARTESIAN_POINT('',(0.,0.,0.));
#2048=DIRECTION('',(0.,0.,1.));
#2049=DIRECTION('',(1.,0.,0.));
#2050=FACE_BOUND('',#2051,.T.);
#2051=EDGE_LOOP('',(#3358,#3359,#3360,#3361));
#2052=PLANE('',#2053);
#2053=AXIS2_PLACEMENT_3D('',#2054,#2055,#2056);
#2054=CARTESIAN_POINT('',(9.15,-2.2,0.4));
#2055=DIRECTION('',(-1.,0.,0.));
#2056=DIRECTION('',(0.,1.,0.));
#2057=FACE_BOUND('',#2058,.T.);
#2058=EDGE_LOOP('',(#3362,#3363,#3364,#3365));
#2059=FACE_BOUND('',#2060,.T.);
#2060=EDGE_LOOP('',(#3366,#3367,#3368,#3369));
#2061=PLANE('',#2062);
#2062=AXIS2_PLACEMENT_3D('',#2063,#2064,#2065);
#2063=CARTESIAN_POINT('',(10.,0.,0.4));
#2064=DIRECTION('',(-0.,0.,-1.));
#2065=DIRECTION('',(-1.,0.,0.));
#2066=FACE_BOUND('',#2067,.T.);
#2067=EDGE_LOOP('',(#3370,#3371,#3372,#3373));
#2068=PLANE('',#2069);
#2069=AXIS2_PLACEMENT_3D('',#2070,#2071,#2072);
#2070=CARTESIAN_POINT('',(10.85,3.55,0.4));
#2071=DIRECTION('',(1.,0.,0.));
#2072=DIRECTION('',(0.,-1.,0.));
#2073=FACE_BOUND('',#2074,.T.);
#2074=EDGE_LOOP('',(#3374,#3375,#3376,#3377));
#2075=PLANE('',#2076);
#2076=AXIS2_PLACEMENT_3D('',#2077,#2078,#2079);
#2077=CARTESIAN_POINT('',(0.,0.,0.));
#2078=DIRECTION('',(0.,0.,1.));
#2079=DIRECTION('',(1.,0.,0.));
#2080=FACE_BOUND('',#2081,.T.);
#2081=EDGE_LOOP('',(#3378,#3379,#3380,#3381));
#2082=PLANE('',#2083);
#2083=AXIS2_PLACEMENT_3D('',#2084,#2085,#2086);
#2084=CARTESIAN_POINT('',(11.65,-2.2,0.4));
#2085=DIRECTION('',(-1.,0.,0.));
#2086=DIRECTION('',(0.,1.,0.));
#2087=FACE_BOUND('',#2088,.T.);
#2088=EDGE_LOOP('',(#3382,#3383,#3384,#3385));
#2089=FACE_BOUND('',#2090,.T.);
#2090=EDGE_LOOP('',(#3386,#3387,#3388,#3389));
#2091=PLANE('',#2092);
#2092=AXIS2_PLACEMENT_3D('',#2093,#2094,#2095);
#2093=CARTESIAN_POINT('',(12.5,0.,0.4));
#2094=DIRECTION('',(-0.,0.,-1.));
#2095=DIRECTION('',(-1.,0.,0.));
#2096=FACE_BOUND('',#2097,.T.);
#2097=EDGE_LOOP('',(#3390,#3391,#3392,#3393));
#2098=PLANE('',#2099);
#2099=AXIS2_PLACEMENT_3D('',#2100,#2101,#2102);
#2100=CARTESIAN_POINT('',(13.35,3.55,0.4));
#2101=DIRECTION('',(1.,0.,0.));
#2102=DIRECTION('',(0.,-1.,0.));
#2103=FACE_BOUND('',#2104,.T.);
#2104=EDGE_LOOP('',(#3394,#3395,#3396,#3397));
#2105=PLANE('',#2106);
#2106=AXIS2_PLACEMENT_3D('',#2107,#2108,#2109);
#2107=CARTESIAN_POINT('',(0.,0.,0.));
#2108=DIRECTION('',(0.,0.,1.));
#2109=DIRECTION('',(1.,0.,0.));
#2110=FACE_BOUND('',#2111,.T.);
#2111=EDGE_LOOP('',(#3398,#3399,#3400,#3401));
#2112=PLANE('',#2113);
#2113=AXIS2_PLACEMENT_3D('',#2114,#2115,#2116);
#2114=CARTESIAN_POINT('',(14.15,-2.2,0.4));
#2115=DIRECTION('',(-1.,0.,0.));
#2116=DIRECTION('',(0.,1.,0.));
#2117=FACE_BOUND('',#2118,.T.);
#2118=EDGE_LOOP('',(#3402,#3403,#3404,#3405));
#2119=FACE_BOUND('',#2120,.T.);
#2120=EDGE_LOOP('',(#3406,#3407,#3408,#3409));
#2121=PLANE('',#2122);
#2122=AXIS2_PLACEMENT_3D('',#2123,#2124,#2125);
#2123=CARTESIAN_POINT('',(15.,0.,0.4));
#2124=DIRECTION('',(-0.,0.,-1.));
#2125=DIRECTION('',(-1.,0.,0.));
#2126=FACE_BOUND('',#2127,.T.);
#2127=EDGE_LOOP('',(#3410,#3411,#3412,#3413));
#2128=PLANE('',#2129);
#2129=AXIS2_PLACEMENT_3D('',#2130,#2131,#2132);
#2130=CARTESIAN_POINT('',(15.85,3.55,0.4));
#2131=DIRECTION('',(1.,0.,0.));
#2132=DIRECTION('',(0.,-1.,0.));
#2133=FACE_BOUND('',#2134,.T.);
#2134=EDGE_LOOP('',(#3414,#3415,#3416,#3417));
#2135=PLANE('',#2136);
#2136=AXIS2_PLACEMENT_3D('',#2137,#2138,#2139);
#2137=CARTESIAN_POINT('',(0.,0.,0.));
#2138=DIRECTION('',(0.,0.,1.));
#2139=DIRECTION('',(1.,0.,0.));
#2140=FACE_BOUND('',#2141,.T.);
#2141=EDGE_LOOP('',(#3418,#3419,#3420,#3421,#3422));
#2142=PLANE('',#2143);
#2143=AXIS2_PLACEMENT_3D('',#2144,#2145,#2146);
#2144=CARTESIAN_POINT('',(17.5,-0.4,7.));
#2145=DIRECTION('',(0.,1.,0.));
#2146=DIRECTION('',(0.,0.,-1.));
#2147=FACE_BOUND('',#2148,.T.);
#2148=EDGE_LOOP('',(#3423,#3424,#3425,#3426,#3427,#3428,#3429,#3430,#3431,#3432,
#3433,#3434,#3435,#3436,#3437,#3438,#3439,#3440,#3441,#3442,#3443,#3444,#3445,#3446,
#3447,#3448,#3449,#3450,#3451,#3452,#3453,#3454));
#2149=PLANE('',#2150);
#2150=AXIS2_PLACEMENT_3D('',#2151,#2152,#2153);
#2151=CARTESIAN_POINT('',(1.25,3.55,0.));
#2152=DIRECTION('',(0.,1.,-0.));
#2153=DIRECTION('',(-1.,0.,0.));
#2154=FACE_BOUND('',#2155,.T.);
#2155=EDGE_LOOP('',(#3455,#3456,#3457,#3458,#3459,#3460,#3461,#3462));
#2156=PLANE('',#2157);
#2157=AXIS2_PLACEMENT_3D('',#2158,#2159,#2160);
#2158=CARTESIAN_POINT('',(0.,0.,7.));
#2159=DIRECTION('',(0.,0.,1.));
#2160=DIRECTION('',(1.,0.,0.));
#2161=FACE_BOUND('',#2162,.T.);
#2162=EDGE_LOOP('',(#3463,#3464,#3465,#3466));
#2163=PLANE('',#2164);
#2164=AXIS2_PLACEMENT_3D('',#2165,#2166,#2167);
#2165=CARTESIAN_POINT('',(17.1,4.05,7.));
#2166=DIRECTION('',(0.707106781186545,0.,-0.70710678118655));
#2167=DIRECTION('',(0.,-1.,0.));
#2168=FACE_BOUND('',#2169,.T.);
#2169=EDGE_LOOP('',(#3467,#3468,#3469,#3470));
#2170=PLANE('',#2171);
#2171=AXIS2_PLACEMENT_3D('',#2172,#2173,#2174);
#2172=CARTESIAN_POINT('',(1.25,2.85,2.));
#2173=DIRECTION('',(0.,1.,-0.));
#2174=DIRECTION('',(-1.,0.,0.));
#2175=FACE_BOUND('',#2176,.T.);
#2176=EDGE_LOOP('',(#3471,#3472,#3473,#3474));
#2177=PLANE('',#2178);
#2178=AXIS2_PLACEMENT_3D('',#2179,#2180,#2181);
#2179=CARTESIAN_POINT('',(2.82,0.32,-3.5));
#2180=DIRECTION('',(0.,1.,-0.));
#2181=DIRECTION('',(-1.,0.,0.));
#2182=FACE_BOUND('',#2183,.T.);
#2183=EDGE_LOOP('',(#3475,#3476,#3477,#3478));
#2184=PLANE('',#2185);
#2185=AXIS2_PLACEMENT_3D('',#2186,#2187,#2188);
#2186=CARTESIAN_POINT('',(2.82,-0.32,-3.5));
#2187=DIRECTION('',(1.,0.,0.));
#2188=DIRECTION('',(0.,1.,0.));
#2189=FACE_BOUND('',#2190,.T.);
#2190=EDGE_LOOP('',(#3479,#3480,#3481,#3482));
#2191=PLANE('',#2192);
#2192=AXIS2_PLACEMENT_3D('',#2193,#2194,#2195);
#2193=CARTESIAN_POINT('',(2.18,-0.32,-3.5));
#2194=DIRECTION('',(0.,-1.,0.));
#2195=DIRECTION('',(1.,0.,0.));
#2196=FACE_BOUND('',#2197,.T.);
#2197=EDGE_LOOP('',(#3483,#3484,#3485,#3486));
#2198=PLANE('',#2199);
#2199=AXIS2_PLACEMENT_3D('',#2200,#2201,#2202);
#2200=CARTESIAN_POINT('',(2.18,0.32,-3.5));
#2201=DIRECTION('',(-1.,0.,0.));
#2202=DIRECTION('',(0.,-1.,0.));
#2203=FACE_BOUND('',#2204,.T.);
#2204=EDGE_LOOP('',(#3487,#3488,#3489,#3490));
#2205=PLANE('',#2206);
#2206=AXIS2_PLACEMENT_3D('',#2207,#2208,#2209);
#2207=CARTESIAN_POINT('',(5.32,0.32,-3.5));
#2208=DIRECTION('',(0.,1.,-0.));
#2209=DIRECTION('',(-1.,0.,0.));
#2210=FACE_BOUND('',#2211,.T.);
#2211=EDGE_LOOP('',(#3491,#3492,#3493,#3494));
#2212=PLANE('',#2213);
#2213=AXIS2_PLACEMENT_3D('',#2214,#2215,#2216);
#2214=CARTESIAN_POINT('',(5.32,-0.32,-3.5));
#2215=DIRECTION('',(1.,0.,0.));
#2216=DIRECTION('',(0.,1.,0.));
#2217=FACE_BOUND('',#2218,.T.);
#2218=EDGE_LOOP('',(#3495,#3496,#3497,#3498));
#2219=PLANE('',#2220);
#2220=AXIS2_PLACEMENT_3D('',#2221,#2222,#2223);
#2221=CARTESIAN_POINT('',(4.68,-0.32,-3.5));
#2222=DIRECTION('',(0.,-1.,0.));
#2223=DIRECTION('',(1.,0.,0.));
#2224=FACE_BOUND('',#2225,.T.);
#2225=EDGE_LOOP('',(#3499,#3500,#3501,#3502));
#2226=PLANE('',#2227);
#2227=AXIS2_PLACEMENT_3D('',#2228,#2229,#2230);
#2228=CARTESIAN_POINT('',(4.68,0.32,-3.5));
#2229=DIRECTION('',(-1.,0.,0.));
#2230=DIRECTION('',(0.,-1.,0.));
#2231=FACE_BOUND('',#2232,.T.);
#2232=EDGE_LOOP('',(#3503,#3504,#3505,#3506));
#2233=PLANE('',#2234);
#2234=AXIS2_PLACEMENT_3D('',#2235,#2236,#2237);
#2235=CARTESIAN_POINT('',(7.82,0.32,-3.5));
#2236=DIRECTION('',(0.,1.,-0.));
#2237=DIRECTION('',(-1.,0.,0.));
#2238=FACE_BOUND('',#2239,.T.);
#2239=EDGE_LOOP('',(#3507,#3508,#3509,#3510));
#2240=PLANE('',#2241);
#2241=AXIS2_PLACEMENT_3D('',#2242,#2243,#2244);
#2242=CARTESIAN_POINT('',(7.82,-0.32,-3.5));
#2243=DIRECTION('',(1.,0.,0.));
#2244=DIRECTION('',(0.,1.,0.));
#2245=FACE_BOUND('',#2246,.T.);
#2246=EDGE_LOOP('',(#3511,#3512,#3513,#3514));
#2247=PLANE('',#2248);
#2248=AXIS2_PLACEMENT_3D('',#2249,#2250,#2251);
#2249=CARTESIAN_POINT('',(7.18,-0.32,-3.5));
#2250=DIRECTION('',(0.,-1.,0.));
#2251=DIRECTION('',(1.,0.,0.));
#2252=FACE_BOUND('',#2253,.T.);
#2253=EDGE_LOOP('',(#3515,#3516,#3517,#3518));
#2254=PLANE('',#2255);
#2255=AXIS2_PLACEMENT_3D('',#2256,#2257,#2258);
#2256=CARTESIAN_POINT('',(7.18,0.32,-3.5));
#2257=DIRECTION('',(-1.,0.,0.));
#2258=DIRECTION('',(0.,-1.,0.));
#2259=FACE_BOUND('',#2260,.T.);
#2260=EDGE_LOOP('',(#3519,#3520,#3521,#3522));
#2261=PLANE('',#2262);
#2262=AXIS2_PLACEMENT_3D('',#2263,#2264,#2265);
#2263=CARTESIAN_POINT('',(10.32,0.32,-3.5));
#2264=DIRECTION('',(0.,1.,-0.));
#2265=DIRECTION('',(-1.,0.,0.));
#2266=FACE_BOUND('',#2267,.T.);
#2267=EDGE_LOOP('',(#3523,#3524,#3525,#3526));
#2268=PLANE('',#2269);
#2269=AXIS2_PLACEMENT_3D('',#2270,#2271,#2272);
#2270=CARTESIAN_POINT('',(10.32,-0.32,-3.5));
#2271=DIRECTION('',(1.,0.,0.));
#2272=DIRECTION('',(0.,1.,0.));
#2273=FACE_BOUND('',#2274,.T.);
#2274=EDGE_LOOP('',(#3527,#3528,#3529,#3530));
#2275=PLANE('',#2276);
#2276=AXIS2_PLACEMENT_3D('',#2277,#2278,#2279);
#2277=CARTESIAN_POINT('',(9.68,-0.32,-3.5));
#2278=DIRECTION('',(0.,-1.,0.));
#2279=DIRECTION('',(1.,0.,0.));
#2280=FACE_BOUND('',#2281,.T.);
#2281=EDGE_LOOP('',(#3531,#3532,#3533,#3534));
#2282=PLANE('',#2283);
#2283=AXIS2_PLACEMENT_3D('',#2284,#2285,#2286);
#2284=CARTESIAN_POINT('',(9.68,0.32,-3.5));
#2285=DIRECTION('',(-1.,0.,0.));
#2286=DIRECTION('',(0.,-1.,0.));
#2287=FACE_BOUND('',#2288,.T.);
#2288=EDGE_LOOP('',(#3535,#3536,#3537,#3538));
#2289=PLANE('',#2290);
#2290=AXIS2_PLACEMENT_3D('',#2291,#2292,#2293);
#2291=CARTESIAN_POINT('',(12.82,0.32,-3.5));
#2292=DIRECTION('',(0.,1.,-0.));
#2293=DIRECTION('',(-1.,0.,0.));
#2294=FACE_BOUND('',#2295,.T.);
#2295=EDGE_LOOP('',(#3539,#3540,#3541,#3542));
#2296=PLANE('',#2297);
#2297=AXIS2_PLACEMENT_3D('',#2298,#2299,#2300);
#2298=CARTESIAN_POINT('',(12.82,-0.32,-3.5));
#2299=DIRECTION('',(1.,0.,0.));
#2300=DIRECTION('',(0.,1.,0.));
#2301=FACE_BOUND('',#2302,.T.);
#2302=EDGE_LOOP('',(#3543,#3544,#3545,#3546));
#2303=PLANE('',#2304);
#2304=AXIS2_PLACEMENT_3D('',#2305,#2306,#2307);
#2305=CARTESIAN_POINT('',(12.18,-0.32,-3.5));
#2306=DIRECTION('',(0.,-1.,0.));
#2307=DIRECTION('',(1.,0.,0.));
#2308=FACE_BOUND('',#2309,.T.);
#2309=EDGE_LOOP('',(#3547,#3548,#3549,#3550));
#2310=PLANE('',#2311);
#2311=AXIS2_PLACEMENT_3D('',#2312,#2313,#2314);
#2312=CARTESIAN_POINT('',(12.18,0.32,-3.5));
#2313=DIRECTION('',(-1.,0.,0.));
#2314=DIRECTION('',(0.,-1.,0.));
#2315=FACE_BOUND('',#2316,.T.);
#2316=EDGE_LOOP('',(#3551,#3552,#3553,#3554));
#2317=PLANE('',#2318);
#2318=AXIS2_PLACEMENT_3D('',#2319,#2320,#2321);
#2319=CARTESIAN_POINT('',(15.32,0.32,-3.5));
#2320=DIRECTION('',(0.,1.,-0.));
#2321=DIRECTION('',(-1.,0.,0.));
#2322=FACE_BOUND('',#2323,.T.);
#2323=EDGE_LOOP('',(#3555,#3556,#3557,#3558));
#2324=PLANE('',#2325);
#2325=AXIS2_PLACEMENT_3D('',#2326,#2327,#2328);
#2326=CARTESIAN_POINT('',(15.32,-0.32,-3.5));
#2327=DIRECTION('',(1.,0.,0.));
#2328=DIRECTION('',(0.,1.,0.));
#2329=FACE_BOUND('',#2330,.T.);
#2330=EDGE_LOOP('',(#3559,#3560,#3561,#3562));
#2331=PLANE('',#2332);
#2332=AXIS2_PLACEMENT_3D('',#2333,#2334,#2335);
#2333=CARTESIAN_POINT('',(14.68,-0.32,-3.5));
#2334=DIRECTION('',(0.,-1.,0.));
#2335=DIRECTION('',(1.,0.,0.));
#2336=FACE_BOUND('',#2337,.T.);
#2337=EDGE_LOOP('',(#3563,#3564,#3565,#3566));
#2338=PLANE('',#2339);
#2339=AXIS2_PLACEMENT_3D('',#2340,#2341,#2342);
#2340=CARTESIAN_POINT('',(14.68,0.32,-3.5));
#2341=DIRECTION('',(-1.,0.,0.));
#2342=DIRECTION('',(0.,-1.,0.));
#2343=FACE_BOUND('',#2344,.T.);
#2344=EDGE_LOOP('',(#3567,#3568,#3569,#3570));
#2345=PLANE('',#2346);
#2346=AXIS2_PLACEMENT_3D('',#2347,#2348,#2349);
#2347=CARTESIAN_POINT('',(0.32,0.32,-3.5));
#2348=DIRECTION('',(0.,1.,-0.));
#2349=DIRECTION('',(-1.,0.,0.));
#2350=FACE_BOUND('',#2351,.T.);
#2351=EDGE_LOOP('',(#3571,#3572,#3573,#3574));
#2352=PLANE('',#2353);
#2353=AXIS2_PLACEMENT_3D('',#2354,#2355,#2356);
#2354=CARTESIAN_POINT('',(0.32,-0.32,-3.5));
#2355=DIRECTION('',(1.,0.,0.));
#2356=DIRECTION('',(0.,1.,0.));
#2357=FACE_BOUND('',#2358,.T.);
#2358=EDGE_LOOP('',(#3575,#3576,#3577,#3578));
#2359=PLANE('',#2360);
#2360=AXIS2_PLACEMENT_3D('',#2361,#2362,#2363);
#2361=CARTESIAN_POINT('',(-0.32,-0.32,-3.5));
#2362=DIRECTION('',(0.,-1.,0.));
#2363=DIRECTION('',(1.,0.,0.));
#2364=FACE_BOUND('',#2365,.T.);
#2365=EDGE_LOOP('',(#3579,#3580,#3581,#3582));
#2366=PLANE('',#2367);
#2367=AXIS2_PLACEMENT_3D('',#2368,#2369,#2370);
#2368=CARTESIAN_POINT('',(-0.32,0.32,-3.5));
#2369=DIRECTION('',(-1.,0.,0.));
#2370=DIRECTION('',(0.,-1.,0.));
#2371=FACE_BOUND('',#2372,.T.);
#2372=EDGE_LOOP('',(#3583,#3584,#3585,#3586));
#2373=PLANE('',#2374);
#2374=AXIS2_PLACEMENT_3D('',#2375,#2376,#2377);
#2375=CARTESIAN_POINT('',(-2.1,4.05,7.));
#2376=DIRECTION('',(0.707106781186546,5.55784941126999E-017,0.707106781186549));
#2377=DIRECTION('',(7.85998601504536E-017,-1.,0.));
#2378=FACE_BOUND('',#2379,.T.);
#2379=EDGE_LOOP('',(#3587,#3588,#3589,#3590,#3591));
#2380=PLANE('',#2381);
#2381=AXIS2_PLACEMENT_3D('',#2382,#2383,#2384);
#2382=CARTESIAN_POINT('',(17.5,-0.4,7.));
#2383=DIRECTION('',(0.,1.,0.));
#2384=DIRECTION('',(0.,0.,-1.));
#2385=FACE_BOUND('',#2386,.T.);
#2386=EDGE_LOOP('',(#3592,#3593,#3594,#3595));
#2387=PLANE('',#2388);
#2388=AXIS2_PLACEMENT_3D('',#2389,#2390,#2391);
#2389=CARTESIAN_POINT('',(0.32,0.32,-3.5));
#2390=DIRECTION('',(0.,1.,-0.));
#2391=DIRECTION('',(-1.,0.,0.));
#2392=FACE_BOUND('',#2393,.T.);
#2393=EDGE_LOOP('',(#3596,#3597,#3598,#3599));
#2394=PLANE('',#2395);
#2395=AXIS2_PLACEMENT_3D('',#2396,#2397,#2398);
#2396=CARTESIAN_POINT('',(-0.32,0.32,-3.5));
#2397=DIRECTION('',(-1.,0.,0.));
#2398=DIRECTION('',(0.,-1.,0.));
#2399=FACE_BOUND('',#2400,.T.);
#2400=EDGE_LOOP('',(#3600,#3601,#3602,#3603));
#2401=PLANE('',#2402);
#2402=AXIS2_PLACEMENT_3D('',#2403,#2404,#2405);
#2403=CARTESIAN_POINT('',(-0.32,-0.32,-3.5));
#2404=DIRECTION('',(0.,-1.,0.));
#2405=DIRECTION('',(1.,0.,0.));
#2406=FACE_BOUND('',#2407,.T.);
#2407=EDGE_LOOP('',(#3604,#3605,#3606,#3607));
#2408=PLANE('',#2409);
#2409=AXIS2_PLACEMENT_3D('',#2410,#2411,#2412);
#2410=CARTESIAN_POINT('',(0.32,-0.32,-3.5));
#2411=DIRECTION('',(1.,0.,0.));
#2412=DIRECTION('',(0.,1.,0.));
#2413=FACE_BOUND('',#2414,.T.);
#2414=EDGE_LOOP('',(#3608,#3609,#3610,#3611));
#2415=PLANE('',#2416);
#2416=AXIS2_PLACEMENT_3D('',#2417,#2418,#2419);
#2417=CARTESIAN_POINT('',(2.82,0.32,-3.5));
#2418=DIRECTION('',(0.,1.,-0.));
#2419=DIRECTION('',(-1.,0.,0.));
#2420=FACE_BOUND('',#2421,.T.);
#2421=EDGE_LOOP('',(#3612,#3613,#3614,#3615));
#2422=PLANE('',#2423);
#2423=AXIS2_PLACEMENT_3D('',#2424,#2425,#2426);
#2424=CARTESIAN_POINT('',(2.18,0.32,-3.5));
#2425=DIRECTION('',(-1.,0.,0.));
#2426=DIRECTION('',(0.,-1.,0.));
#2427=FACE_BOUND('',#2428,.T.);
#2428=EDGE_LOOP('',(#3616,#3617,#3618,#3619));
#2429=PLANE('',#2430);
#2430=AXIS2_PLACEMENT_3D('',#2431,#2432,#2433);
#2431=CARTESIAN_POINT('',(2.18,-0.32,-3.5));
#2432=DIRECTION('',(0.,-1.,0.));
#2433=DIRECTION('',(1.,0.,0.));
#2434=FACE_BOUND('',#2435,.T.);
#2435=EDGE_LOOP('',(#3620,#3621,#3622,#3623));
#2436=PLANE('',#2437);
#2437=AXIS2_PLACEMENT_3D('',#2438,#2439,#2440);
#2438=CARTESIAN_POINT('',(2.82,-0.32,-3.5));
#2439=DIRECTION('',(1.,0.,0.));
#2440=DIRECTION('',(0.,1.,0.));
#2441=FACE_BOUND('',#2442,.T.);
#2442=EDGE_LOOP('',(#3624,#3625,#3626,#3627));
#2443=PLANE('',#2444);
#2444=AXIS2_PLACEMENT_3D('',#2445,#2446,#2447);
#2445=CARTESIAN_POINT('',(5.32,0.32,-3.5));
#2446=DIRECTION('',(0.,1.,-0.));
#2447=DIRECTION('',(-1.,0.,0.));
#2448=FACE_BOUND('',#2449,.T.);
#2449=EDGE_LOOP('',(#3628,#3629,#3630,#3631));
#2450=PLANE('',#2451);
#2451=AXIS2_PLACEMENT_3D('',#2452,#2453,#2454);
#2452=CARTESIAN_POINT('',(4.68,0.32,-3.5));
#2453=DIRECTION('',(-1.,0.,0.));
#2454=DIRECTION('',(0.,-1.,0.));
#2455=FACE_BOUND('',#2456,.T.);
#2456=EDGE_LOOP('',(#3632,#3633,#3634,#3635));
#2457=PLANE('',#2458);
#2458=AXIS2_PLACEMENT_3D('',#2459,#2460,#2461);
#2459=CARTESIAN_POINT('',(4.68,-0.32,-3.5));
#2460=DIRECTION('',(0.,-1.,0.));
#2461=DIRECTION('',(1.,0.,0.));
#2462=FACE_BOUND('',#2463,.T.);
#2463=EDGE_LOOP('',(#3636,#3637,#3638,#3639));
#2464=PLANE('',#2465);
#2465=AXIS2_PLACEMENT_3D('',#2466,#2467,#2468);
#2466=CARTESIAN_POINT('',(5.32,-0.32,-3.5));
#2467=DIRECTION('',(1.,0.,0.));
#2468=DIRECTION('',(0.,1.,0.));
#2469=FACE_BOUND('',#2470,.T.);
#2470=EDGE_LOOP('',(#3640,#3641,#3642,#3643));
#2471=PLANE('',#2472);
#2472=AXIS2_PLACEMENT_3D('',#2473,#2474,#2475);
#2473=CARTESIAN_POINT('',(7.82,0.32,-3.5));
#2474=DIRECTION('',(0.,1.,-0.));
#2475=DIRECTION('',(-1.,0.,0.));
#2476=FACE_BOUND('',#2477,.T.);
#2477=EDGE_LOOP('',(#3644,#3645,#3646,#3647));
#2478=PLANE('',#2479);
#2479=AXIS2_PLACEMENT_3D('',#2480,#2481,#2482);
#2480=CARTESIAN_POINT('',(7.18,0.32,-3.5));
#2481=DIRECTION('',(-1.,0.,0.));
#2482=DIRECTION('',(0.,-1.,0.));
#2483=FACE_BOUND('',#2484,.T.);
#2484=EDGE_LOOP('',(#3648,#3649,#3650,#3651));
#2485=PLANE('',#2486);
#2486=AXIS2_PLACEMENT_3D('',#2487,#2488,#2489);
#2487=CARTESIAN_POINT('',(7.18,-0.32,-3.5));
#2488=DIRECTION('',(0.,-1.,0.));
#2489=DIRECTION('',(1.,0.,0.));
#2490=FACE_BOUND('',#2491,.T.);
#2491=EDGE_LOOP('',(#3652,#3653,#3654,#3655));
#2492=PLANE('',#2493);
#2493=AXIS2_PLACEMENT_3D('',#2494,#2495,#2496);
#2494=CARTESIAN_POINT('',(7.82,-0.32,-3.5));
#2495=DIRECTION('',(1.,0.,0.));
#2496=DIRECTION('',(0.,1.,0.));
#2497=FACE_BOUND('',#2498,.T.);
#2498=EDGE_LOOP('',(#3656,#3657,#3658,#3659));
#2499=PLANE('',#2500);
#2500=AXIS2_PLACEMENT_3D('',#2501,#2502,#2503);
#2501=CARTESIAN_POINT('',(10.32,0.32,-3.5));
#2502=DIRECTION('',(0.,1.,-0.));
#2503=DIRECTION('',(-1.,0.,0.));
#2504=FACE_BOUND('',#2505,.T.);
#2505=EDGE_LOOP('',(#3660,#3661,#3662,#3663));
#2506=PLANE('',#2507);
#2507=AXIS2_PLACEMENT_3D('',#2508,#2509,#2510);
#2508=CARTESIAN_POINT('',(9.68,0.32,-3.5));
#2509=DIRECTION('',(-1.,0.,0.));
#2510=DIRECTION('',(0.,-1.,0.));
#2511=FACE_BOUND('',#2512,.T.);
#2512=EDGE_LOOP('',(#3664,#3665,#3666,#3667));
#2513=PLANE('',#2514);
#2514=AXIS2_PLACEMENT_3D('',#2515,#2516,#2517);
#2515=CARTESIAN_POINT('',(9.68,-0.32,-3.5));
#2516=DIRECTION('',(0.,-1.,0.));
#2517=DIRECTION('',(1.,0.,0.));
#2518=FACE_BOUND('',#2519,.T.);
#2519=EDGE_LOOP('',(#3668,#3669,#3670,#3671));
#2520=PLANE('',#2521);
#2521=AXIS2_PLACEMENT_3D('',#2522,#2523,#2524);
#2522=CARTESIAN_POINT('',(10.32,-0.32,-3.5));
#2523=DIRECTION('',(1.,0.,0.));
#2524=DIRECTION('',(0.,1.,0.));
#2525=FACE_BOUND('',#2526,.T.);
#2526=EDGE_LOOP('',(#3672,#3673,#3674,#3675));
#2527=PLANE('',#2528);
#2528=AXIS2_PLACEMENT_3D('',#2529,#2530,#2531);
#2529=CARTESIAN_POINT('',(12.82,0.32,-3.5));
#2530=DIRECTION('',(0.,1.,-0.));
#2531=DIRECTION('',(-1.,0.,0.));
#2532=FACE_BOUND('',#2533,.T.);
#2533=EDGE_LOOP('',(#3676,#3677,#3678,#3679));
#2534=PLANE('',#2535);
#2535=AXIS2_PLACEMENT_3D('',#2536,#2537,#2538);
#2536=CARTESIAN_POINT('',(12.18,0.32,-3.5));
#2537=DIRECTION('',(-1.,0.,0.));
#2538=DIRECTION('',(0.,-1.,0.));
#2539=FACE_BOUND('',#2540,.T.);
#2540=EDGE_LOOP('',(#3680,#3681,#3682,#3683));
#2541=PLANE('',#2542);
#2542=AXIS2_PLACEMENT_3D('',#2543,#2544,#2545);
#2543=CARTESIAN_POINT('',(12.18,-0.32,-3.5));
#2544=DIRECTION('',(0.,-1.,0.));
#2545=DIRECTION('',(1.,0.,0.));
#2546=FACE_BOUND('',#2547,.T.);
#2547=EDGE_LOOP('',(#3684,#3685,#3686,#3687));
#2548=PLANE('',#2549);
#2549=AXIS2_PLACEMENT_3D('',#2550,#2551,#2552);
#2550=CARTESIAN_POINT('',(12.82,-0.32,-3.5));
#2551=DIRECTION('',(1.,0.,0.));
#2552=DIRECTION('',(0.,1.,0.));
#2553=FACE_BOUND('',#2554,.T.);
#2554=EDGE_LOOP('',(#3688,#3689,#3690,#3691));
#2555=PLANE('',#2556);
#2556=AXIS2_PLACEMENT_3D('',#2557,#2558,#2559);
#2557=CARTESIAN_POINT('',(15.32,0.32,-3.5));
#2558=DIRECTION('',(0.,1.,-0.));
#2559=DIRECTION('',(-1.,0.,0.));
#2560=FACE_BOUND('',#2561,.T.);
#2561=EDGE_LOOP('',(#3692,#3693,#3694,#3695));
#2562=PLANE('',#2563);
#2563=AXIS2_PLACEMENT_3D('',#2564,#2565,#2566);
#2564=CARTESIAN_POINT('',(14.68,0.32,-3.5));
#2565=DIRECTION('',(-1.,0.,0.));
#2566=DIRECTION('',(0.,-1.,0.));
#2567=FACE_BOUND('',#2568,.T.);
#2568=EDGE_LOOP('',(#3696,#3697,#3698,#3699));
#2569=PLANE('',#2570);
#2570=AXIS2_PLACEMENT_3D('',#2571,#2572,#2573);
#2571=CARTESIAN_POINT('',(14.68,-0.32,-3.5));
#2572=DIRECTION('',(0.,-1.,0.));
#2573=DIRECTION('',(1.,0.,0.));
#2574=FACE_BOUND('',#2575,.T.);
#2575=EDGE_LOOP('',(#3700,#3701,#3702,#3703));
#2576=PLANE('',#2577);
#2577=AXIS2_PLACEMENT_3D('',#2578,#2579,#2580);
#2578=CARTESIAN_POINT('',(15.32,-0.32,-3.5));
#2579=DIRECTION('',(1.,0.,0.));
#2580=DIRECTION('',(0.,1.,0.));
#2581=FACE_BOUND('',#2582,.T.);
#2582=EDGE_LOOP('',(#3704,#3705,#3706,#3707));
#2583=PLANE('',#2584);
#2584=AXIS2_PLACEMENT_3D('',#2585,#2586,#2587);
#2585=CARTESIAN_POINT('',(18.,3.15,7.));
#2586=DIRECTION('',(0.,-0.707106781186547,0.707106781186547));
#2587=DIRECTION('',(-1.,0.,0.));
#2588=FACE_BOUND('',#2589,.T.);
#2589=EDGE_LOOP('',(#3708,#3709,#3710,#3711));
#2590=PLANE('',#2591);
#2591=AXIS2_PLACEMENT_3D('',#2592,#2593,#2594);
#2592=CARTESIAN_POINT('',(3.76641016151378,0.32,6.12679491924311));
#2593=DIRECTION('',(1.8151898764984E-016,0.965925826289069,0.258819045102519));
#2594=DIRECTION('',(-1.,3.76053679555885E-032,7.01335512531312E-016));
#2595=FACE_BOUND('',#2596,.T.);
#2596=EDGE_LOOP('',(#3712,#3713,#3714,#3715));
#2597=PLANE('',#2598);
#2598=AXIS2_PLACEMENT_3D('',#2599,#2600,#2601);
#2599=CARTESIAN_POINT('',(2.82,-1.26641016151378,6.12679491924311));
#2600=DIRECTION('',(0.965925826289069,-1.8151898764984E-016,0.258819045102519));
#2601=DIRECTION('',(3.76053679555885E-032,1.,7.01335512531312E-016));
#2602=FACE_BOUND('',#2603,.T.);
#2603=EDGE_LOOP('',(#3716,#3717,#3718,#3719));
#2604=PLANE('',#2605);
#2605=AXIS2_PLACEMENT_3D('',#2606,#2607,#2608);
#2606=CARTESIAN_POINT('',(1.23358983848622,-0.32,6.12679491924311));
#2607=DIRECTION('',(0.,-0.965925826289068,0.258819045102522));
#2608=DIRECTION('',(1.,0.,0.));
#2609=FACE_BOUND('',#2610,.T.);
#2610=EDGE_LOOP('',(#3720,#3721,#3722,#3723));
#2611=PLANE('',#2612);
#2612=AXIS2_PLACEMENT_3D('',#2613,#2614,#2615);
#2613=CARTESIAN_POINT('',(2.18,1.26641016151378,6.12679491924311));
#2614=DIRECTION('',(-0.965925826289069,1.8151898764984E-016,0.258819045102519));
#2615=DIRECTION('',(-3.76053679555885E-032,-1.,7.01335512531312E-016));
#2616=FACE_BOUND('',#2617,.T.);
#2617=EDGE_LOOP('',(#3724,#3725,#3726,#3727));
#2618=PLANE('',#2619);
#2619=AXIS2_PLACEMENT_3D('',#2620,#2621,#2622);
#2620=CARTESIAN_POINT('',(6.26641016151378,0.32,6.12679491924311));
#2621=DIRECTION('',(0.,0.965925826289068,0.258819045102522));
#2622=DIRECTION('',(-1.,0.,0.));
#2623=FACE_BOUND('',#2624,.T.);
#2624=EDGE_LOOP('',(#3728,#3729,#3730,#3731));
#2625=PLANE('',#2626);
#2626=AXIS2_PLACEMENT_3D('',#2627,#2628,#2629);
#2627=CARTESIAN_POINT('',(5.32,-1.26641016151378,6.12679491924311));
#2628=DIRECTION('',(0.965925826289069,-1.81518987649839E-016,0.258819045102518));
#2629=DIRECTION('',(-3.76053679555885E-032,1.,7.01335512531312E-016));
#2630=FACE_BOUND('',#2631,.T.);
#2631=EDGE_LOOP('',(#3732,#3733,#3734,#3735));
#2632=PLANE('',#2633);
#2633=AXIS2_PLACEMENT_3D('',#2634,#2635,#2636);
#2634=CARTESIAN_POINT('',(3.73358983848622,-0.32,6.12679491924311));
#2635=DIRECTION('',(0.,-0.965925826289068,0.258819045102522));
#2636=DIRECTION('',(1.,0.,0.));
#2637=FACE_BOUND('',#2638,.T.);
#2638=EDGE_LOOP('',(#3736,#3737,#3738,#3739));
#2639=PLANE('',#2640);
#2640=AXIS2_PLACEMENT_3D('',#2641,#2642,#2643);
#2641=CARTESIAN_POINT('',(4.68,1.26641016151378,6.12679491924311));
#2642=DIRECTION('',(-0.965925826289069,1.81518987649839E-016,0.258819045102518));
#2643=DIRECTION('',(3.76053679555885E-032,-1.,7.01335512531312E-016));
#2644=FACE_BOUND('',#2645,.T.);
#2645=EDGE_LOOP('',(#3740,#3741,#3742,#3743));
#2646=PLANE('',#2647);
#2647=AXIS2_PLACEMENT_3D('',#2648,#2649,#2650);
#2648=CARTESIAN_POINT('',(8.76641016151378,0.32,6.12679491924311));
#2649=DIRECTION('',(0.,0.965925826289068,0.258819045102522));
#2650=DIRECTION('',(-1.,0.,0.));
#2651=FACE_BOUND('',#2652,.T.);
#2652=EDGE_LOOP('',(#3744,#3745,#3746,#3747));
#2653=PLANE('',#2654);
#2654=AXIS2_PLACEMENT_3D('',#2655,#2656,#2657);
#2655=CARTESIAN_POINT('',(7.82,-1.26641016151378,6.12679491924311));
#2656=DIRECTION('',(0.965925826289069,-1.81518987649839E-016,0.258819045102518));
#2657=DIRECTION('',(-3.76053679555885E-032,1.,7.01335512531312E-016));
#2658=FACE_BOUND('',#2659,.T.);
#2659=EDGE_LOOP('',(#3748,#3749,#3750,#3751));
#2660=PLANE('',#2661);
#2661=AXIS2_PLACEMENT_3D('',#2662,#2663,#2664);
#2662=CARTESIAN_POINT('',(6.23358983848622,-0.32,6.12679491924311));
#2663=DIRECTION('',(0.,-0.965925826289068,0.258819045102522));
#2664=DIRECTION('',(1.,0.,0.));
#2665=FACE_BOUND('',#2666,.T.);
#2666=EDGE_LOOP('',(#3752,#3753,#3754,#3755));
#2667=PLANE('',#2668);
#2668=AXIS2_PLACEMENT_3D('',#2669,#2670,#2671);
#2669=CARTESIAN_POINT('',(7.18,1.26641016151378,6.12679491924311));
#2670=DIRECTION('',(-0.965925826289069,1.81518987649839E-016,0.258819045102518));
#2671=DIRECTION('',(3.76053679555885E-032,-1.,7.01335512531312E-016));
#2672=FACE_BOUND('',#2673,.T.);
#2673=EDGE_LOOP('',(#3756,#3757,#3758,#3759));
#2674=PLANE('',#2675);
#2675=AXIS2_PLACEMENT_3D('',#2676,#2677,#2678);
#2676=CARTESIAN_POINT('',(11.2664101615138,0.32,6.12679491924311));
#2677=DIRECTION('',(1.8151898764984E-016,0.965925826289069,0.25881904510252));
#2678=DIRECTION('',(-1.,0.,7.01335512531312E-016));
#2679=FACE_BOUND('',#2680,.T.);
#2680=EDGE_LOOP('',(#3760,#3761,#3762,#3763));
#2681=PLANE('',#2682);
#2682=AXIS2_PLACEMENT_3D('',#2683,#2684,#2685);
#2683=CARTESIAN_POINT('',(10.32,-1.26641016151378,6.12679491924311));
#2684=DIRECTION('',(0.965925826289069,-1.81518987649839E-016,0.258819045102518));
#2685=DIRECTION('',(-3.76053679555885E-032,1.,7.01335512531312E-016));
#2686=FACE_BOUND('',#2687,.T.);
#2687=EDGE_LOOP('',(#3764,#3765,#3766,#3767));
#2688=PLANE('',#2689);
#2689=AXIS2_PLACEMENT_3D('',#2690,#2691,#2692);
#2690=CARTESIAN_POINT('',(8.73358983848622,-0.32,6.12679491924311));
#2691=DIRECTION('',(-1.8151898764984E-016,-0.965925826289069,0.25881904510252));
#2692=DIRECTION('',(1.,0.,7.01335512531312E-016));
#2693=FACE_BOUND('',#2694,.T.);
#2694=EDGE_LOOP('',(#3768,#3769,#3770,#3771));
#2695=PLANE('',#2696);
#2696=AXIS2_PLACEMENT_3D('',#2697,#2698,#2699);
#2697=CARTESIAN_POINT('',(9.68,1.26641016151378,6.12679491924311));
#2698=DIRECTION('',(-0.965925826289069,1.81518987649839E-016,0.258819045102518));
#2699=DIRECTION('',(3.76053679555885E-032,-1.,7.01335512531312E-016));
#2700=FACE_BOUND('',#2701,.T.);
#2701=EDGE_LOOP('',(#3772,#3773,#3774,#3775));
#2702=PLANE('',#2703);
#2703=AXIS2_PLACEMENT_3D('',#2704,#2705,#2706);
#2704=CARTESIAN_POINT('',(13.7664101615138,0.32,6.12679491924311));
#2705=DIRECTION('',(1.8151898764984E-016,0.965925826289069,0.25881904510252));
#2706=DIRECTION('',(-1.,0.,7.01335512531312E-016));
#2707=FACE_BOUND('',#2708,.T.);
#2708=EDGE_LOOP('',(#3776,#3777,#3778,#3779));
#2709=PLANE('',#2710);
#2710=AXIS2_PLACEMENT_3D('',#2711,#2712,#2713);
#2711=CARTESIAN_POINT('',(12.82,-1.26641016151378,6.12679491924311));
#2712=DIRECTION('',(0.965925826289069,-1.81518987649839E-016,0.258819045102518));
#2713=DIRECTION('',(-3.76053679555885E-032,1.,7.01335512531312E-016));
#2714=FACE_BOUND('',#2715,.T.);
#2715=EDGE_LOOP('',(#3780,#3781,#3782,#3783));
#2716=PLANE('',#2717);
#2717=AXIS2_PLACEMENT_3D('',#2718,#2719,#2720);
#2718=CARTESIAN_POINT('',(11.2335898384862,-0.32,6.12679491924311));
#2719=DIRECTION('',(-1.8151898764984E-016,-0.965925826289069,0.25881904510252));
#2720=DIRECTION('',(1.,0.,7.01335512531312E-016));
#2721=FACE_BOUND('',#2722,.T.);
#2722=EDGE_LOOP('',(#3784,#3785,#3786,#3787));
#2723=PLANE('',#2724);
#2724=AXIS2_PLACEMENT_3D('',#2725,#2726,#2727);
#2725=CARTESIAN_POINT('',(12.18,1.26641016151378,6.12679491924311));
#2726=DIRECTION('',(-0.965925826289069,1.81518987649839E-016,0.258819045102518));
#2727=DIRECTION('',(3.76053679555885E-032,-1.,7.01335512531312E-016));
#2728=FACE_BOUND('',#2729,.T.);
#2729=EDGE_LOOP('',(#3788,#3789,#3790,#3791));
#2730=PLANE('',#2731);
#2731=AXIS2_PLACEMENT_3D('',#2732,#2733,#2734);
#2732=CARTESIAN_POINT('',(16.2664101615138,0.32,6.12679491924311));
#2733=DIRECTION('',(1.8151898764984E-016,0.965925826289069,0.25881904510252));
#2734=DIRECTION('',(-1.,0.,7.01335512531312E-016));
#2735=FACE_BOUND('',#2736,.T.);
#2736=EDGE_LOOP('',(#3792,#3793,#3794,#3795));
#2737=PLANE('',#2738);
#2738=AXIS2_PLACEMENT_3D('',#2739,#2740,#2741);
#2739=CARTESIAN_POINT('',(15.32,-1.26641016151378,6.12679491924311));
#2740=DIRECTION('',(0.965925826289069,-1.81518987649839E-016,0.258819045102518));
#2741=DIRECTION('',(-3.76053679555885E-032,1.,7.01335512531312E-016));
#2742=FACE_BOUND('',#2743,.T.);
#2743=EDGE_LOOP('',(#3796,#3797,#3798,#3799));
#2744=PLANE('',#2745);
#2745=AXIS2_PLACEMENT_3D('',#2746,#2747,#2748);
#2746=CARTESIAN_POINT('',(13.7335898384862,-0.32,6.12679491924311));
#2747=DIRECTION('',(-1.8151898764984E-016,-0.965925826289069,0.25881904510252));
#2748=DIRECTION('',(1.,0.,7.01335512531312E-016));
#2749=FACE_BOUND('',#2750,.T.);
#2750=EDGE_LOOP('',(#3800,#3801,#3802,#3803));
#2751=PLANE('',#2752);
#2752=AXIS2_PLACEMENT_3D('',#2753,#2754,#2755);
#2753=CARTESIAN_POINT('',(14.68,1.26641016151378,6.12679491924311));
#2754=DIRECTION('',(-0.965925826289069,1.81518987649839E-016,0.258819045102518));
#2755=DIRECTION('',(3.76053679555885E-032,-1.,7.01335512531312E-016));
#2756=FACE_BOUND('',#2757,.T.);
#2757=EDGE_LOOP('',(#3804,#3805,#3806,#3807));
#2758=PLANE('',#2759);
#2759=AXIS2_PLACEMENT_3D('',#2760,#2761,#2762);
#2760=CARTESIAN_POINT('',(1.26641016151378,0.32,6.12679491924311));
#2761=DIRECTION('',(0.,0.965925826289068,0.258819045102522));
#2762=DIRECTION('',(-1.,0.,0.));
#2763=FACE_BOUND('',#2764,.T.);
#2764=EDGE_LOOP('',(#3808,#3809,#3810,#3811));
#2765=PLANE('',#2766);
#2766=AXIS2_PLACEMENT_3D('',#2767,#2768,#2769);
#2767=CARTESIAN_POINT('',(0.32,-1.26641016151378,6.12679491924311));
#2768=DIRECTION('',(0.965925826289069,-1.8151898764984E-016,0.258819045102519));
#2769=DIRECTION('',(3.76053679555885E-032,1.,7.01335512531312E-016));
#2770=FACE_BOUND('',#2771,.T.);
#2771=EDGE_LOOP('',(#3812,#3813,#3814,#3815));
#2772=PLANE('',#2773);
#2773=AXIS2_PLACEMENT_3D('',#2774,#2775,#2776);
#2774=CARTESIAN_POINT('',(-1.26641016151378,-0.32,6.12679491924311));
#2775=DIRECTION('',(0.,-0.965925826289068,0.258819045102522));
#2776=DIRECTION('',(1.,0.,0.));
#2777=FACE_BOUND('',#2778,.T.);
#2778=EDGE_LOOP('',(#3816,#3817,#3818,#3819));
#2779=PLANE('',#2780);
#2780=AXIS2_PLACEMENT_3D('',#2781,#2782,#2783);
#2781=CARTESIAN_POINT('',(-0.32,1.26641016151378,6.12679491924311));
#2782=DIRECTION('',(-0.965925826289069,1.8151898764984E-016,0.258819045102519));
#2783=DIRECTION('',(-3.76053679555885E-032,-1.,7.01335512531312E-016));
#2784=FACE_BOUND('',#2785,.T.);
#2785=EDGE_LOOP('',(#3820,#3821,#3822,#3823));
#2786=PLANE('',#2787);
#2787=AXIS2_PLACEMENT_3D('',#2788,#2789,#2790);
#2788=CARTESIAN_POINT('',(1.26641016151378,0.32,-3.12679491924311));
#2789=DIRECTION('',(0.,-0.965925826289068,0.258819045102521));
#2790=DIRECTION('',(-1.,0.,0.));
#2791=FACE_BOUND('',#2792,.T.);
#2792=EDGE_LOOP('',(#3824,#3825,#3826,#3827));
#2793=PLANE('',#2794);
#2794=AXIS2_PLACEMENT_3D('',#2795,#2796,#2797);
#2795=CARTESIAN_POINT('',(-0.32,1.26641016151378,-3.12679491924311));
#2796=DIRECTION('',(0.965925826289068,0.,0.258819045102521));
#2797=DIRECTION('',(0.,-1.,0.));
#2798=FACE_BOUND('',#2799,.T.);
#2799=EDGE_LOOP('',(#3828,#3829,#3830,#3831));
#2800=PLANE('',#2801);
#2801=AXIS2_PLACEMENT_3D('',#2802,#2803,#2804);
#2802=CARTESIAN_POINT('',(-1.26641016151378,-0.32,-3.12679491924311));
#2803=DIRECTION('',(-0.,0.965925826289068,0.258819045102521));
#2804=DIRECTION('',(1.,0.,0.));
#2805=FACE_BOUND('',#2806,.T.);
#2806=EDGE_LOOP('',(#3832,#3833,#3834,#3835));
#2807=PLANE('',#2808);
#2808=AXIS2_PLACEMENT_3D('',#2809,#2810,#2811);
#2809=CARTESIAN_POINT('',(0.32,-1.26641016151378,-3.12679491924311));
#2810=DIRECTION('',(-0.965925826289068,0.,0.258819045102521));
#2811=DIRECTION('',(0.,1.,0.));
#2812=FACE_BOUND('',#2813,.T.);
#2813=EDGE_LOOP('',(#3836,#3837,#3838,#3839));
#2814=PLANE('',#2815);
#2815=AXIS2_PLACEMENT_3D('',#2816,#2817,#2818);
#2816=CARTESIAN_POINT('',(3.76641016151378,0.32,-3.12679491924311));
#2817=DIRECTION('',(0.,-0.965925826289068,0.258819045102521));
#2818=DIRECTION('',(-1.,0.,0.));
#2819=FACE_BOUND('',#2820,.T.);
#2820=EDGE_LOOP('',(#3840,#3841,#3842,#3843));
#2821=PLANE('',#2822);
#2822=AXIS2_PLACEMENT_3D('',#2823,#2824,#2825);
#2823=CARTESIAN_POINT('',(2.18,1.26641016151378,-3.12679491924311));
#2824=DIRECTION('',(0.965925826289068,0.,0.258819045102521));
#2825=DIRECTION('',(0.,-1.,0.));
#2826=FACE_BOUND('',#2827,.T.);
#2827=EDGE_LOOP('',(#3844,#3845,#3846,#3847));
#2828=PLANE('',#2829);
#2829=AXIS2_PLACEMENT_3D('',#2830,#2831,#2832);
#2830=CARTESIAN_POINT('',(1.23358983848622,-0.32,-3.12679491924311));
#2831=DIRECTION('',(-0.,0.965925826289068,0.258819045102521));
#2832=DIRECTION('',(1.,0.,0.));
#2833=FACE_BOUND('',#2834,.T.);
#2834=EDGE_LOOP('',(#3848,#3849,#3850,#3851));
#2835=PLANE('',#2836);
#2836=AXIS2_PLACEMENT_3D('',#2837,#2838,#2839);
#2837=CARTESIAN_POINT('',(2.82,-1.26641016151378,-3.12679491924311));
#2838=DIRECTION('',(-0.965925826289068,0.,0.258819045102521));
#2839=DIRECTION('',(0.,1.,0.));
#2840=FACE_BOUND('',#2841,.T.);
#2841=EDGE_LOOP('',(#3852,#3853,#3854,#3855));
#2842=PLANE('',#2843);
#2843=AXIS2_PLACEMENT_3D('',#2844,#2845,#2846);
#2844=CARTESIAN_POINT('',(6.26641016151378,0.32,-3.12679491924311));
#2845=DIRECTION('',(0.,-0.965925826289068,0.258819045102521));
#2846=DIRECTION('',(-1.,0.,0.));
#2847=FACE_BOUND('',#2848,.T.);
#2848=EDGE_LOOP('',(#3856,#3857,#3858,#3859));
#2849=PLANE('',#2850);
#2850=AXIS2_PLACEMENT_3D('',#2851,#2852,#2853);
#2851=CARTESIAN_POINT('',(4.68,1.26641016151378,-3.12679491924311));
#2852=DIRECTION('',(0.965925826289069,0.,0.25881904510252));
#2853=DIRECTION('',(0.,-1.,0.));
#2854=FACE_BOUND('',#2855,.T.);
#2855=EDGE_LOOP('',(#3860,#3861,#3862,#3863));
#2856=PLANE('',#2857);
#2857=AXIS2_PLACEMENT_3D('',#2858,#2859,#2860);
#2858=CARTESIAN_POINT('',(3.73358983848622,-0.32,-3.12679491924311));
#2859=DIRECTION('',(-0.,0.965925826289068,0.258819045102521));
#2860=DIRECTION('',(1.,0.,0.));
#2861=FACE_BOUND('',#2862,.T.);
#2862=EDGE_LOOP('',(#3864,#3865,#3866,#3867));
#2863=PLANE('',#2864);
#2864=AXIS2_PLACEMENT_3D('',#2865,#2866,#2867);
#2865=CARTESIAN_POINT('',(5.32,-1.26641016151378,-3.12679491924311));
#2866=DIRECTION('',(-0.965925826289069,0.,0.25881904510252));
#2867=DIRECTION('',(0.,1.,0.));
#2868=FACE_BOUND('',#2869,.T.);
#2869=EDGE_LOOP('',(#3868,#3869,#3870,#3871));
#2870=PLANE('',#2871);
#2871=AXIS2_PLACEMENT_3D('',#2872,#2873,#2874);
#2872=CARTESIAN_POINT('',(8.76641016151378,0.32,-3.12679491924311));
#2873=DIRECTION('',(0.,-0.965925826289068,0.258819045102521));
#2874=DIRECTION('',(-1.,0.,0.));
#2875=FACE_BOUND('',#2876,.T.);
#2876=EDGE_LOOP('',(#3872,#3873,#3874,#3875));
#2877=PLANE('',#2878);
#2878=AXIS2_PLACEMENT_3D('',#2879,#2880,#2881);
#2879=CARTESIAN_POINT('',(7.18,1.26641016151378,-3.12679491924311));
#2880=DIRECTION('',(0.965925826289069,0.,0.25881904510252));
#2881=DIRECTION('',(0.,-1.,0.));
#2882=FACE_BOUND('',#2883,.T.);
#2883=EDGE_LOOP('',(#3876,#3877,#3878,#3879));
#2884=PLANE('',#2885);
#2885=AXIS2_PLACEMENT_3D('',#2886,#2887,#2888);
#2886=CARTESIAN_POINT('',(6.23358983848622,-0.32,-3.12679491924311));
#2887=DIRECTION('',(-0.,0.965925826289068,0.258819045102521));
#2888=DIRECTION('',(1.,0.,0.));
#2889=FACE_BOUND('',#2890,.T.);
#2890=EDGE_LOOP('',(#3880,#3881,#3882,#3883));
#2891=PLANE('',#2892);
#2892=AXIS2_PLACEMENT_3D('',#2893,#2894,#2895);
#2893=CARTESIAN_POINT('',(7.82,-1.26641016151378,-3.12679491924311));
#2894=DIRECTION('',(-0.965925826289069,0.,0.25881904510252));
#2895=DIRECTION('',(0.,1.,0.));
#2896=FACE_BOUND('',#2897,.T.);
#2897=EDGE_LOOP('',(#3884,#3885,#3886,#3887));
#2898=PLANE('',#2899);
#2899=AXIS2_PLACEMENT_3D('',#2900,#2901,#2902);
#2900=CARTESIAN_POINT('',(11.2664101615138,0.32,-3.12679491924311));
#2901=DIRECTION('',(0.,-0.965925826289068,0.258819045102521));
#2902=DIRECTION('',(-1.,0.,0.));
#2903=FACE_BOUND('',#2904,.T.);
#2904=EDGE_LOOP('',(#3888,#3889,#3890,#3891));
#2905=PLANE('',#2906);
#2906=AXIS2_PLACEMENT_3D('',#2907,#2908,#2909);
#2907=CARTESIAN_POINT('',(9.68,1.26641016151378,-3.12679491924311));
#2908=DIRECTION('',(0.965925826289069,0.,0.25881904510252));
#2909=DIRECTION('',(0.,-1.,0.));
#2910=FACE_BOUND('',#2911,.T.);
#2911=EDGE_LOOP('',(#3892,#3893,#3894,#3895));
#2912=PLANE('',#2913);
#2913=AXIS2_PLACEMENT_3D('',#2914,#2915,#2916);
#2914=CARTESIAN_POINT('',(8.73358983848622,-0.32,-3.12679491924311));
#2915=DIRECTION('',(-0.,0.965925826289068,0.258819045102521));
#2916=DIRECTION('',(1.,0.,0.));
#2917=FACE_BOUND('',#2918,.T.);
#2918=EDGE_LOOP('',(#3896,#3897,#3898,#3899));
#2919=PLANE('',#2920);
#2920=AXIS2_PLACEMENT_3D('',#2921,#2922,#2923);
#2921=CARTESIAN_POINT('',(10.32,-1.26641016151378,-3.12679491924311));
#2922=DIRECTION('',(-0.965925826289069,0.,0.25881904510252));
#2923=DIRECTION('',(0.,1.,0.));
#2924=FACE_BOUND('',#2925,.T.);
#2925=EDGE_LOOP('',(#3900,#3901,#3902,#3903));
#2926=PLANE('',#2927);
#2927=AXIS2_PLACEMENT_3D('',#2928,#2929,#2930);
#2928=CARTESIAN_POINT('',(13.7664101615138,0.32,-3.12679491924311));
#2929=DIRECTION('',(0.,-0.965925826289068,0.258819045102521));
#2930=DIRECTION('',(-1.,0.,0.));
#2931=FACE_BOUND('',#2932,.T.);
#2932=EDGE_LOOP('',(#3904,#3905,#3906,#3907));
#2933=PLANE('',#2934);
#2934=AXIS2_PLACEMENT_3D('',#2935,#2936,#2937);
#2935=CARTESIAN_POINT('',(12.18,1.26641016151378,-3.12679491924311));
#2936=DIRECTION('',(0.965925826289069,0.,0.25881904510252));
#2937=DIRECTION('',(0.,-1.,0.));
#2938=FACE_BOUND('',#2939,.T.);
#2939=EDGE_LOOP('',(#3908,#3909,#3910,#3911));
#2940=PLANE('',#2941);
#2941=AXIS2_PLACEMENT_3D('',#2942,#2943,#2944);
#2942=CARTESIAN_POINT('',(11.2335898384862,-0.32,-3.12679491924311));
#2943=DIRECTION('',(-0.,0.965925826289068,0.258819045102521));
#2944=DIRECTION('',(1.,0.,0.));
#2945=FACE_BOUND('',#2946,.T.);
#2946=EDGE_LOOP('',(#3912,#3913,#3914,#3915));
#2947=PLANE('',#2948);
#2948=AXIS2_PLACEMENT_3D('',#2949,#2950,#2951);
#2949=CARTESIAN_POINT('',(12.82,-1.26641016151378,-3.12679491924311));
#2950=DIRECTION('',(-0.965925826289069,0.,0.25881904510252));
#2951=DIRECTION('',(0.,1.,0.));
#2952=FACE_BOUND('',#2953,.T.);
#2953=EDGE_LOOP('',(#3916,#3917,#3918,#3919));
#2954=PLANE('',#2955);
#2955=AXIS2_PLACEMENT_3D('',#2956,#2957,#2958);
#2956=CARTESIAN_POINT('',(16.2664101615138,0.32,-3.12679491924311));
#2957=DIRECTION('',(0.,-0.965925826289068,0.258819045102521));
#2958=DIRECTION('',(-1.,0.,0.));
#2959=FACE_BOUND('',#2960,.T.);
#2960=EDGE_LOOP('',(#3920,#3921,#3922,#3923));
#2961=PLANE('',#2962);
#2962=AXIS2_PLACEMENT_3D('',#2963,#2964,#2965);
#2963=CARTESIAN_POINT('',(14.68,1.26641016151378,-3.12679491924311));
#2964=DIRECTION('',(0.965925826289069,0.,0.25881904510252));
#2965=DIRECTION('',(0.,-1.,0.));
#2966=FACE_BOUND('',#2967,.T.);
#2967=EDGE_LOOP('',(#3924,#3925,#3926,#3927));
#2968=PLANE('',#2969);
#2969=AXIS2_PLACEMENT_3D('',#2970,#2971,#2972);
#2970=CARTESIAN_POINT('',(13.7335898384862,-0.32,-3.12679491924311));
#2971=DIRECTION('',(-0.,0.965925826289068,0.258819045102521));
#2972=DIRECTION('',(1.,0.,0.));
#2973=FACE_BOUND('',#2974,.T.);
#2974=EDGE_LOOP('',(#3928,#3929,#3930,#3931));
#2975=PLANE('',#2976);
#2976=AXIS2_PLACEMENT_3D('',#2977,#2978,#2979);
#2977=CARTESIAN_POINT('',(15.32,-1.26641016151378,-3.12679491924311));
#2978=DIRECTION('',(-0.965925826289069,0.,0.25881904510252));
#2979=DIRECTION('',(0.,1.,0.));
#2980=FACE_BOUND('',#2981,.T.);
#2981=EDGE_LOOP('',(#3932,#3933,#3934,#3935));
#2982=PLANE('',#2983);
#2983=AXIS2_PLACEMENT_3D('',#2984,#2985,#2986);
#2984=CARTESIAN_POINT('',(2.5,0.,6.5));
#2985=DIRECTION('',(0.,0.,1.));
#2986=DIRECTION('',(1.,0.,0.));
#2987=FACE_BOUND('',#2988,.T.);
#2988=EDGE_LOOP('',(#3936,#3937,#3938,#3939));
#2989=PLANE('',#2990);
#2990=AXIS2_PLACEMENT_3D('',#2991,#2992,#2993);
#2991=CARTESIAN_POINT('',(5.,0.,6.5));
#2992=DIRECTION('',(0.,0.,1.));
#2993=DIRECTION('',(1.,0.,0.));
#2994=FACE_BOUND('',#2995,.T.);
#2995=EDGE_LOOP('',(#3940,#3941,#3942,#3943));
#2996=PLANE('',#2997);
#2997=AXIS2_PLACEMENT_3D('',#2998,#2999,#3000);
#2998=CARTESIAN_POINT('',(7.5,0.,6.5));
#2999=DIRECTION('',(0.,0.,1.));
#3000=DIRECTION('',(1.,0.,0.));
#3001=FACE_BOUND('',#3002,.T.);
#3002=EDGE_LOOP('',(#3944,#3945,#3946,#3947));
#3003=PLANE('',#3004);
#3004=AXIS2_PLACEMENT_3D('',#3005,#3006,#3007);
#3005=CARTESIAN_POINT('',(10.,0.,6.5));
#3006=DIRECTION('',(0.,0.,1.));
#3007=DIRECTION('',(1.,0.,0.));
#3008=FACE_BOUND('',#3009,.T.);
#3009=EDGE_LOOP('',(#3948,#3949,#3950,#3951));
#3010=PLANE('',#3011);
#3011=AXIS2_PLACEMENT_3D('',#3012,#3013,#3014);
#3012=CARTESIAN_POINT('',(12.5,0.,6.5));
#3013=DIRECTION('',(0.,0.,1.));
#3014=DIRECTION('',(1.,0.,0.));
#3015=FACE_BOUND('',#3016,.T.);
#3016=EDGE_LOOP('',(#3952,#3953,#3954,#3955));
#3017=PLANE('',#3018);
#3018=AXIS2_PLACEMENT_3D('',#3019,#3020,#3021);
#3019=CARTESIAN_POINT('',(15.,0.,6.5));
#3020=DIRECTION('',(0.,0.,1.));
#3021=DIRECTION('',(1.,0.,0.));
#3022=FACE_BOUND('',#3023,.T.);
#3023=EDGE_LOOP('',(#3956,#3957,#3958,#3959));
#3024=PLANE('',#3025);
#3025=AXIS2_PLACEMENT_3D('',#3026,#3027,#3028);
#3026=CARTESIAN_POINT('',(0.,0.,6.5));
#3027=DIRECTION('',(0.,0.,1.));
#3028=DIRECTION('',(1.,0.,0.));
#3029=FACE_BOUND('',#3030,.T.);
#3030=EDGE_LOOP('',(#3960,#3961,#3962,#3963));
#3031=PLANE('',#3032);
#3032=AXIS2_PLACEMENT_3D('',#3033,#3034,#3035);
#3033=CARTESIAN_POINT('',(0.,0.,-3.5));
#3034=DIRECTION('',(0.,0.,1.));
#3035=DIRECTION('',(1.,0.,0.));
#3036=FACE_BOUND('',#3037,.T.);
#3037=EDGE_LOOP('',(#3964,#3965,#3966,#3967));
#3038=PLANE('',#3039);
#3039=AXIS2_PLACEMENT_3D('',#3040,#3041,#3042);
#3040=CARTESIAN_POINT('',(2.5,0.,-3.5));
#3041=DIRECTION('',(0.,0.,1.));
#3042=DIRECTION('',(1.,0.,0.));
#3043=FACE_BOUND('',#3044,.T.);
#3044=EDGE_LOOP('',(#3968,#3969,#3970,#3971));
#3045=PLANE('',#3046);
#3046=AXIS2_PLACEMENT_3D('',#3047,#3048,#3049);
#3047=CARTESIAN_POINT('',(5.,0.,-3.5));
#3048=DIRECTION('',(0.,0.,1.));
#3049=DIRECTION('',(1.,0.,0.));
#3050=FACE_BOUND('',#3051,.T.);
#3051=EDGE_LOOP('',(#3972,#3973,#3974,#3975));
#3052=PLANE('',#3053);
#3053=AXIS2_PLACEMENT_3D('',#3054,#3055,#3056);
#3054=CARTESIAN_POINT('',(7.5,0.,-3.5));
#3055=DIRECTION('',(0.,0.,1.));
#3056=DIRECTION('',(1.,0.,0.));
#3057=FACE_BOUND('',#3058,.T.);
#3058=EDGE_LOOP('',(#3976,#3977,#3978,#3979));
#3059=PLANE('',#3060);
#3060=AXIS2_PLACEMENT_3D('',#3061,#3062,#3063);
#3061=CARTESIAN_POINT('',(10.,0.,-3.5));
#3062=DIRECTION('',(0.,0.,1.));
#3063=DIRECTION('',(1.,0.,0.));
#3064=FACE_BOUND('',#3065,.T.);
#3065=EDGE_LOOP('',(#3980,#3981,#3982,#3983));
#3066=PLANE('',#3067);
#3067=AXIS2_PLACEMENT_3D('',#3068,#3069,#3070);
#3068=CARTESIAN_POINT('',(12.5,0.,-3.5));
#3069=DIRECTION('',(0.,0.,1.));
#3070=DIRECTION('',(1.,0.,0.));
#3071=FACE_BOUND('',#3072,.T.);
#3072=EDGE_LOOP('',(#3984,#3985,#3986,#3987));
#3073=PLANE('',#3074);
#3074=AXIS2_PLACEMENT_3D('',#3075,#3076,#3077);
#3075=CARTESIAN_POINT('',(15.,0.,-3.5));
#3076=DIRECTION('',(0.,0.,1.));
#3077=DIRECTION('',(1.,0.,0.));
#3078=ORIENTED_EDGE('',*,*,#3988,.T.);
#3079=ORIENTED_EDGE('',*,*,#3989,.T.);
#3080=ORIENTED_EDGE('',*,*,#3990,.T.);
#3081=ORIENTED_EDGE('',*,*,#3991,.T.);
#3082=ORIENTED_EDGE('',*,*,#3992,.T.);
#3083=ORIENTED_EDGE('',*,*,#3993,.T.);
#3084=ORIENTED_EDGE('',*,*,#3994,.F.);
#3085=ORIENTED_EDGE('',*,*,#3995,.F.);
#3086=ORIENTED_EDGE('',*,*,#3996,.T.);
#3087=ORIENTED_EDGE('',*,*,#3997,.F.);
#3088=ORIENTED_EDGE('',*,*,#3998,.F.);
#3089=ORIENTED_EDGE('',*,*,#3999,.T.);
#3090=ORIENTED_EDGE('',*,*,#4000,.T.);
#3091=ORIENTED_EDGE('',*,*,#4001,.F.);
#3092=ORIENTED_EDGE('',*,*,#4002,.F.);
#3093=ORIENTED_EDGE('',*,*,#4003,.T.);
#3094=ORIENTED_EDGE('',*,*,#4004,.T.);
#3095=ORIENTED_EDGE('',*,*,#4005,.T.);
#3096=ORIENTED_EDGE('',*,*,#4006,.T.);
#3097=ORIENTED_EDGE('',*,*,#4007,.T.);
#3098=ORIENTED_EDGE('',*,*,#4008,.T.);
#3099=ORIENTED_EDGE('',*,*,#4009,.F.);
#3100=ORIENTED_EDGE('',*,*,#4010,.T.);
#3101=ORIENTED_EDGE('',*,*,#4009,.T.);
#3102=ORIENTED_EDGE('',*,*,#4011,.T.);
#3103=ORIENTED_EDGE('',*,*,#4012,.T.);
#3104=ORIENTED_EDGE('',*,*,#4013,.T.);
#3105=ORIENTED_EDGE('',*,*,#4014,.T.);
#3106=ORIENTED_EDGE('',*,*,#4015,.T.);
#3107=ORIENTED_EDGE('',*,*,#3994,.T.);
#3108=ORIENTED_EDGE('',*,*,#4016,.T.);
#3109=ORIENTED_EDGE('',*,*,#4012,.F.);
#3110=ORIENTED_EDGE('',*,*,#4017,.T.);
#3111=ORIENTED_EDGE('',*,*,#4018,.T.);
#3112=ORIENTED_EDGE('',*,*,#4019,.T.);
#3113=ORIENTED_EDGE('',*,*,#4020,.T.);
#3114=ORIENTED_EDGE('',*,*,#4021,.T.);
#3115=ORIENTED_EDGE('',*,*,#4022,.T.);
#3116=ORIENTED_EDGE('',*,*,#4023,.F.);
#3117=ORIENTED_EDGE('',*,*,#4024,.F.);
#3118=ORIENTED_EDGE('',*,*,#4025,.F.);
#3119=ORIENTED_EDGE('',*,*,#4026,.T.);
#3120=ORIENTED_EDGE('',*,*,#4027,.T.);
#3121=ORIENTED_EDGE('',*,*,#4028,.T.);
#3122=ORIENTED_EDGE('',*,*,#4029,.T.);
#3123=ORIENTED_EDGE('',*,*,#4030,.T.);
#3124=ORIENTED_EDGE('',*,*,#4031,.T.);
#3125=ORIENTED_EDGE('',*,*,#4032,.T.);
#3126=ORIENTED_EDGE('',*,*,#4033,.T.);
#3127=ORIENTED_EDGE('',*,*,#4034,.T.);
#3128=ORIENTED_EDGE('',*,*,#4035,.T.);
#3129=ORIENTED_EDGE('',*,*,#4036,.T.);
#3130=ORIENTED_EDGE('',*,*,#4037,.T.);
#3131=ORIENTED_EDGE('',*,*,#4038,.T.);
#3132=ORIENTED_EDGE('',*,*,#4039,.T.);
#3133=ORIENTED_EDGE('',*,*,#4040,.T.);
#3134=ORIENTED_EDGE('',*,*,#4041,.T.);
#3135=ORIENTED_EDGE('',*,*,#4042,.T.);
#3136=ORIENTED_EDGE('',*,*,#4043,.T.);
#3137=ORIENTED_EDGE('',*,*,#4044,.T.);
#3138=ORIENTED_EDGE('',*,*,#4045,.T.);
#3139=ORIENTED_EDGE('',*,*,#4046,.T.);
#3140=ORIENTED_EDGE('',*,*,#4047,.T.);
#3141=ORIENTED_EDGE('',*,*,#4048,.T.);
#3142=ORIENTED_EDGE('',*,*,#4049,.T.);
#3143=ORIENTED_EDGE('',*,*,#4050,.T.);
#3144=ORIENTED_EDGE('',*,*,#4051,.T.);
#3145=ORIENTED_EDGE('',*,*,#4052,.T.);
#3146=ORIENTED_EDGE('',*,*,#4053,.T.);
#3147=ORIENTED_EDGE('',*,*,#4054,.T.);
#3148=ORIENTED_EDGE('',*,*,#4014,.F.);
#3149=ORIENTED_EDGE('',*,*,#4055,.T.);
#3150=ORIENTED_EDGE('',*,*,#4056,.T.);
#3151=ORIENTED_EDGE('',*,*,#4057,.T.);
#3152=ORIENTED_EDGE('',*,*,#4058,.T.);
#3153=ORIENTED_EDGE('',*,*,#4059,.T.);
#3154=ORIENTED_EDGE('',*,*,#4055,.F.);
#3155=ORIENTED_EDGE('',*,*,#4013,.F.);
#3156=ORIENTED_EDGE('',*,*,#3993,.F.);
#3157=ORIENTED_EDGE('',*,*,#4060,.T.);
#3158=ORIENTED_EDGE('',*,*,#4056,.F.);
#3159=ORIENTED_EDGE('',*,*,#4060,.F.);
#3160=ORIENTED_EDGE('',*,*,#3992,.F.);
#3161=ORIENTED_EDGE('',*,*,#4061,.T.);
#3162=ORIENTED_EDGE('',*,*,#4057,.F.);
#3163=ORIENTED_EDGE('',*,*,#4061,.F.);
#3164=ORIENTED_EDGE('',*,*,#3991,.F.);
#3165=ORIENTED_EDGE('',*,*,#4062,.T.);
#3166=ORIENTED_EDGE('',*,*,#4058,.F.);
#3167=ORIENTED_EDGE('',*,*,#4062,.F.);
#3168=ORIENTED_EDGE('',*,*,#3990,.F.);
#3169=ORIENTED_EDGE('',*,*,#4063,.T.);
#3170=ORIENTED_EDGE('',*,*,#4059,.F.);
#3171=ORIENTED_EDGE('',*,*,#4063,.F.);
#3172=ORIENTED_EDGE('',*,*,#3989,.F.);
#3173=ORIENTED_EDGE('',*,*,#4064,.T.);
#3174=ORIENTED_EDGE('',*,*,#4016,.F.);
#3175=ORIENTED_EDGE('',*,*,#4064,.F.);
#3176=ORIENTED_EDGE('',*,*,#3988,.F.);
#3177=ORIENTED_EDGE('',*,*,#4010,.F.);
#3178=ORIENTED_EDGE('',*,*,#4065,.T.);
#3179=ORIENTED_EDGE('',*,*,#4066,.T.);
#3180=ORIENTED_EDGE('',*,*,#3995,.T.);
#3181=ORIENTED_EDGE('',*,*,#4015,.F.);
#3182=ORIENTED_EDGE('',*,*,#4054,.F.);
#3183=ORIENTED_EDGE('',*,*,#4067,.F.);
#3184=ORIENTED_EDGE('',*,*,#4068,.F.);
#3185=ORIENTED_EDGE('',*,*,#4069,.F.);
#3186=ORIENTED_EDGE('',*,*,#4070,.F.);
#3187=ORIENTED_EDGE('',*,*,#3996,.F.);
#3188=ORIENTED_EDGE('',*,*,#4066,.F.);
#3189=ORIENTED_EDGE('',*,*,#4071,.T.);
#3190=ORIENTED_EDGE('',*,*,#4072,.F.);
#3191=ORIENTED_EDGE('',*,*,#4073,.T.);
#3192=ORIENTED_EDGE('',*,*,#4074,.T.);
#3193=ORIENTED_EDGE('',*,*,#3997,.T.);
#3194=ORIENTED_EDGE('',*,*,#4070,.T.);
#3195=ORIENTED_EDGE('',*,*,#4075,.T.);
#3196=ORIENTED_EDGE('',*,*,#4076,.T.);
#3197=ORIENTED_EDGE('',*,*,#4077,.T.);
#3198=ORIENTED_EDGE('',*,*,#3998,.T.);
#3199=ORIENTED_EDGE('',*,*,#4074,.F.);
#3200=ORIENTED_EDGE('',*,*,#4078,.F.);
#3201=ORIENTED_EDGE('',*,*,#4079,.F.);
#3202=ORIENTED_EDGE('',*,*,#4080,.F.);
#3203=ORIENTED_EDGE('',*,*,#4081,.F.);
#3204=ORIENTED_EDGE('',*,*,#4082,.F.);
#3205=ORIENTED_EDGE('',*,*,#4083,.F.);
#3206=ORIENTED_EDGE('',*,*,#4084,.F.);
#3207=ORIENTED_EDGE('',*,*,#4085,.F.);
#3208=ORIENTED_EDGE('',*,*,#4086,.F.);
#3209=ORIENTED_EDGE('',*,*,#4087,.F.);
#3210=ORIENTED_EDGE('',*,*,#4088,.F.);
#3211=ORIENTED_EDGE('',*,*,#4089,.F.);
#3212=ORIENTED_EDGE('',*,*,#4090,.F.);
#3213=ORIENTED_EDGE('',*,*,#4091,.F.);
#3214=ORIENTED_EDGE('',*,*,#4092,.F.);
#3215=ORIENTED_EDGE('',*,*,#4093,.F.);
#3216=ORIENTED_EDGE('',*,*,#4094,.F.);
#3217=ORIENTED_EDGE('',*,*,#4095,.F.);
#3218=ORIENTED_EDGE('',*,*,#4096,.F.);
#3219=ORIENTED_EDGE('',*,*,#4097,.F.);
#3220=ORIENTED_EDGE('',*,*,#4098,.F.);
#3221=ORIENTED_EDGE('',*,*,#4099,.F.);
#3222=ORIENTED_EDGE('',*,*,#4100,.F.);
#3223=ORIENTED_EDGE('',*,*,#4101,.F.);
#3224=ORIENTED_EDGE('',*,*,#4102,.F.);
#3225=ORIENTED_EDGE('',*,*,#4103,.F.);
#3226=ORIENTED_EDGE('',*,*,#4104,.F.);
#3227=ORIENTED_EDGE('',*,*,#4105,.F.);
#3228=ORIENTED_EDGE('',*,*,#4106,.F.);
#3229=ORIENTED_EDGE('',*,*,#4107,.T.);
#3230=ORIENTED_EDGE('',*,*,#4108,.T.);
#3231=ORIENTED_EDGE('',*,*,#3999,.F.);
#3232=ORIENTED_EDGE('',*,*,#4077,.F.);
#3233=ORIENTED_EDGE('',*,*,#4109,.F.);
#3234=ORIENTED_EDGE('',*,*,#4108,.F.);
#3235=ORIENTED_EDGE('',*,*,#4110,.T.);
#3236=ORIENTED_EDGE('',*,*,#4111,.F.);
#3237=ORIENTED_EDGE('',*,*,#4000,.F.);
#3238=ORIENTED_EDGE('',*,*,#4112,.T.);
#3239=ORIENTED_EDGE('',*,*,#4113,.T.);
#3240=ORIENTED_EDGE('',*,*,#4114,.T.);
#3241=ORIENTED_EDGE('',*,*,#4115,.T.);
#3242=ORIENTED_EDGE('',*,*,#4024,.T.);
#3243=ORIENTED_EDGE('',*,*,#4116,.T.);
#3244=ORIENTED_EDGE('',*,*,#4001,.T.);
#3245=ORIENTED_EDGE('',*,*,#4111,.T.);
#3246=ORIENTED_EDGE('',*,*,#4117,.T.);
#3247=ORIENTED_EDGE('',*,*,#4002,.T.);
#3248=ORIENTED_EDGE('',*,*,#4116,.F.);
#3249=ORIENTED_EDGE('',*,*,#4023,.T.);
#3250=ORIENTED_EDGE('',*,*,#4003,.F.);
#3251=ORIENTED_EDGE('',*,*,#4117,.F.);
#3252=ORIENTED_EDGE('',*,*,#4022,.F.);
#3253=ORIENTED_EDGE('',*,*,#4118,.F.);
#3254=ORIENTED_EDGE('',*,*,#4004,.F.);
#3255=ORIENTED_EDGE('',*,*,#4118,.T.);
#3256=ORIENTED_EDGE('',*,*,#4021,.F.);
#3257=ORIENTED_EDGE('',*,*,#4119,.F.);
#3258=ORIENTED_EDGE('',*,*,#4005,.F.);
#3259=ORIENTED_EDGE('',*,*,#4119,.T.);
#3260=ORIENTED_EDGE('',*,*,#4020,.F.);
#3261=ORIENTED_EDGE('',*,*,#4120,.F.);
#3262=ORIENTED_EDGE('',*,*,#4006,.F.);
#3263=ORIENTED_EDGE('',*,*,#4120,.T.);
#3264=ORIENTED_EDGE('',*,*,#4019,.F.);
#3265=ORIENTED_EDGE('',*,*,#4121,.F.);
#3266=ORIENTED_EDGE('',*,*,#4007,.F.);
#3267=ORIENTED_EDGE('',*,*,#4121,.T.);
#3268=ORIENTED_EDGE('',*,*,#4018,.F.);
#3269=ORIENTED_EDGE('',*,*,#4122,.F.);
#3270=ORIENTED_EDGE('',*,*,#4008,.F.);
#3271=ORIENTED_EDGE('',*,*,#4122,.T.);
#3272=ORIENTED_EDGE('',*,*,#4017,.F.);
#3273=ORIENTED_EDGE('',*,*,#4011,.F.);
#3274=ORIENTED_EDGE('',*,*,#4123,.T.);
#3275=ORIENTED_EDGE('',*,*,#4025,.T.);
#3276=ORIENTED_EDGE('',*,*,#4115,.F.);
#3277=ORIENTED_EDGE('',*,*,#4124,.F.);
#3278=ORIENTED_EDGE('',*,*,#4125,.F.);
#3279=ORIENTED_EDGE('',*,*,#4126,.F.);
#3280=ORIENTED_EDGE('',*,*,#4026,.F.);
#3281=ORIENTED_EDGE('',*,*,#4123,.F.);
#3282=ORIENTED_EDGE('',*,*,#4127,.F.);
#3283=ORIENTED_EDGE('',*,*,#4128,.T.);
#3284=ORIENTED_EDGE('',*,*,#4027,.F.);
#3285=ORIENTED_EDGE('',*,*,#4126,.T.);
#3286=ORIENTED_EDGE('',*,*,#4129,.F.);
#3287=ORIENTED_EDGE('',*,*,#4130,.F.);
#3288=ORIENTED_EDGE('',*,*,#4131,.F.);
#3289=ORIENTED_EDGE('',*,*,#4132,.F.);
#3290=ORIENTED_EDGE('',*,*,#4133,.F.);
#3291=ORIENTED_EDGE('',*,*,#4134,.F.);
#3292=ORIENTED_EDGE('',*,*,#4028,.F.);
#3293=ORIENTED_EDGE('',*,*,#4128,.F.);
#3294=ORIENTED_EDGE('',*,*,#4135,.T.);
#3295=ORIENTED_EDGE('',*,*,#4029,.F.);
#3296=ORIENTED_EDGE('',*,*,#4134,.T.);
#3297=ORIENTED_EDGE('',*,*,#4136,.F.);
#3298=ORIENTED_EDGE('',*,*,#4135,.F.);
#3299=ORIENTED_EDGE('',*,*,#4137,.F.);
#3300=ORIENTED_EDGE('',*,*,#4138,.F.);
#3301=ORIENTED_EDGE('',*,*,#4030,.F.);
#3302=ORIENTED_EDGE('',*,*,#4031,.F.);
#3303=ORIENTED_EDGE('',*,*,#4138,.T.);
#3304=ORIENTED_EDGE('',*,*,#4139,.F.);
#3305=ORIENTED_EDGE('',*,*,#4140,.T.);
#3306=ORIENTED_EDGE('',*,*,#4141,.F.);
#3307=ORIENTED_EDGE('',*,*,#4142,.F.);
#3308=ORIENTED_EDGE('',*,*,#4143,.F.);
#3309=ORIENTED_EDGE('',*,*,#4144,.F.);
#3310=ORIENTED_EDGE('',*,*,#4145,.F.);
#3311=ORIENTED_EDGE('',*,*,#4032,.F.);
#3312=ORIENTED_EDGE('',*,*,#4140,.F.);
#3313=ORIENTED_EDGE('',*,*,#4146,.F.);
#3314=ORIENTED_EDGE('',*,*,#4145,.T.);
#3315=ORIENTED_EDGE('',*,*,#4147,.F.);
#3316=ORIENTED_EDGE('',*,*,#4148,.T.);
#3317=ORIENTED_EDGE('',*,*,#4033,.F.);
#3318=ORIENTED_EDGE('',*,*,#4148,.F.);
#3319=ORIENTED_EDGE('',*,*,#4149,.F.);
#3320=ORIENTED_EDGE('',*,*,#4150,.F.);
#3321=ORIENTED_EDGE('',*,*,#4034,.F.);
#3322=ORIENTED_EDGE('',*,*,#4035,.F.);
#3323=ORIENTED_EDGE('',*,*,#4150,.T.);
#3324=ORIENTED_EDGE('',*,*,#4151,.F.);
#3325=ORIENTED_EDGE('',*,*,#4152,.T.);
#3326=ORIENTED_EDGE('',*,*,#4153,.F.);
#3327=ORIENTED_EDGE('',*,*,#4154,.F.);
#3328=ORIENTED_EDGE('',*,*,#4155,.F.);
#3329=ORIENTED_EDGE('',*,*,#4156,.F.);
#3330=ORIENTED_EDGE('',*,*,#4157,.F.);
#3331=ORIENTED_EDGE('',*,*,#4036,.F.);
#3332=ORIENTED_EDGE('',*,*,#4152,.F.);
#3333=ORIENTED_EDGE('',*,*,#4158,.F.);
#3334=ORIENTED_EDGE('',*,*,#4157,.T.);
#3335=ORIENTED_EDGE('',*,*,#4159,.F.);
#3336=ORIENTED_EDGE('',*,*,#4160,.T.);
#3337=ORIENTED_EDGE('',*,*,#4037,.F.);
#3338=ORIENTED_EDGE('',*,*,#4160,.F.);
#3339=ORIENTED_EDGE('',*,*,#4161,.F.);
#3340=ORIENTED_EDGE('',*,*,#4162,.F.);
#3341=ORIENTED_EDGE('',*,*,#4038,.F.);
#3342=ORIENTED_EDGE('',*,*,#4039,.F.);
#3343=ORIENTED_EDGE('',*,*,#4162,.T.);
#3344=ORIENTED_EDGE('',*,*,#4163,.F.);
#3345=ORIENTED_EDGE('',*,*,#4164,.T.);
#3346=ORIENTED_EDGE('',*,*,#4165,.F.);
#3347=ORIENTED_EDGE('',*,*,#4166,.F.);
#3348=ORIENTED_EDGE('',*,*,#4167,.F.);
#3349=ORIENTED_EDGE('',*,*,#4168,.F.);
#3350=ORIENTED_EDGE('',*,*,#4169,.F.);
#3351=ORIENTED_EDGE('',*,*,#4040,.F.);
#3352=ORIENTED_EDGE('',*,*,#4164,.F.);
#3353=ORIENTED_EDGE('',*,*,#4170,.F.);
#3354=ORIENTED_EDGE('',*,*,#4169,.T.);
#3355=ORIENTED_EDGE('',*,*,#4171,.F.);
#3356=ORIENTED_EDGE('',*,*,#4172,.T.);
#3357=ORIENTED_EDGE('',*,*,#4041,.F.);
#3358=ORIENTED_EDGE('',*,*,#4172,.F.);
#3359=ORIENTED_EDGE('',*,*,#4173,.F.);
#3360=ORIENTED_EDGE('',*,*,#4174,.F.);
#3361=ORIENTED_EDGE('',*,*,#4042,.F.);
#3362=ORIENTED_EDGE('',*,*,#4043,.F.);
#3363=ORIENTED_EDGE('',*,*,#4174,.T.);
#3364=ORIENTED_EDGE('',*,*,#4175,.F.);
#3365=ORIENTED_EDGE('',*,*,#4176,.T.);
#3366=ORIENTED_EDGE('',*,*,#4177,.F.);
#3367=ORIENTED_EDGE('',*,*,#4178,.F.);
#3368=ORIENTED_EDGE('',*,*,#4179,.F.);
#3369=ORIENTED_EDGE('',*,*,#4180,.F.);
#3370=ORIENTED_EDGE('',*,*,#4181,.F.);
#3371=ORIENTED_EDGE('',*,*,#4044,.F.);
#3372=ORIENTED_EDGE('',*,*,#4176,.F.);
#3373=ORIENTED_EDGE('',*,*,#4182,.F.);
#3374=ORIENTED_EDGE('',*,*,#4181,.T.);
#3375=ORIENTED_EDGE('',*,*,#4183,.F.);
#3376=ORIENTED_EDGE('',*,*,#4184,.T.);
#3377=ORIENTED_EDGE('',*,*,#4045,.F.);
#3378=ORIENTED_EDGE('',*,*,#4184,.F.);
#3379=ORIENTED_EDGE('',*,*,#4185,.F.);
#3380=ORIENTED_EDGE('',*,*,#4186,.F.);
#3381=ORIENTED_EDGE('',*,*,#4046,.F.);
#3382=ORIENTED_EDGE('',*,*,#4047,.F.);
#3383=ORIENTED_EDGE('',*,*,#4186,.T.);
#3384=ORIENTED_EDGE('',*,*,#4187,.F.);
#3385=ORIENTED_EDGE('',*,*,#4188,.T.);
#3386=ORIENTED_EDGE('',*,*,#4189,.F.);
#3387=ORIENTED_EDGE('',*,*,#4190,.F.);
#3388=ORIENTED_EDGE('',*,*,#4191,.F.);
#3389=ORIENTED_EDGE('',*,*,#4192,.F.);
#3390=ORIENTED_EDGE('',*,*,#4193,.F.);
#3391=ORIENTED_EDGE('',*,*,#4048,.F.);
#3392=ORIENTED_EDGE('',*,*,#4188,.F.);
#3393=ORIENTED_EDGE('',*,*,#4194,.F.);
#3394=ORIENTED_EDGE('',*,*,#4193,.T.);
#3395=ORIENTED_EDGE('',*,*,#4195,.F.);
#3396=ORIENTED_EDGE('',*,*,#4196,.T.);
#3397=ORIENTED_EDGE('',*,*,#4049,.F.);
#3398=ORIENTED_EDGE('',*,*,#4196,.F.);
#3399=ORIENTED_EDGE('',*,*,#4197,.F.);
#3400=ORIENTED_EDGE('',*,*,#4198,.F.);
#3401=ORIENTED_EDGE('',*,*,#4050,.F.);
#3402=ORIENTED_EDGE('',*,*,#4051,.F.);
#3403=ORIENTED_EDGE('',*,*,#4198,.T.);
#3404=ORIENTED_EDGE('',*,*,#4199,.F.);
#3405=ORIENTED_EDGE('',*,*,#4200,.T.);
#3406=ORIENTED_EDGE('',*,*,#4201,.F.);
#3407=ORIENTED_EDGE('',*,*,#4202,.F.);
#3408=ORIENTED_EDGE('',*,*,#4203,.F.);
#3409=ORIENTED_EDGE('',*,*,#4204,.F.);
#3410=ORIENTED_EDGE('',*,*,#4205,.F.);
#3411=ORIENTED_EDGE('',*,*,#4052,.F.);
#3412=ORIENTED_EDGE('',*,*,#4200,.F.);
#3413=ORIENTED_EDGE('',*,*,#4206,.F.);
#3414=ORIENTED_EDGE('',*,*,#4205,.T.);
#3415=ORIENTED_EDGE('',*,*,#4207,.T.);
#3416=ORIENTED_EDGE('',*,*,#4067,.T.);
#3417=ORIENTED_EDGE('',*,*,#4053,.F.);
#3418=ORIENTED_EDGE('',*,*,#4208,.F.);
#3419=ORIENTED_EDGE('',*,*,#4075,.F.);
#3420=ORIENTED_EDGE('',*,*,#4071,.F.);
#3421=ORIENTED_EDGE('',*,*,#4065,.F.);
#3422=ORIENTED_EDGE('',*,*,#4209,.F.);
#3423=ORIENTED_EDGE('',*,*,#4146,.T.);
#3424=ORIENTED_EDGE('',*,*,#4139,.T.);
#3425=ORIENTED_EDGE('',*,*,#4137,.T.);
#3426=ORIENTED_EDGE('',*,*,#4136,.T.);
#3427=ORIENTED_EDGE('',*,*,#4133,.T.);
#3428=ORIENTED_EDGE('',*,*,#4127,.T.);
#3429=ORIENTED_EDGE('',*,*,#4125,.T.);
#3430=ORIENTED_EDGE('',*,*,#4124,.T.);
#3431=ORIENTED_EDGE('',*,*,#4114,.F.);
#3432=ORIENTED_EDGE('',*,*,#4210,.F.);
#3433=ORIENTED_EDGE('',*,*,#4068,.T.);
#3434=ORIENTED_EDGE('',*,*,#4207,.F.);
#3435=ORIENTED_EDGE('',*,*,#4206,.T.);
#3436=ORIENTED_EDGE('',*,*,#4199,.T.);
#3437=ORIENTED_EDGE('',*,*,#4197,.T.);
#3438=ORIENTED_EDGE('',*,*,#4195,.T.);
#3439=ORIENTED_EDGE('',*,*,#4194,.T.);
#3440=ORIENTED_EDGE('',*,*,#4187,.T.);
#3441=ORIENTED_EDGE('',*,*,#4185,.T.);
#3442=ORIENTED_EDGE('',*,*,#4183,.T.);
#3443=ORIENTED_EDGE('',*,*,#4182,.T.);
#3444=ORIENTED_EDGE('',*,*,#4175,.T.);
#3445=ORIENTED_EDGE('',*,*,#4173,.T.);
#3446=ORIENTED_EDGE('',*,*,#4171,.T.);
#3447=ORIENTED_EDGE('',*,*,#4170,.T.);
#3448=ORIENTED_EDGE('',*,*,#4163,.T.);
#3449=ORIENTED_EDGE('',*,*,#4161,.T.);
#3450=ORIENTED_EDGE('',*,*,#4159,.T.);
#3451=ORIENTED_EDGE('',*,*,#4158,.T.);
#3452=ORIENTED_EDGE('',*,*,#4151,.T.);
#3453=ORIENTED_EDGE('',*,*,#4149,.T.);
#3454=ORIENTED_EDGE('',*,*,#4147,.T.);
#3455=ORIENTED_EDGE('',*,*,#4211,.T.);
#3456=ORIENTED_EDGE('',*,*,#4212,.T.);
#3457=ORIENTED_EDGE('',*,*,#4213,.T.);
#3458=ORIENTED_EDGE('',*,*,#4209,.T.);
#3459=ORIENTED_EDGE('',*,*,#4069,.T.);
#3460=ORIENTED_EDGE('',*,*,#4210,.T.);
#3461=ORIENTED_EDGE('',*,*,#4113,.F.);
#3462=ORIENTED_EDGE('',*,*,#4214,.T.);
#3463=ORIENTED_EDGE('',*,*,#4213,.F.);
#3464=ORIENTED_EDGE('',*,*,#4215,.F.);
#3465=ORIENTED_EDGE('',*,*,#4072,.T.);
#3466=ORIENTED_EDGE('',*,*,#4208,.T.);
#3467=ORIENTED_EDGE('',*,*,#4216,.F.);
#3468=ORIENTED_EDGE('',*,*,#4109,.T.);
#3469=ORIENTED_EDGE('',*,*,#4076,.F.);
#3470=ORIENTED_EDGE('',*,*,#4073,.F.);
#3471=ORIENTED_EDGE('',*,*,#4217,.F.);
#3472=ORIENTED_EDGE('',*,*,#4218,.F.);
#3473=ORIENTED_EDGE('',*,*,#4078,.T.);
#3474=ORIENTED_EDGE('',*,*,#4219,.T.);
#3475=ORIENTED_EDGE('',*,*,#4220,.F.);
#3476=ORIENTED_EDGE('',*,*,#4221,.F.);
#3477=ORIENTED_EDGE('',*,*,#4079,.T.);
#3478=ORIENTED_EDGE('',*,*,#4218,.T.);
#3479=ORIENTED_EDGE('',*,*,#4222,.F.);
#3480=ORIENTED_EDGE('',*,*,#4223,.F.);
#3481=ORIENTED_EDGE('',*,*,#4080,.T.);
#3482=ORIENTED_EDGE('',*,*,#4221,.T.);
#3483=ORIENTED_EDGE('',*,*,#4224,.F.);
#3484=ORIENTED_EDGE('',*,*,#4219,.F.);
#3485=ORIENTED_EDGE('',*,*,#4081,.T.);
#3486=ORIENTED_EDGE('',*,*,#4223,.T.);
#3487=ORIENTED_EDGE('',*,*,#4225,.F.);
#3488=ORIENTED_EDGE('',*,*,#4226,.F.);
#3489=ORIENTED_EDGE('',*,*,#4082,.T.);
#3490=ORIENTED_EDGE('',*,*,#4227,.T.);
#3491=ORIENTED_EDGE('',*,*,#4228,.F.);
#3492=ORIENTED_EDGE('',*,*,#4229,.F.);
#3493=ORIENTED_EDGE('',*,*,#4083,.T.);
#3494=ORIENTED_EDGE('',*,*,#4226,.T.);
#3495=ORIENTED_EDGE('',*,*,#4230,.F.);
#3496=ORIENTED_EDGE('',*,*,#4231,.F.);
#3497=ORIENTED_EDGE('',*,*,#4084,.T.);
#3498=ORIENTED_EDGE('',*,*,#4229,.T.);
#3499=ORIENTED_EDGE('',*,*,#4232,.F.);
#3500=ORIENTED_EDGE('',*,*,#4227,.F.);
#3501=ORIENTED_EDGE('',*,*,#4085,.T.);
#3502=ORIENTED_EDGE('',*,*,#4231,.T.);
#3503=ORIENTED_EDGE('',*,*,#4233,.F.);
#3504=ORIENTED_EDGE('',*,*,#4234,.F.);
#3505=ORIENTED_EDGE('',*,*,#4086,.T.);
#3506=ORIENTED_EDGE('',*,*,#4235,.T.);
#3507=ORIENTED_EDGE('',*,*,#4236,.F.);
#3508=ORIENTED_EDGE('',*,*,#4237,.F.);
#3509=ORIENTED_EDGE('',*,*,#4087,.T.);
#3510=ORIENTED_EDGE('',*,*,#4234,.T.);
#3511=ORIENTED_EDGE('',*,*,#4238,.F.);
#3512=ORIENTED_EDGE('',*,*,#4239,.F.);
#3513=ORIENTED_EDGE('',*,*,#4088,.T.);
#3514=ORIENTED_EDGE('',*,*,#4237,.T.);
#3515=ORIENTED_EDGE('',*,*,#4240,.F.);
#3516=ORIENTED_EDGE('',*,*,#4235,.F.);
#3517=ORIENTED_EDGE('',*,*,#4089,.T.);
#3518=ORIENTED_EDGE('',*,*,#4239,.T.);
#3519=ORIENTED_EDGE('',*,*,#4241,.F.);
#3520=ORIENTED_EDGE('',*,*,#4242,.F.);
#3521=ORIENTED_EDGE('',*,*,#4090,.T.);
#3522=ORIENTED_EDGE('',*,*,#4243,.T.);
#3523=ORIENTED_EDGE('',*,*,#4244,.F.);
#3524=ORIENTED_EDGE('',*,*,#4245,.F.);
#3525=ORIENTED_EDGE('',*,*,#4091,.T.);
#3526=ORIENTED_EDGE('',*,*,#4242,.T.);
#3527=ORIENTED_EDGE('',*,*,#4246,.F.);
#3528=ORIENTED_EDGE('',*,*,#4247,.F.);
#3529=ORIENTED_EDGE('',*,*,#4092,.T.);
#3530=ORIENTED_EDGE('',*,*,#4245,.T.);
#3531=ORIENTED_EDGE('',*,*,#4248,.F.);
#3532=ORIENTED_EDGE('',*,*,#4243,.F.);
#3533=ORIENTED_EDGE('',*,*,#4093,.T.);
#3534=ORIENTED_EDGE('',*,*,#4247,.T.);
#3535=ORIENTED_EDGE('',*,*,#4249,.F.);
#3536=ORIENTED_EDGE('',*,*,#4250,.F.);
#3537=ORIENTED_EDGE('',*,*,#4094,.T.);
#3538=ORIENTED_EDGE('',*,*,#4251,.T.);
#3539=ORIENTED_EDGE('',*,*,#4252,.F.);
#3540=ORIENTED_EDGE('',*,*,#4253,.F.);
#3541=ORIENTED_EDGE('',*,*,#4095,.T.);
#3542=ORIENTED_EDGE('',*,*,#4250,.T.);
#3543=ORIENTED_EDGE('',*,*,#4254,.F.);
#3544=ORIENTED_EDGE('',*,*,#4255,.F.);
#3545=ORIENTED_EDGE('',*,*,#4096,.T.);
#3546=ORIENTED_EDGE('',*,*,#4253,.T.);
#3547=ORIENTED_EDGE('',*,*,#4256,.F.);
#3548=ORIENTED_EDGE('',*,*,#4251,.F.);
#3549=ORIENTED_EDGE('',*,*,#4097,.T.);
#3550=ORIENTED_EDGE('',*,*,#4255,.T.);
#3551=ORIENTED_EDGE('',*,*,#4257,.F.);
#3552=ORIENTED_EDGE('',*,*,#4258,.F.);
#3553=ORIENTED_EDGE('',*,*,#4098,.T.);
#3554=ORIENTED_EDGE('',*,*,#4259,.T.);
#3555=ORIENTED_EDGE('',*,*,#4260,.F.);
#3556=ORIENTED_EDGE('',*,*,#4261,.F.);
#3557=ORIENTED_EDGE('',*,*,#4099,.T.);
#3558=ORIENTED_EDGE('',*,*,#4258,.T.);
#3559=ORIENTED_EDGE('',*,*,#4262,.F.);
#3560=ORIENTED_EDGE('',*,*,#4263,.F.);
#3561=ORIENTED_EDGE('',*,*,#4100,.T.);
#3562=ORIENTED_EDGE('',*,*,#4261,.T.);
#3563=ORIENTED_EDGE('',*,*,#4264,.F.);
#3564=ORIENTED_EDGE('',*,*,#4259,.F.);
#3565=ORIENTED_EDGE('',*,*,#4101,.T.);
#3566=ORIENTED_EDGE('',*,*,#4263,.T.);
#3567=ORIENTED_EDGE('',*,*,#4265,.F.);
#3568=ORIENTED_EDGE('',*,*,#4266,.F.);
#3569=ORIENTED_EDGE('',*,*,#4102,.T.);
#3570=ORIENTED_EDGE('',*,*,#4267,.T.);
#3571=ORIENTED_EDGE('',*,*,#4268,.F.);
#3572=ORIENTED_EDGE('',*,*,#4269,.F.);
#3573=ORIENTED_EDGE('',*,*,#4103,.T.);
#3574=ORIENTED_EDGE('',*,*,#4266,.T.);
#3575=ORIENTED_EDGE('',*,*,#4270,.F.);
#3576=ORIENTED_EDGE('',*,*,#4271,.F.);
#3577=ORIENTED_EDGE('',*,*,#4104,.T.);
#3578=ORIENTED_EDGE('',*,*,#4269,.T.);
#3579=ORIENTED_EDGE('',*,*,#4272,.F.);
#3580=ORIENTED_EDGE('',*,*,#4267,.F.);
#3581=ORIENTED_EDGE('',*,*,#4105,.T.);
#3582=ORIENTED_EDGE('',*,*,#4271,.T.);
#3583=ORIENTED_EDGE('',*,*,#4211,.F.);
#3584=ORIENTED_EDGE('',*,*,#4273,.T.);
#3585=ORIENTED_EDGE('',*,*,#4106,.T.);
#3586=ORIENTED_EDGE('',*,*,#4274,.T.);
#3587=ORIENTED_EDGE('',*,*,#4273,.F.);
#3588=ORIENTED_EDGE('',*,*,#4214,.F.);
#3589=ORIENTED_EDGE('',*,*,#4112,.F.);
#3590=ORIENTED_EDGE('',*,*,#4110,.F.);
#3591=ORIENTED_EDGE('',*,*,#4107,.F.);
#3592=ORIENTED_EDGE('',*,*,#4275,.T.);
#3593=ORIENTED_EDGE('',*,*,#4276,.T.);
#3594=ORIENTED_EDGE('',*,*,#4129,.T.);
#3595=ORIENTED_EDGE('',*,*,#4277,.F.);
#3596=ORIENTED_EDGE('',*,*,#4278,.T.);
#3597=ORIENTED_EDGE('',*,*,#4279,.T.);
#3598=ORIENTED_EDGE('',*,*,#4130,.T.);
#3599=ORIENTED_EDGE('',*,*,#4276,.F.);
#3600=ORIENTED_EDGE('',*,*,#4280,.T.);
#3601=ORIENTED_EDGE('',*,*,#4281,.T.);
#3602=ORIENTED_EDGE('',*,*,#4131,.T.);
#3603=ORIENTED_EDGE('',*,*,#4279,.F.);
#3604=ORIENTED_EDGE('',*,*,#4282,.T.);
#3605=ORIENTED_EDGE('',*,*,#4277,.T.);
#3606=ORIENTED_EDGE('',*,*,#4132,.T.);
#3607=ORIENTED_EDGE('',*,*,#4281,.F.);
#3608=ORIENTED_EDGE('',*,*,#4283,.T.);
#3609=ORIENTED_EDGE('',*,*,#4284,.T.);
#3610=ORIENTED_EDGE('',*,*,#4141,.T.);
#3611=ORIENTED_EDGE('',*,*,#4285,.F.);
#3612=ORIENTED_EDGE('',*,*,#4286,.T.);
#3613=ORIENTED_EDGE('',*,*,#4287,.T.);
#3614=ORIENTED_EDGE('',*,*,#4142,.T.);
#3615=ORIENTED_EDGE('',*,*,#4284,.F.);
#3616=ORIENTED_EDGE('',*,*,#4288,.T.);
#3617=ORIENTED_EDGE('',*,*,#4289,.T.);
#3618=ORIENTED_EDGE('',*,*,#4143,.T.);
#3619=ORIENTED_EDGE('',*,*,#4287,.F.);
#3620=ORIENTED_EDGE('',*,*,#4290,.T.);
#3621=ORIENTED_EDGE('',*,*,#4285,.T.);
#3622=ORIENTED_EDGE('',*,*,#4144,.T.);
#3623=ORIENTED_EDGE('',*,*,#4289,.F.);
#3624=ORIENTED_EDGE('',*,*,#4291,.T.);
#3625=ORIENTED_EDGE('',*,*,#4292,.T.);
#3626=ORIENTED_EDGE('',*,*,#4153,.T.);
#3627=ORIENTED_EDGE('',*,*,#4293,.F.);
#3628=ORIENTED_EDGE('',*,*,#4294,.T.);
#3629=ORIENTED_EDGE('',*,*,#4295,.T.);
#3630=ORIENTED_EDGE('',*,*,#4154,.T.);
#3631=ORIENTED_EDGE('',*,*,#4292,.F.);
#3632=ORIENTED_EDGE('',*,*,#4296,.T.);
#3633=ORIENTED_EDGE('',*,*,#4297,.T.);
#3634=ORIENTED_EDGE('',*,*,#4155,.T.);
#3635=ORIENTED_EDGE('',*,*,#4295,.F.);
#3636=ORIENTED_EDGE('',*,*,#4298,.T.);
#3637=ORIENTED_EDGE('',*,*,#4293,.T.);
#3638=ORIENTED_EDGE('',*,*,#4156,.T.);
#3639=ORIENTED_EDGE('',*,*,#4297,.F.);
#3640=ORIENTED_EDGE('',*,*,#4299,.T.);
#3641=ORIENTED_EDGE('',*,*,#4300,.T.);
#3642=ORIENTED_EDGE('',*,*,#4165,.T.);
#3643=ORIENTED_EDGE('',*,*,#4301,.F.);
#3644=ORIENTED_EDGE('',*,*,#4302,.T.);
#3645=ORIENTED_EDGE('',*,*,#4303,.T.);
#3646=ORIENTED_EDGE('',*,*,#4166,.T.);
#3647=ORIENTED_EDGE('',*,*,#4300,.F.);
#3648=ORIENTED_EDGE('',*,*,#4304,.T.);
#3649=ORIENTED_EDGE('',*,*,#4305,.T.);
#3650=ORIENTED_EDGE('',*,*,#4167,.T.);
#3651=ORIENTED_EDGE('',*,*,#4303,.F.);
#3652=ORIENTED_EDGE('',*,*,#4306,.T.);
#3653=ORIENTED_EDGE('',*,*,#4301,.T.);
#3654=ORIENTED_EDGE('',*,*,#4168,.T.);
#3655=ORIENTED_EDGE('',*,*,#4305,.F.);
#3656=ORIENTED_EDGE('',*,*,#4307,.T.);
#3657=ORIENTED_EDGE('',*,*,#4308,.T.);
#3658=ORIENTED_EDGE('',*,*,#4177,.T.);
#3659=ORIENTED_EDGE('',*,*,#4309,.F.);
#3660=ORIENTED_EDGE('',*,*,#4310,.T.);
#3661=ORIENTED_EDGE('',*,*,#4311,.T.);
#3662=ORIENTED_EDGE('',*,*,#4178,.T.);
#3663=ORIENTED_EDGE('',*,*,#4308,.F.);
#3664=ORIENTED_EDGE('',*,*,#4312,.T.);
#3665=ORIENTED_EDGE('',*,*,#4313,.T.);
#3666=ORIENTED_EDGE('',*,*,#4179,.T.);
#3667=ORIENTED_EDGE('',*,*,#4311,.F.);
#3668=ORIENTED_EDGE('',*,*,#4314,.T.);
#3669=ORIENTED_EDGE('',*,*,#4309,.T.);
#3670=ORIENTED_EDGE('',*,*,#4180,.T.);
#3671=ORIENTED_EDGE('',*,*,#4313,.F.);
#3672=ORIENTED_EDGE('',*,*,#4315,.T.);
#3673=ORIENTED_EDGE('',*,*,#4316,.T.);
#3674=ORIENTED_EDGE('',*,*,#4189,.T.);
#3675=ORIENTED_EDGE('',*,*,#4317,.F.);
#3676=ORIENTED_EDGE('',*,*,#4318,.T.);
#3677=ORIENTED_EDGE('',*,*,#4319,.T.);
#3678=ORIENTED_EDGE('',*,*,#4190,.T.);
#3679=ORIENTED_EDGE('',*,*,#4316,.F.);
#3680=ORIENTED_EDGE('',*,*,#4320,.T.);
#3681=ORIENTED_EDGE('',*,*,#4321,.T.);
#3682=ORIENTED_EDGE('',*,*,#4191,.T.);
#3683=ORIENTED_EDGE('',*,*,#4319,.F.);
#3684=ORIENTED_EDGE('',*,*,#4322,.T.);
#3685=ORIENTED_EDGE('',*,*,#4317,.T.);
#3686=ORIENTED_EDGE('',*,*,#4192,.T.);
#3687=ORIENTED_EDGE('',*,*,#4321,.F.);
#3688=ORIENTED_EDGE('',*,*,#4323,.T.);
#3689=ORIENTED_EDGE('',*,*,#4324,.T.);
#3690=ORIENTED_EDGE('',*,*,#4201,.T.);
#3691=ORIENTED_EDGE('',*,*,#4325,.F.);
#3692=ORIENTED_EDGE('',*,*,#4326,.T.);
#3693=ORIENTED_EDGE('',*,*,#4327,.T.);
#3694=ORIENTED_EDGE('',*,*,#4202,.T.);
#3695=ORIENTED_EDGE('',*,*,#4324,.F.);
#3696=ORIENTED_EDGE('',*,*,#4328,.T.);
#3697=ORIENTED_EDGE('',*,*,#4329,.T.);
#3698=ORIENTED_EDGE('',*,*,#4203,.T.);
#3699=ORIENTED_EDGE('',*,*,#4327,.F.);
#3700=ORIENTED_EDGE('',*,*,#4330,.T.);
#3701=ORIENTED_EDGE('',*,*,#4325,.T.);
#3702=ORIENTED_EDGE('',*,*,#4204,.T.);
#3703=ORIENTED_EDGE('',*,*,#4329,.F.);
#3704=ORIENTED_EDGE('',*,*,#4212,.F.);
#3705=ORIENTED_EDGE('',*,*,#4274,.F.);
#3706=ORIENTED_EDGE('',*,*,#4216,.T.);
#3707=ORIENTED_EDGE('',*,*,#4215,.T.);
#3708=ORIENTED_EDGE('',*,*,#4217,.T.);
#3709=ORIENTED_EDGE('',*,*,#4331,.T.);
#3710=ORIENTED_EDGE('',*,*,#4332,.F.);
#3711=ORIENTED_EDGE('',*,*,#4333,.F.);
#3712=ORIENTED_EDGE('',*,*,#4220,.T.);
#3713=ORIENTED_EDGE('',*,*,#4333,.T.);
#3714=ORIENTED_EDGE('',*,*,#4334,.F.);
#3715=ORIENTED_EDGE('',*,*,#4335,.F.);
#3716=ORIENTED_EDGE('',*,*,#4222,.T.);
#3717=ORIENTED_EDGE('',*,*,#4335,.T.);
#3718=ORIENTED_EDGE('',*,*,#4336,.F.);
#3719=ORIENTED_EDGE('',*,*,#4337,.F.);
#3720=ORIENTED_EDGE('',*,*,#4224,.T.);
#3721=ORIENTED_EDGE('',*,*,#4337,.T.);
#3722=ORIENTED_EDGE('',*,*,#4338,.F.);
#3723=ORIENTED_EDGE('',*,*,#4331,.F.);
#3724=ORIENTED_EDGE('',*,*,#4225,.T.);
#3725=ORIENTED_EDGE('',*,*,#4339,.T.);
#3726=ORIENTED_EDGE('',*,*,#4340,.F.);
#3727=ORIENTED_EDGE('',*,*,#4341,.F.);
#3728=ORIENTED_EDGE('',*,*,#4228,.T.);
#3729=ORIENTED_EDGE('',*,*,#4341,.T.);
#3730=ORIENTED_EDGE('',*,*,#4342,.F.);
#3731=ORIENTED_EDGE('',*,*,#4343,.F.);
#3732=ORIENTED_EDGE('',*,*,#4230,.T.);
#3733=ORIENTED_EDGE('',*,*,#4343,.T.);
#3734=ORIENTED_EDGE('',*,*,#4344,.F.);
#3735=ORIENTED_EDGE('',*,*,#4345,.F.);
#3736=ORIENTED_EDGE('',*,*,#4232,.T.);
#3737=ORIENTED_EDGE('',*,*,#4345,.T.);
#3738=ORIENTED_EDGE('',*,*,#4346,.F.);
#3739=ORIENTED_EDGE('',*,*,#4339,.F.);
#3740=ORIENTED_EDGE('',*,*,#4233,.T.);
#3741=ORIENTED_EDGE('',*,*,#4347,.T.);
#3742=ORIENTED_EDGE('',*,*,#4348,.F.);
#3743=ORIENTED_EDGE('',*,*,#4349,.F.);
#3744=ORIENTED_EDGE('',*,*,#4236,.T.);
#3745=ORIENTED_EDGE('',*,*,#4349,.T.);
#3746=ORIENTED_EDGE('',*,*,#4350,.F.);
#3747=ORIENTED_EDGE('',*,*,#4351,.F.);
#3748=ORIENTED_EDGE('',*,*,#4238,.T.);
#3749=ORIENTED_EDGE('',*,*,#4351,.T.);
#3750=ORIENTED_EDGE('',*,*,#4352,.F.);
#3751=ORIENTED_EDGE('',*,*,#4353,.F.);
#3752=ORIENTED_EDGE('',*,*,#4240,.T.);
#3753=ORIENTED_EDGE('',*,*,#4353,.T.);
#3754=ORIENTED_EDGE('',*,*,#4354,.F.);
#3755=ORIENTED_EDGE('',*,*,#4347,.F.);
#3756=ORIENTED_EDGE('',*,*,#4241,.T.);
#3757=ORIENTED_EDGE('',*,*,#4355,.T.);
#3758=ORIENTED_EDGE('',*,*,#4356,.F.);
#3759=ORIENTED_EDGE('',*,*,#4357,.F.);
#3760=ORIENTED_EDGE('',*,*,#4244,.T.);
#3761=ORIENTED_EDGE('',*,*,#4357,.T.);
#3762=ORIENTED_EDGE('',*,*,#4358,.F.);
#3763=ORIENTED_EDGE('',*,*,#4359,.F.);
#3764=ORIENTED_EDGE('',*,*,#4246,.T.);
#3765=ORIENTED_EDGE('',*,*,#4359,.T.);
#3766=ORIENTED_EDGE('',*,*,#4360,.F.);
#3767=ORIENTED_EDGE('',*,*,#4361,.F.);
#3768=ORIENTED_EDGE('',*,*,#4248,.T.);
#3769=ORIENTED_EDGE('',*,*,#4361,.T.);
#3770=ORIENTED_EDGE('',*,*,#4362,.F.);
#3771=ORIENTED_EDGE('',*,*,#4355,.F.);
#3772=ORIENTED_EDGE('',*,*,#4249,.T.);
#3773=ORIENTED_EDGE('',*,*,#4363,.T.);
#3774=ORIENTED_EDGE('',*,*,#4364,.F.);
#3775=ORIENTED_EDGE('',*,*,#4365,.F.);
#3776=ORIENTED_EDGE('',*,*,#4252,.T.);
#3777=ORIENTED_EDGE('',*,*,#4365,.T.);
#3778=ORIENTED_EDGE('',*,*,#4366,.F.);
#3779=ORIENTED_EDGE('',*,*,#4367,.F.);
#3780=ORIENTED_EDGE('',*,*,#4254,.T.);
#3781=ORIENTED_EDGE('',*,*,#4367,.T.);
#3782=ORIENTED_EDGE('',*,*,#4368,.F.);
#3783=ORIENTED_EDGE('',*,*,#4369,.F.);
#3784=ORIENTED_EDGE('',*,*,#4256,.T.);
#3785=ORIENTED_EDGE('',*,*,#4369,.T.);
#3786=ORIENTED_EDGE('',*,*,#4370,.F.);
#3787=ORIENTED_EDGE('',*,*,#4363,.F.);
#3788=ORIENTED_EDGE('',*,*,#4257,.T.);
#3789=ORIENTED_EDGE('',*,*,#4371,.T.);
#3790=ORIENTED_EDGE('',*,*,#4372,.F.);
#3791=ORIENTED_EDGE('',*,*,#4373,.F.);
#3792=ORIENTED_EDGE('',*,*,#4260,.T.);
#3793=ORIENTED_EDGE('',*,*,#4373,.T.);
#3794=ORIENTED_EDGE('',*,*,#4374,.F.);
#3795=ORIENTED_EDGE('',*,*,#4375,.F.);
#3796=ORIENTED_EDGE('',*,*,#4262,.T.);
#3797=ORIENTED_EDGE('',*,*,#4375,.T.);
#3798=ORIENTED_EDGE('',*,*,#4376,.F.);
#3799=ORIENTED_EDGE('',*,*,#4377,.F.);
#3800=ORIENTED_EDGE('',*,*,#4264,.T.);
#3801=ORIENTED_EDGE('',*,*,#4377,.T.);
#3802=ORIENTED_EDGE('',*,*,#4378,.F.);
#3803=ORIENTED_EDGE('',*,*,#4371,.F.);
#3804=ORIENTED_EDGE('',*,*,#4265,.T.);
#3805=ORIENTED_EDGE('',*,*,#4379,.T.);
#3806=ORIENTED_EDGE('',*,*,#4380,.F.);
#3807=ORIENTED_EDGE('',*,*,#4381,.F.);
#3808=ORIENTED_EDGE('',*,*,#4268,.T.);
#3809=ORIENTED_EDGE('',*,*,#4381,.T.);
#3810=ORIENTED_EDGE('',*,*,#4382,.F.);
#3811=ORIENTED_EDGE('',*,*,#4383,.F.);
#3812=ORIENTED_EDGE('',*,*,#4270,.T.);
#3813=ORIENTED_EDGE('',*,*,#4383,.T.);
#3814=ORIENTED_EDGE('',*,*,#4384,.F.);
#3815=ORIENTED_EDGE('',*,*,#4385,.F.);
#3816=ORIENTED_EDGE('',*,*,#4272,.T.);
#3817=ORIENTED_EDGE('',*,*,#4385,.T.);
#3818=ORIENTED_EDGE('',*,*,#4386,.F.);
#3819=ORIENTED_EDGE('',*,*,#4379,.F.);
#3820=ORIENTED_EDGE('',*,*,#4275,.F.);
#3821=ORIENTED_EDGE('',*,*,#4387,.F.);
#3822=ORIENTED_EDGE('',*,*,#4388,.T.);
#3823=ORIENTED_EDGE('',*,*,#4389,.T.);
#3824=ORIENTED_EDGE('',*,*,#4278,.F.);
#3825=ORIENTED_EDGE('',*,*,#4389,.F.);
#3826=ORIENTED_EDGE('',*,*,#4390,.T.);
#3827=ORIENTED_EDGE('',*,*,#4391,.T.);
#3828=ORIENTED_EDGE('',*,*,#4280,.F.);
#3829=ORIENTED_EDGE('',*,*,#4391,.F.);
#3830=ORIENTED_EDGE('',*,*,#4392,.T.);
#3831=ORIENTED_EDGE('',*,*,#4393,.T.);
#3832=ORIENTED_EDGE('',*,*,#4282,.F.);
#3833=ORIENTED_EDGE('',*,*,#4393,.F.);
#3834=ORIENTED_EDGE('',*,*,#4394,.T.);
#3835=ORIENTED_EDGE('',*,*,#4387,.T.);
#3836=ORIENTED_EDGE('',*,*,#4283,.F.);
#3837=ORIENTED_EDGE('',*,*,#4395,.F.);
#3838=ORIENTED_EDGE('',*,*,#4396,.T.);
#3839=ORIENTED_EDGE('',*,*,#4397,.T.);
#3840=ORIENTED_EDGE('',*,*,#4286,.F.);
#3841=ORIENTED_EDGE('',*,*,#4397,.F.);
#3842=ORIENTED_EDGE('',*,*,#4398,.T.);
#3843=ORIENTED_EDGE('',*,*,#4399,.T.);
#3844=ORIENTED_EDGE('',*,*,#4288,.F.);
#3845=ORIENTED_EDGE('',*,*,#4399,.F.);
#3846=ORIENTED_EDGE('',*,*,#4400,.T.);
#3847=ORIENTED_EDGE('',*,*,#4401,.T.);
#3848=ORIENTED_EDGE('',*,*,#4290,.F.);
#3849=ORIENTED_EDGE('',*,*,#4401,.F.);
#3850=ORIENTED_EDGE('',*,*,#4402,.T.);
#3851=ORIENTED_EDGE('',*,*,#4395,.T.);
#3852=ORIENTED_EDGE('',*,*,#4291,.F.);
#3853=ORIENTED_EDGE('',*,*,#4403,.F.);
#3854=ORIENTED_EDGE('',*,*,#4404,.T.);
#3855=ORIENTED_EDGE('',*,*,#4405,.T.);
#3856=ORIENTED_EDGE('',*,*,#4294,.F.);
#3857=ORIENTED_EDGE('',*,*,#4405,.F.);
#3858=ORIENTED_EDGE('',*,*,#4406,.T.);
#3859=ORIENTED_EDGE('',*,*,#4407,.T.);
#3860=ORIENTED_EDGE('',*,*,#4296,.F.);
#3861=ORIENTED_EDGE('',*,*,#4407,.F.);
#3862=ORIENTED_EDGE('',*,*,#4408,.T.);
#3863=ORIENTED_EDGE('',*,*,#4409,.T.);
#3864=ORIENTED_EDGE('',*,*,#4298,.F.);
#3865=ORIENTED_EDGE('',*,*,#4409,.F.);
#3866=ORIENTED_EDGE('',*,*,#4410,.T.);
#3867=ORIENTED_EDGE('',*,*,#4403,.T.);
#3868=ORIENTED_EDGE('',*,*,#4299,.F.);
#3869=ORIENTED_EDGE('',*,*,#4411,.F.);
#3870=ORIENTED_EDGE('',*,*,#4412,.T.);
#3871=ORIENTED_EDGE('',*,*,#4413,.T.);
#3872=ORIENTED_EDGE('',*,*,#4302,.F.);
#3873=ORIENTED_EDGE('',*,*,#4413,.F.);
#3874=ORIENTED_EDGE('',*,*,#4414,.T.);
#3875=ORIENTED_EDGE('',*,*,#4415,.T.);
#3876=ORIENTED_EDGE('',*,*,#4304,.F.);
#3877=ORIENTED_EDGE('',*,*,#4415,.F.);
#3878=ORIENTED_EDGE('',*,*,#4416,.T.);
#3879=ORIENTED_EDGE('',*,*,#4417,.T.);
#3880=ORIENTED_EDGE('',*,*,#4306,.F.);
#3881=ORIENTED_EDGE('',*,*,#4417,.F.);
#3882=ORIENTED_EDGE('',*,*,#4418,.T.);
#3883=ORIENTED_EDGE('',*,*,#4411,.T.);
#3884=ORIENTED_EDGE('',*,*,#4307,.F.);
#3885=ORIENTED_EDGE('',*,*,#4419,.F.);
#3886=ORIENTED_EDGE('',*,*,#4420,.T.);
#3887=ORIENTED_EDGE('',*,*,#4421,.T.);
#3888=ORIENTED_EDGE('',*,*,#4310,.F.);
#3889=ORIENTED_EDGE('',*,*,#4421,.F.);
#3890=ORIENTED_EDGE('',*,*,#4422,.T.);
#3891=ORIENTED_EDGE('',*,*,#4423,.T.);
#3892=ORIENTED_EDGE('',*,*,#4312,.F.);
#3893=ORIENTED_EDGE('',*,*,#4423,.F.);
#3894=ORIENTED_EDGE('',*,*,#4424,.T.);
#3895=ORIENTED_EDGE('',*,*,#4425,.T.);
#3896=ORIENTED_EDGE('',*,*,#4314,.F.);
#3897=ORIENTED_EDGE('',*,*,#4425,.F.);
#3898=ORIENTED_EDGE('',*,*,#4426,.T.);
#3899=ORIENTED_EDGE('',*,*,#4419,.T.);
#3900=ORIENTED_EDGE('',*,*,#4315,.F.);
#3901=ORIENTED_EDGE('',*,*,#4427,.F.);
#3902=ORIENTED_EDGE('',*,*,#4428,.T.);
#3903=ORIENTED_EDGE('',*,*,#4429,.T.);
#3904=ORIENTED_EDGE('',*,*,#4318,.F.);
#3905=ORIENTED_EDGE('',*,*,#4429,.F.);
#3906=ORIENTED_EDGE('',*,*,#4430,.T.);
#3907=ORIENTED_EDGE('',*,*,#4431,.T.);
#3908=ORIENTED_EDGE('',*,*,#4320,.F.);
#3909=ORIENTED_EDGE('',*,*,#4431,.F.);
#3910=ORIENTED_EDGE('',*,*,#4432,.T.);
#3911=ORIENTED_EDGE('',*,*,#4433,.T.);
#3912=ORIENTED_EDGE('',*,*,#4322,.F.);
#3913=ORIENTED_EDGE('',*,*,#4433,.F.);
#3914=ORIENTED_EDGE('',*,*,#4434,.T.);
#3915=ORIENTED_EDGE('',*,*,#4427,.T.);
#3916=ORIENTED_EDGE('',*,*,#4323,.F.);
#3917=ORIENTED_EDGE('',*,*,#4435,.F.);
#3918=ORIENTED_EDGE('',*,*,#4436,.T.);
#3919=ORIENTED_EDGE('',*,*,#4437,.T.);
#3920=ORIENTED_EDGE('',*,*,#4326,.F.);
#3921=ORIENTED_EDGE('',*,*,#4437,.F.);
#3922=ORIENTED_EDGE('',*,*,#4438,.T.);
#3923=ORIENTED_EDGE('',*,*,#4439,.T.);
#3924=ORIENTED_EDGE('',*,*,#4328,.F.);
#3925=ORIENTED_EDGE('',*,*,#4439,.F.);
#3926=ORIENTED_EDGE('',*,*,#4440,.T.);
#3927=ORIENTED_EDGE('',*,*,#4441,.T.);
#3928=ORIENTED_EDGE('',*,*,#4330,.F.);
#3929=ORIENTED_EDGE('',*,*,#4441,.F.);
#3930=ORIENTED_EDGE('',*,*,#4442,.T.);
#3931=ORIENTED_EDGE('',*,*,#4435,.T.);
#3932=ORIENTED_EDGE('',*,*,#4338,.T.);
#3933=ORIENTED_EDGE('',*,*,#4336,.T.);
#3934=ORIENTED_EDGE('',*,*,#4334,.T.);
#3935=ORIENTED_EDGE('',*,*,#4332,.T.);
#3936=ORIENTED_EDGE('',*,*,#4346,.T.);
#3937=ORIENTED_EDGE('',*,*,#4344,.T.);
#3938=ORIENTED_EDGE('',*,*,#4342,.T.);
#3939=ORIENTED_EDGE('',*,*,#4340,.T.);
#3940=ORIENTED_EDGE('',*,*,#4354,.T.);
#3941=ORIENTED_EDGE('',*,*,#4352,.T.);
#3942=ORIENTED_EDGE('',*,*,#4350,.T.);
#3943=ORIENTED_EDGE('',*,*,#4348,.T.);
#3944=ORIENTED_EDGE('',*,*,#4362,.T.);
#3945=ORIENTED_EDGE('',*,*,#4360,.T.);
#3946=ORIENTED_EDGE('',*,*,#4358,.T.);
#3947=ORIENTED_EDGE('',*,*,#4356,.T.);
#3948=ORIENTED_EDGE('',*,*,#4370,.T.);
#3949=ORIENTED_EDGE('',*,*,#4368,.T.);
#3950=ORIENTED_EDGE('',*,*,#4366,.T.);
#3951=ORIENTED_EDGE('',*,*,#4364,.T.);
#3952=ORIENTED_EDGE('',*,*,#4378,.T.);
#3953=ORIENTED_EDGE('',*,*,#4376,.T.);
#3954=ORIENTED_EDGE('',*,*,#4374,.T.);
#3955=ORIENTED_EDGE('',*,*,#4372,.T.);
#3956=ORIENTED_EDGE('',*,*,#4386,.T.);
#3957=ORIENTED_EDGE('',*,*,#4384,.T.);
#3958=ORIENTED_EDGE('',*,*,#4382,.T.);
#3959=ORIENTED_EDGE('',*,*,#4380,.T.);
#3960=ORIENTED_EDGE('',*,*,#4390,.F.);
#3961=ORIENTED_EDGE('',*,*,#4388,.F.);
#3962=ORIENTED_EDGE('',*,*,#4394,.F.);
#3963=ORIENTED_EDGE('',*,*,#4392,.F.);
#3964=ORIENTED_EDGE('',*,*,#4398,.F.);
#3965=ORIENTED_EDGE('',*,*,#4396,.F.);
#3966=ORIENTED_EDGE('',*,*,#4402,.F.);
#3967=ORIENTED_EDGE('',*,*,#4400,.F.);
#3968=ORIENTED_EDGE('',*,*,#4406,.F.);
#3969=ORIENTED_EDGE('',*,*,#4404,.F.);
#3970=ORIENTED_EDGE('',*,*,#4410,.F.);
#3971=ORIENTED_EDGE('',*,*,#4408,.F.);
#3972=ORIENTED_EDGE('',*,*,#4414,.F.);
#3973=ORIENTED_EDGE('',*,*,#4412,.F.);
#3974=ORIENTED_EDGE('',*,*,#4418,.F.);
#3975=ORIENTED_EDGE('',*,*,#4416,.F.);
#3976=ORIENTED_EDGE('',*,*,#4422,.F.);
#3977=ORIENTED_EDGE('',*,*,#4420,.F.);
#3978=ORIENTED_EDGE('',*,*,#4426,.F.);
#3979=ORIENTED_EDGE('',*,*,#4424,.F.);
#3980=ORIENTED_EDGE('',*,*,#4430,.F.);
#3981=ORIENTED_EDGE('',*,*,#4428,.F.);
#3982=ORIENTED_EDGE('',*,*,#4434,.F.);
#3983=ORIENTED_EDGE('',*,*,#4432,.F.);
#3984=ORIENTED_EDGE('',*,*,#4438,.F.);
#3985=ORIENTED_EDGE('',*,*,#4436,.F.);
#3986=ORIENTED_EDGE('',*,*,#4442,.F.);
#3987=ORIENTED_EDGE('',*,*,#4440,.F.);
#3988=EDGE_CURVE('',#4443,#4444,#4445,.T.);
#3989=EDGE_CURVE('',#4444,#4446,#4447,.T.);
#3990=EDGE_CURVE('',#4446,#4448,#4449,.T.);
#3991=EDGE_CURVE('',#4448,#4450,#4451,.T.);
#3992=EDGE_CURVE('',#4450,#4452,#4453,.T.);
#3993=EDGE_CURVE('',#4452,#4454,#4455,.T.);
#3994=EDGE_CURVE('',#4456,#4454,#4457,.F.);
#3995=EDGE_CURVE('',#4458,#4456,#4459,.T.);
#3996=EDGE_CURVE('',#4458,#4460,#4461,.T.);
#3997=EDGE_CURVE('',#4462,#4460,#4463,.T.);
#3998=EDGE_CURVE('',#4464,#4462,#4465,.T.);
#3999=EDGE_CURVE('',#4464,#4466,#4467,.T.);
#4000=EDGE_CURVE('',#4466,#4468,#4469,.T.);
#4001=EDGE_CURVE('',#4470,#4468,#4471,.F.);
#4002=EDGE_CURVE('',#4472,#4470,#4473,.F.);
#4003=EDGE_CURVE('',#4472,#4474,#4475,.T.);
#4004=EDGE_CURVE('',#4474,#4476,#4477,.T.);
#4005=EDGE_CURVE('',#4476,#4478,#4479,.T.);
#4006=EDGE_CURVE('',#4478,#4480,#4481,.T.);
#4007=EDGE_CURVE('',#4480,#4482,#4483,.T.);
#4008=EDGE_CURVE('',#4482,#4484,#4485,.T.);
#4009=EDGE_CURVE('',#4443,#4484,#4486,.F.);
#4010=EDGE_CURVE('',#4487,#4443,#4488,.F.);
#4011=EDGE_CURVE('',#4484,#4489,#4490,.F.);
#4012=EDGE_CURVE('',#4489,#4487,#4491,.T.);
#4013=EDGE_CURVE('',#4454,#4492,#4493,.F.);
#4014=EDGE_CURVE('',#4492,#4494,#4495,.T.);
#4015=EDGE_CURVE('',#4494,#4456,#4496,.T.);
#4016=EDGE_CURVE('',#4497,#4487,#4498,.F.);
#4017=EDGE_CURVE('',#4489,#4499,#4500,.F.);
#4018=EDGE_CURVE('',#4499,#4501,#4502,.F.);
#4019=EDGE_CURVE('',#4501,#4503,#4504,.F.);
#4020=EDGE_CURVE('',#4503,#4505,#4506,.F.);
#4021=EDGE_CURVE('',#4505,#4507,#4508,.F.);
#4022=EDGE_CURVE('',#4507,#4509,#4510,.F.);
#4023=EDGE_CURVE('',#4511,#4509,#4512,.T.);
#4024=EDGE_CURVE('',#4513,#4511,#4514,.T.);
#4025=EDGE_CURVE('',#4515,#4513,#4516,.T.);
#4026=EDGE_CURVE('',#4515,#4517,#4518,.F.);
#4027=EDGE_CURVE('',#4517,#4519,#4520,.T.);
#4028=EDGE_CURVE('',#4519,#4521,#4522,.F.);
#4029=EDGE_CURVE('',#4521,#4523,#4524,.T.);
#4030=EDGE_CURVE('',#4523,#4525,#4526,.F.);
#4031=EDGE_CURVE('',#4525,#4527,#4528,.T.);
#4032=EDGE_CURVE('',#4527,#4529,#4530,.F.);
#4033=EDGE_CURVE('',#4529,#4531,#4532,.T.);
#4034=EDGE_CURVE('',#4531,#4533,#4534,.F.);
#4035=EDGE_CURVE('',#4533,#4535,#4536,.T.);
#4036=EDGE_CURVE('',#4535,#4537,#4538,.F.);
#4037=EDGE_CURVE('',#4537,#4539,#4540,.T.);
#4038=EDGE_CURVE('',#4539,#4541,#4542,.F.);
#4039=EDGE_CURVE('',#4541,#4543,#4544,.T.);
#4040=EDGE_CURVE('',#4543,#4545,#4546,.F.);
#4041=EDGE_CURVE('',#4545,#4547,#4548,.T.);
#4042=EDGE_CURVE('',#4547,#4549,#4550,.F.);
#4043=EDGE_CURVE('',#4549,#4551,#4552,.T.);
#4044=EDGE_CURVE('',#4551,#4553,#4554,.F.);
#4045=EDGE_CURVE('',#4553,#4555,#4556,.T.);
#4046=EDGE_CURVE('',#4555,#4557,#4558,.F.);
#4047=EDGE_CURVE('',#4557,#4559,#4560,.T.);
#4048=EDGE_CURVE('',#4559,#4561,#4562,.F.);
#4049=EDGE_CURVE('',#4561,#4563,#4564,.T.);
#4050=EDGE_CURVE('',#4563,#4565,#4566,.F.);
#4051=EDGE_CURVE('',#4565,#4567,#4568,.T.);
#4052=EDGE_CURVE('',#4567,#4569,#4570,.F.);
#4053=EDGE_CURVE('',#4569,#4571,#4572,.T.);
#4054=EDGE_CURVE('',#4571,#4494,#4573,.T.);
#4055=EDGE_CURVE('',#4492,#4574,#4575,.F.);
#4056=EDGE_CURVE('',#4574,#4576,#4577,.F.);
#4057=EDGE_CURVE('',#4576,#4578,#4579,.F.);
#4058=EDGE_CURVE('',#4578,#4580,#4581,.F.);
#4059=EDGE_CURVE('',#4580,#4497,#4582,.F.);
#4060=EDGE_CURVE('',#4452,#4574,#4583,.T.);
#4061=EDGE_CURVE('',#4450,#4576,#4584,.T.);
#4062=EDGE_CURVE('',#4448,#4578,#4585,.T.);
#4063=EDGE_CURVE('',#4446,#4580,#4586,.T.);
#4064=EDGE_CURVE('',#4444,#4497,#4587,.T.);
#4065=EDGE_CURVE('',#4588,#4589,#4590,.T.);
#4066=EDGE_CURVE('',#4589,#4458,#4591,.T.);
#4067=EDGE_CURVE('',#4592,#4571,#4593,.T.);
#4068=EDGE_CURVE('',#4594,#4592,#4595,.T.);
#4069=EDGE_CURVE('',#4588,#4594,#4596,.T.);
#4070=EDGE_CURVE('',#4460,#4597,#4598,.F.);
#4071=EDGE_CURVE('',#4589,#4597,#4599,.T.);
#4072=EDGE_CURVE('',#4600,#4601,#4602,.T.);
#4073=EDGE_CURVE('',#4600,#4603,#4604,.T.);
#4074=EDGE_CURVE('',#4603,#4462,#4605,.T.);
#4075=EDGE_CURVE('',#4597,#4601,#4606,.F.);
#4076=EDGE_CURVE('',#4603,#4607,#4608,.T.);
#4077=EDGE_CURVE('',#4607,#4464,#4609,.T.);
#4078=EDGE_CURVE('',#4610,#4611,#4612,.T.);
#4079=EDGE_CURVE('',#4613,#4610,#4614,.T.);
#4080=EDGE_CURVE('',#4615,#4613,#4616,.T.);
#4081=EDGE_CURVE('',#4611,#4615,#4617,.T.);
#4082=EDGE_CURVE('',#4618,#4619,#4620,.T.);
#4083=EDGE_CURVE('',#4621,#4618,#4622,.T.);
#4084=EDGE_CURVE('',#4623,#4621,#4624,.T.);
#4085=EDGE_CURVE('',#4619,#4623,#4625,.T.);
#4086=EDGE_CURVE('',#4626,#4627,#4628,.T.);
#4087=EDGE_CURVE('',#4629,#4626,#4630,.T.);
#4088=EDGE_CURVE('',#4631,#4629,#4632,.T.);
#4089=EDGE_CURVE('',#4627,#4631,#4633,.T.);
#4090=EDGE_CURVE('',#4634,#4635,#4636,.T.);
#4091=EDGE_CURVE('',#4637,#4634,#4638,.T.);
#4092=EDGE_CURVE('',#4639,#4637,#4640,.T.);
#4093=EDGE_CURVE('',#4635,#4639,#4641,.T.);
#4094=EDGE_CURVE('',#4642,#4643,#4644,.T.);
#4095=EDGE_CURVE('',#4645,#4642,#4646,.T.);
#4096=EDGE_CURVE('',#4647,#4645,#4648,.T.);
#4097=EDGE_CURVE('',#4643,#4647,#4649,.T.);
#4098=EDGE_CURVE('',#4650,#4651,#4652,.T.);
#4099=EDGE_CURVE('',#4653,#4650,#4654,.T.);
#4100=EDGE_CURVE('',#4655,#4653,#4656,.T.);
#4101=EDGE_CURVE('',#4651,#4655,#4657,.T.);
#4102=EDGE_CURVE('',#4658,#4659,#4660,.T.);
#4103=EDGE_CURVE('',#4661,#4658,#4662,.T.);
#4104=EDGE_CURVE('',#4663,#4661,#4664,.T.);
#4105=EDGE_CURVE('',#4659,#4663,#4665,.T.);
#4106=EDGE_CURVE('',#4666,#4667,#4668,.F.);
#4107=EDGE_CURVE('',#4666,#4669,#4670,.T.);
#4108=EDGE_CURVE('',#4669,#4466,#4671,.T.);
#4109=EDGE_CURVE('',#4667,#4607,#4672,.T.);
#4110=EDGE_CURVE('',#4669,#4673,#4674,.T.);
#4111=EDGE_CURVE('',#4468,#4673,#4675,.F.);
#4112=EDGE_CURVE('',#4673,#4676,#4677,.F.);
#4113=EDGE_CURVE('',#4676,#4678,#4679,.T.);
#4114=EDGE_CURVE('',#4678,#4680,#4681,.T.);
#4115=EDGE_CURVE('',#4680,#4513,#4682,.T.);
#4116=EDGE_CURVE('',#4511,#4470,#4683,.T.);
#4117=EDGE_CURVE('',#4509,#4472,#4684,.F.);
#4118=EDGE_CURVE('',#4474,#4507,#4685,.T.);
#4119=EDGE_CURVE('',#4476,#4505,#4686,.T.);
#4120=EDGE_CURVE('',#4478,#4503,#4687,.T.);
#4121=EDGE_CURVE('',#4480,#4501,#4688,.T.);
#4122=EDGE_CURVE('',#4482,#4499,#4689,.T.);
#4123=EDGE_CURVE('',#4690,#4515,#4691,.T.);
#4124=EDGE_CURVE('',#4690,#4680,#4692,.T.);
#4125=EDGE_CURVE('',#4693,#4690,#4694,.F.);
#4126=EDGE_CURVE('',#4517,#4693,#4695,.T.);
#4127=EDGE_CURVE('',#4696,#4693,#4697,.T.);
#4128=EDGE_CURVE('',#4696,#4519,#4698,.T.);
#4129=EDGE_CURVE('',#4699,#4700,#4701,.T.);
#4130=EDGE_CURVE('',#4702,#4699,#4703,.T.);
#4131=EDGE_CURVE('',#4704,#4702,#4705,.T.);
#4132=EDGE_CURVE('',#4700,#4704,#4706,.T.);
#4133=EDGE_CURVE('',#4707,#4696,#4708,.F.);
#4134=EDGE_CURVE('',#4521,#4707,#4709,.T.);
#4135=EDGE_CURVE('',#4710,#4523,#4711,.T.);
#4136=EDGE_CURVE('',#4710,#4707,#4712,.T.);
#4137=EDGE_CURVE('',#4713,#4710,#4714,.F.);
#4138=EDGE_CURVE('',#4525,#4713,#4715,.T.);
#4139=EDGE_CURVE('',#4716,#4713,#4717,.T.);
#4140=EDGE_CURVE('',#4716,#4527,#4718,.T.);
#4141=EDGE_CURVE('',#4719,#4720,#4721,.T.);
#4142=EDGE_CURVE('',#4722,#4719,#4723,.T.);
#4143=EDGE_CURVE('',#4724,#4722,#4725,.T.);
#4144=EDGE_CURVE('',#4720,#4724,#4726,.T.);
#4145=EDGE_CURVE('',#4529,#4727,#4728,.T.);
#4146=EDGE_CURVE('',#4727,#4716,#4729,.F.);
#4147=EDGE_CURVE('',#4730,#4727,#4731,.T.);
#4148=EDGE_CURVE('',#4730,#4531,#4732,.T.);
#4149=EDGE_CURVE('',#4733,#4730,#4734,.F.);
#4150=EDGE_CURVE('',#4533,#4733,#4735,.T.);
#4151=EDGE_CURVE('',#4736,#4733,#4737,.T.);
#4152=EDGE_CURVE('',#4736,#4535,#4738,.T.);
#4153=EDGE_CURVE('',#4739,#4740,#4741,.T.);
#4154=EDGE_CURVE('',#4742,#4739,#4743,.T.);
#4155=EDGE_CURVE('',#4744,#4742,#4745,.T.);
#4156=EDGE_CURVE('',#4740,#4744,#4746,.T.);
#4157=EDGE_CURVE('',#4537,#4747,#4748,.T.);
#4158=EDGE_CURVE('',#4747,#4736,#4749,.F.);
#4159=EDGE_CURVE('',#4750,#4747,#4751,.T.);
#4160=EDGE_CURVE('',#4750,#4539,#4752,.T.);
#4161=EDGE_CURVE('',#4753,#4750,#4754,.F.);
#4162=EDGE_CURVE('',#4541,#4753,#4755,.T.);
#4163=EDGE_CURVE('',#4756,#4753,#4757,.T.);
#4164=EDGE_CURVE('',#4756,#4543,#4758,.T.);
#4165=EDGE_CURVE('',#4759,#4760,#4761,.T.);
#4166=EDGE_CURVE('',#4762,#4759,#4763,.T.);
#4167=EDGE_CURVE('',#4764,#4762,#4765,.T.);
#4168=EDGE_CURVE('',#4760,#4764,#4766,.T.);
#4169=EDGE_CURVE('',#4545,#4767,#4768,.T.);
#4170=EDGE_CURVE('',#4767,#4756,#4769,.F.);
#4171=EDGE_CURVE('',#4770,#4767,#4771,.T.);
#4172=EDGE_CURVE('',#4770,#4547,#4772,.T.);
#4173=EDGE_CURVE('',#4773,#4770,#4774,.F.);
#4174=EDGE_CURVE('',#4549,#4773,#4775,.T.);
#4175=EDGE_CURVE('',#4776,#4773,#4777,.T.);
#4176=EDGE_CURVE('',#4776,#4551,#4778,.T.);
#4177=EDGE_CURVE('',#4779,#4780,#4781,.T.);
#4178=EDGE_CURVE('',#4782,#4779,#4783,.T.);
#4179=EDGE_CURVE('',#4784,#4782,#4785,.T.);
#4180=EDGE_CURVE('',#4780,#4784,#4786,.T.);
#4181=EDGE_CURVE('',#4553,#4787,#4788,.T.);
#4182=EDGE_CURVE('',#4787,#4776,#4789,.F.);
#4183=EDGE_CURVE('',#4790,#4787,#4791,.T.);
#4184=EDGE_CURVE('',#4790,#4555,#4792,.T.);
#4185=EDGE_CURVE('',#4793,#4790,#4794,.F.);
#4186=EDGE_CURVE('',#4557,#4793,#4795,.T.);
#4187=EDGE_CURVE('',#4796,#4793,#4797,.T.);
#4188=EDGE_CURVE('',#4796,#4559,#4798,.T.);
#4189=EDGE_CURVE('',#4799,#4800,#4801,.T.);
#4190=EDGE_CURVE('',#4802,#4799,#4803,.T.);
#4191=EDGE_CURVE('',#4804,#4802,#4805,.T.);
#4192=EDGE_CURVE('',#4800,#4804,#4806,.T.);
#4193=EDGE_CURVE('',#4561,#4807,#4808,.T.);
#4194=EDGE_CURVE('',#4807,#4796,#4809,.F.);
#4195=EDGE_CURVE('',#4810,#4807,#4811,.T.);
#4196=EDGE_CURVE('',#4810,#4563,#4812,.T.);
#4197=EDGE_CURVE('',#4813,#4810,#4814,.F.);
#4198=EDGE_CURVE('',#4565,#4813,#4815,.T.);
#4199=EDGE_CURVE('',#4816,#4813,#4817,.T.);
#4200=EDGE_CURVE('',#4816,#4567,#4818,.T.);
#4201=EDGE_CURVE('',#4819,#4820,#4821,.T.);
#4202=EDGE_CURVE('',#4822,#4819,#4823,.T.);
#4203=EDGE_CURVE('',#4824,#4822,#4825,.T.);
#4204=EDGE_CURVE('',#4820,#4824,#4826,.T.);
#4205=EDGE_CURVE('',#4569,#4827,#4828,.T.);
#4206=EDGE_CURVE('',#4827,#4816,#4829,.F.);
#4207=EDGE_CURVE('',#4827,#4592,#4830,.T.);
#4208=EDGE_CURVE('',#4601,#4831,#4832,.F.);
#4209=EDGE_CURVE('',#4831,#4588,#4833,.F.);
#4210=EDGE_CURVE('',#4594,#4678,#4834,.T.);
#4211=EDGE_CURVE('',#4835,#4836,#4837,.F.);
#4212=EDGE_CURVE('',#4836,#4838,#4839,.F.);
#4213=EDGE_CURVE('',#4838,#4831,#4840,.T.);
#4214=EDGE_CURVE('',#4676,#4835,#4841,.F.);
#4215=EDGE_CURVE('',#4600,#4838,#4842,.F.);
#4216=EDGE_CURVE('',#4667,#4600,#4843,.F.);
#4217=EDGE_CURVE('',#4844,#4845,#4846,.T.);
#4218=EDGE_CURVE('',#4610,#4844,#4847,.T.);
#4219=EDGE_CURVE('',#4611,#4845,#4848,.T.);
#4220=EDGE_CURVE('',#4849,#4844,#4850,.T.);
#4221=EDGE_CURVE('',#4613,#4849,#4851,.T.);
#4222=EDGE_CURVE('',#4852,#4849,#4853,.T.);
#4223=EDGE_CURVE('',#4615,#4852,#4854,.T.);
#4224=EDGE_CURVE('',#4845,#4852,#4855,.T.);
#4225=EDGE_CURVE('',#4856,#4857,#4858,.T.);
#4226=EDGE_CURVE('',#4618,#4856,#4859,.T.);
#4227=EDGE_CURVE('',#4619,#4857,#4860,.T.);
#4228=EDGE_CURVE('',#4861,#4856,#4862,.T.);
#4229=EDGE_CURVE('',#4621,#4861,#4863,.T.);
#4230=EDGE_CURVE('',#4864,#4861,#4865,.T.);
#4231=EDGE_CURVE('',#4623,#4864,#4866,.T.);
#4232=EDGE_CURVE('',#4857,#4864,#4867,.T.);
#4233=EDGE_CURVE('',#4868,#4869,#4870,.T.);
#4234=EDGE_CURVE('',#4626,#4868,#4871,.T.);
#4235=EDGE_CURVE('',#4627,#4869,#4872,.T.);
#4236=EDGE_CURVE('',#4873,#4868,#4874,.T.);
#4237=EDGE_CURVE('',#4629,#4873,#4875,.T.);
#4238=EDGE_CURVE('',#4876,#4873,#4877,.T.);
#4239=EDGE_CURVE('',#4631,#4876,#4878,.T.);
#4240=EDGE_CURVE('',#4869,#4876,#4879,.T.);
#4241=EDGE_CURVE('',#4880,#4881,#4882,.T.);
#4242=EDGE_CURVE('',#4634,#4880,#4883,.T.);
#4243=EDGE_CURVE('',#4635,#4881,#4884,.T.);
#4244=EDGE_CURVE('',#4885,#4880,#4886,.T.);
#4245=EDGE_CURVE('',#4637,#4885,#4887,.T.);
#4246=EDGE_CURVE('',#4888,#4885,#4889,.T.);
#4247=EDGE_CURVE('',#4639,#4888,#4890,.T.);
#4248=EDGE_CURVE('',#4881,#4888,#4891,.T.);
#4249=EDGE_CURVE('',#4892,#4893,#4894,.T.);
#4250=EDGE_CURVE('',#4642,#4892,#4895,.T.);
#4251=EDGE_CURVE('',#4643,#4893,#4896,.T.);
#4252=EDGE_CURVE('',#4897,#4892,#4898,.T.);
#4253=EDGE_CURVE('',#4645,#4897,#4899,.T.);
#4254=EDGE_CURVE('',#4900,#4897,#4901,.T.);
#4255=EDGE_CURVE('',#4647,#4900,#4902,.T.);
#4256=EDGE_CURVE('',#4893,#4900,#4903,.T.);
#4257=EDGE_CURVE('',#4904,#4905,#4906,.T.);
#4258=EDGE_CURVE('',#4650,#4904,#4907,.T.);
#4259=EDGE_CURVE('',#4651,#4905,#4908,.T.);
#4260=EDGE_CURVE('',#4909,#4904,#4910,.T.);
#4261=EDGE_CURVE('',#4653,#4909,#4911,.T.);
#4262=EDGE_CURVE('',#4912,#4909,#4913,.T.);
#4263=EDGE_CURVE('',#4655,#4912,#4914,.T.);
#4264=EDGE_CURVE('',#4905,#4912,#4915,.T.);
#4265=EDGE_CURVE('',#4916,#4917,#4918,.T.);
#4266=EDGE_CURVE('',#4658,#4916,#4919,.T.);
#4267=EDGE_CURVE('',#4659,#4917,#4920,.T.);
#4268=EDGE_CURVE('',#4921,#4916,#4922,.T.);
#4269=EDGE_CURVE('',#4661,#4921,#4923,.T.);
#4270=EDGE_CURVE('',#4924,#4921,#4925,.T.);
#4271=EDGE_CURVE('',#4663,#4924,#4926,.T.);
#4272=EDGE_CURVE('',#4917,#4924,#4927,.T.);
#4273=EDGE_CURVE('',#4835,#4666,#4928,.F.);
#4274=EDGE_CURVE('',#4667,#4836,#4929,.F.);
#4275=EDGE_CURVE('',#4930,#4931,#4932,.T.);
#4276=EDGE_CURVE('',#4931,#4699,#4933,.T.);
#4277=EDGE_CURVE('',#4930,#4700,#4934,.T.);
#4278=EDGE_CURVE('',#4931,#4935,#4936,.T.);
#4279=EDGE_CURVE('',#4935,#4702,#4937,.T.);
#4280=EDGE_CURVE('',#4935,#4938,#4939,.T.);
#4281=EDGE_CURVE('',#4938,#4704,#4940,.T.);
#4282=EDGE_CURVE('',#4938,#4930,#4941,.T.);
#4283=EDGE_CURVE('',#4942,#4943,#4944,.T.);
#4284=EDGE_CURVE('',#4943,#4719,#4945,.T.);
#4285=EDGE_CURVE('',#4942,#4720,#4946,.T.);
#4286=EDGE_CURVE('',#4943,#4947,#4948,.T.);
#4287=EDGE_CURVE('',#4947,#4722,#4949,.T.);
#4288=EDGE_CURVE('',#4947,#4950,#4951,.T.);
#4289=EDGE_CURVE('',#4950,#4724,#4952,.T.);
#4290=EDGE_CURVE('',#4950,#4942,#4953,.T.);
#4291=EDGE_CURVE('',#4954,#4955,#4956,.T.);
#4292=EDGE_CURVE('',#4955,#4739,#4957,.T.);
#4293=EDGE_CURVE('',#4954,#4740,#4958,.T.);
#4294=EDGE_CURVE('',#4955,#4959,#4960,.T.);
#4295=EDGE_CURVE('',#4959,#4742,#4961,.T.);
#4296=EDGE_CURVE('',#4959,#4962,#4963,.T.);
#4297=EDGE_CURVE('',#4962,#4744,#4964,.T.);
#4298=EDGE_CURVE('',#4962,#4954,#4965,.T.);
#4299=EDGE_CURVE('',#4966,#4967,#4968,.T.);
#4300=EDGE_CURVE('',#4967,#4759,#4969,.T.);
#4301=EDGE_CURVE('',#4966,#4760,#4970,.T.);
#4302=EDGE_CURVE('',#4967,#4971,#4972,.T.);
#4303=EDGE_CURVE('',#4971,#4762,#4973,.T.);
#4304=EDGE_CURVE('',#4971,#4974,#4975,.T.);
#4305=EDGE_CURVE('',#4974,#4764,#4976,.T.);
#4306=EDGE_CURVE('',#4974,#4966,#4977,.T.);
#4307=EDGE_CURVE('',#4978,#4979,#4980,.T.);
#4308=EDGE_CURVE('',#4979,#4779,#4981,.T.);
#4309=EDGE_CURVE('',#4978,#4780,#4982,.T.);
#4310=EDGE_CURVE('',#4979,#4983,#4984,.T.);
#4311=EDGE_CURVE('',#4983,#4782,#4985,.T.);
#4312=EDGE_CURVE('',#4983,#4986,#4987,.T.);
#4313=EDGE_CURVE('',#4986,#4784,#4988,.T.);
#4314=EDGE_CURVE('',#4986,#4978,#4989,.T.);
#4315=EDGE_CURVE('',#4990,#4991,#4992,.T.);
#4316=EDGE_CURVE('',#4991,#4799,#4993,.T.);
#4317=EDGE_CURVE('',#4990,#4800,#4994,.T.);
#4318=EDGE_CURVE('',#4991,#4995,#4996,.T.);
#4319=EDGE_CURVE('',#4995,#4802,#4997,.T.);
#4320=EDGE_CURVE('',#4995,#4998,#4999,.T.);
#4321=EDGE_CURVE('',#4998,#4804,#5000,.T.);
#4322=EDGE_CURVE('',#4998,#4990,#5001,.T.);
#4323=EDGE_CURVE('',#5002,#5003,#5004,.T.);
#4324=EDGE_CURVE('',#5003,#4819,#5005,.T.);
#4325=EDGE_CURVE('',#5002,#4820,#5006,.T.);
#4326=EDGE_CURVE('',#5003,#5007,#5008,.T.);
#4327=EDGE_CURVE('',#5007,#4822,#5009,.T.);
#4328=EDGE_CURVE('',#5007,#5010,#5011,.T.);
#4329=EDGE_CURVE('',#5010,#4824,#5012,.T.);
#4330=EDGE_CURVE('',#5010,#5002,#5013,.T.);
#4331=EDGE_CURVE('',#4845,#5014,#5015,.T.);
#4332=EDGE_CURVE('',#5016,#5014,#5017,.T.);
#4333=EDGE_CURVE('',#4844,#5016,#5018,.T.);
#4334=EDGE_CURVE('',#5019,#5016,#5020,.T.);
#4335=EDGE_CURVE('',#4849,#5019,#5021,.T.);
#4336=EDGE_CURVE('',#5022,#5019,#5023,.T.);
#4337=EDGE_CURVE('',#4852,#5022,#5024,.T.);
#4338=EDGE_CURVE('',#5014,#5022,#5025,.T.);
#4339=EDGE_CURVE('',#4857,#5026,#5027,.T.);
#4340=EDGE_CURVE('',#5028,#5026,#5029,.T.);
#4341=EDGE_CURVE('',#4856,#5028,#5030,.T.);
#4342=EDGE_CURVE('',#5031,#5028,#5032,.T.);
#4343=EDGE_CURVE('',#4861,#5031,#5033,.T.);
#4344=EDGE_CURVE('',#5034,#5031,#5035,.T.);
#4345=EDGE_CURVE('',#4864,#5034,#5036,.T.);
#4346=EDGE_CURVE('',#5026,#5034,#5037,.T.);
#4347=EDGE_CURVE('',#4869,#5038,#5039,.T.);
#4348=EDGE_CURVE('',#5040,#5038,#5041,.T.);
#4349=EDGE_CURVE('',#4868,#5040,#5042,.T.);
#4350=EDGE_CURVE('',#5043,#5040,#5044,.T.);
#4351=EDGE_CURVE('',#4873,#5043,#5045,.T.);
#4352=EDGE_CURVE('',#5046,#5043,#5047,.T.);
#4353=EDGE_CURVE('',#4876,#5046,#5048,.T.);
#4354=EDGE_CURVE('',#5038,#5046,#5049,.T.);
#4355=EDGE_CURVE('',#4881,#5050,#5051,.T.);
#4356=EDGE_CURVE('',#5052,#5050,#5053,.T.);
#4357=EDGE_CURVE('',#4880,#5052,#5054,.T.);
#4358=EDGE_CURVE('',#5055,#5052,#5056,.T.);
#4359=EDGE_CURVE('',#4885,#5055,#5057,.T.);
#4360=EDGE_CURVE('',#5058,#5055,#5059,.T.);
#4361=EDGE_CURVE('',#4888,#5058,#5060,.T.);
#4362=EDGE_CURVE('',#5050,#5058,#5061,.T.);
#4363=EDGE_CURVE('',#4893,#5062,#5063,.T.);
#4364=EDGE_CURVE('',#5064,#5062,#5065,.T.);
#4365=EDGE_CURVE('',#4892,#5064,#5066,.T.);
#4366=EDGE_CURVE('',#5067,#5064,#5068,.T.);
#4367=EDGE_CURVE('',#4897,#5067,#5069,.T.);
#4368=EDGE_CURVE('',#5070,#5067,#5071,.T.);
#4369=EDGE_CURVE('',#4900,#5070,#5072,.T.);
#4370=EDGE_CURVE('',#5062,#5070,#5073,.T.);
#4371=EDGE_CURVE('',#4905,#5074,#5075,.T.);
#4372=EDGE_CURVE('',#5076,#5074,#5077,.T.);
#4373=EDGE_CURVE('',#4904,#5076,#5078,.T.);
#4374=EDGE_CURVE('',#5079,#5076,#5080,.T.);
#4375=EDGE_CURVE('',#4909,#5079,#5081,.T.);
#4376=EDGE_CURVE('',#5082,#5079,#5083,.T.);
#4377=EDGE_CURVE('',#4912,#5082,#5084,.T.);
#4378=EDGE_CURVE('',#5074,#5082,#5085,.T.);
#4379=EDGE_CURVE('',#4917,#5086,#5087,.T.);
#4380=EDGE_CURVE('',#5088,#5086,#5089,.T.);
#4381=EDGE_CURVE('',#4916,#5088,#5090,.T.);
#4382=EDGE_CURVE('',#5091,#5088,#5092,.T.);
#4383=EDGE_CURVE('',#4921,#5091,#5093,.T.);
#4384=EDGE_CURVE('',#5094,#5091,#5095,.T.);
#4385=EDGE_CURVE('',#4924,#5094,#5096,.T.);
#4386=EDGE_CURVE('',#5086,#5094,#5097,.T.);
#4387=EDGE_CURVE('',#5098,#4930,#5099,.F.);
#4388=EDGE_CURVE('',#5098,#5100,#5101,.T.);
#4389=EDGE_CURVE('',#5100,#4931,#5102,.F.);
#4390=EDGE_CURVE('',#5100,#5103,#5104,.T.);
#4391=EDGE_CURVE('',#5103,#4935,#5105,.F.);
#4392=EDGE_CURVE('',#5103,#5106,#5107,.T.);
#4393=EDGE_CURVE('',#5106,#4938,#5108,.F.);
#4394=EDGE_CURVE('',#5106,#5098,#5109,.T.);
#4395=EDGE_CURVE('',#5110,#4942,#5111,.F.);
#4396=EDGE_CURVE('',#5110,#5112,#5113,.T.);
#4397=EDGE_CURVE('',#5112,#4943,#5114,.F.);
#4398=EDGE_CURVE('',#5112,#5115,#5116,.T.);
#4399=EDGE_CURVE('',#5115,#4947,#5117,.F.);
#4400=EDGE_CURVE('',#5115,#5118,#5119,.T.);
#4401=EDGE_CURVE('',#5118,#4950,#5120,.F.);
#4402=EDGE_CURVE('',#5118,#5110,#5121,.T.);
#4403=EDGE_CURVE('',#5122,#4954,#5123,.F.);
#4404=EDGE_CURVE('',#5122,#5124,#5125,.T.);
#4405=EDGE_CURVE('',#5124,#4955,#5126,.F.);
#4406=EDGE_CURVE('',#5124,#5127,#5128,.T.);
#4407=EDGE_CURVE('',#5127,#4959,#5129,.F.);
#4408=EDGE_CURVE('',#5127,#5130,#5131,.T.);
#4409=EDGE_CURVE('',#5130,#4962,#5132,.F.);
#4410=EDGE_CURVE('',#5130,#5122,#5133,.T.);
#4411=EDGE_CURVE('',#5134,#4966,#5135,.F.);
#4412=EDGE_CURVE('',#5134,#5136,#5137,.T.);
#4413=EDGE_CURVE('',#5136,#4967,#5138,.F.);
#4414=EDGE_CURVE('',#5136,#5139,#5140,.T.);
#4415=EDGE_CURVE('',#5139,#4971,#5141,.F.);
#4416=EDGE_CURVE('',#5139,#5142,#5143,.T.);
#4417=EDGE_CURVE('',#5142,#4974,#5144,.F.);
#4418=EDGE_CURVE('',#5142,#5134,#5145,.T.);
#4419=EDGE_CURVE('',#5146,#4978,#5147,.F.);
#4420=EDGE_CURVE('',#5146,#5148,#5149,.T.);
#4421=EDGE_CURVE('',#5148,#4979,#5150,.F.);
#4422=EDGE_CURVE('',#5148,#5151,#5152,.T.);
#4423=EDGE_CURVE('',#5151,#4983,#5153,.F.);
#4424=EDGE_CURVE('',#5151,#5154,#5155,.T.);
#4425=EDGE_CURVE('',#5154,#4986,#5156,.F.);
#4426=EDGE_CURVE('',#5154,#5146,#5157,.T.);
#4427=EDGE_CURVE('',#5158,#4990,#5159,.F.);
#4428=EDGE_CURVE('',#5158,#5160,#5161,.T.);
#4429=EDGE_CURVE('',#5160,#4991,#5162,.F.);
#4430=EDGE_CURVE('',#5160,#5163,#5164,.T.);
#4431=EDGE_CURVE('',#5163,#4995,#5165,.F.);
#4432=EDGE_CURVE('',#5163,#5166,#5167,.T.);
#4433=EDGE_CURVE('',#5166,#4998,#5168,.F.);
#4434=EDGE_CURVE('',#5166,#5158,#5169,.T.);
#4435=EDGE_CURVE('',#5170,#5002,#5171,.F.);
#4436=EDGE_CURVE('',#5170,#5172,#5173,.T.);
#4437=EDGE_CURVE('',#5172,#5003,#5174,.F.);
#4438=EDGE_CURVE('',#5172,#5175,#5176,.T.);
#4439=EDGE_CURVE('',#5175,#5007,#5177,.F.);
#4440=EDGE_CURVE('',#5175,#5178,#5179,.T.);
#4441=EDGE_CURVE('',#5178,#5010,#5180,.F.);
#4442=EDGE_CURVE('',#5178,#5170,#5181,.T.);
#4443=VERTEX_POINT('',#5182);
#4444=VERTEX_POINT('',#5183);
#4445=LINE('',#5184,#5185);
#4446=VERTEX_POINT('',#5187);
#4447=LINE('',#5188,#5189);
#4448=VERTEX_POINT('',#5191);
#4449=CIRCLE('',#5192,0.6);
#4450=VERTEX_POINT('',#5196);
#4451=LINE('',#5197,#5198);
#4452=VERTEX_POINT('',#5200);
#4453=LINE('',#5201,#5202);
#4454=VERTEX_POINT('',#5204);
#4455=LINE('',#5205,#5206);
#4456=VERTEX_POINT('',#5208);
#4457=LINE('',#5209,#5210);
#4458=VERTEX_POINT('',#5212);
#4459=LINE('',#5213,#5214);
#4460=VERTEX_POINT('',#5216);
#4461=LINE('',#5217,#5218);
#4462=VERTEX_POINT('',#5220);
#4463=LINE('',#5221,#5222);
#4464=VERTEX_POINT('',#5224);
#4465=LINE('',#5225,#5226);
#4466=VERTEX_POINT('',#5228);
#4467=LINE('',#5229,#5230);
#4468=VERTEX_POINT('',#5232);
#4469=LINE('',#5233,#5234);
#4470=VERTEX_POINT('',#5236);
#4471=LINE('',#5237,#5238);
#4472=VERTEX_POINT('',#5240);
#4473=LINE('',#5241,#5242);
#4474=VERTEX_POINT('',#5244);
#4475=LINE('',#5245,#5246);
#4476=VERTEX_POINT('',#5248);
#4477=LINE('',#5249,#5250);
#4478=VERTEX_POINT('',#5252);
#4479=LINE('',#5253,#5254);
#4480=VERTEX_POINT('',#5256);
#4481=CIRCLE('',#5257,0.6);
#4482=VERTEX_POINT('',#5261);
#4483=LINE('',#5262,#5263);
#4484=VERTEX_POINT('',#5265);
#4485=LINE('',#5266,#5267);
#4486=LINE('',#5269,#5270);
#4487=VERTEX_POINT('',#5272);
#4488=LINE('',#5273,#5274);
#4489=VERTEX_POINT('',#5276);
#4490=LINE('',#5277,#5278);
#4491=LINE('',#5280,#5281);
#4492=VERTEX_POINT('',#5283);
#4493=LINE('',#5284,#5285);
#4494=VERTEX_POINT('',#5287);
#4495=LINE('',#5288,#5289);
#4496=LINE('',#5291,#5292);
#4497=VERTEX_POINT('',#5294);
#4498=LINE('',#5295,#5296);
#4499=VERTEX_POINT('',#5298);
#4500=LINE('',#5299,#5300);
#4501=VERTEX_POINT('',#5302);
#4502=LINE('',#5303,#5304);
#4503=VERTEX_POINT('',#5306);
#4504=CIRCLE('',#5307,0.6);
#4505=VERTEX_POINT('',#5311);
#4506=LINE('',#5312,#5313);
#4507=VERTEX_POINT('',#5315);
#4508=LINE('',#5316,#5317);
#4509=VERTEX_POINT('',#5319);
#4510=LINE('',#5320,#5321);
#4511=VERTEX_POINT('',#5323);
#4512=LINE('',#5324,#5325);
#4513=VERTEX_POINT('',#5327);
#4514=LINE('',#5328,#5329);
#4515=VERTEX_POINT('',#5331);
#4516=LINE('',#5332,#5333);
#4517=VERTEX_POINT('',#5335);
#4518=LINE('',#5336,#5337);
#4519=VERTEX_POINT('',#5339);
#4520=LINE('',#5340,#5341);
#4521=VERTEX_POINT('',#5343);
#4522=LINE('',#5344,#5345);
#4523=VERTEX_POINT('',#5347);
#4524=LINE('',#5348,#5349);
#4525=VERTEX_POINT('',#5351);
#4526=LINE('',#5352,#5353);
#4527=VERTEX_POINT('',#5355);
#4528=LINE('',#5356,#5357);
#4529=VERTEX_POINT('',#5359);
#4530=LINE('',#5360,#5361);
#4531=VERTEX_POINT('',#5363);
#4532=LINE('',#5364,#5365);
#4533=VERTEX_POINT('',#5367);
#4534=LINE('',#5368,#5369);
#4535=VERTEX_POINT('',#5371);
#4536=LINE('',#5372,#5373);
#4537=VERTEX_POINT('',#5375);
#4538=LINE('',#5376,#5377);
#4539=VERTEX_POINT('',#5379);
#4540=LINE('',#5380,#5381);
#4541=VERTEX_POINT('',#5383);
#4542=LINE('',#5384,#5385);
#4543=VERTEX_POINT('',#5387);
#4544=LINE('',#5388,#5389);
#4545=VERTEX_POINT('',#5391);
#4546=LINE('',#5392,#5393);
#4547=VERTEX_POINT('',#5395);
#4548=LINE('',#5396,#5397);
#4549=VERTEX_POINT('',#5399);
#4550=LINE('',#5400,#5401);
#4551=VERTEX_POINT('',#5403);
#4552=LINE('',#5404,#5405);
#4553=VERTEX_POINT('',#5407);
#4554=LINE('',#5408,#5409);
#4555=VERTEX_POINT('',#5411);
#4556=LINE('',#5412,#5413);
#4557=VERTEX_POINT('',#5415);
#4558=LINE('',#5416,#5417);
#4559=VERTEX_POINT('',#5419);
#4560=LINE('',#5420,#5421);
#4561=VERTEX_POINT('',#5423);
#4562=LINE('',#5424,#5425);
#4563=VERTEX_POINT('',#5427);
#4564=LINE('',#5428,#5429);
#4565=VERTEX_POINT('',#5431);
#4566=LINE('',#5432,#5433);
#4567=VERTEX_POINT('',#5435);
#4568=LINE('',#5436,#5437);
#4569=VERTEX_POINT('',#5439);
#4570=LINE('',#5440,#5441);
#4571=VERTEX_POINT('',#5443);
#4572=LINE('',#5444,#5445);
#4573=LINE('',#5447,#5448);
#4574=VERTEX_POINT('',#5450);
#4575=LINE('',#5451,#5452);
#4576=VERTEX_POINT('',#5454);
#4577=LINE('',#5455,#5456);
#4578=VERTEX_POINT('',#5458);
#4579=LINE('',#5459,#5460);
#4580=VERTEX_POINT('',#5462);
#4581=CIRCLE('',#5463,0.6);
#4582=LINE('',#5467,#5468);
#4583=LINE('',#5470,#5471);
#4584=LINE('',#5473,#5474);
#4585=LINE('',#5476,#5477);
#4586=LINE('',#5479,#5480);
#4587=LINE('',#5482,#5483);
#4588=VERTEX_POINT('',#5485);
#4589=VERTEX_POINT('',#5486);
#4590=LINE('',#5487,#5488);
#4591=LINE('',#5490,#5491);
#4592=VERTEX_POINT('',#5493);
#4593=LINE('',#5494,#5495);
#4594=VERTEX_POINT('',#5497);
#4595=LINE('',#5498,#5499);
#4596=LINE('',#5501,#5502);
#4597=VERTEX_POINT('',#5504);
#4598=LINE('',#5505,#5506);
#4599=LINE('',#5508,#5509);
#4600=VERTEX_POINT('',#5511);
#4601=VERTEX_POINT('',#5512);
#4602=LINE('',#5513,#5514);
#4603=VERTEX_POINT('',#5516);
#4604=LINE('',#5517,#5518);
#4605=LINE('',#5520,#5521);
#4606=LINE('',#5523,#5524);
#4607=VERTEX_POINT('',#5526);
#4608=LINE('',#5527,#5528);
#4609=LINE('',#5530,#5531);
#4610=VERTEX_POINT('',#5533);
#4611=VERTEX_POINT('',#5534);
#4612=LINE('',#5535,#5536);
#4613=VERTEX_POINT('',#5538);
#4614=LINE('',#5539,#5540);
#4615=VERTEX_POINT('',#5542);
#4616=LINE('',#5543,#5544);
#4617=LINE('',#5546,#5547);
#4618=VERTEX_POINT('',#5549);
#4619=VERTEX_POINT('',#5550);
#4620=LINE('',#5551,#5552);
#4621=VERTEX_POINT('',#5554);
#4622=LINE('',#5555,#5556);
#4623=VERTEX_POINT('',#5558);
#4624=LINE('',#5559,#5560);
#4625=LINE('',#5562,#5563);
#4626=VERTEX_POINT('',#5565);
#4627=VERTEX_POINT('',#5566);
#4628=LINE('',#5567,#5568);
#4629=VERTEX_POINT('',#5570);
#4630=LINE('',#5571,#5572);
#4631=VERTEX_POINT('',#5574);
#4632=LINE('',#5575,#5576);
#4633=LINE('',#5578,#5579);
#4634=VERTEX_POINT('',#5581);
#4635=VERTEX_POINT('',#5582);
#4636=LINE('',#5583,#5584);
#4637=VERTEX_POINT('',#5586);
#4638=LINE('',#5587,#5588);
#4639=VERTEX_POINT('',#5590);
#4640=LINE('',#5591,#5592);
#4641=LINE('',#5594,#5595);
#4642=VERTEX_POINT('',#5597);
#4643=VERTEX_POINT('',#5598);
#4644=LINE('',#5599,#5600);
#4645=VERTEX_POINT('',#5602);
#4646=LINE('',#5603,#5604);
#4647=VERTEX_POINT('',#5606);
#4648=LINE('',#5607,#5608);
#4649=LINE('',#5610,#5611);
#4650=VERTEX_POINT('',#5613);
#4651=VERTEX_POINT('',#5614);
#4652=LINE('',#5615,#5616);
#4653=VERTEX_POINT('',#5618);
#4654=LINE('',#5619,#5620);
#4655=VERTEX_POINT('',#5622);
#4656=LINE('',#5623,#5624);
#4657=LINE('',#5626,#5627);
#4658=VERTEX_POINT('',#5629);
#4659=VERTEX_POINT('',#5630);
#4660=LINE('',#5631,#5632);
#4661=VERTEX_POINT('',#5634);
#4662=LINE('',#5635,#5636);
#4663=VERTEX_POINT('',#5638);
#4664=LINE('',#5639,#5640);
#4665=LINE('',#5642,#5643);
#4666=VERTEX_POINT('',#5645);
#4667=VERTEX_POINT('',#5646);
#4668=LINE('',#5647,#5648);
#4669=VERTEX_POINT('',#5650);
#4670=LINE('',#5651,#5652);
#4671=LINE('',#5654,#5655);
#4672=LINE('',#5657,#5658);
#4673=VERTEX_POINT('',#5660);
#4674=LINE('',#5661,#5662);
#4675=LINE('',#5664,#5665);
#4676=VERTEX_POINT('',#5667);
#4677=LINE('',#5668,#5669);
#4678=VERTEX_POINT('',#5671);
#4679=LINE('',#5672,#5673);
#4680=VERTEX_POINT('',#5675);
#4681=LINE('',#5676,#5677);
#4682=LINE('',#5679,#5680);
#4683=LINE('',#5682,#5683);
#4684=LINE('',#5685,#5686);
#4685=LINE('',#5688,#5689);
#4686=LINE('',#5691,#5692);
#4687=LINE('',#5694,#5695);
#4688=LINE('',#5697,#5698);
#4689=LINE('',#5700,#5701);
#4690=VERTEX_POINT('',#5703);
#4691=LINE('',#5704,#5705);
#4692=LINE('',#5707,#5708);
#4693=VERTEX_POINT('',#5710);
#4694=LINE('',#5711,#5712);
#4695=LINE('',#5714,#5715);
#4696=VERTEX_POINT('',#5717);
#4697=LINE('',#5718,#5719);
#4698=LINE('',#5721,#5722);
#4699=VERTEX_POINT('',#5724);
#4700=VERTEX_POINT('',#5725);
#4701=LINE('',#5726,#5727);
#4702=VERTEX_POINT('',#5729);
#4703=LINE('',#5730,#5731);
#4704=VERTEX_POINT('',#5733);
#4705=LINE('',#5734,#5735);
#4706=LINE('',#5737,#5738);
#4707=VERTEX_POINT('',#5740);
#4708=LINE('',#5741,#5742);
#4709=LINE('',#5744,#5745);
#4710=VERTEX_POINT('',#5747);
#4711=LINE('',#5748,#5749);
#4712=LINE('',#5751,#5752);
#4713=VERTEX_POINT('',#5754);
#4714=LINE('',#5755,#5756);
#4715=LINE('',#5758,#5759);
#4716=VERTEX_POINT('',#5761);
#4717=LINE('',#5762,#5763);
#4718=LINE('',#5765,#5766);
#4719=VERTEX_POINT('',#5768);
#4720=VERTEX_POINT('',#5769);
#4721=LINE('',#5770,#5771);
#4722=VERTEX_POINT('',#5773);
#4723=LINE('',#5774,#5775);
#4724=VERTEX_POINT('',#5777);
#4725=LINE('',#5778,#5779);
#4726=LINE('',#5781,#5782);
#4727=VERTEX_POINT('',#5784);
#4728=LINE('',#5785,#5786);
#4729=LINE('',#5788,#5789);
#4730=VERTEX_POINT('',#5791);
#4731=LINE('',#5792,#5793);
#4732=LINE('',#5795,#5796);
#4733=VERTEX_POINT('',#5798);
#4734=LINE('',#5799,#5800);
#4735=LINE('',#5802,#5803);
#4736=VERTEX_POINT('',#5805);
#4737=LINE('',#5806,#5807);
#4738=LINE('',#5809,#5810);
#4739=VERTEX_POINT('',#5812);
#4740=VERTEX_POINT('',#5813);
#4741=LINE('',#5814,#5815);
#4742=VERTEX_POINT('',#5817);
#4743=LINE('',#5818,#5819);
#4744=VERTEX_POINT('',#5821);
#4745=LINE('',#5822,#5823);
#4746=LINE('',#5825,#5826);
#4747=VERTEX_POINT('',#5828);
#4748=LINE('',#5829,#5830);
#4749=LINE('',#5832,#5833);
#4750=VERTEX_POINT('',#5835);
#4751=LINE('',#5836,#5837);
#4752=LINE('',#5839,#5840);
#4753=VERTEX_POINT('',#5842);
#4754=LINE('',#5843,#5844);
#4755=LINE('',#5846,#5847);
#4756=VERTEX_POINT('',#5849);
#4757=LINE('',#5850,#5851);
#4758=LINE('',#5853,#5854);
#4759=VERTEX_POINT('',#5856);
#4760=VERTEX_POINT('',#5857);
#4761=LINE('',#5858,#5859);
#4762=VERTEX_POINT('',#5861);
#4763=LINE('',#5862,#5863);
#4764=VERTEX_POINT('',#5865);
#4765=LINE('',#5866,#5867);
#4766=LINE('',#5869,#5870);
#4767=VERTEX_POINT('',#5872);
#4768=LINE('',#5873,#5874);
#4769=LINE('',#5876,#5877);
#4770=VERTEX_POINT('',#5879);
#4771=LINE('',#5880,#5881);
#4772=LINE('',#5883,#5884);
#4773=VERTEX_POINT('',#5886);
#4774=LINE('',#5887,#5888);
#4775=LINE('',#5890,#5891);
#4776=VERTEX_POINT('',#5893);
#4777=LINE('',#5894,#5895);
#4778=LINE('',#5897,#5898);
#4779=VERTEX_POINT('',#5900);
#4780=VERTEX_POINT('',#5901);
#4781=LINE('',#5902,#5903);
#4782=VERTEX_POINT('',#5905);
#4783=LINE('',#5906,#5907);
#4784=VERTEX_POINT('',#5909);
#4785=LINE('',#5910,#5911);
#4786=LINE('',#5913,#5914);
#4787=VERTEX_POINT('',#5916);
#4788=LINE('',#5917,#5918);
#4789=LINE('',#5920,#5921);
#4790=VERTEX_POINT('',#5923);
#4791=LINE('',#5924,#5925);
#4792=LINE('',#5927,#5928);
#4793=VERTEX_POINT('',#5930);
#4794=LINE('',#5931,#5932);
#4795=LINE('',#5934,#5935);
#4796=VERTEX_POINT('',#5937);
#4797=LINE('',#5938,#5939);
#4798=LINE('',#5941,#5942);
#4799=VERTEX_POINT('',#5944);
#4800=VERTEX_POINT('',#5945);
#4801=LINE('',#5946,#5947);
#4802=VERTEX_POINT('',#5949);
#4803=LINE('',#5950,#5951);
#4804=VERTEX_POINT('',#5953);
#4805=LINE('',#5954,#5955);
#4806=LINE('',#5957,#5958);
#4807=VERTEX_POINT('',#5960);
#4808=LINE('',#5961,#5962);
#4809=LINE('',#5964,#5965);
#4810=VERTEX_POINT('',#5967);
#4811=LINE('',#5968,#5969);
#4812=LINE('',#5971,#5972);
#4813=VERTEX_POINT('',#5974);
#4814=LINE('',#5975,#5976);
#4815=LINE('',#5978,#5979);
#4816=VERTEX_POINT('',#5981);
#4817=LINE('',#5982,#5983);
#4818=LINE('',#5985,#5986);
#4819=VERTEX_POINT('',#5988);
#4820=VERTEX_POINT('',#5989);
#4821=LINE('',#5990,#5991);
#4822=VERTEX_POINT('',#5993);
#4823=LINE('',#5994,#5995);
#4824=VERTEX_POINT('',#5997);
#4825=LINE('',#5998,#5999);
#4826=LINE('',#6001,#6002);
#4827=VERTEX_POINT('',#6004);
#4828=LINE('',#6005,#6006);
#4829=LINE('',#6008,#6009);
#4830=LINE('',#6011,#6012);
#4831=VERTEX_POINT('',#6014);
#4832=LINE('',#6015,#6016);
#4833=LINE('',#6018,#6019);
#4834=LINE('',#6021,#6022);
#4835=VERTEX_POINT('',#6024);
#4836=VERTEX_POINT('',#6025);
#4837=LINE('',#6026,#6027);
#4838=VERTEX_POINT('',#6029);
#4839=LINE('',#6030,#6031);
#4840=LINE('',#6033,#6034);
#4841=LINE('',#6036,#6037);
#4842=LINE('',#6039,#6040);
#4843=LINE('',#6042,#6043);
#4844=VERTEX_POINT('',#6045);
#4845=VERTEX_POINT('',#6046);
#4846=LINE('',#6047,#6048);
#4847=LINE('',#6050,#6051);
#4848=LINE('',#6053,#6054);
#4849=VERTEX_POINT('',#6056);
#4850=LINE('',#6057,#6058);
#4851=LINE('',#6060,#6061);
#4852=VERTEX_POINT('',#6063);
#4853=LINE('',#6064,#6065);
#4854=LINE('',#6067,#6068);
#4855=LINE('',#6070,#6071);
#4856=VERTEX_POINT('',#6073);
#4857=VERTEX_POINT('',#6074);
#4858=LINE('',#6075,#6076);
#4859=LINE('',#6078,#6079);
#4860=LINE('',#6081,#6082);
#4861=VERTEX_POINT('',#6084);
#4862=LINE('',#6085,#6086);
#4863=LINE('',#6088,#6089);
#4864=VERTEX_POINT('',#6091);
#4865=LINE('',#6092,#6093);
#4866=LINE('',#6095,#6096);
#4867=LINE('',#6098,#6099);
#4868=VERTEX_POINT('',#6101);
#4869=VERTEX_POINT('',#6102);
#4870=LINE('',#6103,#6104);
#4871=LINE('',#6106,#6107);
#4872=LINE('',#6109,#6110);
#4873=VERTEX_POINT('',#6112);
#4874=LINE('',#6113,#6114);
#4875=LINE('',#6116,#6117);
#4876=VERTEX_POINT('',#6119);
#4877=LINE('',#6120,#6121);
#4878=LINE('',#6123,#6124);
#4879=LINE('',#6126,#6127);
#4880=VERTEX_POINT('',#6129);
#4881=VERTEX_POINT('',#6130);
#4882=LINE('',#6131,#6132);
#4883=LINE('',#6134,#6135);
#4884=LINE('',#6137,#6138);
#4885=VERTEX_POINT('',#6140);
#4886=LINE('',#6141,#6142);
#4887=LINE('',#6144,#6145);
#4888=VERTEX_POINT('',#6147);
#4889=LINE('',#6148,#6149);
#4890=LINE('',#6151,#6152);
#4891=LINE('',#6154,#6155);
#4892=VERTEX_POINT('',#6157);
#4893=VERTEX_POINT('',#6158);
#4894=LINE('',#6159,#6160);
#4895=LINE('',#6162,#6163);
#4896=LINE('',#6165,#6166);
#4897=VERTEX_POINT('',#6168);
#4898=LINE('',#6169,#6170);
#4899=LINE('',#6172,#6173);
#4900=VERTEX_POINT('',#6175);
#4901=LINE('',#6176,#6177);
#4902=LINE('',#6179,#6180);
#4903=LINE('',#6182,#6183);
#4904=VERTEX_POINT('',#6185);
#4905=VERTEX_POINT('',#6186);
#4906=LINE('',#6187,#6188);
#4907=LINE('',#6190,#6191);
#4908=LINE('',#6193,#6194);
#4909=VERTEX_POINT('',#6196);
#4910=LINE('',#6197,#6198);
#4911=LINE('',#6200,#6201);
#4912=VERTEX_POINT('',#6203);
#4913=LINE('',#6204,#6205);
#4914=LINE('',#6207,#6208);
#4915=LINE('',#6210,#6211);
#4916=VERTEX_POINT('',#6213);
#4917=VERTEX_POINT('',#6214);
#4918=LINE('',#6215,#6216);
#4919=LINE('',#6218,#6219);
#4920=LINE('',#6221,#6222);
#4921=VERTEX_POINT('',#6224);
#4922=LINE('',#6225,#6226);
#4923=LINE('',#6228,#6229);
#4924=VERTEX_POINT('',#6231);
#4925=LINE('',#6232,#6233);
#4926=LINE('',#6235,#6236);
#4927=LINE('',#6238,#6239);
#4928=LINE('',#6241,#6242);
#4929=LINE('',#6244,#6245);
#4930=VERTEX_POINT('',#6247);
#4931=VERTEX_POINT('',#6248);
#4932=LINE('',#6249,#6250);
#4933=LINE('',#6252,#6253);
#4934=LINE('',#6255,#6256);
#4935=VERTEX_POINT('',#6258);
#4936=LINE('',#6259,#6260);
#4937=LINE('',#6262,#6263);
#4938=VERTEX_POINT('',#6265);
#4939=LINE('',#6266,#6267);
#4940=LINE('',#6269,#6270);
#4941=LINE('',#6272,#6273);
#4942=VERTEX_POINT('',#6275);
#4943=VERTEX_POINT('',#6276);
#4944=LINE('',#6277,#6278);
#4945=LINE('',#6280,#6281);
#4946=LINE('',#6283,#6284);
#4947=VERTEX_POINT('',#6286);
#4948=LINE('',#6287,#6288);
#4949=LINE('',#6290,#6291);
#4950=VERTEX_POINT('',#6293);
#4951=LINE('',#6294,#6295);
#4952=LINE('',#6297,#6298);
#4953=LINE('',#6300,#6301);
#4954=VERTEX_POINT('',#6303);
#4955=VERTEX_POINT('',#6304);
#4956=LINE('',#6305,#6306);
#4957=LINE('',#6308,#6309);
#4958=LINE('',#6311,#6312);
#4959=VERTEX_POINT('',#6314);
#4960=LINE('',#6315,#6316);
#4961=LINE('',#6318,#6319);
#4962=VERTEX_POINT('',#6321);
#4963=LINE('',#6322,#6323);
#4964=LINE('',#6325,#6326);
#4965=LINE('',#6328,#6329);
#4966=VERTEX_POINT('',#6331);
#4967=VERTEX_POINT('',#6332);
#4968=LINE('',#6333,#6334);
#4969=LINE('',#6336,#6337);
#4970=LINE('',#6339,#6340);
#4971=VERTEX_POINT('',#6342);
#4972=LINE('',#6343,#6344);
#4973=LINE('',#6346,#6347);
#4974=VERTEX_POINT('',#6349);
#4975=LINE('',#6350,#6351);
#4976=LINE('',#6353,#6354);
#4977=LINE('',#6356,#6357);
#4978=VERTEX_POINT('',#6359);
#4979=VERTEX_POINT('',#6360);
#4980=LINE('',#6361,#6362);
#4981=LINE('',#6364,#6365);
#4982=LINE('',#6367,#6368);
#4983=VERTEX_POINT('',#6370);
#4984=LINE('',#6371,#6372);
#4985=LINE('',#6374,#6375);
#4986=VERTEX_POINT('',#6377);
#4987=LINE('',#6378,#6379);
#4988=LINE('',#6381,#6382);
#4989=LINE('',#6384,#6385);
#4990=VERTEX_POINT('',#6387);
#4991=VERTEX_POINT('',#6388);
#4992=LINE('',#6389,#6390);
#4993=LINE('',#6392,#6393);
#4994=LINE('',#6395,#6396);
#4995=VERTEX_POINT('',#6398);
#4996=LINE('',#6399,#6400);
#4997=LINE('',#6402,#6403);
#4998=VERTEX_POINT('',#6405);
#4999=LINE('',#6406,#6407);
#5000=LINE('',#6409,#6410);
#5001=LINE('',#6412,#6413);
#5002=VERTEX_POINT('',#6415);
#5003=VERTEX_POINT('',#6416);
#5004=LINE('',#6417,#6418);
#5005=LINE('',#6420,#6421);
#5006=LINE('',#6423,#6424);
#5007=VERTEX_POINT('',#6426);
#5008=LINE('',#6427,#6428);
#5009=LINE('',#6430,#6431);
#5010=VERTEX_POINT('',#6433);
#5011=LINE('',#6434,#6435);
#5012=LINE('',#6437,#6438);
#5013=LINE('',#6440,#6441);
#5014=VERTEX_POINT('',#6443);
#5015=LINE('',#6444,#6445);
#5016=VERTEX_POINT('',#6447);
#5017=LINE('',#6448,#6449);
#5018=LINE('',#6451,#6452);
#5019=VERTEX_POINT('',#6454);
#5020=LINE('',#6455,#6456);
#5021=LINE('',#6458,#6459);
#5022=VERTEX_POINT('',#6461);
#5023=LINE('',#6462,#6463);
#5024=LINE('',#6465,#6466);
#5025=LINE('',#6468,#6469);
#5026=VERTEX_POINT('',#6471);
#5027=LINE('',#6472,#6473);
#5028=VERTEX_POINT('',#6475);
#5029=LINE('',#6476,#6477);
#5030=LINE('',#6479,#6480);
#5031=VERTEX_POINT('',#6482);
#5032=LINE('',#6483,#6484);
#5033=LINE('',#6486,#6487);
#5034=VERTEX_POINT('',#6489);
#5035=LINE('',#6490,#6491);
#5036=LINE('',#6493,#6494);
#5037=LINE('',#6496,#6497);
#5038=VERTEX_POINT('',#6499);
#5039=LINE('',#6500,#6501);
#5040=VERTEX_POINT('',#6503);
#5041=LINE('',#6504,#6505);
#5042=LINE('',#6507,#6508);
#5043=VERTEX_POINT('',#6510);
#5044=LINE('',#6511,#6512);
#5045=LINE('',#6514,#6515);
#5046=VERTEX_POINT('',#6517);
#5047=LINE('',#6518,#6519);
#5048=LINE('',#6521,#6522);
#5049=LINE('',#6524,#6525);
#5050=VERTEX_POINT('',#6527);
#5051=LINE('',#6528,#6529);
#5052=VERTEX_POINT('',#6531);
#5053=LINE('',#6532,#6533);
#5054=LINE('',#6535,#6536);
#5055=VERTEX_POINT('',#6538);
#5056=LINE('',#6539,#6540);
#5057=LINE('',#6542,#6543);
#5058=VERTEX_POINT('',#6545);
#5059=LINE('',#6546,#6547);
#5060=LINE('',#6549,#6550);
#5061=LINE('',#6552,#6553);
#5062=VERTEX_POINT('',#6555);
#5063=LINE('',#6556,#6557);
#5064=VERTEX_POINT('',#6559);
#5065=LINE('',#6560,#6561);
#5066=LINE('',#6563,#6564);
#5067=VERTEX_POINT('',#6566);
#5068=LINE('',#6567,#6568);
#5069=LINE('',#6570,#6571);
#5070=VERTEX_POINT('',#6573);
#5071=LINE('',#6574,#6575);
#5072=LINE('',#6577,#6578);
#5073=LINE('',#6580,#6581);
#5074=VERTEX_POINT('',#6583);
#5075=LINE('',#6584,#6585);
#5076=VERTEX_POINT('',#6587);
#5077=LINE('',#6588,#6589);
#5078=LINE('',#6591,#6592);
#5079=VERTEX_POINT('',#6594);
#5080=LINE('',#6595,#6596);
#5081=LINE('',#6598,#6599);
#5082=VERTEX_POINT('',#6601);
#5083=LINE('',#6602,#6603);
#5084=LINE('',#6605,#6606);
#5085=LINE('',#6608,#6609);
#5086=VERTEX_POINT('',#6611);
#5087=LINE('',#6612,#6613);
#5088=VERTEX_POINT('',#6615);
#5089=LINE('',#6616,#6617);
#5090=LINE('',#6619,#6620);
#5091=VERTEX_POINT('',#6622);
#5092=LINE('',#6623,#6624);
#5093=LINE('',#6626,#6627);
#5094=VERTEX_POINT('',#6629);
#5095=LINE('',#6630,#6631);
#5096=LINE('',#6633,#6634);
#5097=LINE('',#6636,#6637);
#5098=VERTEX_POINT('',#6639);
#5099=LINE('',#6640,#6641);
#5100=VERTEX_POINT('',#6643);
#5101=LINE('',#6644,#6645);
#5102=LINE('',#6647,#6648);
#5103=VERTEX_POINT('',#6650);
#5104=LINE('',#6651,#6652);
#5105=LINE('',#6654,#6655);
#5106=VERTEX_POINT('',#6657);
#5107=LINE('',#6658,#6659);
#5108=LINE('',#6661,#6662);
#5109=LINE('',#6664,#6665);
#5110=VERTEX_POINT('',#6667);
#5111=LINE('',#6668,#6669);
#5112=VERTEX_POINT('',#6671);
#5113=LINE('',#6672,#6673);
#5114=LINE('',#6675,#6676);
#5115=VERTEX_POINT('',#6678);
#5116=LINE('',#6679,#6680);
#5117=LINE('',#6682,#6683);
#5118=VERTEX_POINT('',#6685);
#5119=LINE('',#6686,#6687);
#5120=LINE('',#6689,#6690);
#5121=LINE('',#6692,#6693);
#5122=VERTEX_POINT('',#6695);
#5123=LINE('',#6696,#6697);
#5124=VERTEX_POINT('',#6699);
#5125=LINE('',#6700,#6701);
#5126=LINE('',#6703,#6704);
#5127=VERTEX_POINT('',#6706);
#5128=LINE('',#6707,#6708);
#5129=LINE('',#6710,#6711);
#5130=VERTEX_POINT('',#6713);
#5131=LINE('',#6714,#6715);
#5132=LINE('',#6717,#6718);
#5133=LINE('',#6720,#6721);
#5134=VERTEX_POINT('',#6723);
#5135=LINE('',#6724,#6725);
#5136=VERTEX_POINT('',#6727);
#5137=LINE('',#6728,#6729);
#5138=LINE('',#6731,#6732);
#5139=VERTEX_POINT('',#6734);
#5140=LINE('',#6735,#6736);
#5141=LINE('',#6738,#6739);
#5142=VERTEX_POINT('',#6741);
#5143=LINE('',#6742,#6743);
#5144=LINE('',#6745,#6746);
#5145=LINE('',#6748,#6749);
#5146=VERTEX_POINT('',#6751);
#5147=LINE('',#6752,#6753);
#5148=VERTEX_POINT('',#6755);
#5149=LINE('',#6756,#6757);
#5150=LINE('',#6759,#6760);
#5151=VERTEX_POINT('',#6762);
#5152=LINE('',#6763,#6764);
#5153=LINE('',#6766,#6767);
#5154=VERTEX_POINT('',#6769);
#5155=LINE('',#6770,#6771);
#5156=LINE('',#6773,#6774);
#5157=LINE('',#6776,#6777);
#5158=VERTEX_POINT('',#6779);
#5159=LINE('',#6780,#6781);
#5160=VERTEX_POINT('',#6783);
#5161=LINE('',#6784,#6785);
#5162=LINE('',#6787,#6788);
#5163=VERTEX_POINT('',#6790);
#5164=LINE('',#6791,#6792);
#5165=LINE('',#6794,#6795);
#5166=VERTEX_POINT('',#6797);
#5167=LINE('',#6798,#6799);
#5168=LINE('',#6801,#6802);
#5169=LINE('',#6804,#6805);
#5170=VERTEX_POINT('',#6807);
#5171=LINE('',#6808,#6809);
#5172=VERTEX_POINT('',#6811);
#5173=LINE('',#6812,#6813);
#5174=LINE('',#6815,#6816);
#5175=VERTEX_POINT('',#6818);
#5176=LINE('',#6819,#6820);
#5177=LINE('',#6822,#6823);
#5178=VERTEX_POINT('',#6825);
#5179=LINE('',#6826,#6827);
#5180=LINE('',#6829,#6830);
#5181=LINE('',#6832,#6833);
#5182=CARTESIAN_POINT('',(13.75,-1.5,7.));
#5183=CARTESIAN_POINT('',(13.75,-1.5,3.));
#5184=CARTESIAN_POINT('',(13.75,-1.5,7.));
#5185=VECTOR('',#5186,1.);
#5186=DIRECTION('',(0.,0.,-1.));
#5187=CARTESIAN_POINT('',(15.65,-1.5,3.));
#5188=CARTESIAN_POINT('',(13.75,-1.5,3.));
#5189=VECTOR('',#5190,1.);
#5190=DIRECTION('',(1.,0.,0.));
#5191=CARTESIAN_POINT('',(16.25,-1.5,3.6));
#5192=AXIS2_PLACEMENT_3D('',#5193,#5194,#5195);
#5193=CARTESIAN_POINT('',(15.65,-1.5,3.6));
#5194=DIRECTION('',(0.,-1.,0.));
#5195=DIRECTION('',(0.,0.,-1.));
#5196=CARTESIAN_POINT('',(16.25,-1.5,6.2));
#5197=CARTESIAN_POINT('',(16.25,-1.5,3.6));
#5198=VECTOR('',#5199,1.);
#5199=DIRECTION('',(0.,0.,1.));
#5200=CARTESIAN_POINT('',(15.85,-1.5,6.6));
#5201=CARTESIAN_POINT('',(16.25,-1.5,6.2));
#5202=VECTOR('',#5203,1.);
#5203=DIRECTION('',(-0.707106781186549,0.,0.707106781186546));
#5204=CARTESIAN_POINT('',(16.25,-1.5,7.));
#5205=CARTESIAN_POINT('',(15.85,-1.5,6.6));
#5206=VECTOR('',#5207,1.);
#5207=DIRECTION('',(0.70710678118655,0.,0.707106781186545));
#5208=CARTESIAN_POINT('',(17.5,-1.5,7.));
#5209=CARTESIAN_POINT('',(16.25,-1.5,7.));
#5210=VECTOR('',#5211,1.);
#5211=DIRECTION('',(1.,0.,0.));
#5212=CARTESIAN_POINT('',(17.5,-1.5,3.));
#5213=CARTESIAN_POINT('',(17.5,-1.5,3.));
#5214=VECTOR('',#5215,1.);
#5215=DIRECTION('',(0.,0.,1.));
#5216=CARTESIAN_POINT('',(16.8,-1.5,3.));
#5217=CARTESIAN_POINT('',(17.5,-1.5,3.));
#5218=VECTOR('',#5219,1.);
#5219=DIRECTION('',(-1.,0.,0.));
#5220=CARTESIAN_POINT('',(16.8,-1.5,2.));
#5221=CARTESIAN_POINT('',(16.8,-1.5,2.));
#5222=VECTOR('',#5223,1.);
#5223=DIRECTION('',(0.,0.,1.));
#5224=CARTESIAN_POINT('',(-1.8,-1.5,2.));
#5225=CARTESIAN_POINT('',(-1.8,-1.5,2.));
#5226=VECTOR('',#5227,1.);
#5227=DIRECTION('',(1.,0.,0.));
#5228=CARTESIAN_POINT('',(-1.8,-1.5,3.));
#5229=CARTESIAN_POINT('',(-1.8,-1.5,2.));
#5230=VECTOR('',#5231,1.);
#5231=DIRECTION('',(0.,0.,1.));
#5232=CARTESIAN_POINT('',(-2.5,-1.5,3.));
#5233=CARTESIAN_POINT('',(-1.8,-1.5,3.));
#5234=VECTOR('',#5235,1.);
#5235=DIRECTION('',(-1.,0.,0.));
#5236=CARTESIAN_POINT('',(-2.5,-1.5,7.));
#5237=CARTESIAN_POINT('',(-2.5,-1.5,3.));
#5238=VECTOR('',#5239,1.);
#5239=DIRECTION('',(0.,0.,1.));
#5240=CARTESIAN_POINT('',(-1.25,-1.5,7.));
#5241=CARTESIAN_POINT('',(-2.5,-1.5,7.));
#5242=VECTOR('',#5243,1.);
#5243=DIRECTION('',(1.,1.77635683940025E-016,0.));
#5244=CARTESIAN_POINT('',(-0.85,-1.5,6.6));
#5245=CARTESIAN_POINT('',(-1.25,-1.5,7.));
#5246=VECTOR('',#5247,1.);
#5247=DIRECTION('',(0.707106781186547,0.,-0.707106781186548));
#5248=CARTESIAN_POINT('',(-1.25,-1.5,6.2));
#5249=CARTESIAN_POINT('',(-0.85,-1.5,6.6));
#5250=VECTOR('',#5251,1.);
#5251=DIRECTION('',(-0.707106781186547,0.,-0.707106781186548));
#5252=CARTESIAN_POINT('',(-1.25,-1.5,3.6));
#5253=CARTESIAN_POINT('',(-1.25,-1.5,6.2));
#5254=VECTOR('',#5255,1.);
#5255=DIRECTION('',(0.,0.,-1.));
#5256=CARTESIAN_POINT('',(-0.65,-1.5,3.));
#5257=AXIS2_PLACEMENT_3D('',#5258,#5259,#5260);
#5258=CARTESIAN_POINT('',(-0.65,-1.5,3.6));
#5259=DIRECTION('',(0.,-1.,0.));
#5260=DIRECTION('',(-1.,0.,0.));
#5261=CARTESIAN_POINT('',(1.25,-1.5,3.));
#5262=CARTESIAN_POINT('',(-0.65,-1.5,3.));
#5263=VECTOR('',#5264,1.);
#5264=DIRECTION('',(1.,0.,0.));
#5265=CARTESIAN_POINT('',(1.25,-1.5,7.));
#5266=CARTESIAN_POINT('',(1.25,-1.5,3.));
#5267=VECTOR('',#5268,1.);
#5268=DIRECTION('',(0.,0.,1.));
#5269=CARTESIAN_POINT('',(1.25,-1.5,7.));
#5270=VECTOR('',#5271,1.);
#5271=DIRECTION('',(1.,-1.77635683940025E-017,0.));
#5272=CARTESIAN_POINT('',(13.75,-2.2,7.));
#5273=CARTESIAN_POINT('',(13.75,-1.5,7.));
#5274=VECTOR('',#5275,1.);
#5275=DIRECTION('',(0.,-1.,0.));
#5276=CARTESIAN_POINT('',(1.25,-2.2,7.));
#5277=CARTESIAN_POINT('',(1.25,-2.2,7.));
#5278=VECTOR('',#5279,1.);
#5279=DIRECTION('',(0.,1.,0.));
#5280=CARTESIAN_POINT('',(1.25,-2.2,7.));
#5281=VECTOR('',#5282,1.);
#5282=DIRECTION('',(1.,0.,0.));
#5283=CARTESIAN_POINT('',(16.25,-2.2,7.));
#5284=CARTESIAN_POINT('',(16.25,-2.2,7.));
#5285=VECTOR('',#5286,1.);
#5286=DIRECTION('',(0.,1.,0.));
#5287=CARTESIAN_POINT('',(17.5,-2.2,7.));
#5288=CARTESIAN_POINT('',(16.25,-2.2,7.));
#5289=VECTOR('',#5290,1.);
#5290=DIRECTION('',(1.,0.,0.));
#5291=CARTESIAN_POINT('',(17.5,-2.2,7.));
#5292=VECTOR('',#5293,1.);
#5293=DIRECTION('',(0.,1.,0.));
#5294=CARTESIAN_POINT('',(13.75,-2.2,3.));
#5295=CARTESIAN_POINT('',(13.75,-2.2,7.));
#5296=VECTOR('',#5297,1.);
#5297=DIRECTION('',(0.,0.,-1.));
#5298=CARTESIAN_POINT('',(1.25,-2.2,3.));
#5299=CARTESIAN_POINT('',(1.25,-2.2,3.));
#5300=VECTOR('',#5301,1.);
#5301=DIRECTION('',(0.,0.,1.));
#5302=CARTESIAN_POINT('',(-0.65,-2.2,3.));
#5303=CARTESIAN_POINT('',(-0.65,-2.2,3.));
#5304=VECTOR('',#5305,1.);
#5305=DIRECTION('',(1.,0.,0.));
#5306=CARTESIAN_POINT('',(-1.25,-2.2,3.6));
#5307=AXIS2_PLACEMENT_3D('',#5308,#5309,#5310);
#5308=CARTESIAN_POINT('',(-0.65,-2.2,3.6));
#5309=DIRECTION('',(0.,-1.,0.));
#5310=DIRECTION('',(-1.,0.,0.));
#5311=CARTESIAN_POINT('',(-1.25,-2.2,6.2));
#5312=CARTESIAN_POINT('',(-1.25,-2.2,6.2));
#5313=VECTOR('',#5314,1.);
#5314=DIRECTION('',(0.,0.,-1.));
#5315=CARTESIAN_POINT('',(-0.85,-2.2,6.6));
#5316=CARTESIAN_POINT('',(-0.85,-2.2,6.6));
#5317=VECTOR('',#5318,1.);
#5318=DIRECTION('',(-0.707106781186547,0.,-0.707106781186548));
#5319=CARTESIAN_POINT('',(-1.25,-2.2,7.));
#5320=CARTESIAN_POINT('',(-1.25,-2.2,7.));
#5321=VECTOR('',#5322,1.);
#5322=DIRECTION('',(0.707106781186547,0.,-0.707106781186548));
#5323=CARTESIAN_POINT('',(-2.5,-2.2,7.));
#5324=CARTESIAN_POINT('',(-2.5,-2.2,7.));
#5325=VECTOR('',#5326,1.);
#5326=DIRECTION('',(1.,0.,0.));
#5327=CARTESIAN_POINT('',(-2.5,-2.2,0.));
#5328=CARTESIAN_POINT('',(-2.5,-2.2,0.));
#5329=VECTOR('',#5330,1.);
#5330=DIRECTION('',(0.,0.,1.));
#5331=CARTESIAN_POINT('',(-0.85,-2.2,0.));
#5332=CARTESIAN_POINT('',(-0.85,-2.2,0.));
#5333=VECTOR('',#5334,1.);
#5334=DIRECTION('',(-1.,0.,0.));
#5335=CARTESIAN_POINT('',(-0.85,-2.2,0.4));
#5336=CARTESIAN_POINT('',(-0.85,-2.2,0.4));
#5337=VECTOR('',#5338,1.);
#5338=DIRECTION('',(0.,0.,-1.));
#5339=CARTESIAN_POINT('',(0.85,-2.2,0.4));
#5340=CARTESIAN_POINT('',(-0.85,-2.2,0.4));
#5341=VECTOR('',#5342,1.);
#5342=DIRECTION('',(1.,0.,0.));
#5343=CARTESIAN_POINT('',(0.85,-2.2,0.));
#5344=CARTESIAN_POINT('',(0.85,-2.2,0.));
#5345=VECTOR('',#5346,1.);
#5346=DIRECTION('',(0.,0.,1.));
#5347=CARTESIAN_POINT('',(1.65,-2.2,0.));
#5348=CARTESIAN_POINT('',(0.85,-2.2,0.));
#5349=VECTOR('',#5350,1.);
#5350=DIRECTION('',(1.,0.,0.));
#5351=CARTESIAN_POINT('',(1.65,-2.2,0.4));
#5352=CARTESIAN_POINT('',(1.65,-2.2,0.4));
#5353=VECTOR('',#5354,1.);
#5354=DIRECTION('',(0.,0.,-1.));
#5355=CARTESIAN_POINT('',(3.35,-2.2,0.4));
#5356=CARTESIAN_POINT('',(1.65,-2.2,0.4));
#5357=VECTOR('',#5358,1.);
#5358=DIRECTION('',(1.,0.,0.));
#5359=CARTESIAN_POINT('',(3.35,-2.2,0.));
#5360=CARTESIAN_POINT('',(3.35,-2.2,0.));
#5361=VECTOR('',#5362,1.);
#5362=DIRECTION('',(0.,0.,1.));
#5363=CARTESIAN_POINT('',(4.15,-2.2,0.));
#5364=CARTESIAN_POINT('',(3.35,-2.2,0.));
#5365=VECTOR('',#5366,1.);
#5366=DIRECTION('',(1.,0.,0.));
#5367=CARTESIAN_POINT('',(4.15,-2.2,0.4));
#5368=CARTESIAN_POINT('',(4.15,-2.2,0.4));
#5369=VECTOR('',#5370,1.);
#5370=DIRECTION('',(0.,0.,-1.));
#5371=CARTESIAN_POINT('',(5.85,-2.2,0.4));
#5372=CARTESIAN_POINT('',(4.15,-2.2,0.4));
#5373=VECTOR('',#5374,1.);
#5374=DIRECTION('',(1.,0.,0.));
#5375=CARTESIAN_POINT('',(5.85,-2.2,0.));
#5376=CARTESIAN_POINT('',(5.85,-2.2,0.));
#5377=VECTOR('',#5378,1.);
#5378=DIRECTION('',(0.,0.,1.));
#5379=CARTESIAN_POINT('',(6.65,-2.2,0.));
#5380=CARTESIAN_POINT('',(5.85,-2.2,0.));
#5381=VECTOR('',#5382,1.);
#5382=DIRECTION('',(1.,0.,0.));
#5383=CARTESIAN_POINT('',(6.65,-2.2,0.4));
#5384=CARTESIAN_POINT('',(6.65,-2.2,0.4));
#5385=VECTOR('',#5386,1.);
#5386=DIRECTION('',(0.,0.,-1.));
#5387=CARTESIAN_POINT('',(8.35,-2.2,0.4));
#5388=CARTESIAN_POINT('',(6.65,-2.2,0.4));
#5389=VECTOR('',#5390,1.);
#5390=DIRECTION('',(1.,0.,0.));
#5391=CARTESIAN_POINT('',(8.35,-2.2,0.));
#5392=CARTESIAN_POINT('',(8.35,-2.2,0.));
#5393=VECTOR('',#5394,1.);
#5394=DIRECTION('',(0.,0.,1.));
#5395=CARTESIAN_POINT('',(9.15,-2.2,0.));
#5396=CARTESIAN_POINT('',(8.35,-2.2,0.));
#5397=VECTOR('',#5398,1.);
#5398=DIRECTION('',(1.,0.,0.));
#5399=CARTESIAN_POINT('',(9.15,-2.2,0.4));
#5400=CARTESIAN_POINT('',(9.15,-2.2,0.4));
#5401=VECTOR('',#5402,1.);
#5402=DIRECTION('',(0.,0.,-1.));
#5403=CARTESIAN_POINT('',(10.85,-2.2,0.4));
#5404=CARTESIAN_POINT('',(9.15,-2.2,0.4));
#5405=VECTOR('',#5406,1.);
#5406=DIRECTION('',(1.,0.,0.));
#5407=CARTESIAN_POINT('',(10.85,-2.2,0.));
#5408=CARTESIAN_POINT('',(10.85,-2.2,0.));
#5409=VECTOR('',#5410,1.);
#5410=DIRECTION('',(0.,0.,1.));
#5411=CARTESIAN_POINT('',(11.65,-2.2,0.));
#5412=CARTESIAN_POINT('',(10.85,-2.2,0.));
#5413=VECTOR('',#5414,1.);
#5414=DIRECTION('',(1.,0.,0.));
#5415=CARTESIAN_POINT('',(11.65,-2.2,0.4));
#5416=CARTESIAN_POINT('',(11.65,-2.2,0.4));
#5417=VECTOR('',#5418,1.);
#5418=DIRECTION('',(0.,0.,-1.));
#5419=CARTESIAN_POINT('',(13.35,-2.2,0.4));
#5420=CARTESIAN_POINT('',(11.65,-2.2,0.4));
#5421=VECTOR('',#5422,1.);
#5422=DIRECTION('',(1.,0.,0.));
#5423=CARTESIAN_POINT('',(13.35,-2.2,0.));
#5424=CARTESIAN_POINT('',(13.35,-2.2,0.));
#5425=VECTOR('',#5426,1.);
#5426=DIRECTION('',(0.,0.,1.));
#5427=CARTESIAN_POINT('',(14.15,-2.2,0.));
#5428=CARTESIAN_POINT('',(13.35,-2.2,0.));
#5429=VECTOR('',#5430,1.);
#5430=DIRECTION('',(1.,0.,0.));
#5431=CARTESIAN_POINT('',(14.15,-2.2,0.4));
#5432=CARTESIAN_POINT('',(14.15,-2.2,0.4));
#5433=VECTOR('',#5434,1.);
#5434=DIRECTION('',(0.,0.,-1.));
#5435=CARTESIAN_POINT('',(15.85,-2.2,0.4));
#5436=CARTESIAN_POINT('',(14.15,-2.2,0.4));
#5437=VECTOR('',#5438,1.);
#5438=DIRECTION('',(1.,0.,0.));
#5439=CARTESIAN_POINT('',(15.85,-2.2,0.));
#5440=CARTESIAN_POINT('',(15.85,-2.2,0.));
#5441=VECTOR('',#5442,1.);
#5442=DIRECTION('',(0.,0.,1.));
#5443=CARTESIAN_POINT('',(17.5,-2.2,0.));
#5444=CARTESIAN_POINT('',(15.85,-2.2,0.));
#5445=VECTOR('',#5446,1.);
#5446=DIRECTION('',(1.,0.,0.));
#5447=CARTESIAN_POINT('',(17.5,-2.2,0.));
#5448=VECTOR('',#5449,1.);
#5449=DIRECTION('',(0.,0.,1.));
#5450=CARTESIAN_POINT('',(15.85,-2.2,6.6));
#5451=CARTESIAN_POINT('',(15.85,-2.2,6.6));
#5452=VECTOR('',#5453,1.);
#5453=DIRECTION('',(0.707106781186549,0.,0.707106781186546));
#5454=CARTESIAN_POINT('',(16.25,-2.2,6.2));
#5455=CARTESIAN_POINT('',(16.25,-2.2,6.2));
#5456=VECTOR('',#5457,1.);
#5457=DIRECTION('',(-0.707106781186549,0.,0.707106781186546));
#5458=CARTESIAN_POINT('',(16.25,-2.2,3.6));
#5459=CARTESIAN_POINT('',(16.25,-2.2,3.6));
#5460=VECTOR('',#5461,1.);
#5461=DIRECTION('',(0.,0.,1.));
#5462=CARTESIAN_POINT('',(15.65,-2.2,3.));
#5463=AXIS2_PLACEMENT_3D('',#5464,#5465,#5466);
#5464=CARTESIAN_POINT('',(15.65,-2.2,3.6));
#5465=DIRECTION('',(0.,-1.,0.));
#5466=DIRECTION('',(0.,0.,-1.));
#5467=CARTESIAN_POINT('',(13.75,-2.2,3.));
#5468=VECTOR('',#5469,1.);
#5469=DIRECTION('',(1.,0.,0.));
#5470=CARTESIAN_POINT('',(15.85,-1.5,6.6));
#5471=VECTOR('',#5472,1.);
#5472=DIRECTION('',(0.,-1.,0.));
#5473=CARTESIAN_POINT('',(16.25,-1.5,6.2));
#5474=VECTOR('',#5475,1.);
#5475=DIRECTION('',(0.,-1.,0.));
#5476=CARTESIAN_POINT('',(16.25,-1.5,3.6));
#5477=VECTOR('',#5478,1.);
#5478=DIRECTION('',(0.,-1.,0.));
#5479=CARTESIAN_POINT('',(15.65,-1.5,3.));
#5480=VECTOR('',#5481,1.);
#5481=DIRECTION('',(0.,-1.,0.));
#5482=CARTESIAN_POINT('',(13.75,-1.5,3.));
#5483=VECTOR('',#5484,1.);
#5484=DIRECTION('',(0.,-1.,0.));
#5485=CARTESIAN_POINT('',(17.5,-0.4,7.));
#5486=CARTESIAN_POINT('',(17.5,-0.4,3.));
#5487=CARTESIAN_POINT('',(17.5,-0.4,7.));
#5488=VECTOR('',#5489,1.);
#5489=DIRECTION('',(0.,0.,-1.));
#5490=CARTESIAN_POINT('',(17.5,-0.4,3.));
#5491=VECTOR('',#5492,1.);
#5492=DIRECTION('',(0.,-1.,0.));
#5493=CARTESIAN_POINT('',(17.5,3.55,0.));
#5494=CARTESIAN_POINT('',(17.5,3.55,0.));
#5495=VECTOR('',#5496,1.);
#5496=DIRECTION('',(0.,-1.,0.));
#5497=CARTESIAN_POINT('',(17.5,3.55,7.));
#5498=CARTESIAN_POINT('',(17.5,3.55,7.));
#5499=VECTOR('',#5500,1.);
#5500=DIRECTION('',(0.,0.,-1.));
#5501=CARTESIAN_POINT('',(17.5,-0.4,7.));
#5502=VECTOR('',#5503,1.);
#5503=DIRECTION('',(0.,1.,0.));
#5504=CARTESIAN_POINT('',(16.8,-0.4,3.));
#5505=CARTESIAN_POINT('',(16.8,-0.4,3.));
#5506=VECTOR('',#5507,1.);
#5507=DIRECTION('',(0.,-1.,0.));
#5508=CARTESIAN_POINT('',(17.5,-0.4,3.));
#5509=VECTOR('',#5510,1.);
#5510=DIRECTION('',(-1.,0.,0.));
#5511=CARTESIAN_POINT('',(16.8,2.85,6.7));
#5512=CARTESIAN_POINT('',(16.8,-0.4,6.7));
#5513=CARTESIAN_POINT('',(16.8,2.85,6.7));
#5514=VECTOR('',#5515,1.);
#5515=DIRECTION('',(0.,-1.,0.));
#5516=CARTESIAN_POINT('',(16.8,2.85,2.));
#5517=CARTESIAN_POINT('',(16.8,2.85,6.7));
#5518=VECTOR('',#5519,1.);
#5519=DIRECTION('',(0.,0.,-1.));
#5520=CARTESIAN_POINT('',(16.8,2.85,2.));
#5521=VECTOR('',#5522,1.);
#5522=DIRECTION('',(0.,-1.,0.));
#5523=CARTESIAN_POINT('',(16.8,-0.4,6.7));
#5524=VECTOR('',#5525,1.);
#5525=DIRECTION('',(0.,0.,-1.));
#5526=CARTESIAN_POINT('',(-1.8,2.85,2.));
#5527=CARTESIAN_POINT('',(16.8,2.85,2.));
#5528=VECTOR('',#5529,1.);
#5529=DIRECTION('',(-1.,0.,0.));
#5530=CARTESIAN_POINT('',(-1.8,2.85,2.));
#5531=VECTOR('',#5532,1.);
#5532=DIRECTION('',(0.,-1.,0.));
#5533=CARTESIAN_POINT('',(2.82,0.32,2.));
#5534=CARTESIAN_POINT('',(2.18,0.32,2.));
#5535=CARTESIAN_POINT('',(2.82,0.32,2.));
#5536=VECTOR('',#5537,1.);
#5537=DIRECTION('',(-1.,0.,0.));
#5538=CARTESIAN_POINT('',(2.82,-0.32,2.));
#5539=CARTESIAN_POINT('',(2.82,-0.32,2.));
#5540=VECTOR('',#5541,1.);
#5541=DIRECTION('',(0.,1.,0.));
#5542=CARTESIAN_POINT('',(2.18,-0.32,2.));
#5543=CARTESIAN_POINT('',(2.18,-0.32,2.));
#5544=VECTOR('',#5545,1.);
#5545=DIRECTION('',(1.,0.,0.));
#5546=CARTESIAN_POINT('',(2.18,0.32,2.));
#5547=VECTOR('',#5548,1.);
#5548=DIRECTION('',(0.,-1.,0.));
#5549=CARTESIAN_POINT('',(5.32,0.32,2.));
#5550=CARTESIAN_POINT('',(4.68,0.32,2.));
#5551=CARTESIAN_POINT('',(5.32,0.32,2.));
#5552=VECTOR('',#5553,1.);
#5553=DIRECTION('',(-1.,0.,0.));
#5554=CARTESIAN_POINT('',(5.32,-0.32,2.));
#5555=CARTESIAN_POINT('',(5.32,-0.32,2.));
#5556=VECTOR('',#5557,1.);
#5557=DIRECTION('',(0.,1.,0.));
#5558=CARTESIAN_POINT('',(4.68,-0.32,2.));
#5559=CARTESIAN_POINT('',(4.68,-0.32,2.));
#5560=VECTOR('',#5561,1.);
#5561=DIRECTION('',(1.,0.,0.));
#5562=CARTESIAN_POINT('',(4.68,0.32,2.));
#5563=VECTOR('',#5564,1.);
#5564=DIRECTION('',(0.,-1.,0.));
#5565=CARTESIAN_POINT('',(7.82,0.32,2.));
#5566=CARTESIAN_POINT('',(7.18,0.32,2.));
#5567=CARTESIAN_POINT('',(7.82,0.32,2.));
#5568=VECTOR('',#5569,1.);
#5569=DIRECTION('',(-1.,0.,0.));
#5570=CARTESIAN_POINT('',(7.82,-0.32,2.));
#5571=CARTESIAN_POINT('',(7.82,-0.32,2.));
#5572=VECTOR('',#5573,1.);
#5573=DIRECTION('',(0.,1.,0.));
#5574=CARTESIAN_POINT('',(7.18,-0.32,2.));
#5575=CARTESIAN_POINT('',(7.18,-0.32,2.));
#5576=VECTOR('',#5577,1.);
#5577=DIRECTION('',(1.,0.,0.));
#5578=CARTESIAN_POINT('',(7.18,0.32,2.));
#5579=VECTOR('',#5580,1.);
#5580=DIRECTION('',(0.,-1.,0.));
#5581=CARTESIAN_POINT('',(10.32,0.32,2.));
#5582=CARTESIAN_POINT('',(9.68,0.32,2.));
#5583=CARTESIAN_POINT('',(10.32,0.32,2.));
#5584=VECTOR('',#5585,1.);
#5585=DIRECTION('',(-1.,0.,0.));
#5586=CARTESIAN_POINT('',(10.32,-0.32,2.));
#5587=CARTESIAN_POINT('',(10.32,-0.32,2.));
#5588=VECTOR('',#5589,1.);
#5589=DIRECTION('',(0.,1.,0.));
#5590=CARTESIAN_POINT('',(9.68,-0.32,2.));
#5591=CARTESIAN_POINT('',(9.68,-0.32,2.));
#5592=VECTOR('',#5593,1.);
#5593=DIRECTION('',(1.,0.,0.));
#5594=CARTESIAN_POINT('',(9.68,0.32,2.));
#5595=VECTOR('',#5596,1.);
#5596=DIRECTION('',(0.,-1.,0.));
#5597=CARTESIAN_POINT('',(12.82,0.32,2.));
#5598=CARTESIAN_POINT('',(12.18,0.32,2.));
#5599=CARTESIAN_POINT('',(12.82,0.32,2.));
#5600=VECTOR('',#5601,1.);
#5601=DIRECTION('',(-1.,0.,0.));
#5602=CARTESIAN_POINT('',(12.82,-0.32,2.));
#5603=CARTESIAN_POINT('',(12.82,-0.32,2.));
#5604=VECTOR('',#5605,1.);
#5605=DIRECTION('',(0.,1.,0.));
#5606=CARTESIAN_POINT('',(12.18,-0.32,2.));
#5607=CARTESIAN_POINT('',(12.18,-0.32,2.));
#5608=VECTOR('',#5609,1.);
#5609=DIRECTION('',(1.,0.,0.));
#5610=CARTESIAN_POINT('',(12.18,0.32,2.));
#5611=VECTOR('',#5612,1.);
#5612=DIRECTION('',(0.,-1.,0.));
#5613=CARTESIAN_POINT('',(15.32,0.32,2.));
#5614=CARTESIAN_POINT('',(14.68,0.32,2.));
#5615=CARTESIAN_POINT('',(15.32,0.32,2.));
#5616=VECTOR('',#5617,1.);
#5617=DIRECTION('',(-1.,0.,0.));
#5618=CARTESIAN_POINT('',(15.32,-0.32,2.));
#5619=CARTESIAN_POINT('',(15.32,-0.32,2.));
#5620=VECTOR('',#5621,1.);
#5621=DIRECTION('',(0.,1.,0.));
#5622=CARTESIAN_POINT('',(14.68,-0.32,2.));
#5623=CARTESIAN_POINT('',(14.68,-0.32,2.));
#5624=VECTOR('',#5625,1.);
#5625=DIRECTION('',(1.,0.,0.));
#5626=CARTESIAN_POINT('',(14.68,0.32,2.));
#5627=VECTOR('',#5628,1.);
#5628=DIRECTION('',(0.,-1.,0.));
#5629=CARTESIAN_POINT('',(0.32,0.32,2.));
#5630=CARTESIAN_POINT('',(-0.32,0.32,2.));
#5631=CARTESIAN_POINT('',(0.32,0.32,2.));
#5632=VECTOR('',#5633,1.);
#5633=DIRECTION('',(-1.,0.,0.));
#5634=CARTESIAN_POINT('',(0.32,-0.32,2.));
#5635=CARTESIAN_POINT('',(0.32,-0.32,2.));
#5636=VECTOR('',#5637,1.);
#5637=DIRECTION('',(0.,1.,0.));
#5638=CARTESIAN_POINT('',(-0.32,-0.32,2.));
#5639=CARTESIAN_POINT('',(-0.32,-0.32,2.));
#5640=VECTOR('',#5641,1.);
#5641=DIRECTION('',(1.,0.,0.));
#5642=CARTESIAN_POINT('',(-0.32,0.32,2.));
#5643=VECTOR('',#5644,1.);
#5644=DIRECTION('',(0.,-1.,0.));
#5645=CARTESIAN_POINT('',(-1.8,-0.4,6.7));
#5646=CARTESIAN_POINT('',(-1.8,2.85,6.7));
#5647=CARTESIAN_POINT('',(-1.8,2.85,6.7));
#5648=VECTOR('',#5649,1.);
#5649=DIRECTION('',(0.,-1.,0.));
#5650=CARTESIAN_POINT('',(-1.8,-0.4,3.));
#5651=CARTESIAN_POINT('',(-1.8,-0.4,6.7));
#5652=VECTOR('',#5653,1.);
#5653=DIRECTION('',(0.,0.,-1.));
#5654=CARTESIAN_POINT('',(-1.8,-0.4,3.));
#5655=VECTOR('',#5656,1.);
#5656=DIRECTION('',(0.,-1.,0.));
#5657=CARTESIAN_POINT('',(-1.8,2.85,6.7));
#5658=VECTOR('',#5659,1.);
#5659=DIRECTION('',(9.44870659255452E-017,0.,-1.));
#5660=CARTESIAN_POINT('',(-2.5,-0.4,3.));
#5661=CARTESIAN_POINT('',(-1.8,-0.4,3.));
#5662=VECTOR('',#5663,1.);
#5663=DIRECTION('',(-1.,0.,0.));
#5664=CARTESIAN_POINT('',(-2.5,-0.4,3.));
#5665=VECTOR('',#5666,1.);
#5666=DIRECTION('',(0.,-1.,0.));
#5667=CARTESIAN_POINT('',(-2.5,-0.4,7.));
#5668=CARTESIAN_POINT('',(-2.5,-0.4,7.));
#5669=VECTOR('',#5670,1.);
#5670=DIRECTION('',(0.,0.,-1.));
#5671=CARTESIAN_POINT('',(-2.5,3.55,7.));
#5672=CARTESIAN_POINT('',(-2.5,-0.4,7.));
#5673=VECTOR('',#5674,1.);
#5674=DIRECTION('',(0.,1.,0.));
#5675=CARTESIAN_POINT('',(-2.5,3.55,0.));
#5676=CARTESIAN_POINT('',(-2.5,3.55,7.));
#5677=VECTOR('',#5678,1.);
#5678=DIRECTION('',(0.,0.,-1.));
#5679=CARTESIAN_POINT('',(-2.5,3.55,0.));
#5680=VECTOR('',#5681,1.);
#5681=DIRECTION('',(0.,-1.,0.));
#5682=CARTESIAN_POINT('',(-2.5,-2.2,7.));
#5683=VECTOR('',#5684,1.);
#5684=DIRECTION('',(0.,1.,0.));
#5685=CARTESIAN_POINT('',(-1.25,-1.5,7.));
#5686=VECTOR('',#5687,1.);
#5687=DIRECTION('',(0.,-1.,0.));
#5688=CARTESIAN_POINT('',(-0.85,-1.5,6.6));
#5689=VECTOR('',#5690,1.);
#5690=DIRECTION('',(0.,-1.,0.));
#5691=CARTESIAN_POINT('',(-1.25,-1.5,6.2));
#5692=VECTOR('',#5693,1.);
#5693=DIRECTION('',(0.,-1.,0.));
#5694=CARTESIAN_POINT('',(-1.25,-1.5,3.6));
#5695=VECTOR('',#5696,1.);
#5696=DIRECTION('',(0.,-1.,0.));
#5697=CARTESIAN_POINT('',(-0.65,-1.5,3.));
#5698=VECTOR('',#5699,1.);
#5699=DIRECTION('',(0.,-1.,0.));
#5700=CARTESIAN_POINT('',(1.25,-1.5,3.));
#5701=VECTOR('',#5702,1.);
#5702=DIRECTION('',(0.,-1.,0.));
#5703=CARTESIAN_POINT('',(-0.85,3.55,0.));
#5704=CARTESIAN_POINT('',(-0.85,3.55,0.));
#5705=VECTOR('',#5706,1.);
#5706=DIRECTION('',(0.,-1.,0.));
#5707=CARTESIAN_POINT('',(-0.85,3.55,0.));
#5708=VECTOR('',#5709,1.);
#5709=DIRECTION('',(-1.,0.,0.));
#5710=CARTESIAN_POINT('',(-0.85,3.55,0.4));
#5711=CARTESIAN_POINT('',(-0.85,3.55,0.));
#5712=VECTOR('',#5713,1.);
#5713=DIRECTION('',(0.,0.,1.));
#5714=CARTESIAN_POINT('',(-0.85,-2.2,0.4));
#5715=VECTOR('',#5716,1.);
#5716=DIRECTION('',(0.,1.,0.));
#5717=CARTESIAN_POINT('',(0.85,3.55,0.4));
#5718=CARTESIAN_POINT('',(0.85,3.55,0.4));
#5719=VECTOR('',#5720,1.);
#5720=DIRECTION('',(-1.,0.,0.));
#5721=CARTESIAN_POINT('',(0.85,3.55,0.4));
#5722=VECTOR('',#5723,1.);
#5723=DIRECTION('',(0.,-1.,0.));
#5724=CARTESIAN_POINT('',(-0.32,0.32,0.4));
#5725=CARTESIAN_POINT('',(0.32,0.32,0.4));
#5726=CARTESIAN_POINT('',(-0.32,0.32,0.4));
#5727=VECTOR('',#5728,1.);
#5728=DIRECTION('',(1.,0.,0.));
#5729=CARTESIAN_POINT('',(-0.32,-0.32,0.4));
#5730=CARTESIAN_POINT('',(-0.32,-0.32,0.4));
#5731=VECTOR('',#5732,1.);
#5732=DIRECTION('',(0.,1.,0.));
#5733=CARTESIAN_POINT('',(0.32,-0.32,0.4));
#5734=CARTESIAN_POINT('',(0.32,-0.32,0.4));
#5735=VECTOR('',#5736,1.);
#5736=DIRECTION('',(-1.,0.,0.));
#5737=CARTESIAN_POINT('',(0.32,0.32,0.4));
#5738=VECTOR('',#5739,1.);
#5739=DIRECTION('',(0.,-1.,0.));
#5740=CARTESIAN_POINT('',(0.85,3.55,0.));
#5741=CARTESIAN_POINT('',(0.85,3.55,0.4));
#5742=VECTOR('',#5743,1.);
#5743=DIRECTION('',(0.,0.,-1.));
#5744=CARTESIAN_POINT('',(0.85,-2.2,0.));
#5745=VECTOR('',#5746,1.);
#5746=DIRECTION('',(0.,1.,0.));
#5747=CARTESIAN_POINT('',(1.65,3.55,0.));
#5748=CARTESIAN_POINT('',(1.65,3.55,0.));
#5749=VECTOR('',#5750,1.);
#5750=DIRECTION('',(0.,-1.,0.));
#5751=CARTESIAN_POINT('',(1.65,3.55,0.));
#5752=VECTOR('',#5753,1.);
#5753=DIRECTION('',(-1.,0.,0.));
#5754=CARTESIAN_POINT('',(1.65,3.55,0.4));
#5755=CARTESIAN_POINT('',(1.65,3.55,0.));
#5756=VECTOR('',#5757,1.);
#5757=DIRECTION('',(0.,0.,1.));
#5758=CARTESIAN_POINT('',(1.65,-2.2,0.4));
#5759=VECTOR('',#5760,1.);
#5760=DIRECTION('',(0.,1.,0.));
#5761=CARTESIAN_POINT('',(3.35,3.55,0.4));
#5762=CARTESIAN_POINT('',(3.35,3.55,0.4));
#5763=VECTOR('',#5764,1.);
#5764=DIRECTION('',(-1.,0.,0.));
#5765=CARTESIAN_POINT('',(3.35,3.55,0.4));
#5766=VECTOR('',#5767,1.);
#5767=DIRECTION('',(0.,-1.,0.));
#5768=CARTESIAN_POINT('',(2.18,0.32,0.4));
#5769=CARTESIAN_POINT('',(2.82,0.32,0.4));
#5770=CARTESIAN_POINT('',(2.18,0.32,0.4));
#5771=VECTOR('',#5772,1.);
#5772=DIRECTION('',(1.,0.,0.));
#5773=CARTESIAN_POINT('',(2.18,-0.32,0.4));
#5774=CARTESIAN_POINT('',(2.18,-0.32,0.4));
#5775=VECTOR('',#5776,1.);
#5776=DIRECTION('',(0.,1.,0.));
#5777=CARTESIAN_POINT('',(2.82,-0.32,0.4));
#5778=CARTESIAN_POINT('',(2.82,-0.32,0.4));
#5779=VECTOR('',#5780,1.);
#5780=DIRECTION('',(-1.,0.,0.));
#5781=CARTESIAN_POINT('',(2.82,0.32,0.4));
#5782=VECTOR('',#5783,1.);
#5783=DIRECTION('',(0.,-1.,0.));
#5784=CARTESIAN_POINT('',(3.35000000000001,3.55,0.));
#5785=CARTESIAN_POINT('',(3.35,-2.2,0.));
#5786=VECTOR('',#5787,1.);
#5787=DIRECTION('',(0.,1.,0.));
#5788=CARTESIAN_POINT('',(3.35,3.55,0.4));
#5789=VECTOR('',#5790,1.);
#5790=DIRECTION('',(0.,0.,-1.));
#5791=CARTESIAN_POINT('',(4.15,3.55,0.));
#5792=CARTESIAN_POINT('',(4.15,3.55,0.));
#5793=VECTOR('',#5794,1.);
#5794=DIRECTION('',(-1.,0.,0.));
#5795=CARTESIAN_POINT('',(4.15,3.55,0.));
#5796=VECTOR('',#5797,1.);
#5797=DIRECTION('',(0.,-1.,0.));
#5798=CARTESIAN_POINT('',(4.15,3.55,0.4));
#5799=CARTESIAN_POINT('',(4.15,3.55,0.));
#5800=VECTOR('',#5801,1.);
#5801=DIRECTION('',(0.,0.,1.));
#5802=CARTESIAN_POINT('',(4.15,-2.2,0.4));
#5803=VECTOR('',#5804,1.);
#5804=DIRECTION('',(0.,1.,0.));
#5805=CARTESIAN_POINT('',(5.85,3.55,0.4));
#5806=CARTESIAN_POINT('',(5.85,3.55,0.4));
#5807=VECTOR('',#5808,1.);
#5808=DIRECTION('',(-1.,0.,0.));
#5809=CARTESIAN_POINT('',(5.85,3.55,0.4));
#5810=VECTOR('',#5811,1.);
#5811=DIRECTION('',(0.,-1.,0.));
#5812=CARTESIAN_POINT('',(4.68,0.32,0.4));
#5813=CARTESIAN_POINT('',(5.32,0.32,0.4));
#5814=CARTESIAN_POINT('',(4.68,0.32,0.4));
#5815=VECTOR('',#5816,1.);
#5816=DIRECTION('',(1.,0.,0.));
#5817=CARTESIAN_POINT('',(4.68,-0.32,0.4));
#5818=CARTESIAN_POINT('',(4.68,-0.32,0.4));
#5819=VECTOR('',#5820,1.);
#5820=DIRECTION('',(0.,1.,0.));
#5821=CARTESIAN_POINT('',(5.32,-0.32,0.4));
#5822=CARTESIAN_POINT('',(5.32,-0.32,0.4));
#5823=VECTOR('',#5824,1.);
#5824=DIRECTION('',(-1.,0.,0.));
#5825=CARTESIAN_POINT('',(5.32,0.32,0.4));
#5826=VECTOR('',#5827,1.);
#5827=DIRECTION('',(0.,-1.,0.));
#5828=CARTESIAN_POINT('',(5.85,3.55,0.));
#5829=CARTESIAN_POINT('',(5.85,-2.2,0.));
#5830=VECTOR('',#5831,1.);
#5831=DIRECTION('',(0.,1.,0.));
#5832=CARTESIAN_POINT('',(5.85,3.55,0.4));
#5833=VECTOR('',#5834,1.);
#5834=DIRECTION('',(0.,0.,-1.));
#5835=CARTESIAN_POINT('',(6.65,3.55,0.));
#5836=CARTESIAN_POINT('',(6.65,3.55,0.));
#5837=VECTOR('',#5838,1.);
#5838=DIRECTION('',(-1.,0.,0.));
#5839=CARTESIAN_POINT('',(6.65,3.55,0.));
#5840=VECTOR('',#5841,1.);
#5841=DIRECTION('',(0.,-1.,0.));
#5842=CARTESIAN_POINT('',(6.65,3.55,0.4));
#5843=CARTESIAN_POINT('',(6.65,3.55,0.));
#5844=VECTOR('',#5845,1.);
#5845=DIRECTION('',(0.,0.,1.));
#5846=CARTESIAN_POINT('',(6.65,-2.2,0.4));
#5847=VECTOR('',#5848,1.);
#5848=DIRECTION('',(0.,1.,0.));
#5849=CARTESIAN_POINT('',(8.35,3.55,0.4));
#5850=CARTESIAN_POINT('',(8.35,3.55,0.4));
#5851=VECTOR('',#5852,1.);
#5852=DIRECTION('',(-1.,0.,0.));
#5853=CARTESIAN_POINT('',(8.35,3.55,0.4));
#5854=VECTOR('',#5855,1.);
#5855=DIRECTION('',(0.,-1.,0.));
#5856=CARTESIAN_POINT('',(7.18,0.32,0.4));
#5857=CARTESIAN_POINT('',(7.82,0.32,0.4));
#5858=CARTESIAN_POINT('',(7.18,0.32,0.4));
#5859=VECTOR('',#5860,1.);
#5860=DIRECTION('',(1.,0.,0.));
#5861=CARTESIAN_POINT('',(7.18,-0.32,0.4));
#5862=CARTESIAN_POINT('',(7.18,-0.32,0.4));
#5863=VECTOR('',#5864,1.);
#5864=DIRECTION('',(0.,1.,0.));
#5865=CARTESIAN_POINT('',(7.82,-0.32,0.4));
#5866=CARTESIAN_POINT('',(7.82,-0.32,0.4));
#5867=VECTOR('',#5868,1.);
#5868=DIRECTION('',(-1.,0.,0.));
#5869=CARTESIAN_POINT('',(7.82,0.32,0.4));
#5870=VECTOR('',#5871,1.);
#5871=DIRECTION('',(0.,-1.,0.));
#5872=CARTESIAN_POINT('',(8.35,3.55,0.));
#5873=CARTESIAN_POINT('',(8.35,-2.2,0.));
#5874=VECTOR('',#5875,1.);
#5875=DIRECTION('',(0.,1.,0.));
#5876=CARTESIAN_POINT('',(8.35,3.55,0.4));
#5877=VECTOR('',#5878,1.);
#5878=DIRECTION('',(0.,0.,-1.));
#5879=CARTESIAN_POINT('',(9.15,3.55,0.));
#5880=CARTESIAN_POINT('',(9.15,3.55,0.));
#5881=VECTOR('',#5882,1.);
#5882=DIRECTION('',(-1.,0.,0.));
#5883=CARTESIAN_POINT('',(9.15,3.55,0.));
#5884=VECTOR('',#5885,1.);
#5885=DIRECTION('',(0.,-1.,0.));
#5886=CARTESIAN_POINT('',(9.15,3.55,0.4));
#5887=CARTESIAN_POINT('',(9.15,3.55,0.));
#5888=VECTOR('',#5889,1.);
#5889=DIRECTION('',(0.,0.,1.));
#5890=CARTESIAN_POINT('',(9.15,-2.2,0.4));
#5891=VECTOR('',#5892,1.);
#5892=DIRECTION('',(0.,1.,0.));
#5893=CARTESIAN_POINT('',(10.85,3.55,0.4));
#5894=CARTESIAN_POINT('',(10.85,3.55,0.4));
#5895=VECTOR('',#5896,1.);
#5896=DIRECTION('',(-1.,0.,0.));
#5897=CARTESIAN_POINT('',(10.85,3.55,0.4));
#5898=VECTOR('',#5899,1.);
#5899=DIRECTION('',(0.,-1.,0.));
#5900=CARTESIAN_POINT('',(9.68,0.32,0.4));
#5901=CARTESIAN_POINT('',(10.32,0.32,0.4));
#5902=CARTESIAN_POINT('',(9.68,0.32,0.4));
#5903=VECTOR('',#5904,1.);
#5904=DIRECTION('',(1.,0.,0.));
#5905=CARTESIAN_POINT('',(9.68,-0.32,0.4));
#5906=CARTESIAN_POINT('',(9.68,-0.32,0.4));
#5907=VECTOR('',#5908,1.);
#5908=DIRECTION('',(0.,1.,0.));
#5909=CARTESIAN_POINT('',(10.32,-0.32,0.4));
#5910=CARTESIAN_POINT('',(10.32,-0.32,0.4));
#5911=VECTOR('',#5912,1.);
#5912=DIRECTION('',(-1.,0.,0.));
#5913=CARTESIAN_POINT('',(10.32,0.32,0.4));
#5914=VECTOR('',#5915,1.);
#5915=DIRECTION('',(0.,-1.,0.));
#5916=CARTESIAN_POINT('',(10.85,3.55,0.));
#5917=CARTESIAN_POINT('',(10.85,-2.2,0.));
#5918=VECTOR('',#5919,1.);
#5919=DIRECTION('',(0.,1.,0.));
#5920=CARTESIAN_POINT('',(10.85,3.55,0.4));
#5921=VECTOR('',#5922,1.);
#5922=DIRECTION('',(0.,0.,-1.));
#5923=CARTESIAN_POINT('',(11.65,3.55,0.));
#5924=CARTESIAN_POINT('',(11.65,3.55,0.));
#5925=VECTOR('',#5926,1.);
#5926=DIRECTION('',(-1.,0.,0.));
#5927=CARTESIAN_POINT('',(11.65,3.55,0.));
#5928=VECTOR('',#5929,1.);
#5929=DIRECTION('',(0.,-1.,0.));
#5930=CARTESIAN_POINT('',(11.65,3.55,0.4));
#5931=CARTESIAN_POINT('',(11.65,3.55,0.));
#5932=VECTOR('',#5933,1.);
#5933=DIRECTION('',(0.,0.,1.));
#5934=CARTESIAN_POINT('',(11.65,-2.2,0.4));
#5935=VECTOR('',#5936,1.);
#5936=DIRECTION('',(0.,1.,0.));
#5937=CARTESIAN_POINT('',(13.35,3.55,0.4));
#5938=CARTESIAN_POINT('',(13.35,3.55,0.4));
#5939=VECTOR('',#5940,1.);
#5940=DIRECTION('',(-1.,0.,0.));
#5941=CARTESIAN_POINT('',(13.35,3.55,0.4));
#5942=VECTOR('',#5943,1.);
#5943=DIRECTION('',(0.,-1.,0.));
#5944=CARTESIAN_POINT('',(12.18,0.32,0.4));
#5945=CARTESIAN_POINT('',(12.82,0.32,0.4));
#5946=CARTESIAN_POINT('',(12.18,0.32,0.4));
#5947=VECTOR('',#5948,1.);
#5948=DIRECTION('',(1.,0.,0.));
#5949=CARTESIAN_POINT('',(12.18,-0.32,0.4));
#5950=CARTESIAN_POINT('',(12.18,-0.32,0.4));
#5951=VECTOR('',#5952,1.);
#5952=DIRECTION('',(0.,1.,0.));
#5953=CARTESIAN_POINT('',(12.82,-0.32,0.4));
#5954=CARTESIAN_POINT('',(12.82,-0.32,0.4));
#5955=VECTOR('',#5956,1.);
#5956=DIRECTION('',(-1.,0.,0.));
#5957=CARTESIAN_POINT('',(12.82,0.32,0.4));
#5958=VECTOR('',#5959,1.);
#5959=DIRECTION('',(0.,-1.,0.));
#5960=CARTESIAN_POINT('',(13.35,3.55,0.));
#5961=CARTESIAN_POINT('',(13.35,-2.2,0.));
#5962=VECTOR('',#5963,1.);
#5963=DIRECTION('',(0.,1.,0.));
#5964=CARTESIAN_POINT('',(13.35,3.55,0.4));
#5965=VECTOR('',#5966,1.);
#5966=DIRECTION('',(0.,0.,-1.));
#5967=CARTESIAN_POINT('',(14.15,3.55,0.));
#5968=CARTESIAN_POINT('',(14.15,3.55,0.));
#5969=VECTOR('',#5970,1.);
#5970=DIRECTION('',(-1.,0.,0.));
#5971=CARTESIAN_POINT('',(14.15,3.55,0.));
#5972=VECTOR('',#5973,1.);
#5973=DIRECTION('',(0.,-1.,0.));
#5974=CARTESIAN_POINT('',(14.15,3.55,0.4));
#5975=CARTESIAN_POINT('',(14.15,3.55,0.));
#5976=VECTOR('',#5977,1.);
#5977=DIRECTION('',(0.,0.,1.));
#5978=CARTESIAN_POINT('',(14.15,-2.2,0.4));
#5979=VECTOR('',#5980,1.);
#5980=DIRECTION('',(0.,1.,0.));
#5981=CARTESIAN_POINT('',(15.85,3.55,0.4));
#5982=CARTESIAN_POINT('',(15.85,3.55,0.4));
#5983=VECTOR('',#5984,1.);
#5984=DIRECTION('',(-1.,0.,0.));
#5985=CARTESIAN_POINT('',(15.85,3.55,0.4));
#5986=VECTOR('',#5987,1.);
#5987=DIRECTION('',(0.,-1.,0.));
#5988=CARTESIAN_POINT('',(14.68,0.32,0.4));
#5989=CARTESIAN_POINT('',(15.32,0.32,0.4));
#5990=CARTESIAN_POINT('',(14.68,0.32,0.4));
#5991=VECTOR('',#5992,1.);
#5992=DIRECTION('',(1.,0.,0.));
#5993=CARTESIAN_POINT('',(14.68,-0.32,0.4));
#5994=CARTESIAN_POINT('',(14.68,-0.32,0.4));
#5995=VECTOR('',#5996,1.);
#5996=DIRECTION('',(0.,1.,0.));
#5997=CARTESIAN_POINT('',(15.32,-0.32,0.4));
#5998=CARTESIAN_POINT('',(15.32,-0.32,0.4));
#5999=VECTOR('',#6000,1.);
#6000=DIRECTION('',(-1.,0.,0.));
#6001=CARTESIAN_POINT('',(15.32,0.32,0.4));
#6002=VECTOR('',#6003,1.);
#6003=DIRECTION('',(0.,-1.,0.));
#6004=CARTESIAN_POINT('',(15.85,3.55,0.));
#6005=CARTESIAN_POINT('',(15.85,-2.2,0.));
#6006=VECTOR('',#6007,1.);
#6007=DIRECTION('',(0.,1.,0.));
#6008=CARTESIAN_POINT('',(15.85,3.55,0.4));
#6009=VECTOR('',#6010,1.);
#6010=DIRECTION('',(0.,0.,-1.));
#6011=CARTESIAN_POINT('',(15.85,3.55,0.));
#6012=VECTOR('',#6013,1.);
#6013=DIRECTION('',(1.,0.,0.));
#6014=CARTESIAN_POINT('',(17.1,-0.4,7.));
#6015=CARTESIAN_POINT('',(17.1,-0.4,7.));
#6016=VECTOR('',#6017,1.);
#6017=DIRECTION('',(-0.707106781186544,0.,-0.707106781186551));
#6018=CARTESIAN_POINT('',(17.5,-0.4,7.));
#6019=VECTOR('',#6020,1.);
#6020=DIRECTION('',(-1.,0.,0.));
#6021=CARTESIAN_POINT('',(17.5,3.55,7.));
#6022=VECTOR('',#6023,1.);
#6023=DIRECTION('',(-1.,0.,0.));
#6024=CARTESIAN_POINT('',(-2.1,-0.4,7.));
#6025=CARTESIAN_POINT('',(-2.1,3.15,7.));
#6026=CARTESIAN_POINT('',(-2.1,3.15,7.));
#6027=VECTOR('',#6028,1.);
#6028=DIRECTION('',(1.2509555207044E-016,-1.,0.));
#6029=CARTESIAN_POINT('',(17.1,3.15,7.));
#6030=CARTESIAN_POINT('',(17.1,3.15,7.));
#6031=VECTOR('',#6032,1.);
#6032=DIRECTION('',(-1.,0.,0.));
#6033=CARTESIAN_POINT('',(17.1,3.15,7.));
#6034=VECTOR('',#6035,1.);
#6035=DIRECTION('',(0.,-1.,0.));
#6036=CARTESIAN_POINT('',(-2.1,-0.4,7.));
#6037=VECTOR('',#6038,1.);
#6038=DIRECTION('',(-1.,0.,0.));
#6039=CARTESIAN_POINT('',(17.1,3.15,7.));
#6040=VECTOR('',#6041,1.);
#6041=DIRECTION('',(-0.577350269189627,-0.577350269189625,-0.577350269189625));
#6042=CARTESIAN_POINT('',(16.8,2.85,6.7));
#6043=VECTOR('',#6044,1.);
#6044=DIRECTION('',(-1.,0.,0.));
#6045=CARTESIAN_POINT('',(2.82,0.32,6.12679491924311));
#6046=CARTESIAN_POINT('',(2.18,0.32,6.12679491924311));
#6047=CARTESIAN_POINT('',(2.82,0.32,6.12679491924311));
#6048=VECTOR('',#6049,1.);
#6049=DIRECTION('',(-1.,0.,0.));
#6050=CARTESIAN_POINT('',(2.82,0.32,2.));
#6051=VECTOR('',#6052,1.);
#6052=DIRECTION('',(0.,0.,1.));
#6053=CARTESIAN_POINT('',(2.18,0.32,2.));
#6054=VECTOR('',#6055,1.);
#6055=DIRECTION('',(0.,0.,1.));
#6056=CARTESIAN_POINT('',(2.82,-0.32,6.12679491924311));
#6057=CARTESIAN_POINT('',(2.82,-0.32,6.12679491924311));
#6058=VECTOR('',#6059,1.);
#6059=DIRECTION('',(0.,1.,0.));
#6060=CARTESIAN_POINT('',(2.82,-0.32,2.));
#6061=VECTOR('',#6062,1.);
#6062=DIRECTION('',(0.,0.,1.));
#6063=CARTESIAN_POINT('',(2.18,-0.32,6.12679491924311));
#6064=CARTESIAN_POINT('',(2.18,-0.32,6.12679491924311));
#6065=VECTOR('',#6066,1.);
#6066=DIRECTION('',(1.,0.,0.));
#6067=CARTESIAN_POINT('',(2.18,-0.32,2.));
#6068=VECTOR('',#6069,1.);
#6069=DIRECTION('',(0.,0.,1.));
#6070=CARTESIAN_POINT('',(2.18,0.32,6.12679491924311));
#6071=VECTOR('',#6072,1.);
#6072=DIRECTION('',(0.,-1.,0.));
#6073=CARTESIAN_POINT('',(5.32,0.32,6.12679491924311));
#6074=CARTESIAN_POINT('',(4.68,0.32,6.12679491924311));
#6075=CARTESIAN_POINT('',(5.32,0.32,6.12679491924311));
#6076=VECTOR('',#6077,1.);
#6077=DIRECTION('',(-1.,0.,0.));
#6078=CARTESIAN_POINT('',(5.32,0.32,2.));
#6079=VECTOR('',#6080,1.);
#6080=DIRECTION('',(0.,0.,1.));
#6081=CARTESIAN_POINT('',(4.68,0.32,2.));
#6082=VECTOR('',#6083,1.);
#6083=DIRECTION('',(0.,0.,1.));
#6084=CARTESIAN_POINT('',(5.32,-0.32,6.12679491924311));
#6085=CARTESIAN_POINT('',(5.32,-0.32,6.12679491924311));
#6086=VECTOR('',#6087,1.);
#6087=DIRECTION('',(0.,1.,0.));
#6088=CARTESIAN_POINT('',(5.32,-0.32,2.));
#6089=VECTOR('',#6090,1.);
#6090=DIRECTION('',(0.,0.,1.));
#6091=CARTESIAN_POINT('',(4.68,-0.32,6.12679491924311));
#6092=CARTESIAN_POINT('',(4.68,-0.32,6.12679491924311));
#6093=VECTOR('',#6094,1.);
#6094=DIRECTION('',(1.,0.,0.));
#6095=CARTESIAN_POINT('',(4.68,-0.32,2.));
#6096=VECTOR('',#6097,1.);
#6097=DIRECTION('',(0.,0.,1.));
#6098=CARTESIAN_POINT('',(4.68,0.32,6.12679491924311));
#6099=VECTOR('',#6100,1.);
#6100=DIRECTION('',(0.,-1.,0.));
#6101=CARTESIAN_POINT('',(7.82,0.32,6.12679491924311));
#6102=CARTESIAN_POINT('',(7.18,0.32,6.12679491924311));
#6103=CARTESIAN_POINT('',(7.82,0.32,6.12679491924311));
#6104=VECTOR('',#6105,1.);
#6105=DIRECTION('',(-1.,0.,0.));
#6106=CARTESIAN_POINT('',(7.82,0.32,2.));
#6107=VECTOR('',#6108,1.);
#6108=DIRECTION('',(0.,0.,1.));
#6109=CARTESIAN_POINT('',(7.18,0.32,2.));
#6110=VECTOR('',#6111,1.);
#6111=DIRECTION('',(0.,0.,1.));
#6112=CARTESIAN_POINT('',(7.82,-0.32,6.12679491924311));
#6113=CARTESIAN_POINT('',(7.82,-0.32,6.12679491924311));
#6114=VECTOR('',#6115,1.);
#6115=DIRECTION('',(0.,1.,0.));
#6116=CARTESIAN_POINT('',(7.82,-0.32,2.));
#6117=VECTOR('',#6118,1.);
#6118=DIRECTION('',(0.,0.,1.));
#6119=CARTESIAN_POINT('',(7.18,-0.32,6.12679491924311));
#6120=CARTESIAN_POINT('',(7.18,-0.32,6.12679491924311));
#6121=VECTOR('',#6122,1.);
#6122=DIRECTION('',(1.,0.,0.));
#6123=CARTESIAN_POINT('',(7.18,-0.32,2.));
#6124=VECTOR('',#6125,1.);
#6125=DIRECTION('',(0.,0.,1.));
#6126=CARTESIAN_POINT('',(7.18,0.32,6.12679491924311));
#6127=VECTOR('',#6128,1.);
#6128=DIRECTION('',(0.,-1.,0.));
#6129=CARTESIAN_POINT('',(10.32,0.32,6.12679491924311));
#6130=CARTESIAN_POINT('',(9.68,0.32,6.12679491924311));
#6131=CARTESIAN_POINT('',(10.32,0.32,6.12679491924311));
#6132=VECTOR('',#6133,1.);
#6133=DIRECTION('',(-1.,0.,2.77555756156289E-015));
#6134=CARTESIAN_POINT('',(10.32,0.32,2.));
#6135=VECTOR('',#6136,1.);
#6136=DIRECTION('',(0.,0.,1.));
#6137=CARTESIAN_POINT('',(9.68,0.32,2.));
#6138=VECTOR('',#6139,1.);
#6139=DIRECTION('',(0.,0.,1.));
#6140=CARTESIAN_POINT('',(10.32,-0.32,6.12679491924311));
#6141=CARTESIAN_POINT('',(10.32,-0.32,6.12679491924311));
#6142=VECTOR('',#6143,1.);
#6143=DIRECTION('',(0.,1.,0.));
#6144=CARTESIAN_POINT('',(10.32,-0.32,2.));
#6145=VECTOR('',#6146,1.);
#6146=DIRECTION('',(0.,0.,1.));
#6147=CARTESIAN_POINT('',(9.68,-0.32,6.12679491924311));
#6148=CARTESIAN_POINT('',(9.68,-0.32,6.12679491924311));
#6149=VECTOR('',#6150,1.);
#6150=DIRECTION('',(1.,0.,2.77555756156289E-015));
#6151=CARTESIAN_POINT('',(9.68,-0.32,2.));
#6152=VECTOR('',#6153,1.);
#6153=DIRECTION('',(0.,0.,1.));
#6154=CARTESIAN_POINT('',(9.68,0.32,6.12679491924311));
#6155=VECTOR('',#6156,1.);
#6156=DIRECTION('',(0.,-1.,0.));
#6157=CARTESIAN_POINT('',(12.82,0.32,6.12679491924311));
#6158=CARTESIAN_POINT('',(12.18,0.32,6.12679491924311));
#6159=CARTESIAN_POINT('',(12.82,0.32,6.12679491924311));
#6160=VECTOR('',#6161,1.);
#6161=DIRECTION('',(-1.,0.,2.77555756156289E-015));
#6162=CARTESIAN_POINT('',(12.82,0.32,2.));
#6163=VECTOR('',#6164,1.);
#6164=DIRECTION('',(0.,0.,1.));
#6165=CARTESIAN_POINT('',(12.18,0.32,2.));
#6166=VECTOR('',#6167,1.);
#6167=DIRECTION('',(0.,0.,1.));
#6168=CARTESIAN_POINT('',(12.82,-0.32,6.12679491924311));
#6169=CARTESIAN_POINT('',(12.82,-0.32,6.12679491924311));
#6170=VECTOR('',#6171,1.);
#6171=DIRECTION('',(0.,1.,0.));
#6172=CARTESIAN_POINT('',(12.82,-0.32,2.));
#6173=VECTOR('',#6174,1.);
#6174=DIRECTION('',(0.,0.,1.));
#6175=CARTESIAN_POINT('',(12.18,-0.32,6.12679491924311));
#6176=CARTESIAN_POINT('',(12.18,-0.32,6.12679491924311));
#6177=VECTOR('',#6178,1.);
#6178=DIRECTION('',(1.,0.,2.77555756156289E-015));
#6179=CARTESIAN_POINT('',(12.18,-0.32,2.));
#6180=VECTOR('',#6181,1.);
#6181=DIRECTION('',(0.,0.,1.));
#6182=CARTESIAN_POINT('',(12.18,0.32,6.12679491924311));
#6183=VECTOR('',#6184,1.);
#6184=DIRECTION('',(0.,-1.,0.));
#6185=CARTESIAN_POINT('',(15.32,0.32,6.12679491924311));
#6186=CARTESIAN_POINT('',(14.68,0.32,6.12679491924311));
#6187=CARTESIAN_POINT('',(15.32,0.32,6.12679491924311));
#6188=VECTOR('',#6189,1.);
#6189=DIRECTION('',(-1.,0.,2.77555756156289E-015));
#6190=CARTESIAN_POINT('',(15.32,0.32,2.));
#6191=VECTOR('',#6192,1.);
#6192=DIRECTION('',(0.,0.,1.));
#6193=CARTESIAN_POINT('',(14.68,0.32,2.));
#6194=VECTOR('',#6195,1.);
#6195=DIRECTION('',(0.,0.,1.));
#6196=CARTESIAN_POINT('',(15.32,-0.32,6.12679491924311));
#6197=CARTESIAN_POINT('',(15.32,-0.32,6.12679491924311));
#6198=VECTOR('',#6199,1.);
#6199=DIRECTION('',(0.,1.,0.));
#6200=CARTESIAN_POINT('',(15.32,-0.32,2.));
#6201=VECTOR('',#6202,1.);
#6202=DIRECTION('',(0.,0.,1.));
#6203=CARTESIAN_POINT('',(14.68,-0.32,6.12679491924311));
#6204=CARTESIAN_POINT('',(14.68,-0.32,6.12679491924311));
#6205=VECTOR('',#6206,1.);
#6206=DIRECTION('',(1.,0.,2.77555756156289E-015));
#6207=CARTESIAN_POINT('',(14.68,-0.32,2.));
#6208=VECTOR('',#6209,1.);
#6209=DIRECTION('',(0.,0.,1.));
#6210=CARTESIAN_POINT('',(14.68,0.32,6.12679491924311));
#6211=VECTOR('',#6212,1.);
#6212=DIRECTION('',(0.,-1.,0.));
#6213=CARTESIAN_POINT('',(0.32,0.32,6.12679491924311));
#6214=CARTESIAN_POINT('',(-0.32,0.32,6.12679491924311));
#6215=CARTESIAN_POINT('',(0.32,0.32,6.12679491924311));
#6216=VECTOR('',#6217,1.);
#6217=DIRECTION('',(-1.,0.,0.));
#6218=CARTESIAN_POINT('',(0.32,0.32,2.));
#6219=VECTOR('',#6220,1.);
#6220=DIRECTION('',(0.,0.,1.));
#6221=CARTESIAN_POINT('',(-0.32,0.32,2.));
#6222=VECTOR('',#6223,1.);
#6223=DIRECTION('',(0.,0.,1.));
#6224=CARTESIAN_POINT('',(0.32,-0.32,6.12679491924311));
#6225=CARTESIAN_POINT('',(0.32,-0.32,6.12679491924311));
#6226=VECTOR('',#6227,1.);
#6227=DIRECTION('',(0.,1.,0.));
#6228=CARTESIAN_POINT('',(0.32,-0.32,2.));
#6229=VECTOR('',#6230,1.);
#6230=DIRECTION('',(0.,0.,1.));
#6231=CARTESIAN_POINT('',(-0.32,-0.32,6.12679491924311));
#6232=CARTESIAN_POINT('',(-0.32,-0.32,6.12679491924311));
#6233=VECTOR('',#6234,1.);
#6234=DIRECTION('',(1.,0.,0.));
#6235=CARTESIAN_POINT('',(-0.32,-0.32,2.));
#6236=VECTOR('',#6237,1.);
#6237=DIRECTION('',(0.,0.,1.));
#6238=CARTESIAN_POINT('',(-0.32,0.32,6.12679491924311));
#6239=VECTOR('',#6240,1.);
#6240=DIRECTION('',(0.,-1.,0.));
#6241=CARTESIAN_POINT('',(-1.8,-0.4,6.7));
#6242=VECTOR('',#6243,1.);
#6243=DIRECTION('',(-0.707106781186549,0.,0.707106781186546));
#6244=CARTESIAN_POINT('',(-2.1,3.15,7.));
#6245=VECTOR('',#6246,1.);
#6246=DIRECTION('',(0.577350269189627,-0.577350269189626,-0.577350269189624));
#6247=CARTESIAN_POINT('',(0.32,0.32,-3.12679491924311));
#6248=CARTESIAN_POINT('',(-0.32,0.32,-3.12679491924311));
#6249=CARTESIAN_POINT('',(0.32,0.32,-3.12679491924311));
#6250=VECTOR('',#6251,1.);
#6251=DIRECTION('',(-1.,0.,0.));
#6252=CARTESIAN_POINT('',(-0.32,0.32,-3.12679491924311));
#6253=VECTOR('',#6254,1.);
#6254=DIRECTION('',(0.,0.,1.));
#6255=CARTESIAN_POINT('',(0.32,0.32,-3.12679491924311));
#6256=VECTOR('',#6257,1.);
#6257=DIRECTION('',(0.,0.,1.));
#6258=CARTESIAN_POINT('',(-0.32,-0.32,-3.12679491924311));
#6259=CARTESIAN_POINT('',(-0.32,0.32,-3.12679491924311));
#6260=VECTOR('',#6261,1.);
#6261=DIRECTION('',(0.,-1.,0.));
#6262=CARTESIAN_POINT('',(-0.32,-0.32,-3.12679491924311));
#6263=VECTOR('',#6264,1.);
#6264=DIRECTION('',(0.,0.,1.));
#6265=CARTESIAN_POINT('',(0.32,-0.32,-3.12679491924311));
#6266=CARTESIAN_POINT('',(-0.32,-0.32,-3.12679491924311));
#6267=VECTOR('',#6268,1.);
#6268=DIRECTION('',(1.,0.,0.));
#6269=CARTESIAN_POINT('',(0.32,-0.32,-3.12679491924311));
#6270=VECTOR('',#6271,1.);
#6271=DIRECTION('',(0.,0.,1.));
#6272=CARTESIAN_POINT('',(0.32,-0.32,-3.12679491924311));
#6273=VECTOR('',#6274,1.);
#6274=DIRECTION('',(0.,1.,0.));
#6275=CARTESIAN_POINT('',(2.82,0.32,-3.12679491924311));
#6276=CARTESIAN_POINT('',(2.18,0.32,-3.12679491924311));
#6277=CARTESIAN_POINT('',(2.82,0.32,-3.12679491924311));
#6278=VECTOR('',#6279,1.);
#6279=DIRECTION('',(-1.,0.,0.));
#6280=CARTESIAN_POINT('',(2.18,0.32,-3.12679491924311));
#6281=VECTOR('',#6282,1.);
#6282=DIRECTION('',(0.,0.,1.));
#6283=CARTESIAN_POINT('',(2.82,0.32,-3.12679491924311));
#6284=VECTOR('',#6285,1.);
#6285=DIRECTION('',(0.,0.,1.));
#6286=CARTESIAN_POINT('',(2.18,-0.32,-3.12679491924311));
#6287=CARTESIAN_POINT('',(2.18,0.32,-3.12679491924311));
#6288=VECTOR('',#6289,1.);
#6289=DIRECTION('',(0.,-1.,0.));
#6290=CARTESIAN_POINT('',(2.18,-0.32,-3.12679491924311));
#6291=VECTOR('',#6292,1.);
#6292=DIRECTION('',(0.,0.,1.));
#6293=CARTESIAN_POINT('',(2.82,-0.32,-3.12679491924311));
#6294=CARTESIAN_POINT('',(2.18,-0.32,-3.12679491924311));
#6295=VECTOR('',#6296,1.);
#6296=DIRECTION('',(1.,0.,0.));
#6297=CARTESIAN_POINT('',(2.82,-0.32,-3.12679491924311));
#6298=VECTOR('',#6299,1.);
#6299=DIRECTION('',(0.,0.,1.));
#6300=CARTESIAN_POINT('',(2.82,-0.32,-3.12679491924311));
#6301=VECTOR('',#6302,1.);
#6302=DIRECTION('',(0.,1.,0.));
#6303=CARTESIAN_POINT('',(5.32,0.32,-3.12679491924311));
#6304=CARTESIAN_POINT('',(4.68,0.32,-3.12679491924311));
#6305=CARTESIAN_POINT('',(5.32,0.32,-3.12679491924311));
#6306=VECTOR('',#6307,1.);
#6307=DIRECTION('',(-1.,0.,0.));
#6308=CARTESIAN_POINT('',(4.68,0.32,-3.12679491924311));
#6309=VECTOR('',#6310,1.);
#6310=DIRECTION('',(0.,0.,1.));
#6311=CARTESIAN_POINT('',(5.32,0.32,-3.12679491924311));
#6312=VECTOR('',#6313,1.);
#6313=DIRECTION('',(0.,0.,1.));
#6314=CARTESIAN_POINT('',(4.68,-0.32,-3.12679491924311));
#6315=CARTESIAN_POINT('',(4.68,0.32,-3.12679491924311));
#6316=VECTOR('',#6317,1.);
#6317=DIRECTION('',(0.,-1.,0.));
#6318=CARTESIAN_POINT('',(4.68,-0.32,-3.12679491924311));
#6319=VECTOR('',#6320,1.);
#6320=DIRECTION('',(0.,0.,1.));
#6321=CARTESIAN_POINT('',(5.32,-0.32,-3.12679491924311));
#6322=CARTESIAN_POINT('',(4.68,-0.32,-3.12679491924311));
#6323=VECTOR('',#6324,1.);
#6324=DIRECTION('',(1.,0.,0.));
#6325=CARTESIAN_POINT('',(5.32,-0.32,-3.12679491924311));
#6326=VECTOR('',#6327,1.);
#6327=DIRECTION('',(0.,0.,1.));
#6328=CARTESIAN_POINT('',(5.32,-0.32,-3.12679491924311));
#6329=VECTOR('',#6330,1.);
#6330=DIRECTION('',(0.,1.,0.));
#6331=CARTESIAN_POINT('',(7.82,0.32,-3.12679491924311));
#6332=CARTESIAN_POINT('',(7.18,0.32,-3.12679491924311));
#6333=CARTESIAN_POINT('',(7.82,0.32,-3.12679491924311));
#6334=VECTOR('',#6335,1.);
#6335=DIRECTION('',(-1.,0.,0.));
#6336=CARTESIAN_POINT('',(7.18,0.32,-3.12679491924311));
#6337=VECTOR('',#6338,1.);
#6338=DIRECTION('',(0.,0.,1.));
#6339=CARTESIAN_POINT('',(7.82,0.32,-3.12679491924311));
#6340=VECTOR('',#6341,1.);
#6341=DIRECTION('',(0.,0.,1.));
#6342=CARTESIAN_POINT('',(7.18,-0.32,-3.12679491924311));
#6343=CARTESIAN_POINT('',(7.18,0.32,-3.12679491924311));
#6344=VECTOR('',#6345,1.);
#6345=DIRECTION('',(0.,-1.,0.));
#6346=CARTESIAN_POINT('',(7.18,-0.32,-3.12679491924311));
#6347=VECTOR('',#6348,1.);
#6348=DIRECTION('',(0.,0.,1.));
#6349=CARTESIAN_POINT('',(7.82,-0.32,-3.12679491924311));
#6350=CARTESIAN_POINT('',(7.18,-0.32,-3.12679491924311));
#6351=VECTOR('',#6352,1.);
#6352=DIRECTION('',(1.,0.,0.));
#6353=CARTESIAN_POINT('',(7.82,-0.32,-3.12679491924311));
#6354=VECTOR('',#6355,1.);
#6355=DIRECTION('',(0.,0.,1.));
#6356=CARTESIAN_POINT('',(7.82,-0.32,-3.12679491924311));
#6357=VECTOR('',#6358,1.);
#6358=DIRECTION('',(0.,1.,0.));
#6359=CARTESIAN_POINT('',(10.32,0.32,-3.12679491924311));
#6360=CARTESIAN_POINT('',(9.68,0.32,-3.12679491924311));
#6361=CARTESIAN_POINT('',(10.32,0.32,-3.12679491924311));
#6362=VECTOR('',#6363,1.);
#6363=DIRECTION('',(-1.,0.,0.));
#6364=CARTESIAN_POINT('',(9.68,0.32,-3.12679491924311));
#6365=VECTOR('',#6366,1.);
#6366=DIRECTION('',(0.,0.,1.));
#6367=CARTESIAN_POINT('',(10.32,0.32,-3.12679491924311));
#6368=VECTOR('',#6369,1.);
#6369=DIRECTION('',(0.,0.,1.));
#6370=CARTESIAN_POINT('',(9.68,-0.32,-3.12679491924311));
#6371=CARTESIAN_POINT('',(9.68,0.32,-3.12679491924311));
#6372=VECTOR('',#6373,1.);
#6373=DIRECTION('',(0.,-1.,0.));
#6374=CARTESIAN_POINT('',(9.68,-0.32,-3.12679491924311));
#6375=VECTOR('',#6376,1.);
#6376=DIRECTION('',(0.,0.,1.));
#6377=CARTESIAN_POINT('',(10.32,-0.32,-3.12679491924311));
#6378=CARTESIAN_POINT('',(9.68,-0.32,-3.12679491924311));
#6379=VECTOR('',#6380,1.);
#6380=DIRECTION('',(1.,0.,0.));
#6381=CARTESIAN_POINT('',(10.32,-0.32,-3.12679491924311));
#6382=VECTOR('',#6383,1.);
#6383=DIRECTION('',(0.,0.,1.));
#6384=CARTESIAN_POINT('',(10.32,-0.32,-3.12679491924311));
#6385=VECTOR('',#6386,1.);
#6386=DIRECTION('',(0.,1.,0.));
#6387=CARTESIAN_POINT('',(12.82,0.32,-3.12679491924311));
#6388=CARTESIAN_POINT('',(12.18,0.32,-3.12679491924311));
#6389=CARTESIAN_POINT('',(12.82,0.32,-3.12679491924311));
#6390=VECTOR('',#6391,1.);
#6391=DIRECTION('',(-1.,0.,0.));
#6392=CARTESIAN_POINT('',(12.18,0.32,-3.12679491924311));
#6393=VECTOR('',#6394,1.);
#6394=DIRECTION('',(0.,0.,1.));
#6395=CARTESIAN_POINT('',(12.82,0.32,-3.12679491924311));
#6396=VECTOR('',#6397,1.);
#6397=DIRECTION('',(0.,0.,1.));
#6398=CARTESIAN_POINT('',(12.18,-0.32,-3.12679491924311));
#6399=CARTESIAN_POINT('',(12.18,0.32,-3.12679491924311));
#6400=VECTOR('',#6401,1.);
#6401=DIRECTION('',(0.,-1.,0.));
#6402=CARTESIAN_POINT('',(12.18,-0.32,-3.12679491924311));
#6403=VECTOR('',#6404,1.);
#6404=DIRECTION('',(0.,0.,1.));
#6405=CARTESIAN_POINT('',(12.82,-0.32,-3.12679491924311));
#6406=CARTESIAN_POINT('',(12.18,-0.32,-3.12679491924311));
#6407=VECTOR('',#6408,1.);
#6408=DIRECTION('',(1.,0.,0.));
#6409=CARTESIAN_POINT('',(12.82,-0.32,-3.12679491924311));
#6410=VECTOR('',#6411,1.);
#6411=DIRECTION('',(0.,0.,1.));
#6412=CARTESIAN_POINT('',(12.82,-0.32,-3.12679491924311));
#6413=VECTOR('',#6414,1.);
#6414=DIRECTION('',(0.,1.,0.));
#6415=CARTESIAN_POINT('',(15.32,0.32,-3.12679491924311));
#6416=CARTESIAN_POINT('',(14.68,0.32,-3.12679491924311));
#6417=CARTESIAN_POINT('',(15.32,0.32,-3.12679491924311));
#6418=VECTOR('',#6419,1.);
#6419=DIRECTION('',(-1.,0.,0.));
#6420=CARTESIAN_POINT('',(14.68,0.32,-3.12679491924311));
#6421=VECTOR('',#6422,1.);
#6422=DIRECTION('',(0.,0.,1.));
#6423=CARTESIAN_POINT('',(15.32,0.32,-3.12679491924311));
#6424=VECTOR('',#6425,1.);
#6425=DIRECTION('',(0.,0.,1.));
#6426=CARTESIAN_POINT('',(14.68,-0.32,-3.12679491924311));
#6427=CARTESIAN_POINT('',(14.68,0.32,-3.12679491924311));
#6428=VECTOR('',#6429,1.);
#6429=DIRECTION('',(0.,-1.,0.));
#6430=CARTESIAN_POINT('',(14.68,-0.32,-3.12679491924311));
#6431=VECTOR('',#6432,1.);
#6432=DIRECTION('',(0.,0.,1.));
#6433=CARTESIAN_POINT('',(15.32,-0.32,-3.12679491924311));
#6434=CARTESIAN_POINT('',(14.68,-0.32,-3.12679491924311));
#6435=VECTOR('',#6436,1.);
#6436=DIRECTION('',(1.,0.,0.));
#6437=CARTESIAN_POINT('',(15.32,-0.32,-3.12679491924311));
#6438=VECTOR('',#6439,1.);
#6439=DIRECTION('',(0.,0.,1.));
#6440=CARTESIAN_POINT('',(15.32,-0.32,-3.12679491924311));
#6441=VECTOR('',#6442,1.);
#6442=DIRECTION('',(0.,1.,0.));
#6443=CARTESIAN_POINT('',(2.28,0.22,6.5));
#6444=CARTESIAN_POINT('',(2.18,0.32,6.12679491924311));
#6445=VECTOR('',#6446,1.);
#6446=DIRECTION('',(0.250562807085733,-0.250562807085729,0.935113126531029));
#6447=CARTESIAN_POINT('',(2.72,0.22,6.5));
#6448=CARTESIAN_POINT('',(2.72,0.22,6.5));
#6449=VECTOR('',#6450,1.);
#6450=DIRECTION('',(-1.,1.26161707343768E-016,0.));
#6451=CARTESIAN_POINT('',(2.82,0.320000000000001,6.12679491924311));
#6452=VECTOR('',#6453,1.);
#6453=DIRECTION('',(-0.25056280708573,-0.250562807085732,0.93511312653103));
#6454=CARTESIAN_POINT('',(2.72,-0.22,6.5));
#6455=CARTESIAN_POINT('',(2.72,-0.22,6.5));
#6456=VECTOR('',#6457,1.);
#6457=DIRECTION('',(0.,1.,0.));
#6458=CARTESIAN_POINT('',(2.82,-0.32,6.12679491924311));
#6459=VECTOR('',#6460,1.);
#6460=DIRECTION('',(-0.250562807085732,0.250562807085733,0.935113126531029));
#6461=CARTESIAN_POINT('',(2.28,-0.22,6.5));
#6462=CARTESIAN_POINT('',(2.28,-0.22,6.5));
#6463=VECTOR('',#6464,1.);
#6464=DIRECTION('',(1.,0.,0.));
#6465=CARTESIAN_POINT('',(2.18,-0.320000000000001,6.12679491924311));
#6466=VECTOR('',#6467,1.);
#6467=DIRECTION('',(0.25056280708573,0.250562807085732,0.93511312653103));
#6468=CARTESIAN_POINT('',(2.28,0.22,6.5));
#6469=VECTOR('',#6470,1.);
#6470=DIRECTION('',(0.,-1.,0.));
#6471=CARTESIAN_POINT('',(4.78,0.22,6.5));
#6472=CARTESIAN_POINT('',(4.68,0.32,6.12679491924311));
#6473=VECTOR('',#6474,1.);
#6474=DIRECTION('',(0.250562807085732,-0.250562807085733,0.935113126531029));
#6475=CARTESIAN_POINT('',(5.22,0.22,6.5));
#6476=CARTESIAN_POINT('',(5.22,0.22,6.5));
#6477=VECTOR('',#6478,1.);
#6478=DIRECTION('',(-1.,0.,0.));
#6479=CARTESIAN_POINT('',(5.32,0.320000000000001,6.12679491924311));
#6480=VECTOR('',#6481,1.);
#6481=DIRECTION('',(-0.25056280708573,-0.250562807085732,0.93511312653103));
#6482=CARTESIAN_POINT('',(5.22,-0.22,6.5));
#6483=CARTESIAN_POINT('',(5.22,-0.22,6.5));
#6484=VECTOR('',#6485,1.);
#6485=DIRECTION('',(0.,1.,0.));
#6486=CARTESIAN_POINT('',(5.32,-0.32,6.12679491924311));
#6487=VECTOR('',#6488,1.);
#6488=DIRECTION('',(-0.250562807085732,0.250562807085733,0.935113126531029));
#6489=CARTESIAN_POINT('',(4.78,-0.22,6.5));
#6490=CARTESIAN_POINT('',(4.78,-0.22,6.5));
#6491=VECTOR('',#6492,1.);
#6492=DIRECTION('',(1.,0.,0.));
#6493=CARTESIAN_POINT('',(4.68,-0.320000000000001,6.12679491924311));
#6494=VECTOR('',#6495,1.);
#6495=DIRECTION('',(0.25056280708573,0.250562807085732,0.93511312653103));
#6496=CARTESIAN_POINT('',(4.78,0.22,6.5));
#6497=VECTOR('',#6498,1.);
#6498=DIRECTION('',(0.,-1.,0.));
#6499=CARTESIAN_POINT('',(7.28,0.22,6.5));
#6500=CARTESIAN_POINT('',(7.18,0.32,6.12679491924311));
#6501=VECTOR('',#6502,1.);
#6502=DIRECTION('',(0.250562807085734,-0.250562807085733,0.935113126531029));
#6503=CARTESIAN_POINT('',(7.72,0.22,6.5));
#6504=CARTESIAN_POINT('',(7.72,0.22,6.5));
#6505=VECTOR('',#6506,1.);
#6506=DIRECTION('',(-1.,0.,0.));
#6507=CARTESIAN_POINT('',(7.82,0.320000000000001,6.12679491924311));
#6508=VECTOR('',#6509,1.);
#6509=DIRECTION('',(-0.25056280708573,-0.250562807085732,0.93511312653103));
#6510=CARTESIAN_POINT('',(7.72,-0.22,6.5));
#6511=CARTESIAN_POINT('',(7.72,-0.22,6.5));
#6512=VECTOR('',#6513,1.);
#6513=DIRECTION('',(0.,1.,0.));
#6514=CARTESIAN_POINT('',(7.82,-0.32,6.12679491924311));
#6515=VECTOR('',#6516,1.);
#6516=DIRECTION('',(-0.250562807085732,0.250562807085733,0.935113126531029));
#6517=CARTESIAN_POINT('',(7.28,-0.22,6.5));
#6518=CARTESIAN_POINT('',(7.28,-0.22,6.5));
#6519=VECTOR('',#6520,1.);
#6520=DIRECTION('',(1.,0.,0.));
#6521=CARTESIAN_POINT('',(7.18,-0.320000000000001,6.12679491924311));
#6522=VECTOR('',#6523,1.);
#6523=DIRECTION('',(0.25056280708573,0.250562807085732,0.93511312653103));
#6524=CARTESIAN_POINT('',(7.28,0.22,6.5));
#6525=VECTOR('',#6526,1.);
#6526=DIRECTION('',(0.,-1.,0.));
#6527=CARTESIAN_POINT('',(9.78,0.22,6.5));
#6528=CARTESIAN_POINT('',(9.68,0.32,6.12679491924311));
#6529=VECTOR('',#6530,1.);
#6530=DIRECTION('',(0.250562807085731,-0.250562807085731,0.93511312653103));
#6531=CARTESIAN_POINT('',(10.22,0.22,6.5));
#6532=CARTESIAN_POINT('',(10.22,0.22,6.5));
#6533=VECTOR('',#6534,1.);
#6534=DIRECTION('',(-1.,0.,0.));
#6535=CARTESIAN_POINT('',(10.32,0.320000000000001,6.12679491924311));
#6536=VECTOR('',#6537,1.);
#6537=DIRECTION('',(-0.25056280708573,-0.250562807085732,0.93511312653103));
#6538=CARTESIAN_POINT('',(10.22,-0.22,6.5));
#6539=CARTESIAN_POINT('',(10.22,-0.22,6.5));
#6540=VECTOR('',#6541,1.);
#6541=DIRECTION('',(0.,1.,0.));
#6542=CARTESIAN_POINT('',(10.32,-0.32,6.12679491924311));
#6543=VECTOR('',#6544,1.);
#6544=DIRECTION('',(-0.250562807085731,0.250562807085731,0.93511312653103));
#6545=CARTESIAN_POINT('',(9.78,-0.22,6.5));
#6546=CARTESIAN_POINT('',(9.78,-0.22,6.5));
#6547=VECTOR('',#6548,1.);
#6548=DIRECTION('',(1.,-1.26161707343767E-016,0.));
#6549=CARTESIAN_POINT('',(9.68,-0.320000000000001,6.12679491924311));
#6550=VECTOR('',#6551,1.);
#6551=DIRECTION('',(0.25056280708573,0.250562807085731,0.93511312653103));
#6552=CARTESIAN_POINT('',(9.78,0.22,6.5));
#6553=VECTOR('',#6554,1.);
#6554=DIRECTION('',(0.,-1.,0.));
#6555=CARTESIAN_POINT('',(12.28,0.22,6.5));
#6556=CARTESIAN_POINT('',(12.18,0.32,6.12679491924311));
#6557=VECTOR('',#6558,1.);
#6558=DIRECTION('',(0.250562807085731,-0.250562807085731,0.93511312653103));
#6559=CARTESIAN_POINT('',(12.72,0.22,6.5));
#6560=CARTESIAN_POINT('',(12.72,0.22,6.5));
#6561=VECTOR('',#6562,1.);
#6562=DIRECTION('',(-1.,0.,0.));
#6563=CARTESIAN_POINT('',(12.82,0.320000000000001,6.12679491924311));
#6564=VECTOR('',#6565,1.);
#6565=DIRECTION('',(-0.25056280708573,-0.250562807085732,0.93511312653103));
#6566=CARTESIAN_POINT('',(12.72,-0.22,6.5));
#6567=CARTESIAN_POINT('',(12.72,-0.22,6.5));
#6568=VECTOR('',#6569,1.);
#6569=DIRECTION('',(0.,1.,0.));
#6570=CARTESIAN_POINT('',(12.82,-0.32,6.12679491924311));
#6571=VECTOR('',#6572,1.);
#6572=DIRECTION('',(-0.250562807085731,0.250562807085731,0.93511312653103));
#6573=CARTESIAN_POINT('',(12.28,-0.22,6.5));
#6574=CARTESIAN_POINT('',(12.28,-0.22,6.5));
#6575=VECTOR('',#6576,1.);
#6576=DIRECTION('',(1.,-1.26161707343767E-016,0.));
#6577=CARTESIAN_POINT('',(12.18,-0.320000000000001,6.12679491924311));
#6578=VECTOR('',#6579,1.);
#6579=DIRECTION('',(0.25056280708573,0.250562807085731,0.93511312653103));
#6580=CARTESIAN_POINT('',(12.28,0.22,6.5));
#6581=VECTOR('',#6582,1.);
#6582=DIRECTION('',(0.,-1.,0.));
#6583=CARTESIAN_POINT('',(14.78,0.22,6.5));
#6584=CARTESIAN_POINT('',(14.68,0.32,6.12679491924311));
#6585=VECTOR('',#6586,1.);
#6586=DIRECTION('',(0.250562807085731,-0.250562807085731,0.93511312653103));
#6587=CARTESIAN_POINT('',(15.22,0.22,6.5));
#6588=CARTESIAN_POINT('',(15.22,0.22,6.5));
#6589=VECTOR('',#6590,1.);
#6590=DIRECTION('',(-1.,0.,0.));
#6591=CARTESIAN_POINT('',(15.32,0.320000000000001,6.12679491924311));
#6592=VECTOR('',#6593,1.);
#6593=DIRECTION('',(-0.25056280708573,-0.250562807085732,0.93511312653103));
#6594=CARTESIAN_POINT('',(15.22,-0.22,6.5));
#6595=CARTESIAN_POINT('',(15.22,-0.22,6.5));
#6596=VECTOR('',#6597,1.);
#6597=DIRECTION('',(0.,1.,0.));
#6598=CARTESIAN_POINT('',(15.32,-0.32,6.12679491924311));
#6599=VECTOR('',#6600,1.);
#6600=DIRECTION('',(-0.250562807085731,0.250562807085731,0.93511312653103));
#6601=CARTESIAN_POINT('',(14.78,-0.22,6.5));
#6602=CARTESIAN_POINT('',(14.78,-0.22,6.5));
#6603=VECTOR('',#6604,1.);
#6604=DIRECTION('',(1.,-1.26161707343767E-016,0.));
#6605=CARTESIAN_POINT('',(14.68,-0.320000000000001,6.12679491924311));
#6606=VECTOR('',#6607,1.);
#6607=DIRECTION('',(0.25056280708573,0.250562807085731,0.93511312653103));
#6608=CARTESIAN_POINT('',(14.78,0.22,6.5));
#6609=VECTOR('',#6610,1.);
#6610=DIRECTION('',(0.,-1.,0.));
#6611=CARTESIAN_POINT('',(-0.22,0.22,6.5));
#6612=CARTESIAN_POINT('',(-0.32,0.32,6.12679491924311));
#6613=VECTOR('',#6614,1.);
#6614=DIRECTION('',(0.250562807085732,-0.250562807085733,0.935113126531029));
#6615=CARTESIAN_POINT('',(0.22,0.22,6.5));
#6616=CARTESIAN_POINT('',(0.22,0.22,6.5));
#6617=VECTOR('',#6618,1.);
#6618=DIRECTION('',(-1.,0.,0.));
#6619=CARTESIAN_POINT('',(0.32,0.320000000000001,6.12679491924311));
#6620=VECTOR('',#6621,1.);
#6621=DIRECTION('',(-0.25056280708573,-0.250562807085732,0.93511312653103));
#6622=CARTESIAN_POINT('',(0.22,-0.22,6.5));
#6623=CARTESIAN_POINT('',(0.22,-0.22,6.5));
#6624=VECTOR('',#6625,1.);
#6625=DIRECTION('',(0.,1.,0.));
#6626=CARTESIAN_POINT('',(0.32,-0.32,6.12679491924311));
#6627=VECTOR('',#6628,1.);
#6628=DIRECTION('',(-0.250562807085732,0.250562807085733,0.935113126531029));
#6629=CARTESIAN_POINT('',(-0.22,-0.22,6.5));
#6630=CARTESIAN_POINT('',(-0.22,-0.22,6.5));
#6631=VECTOR('',#6632,1.);
#6632=DIRECTION('',(1.,0.,0.));
#6633=CARTESIAN_POINT('',(-0.32,-0.320000000000001,6.12679491924311));
#6634=VECTOR('',#6635,1.);
#6635=DIRECTION('',(0.25056280708573,0.250562807085732,0.93511312653103));
#6636=CARTESIAN_POINT('',(-0.22,0.22,6.5));
#6637=VECTOR('',#6638,1.);
#6638=DIRECTION('',(-1.26161707343768E-016,-1.,0.));
#6639=CARTESIAN_POINT('',(0.22,0.22,-3.5));
#6640=CARTESIAN_POINT('',(0.32,0.32,-3.12679491924311));
#6641=VECTOR('',#6642,1.);
#6642=DIRECTION('',(-0.250562807085732,-0.250562807085732,-0.935113126531029));
#6643=CARTESIAN_POINT('',(-0.22,0.22,-3.5));
#6644=CARTESIAN_POINT('',(0.22,0.22,-3.5));
#6645=VECTOR('',#6646,1.);
#6646=DIRECTION('',(-1.,0.,0.));
#6647=CARTESIAN_POINT('',(-0.32,0.32,-3.12679491924311));
#6648=VECTOR('',#6649,1.);
#6649=DIRECTION('',(0.250562807085731,-0.250562807085732,-0.935113126531029));
#6650=CARTESIAN_POINT('',(-0.22,-0.22,-3.5));
#6651=CARTESIAN_POINT('',(-0.22,0.22,-3.5));
#6652=VECTOR('',#6653,1.);
#6653=DIRECTION('',(-1.26161707343768E-016,-1.,0.));
#6654=CARTESIAN_POINT('',(-0.32,-0.32,-3.12679491924311));
#6655=VECTOR('',#6656,1.);
#6656=DIRECTION('',(0.250562807085732,0.250562807085732,-0.935113126531029));
#6657=CARTESIAN_POINT('',(0.22,-0.22,-3.5));
#6658=CARTESIAN_POINT('',(-0.22,-0.22,-3.5));
#6659=VECTOR('',#6660,1.);
#6660=DIRECTION('',(1.,0.,0.));
#6661=CARTESIAN_POINT('',(0.32,-0.32,-3.12679491924311));
#6662=VECTOR('',#6663,1.);
#6663=DIRECTION('',(-0.250562807085731,0.250562807085732,-0.935113126531029));
#6664=CARTESIAN_POINT('',(0.22,-0.22,-3.5));
#6665=VECTOR('',#6666,1.);
#6666=DIRECTION('',(0.,1.,0.));
#6667=CARTESIAN_POINT('',(2.72,0.22,-3.5));
#6668=CARTESIAN_POINT('',(2.82,0.32,-3.12679491924311));
#6669=VECTOR('',#6670,1.);
#6670=DIRECTION('',(-0.250562807085732,-0.250562807085732,-0.935113126531029));
#6671=CARTESIAN_POINT('',(2.28,0.22,-3.5));
#6672=CARTESIAN_POINT('',(2.72,0.22,-3.5));
#6673=VECTOR('',#6674,1.);
#6674=DIRECTION('',(-1.,1.26161707343768E-016,0.));
#6675=CARTESIAN_POINT('',(2.18,0.32,-3.12679491924311));
#6676=VECTOR('',#6677,1.);
#6677=DIRECTION('',(0.250562807085733,-0.250562807085732,-0.935113126531029));
#6678=CARTESIAN_POINT('',(2.28,-0.22,-3.5));
#6679=CARTESIAN_POINT('',(2.28,0.22,-3.5));
#6680=VECTOR('',#6681,1.);
#6681=DIRECTION('',(0.,-1.,0.));
#6682=CARTESIAN_POINT('',(2.18,-0.32,-3.12679491924311));
#6683=VECTOR('',#6684,1.);
#6684=DIRECTION('',(0.250562807085732,0.250562807085732,-0.935113126531029));
#6685=CARTESIAN_POINT('',(2.72,-0.22,-3.5));
#6686=CARTESIAN_POINT('',(2.28,-0.22,-3.5));
#6687=VECTOR('',#6688,1.);
#6688=DIRECTION('',(1.,0.,0.));
#6689=CARTESIAN_POINT('',(2.82,-0.32,-3.12679491924311));
#6690=VECTOR('',#6691,1.);
#6691=DIRECTION('',(-0.250562807085731,0.250562807085732,-0.93511312653103));
#6692=CARTESIAN_POINT('',(2.72,-0.22,-3.5));
#6693=VECTOR('',#6694,1.);
#6694=DIRECTION('',(0.,1.,0.));
#6695=CARTESIAN_POINT('',(5.22,0.22,-3.5));
#6696=CARTESIAN_POINT('',(5.32,0.32,-3.12679491924311));
#6697=VECTOR('',#6698,1.);
#6698=DIRECTION('',(-0.250562807085731,-0.250562807085732,-0.93511312653103));
#6699=CARTESIAN_POINT('',(4.78,0.22,-3.5));
#6700=CARTESIAN_POINT('',(5.22,0.22,-3.5));
#6701=VECTOR('',#6702,1.);
#6702=DIRECTION('',(-1.,0.,0.));
#6703=CARTESIAN_POINT('',(4.68,0.32,-3.12679491924311));
#6704=VECTOR('',#6705,1.);
#6705=DIRECTION('',(0.250562807085731,-0.250562807085732,-0.93511312653103));
#6706=CARTESIAN_POINT('',(4.78,-0.22,-3.5));
#6707=CARTESIAN_POINT('',(4.78,0.22,-3.5));
#6708=VECTOR('',#6709,1.);
#6709=DIRECTION('',(0.,-1.,0.));
#6710=CARTESIAN_POINT('',(4.68,-0.32,-3.12679491924311));
#6711=VECTOR('',#6712,1.);
#6712=DIRECTION('',(0.250562807085731,0.250562807085732,-0.93511312653103));
#6713=CARTESIAN_POINT('',(5.22,-0.22,-3.5));
#6714=CARTESIAN_POINT('',(4.78,-0.22,-3.5));
#6715=VECTOR('',#6716,1.);
#6716=DIRECTION('',(1.,0.,0.));
#6717=CARTESIAN_POINT('',(5.32,-0.32,-3.12679491924311));
#6718=VECTOR('',#6719,1.);
#6719=DIRECTION('',(-0.250562807085731,0.250562807085732,-0.93511312653103));
#6720=CARTESIAN_POINT('',(5.22,-0.22,-3.5));
#6721=VECTOR('',#6722,1.);
#6722=DIRECTION('',(0.,1.,0.));
#6723=CARTESIAN_POINT('',(7.72,0.22,-3.5));
#6724=CARTESIAN_POINT('',(7.82,0.32,-3.12679491924311));
#6725=VECTOR('',#6726,1.);
#6726=DIRECTION('',(-0.250562807085731,-0.250562807085732,-0.93511312653103));
#6727=CARTESIAN_POINT('',(7.28,0.22,-3.5));
#6728=CARTESIAN_POINT('',(7.72,0.22,-3.5));
#6729=VECTOR('',#6730,1.);
#6730=DIRECTION('',(-1.,0.,0.));
#6731=CARTESIAN_POINT('',(7.18,0.32,-3.12679491924311));
#6732=VECTOR('',#6733,1.);
#6733=DIRECTION('',(0.250562807085733,-0.250562807085732,-0.935113126531029));
#6734=CARTESIAN_POINT('',(7.28,-0.22,-3.5));
#6735=CARTESIAN_POINT('',(7.28,0.22,-3.5));
#6736=VECTOR('',#6737,1.);
#6737=DIRECTION('',(0.,-1.,0.));
#6738=CARTESIAN_POINT('',(7.18,-0.32,-3.12679491924311));
#6739=VECTOR('',#6740,1.);
#6740=DIRECTION('',(0.250562807085731,0.250562807085732,-0.93511312653103));
#6741=CARTESIAN_POINT('',(7.72,-0.22,-3.5));
#6742=CARTESIAN_POINT('',(7.28,-0.22,-3.5));
#6743=VECTOR('',#6744,1.);
#6744=DIRECTION('',(1.,0.,0.));
#6745=CARTESIAN_POINT('',(7.82,-0.32,-3.12679491924311));
#6746=VECTOR('',#6747,1.);
#6747=DIRECTION('',(-0.250562807085731,0.250562807085732,-0.93511312653103));
#6748=CARTESIAN_POINT('',(7.72,-0.22,-3.5));
#6749=VECTOR('',#6750,1.);
#6750=DIRECTION('',(0.,1.,0.));
#6751=CARTESIAN_POINT('',(10.22,0.22,-3.5));
#6752=CARTESIAN_POINT('',(10.32,0.32,-3.12679491924311));
#6753=VECTOR('',#6754,1.);
#6754=DIRECTION('',(-0.250562807085731,-0.250562807085732,-0.93511312653103));
#6755=CARTESIAN_POINT('',(9.78,0.22,-3.5));
#6756=CARTESIAN_POINT('',(10.22,0.22,-3.5));
#6757=VECTOR('',#6758,1.);
#6758=DIRECTION('',(-1.,0.,0.));
#6759=CARTESIAN_POINT('',(9.68,0.32,-3.12679491924311));
#6760=VECTOR('',#6761,1.);
#6761=DIRECTION('',(0.250562807085731,-0.250562807085732,-0.93511312653103));
#6762=CARTESIAN_POINT('',(9.78,-0.22,-3.5));
#6763=CARTESIAN_POINT('',(9.78,0.22,-3.5));
#6764=VECTOR('',#6765,1.);
#6765=DIRECTION('',(0.,-1.,0.));
#6766=CARTESIAN_POINT('',(9.68,-0.32,-3.12679491924311));
#6767=VECTOR('',#6768,1.);
#6768=DIRECTION('',(0.250562807085731,0.250562807085731,-0.93511312653103));
#6769=CARTESIAN_POINT('',(10.22,-0.22,-3.5));
#6770=CARTESIAN_POINT('',(9.78,-0.22,-3.5));
#6771=VECTOR('',#6772,1.);
#6772=DIRECTION('',(1.,-1.26161707343767E-016,0.));
#6773=CARTESIAN_POINT('',(10.32,-0.32,-3.12679491924311));
#6774=VECTOR('',#6775,1.);
#6775=DIRECTION('',(-0.250562807085731,0.250562807085732,-0.93511312653103));
#6776=CARTESIAN_POINT('',(10.22,-0.22,-3.5));
#6777=VECTOR('',#6778,1.);
#6778=DIRECTION('',(0.,1.,0.));
#6779=CARTESIAN_POINT('',(12.72,0.22,-3.5));
#6780=CARTESIAN_POINT('',(12.82,0.32,-3.12679491924311));
#6781=VECTOR('',#6782,1.);
#6782=DIRECTION('',(-0.250562807085731,-0.250562807085732,-0.93511312653103));
#6783=CARTESIAN_POINT('',(12.28,0.22,-3.5));
#6784=CARTESIAN_POINT('',(12.72,0.22,-3.5));
#6785=VECTOR('',#6786,1.);
#6786=DIRECTION('',(-1.,0.,0.));
#6787=CARTESIAN_POINT('',(12.18,0.32,-3.12679491924311));
#6788=VECTOR('',#6789,1.);
#6789=DIRECTION('',(0.250562807085731,-0.250562807085732,-0.93511312653103));
#6790=CARTESIAN_POINT('',(12.28,-0.22,-3.5));
#6791=CARTESIAN_POINT('',(12.28,0.22,-3.5));
#6792=VECTOR('',#6793,1.);
#6793=DIRECTION('',(0.,-1.,0.));
#6794=CARTESIAN_POINT('',(12.18,-0.32,-3.12679491924311));
#6795=VECTOR('',#6796,1.);
#6796=DIRECTION('',(0.250562807085731,0.250562807085731,-0.93511312653103));
#6797=CARTESIAN_POINT('',(12.72,-0.22,-3.5));
#6798=CARTESIAN_POINT('',(12.28,-0.22,-3.5));
#6799=VECTOR('',#6800,1.);
#6800=DIRECTION('',(1.,-1.26161707343767E-016,0.));
#6801=CARTESIAN_POINT('',(12.82,-0.32,-3.12679491924311));
#6802=VECTOR('',#6803,1.);
#6803=DIRECTION('',(-0.250562807085731,0.250562807085732,-0.93511312653103));
#6804=CARTESIAN_POINT('',(12.72,-0.22,-3.5));
#6805=VECTOR('',#6806,1.);
#6806=DIRECTION('',(0.,1.,0.));
#6807=CARTESIAN_POINT('',(15.22,0.22,-3.5));
#6808=CARTESIAN_POINT('',(15.32,0.32,-3.12679491924311));
#6809=VECTOR('',#6810,1.);
#6810=DIRECTION('',(-0.250562807085731,-0.250562807085732,-0.93511312653103));
#6811=CARTESIAN_POINT('',(14.78,0.22,-3.5));
#6812=CARTESIAN_POINT('',(15.22,0.22,-3.5));
#6813=VECTOR('',#6814,1.);
#6814=DIRECTION('',(-1.,0.,0.));
#6815=CARTESIAN_POINT('',(14.68,0.32,-3.12679491924311));
#6816=VECTOR('',#6817,1.);
#6817=DIRECTION('',(0.250562807085731,-0.250562807085732,-0.93511312653103));
#6818=CARTESIAN_POINT('',(14.78,-0.22,-3.5));
#6819=CARTESIAN_POINT('',(14.78,0.22,-3.5));
#6820=VECTOR('',#6821,1.);
#6821=DIRECTION('',(0.,-1.,0.));
#6822=CARTESIAN_POINT('',(14.68,-0.32,-3.12679491924311));
#6823=VECTOR('',#6824,1.);
#6824=DIRECTION('',(0.250562807085731,0.250562807085731,-0.93511312653103));
#6825=CARTESIAN_POINT('',(15.22,-0.22,-3.5));
#6826=CARTESIAN_POINT('',(14.78,-0.22,-3.5));
#6827=VECTOR('',#6828,1.);
#6828=DIRECTION('',(1.,-1.26161707343767E-016,0.));
#6829=CARTESIAN_POINT('',(15.32,-0.32,-3.12679491924311));
#6830=VECTOR('',#6831,1.);
#6831=DIRECTION('',(-0.250562807085731,0.250562807085732,-0.93511312653103));
#6832=CARTESIAN_POINT('',(15.22,-0.22,-3.5));
#6833=VECTOR('',#6834,1.);
#6834=DIRECTION('',(0.,1.,0.));
ENDSEC;
END-ISO-10303-21;
